ts,open,high,low,close,volume,close_time,quote_asset_volume,num_trades,taker_buy_base,taker_buy_quote,ignore
2025-07-17 08:00:00,0.00166,0.00166,0.00164845,0.00164845,15988.00,1752753599999,26.37133450,2,14610.00,24.08385450,0
2025-07-17 12:00:00,0.00163227,0.00165767,0.00160652,0.00161024,1260661.00,1752767999999,2064.53034350,26,810009.00,1331.24331441,0
2025-07-17 16:00:00,0.00162281,0.00162281,0.00156794,0.00160003,858923.00,1752782399999,1357.67129749,11,373623.00,589.60168976,0
2025-07-17 20:00:00,0.00164169,0.00165665,0.00162396,0.00162396,1043795.00,1752796799999,1716.45217536,10,860215.00,1417.45071812,0
2025-07-18 00:00:00,0.00161964,0.00165794,0.00160003,0.00164336,975417.00,1752811199999,1593.60113276,22,565482.00,923.20040775,0
2025-07-18 04:00:00,0.00164223,0.00168098,0.00162992,0.00162992,697446.00,1752825599999,1162.99856217,17,695747.00,1160.18632640,0
2025-07-18 08:00:00,0.0016256,0.00163893,0.00156615,0.00156615,954641.00,1752839999999,1545.11599908,15,878186.00,1424.13668637,0
2025-07-18 12:00:00,0.00157224,0.00160602,0.00150583,0.00152054,322413.00,1752854399999,499.83718075,14,93431.00,148.10770415,0
2025-07-18 16:00:00,0.00152945,0.00157051,0.00151951,0.00156326,372343.00,1752868799999,574.44436231,16,269524.00,415.90627553,0
2025-07-18 20:00:00,0.00155242,0.00155855,0.00150178,0.00151505,676954.00,1752883199999,1042.30900881,13,244595.00,376.01916911,0
2025-07-19 00:00:00,0.0015339,0.00154333,0.0015,0.00154194,573771.00,1752897599999,876.12683887,20,453882.00,695.35948109,0
2025-07-19 04:00:00,0.00155107,0.00155107,0.00153668,0.00153727,166871.00,1752911999999,258.73389288,9,9381.00,14.55058767,0
2025-07-19 08:00:00,0.00153727,0.00154801,0.0015232,0.0015232,194002.00,1752926399999,298.05478942,5,21964.00,34.00049164,0
2025-07-19 12:00:00,0.00151278,0.00155822,0.00151278,0.00153408,165418.00,1752940799999,254.60182293,7,38692.00,60.14981055,0
2025-07-19 16:00:00,0.001534,0.00159987,0.00152428,0.00157098,123600.00,1752955199999,191.77587277,11,79302.00,123.56873752,0
2025-07-19 20:00:00,0.00159357,0.00160996,0.00156459,0.00159669,583178.00,1752969599999,933.10503677,13,314756.00,503.58249210,0
2025-07-20 00:00:00,0.00161362,0.00164511,0.00158257,0.00163447,359756.00,1752983999999,582.40857707,15,199093.00,323.13665871,0
2025-07-20 04:00:00,0.00162016,0.00164333,0.00162016,0.00162045,121448.00,1752998399999,197.89116868,6,82095.00,134.12159983,0
2025-07-20 08:00:00,0.00164908,0.00164908,0.00160644,0.00161527,61833.00,1753012799999,100.52347510,5,23651.00,38.86935953,0
2025-07-20 12:00:00,0.00165657,0.00165791,0.00162513,0.00163491,1091751.00,1753027199999,1805.00397733,7,129322.00,213.56693670,0
2025-07-20 16:00:00,0.00168946,0.0017077,0.00163307,0.00167445,428171.00,1753041599999,710.28070388,18,292009.00,484.51644203,0
2025-07-20 20:00:00,0.00166753,0.00166753,0.00158,0.00163336,48116.00,1753055999999,77.49527728,6,47396.00,76.35016048,0
2025-07-21 00:00:00,0.00159686,0.00165405,0.00157261,0.00164002,1501216.00,1753070399999,2451.64981938,16,626643.00,1022.77790963,0
2025-07-21 04:00:00,0.00166574,0.00166753,0.00162647,0.00166246,866219.00,1753084799999,1430.52719233,22,759597.00,1255.16144924,0
2025-07-21 08:00:00,0.00166753,0.00166771,0.0016206,0.00165075,63070.00,1753099199999,103.14125731,6,27979.00,46.27278271,0
2025-07-21 12:00:00,0.00164283,0.00169474,0.00161758,0.00165784,265104.00,1753113599999,438.44687745,10,121399.00,200.89714695,0
2025-07-21 16:00:00,0.00163875,0.00163875,0.001588,0.001588,1339120.00,1753127999999,2163.43144581,15,713337.00,1152.27631269,0
2025-07-21 20:00:00,0.00155191,0.00158911,0.00155191,0.0015772,301438.00,1753142399999,470.31857094,4,54153.00,85.94967095,0
2025-07-22 00:00:00,0.00159707,0.00160159,0.00153999,0.00154927,1942792.00,1753156799999,3015.03871494,22,175373.00,274.25713208,0
2025-07-22 04:00:00,0.00153124,0.00155564,0.0015143,0.00154561,66856.00,1753171199999,102.31082170,13,20859.00,32.01296807,0
2025-07-22 08:00:00,0.00151889,0.00151889,0.0014993,0.00150754,49051.00,1753185599999,73.61000994,3,6421.00,9.69485094,0
2025-07-22 12:00:00,0.00150219,0.00156139,0.00149054,0.00155125,626860.00,1753199999999,946.61127786,20,393904.00,597.81389733,0
2025-07-22 16:00:00,0.00155125,0.00156058,0.00151407,0.00151407,430047.00,1753214399999,664.16963483,11,114282.00,176.88943626,0
2025-07-22 20:00:00,0.00151407,0.0016206,0.00151407,0.0016206,280878.00,1753228799999,441.31800196,20,171614.00,268.52953559,0
2025-07-23 00:00:00,0.0016206,0.00169,0.00159849,0.00169,2578533.00,1753243199999,4247.26944203,39,2240969.00,3703.11817047,0
2025-07-23 04:00:00,0.00167293,0.0017747,0.00166792,0.00168526,1099521.00,1753257599999,1872.94522081,27,897679.00,1533.21170801,0
2025-07-23 08:00:00,0.0016425,0.00175,0.00157,0.00160982,320985.00,1753271999999,515.83970274,11,184202.00,298.16979161,0
2025-07-23 12:00:00,0.00161845,0.00162597,0.00155503,0.00158656,937214.00,1753286399999,1468.40859670,13,256104.00,404.60366329,0
2025-07-23 16:00:00,0.00161489,0.00161489,0.00152363,0.00155903,210571.00,1753300799999,328.50645454,13,103638.00,162.34161015,0
2025-07-23 20:00:00,0.00152363,0.00155425,0.00149542,0.00155245,926837.00,1753315199999,1397.79256623,13,219512.00,339.80372378,0
2025-07-24 00:00:00,0.00152412,0.00155336,0.00152412,0.00152469,386917.00,1753329599999,596.62924330,13,378961.00,584.47511605,0
2025-07-24 04:00:00,0.00150797,0.00152843,0.00138168,0.00138168,124570.00,1753343999999,187.00253845,9,4086.00,6.05546444,0
2025-07-24 08:00:00,0.00142509,0.00145088,0.00133333,0.00134,145157.00,1753358399999,202.69841020,4,87401.00,124.73978560,0
2025-07-24 12:00:00,0.00147747,0.00160463,0.00144925,0.00155187,110888.00,1753372799999,172.31158704,7,23298.00,36.86178162,0
2025-07-24 16:00:00,0.00151507,0.00154077,0.00151286,0.0015185,7037573.00,1753387199999,10691.59219278,22,7031850.00,10682.93174470,0
2025-07-24 20:00:00,0.00151055,0.00175,0.00148061,0.00148061,2037613.00,1753401599999,3108.37554593,14,2030611.00,3097.98835901,0
2025-07-25 00:00:00,0.00145554,0.00145554,0.00140974,0.00141698,169214.00,1753415999999,241.72442623,11,89350.00,128.39477161,0
2025-07-25 04:00:00,0.00139447,0.00144455,0.00137543,0.00142495,420534.00,1753430399999,586.25567253,12,60332.00,85.78496684,0
2025-07-25 08:00:00,0.00145129,0.0015169,0.00145129,0.0015169,128828.00,1753444799999,189.77151597,5,23942.00,35.52437285,0
2025-07-25 12:00:00,0.00152741,0.00152741,0.00143243,0.00143243,237618.00,1753459199999,355.68966244,10,167436.00,251.12527186,0
2025-07-25 16:00:00,0.0014427,0.00145311,0.00142045,0.00142212,13350.00,1753473599999,19.23951890,6,11043.00,15.96088244,0
2025-07-25 20:00:00,0.00152111,0.00153226,0.00150067,0.00153226,58875.00,1753487999999,89.94799713,7,57626.00,88.07366030,0
2025-07-26 00:00:00,0.00152456,0.0015509,0.00150593,0.0015509,122940.00,1753502399999,188.54766301,5,102878.00,158.33569535,0
2025-07-26 04:00:00,0.00154732,0.00175313,0.00151341,0.00151341,450341.00,1753516799999,758.17174081,28,447585.00,753.98622853,0
2025-07-26 08:00:00,0.00153236,0.00155632,0.00152324,0.00154813,148364.00,1753531199999,226.14727086,6,6333.00,9.78049582,0
2025-07-26 12:00:00,0.00155475,0.00175313,0.00152843,0.00153511,276996.00,1753545599999,435.58297229,12,141977.00,228.53856656,0
2025-07-26 16:00:00,0.00155329,0.00158772,0.00152632,0.00156365,9215800.00,1753559999999,14118.08093952,29,8278140.00,12680.02606628,0
2025-07-26 20:00:00,0.0015524,0.00156832,0.00152642,0.00154877,113759.00,1753574399999,177.26642204,14,15799.00,24.65185447,0
2025-07-27 00:00:00,0.00142212,0.00158025,0.00142,0.00155883,208228.00,1753588799999,321.89218947,15,119062.00,186.08332363,0
2025-07-27 04:00:00,0.00157026,0.00157026,0.00157026,0.00157026,3179.00,1753603199999,4.99185654,1,3179.00,4.99185654,0
2025-07-27 08:00:00,0.00155612,0.00160071,0.00153389,0.001578,334269.00,1753617599999,526.51256098,13,38232.00,60.37374695,0
2025-07-27 12:00:00,0.0015975,0.00159911,0.00156122,0.00159102,214057.00,1753631999999,338.21517338,9,87320.00,138.94271134,0
2025-07-27 16:00:00,0.00163659,0.00164375,0.00158,0.00162747,813914.00,1753646399999,1315.88468548,18,460700.00,753.45909378,0
2025-07-27 20:00:00,0.00160062,0.00170008,0.00159782,0.00165923,218195.00,1753660799999,360.28865658,13,104990.00,177.62412239,0
2025-07-28 00:00:00,0.00169,0.00171938,0.00165843,0.00171825,1386519.00,1753675199999,2358.10764365,36,1211654.00,2064.21993979,0
2025-07-28 04:00:00,0.00169768,0.00174818,0.00168358,0.00168358,604406.00,1753689599999,1040.88813717,23,190302.00,329.90171136,0
2025-07-28 08:00:00,0.00168293,0.00170141,0.00162753,0.00162753,1570775.00,1753703999999,2657.64760286,10,623668.00,1055.83251684,0
2025-07-28 12:00:00,0.0016232,0.0016232,0.001548,0.00158157,400302.00,1753718399999,629.28132753,10,336778.00,530.14872513,0
2025-07-28 16:00:00,0.00155087,0.00155732,0.00150992,0.0015204,208718.00,1753732799999,319.94452132,8,162538.00,249.78672347,0
2025-07-28 20:00:00,0.001517,0.001517,0.00148927,0.00150927,158667.00,1753747199999,238.85999384,5,12738.00,19.01234684,0
2025-07-29 00:00:00,0.00143,0.00149623,0.00142,0.00147197,961916.00,1753761599999,1418.29116250,11,924068.00,1363.57253703,0
2025-07-29 04:00:00,0.00149231,0.00150236,0.00147075,0.00150063,173942.00,1753775999999,259.51104772,8,15913.00,23.74271033,0
2025-07-29 08:00:00,0.00155753,0.00155753,0.00147072,0.00147532,1740146.00,1753790399999,2636.52258125,12,38548.00,59.24012773,0
2025-07-29 12:00:00,0.00151546,0.00151546,0.00140624,0.00140624,4692844.00,1753804799999,6621.75346858,8,3915609.00,5521.70398778,0
2025-07-29 16:00:00,0.0014,0.00143306,0.00138,0.00143093,409309.00,1753819199999,574.80329982,11,107219.00,151.93208602,0
2025-07-29 20:00:00,0.001405,0.00143382,0.001405,0.00143382,502180.00,1753833599999,716.90621532,8,3046.00,4.34806392,0
2025-07-30 00:00:00,0.00142943,0.00143648,0.00141738,0.00143146,1105744.00,1753847999999,1570.73608412,8,3498.00,5.00014614,0
2025-07-30 04:00:00,0.00143687,0.00143687,0.00142071,0.00142071,55096.00,1753862399999,78.80435812,4,28399.00,40.72162156,0
2025-07-30 08:00:00,0.00142621,0.00142621,0.00139724,0.00139724,122608.00,1753876799999,172.34214893,4,31011.00,43.97800515,0
2025-07-30 12:00:00,0.00138001,0.00138911,0.00135,0.00138911,322135.00,1753891199999,443.36611829,13,233760.00,321.38947194,0
2025-07-30 16:00:00,0.00137443,0.00139789,0.0013,0.00139538,1033182.00,1753905599999,1383.31541077,14,67570.00,92.04449728,0
2025-07-30 20:00:00,0.00139336,0.00139414,0.0013762,0.00139414,856143.00,1753919999999,1188.40881240,8,694767.00,966.19867320,0
2025-07-31 00:00:00,0.00145169,0.00146287,0.0014492,0.0014492,155388.00,1753934399999,226.33621242,3,155388.00,226.33621242,0
2025-07-31 04:00:00,0.00149837,0.00149837,0.00149837,0.00149837,1334.00,1753948799999,1.99882558,1,1334.00,1.99882558,0
2025-07-31 08:00:00,0.001516,0.001516,0.001516,0.001516,57106.00,1753963199999,86.57269600,1,57106.00,86.57269600,0
2025-07-31 12:00:00,0.00175313,0.00175313,0.00139326,0.00141646,135729.00,1753977599999,191.33680125,8,110934.00,156.79091955,0
2025-07-31 16:00:00,0.00141434,0.00141832,0.00136774,0.00137841,377836.00,1753991999999,525.17719236,8,359870.00,500.56709953,0
2025-07-31 20:00:00,0.00135111,0.00135262,0.00127344,0.00129596,388163.00,1754006399999,515.28831049,38,65393.00,86.33803268,0
2025-08-01 00:00:00,0.00128446,0.00131706,0.00124557,0.00131706,347412.00,1754020799999,438.37278233,24,158613.00,199.30486894,0
2025-08-01 04:00:00,0.00129466,0.00129467,0.00126763,0.00126763,13881.00,1754035199999,17.86596986,5,12401.00,15.98987746,0
2025-08-01 08:00:00,0.00125804,0.0012671,0.001225,0.001225,42052.00,1754049599999,52.38249217,6,0.00,0.00000000,0
2025-08-01 12:00:00,0.00127393,0.00127614,0.001225,0.00127614,451688.00,1754063999999,559.26217893,6,105789.00,131.73081817,0
2025-08-01 16:00:00,0.00126585,0.00127982,0.00124594,0.00125107,57967.00,1754078399999,73.19977121,9,45397.00,57.50311208,0
2025-08-01 20:00:00,0.00125942,0.00127495,0.00121,0.00121,334301.00,1754092799999,407.03111619,4,43882.00,55.62412619,0
2025-08-02 00:00:00,0.00126469,0.00126469,0.0012472,0.0012475,20291.00,1754107199999,25.38541604,3,4296.00,5.43310824,0
2025-08-02 04:00:00,0.00126472,0.00126472,0.00124693,0.0012625,61655.00,1754121599999,77.35530667,6,29815.00,37.64696790,0
2025-08-02 08:00:00,0.00123031,0.0012366,0.00120304,0.00121871,88198.00,1754135999999,107.83158928,6,22700.00,28.01999031,0
2025-08-02 12:00:00,0.0012,0.0012,0.00118456,0.00118456,478847.00,1754150399999,573.96514080,3,42180.00,49.96474080,0
2025-08-02 16:00:00,0.00118571,0.00118571,0.00113055,0.0011478,44867.00,1754164799999,51.87972240,5,43163.00,49.94600616,0
2025-08-02 20:00:00,0.00115745,0.00118417,0.00114885,0.00118417,71509.00,1754179199999,82.95386350,6,41464.00,48.34516525,0
2025-08-03 00:00:00,0.00118832,0.00119309,0.00117688,0.00118757,90367.00,1754193599999,107.07054081,7,46100.00,54.93499357,0
2025-08-03 04:00:00,0.00117783,0.00117783,0.00117424,0.00117649,9794.00,1754207999999,11.51042437,3,0.00,0.00000000,0
2025-08-03 08:00:00,0.00117381,0.00119902,0.00117381,0.0011823,12397.00,1754222399999,14.60699204,3,1667.00,1.99876634,0
2025-08-03 12:00:00,0.00121107,0.00121107,0.00117601,0.00119289,185784.00,1754236799999,220.82749662,5,107447.00,128.65800125,0
2025-08-03 16:00:00,0.00116973,0.00119119,0.00116973,0.00119119,43338.00,1754251199999,51.59014294,2,41770.00,49.75600630,0
2025-08-03 20:00:00,0.00119633,0.00120692,0.0011783,0.00119608,1129691.00,1754265599999,1338.35490978,11,183910.00,218.45978166,0
2025-08-04 00:00:00,0.0012091,0.00121946,0.00119003,0.00121946,94499.00,1754279999999,114.99740451,5,87303.00,106.41708809,0
2025-08-04 04:00:00,0.00119854,0.00120768,0.00118535,0.00120768,13169.00,1754294399999,15.83721311,4,11587.00,13.96198941,0
2025-08-04 08:00:00,0.00122589,0.00122589,0.00119192,0.0012059,57316.00,1754308799999,69.17409257,5,36118.00,43.88444770,0
2025-08-04 12:00:00,0.0012183,0.00125239,0.0012183,0.00125239,21013.00,1754323199999,26.24484798,2,21013.00,26.24484798,0
2025-08-04 16:00:00,0.00129349,0.00129349,0.00128664,0.00128664,19650.00,1754337599999,25.38126624,3,1554.00,1.99943856,0
2025-08-04 20:00:00,0.00127558,0.00129233,0.00126857,0.00127667,18560.00,1754351999999,23.72853835,4,7070.00,9.11049235,0
2025-08-05 00:00:00,0.00127999,0.00127999,0.00126055,0.00126707,25060.00,1754366399999,31.99040974,5,4738.00,5.99499118,0
2025-08-05 04:00:00,0.00124814,0.00126064,0.00124814,0.00126064,70828.00,1754380799999,88.45025992,2,70828.00,88.45025992,0
2025-08-05 08:00:00,0.00124853,0.00124853,0.00124853,0.00124853,22953.00,1754395199999,28.65750909,1,0.00,0.00000000,0
2025-08-05 12:00:00,0.00124727,0.00124727,0.00117395,0.00117395,140838.00,1754409599999,172.85403383,10,84764.00,104.01534808,0
2025-08-05 16:00:00,0.00119095,0.00119913,0.00119043,0.00119913,340838.00,1754423999999,406.76946519,6,262053.00,312.73326489,0
2025-08-05 20:00:00,0.00117798,0.00117798,0.00117798,0.00117798,3394.00,1754438399999,3.99806412,1,3394.00,3.99806412,0
2025-08-06 00:00:00,0.00120828,0.00120828,0.00117724,0.00118901,163817.00,1754452799999,196.66173348,7,92834.00,111.85913584,0
2025-08-06 04:00:00,0.0011708,0.00123949,0.0011708,0.00122137,89291.00,1754467199999,104.83134307,4,1838.00,2.27818262,0
2025-08-06 08:00:00,0.0012359,0.00123824,0.0012298,0.0012298,36091.00,1754481599999,44.60017074,3,32345.00,39.97518550,0
2025-08-06 12:00:00,0.00122393,0.00127453,0.0012156,0.00126404,228642.00,1754495999999,284.12018412,11,188041.00,234.54467086,0
2025-08-06 16:00:00,0.00125671,0.00126182,0.00123882,0.00123909,207485.00,1754510399999,259.07576963,11,69957.00,87.83672069,0
2025-08-06 20:00:00,0.00124531,0.00125274,0.00122574,0.00124318,99598.00,1754524799999,123.90653376,10,91163.00,113.54436546,0
2025-08-07 00:00:00,0.00121678,0.00124084,0.00121449,0.00121822,96680.00,1754539199999,118.68827444,8,22952.00,28.14399122,0
2025-08-07 04:00:00,0.00121768,0.00123519,0.00121235,0.00121235,48155.00,1754553599999,58.69434720,12,18219.00,22.34555439,0
2025-08-07 08:00:00,0.00122739,0.00122739,0.00122106,0.00122673,23335.00,1754567999999,28.53275199,3,0.00,0.00000000,0
2025-08-07 12:00:00,0.00129206,0.00129206,0.0012501,0.0012501,55161.00,1754582399999,69.78737619,4,55161.00,69.78737619,0
2025-08-07 16:00:00,0.00124179,0.00124953,0.00119988,0.00122387,201266.00,1754596799999,245.76183324,12,75801.00,93.11865660,0
2025-08-07 20:00:00,0.00126413,0.00129052,0.00126413,0.00126729,119486.00,1754611199999,151.88770909,7,24580.00,31.63083763,0
2025-08-08 00:00:00,0.00129341,0.00130167,0.00127243,0.00130167,246509.00,1754625599999,317.62239171,9,155036.00,200.58946232,0
2025-08-08 04:00:00,0.00130511,0.00130826,0.00128221,0.00129085,145609.00,1754639999999,189.16204198,7,77353.00,101.13398782,0
2025-08-08 08:00:00,0.00128049,0.00132391,0.00128049,0.00130697,99871.00,1754654399999,130.42474466,6,37830.00,50.02242993,0
2025-08-08 12:00:00,0.00129625,0.0013685,0.00129613,0.00131188,375643.00,1754668799999,494.34626351,13,186764.00,248.43169968,0
2025-08-08 16:00:00,0.00130712,0.00141742,0.00130712,0.00139363,157807.00,1754683199999,218.94895985,5,113789.00,159.07162364,0
2025-08-08 20:00:00,0.00137839,0.00139102,0.00136187,0.0013701,178167.00,1754697599999,244.66838108,8,72732.00,100.44956669,0
2025-08-09 00:00:00,0.00134867,0.00136825,0.00133895,0.00133895,110079.00,1754711999999,148.55351555,7,48554.00,65.67582700,0
2025-08-09 04:00:00,0.00133361,0.0014621,0.00133361,0.00143802,215640.00,1754726399999,300.97323527,11,127500.00,180.41877412,0
2025-08-09 08:00:00,0.00145167,0.00147853,0.00145167,0.00147853,15833.00,1754740799999,23.29798905,2,0.00,0.00000000,0
2025-08-09 12:00:00,0.00147296,0.00150187,0.00146304,0.00146304,1699582.00,1754755199999,2507.16580651,6,40609.00,60.88142155,0
2025-08-09 16:00:00,0.00151066,0.00157205,0.00145648,0.00157205,1152511.00,1754769599999,1705.61530684,29,1148442.00,1699.65726584,0
2025-08-09 20:00:00,0.00157689,0.00157689,0.00157689,0.00157689,1267.00,1754783999999,1.99791963,1,1267.00,1.99791963,0
2025-08-10 00:00:00,0.00157689,0.00159585,0.00153741,0.00153741,4615982.00,1754798399999,7108.17053514,61,230355.00,365.63129931,0
2025-08-10 04:00:00,0.0017999,0.0017999,0.00153741,0.00153741,98363.00,1754812799999,156.79328881,14,42796.00,71.35191030,0
2025-08-10 08:00:00,0.00153741,0.00153741,0.00153741,0.00153741,0.00,1754827199999,0.00000000,0,0.00,0.00000000,0
2025-08-10 12:00:00,0.00149,0.00149,0.00149,0.00149,66041.00,1754841599999,98.40109000,3,0.00,0.00000000,0
2025-08-10 16:00:00,0.00149,0.00149,0.00149,0.00149,27580.00,1754855999999,41.09420000,2,0.00,0.00000000,0
2025-08-10 20:00:00,0.00149164,0.00149164,0.00149164,0.00149164,2893.00,1754870399999,4.31531452,1,0.00,0.00000000,0
2025-08-11 00:00:00,0.00149164,0.0017,0.0014,0.00169,87560.00,1754884799999,133.05508323,12,19156.00,31.05290858,0
2025-08-11 04:00:00,0.00165,0.00169,0.00148653,0.00148653,14468.00,1754899199999,23.39125993,5,10907.00,18.05251000,0
2025-08-11 08:00:00,0.001487,0.001487,0.00144515,0.00145801,171751.00,1754913599999,249.74035932,10,13571.00,19.78506567,0
2025-08-11 12:00:00,0.00145801,0.00145801,0.00143328,0.00143328,93839.00,1754927999999,136.68105122,5,0.00,0.00000000,0
2025-08-11 16:00:00,0.00145316,0.00145316,0.0014,0.0014,18304.00,1754942399999,26.22305612,5,8207.00,11.92608412,0
2025-08-11 20:00:00,0.0014,0.0014,0.0014,0.0014,0.00,1754956799999,0.00000000,0,0.00,0.00000000,0
2025-08-12 00:00:00,0.0014,0.0014,0.0014,0.0014,0.00,1754971199999,0.00000000,0,0.00,0.00000000,0
2025-08-12 04:00:00,0.00169,0.00169,0.00139139,0.001392,38566.00,1754985599999,57.97234832,7,14328.00,24.21432000,0
2025-08-12 08:00:00,0.001392,0.001392,0.001392,0.001392,0.00,1754999999999,0.00000000,0,0.00,0.00000000,0
2025-08-12 12:00:00,0.00143019,0.00143019,0.00143019,0.00143019,8191.00,1755014399999,11.71468629,1,0.00,0.00000000,0
2025-08-12 16:00:00,0.00145933,0.00168,0.001392,0.001392,225836.00,1755028799999,340.22235808,13,129412.00,203.47538613,0
2025-08-12 20:00:00,0.00137,0.002,0.00137,0.001401,2388780.00,1755043199999,3634.82728015,48,988632.00,1671.44222158,0
2025-08-13 00:00:00,0.00139,0.0018,0.00136406,0.0018,193217.00,1755057599999,271.63295428,18,68059.00,100.56201660,0
2025-08-13 04:00:00,0.00178,0.00178,0.0014,0.0014,21873.00,1755071999999,32.27556920,5,4513.00,7.97156920,0
2025-08-13 08:00:00,0.0014,0.00141882,0.00139521,0.00140776,49955.00,1755086399999,69.93671979,6,10460.00,14.77471372,0
2025-08-13 12:00:00,0.00141589,0.00143253,0.001344,0.001344,168200.00,1755100799999,231.82108680,12,35488.00,50.56637714,0
2025-08-13 16:00:00,0.00136556,0.00136789,0.00136086,0.00136789,35867.00,1755115199999,48.89190304,4,18814.00,25.60471040,0
2025-08-13 20:00:00,0.00139118,0.0017578,0.00139118,0.0014455,162050.00,1755129599999,236.74201254,16,84812.00,128.09356134,0
2025-08-14 00:00:00,0.0014517,0.00146613,0.0014517,0.00145295,67540.00,1755143999999,98.30285618,7,43711.00,63.68051063,0
2025-08-14 04:00:00,0.00145295,0.00145295,0.00145295,0.00145295,0.00,1755158399999,0.00000000,0,0.00,0.00000000,0
2025-08-14 08:00:00,0.00145295,0.00145295,0.00135182,0.00136521,205116.00,1755172799999,291.76127578,8,39119.00,53.88668154,0
2025-08-14 12:00:00,0.00136612,0.00136612,0.001244,0.001303,605098.00,1755187199999,754.81467436,10,29570.00,38.11727536,0
2025-08-14 16:00:00,0.0012678,0.0012678,0.00122043,0.00122781,270191.00,1755201599999,334.60922285,20,172729.00,214.89951074,0
2025-08-14 20:00:00,0.00122193,0.00124266,0.00120397,0.00124266,28408.00,1755215999999,34.86563767,10,7097.00,8.67192494,0
2025-08-15 00:00:00,0.001243,0.00127104,0.00124266,0.00124903,564745.00,1755230399999,715.87147648,15,500121.00,635.28590143,0
2025-08-15 04:00:00,0.00124977,0.00128118,0.00124293,0.00126579,250467.00,1755244799999,316.84139472,11,114274.00,144.80513555,0
2025-08-15 08:00:00,0.00123714,0.00125344,0.00123635,0.00123635,16852.00,1755259199999,20.87103587,4,1593.00,1.99672992,0
2025-08-15 12:00:00,0.00121835,0.00123374,0.001209,0.001209,24734.00,1755273599999,30.14476210,7,3241.00,3.99855134,0
2025-08-15 16:00:00,0.00114898,0.00117141,0.00114898,0.00115,87742.00,1755287999999,101.65699646,7,69582.00,80.76269329,0
2025-08-15 20:00:00,0.00115579,0.00117955,0.00115579,0.00117955,246742.00,1755302399999,288.27818067,7,151979.00,178.34661730,0
2025-08-16 00:00:00,0.00116607,0.00117249,0.00116159,0.00116623,4477830.00,1755316799999,5234.38721297,16,4464733.00,5219.09312630,0
2025-08-16 04:00:00,0.00118275,0.00118275,0.00116074,0.00117651,43910.00,1755331199999,51.45336681,9,29688.00,34.93324488,0
2025-08-16 08:00:00,0.00117468,0.00117468,0.00115,0.00116561,80669.00,1755345599999,93.38237696,4,15081.00,17.57856441,0
2025-08-16 12:00:00,0.00116981,0.00118992,0.00116981,0.00118992,10560.00,1755359999999,12.42076320,2,10560.00,12.42076320,0
2025-08-16 16:00:00,0.00116939,0.00118742,0.00116939,0.00118737,90915.00,1755374399999,107.19027127,11,49017.00,58.16527184,0
2025-08-16 20:00:00,0.00117468,0.00118527,0.00117012,0.00118065,112592.00,1755388799999,132.90296189,5,102566.00,121.16363237,0
2025-08-17 00:00:00,0.00127,0.00127,0.0011697,0.00117659,163204.00,1755403199999,194.42518064,11,92986.00,111.88591192,0
2025-08-17 04:00:00,0.00119741,0.00120455,0.00117969,0.00119441,121551.00,1755417599999,145.90333853,8,112828.00,135.60922256,0
2025-08-17 08:00:00,0.00120175,0.00120175,0.00120175,0.00120175,30204.00,1755431999999,36.29765700,1,0.00,0.00000000,0
2025-08-17 12:00:00,0.00120486,0.00121861,0.00120006,0.00120631,602983.00,1755446399999,730.48774572,7,71564.00,87.02425140,0
2025-08-17 16:00:00,0.00119925,0.00120056,0.0011797,0.0011797,747170.00,1755460799999,895.87096991,14,731029.00,876.53372173,0
2025-08-17 20:00:00,0.001157,0.0011872,0.00115063,0.00117223,94154.00,1755475199999,108.93086211,11,15463.00,18.14852624,0
2025-08-18 00:00:00,0.00118515,0.00118515,0.00113186,0.00113186,212629.00,1755489599999,244.29175213,6,162629.00,186.79175213,0
2025-08-18 04:00:00,0.00112583,0.00113933,0.00109653,0.00111102,253583.00,1755503999999,281.91763716,8,21483.00,23.95936366,0
2025-08-18 08:00:00,0.00109,0.0011126,0.00109,0.0011126,190134.00,1755518399999,207.39630480,2,0.00,0.00000000,0
2025-08-18 12:00:00,0.00113478,0.00113478,0.00110621,0.00111839,130679.00,1755532799999,145.82156628,8,117157.00,130.81067343,0
2025-08-18 16:00:00,0.00112211,0.00114327,0.00112154,0.00112857,134793.00,1755547199999,151.28127149,5,3802.00,4.30704980,0
2025-08-18 20:00:00,0.00112592,0.00112592,0.00110132,0.00110132,162543.00,1755561599999,181.80633768,11,119989.00,134.50341996,0
2025-08-19 00:00:00,0.00111021,0.00111021,0.00108461,0.00108461,56883.00,1755575999999,62.24340035,4,12305.00,13.63509274,0
2025-08-19 04:00:00,0.00107834,0.00108667,0.001067,0.00108469,88734.00,1755590399999,95.47552891,5,54523.00,58.94190679,0
2025-08-19 08:00:00,0.00107014,0.00108675,0.00107014,0.00108675,14727.00,1755604799999,15.98762505,2,0.00,0.00000000,0
2025-08-19 12:00:00,0.00110659,0.00110659,0.00107176,0.00107176,53593.00,1755619199999,59.18783815,3,51693.00,57.15149415,0
2025-08-19 16:00:00,0.00107217,0.00107217,0.00103708,0.00103708,260291.00,1755633599999,276.47710887,17,115946.00,124.08323717,0
2025-08-19 20:00:00,0.00105159,0.00105618,0.00102456,0.00102456,278730.00,1755647999999,292.88682384,6,208927.00,219.93239212,0
2025-08-20 00:00:00,0.00104149,0.00104149,0.00102805,0.00102805,185430.00,1755662399999,191.61362017,6,101246.00,105.05775797,0
2025-08-20 04:00:00,0.00106082,0.00106109,0.00105881,0.00105888,26444.00,1755676799999,28.04767301,5,26444.00,28.04767301,0
2025-08-20 08:00:00,0.00106372,0.00107048,0.00106372,0.00107048,10514.00,1755691199999,11.20919392,2,3734.00,3.99717232,0
2025-08-20 12:00:00,0.00105791,0.00107235,0.00102529,0.00107235,877980.00,1755705599999,906.16281278,20,45713.00,47.98654833,0
2025-08-20 16:00:00,0.00107387,0.001075,0.00106039,0.001075,1452509.00,1755719999999,1559.41796944,10,319482.00,342.61855321,0
2025-08-20 20:00:00,0.00108365,0.00108365,0.00106829,0.00107426,18360.00,1755734399999,19.75849615,4,13954.00,15.05161041,0
2025-08-21 00:00:00,0.00105924,0.00106959,0.00105021,0.00105021,220001.00,1755748799999,232.63923795,8,128645.00,136.50641791,0
2025-08-21 04:00:00,0.00105859,0.00106071,0.00104931,0.00105035,59262.00,1755763199999,62.45454510,4,43882.00,46.31615730,0
2025-08-21 08:00:00,0.0010333,0.0010333,0.00102,0.00102,269674.00,1755777599999,275.88045142,4,0.00,0.00000000,0
2025-08-21 12:00:00,0.00102,0.00102025,0.00100553,0.00100846,384551.00,1755791999999,391.17992644,7,130393.00,132.20759010,0
2025-08-21 16:00:00,0.0010043,0.00102737,0.00099244,0.00102737,312362.00,1755806399999,317.56363124,5,223697.00,228.55114067,0
2025-08-21 20:00:00,0.00102442,0.00104456,0.00102442,0.00103885,750931.00,1755820799999,772.19353247,12,257193.00,265.40634020,0
2025-08-22 00:00:00,0.00103337,0.00105042,0.00103337,0.00105042,114299.00,1755835199999,119.75958668,4,114299.00,119.75958668,0
2025-08-22 04:00:00,0.00103796,0.00104765,0.00103796,0.00104765,21008.00,1755849599999,21.99036826,2,21008.00,21.99036826,0
2025-08-22 08:00:00,0.00105572,0.00105572,0.00097595,0.00102588,32064.00,1755863999999,32.65782079,4,21681.00,22.01130025,0
2025-08-22 12:00:00,0.00098948,0.00105074,0.00098948,0.00105074,140664.00,1755878399999,139.87410680,4,9458.00,9.93789892,0
2025-08-22 16:00:00,0.00117691,0.00117691,0.00117125,0.00117125,536268.00,1755892799999,630.79463529,4,0.00,0.00000000,0
2025-08-22 20:00:00,0.00118328,0.00119522,0.00116844,0.00118396,2370553.00,1755907199999,2776.92249993,12,2208178.00,2585.27245066,0
2025-08-23 00:00:00,0.00118417,0.00118417,0.00115007,0.00115007,13157.00,1755921599999,15.31711139,2,5444.00,6.44662148,0
2025-08-23 04:00:00,0.00114513,0.00118413,0.00113427,0.00118413,103992.00,1755935999999,119.32651959,5,64381.00,74.39695062,0
2025-08-23 08:00:00,0.00117122,0.00117122,0.00114351,0.00114403,43535.00,1755950399999,49.92982934,4,9553.00,11.05693216,0
2025-08-23 12:00:00,0.00114578,0.00114578,0.00111826,0.0011332,26679.00,1755964799999,30.30535941,5,17976.00,20.45880785,0
2025-08-23 16:00:00,0.0011344,0.0011344,0.00112459,0.00112459,16730.00,1755979199999,18.90077756,2,8806.00,9.98952640,0
2025-08-23 20:00:00,0.00115283,0.00115283,0.00115283,0.00115283,6936.00,1755993599999,7.99602888,1,6936.00,7.99602888,0
2025-08-24 00:00:00,0.00114305,0.00114893,0.00112993,0.00112993,104832.00,1756007999999,119.71333628,6,47864.00,54.72087424,0
2025-08-24 04:00:00,0.00114563,0.00114563,0.00112149,0.00112149,31592.00,1756022399999,35.58272865,4,21788.00,24.53069094,0
2025-08-24 08:00:00,0.00110602,0.00110602,0.00109515,0.00109515,11084.00,1756036799999,12.21943931,2,3651.00,3.99839265,0
2025-08-24 12:00:00,0.00110037,0.0011079,0.0010895,0.0011079,38058.00,1756051199999,41.93307803,5,28035.00,30.99291160,0
2025-08-24 16:00:00,0.00115571,0.00115586,0.00114546,0.00114825,44261.00,1756065599999,50.94964012,6,22602.00,26.11497567,0
2025-08-24 20:00:00,0.00110874,0.0011149,0.00108725,0.00110431,328604.00,1756079999999,363.41577044,38,181786.00,201.82841149,0
2025-08-25 00:00:00,0.00110432,0.00112096,0.00110432,0.0011202,32211.00,1756094399999,35.81157177,5,30535.00,33.95525093,0
2025-08-25 04:00:00,0.00110021,0.00110021,0.00105,0.0010595,393527.00,1756108799999,420.43109806,11,265376.00,285.47175584,0
2025-08-25 08:00:00,0.00104943,0.00104943,0.00100283,0.00100283,115475.00,1756123199999,116.68345494,11,32690.00,33.21314036,0
2025-08-25 12:00:00,0.00100245,0.00102262,0.00100245,0.00101559,233329.00,1756137599999,235.85812325,3,176444.00,178.08628610,0
2025-08-25 16:00:00,0.001,0.00101071,0.00098949,0.00098949,155024.00,1756151999999,154.74074539,12,95062.00,94.77549580,0
2025-08-25 20:00:00,0.0009888,0.0009888,0.00095123,0.00097166,823579.00,1756166399999,799.14939937,7,58767.00,56.27921916,0
2025-08-26 00:00:00,0.00095477,0.000957,0.00092265,0.000957,1479083.00,1756180799999,1409.36614014,14,1180511.00,1124.84802916,0
2025-08-26 04:00:00,0.00095064,0.0009633,0.00095064,0.0009593,42089.00,1756195199999,40.30462540,7,26920.00,25.84278700,0
2025-08-26 08:00:00,0.00096178,0.00096178,0.00095991,0.00096123,39793.00,1756209599999,38.22611735,3,9104.00,8.75604512,0
2025-08-26 12:00:00,0.00096078,0.00099132,0.00096078,0.00099132,30900.00,1756223999999,30.45728244,2,30900.00,30.45728244,0
2025-08-26 16:00:00,0.00096983,0.00096983,0.00096482,0.00096482,4332.00,1756238399999,4.19540178,2,0.00,0.00000000,0
2025-08-26 20:00:00,0.00100741,0.00101095,0.00098558,0.00098558,136835.00,1756252799999,137.74356562,7,130773.00,131.75279256,0
2025-08-27 00:00:00,0.00092819,0.00099788,0.00092819,0.00099788,50410.00,1756267199999,50.18472749,3,48711.00,48.60773268,0
2025-08-27 04:00:00,0.00102459,0.00102459,0.00099965,0.00100113,13543.00,1756281599999,13.59343587,3,1944.00,1.99180296,0
2025-08-27 08:00:00,0.00099469,0.00101669,0.00099271,0.00100361,90451.00,1756295999999,90.96483145,9,32916.00,33.42853397,0
2025-08-27 12:00:00,0.00101173,0.00101186,0.00100059,0.00101186,12728.00,1756310399999,12.84717809,4,4940.00,4.98792112,0
2025-08-27 16:00:00,0.00101157,0.00101157,0.00097823,0.00097823,141776.00,1756324799999,142.79377154,7,136358.00,137.41185542,0
2025-08-27 20:00:00,0.00097961,0.00097961,0.00097144,0.00097605,10383.00,1756339199999,10.13559694,3,0.00,0.00000000,0
2025-08-28 00:00:00,0.00097927,0.00097927,0.00094052,0.00095467,688263.00,1756353599999,659.99020658,24,681969.00,654.03160048,0
2025-08-28 04:00:00,0.00095467,0.00095467,0.00095467,0.00095467,0.00,1756367999999,0.00000000,0,0.00,0.00000000,0
2025-08-28 08:00:00,0.00098873,0.00098873,0.00096377,0.00096377,39026.00,1756382399999,37.89229534,3,8138.00,8.04628474,0
2025-08-28 12:00:00,0.00097367,0.00097654,0.00095111,0.00095931,253785.00,1756396799999,245.72696609,10,125166.00,122.02459443,0
2025-08-28 16:00:00,0.00094412,0.00095106,0.000928,0.00094586,571148.00,1756411199999,531.44430864,11,69481.00,65.49754370,0
2025-08-28 20:00:00,0.00095316,0.00095316,0.00095316,0.00095316,2097.00,1756425599999,1.99877652,1,2097.00,1.99877652,0
2025-08-29 00:00:00,0.00095841,0.00095841,0.00093041,0.0009492,133941.00,1756439999999,127.25712306,5,133941.00,127.25712306,0
2025-08-29 04:00:00,0.00093796,0.00093796,0.00092196,0.00092196,11837.00,1756454399999,11.02142982,5,6415.00,5.99370571,0
2025-08-29 08:00:00,0.0009,0.0009,0.0009,0.0009,102222.00,1756468799999,91.99980000,2,0.00,0.00000000,0
2025-08-29 12:00:00,0.00091024,0.00091024,0.0008733,0.0008733,189638.00,1756483199999,166.26899180,11,16374.00,14.79233781,0
2025-08-29 16:00:00,0.000859,0.000859,0.000859,0.000859,25126.00,1756497599999,21.58323400,1,0.00,0.00000000,0
2025-08-29 20:00:00,0.000859,0.000859,0.000859,0.000859,0.00,1756511999999,0.00000000,0,0.00,0.00000000,0
2025-08-30 00:00:00,0.000859,0.000859,0.000859,0.000859,0.00,1756526399999,0.00000000,0,0.00,0.00000000,0
2025-08-30 04:00:00,0.000859,0.000859,0.000859,0.000859,0.00,1756540799999,0.00000000,0,0.00,0.00000000,0
2025-08-30 08:00:00,0.00089522,0.00089522,0.00089522,0.00089522,5573.00,1756555199999,4.98906106,1,0.00,0.00000000,0
2025-08-30 12:00:00,0.00088481,0.0008947,0.00088481,0.0008947,23492.00,1756569599999,20.81368808,2,0.00,0.00000000,0
2025-08-30 16:00:00,0.00089566,0.00090762,0.00088851,0.00090476,14230.00,1756583999999,12.79235393,4,7333.00,6.64925686,0
2025-08-30 20:00:00,0.00088187,0.00088187,0.00088187,0.00088187,6754.00,1756598399999,5.95614998,1,0.00,0.00000000,0
2025-08-31 00:00:00,0.00086,0.00086,0.00086,0.00086,57812.00,1756612799999,49.71832000,2,0.00,0.00000000,0
2025-08-31 04:00:00,0.00089813,0.00089813,0.00088998,0.00089436,15359.00,1756627199999,13.69712964,3,15359.00,13.69712964,0
2025-08-31 08:00:00,0.00089436,0.00089436,0.00089436,0.00089436,0.00,1756641599999,0.00000000,0,0.00,0.00000000,0
2025-08-31 12:00:00,0.00089436,0.00089436,0.00089436,0.00089436,0.00,1756655999999,0.00000000,0,0.00,0.00000000,0
2025-08-31 16:00:00,0.00086,0.00086375,0.00086,0.00086375,72946.00,1756670399999,62.94026375,2,0.00,0.00000000,0
2025-08-31 20:00:00,0.00086572,0.00087708,0.00086,0.00086,130708.00,1756684799999,113.33265616,7,64806.00,56.64987490,0
2025-09-01 00:00:00,0.000859,0.000859,0.000859,0.000859,124030.00,1756699199999,106.54177000,6,0.00,0.00000000,0
2025-09-01 04:00:00,0.000859,0.000859,0.000859,0.000859,12535.00,1756713599999,10.76756500,7,0.00,0.00000000,0
2025-09-01 08:00:00,0.00087426,0.001089,0.00087426,0.001089,138861.00,1756727999999,148.48448562,8,138861.00,148.48448562,0
2025-09-01 12:00:00,0.001089,0.00109,0.000859,0.000859,139938.00,1756742399999,146.33972900,10,113283.00,123.44308400,0
2025-09-01 16:00:00,0.000859,0.000859,0.000859,0.000859,26498.00,1756756799999,22.76178200,2,0.00,0.00000000,0
2025-09-01 20:00:00,0.000859,0.000859,0.000859,0.000859,39117.00,1756771199999,33.60150300,1,0.00,0.00000000,0
2025-09-02 00:00:00,0.000859,0.000859,0.000859,0.000859,6972.00,1756785599999,5.98894800,2,0.00,0.00000000,0
2025-09-02 04:00:00,0.000859,0.000859,0.000859,0.000859,0.00,1756799999999,0.00000000,0,0.00,0.00000000,0
2025-09-02 08:00:00,0.000859,0.000859,0.000859,0.000859,1197.00,1756814399999,1.02822300,1,0.00,0.00000000,0
2025-09-02 12:00:00,0.000859,0.000859,0.000859,0.000859,23176.00,1756828799999,19.90818400,2,0.00,0.00000000,0
2025-09-02 16:00:00,0.000859,0.000859,0.000859,0.000859,7017.00,1756843199999,6.02760300,2,0.00,0.00000000,0
2025-09-02 20:00:00,0.000859,0.000859,0.000859,0.000859,0.00,1756857599999,0.00000000,0,0.00,0.00000000,0
2025-09-03 00:00:00,0.000859,0.000859,0.000859,0.000859,0.00,1756871999999,0.00000000,0,0.00,0.00000000,0
2025-09-03 04:00:00,0.000859,0.000859,0.000859,0.000859,0.00,1756886399999,0.00000000,0,0.00,0.00000000,0
2025-09-03 08:00:00,0.000865,0.000865,0.00084326,0.00084326,506292.00,1756900799999,432.81964458,13,0.00,0.00000000,0
2025-09-03 12:00:00,0.00085516,0.00087351,0.00085516,0.00087351,72900.00,1756915199999,62.74006428,7,31207.00,26.94067840,0
2025-09-03 16:00:00,0.00086553,0.00087346,0.00086553,0.00087346,29137.00,1756929599999,25.41336742,2,29137.00,25.41336742,0
2025-09-03 20:00:00,0.00085267,0.00086927,0.00085011,0.00085042,32687.00,1756943999999,28.25234286,6,25170.00,21.85553212,0
2025-09-04 00:00:00,0.00086783,0.000974,0.00083982,0.00083987,142000.00,1756958399999,121.77163949,10,33873.00,30.33539841,0
2025-09-04 04:00:00,0.00084555,0.00084555,0.000838,0.000838,129540.00,1756972799999,108.67066165,5,0.00,0.00000000,0
2025-09-04 08:00:00,0.00085,0.00085,0.00085,0.00085,2955.00,1756987199999,2.51175000,1,0.00,0.00000000,0
2025-09-04 12:00:00,0.00085,0.00085,0.00085,0.00085,0.00,1757001599999,0.00000000,0,0.00,0.00000000,0
2025-09-04 16:00:00,0.00085,0.00085,0.00085,0.00085,0.00,1757015999999,0.00000000,0,0.00,0.00000000,0
2025-09-04 20:00:00,0.00085,0.00085,0.00085,0.00085,0.00,1757030399999,0.00000000,0,0.00,0.00000000,0
2025-09-05 00:00:00,0.00085,0.00085,0.00085,0.00085,0.00,1757044799999,0.00000000,0,0.00,0.00000000,0
2025-09-05 04:00:00,0.00085,0.00085,0.00085,0.00085,3011.00,1757059199999,2.55935000,1,0.00,0.00000000,0
2025-09-05 08:00:00,0.00085,0.00088204,0.00085,0.00088204,37568.00,1757073599999,32.44557707,4,8688.00,7.65996564,0
2025-09-05 12:00:00,0.00089484,0.000974,0.00089484,0.000974,107030.00,1757087999999,102.97717696,4,107030.00,102.97717696,0
2025-09-05 16:00:00,0.000974,0.00097402,0.00084,0.00084,469566.00,1757102399999,452.54336889,11,338786.00,329.98430116,0
2025-09-05 20:00:00,0.00084,0.00084,0.00084,0.00084,0.00,1757116799999,0.00000000,0,0.00,0.00000000,0
2025-09-06 00:00:00,0.00084,0.00084,0.00084,0.00084,0.00,1757131199999,0.00000000,0,0.00,0.00000000,0
2025-09-06 04:00:00,0.00084,0.00084,0.00084,0.00084,0.00,1757145599999,0.00000000,0,0.00,0.00000000,0
2025-09-06 08:00:00,0.00084,0.00084,0.00084,0.00084,0.00,1757159999999,0.00000000,0,0.00,0.00000000,0
2025-09-06 12:00:00,0.00084,0.00084,0.00084,0.00084,0.00,1757174399999,0.00000000,0,0.00,0.00000000,0
2025-09-06 16:00:00,0.00084,0.00084,0.00084,0.00084,0.00,1757188799999,0.00000000,0,0.00,0.00000000,0
2025-09-06 20:00:00,0.00084,0.00084,0.00084,0.00084,0.00,1757203199999,0.00000000,0,0.00,0.00000000,0
2025-09-07 00:00:00,0.00084,0.00084,0.00084,0.00084,7913.00,1757217599999,6.64692000,1,0.00,0.00000000,0
2025-09-07 04:00:00,0.00084,0.00084,0.00084,0.00084,0.00,1757231999999,0.00000000,0,0.00,0.00000000,0
2025-09-07 08:00:00,0.00084,0.00084,0.00084,0.00084,6441.00,1757246399999,5.41044000,1,0.00,0.00000000,0
2025-09-07 12:00:00,0.00084,0.00084,0.00084,0.00084,0.00,1757260799999,0.00000000,0,0.00,0.00000000,0
2025-09-07 16:00:00,0.00084,0.00084,0.00084,0.00084,9850.00,1757275199999,8.27400000,1,0.00,0.00000000,0
2025-09-07 20:00:00,0.00084,0.00084,0.00084,0.00084,88679.00,1757289599999,74.49036000,1,0.00,0.00000000,0
2025-09-08 00:00:00,0.00084,0.00084,0.00084,0.00084,0.00,1757303999999,0.00000000,0,0.00,0.00000000,0
2025-09-08 04:00:00,0.00084,0.00084,0.00084,0.00084,0.00,1757318399999,0.00000000,0,0.00,0.00000000,0
2025-09-08 08:00:00,0.00087215,0.00087809,0.00087215,0.00087809,136447.00,1757332799999,119.43480065,4,100000.00,87.50000000,0
2025-09-08 12:00:00,0.00087809,0.00087809,0.00087809,0.00087809,0.00,1757347199999,0.00000000,0,0.00,0.00000000,0
2025-09-08 16:00:00,0.00092179,0.00093667,0.00092179,0.00093667,27776.00,1757361599999,25.95222832,3,27776.00,25.95222832,0
2025-09-08 20:00:00,0.00092465,0.0010851,0.00090915,0.0010851,453848.00,1757375999999,422.00409648,16,294418.00,277.01426844,0
2025-09-09 00:00:00,0.00092495,0.00108581,0.00092495,0.00108,274370.00,1757390399999,292.52669285,15,274370.00,292.52669285,0
2025-09-09 04:00:00,0.00091604,0.00091768,0.00091604,0.00091768,22059.00,1757404799999,20.24004088,4,0.00,0.00000000,0
2025-09-09 08:00:00,0.00095371,0.00095371,0.00094732,0.00094732,8838.00,1757419199999,8.38225476,2,0.00,0.00000000,0
2025-09-09 12:00:00,0.00094732,0.00094732,0.00094732,0.00094732,0.00,1757433599999,0.00000000,0,0.00,0.00000000,0
2025-09-09 16:00:00,0.00094732,0.00094732,0.00094732,0.00094732,0.00,1757447999999,0.00000000,0,0.00,0.00000000,0
2025-09-09 20:00:00,0.001158,0.001158,0.00094732,0.00094732,15890.00,1757462399999,16.16301682,4,8179.00,8.85823230,0
2025-09-10 00:00:00,0.00094732,0.00094732,0.00094732,0.00094732,14393.00,1757476799999,13.63477676,2,0.00,0.00000000,0
2025-09-10 04:00:00,0.00094732,0.00094732,0.00094732,0.00094732,0.00,1757491199999,0.00000000,0,0.00,0.00000000,0
2025-09-10 08:00:00,0.00094732,0.00094732,0.00094732,0.00094732,14138.00,1757505599999,13.39321016,1,0.00,0.00000000,0
2025-09-10 12:00:00,0.00094732,0.00094732,0.00092177,0.00092177,166563.00,1757519999999,155.69364775,5,24865.00,23.55511180,0
2025-09-10 16:00:00,0.00090422,0.001158,0.00089113,0.0009005,326712.00,1757534399999,302.01885090,13,184460.00,174.91157752,0
2025-09-10 20:00:00,0.00090051,0.00090051,0.00090051,0.00090051,15136.00,1757548799999,13.63011936,1,0.00,0.00000000,0
2025-09-11 00:00:00,0.00095464,0.00095547,0.00095464,0.00095547,47967.00,1757563199999,45.81460197,4,47967.00,45.81460197,0
2025-09-11 04:00:00,0.00095912,0.00095912,0.00095912,0.00095912,2080.00,1757577599999,1.99496960,1,2080.00,1.99496960,0
2025-09-11 08:00:00,0.00095912,0.00095912,0.00095912,0.00095912,0.00,1757591999999,0.00000000,0,0.00,0.00000000,0
2025-09-11 12:00:00,0.00093096,0.0010203,0.00093096,0.0010203,307175.00,1757606399999,305.54715418,59,307175.00,305.54715418,0
2025-09-11 16:00:00,0.00097855,0.0010203,0.00097344,0.00097344,92758.00,1757620799999,93.02117649,17,68613.00,69.15239900,0
2025-09-11 20:00:00,0.00099817,0.0010203,0.00091112,0.00091112,155467.00,1757635199999,152.96448344,23,73537.00,74.76098780,0
2025-09-12 00:00:00,0.00091112,0.0010203,0.0009005,0.00102029,123201.00,1757649599999,119.29911552,25,110188.00,107.55265270,0
2025-09-12 04:00:00,0.0010203,0.0010203,0.0010203,0.0010203,110086.00,1757663999999,112.32074580,3,110086.00,112.32074580,0
2025-09-12 08:00:00,0.0010203,0.0010203,0.0010203,0.0010203,52309.00,1757678399999,53.37087270,1,52309.00,53.37087270,0
2025-09-12 12:00:00,0.00099955,0.0010203,0.00097991,0.00097991,117934.00,1757692799999,117.57839136,17,41153.00,41.62531230,0
2025-09-12 16:00:00,0.00098999,0.00103859,0.00097344,0.00103859,263650.00,1757707199999,268.21873133,16,257988.00,262.67981065,0
2025-09-12 20:00:00,0.00101959,0.0011777,0.00100746,0.00114096,872117.00,1757721599999,977.98150842,47,574936.00,642.31836709,0
2025-09-13 00:00:00,0.00114095,0.00114095,0.00112597,0.00112597,56959.00,1757735999999,64.90598721,10,48735.00,55.60409576,0
2025-09-13 04:00:00,0.00114094,0.00114094,0.00112597,0.00114094,8085.00,1757750399999,9.19491918,4,6109.00,6.97000246,0
2025-09-13 08:00:00,0.00112597,0.00114094,0.00111854,0.00114094,7504.00,1757764799999,8.44033259,4,1751.00,1.99778594,0
2025-09-13 12:00:00,0.0011405,0.0011405,0.00114049,0.00114049,15752.00,1757779199999,17.96508616,2,15752.00,17.96508616,0
2025-09-13 16:00:00,0.00114049,0.00114049,0.00102148,0.00104547,515102.00,1757793599999,547.35000798,34,175049.00,195.09066245,0
2025-09-13 20:00:00,0.00104547,0.00113938,0.00104547,0.00113938,117528.00,1757807999999,126.80268722,16,117528.00,126.80268722,0
2025-09-14 00:00:00,0.00113938,0.00130921,0.00111854,0.00125171,875991.00,1757822399999,1090.30307581,32,139955.00,169.17400762,0
2025-09-14 04:00:00,0.0012517,0.00128347,0.0011541,0.00117769,104043.00,1757836799999,126.70142362,21,26553.00,33.67805817,0
2025-09-14 08:00:00,0.0011541,0.0011541,0.00114096,0.00114096,28385.00,1757851199999,32.65052560,7,0.00,0.00000000,0
2025-09-14 12:00:00,0.00114096,0.00114853,0.00103317,0.00103317,198816.00,1757865599999,215.33666930,24,117918.00,127.70783358,0
2025-09-14 16:00:00,0.0010594,0.0010594,0.0010594,0.0010594,1885.00,1757879999999,1.99696900,1,1885.00,1.99696900,0
2025-09-14 20:00:00,0.00103317,0.0010594,0.00103317,0.0010594,6339.00,1757894399999,6.67254563,2,4700.00,4.97918000,0
2025-09-15 00:00:00,0.0010594,0.0010594,0.00096861,0.00098586,332082.00,1757908799999,339.60432878,18,175572.00,184.52351278,0
2025-09-15 04:00:00,0.00097797,0.00099157,0.00096703,0.00097438,344119.00,1757923199999,337.38999464,15,257260.00,252.77540360,0
2025-09-15 08:00:00,0.00097438,0.00099157,0.00097438,0.00097438,21240.00,1757937599999,20.73046905,4,2015.00,1.99801355,0
2025-09-15 12:00:00,0.00099157,0.00099157,0.00099157,0.00099157,100648.00,1757951999999,99.79953736,1,100648.00,99.79953736,0
2025-09-15 16:00:00,0.00099157,0.00099157,0.00099157,0.00099157,0.00,1757966399999,0.00000000,0,0.00,0.00000000,0
2025-09-15 20:00:00,0.00099157,0.00099157,0.0009005,0.00092435,501542.00,1757980799999,464.22577000,30,123337.00,113.30621675,0
2025-09-16 00:00:00,0.00090512,0.00110963,0.00089407,0.00107501,510955.00,1757995199999,495.25150620,55,371312.00,367.44373695,0
2025-09-16 04:00:00,0.00107776,0.00113938,0.00107776,0.00113938,45148.00,1758009599999,49.95434046,17,34048.00,37.90209957,0
2025-09-16 08:00:00,0.00113938,0.0011853,0.00088733,0.00088733,2250412.00,1758023999999,2557.12168426,80,274300.00,322.85085441,0
2025-09-16 12:00:00,0.00088733,0.00090117,0.0008696,0.00090117,1844073.00,1758038399999,1633.85702206,18,1731461.00,1534.77875916,0
2025-09-16 16:00:00,0.00090386,0.0009159,0.0008915,0.0009159,526867.00,1758052799999,475.92717713,7,121696.00,110.31137506,0
2025-09-16 20:00:00,0.00091994,0.00091994,0.00091118,0.00091756,126085.00,1758067199999,115.65420640,6,121965.00,111.90014480,0
2025-09-17 00:00:00,0.00091114,0.0009281,0.00089918,0.00089918,21711.00,1758081599999,19.87595162,6,15233.00,14.01764514,0
2025-09-17 04:00:00,0.00092198,0.00092552,0.00089323,0.00092552,65165.00,1758095999999,60.06532450,9,59143.00,54.65308224,0
2025-09-17 08:00:00,0.0009281,0.00093906,0.00090512,0.00092815,184056.00,1758110399999,171.76297706,10,172209.00,160.93863387,0
2025-09-17 12:00:00,0.00091439,0.00093675,0.00091439,0.00093675,63178.00,1758124799999,59.02654110,5,59784.00,55.92310144,0
2025-09-17 16:00:00,0.00091717,0.00145,0.00090441,0.00097209,4887565.00,1758139199999,5003.58982994,156,3174031.00,3387.17705216,0
2025-09-17 20:00:00,0.00097855,0.00105228,0.00097855,0.00102349,842641.00,1758153599999,861.34100569,17,61013.00,61.73333814,0
2025-09-18 00:00:00,0.00101959,0.00102914,0.0009995,0.00100646,1234778.00,1758167999999,1251.11349018,17,150351.00,152.90270814,0
2025-09-18 04:00:00,0.0010018,0.0010018,0.00097424,0.00097687,261464.00,1758182399999,257.97111714,11,115960.00,115.57108111,0
2025-09-18 08:00:00,0.00099029,0.00099466,0.00096703,0.00096703,1209284.00,1758196799999,1193.27130387,15,155036.00,153.10860464,0
2025-09-18 12:00:00,0.00096719,0.00100396,0.00096376,0.00100396,362544.00,1758211199999,357.83480861,16,198422.00,197.19509190,0
2025-09-18 16:00:00,0.00099297,0.00101589,0.00098357,0.00099688,1201094.00,1758225599999,1206.54843336,25,1143207.00,1148.88318565,0
2025-09-18 20:00:00,0.0009872,0.00099628,0.00096764,0.00096764,129577.00,1758239999999,126.75143433,6,21109.00,21.03047452,0
2025-09-19 00:00:00,0.00099158,0.00099158,0.00094535,0.00094535,580175.00,1758254399999,555.25522873,19,227336.00,218.24993591,0
2025-09-19 04:00:00,0.00094177,0.00095765,0.00093556,0.00094332,269467.00,1758268799999,252.90526644,10,31789.00,30.36563395,0
2025-09-19 08:00:00,0.00093556,0.00093556,0.00091717,0.00091717,129287.00,1758283199999,119.31352481,9,9702.00,8.98281016,0
2025-09-19 12:00:00,0.00091717,0.00093425,0.00090088,0.00090088,641827.00,1758297599999,584.13910262,16,72130.00,67.38745250,0
2025-09-19 16:00:00,0.00090605,0.00090605,0.00089444,0.00089444,114109.00,1758311999999,102.73911705,5,0.00,0.00000000,0
2025-09-19 20:00:00,0.00090184,0.00091531,0.00088321,0.00089661,637482.00,1758326399999,567.75006976,16,195931.00,174.20113773,0
2025-09-20 00:00:00,0.00089713,0.00090386,0.00089668,0.00090386,48967.00,1758340799999,43.92765137,6,11189.00,10.05287433,0
2025-09-20 04:00:00,0.00090386,0.0009281,0.00090386,0.0009281,25000.00,1758355199999,22.91995018,5,25000.00,22.91995018,0
2025-09-20 08:00:00,0.0009281,0.00093426,0.0009281,0.00093426,2143.00,1758369599999,1.99942110,2,2143.00,1.99942110,0
2025-09-20 12:00:00,0.00093426,0.001003,0.00089668,0.00089669,229980.00,1758383999999,218.73995482,39,118534.00,114.68131701,0
2025-09-20 16:00:00,0.00089669,0.0009281,0.00089668,0.00089668,35603.00,1758398399999,32.19501922,14,12655.00,11.55619199,0
2025-09-20 20:00:00,0.0009159,0.0009281,0.00089915,0.00090512,18234.00,1758412799999,16.65501869,7,10432.00,9.61527190,0
2025-09-21 00:00:00,0.0009281,0.00093426,0.0009281,0.00093426,2147.00,1758427199999,1.99772502,2,2147.00,1.99772502,0
2025-09-21 04:00:00,0.00093426,0.00094671,0.00091717,0.00094671,15086.00,1758441599999,14.07900433,6,11364.00,10.66529759,0
2025-09-21 08:00:00,0.00094671,0.00095299,0.00091112,0.00091112,27842.00,1758455999999,25.88035453,9,8414.00,7.99083214,0
2025-09-21 12:00:00,0.00091112,0.0009159,0.00089668,0.0009159,72225.00,1758470399999,64.88912775,9,4364.00,3.99695228,0
2025-09-21 16:00:00,0.0009159,0.0009281,0.00089668,0.00089916,20206.00,1758484799999,18.40261676,7,10435.00,9.59361960,0
2025-09-21 20:00:00,0.00092199,0.00092199,0.00089668,0.00089668,43349.00,1758499199999,38.98081951,5,4346.00,3.99369843,0
2025-09-22 00:00:00,0.0009159,0.00093426,0.00089915,0.00089915,25258.00,1758513599999,23.13367301,7,13039.00,12.04623809,0
2025-09-22 04:00:00,0.00092199,0.00098505,0.000838,0.000838,1801965.00,1758527999999,1545.43521189,66,55718.00,53.12724818,0
2025-09-22 08:00:00,0.00085725,0.00094671,0.0008159,0.0008159,1105344.00,1758542399999,921.84370445,56,90843.00,81.47507723,0
2025-09-22 12:00:00,0.0008159,0.00082931,0.000814,0.000814,253330.00,1758556799999,206.40521570,6,12040.00,9.98489240,0
2025-09-22 16:00:00,0.00082932,0.00082935,0.000814,0.000814,27134.00,1758571199999,22.27173017,4,12039.00,9.98440017,0
2025-09-22 20:00:00,0.00082917,0.00082936,0.000814,0.00082936,21173.00,1758585599999,17.41908885,7,12031.00,9.97750085,0
2025-09-23 00:00:00,0.00082934,0.00082934,0.00082934,0.00082934,4816.00,1758599999999,3.99410144,2,4816.00,3.99410144,0
2025-09-23 04:00:00,0.00082935,0.001003,0.00082935,0.0009281,494274.00,1758614399999,442.89782218,108,332448.00,296.17187438,0
2025-09-23 08:00:00,0.00090512,0.00090512,0.00086415,0.00086415,44469.00,1758628799999,39.41870466,11,0.00,0.00000000,0
2025-09-23 12:00:00,0.00088609,0.0008861,0.0008528,0.0008528,15886.00,1758643199999,13.79463276,6,5620.00,4.97985266,0
2025-09-23 16:00:00,0.00085279,0.00087445,0.00084158,0.00087445,32668.00,1758657599999,28.07159993,9,18403.00,15.97212355,0
2025-09-23 20:00:00,0.00085279,0.00095932,0.00085279,0.00095932,78875.00,1758671999999,71.99303935,19,71709.00,65.85756859,0
2025-09-24 00:00:00,0.00095932,0.00106644,0.00084717,0.00084717,411152.00,1758686399999,396.17902796,90,144294.00,144.25025601,0
2025-09-24 04:00:00,0.00086649,0.00086649,0.00083052,0.00083052,36594.00,1758700799999,31.24139732,10,9821.00,8.41905370,0
2025-09-24 08:00:00,0.00085161,0.00085161,0.00080883,0.00080883,51298.00,1758715199999,42.26728616,14,10668.00,8.97542501,0
2025-09-24 12:00:00,0.00081499,0.000815,0.00077222,0.00077222,129798.00,1758729599999,102.20311277,21,32412.00,25.95211751,0
2025-09-24 16:00:00,0.00078661,0.000815,0.00077223,0.0008,73032.00,1758743999999,58.11358973,21,43105.00,34.47689252,0
2025-09-24 20:00:00,0.000815,0.000982,0.000815,0.00082504,478213.00,1758758399999,427.57177874,89,265588.00,237.63797149,0
2025-09-25 00:00:00,0.0008196,0.00100479,0.00079292,0.00096704,635121.00,1758772799999,566.78092732,81,443503.00,401.40618926,0
2025-09-25 04:00:00,0.00096703,0.0009915,0.00096065,0.0009915,22989.00,1758787199999,22.66326711,6,21266.00,21.00552154,0
2025-09-25 08:00:00,0.0009915,0.0009915,0.00096066,0.00098501,33325.00,1758801599999,32.71745653,10,22290.00,22.08083136,0
2025-09-25 12:00:00,0.00098501,0.00098502,0.00095432,0.00098499,243677.00,1758815999999,239.41479885,21,225758.00,222.26720428,0
2025-09-25 16:00:00,0.00098499,0.000985,0.00086415,0.00086415,336833.00,1758830399999,314.94805588,41,187648.00,179.40164752,0
2025-09-25 20:00:00,0.000865,0.00088609,0.00085845,0.00085845,136614.00,1758844799999,118.30004516,10,10087.00,8.93798983,0
2025-09-26 00:00:00,0.00088024,0.00088025,0.00085281,0.00085281,22215.00,1758859199999,19.34257680,6,13602.00,11.97304407,0
2025-09-26 04:00:00,0.00087444,0.00087445,0.00085281,0.00085281,8904.00,1758873599999,7.69225032,3,4569.00,3.99531897,0
2025-09-26 08:00:00,0.00087445,0.0008861,0.00085845,0.00085845,19622.00,1758887999999,17.04155704,6,8943.00,7.84211810,0
2025-09-26 12:00:00,0.00085845,0.00085845,0.00083053,0.00083053,38675.00,1758902399999,32.82252616,11,4812.00,4.12510633,0
2025-09-26 16:00:00,0.00085161,0.00090986,0.00083603,0.00086295,204740.00,1758916799999,177.66625460,37,107215.00,93.62114249,0
2025-09-26 20:00:00,0.00086295,0.00086296,0.00082504,0.00082504,27234.00,1758931199999,23.05540680,7,11083.00,9.56411550,0
2025-09-27 00:00:00,0.000846,0.00085161,0.00082504,0.00085161,28005.00,1758945599999,23.51549450,11,16590.00,14.06616330,0
2025-09-27 04:00:00,0.00085726,0.00085726,0.000852,0.000852,10823.00,1758959999999,9.23345180,2,2330.00,1.99741580,0
2025-09-27 08:00:00,0.00085726,0.00086296,0.00083605,0.00083605,28640.00,1758974399999,24.35939982,9,4650.00,3.99452400,0
2025-09-27 12:00:00,0.00085725,0.00089198,0.00083052,0.00083052,88700.00,1758988799999,76.46521129,21,36905.00,32.24492407,0
2025-09-27 16:00:00,0.0008516,0.00094802,0.0008516,0.00094046,250475.00,1759003199999,232.00888858,25,237097.00,219.63621386,0
2025-09-27 20:00:00,0.00094046,0.00094802,0.00094046,0.00094802,21045.00,1759017599999,19.93402372,3,21045.00,19.93402372,0
2025-09-28 00:00:00,0.00092939,0.00092939,0.0007471,0.00076999,13221294.00,1759031999999,10551.16337913,45,23062.00,17.79175212,0
2025-09-28 04:00:00,0.00076999,0.00077,0.00071802,0.00071802,107185.00,1759046399999,81.00976573,17,56462.00,43.47568617,0
2025-09-28 08:00:00,0.00073626,0.00074606,0.00072758,0.00072758,14739.00,1759060799999,10.85547442,6,11530.00,8.52067020,0
2025-09-28 12:00:00,0.00074606,0.00077,0.00074606,0.00077,52325.00,1759075199999,39.91534190,6,52325.00,39.91534190,0
2025-09-28 16:00:00,0.00077,0.00077,0.0007471,0.0007471,1017088.00,1759089599999,778.58506720,15,816192.00,628.46784000,0
2025-09-28 20:00:00,0.00076102,0.00076607,0.00067408,0.00071219,1438145.00,1759103999999,1098.22348536,19,592521.00,453.04748099,0
2025-09-29 00:00:00,0.00071219,0.00072658,0.0006652,0.00066969,374965.00,1759118399999,256.83349517,27,96654.00,66.02766517,0
2025-09-29 04:00:00,0.00067186,0.00073626,0.00066312,0.00072658,445351.00,1759132799999,305.89365281,63,288330.00,198.82207940,0
2025-09-29 08:00:00,0.00070855,0.00070855,0.00068076,0.00068076,101503.00,1759147199999,71.05992670,10,0.00,0.00000000,0
2025-09-29 12:00:00,0.00069344,0.0007695,0.00069344,0.00072411,529847.00,1759161599999,383.56521342,33,315704.00,230.85954082,0
2025-09-29 16:00:00,0.00070855,0.00070855,0.00068076,0.00069451,196809.00,1759175999999,136.62362527,14,133474.00,92.81781064,0
2025-09-29 20:00:00,0.00069808,0.00071393,0.00069808,0.00070889,211513.00,1759190399999,149.74479223,20,167471.00,118.81536546,0
2025-09-30 00:00:00,0.00069916,0.00071219,0.00068898,0.00071219,202940.00,1759204799999,141.69801210,34,112256.00,78.78552468,0
2025-09-30 04:00:00,0.00071219,0.000776,0.00071219,0.0007471,153576.00,1759219199999,116.40891284,23,137528.00,104.33580198,0
2025-09-30 08:00:00,0.00076607,0.000776,0.00072758,0.000776,113133.00,1759233599999,86.34439414,18,88910.00,68.40393046,0
2025-09-30 12:00:00,0.00075705,0.000776,0.0007471,0.000776,108013.00,1759247999999,83.22338806,14,86354.00,66.90226070,0
2025-09-30 16:00:00,0.00075705,0.00075705,0.00069451,0.00069451,82681.00,1759262399999,59.91218462,25,7080.00,5.22072970,0
2025-09-30 20:00:00,0.00069,0.00070554,0.00068076,0.00068076,74006.00,1759276799999,51.09868746,8,61303.00,42.37424838,0
2025-10-01 00:00:00,0.00068077,0.00069034,0.0006668,0.0006668,84216.00,1759291199999,57.18901459,15,44493.00,30.41950753,0
2025-10-01 04:00:00,0.00067461,0.00067661,0.00067461,0.00067661,9363.00,1759305599999,6.31965343,2,0.00,0.00000000,0
2025-10-01 08:00:00,0.00067972,0.00073569,0.00067972,0.00072402,137891.00,1759319999999,98.76890719,19,92286.00,65.78809649,0
2025-10-01 12:00:00,0.00072402,0.00072402,0.00072402,0.00072402,0.00,1759334399999,0.00000000,0,0.00,0.00000000,0
2025-10-01 16:00:00,0.00073626,0.000756,0.0007277,0.00073135,452887.00,1759348799999,333.24309864,26,270648.00,200.46624840,0
2025-10-01 20:00:00,0.00073837,0.000776,0.00073837,0.0007471,167165.00,1759363199999,127.21530599,14,152840.00,116.42944344,0
2025-10-02 00:00:00,0.0007471,0.00079183,0.00072795,0.00079183,2092121.00,1759377599999,1618.12093706,24,1834535.00,1425.25786686,0
2025-10-02 04:00:00,0.00079709,0.00087532,0.00079709,0.0008525,1338519.00,1759391999999,1140.06783523,26,451722.00,384.36141531,0
2025-10-02 08:00:00,0.00085057,0.00085726,0.00083052,0.00085726,93866.00,1759406399999,79.61256558,8,16590.00,14.12843110,0
2025-10-02 12:00:00,0.00084158,0.00087445,0.00081057,0.00087445,2295416.00,1759420799999,1910.09281488,57,116252.00,98.26326339,0
2025-10-02 16:00:00,0.00088025,0.00090974,0.00084158,0.00090974,8698710.00,1759435199999,7817.80364410,64,8641548.00,7768.74655976,0
2025-10-02 20:00:00,0.00090972,0.00090973,0.00083974,0.00087445,129906.00,1759449599999,114.67136571,18,74906.00,67.24663050,0
2025-10-03 00:00:00,0.00087445,0.00091,0.00082935,0.0008395,719598.00,1759463999999,636.41049324,98,513642.00,459.79199384,0
2025-10-03 04:00:00,0.0008395,0.00084451,0.00083053,0.00083053,150388.00,1759478399999,125.71657618,15,79693.00,66.68220378,0
2025-10-03 08:00:00,0.00083053,0.00084041,0.0008196,0.00084041,28615.00,1759492799999,23.75625739,9,16319.00,13.58666527,0
2025-10-03 12:00:00,0.00084041,0.00089198,0.00084041,0.00086415,66506.00,1759507199999,57.34908890,14,57764.00,49.76248246,0
2025-10-03 16:00:00,0.000883,0.000883,0.00084717,0.00085097,428570.00,1759521599999,371.53796240,21,306867.00,266.73756271,0
2025-10-03 20:00:00,0.00085457,0.00087481,0.00085457,0.00086472,162856.00,1759535999999,139.60187687,11,129137.00,110.76058858,0
2025-10-04 00:00:00,0.00086648,0.00089198,0.00086,0.00086187,2534675.00,1759550399999,2203.24544500,27,1060957.00,925.51090023,0
2025-10-04 04:00:00,0.00085845,0.00088025,0.00085683,0.00088025,14546.00,1759564799999,12.63480416,5,8298.00,7.27224050,0
2025-10-04 08:00:00,0.00085845,0.00085845,0.00084717,0.00085352,35754.00,1759579199999,30.49708039,5,0.00,0.00000000,0
2025-10-04 12:00:00,0.00086043,0.00087527,0.00083742,0.00083742,58753.00,1759593599999,50.56248431,10,16590.00,14.41167770,0
2025-10-04 16:00:00,0.00084321,0.00085849,0.00084311,0.00085849,92122.00,1759607999999,78.16760670,9,65695.00,55.86359669,0
2025-10-04 20:00:00,0.00086296,0.00088137,0.00086261,0.00088137,31082.00,1759622399999,27.11785818,7,27695.00,24.19619811,0
2025-10-05 00:00:00,0.00086415,0.0008861,0.00085279,0.0008861,34844.00,1759636799999,30.21673899,7,18001.00,15.75757850,0
2025-10-05 04:00:00,0.00088609,0.0009159,0.00088545,0.0009159,805824.00,1759651199999,714.13093057,11,761771.00,675.10312410,0
2025-10-05 08:00:00,0.0009068,0.0009068,0.00087566,0.00088063,88902.00,1759665599999,79.61075813,9,12364.00,10.96049764,0
2025-10-05 12:00:00,0.00087129,0.00087129,0.00085036,0.00085421,288084.00,1759679999999,246.72930544,11,148024.00,126.52541624,0
2025-10-05 16:00:00,0.00085078,0.00086243,0.0008263,0.0008263,173219.00,1759694399999,146.59103364,12,83720.00,71.04343341,0
2025-10-05 20:00:00,0.00082572,0.00082572,0.0008142,0.00081741,40171.00,1759708799999,32.88409901,5,22825.00,18.65738325,0
2025-10-06 00:00:00,0.00082857,0.00082857,0.00081684,0.00082577,335237.00,1759723199999,275.29624157,10,137792.00,113.67174416,0
2025-10-06 04:00:00,0.000816,0.00081669,0.000816,0.00081669,43839.00,1759737599999,35.79027420,2,0.00,0.00000000,0
2025-10-06 08:00:00,0.0008243,0.000846,0.0008243,0.000846,34894.00,1759751999999,29.05870270,6,22120.00,18.52909450,0
2025-10-06 12:00:00,0.00085161,0.00090386,0.00085161,0.00090386,366963.00,1759766399999,318.31865344,18,160078.00,139.38179966,0
2025-10-06 16:00:00,0.00090386,0.00090386,0.0008796,0.0008796,387786.00,1759780799999,346.82325292,8,268501.00,241.64625453,0
2025-10-06 20:00:00,0.00088535,0.00089426,0.00088382,0.00088425,461290.00,1759795199999,408.73094747,5,402285.00,356.49033752,0
2025-10-07 00:00:00,0.0008979,0.0008979,0.00087566,0.00087567,16490.00,1759809599999,14.51981481,4,11909.00,10.50841635,0
2025-10-07 04:00:00,0.0008979,0.00090386,0.00085279,0.00085279,123789.00,1759823999999,107.08125850,12,26685.00,23.37308767,0
2025-10-07 08:00:00,0.00085279,0.00086296,0.00083603,0.00085995,100641.00,1759838399999,86.10728877,14,49942.00,42.85197383,0
2025-10-07 12:00:00,0.00085989,0.00086067,0.00080796,0.00080796,99407.00,1759852799999,83.24082227,19,9355.00,8.04975435,0
2025-10-07 16:00:00,0.0008035,0.00081847,0.00079293,0.0007982,40118.00,1759867199999,32.29899580,9,16590.00,13.48899720,0
2025-10-07 20:00:00,0.00080382,0.00081654,0.0007982,0.0007982,196098.00,1759881599999,158.93923694,10,165387.00,134.36652333,0
2025-10-08 00:00:00,0.0007988,0.00079998,0.00077735,0.00077735,10965046.00,1759895999999,8677.88835103,25,9302420.00,7360.30364487,0
2025-10-08 04:00:00,0.000788,0.000788,0.00077811,0.00077811,17847.00,1759910399999,13.92042854,3,15244.00,11.88865689,0
2025-10-08 08:00:00,0.00078206,0.00078546,0.00078206,0.00078546,90184.00,1759924799999,70.79752844,2,78891.00,61.96572486,0
2025-10-08 12:00:00,0.00077222,0.00077616,0.00076207,0.00076207,132272.00,1759939199999,102.03116916,7,15475.00,12.01107600,0
2025-10-08 16:00:00,0.00076916,0.00080238,0.00076916,0.00080089,98342.00,1759953599999,78.29299591,8,98342.00,78.29299591,0
2025-10-08 20:00:00,0.0007877,0.0007877,0.00077298,0.00077975,46125.00,1759967999999,36.04908218,7,15024.00,11.77093530,0
2025-10-09 00:00:00,0.00077222,0.00077222,0.00072758,0.00074023,119929.00,1759982399999,89.22265068,19,38874.00,28.67781120,0
2025-10-09 04:00:00,0.00073389,0.00073389,0.00073389,0.00073389,29311.00,1759996799999,21.51104979,1,0.00,0.00000000,0
2025-10-09 08:00:00,0.00072279,0.00072279,0.00069916,0.000719,1201666.00,1760011199999,846.50228549,13,8055.00,5.78020850,0
2025-10-09 12:00:00,0.00070995,0.00070995,0.00069953,0.00069953,80299.00,1760025599999,56.29711605,5,2815.00,1.99850925,0
2025-10-09 16:00:00,0.00070117,0.00072731,0.00070117,0.00072731,80961.00,1760039999999,58.71714527,5,80961.00,58.71714527,0
2025-10-09 20:00:00,0.00071368,0.00071845,0.00070639,0.00070639,1416740.00,1760054399999,1010.90145647,9,1315993.00,939.32789082,0
2025-10-10 00:00:00,0.00071849,0.0007314,0.00071849,0.00072609,101016.00,1760068799999,72.99698754,6,21395.00,15.50625135,0
2025-10-10 04:00:00,0.00072864,0.0007369,0.00070384,0.00070384,166874.00,1760083199999,121.31635618,8,143231.00,104.40974926,0
2025-10-10 08:00:00,0.000709,0.000709,0.000709,0.000709,29348.00,1760097599999,20.80773200,1,0.00,0.00000000,0
2025-10-10 12:00:00,0.00072175,0.00072787,0.000665,0.000665,434532.00,1760111999999,299.50320371,17,68937.00,50.13619689,0
2025-10-10 16:00:00,0.00066286,0.00066286,0.00063701,0.00063701,527201.00,1760126399999,343.60998370,9,124990.00,82.41341694,0
2025-10-10 20:00:00,0.00062151,0.00062151,0.0005,0.0005,1547250.00,1760140799999,861.07511301,20,23375.00,13.50845426,0
2025-10-11 00:00:00,0.00052405,0.00053465,0.0005,0.00053465,49297.00,1760155199999,25.59086625,14,47309.00,24.59686625,0
2025-10-11 04:00:00,0.00052138,0.00053822,0.00051791,0.00052138,46594.00,1760169599999,24.57884307,15,21502.00,11.46542077,0
2025-10-11 08:00:00,0.00052138,0.00052138,0.00051447,0.00051447,12936.00,1760183999999,6.70365758,5,0.00,0.00000000,0
2025-10-11 12:00:00,0.00052756,0.00054183,0.00052756,0.00054183,23184.00,1760198399999,12.37266083,6,23184.00,12.37266083,0
2025-10-11 16:00:00,0.00054183,0.00058697,0.00053192,0.00053906,198103.00,1760212799999,110.91337651,42,104092.00,58.75611163,0
2025-10-11 20:00:00,0.00055278,0.00059485,0.00053906,0.00057919,134386.00,1760227199999,76.28557856,30,80693.00,46.03714027,0
2025-10-12 00:00:00,0.00057919,0.00075,0.00057623,0.00075,426014.00,1760241599999,272.58393300,89,323458.00,210.99656639,0
2025-10-12 04:00:00,0.00075102,0.00076102,0.00069916,0.00069916,93190.00,1760255999999,67.81297962,23,29390.00,21.82123560,0
2025-10-12 08:00:00,0.00069916,0.00069916,0.0004617,0.0004617,469943.00,1760270399999,260.42918491,58,2918.00,1.34724060,0
2025-10-12 12:00:00,0.00046243,0.00050497,0.00046243,0.00050446,493739.00,1760284799999,246.73175135,16,442216.00,221.97965199,0
2025-10-12 16:00:00,0.00050687,0.00054183,0.00050687,0.00052684,232809.00,1760299199999,122.50454555,20,110133.00,58.40976288,0
2025-10-12 20:00:00,0.00053048,0.00053048,0.00052251,0.00052786,366935.00,1760313599999,194.20391961,7,297218.00,157.30918422,0
2025-10-13 00:00:00,0.00051953,0.00053465,0.00051953,0.00052139,27960.00,1760327999999,14.62682974,4,11323.00,5.98340913,0
2025-10-13 04:00:00,0.00052138,0.00053109,0.00051105,0.00053109,63458.00,1760342399999,32.93510881,9,22120.00,11.63108310,0
2025-10-13 08:00:00,0.00052928,0.00052928,0.00050093,0.00050093,319873.00,1760356799999,167.51609372,14,223684.00,118.01540420,0
2025-10-13 12:00:00,0.00051026,0.00052756,0.00050765,0.00050765,64052.00,1760371199999,33.06184240,12,41577.00,21.53734179,0
2025-10-13 16:00:00,0.00051252,0.00053549,0.00051252,0.00053549,124943.00,1760385599999,66.35881441,8,115003.00,61.26436561,0
2025-10-13 20:00:00,0.00053623,0.00054216,0.00053623,0.0005396,655838.00,1760399999999,353.14652387,7,655838.00,353.14652387,0
2025-10-14 00:00:00,0.00053192,0.00053192,0.00051656,0.00052157,80741.00,1760414399999,42.12837265,7,37260.00,19.43369820,0
2025-10-14 04:00:00,0.00051447,0.00051447,0.0004749,0.0004749,79590.00,1760428799999,39.43268349,14,7979.00,3.99700026,0
2025-10-14 08:00:00,0.00047529,0.00048221,0.00047174,0.00048197,162238.00,1760443199999,77.83387220,7,111986.00,53.94680426,0
2025-10-14 12:00:00,0.00048289,0.00049889,0.00048289,0.00049889,146213.00,1760457599999,70.98642000,11,139797.00,67.87301088,0
2025-10-14 16:00:00,0.00050015,0.00051454,0.00049429,0.00049429,112058.00,1760471999999,56.85107009,15,82212.00,41.87604529,0
2025-10-14 20:00:00,0.00050102,0.00051189,0.00049937,0.00050287,213089.00,1760486399999,107.70538489,8,118962.00,60.59595224,0
2025-10-15 00:00:00,0.00050173,0.00050173,0.00049422,0.00049422,68970.00,1760500799999,34.20329043,5,7970.00,3.99878810,0
2025-10-15 04:00:00,0.00049422,0.00049422,0.00049422,0.00049422,0.00,1760515199999,0.00000000,0,0.00,0.00000000,0
2025-10-15 08:00:00,0.0005035,0.00051491,0.00049429,0.00049429,140635.00,1760529599999,71.37946853,10,64661.00,33.15446531,0
2025-10-15 12:00:00,0.000491,0.000491,0.00047281,0.00047328,141065.00,1760543999999,67.14239682,9,31530.00,14.99819040,0
2025-10-15 16:00:00,0.00047735,0.00048053,0.00047105,0.00047634,1860100.00,1760558399999,879.38068923,16,335527.00,160.59821018,0
2025-10-15 20:00:00,0.00048053,0.00048466,0.00047338,0.00047592,108800.00,1760572799999,51.91877283,8,51073.00,24.45337611,0
2025-10-16 00:00:00,0.00047651,0.00047934,0.00021,0.00047564,432527.00,1760587199999,202.44187418,16,173050.00,82.94978700,0
2025-10-16 04:00:00,0.00047733,0.00048113,0.00047701,0.00047701,462103.00,1760601599999,221.49269927,5,440263.00,211.07480087,0
2025-10-16 08:00:00,0.00047561,0.00048699,0.0004686,0.00048026,63685.00,1760615999999,30.39000548,8,22120.00,10.66515800,0
2025-10-16 12:00:00,0.00048784,0.00049134,0.00047174,0.00047174,428891.00,1760630399999,208.92655587,11,402170.00,196.14857947,0
2025-10-16 16:00:00,0.0004686,0.00046861,0.00045329,0.00045329,36763.00,1760644799999,17.09229137,8,17467.00,8.13943696,0
2025-10-16 20:00:00,0.00044855,0.00044964,0.00044345,0.00044345,53351.00,1760659199999,23.76148661,5,35001.00,15.62417911,0
2025-10-17 00:00:00,0.00044889,0.00045039,0.00044391,0.00044391,27590.00,1760673599999,12.34396082,4,11252.00,5.06308778,0
2025-10-17 04:00:00,0.00044132,0.00044132,0.00041792,0.00041792,80402.00,1760687999999,34.08382395,6,72725.00,30.71940403,0
2025-10-17 08:00:00,0.000413,0.00043189,0.000413,0.00043189,138018.00,1760702399999,57.65005165,7,99569.00,41.77061465,0
2025-10-17 12:00:00,0.00043478,0.00043593,0.00043131,0.00043131,142387.00,1760716799999,61.74384669,5,73752.00,32.13825619,0
2025-10-17 16:00:00,0.00043768,0.00043768,0.00043745,0.00043745,13842.00,1760731199999,6.05731523,2,0.00,0.00000000,0
2025-10-17 20:00:00,0.00043768,0.00044083,0.00043768,0.00044083,77887.00,1760745599999,34.28698384,6,77887.00,34.28698384,0
2025-10-18 00:00:00,0.00043717,0.0004406,0.00043717,0.00043979,224982.00,1760759999999,98.81897811,5,147553.00,64.93449913,0
2025-10-18 04:00:00,0.00043555,0.00043938,0.00043257,0.00043938,95014.00,1760774399999,41.43220595,6,90221.00,39.35889794,0
2025-10-18 08:00:00,0.00043684,0.00044422,0.00043684,0.00044422,112243.00,1760788799999,49.22494874,6,19007.00,8.43975034,0
2025-10-18 12:00:00,0.00043548,0.0004401,0.00043436,0.00043855,110317.00,1760803199999,48.23724546,11,67430.00,29.56478099,0
2025-10-18 16:00:00,0.00044358,0.00045848,0.00044358,0.00045399,143851.00,1760817599999,65.44134379,7,84870.00,38.66455960,0
2025-10-18 20:00:00,0.00045711,0.00045711,0.00045711,0.00045711,21062.00,1760831999999,9.62765082,1,21062.00,9.62765082,0
2025-10-19 00:00:00,0.00045862,0.00046168,0.00045401,0.00045491,112891.00,1760846399999,51.36626040,5,8697.00,3.99830916,0
2025-10-19 04:00:00,0.00045491,0.00045491,0.00045491,0.00045491,0.00,1760860799999,0.00000000,0,0.00,0.00000000,0
2025-10-19 08:00:00,0.00046168,0.000471,0.00044724,0.000471,63527.00,1760875199999,29.14425008,13,46777.00,21.58208131,0
2025-10-19 12:00:00,0.000471,0.000471,0.000471,0.000471,0.00,1760889599999,0.00000000,0,0.00,0.00000000,0
2025-10-19 16:00:00,0.00047415,0.00047901,0.00047415,0.0004745,137336.00,1760903999999,65.30319722,7,34018.00,16.25879598,0
2025-10-19 20:00:00,0.00047871,0.00047871,0.00047219,0.00047219,213115.00,1760918399999,101.72525993,3,213115.00,101.72525993,0
2025-10-20 00:00:00,0.0004686,0.00048375,0.00045932,0.00048375,151686.00,1760932799999,71.13382313,18,80024.00,37.76969665,0
2025-10-20 04:00:00,0.00048699,0.00048831,0.0004857,0.00048698,92559.00,1760947199999,45.07673990,5,92559.00,45.07673990,0
2025-10-20 08:00:00,0.00048766,0.00048862,0.00048322,0.00048322,34362.00,1760961599999,16.75249680,3,10308.00,4.99923132,0
2025-10-20 12:00:00,0.00048289,0.00048289,0.00048289,0.00048289,17858.00,1760975999999,8.62344962,1,0.00,0.00000000,0
2025-10-20 16:00:00,0.00047831,0.00048387,0.00047831,0.00048042,1464261.00,1760990399999,701.80895273,3,1289323.00,617.76523877,0
2025-10-20 20:00:00,0.00048175,0.00048175,0.00048175,0.00048175,4150.00,1761004799999,1.99926250,1,4150.00,1.99926250,0
2025-10-21 00:00:00,0.00047809,0.00047809,0.00046239,0.00046466,73886.00,1761019199999,34.67880241,11,40207.00,18.84285565,0
2025-10-21 04:00:00,0.00045932,0.00045932,0.00044071,0.00044071,128848.00,1761033599999,57.73304569,10,86406.00,38.67100530,0
2025-10-21 08:00:00,0.0004465,0.0004465,0.0004465,0.0004465,6956.00,1761047999999,3.10585400,1,0.00,0.00000000,0
2025-10-21 12:00:00,0.00044954,0.00048699,0.00044954,0.00048699,72829.00,1761062399999,34.08080769,14,72829.00,34.08080769,0
2025-10-21 16:00:00,0.00049025,0.00049992,0.00047808,0.00047808,1182410.00,1761076799999,566.64478820,10,1126132.00,539.05466930,0
2025-10-21 20:00:00,0.00047529,0.00047529,0.00044724,0.00044724,110187.00,1761091199999,51.34753778,13,25327.00,11.99029141,0
2025-10-22 00:00:00,0.0004523,0.0004523,0.00044315,0.00044315,68983.00,1761105599999,30.71748545,3,15452.00,6.98893960,0
2025-10-22 04:00:00,0.00045255,0.00045282,0.00044391,0.00044391,112766.00,1761119999999,50.39418199,6,57880.00,25.99338437,0
2025-10-22 08:00:00,0.00044807,0.00044807,0.0004421,0.0004421,62043.00,1761134399999,27.56235921,2,22303.00,9.99330521,0
2025-10-22 12:00:00,0.00044875,0.00044875,0.00044875,0.00044875,8908.00,1761148799999,3.99746500,1,8908.00,3.99746500,0
2025-10-22 16:00:00,0.00044913,0.00044913,0.00043576,0.00044136,1537312.00,1761163199999,678.17328776,37,888249.00,393.07248315,0
2025-10-22 20:00:00,0.00044002,0.00044002,0.00042064,0.00042299,409919.00,1761177599999,173.78230949,15,369879.00,156.72896048,0
2025-10-23 00:00:00,0.00041837,0.00044063,0.00041837,0.00044063,30014.00,1761191999999,13.01130198,6,27650.00,12.02227530,0
2025-10-23 04:00:00,0.00043869,0.00044434,0.00043869,0.00043971,32264.00,1761206399999,14.20928041,4,9005.00,3.99707890,0
2025-10-23 08:00:00,0.00044321,0.00044321,0.00044321,0.00044321,10173.00,1761220799999,4.50877533,1,0.00,0.00000000,0
2025-10-23 12:00:00,0.00043547,0.00044358,0.00021,0.00044358,277041.00,1761235199999,120.08954721,23,54360.00,23.98459180,0
2025-10-23 16:00:00,0.00044358,0.00044358,0.00044358,0.00044358,0.00,1761249599999,0.00000000,0,0.00,0.00000000,0
2025-10-23 20:00:00,0.00044101,0.00044101,0.00043754,0.0004383,31972.00,1761263999999,14.02437797,3,5555.00,2.44981055,0
2025-10-24 00:00:00,0.00044358,0.00044645,0.00044124,0.00044645,537997.00,1761278399999,238.67038659,14,282656.00,125.84781455,0
2025-10-24 04:00:00,0.00044541,0.00045688,0.00044541,0.00045569,39987.00,1761292799999,18.03225687,7,39987.00,18.03225687,0
2025-10-24 08:00:00,0.00044783,0.00044954,0.00044783,0.00044954,80628.00,1761307199999,36.23359755,2,0.00,0.00000000,0
2025-10-24 12:00:00,0.00045862,0.00049353,0.00043779,0.00044233,375144.00,1761321599999,170.12080161,43,99925.00,46.70433819,0
2025-10-24 16:00:00,0.00044233,0.00044233,0.00044233,0.00044233,0.00,1761335999999,0.00000000,0,0.00,0.00000000,0
2025-10-24 20:00:00,0.00044227,0.00045557,0.00044227,0.00045557,39774.00,1761350399999,17.79261118,6,22120.00,9.97733660,0
2025-10-25 00:00:00,0.00045862,0.00046444,0.00045862,0.00046411,161951.00,1761364799999,75.13541861,8,84307.00,39.07443925,0
2025-10-25 04:00:00,0.00046477,0.00046539,0.00045825,0.00045825,246759.00,1761379199999,114.62424987,6,235337.00,109.39011837,0
2025-10-25 08:00:00,0.00046179,0.00046179,0.0004568,0.00045791,50683.00,1761393599999,23.30590909,6,27253.00,12.56604221,0
2025-10-25 12:00:00,0.0004611,0.00046357,0.00045905,0.00046357,396016.00,1761407999999,182.39660983,6,76777.00,35.41611348,0
2025-10-25 16:00:00,0.00046146,0.00047313,0.00045961,0.00046801,188905.00,1761422399999,88.10820740,8,121553.00,56.72231508,0
2025-10-25 20:00:00,0.00046801,0.00046801,0.00046801,0.00046801,0.00,1761436799999,0.00000000,0,0.00,0.00000000,0
2025-10-26 00:00:00,0.00046239,0.00046239,0.00045324,0.00045853,240171.00,1761451199999,110.10930949,5,217723.00,99.83252719,0
2025-10-26 04:00:00,0.00046168,0.0004626,0.00045649,0.00045752,246055.00,1761465599999,113.10754347,6,127116.00,58.76303955,0
2025-10-26 08:00:00,0.00046241,0.00047415,0.00046101,0.00047415,28342.00,1761479999999,13.19848234,7,25718.00,11.98879210,0
2025-10-26 12:00:00,0.00047415,0.00048375,0.00047415,0.00048375,21632.00,1761494399999,10.36276760,4,21632.00,10.36276760,0
2025-10-26 16:00:00,0.00048242,0.00048242,0.00047379,0.00047379,237125.00,1761508799999,113.03307396,5,215369.00,102.70761458,0
2025-10-26 20:00:00,0.00047574,0.00048344,0.00047199,0.00048344,144178.00,1761523199999,68.55028323,5,69486.00,33.18554184,0
2025-10-27 00:00:00,0.00047174,0.00048379,0.00045,0.00048379,630724.00,1761537599999,290.01997444,20,66530.00,32.18632750,0
2025-10-27 04:00:00,0.00048346,0.00048346,0.00047294,0.00047491,290029.00,1761551999999,138.58762767,7,145411.00,69.72788836,0
2025-10-27 08:00:00,0.00047175,0.00047175,0.00046038,0.00046192,104678.00,1761566399999,48.49465478,8,16548.00,7.75791770,0
2025-10-27 12:00:00,0.00047057,0.00047057,0.00046349,0.00046349,188329.00,1761580799999,88.35827759,3,188329.00,88.35827759,0
2025-10-27 16:00:00,0.0004658,0.00048053,0.0004658,0.00048053,26012.00,1761595199999,12.33653890,5,22120.00,10.52364530,0
2025-10-27 20:00:00,0.00047174,0.00047174,0.00045265,0.00045265,292432.00,1761609599999,134.93588444,15,196920.00,91.00397010,0
2025-10-28 00:00:00,0.00045023,0.00045023,0.00045,0.00045,36253.00,1761623999999,16.31519872,2,0.00,0.00000000,0
2025-10-28 04:00:00,0.00045714,0.00045779,0.00045156,0.00045156,366815.00,1761638399999,166.97939319,13,198449.00,90.72373817,0
2025-10-28 08:00:00,0.00045821,0.00046261,0.00045355,0.00045996,184931.00,1761652799999,84.96807393,8,17320.00,7.96400280,0
2025-10-28 12:00:00,0.00045811,0.00047546,0.00045627,0.00046788,183999.00,1761667199999,86.22167871,14,122315.00,57.77745869,0
2025-10-28 16:00:00,0.00046788,0.00046792,0.00044855,0.00044855,184888.00,1761681599999,84.37418194,9,22804.00,10.67039044,0
2025-10-28 20:00:00,0.00045428,0.00045428,0.0004414,0.00044381,57895.00,1761695999999,25.85778309,9,37127.00,16.62493162,0
2025-10-29 00:00:00,0.00044336,0.00044888,0.00044336,0.00044868,481390.00,1761710399999,215.46307113,6,352204.00,158.03114913,0
2025-10-29 04:00:00,0.00045255,0.00045738,0.00045214,0.00045214,41022.00,1761724799999,18.62130132,4,21056.00,9.59387408,0
2025-10-29 08:00:00,0.00044862,0.00045398,0.00044728,0.00045369,243712.00,1761739199999,110.41131242,6,0.00,0.00000000,0
2025-10-29 12:00:00,0.00045456,0.00045456,0.00045071,0.00045071,75335.00,1761753599999,34.10310965,2,38668.00,17.57692608,0
2025-10-29 16:00:00,0.00044729,0.00046629,0.00044724,0.00046214,63482.00,1761767999999,29.04038378,11,42110.00,19.24711670,0
2025-10-29 20:00:00,0.00046236,0.00046236,0.00045023,0.00045023,29978.00,1761782399999,13.70697470,4,0.00,0.00000000,0
2025-10-30 00:00:00,0.00045037,0.00045565,0.00045037,0.00045565,83116.00,1761796799999,37.74291004,2,83116.00,37.74291004,0
2025-10-30 04:00:00,0.00044724,0.00044724,0.00043547,0.00044358,32577.00,1761811199999,14.38747074,6,4506.00,1.99877148,0
2025-10-30 08:00:00,0.00043257,0.00043257,0.00042644,0.00042644,19132.00,1761825599999,8.21346630,4,0.00,0.00000000,0
2025-10-30 12:00:00,0.00042399,0.00042399,0.00040674,0.00040674,90957.00,1761839999999,37.60844069,15,23479.00,9.74103092,0
2025-10-30 16:00:00,0.00040216,0.00040216,0.00039499,0.00039499,139538.00,1761854399999,55.84503554,7,86867.00,34.92687955,0
2025-10-30 20:00:00,0.00039523,0.00039523,0.00039093,0.00039332,79257.00,1761868799999,31.05168532,4,20263.00,7.98916090,0
2025-10-31 00:00:00,0.000396,0.00039634,0.00038836,0.00038995,612418.00,1761883199999,239.77928693,11,371054.00,145.87576837,0
2025-10-31 04:00:00,0.00038995,0.00038995,0.00038995,0.00038995,0.00,1761897599999,0.00000000,0,0.00,0.00000000,0
2025-10-31 08:00:00,0.00039335,0.00039604,0.00039303,0.00039303,72449.00,1761911999999,28.50891940,6,12657.00,4.99763668,0
2025-10-31 12:00:00,0.00039865,0.00040944,0.00039865,0.00040827,517938.00,1761926399999,210.04654502,12,281689.00,114.85027209,0
2025-10-31 16:00:00,0.00039928,0.00040132,0.00022001,0.00040132,106042.00,1761940799999,37.03739137,15,27650.00,10.94978710,0
2025-10-31 20:00:00,0.00040401,0.00040495,0.0003985,0.0003985,1308416.00,1761955199999,523.34714766,8,1276665.00,510.65341537,0
2025-11-01 00:00:00,0.00039786,0.00039786,0.00039786,0.00039786,60000.00,1761969599999,23.87160000,1,0.00,0.00000000,0
2025-11-01 04:00:00,0.00040672,0.00041001,0.00040672,0.00041001,28017.00,1761983999999,11.46590437,4,28017.00,11.46590437,0
2025-11-01 08:00:00,0.00041217,0.00042471,0.00041217,0.00042471,103807.00,1761998399999,43.05766143,7,37026.00,15.53253666,0
2025-11-01 12:00:00,0.00042616,0.00046477,0.00042616,0.0004623,91802.00,1762012799999,41.20648166,17,78778.00,35.19306404,0
2025-11-01 16:00:00,0.00046788,0.00050015,0.00046788,0.00050015,211092.00,1762027199999,102.77819569,25,120945.00,58.60682204,0
2025-11-01 20:00:00,0.0005035,0.00062328,0.0005035,0.00055364,1127125.00,1762041599999,650.04843564,66,1011041.00,582.52369680,0
2025-11-02 00:00:00,0.00054996,0.00054996,0.0004623,0.0004623,565460.00,1762055999999,274.57890842,44,133170.00,66.74459630,0
2025-11-02 04:00:00,0.000471,0.00048375,0.00045932,0.0004623,238873.00,1762070399999,111.99863089,18,190741.00,89.35013429,0
2025-11-02 08:00:00,0.00046224,0.00046728,0.00046037,0.00046037,32050.00,1762084799999,14.84213944,3,8332.00,3.89337696,0
2025-11-02 12:00:00,0.00045627,0.00045627,0.00044132,0.00044132,33663.00,1762099199999,15.10666847,7,0.00,0.00000000,0
2025-11-02 16:00:00,0.00043839,0.00043839,0.00042683,0.0004331,192451.00,1762113599999,83.34809154,9,4594.00,1.99737932,0
2025-11-02 20:00:00,0.00043452,0.00044063,0.0004326,0.00043995,137149.00,1762127999999,59.86340813,8,9117.00,3.99548991,0
2025-11-03 00:00:00,0.00044,0.00044,0.00040464,0.00040464,169674.00,1762142399999,73.08107960,14,4762.00,1.99532562,0
2025-11-03 04:00:00,0.0004033,0.00041204,0.0004033,0.00040754,64519.00,1762156799999,26.30777901,6,48628.00,19.84182463,0
2025-11-03 08:00:00,0.00040866,0.00041236,0.00040583,0.00041236,57358.00,1762171199999,23.51421856,7,41778.00,17.12827706,0
2025-11-03 12:00:00,0.00040791,0.00040791,0.00038105,0.00038105,98722.00,1762185599999,39.31701339,13,19600.00,7.99503600,0
2025-11-03 16:00:00,0.00038557,0.00039706,0.00038557,0.00039706,47753.00,1762199999999,18.78672178,6,47753.00,18.78672178,0
2025-11-03 20:00:00,0.00038877,0.00039078,0.00038105,0.00038684,252173.00,1762214399999,97.76102722,12,123995.00,48.29415341,0
2025-11-04 00:00:00,0.00038341,0.00039525,0.00038341,0.00039525,43684.00,1762228799999,17.01390676,4,25373.00,9.99328625,0
2025-11-04 04:00:00,0.00038989,0.00038989,0.00035696,0.00035696,113446.00,1762243199999,42.58586920,14,56362.00,21.43854148,0
2025-11-04 08:00:00,0.00036309,0.00036552,0.00036282,0.00036552,124293.00,1762257599999,45.11215926,4,10967.00,3.99521994,0
2025-11-04 12:00:00,0.00036552,0.00036552,0.00036552,0.00036552,0.00,1762271999999,0.00000000,0,0.00,0.00000000,0
2025-11-04 16:00:00,0.00036024,0.00036024,0.00022,0.00034646,1360740.00,1762286399999,484.36264120,8,1339102.00,478.13433455,0
2025-11-04 20:00:00,0.0003382,0.0003382,0.00031027,0.00031889,1014568.00,1762300799999,327.39598079,21,200852.00,64.66578684,0
2025-11-05 00:00:00,0.00032632,0.00032851,0.00031823,0.0003251,17506.00,1762315199999,5.66132974,4,11704.00,3.77509954,0
2025-11-05 04:00:00,0.00032632,0.00033094,0.00032632,0.00033094,90000.00,1762329599999,29.74571212,4,90000.00,29.74571212,0
2025-11-05 08:00:00,0.00032519,0.00033071,0.00032519,0.00033071,153551.00,1762343999999,50.23630798,4,6012.00,1.98822852,0
2025-11-05 12:00:00,0.00033292,0.00036067,0.00033292,0.00034938,191445.00,1762358399999,66.95494894,19,165028.00,57.69038028,0
2025-11-05 16:00:00,0.00035568,0.000383,0.00035568,0.000383,95830.00,1762372799999,35.35555954,16,89550.00,33.12188914,0
2025-11-05 20:00:00,0.00038557,0.00039184,0.000376,0.00037932,147614.00,1762387199999,56.74476074,12,74674.00,28.67060934,0
2025-11-06 00:00:00,0.000383,0.00039336,0.000383,0.00039336,27650.00,1762401599999,10.73273460,5,27650.00,10.73273460,0
2025-11-06 04:00:00,0.00039534,0.00039534,0.00038664,0.00038664,62814.00,1762415999999,24.36470496,2,62814.00,24.36470496,0
2025-11-06 08:00:00,0.00038617,0.00038815,0.00037853,0.00037853,197888.00,1762430399999,75.90693172,8,83959.00,32.03976693,0
2025-11-06 12:00:00,0.00037853,0.00037853,0.00036204,0.00036991,318947.00,1762444799999,117.95712472,13,196069.00,73.05344519,0
2025-11-06 16:00:00,0.00036125,0.00036125,0.00035884,0.00035884,149548.00,1762459199999,54.01058337,3,138305.00,49.96268125,0
2025-11-06 20:00:00,0.00035646,0.00035743,0.00035408,0.00035743,1015128.00,1762473599999,360.28312209,13,24371.00,8.69567259,0
2025-11-07 00:00:00,0.00036309,0.00036979,0.00036109,0.00036796,828487.00,1762487999999,301.78998116,20,431940.00,157.63709454,0
2025-11-07 04:00:00,0.00036796,0.00036796,0.00036587,0.00036587,66585.00,1762502399999,24.47777917,2,10927.00,3.99786149,0
2025-11-07 08:00:00,0.00036002,0.00036002,0.00034706,0.00034706,37117.00,1762516799999,13.14942351,7,0.00,0.00000000,0
2025-11-07 12:00:00,0.00034475,0.00034475,0.00034246,0.00034246,10853.00,1762531199999,3.72956528,2,0.00,0.00000000,0
2025-11-07 16:00:00,0.00035117,0.00037793,0.00035117,0.00037793,66360.00,1762545599999,24.18152870,12,66360.00,24.18152870,0
2025-11-07 20:00:00,0.00038046,0.000396,0.00034475,0.00034475,126652.00,1762559999999,47.04243331,26,30948.00,11.99322605,0
2025-11-08 00:00:00,0.00034475,0.00038499,0.00022001,0.0003808,1046490.00,1762574399999,358.37193401,111,944359.00,325.52100573,0
2025-11-08 04:00:00,0.00037957,0.00037957,0.0002879,0.0002879,135129.00,1762588799999,49.96331247,6,118037.00,44.77364639,0
2025-11-08 08:00:00,0.0002879,0.0002879,0.0002879,0.0002879,63104.00,1762603199999,18.16764160,3,0.00,0.00000000,0
2025-11-08 12:00:00,0.0002879,0.00035884,0.0002879,0.00034938,127328.00,1762617599999,41.22233236,16,5530.00,1.62172780,0
2025-11-08 16:00:00,0.00035823,0.00035823,0.00034246,0.00034246,52222.00,1762631999999,18.40464771,9,30653.00,10.93986039,0
2025-11-08 20:00:00,0.00035117,0.00035827,0.00034475,0.00035827,22193.00,1762646399999,7.80060301,7,16883.00,5.96998051,0
2025-11-09 00:00:00,0.00035827,0.00036309,0.00035423,0.00035423,537485.00,1762660799999,192.43030802,7,29564.00,10.57767288,0
2025-11-09 04:00:00,0.00035423,0.00036772,0.00035423,0.00036772,302132.00,1762675199999,108.77656336,8,302132.00,108.77656336,0
2025-11-09 08:00:00,0.00035884,0.00037843,0.00033567,0.00037843,315479.00,1762689599999,114.27646696,48,220707.00,80.80191568,0
2025-11-09 12:00:00,0.00037511,0.00039462,0.00037511,0.00039462,191079.00,1762703999999,74.40221330,11,181277.00,70.72538508,0
2025-11-09 16:00:00,0.00039462,0.00039462,0.00039462,0.00039462,0.00,1762718399999,0.00000000,0,0.00,0.00000000,0
2025-11-09 20:00:00,0.00038618,0.00038618,0.00038105,0.00038105,25370.00,1762732799999,9.77660065,4,12930.00,4.99330740,0
2025-11-10 00:00:00,0.00038105,0.00038827,0.000376,0.00038827,40304.00,1762747199999,15.49109887,6,25760.00,9.98624060,0
2025-11-10 04:00:00,0.00038979,0.00039011,0.00038979,0.00039011,62148.00,1762761599999,24.24045388,2,62148.00,24.24045388,0
2025-11-10 08:00:00,0.00038133,0.00038133,0.00037511,0.00037511,303026.00,1762775999999,115.35042035,6,261883.00,99.86384439,0
2025-11-10 12:00:00,0.00038248,0.00038463,0.0003735,0.0003735,69887.00,1762790399999,26.40921996,9,26110.00,9.99207030,0
2025-11-10 16:00:00,0.00037639,0.00037803,0.00037639,0.00037803,29149.00,1762804799999,10.99305651,2,29149.00,10.99305651,0
2025-11-10 20:00:00,0.00037511,0.00037511,0.00037484,0.00037484,47125.00,1762819199999,17.67187745,3,47125.00,17.67187745,0
2025-11-11 00:00:00,0.0002879,0.00038987,0.00022001,0.00038987,782436.00,1762833599999,284.51400310,4,643096.00,249.99989256,0
2025-11-11 04:00:00,0.00037288,0.00037288,0.00037288,0.00037288,63138.00,1762847999999,23.54289744,1,63138.00,23.54289744,0
2025-11-11 08:00:00,0.00036761,0.00037161,0.00029901,0.00029901,236287.00,1762862399999,86.80539903,4,231197.00,85.28343813,0
2025-11-11 12:00:00,0.00029901,0.00029901,0.00029901,0.00029901,0.00,1762876799999,0.00000000,0,0.00,0.00000000,0
2025-11-11 16:00:00,0.00029901,0.00029901,0.00029901,0.00029901,6720.00,1762891199999,2.00934720,1,0.00,0.00000000,0
2025-11-11 20:00:00,0.00029901,0.00029901,0.00029901,0.00029901,0.00,1762905599999,0.00000000,0,0.00,0.00000000,0
2025-11-12 00:00:00,0.00029901,0.00029901,0.00029901,0.00029901,201640.00,1762919999999,60.29237640,7,0.00,0.00000000,0
2025-11-12 04:00:00,0.0003465,0.00037,0.0003465,0.00037,41935.00,1762934399999,15.39680500,2,41935.00,15.39680500,0
2025-11-12 08:00:00,0.00037,0.00037,0.00037,0.00037,0.00,1762948799999,0.00000000,0,0.00,0.00000000,0
2025-11-12 12:00:00,0.00037,0.00037,0.00029901,0.00029901,143679.00,1762963199999,44.36890553,4,19826.00,7.33562000,0
2025-11-12 16:00:00,0.00029901,0.00029901,0.00029901,0.00029901,123999.00,1762977599999,37.07694099,1,0.00,0.00000000,0
2025-11-12 20:00:00,0.00029901,0.00029901,0.00029901,0.00029901,0.00,1762991999999,0.00000000,0,0.00,0.00000000,0
2025-11-13 00:00:00,0.00029901,0.00029901,0.00027949,0.00029901,296713.00,1763006399999,88.58185493,4,9919.00,2.96588019,0
2025-11-13 04:00:00,0.00029901,0.00029901,0.00027949,0.00027949,93817.00,1763020799999,26.74201925,4,26696.00,7.98237096,0
2025-11-13 08:00:00,0.00027949,0.00037,0.00027949,0.00037,39289.00,1763035199999,12.91004347,4,24225.00,8.69980611,0
2025-11-13 12:00:00,0.00037,0.00037,0.00037,0.00037,192573.00,1763049599999,71.25201000,8,192573.00,71.25201000,0
2025-11-13 16:00:00,0.00037,0.00040243,0.00037,0.0003755,815652.00,1763063999999,311.74354254,16,815652.00,311.74354254,0
2025-11-13 20:00:00,0.00037428,0.0003962,0.0003455,0.0003962,1026933.00,1763078399999,391.62686667,20,977111.00,374.41336567,0
2025-11-14 00:00:00,0.0003961,0.0003961,0.00027949,0.00028,67411.00,1763092799999,22.96649909,5,22720.00,8.98273580,0
2025-11-14 04:00:00,0.00035,0.00035,0.00028,0.00028,1068354.00,1763107199999,316.49277000,8,36680.00,10.27040000,0
2025-11-14 08:00:00,0.00025305,0.00025305,0.00022077,0.00022077,177450.00,1763121599999,39.39609402,7,0.00,0.00000000,0
2025-11-14 12:00:00,0.00022079,0.00022079,0.00022078,0.00022078,98349.00,1763135999999,21.71367338,3,0.00,0.00000000,0
2025-11-14 16:00:00,0.000235,0.000235,0.000235,0.000235,108447.00,1763150399999,25.48504500,1,0.00,0.00000000,0
2025-11-14 20:00:00,0.000235,0.000235,0.000235,0.000235,0.00,1763164799999,0.00000000,0,0.00,0.00000000,0
2025-11-15 00:00:00,0.000235,0.000235,0.000235,0.000235,360753.00,1763179199999,84.77695500,3,0.00,0.00000000,0
2025-11-15 04:00:00,0.00028,0.00028,0.00028,0.00028,36566.00,1763193599999,10.23848000,3,36566.00,10.23848000,0
2025-11-15 08:00:00,0.00028,0.00028,0.00028,0.00028,33725.00,1763207999999,9.44300000,1,33725.00,9.44300000,0
2025-11-15 12:00:00,0.00028,0.00028,0.00028,0.00028,0.00,1763222399999,0.00000000,0,0.00,0.00000000,0
2025-11-15 16:00:00,0.00028,0.00028,0.00028,0.00028,21396.00,1763236799999,5.99088000,2,21396.00,5.99088000,0
2025-11-15 20:00:00,0.00028,0.00028,0.00022101,0.00022101,120702.00,1763251199999,30.85043733,5,47057.00,13.17596000,0
2025-11-16 00:00:00,0.000222,0.00027,0.00022101,0.00027,99709.00,1763265599999,23.02580034,3,0.00,0.00000000,0
2025-11-16 04:00:00,0.00031943,0.00037997,0.00031943,0.00037469,275912.00,1763279999999,103.16478049,7,275912.00,103.16478049,0
2025-11-16 08:00:00,0.00037198,0.00037567,0.00036451,0.00036451,47662.00,1763294399999,17.71263419,4,47662.00,17.71263419,0
2025-11-16 12:00:00,0.00036601,0.0003671,0.00036159,0.0003671,303962.00,1763308799999,110.72875447,5,303962.00,110.72875447,0
2025-11-16 16:00:00,0.00035679,0.00035679,0.00034886,0.00035303,199525.00,1763323199999,70.46596532,6,199525.00,70.46596532,0
2025-11-16 20:00:00,0.00027,0.00027,0.00022222,0.00022222,39702.00,1763337599999,9.18212294,3,0.00,0.00000000,0
2025-11-17 00:00:00,0.000345,0.00035,0.000345,0.00035,240589.00,1763351999999,83.20262500,4,240589.00,83.20262500,0
2025-11-17 04:00:00,0.00035,0.00035,0.00035,0.00035,43605.00,1763366399999,15.26175000,3,43605.00,15.26175000,0
2025-11-17 08:00:00,0.00035,0.00035,0.00035,0.00035,8574.00,1763380799999,3.00090000,1,8574.00,3.00090000,0
2025-11-17 12:00:00,0.00035,0.00035,0.00035,0.00035,0.00,1763395199999,0.00000000,0,0.00,0.00000000,0
2025-11-17 16:00:00,0.0003443,0.00034683,0.0003443,0.00034683,120117.00,1763409599999,41.55027891,3,120117.00,41.55027891,0
2025-11-17 20:00:00,0.0003294,0.0003294,0.00022222,0.00022222,229315.00,1763423999999,65.25029504,7,134268.00,43.84279450,0
2025-11-18 00:00:00,0.00022222,0.00022222,0.00022222,0.00022222,74772.00,1763438399999,16.61583384,3,0.00,0.00000000,0
2025-11-18 04:00:00,0.00022222,0.00022222,0.00022222,0.00022222,0.00,1763452799999,0.00000000,0,0.00,0.00000000,0
2025-11-18 08:00:00,0.00022222,0.00022222,0.00022222,0.00022222,0.00,1763467199999,0.00000000,0,0.00,0.00000000,0
2025-11-18 12:00:00,0.00022222,0.00022222,0.00022222,0.00022222,0.00,1763481599999,0.00000000,0,0.00,0.00000000,0
2025-11-18 16:00:00,0.00022222,0.00022222,0.00022222,0.00022222,0.00,1763495999999,0.00000000,0,0.00,0.00000000,0
2025-11-18 20:00:00,0.000223,0.00035,0.000223,0.00034971,99204.00,1763510399999,28.64222917,4,51369.00,17.97502417,0
2025-11-19 00:00:00,0.00034971,0.00035,0.00033,0.00033,171307.00,1763524799999,57.89116283,7,171307.00,57.89116283,0
2025-11-19 04:00:00,0.00033,0.00039,0.00030442,0.00039,1162522.00,1763539199999,438.43253890,22,1075602.00,408.26260690,0
2025-11-19 08:00:00,0.0003471,0.0003471,0.0003471,0.0003471,35525.00,1763553599999,12.33072750,2,0.00,0.00000000,0
2025-11-19 12:00:00,0.00034711,0.00034731,0.0003471,0.00034731,143642.00,1763567999999,49.86265656,6,107336.00,37.26084396,0
2025-11-19 16:00:00,0.00034731,0.00034744,0.00034711,0.00034711,309121.00,1763582399999,107.32432955,6,309121.00,107.32432955,0
2025-11-19 20:00:00,0.00034712,0.00034712,0.0003471,0.0003471,133643.00,1763596799999,46.38858220,5,0.00,0.00000000,0
2025-11-20 00:00:00,0.0003471,0.0003471,0.0003471,0.0003471,242405.00,1763611199999,84.13877550,4,0.00,0.00000000,0
2025-11-20 04:00:00,0.0003471,0.0003471,0.0003471,0.0003471,0.00,1763625599999,0.00000000,0,0.00,0.00000000,0
2025-11-20 08:00:00,0.0003471,0.0003471,0.0003471,0.0003471,0.00,1763639999999,0.00000000,0,0.00,0.00000000,0
2025-11-20 12:00:00,0.0003471,0.0003471,0.0003471,0.0003471,0.00,1763654399999,0.00000000,0,0.00,0.00000000,0
2025-11-20 16:00:00,0.0003471,0.0003471,0.0003471,0.0003471,69452.00,1763668799999,24.10678920,2,0.00,0.00000000,0
2025-11-20 20:00:00,0.0003471,0.0003471,0.0003471,0.0003471,0.00,1763683199999,0.00000000,0,0.00,0.00000000,0
2025-11-21 00:00:00,0.0003471,0.0003471,0.0003471,0.0003471,26563.00,1763697599999,9.22001730,1,0.00,0.00000000,0
2025-11-21 04:00:00,0.0003471,0.0003471,0.0003471,0.0003471,36115.00,1763711999999,12.53551650,2,0.00,0.00000000,0
2025-11-21 08:00:00,0.0003471,0.0003471,0.0003471,0.0003471,10047.00,1763726399999,3.48731370,1,0.00,0.00000000,0
2025-11-21 12:00:00,0.0003471,0.0003471,0.00032951,0.00032951,195059.00,1763740799999,67.47236874,5,8697.00,3.01872870,0
2025-11-21 16:00:00,0.0003471,0.0003471,0.00028403,0.00028403,55950.00,1763755199999,18.25201910,3,28676.00,9.95343960,0
2025-11-21 20:00:00,0.0003471,0.0003471,0.0003471,0.0003471,8000.00,1763769599999,2.77680000,1,8000.00,2.77680000,0
2025-11-22 00:00:00,0.0003471,0.0003471,0.00026168,0.0003471,566186.00,1763783999999,167.84824928,14,301271.00,98.05753303,0
2025-11-22 04:00:00,0.00026833,0.00027438,0.00026833,0.00027438,13307.00,1763798399999,3.62093676,2,13307.00,3.62093676,0
2025-11-22 08:00:00,0.00027438,0.00027438,0.00027438,0.00027438,0.00,1763812799999,0.00000000,0,0.00,0.00000000,0
2025-11-22 12:00:00,0.0003471,0.0003471,0.0003471,0.0003471,113558.00,1763827199999,39.41598180,1,113558.00,39.41598180,0
2025-11-22 16:00:00,0.0003471,0.0003471,0.0003471,0.0003471,0.00,1763841599999,0.00000000,0,0.00,0.00000000,0
2025-11-22 20:00:00,0.0003471,0.0003471,0.0003471,0.0003471,0.00,1763855999999,0.00000000,0,0.00,0.00000000,0
2025-11-23 00:00:00,0.00026492,0.00026836,0.00026492,0.00026829,126468.00,1763870399999,33.91798256,3,126468.00,33.91798256,0
2025-11-23 04:00:00,0.00026829,0.00026829,0.00026829,0.00026829,0.00,1763884799999,0.00000000,0,0.00,0.00000000,0
2025-11-23 08:00:00,0.0002685,0.0002685,0.0002685,0.0002685,5143.00,1763899199999,1.38089550,1,0.00,0.00000000,0
2025-11-23 12:00:00,0.0002685,0.0002685,0.0002685,0.0002685,11194.00,1763913599999,3.00558900,1,0.00,0.00000000,0
2025-11-23 16:00:00,0.0002685,0.0002685,0.0002685,0.0002685,0.00,1763927999999,0.00000000,0,0.00,0.00000000,0
2025-11-23 20:00:00,0.000269,0.000269,0.0002685,0.0002685,249446.00,1763942399999,67.00396500,3,0.00,0.00000000,0
2025-11-24 00:00:00,0.0002685,0.00030472,0.0002685,0.00030472,19856.00,1763956799999,5.56872188,2,6554.00,1.99713488,0
2025-11-24 04:00:00,0.00030472,0.00030472,0.00030472,0.00030472,0.00,1763971199999,0.00000000,0,0.00,0.00000000,0
2025-11-24 08:00:00,0.00030472,0.00030472,0.00030472,0.00030472,0.00,1763985599999,0.00000000,0,0.00,0.00000000,0
2025-11-24 12:00:00,0.0002685,0.0002685,0.0002685,0.0002685,861793.00,1763999999999,231.39142050,2,0.00,0.00000000,0
2025-11-24 16:00:00,0.0002685,0.0002685,0.0002685,0.0002685,0.00,1764014399999,0.00000000,0,0.00,0.00000000,0
2025-11-24 20:00:00,0.00026888,0.00026888,0.00026888,0.00026888,58532.00,1764028799999,15.73808416,1,0.00,0.00000000,0
2025-11-25 00:00:00,0.00026888,0.00026888,0.00026888,0.00026888,303990.00,1764043199999,81.73683120,1,0.00,0.00000000,0
2025-11-25 04:00:00,0.00026888,0.00026888,0.00026888,0.00026888,0.00,1764057599999,0.00000000,0,0.00,0.00000000,0
2025-11-25 08:00:00,0.00026888,0.00026888,0.00026888,0.00026888,0.00,1764071999999,0.00000000,0,0.00,0.00000000,0
2025-11-25 12:00:00,0.00026888,0.00026888,0.00026888,0.00026888,24163.00,1764086399999,6.49694744,2,0.00,0.00000000,0
2025-11-25 16:00:00,0.00026888,0.00026888,0.00026888,0.00026888,0.00,1764100799999,0.00000000,0,0.00,0.00000000,0
2025-11-25 20:00:00,0.00026888,0.00026888,0.00026888,0.00026888,0.00,1764115199999,0.00000000,0,0.00,0.00000000,0
2025-11-26 00:00:00,0.00026888,0.00026888,0.00026888,0.00026888,37142.00,1764129599999,9.98674096,1,0.00,0.00000000,0
2025-11-26 04:00:00,0.00026888,0.00026888,0.00026888,0.00026888,0.00,1764143999999,0.00000000,0,0.00,0.00000000,0
2025-11-26 08:00:00,0.00026888,0.00026888,0.00026888,0.00026888,66633.00,1764158399999,17.91628104,1,0.00,0.00000000,0
2025-11-26 12:00:00,0.00026888,0.00026888,0.00026888,0.00026888,0.00,1764172799999,0.00000000,0,0.00,0.00000000,0
2025-11-26 16:00:00,0.00026888,0.00026888,0.00026888,0.00026888,0.00,1764187199999,0.00000000,0,0.00,0.00000000,0
2025-11-26 20:00:00,0.00026888,0.00026888,0.00026888,0.00026888,0.00,1764201599999,0.00000000,0,0.00,0.00000000,0
2025-11-27 00:00:00,0.00026888,0.00026888,0.00026888,0.00026888,0.00,1764215999999,0.00000000,0,0.00,0.00000000,0
2025-11-27 04:00:00,0.00026888,0.00026888,0.00026888,0.00026888,0.00,1764230399999,0.00000000,0,0.00,0.00000000,0
2025-11-27 08:00:00,0.00026888,0.00026888,0.00026888,0.00026888,0.00,1764244799999,0.00000000,0,0.00,0.00000000,0
2025-11-27 12:00:00,0.00026888,0.00026888,0.00026888,0.00026888,0.00,1764259199999,0.00000000,0,0.00,0.00000000,0
2025-11-27 16:00:00,0.00026888,0.00026888,0.00026888,0.00026888,0.00,1764273599999,0.00000000,0,0.00,0.00000000,0
2025-11-27 20:00:00,0.00026888,0.00026888,0.00026888,0.00026888,0.00,1764287999999,0.00000000,0,0.00,0.00000000,0
2025-11-28 00:00:00,0.00026888,0.00026888,0.00026888,0.00026888,0.00,1764302399999,0.00000000,0,0.00,0.00000000,0
2025-11-28 04:00:00,0.00026888,0.00026888,0.00026888,0.00026888,0.00,1764316799999,0.00000000,0,0.00,0.00000000,0
2025-11-28 08:00:00,0.00026888,0.00026888,0.00026888,0.00026888,0.00,1764331199999,0.00000000,0,0.00,0.00000000,0
2025-11-28 12:00:00,0.00026888,0.00026888,0.00026888,0.00026888,0.00,1764345599999,0.00000000,0,0.00,0.00000000,0
2025-11-28 16:00:00,0.00026888,0.00026888,0.00026888,0.00026888,0.00,1764359999999,0.00000000,0,0.00,0.00000000,0
2025-11-28 20:00:00,0.00026888,0.00026888,0.00026888,0.00026888,0.00,1764374399999,0.00000000,0,0.00,0.00000000,0
2025-11-29 00:00:00,0.00026888,0.00026888,0.00026888,0.00026888,0.00,1764388799999,0.00000000,0,0.00,0.00000000,0
2025-11-29 04:00:00,0.00026888,0.00026888,0.00026888,0.00026888,0.00,1764403199999,0.00000000,0,0.00,0.00000000,0
2025-11-29 08:00:00,0.00027702,0.00027702,0.00027702,0.00027702,5842.00,1764417599999,1.61835084,1,0.00,0.00000000,0
2025-11-29 12:00:00,0.00030472,0.0003819,0.00030472,0.0003819,40472.00,1764431999999,14.59228102,3,40472.00,14.59228102,0
2025-11-29 16:00:00,0.00028968,0.0003961,0.00028968,0.00034701,3555815.00,1764446399999,1284.11322783,16,925452.00,361.01532320,0
2025-11-29 20:00:00,0.0003961,0.0003961,0.00034702,0.00034702,544462.00,1764460799999,210.69563104,13,443285.00,175.58518850,0
2025-11-30 00:00:00,0.00034702,0.0004237,0.00034702,0.0004237,1125572.00,1764475199999,461.95183653,23,866667.00,355.77424351,0
2025-11-30 04:00:00,0.0004237,0.0004237,0.00034702,0.00034702,183764.00,1764489599999,74.31757736,6,98166.00,41.59293420,0
2025-11-30 08:00:00,0.00034702,0.00034702,0.000347,0.000347,107246.00,1764503999999,37.21620728,5,0.00,0.00000000,0
2025-11-30 12:00:00,0.000347,0.000347,0.000347,0.000347,0.00,1764518399999,0.00000000,0,0.00,0.00000000,0
2025-11-30 16:00:00,0.00034701,0.00034701,0.000347,0.000347,165835.00,1764532799999,57.54535936,4,11500.00,3.99050000,0
2025-11-30 20:00:00,0.00033316,0.00033316,0.0003047,0.0003047,998761.00,1764547199999,314.55007185,11,413899.00,132.22201109,0
2025-12-01 00:00:00,0.00026901,0.00026901,0.000269,0.000269,94200.00,1764561599999,25.34002241,4,22241.00,5.98305141,0
2025-12-01 04:00:00,0.00026901,0.00026901,0.00026901,0.00026901,26433.00,1764575999999,7.11074133,2,26433.00,7.11074133,0
2025-12-01 08:00:00,0.00027441,0.00027441,0.00027441,0.00027441,73053.00,1764590399999,20.04647373,1,73053.00,20.04647373,0
2025-12-01 12:00:00,0.00027441,0.00027441,0.00027441,0.00027441,0.00,1764604799999,0.00000000,0,0.00,0.00000000,0
2025-12-01 16:00:00,0.00028,0.00028,0.00028,0.00028,12018.00,1764619199999,3.36504000,1,0.00,0.00000000,0
2025-12-01 20:00:00,0.00028,0.00028,0.00028,0.00028,0.00,1764633599999,0.00000000,0,0.00,0.00000000,0
2025-12-02 00:00:00,0.00032,0.00032,0.00032,0.00032,325039.00,1764647999999,104.01248000,5,0.00,0.00000000,0
2025-12-02 04:00:00,0.00034739,0.0003818,0.00034739,0.0003818,18328.00,1764662399999,6.56561285,3,18328.00,6.56561285,0
2025-12-02 08:00:00,0.0003818,0.00040963,0.0003818,0.00040963,120574.00,1764676799999,47.10619274,5,120574.00,47.10619274,0
2025-12-02 12:00:00,0.00036001,0.00041,0.00036,0.00041,55093.00,1764691199999,20.62666679,3,23679.00,8.52467679,0
2025-12-02 16:00:00,0.00041,0.00041,0.00041,0.00041,0.00,1764705599999,0.00000000,0,0.00,0.00000000,0
2025-12-02 20:00:00,0.00041,0.00041,0.00036,0.00036,4686.00,1764719999999,1.74766000,2,0.00,0.00000000,0
2025-12-03 00:00:00,0.00036,0.00036,0.00036,0.00036,8691.00,1764734399999,3.12876000,1,0.00,0.00000000,0
2025-12-03 04:00:00,0.00036,0.00036,0.00036,0.00036,0.00,1764748799999,0.00000000,0,0.00,0.00000000,0
2025-12-03 08:00:00,0.00036,0.00036,0.00036,0.00036,33386.00,1764763199999,12.01896000,2,0.00,0.00000000,0
2025-12-03 12:00:00,0.000361,0.000361,0.000361,0.000361,6074.00,1764777599999,2.19271400,1,0.00,0.00000000,0
2025-12-03 16:00:00,0.000361,0.000361,0.0002893,0.0002893,268562.00,1764791999999,90.24712940,6,121527.00,43.87124700,0
2025-12-03 20:00:00,0.000361,0.00054156,0.000361,0.00054156,121695.00,1764806399999,48.23739679,6,121695.00,48.23739679,0
2025-12-04 00:00:00,0.00053,0.00074708,0.00053,0.00074708,361079.00,1764820799999,244.40492648,16,361079.00,244.40492648,0
2025-12-04 04:00:00,0.00062978,0.00062978,0.00030098,0.00030098,121364.00,1764835199999,66.74812312,8,37527.00,23.63375406,0
2025-12-04 08:00:00,0.00030098,0.00030098,0.00030098,0.00030098,0.00,1764849599999,0.00000000,0,0.00,0.00000000,0
2025-12-04 12:00:00,0.00030098,0.00030098,0.00030098,0.00030098,0.00,1764863999999,0.00000000,0,0.00,0.00000000,0
2025-12-04 16:00:00,0.00030098,0.00030098,0.00030098,0.00030098,40194.00,1764878399999,12.09759012,2,0.00,0.00000000,0
2025-12-04 20:00:00,0.00030098,0.00030098,0.00030098,0.00030098,0.00,1764892799999,0.00000000,0,0.00,0.00000000,0
2025-12-05 00:00:00,0.00030098,0.00030098,0.00030098,0.00030098,0.00,1764907199999,0.00000000,0,0.00,0.00000000,0
2025-12-05 04:00:00,0.000301,0.000301,0.000301,0.000301,14446.00,1764921599999,4.34824600,1,0.00,0.00000000,0
2025-12-05 08:00:00,0.000301,0.000301,0.000301,0.000301,0.00,1764935999999,0.00000000,0,0.00,0.00000000,0
2025-12-05 12:00:00,0.00030102,0.00030102,0.000301,0.000301,31018457.00,1764950399999,9337.08812752,3,0.00,0.00000000,0
2025-12-05 16:00:00,0.000301,0.000301,0.00030098,0.00030098,72762.00,1764964799999,21.90086648,8,0.00,0.00000000,0
2025-12-05 20:00:00,0.00030098,0.00030098,0.00030098,0.00030098,0.00,1764979199999,0.00000000,0,0.00,0.00000000,0
2025-12-06 00:00:00,0.00030098,0.00030098,0.00030098,0.00030098,18724.00,1764993599999,5.63554952,1,0.00,0.00000000,0
2025-12-06 04:00:00,0.00030099,0.00030099,0.00030099,0.00030099,9025.00,1765007999999,2.71643475,1,0.00,0.00000000,0
2025-12-06 08:00:00,0.00030099,0.00030099,0.00030099,0.00030099,0.00,1765022399999,0.00000000,0,0.00,0.00000000,0
2025-12-06 12:00:00,0.00030099,0.00030099,0.00030099,0.00030099,0.00,1765036799999,0.00000000,0,0.00,0.00000000,0
2025-12-06 16:00:00,0.00042173,0.00042173,0.00042173,0.00042173,10611.00,1765051199999,4.47497703,1,10611.00,4.47497703,0
2025-12-06 20:00:00,0.00041343,0.000551,0.00041343,0.00055095,68174.00,1765065599999,34.66907700,8,57627.00,30.30863079,0
2025-12-07 00:00:00,0.00041343,0.00041343,0.00041343,0.00041343,248578.00,1765079999999,102.76960254,3,30012.00,12.40786116,0
2025-12-07 04:00:00,0.00041343,0.00041343,0.00041343,0.00041343,0.00,1765094399999,0.00000000,0,0.00,0.00000000,0
2025-12-07 08:00:00,0.00041343,0.00041343,0.00041343,0.00041343,2600.00,1765108799999,1.07491800,1,2600.00,1.07491800,0
2025-12-07 12:00:00,0.00041342,0.00041342,0.0003,0.0003,2017823.00,1765123199999,607.08358478,10,4817.00,1.99144414,0
2025-12-07 16:00:00,0.00031,0.00031,0.00031,0.00031,3227143.00,1765137599999,1000.41433000,9,0.00,0.00000000,0
2025-12-07 20:00:00,0.00031,0.00031,0.00027441,0.00027441,146983.00,1765151999999,40.50193541,5,0.00,0.00000000,0
2025-12-08 00:00:00,0.00027441,0.0002926,0.00027106,0.0002926,89076.00,1765166399999,24.70086136,4,27976.00,8.10147821,0
2025-12-08 04:00:00,0.0002926,0.0002926,0.0002926,0.0002926,4967.00,1765180799999,1.45334420,1,0.00,0.00000000,0
2025-12-08 08:00:00,0.0002926,0.0002926,0.0002926,0.0002926,0.00,1765195199999,0.00000000,0,0.00,0.00000000,0
2025-12-08 12:00:00,0.0002926,0.0002926,0.0002926,0.0002926,0.00,1765209599999,0.00000000,0,0.00,0.00000000,0
2025-12-08 16:00:00,0.0002926,0.0002926,0.0002926,0.0002926,0.00,1765223999999,0.00000000,0,0.00,0.00000000,0
2025-12-08 20:00:00,0.0002926,0.0002926,0.0002926,0.0002926,9715.00,1765238399999,2.84260900,1,0.00,0.00000000,0
2025-12-09 00:00:00,0.00032,0.00041,0.00032,0.00041,12341.00,1765252799999,3.99718000,3,12341.00,3.99718000,0
2025-12-09 04:00:00,0.00041,0.00041,0.00039416,0.00039416,184694.00,1765267199999,73.73782924,6,184694.00,73.73782924,0
2025-12-09 08:00:00,0.00038957,0.00038957,0.00038684,0.00038684,126098.00,1765281599999,49.10264899,4,126098.00,49.10264899,0
2025-12-09 12:00:00,0.00038684,0.00038684,0.00038487,0.00038487,857086.00,1765295999999,331.48999246,5,857086.00,331.48999246,0
2025-12-09 16:00:00,0.00038095,0.00038095,0.0002926,0.000295,5471836.00,1765310399999,1635.93412825,4,250303.00,95.35292785,0
2025-12-09 20:00:00,0.0002926,0.0002926,0.0002926,0.0002926,8047.00,1765324799999,2.35455220,1,0.00,0.00000000,0
2025-12-10 00:00:00,0.0002926,0.0002926,0.0002926,0.0002926,67685.00,1765339199999,19.80463100,2,0.00,0.00000000,0
2025-12-10 04:00:00,0.0002926,0.0002926,0.0002926,0.0002926,8530.00,1765353599999,2.49587800,1,0.00,0.00000000,0
2025-12-10 08:00:00,0.0002926,0.0002926,0.0002926,0.0002926,4000000.00,1765367999999,1170.40000000,3,0.00,0.00000000,0
2025-12-10 12:00:00,0.0002926,0.0002926,0.0002926,0.0002926,106330.00,1765382399999,31.11215800,4,0.00,0.00000000,0
2025-12-10 16:00:00,0.00032,0.00037894,0.0002926,0.0002926,36206.00,1765396799999,11.44720438,4,21642.00,7.18577798,0
2025-12-10 20:00:00,0.0002926,0.0002926,0.0002926,0.0002926,0.00,1765411199999,0.00000000,0,0.00,0.00000000,0
2025-12-11 00:00:00,0.0003,0.00037,0.0002926,0.0002926,3057633.00,1765425599999,900.20767100,11,37479.00,12.94198000,0
2025-12-11 04:00:00,0.0002926,0.0002926,0.0002926,0.0002926,0.00,1765439999999,0.00000000,0,0.00,0.00000000,0
2025-12-11 08:00:00,0.0002926,0.0002926,0.0002926,0.0002926,0.00,1765454399999,0.00000000,0,0.00,0.00000000,0
2025-12-11 12:00:00,0.0002926,0.0002926,0.0002926,0.0002926,13740.00,1765468799999,4.02032400,1,0.00,0.00000000,0
2025-12-11 16:00:00,0.0002926,0.0002926,0.0002926,0.0002926,459987.00,1765483199999,134.59219620,3,0.00,0.00000000,0
2025-12-11 20:00:00,0.0002926,0.0002926,0.0002926,0.0002926,0.00,1765497599999,0.00000000,0,0.00,0.00000000,0
2025-12-12 00:00:00,0.0002926,0.0002926,0.0002926,0.0002926,0.00,1765511999999,0.00000000,0,0.00,0.00000000,0
2025-12-12 04:00:00,0.0002926,0.0002926,0.0002926,0.0002926,0.00,1765526399999,0.00000000,0,0.00,0.00000000,0
2025-12-12 08:00:00,0.0002926,0.0002926,0.0002926,0.0002926,0.00,1765540799999,0.00000000,0,0.00,0.00000000,0
2025-12-12 12:00:00,0.0002926,0.0002926,0.0002926,0.0002926,0.00,1765555199999,0.00000000,0,0.00,0.00000000,0
2025-12-12 16:00:00,0.0002926,0.0002926,0.0002926,0.0002926,0.00,1765569599999,0.00000000,0,0.00,0.00000000,0
2025-12-12 20:00:00,0.0002926,0.0003,0.0002926,0.0003,463920.00,1765583999999,139.17597780,2,3.00,0.00087780,0
2025-12-13 00:00:00,0.00026888,0.00026888,0.00026888,0.00026888,92809.00,1765598399999,24.95448392,2,0.00,0.00000000,0
2025-12-13 04:00:00,0.00026888,0.00026888,0.00026888,0.00026888,0.00,1765612799999,0.00000000,0,0.00,0.00000000,0
2025-12-13 08:00:00,0.00026888,0.00026888,0.00026888,0.00026888,3864.00,1765627199999,1.03895232,1,0.00,0.00000000,0
2025-12-13 12:00:00,0.00026888,0.00026888,0.00026888,0.00026888,0.00,1765641599999,0.00000000,0,0.00,0.00000000,0
2025-12-13 16:00:00,0.00026888,0.00026888,0.00026888,0.00026888,9940.00,1765655999999,2.67266720,1,0.00,0.00000000,0
2025-12-13 20:00:00,0.00026888,0.00026888,0.00026888,0.00026888,0.00,1765670399999,0.00000000,0,0.00,0.00000000,0
2025-12-14 00:00:00,0.00026888,0.00026888,0.00026888,0.00026888,0.00,1765684799999,0.00000000,0,0.00,0.00000000,0
2025-12-14 04:00:00,0.0003,0.0003,0.0003,0.0003,65085.00,1765699199999,19.52550000,4,65085.00,19.52550000,0
2025-12-14 08:00:00,0.00026889,0.00026889,0.00026888,0.00026888,26633.00,1765713599999,7.16126591,2,0.00,0.00000000,0
2025-12-14 12:00:00,0.00027,0.00027,0.00026888,0.00026888,499179.00,1765727999999,134.29020600,3,0.00,0.00000000,0
2025-12-14 16:00:00,0.0003,0.0003,0.00026888,0.00026888,466832.00,1765742399999,137.30568736,5,378660.00,113.59800000,0
2025-12-14 20:00:00,0.00026888,0.0003,0.00026888,0.0003,144181.00,1765756799999,42.17976011,3,109658.00,32.89721587,0
2025-12-15 00:00:00,0.0003,0.0003,0.0003,0.0003,0.00,1765771199999,0.00000000,0,0.00,0.00000000,0
2025-12-15 04:00:00,0.0003,0.0003,0.00026888,0.00026888,25868.00,1765785599999,7.37099544,2,13355.00,4.00650000,0
2025-12-15 08:00:00,0.00026888,0.00026888,0.00026888,0.00026888,0.00,1765799999999,0.00000000,0,0.00,0.00000000,0
2025-12-15 12:00:00,0.00026888,0.00026888,0.00026888,0.00026888,0.00,1765814399999,0.00000000,0,0.00,0.00000000,0
2025-12-15 16:00:00,0.00026888,0.00026888,0.00026888,0.00026888,0.00,1765828799999,0.00000000,0,0.00,0.00000000,0
2025-12-15 20:00:00,0.000269,0.000269,0.00022225,0.00022225,16176844.00,1765843199999,4348.55010919,6,0.00,0.00000000,0
2025-12-16 00:00:00,0.00022227,0.00022227,0.00022227,0.00022227,22419.00,1765857599999,4.98307113,1,0.00,0.00000000,0
2025-12-16 04:00:00,0.00022227,0.00022227,0.00022227,0.00022227,0.00,1765871999999,0.00000000,0,0.00,0.00000000,0
2025-12-16 08:00:00,0.00022227,0.00022227,0.00022227,0.00022227,67858.00,1765886399999,15.08279766,1,0.00,0.00000000,0
2025-12-16 12:00:00,0.00022227,0.00022227,0.00022227,0.00022227,0.00,1765900799999,0.00000000,0,0.00,0.00000000,0
2025-12-16 16:00:00,0.00022227,0.00022227,0.00022227,0.00022227,0.00,1765915199999,0.00000000,0,0.00,0.00000000,0
2025-12-16 20:00:00,0.00022228,0.00022228,0.00022228,0.00022228,201973.00,1765929599999,44.89455844,1,0.00,0.00000000,0
2025-12-17 00:00:00,0.00022228,0.00022228,0.00022228,0.00022228,454441.00,1765943999999,101.01314548,1,0.00,0.00000000,0
2025-12-17 04:00:00,0.00022228,0.00022228,0.00022228,0.00022228,0.00,1765958399999,0.00000000,0,0.00,0.00000000,0
2025-12-17 08:00:00,0.00022228,0.00022228,0.00022228,0.00022228,4954.00,1765972799999,1.10117512,1,0.00,0.00000000,0
2025-12-17 12:00:00,0.00022228,0.00022228,0.00022228,0.00022228,0.00,1765987199999,0.00000000,0,0.00,0.00000000,0
2025-12-17 16:00:00,0.00022228,0.00022228,0.00022228,0.00022228,0.00,1766001599999,0.00000000,0,0.00,0.00000000,0
2025-12-17 20:00:00,0.00022228,0.00022228,0.00022228,0.00022228,0.00,1766015999999,0.00000000,0,0.00,0.00000000,0
2025-12-18 00:00:00,0.00022228,0.00022228,0.00022228,0.00022228,0.00,1766030399999,0.00000000,0,0.00,0.00000000,0
2025-12-18 04:00:00,0.00022228,0.00022228,0.00022228,0.00022228,0.00,1766044799999,0.00000000,0,0.00,0.00000000,0
2025-12-18 08:00:00,0.00022228,0.00022228,0.00022228,0.00022228,0.00,1766059199999,0.00000000,0,0.00,0.00000000,0
2025-12-18 12:00:00,0.00022228,0.00022228,0.00022228,0.00022228,0.00,1766073599999,0.00000000,0,0.00,0.00000000,0
2025-12-18 16:00:00,0.00022228,0.00022228,0.00022228,0.00022228,151480.00,1766087999999,33.67097440,1,0.00,0.00000000,0
2025-12-18 20:00:00,0.00022228,0.00029999,0.00022228,0.00029999,204508.00,1766102399999,52.84592794,3,95070.00,28.52004930,0
2025-12-19 00:00:00,0.00029999,0.00029999,0.00029799,0.00029799,436097.00,1766116799999,130.30862155,5,436097.00,130.30862155,0
2025-12-19 04:00:00,0.00029799,0.00029799,0.00029799,0.00029799,13386.00,1766131199999,3.98889414,1,13386.00,3.98889414,0
2025-12-19 08:00:00,0.00029799,0.00029799,0.00029799,0.00029799,779947.00,1766145599999,232.41640653,4,779947.00,232.41640653,0
2025-12-19 12:00:00,0.00029799,0.00029799,0.00022225,0.00022225,799265.00,1766159999999,178.16249144,5,6693.00,1.99444707,0
2025-12-19 16:00:00,0.00023,0.00023,0.000223,0.000223,72132.00,1766174399999,16.12043600,2,0.00,0.00000000,0
2025-12-19 20:00:00,0.000223,0.00029798,0.000223,0.00029798,192613.00,1766188799999,50.26647314,2,97543.00,29.06586314,0
2025-12-20 00:00:00,0.00029665,0.00029665,0.000293,0.000293,27045.00,1766203199999,7.97323735,2,27045.00,7.97323735,0
2025-12-20 04:00:00,0.000293,0.000293,0.000293,0.000293,0.00,1766217599999,0.00000000,0,0.00,0.00000000,0
2025-12-20 08:00:00,0.000293,0.000293,0.000293,0.000293,0.00,1766231999999,0.00000000,0,0.00,0.00000000,0
2025-12-20 12:00:00,0.00029,0.00029,0.00023,0.00023,37519.00,1766246399999,10.08091923,5,22551.00,6.50827923,0
2025-12-20 16:00:00,0.00023,0.00024,0.00023,0.00023,33907.00,1766260799999,7.84861000,3,0.00,0.00000000,0
2025-12-20 20:00:00,0.00023013,0.00027799,0.00023,0.00027799,178404.00,1766275199999,44.92391856,3,80861.00,22.47854939,0
2025-12-21 00:00:00,0.00027399,0.00027399,0.00027399,0.00027399,430880.00,1766289599999,118.05681120,1,430880.00,118.05681120,0
2025-12-21 04:00:00,0.00027399,0.00027399,0.00027399,0.00027399,7283.00,1766303999999,1.99546917,1,7283.00,1.99546917,0
2025-12-21 08:00:00,0.00027399,0.00027799,0.00027399,0.00027799,396550.00,1766318399999,109.72543850,3,396550.00,109.72543850,0
2025-12-21 12:00:00,0.00027799,0.00027799,0.00027799,0.00027799,0.00,1766332799999,0.00000000,0,0.00,0.00000000,0
2025-12-21 16:00:00,0.00027799,0.00027799,0.00023,0.00023,59595.00,1766347199999,14.94561587,4,25813.00,7.17575587,0
2025-12-21 20:00:00,0.000275,0.000275,0.00023,0.00023,466179.00,1766361599999,117.71622000,7,232990.00,64.07225000,0
2025-12-22 00:00:00,0.000275,0.000275,0.00023,0.00023,42643.00,1766375999999,11.12624500,4,29039.00,7.98572500,0
2025-12-22 04:00:00,0.00023,0.00023,0.00022225,0.00022225,428295.00,1766390399999,96.60383775,3,0.00,0.00000000,0
2025-12-22 08:00:00,0.00022225,0.00022225,0.00022225,0.00022225,0.00,1766404799999,0.00000000,0,0.00,0.00000000,0
2025-12-22 12:00:00,0.00022225,0.00022225,0.00022225,0.00022225,0.00,1766419199999,0.00000000,0,0.00,0.00000000,0
2025-12-22 16:00:00,0.00022225,0.00022225,0.00022225,0.00022225,0.00,1766433599999,0.00000000,0,0.00,0.00000000,0
2025-12-22 20:00:00,0.00022225,0.00022225,0.00022225,0.00022225,0.00,1766447999999,0.00000000,0,0.00,0.00000000,0
2025-12-23 00:00:00,0.00023,0.00023,0.00022225,0.00022225,14545.00,1766462399999,3.27137625,2,0.00,0.00000000,0
2025-12-23 04:00:00,0.00022225,0.00022225,0.00022225,0.00022225,0.00,1766476799999,0.00000000,0,0.00,0.00000000,0
2025-12-23 08:00:00,0.00022225,0.00022225,0.00022225,0.00022225,44422.00,1766491199999,9.87278950,1,0.00,0.00000000,0
2025-12-23 12:00:00,0.00022225,0.00022225,0.00022225,0.00022225,0.00,1766505599999,0.00000000,0,0.00,0.00000000,0
2025-12-23 16:00:00,0.00022225,0.00022225,0.00022225,0.00022225,0.00,1766519999999,0.00000000,0,0.00,0.00000000,0
2025-12-23 20:00:00,0.00022225,0.00022225,0.00022225,0.00022225,0.00,1766534399999,0.00000000,0,0.00,0.00000000,0
2025-12-24 00:00:00,0.00022225,0.00022225,0.00022225,0.00022225,0.00,1766548799999,0.00000000,0,0.00,0.00000000,0
2025-12-24 04:00:00,0.00022225,0.00022225,0.00022225,0.00022225,0.00,1766563199999,0.00000000,0,0.00,0.00000000,0
2025-12-24 08:00:00,0.00022225,0.00022225,0.00022225,0.00022225,0.00,1766577599999,0.00000000,0,0.00,0.00000000,0
2025-12-24 12:00:00,0.00022225,0.00022225,0.00022225,0.00022225,0.00,1766591999999,0.00000000,0,0.00,0.00000000,0
2025-12-24 16:00:00,0.00022225,0.00022225,0.00022225,0.00022225,23956.00,1766606399999,5.32422100,2,0.00,0.00000000,0
2025-12-24 20:00:00,0.00022225,0.00022225,0.00022225,0.00022225,0.00,1766620799999,0.00000000,0,0.00,0.00000000,0
2025-12-25 00:00:00,0.00022225,0.00022225,0.00022225,0.00022225,0.00,1766635199999,0.00000000,0,0.00,0.00000000,0
2025-12-25 04:00:00,0.00022225,0.00022225,0.00022225,0.00022225,0.00,1766649599999,0.00000000,0,0.00,0.00000000,0
2025-12-25 08:00:00,0.00022225,0.00022225,0.00022225,0.00022225,0.00,1766663999999,0.00000000,0,0.00,0.00000000,0
2025-12-25 12:00:00,0.00022225,0.00022225,0.00022225,0.00022225,0.00,1766678399999,0.00000000,0,0.00,0.00000000,0
2025-12-25 16:00:00,0.00022225,0.00022225,0.00022225,0.00022225,0.00,1766692799999,0.00000000,0,0.00,0.00000000,0
2025-12-25 20:00:00,0.00022225,0.00022225,0.00022225,0.00022225,0.00,1766707199999,0.00000000,0,0.00,0.00000000,0
2025-12-26 00:00:00,0.00023,0.00027,0.00022222,0.00027,569895.00,1766721599999,146.32210946,12,411006.00,110.97162000,0
2025-12-26 04:00:00,0.00027,0.00027,0.00022077,0.00022077,61037.00,1766735999999,14.02858740,3,10442.00,2.81934000,0
2025-12-26 08:00:00,0.00022077,0.00022077,0.00022077,0.00022077,0.00,1766750399999,0.00000000,0,0.00,0.00000000,0
2025-12-26 12:00:00,0.00022077,0.00022077,0.00022077,0.00022077,0.00,1766764799999,0.00000000,0,0.00,0.00000000,0
2025-12-26 16:00:00,0.00022077,0.00022077,0.00022077,0.00022077,130968.00,1766779199999,28.91380536,3,0.00,0.00000000,0
2025-12-26 20:00:00,0.00022077,0.00022077,0.00022077,0.00022077,0.00,1766793599999,0.00000000,0,0.00,0.00000000,0
2025-12-27 00:00:00,0.00022077,0.00022077,0.00022077,0.00022077,0.00,1766807999999,0.00000000,0,0.00,0.00000000,0
2025-12-27 04:00:00,0.00022077,0.00022077,0.00022077,0.00022077,0.00,1766822399999,0.00000000,0,0.00,0.00000000,0
2025-12-27 08:00:00,0.000221,0.000221,0.000221,0.000221,60000.00,1766836799999,13.26000000,1,0.00,0.00000000,0
2025-12-27 12:00:00,0.000221,0.000221,0.000221,0.000221,0.00,1766851199999,0.00000000,0,0.00,0.00000000,0
2025-12-27 16:00:00,0.000221,0.000221,0.000221,0.000221,0.00,1766865599999,0.00000000,0,0.00,0.00000000,0
2025-12-27 20:00:00,0.000221,0.000221,0.000221,0.000221,0.00,1766879999999,0.00000000,0,0.00,0.00000000,0
2025-12-28 00:00:00,0.000221,0.000221,0.000221,0.000221,144702.00,1766894399999,31.97914200,2,0.00,0.00000000,0
2025-12-28 04:00:00,0.000221,0.000221,0.000221,0.000221,0.00,1766908799999,0.00000000,0,0.00,0.00000000,0
2025-12-28 08:00:00,0.000221,0.000221,0.000221,0.000221,0.00,1766923199999,0.00000000,0,0.00,0.00000000,0
2025-12-28 12:00:00,0.000221,0.000221,0.000221,0.000221,61000.00,1766937599999,13.48100000,1,0.00,0.00000000,0
2025-12-28 16:00:00,0.000221,0.000221,0.000221,0.000221,0.00,1766951999999,0.00000000,0,0.00,0.00000000,0
2025-12-28 20:00:00,0.000221,0.000221,0.000221,0.000221,20900.00,1766966399999,4.61890000,1,0.00,0.00000000,0
2025-12-29 00:00:00,0.000221,0.000221,0.000221,0.000221,31627.00,1766980799999,6.98956700,1,0.00,0.00000000,0
2025-12-29 04:00:00,0.000221,0.000221,0.000221,0.000221,0.00,1766995199999,0.00000000,0,0.00,0.00000000,0
2025-12-29 08:00:00,0.000221,0.000221,0.000221,0.000221,17653.00,1767009599999,3.90131300,1,0.00,0.00000000,0
2025-12-29 12:00:00,0.000221,0.000221,0.000221,0.000221,0.00,1767023999999,0.00000000,0,0.00,0.00000000,0
2025-12-29 16:00:00,0.000221,0.000221,0.000221,0.000221,7956.00,1767038399999,1.75827600,1,0.00,0.00000000,0
2025-12-29 20:00:00,0.000221,0.000221,0.000221,0.000221,0.00,1767052799999,0.00000000,0,0.00,0.00000000,0
2025-12-30 00:00:00,0.000221,0.000221,0.000221,0.000221,161343.00,1767067199999,35.65680300,2,0.00,0.00000000,0
2025-12-30 04:00:00,0.000221,0.000221,0.000221,0.000221,0.00,1767081599999,0.00000000,0,0.00,0.00000000,0
2025-12-30 08:00:00,0.000221,0.000221,0.000221,0.000221,0.00,1767095999999,0.00000000,0,0.00,0.00000000,0
2025-12-30 12:00:00,0.000221,0.000221,0.000221,0.000221,0.00,1767110399999,0.00000000,0,0.00,0.00000000,0
2025-12-30 16:00:00,0.000221,0.000221,0.000221,0.000221,0.00,1767124799999,0.00000000,0,0.00,0.00000000,0
2025-12-30 20:00:00,0.000221,0.000221,0.000221,0.000221,84245.00,1767139199999,18.61814500,2,0.00,0.00000000,0
2025-12-31 00:00:00,0.000221,0.000221,0.000221,0.000221,0.00,1767153599999,0.00000000,0,0.00,0.00000000,0
2025-12-31 04:00:00,0.000221,0.000221,0.000221,0.000221,0.00,1767167999999,0.00000000,0,0.00,0.00000000,0
2025-12-31 08:00:00,0.000221,0.000221,0.000221,0.000221,0.00,1767182399999,0.00000000,0,0.00,0.00000000,0
2025-12-31 12:00:00,0.000221,0.000221,0.000221,0.000221,0.00,1767196799999,0.00000000,0,0.00,0.00000000,0
2025-12-31 16:00:00,0.000221,0.000221,0.000221,0.000221,32155.00,1767211199999,7.10625500,1,0.00,0.00000000,0
2025-12-31 20:00:00,0.000221,0.000221,0.000221,0.000221,0.00,1767225599999,0.00000000,0,0.00,0.00000000,0
2026-01-01 00:00:00,0.000221,0.000221,0.000221,0.000221,0.00,1767239999999,0.00000000,0,0.00,0.00000000,0
2026-01-01 04:00:00,0.000221,0.000221,0.000221,0.000221,0.00,1767254399999,0.00000000,0,0.00,0.00000000,0
2026-01-01 08:00:00,0.000221,0.000221,0.000221,0.000221,0.00,1767268799999,0.00000000,0,0.00,0.00000000,0
2026-01-01 12:00:00,0.000221,0.000221,0.000221,0.000221,0.00,1767283199999,0.00000000,0,0.00,0.00000000,0
2026-01-01 16:00:00,0.000221,0.000221,0.000211,0.000211,122166.00,1767297599999,26.38368600,4,0.00,0.00000000,0
2026-01-01 20:00:00,0.000211,0.000211,0.0001,0.0001,620698.00,1767311999999,117.26889100,23,0.00,0.00000000,0
2026-01-02 00:00:00,0.0001,0.0001,0.0001,0.0001,0.00,1767326399999,0.00000000,0,0.00,0.00000000,0
2026-01-02 04:00:00,0.0001,0.0001,0.0001,0.0001,0.00,1767340799999,0.00000000,0,0.00,0.00000000,0
2026-01-02 08:00:00,0.0001,0.0001,0.0001,0.0001,0.00,1767355199999,0.00000000,0,0.00,0.00000000,0
2026-01-02 12:00:00,0.0001,0.0001,0.0001,0.0001,0.00,1767369599999,0.00000000,0,0.00,0.00000000,0
2026-01-02 16:00:00,0.0001,0.0001,0.0001,0.0001,0.00,1767383999999,0.00000000,0,0.00,0.00000000,0
2026-01-02 20:00:00,0.0001,0.0001,0.0001,0.0001,0.00,1767398399999,0.00000000,0,0.00,0.00000000,0
2026-01-03 00:00:00,0.00026999,0.00026999,0.00026999,0.00026999,105126.00,1767412799999,28.38296874,4,105126.00,28.38296874,0
2026-01-03 04:00:00,0.000269,0.00029,0.00026699,0.00029,16129459.00,1767427199999,4313.43588818,10,16129459.00,4313.43588818,0
2026-01-03 08:00:00,0.00029,0.00029,0.00029,0.00029,340401.00,1767441599999,98.71629000,3,340401.00,98.71629000,0
2026-01-03 12:00:00,0.00029,0.00029799,0.00029,0.00029799,334454.00,1767455999999,99.50171850,2,334454.00,99.50171850,0
2026-01-03 16:00:00,0.00029799,0.00029799,0.00029799,0.00029799,27249.00,1767470399999,8.11992951,1,27249.00,8.11992951,0
2026-01-03 20:00:00,0.00029799,0.00029799,0.00029799,0.00029799,643848.00,1767484799999,191.86026552,4,643848.00,191.86026552,0
2026-01-04 00:00:00,0.00029799,0.00029799,0.00029799,0.00029799,40750.00,1767499199999,12.14309250,2,40750.00,12.14309250,0
2026-01-04 04:00:00,0.00029799,0.00029799,0.00029799,0.00029799,30249.00,1767513599999,9.01389951,2,30249.00,9.01389951,0
2026-01-04 08:00:00,0.00029799,0.00029799,0.00029799,0.00029799,23450.00,1767527999999,6.98786550,2,23450.00,6.98786550,0
2026-01-04 12:00:00,0.00029799,0.00029799,0.00029799,0.00029799,43615.00,1767542399999,12.99683385,2,43615.00,12.99683385,0
2026-01-04 16:00:00,0.00029799,0.00029799,0.00027,0.000271,17762410.00,1767556799999,5270.13358637,6,16939163.00,5047.70118237,0
2026-01-04 20:00:00,0.000271,0.000271,0.000271,0.000271,73546.00,1767571199999,19.93096600,2,0.00,0.00000000,0
2026-01-05 00:00:00,0.000272,0.000272,0.00019745,0.00019745,1069336.00,1767585599999,287.34989862,4,291318.00,78.94717800,0
2026-01-05 04:00:00,0.0002,0.0002,0.0002,0.0002,66676.00,1767599999999,13.33520000,1,0.00,0.00000000,0
2026-01-05 08:00:00,0.000205,0.00020726,0.000205,0.00020726,852189.00,1767614399999,176.27033318,3,0.00,0.00000000,0
2026-01-05 12:00:00,0.00020726,0.00020726,0.00020726,0.00020726,0.00,1767628799999,0.00000000,0,0.00,0.00000000,0
2026-01-05 16:00:00,0.00020726,0.00020726,0.00020726,0.00020726,0.00,1767643199999,0.00000000,0,0.00,0.00000000,0
2026-01-05 20:00:00,0.00020726,0.00020726,0.00020726,0.00020726,0.00,1767657599999,0.00000000,0,0.00,0.00000000,0
2026-01-06 00:00:00,0.00020726,0.00020726,0.00020726,0.00020726,0.00,1767671999999,0.00000000,0,0.00,0.00000000,0
2026-01-06 04:00:00,0.00020726,0.00020726,0.00020726,0.00020726,0.00,1767686399999,0.00000000,0,0.00,0.00000000,0
2026-01-06 08:00:00,0.00022,0.00022088,0.00022,0.00022088,785051.00,1767700799999,173.33778792,2,0.00,0.00000000,0
2026-01-06 12:00:00,0.00022088,0.00022088,0.00022088,0.00022088,0.00,1767715199999,0.00000000,0,0.00,0.00000000,0
2026-01-06 16:00:00,0.00022121,0.00022121,0.00022121,0.00022121,8639.00,1767729599999,1.91103319,1,0.00,0.00000000,0
2026-01-06 20:00:00,0.000222,0.000222,0.000222,0.000222,31980.00,1767743999999,7.09956000,1,0.00,0.00000000,0
2026-01-07 00:00:00,0.000222,0.000222,0.000222,0.000222,0.00,1767758399999,0.00000000,0,0.00,0.00000000,0
2026-01-07 04:00:00,0.000222,0.000222,0.000222,0.000222,0.00,1767772799999,0.00000000,0,0.00,0.00000000,0
2026-01-07 08:00:00,0.00022191,0.00022191,0.00022191,0.00022191,5830.00,1767787199999,1.29373530,1,0.00,0.00000000,0
2026-01-07 12:00:00,0.00022191,0.00022191,0.00022191,0.00022191,0.00,1767801599999,0.00000000,0,0.00,0.00000000,0
2026-01-07 16:00:00,0.00022191,0.00022191,0.00022191,0.00022191,0.00,1767815999999,0.00000000,0,0.00,0.00000000,0
2026-01-07 20:00:00,0.00022191,0.00022191,0.00022191,0.00022191,0.00,1767830399999,0.00000000,0,0.00,0.00000000,0
2026-01-08 00:00:00,0.00022191,0.00022191,0.00022191,0.00022191,0.00,1767844799999,0.00000000,0,0.00,0.00000000,0
2026-01-08 04:00:00,0.00029,0.00029,0.00029,0.00029,325155.00,1767859199999,94.29495000,8,325155.00,94.29495000,0
2026-01-08 08:00:00,0.00029,0.00029,0.00029,0.00029,144474.00,1767873599999,41.89746000,1,144474.00,41.89746000,0
2026-01-08 12:00:00,0.00029,0.00029,0.00029,0.00029,114010.00,1767887999999,33.06290000,1,114010.00,33.06290000,0
2026-01-08 16:00:00,0.000289,0.000289,0.000289,0.000289,376648.00,1767902399999,108.85127200,3,376648.00,108.85127200,0
2026-01-08 20:00:00,0.00028888,0.00028888,0.00028888,0.00028888,13813.00,1767916799999,3.99029944,1,13813.00,3.99029944,0
2026-01-09 00:00:00,0.00028888,0.00028888,0.00028888,0.00028888,31078.00,1767931199999,8.97781264,1,31078.00,8.97781264,0
2026-01-09 04:00:00,0.00027567,0.00027567,0.00027567,0.00027567,17313.00,1767945599999,4.77267471,2,17313.00,4.77267471,0
2026-01-09 08:00:00,0.00026111,0.00026111,0.0002235,0.00022351,199048.00,1767959999999,45.06488732,7,15313.00,3.99837743,0
2026-01-09 12:00:00,0.00026111,0.00026111,0.00026111,0.00026111,50006.00,1767974399999,13.05706666,1,50006.00,13.05706666,0
2026-01-09 16:00:00,0.00026111,0.00026111,0.00022301,0.00022301,122977.00,1767988799999,28.67900294,4,31854.00,8.31739794,0
2026-01-09 20:00:00,0.0002231,0.00026111,0.0002231,0.0002231,170963.00,1768003199999,40.89540373,5,72443.00,18.91559173,0
2026-01-10 00:00:00,0.0002231,0.0002231,0.0002231,0.0002231,0.00,1768017599999,0.00000000,0,0.00,0.00000000,0
2026-01-10 04:00:00,0.0002231,0.0002231,0.0002231,0.0002231,311733.00,1768031999999,69.54763230,6,0.00,0.00000000,0
2026-01-10 08:00:00,0.0002231,0.0002231,0.0002231,0.0002231,0.00,1768046399999,0.00000000,0,0.00,0.00000000,0
2026-01-10 12:00:00,0.0002231,0.0002231,0.0002231,0.0002231,0.00,1768060799999,0.00000000,0,0.00,0.00000000,0
2026-01-10 16:00:00,0.00022317,0.00026111,0.0002231,0.0002231,708767.00,1768075199999,162.49483401,10,114791.00,29.97307801,0
2026-01-10 20:00:00,0.0002231,0.0002231,0.0002231,0.0002231,0.00,1768089599999,0.00000000,0,0.00,0.00000000,0
2026-01-11 00:00:00,0.0002231,0.0002231,0.0002231,0.0002231,27390.00,1768103999999,6.11070900,1,0.00,0.00000000,0
2026-01-11 04:00:00,0.0002231,0.0002231,0.0002231,0.0002231,53069.00,1768118399999,11.83969390,1,0.00,0.00000000,0
2026-01-11 08:00:00,0.000225,0.000225,0.000225,0.000225,53001.00,1768132799999,11.92522500,1,0.00,0.00000000,0
2026-01-11 12:00:00,0.000225,0.000225,0.000225,0.000225,160978.00,1768147199999,36.22005000,3,0.00,0.00000000,0
2026-01-11 16:00:00,0.000225,0.000225,0.000225,0.000225,0.00,1768161599999,0.00000000,0,0.00,0.00000000,0
2026-01-11 20:00:00,0.000225,0.000225,0.000225,0.000225,0.00,1768175999999,0.00000000,0,0.00,0.00000000,0
2026-01-12 00:00:00,0.000225,0.000225,0.000225,0.000225,0.00,1768190399999,0.00000000,0,0.00,0.00000000,0
2026-01-12 04:00:00,0.00026111,0.00054,0.00026111,0.0003,80841719.00,1768204799999,29191.90804773,126,41400515.00,17348.85288409,0
2026-01-12 08:00:00,0.0004,0.00053956,0.00028,0.00028,45803495.00,1768219199999,16060.09016335,33,23057082.00,9233.47172335,0
2026-01-12 12:00:00,0.000388,0.00039,0.000388,0.00039,4544609.00,1768233599999,1768.23166200,15,4544609.00,1768.23166200,0
2026-01-12 16:00:00,0.00039,0.00039,0.00028,0.00038,14580930.00,1768247999999,4885.42547627,17,7589703.00,2858.29897627,0
2026-01-12 20:00:00,0.00038,0.00054,0.00038,0.000539,2878063.00,1768262399999,1109.40267011,12,220869.00,99.66895011,0
2026-01-13 00:00:00,0.0005379,0.0005379,0.000285,0.00028888,530469.00,1768276799999,184.96038181,10,131538.00,69.67534945,0
2026-01-13 04:00:00,0.00039,0.0005,0.00029,0.000474,3758463.00,1768291199999,1477.95703583,23,2000600.00,961.25973283,0
2026-01-13 08:00:00,0.00045,0.00045,0.00032,0.00032,558727.00,1768305599999,197.15175754,8,160864.00,69.70819950,0
2026-01-13 12:00:00,0.00032,0.00032,0.00032,0.00032,242612.00,1768319999999,77.63584000,3,0.00,0.00000000,0
2026-01-13 16:00:00,0.00032,0.00032,0.000315,0.000315,239684.00,1768334399999,76.46312100,3,96771.00,30.73096100,0
2026-01-13 20:00:00,0.000315,0.000315,0.0003,0.00030001,165916.00,1768348799999,51.31377486,4,102578.00,32.31207000,0
2026-01-14 00:00:00,0.00030002,0.00039989,0.00030002,0.000311,487139.00,1768363199999,169.66291728,8,254164.00,99.15188374,0
2026-01-14 04:00:00,0.000315,0.000317,0.000315,0.000317,3607571.00,1768377599999,1143.57290700,2,0.00,0.00000000,0
2026-01-14 08:00:00,0.000317,0.000317,0.000317,0.000317,15013.00,1768391999999,4.75912100,1,0.00,0.00000000,0
2026-01-14 12:00:00,0.000317,0.000317,0.000317,0.000317,7997.00,1768406399999,2.53504900,1,0.00,0.00000000,0
2026-01-14 16:00:00,0.000317,0.000317,0.000317,0.000317,0.00,1768420799999,0.00000000,0,0.00,0.00000000,0
2026-01-14 20:00:00,0.0003171,0.0003171,0.000317,0.000317,49634.00,1768435199999,15.73499810,2,0.00,0.00000000,0
2026-01-15 00:00:00,0.000317,0.000317,0.000317,0.000317,81713.00,1768449599999,25.90302100,2,0.00,0.00000000,0
2026-01-15 04:00:00,0.000317,0.000317,0.000317,0.000317,0.00,1768463999999,0.00000000,0,0.00,0.00000000,0
2026-01-15 08:00:00,0.000317,0.000317,0.000317,0.000317,69423.00,1768478399999,22.00709100,1,0.00,0.00000000,0
2026-01-15 12:00:00,0.000317,0.000317,0.000317,0.000317,0.00,1768492799999,0.00000000,0,0.00,0.00000000,0
2026-01-15 16:00:00,0.000317,0.000317,0.000317,0.000317,0.00,1768507199999,0.00000000,0,0.00,0.00000000,0
2026-01-15 20:00:00,0.000317,0.000317,0.000317,0.000317,60217.00,1768521599999,19.08878900,1,0.00,0.00000000,0
2026-01-16 00:00:00,0.00039,0.00039,0.0003189,0.00035504,1567334.00,1768535999999,572.47580742,30,1517188.00,555.56338100,0
2026-01-16 04:00:00,0.00035124,0.00035124,0.00034743,0.00034743,634750.00,1768550399999,222.09685000,8,536275.00,187.69625000,0
2026-01-16 08:00:00,0.000347,0.00035694,0.00034363,0.00035694,278512.00,1768564799999,97.07123605,12,215177.00,75.24506250,0
2026-01-16 12:00:00,0.00035314,0.00035314,0.00035,0.00035,256538.00,1768579199999,89.93207350,6,190888.00,66.81080000,0
2026-01-16 16:00:00,0.00035,0.00035,0.00035,0.00035,293712.00,1768593599999,102.79920000,3,293712.00,102.79920000,0
2026-01-16 20:00:00,0.00035,0.00035,0.00034553,0.00034553,91992.00,1768607999999,32.06228817,6,19953.00,6.98355000,0
2026-01-17 00:00:00,0.00034933,0.00035,0.00033031,0.00033031,559985.00,1768622399999,191.38619549,27,191779.00,66.43154732,0
2026-01-17 04:00:00,0.00033032,0.00033222,0.00032271,0.00032271,199888.00,1768636799999,65.61959532,13,49923.00,16.52272331,0
2026-01-17 08:00:00,0.00032651,0.00032651,0.00032651,0.00032651,24034.00,1768651199999,7.84734134,2,24034.00,7.84734134,0
2026-01-17 12:00:00,0.00032651,0.00032841,0.00032651,0.00032841,27436.00,1768665599999,8.99355386,3,27436.00,8.99355386,0
2026-01-17 16:00:00,0.00032841,0.00035,0.00032841,0.00034743,556620.00,1768679999999,191.06405759,20,535242.00,183.63669905,0
2026-01-17 20:00:00,0.00034743,0.00034743,0.00034363,0.00034363,76907.00,1768694399999,26.55326296,6,14485.00,4.99732500,0
2026-01-18 00:00:00,0.00034363,0.00034363,0.00033031,0.00033412,322514.00,1768708799999,108.43572323,16,71411.00,23.94410262,0
2026-01-18 04:00:00,0.00033792,0.00033982,0.00033792,0.00033982,58973.00,1768723199999,19.98878326,2,58973.00,19.98878326,0
2026-01-18 08:00:00,0.00033602,0.00033602,0.00032651,0.00032651,134797.00,1768737599999,44.75674689,9,0.00,0.00000000,0
2026-01-18 12:00:00,0.00032651,0.00032651,0.00032651,0.00032651,0.00,1768751999999,0.00000000,0,0.00,0.00000000,0
2026-01-18 16:00:00,0.00033031,0.00033031,0.000315,0.000315,339212.00,1768766399999,108.25231108,13,12103.00,3.99774193,0
2026-01-18 20:00:00,0.000317,0.0003189,0.0003151,0.0003189,74944.00,1768780799999,23.76760110,6,56609.00,17.99024260,0
2026-01-19 00:00:00,0.00031882,0.00031882,0.00031129,0.00031129,208447.00,1768795199999,65.75827458,6,48447.00,15.44587254,0
2026-01-19 04:00:00,0.00031129,0.000317,0.00030559,0.0003132,370544.00,1768809599999,115.35928754,20,166143.00,51.96284990,0
2026-01-19 08:00:00,0.00030939,0.00030939,0.00030939,0.00030939,5366.00,1768823999999,1.66018674,1,0.00,0.00000000,0
2026-01-19 12:00:00,0.00030939,0.00030939,0.00030939,0.00030939,0.00,1768838399999,0.00000000,0,0.00,0.00000000,0
2026-01-19 16:00:00,0.0003132,0.00033412,0.0003132,0.00032841,442632.00,1768852799999,144.07357623,20,325664.00,105.64938035,0
2026-01-19 20:00:00,0.00032841,0.00033222,0.00032651,0.00032841,59446.00,1768867199999,19.59293837,5,36276.00,11.98891697,0
2026-01-20 00:00:00,0.00033222,0.00033412,0.0003151,0.0003189,279978.00,1768881599999,90.49329466,13,34621.00,11.43209644,0
2026-01-20 04:00:00,0.0003189,0.000345,0.0003189,0.000345,1250460.00,1768895999999,425.21598588,22,1216814.00,413.71970641,0
2026-01-20 08:00:00,0.000344,0.000344,0.00034173,0.000344,118820.00,1768910399999,40.84464945,5,105855.00,36.41412000,0
2026-01-20 12:00:00,0.00034173,0.00034173,0.00033602,0.00033602,107840.00,1768924799999,36.53378010,5,0.00,0.00000000,0
2026-01-20 16:00:00,0.00033982,0.000344,0.00027135,0.00027135,2190755.00,1768939199999,696.00167517,68,711866.00,241.86769616,0
2026-01-20 20:00:00,0.00027516,0.00030559,0.00027516,0.00029988,595505.00,1768953599999,173.23168969,23,539599.00,156.40423091,0
2026-01-21 00:00:00,0.00030369,0.00030369,0.00030369,0.00030369,16433.00,1768967999999,4.99053777,1,16433.00,4.99053777,0
2026-01-21 04:00:00,0.00029988,0.00029988,0.00029608,0.00029988,72861.00,1768982399999,21.75738198,4,22448.00,6.73170624,0
2026-01-21 08:00:00,0.00029608,0.00030178,0.00029598,0.00030178,96689.00,1768996799999,28.79297482,6,54641.00,16.34510968,0
2026-01-21 12:00:00,0.00030178,0.00030178,0.00029798,0.00029798,12896.00,1769011199999,3.86789088,2,6616.00,1.99657648,0
2026-01-21 16:00:00,0.00029798,0.00029798,0.0002951,0.0002951,61000.00,1769025599999,18.10971810,3,0.00,0.00000000,0
2026-01-21 20:00:00,0.0002951,0.0002951,0.0002951,0.0002951,0.00,1769039999999,0.00000000,0,0.00,0.00000000,0
2026-01-22 00:00:00,0.00029418,0.00029798,0.00028847,0.00028847,119887.00,1769054399999,35.08593181,6,13417.00,3.99799766,0
2026-01-22 04:00:00,0.00029227,0.00029988,0.00028657,0.00029227,329622.00,1769068799999,96.65356051,16,166907.00,49.10334446,0
2026-01-22 08:00:00,0.00029227,0.000344,0.00028657,0.000344,112765.00,1769083199999,33.64755644,8,77288.00,23.41854505,0
2026-01-22 12:00:00,0.000344,0.000344,0.000344,0.000344,28031.00,1769097599999,9.64266400,1,28031.00,9.64266400,0
2026-01-22 16:00:00,0.000344,0.000344,0.000344,0.000344,41521.00,1769111999999,14.28322400,2,41521.00,14.28322400,0
2026-01-22 20:00:00,0.000344,0.000344,0.000344,0.000344,46006.00,1769126399999,15.82606400,2,46006.00,15.82606400,0
2026-01-23 00:00:00,0.000344,0.000344,0.00032323,0.00033233,455205.00,1769140799999,152.75012992,6,455205.00,152.75012992,0
2026-01-23 04:00:00,0.00033233,0.00033233,0.00033233,0.00033233,219230.00,1769155199999,72.85670590,6,219230.00,72.85670590,0
2026-01-23 08:00:00,0.00033233,0.000344,0.00033233,0.000344,156192.00,1769169599999,52.91382789,5,156192.00,52.91382789,0
2026-01-23 12:00:00,0.000342,0.00034299,0.000342,0.00034299,340597.00,1769183999999,116.49819339,3,340597.00,116.49819339,0
2026-01-23 16:00:00,0.00034299,0.00034299,0.00034299,0.00034299,29100.00,1769198399999,9.98100900,1,29100.00,9.98100900,0
2026-01-23 20:00:00,0.00034299,0.00034299,0.00034299,0.00034299,133180.00,1769212799999,45.67940820,3,133180.00,45.67940820,0
2026-01-24 00:00:00,0.00028,0.00028,0.00025,0.000255,418721.00,1769227199999,106.35191000,9,35722.00,10.00216000,0
2026-01-24 04:00:00,0.00028,0.00034399,0.00028,0.0003434,246029.00,1769241599999,80.76748839,5,246029.00,80.76748839,0
2026-01-24 08:00:00,0.0003434,0.0003434,0.0003434,0.0003434,0.00,1769255999999,0.00000000,0,0.00,0.00000000,0
2026-01-24 12:00:00,0.0003434,0.0003434,0.0003434,0.0003434,0.00,1769270399999,0.00000000,0,0.00,0.00000000,0
2026-01-24 16:00:00,0.000339,0.000339,0.000255,0.000255,467349.00,1769284799999,132.59456500,9,161626.00,54.37426600,0
2026-01-24 20:00:00,0.000255,0.000255,0.000255,0.000255,39876.00,1769299199999,10.16838000,1,0.00,0.00000000,0
2026-01-25 00:00:00,0.00026,0.00033499,0.00026,0.00032899,613207.00,1769313599999,195.93831835,4,522865.00,172.44939835,0
2026-01-25 04:00:00,0.00032899,0.00032899,0.00032899,0.00032899,0.00,1769327999999,0.00000000,0,0.00,0.00000000,0
2026-01-25 08:00:00,0.00032,0.00032,0.00026,0.00026,1000847.00,1769342399999,266.72782000,8,108460.00,34.70720000,0
2026-01-25 12:00:00,0.00026,0.00026,0.00026,0.00026,7692.00,1769356799999,1.99992000,1,0.00,0.00000000,0
2026-01-25 16:00:00,0.000261,0.000261,0.00022341,0.00022341,7394151.00,1769371199999,1904.74060913,6,0.00,0.00000000,0
2026-01-25 20:00:00,0.00022341,0.00022341,0.00022341,0.00022341,0.00,1769385599999,0.00000000,0,0.00,0.00000000,0
2026-01-26 00:00:00,0.00022341,0.00022341,0.00022341,0.00022341,0.00,1769399999999,0.00000000,0,0.00,0.00000000,0
2026-01-26 04:00:00,0.00022341,0.00022341,0.00022341,0.00022341,0.00,1769414399999,0.00000000,0,0.00,0.00000000,0
2026-01-26 08:00:00,0.00022341,0.00022341,0.00022341,0.00022341,56706.00,1769428799999,12.66868746,4,0.00,0.00000000,0
2026-01-26 12:00:00,0.00022341,0.00022341,0.00022341,0.00022341,0.00,1769443199999,0.00000000,0,0.00,0.00000000,0
2026-01-26 16:00:00,0.00022341,0.00022341,0.0002,0.0002,94550.00,1769457599999,20.16003966,7,0.00,0.00000000,0
2026-01-26 20:00:00,0.00030999,0.00030999,0.00022341,0.00022341,10708.00,1769471999999,3.01158102,2,7153.00,2.21735847,0
2026-01-27 00:00:00,0.00022341,0.00022341,0.00022341,0.00022341,10523.00,1769486399999,2.35094343,1,0.00,0.00000000,0
2026-01-27 04:00:00,0.00022341,0.00022341,0.00022341,0.00022341,23171.00,1769500799999,5.17663311,1,0.00,0.00000000,0
2026-01-27 08:00:00,0.00022341,0.00022342,0.00022341,0.00022342,76957.00,1769515199999,17.19336194,4,0.00,0.00000000,0
2026-01-27 12:00:00,0.00022342,0.00022342,0.00022342,0.00022342,0.00,1769529599999,0.00000000,0,0.00,0.00000000,0
2026-01-27 16:00:00,0.00022342,0.00022342,0.00022342,0.00022342,0.00,1769543999999,0.00000000,0,0.00,0.00000000,0
2026-01-27 20:00:00,0.00022341,0.00022341,0.00022341,0.00022341,71863.00,1769558399999,16.05491283,1,0.00,0.00000000,0
2026-01-28 00:00:00,0.00022342,0.00022342,0.00022342,0.00022342,29263.00,1769572799999,6.53793946,1,0.00,0.00000000,0
2026-01-28 04:00:00,0.00022342,0.00022342,0.00022342,0.00022342,0.00,1769587199999,0.00000000,0,0.00,0.00000000,0
2026-01-28 08:00:00,0.00020001,0.00020001,0.00020001,0.00020001,61954.00,1769601599999,12.39141954,2,0.00,0.00000000,0
2026-01-28 12:00:00,0.00020001,0.00020001,0.00020001,0.00020001,142576.00,1769615999999,28.51662576,3,0.00,0.00000000,0
2026-01-28 16:00:00,0.00020001,0.00020001,0.00020001,0.00020001,0.00,1769630399999,0.00000000,0,0.00,0.00000000,0
2026-01-28 20:00:00,0.00020002,0.00020002,0.00020002,0.00020002,468834.00,1769644799999,93.77617668,2,0.00,0.00000000,0
2026-01-29 00:00:00,0.00020002,0.00020002,0.00020002,0.00020002,0.00,1769659199999,0.00000000,0,0.00,0.00000000,0
2026-01-29 04:00:00,0.00020002,0.00020002,0.00020002,0.00020002,0.00,1769673599999,0.00000000,0,0.00,0.00000000,0
2026-01-29 08:00:00,0.00020002,0.00020002,0.00020002,0.00020002,0.00,1769687999999,0.00000000,0,0.00,0.00000000,0
2026-01-29 12:00:00,0.00020002,0.00020002,0.00020002,0.00020002,0.00,1769702399999,0.00000000,0,0.00,0.00000000,0
2026-01-29 16:00:00,0.00020002,0.00020002,0.00020002,0.00020002,0.00,1769716799999,0.00000000,0,0.00,0.00000000,0
2026-01-29 20:00:00,0.000205,0.000205,0.000205,0.000205,19517.00,1769731199999,4.00098500,1,0.00,0.00000000,0
2026-01-30 00:00:00,0.00020616,0.00020616,0.000205,0.000205,29318.00,1769745599999,6.03342016,2,0.00,0.00000000,0
2026-01-30 04:00:00,0.000205,0.000205,0.000205,0.000205,0.00,1769759999999,0.00000000,0,0.00,0.00000000,0
2026-01-30 08:00:00,0.000205,0.000205,0.000205,0.000205,13010.00,1769774399999,2.66705000,1,0.00,0.00000000,0
2026-01-30 12:00:00,0.000205,0.000205,0.000205,0.000205,0.00,1769788799999,0.00000000,0,0.00,0.00000000,0
2026-01-30 16:00:00,0.000205,0.000205,0.000205,0.000205,0.00,1769803199999,0.00000000,0,0.00,0.00000000,0
2026-01-30 20:00:00,0.000205,0.000205,0.000205,0.000205,0.00,1769817599999,0.00000000,0,0.00,0.00000000,0
2026-01-31 00:00:00,0.000205,0.000205,0.000205,0.000205,0.00,1769831999999,0.00000000,0,0.00,0.00000000,0
2026-01-31 04:00:00,0.000205,0.000205,0.000205,0.000205,20639.00,1769846399999,4.23099500,1,0.00,0.00000000,0
2026-01-31 08:00:00,0.000205,0.000205,0.000205,0.000205,41946.00,1769860799999,8.59893000,2,0.00,0.00000000,0
2026-01-31 12:00:00,0.000205,0.000205,0.000205,0.000205,60000.00,1769875199999,12.30000000,1,0.00,0.00000000,0
2026-01-31 16:00:00,0.000205,0.000205,0.000205,0.000205,0.00,1769889599999,0.00000000,0,0.00,0.00000000,0
2026-01-31 20:00:00,0.000205,0.000205,0.000205,0.000205,0.00,1769903999999,0.00000000,0,0.00,0.00000000,0
2026-02-01 00:00:00,0.000205,0.000205,0.000205,0.000205,0.00,1769918399999,0.00000000,0,0.00,0.00000000,0
2026-02-01 04:00:00,0.000205,0.000205,0.000205,0.000205,0.00,1769932799999,0.00000000,0,0.00,0.00000000,0
2026-02-01 08:00:00,0.000205,0.000205,0.000205,0.000205,0.00,1769947199999,0.00000000,0,0.00,0.00000000,0
2026-02-01 12:00:00,0.000205,0.000205,0.000205,0.000205,0.00,1769961599999,0.00000000,0,0.00,0.00000000,0
2026-02-01 16:00:00,0.000205,0.000205,0.000205,0.000205,0.00,1769975999999,0.00000000,0,0.00,0.00000000,0
2026-02-01 20:00:00,0.00019745,0.00019745,0.00019745,0.00019745,14439.00,1769990399999,2.85098055,1,0.00,0.00000000,0
2026-02-02 00:00:00,0.00019745,0.00019745,0.00019745,0.00019745,0.00,1770004799999,0.00000000,0,0.00,0.00000000,0
2026-02-02 04:00:00,0.00019745,0.00019745,0.00019745,0.00019745,0.00,1770019199999,0.00000000,0,0.00,0.00000000,0
2026-02-02 08:00:00,0.00019745,0.00019745,0.00019745,0.00019745,0.00,1770033599999,0.00000000,0,0.00,0.00000000,0
2026-02-02 12:00:00,0.00019745,0.00019745,0.00019745,0.00019745,0.00,1770047999999,0.00000000,0,0.00,0.00000000,0
2026-02-02 16:00:00,0.00019745,0.00019745,0.00019745,0.00019745,0.00,1770062399999,0.00000000,0,0.00,0.00000000,0
2026-02-02 20:00:00,0.00019745,0.00019745,0.00019745,0.00019745,0.00,1770076799999,0.00000000,0,0.00,0.00000000,0
2026-02-03 00:00:00,0.00019745,0.00019745,0.00019745,0.00019745,0.00,1770091199999,0.00000000,0,0.00,0.00000000,0
2026-02-03 04:00:00,0.00019745,0.00019745,0.00019745,0.00019745,0.00,1770105599999,0.00000000,0,0.00,0.00000000,0
2026-02-03 08:00:00,0.00019745,0.00019745,0.00019745,0.00019745,0.00,1770119999999,0.00000000,0,0.00,0.00000000,0
2026-02-03 12:00:00,0.00019745,0.00019745,0.00016,0.00016,114093.00,1770134399999,21.66331685,4,0.00,0.00000000,0
2026-02-03 16:00:00,0.00016,0.00016,0.00016,0.00016,0.00,1770148799999,0.00000000,0,0.00,0.00000000,0
2026-02-03 20:00:00,0.00016,0.00016,0.00016,0.00016,0.00,1770163199999,0.00000000,0,0.00,0.00000000,0
2026-02-04 00:00:00,0.00016008,0.00016008,0.00016008,0.00016008,61000.00,1770177599999,9.76488000,1,0.00,0.00000000,0
2026-02-04 04:00:00,0.00016008,0.00016008,0.00016008,0.00016008,0.00,1770191999999,0.00000000,0,0.00,0.00000000,0
2026-02-04 08:00:00,0.00016008,0.00016008,0.00016008,0.00016008,0.00,1770206399999,0.00000000,0,0.00,0.00000000,0
2026-02-04 12:00:00,0.00030398,0.00030398,0.00030398,0.00030398,137902.00,1770220799999,41.91944996,5,137902.00,41.91944996,0
2026-02-04 16:00:00,0.00030398,0.00030398,0.000165,0.0003,935610.00,1770235199999,266.28399856,17,809959.00,245.37658356,0
2026-02-04 20:00:00,0.0002999,0.0002999,0.00017,0.00017001,219573.00,1770249599999,56.72695506,4,149338.00,44.78646620,0
2026-02-05 00:00:00,0.00017001,0.00017001,0.00017001,0.00017001,0.00,1770263999999,0.00000000,0,0.00,0.00000000,0
2026-02-05 04:00:00,0.00025,0.0002999,0.0001801,0.0001801,11731.00,1770278399999,2.56903450,3,5883.00,1.51580970,0
2026-02-05 08:00:00,0.0001801,0.0001801,0.0001801,0.0001801,0.00,1770292799999,0.00000000,0,0.00,0.00000000,0
2026-02-05 12:00:00,0.00019,0.00019,0.00018,0.00018,9496069.00,1770307199999,1710.29348450,4,0.00,0.00000000,0
2026-02-05 16:00:00,0.00018,0.00018,0.00018,0.00018,0.00,1770321599999,0.00000000,0,0.00,0.00000000,0
2026-02-05 20:00:00,0.00018,0.00018,0.00018,0.00018,0.00,1770335999999,0.00000000,0,0.00,0.00000000,0
2026-02-06 00:00:00,0.00018,0.00018,0.00018,0.00018,12617.00,1770350399999,2.27106000,1,0.00,0.00000000,0
2026-02-06 04:00:00,0.00018,0.00018,0.00018,0.00018,0.00,1770364799999,0.00000000,0,0.00,0.00000000,0
2026-02-06 08:00:00,0.000186,0.00019,0.000186,0.000186,81489.00,1770379199999,15.19589800,3,0.00,0.00000000,0
2026-02-06 12:00:00,0.000186,0.000186,0.00018,0.00018,250000.00,1770393599999,46.38338400,2,0.00,0.00000000,0
2026-02-06 16:00:00,0.00018,0.00018,0.00018,0.00018,0.00,1770407999999,0.00000000,0,0.00,0.00000000,0
2026-02-06 20:00:00,0.00018,0.00018,0.00018,0.00018,0.00,1770422399999,0.00000000,0,0.00,0.00000000,0
2026-02-07 00:00:00,0.00018,0.00018,0.00018,0.00018,0.00,1770436799999,0.00000000,0,0.00,0.00000000,0
2026-02-07 04:00:00,0.0001871,0.0001871,0.00016008,0.00016008,41630.00,1770451199999,7.40441372,3,21370.00,3.99832700,0
2026-02-07 08:00:00,0.00016008,0.00016008,0.00016008,0.00016008,0.00,1770465599999,0.00000000,0,0.00,0.00000000,0
2026-02-07 12:00:00,0.00016008,0.00016008,0.00016008,0.00016008,0.00,1770479999999,0.00000000,0,0.00,0.00000000,0
2026-02-07 16:00:00,0.00016008,0.00016008,0.00016008,0.00016008,0.00,1770494399999,0.00000000,0,0.00,0.00000000,0
2026-02-07 20:00:00,0.00016008,0.00016008,0.00016008,0.00016008,0.00,1770508799999,0.00000000,0,0.00,0.00000000,0
2026-02-08 00:00:00,0.00016008,0.00016008,0.00016008,0.00016008,0.00,1770523199999,0.00000000,0,0.00,0.00000000,0
2026-02-08 04:00:00,0.00016008,0.00016008,0.00016008,0.00016008,0.00,1770537599999,0.00000000,0,0.00,0.00000000,0
2026-02-08 08:00:00,0.00016008,0.00016008,0.00016,0.00016,47425.00,1770551999999,7.58953200,2,0.00,0.00000000,0
2026-02-08 12:00:00,0.00016,0.00016,0.00016,0.00016,0.00,1770566399999,0.00000000,0,0.00,0.00000000,0
2026-02-08 16:00:00,0.00016,0.00016,0.00016,0.00016,0.00,1770580799999,0.00000000,0,0.00,0.00000000,0
2026-02-08 20:00:00,0.00016,0.00016,0.00016,0.00016,9000.00,1770595199999,1.44000000,1,0.00,0.00000000,0
2026-02-09 00:00:00,0.00016,0.00016,0.00016,0.00016,0.00,1770609599999,0.00000000,0,0.00,0.00000000,0
2026-02-09 04:00:00,0.00016,0.00016,0.00016,0.00016,0.00,1770623999999,0.00000000,0,0.00,0.00000000,0
2026-02-09 08:00:00,0.00016,0.00016,0.00016,0.00016,0.00,1770638399999,0.00000000,0,0.00,0.00000000,0
2026-02-09 12:00:00,0.00016,0.00016,0.00016,0.00016,0.00,1770652799999,0.00000000,0,0.00,0.00000000,0
2026-02-09 16:00:00,0.00017723,0.00019799,0.00017723,0.00019799,220063.00,1770667199999,41.77028137,4,220063.00,41.77028137,0
2026-02-09 20:00:00,0.00019799,0.0002575,0.00016,0.00016,145879.00,1770681599999,24.32240327,5,23847.00,4.79728327,0
2026-02-10 00:00:00,0.000165,0.000165,0.00016,0.00016,270605.00,1770695999999,43.99701000,7,0.00,0.00000000,0
2026-02-10 04:00:00,0.00016,0.00016,0.00016,0.00016,0.00,1770710399999,0.00000000,0,0.00,0.00000000,0
2026-02-10 08:00:00,0.000173,0.000173,0.00016,0.00016,74902.00,1770724799999,12.66719608,3,38382.00,6.64008600,0
2026-02-10 12:00:00,0.000173,0.000173,0.00016,0.00016,167905.00,1770739199999,27.48269000,3,47530.00,8.22269000,0
2026-02-10 16:00:00,0.00016,0.000173,0.00016,0.000173,190302.00,1770753599999,31.34924600,4,69302.00,11.98924600,0
2026-02-10 20:00:00,0.000173,0.000173,0.000173,0.000173,15176.00,1770767999999,2.62544800,1,15176.00,2.62544800,0
2026-02-11 00:00:00,0.000173,0.000173,0.000173,0.000173,8167.00,1770782399999,1.41289100,1,8167.00,1.41289100,0
2026-02-11 04:00:00,0.00020295,0.00020295,0.00020295,0.00020295,15732.00,1770796799999,3.19280940,1,15732.00,3.19280940,0
2026-02-11 08:00:00,0.00020295,0.00020295,0.00020295,0.00020295,0.00,1770811199999,0.00000000,0,0.00,0.00000000,0
2026-02-11 12:00:00,0.00020295,0.00020295,0.00020295,0.00020295,0.00,1770825599999,0.00000000,0,0.00,0.00000000,0
2026-02-11 16:00:00,0.00017943,0.0002,0.00016,0.00016,273133.00,1770839999999,51.92024588,7,210426.00,41.88712588,0
2026-02-11 20:00:00,0.00016,0.00016,0.00016,0.00016,0.00,1770854399999,0.00000000,0,0.00,0.00000000,0
2026-02-12 00:00:00,0.00016,0.00016,0.00016,0.00016,0.00,1770868799999,0.00000000,0,0.00,0.00000000,0
2026-02-12 04:00:00,0.00016,0.00016,0.00016,0.00016,0.00,1770883199999,0.00000000,0,0.00,0.00000000,0
2026-02-12 08:00:00,0.00016,0.00016,0.00016,0.00016,0.00,1770897599999,0.00000000,0,0.00,0.00000000,0
2026-02-12 12:00:00,0.00016,0.00016,0.00016,0.00016,19804.00,1770911999999,3.16864000,1,0.00,0.00000000,0
2026-02-12 16:00:00,0.00016,0.00016,0.00016,0.00016,90767.00,1770926399999,14.52272000,1,0.00,0.00000000,0
2026-02-12 20:00:00,0.000198,0.000199,0.00016001,0.00016001,30611.00,1770940799999,5.51084681,3,16130.00,3.19374200,0
2026-02-13 00:00:00,0.00016001,0.00016001,0.00016001,0.00016001,0.00,1770955199999,0.00000000,0,0.00,0.00000000,0
2026-02-13 04:00:00,0.00016001,0.00016001,0.00016001,0.00016001,0.00,1770969599999,0.00000000,0,0.00,0.00000000,0
2026-02-13 08:00:00,0.00016001,0.00016001,0.00016,0.00016,42872.00,1770983999999,6.85957455,3,0.00,0.00000000,0
2026-02-13 12:00:00,0.00016,0.00016,0.00016,0.00016,0.00,1770998399999,0.00000000,0,0.00,0.00000000,0
2026-02-13 16:00:00,0.00016,0.00016,0.00016,0.00016,0.00,1771012799999,0.00000000,0,0.00,0.00000000,0
2026-02-13 20:00:00,0.00016,0.00016,0.00016,0.00016,0.00,1771027199999,0.00000000,0,0.00,0.00000000,0
2026-02-14 00:00:00,0.00016,0.00016,0.00016,0.00016,0.00,1771041599999,0.00000000,0,0.00,0.00000000,0
2026-02-14 04:00:00,0.00016,0.00016,0.00016,0.00016,0.00,1771055999999,0.00000000,0,0.00,0.00000000,0
2026-02-14 08:00:00,0.00016,0.00016,0.00016,0.00016,17368.00,1771070399999,2.77888000,1,0.00,0.00000000,0
2026-02-14 12:00:00,0.00016,0.00016,0.00016,0.00016,0.00,1771084799999,0.00000000,0,0.00,0.00000000,0
2026-02-14 16:00:00,0.00016,0.00016,0.00016,0.00016,0.00,1771099199999,0.00000000,0,0.00,0.00000000,0
2026-02-14 20:00:00,0.00016,0.00016,0.00016,0.00016,0.00,1771113599999,0.00000000,0,0.00,0.00000000,0
2026-02-15 00:00:00,0.00016,0.00016,0.00016,0.00016,0.00,1771127999999,0.00000000,0,0.00,0.00000000,0
2026-02-15 04:00:00,0.00016,0.00016,0.00015,0.00015,150561.00,1771142399999,23.74908000,2,0.00,0.00000000,0
2026-02-15 08:00:00,0.00015,0.00015,0.00015,0.00015,0.00,1771156799999,0.00000000,0,0.00,0.00000000,0
2026-02-15 12:00:00,0.00015,0.00015,0.00015,0.00015,0.00,1771171199999,0.00000000,0,0.00,0.00000000,0
2026-02-15 16:00:00,0.00015028,0.00015028,0.00015,0.00015,249782.00,1771185599999,37.49416264,2,0.00,0.00000000,0
2026-02-15 20:00:00,0.00015,0.00015,0.00015,0.00015,427000.00,1771199999999,64.05000000,9,0.00,0.00000000,0
2026-02-16 00:00:00,0.00015,0.00015,0.000121,0.000121,17786.00,1771214399999,2.29965800,3,0.00,0.00000000,0
2026-02-16 04:00:00,0.000121,0.000121,0.000121,0.000121,0.00,1771228799999,0.00000000,0,0.00,0.00000000,0
2026-02-16 08:00:00,0.000121,0.000121,0.000121,0.000121,0.00,1771243199999,0.00000000,0,0.00,0.00000000,0
2026-02-16 12:00:00,0.000121,0.000121,0.000121,0.000121,0.00,1771257599999,0.00000000,0,0.00,0.00000000,0
2026-02-16 16:00:00,0.000121,0.000121,0.000121,0.000121,0.00,1771271999999,0.00000000,0,0.00,0.00000000,0
2026-02-16 20:00:00,0.000121,0.000121,0.000121,0.000121,0.00,1771286399999,0.00000000,0,0.00,0.00000000,0
2026-02-17 00:00:00,0.000195,0.000197,0.000195,0.000197,449950.00,1771300799999,88.60587100,4,449950.00,88.60587100,0
2026-02-17 04:00:00,0.000197,0.000197,0.000197,0.000197,490845.00,1771315199999,96.69646500,1,490845.00,96.69646500,0
2026-02-17 08:00:00,0.000197,0.000197,0.000197,0.000197,144856.00,1771329599999,28.53663200,1,144856.00,28.53663200,0
2026-02-17 12:00:00,0.000197,0.000197,0.000197,0.000197,55559.00,1771343999999,10.94512300,2,55559.00,10.94512300,0
2026-02-17 16:00:00,0.00012275,0.00012275,0.0001225,0.0001225,63175.00,1771358399999,7.74176675,3,0.00,0.00000000,0
2026-02-17 20:00:00,0.0001225,0.0001225,0.0001225,0.0001225,94388.00,1771372799999,11.56253000,1,0.00,0.00000000,0
2026-02-18 00:00:00,0.0001225,0.0001225,0.0001225,0.0001225,33912.00,1771387199999,4.15422000,1,0.00,0.00000000,0
2026-02-18 04:00:00,0.0001225,0.0001225,0.0001225,0.0001225,0.00,1771401599999,0.00000000,0,0.00,0.00000000,0
2026-02-18 08:00:00,0.0001225,0.0001225,0.0001225,0.0001225,0.00,1771415999999,0.00000000,0,0.00,0.00000000,0
2026-02-18 12:00:00,0.0001225,0.0001225,0.0001225,0.0001225,0.00,1771430399999,0.00000000,0,0.00,0.00000000,0
2026-02-18 16:00:00,0.0001225,0.0001225,0.0001225,0.0001225,0.00,1771444799999,0.00000000,0,0.00,0.00000000,0
2026-02-18 20:00:00,0.0001225,0.0001225,0.0001225,0.0001225,233822.00,1771459199999,28.64319500,1,0.00,0.00000000,0
2026-02-19 00:00:00,0.0001225,0.0001225,0.0001225,0.0001225,0.00,1771473599999,0.00000000,0,0.00,0.00000000,0
2026-02-19 04:00:00,0.0001225,0.0001225,0.0001225,0.0001225,26052.00,1771487999999,3.19137000,1,0.00,0.00000000,0
2026-02-19 08:00:00,0.0001225,0.0001225,0.0001225,0.0001225,0.00,1771502399999,0.00000000,0,0.00,0.00000000,0
2026-02-19 12:00:00,0.0001225,0.0001225,0.0001225,0.0001225,0.00,1771516799999,0.00000000,0,0.00,0.00000000,0
2026-02-19 16:00:00,0.0001225,0.0001225,0.0001225,0.0001225,0.00,1771531199999,0.00000000,0,0.00,0.00000000,0
2026-02-19 20:00:00,0.0001225,0.0001225,0.0001225,0.0001225,0.00,1771545599999,0.00000000,0,0.00,0.00000000,0
2026-02-20 00:00:00,0.0001225,0.0001225,0.0001225,0.0001225,0.00,1771559999999,0.00000000,0,0.00,0.00000000,0
2026-02-20 04:00:00,0.0001225,0.0001225,0.0001225,0.0001225,0.00,1771574399999,0.00000000,0,0.00,0.00000000,0
2026-02-20 08:00:00,0.0001225,0.0001225,0.0001225,0.0001225,68560.00,1771588799999,8.39860000,1,0.00,0.00000000,0
2026-02-20 12:00:00,0.0001225,0.0001225,0.0001225,0.0001225,0.00,1771603199999,0.00000000,0,0.00,0.00000000,0
2026-02-20 16:00:00,0.0001225,0.0001225,0.0001225,0.0001225,0.00,1771617599999,0.00000000,0,0.00,0.00000000,0
2026-02-20 20:00:00,0.0001225,0.0001225,0.0001225,0.0001225,0.00,1771631999999,0.00000000,0,0.00,0.00000000,0
2026-02-21 00:00:00,0.0001225,0.0001225,0.0001225,0.0001225,0.00,1771646399999,0.00000000,0,0.00,0.00000000,0
2026-02-21 04:00:00,0.0001225,0.0001225,0.0001225,0.0001225,0.00,1771660799999,0.00000000,0,0.00,0.00000000,0
2026-02-21 08:00:00,0.0001225,0.0001225,0.0001225,0.0001225,9808.00,1771675199999,1.20148000,1,0.00,0.00000000,0
2026-02-21 12:00:00,0.0001225,0.0001225,0.0001225,0.0001225,0.00,1771689599999,0.00000000,0,0.00,0.00000000,0
2026-02-21 16:00:00,0.0001225,0.0001225,0.0001225,0.0001225,0.00,1771703999999,0.00000000,0,0.00,0.00000000,0
2026-02-21 20:00:00,0.0001225,0.0001225,0.0001225,0.0001225,10524.00,1771718399999,1.28919000,1,0.00,0.00000000,0
2026-02-22 00:00:00,0.0001225,0.0001225,0.0001225,0.0001225,0.00,1771732799999,0.00000000,0,0.00,0.00000000,0
2026-02-22 04:00:00,0.0001225,0.0001225,0.0001225,0.0001225,0.00,1771747199999,0.00000000,0,0.00,0.00000000,0
2026-02-22 08:00:00,0.0001225,0.0001225,0.0001225,0.0001225,0.00,1771761599999,0.00000000,0,0.00,0.00000000,0
2026-02-22 12:00:00,0.0001225,0.0001225,0.0001225,0.0001225,0.00,1771775999999,0.00000000,0,0.00,0.00000000,0
2026-02-22 16:00:00,0.0001225,0.0001225,0.0001225,0.0001225,0.00,1771790399999,0.00000000,0,0.00,0.00000000,0
2026-02-22 20:00:00,0.0001225,0.0001225,0.0001225,0.0001225,0.00,1771804799999,0.00000000,0,0.00,0.00000000,0
2026-02-23 00:00:00,0.0001225,0.0001225,0.00011003,0.00011003,330400.00,1771819199999,40.08824091,11,0.00,0.00000000,0
2026-02-23 04:00:00,0.00011003,0.00011003,0.00011003,0.00011003,0.00,1771833599999,0.00000000,0,0.00,0.00000000,0
2026-02-23 08:00:00,0.00011003,0.00011003,0.00011003,0.00011003,0.00,1771847999999,0.00000000,0,0.00,0.00000000,0
2026-02-23 12:00:00,0.00011003,0.00011003,0.00011003,0.00011003,0.00,1771862399999,0.00000000,0,0.00,0.00000000,0
2026-02-23 16:00:00,0.00011003,0.00011003,0.00011003,0.00011003,0.00,1771876799999,0.00000000,0,0.00,0.00000000,0
2026-02-23 20:00:00,0.00011003,0.00011003,0.00011003,0.00011003,0.00,1771891199999,0.00000000,0,0.00,0.00000000,0
2026-02-24 00:00:00,0.00011003,0.00011003,0.00011003,0.00011003,0.00,1771905599999,0.00000000,0,0.00,0.00000000,0
2026-02-24 04:00:00,0.00011003,0.00011003,0.00011003,0.00011003,0.00,1771919999999,0.00000000,0,0.00,0.00000000,0
2026-02-24 08:00:00,0.00011003,0.00011003,0.00011003,0.00011003,0.00,1771934399999,0.00000000,0,0.00,0.00000000,0
2026-02-24 12:00:00,0.00011003,0.00011003,0.00011003,0.00011003,0.00,1771948799999,0.00000000,0,0.00,0.00000000,0
2026-02-24 16:00:00,0.00011003,0.00011003,0.00011003,0.00011003,0.00,1771963199999,0.00000000,0,0.00,0.00000000,0
2026-02-24 20:00:00,0.00011003,0.00011003,0.00011003,0.00011003,0.00,1771977599999,0.00000000,0,0.00,0.00000000,0
2026-02-25 00:00:00,0.00011003,0.00011003,0.00011003,0.00011003,0.00,1771991999999,0.00000000,0,0.00,0.00000000,0
2026-02-25 04:00:00,0.00011003,0.00011003,0.00011003,0.00011003,0.00,1772006399999,0.00000000,0,0.00,0.00000000,0
2026-02-25 08:00:00,0.00011003,0.00011003,0.00011003,0.00011003,0.00,1772020799999,0.00000000,0,0.00,0.00000000,0
2026-02-25 12:00:00,0.00011003,0.00011003,0.00011003,0.00011003,0.00,1772035199999,0.00000000,0,0.00,0.00000000,0
2026-02-25 16:00:00,0.00011003,0.00011003,0.00011003,0.00011003,0.00,1772049599999,0.00000000,0,0.00,0.00000000,0
2026-02-25 20:00:00,0.00011003,0.00011003,0.00011003,0.00011003,0.00,1772063999999,0.00000000,0,0.00,0.00000000,0
2026-02-26 00:00:00,0.00011003,0.00011003,0.00011003,0.00011003,0.00,1772078399999,0.00000000,0,0.00,0.00000000,0
2026-02-26 04:00:00,0.00011003,0.00011003,0.00011003,0.00011003,0.00,1772092799999,0.00000000,0,0.00,0.00000000,0
2026-02-26 08:00:00,0.00011003,0.00011003,0.00011003,0.00011003,0.00,1772107199999,0.00000000,0,0.00,0.00000000,0
2026-02-26 12:00:00,0.00011003,0.00011003,0.00011003,0.00011003,0.00,1772121599999,0.00000000,0,0.00,0.00000000,0
2026-02-26 16:00:00,0.00011003,0.00011003,0.00011003,0.00011003,0.00,1772135999999,0.00000000,0,0.00,0.00000000,0
2026-02-26 20:00:00,0.00011003,0.00011003,0.00011003,0.00011003,0.00,1772150399999,0.00000000,0,0.00,0.00000000,0
2026-02-27 00:00:00,0.00011003,0.00011003,0.00011003,0.00011003,0.00,1772164799999,0.00000000,0,0.00,0.00000000,0
2026-02-27 04:00:00,0.00011003,0.00011003,0.00011003,0.00011003,0.00,1772179199999,0.00000000,0,0.00,0.00000000,0
2026-02-27 08:00:00,0.00011003,0.00011003,0.00011003,0.00011003,0.00,1772193599999,0.00000000,0,0.00,0.00000000,0
2026-02-27 12:00:00,0.000111,0.000111,0.00011003,0.00011003,114132.00,1772207999999,12.58199705,2,0.00,0.00000000,0
2026-02-27 16:00:00,0.00011003,0.00011003,0.00011003,0.00011003,0.00,1772222399999,0.00000000,0,0.00,0.00000000,0
2026-02-27 20:00:00,0.00011003,0.00011003,0.00011003,0.00011003,0.00,1772236799999,0.00000000,0,0.00,0.00000000,0
2026-02-28 00:00:00,0.00011003,0.00011003,0.00011003,0.00011003,441014.00,1772251199999,48.52477042,1,0.00,0.00000000,0
2026-02-28 04:00:00,0.00011003,0.00011003,0.00011003,0.00011003,0.00,1772265599999,0.00000000,0,0.00,0.00000000,0
2026-02-28 08:00:00,0.00011003,0.00011003,0.00011003,0.00011003,0.00,1772279999999,0.00000000,0,0.00,0.00000000,0
2026-02-28 12:00:00,0.00011003,0.00011003,0.00011003,0.00011003,0.00,1772294399999,0.00000000,0,0.00,0.00000000,0
2026-02-28 16:00:00,0.00011003,0.00011003,0.00011003,0.00011003,0.00,1772308799999,0.00000000,0,0.00,0.00000000,0
2026-02-28 20:00:00,0.00011003,0.00011003,0.00011003,0.00011003,0.00,1772323199999,0.00000000,0,0.00,0.00000000,0
2026-03-01 00:00:00,0.00011003,0.00011003,0.00011003,0.00011003,0.00,1772337599999,0.00000000,0,0.00,0.00000000,0
2026-03-01 04:00:00,0.00011003,0.00011003,0.00011003,0.00011003,0.00,1772351999999,0.00000000,0,0.00,0.00000000,0
2026-03-01 08:00:00,0.00011003,0.00011003,0.00011003,0.00011003,0.00,1772366399999,0.00000000,0,0.00,0.00000000,0
2026-03-01 12:00:00,0.00011003,0.00011003,0.00011003,0.00011003,0.00,1772380799999,0.00000000,0,0.00,0.00000000,0
2026-03-01 16:00:00,0.00011003,0.00011003,0.00011003,0.00011003,0.00,1772395199999,0.00000000,0,0.00,0.00000000,0
2026-03-01 20:00:00,0.00011003,0.00011003,0.00011003,0.00011003,0.00,1772409599999,0.00000000,0,0.00,0.00000000,0
2026-03-02 00:00:00,0.00011003,0.00011003,0.00011003,0.00011003,0.00,1772423999999,0.00000000,0,0.00,0.00000000,0
2026-03-02 04:00:00,0.00011003,0.00011003,0.00011003,0.00011003,0.00,1772438399999,0.00000000,0,0.00,0.00000000,0
2026-03-02 08:00:00,0.00011003,0.00011003,0.00011003,0.00011003,0.00,1772452799999,0.00000000,0,0.00,0.00000000,0
2026-03-02 12:00:00,0.00011003,0.00011003,0.00011003,0.00011003,109608.00,1772467199999,12.06016824,4,0.00,0.00000000,0
2026-03-02 16:00:00,0.00011003,0.00011003,0.00011003,0.00011003,0.00,1772481599999,0.00000000,0,0.00,0.00000000,0
2026-03-02 20:00:00,0.00011003,0.00011003,0.00011003,0.00011003,0.00,1772495999999,0.00000000,0,0.00,0.00000000,0
2026-03-03 00:00:00,0.00011003,0.00011003,0.00011003,0.00011003,0.00,1772510399999,0.00000000,0,0.00,0.00000000,0
2026-03-03 04:00:00,0.00011003,0.00011003,0.00011003,0.00011003,0.00,1772524799999,0.00000000,0,0.00,0.00000000,0
2026-03-03 08:00:00,0.00011003,0.00011003,0.00011003,0.00011003,0.00,1772539199999,0.00000000,0,0.00,0.00000000,0
2026-03-03 12:00:00,0.00011003,0.00011003,0.00011003,0.00011003,0.00,1772553599999,0.00000000,0,0.00,0.00000000,0
2026-03-03 16:00:00,0.00011003,0.00011003,0.00011003,0.00011003,0.00,1772567999999,0.00000000,0,0.00,0.00000000,0
2026-03-03 20:00:00,0.00011003,0.00011003,0.00011003,0.00011003,0.00,1772582399999,0.00000000,0,0.00,0.00000000,0
2026-03-04 00:00:00,0.00011003,0.00011003,0.00011003,0.00011003,0.00,1772596799999,0.00000000,0,0.00,0.00000000,0
2026-03-04 04:00:00,0.00011003,0.00011003,0.00011003,0.00011003,0.00,1772611199999,0.00000000,0,0.00,0.00000000,0
2026-03-04 08:00:00,0.00011003,0.00011003,0.00011003,0.00011003,0.00,1772625599999,0.00000000,0,0.00,0.00000000,0
2026-03-04 12:00:00,0.00011003,0.00011003,0.00011003,0.00011003,0.00,1772639999999,0.00000000,0,0.00,0.00000000,0
2026-03-04 16:00:00,0.00011003,0.00011003,0.00011003,0.00011003,0.00,1772654399999,0.00000000,0,0.00,0.00000000,0
2026-03-04 20:00:00,0.00011003,0.00011003,0.00011003,0.00011003,0.00,1772668799999,0.00000000,0,0.00,0.00000000,0
2026-03-05 00:00:00,0.00011003,0.00011003,0.00011003,0.00011003,0.00,1772683199999,0.00000000,0,0.00,0.00000000,0
2026-03-05 04:00:00,0.00011003,0.00011003,0.00011003,0.00011003,0.00,1772697599999,0.00000000,0,0.00,0.00000000,0
2026-03-05 08:00:00,0.00011003,0.00011003,0.00011003,0.00011003,0.00,1772711999999,0.00000000,0,0.00,0.00000000,0
2026-03-05 12:00:00,0.00011003,0.00011003,0.00011003,0.00011003,0.00,1772726399999,0.00000000,0,0.00,0.00000000,0
2026-03-05 16:00:00,0.00011003,0.00011003,0.00011003,0.00011003,0.00,1772740799999,0.00000000,0,0.00,0.00000000,0
2026-03-05 20:00:00,0.00011003,0.00011003,0.00011003,0.00011003,0.00,1772755199999,0.00000000,0,0.00,0.00000000,0
2026-03-06 00:00:00,0.00011003,0.00011003,0.00011003,0.00011003,0.00,1772769599999,0.00000000,0,0.00,0.00000000,0
2026-03-06 04:00:00,0.00011003,0.00011003,0.00011003,0.00011003,0.00,1772783999999,0.00000000,0,0.00,0.00000000,0
2026-03-06 08:00:00,0.00011003,0.00011003,0.00011003,0.00011003,0.00,1772798399999,0.00000000,0,0.00,0.00000000,0
2026-03-06 12:00:00,0.00011003,0.00011003,0.00011003,0.00011003,0.00,1772812799999,0.00000000,0,0.00,0.00000000,0
2026-03-06 16:00:00,0.00011003,0.00011003,0.00011003,0.00011003,0.00,1772827199999,0.00000000,0,0.00,0.00000000,0
2026-03-06 20:00:00,0.00011003,0.00011003,0.00011003,0.00011003,0.00,1772841599999,0.00000000,0,0.00,0.00000000,0
2026-03-07 00:00:00,0.00011003,0.00011003,0.00011003,0.00011003,0.00,1772855999999,0.00000000,0,0.00,0.00000000,0
2026-03-07 04:00:00,0.00011003,0.00011003,0.00011003,0.00011003,0.00,1772870399999,0.00000000,0,0.00,0.00000000,0
2026-03-07 08:00:00,0.00011003,0.00011003,0.00011003,0.00011003,0.00,1772884799999,0.00000000,0,0.00,0.00000000,0
2026-03-07 12:00:00,0.00011003,0.00011003,0.00011003,0.00011003,0.00,1772899199999,0.00000000,0,0.00,0.00000000,0
2026-03-07 16:00:00,0.000195,0.0001955,0.000195,0.0001955,230351.00,1772913599999,44.99993150,3,230351.00,44.99993150,0
2026-03-07 20:00:00,0.0001955,0.0001955,0.0001955,0.0001955,149423.00,1772927999999,29.21219650,2,149423.00,29.21219650,0
2026-03-08 00:00:00,0.0001955,0.0001955,0.000194,0.000194,450464.00,1772942399999,87.90242350,3,450464.00,87.90242350,0
2026-03-08 04:00:00,0.000194,0.000194,0.000193,0.000193,269401.00,1772956799999,52.00960700,2,269401.00,52.00960700,0
2026-03-08 08:00:00,0.000192,0.000192,0.000192,0.000192,119196.00,1772971199999,22.88563200,1,119196.00,22.88563200,0
2026-03-08 12:00:00,0.000192,0.000192,0.000192,0.000192,0.00,1772985599999,0.00000000,0,0.00,0.00000000,0
2026-03-08 16:00:00,0.000192,0.000192,0.000192,0.000192,10365.00,1772999999999,1.99008000,1,10365.00,1.99008000,0
2026-03-08 20:00:00,0.00011003,0.000193,0.00011003,0.000193,909853.00,1773014399999,156.51872925,4,680078.00,131.23658600,0
2026-03-09 00:00:00,0.000193,0.000193,0.000192,0.000192,530495.00,1773028799999,102.37059700,2,530495.00,102.37059700,0
2026-03-09 04:00:00,0.000192,0.000192,0.000192,0.000192,0.00,1773043199999,0.00000000,0,0.00,0.00000000,0
2026-03-09 08:00:00,0.000192,0.000192,0.000192,0.000192,0.00,1773057599999,0.00000000,0,0.00,0.00000000,0
2026-03-09 12:00:00,0.000192,0.000192,0.000192,0.000192,0.00,1773071999999,0.00000000,0,0.00,0.00000000,0
2026-03-09 16:00:00,0.000192,0.000192,0.000192,0.000192,0.00,1773086399999,0.00000000,0,0.00,0.00000000,0
2026-03-09 20:00:00,0.000191,0.000191,0.000191,0.000191,878306.00,1773100799999,167.75644600,4,878306.00,167.75644600,0
2026-03-10 00:00:00,0.00011003,0.00011003,0.00011003,0.00011003,257979.00,1773115199999,28.38542937,3,0.00,0.00000000,0
2026-03-10 04:00:00,0.00011003,0.00011003,0.00011003,0.00011003,0.00,1773129599999,0.00000000,0,0.00,0.00000000,0
2026-03-10 08:00:00,0.00011003,0.00011003,0.00011003,0.00011003,0.00,1773143999999,0.00000000,0,0.00,0.00000000,0
2026-03-10 12:00:00,0.00011003,0.00011003,0.00011003,0.00011003,0.00,1773158399999,0.00000000,0,0.00,0.00000000,0
2026-03-10 16:00:00,0.000111,0.000111,0.000111,0.000111,54725.00,1773172799999,6.07447500,1,0.00,0.00000000,0
2026-03-10 20:00:00,0.00011112,0.00019099,0.00011003,0.00019099,1296966.00,1773187199999,189.01124487,9,564445.00,107.79156454,0
2026-03-11 00:00:00,0.0001908,0.000191,0.0001907,0.00019089,1914006.00,1773201599999,365.39799819,9,1914006.00,365.39799819,0
2026-03-11 04:00:00,0.00019089,0.000191,0.00019089,0.000191,414244.00,1773215999999,79.09957838,5,414244.00,79.09957838,0
2026-03-11 08:00:00,0.000191,0.000191,0.000191,0.000191,26048.00,1773230399999,4.97516800,1,26048.00,4.97516800,0
2026-03-11 12:00:00,0.000191,0.000191,0.000191,0.000191,487769.00,1773244799999,93.16387900,4,487769.00,93.16387900,0
2026-03-11 16:00:00,0.000191,0.000191,0.000191,0.000191,187610.00,1773259199999,35.83351000,3,187610.00,35.83351000,0
2026-03-11 20:00:00,0.000191,0.000191,0.000191,0.000191,45726.00,1773273599999,8.73366600,2,45726.00,8.73366600,0
2026-03-12 00:00:00,0.000191,0.000191,0.000191,0.000191,816712.00,1773287999999,155.99199200,3,816712.00,155.99199200,0
2026-03-12 04:00:00,0.000191,0.000191,0.000191,0.000191,20838.00,1773302399999,3.98005800,1,20838.00,3.98005800,0
2026-03-12 08:00:00,0.000191,0.000191,0.000191,0.000191,20838.00,1773316799999,3.98005800,1,20838.00,3.98005800,0
2026-03-12 12:00:00,0.000191,0.000191,0.000191,0.000191,130524.00,1773331199999,24.93008400,1,130524.00,24.93008400,0
2026-03-12 16:00:00,0.000191,0.000191,0.000191,0.000191,106793.00,1773345599999,20.39746300,2,106793.00,20.39746300,0
2026-03-12 20:00:00,0.000191,0.000191,0.000191,0.000191,767609.00,1773359999999,146.61331900,3,767609.00,146.61331900,0
2026-03-13 00:00:00,0.000191,0.000191,0.000191,0.000191,83351.00,1773374399999,15.92004100,1,83351.00,15.92004100,0
2026-03-13 04:00:00,0.000191,0.000191,0.000191,0.000191,229817.00,1773388799999,43.89504700,3,229817.00,43.89504700,0
2026-03-13 08:00:00,0.000191,0.000191,0.000191,0.000191,0.00,1773403199999,0.00000000,0,0.00,0.00000000,0
2026-03-13 12:00:00,0.000191,0.000191,0.000191,0.000191,0.00,1773417599999,0.00000000,0,0.00,0.00000000,0
2026-03-13 16:00:00,0.00019,0.00019,0.00019,0.00019,10474.00,1773431999999,1.99006000,1,10474.00,1.99006000,0
2026-03-13 20:00:00,0.00019,0.00019,0.00019,0.00019,0.00,1773446399999,0.00000000,0,0.00,0.00000000,0
2026-03-14 00:00:00,0.00019,0.00019,0.00019,0.00019,251587.00,1773460799999,47.80153000,2,251587.00,47.80153000,0
2026-03-14 04:00:00,0.00019,0.00019,0.00019,0.00019,78784.00,1773475199999,14.96896000,2,78784.00,14.96896000,0
2026-03-14 08:00:00,0.00019,0.00019,0.00019,0.00019,0.00,1773489599999,0.00000000,0,0.00,0.00000000,0
2026-03-14 12:00:00,0.00019,0.00019,0.00019,0.00019,45661.00,1773503999999,8.67559000,2,45661.00,8.67559000,0
2026-03-14 16:00:00,0.00019,0.00019,0.00019,0.00019,15789.00,1773518399999,2.99991000,1,15789.00,2.99991000,0
2026-03-14 20:00:00,0.00019,0.00019,0.00019,0.00019,58535.00,1773532799999,11.12165000,3,58535.00,11.12165000,0
2026-03-15 00:00:00,0.00012025,0.00012027,0.00012025,0.00012027,314249.00,1773547199999,37.79423773,2,0.00,0.00000000,0
2026-03-15 04:00:00,0.00012027,0.00012027,0.00012027,0.00012027,0.00,1773561599999,0.00000000,0,0.00,0.00000000,0
2026-03-15 08:00:00,0.00012028,0.00012028,0.00012028,0.00012028,8952.00,1773575999999,1.07674656,1,0.00,0.00000000,0
2026-03-15 12:00:00,0.00012028,0.00012028,0.00012028,0.00012028,0.00,1773590399999,0.00000000,0,0.00,0.00000000,0
2026-03-15 16:00:00,0.0001203,0.0001203,0.00012028,0.00012028,50005.00,1773604799999,6.01520140,2,0.00,0.00000000,0
2026-03-15 20:00:00,0.00012028,0.00019,0.00012025,0.00019,1095461.00,1773619199999,168.87033798,7,532427.00,101.15523950,0
2026-03-16 00:00:00,0.00019,0.00019,0.000189,0.000189,327656.00,1773633599999,62.06902523,3,327656.00,62.06902523,0
2026-03-16 04:00:00,0.000189,0.000189,0.000189,0.000189,1531874.00,1773647999999,289.52418600,8,1531874.00,289.52418600,0
2026-03-16 08:00:00,0.000189,0.000189,0.000189,0.000189,147816.00,1773662399999,27.93722400,4,147816.00,27.93722400,0
2026-03-16 12:00:00,0.000189,0.000189,0.00018895,0.00018896,1674869.00,1773676799999,316.54644574,6,1674869.00,316.54644574,0
2026-03-16 16:00:00,0.00018896,0.00018896,0.0001889,0.00018895,526242.00,1773691199999,99.41883525,13,526242.00,99.41883525,0
2026-03-16 20:00:00,0.0001889,0.000189,0.00012055,0.00012055,1340447.00,1773705599999,211.41677466,18,728128.00,137.59146921,0
2026-03-17 00:00:00,0.00012055,0.00012055,0.00012055,0.00012055,0.00,1773719999999,0.00000000,0,0.00,0.00000000,0
2026-03-17 04:00:00,0.000121,0.000121,0.000121,0.000121,1658099.00,1773734399999,200.62997900,4,0.00,0.00000000,0
2026-03-17 08:00:00,0.000122,0.000122,0.000121,0.000121,250086.00,1773748799999,30.32564900,3,0.00,0.00000000,0
2026-03-17 12:00:00,0.000121,0.000121,0.000121,0.000121,0.00,1773763199999,0.00000000,0,0.00,0.00000000,0
2026-03-17 16:00:00,0.000121,0.000121,0.000121,0.000121,0.00,1773777599999,0.00000000,0,0.00,0.00000000,0
2026-03-17 20:00:00,0.000121,0.000121,0.000121,0.000121,0.00,1773791999999,0.00000000,0,0.00,0.00000000,0
2026-03-18 00:00:00,0.0001868,0.0001869,0.0001868,0.0001869,26663.00,1773806399999,4.98081470,2,26663.00,4.98081470,0
2026-03-18 04:00:00,0.0001869,0.00018696,0.0001869,0.00018696,260795.00,1773820799999,48.74901764,10,260795.00,48.74901764,0
2026-03-18 08:00:00,0.00018696,0.00018696,0.00018696,0.00018696,74081.00,1773835199999,13.85018376,3,74081.00,13.85018376,0
2026-03-18 12:00:00,0.00018696,0.00018696,0.000186,0.000186,139534.00,1773849599999,25.96859952,2,139534.00,25.96859952,0
2026-03-18 16:00:00,0.000186,0.000186,0.000186,0.000186,97469.00,1773863999999,18.12923400,2,97469.00,18.12923400,0
2026-03-18 20:00:00,0.000186,0.000186,0.000186,0.000186,0.00,1773878399999,0.00000000,0,0.00,0.00000000,0
2026-03-19 00:00:00,0.000186,0.000186,0.000186,0.000186,462341.00,1773892799999,85.99542600,1,462341.00,85.99542600,0
2026-03-19 04:00:00,0.000186,0.000186,0.000121,0.000121,278360.00,1773907199999,39.83014000,4,94132.00,17.50855200,0
2026-03-19 08:00:00,0.000121,0.00012735,0.000121,0.000121,188483.00,1773921599999,23.12063628,11,49217.00,6.13108230,0
2026-03-19 12:00:00,0.000121,0.000121,0.000121,0.000121,0.00,1773935999999,0.00000000,0,0.00,0.00000000,0
2026-03-19 16:00:00,0.00015147,0.000185,0.00015147,0.000185,24372.00,1773950399999,4.13197633,2,24372.00,4.13197633,0
2026-03-19 20:00:00,0.000185,0.000185,0.000185,0.000185,0.00,1773964799999,0.00000000,0,0.00,0.00000000,0
2026-03-20 00:00:00,0.000184,0.0001849,0.000184,0.0001849,39097.00,1773979199999,7.21385500,2,39097.00,7.21385500,0
2026-03-20 04:00:00,0.0001849,0.0001849,0.0001849,0.0001849,432190.00,1773993599999,79.91193100,2,432190.00,79.91193100,0
2026-03-20 08:00:00,0.0001849,0.0001849,0.0001849,0.0001849,24820.00,1774007999999,4.58921800,2,24820.00,4.58921800,0
2026-03-20 12:00:00,0.0001849,0.0001849,0.0001849,0.0001849,301594.00,1774022399999,55.76473060,1,301594.00,55.76473060,0
2026-03-20 16:00:00,0.000182,0.00018399,0.000182,0.00018399,541083.00,1774036799999,98.98271326,3,541083.00,98.98271326,0
2026-03-20 20:00:00,0.00018299,0.00018299,0.00018299,0.00018299,114448.00,1774051199999,20.94283952,3,114448.00,20.94283952,0
2026-03-21 00:00:00,0.00018299,0.00018299,0.00018299,0.00018299,0.00,1774065599999,0.00000000,0,0.00,0.00000000,0
2026-03-21 04:00:00,0.00018299,0.00018299,0.00018299,0.00018299,0.00,1774079999999,0.00000000,0,0.00,0.00000000,0
2026-03-21 08:00:00,0.0001829,0.0001829,0.0001829,0.0001829,21866.00,1774094399999,3.99929140,1,21866.00,3.99929140,0
2026-03-21 12:00:00,0.0001829,0.0001829,0.0001829,0.0001829,479096.00,1774108799999,87.62665840,3,479096.00,87.62665840,0
2026-03-21 16:00:00,0.0001829,0.0001829,0.0001829,0.0001829,338494.00,1774123199999,61.91055260,3,338494.00,61.91055260,0
2026-03-21 20:00:00,0.0001829,0.0001829,0.0001829,0.0001829,136519.00,1774137599999,24.96932510,2,136519.00,24.96932510,0
2026-03-22 00:00:00,0.00018199,0.00018199,0.00018199,0.00018199,21978.00,1774151999999,3.99977622,1,21978.00,3.99977622,0
2026-03-22 04:00:00,0.0001819,0.0001819,0.0001819,0.0001819,417789.00,1774166399999,75.99581910,1,417789.00,75.99581910,0
2026-03-22 08:00:00,0.0001819,0.0001819,0.0001819,0.0001819,0.00,1774180799999,0.00000000,0,0.00,0.00000000,0
2026-03-22 12:00:00,0.0001819,0.0001819,0.0001819,0.0001819,0.00,1774195199999,0.00000000,0,0.00,0.00000000,0
2026-03-22 16:00:00,0.0001819,0.0001819,0.0001819,0.0001819,0.00,1774209599999,0.00000000,0,0.00,0.00000000,0
2026-03-22 20:00:00,0.0001819,0.0001819,0.0001819,0.0001819,0.00,1774223999999,0.00000000,0,0.00,0.00000000,0
2026-03-23 00:00:00,0.0001819,0.0001819,0.0001819,0.0001819,22888.00,1774238399999,4.16332720,1,22888.00,4.16332720,0
2026-03-23 04:00:00,0.0001815,0.0001815,0.0001815,0.0001815,22037.00,1774252799999,3.99971550,1,22037.00,3.99971550,0
2026-03-23 08:00:00,0.0001815,0.0001815,0.0001815,0.0001815,8849.00,1774267199999,1.60609350,2,8849.00,1.60609350,0
2026-03-23 12:00:00,0.0001815,0.0001815,0.0001815,0.0001815,0.00,1774281599999,0.00000000,0,0.00,0.00000000,0
2026-03-23 16:00:00,0.0001815,0.0001815,0.000135,0.000135,423500.00,1774295999999,63.89547550,7,137979.00,25.04318850,0
2026-03-23 20:00:00,0.0001356,0.000136,0.0001356,0.000136,339443.00,1774310399999,46.07634760,5,0.00,0.00000000,0
2026-03-24 00:00:00,0.000136,0.000136,0.000136,0.000136,112564.00,1774324799999,15.30870400,4,0.00,0.00000000,0
2026-03-24 04:00:00,0.000136,0.000136,0.000136,0.000136,0.00,1774339199999,0.00000000,0,0.00,0.00000000,0
2026-03-24 08:00:00,0.000136,0.000136,0.000136,0.000136,10139.00,1774353599999,1.37890400,1,0.00,0.00000000,0
2026-03-24 12:00:00,0.000136,0.000136,0.000136,0.000136,793273.00,1774367999999,107.88512800,13,0.00,0.00000000,0
2026-03-24 16:00:00,0.000136,0.000136,0.000136,0.000136,0.00,1774382399999,0.00000000,0,0.00,0.00000000,0
2026-03-24 20:00:00,0.000172,0.00018199,0.000136,0.00018198,1700764.00,1774396799999,280.88732929,10,1111857.00,200.70440229,0
2026-03-25 00:00:00,0.00018198,0.00018199,0.00018198,0.00018199,563344.00,1774411199999,102.52252286,5,563344.00,102.52252286,0
2026-03-25 04:00:00,0.00018199,0.00018199,0.00018189,0.00018189,192344.00,1774425599999,34.99309176,4,192344.00,34.99309176,0
2026-03-25 08:00:00,0.00018188,0.00018188,0.00018099,0.00018099,88028.00,1774439999999,15.96147139,3,88028.00,15.96147139,0
2026-03-25 12:00:00,0.00018099,0.00018099,0.00018099,0.00018099,1103707.00,1774454399999,199.75992993,3,1103707.00,199.75992993,0
2026-03-25 16:00:00,0.00018099,0.00018099,0.00018099,0.00018099,0.00,1774468799999,0.00000000,0,0.00,0.00000000,0
2026-03-25 20:00:00,0.0001371,0.00018089,0.000136,0.00018088,935456.00,1774483199999,148.81972792,7,471564.00,85.30093729,0
2026-03-26 00:00:00,0.00017999,0.00017999,0.00017999,0.00017999,25927.00,1774497599999,4.66660073,1,25927.00,4.66660073,0
2026-03-26 04:00:00,0.00017989,0.00017989,0.00017989,0.00017989,433550.00,1774511999999,77.99130950,2,433550.00,77.99130950,0
2026-03-26 08:00:00,0.00017989,0.00017989,0.00017989,0.00017989,0.00,1774526399999,0.00000000,0,0.00,0.00000000,0
2026-03-26 12:00:00,0.000179,0.00017989,0.000179,0.00017988,372624.00,1774540799999,66.99801336,4,372624.00,66.99801336,0
2026-03-26 16:00:00,0.00017988,0.00017988,0.00017988,0.00017988,114142.00,1774555199999,20.53186296,5,114142.00,20.53186296,0
2026-03-26 20:00:00,0.0001385,0.0001798,0.000138,0.0001798,858943.00,1774569599999,135.93693360,5,416622.00,74.87663560,0
2026-03-27 00:00:00,0.00017899,0.00017899,0.00017899,0.00017899,419468.00,1774583999999,75.08057732,2,419468.00,75.08057732,0
2026-03-27 04:00:00,0.000139,0.0001798,0.000138,0.0001798,1111187.00,1774598399999,184.52770542,5,751693.00,134.86753342,0
2026-03-27 08:00:00,0.000179,0.0001798,0.000179,0.0001798,547791.00,1774612799999,98.45282180,2,547791.00,98.45282180,0
2026-03-27 12:00:00,0.0001798,0.0001798,0.0001798,0.0001798,661036.00,1774627199999,118.85427280,2,661036.00,118.85427280,0
2026-03-27 16:00:00,0.0001798,0.0001798,0.0001798,0.0001798,0.00,1774641599999,0.00000000,0,0.00,0.00000000,0
2026-03-27 20:00:00,0.000139,0.000139,0.000138,0.000138,687691.00,1774655999999,94.96135800,5,0.00,0.00000000,0
2026-03-28 00:00:00,0.00013801,0.00013801,0.00013801,0.00013801,13504.00,1774670399999,1.86368704,1,0.00,0.00000000,0
2026-03-28 04:00:00,0.0001381,0.0001381,0.0001381,0.0001381,23158.00,1774684799999,3.19811980,1,0.00,0.00000000,0
2026-03-28 08:00:00,0.0001381,0.0001381,0.0001381,0.0001381,0.00,1774699199999,0.00000000,0,0.00,0.00000000,0
2026-03-28 12:00:00,0.0001381,0.0001381,0.0001381,0.0001381,0.00,1774713599999,0.00000000,0,0.00,0.00000000,0
2026-03-28 16:00:00,0.0001381,0.0001381,0.0001381,0.0001381,0.00,1774727999999,0.00000000,0,0.00,0.00000000,0
2026-03-28 20:00:00,0.0001381,0.0001381,0.0001381,0.0001381,0.00,1774742399999,0.00000000,0,0.00,0.00000000,0
2026-03-29 00:00:00,0.0001381,0.0001381,0.0001381,0.0001381,0.00,1774756799999,0.00000000,0,0.00,0.00000000,0
2026-03-29 04:00:00,0.00013817,0.00013817,0.00013812,0.00013812,406844.00,1774771199999,56.20414943,3,0.00,0.00000000,0
2026-03-29 08:00:00,0.00013812,0.00013812,0.00013812,0.00013812,88115.00,1774785599999,12.17044380,1,0.00,0.00000000,0
2026-03-29 12:00:00,0.00013812,0.00013812,0.00013811,0.00013811,501096.00,1774799999999,69.20773545,2,0.00,0.00000000,0
2026-03-29 16:00:00,0.00013811,0.00013811,0.00013811,0.00013811,0.00,1774814399999,0.00000000,0,0.00,0.00000000,0
2026-03-29 20:00:00,0.00013811,0.00013811,0.00013811,0.00013811,0.00,1774828799999,0.00000000,0,0.00,0.00000000,0
2026-03-30 00:00:00,0.00013811,0.00013811,0.00013811,0.00013811,76883.00,1774843199999,10.61831113,2,0.00,0.00000000,0
2026-03-30 04:00:00,0.00013811,0.00013811,0.0001381,0.0001381,222324.00,1774857599999,30.70310376,5,0.00,0.00000000,0
2026-03-30 08:00:00,0.0001381,0.0001381,0.0001381,0.0001381,134677.00,1774871999999,18.59889370,1,0.00,0.00000000,0
2026-03-30 12:00:00,0.0001381,0.0001381,0.0001381,0.0001381,122000.00,1774886399999,16.84820000,2,0.00,0.00000000,0
2026-03-30 16:00:00,0.0001381,0.0001381,0.0001381,0.0001381,0.00,1774900799999,0.00000000,0,0.00,0.00000000,0
2026-03-30 20:00:00,0.000173,0.00017498,0.000173,0.00017498,227048.00,1774915199999,39.61005904,3,227048.00,39.61005904,0
2026-03-31 00:00:00,0.00017498,0.00017499,0.00017498,0.00017499,547918.00,1774929599999,95.87545277,5,547918.00,95.87545277,0
2026-03-31 04:00:00,0.00017499,0.00018399,0.00017479,0.00017499,6153556.00,1774943999999,1076.74082304,11,4056200.00,709.58560160,0
2026-03-31 08:00:00,0.000175,0.000175,0.000175,0.000175,166580.00,1774958399999,29.15150000,2,166580.00,29.15150000,0
2026-03-31 12:00:00,0.000175,0.000175,0.0001391,0.00013911,491024.00,1774972799999,76.71275590,16,57034.00,9.98095000,0
2026-03-31 16:00:00,0.00013911,0.00013911,0.00013911,0.00013911,0.00,1774987199999,0.00000000,0,0.00,0.00000000,0
2026-03-31 20:00:00,0.0001425,0.00014654,0.00013932,0.00014596,171121.00,1775001599999,24.92824888,4,137664.00,20.17328256,0
2026-04-01 00:00:00,0.0001425,0.000174,0.00013937,0.00014349,2143207.00,1775015999999,330.72069207,42,1226100.00,202.71365132,0
2026-04-01 04:00:00,0.00014349,0.00014349,0.00014349,0.00014349,0.00,1775030399999,0.00000000,0,0.00,0.00000000,0
2026-04-01 08:00:00,0.00014349,0.00014349,0.00013963,0.00013963,58785.00,1775044799999,8.40565803,2,0.00,0.00000000,0
2026-04-01 12:00:00,0.00013963,0.00013963,0.00013961,0.00013961,160000.00,1775059199999,22.33860000,3,0.00,0.00000000,0
2026-04-01 16:00:00,0.00013961,0.00013961,0.00013961,0.00013961,0.00,1775073599999,0.00000000,0,0.00,0.00000000,0
2026-04-01 20:00:00,0.00013991,0.00013991,0.00013991,0.00013991,10483.00,1775087999999,1.46667653,1,0.00,0.00000000,0
2026-04-02 00:00:00,0.00013991,0.00013991,0.00013991,0.00013991,43970.00,1775102399999,6.15184270,1,0.00,0.00000000,0
2026-04-02 04:00:00,0.0001399,0.0001399,0.0001399,0.0001399,14295.00,1775116799999,1.99987050,1,0.00,0.00000000,0
2026-04-02 08:00:00,0.00013991,0.00013991,0.00013991,0.00013991,479344.00,1775131199999,67.06501904,8,0.00,0.00000000,0
2026-04-02 12:00:00,0.00013991,0.00013991,0.00013991,0.00013991,0.00,1775145599999,0.00000000,0,0.00,0.00000000,0
2026-04-02 16:00:00,0.00013991,0.00013991,0.00013991,0.00013991,0.00,1775159999999,0.00000000,0,0.00,0.00000000,0
2026-04-02 20:00:00,0.00013991,0.00013991,0.00013991,0.00013991,0.00,1775174399999,0.00000000,0,0.00,0.00000000,0
2026-04-03 00:00:00,0.00013991,0.00013991,0.00013991,0.00013991,0.00,1775188799999,0.00000000,0,0.00,0.00000000,0
2026-04-03 04:00:00,0.00013991,0.00013991,0.00013991,0.00013991,0.00,1775203199999,0.00000000,0,0.00,0.00000000,0
2026-04-03 08:00:00,0.00013991,0.00013991,0.00013991,0.00013991,0.00,1775217599999,0.00000000,0,0.00,0.00000000,0
2026-04-03 12:00:00,0.00013991,0.00013991,0.00013991,0.00013991,0.00,1775231999999,0.00000000,0,0.00,0.00000000,0
2026-04-03 16:00:00,0.00013991,0.00013991,0.00013601,0.00013601,10304129.00,1775246399999,1430.21796105,7,0.00,0.00000000,0
2026-04-03 20:00:00,0.00012524,0.00013,0.00012302,0.00012302,49535.00,1775260799999,6.22030322,3,25430.00,3.25490612,0
2026-04-04 00:00:00,0.00012303,0.00012303,0.00012303,0.00012303,157595.00,1775275199999,19.38891285,3,0.00,0.00000000,0
2026-04-04 04:00:00,0.00012303,0.00012303,0.00012303,0.00012303,0.00,1775289599999,0.00000000,0,0.00,0.00000000,0
2026-04-04 08:00:00,0.00012303,0.00012303,0.00012303,0.00012303,44208.00,1775303999999,5.43891024,1,0.00,0.00000000,0
2026-04-04 12:00:00,0.00012303,0.00012303,0.00012303,0.00012303,0.00,1775318399999,0.00000000,0,0.00,0.00000000,0
2026-04-04 16:00:00,0.00013,0.00013,0.00013,0.00013,36935.00,1775332799999,4.80155000,1,36935.00,4.80155000,0
2026-04-04 20:00:00,0.00012303,0.00013,0.00012303,0.00012303,325131.00,1775347199999,40.29377421,6,42024.00,5.46312000,0
2026-04-05 00:00:00,0.00013,0.00013,0.00013,0.00013,30741.00,1775361599999,3.99633000,1,30741.00,3.99633000,0
2026-04-05 04:00:00,0.00013,0.00013,0.00013,0.00013,0.00,1775375999999,0.00000000,0,0.00,0.00000000,0
2026-04-05 08:00:00,0.00013,0.00013,0.00013,0.00013,0.00,1775390399999,0.00000000,0,0.00,0.00000000,0
2026-04-05 12:00:00,0.00013,0.00013,0.00013,0.00013,0.00,1775404799999,0.00000000,0,0.00,0.00000000,0
2026-04-05 16:00:00,0.00013,0.00013,0.00013,0.00013,0.00,1775419199999,0.00000000,0,0.00,0.00000000,0
2026-04-05 20:00:00,0.00013,0.00013,0.00013,0.00013,0.00,1775433599999,0.00000000,0,0.00,0.00000000,0
2026-04-06 00:00:00,0.00013,0.00013,0.00013,0.00013,0.00,1775447999999,0.00000000,0,0.00,0.00000000,0
2026-04-06 04:00:00,0.00013,0.00013,0.00013,0.00013,0.00,1775462399999,0.00000000,0,0.00,0.00000000,0
2026-04-06 08:00:00,0.00013,0.00014,0.00013,0.00013586,210556.00,1775476799999,28.89225323,5,107663.00,14.97106000,0
2026-04-06 12:00:00,0.000139,0.000139,0.000139,0.000139,35943.00,1775491199999,4.99607700,1,35943.00,4.99607700,0
2026-04-06 16:00:00,0.00013899,0.00013899,0.00013899,0.00013899,337859.00,1775505599999,46.95902241,3,337859.00,46.95902241,0
2026-04-06 20:00:00,0.00013499,0.00013499,0.0001345,0.0001345,409119.00,1775519999999,55.16436602,4,409119.00,55.16436602,0
2026-04-07 00:00:00,0.00014349,0.00014349,0.00012305,0.00012305,108540.00,1775534399999,14.58897764,3,55706.00,7.99325394,0
2026-04-07 04:00:00,0.00012305,0.00012305,0.00012305,0.00012305,0.00,1775548799999,0.00000000,0,0.00,0.00000000,0
2026-04-07 08:00:00,0.00013251,0.00013251,0.00013251,0.00013251,8935.00,1775563199999,1.18397685,1,0.00,0.00000000,0
2026-04-07 12:00:00,0.00014349,0.00016748,0.00012305,0.00016748,1501240.00,1775577599999,233.82850005,15,1128752.00,187.90777434,0
2026-04-07 16:00:00,0.000165,0.000165,0.00012401,0.00012401,130316.00,1775591999999,20.01162063,4,93953.00,15.50224500,0
2026-04-07 20:00:00,0.00012407,0.000165,0.00012407,0.00014401,7424052.00,1775606399999,1026.60792426,20,5312304.00,727.07979280,0
2026-04-08 00:00:00,0.00014401,0.00014401,0.00014401,0.00014401,0.00,1775620799999,0.00000000,0,0.00,0.00000000,0
2026-04-08 04:00:00,0.00014401,0.00014401,0.00014401,0.00014401,0.00,1775635199999,0.00000000,0,0.00,0.00000000,0
2026-04-08 08:00:00,0.00014401,0.00014401,0.00014401,0.00014401,0.00,1775649599999,0.00000000,0,0.00,0.00000000,0
2026-04-08 12:00:00,0.00014401,0.00014401,0.00014401,0.00014401,0.00,1775663999999,0.00000000,0,0.00,0.00000000,0
2026-04-08 16:00:00,0.00014401,0.00014401,0.00014401,0.00014401,0.00,1775678399999,0.00000000,0,0.00,0.00000000,0
2026-04-08 20:00:00,0.00014401,0.00014401,0.00014401,0.00014401,0.00,1775692799999,0.00000000,0,0.00,0.00000000,0
2026-04-09 00:00:00,0.00014401,0.00014401,0.00014401,0.00014401,0.00,1775707199999,0.00000000,0,0.00,0.00000000,0
2026-04-09 04:00:00,0.00014401,0.00014401,0.00014401,0.00014401,0.00,1775721599999,0.00000000,0,0.00,0.00000000,0
2026-04-09 08:00:00,0.00014401,0.00014401,0.00014401,0.00014401,0.00,1775735999999,0.00000000,0,0.00,0.00000000,0
2026-04-09 12:00:00,0.0001375,0.0001375,0.00012526,0.00012526,35796.00,1775750399999,4.70360696,3,0.00,0.00000000,0
2026-04-09 16:00:00,0.00012526,0.00012526,0.00012526,0.00012526,0.00,1775764799999,0.00000000,0,0.00,0.00000000,0
2026-04-09 20:00:00,0.00012526,0.00012526,0.00012526,0.00012526,44088.00,1775779199999,5.52246288,2,0.00,0.00000000,0
2026-04-10 00:00:00,0.00012526,0.00015897,0.00012526,0.00013525,1919557.00,1775793599999,259.27073649,9,1726557.00,235.00744649,0
2026-04-10 04:00:00,0.00013494,0.00013749,0.00013441,0.00013442,462517.00,1775807999999,62.83465628,11,241068.00,33.06801577,0
2026-04-10 08:00:00,0.00013442,0.00013442,0.00013442,0.00013442,0.00,1775822399999,0.00000000,0,0.00,0.00000000,0
2026-04-10 12:00:00,0.00013749,0.00013749,0.00013441,0.00013441,258186.00,1775836799999,34.97087886,4,87045.00,11.96781705,0
2026-04-10 16:00:00,0.0001375,0.0001375,0.0001375,0.0001375,10000.00,1775851199999,1.37500000,1,10000.00,1.37500000,0
2026-04-10 20:00:00,0.0001375,0.0001375,0.0001375,0.0001375,0.00,1775865599999,0.00000000,0,0.00,0.00000000,0
2026-04-11 00:00:00,0.000158,0.000158,0.000158,0.000158,10000.00,1775879999999,1.58000000,1,10000.00,1.58000000,0
2026-04-11 04:00:00,0.000158,0.000158,0.000158,0.000158,0.00,1775894399999,0.00000000,0,0.00,0.00000000,0
2026-04-11 08:00:00,0.00015799,0.00015799,0.00013441,0.00013441,426278.00,1775908799999,66.29265188,3,377605.00,59.65781395,0
2026-04-11 12:00:00,0.00013441,0.00013441,0.00013441,0.00013441,110399.00,1775923199999,14.83872959,2,0.00,0.00000000,0
2026-04-11 16:00:00,0.00013441,0.00013441,0.00013441,0.00013441,0.00,1775937599999,0.00000000,0,0.00,0.00000000,0
2026-04-11 20:00:00,0.00013441,0.00013441,0.00013441,0.00013441,0.00,1775951999999,0.00000000,0,0.00,0.00000000,0
2026-04-12 00:00:00,0.00013441,0.00013441,0.00013441,0.00013441,0.00,1775966399999,0.00000000,0,0.00,0.00000000,0
2026-04-12 04:00:00,0.00013441,0.00013441,0.00013441,0.00013441,0.00,1775980799999,0.00000000,0,0.00,0.00000000,0
2026-04-12 08:00:00,0.00013441,0.00013441,0.00013441,0.00013441,16399.00,1775995199999,2.20418959,1,0.00,0.00000000,0
2026-04-12 12:00:00,0.00013441,0.00013441,0.00013441,0.00013441,0.00,1776009599999,0.00000000,0,0.00,0.00000000,0
2026-04-12 16:00:00,0.00013441,0.00013441,0.00013441,0.00013441,0.00,1776023999999,0.00000000,0,0.00,0.00000000,0
2026-04-12 20:00:00,0.00013501,0.00013501,0.00013501,0.00013501,1133299.00,1776038399999,153.00669799,4,1133299.00,153.00669799,0
2026-04-13 00:00:00,0.00013501,0.00013501,0.00013501,0.00013501,0.00,1776052799999,0.00000000,0,0.00,0.00000000,0
2026-04-13 04:00:00,0.00013501,0.00013501,0.00013501,0.00013501,0.00,1776067199999,0.00000000,0,0.00,0.00000000,0
2026-04-13 08:00:00,0.000135,0.000135,0.000135,0.000135,10644.00,1776081599999,1.43694000,1,0.00,0.00000000,0
2026-04-13 12:00:00,0.00015499,0.00015499,0.00015499,0.00015499,134095.00,1776095999999,20.78338405,1,134095.00,20.78338405,0
2026-04-13 16:00:00,0.00013249,0.00013249,0.00013249,0.00013249,10000.00,1776110399999,1.32490000,1,10000.00,1.32490000,0
2026-04-13 20:00:00,0.00013249,0.00013249,0.00013249,0.00013249,0.00,1776124799999,0.00000000,0,0.00,0.00000000,0
2026-04-14 00:00:00,0.0001375,0.0001375,0.00012303,0.00012303,253629.00,1776139199999,31.34867587,4,0.00,0.00000000,0
2026-04-14 04:00:00,0.00012303,0.00012303,0.00012303,0.00012303,20154.00,1776153599999,2.47954662,1,0.00,0.00000000,0
2026-04-14 08:00:00,0.00012303,0.00012303,0.00012303,0.00012303,0.00,1776167999999,0.00000000,0,0.00,0.00000000,0
2026-04-14 12:00:00,0.00012303,0.00012303,0.00012303,0.00012303,0.00,1776182399999,0.00000000,0,0.00,0.00000000,0
2026-04-14 16:00:00,0.00012303,0.00012303,0.00012303,0.00012303,0.00,1776196799999,0.00000000,0,0.00,0.00000000,0
2026-04-14 20:00:00,0.00012303,0.00012303,0.00012303,0.00012303,0.00,1776211199999,0.00000000,0,0.00,0.00000000,0
2026-04-15 00:00:00,0.000125,0.000125,0.000125,0.000125,39700.00,1776225599999,4.96250000,1,0.00,0.00000000,0
2026-04-15 04:00:00,0.000125,0.000125,0.000125,0.000125,0.00,1776239999999,0.00000000,0,0.00,0.00000000,0
2026-04-15 08:00:00,0.00013251,0.00013251,0.00013251,0.00013251,27318.00,1776254399999,3.61990818,1,0.00,0.00000000,0
2026-04-15 12:00:00,0.00013251,0.00014124,0.00013251,0.00013251,975350.00,1776268799999,135.02820067,8,670329.00,94.60986796,0
2026-04-15 16:00:00,0.00013252,0.00013252,0.00013252,0.00013252,51000.00,1776283199999,6.75852000,1,0.00,0.00000000,0
2026-04-15 20:00:00,0.00014124,0.00014124,0.00014124,0.00014124,217416.00,1776297599999,30.70783584,1,217416.00,30.70783584,0
2026-04-16 00:00:00,0.000139,0.000141,0.00012303,0.000141,6328106.00,1776311999999,885.10801443,9,4781001.00,671.48449152,0
2026-04-16 04:00:00,0.00014899,0.00014899,0.00014899,0.00014899,79639.00,1776326399999,11.86541461,1,79639.00,11.86541461,0
2026-04-16 08:00:00,0.00014349,0.00014349,0.00012306,0.00012306,121132.00,1776340799999,17.09855801,5,99309.00,14.24961963,0
2026-04-16 12:00:00,0.00012306,0.00012306,0.00012306,0.00012306,0.00,1776355199999,0.00000000,0,0.00,0.00000000,0
2026-04-16 16:00:00,0.0001435,0.00015,0.0001435,0.00015,525000.00,1776369599999,78.60500000,4,525000.00,78.60500000,0
2026-04-16 20:00:00,0.00013501,0.00013501,0.00013501,0.00013501,22600.00,1776383999999,3.05122600,1,0.00,0.00000000,0
2026-04-17 00:00:00,0.00013501,0.00013501,0.00013501,0.00013501,0.00,1776398399999,0.00000000,0,0.00,0.00000000,0
2026-04-17 04:00:00,0.00013501,0.00013501,0.00013501,0.00013501,0.00,1776412799999,0.00000000,0,0.00,0.00000000,0
2026-04-17 08:00:00,0.00014111,0.000153,0.00014111,0.000153,7246180.00,1776427199999,1107.02937921,9,7108917.00,1087.19792068,0
2026-04-17 12:00:00,0.00015598,0.00016207,0.00015301,0.00015301,1933664.00,1776441599999,304.47971122,9,1607146.00,254.51859204,0
2026-04-17 16:00:00,0.00015301,0.00015301,0.00015301,0.00015301,0.00,1776455999999,0.00000000,0,0.00,0.00000000,0
2026-04-17 20:00:00,0.00016207,0.00016207,0.00016206,0.00016207,287266.00,1776470399999,46.55650061,10,287266.00,46.55650061,0
2026-04-18 00:00:00,0.00016207,0.00016207,0.00014501,0.00014501,98644.00,1776484799999,14.61911941,4,12328.00,1.99799896,0
2026-04-18 04:00:00,0.00014501,0.00014501,0.00014501,0.00014501,0.00,1776499199999,0.00000000,0,0.00,0.00000000,0
2026-04-18 08:00:00,0.00014501,0.00014501,0.00014501,0.00014501,54190.00,1776513599999,7.85809190,1,0.00,0.00000000,0
2026-04-18 12:00:00,0.00014501,0.00014501,0.00014501,0.00014501,0.00,1776527999999,0.00000000,0,0.00,0.00000000,0
2026-04-18 16:00:00,0.00014501,0.00014501,0.00014501,0.00014501,0.00,1776542399999,0.00000000,0,0.00,0.00000000,0
2026-04-18 20:00:00,0.00014501,0.00014501,0.00014501,0.00014501,0.00,1776556799999,0.00000000,0,0.00,0.00000000,0
2026-04-19 00:00:00,0.0001435,0.0001435,0.00014121,0.00014192,91568.00,1776571199999,13.01639664,4,0.00,0.00000000,0
2026-04-19 04:00:00,0.00014192,0.00014192,0.00014192,0.00014192,0.00,1776585599999,0.00000000,0,0.00,0.00000000,0
2026-04-19 08:00:00,0.0001412,0.0001412,0.00013334,0.00013334,141883.00,1776599999999,19.23207922,6,0.00,0.00000000,0
2026-04-19 12:00:00,0.00013334,0.00013334,0.00013334,0.00013334,0.00,1776614399999,0.00000000,0,0.00,0.00000000,0
2026-04-19 16:00:00,0.00013334,0.00013334,0.00013334,0.00013334,0.00,1776628799999,0.00000000,0,0.00,0.00000000,0
2026-04-19 20:00:00,0.00013334,0.00013334,0.00013334,0.00013334,160225.00,1776643199999,21.36440150,1,0.00,0.00000000,0
2026-04-20 00:00:00,0.00014249,0.00014249,0.00014248,0.00014248,721244.00,1776657599999,102.76689519,2,721244.00,102.76689519,0
2026-04-20 04:00:00,0.00013999,0.00013999,0.00013601,0.00013779,770958.00,1776671999999,106.24221412,3,748983.00,103.25339437,0
2026-04-20 08:00:00,0.00013779,0.00013779,0.00013779,0.00013779,90000.00,1776686399999,12.40110000,1,90000.00,12.40110000,0
2026-04-20 12:00:00,0.00014499,0.00014499,0.00014499,0.00014499,712514.00,1776700799999,103.30740486,2,712514.00,103.30740486,0
2026-04-20 16:00:00,0.00014499,0.00014499,0.00014499,0.00014499,0.00,1776715199999,0.00000000,0,0.00,0.00000000,0
2026-04-20 20:00:00,0.00014499,0.00014499,0.00014499,0.00014499,0.00,1776729599999,0.00000000,0,0.00,0.00000000,0
2026-04-21 00:00:00,0.00015776,0.00016174,0.00015776,0.00016174,627998.00,1776743999999,100.37839652,4,327998.00,53.05039652,0
2026-04-21 04:00:00,0.00016174,0.00016174,0.00012311,0.00014104,129749.00,1776758399999,19.04746686,4,55597.00,8.99225878,0
2026-04-21 08:00:00,0.00014304,0.00015549,0.00014304,0.00015549,41807.00,1776772799999,6.37946928,2,32080.00,4.98811920,0
2026-04-21 12:00:00,0.00015319,0.00015319,0.00015319,0.00015319,115718.00,1776787199999,17.72684042,1,115718.00,17.72684042,0
2026-04-21 16:00:00,0.00015249,0.00015249,0.00014701,0.00014701,618343.00,1776801599999,92.01021453,5,47695.00,7.27301055,0
2026-04-21 20:00:00,0.00014999,0.00015249,0.00014801,0.00014801,717200.00,1776815999999,107.56704902,4,691674.00,103.78894576,0
2026-04-22 00:00:00,0.00015111,0.00015111,0.00015111,0.00015111,120000.00,1776830399999,18.13320000,2,0.00,0.00000000,0
2026-04-22 04:00:00,0.0001535,0.00016749,0.0001535,0.00016699,103411.00,1776844799999,16.96110501,9,97155.00,15.95382645,0
2026-04-22 08:00:00,0.000167,0.0001775,0.000167,0.0001775,1346823.00,1776859199999,229.15993958,16,551270.00,95.11323605,0
2026-04-22 12:00:00,0.0001775,0.00031003,0.00016503,0.00016503,17017736.00,1776873599999,3339.88838426,18,15185804.00,2993.48969034,0
2026-04-22 16:00:00,0.00016503,0.00016503,0.00016503,0.00016503,412488.00,1776887999999,68.07289464,1,0.00,0.00000000,0
2026-04-22 20:00:00,0.00017,0.0002,0.00016503,0.00016503,5047658.00,1776902399999,866.21814571,63,1869461.00,327.68032886,0
2026-04-23 00:00:00,0.00017,0.00017,0.00016503,0.00016503,269557.00,1776916799999,44.54463171,4,0.00,0.00000000,0
2026-04-23 04:00:00,0.00016503,0.00016503,0.00016503,0.00016503,0.00,1776931199999,0.00000000,0,0.00,0.00000000,0
2026-04-23 08:00:00,0.00016503,0.00016503,0.00016503,0.00016503,0.00,1776945599999,0.00000000,0,0.00,0.00000000,0
2026-04-23 12:00:00,0.00016999,0.000178,0.00015001,0.00015002,355786.00,1776959999999,57.27221674,6,188364.00,32.15717154,0
2026-04-23 16:00:00,0.00015002,0.00015002,0.00015002,0.00015002,0.00,1776974399999,0.00000000,0,0.00,0.00000000,0
2026-04-23 20:00:00,0.000165,0.000165,0.00016499,0.000165,759540.00,1776988799999,125.32231847,5,753419.00,124.31235347,0
2026-04-24 00:00:00,0.000178,0.000178,0.00015101,0.00015101,121833.00,1777003199999,20.23577742,2,68091.00,12.12019800,0
2026-04-24 04:00:00,0.0001511,0.00015749,0.0001511,0.00015749,107752.00,1777017599999,16.88546336,2,94544.00,14.88973456,0
2026-04-24 08:00:00,0.000165,0.00017999,0.000165,0.00017999,54804.00,1777031999999,9.45711196,9,54804.00,9.45711196,0
2026-04-24 12:00:00,0.0001675,0.00019999,0.0001675,0.00019999,529259.00,1777046399999,101.79807878,16,529259.00,101.79807878,0
2026-04-24 16:00:00,0.00019989,0.00019989,0.00019989,0.00019989,73768.00,1777060799999,14.74548552,1,73768.00,14.74548552,0
2026-04-24 20:00:00,0.00019989,0.00019989,0.00019989,0.00019989,0.00,1777075199999,0.00000000,0,0.00,0.00000000,0
2026-04-25 00:00:00,0.00019989,0.00019989,0.00019989,0.00019989,0.00,1777089599999,0.00000000,0,0.00,0.00000000,0
2026-04-25 04:00:00,0.00019989,0.00019989,0.00019989,0.00019989,0.00,1777103999999,0.00000000,0,0.00,0.00000000,0
2026-04-25 08:00:00,0.0001925,0.0001975,0.00017,0.00017,175565.00,1777118399999,30.84455500,19,15182.00,2.95944500,0
2026-04-25 12:00:00,0.00017,0.00017,0.00017,0.00017,70086.00,1777132799999,11.91462000,3,0.00,0.00000000,0
2026-04-25 16:00:00,0.00017,0.00017,0.00016,0.00016,250000.00,1777147199999,40.59173000,10,0.00,0.00000000,0
2026-04-25 20:00:00,0.000192,0.00019972,0.0001825,0.00019972,36179.00,1777161599999,6.87244350,5,36179.00,6.87244350,0
2026-04-26 00:00:00,0.0001875,0.0001997,0.0001875,0.0001997,510226.00,1777175999999,100.79181550,8,510226.00,100.79181550,0
2026-04-26 04:00:00,0.0001997,0.0001997,0.0001997,0.0001997,0.00,1777190399999,0.00000000,0,0.00,0.00000000,0
2026-04-26 08:00:00,0.0001997,0.0001997,0.0001997,0.0001997,0.00,1777204799999,0.00000000,0,0.00,0.00000000,0
2026-04-26 12:00:00,0.000175,0.000175,0.00016,0.00016,717851.00,1777219199999,115.17160750,11,0.00,0.00000000,0
2026-04-26 16:00:00,0.00016,0.00019555,0.0001595,0.0001595,273330.00,1777233599999,48.77684025,8,144244.00,28.13060500,0
2026-04-26 20:00:00,0.00019555,0.00019555,0.00019555,0.00019555,5165.00,1777247999999,1.01001575,1,5165.00,1.01001575,0
2026-04-27 00:00:00,0.00019555,0.00019555,0.00019555,0.00019555,0.00,1777262399999,0.00000000,0,0.00,0.00000000,0
2026-04-27 04:00:00,0.00019555,0.00019555,0.00019555,0.00019555,0.00,1777276799999,0.00000000,0,0.00,0.00000000,0
2026-04-27 08:00:00,0.00019555,0.00019555,0.00019555,0.00019555,0.00,1777291199999,0.00000000,0,0.00,0.00000000,0
2026-04-27 12:00:00,0.0001935,0.0001935,0.0001935,0.0001935,50117.00,1777305599999,9.69763950,1,50117.00,9.69763950,0
2026-04-27 16:00:00,0.00017,0.000194,0.0001605,0.000194,54328.00,1777319999999,9.03266900,6,5206.00,1.00996400,0
2026-04-27 20:00:00,0.0001935,0.000194,0.0001605,0.000194,347359.00,1777334399999,65.47644650,3,294628.00,57.01312100,0
2026-04-28 00:00:00,0.000194,0.000194,0.000194,0.000194,0.00,1777348799999,0.00000000,0,0.00,0.00000000,0
2026-04-28 04:00:00,0.0001925,0.000193,0.0001605,0.0001925,299948.00,1777363199999,56.05630250,5,247251.00,47.59843400,0
2026-04-28 08:00:00,0.000193,0.000194,0.000193,0.000194,19842.00,1777377599999,3.83471200,2,19842.00,3.83471200,0
2026-04-28 12:00:00,0.00019399,0.00019399,0.0001605,0.0001605,109407.00,1777391999999,19.38644112,8,44138.00,8.56233062,0
2026-04-28 16:00:00,0.0001605,0.0001605,0.0001605,0.0001605,0.00,1777406399999,0.00000000,0,0.00,0.00000000,0
2026-04-28 20:00:00,0.0001625,0.0001938,0.0001615,0.0001615,307865.00,1777420799999,56.60366385,10,209083.00,40.51009185,0
2026-04-29 00:00:00,0.0001615,0.0001938,0.00016002,0.0001938,8297015.00,1777435199999,1336.06343458,4,5206.00,1.00892280,0
2026-04-29 04:00:00,0.00019375,0.00019375,0.00019375,0.00019375,10285.00,1777449599999,1.99271875,1,10285.00,1.99271875,0
2026-04-29 08:00:00,0.00016005,0.00016005,0.00016005,0.00016005,75234.00,1777463999999,12.04120170,2,0.00,0.00000000,0
2026-04-29 12:00:00,0.00016005,0.00016005,0.00016005,0.00016005,40924.00,1777478399999,6.54988620,1,0.00,0.00000000,0
2026-04-29 16:00:00,0.0001929,0.0001929,0.00016002,0.0001925,714009.00,1777492799999,135.53238711,14,654935.00,126.07917630,0
2026-04-29 20:00:00,0.0001925,0.0001925,0.0001925,0.0001925,0.00,1777507199999,0.00000000,0,0.00,0.00000000,0
2026-04-30 00:00:00,0.00019,0.00019099,0.000165,0.00019099,672739.00,1777521599999,127.64552183,5,660575.00,125.63846183,0
2026-04-30 04:00:00,0.0001899,0.0001899,0.00015335,0.00015335,954845.00,1777535999999,166.67775475,8,409680.00,77.79823200,0
2026-04-30 08:00:00,0.000154,0.00018749,0.000154,0.000187,198628.00,1777550399999,36.88073100,3,188143.00,35.26604100,0
2026-04-30 12:00:00,0.0001875,0.0001899,0.0001545,0.0001545,433552.00,1777564799999,68.63462720,7,47414.00,8.97630620,0
2026-04-30 16:00:00,0.0001545,0.0001545,0.0001545,0.0001545,0.00,1777579199999,0.00000000,0,0.00,0.00000000,0
2026-04-30 20:00:00,0.0001545,0.0001545,0.0001545,0.0001545,99002.00,1777593599999,15.29580900,7,0.00,0.00000000,0
2026-05-01 00:00:00,0.0001545,0.000189,0.0001545,0.0001875,582549.00,1777607999999,104.50040100,4,521529.00,95.07281100,0
2026-05-01 04:00:00,0.0001875,0.0001875,0.0001875,0.0001875,0.00,1777622399999,0.00000000,0,0.00,0.00000000,0
2026-05-01 08:00:00,0.00017999,0.00018,0.000156,0.000179,264998.00,1777636799999,44.73111440,7,141878.00,25.52439440,0
2026-05-01 12:00:00,0.000157,0.000157,0.000157,0.000157,177792.00,1777651199999,27.91334400,5,0.00,0.00000000,0
2026-05-01 16:00:00,0.000157,0.000157,0.000157,0.000157,0.00,1777665599999,0.00000000,0,0.00,0.00000000,0
2026-05-01 20:00:00,0.00017998,0.00017998,0.0001571,0.0001571,662487.00,1777679999999,106.02429946,14,88680.00,15.87921976,0
2026-05-02 00:00:00,0.00017899,0.00017899,0.00017899,0.00017899,154533.00,1777694399999,27.65986167,1,154533.00,27.65986167,0
2026-05-02 04:00:00,0.00017899,0.00017899,0.00017899,0.00017899,0.00,1777708799999,0.00000000,0,0.00,0.00000000,0
2026-05-02 08:00:00,0.0001575,0.0001575,0.0001575,0.0001575,109204.00,1777723199999,17.19963000,2,0.00,0.00000000,0
2026-05-02 12:00:00,0.0001575,0.0001575,0.0001575,0.0001575,0.00,1777737599999,0.00000000,0,0.00,0.00000000,0
2026-05-02 16:00:00,0.0001576,0.0001576,0.0001576,0.0001576,44159.00,1777751999999,6.95945840,1,0.00,0.00000000,0
2026-05-02 20:00:00,0.0001576,0.0001576,0.0001576,0.0001576,0.00,1777766399999,0.00000000,0,0.00,0.00000000,0
2026-05-03 00:00:00,0.00017898,0.00017898,0.0001577,0.0001577,36649.00,1777780799999,5.89963034,2,5643.00,1.00998414,0
2026-05-03 04:00:00,0.0001577,0.0001577,0.0001577,0.0001577,0.00,1777795199999,0.00000000,0,0.00,0.00000000,0
2026-05-03 08:00:00,0.0001577,0.0001577,0.0001577,0.0001577,63648.00,1777809599999,10.03728960,1,0.00,0.00000000,0
2026-05-03 12:00:00,0.000178,0.000178,0.00017799,0.00017799,140119.00,1777823999999,24.93983755,3,140119.00,24.93983755,0
2026-05-03 16:00:00,0.000177,0.000177,0.00015775,0.00017699,853055.00,1777838399999,147.72886294,16,683652.00,121.00553969,0
2026-05-03 20:00:00,0.00017599,0.000176,0.0001576,0.00017598,6707307.00,1777852799999,1171.68936286,9,6230024.00,1096.46027276,0
2026-05-04 00:00:00,0.00015999,0.000176,0.00015998,0.00017597,693745.00,1777867199999,115.07365700,6,693745.00,115.07365700,0
2026-05-04 04:00:00,0.00017597,0.00017597,0.00017597,0.00017597,0.00,1777881599999,0.00000000,0,0.00,0.00000000,0
2026-05-04 08:00:00,0.00017597,0.00017597,0.000162,0.00017597,1196394.00,1777895999999,210.22852441,5,1174853.00,206.73888241,0
2026-05-04 12:00:00,0.000162,0.000174,0.0001585,0.000174,198555.00,1777910399999,33.19847298,8,103494.00,18.00708998,0
2026-05-04 16:00:00,0.00016,0.00017499,0.00016,0.00017499,615481.00,1777924799999,105.90551375,4,496433.00,86.85783375,0
2026-05-04 20:00:00,0.00017475,0.00017475,0.00015762,0.00015762,607315.00,1777939199999,105.56852721,3,570907.00,99.76599825,0
2026-05-05 00:00:00,0.000158,0.000158,0.000158,0.000158,98686.00,1777953599999,15.59238800,2,0.00,0.00000000,0
2026-05-05 04:00:00,0.000158,0.000158,0.000158,0.000158,0.00,1777967999999,0.00000000,0,0.00,0.00000000,0
2026-05-05 08:00:00,0.000158,0.000158,0.000158,0.000158,0.00,1777982399999,0.00000000,0,0.00,0.00000000,0
2026-05-05 12:00:00,0.000161,0.000173,0.00015901,0.000161,126547.00,1777996799999,20.75142652,8,30000.00,5.19000000,0
2026-05-05 16:00:00,0.0001745,0.0001745,0.00017399,0.00017399,719492.00,1778011199999,125.33018338,5,719492.00,125.33018338,0
2026-05-05 20:00:00,0.00017375,0.00017375,0.000161,0.00017375,50061.00,1778025599999,8.46766800,3,31988.00,5.55791500,0
2026-05-06 00:00:00,0.00017375,0.00017375,0.0001581,0.0001581,447409.00,1778039999999,75.16741410,10,284354.00,49.33307750,0
2026-05-06 04:00:00,0.0001581,0.0001581,0.0001581,0.0001581,0.00,1778054399999,0.00000000,0,0.00,0.00000000,0
2026-05-06 08:00:00,0.00015835,0.000173,0.00015825,0.00015836,775824.00,1778068799999,131.62158188,9,607235.00,104.93470900,0
2026-05-06 12:00:00,0.0001625,0.0001975,0.00016001,0.00019725,3625667.00,1778083199999,633.74607466,20,3499923.00,613.11418741,0
2026-05-06 16:00:00,0.00019725,0.0001975,0.0001676,0.00019725,322333.00,1778097599999,59.60132940,11,179749.00,35.45804700,0
2026-05-06 20:00:00,0.00019725,0.0001975,0.000168,0.00019725,1315606.00,1778111999999,255.13932940,13,1166366.00,230.06700940,0
2026-05-07 00:00:00,0.00019725,0.00019725,0.00019725,0.00019725,45438.00,1778126399999,8.96264550,1,45438.00,8.96264550,0
2026-05-07 04:00:00,0.00016835,0.00020044,0.00016835,0.00019695,2510893.00,1778140799999,473.38448967,9,1722584.00,340.24861292,0
2026-05-07 08:00:00,0.00019305,0.0001935,0.00019305,0.0001935,82406.00,1778155199999,15.93936945,2,13759.00,2.65617495,0
2026-05-07 12:00:00,0.00019351,0.00019351,0.00019351,0.00019351,427176.00,1778169599999,82.66282776,2,427176.00,82.66282776,0
2026-05-07 16:00:00,0.00016835,0.00016835,0.00016835,0.00016835,38737.00,1778183999999,6.52137395,1,0.00,0.00000000,0
2026-05-07 20:00:00,0.00019351,0.00019351,0.00019351,0.00019351,5219.00,1778198399999,1.00992869,1,5219.00,1.00992869,0
2026-05-08 00:00:00,0.0001932,0.0001932,0.0001932,0.0001932,258178.00,1778212799999,49.87998960,1,258178.00,49.87998960,0
2026-05-08 04:00:00,0.0001932,0.0001932,0.0001932,0.0001932,0.00,1778227199999,0.00000000,0,0.00,0.00000000,0
2026-05-08 08:00:00,0.0001932,0.0001932,0.0001932,0.0001932,0.00,1778241599999,0.00000000,0,0.00,0.00000000,0
2026-05-08 12:00:00,0.0001924,0.0001924,0.00016851,0.00016851,134953.00,1778255999999,23.90734718,4,48775.00,9.38431000,0
2026-05-08 16:00:00,0.00016851,0.0001922,0.00016851,0.0001922,587809.00,1778270399999,112.39023589,3,563170.00,108.23831800,0
2026-05-08 20:00:00,0.0001922,0.0001922,0.00016851,0.00016851,536508.00,1778284799999,97.66687384,4,306404.00,58.89084880,0
2026-05-09 00:00:00,0.00016851,0.000192,0.00016851,0.000192,290618.00,1778299199999,49.09559658,2,5260.00,1.00992000,0
2026-05-09 04:00:00,0.0001919,0.0001919,0.00016851,0.00016851,52971.00,1778313599999,9.68119696,3,32375.00,6.21056500,0
2026-05-09 08:00:00,0.0001919,0.0001919,0.00016851,0.00016851,171245.00,1778327999999,28.97959652,3,5263.00,1.00996970,0
2026-05-09 12:00:00,0.0001918,0.0001918,0.00016851,0.00016851,300130.00,1778342399999,52.24438008,4,71682.00,13.74860760,0
2026-05-09 16:00:00,0.00016851,0.00016851,0.00016851,0.00016851,65606.00,1778356799999,11.05526706,2,0.00,0.00000000,0
2026-05-09 20:00:00,0.0001905,0.0001905,0.00016851,0.00019025,280423.00,1778371199999,52.94347968,7,261580.00,49.76824575,0
2026-05-10 00:00:00,0.00018997,0.00018998,0.00016875,0.00018997,174426.00,1778385599999,31.55827630,9,100084.00,19.01306380,0
2026-05-10 04:00:00,0.00018997,0.00018997,0.00018997,0.00018997,0.00,1778399999999,0.00000000,0,0.00,0.00000000,0
2026-05-10 08:00:00,0.00018997,0.00018998,0.00016875,0.00018998,139807.00,1778414399999,25.26476895,3,78807.00,14.97101895,0
2026-05-10 12:00:00,0.00018998,0.00018998,0.00018998,0.00018998,0.00,1778428799999,0.00000000,0,0.00,0.00000000,0
2026-05-10 16:00:00,0.00018995,0.00018997,0.00016871,0.00016871,776339.00,1778443199999,144.92963309,7,656339.00,124.68443309,0
2026-05-10 20:00:00,0.00016877,0.00018998,0.00016876,0.00018998,544021.00,1778457599999,91.98808931,8,280012.00,47.43210007,0
2026-05-11 00:00:00,0.0001695,0.00018998,0.0001695,0.0001695,445316.00,1778471999999,75.58993368,10,5316.00,1.00993368,0
2026-05-11 04:00:00,0.0001695,0.0001695,0.0001695,0.0001695,0.00,1778486399999,0.00000000,0,0.00,0.00000000,0
2026-05-11 08:00:00,0.0001695,0.00018998,0.0001695,0.00018997,95935.00,1778500799999,17.01492529,3,36829.00,6.99645829,0
2026-05-11 12:00:00,0.00018997,0.00018997,0.00018997,0.00018997,0.00,1778515199999,0.00000000,0,0.00,0.00000000,0
2026-05-11 16:00:00,0.0001695,0.0001695,0.0001695,0.0001695,29542.00,1778529599999,5.00736900,1,0.00,0.00000000,0
2026-05-11 20:00:00,0.0001695,0.0001695,0.0001695,0.0001695,0.00,1778543999999,0.00000000,0,0.00,0.00000000,0
2026-05-12 00:00:00,0.000189,0.000189,0.0001715,0.0001715,271316.00,1778558399999,49.67333315,6,179679.00,33.95758765,0
2026-05-12 04:00:00,0.0001715,0.0001715,0.0001715,0.0001715,0.00,1778572799999,0.00000000,0,0.00,0.00000000,0
2026-05-12 08:00:00,0.00017161,0.000189,0.00017161,0.000189,51384.00,1778587199999,8.91094040,2,5344.00,1.01001600,0
2026-05-12 12:00:00,0.000189,0.000189,0.000189,0.000189,0.00,1778601599999,0.00000000,0,0.00,0.00000000,0
2026-05-12 16:00:00,0.00018899,0.00018899,0.000188,0.000188,63353.00,1778615999999,11.96255482,3,63353.00,11.96255482,0
2026-05-12 20:00:00,0.000188,0.000188,0.00017161,0.00017161,231872.00,1778630399999,41.99123943,5,134209.00,25.23129200,0
2026-05-13 00:00:00,0.000188,0.000188,0.00017161,0.00017161,413332.00,1778644799999,74.21955823,10,200589.00,37.71073200,0
2026-05-13 04:00:00,0.00017161,0.00017161,0.00017161,0.00017161,0.00,1778659199999,0.00000000,0,0.00,0.00000000,0
2026-05-13 08:00:00,0.000188,0.000188,0.000188,0.000188,5372.00,1778673599999,1.00993600,1,5372.00,1.00993600,0
2026-05-13 12:00:00,0.00018799,0.00018799,0.00018799,0.00018799,79626.00,1778687999999,14.96889174,1,79626.00,14.96889174,0
2026-05-13 16:00:00,0.0001745,0.00018799,0.0001725,0.00018799,290414.00,1778702399999,52.05276950,9,124800.00,23.46115200,0
2026-05-13 20:00:00,0.0001725,0.00018799,0.0001725,0.00018799,616100.00,1778716799999,107.09713570,3,52930.00,9.95031070,0
2026-05-14 00:00:00,0.00018799,0.00018799,0.00018799,0.00018799,196530.00,1778731199999,36.94567470,3,196530.00,36.94567470,0
2026-05-14 04:00:00,0.000186,0.000186,0.0001725,0.0001725,38586.00,1778745599999,6.92329050,2,19793.00,3.68149800,0
2026-05-14 08:00:00,0.000186,0.000186,0.0001725,0.0001725,34117.00,1778759999999,5.95848750,3,5430.00,1.00998000,0
2026-05-14 12:00:00,0.00018599,0.00018599,0.0001725,0.0001725,301498.00,1778774399999,54.89908267,4,214283.00,39.85449517,0
2026-05-14 16:00:00,0.00018599,0.00018599,0.0001725,0.0001725,101431.00,1778788799999,18.21997895,2,53605.00,9.96999395,0
2026-05-14 20:00:00,0.00018599,0.00018599,0.00018599,0.00018599,74917.00,1778803199999,13.93381283,1,74917.00,13.93381283,0
2026-05-15 00:00:00,0.00018599,0.00018599,0.0001725,0.00018599,117762.00,1778817599999,21.35955490,6,77510.00,14.41608490,0
2026-05-15 04:00:00,0.00018599,0.00018599,0.0001725,0.0001725,75820.00,1778831999999,13.94457632,3,64168.00,11.93460632,0
2026-05-15 08:00:00,0.00018599,0.000186,0.00017155,0.00017155,88141.00,1778846399999,15.53130201,5,32749.00,6.01205686,0
2026-05-15 12:00:00,0.00017155,0.00017155,0.00017155,0.00017155,68966.00,1778860799999,11.83111730,1,0.00,0.00000000,0
2026-05-15 16:00:00,0.00017249,0.0001725,0.00017155,0.00017155,1433421.00,1778875199999,247.14628483,8,1311380.00,226.21015128,0
2026-05-15 20:00:00,0.0001725,0.0001725,0.00017155,0.00017155,142888.00,1778889599999,24.58200775,10,73233.00,12.63269250,0
2026-05-16 00:00:00,0.00017155,0.00017155,0.00017155,0.00017155,0.00,1778903999999,0.00000000,0,0.00,0.00000000,0
2026-05-16 04:00:00,0.00017155,0.00017155,0.00017155,0.00017155,0.00,1778918399999,0.00000000,0,0.00,0.00000000,0
2026-05-16 08:00:00,0.00017155,0.00017155,0.0001715,0.0001715,9003.00,1778932799999,1.54404060,2,0.00,0.00000000,0
2026-05-16 12:00:00,0.0001725,0.0001725,0.0001725,0.0001725,24144.00,1778947199999,4.16484000,1,24144.00,4.16484000,0
2026-05-16 16:00:00,0.0001725,0.0001725,0.0001725,0.0001725,0.00,1778961599999,0.00000000,0,0.00,0.00000000,0
2026-05-16 20:00:00,0.0001715,0.0001715,0.0001715,0.0001715,45313.00,1778975999999,7.77117950,1,0.00,0.00000000,0
2026-05-17 00:00:00,0.0001725,0.00018599,0.00013156,0.00014649,3250695.00,1778990399999,539.53128129,29,1657856.00,289.10217994,0
2026-05-17 04:00:00,0.00014649,0.00014649,0.00014649,0.00014649,0.00,1779004799999,0.00000000,0,0.00,0.00000000,0
2026-05-17 08:00:00,0.00014401,0.00014401,0.00014401,0.00014401,24241.00,1779019199999,3.49094641,1,0.00,0.00000000,0
2026-05-17 12:00:00,0.00014401,0.00014401,0.00014401,0.00014401,0.00,1779033599999,0.00000000,0,0.00,0.00000000,0
2026-05-17 16:00:00,0.000145,0.000145,0.000145,0.000145,15022.00,1779047999999,2.17819000,2,0.00,0.00000000,0
2026-05-17 20:00:00,0.000177,0.000177,0.000147,0.000147,508195.00,1779062399999,82.32835500,8,254123.00,44.97977100,0
2026-05-18 00:00:00,0.000177,0.000177,0.00014444,0.00014444,271237.00,1779076799999,45.10650100,6,177117.00,31.34970900,0
2026-05-18 04:00:00,0.00014444,0.00014444,0.00014444,0.00014444,0.00,1779091199999,0.00000000,0,0.00,0.00000000,0
2026-05-18 08:00:00,0.00014444,0.00014444,0.00014444,0.00014444,76264.00,1779105599999,11.01557216,1,0.00,0.00000000,0
2026-05-18 12:00:00,0.00014444,0.00014444,0.00014444,0.00014444,0.00,1779119999999,0.00000000,0,0.00,0.00000000,0
2026-05-18 16:00:00,0.000177,0.000177,0.00014444,0.00014444,415323.00,1779134399999,66.75138004,4,207682.00,36.75971400,0
2026-05-18 20:00:00,0.00014444,0.00014444,0.00014444,0.00014444,0.00,1779148799999,0.00000000,0,0.00,0.00000000,0
2026-05-19 00:00:00,0.0001769,0.000177,0.0001769,0.000177,168694.00,1779163199999,29.84855800,2,168694.00,29.84855800,0
2026-05-19 04:00:00,0.000177,0.000177,0.000177,0.000177,0.00,1779177599999,0.00000000,0,0.00,0.00000000,0
2026-05-19 08:00:00,0.000177,0.000177,0.00014502,0.00014502,156929.00,1779191999999,24.89353194,3,66782.00,11.82041400,0
2026-05-19 12:00:00,0.00014502,0.00014502,0.00014502,0.00014502,0.00,1779206399999,0.00000000,0,0.00,0.00000000,0
2026-05-19 16:00:00,0.00014502,0.00014502,0.00014502,0.00014502,0.00,1779220799999,0.00000000,0,0.00,0.00000000,0
2026-05-19 20:00:00,0.00014502,0.00014502,0.00014502,0.00014502,0.00,1779235199999,0.00000000,0,0.00,0.00000000,0
2026-05-20 00:00:00,0.0001451,0.0001451,0.0001451,0.0001451,16445.00,1779249599999,2.38616950,1,0.00,0.00000000,0
2026-05-20 04:00:00,0.0001451,0.0001451,0.0001451,0.0001451,0.00,1779263999999,0.00000000,0,0.00,0.00000000,0
2026-05-20 08:00:00,0.0001451,0.0001451,0.0001451,0.0001451,0.00,1779278399999,0.00000000,0,0.00,0.00000000,0
2026-05-20 12:00:00,0.0001451,0.0001451,0.0001451,0.0001451,0.00,1779292799999,0.00000000,0,0.00,0.00000000,0
2026-05-20 16:00:00,0.00014512,0.00014512,0.00014512,0.00014512,61021.00,1779307199999,8.85536752,2,0.00,0.00000000,0
2026-05-20 20:00:00,0.000177,0.000177,0.00014512,0.00014512,23197.00,1779321599999,3.88009484,2,16115.00,2.85235500,0
2026-05-21 00:00:00,0.00014512,0.00014512,0.00014512,0.00014512,0.00,1779335999999,0.00000000,0,0.00,0.00000000,0
2026-05-21 04:00:00,0.00017711,0.00017711,0.0001771,0.0001771,189348.00,1779350399999,33.53358783,3,189348.00,33.53358783,0
2026-05-21 08:00:00,0.0001771,0.0001771,0.00014555,0.00014555,714977.00,1779364799999,117.79672435,8,435240.00,77.08100400,0
2026-05-21 12:00:00,0.00014555,0.00014555,0.00014555,0.00014555,15237.00,1779379199999,2.21774535,1,0.00,0.00000000,0
2026-05-21 16:00:00,0.00014555,0.00014555,0.00014555,0.00014555,0.00,1779393599999,0.00000000,0,0.00,0.00000000,0
2026-05-21 20:00:00,0.00014555,0.00014555,0.00014555,0.00014555,0.00,1779407999999,0.00000000,0,0.00,0.00000000,0
2026-05-22 00:00:00,0.0001475,0.00017711,0.0001475,0.00017711,30380.00,1779422399999,4.64991583,2,5703.00,1.01005833,0
2026-05-22 04:00:00,0.00017711,0.00017711,0.00017711,0.00017711,0.00,1779436799999,0.00000000,0,0.00,0.00000000,0
2026-05-22 08:00:00,0.0001771,0.0001771,0.00015005,0.00015005,28752.00,1779451199999,4.71322510,2,14750.00,2.61222500,0
2026-05-22 12:00:00,0.00015005,0.00015005,0.00015005,0.00015005,0.00,1779465599999,0.00000000,0,0.00,0.00000000,0
2026-05-22 16:00:00,0.00015005,0.00015005,0.00015005,0.00015005,0.00,1779479999999,0.00000000,0,0.00,0.00000000,0
2026-05-22 20:00:00,0.0001501,0.00017499,0.00014502,0.00017499,17223196.00,1779494399999,2539.21063045,5,11429.00,1.99996071,0
2026-05-23 00:00:00,0.00017499,0.00017499,0.000137,0.000137,61346.00,1779508799999,9.36762793,6,17099.00,2.99215401,0
2026-05-23 04:00:00,0.000137,0.000137,0.000137,0.000137,0.00,1779523199999,0.00000000,0,0.00,0.00000000,0
2026-05-23 08:00:00,0.0001325,0.0001325,0.0001325,0.0001325,24540.00,1779537599999,3.25155000,2,0.00,0.00000000,0
2026-05-23 12:00:00,0.0001325,0.0001325,0.0001325,0.0001325,0.00,1779551999999,0.00000000,0,0.00,0.00000000,0
2026-05-23 16:00:00,0.0001325,0.0001325,0.0001325,0.0001325,0.00,1779566399999,0.00000000,0,0.00,0.00000000,0
2026-05-23 20:00:00,0.0001325,0.0001325,0.0001325,0.0001325,0.00,1779580799999,0.00000000,0,0.00,0.00000000,0
2026-05-24 00:00:00,0.0001599,0.0001599,0.0001395,0.0001395,117768.00,1779595199999,18.53685360,3,103344.00,16.52470560,0
2026-05-24 04:00:00,0.0001395,0.0001395,0.0001395,0.0001395,0.00,1779609599999,0.00000000,0,0.00,0.00000000,0
2026-05-24 08:00:00,0.0001385,0.0001385,0.0001385,0.0001385,25522.00,1779623999999,3.53479700,2,0.00,0.00000000,0
2026-05-24 12:00:00,0.0001385,0.0001385,0.0001385,0.0001385,0.00,1779638399999,0.00000000,0,0.00,0.00000000,0
2026-05-24 16:00:00,0.0001385,0.0001385,0.0001385,0.0001385,206147.00,1779652799999,28.55135950,5,0.00,0.00000000,0
2026-05-24 20:00:00,0.0001385,0.0001385,0.0001385,0.0001385,0.00,1779667199999,0.00000000,0,0.00,0.00000000,0
2026-05-25 00:00:00,0.0001385,0.0001385,0.0001385,0.0001385,0.00,1779681599999,0.00000000,0,0.00,0.00000000,0
2026-05-25 04:00:00,0.0001385,0.0001385,0.0001385,0.0001385,0.00,1779695999999,0.00000000,0,0.00,0.00000000,0
2026-05-25 08:00:00,0.0001385,0.0001385,0.0001385,0.0001385,0.00,1779710399999,0.00000000,0,0.00,0.00000000,0
2026-05-25 12:00:00,0.0001385,0.0001385,0.0001385,0.0001385,0.00,1779724799999,0.00000000,0,0.00,0.00000000,0
2026-05-25 16:00:00,0.0001385,0.0001385,0.0001385,0.0001385,0.00,1779739199999,0.00000000,0,0.00,0.00000000,0
2026-05-25 20:00:00,0.0001385,0.0001385,0.0001385,0.0001385,0.00,1779753599999,0.00000000,0,0.00,0.00000000,0
2026-05-26 00:00:00,0.0001385,0.0001385,0.0001385,0.0001385,0.00,1779767999999,0.00000000,0,0.00,0.00000000,0
2026-05-26 04:00:00,0.0001385,0.0001385,0.0001385,0.0001385,0.00,1779782399999,0.00000000,0,0.00,0.00000000,0
2026-05-26 08:00:00,0.0001385,0.0001385,0.0001385,0.0001385,0.00,1779796799999,0.00000000,0,0.00,0.00000000,0
2026-05-26 12:00:00,0.0001385,0.0001385,0.0001385,0.0001385,0.00,1779811199999,0.00000000,0,0.00,0.00000000,0
2026-05-26 16:00:00,0.0001385,0.0001385,0.0001385,0.0001385,0.00,1779825599999,0.00000000,0,0.00,0.00000000,0
2026-05-26 20:00:00,0.0001385,0.0001385,0.0001385,0.0001385,0.00,1779839999999,0.00000000,0,0.00,0.00000000,0
2026-05-27 00:00:00,0.0001385,0.0001385,0.0001385,0.0001385,0.00,1779854399999,0.00000000,0,0.00,0.00000000,0
2026-05-27 04:00:00,0.0001385,0.0001385,0.0001385,0.0001385,0.00,1779868799999,0.00000000,0,0.00,0.00000000,0
2026-05-27 08:00:00,0.0001385,0.0001385,0.0001385,0.0001385,0.00,1779883199999,0.00000000,0,0.00,0.00000000,0
2026-05-27 12:00:00,0.0001385,0.0001385,0.0001385,0.0001385,0.00,1779897599999,0.00000000,0,0.00,0.00000000,0
2026-05-27 16:00:00,0.0001385,0.0001385,0.0001385,0.0001385,43535.00,1779911999999,6.02959750,1,0.00,0.00000000,0
2026-05-27 20:00:00,0.000139,0.000139,0.000133,0.000133,19824846.00,1779926399999,2745.83438200,7,0.00,0.00000000,0
2026-05-28 00:00:00,0.000133,0.000133,0.000133,0.000133,0.00,1779940799999,0.00000000,0,0.00,0.00000000,0
2026-05-28 04:00:00,0.000133,0.000133,0.000133,0.000133,0.00,1779955199999,0.00000000,0,0.00,0.00000000,0
2026-05-28 08:00:00,0.000133,0.000133,0.000133,0.000133,0.00,1779969599999,0.00000000,0,0.00,0.00000000,0
2026-05-28 12:00:00,0.000133,0.000133,0.000133,0.000133,0.00,1779983999999,0.00000000,0,0.00,0.00000000,0
2026-05-28 16:00:00,0.000133,0.000133,0.000133,0.000133,0.00,1779998399999,0.00000000,0,0.00,0.00000000,0
2026-05-28 20:00:00,0.00015991,0.00015991,0.0001599,0.0001599,34088.00,1780012799999,5.45073436,3,34088.00,5.45073436,0
2026-05-29 00:00:00,0.0001599,0.0001599,0.000135,0.000135,222741.00,1780027199999,33.02449441,4,118631.00,18.96909690,0
2026-05-29 04:00:00,0.00013505,0.00015991,0.00013501,0.00015991,147575.00,1780041599999,20.08284915,3,6316.00,1.00999156,0
2026-05-29 08:00:00,0.0001599,0.0001599,0.00013502,0.00013502,108475.00,1780055999999,17.10946426,2,99002.00,15.83041980,0
2026-05-29 12:00:00,0.00013502,0.00013502,0.00013502,0.00013502,0.00,1780070399999,0.00000000,0,0.00,0.00000000,0
2026-05-29 16:00:00,0.00013502,0.00015985,0.000135,0.00015984,860525.00,1780084799999,133.29701179,8,689435.00,110.19935358,0
2026-05-29 20:00:00,0.00015984,0.00015984,0.00013,0.00013,145370.00,1780099199999,21.12228408,4,74537.00,11.91399408,0
2026-05-30 00:00:00,0.00013,0.00013,0.00013,0.00013,0.00,1780113599999,0.00000000,0,0.00,0.00000000,0
2026-05-30 04:00:00,0.00013,0.00013,0.00013,0.00013,0.00,1780127999999,0.00000000,0,0.00,0.00000000,0
2026-05-30 08:00:00,0.000133,0.000133,0.000133,0.000133,10235.00,1780142399999,1.36125500,2,0.00,0.00000000,0
2026-05-30 12:00:00,0.000133,0.000133,0.000133,0.000133,0.00,1780156799999,0.00000000,0,0.00,0.00000000,0
2026-05-30 16:00:00,0.000133,0.000133,0.000133,0.000133,0.00,1780171199999,0.00000000,0,0.00,0.00000000,0
2026-05-30 20:00:00,0.0001597,0.00015979,0.0001597,0.00015979,62598.00,1780185599999,9.99977304,2,62598.00,9.99977304,0
2026-05-31 00:00:00,0.00015979,0.00015979,0.00015979,0.00015979,0.00,1780199999999,0.00000000,0,0.00,0.00000000,0
2026-05-31 04:00:00,0.00013335,0.00013335,0.00013335,0.00013335,98170.00,1780214399999,13.09096950,3,0.00,0.00000000,0
2026-05-31 08:00:00,0.00013335,0.00013335,0.00013335,0.00013335,0.00,1780228799999,0.00000000,0,0.00,0.00000000,0
2026-05-31 12:00:00,0.00015991,0.00015991,0.00015991,0.00015991,6316.00,1780243199999,1.00999156,1,6316.00,1.00999156,0
2026-05-31 16:00:00,0.00013335,0.00013335,0.00012901,0.00012901,438500.00,1780257599999,58.35415593,10,0.00,0.00000000,0
2026-05-31 20:00:00,0.000158,0.000158,0.000158,0.000158,6392.00,1780271999999,1.00993600,1,6392.00,1.00993600,0
2026-06-01 00:00:00,0.000158,0.000158,0.000158,0.000158,0.00,1780286399999,0.00000000,0,0.00,0.00000000,0
2026-06-01 04:00:00,0.000158,0.000158,0.000158,0.000158,0.00,1780300799999,0.00000000,0,0.00,0.00000000,0
2026-06-01 08:00:00,0.000158,0.000158,0.000158,0.000158,0.00,1780315199999,0.00000000,0,0.00,0.00000000,0
2026-06-01 12:00:00,0.00015799,0.00015799,0.00012651,0.00015799,589079.00,1780329599999,87.71869190,10,415313.00,65.61455166,0
2026-06-01 16:00:00,0.00015799,0.00015799,0.00015799,0.00015799,18946.00,1780343999999,2.99327854,1,18946.00,2.99327854,0
2026-06-01 20:00:00,0.000157,0.00015991,0.000157,0.0001599,167540.00,1780358399999,26.67370916,3,167540.00,26.67370916,0
2026-06-02 00:00:00,0.00013,0.00015991,0.00013,0.00015959,275255.00,1780372799999,40.39531839,6,154497.00,24.69677839,0
2026-06-02 04:00:00,0.0001595,0.00015959,0.00014307,0.00015959,197283.00,1780387199999,29.97835428,4,197283.00,29.97835428,0
2026-06-02 08:00:00,0.0001595,0.00015959,0.00012835,0.0001595,204485.00,1780401599999,31.29980856,10,161707.00,25.79283611,0
2026-06-02 12:00:00,0.00012835,0.00012835,0.000128,0.000128,163009.00,1780415999999,20.87493035,11,0.00,0.00000000,0
2026-06-02 16:00:00,0.000128,0.0001589,0.000128,0.0001589,47567.00,1780430399999,6.28560140,4,6356.00,1.00996840,0
2026-06-02 20:00:00,0.00012806,0.00015888,0.00012302,0.00015888,182100.00,1780444799999,24.03708936,4,36331.00,5.77226928,0
2026-06-03 00:00:00,0.00015849,0.00015849,0.00015849,0.00015849,31401.00,1780459199999,4.97674449,1,31401.00,4.97674449,0
2026-06-03 04:00:00,0.00015799,0.00015799,0.00015799,0.00015799,238179.00,1780473599999,37.62990021,1,238179.00,37.62990021,0
2026-06-03 08:00:00,0.00015799,0.00015799,0.00015799,0.00015799,0.00,1780487999999,0.00000000,0,0.00,0.00000000,0
2026-06-03 12:00:00,0.00015799,0.00015799,0.00015799,0.00015799,252238.00,1780502399999,39.85108162,2,252238.00,39.85108162,0
2026-06-03 16:00:00,0.00015799,0.00015799,0.00015799,0.00015799,394544.00,1780516799999,62.33400656,3,394544.00,62.33400656,0
2026-06-03 20:00:00,0.00015799,0.00015799,0.00015799,0.00015799,0.00,1780531199999,0.00000000,0,0.00,0.00000000,0
2026-06-04 00:00:00,0.00015799,0.00015799,0.00011102,0.000118,808318.00,1780545599999,121.00191385,8,638268.00,100.83996132,0
2026-06-04 04:00:00,0.000118,0.000118,0.000118,0.000118,0.00,1780559999999,0.00000000,0,0.00,0.00000000,0
2026-06-04 08:00:00,0.00015779,0.00015779,0.000115,0.000115,240318.00,1780574399999,32.77817361,3,120159.00,18.95988861,0
2026-06-04 12:00:00,0.000116,0.000116,0.000116,0.000116,216294.00,1780588799999,25.09010400,1,0.00,0.00000000,0
2026-06-04 16:00:00,0.000116,0.000116,0.000116,0.000116,0.00,1780603199999,0.00000000,0,0.00,0.00000000,0
2026-06-04 20:00:00,0.000116,0.000116,0.000116,0.000116,0.00,1780617599999,0.00000000,0,0.00,0.00000000,0
2026-06-05 00:00:00,0.000116,0.000116,0.000116,0.000116,0.00,1780631999999,0.00000000,0,0.00,0.00000000,0
2026-06-05 04:00:00,0.000155,0.000155,0.000155,0.000155,6516.00,1780646399999,1.00998000,1,6516.00,1.00998000,0
2026-06-05 08:00:00,0.00015398,0.00015398,0.00015398,0.00015398,332783.00,1780660799999,51.24192634,1,332783.00,51.24192634,0
2026-06-05 12:00:00,0.00015389,0.00015389,0.00010251,0.000105,9190603.00,1780675199999,1103.67144628,26,1105751.00,168.48860015,0
2026-06-05 16:00:00,0.000151,0.000151,0.00015099,0.00015099,908420.00,1780689599999,137.16240268,3,908420.00,137.16240268,0
2026-06-05 20:00:00,0.00015099,0.00015099,0.00015099,0.00015099,0.00,1780703999999,0.00000000,0,0.00,0.00000000,0
2026-06-06 00:00:00,0.0001075,0.000151,0.0001075,0.000151,565618.00,1780718399999,61.09490650,4,6689.00,1.01003900,0
2026-06-06 04:00:00,0.000151,0.000151,0.000151,0.000151,0.00,1780732799999,0.00000000,0,0.00,0.00000000,0
2026-06-06 08:00:00,0.00014999,0.00014999,0.00014999,0.00014999,331697.00,1780747199999,49.75123303,1,331697.00,49.75123303,0
2026-06-06 12:00:00,0.00014999,0.00014999,0.00014999,0.00014999,0.00,1780761599999,0.00000000,0,0.00,0.00000000,0
2026-06-06 16:00:00,0.00014998,0.00014998,0.00014998,0.00014998,398477.00,1780775999999,59.76358046,3,398477.00,59.76358046,0
2026-06-06 20:00:00,0.00010751,0.00014996,0.00010751,0.00014993,801885.00,1780790399999,94.92120977,12,205142.00,30.75978971,0
2026-06-07 00:00:00,0.00014993,0.00014993,0.00014993,0.00014993,142583.00,1780804799999,21.37746919,2,142583.00,21.37746919,0
2026-06-07 04:00:00,0.00014987,0.00014987,0.00014987,0.00014987,689853.00,1780819199999,103.38826911,4,689853.00,103.38826911,0
2026-06-07 08:00:00,0.00014987,0.00014987,0.00014987,0.00014987,0.00,1780833599999,0.00000000,0,0.00,0.00000000,0
2026-06-07 12:00:00,0.00014987,0.00014987,0.00014986,0.00014986,120718.00,1780847999999,18.09100859,2,120718.00,18.09100859,0
2026-06-07 16:00:00,0.00014986,0.00014986,0.00014986,0.00014986,0.00,1780862399999,0.00000000,0,0.00,0.00000000,0
2026-06-07 20:00:00,0.00014974,0.00014974,0.00014974,0.00014974,6029.00,1780876799999,0.90278246,1,6029.00,0.90278246,0
2026-06-08 00:00:00,0.0001375,0.00014799,0.0001375,0.00014799,1384377.00,1780891199999,203.72865518,5,1384377.00,203.72865518,0
2026-06-08 04:00:00,0.00014799,0.00014799,0.00014799,0.00014799,33782.00,1780905599999,4.99939818,1,33782.00,4.99939818,0
2026-06-08 08:00:00,0.00014799,0.00014799,0.00014799,0.00014799,0.00,1780919999999,0.00000000,0,0.00,0.00000000,0
2026-06-08 12:00:00,0.00013915,0.00014799,0.0001115,0.00014343,2208672.00,1780934399999,321.14454653,18,1955564.00,287.33162059,0
2026-06-08 16:00:00,0.00014343,0.00014343,0.0001115,0.00012895,8848207.00,1780948799999,1114.23883311,25,888387.00,111.91037157,0
2026-06-08 20:00:00,0.0001235,0.000148,0.0001235,0.00014799,2472707.00,1780963199999,336.19410750,17,2393446.00,326.40537400,0
2026-06-09 00:00:00,0.00014619,0.00014619,0.0001115,0.00012554,17955133.00,1780977599999,2079.58577226,32,1602252.00,195.66633815,0
2026-06-09 04:00:00,0.0001255,0.0001255,0.00012319,0.00012319,219654.00,1780991999999,27.22591206,3,72180.00,9.05859000,0
2026-06-09 08:00:00,0.00012319,0.0001255,0.00012318,0.00012318,233039.00,1781006399999,28.81104191,8,44635.00,5.60169250,0
2026-06-09 12:00:00,0.00012318,0.00012318,0.00010772,0.00010772,2177296.00,1781020799999,247.39944286,22,0.00,0.00000000,0
2026-06-09 16:00:00,0.00010772,0.00011282,0.00010521,0.00011282,1258845.00,1781035199999,136.01476108,14,537227.00,59.14886797,0
2026-06-09 20:00:00,0.00010773,0.00011281,0.00010566,0.00010724,3903215.00,1781049599999,415.75642900,9,970811.00,104.58724318,0
2026-06-10 00:00:00,0.000107,0.000107,0.000107,0.000107,599722.00,1781063999999,64.17025400,1,0.00,0.00000000,0
2026-06-10 04:00:00,0.00010724,0.00010724,0.00010724,0.00010724,233192.00,1781078399999,25.00751008,1,233192.00,25.00751008,0
2026-06-10 08:00:00,0.000107,0.00010709,0.000107,0.00010708,588218.00,1781092799999,62.98682600,3,545000.00,58.36250000,0
2026-06-10 12:00:00,0.00010708,0.00010708,0.00010708,0.00010708,0.00,1781107199999,0.00000000,0,0.00,0.00000000,0
2026-06-10 16:00:00,0.000107,0.00011282,0.000107,0.00011282,60417.00,1781121599999,6.66809414,3,35455.00,3.99716014,0
2026-06-10 20:00:00,0.00011282,0.00011282,0.00011282,0.00011282,0.00,1781135999999,0.00000000,0,0.00,0.00000000,0
2026-06-11 00:00:00,0.00011282,0.00011282,0.00011282,0.00011282,0.00,1781150399999,0.00000000,0,0.00,0.00000000,0
2026-06-11 04:00:00,0.00011282,0.00011282,0.00011282,0.00011282,0.00,1781164799999,0.00000000,0,0.00,0.00000000,0
2026-06-11 08:00:00,0.00011282,0.00014599,0.00011282,0.00014599,42487.00,1781179199999,5.02285340,2,42487.00,5.02285340,0
2026-06-11 12:00:00,0.00014499,0.00014499,0.00014498,0.00014498,202798.00,1781193599999,29.40333825,2,202798.00,29.40333825,0
2026-06-11 16:00:00,0.0001448,0.00014498,0.0001448,0.0001448,164631.00,1781207999999,23.84780928,3,164631.00,23.84780928,0
2026-06-11 20:00:00,0.0001448,0.0001448,0.0001448,0.0001448,0.00,1781222399999,0.00000000,0,0.00,0.00000000,0
2026-06-12 00:00:00,0.00011,0.0001448,0.00010851,0.0001448,1642045.00,1781236799999,183.61674386,11,808045.00,92.95017530,0
2026-06-12 04:00:00,0.0001448,0.0001448,0.0001448,0.0001448,1000000.00,1781251199999,144.80000000,1,1000000.00,144.80000000,0
2026-06-12 08:00:00,0.0001448,0.0001448,0.0001448,0.0001448,0.00,1781265599999,0.00000000,0,0.00,0.00000000,0
2026-06-12 12:00:00,0.00014478,0.00014478,0.00014478,0.00014478,1062446.00,1781279999999,153.82093188,2,1062446.00,153.82093188,0
2026-06-12 16:00:00,0.00014399,0.00014399,0.00014389,0.0001439,7377973.00,1781294399999,1061.62813289,14,7377973.00,1061.62813289,0
2026-06-12 20:00:00,0.00010945,0.00014375,0.00010945,0.00014374,703834.00,1781308799999,99.45466942,8,653834.00,93.98216942,0
2026-06-13 00:00:00,0.00014374,0.00014374,0.00014374,0.00014374,0.00,1781323199999,0.00000000,0,0.00,0.00000000,0
2026-06-13 04:00:00,0.00014374,0.00014374,0.00014374,0.00014374,0.00,1781337599999,0.00000000,0,0.00,0.00000000,0
2026-06-13 08:00:00,0.00014374,0.00014374,0.00014374,0.00014374,0.00,1781351999999,0.00000000,0,0.00,0.00000000,0
2026-06-13 12:00:00,0.0001437,0.0001437,0.0001437,0.0001437,27747.00,1781366399999,3.98724390,2,27747.00,3.98724390,0
2026-06-13 16:00:00,0.00014366,0.00014366,0.00014365,0.00014365,265106.00,1781380799999,38.08261477,4,265106.00,38.08261477,0
2026-06-13 20:00:00,0.00014199,0.00014199,0.00011,0.00011,400182.00,1781395199999,50.77848332,2,211268.00,29.99794332,0
2026-06-14 00:00:00,0.0001095,0.0001095,0.0001095,0.0001095,1283569.00,1781409599999,140.55080550,5,0.00,0.00000000,0
2026-06-14 04:00:00,0.0001095,0.0001095,0.0001095,0.0001095,517809.00,1781423999999,56.70008550,16,0.00,0.00000000,0
2026-06-14 08:00:00,0.0001095,0.0001095,0.0001095,0.0001095,74421.00,1781438399999,8.14909950,2,0.00,0.00000000,0
2026-06-14 12:00:00,0.0001095,0.0001095,0.0001095,0.0001095,0.00,1781452799999,0.00000000,0,0.00,0.00000000,0
2026-06-14 16:00:00,0.00011001,0.00011001,0.00011001,0.00011001,27302.00,1781467199999,3.00349302,2,0.00,0.00000000,0
2026-06-14 20:00:00,0.00014195,0.00014195,0.00014195,0.00014195,42974.00,1781481599999,6.10015930,1,42974.00,6.10015930,0
2026-06-15 00:00:00,0.00014373,0.00014373,0.000115,0.000115,332764.00,1781495999999,39.27301972,8,27764.00,3.99051972,0
2026-06-15 04:00:00,0.0001145,0.00014373,0.0001145,0.00014373,1008482.00,1781510399999,141.86306031,7,903297.00,129.81937781,0
2026-06-15 08:00:00,0.0001437,0.00014374,0.0001437,0.00014374,5375855.00,1781524799999,772.51105339,4,20714.00,2.97729169,0
2026-06-15 12:00:00,0.0001437,0.00014373,0.00012011,0.00012011,45712941.00,1781539199999,6568.16783446,4,34897.00,5.01574581,0
2026-06-15 16:00:00,0.00012011,0.00012011,0.00012011,0.00012011,0.00,1781553599999,0.00000000,0,0.00,0.00000000,0
2026-06-15 20:00:00,0.00012011,0.00012011,0.00012011,0.00012011,0.00,1781567999999,0.00000000,0,0.00,0.00000000,0
2026-06-16 00:00:00,0.00014374,0.00014374,0.00014374,0.00014374,7026.00,1781582399999,1.00991724,1,7026.00,1.00991724,0
2026-06-16 04:00:00,0.00014373,0.00014373,0.00013994,0.00013994,4268262.00,1781596799999,597.90534321,2,159567.00,22.93456491,0
2026-06-16 08:00:00,0.00014373,0.00014373,0.00014373,0.00014373,67552.00,1781611199999,9.70924896,1,67552.00,9.70924896,0
2026-06-16 12:00:00,0.0001225,0.0001225,0.0001225,0.0001225,92129.00,1781625599999,11.28580250,3,0.00,0.00000000,0
2026-06-16 16:00:00,0.0001225,0.0001225,0.0001225,0.0001225,252902.00,1781639999999,30.98049500,2,0.00,0.00000000,0
2026-06-16 20:00:00,0.0001225,0.0001225,0.0001225,0.0001225,0.00,1781654399999,0.00000000,0,0.00,0.00000000,0
2026-06-17 00:00:00,0.00012014,0.00012014,0.00012014,0.00012014,55555.00,1781668799999,6.67437770,1,0.00,0.00000000,0
2026-06-17 04:00:00,0.00012014,0.00012014,0.00012014,0.00012014,0.00,1781683199999,0.00000000,0,0.00,0.00000000,0
2026-06-17 08:00:00,0.00012014,0.00012014,0.00012014,0.00012014,0.00,1781697599999,0.00000000,0,0.00,0.00000000,0
2026-06-17 12:00:00,0.00012999,0.000143,0.00012999,0.000143,92337.00,1781711999999,12.09476325,2,92337.00,12.09476325,0
2026-06-17 16:00:00,0.00014299,0.000143,0.000125,0.00014299,1769446.00,1781726399999,241.44849854,17,1126608.00,161.09374854,0
2026-06-17 20:00:00,0.00014,0.00014,0.00014,0.00014,356357.00,1781740799999,49.88998000,1,356357.00,49.88998000,0
2026-06-18 00:00:00,0.00013999,0.00013999,0.00011925,0.00011925,78837.00,1781755199999,9.93317765,6,14260.00,1.99625740,0
2026-06-18 04:00:00,0.00014,0.00014,0.000115,0.000115,65121.00,1781769599999,8.02452284,4,21430.00,3.00005784,0
2026-06-18 08:00:00,0.000115,0.000115,0.000115,0.000115,0.00,1781783999999,0.00000000,0,0.00,0.00000000,0
2026-06-18 12:00:00,0.000115,0.000115,0.000115,0.000115,0.00,1781798399999,0.00000000,0,0.00,0.00000000,0
2026-06-18 16:00:00,0.0001135,0.0001135,0.0001135,0.0001135,610363.00,1781812799999,69.27620050,5,0.00,0.00000000,0
2026-06-18 20:00:00,0.0001135,0.0001135,0.0001135,0.0001135,0.00,1781827199999,0.00000000,0,0.00,0.00000000,0
2026-06-19 00:00:00,0.0001135,0.0001135,0.0001135,0.0001135,0.00,1781841599999,0.00000000,0,0.00,0.00000000,0
2026-06-19 04:00:00,0.0001135,0.0001135,0.0001135,0.0001135,0.00,1781855999999,0.00000000,0,0.00,0.00000000,0
2026-06-19 08:00:00,0.0001135,0.0001398,0.0001135,0.0001398,73936.00,1781870399999,8.58172720,2,7224.00,1.00991520,0
2026-06-19 12:00:00,0.00013979,0.00013979,0.0001135,0.0001135,156194.00,1781884799999,19.83973696,3,80324.00,11.22849196,0
2026-06-19 16:00:00,0.0001398,0.0001398,0.0001398,0.0001398,7224.00,1781899199999,1.00991520,1,7224.00,1.00991520,0
2026-06-19 20:00:00,0.00013975,0.00013999,0.00013975,0.00013999,4487139.00,1781913599999,628.11311553,11,4487139.00,628.11311553,0
2026-06-20 00:00:00,0.00011505,0.00013999,0.00011505,0.00013999,377070.00,1781927999999,52.13066881,4,350887.00,49.11831466,0
2026-06-20 04:00:00,0.00013999,0.00014,0.00013999,0.00014,3634923.00,1781942399999,508.88231301,9,3634923.00,508.88231301,0
2026-06-20 08:00:00,0.00014,0.00014,0.00014,0.00014,7214.00,1781956799999,1.00996000,1,7214.00,1.00996000,0
2026-06-20 12:00:00,0.00014,0.00014,0.00011376,0.00011376,408647.00,1781971199999,50.95952976,7,170421.00,23.85894000,0
2026-06-20 16:00:00,0.00011376,0.00011376,0.00011376,0.00011376,0.00,1781985599999,0.00000000,0,0.00,0.00000000,0
2026-06-20 20:00:00,0.00011376,0.00011376,0.00011376,0.00011376,0.00,1781999999999,0.00000000,0,0.00,0.00000000,0
2026-06-21 00:00:00,0.00011376,0.00011376,0.00011376,0.00011376,0.00,1782014399999,0.00000000,0,0.00,0.00000000,0
2026-06-21 04:00:00,0.00011376,0.00011376,0.00011376,0.00011376,0.00,1782028799999,0.00000000,0,0.00,0.00000000,0
2026-06-21 08:00:00,0.000114,0.000114,0.00011376,0.00011376,69888.00,1782043199999,7.96245888,2,0.00,0.00000000,0
2026-06-21 12:00:00,0.00011376,0.00011376,0.00011376,0.00011376,0.00,1782057599999,0.00000000,0,0.00,0.00000000,0
2026-06-21 16:00:00,0.00011376,0.00011376,0.00011376,0.00011376,0.00,1782071999999,0.00000000,0,0.00,0.00000000,0
2026-06-21 20:00:00,0.00011376,0.00011376,0.00011376,0.00011376,0.00,1782086399999,0.00000000,0,0.00,0.00000000,0
2026-06-22 00:00:00,0.00011376,0.00011376,0.00011376,0.00011376,0.00,1782100799999,0.00000000,0,0.00,0.00000000,0
2026-06-22 04:00:00,0.00011376,0.00011376,0.00011376,0.00011376,0.00,1782115199999,0.00000000,0,0.00,0.00000000,0
2026-06-22 08:00:00,0.00011376,0.00014,0.00011376,0.00014,944974.00,1782129599999,126.36972153,9,720644.00,100.84994073,0
2026-06-22 12:00:00,0.00014,0.00014,0.00014,0.00014,834366.00,1782143999999,116.81124000,4,834366.00,116.81124000,0
2026-06-22 16:00:00,0.00014,0.00014,0.00014,0.00014,750732.00,1782158399999,105.10248000,6,750732.00,105.10248000,0
2026-06-22 20:00:00,0.00014,0.00014,0.00014,0.00014,320770.00,1782172799999,44.90780000,4,320770.00,44.90780000,0
2026-06-23 00:00:00,0.00014,0.00014,0.00013999,0.00013999,162131.00,1782187199999,22.69799269,2,162131.00,22.69799269,0
2026-06-23 04:00:00,0.00013999,0.00013999,0.00013999,0.00013999,142621.00,1782201599999,19.96551379,4,142621.00,19.96551379,0
2026-06-23 08:00:00,0.00013999,0.00013999,0.00013999,0.00013999,485714.00,1782215999999,67.99510286,1,485714.00,67.99510286,0
2026-06-23 12:00:00,0.00011401,0.00011401,0.00011351,0.00011351,253664.00,1782230399999,28.90561264,6,0.00,0.00000000,0
2026-06-23 16:00:00,0.00011351,0.00011351,0.00011351,0.00011351,0.00,1782244799999,0.00000000,0,0.00,0.00000000,0
2026-06-23 20:00:00,0.00011499,0.00011499,0.00011351,0.00011351,109361.00,1782259199999,12.48047495,4,45208.00,5.19846792,0
2026-06-24 00:00:00,0.00011351,0.00011351,0.00011351,0.00011351,0.00,1782273599999,0.00000000,0,0.00,0.00000000,0
2026-06-24 04:00:00,0.00011351,0.00011351,0.00011351,0.00011351,0.00,1782287999999,0.00000000,0,0.00,0.00000000,0
2026-06-24 08:00:00,0.000115,0.000115,0.00010825,0.00010826,63520418.00,1782302399999,7071.17204951,16,0.00,0.00000000,0
2026-06-24 12:00:00,0.0001388,0.0001388,0.00010825,0.0001378,50989004.00,1782316799999,5520.01486871,6,14605.00,2.01984500,0
2026-06-24 16:00:00,0.00013768,0.00013768,0.00013768,0.00013768,723694.00,1782331199999,99.63818992,1,723694.00,99.63818992,0
2026-06-24 20:00:00,0.00013768,0.00013768,0.00013768,0.00013768,0.00,1782345599999,0.00000000,0,0.00,0.00000000,0
2026-06-25 00:00:00,0.0001376,0.00013768,0.0001376,0.00013768,193764.00,1782359999999,26.67400960,4,193764.00,26.67400960,0
2026-06-25 04:00:00,0.00013768,0.00013768,0.00011405,0.00011405,42875.00,1782374399999,5.40363358,2,21741.00,2.99330088,0
2026-06-25 08:00:00,0.00013768,0.00013768,0.00010401,0.0001045,226721.00,1782388799999,25.23637092,10,21873.00,3.01147464,0
2026-06-25 12:00:00,0.0001048,0.00013767,0.0001048,0.00013767,715649.00,1782403199999,96.87465760,4,665520.00,91.62113840,0
2026-06-25 16:00:00,0.00013767,0.00013767,0.00013767,0.00013767,0.00,1782417599999,0.00000000,0,0.00,0.00000000,0
2026-06-25 20:00:00,0.000134,0.000134,0.000133,0.000133,151882.00,1782431999999,20.34459500,2,151882.00,20.34459500,0
2026-06-26 00:00:00,0.00013299,0.00013299,0.000107,0.000107,123169.00,1782446399999,15.64831493,4,95007.00,12.63498093,0
2026-06-26 04:00:00,0.000107,0.000107,0.000107,0.000107,0.00,1782460799999,0.00000000,0,0.00,0.00000000,0
2026-06-26 08:00:00,0.00010725,0.000133,0.00010725,0.000133,22886.00,1782475199999,2.65004325,2,7593.00,1.00986900,0
2026-06-26 12:00:00,0.00013299,0.00013299,0.00013299,0.00013299,46799.00,1782489599999,6.22379901,1,46799.00,6.22379901,0
2026-06-26 16:00:00,0.000131,0.000131,0.00010726,0.00010726,5016902.00,1782503999999,598.65377814,6,2550163.00,334.07135300,0
2026-06-26 20:00:00,0.00010726,0.00010726,0.00010726,0.00010726,0.00,1782518399999,0.00000000,0,0.00,0.00000000,0
2026-06-27 00:00:00,0.00010726,0.00010726,0.00010726,0.00010726,0.00,1782532799999,0.00000000,0,0.00,0.00000000,0
2026-06-27 04:00:00,0.00010726,0.00010726,0.00010726,0.00010726,0.00,1782547199999,0.00000000,0,0.00,0.00000000,0
2026-06-27 08:00:00,0.0001075,0.0001075,0.0001075,0.0001075,32603.00,1782561599999,3.50482250,1,0.00,0.00000000,0
2026-06-27 12:00:00,0.00010751,0.00010751,0.0001075,0.0001075,108362415.00,1782575999999,11648.98296009,26,0.00,0.00000000,0
2026-06-27 16:00:00,0.0001075,0.0001075,0.0001075,0.0001075,408111.00,1782590399999,43.87193250,2,0.00,0.00000000,0
2026-06-27 20:00:00,0.0001075,0.0001075,9.6e-05,0.00010336,314732850.00,1782604799999,33437.84205127,707,77913.00,8.11117753,0
2026-06-28 00:00:00,0.00010599,0.00010599,0.00010305,0.00010305,248828.00,1782619199999,26.03996597,9,131963.00,13.98675837,0
2026-06-28 04:00:00,0.00010305,0.00010305,0.00010305,0.00010305,0.00,1782633599999,0.00000000,0,0.00,0.00000000,0
2026-06-28 08:00:00,0.00010306,0.00010306,0.00010306,0.00010306,77280.00,1782647999999,7.96447680,1,0.00,0.00000000,0
2026-06-28 12:00:00,0.00010306,0.00010306,0.00010306,0.00010306,0.00,1782662399999,0.00000000,0,0.00,0.00000000,0
2026-06-28 16:00:00,0.00010599,0.00010599,0.00010276,0.00010276,1950734.00,1782676799999,204.06619785,21,1070321.00,113.44204554,0
2026-06-28 20:00:00,0.00010599,0.00010599,0.00010155,0.000102,1229149.00,1782691199999,129.01074142,7,111329.00,11.71609992,0
2026-06-29 00:00:00,0.000102,0.000102,0.000102,0.000102,0.00,1782705599999,0.00000000,0,0.00,0.00000000,0
2026-06-29 04:00:00,0.000103,0.000106,0.000103,0.000105,615158.00,1782719999999,64.58724670,8,615158.00,64.58724670,0
2026-06-29 08:00:00,0.000105,0.00010575,0.000104,0.00010401,107822.00,1782734399999,11.24544008,5,9550.00,1.00991250,0
2026-06-29 12:00:00,0.0001059,0.000106,0.000104,0.000104,24217.00,1782748799999,2.54698630,3,14686.00,1.55576230,0
2026-06-29 16:00:00,0.0001108,0.0001108,0.00010201,0.00010201,345019.00,1782763199999,36.78490147,4,180832.00,20.03618560,0
2026-06-29 20:00:00,0.00010949,0.00010949,0.00010501,0.00010501,780044.00,1782777599999,85.22160168,7,729927.00,79.91970723,0
2026-06-30 00:00:00,0.00010699,0.00010699,0.000105,0.000105,267012.00,1782791999999,28.54847207,2,257393.00,27.53847707,0
2026-06-30 04:00:00,0.000105,0.000105,0.000105,0.000105,0.00,1782806399999,0.00000000,0,0.00,0.00000000,0
2026-06-30 08:00:00,0.00010351,0.00010351,0.00010351,0.00010351,14562.00,1782820799999,1.50731262,1,0.00,0.00000000,0
2026-06-30 12:00:00,0.0001035,0.0001035,0.00010225,0.00010225,49126.00,1782835199999,5.05006400,5,0.00,0.00000000,0
2026-06-30 16:00:00,0.00010699,0.00010699,0.00010688,0.00010688,673353.00,1782849599999,72.01119919,2,673353.00,72.01119919,0
2026-06-30 20:00:00,0.00010687,0.00010688,0.00010687,0.00010688,980923.00,1782863999999,104.83731288,3,980923.00,104.83731288,0
2026-07-01 00:00:00,0.000105,0.000105,0.000102,0.000102,39038.00,1782878399999,4.03996300,4,0.00,0.00000000,0
2026-07-01 04:00:00,0.000102,0.000102,0.000102,0.000102,0.00,1782892799999,0.00000000,0,0.00,0.00000000,0
2026-07-01 08:00:00,0.00010151,0.00010151,0.00010151,0.00010151,82421.00,1782907199999,8.36655571,1,0.00,0.00000000,0
2026-07-01 12:00:00,0.0001059,0.000106,0.00010156,0.00010156,277566.00,1782921599999,28.80850982,6,140864.00,14.92505470,0
2026-07-01 16:00:00,0.00010156,0.00010688,0.00010156,0.00010156,617465.00,1782935999999,62.85898736,4,28053.00,2.99830464,0
2026-07-01 20:00:00,0.00010688,0.00010688,0.00010156,0.00010688,371266.00,1782950399999,38.86035860,5,217027.00,23.19584576,0
2026-07-02 00:00:00,0.00010151,0.00010151,0.00010151,0.00010151,51693.00,1782964799999,5.24735643,1,0.00,0.00000000,0
2026-07-02 04:00:00,0.00010151,0.00010151,0.00010151,0.00010151,0.00,1782979199999,0.00000000,0,0.00,0.00000000,0
2026-07-02 08:00:00,0.00010688,0.00010849,0.00010151,0.00010849,2505692.00,1782993599999,267.97091660,23,2389629.00,256.18936147,0
2026-07-02 12:00:00,0.0001075,0.0001085,0.00010001,0.00010001,522738.00,1783007999999,55.34009194,5,407444.00,43.80953900,0
2026-07-02 16:00:00,0.00010001,0.00010001,0.00010001,0.00010001,0.00,1783022399999,0.00000000,0,0.00,0.00000000,0
2026-07-02 20:00:00,0.00010001,0.00010001,0.00010001,0.00010001,0.00,1783036799999,0.00000000,0,0.00,0.00000000,0
2026-07-03 00:00:00,0.00010022,0.00010022,0.00010022,0.00010022,20073.00,1783051199999,2.01171606,1,0.00,0.00000000,0
2026-07-03 04:00:00,0.00010022,0.00010022,0.00010022,0.00010022,0.00,1783065599999,0.00000000,0,0.00,0.00000000,0
2026-07-03 08:00:00,0.00010022,0.00010022,0.00010022,0.00010022,0.00,1783079999999,0.00000000,0,0.00,0.00000000,0
2026-07-03 12:00:00,0.00010022,0.00010022,0.00010022,0.00010022,0.00,1783094399999,0.00000000,0,0.00,0.00000000,0
2026-07-03 16:00:00,0.00011081,0.00011081,0.00011081,0.00011081,12204.00,1783108799999,1.35232524,1,12204.00,1.35232524,0
2026-07-03 20:00:00,0.00011081,0.00011081,0.00011081,0.00011081,0.00,1783123199999,0.00000000,0,0.00,0.00000000,0
2026-07-04 00:00:00,0.00010023,0.00010023,0.00010023,0.00010023,329377.00,1783137599999,33.01345671,1,0.00,0.00000000,0
2026-07-04 04:00:00,0.00010025,0.00010025,0.00010025,0.00010025,120798.00,1783151999999,12.10999950,2,0.00,0.00000000,0
2026-07-04 08:00:00,0.00010025,0.00010025,0.00010025,0.00010025,21988.00,1783166399999,2.20429700,1,0.00,0.00000000,0
2026-07-04 12:00:00,0.00010025,0.00010025,0.00010025,0.00010025,0.00,1783180799999,0.00000000,0,0.00,0.00000000,0
2026-07-04 16:00:00,0.00010025,0.00010025,0.00010025,0.00010025,0.00,1783195199999,0.00000000,0,0.00,0.00000000,0
2026-07-04 20:00:00,0.0001175,0.00011899,0.0001175,0.00011899,847370.00,1783209599999,100.81574975,2,838775.00,99.80583725,0
2026-07-05 00:00:00,0.00011675,0.00011675,0.00011501,0.00011501,104408.00,1783223999999,12.09407678,8,0.00,0.00000000,0
2026-07-05 04:00:00,0.00011898,0.00011898,0.00011898,0.00011898,167828.00,1783238399999,19.96817544,2,167828.00,19.96817544,0
2026-07-05 08:00:00,0.000115,0.000115,0.000115,0.000115,8782.00,1783252799999,1.00993000,1,0.00,0.00000000,0
2026-07-05 12:00:00,0.000115,0.000115,0.000115,0.000115,0.00,1783267199999,0.00000000,0,0.00,0.00000000,0
2026-07-05 16:00:00,0.000115,0.000115,0.000115,0.000115,0.00,1783281599999,0.00000000,0,0.00,0.00000000,0
2026-07-05 20:00:00,0.00011001,0.00011879,7.654e-05,7.654e-05,1009864.00,1783295999999,109.63717049,14,535775.00,63.64471225,0
2026-07-06 00:00:00,7.654e-05,7.654e-05,7.654e-05,7.654e-05,0.00,1783310399999,0.00000000,0,0.00,0.00000000,0
2026-07-06 04:00:00,7.654e-05,7.654e-05,7.654e-05,7.654e-05,0.00,1783324799999,0.00000000,0,0.00,0.00000000,0
2026-07-06 08:00:00,7.656e-05,7.656e-05,7.656e-05,7.656e-05,111110.00,1783339199999,8.50658160,1,0.00,0.00000000,0
2026-07-06 12:00:00,7.656e-05,7.656e-05,7.656e-05,7.656e-05,0.00,1783353599999,0.00000000,0,0.00,0.00000000,0
2026-07-06 16:00:00,7.656e-05,7.656e-05,7.656e-05,7.656e-05,0.00,1783367999999,0.00000000,0,0.00,0.00000000,0
2026-07-06 20:00:00,7.656e-05,7.656e-05,7.656e-05,7.656e-05,0.00,1783382399999,0.00000000,0,0.00,0.00000000,0
2026-07-07 00:00:00,7.656e-05,7.656e-05,7.656e-05,7.656e-05,0.00,1783396799999,0.00000000,0,0.00,0.00000000,0
2026-07-07 04:00:00,7.656e-05,7.656e-05,7.656e-05,7.656e-05,0.00,1783411199999,0.00000000,0,0.00,0.00000000,0
2026-07-07 08:00:00,0.00010001,0.00010001,0.00010001,0.00010001,91153.00,1783425599999,9.11621153,1,0.00,0.00000000,0
2026-07-07 12:00:00,0.00010001,0.00010001,0.00010001,0.00010001,0.00,1783439999999,0.00000000,0,0.00,0.00000000,0
2026-07-07 16:00:00,0.00010001,0.00010001,0.00010001,0.00010001,0.00,1783454399999,0.00000000,0,0.00,0.00000000,0
2026-07-07 20:00:00,0.0001002,0.0001002,0.0001002,0.0001002,12025.00,1783468799999,1.20490500,1,12025.00,1.20490500,0
2026-07-08 00:00:00,0.0001002,0.0001002,0.0001002,0.0001002,19415558.00,1783483199999,1945.43891160,4,19415558.00,1945.43891160,0
2026-07-08 04:00:00,0.0001002,0.0001002,0.0001002,0.0001002,0.00,1783497599999,0.00000000,0,0.00,0.00000000,0
2026-07-08 08:00:00,0.00010001,0.00010001,0.00010001,0.00010001,15250.00,1783511999999,1.52515250,1,0.00,0.00000000,0
2026-07-08 12:00:00,0.00010999,0.00010999,0.00010001,0.00010001,661464.00,1783526399999,69.60065554,2,345455.00,37.99659545,0
2026-07-08 16:00:00,0.00010001,0.00010001,0.00010001,0.00010001,772502.00,1783540799999,77.25792502,1,0.00,0.00000000,0
2026-07-08 20:00:00,0.00010001,0.00010001,0.00010001,0.00010001,20307.00,1783555199999,2.03090307,1,0.00,0.00000000,0
2026-07-09 00:00:00,0.00010001,0.00010001,0.00010001,0.00010001,0.00,1783569599999,0.00000000,0,0.00,0.00000000,0
2026-07-09 04:00:00,0.00010001,0.00010001,0.00010001,0.00010001,662157.00,1783583999999,66.22232157,1,0.00,0.00000000,0
2026-07-09 08:00:00,0.00010001,0.00010001,0.00010001,0.00010001,0.00,1783598399999,0.00000000,0,0.00,0.00000000,0
2026-07-09 12:00:00,0.00010001,0.00010001,0.00010001,0.00010001,2549973.00,1783612799999,255.02279973,1,0.00,0.00000000,0
2026-07-09 16:00:00,0.00010001,0.00010001,0.00010001,0.00010001,5185947.00,1783627199999,518.64655947,6,0.00,0.00000000,0
2026-07-09 20:00:00,0.00010001,0.00010001,0.00010001,0.00010001,0.00,1783641599999,0.00000000,0,0.00,0.00000000,0
2026-07-10 00:00:00,0.00010001,0.00010001,0.00010001,0.00010001,0.00,1783655999999,0.00000000,0,0.00,0.00000000,0
2026-07-10 04:00:00,0.00010001,0.00010001,0.00010001,0.00010001,172871.00,1783670399999,17.28882871,1,0.00,0.00000000,0
2026-07-10 08:00:00,0.00010001,0.00010001,0.00010001,0.00010001,0.00,1783684799999,0.00000000,0,0.00,0.00000000,0
2026-07-10 12:00:00,0.00010001,0.00010001,0.00010001,0.00010001,0.00,1783699199999,0.00000000,0,0.00,0.00000000,0
2026-07-10 16:00:00,0.00010001,0.00010001,0.00010001,0.00010001,0.00,1783713599999,0.00000000,0,0.00,0.00000000,0
2026-07-10 20:00:00,0.00010999,0.00010999,0.00010001,0.00010002,171186.00,1783727999999,17.99384713,5,87477.00,9.62159523,0
2026-07-11 00:00:00,0.00010002,0.00010002,0.00010002,0.00010002,0.00,1783742399999,0.00000000,0,0.00,0.00000000,0
2026-07-11 04:00:00,0.00010002,0.00010002,0.00010002,0.00010002,0.00,1783756799999,0.00000000,0,0.00,0.00000000,0
2026-07-11 08:00:00,0.00010002,0.00010002,0.00010002,0.00010002,0.00,1783771199999,0.00000000,0,0.00,0.00000000,0
2026-07-11 12:00:00,0.00010001,0.00010001,0.00010001,0.00010001,837075.00,1783785599999,83.71587075,2,0.00,0.00000000,0
2026-07-11 16:00:00,0.00010001,0.00010001,0.00010001,0.00010001,125060.00,1783799999999,12.50725060,1,0.00,0.00000000,0
2026-07-11 20:00:00,0.00010001,0.00010001,0.00010001,0.00010001,0.00,1783814399999,0.00000000,0,0.00,0.00000000,0
2026-07-12 00:00:00,0.00010999,0.00010999,0.00010999,0.00010999,127048.00,1783828799999,13.97400952,2,127048.00,13.97400952,0
2026-07-12 04:00:00,0.00010999,0.00010999,0.00010999,0.00010999,90843.00,1783843199999,9.99182157,1,90843.00,9.99182157,0
2026-07-12 08:00:00,0.00010999,0.00010999,0.00010999,0.00010999,0.00,1783857599999,0.00000000,0,0.00,0.00000000,0
2026-07-12 12:00:00,0.00010999,0.00010999,0.00010999,0.00010999,0.00,1783871999999,0.00000000,0,0.00,0.00000000,0
2026-07-12 16:00:00,0.00010999,0.00010999,0.00010999,0.00010999,45422.00,1783886399999,4.99596578,1,45422.00,4.99596578,0
2026-07-12 20:00:00,0.00010001,0.00010001,0.00010001,0.00010001,100340.00,1783900799999,10.03500340,1,0.00,0.00000000,0
2026-07-13 00:00:00,0.00010001,0.00010001,0.00010001,0.00010001,180917.00,1783915199999,18.09350917,1,0.00,0.00000000,0
2026-07-13 04:00:00,0.00010001,0.00010001,0.00010001,0.00010001,0.00,1783929599999,0.00000000,0,0.00,0.00000000,0
2026-07-13 08:00:00,0.00010001,0.00010001,0.00010001,0.00010001,0.00,1783943999999,0.00000000,0,0.00,0.00000000,0
2026-07-13 12:00:00,0.00010001,0.00010001,0.00010001,0.00010001,0.00,1783958399999,0.00000000,0,0.00,0.00000000,0
2026-07-13 16:00:00,0.0001,0.0001,0.0001,0.0001,10100.00,1783972799999,1.01000000,1,0.00,0.00000000,0
2026-07-13 20:00:00,0.0001,0.0001,0.0001,0.0001,377838.00,1783987199999,37.78380000,1,0.00,0.00000000,0
2026-07-14 00:00:00,0.0001005,0.000101,0.0001005,0.000101,20049.00,1784001599999,2.01992450,2,20049.00,2.01992450,0
2026-07-14 04:00:00,0.00010199,0.00010199,0.00010199,0.00010199,362339.00,1784015999999,36.95495461,1,362339.00,36.95495461,0
2026-07-14 08:00:00,0.000102,0.000103,0.000102,0.000103,19706.00,1784030399999,2.01981700,2,19706.00,2.01981700,0
2026-07-14 12:00:00,0.000104,0.00010999,0.000104,0.00010999,465379.00,1784044799999,51.01444759,8,465379.00,51.01444759,0
2026-07-14 16:00:00,0.00010999,0.00010999,9.91e-05,9.91e-05,226310.00,1784059199999,23.05846248,14,45442.00,4.99816558,0
2026-07-14 20:00:00,9.912e-05,9.912e-05,9.911e-05,9.912e-05,331061.00,1784073599999,32.81334136,8,0.00,0.00000000,0
2026-07-15 00:00:00,9.912e-05,9.912e-05,9.912e-05,9.912e-05,0.00,1784087999999,0.00000000,0,0.00,0.00000000,0
2026-07-15 04:00:00,9.912e-05,9.912e-05,9.912e-05,9.912e-05,0.00,1784102399999,0.00000000,0,0.00,0.00000000,0
2026-07-15 08:00:00,0.00010451,0.00010599,0.00010451,0.00010451,935540.00,1784116799999,98.39922075,5,470943.00,49.84418828,0
2026-07-15 12:00:00,0.00010599,0.0001065,9.91e-05,9.911e-05,515423.00,1784131199999,53.33955647,13,299123.00,31.70897838,0
2026-07-15 16:00:00,9.911e-05,9.912e-05,9.911e-05,9.912e-05,214459.00,1784145599999,21.25607608,4,0.00,0.00000000,0
2026-07-15 20:00:00,0.00010699,0.00010699,0.00010698,0.00010699,252536.00,1784159999999,27.01859404,3,252536.00,27.01859404,0
2026-07-16 00:00:00,0.00010699,0.00010699,9.911e-05,9.911e-05,347438.00,1784174399999,36.99798358,2,325305.00,34.80438195,0
2026-07-16 04:00:00,0.00010699,0.00010699,9.911e-05,9.912e-05,368921.00,1784188799999,38.10942899,3,196060.00,20.97645940,0
2026-07-16 08:00:00,9.911e-05,9.911e-05,9.911e-05,9.911e-05,33906.00,1784203199999,3.36042366,1,0.00,0.00000000,0
2026-07-16 12:00:00,9.912e-05,9.912e-05,9.912e-05,9.912e-05,253121.00,1784217599999,25.08935352,1,0.00,0.00000000,0
2026-07-16 16:00:00,0.00010375,0.00010375,9.911e-05,9.911e-05,75042.00,1784231999999,7.61608046,3,38506.00,3.99499750,0
2026-07-16 20:00:00,9.911e-05,9.911e-05,9.911e-05,9.911e-05,0.00,1784246399999,0.00000000,0,0.00,0.00000000,0
2026-07-17 00:00:00,9.911e-05,9.911e-05,9.911e-05,9.911e-05,850000.00,1784260799999,84.24350000,1,850000.00,84.24350000,0
2026-07-17 04:00:00,0.00010374,0.00010374,0.00010374,0.00010374,53282.00,1784275199999,5.52747468,1,53282.00,5.52747468,0
2026-07-17 08:00:00,0.00010374,0.00010374,9.911e-05,9.911e-05,214060.00,1784289599999,21.73909793,2,113091.00,11.73206034,0
2026-07-17 12:00:00,9.911e-05,9.911e-05,9.911e-05,9.911e-05,0.00,1784303999999,0.00000000,0,0.00,0.00000000,0
2026-07-17 16:00:00,0.00010374,0.00010374,0.00010374,0.00010374,19264.00,1784318399999,1.99844736,1,19264.00,1.99844736,0
2026-07-17 20:00:00,0.00010374,0.00010374,0.00010374,0.00010374,0.00,1784332799999,0.00000000,0,0.00,0.00000000,0
2026-07-18 00:00:00,0.00010374,0.00010374,0.00010374,0.00010374,0.00,1784347199999,0.00000000,0,0.00,0.00000000,0
2026-07-18 04:00:00,0.00010374,0.00010374,0.00010374,0.00010374,0.00,1784361599999,0.00000000,0,0.00,0.00000000,0
2026-07-18 08:00:00,0.00010374,0.00010374,0.00010374,0.00010374,477195.00,1784375999999,49.50420930,1,477195.00,49.50420930,0
2026-07-18 12:00:00,9.91e-05,9.91e-05,9.801e-05,9.801e-05,424957.00,1784390399999,41.74356795,5,0.00,0.00000000,0
2026-07-18 16:00:00,9.801e-05,9.801e-05,9.801e-05,9.801e-05,267612.00,1784404799999,26.22865212,1,0.00,0.00000000,0
2026-07-18 20:00:00,9.802e-05,9.802e-05,9.802e-05,9.802e-05,69507.00,1784419199999,6.81307614,2,0.00,0.00000000,0
2026-07-19 00:00:00,0.00010374,0.00010374,9.801e-05,0.00010373,141414.00,1784433599999,14.02495581,3,28824.00,2.99000991,0
2026-07-19 04:00:00,0.00010373,0.00010373,0.00010373,0.00010373,0.00,1784447999999,0.00000000,0,0.00,0.00000000,0
2026-07-19 08:00:00,0.00010373,0.00010373,0.00010373,0.00010373,0.00,1784462399999,0.00000000,0,0.00,0.00000000,0
2026-07-19 12:00:00,0.00010373,0.00010373,0.00010373,0.00010373,0.00,1784476799999,0.00000000,0,0.00,0.00000000,0
2026-07-19 16:00:00,0.00010099,0.00010099,0.00010099,0.00010099,197628.00,1784491199999,19.95845172,2,197628.00,19.95845172,0
2026-07-19 20:00:00,9.901e-05,0.00010099,9.901e-05,0.00010099,310452.00,1784505599999,31.03144692,3,148280.00,14.97479720,0
2026-07-20 00:00:00,0.00010099,0.00010099,0.00010099,0.00010099,49490.00,1784519999999,4.99799510,1,49490.00,4.99799510,0
2026-07-20 04:00:00,9.9e-05,9.9e-05,9.9e-05,9.9e-05,10202.00,1784534399999,1.00999800,1,0.00,0.00000000,0
2026-07-20 08:00:00,9.801e-05,9.802e-05,9.801e-05,9.802e-05,2257652.00,1784548799999,221.27266184,38,0.00,0.00000000,0
2026-07-20 12:00:00,0.00010099,0.00010099,9.801e-05,9.801e-05,725164.00,1784563199999,71.12925526,5,18769.00,1.89548131,0
2026-07-20 16:00:00,0.000101,0.00010499,9.801e-05,0.00010499,1362171.00,1784577599999,142.01097758,11,1227983.00,128.85874865,0
2026-07-20 20:00:00,9.801e-05,9.802e-05,9.801e-05,9.801e-05,610200.00,1784591999999,59.80814280,10,0.00,0.00000000,0
2026-07-21 00:00:00,9.8e-05,0.00010299,8.5e-05,0.00010101,585727.00,1784606399999,56.88423082,13,356692.00,36.14140155,0
2026-07-21 04:00:00,0.00010101,0.00010499,0.00010101,0.00010201,383319.00,1784620799999,39.19239940,5,38092.00,3.98957213,0
2026-07-21 08:00:00,0.00010201,0.00010499,0.00010201,0.00010499,273374.00,1784635199999,28.65127558,2,256508.00,26.93077492,0
2026-07-21 12:00:00,0.00010201,0.00010499,0.00010101,0.00010499,1184854.00,1784649599999,123.66870436,4,949758.00,99.71509242,0
2026-07-21 16:00:00,0.00010101,0.00010102,0.00010101,0.00010102,147944.00,1784663999999,14.94451856,2,0.00,0.00000000,0
2026-07-21 20:00:00,0.00010499,0.00010499,0.00010499,0.00010499,27659.00,1784678399999,2.90391841,1,27659.00,2.90391841,0
2026-07-22 00:00:00,0.00010499,0.00010499,0.00010499,0.00010499,206325.00,1784692799999,21.66206175,2,206325.00,21.66206175,0
2026-07-22 04:00:00,0.00010499,0.00010499,0.00010498,0.00010498,111429.00,1784707199999,11.69859556,2,111429.00,11.69859556,0
2026-07-22 08:00:00,0.00010498,0.00010498,0.00010498,0.00010498,0.00,1784721599999,0.00000000,0,0.00,0.00000000,0
2026-07-22 12:00:00,0.00010498,0.00010498,0.00010101,0.00010101,177772.00,1784735999999,18.14570584,4,47596.00,4.99662808,0
2026-07-22 16:00:00,0.00010101,0.00010101,0.00010101,0.00010101,0.00,1784750399999,0.00000000,0,0.00,0.00000000,0
2026-07-22 20:00:00,0.00010101,0.00010499,0.00010101,0.00010499,92933.00,1784764799999,9.46294949,2,92933.00,9.46294949,0
2026-07-23 00:00:00,0.00010499,0.00010499,0.00010499,0.00010499,0.00,1784779199999,0.00000000,0,0.00,0.00000000,0
2026-07-23 04:00:00,0.00010499,0.00010499,0.00010499,0.00010499,0.00,1784793599999,0.00000000,0,0.00,0.00000000,0
2026-07-23 08:00:00,0.00010499,0.00010499,0.00010499,0.00010499,0.00,1784807999999,0.00000000,0,0.00,0.00000000,0
2026-07-23 12:00:00,0.000101,0.00010499,0.00010001,0.00010001,222377.00,1784822399999,22.48685185,5,47596.00,4.99710404,0
2026-07-23 16:00:00,0.0001,0.0001,0.0001,0.0001,10100.00,1784836799999,1.01000000,1,0.00,0.00000000,0
2026-07-23 20:00:00,0.0001,0.0001,0.0001,0.0001,0.00,1784851199999,0.00000000,0,0.00,0.00000000,0
2026-07-24 00:00:00,9.901e-05,9.901e-05,9.901e-05,9.901e-05,50000.00,1784865599999,4.95050000,1,0.00,0.00000000,0
2026-07-24 04:00:00,9.901e-05,9.901e-05,9.901e-05,9.901e-05,0.00,1784879999999,0.00000000,0,0.00,0.00000000,0
2026-07-24 08:00:00,9.902e-05,9.902e-05,9.902e-05,9.902e-05,32068.00,1784894399999,3.17537336,1,0.00,0.00000000,0
2026-07-24 12:00:00,9.9e-05,9.9e-05,9.85e-05,9.85e-05,30708.00,1784908799999,3.02983900,3,0.00,0.00000000,0
2026-07-24 16:00:00,9.85e-05,9.85e-05,9.85e-05,9.85e-05,0.00,1784923199999,0.00000000,0,0.00,0.00000000,0
2026-07-24 20:00:00,0.00010199,0.00010199,0.00010199,0.00010199,98039.00,1784937599999,9.99899761,1,98039.00,9.99899761,0
2026-07-25 00:00:00,9.95e-05,0.00011,9.701e-05,9.701e-05,861281.00,1784951999999,88.84672083,12,445948.00,48.55526650,0
2026-07-25 04:00:00,9.701e-05,9.701e-05,9.701e-05,9.701e-05,50480.00,1784966399999,4.89706480,1,0.00,0.00000000,0
2026-07-25 08:00:00,9.701e-05,9.701e-05,9.701e-05,9.701e-05,151074.00,1784980799999,14.65568874,1,0.00,0.00000000,0
2026-07-25 12:00:00,9.701e-05,9.701e-05,9.701e-05,9.701e-05,0.00,1784995199999,0.00000000,0,0.00,0.00000000,0
2026-07-25 16:00:00,9.701e-05,9.701e-05,9.701e-05,9.701e-05,0.00,1785009599999,0.00000000,0,0.00,0.00000000,0
2026-07-25 20:00:00,9.701e-05,9.701e-05,9.701e-05,9.701e-05,0.00,1785023999999,0.00000000,0,0.00,0.00000000,0
2026-07-26 00:00:00,9.701e-05,9.701e-05,9.701e-05,9.701e-05,0.00,1785038399999,0.00000000,0,0.00,0.00000000,0
2026-07-26 04:00:00,9.701e-05,9.701e-05,9.701e-05,9.701e-05,0.00,1785052799999,0.00000000,0,0.00,0.00000000,0
2026-07-26 08:00:00,9.701e-05,9.701e-05,9.701e-05,9.701e-05,0.00,1785067199999,0.00000000,0,0.00,0.00000000,0
2026-07-26 12:00:00,9.701e-05,9.701e-05,9.701e-05,9.701e-05,0.00,1785081599999,0.00000000,0,0.00,0.00000000,0
2026-07-26 16:00:00,9.7e-05,9.7e-05,7.676e-05,7.777e-05,147085.00,1785095999999,12.57868041,12,0.00,0.00000000,0
2026-07-26 20:00:00,7.777e-05,7.777e-05,7.777e-05,7.777e-05,0.00,1785110399999,0.00000000,0,0.00,0.00000000,0
2026-07-27 00:00:00,7.777e-05,7.777e-05,7.777e-05,7.777e-05,0.00,1785124799999,0.00000000,0,0.00,0.00000000,0
2026-07-27 04:00:00,7.777e-05,7.777e-05,7.777e-05,7.777e-05,0.00,1785139199999,0.00000000,0,0.00,0.00000000,0
2026-07-27 08:00:00,7.777e-05,7.777e-05,7.777e-05,7.777e-05,0.00,1785153599999,0.00000000,0,0.00,0.00000000,0
2026-07-27 12:00:00,7.777e-05,7.777e-05,7.777e-05,7.777e-05,0.00,1785167999999,0.00000000,0,0.00,0.00000000,0
2026-07-27 16:00:00,7.777e-05,7.777e-05,7.777e-05,7.777e-05,0.00,1785182399999,0.00000000,0,0.00,0.00000000,0
2026-07-27 20:00:00,7.901e-05,7.901e-05,7.901e-05,7.901e-05,88922.00,1785196799999,7.02572722,1,0.00,0.00000000,0
2026-07-28 00:00:00,7.901e-05,7.901e-05,7.901e-05,7.901e-05,0.00,1785211199999,0.00000000,0,0.00,0.00000000,0
2026-07-28 04:00:00,7.901e-05,7.901e-05,7.901e-05,7.901e-05,0.00,1785225599999,0.00000000,0,0.00,0.00000000,0
2026-07-28 08:00:00,7.901e-05,7.901e-05,7.901e-05,7.901e-05,0.00,1785239999999,0.00000000,0,0.00,0.00000000,0
2026-07-28 12:00:00,7.901e-05,7.901e-05,7.901e-05,7.901e-05,0.00,1785254399999,0.00000000,0,0.00,0.00000000,0
2026-07-28 16:00:00,7.901e-05,7.901e-05,7.901e-05,7.901e-05,0.00,1785268799999,0.00000000,0,0.00,0.00000000,0
2026-07-28 20:00:00,7.901e-05,7.901e-05,7.901e-05,7.901e-05,0.00,1785283199999,0.00000000,0,0.00,0.00000000,0
2026-07-29 00:00:00,7.901e-05,7.901e-05,7.901e-05,7.901e-05,1146602.00,1785297599999,90.59302402,6,0.00,0.00000000,0
2026-07-29 04:00:00,7.901e-05,7.901e-05,7.901e-05,7.901e-05,0.00,1785311999999,0.00000000,0,0.00,0.00000000,0
2026-07-29 08:00:00,0.00010026,0.00010026,0.00010026,0.00010026,30750.00,1785326399999,3.08299500,1,0.00,0.00000000,0
2026-07-29 12:00:00,0.0001,0.0001,9.076e-05,9.077e-05,225742.00,1785340799999,20.58213000,4,0.00,0.00000000,0
2026-07-29 16:00:00,9.077e-05,9.077e-05,9.077e-05,9.077e-05,0.00,1785355199999,0.00000000,0,0.00,0.00000000,0
2026-07-29 20:00:00,0.0001,0.00010099,9.076e-05,9.076e-05,1004160.00,1785369599999,99.06207209,7,765463.00,77.30410837,0
2026-07-30 00:00:00,9.076e-05,9.076e-05,9.076e-05,9.076e-05,0.00,1785383999999,0.00000000,0,0.00,0.00000000,0
2026-07-30 04:00:00,9.076e-05,9.076e-05,9.076e-05,9.076e-05,0.00,1785398399999,0.00000000,0,0.00,0.00000000,0
2026-07-30 08:00:00,9.076e-05,9.076e-05,9.076e-05,9.076e-05,0.00,1785412799999,0.00000000,0,0.00,0.00000000,0
2026-07-30 12:00:00,9.076e-05,9.076e-05,9.076e-05,9.076e-05,0.00,1785427199999,0.00000000,0,0.00,0.00000000,0
2026-07-30 16:00:00,9.076e-05,9.076e-05,9.076e-05,9.076e-05,0.00,1785441599999,0.00000000,0,0.00,0.00000000,0
2026-07-30 20:00:00,9.1e-05,0.0001,9.1e-05,9.101e-05,140475.00,1785455999999,12.97000144,4,20731.00,2.07310000,0
2026-07-31 00:00:00,9.101e-05,9.101e-05,9.101e-05,9.101e-05,0.00,1785470399999,0.00000000,0,0.00,0.00000000,0
2026-07-31 04:00:00,9.101e-05,9.101e-05,9.101e-05,9.101e-05,0.00,1785484799999,0.00000000,0,0.00,0.00000000,0
2026-07-31 08:00:00,9.101e-05,9.101e-05,9.101e-05,9.101e-05,0.00,1785499199999,0.00000000,0,0.00,0.00000000,0
2026-07-31 12:00:00,9.601e-05,9.999e-05,9.601e-05,9.601e-05,1800197.00,1785513599999,176.17912693,6,839752.00,83.96680248,0
2026-07-31 16:00:00,9.601e-05,9.602e-05,9.601e-05,9.602e-05,471000.00,1785527999999,45.22312000,8,0.00,0.00000000,0
2026-07-31 20:00:00,9.998e-05,9.999e-05,9.6e-05,9.999e-05,763717.00,1785542399999,75.49722940,5,546448.00,54.63733792,0
2026-08-01 00:00:00,9.999e-05,9.999e-05,9.998e-05,9.999e-05,557247.00,1785556799999,55.71704814,5,557247.00,55.71704814,0
2026-08-01 04:00:00,9.997e-05,9.997e-05,9.997e-05,9.997e-05,959328.00,1785571199999,95.90402016,1,959328.00,95.90402016,0
2026-08-01 08:00:00,9.997e-05,9.997e-05,9.997e-05,9.997e-05,0.00,1785585599999,0.00000000,0,0.00,0.00000000,0
2026-08-01 12:00:00,9.996e-05,9.996e-05,9.501e-05,9.996e-05,179085.00,1785599999999,17.51985495,3,102018.00,10.19771928,0
2026-08-01 16:00:00,9.502e-05,9.996e-05,9.5e-05,9.995e-05,1103296.00,1785614399999,109.47273126,11,939427.00,93.90211152,0
2026-08-01 20:00:00,9.995e-05,9.995e-05,9.995e-05,9.995e-05,86502.00,1785628799999,8.64587490,1,86502.00,8.64587490,0
2026-08-02 00:00:00,9.995e-05,9.995e-05,9.995e-05,9.995e-05,94486.00,1785643199999,9.44387570,1,94486.00,9.44387570,0
2026-08-02 04:00:00,9.996e-05,0.00010049,9.401e-05,0.00010049,347635.00,1785657599999,34.15313119,4,229779.00,23.07311990,0
2026-08-02 08:00:00,0.00010048,0.00010048,0.00010048,0.00010048,20899.00,1785671999999,2.09993152,1,20899.00,2.09993152,0
2026-08-02 12:00:00,9.402e-05,0.00010048,9.401e-05,0.00010048,2981090.00,1785686399999,291.45970820,14,1730798.00,173.91058304,0
2026-08-02 16:00:00,0.00010047,0.00010047,9.401e-05,9.401e-05,2103129.00,1785700799999,208.93531604,23,1737069.00,174.52079524,0
2026-08-02 20:00:00,0.00010046,0.00010046,9.401e-05,9.401e-05,3353699.00,1785715199999,319.98667253,50,728063.00,73.14120898,0
2026-08-03 00:00:00,0.00010049,0.00010049,0.00010048,0.00010048,292571.00,1785729599999,29.39942169,2,292571.00,29.39942169,0
2026-08-03 04:00:00,0.00010047,0.00010047,9.401e-05,9.626e-05,220917.00,1785743999999,21.39762415,5,59918.00,6.01996146,0
2026-08-03 08:00:00,9.974e-05,9.974e-05,9.974e-05,9.974e-05,1039443.00,1785758399999,103.67404482,2,1039443.00,103.67404482,0
2026-08-03 12:00:00,9.626e-05,9.999e-05,9.626e-05,9.626e-05,1169834.00,1785772799999,114.72531858,4,568238.00,56.81568762,0
2026-08-03 16:00:00,0.0001,0.00010399,9.626e-05,0.00010399,340476227.00,1785787199999,34217.10325693,18,339517311.00,34124.78966565,0
2026-08-03 20:00:00,0.00010398,0.00010398,9.3e-05,9.3e-05,364605.00,1785801599999,36.87661408,11,278184.00,28.74318683,0
2026-08-04 00:00:00,0.00010199,0.00010199,0.00010199,0.00010199,979048.00,1785815999999,99.85310552,1,979048.00,99.85310552,0
2026-08-04 04:00:00,9.3e-05,9.3e-05,9.3e-05,9.3e-05,88996.00,1785830399999,8.27662800,3,0.00,0.00000000,0
2026-08-04 08:00:00,9.301e-05,9.301e-05,9.301e-05,9.301e-05,97032.00,1785844799999,9.02494632,1,0.00,0.00000000,0
2026-08-04 12:00:00,9.301e-05,9.302e-05,9.301e-05,9.302e-05,871912.00,1785859199999,81.10096424,10,0.00,0.00000000,0
2026-08-04 16:00:00,0.00010199,0.00010299,0.00010199,0.00010299,866524.00,1785873599999,88.94650536,10,866524.00,88.94650536,0
2026-08-04 20:00:00,0.00010299,0.00010299,0.00010299,0.00010299,0.00,1785887999999,0.00000000,0,0.00,0.00000000,0
2026-08-05 00:00:00,9.301e-05,9.301e-05,9.301e-05,9.301e-05,23008.00,1785902399999,2.13997408,1,0.00,0.00000000,0
2026-08-05 04:00:00,0.000101,0.00010199,0.000101,0.00010199,88235.00,1785916799999,8.98918765,2,88235.00,8.98918765,0
2026-08-05 08:00:00,0.00010199,0.00010199,9.901e-05,9.901e-05,230215.00,1785931199999,23.23158159,3,146978.00,14.99028622,0
2026-08-05 12:00:00,0.00010199,0.00010199,0.00010199,0.00010199,107639.00,1785945599999,10.97810161,1,107639.00,10.97810161,0
2026-08-05 16:00:00,0.00010199,0.00010199,9.901e-05,9.902e-05,515093.00,1785959999999,51.26403983,5,88140.00,8.98939860,0
2026-08-05 20:00:00,0.00010199,0.00010199,0.00010198,0.00010198,205377.00,1785974399999,20.94483513,2,205377.00,20.94483513,0
2026-08-06 00:00:00,0.00010198,0.00010199,9.901e-05,9.901e-05,809316.00,1785988799999,82.26998376,5,720024.00,73.42918284,0
2026-08-06 04:00:00,0.00010199,0.00010199,9.901e-05,0.00010199,1045345.00,1786003199999,105.57185916,15,694881.00,70.87091319,0
2026-08-06 08:00:00,9.901e-05,9.901e-05,9.901e-05,9.901e-05,129743.00,1786017599999,12.84585443,2,0.00,0.00000000,0
2026-08-06 12:00:00,0.000102,0.000102,0.000102,0.000102,979624.00,1786031999999,99.92164800,2,979624.00,99.92164800,0
2026-08-06 16:00:00,0.00010299,0.00010299,0.00010299,0.00010299,29055.00,1786046399999,2.99237445,1,29055.00,2.99237445,0
2026-08-06 20:00:00,0.00010299,0.00010299,9.902e-05,9.902e-05,2188949.00,1786060799999,225.03742655,2,2087581.00,214.99996719,0
2026-08-07 00:00:00,9.902e-05,9.902e-05,9.902e-05,9.902e-05,0.00,1786075199999,0.00000000,0,0.00,0.00000000,0
2026-08-07 04:00:00,0.0001015,0.00010199,0.0001015,0.00010199,19646.00,1786089599999,1.99881955,2,19646.00,1.99881955,0
2026-08-07 08:00:00,9.5e-05,0.00010299,9.3e-05,0.00010299,682169.00,1786103999999,65.88986465,8,242837.00,24.99997965,0
2026-08-07 12:00:00,9.3e-05,9.3e-05,9.3e-05,9.3e-05,242788.00,1786118399999,22.57928400,1,0.00,0.00000000,0
2026-08-07 16:00:00,9.301e-05,9.301e-05,9.301e-05,9.301e-05,50000.00,1786132799999,4.65050000,1,0.00,0.00000000,0
2026-08-07 20:00:00,9.301e-05,9.301e-05,9.301e-05,9.301e-05,0.00,1786147199999,0.00000000,0,0.00,0.00000000,0
2026-08-08 00:00:00,9.301e-05,9.302e-05,9.301e-05,9.301e-05,918778.00,1786161599999,85.45962320,11,0.00,0.00000000,0
2026-08-08 04:00:00,9.301e-05,9.301e-05,9.301e-05,9.301e-05,0.00,1786175999999,0.00000000,0,0.00,0.00000000,0
2026-08-08 08:00:00,0.00010199,0.00010199,0.00010199,0.00010199,97934.00,1786190399999,9.98828866,1,97934.00,9.98828866,0
2026-08-08 12:00:00,0.000102,0.000102,9.3e-05,9.3e-05,586933.00,1786204799999,59.15377200,4,507667.00,51.78203400,0
2026-08-08 16:00:00,9.3e-05,9.3e-05,9.3e-05,9.3e-05,0.00,1786219199999,0.00000000,0,0.00,0.00000000,0
2026-08-08 20:00:00,0.000102,0.00010299,0.000102,0.00010299,1248011.00,1786233599999,128.40963252,4,1248011.00,128.40963252,0
2026-08-09 00:00:00,9.3e-05,0.00010299,9.3e-05,0.00010101,907020.00,1786247999999,84.90783655,6,34624.00,3.56592576,0
2026-08-09 04:00:00,0.00010101,0.00010101,0.00010101,0.00010101,0.00,1786262399999,0.00000000,0,0.00,0.00000000,0
2026-08-09 08:00:00,0.0001,0.0001,9.9e-05,9.9e-05,19592.00,1786276799999,1.94970800,2,0.00,0.00000000,0
2026-08-09 12:00:00,9.9e-05,9.9e-05,9.9e-05,9.9e-05,0.00,1786291199999,0.00000000,0,0.00,0.00000000,0
2026-08-09 16:00:00,0.00010291,0.000105,0.00010291,0.000105,288429.00,1786305599999,29.72828553,4,288429.00,29.72828553,0
2026-08-09 20:00:00,0.00010599,0.00010599,9.901e-05,9.901e-05,83246.00,1786319999999,8.54221478,2,42984.00,4.55587416,0
2026-08-10 00:00:00,0.000105,0.00010599,0.000105,0.00010599,45471.00,1786334399999,4.80994848,2,45471.00,4.80994848,0
2026-08-10 04:00:00,0.00010598,0.00010598,0.00010201,0.00010598,131243.00,1786348799999,13.72122113,4,83910.00,8.89278180,0
2026-08-10 08:00:00,0.00010201,0.00010201,0.00010201,0.00010201,94878.00,1786363199999,9.67850478,1,0.00,0.00000000,0
2026-08-10 12:00:00,0.00010201,0.00010201,0.00010201,0.00010201,0.00,1786377599999,0.00000000,0,0.00,0.00000000,0
2026-08-10 16:00:00,0.000102,0.000102,0.00010101,0.00010101,85390.00,1786391999999,8.63504688,2,0.00,0.00000000,0
2026-08-10 20:00:00,0.00010598,0.00010598,0.00010598,0.00010598,942685.00,1786406399999,99.90575630,1,942685.00,99.90575630,0
2026-08-11 00:00:00,0.00010598,0.00010598,0.00010598,0.00010598,0.00,1786420799999,0.00000000,0,0.00,0.00000000,0
2026-08-11 04:00:00,0.00010598,0.00010598,9.328e-05,9.328e-05,452885.00,1786435199999,46.12890302,11,282885.00,29.98015230,0
2026-08-11 08:00:00,0.000101,0.00010199,9.328e-05,9.328e-05,95618.00,1786449599999,9.34446500,4,49068.00,4.99454532,0
2026-08-11 12:00:00,0.00010199,0.00010199,0.00010199,0.00010199,165097.00,1786463999999,16.83824303,1,165097.00,16.83824303,0
2026-08-11 16:00:00,9.329e-05,9.329e-05,9.329e-05,9.329e-05,60000.00,1786478399999,5.59740000,1,0.00,0.00000000,0
2026-08-11 20:00:00,0.00010199,0.00010199,0.00010199,0.00010199,1221244.00,1786492799999,124.55467556,3,1221244.00,124.55467556,0
2026-08-12 00:00:00,0.00010199,0.00010199,9.329e-05,9.329e-05,300565.00,1786507199999,29.38015265,5,154074.00,15.71400726,0
2026-08-12 04:00:00,9.329e-05,9.329e-05,9.329e-05,9.329e-05,0.00,1786521599999,0.00000000,0,0.00,0.00000000,0
2026-08-12 08:00:00,9.329e-05,9.329e-05,9.329e-05,9.329e-05,968032.00,1786535999999,90.30770528,1,0.00,0.00000000,0
2026-08-12 12:00:00,0.00010199,0.00010199,0.00010199,0.00010199,59547.00,1786550399999,6.07319853,1,59547.00,6.07319853,0
2026-08-12 16:00:00,0.00010199,0.00010199,0.00010199,0.00010199,0.00,1786564799999,0.00000000,0,0.00,0.00000000,0
2026-08-12 20:00:00,0.00010199,0.00010199,9.329e-05,9.329e-05,421269.00,1786579199999,42.61787781,4,381344.00,38.89327456,0
2026-08-13 00:00:00,9.329e-05,9.329e-05,9.329e-05,9.329e-05,0.00,1786593599999,0.00000000,0,0.00,0.00000000,0
2026-08-13 04:00:00,9.329e-05,9.329e-05,9.329e-05,9.329e-05,0.00,1786607999999,0.00000000,0,0.00,0.00000000,0
2026-08-13 08:00:00,9.999e-05,9.999e-05,9.999e-05,9.999e-05,33144.00,1786622399999,3.31406856,1,33144.00,3.31406856,0
2026-08-13 12:00:00,9.751e-05,9.751e-05,9.751e-05,9.751e-05,31443.00,1786636799999,3.06600693,1,0.00,0.00000000,0
2026-08-13 16:00:00,9.75e-05,9.999e-05,9.75e-05,9.999e-05,871984.00,1786651199999,87.16388625,2,861625.00,86.15388375,0
2026-08-13 20:00:00,9.999e-05,9.999e-05,9.999e-05,9.999e-05,0.00,1786665599999,0.00000000,0,0.00,0.00000000,0
2026-08-14 00:00:00,9.999e-05,9.999e-05,9.999e-05,9.999e-05,0.00,1786679999999,0.00000000,0,0.00,0.00000000,0
2026-08-14 04:00:00,9.999e-05,9.999e-05,9.701e-05,9.701e-05,38943.00,1786694399999,3.83742467,2,19988.00,1.99860012,0
2026-08-14 08:00:00,9.701e-05,9.701e-05,9.701e-05,9.701e-05,0.00,1786708799999,0.00000000,0,0.00,0.00000000,0
2026-08-14 12:00:00,9.7e-05,9.7e-05,9.501e-05,9.502e-05,125674.00,1786723199999,11.98717937,5,0.00,0.00000000,0
2026-08-14 16:00:00,9.502e-05,9.502e-05,9.502e-05,9.502e-05,0.00,1786737599999,0.00000000,0,0.00,0.00000000,0
2026-08-14 20:00:00,9.999e-05,9.999e-05,9.999e-05,9.999e-05,99980.00,1786751999999,9.99700020,1,99980.00,9.99700020,0
2026-08-15 00:00:00,9.502e-05,9.502e-05,9.4e-05,9.4e-05,47503.00,1786766399999,4.50396706,3,0.00,0.00000000,0
2026-08-15 04:00:00,9.4e-05,9.4e-05,9.4e-05,9.4e-05,0.00,1786780799999,0.00000000,0,0.00,0.00000000,0
2026-08-15 08:00:00,9.4e-05,9.4e-05,9.4e-05,9.4e-05,0.00,1786795199999,0.00000000,0,0.00,0.00000000,0
2026-08-15 12:00:00,9.4e-05,9.4e-05,9.4e-05,9.4e-05,0.00,1786809599999,0.00000000,0,0.00,0.00000000,0
2026-08-15 16:00:00,9.4e-05,9.4e-05,9.4e-05,9.4e-05,0.00,1786823999999,0.00000000,0,0.00,0.00000000,0
2026-08-15 20:00:00,9.999e-05,9.999e-05,9.999e-05,9.999e-05,59970.00,1786838399999,5.99640030,1,59970.00,5.99640030,0
2026-08-16 00:00:00,9.999e-05,9.999e-05,9.401e-05,9.998e-05,557968.00,1786852799999,54.66833570,7,370367.00,37.03129673,0
2026-08-16 04:00:00,9.998e-05,9.998e-05,9.998e-05,9.998e-05,0.00,1786867199999,0.00000000,0,0.00,0.00000000,0
2026-08-16 08:00:00,9.998e-05,9.998e-05,9.998e-05,9.998e-05,0.00,1786881599999,0.00000000,0,0.00,0.00000000,0
2026-08-16 12:00:00,9.998e-05,9.998e-05,9.998e-05,9.998e-05,0.00,1786895999999,0.00000000,0,0.00,0.00000000,0
2026-08-16 16:00:00,9.999e-05,9.999e-05,9.999e-05,9.999e-05,47755.00,1786910399999,4.77502245,1,47755.00,4.77502245,0
2026-08-16 20:00:00,9.4e-05,9.999e-05,9.3e-05,9.4e-05,67517505.00,1786924799999,6280.59664668,14,200020.00,19.99999980,0
2026-08-17 00:00:00,9.401e-05,9.449e-05,9.401e-05,9.449e-05,167654.00,1786939199999,15.83646934,3,167654.00,15.83646934,0
2026-08-17 04:00:00,9.45e-05,0.0001,9.45e-05,0.0001,211779.00,1786953599999,20.67228894,9,211779.00,20.67228894,0
2026-08-17 08:00:00,0.000101,0.00010299,9.501e-05,0.00010099,331978.00,1786967999999,33.11563679,5,250650.00,25.38866351,0
2026-08-17 12:00:00,0.00010099,0.00010099,0.00010099,0.00010099,359832.00,1786982399999,36.33943368,1,359832.00,36.33943368,0
2026-08-17 16:00:00,9.5e-05,0.00010098,9.3e-05,0.00010098,106189.00,1786996799999,10.42891940,4,65330.00,6.59702340,0
2026-08-17 20:00:00,9.302e-05,9.302e-05,9.302e-05,9.302e-05,679577.00,1787011199999,63.21425254,1,0.00,0.00000000,0
2026-08-18 00:00:00,9.599e-05,9.599e-05,9.4e-05,9.599e-05,902645.00,1787025599999,86.58441590,6,872155.00,83.71815845,0
2026-08-18 04:00:00,9.599e-05,9.599e-05,9.599e-05,9.599e-05,0.00,1787039999999,0.00000000,0,0.00,0.00000000,0
2026-08-18 08:00:00,9.599e-05,9.599e-05,9.599e-05,9.599e-05,0.00,1787054399999,0.00000000,0,0.00,0.00000000,0
2026-08-18 12:00:00,9.5e-05,9.599e-05,9.5e-05,9.599e-05,240195.00,1787068799999,23.04579237,2,240195.00,23.04579237,0
2026-08-18 16:00:00,9.6e-05,9.799e-05,9.301e-05,9.301e-05,279130.00,1787083199999,26.86354927,4,185262.00,18.13288659,0
2026-08-18 20:00:00,9.301e-05,9.301e-05,9.301e-05,9.301e-05,0.00,1787097599999,0.00000000,0,0.00,0.00000000,0
2026-08-19 00:00:00,9.4e-05,9.4e-05,9.3e-05,9.3e-05,626354.00,1787111999999,58.26166700,6,0.00,0.00000000,0
2026-08-19 04:00:00,9.3e-05,9.3e-05,9.3e-05,9.3e-05,0.00,1787126399999,0.00000000,0,0.00,0.00000000,0
2026-08-19 08:00:00,9.4e-05,9.4e-05,9.4e-05,9.4e-05,10745.00,1787140799999,1.01003000,1,0.00,0.00000000,0
2026-08-19 12:00:00,9.301e-05,9.9e-05,9.301e-05,9.899e-05,551414.00,1787155199999,51.60060693,10,70064.00,6.83024343,0
2026-08-19 16:00:00,9.301e-05,0.00010099,9.301e-05,0.00010099,158438.00,1787169599999,15.51120722,5,98903.00,9.97385687,0
2026-08-19 20:00:00,0.000101,0.000102,9.3e-05,9.3e-05,54083635.00,1787183999999,5515.83068474,15,54008635.00,5508.85568474,0
2026-08-20 00:00:00,0.000102,0.000102,9.7e-05,9.7e-05,144102.00,1787198399999,14.58851900,6,117983.00,12.02426600,0
2026-08-20 04:00:00,9.7e-05,9.7e-05,9.7e-05,9.7e-05,0.00,1787212799999,0.00000000,0,0.00,0.00000000,0
2026-08-20 08:00:00,0.000102,0.000109,9.4e-05,0.000109,14387018.00,1787227199999,1469.63703217,17,14231743.00,1453.45084917,0
2026-08-20 12:00:00,0.000109,0.000109,0.000109,0.000109,0.00,1787241599999,0.00000000,0,0.00,0.00000000,0
2026-08-20 16:00:00,9.4e-05,9.4e-05,9.301e-05,9.301e-05,27077.00,1787255999999,2.52844265,2,0.00,0.00000000,0
2026-08-20 20:00:00,9.301e-05,9.301e-05,9.301e-05,9.301e-05,0.00,1787270399999,0.00000000,0,0.00,0.00000000,0
2026-08-21 00:00:00,0.00011999,0.00011999,9.4e-05,9.4e-05,111450.00,1787284799999,11.54032183,4,61246.00,6.82114583,0
2026-08-21 04:00:00,0.00012,0.00012999,0.00012,0.00012999,1945764.00,1787299199999,252.06840468,2,1945764.00,252.06840468,0
2026-08-21 08:00:00,0.00012999,0.00012999,0.00012999,0.00012999,0.00,1787313599999,0.00000000,0,0.00,0.00000000,0
2026-08-21 12:00:00,0.00012999,0.00012999,0.00012999,0.00012999,0.00,1787327999999,0.00000000,0,0.00,0.00000000,0
2026-08-21 16:00:00,0.00012999,0.00012999,0.00012998,0.00012998,1378550.00,1787342399999,179.19587216,4,1378550.00,179.19587216,0
2026-08-21 20:00:00,0.00012999,0.00012999,0.00012999,0.00012999,86959.00,1787356799999,11.30380041,3,86959.00,11.30380041,0
2026-08-22 00:00:00,0.00013,0.00013089,0.00013,0.00013089,60966.00,1787371199999,7.97292533,2,60966.00,7.97292533,0
2026-08-22 04:00:00,0.00013,0.00013,0.00012,0.00012,23233.00,1787385599999,2.94290267,3,7733.00,1.00521267,0
2026-08-22 08:00:00,0.00012,0.00012,9.4e-05,0.00011,107433.00,1787399999999,10.62610600,10,9182.00,1.01002000,0
2026-08-22 12:00:00,0.00011,0.00011,0.00011,0.00011,0.00,1787414399999,0.00000000,0,0.00,0.00000000,0
2026-08-22 16:00:00,0.00010001,0.00010001,0.00010001,0.00010001,17132.00,1787428799999,1.71337132,1,0.00,0.00000000,0
2026-08-22 20:00:00,0.00010001,0.00010001,0.00010001,0.00010001,0.00,1787443199999,0.00000000,0,0.00,0.00000000,0
2026-08-23 00:00:00,0.00011999,0.00011999,0.00011999,0.00011999,320350.00,1787457599999,38.43879650,1,320350.00,38.43879650,0
2026-08-23 04:00:00,0.00010001,0.00010001,0.00010001,0.00010001,42613.00,1787471999999,4.26172613,1,0.00,0.00000000,0
2026-08-23 08:00:00,0.00010001,0.00010001,0.00010001,0.00010001,0.00,1787486399999,0.00000000,0,0.00,0.00000000,0
2026-08-23 12:00:00,0.0001,0.0001,9.401e-05,9.401e-05,244058.00,1787500799999,23.06698593,5,0.00,0.00000000,0
2026-08-23 16:00:00,0.00011999,0.00011999,0.00011999,0.00011999,320350.00,1787515199999,38.43879650,1,320350.00,38.43879650,0
2026-08-23 20:00:00,0.00011999,0.00011999,0.00011999,0.00011999,0.00,1787529599999,0.00000000,0,0.00,0.00000000,0
2026-08-24 00:00:00,0.00011999,0.00011999,0.00011999,0.00011999,116366.00,1787543999999,13.96275634,1,116366.00,13.96275634,0
2026-08-24 04:00:00,0.00011999,0.00011999,0.00011999,0.00011999,0.00,1787558399999,0.00000000,0,0.00,0.00000000,0
2026-08-24 08:00:00,0.00011999,0.00011999,0.00011999,0.00011999,831532.00,1787572799999,99.77552468,1,831532.00,99.77552468,0
2026-08-24 12:00:00,0.00010501,0.00010501,0.00010501,0.00010501,640571.00,1787587199999,67.26636071,1,0.00,0.00000000,0
2026-08-24 16:00:00,0.00010501,0.00010501,0.00010501,0.00010501,0.00,1787601599999,0.00000000,0,0.00,0.00000000,0
2026-08-24 20:00:00,0.00010501,0.00010501,0.00010501,0.00010501,0.00,1787615999999,0.00000000,0,0.00,0.00000000,0
2026-08-25 00:00:00,0.00010501,0.00010501,0.00010501,0.00010501,0.00,1787630399999,0.00000000,0,0.00,0.00000000,0
2026-08-25 04:00:00,0.00010501,0.00010501,0.00010501,0.00010501,0.00,1787644799999,0.00000000,0,0.00,0.00000000,0
2026-08-25 08:00:00,0.00010501,0.00010501,0.00010501,0.00010501,0.00,1787659199999,0.00000000,0,0.00,0.00000000,0
2026-08-25 12:00:00,0.000116,0.00011749,0.00011401,0.00011749,182042.00,1787673599999,21.24081803,6,132289.00,15.54245640,0
2026-08-25 16:00:00,0.00011748,0.00011748,9.31e-05,9.31e-05,255580.00,1787687999999,27.44947532,12,84244.00,9.89698512,0
2026-08-25 20:00:00,9.313e-05,9.313e-05,9.313e-05,9.313e-05,21630.00,1787702399999,2.01440190,1,0.00,0.00000000,0
2026-08-26 00:00:00,9.313e-05,9.313e-05,9.313e-05,9.313e-05,0.00,1787716799999,0.00000000,0,0.00,0.00000000,0
2026-08-26 04:00:00,9.313e-05,9.313e-05,9.313e-05,9.313e-05,0.00,1787731199999,0.00000000,0,0.00,0.00000000,0
2026-08-26 08:00:00,0.000117,0.000117,0.000117,0.000117,23047.00,1787745599999,2.69649900,2,23047.00,2.69649900,0
2026-08-26 12:00:00,0.000113,0.000113,0.000113,0.000113,8938.00,1787759999999,1.00999400,1,0.00,0.00000000,0
2026-08-26 16:00:00,0.00011201,0.00011699,0.00011201,0.00011699,115084.00,1787774399999,13.18924430,5,59977.00,7.01670923,0
2026-08-26 20:00:00,0.00011699,0.00011699,0.00011699,0.00011699,0.00,1787788799999,0.00000000,0,0.00,0.00000000,0
2026-08-27 00:00:00,0.00011699,0.00011699,0.00011699,0.00011699,0.00,1787803199999,0.00000000,0,0.00,0.00000000,0
2026-08-27 04:00:00,0.00011748,0.00011749,0.00011748,0.00011749,433158.00,1787817599999,50.89008217,2,433158.00,50.89008217,0
2026-08-27 08:00:00,0.00011749,0.00011749,9.7e-05,9.7e-05,124899.00,1787831999999,13.84585554,7,67946.00,7.98297554,0
2026-08-27 12:00:00,9.7e-05,9.7e-05,9.7e-05,9.7e-05,0.00,1787846399999,0.00000000,0,0.00,0.00000000,0
2026-08-27 16:00:00,9.7e-05,9.7e-05,9.7e-05,9.7e-05,0.00,1787860799999,0.00000000,0,0.00,0.00000000,0
2026-08-27 20:00:00,9.7e-05,9.7e-05,9.7e-05,9.7e-05,0.00,1787875199999,0.00000000,0,0.00,0.00000000,0
2026-08-28 00:00:00,9.7e-05,9.7e-05,9.7e-05,9.7e-05,0.00,1787889599999,0.00000000,0,0.00,0.00000000,0
2026-08-28 04:00:00,9.7e-05,9.7e-05,9.7e-05,9.7e-05,0.00,1787903999999,0.00000000,0,0.00,0.00000000,0
2026-08-28 08:00:00,9.7e-05,9.7e-05,9.7e-05,9.7e-05,0.00,1787918399999,0.00000000,0,0.00,0.00000000,0
2026-08-28 12:00:00,9.7e-05,9.7e-05,9.7e-05,9.7e-05,0.00,1787932799999,0.00000000,0,0.00,0.00000000,0
2026-08-28 16:00:00,0.000116,0.000116,0.000113,0.000113,35288.00,1787947199999,4.04009100,4,0.00,0.00000000,0
2026-08-28 20:00:00,0.00011201,0.00011899,0.00011201,0.00011201,400156.00,1787961599999,44.99711828,3,25164.00,2.99426436,0
2026-08-29 00:00:00,0.00011201,0.00011201,0.00011201,0.00011201,0.00,1787975999999,0.00000000,0,0.00,0.00000000,0
2026-08-29 04:00:00,0.00011201,0.00011201,0.00011201,0.00011201,0.00,1787990399999,0.00000000,0,0.00,0.00000000,0
2026-08-29 08:00:00,0.000113,0.000113,0.00011101,0.00011101,25326.00,1788004799999,2.83815370,3,0.00,0.00000000,0
2026-08-29 12:00:00,0.00011101,0.00011101,0.00011101,0.00011101,0.00,1788019199999,0.00000000,0,0.00,0.00000000,0
2026-08-29 16:00:00,0.00011101,0.00011101,0.00011101,0.00011101,0.00,1788033599999,0.00000000,0,0.00,0.00000000,0
2026-08-29 20:00:00,0.00011101,0.00011101,0.00011101,0.00011101,0.00,1788047999999,0.00000000,0,0.00,0.00000000,0
2026-08-30 00:00:00,0.000111,0.00011399,0.00010901,0.00010901,72464.00,1788062399999,7.99537831,5,8417.00,0.95945383,0
2026-08-30 04:00:00,0.00010901,0.00010901,0.00010901,0.00010901,0.00,1788076799999,0.00000000,0,0.00,0.00000000,0
2026-08-30 08:00:00,0.00010901,0.00010901,0.00010901,0.00010901,0.00,1788091199999,0.00000000,0,0.00,0.00000000,0
2026-08-30 12:00:00,0.00010901,0.00010901,0.00010901,0.00010901,0.00,1788105599999,0.00000000,0,0.00,0.00000000,0
2026-08-30 16:00:00,0.00010901,0.00010901,0.00010901,0.00010901,0.00,1788119999999,0.00000000,0,0.00,0.00000000,0
2026-08-30 20:00:00,0.000109,0.000109,0.000105,0.000105,47204.00,1788134399999,5.04994600,5,0.00,0.00000000,0
2026-08-31 00:00:00,0.00010401,0.00010401,0.00010401,0.00010401,44043.00,1788148560000,4.58091243,1,0.00,0.00000000,0
2026-08-31 12:00:00,0.00010844,0.00010844,0.00010844,0.00010844,18443.00,1788191999999,1.99995892,1,18443.00,1.99995892,0
2026-08-31 16:00:00,0.00010844,0.00010844,0.00010844,0.00010844,0.00,1788206399999,0.00000000,0,0.00,0.00000000,0
2026-08-31 20:00:00,0.00010844,0.00015999,0.00010844,0.00015999,1104232.00,1788220799999,159.00927478,3,761714.00,121.86662286,0
2026-09-01 00:00:00,0.00011,0.00011,0.00010501,0.00010501,84550.00,1788235199999,9.15325009,3,0.00,0.00000000,0
2026-09-01 04:00:00,0.000105,0.000105,0.00010001,0.00010001,64526.00,1788249599999,6.59385135,5,0.00,0.00000000,0
2026-09-01 08:00:00,0.00013,0.00015555,0.00013,0.00015555,45860.00,1788263999999,5.96182555,2,45860.00,5.96182555,0
2026-09-01 12:00:00,0.00015553,0.00015553,0.000105,0.00014999,247429.00,1788278399999,32.94760201,3,152191.00,22.94761201,0
2026-09-01 16:00:00,0.00014994,0.00014994,0.00014994,0.00014994,153037.00,1788292799999,22.94636778,1,153037.00,22.94636778,0
2026-09-01 20:00:00,0.00014993,0.00014993,0.00014993,0.00014993,19919.00,1788307199999,2.98645567,1,19919.00,2.98645567,0
2026-09-02 00:00:00,0.00010402,0.00010499,0.00010102,0.00010499,155275.00,1788321599999,15.96876015,4,47645.00,5.00224855,0
2026-09-02 04:00:00,0.00010499,0.00010499,0.00010499,0.00010499,0.00,1788335999999,0.00000000,0,0.00,0.00000000,0
2026-09-02 08:00:00,0.00010102,0.00010102,0.00010102,0.00010102,29896.00,1788350399999,3.02009392,1,0.00,0.00000000,0
2026-09-02 12:00:00,0.00010105,0.00010105,0.00010105,0.00010105,61021.00,1788364799999,6.16617205,1,0.00,0.00000000,0
2026-09-02 16:00:00,0.00010105,0.00010105,0.00010105,0.00010105,0.00,1788379199999,0.00000000,0,0.00,0.00000000,0
2026-09-02 20:00:00,0.00010105,0.00010105,0.00010105,0.00010105,0.00,1788393599999,0.00000000,0,0.00,0.00000000,0
2026-09-03 00:00:00,0.00010105,0.00010105,0.00010105,0.00010105,0.00,1788407999999,0.00000000,0,0.00,0.00000000,0
2026-09-03 04:00:00,0.00010105,0.00010105,0.00010105,0.00010105,0.00,1788422399999,0.00000000,0,0.00,0.00000000,0
2026-09-03 08:00:00,0.00010105,0.00010105,0.00010105,0.00010105,0.00,1788436799999,0.00000000,0,0.00,0.00000000,0
2026-09-03 12:00:00,0.000105,0.000105,0.000105,0.000105,9619.00,1788451199999,1.00999500,1,9619.00,1.00999500,0
2026-09-03 16:00:00,0.00010999,0.00010999,0.00010999,0.00010999,8664529.00,1788465599999,953.01154471,2,8664529.00,953.01154471,0
2026-09-03 20:00:00,0.000102,0.000102,0.000102,0.000102,903468.00,1788479999999,92.15373600,4,0.00,0.00000000,0
2026-09-04 00:00:00,0.000102,0.000102,0.000102,0.000102,0.00,1788494399999,0.00000000,0,0.00,0.00000000,0
2026-09-04 04:00:00,0.000102,0.000102,0.000102,0.000102,0.00,1788508799999,0.00000000,0,0.00,0.00000000,0
2026-09-04 08:00:00,0.000107,0.000107,0.000102,0.000102,980291.00,1788523199999,100.13307600,6,0.00,0.00000000,0
2026-09-04 12:00:00,0.00010251,0.00010251,0.00010251,0.00010251,26268.00,1788537599999,2.69273268,1,0.00,0.00000000,0
2026-09-04 16:00:00,0.00010251,0.00010251,0.00010251,0.00010251,0.00,1788551999999,0.00000000,0,0.00,0.00000000,0
2026-09-04 20:00:00,0.00010251,0.00010999,0.00010251,0.00010999,257845.00,1788566399999,27.99094570,3,234803.00,25.62891028,0
2026-09-05 00:00:00,0.00010999,0.00010999,0.00010999,0.00010999,0.00,1788580799999,0.00000000,0,0.00,0.00000000,0
2026-09-05 04:00:00,0.00010999,0.00010999,0.00010999,0.00010999,0.00,1788595199999,0.00000000,0,0.00,0.00000000,0
2026-09-05 08:00:00,0.00010999,0.00010999,0.00010999,0.00010999,0.00,1788609599999,0.00000000,0,0.00,0.00000000,0
2026-09-05 12:00:00,0.00010999,0.00010999,0.00010999,0.00010999,0.00,1788623999999,0.00000000,0,0.00,0.00000000,0
2026-09-05 16:00:00,0.00010999,0.00010999,0.00010999,0.00010999,0.00,1788638399999,0.00000000,0,0.00,0.00000000,0
2026-09-05 20:00:00,0.00010999,0.00010999,0.00010999,0.00010999,0.00,1788652799999,0.00000000,0,0.00,0.00000000,0
2026-09-06 00:00:00,0.00010999,0.00010999,0.00010999,0.00010999,0.00,1788667199999,0.00000000,0,0.00,0.00000000,0
2026-09-06 04:00:00,0.00010999,0.00010999,0.00010999,0.00010999,0.00,1788681599999,0.00000000,0,0.00,0.00000000,0
2026-09-06 08:00:00,0.00010999,0.00010999,0.00010999,0.00010999,0.00,1788695999999,0.00000000,0,0.00,0.00000000,0
2026-09-06 12:00:00,0.00010999,0.00010999,0.00010999,0.00010999,0.00,1788710399999,0.00000000,0,0.00,0.00000000,0
2026-09-06 16:00:00,0.00010999,0.00010999,0.00010999,0.00010999,0.00,1788724799999,0.00000000,0,0.00,0.00000000,0
2026-09-06 20:00:00,0.00010999,0.00010999,0.00010999,0.00010999,0.00,1788739199999,0.00000000,0,0.00,0.00000000,0
2026-09-07 00:00:00,0.00010251,0.00010251,0.00010251,0.00010251,55986.00,1788753599999,5.73912486,2,0.00,0.00000000,0
2026-09-07 04:00:00,0.000112,0.0001125,0.00011013,0.00011013,133486.00,1788767999999,14.89649659,4,133486.00,14.89649659,0
2026-09-07 08:00:00,0.00011999,0.00011999,0.00011999,0.00011999,833469.00,1788782399999,100.00794531,1,833469.00,100.00794531,0
2026-09-07 12:00:00,0.00011799,0.00011799,0.00011487,0.00011487,242262.00,1788796799999,27.91421222,3,242262.00,27.91421222,0
2026-09-07 16:00:00,0.00011487,0.00011487,0.00011487,0.00011487,0.00,1788811199999,0.00000000,0,0.00,0.00000000,0
2026-09-07 20:00:00,0.00011487,0.00011487,0.00011487,0.00011487,0.00,1788825599999,0.00000000,0,0.00,0.00000000,0
2026-09-08 00:00:00,0.0001025,0.0001025,0.00010101,0.00010101,40387.00,1788839999999,4.09417333,2,0.00,0.00000000,0
2026-09-08 04:00:00,0.00010106,0.00010106,0.00010105,0.00010105,262213.00,1788854399999,26.49897121,2,0.00,0.00000000,0
2026-09-08 08:00:00,0.00010105,0.00010105,0.00010105,0.00010105,0.00,1788868799999,0.00000000,0,0.00,0.00000000,0
2026-09-08 12:00:00,0.00010105,0.00010105,0.00010105,0.00010105,0.00,1788883199999,0.00000000,0,0.00,0.00000000,0
2026-09-08 16:00:00,0.00010105,0.00010105,0.00010105,0.00010105,0.00,1788897599999,0.00000000,0,0.00,0.00000000,0
2026-09-08 20:00:00,0.00010105,0.00010105,0.00010105,0.00010105,0.00,1788911999999,0.00000000,0,0.00,0.00000000,0
2026-09-09 00:00:00,0.00010105,0.00010105,0.00010105,0.00010105,0.00,1788926399999,0.00000000,0,0.00,0.00000000,0
2026-09-09 04:00:00,0.00010105,0.00010105,0.00010105,0.00010105,0.00,1788940799999,0.00000000,0,0.00,0.00000000,0
2026-09-09 08:00:00,0.00010105,0.00010105,0.00010105,0.00010105,0.00,1788955199999,0.00000000,0,0.00,0.00000000,0
2026-09-09 12:00:00,0.00010106,0.00010106,0.00010106,0.00010106,49724.00,1788969599999,5.02510744,1,0.00,0.00000000,0
2026-09-09 16:00:00,0.00010106,0.00010106,0.00010106,0.00010106,0.00,1788983999999,0.00000000,0,0.00,0.00000000,0
2026-09-09 20:00:00,0.00010106,0.00010106,0.00010106,0.00010106,0.00,1788998399999,0.00000000,0,0.00,0.00000000,0
2026-09-10 00:00:00,0.00010107,0.00010515,0.00010107,0.00010515,993780.00,1789012799999,104.31266892,2,948854.00,99.77199810,0
2026-09-10 04:00:00,0.00010515,0.00010515,0.00010515,0.00010515,0.00,1789027199999,0.00000000,0,0.00,0.00000000,0
2026-09-10 08:00:00,0.00010515,0.00010515,0.00010515,0.00010515,0.00,1789041599999,0.00000000,0,0.00,0.00000000,0
2026-09-10 12:00:00,0.00010279,0.00010279,0.00010012,0.00010012,8004216.00,1789055999999,809.05326477,7,145682.00,14.97465278,0
2026-09-10 16:00:00,0.00010012,0.00010012,0.00010012,0.00010012,0.00,1789070399999,0.00000000,0,0.00,0.00000000,0
2026-09-10 20:00:00,8.706e-05,8.707e-05,8.706e-05,8.706e-05,921102.00,1789084799999,80.19184012,13,0.00,0.00000000,0
2026-09-11 00:00:00,9.002e-05,9.002e-05,9.002e-05,9.002e-05,25113.00,1789099199999,2.26067226,1,0.00,0.00000000,0
2026-09-11 04:00:00,9.002e-05,9.002e-05,9.002e-05,9.002e-05,0.00,1789113599999,0.00000000,0,0.00,0.00000000,0
2026-09-11 08:00:00,9.002e-05,9.002e-05,9.002e-05,9.002e-05,49643.00,1789127999999,4.46886286,1,0.00,0.00000000,0
2026-09-11 12:00:00,9.002e-05,9.002e-05,9.002e-05,9.002e-05,0.00,1789142399999,0.00000000,0,0.00,0.00000000,0
