ts,open,high,low,close,volume,close_time,quote_asset_volume,num_trades,taker_buy_base,taker_buy_quote,ignore
2024-09-11 20:00:00,337.0,337.6,335.2,337.4,0.89900000,1726099199999,303.08150000,7,0.22900000,77.26270000,0
2024-09-12 00:00:00,337.8,343.7,332.7,343.7,4.46000000,1726113599999,1508.44070000,111,2.58600000,875.47210000,0
2024-09-12 04:00:00,339.1,343.7,334.9,334.9,4.25600000,1726127999999,1439.05040000,11,2.04000000,689.90530000,0
2024-09-12 08:00:00,336.6,336.6,333.7,333.7,4.87300000,1726142399999,1628.74170000,8,0.79100000,265.54590000,0
2024-09-12 12:00:00,334.0,334.0,330.7,330.7,1.65000000,1726156799999,550.01550000,5,0.00000000,0.00000000,0
2024-09-12 16:00:00,327.4,333.6,323.3,332.8,3.90000000,1726171199999,1289.43070000,14,2.16700000,721.56900000,0
2024-09-12 20:00:00,331.8,335.1,331.5,335.1,1.27100000,1726185599999,423.29370000,4,1.27100000,423.29370000,0
2024-09-13 00:00:00,330.5,333.0,325.9,330.3,8.26000000,1726199999999,2734.46030000,33,7.54700000,2498.26900000,0
2024-09-13 04:00:00,328.5,328.5,328.5,328.5,0.97400000,1726214399999,319.95900000,1,0.00000000,0.00000000,0
2024-09-13 08:00:00,328.5,331.0,328.5,331.0,1.17000000,1726228799999,385.13700000,4,1.05200000,346.27960000,0
2024-09-13 12:00:00,330.6,336.5,324.0,336.2,99.18800000,1726243199999,32813.53710000,15,97.64400000,32302.42630000,0
2024-09-13 16:00:00,336.8,337.4,331.6,331.6,24.62700000,1726257599999,8224.90660000,37,22.75000000,7596.63490000,0
2024-09-13 20:00:00,331.9,336.2,331.9,335.3,4.15000000,1726271999999,1384.84100000,7,3.58400000,1196.98560000,0
2024-09-14 00:00:00,332.3,337.6,331.7,335.3,3.40500000,1726286399999,1138.29780000,56,1.60600000,540.76190000,0
2024-09-14 04:00:00,331.5,331.5,331.0,331.0,0.20500000,1726300799999,67.92700000,3,0.00000000,0.00000000,0
2024-09-14 08:00:00,327.0,336.4,326.9,331.4,1.56600000,1726315199999,514.36070000,5,0.00800000,2.69120000,0
2024-09-14 12:00:00,331.4,331.4,331.4,331.4,0.00000000,1726329599999,0.00000000,0,0.00000000,0.00000000,0
2024-09-14 16:00:00,328.8,334.8,326.8,327.0,5.15600000,1726343999999,1689.61490000,16,1.99000000,654.36000000,0
2024-09-14 20:00:00,325.6,329.7,325.6,329.7,0.01500000,1726358399999,4.91680000,2,0.00800000,2.63760000,0
2024-09-15 00:00:00,325.4,328.7,325.3,328.7,2.42600000,1726372799999,795.42500000,28,2.27200000,745.27850000,0
2024-09-15 04:00:00,327.0,327.6,325.3,327.6,0.51000000,1726387199999,166.65210000,6,0.28900000,94.61520000,0
2024-09-15 08:00:00,325.3,326.3,325.3,325.3,0.15100000,1726401599999,49.12940000,5,0.00800000,2.61040000,0
2024-09-15 12:00:00,324.6,324.6,323.3,324.4,1.54700000,1726415999999,502.07000000,7,0.24400000,79.15360000,0
2024-09-15 16:00:00,323.3,323.3,319.1,320.5,2.01800000,1726430399999,649.88900000,9,1.26300000,406.01170000,0
2024-09-15 20:00:00,319.0,321.8,314.8,319.4,14.44000000,1726444799999,4561.64450000,13,1.75100000,555.03880000,0
2024-09-16 00:00:00,314.8,322.0,311.2,313.6,5.69500000,1726459199999,1787.50290000,25,1.01000000,318.16120000,0
2024-09-16 04:00:00,314.0,315.4,313.5,315.1,5.57100000,1726473599999,1749.55330000,10,4.55400000,1430.01190000,0
2024-09-16 08:00:00,312.7,314.6,312.2,314.6,0.87100000,1726487999999,272.92320000,5,0.62900000,197.30230000,0
2024-09-16 12:00:00,313.7,313.7,311.2,311.3,1.45800000,1726502399999,454.13730000,3,0.67700000,210.75010000,0
2024-09-16 16:00:00,312.2,313.3,312.2,312.3,5.04700000,1726516799999,1580.05140000,8,2.18700000,684.09930000,0
2024-09-16 20:00:00,310.5,310.5,310.0,310.0,1.37500000,1726531199999,426.74450000,3,0.12600000,39.06000000,0
2024-09-17 00:00:00,309.8,313.1,309.8,313.1,1.55400000,1726545599999,486.01330000,6,1.54500000,483.22510000,0
2024-09-17 04:00:00,312.6,313.5,312.6,313.5,0.88100000,1726559999999,275.97480000,2,0.88100000,275.97480000,0
2024-09-17 08:00:00,315.2,315.2,311.8,311.8,1.02500000,1726574399999,321.89860000,5,0.97000000,304.74960000,0
2024-09-17 12:00:00,310.9,320.2,310.9,319.6,3.03100000,1726588799999,955.12730000,9,1.49100000,471.30740000,0
2024-09-17 16:00:00,316.4,321.8,314.2,314.2,5.66800000,1726603199999,1793.94290000,24,4.10900000,1302.71230000,0
2024-09-17 20:00:00,313.8,313.8,309.0,309.2,0.73300000,1726617599999,228.80680000,5,0.73300000,228.80680000,0
2024-09-18 00:00:00,312.9,318.5,311.9,314.6,1.07000000,1726631999999,336.30520000,34,0.93300000,293.36940000,0
2024-09-18 04:00:00,315.7,319.4,310.1,317.7,0.28300000,1726646399999,88.78800000,4,0.28300000,88.78800000,0
2024-09-18 08:00:00,314.6,314.6,308.6,308.6,5.12900000,1726660799999,1595.76930000,11,1.13300000,355.74250000,0
2024-09-18 12:00:00,310.8,311.5,308.0,308.0,11.47100000,1726675199999,3546.03980000,13,2.80300000,871.85100000,0
2024-09-18 16:00:00,307.8,319.5,307.8,318.2,8.31500000,1726689599999,2616.59650000,9,7.61000000,2397.20050000,0
2024-09-18 20:00:00,311.8,324.9,307.7,324.8,4.60600000,1726703999999,1477.82440000,14,3.76600000,1216.21820000,0
2024-09-19 00:00:00,326.9,349.3,326.9,343.1,31.15500000,1726718399999,10570.45680000,176,25.99800000,8813.40070000,0
2024-09-19 04:00:00,343.2,344.8,338.2,342.4,4.58100000,1726732799999,1564.82760000,17,2.35200000,807.74620000,0
2024-09-19 08:00:00,344.8,347.5,342.8,347.5,1.33000000,1726747199999,459.20600000,10,0.80600000,278.89710000,0
2024-09-19 12:00:00,347.7,347.7,337.1,337.1,7.87000000,1726761599999,2681.54200000,17,2.48300000,844.93750000,0
2024-09-19 16:00:00,341.0,346.5,335.0,341.7,35.44500000,1726775999999,12121.42110000,25,23.62900000,8077.78670000,0
2024-09-19 20:00:00,341.9,341.9,338.6,340.5,7.45700000,1726790399999,2534.69970000,12,3.55800000,1209.20340000,0
2024-09-20 00:00:00,341.1,347.4,335.1,338.3,28.52600000,1726804799999,9674.49290000,102,3.35600000,1141.43560000,0
2024-09-20 04:00:00,343.1,344.2,340.8,340.8,6.78100000,1726819199999,2321.51140000,14,5.38500000,1845.30660000,0
2024-09-20 08:00:00,341.1,341.1,338.3,338.3,2.01900000,1726833599999,687.43000000,8,0.00000000,0.00000000,0
2024-09-20 12:00:00,339.1,341.7,330.9,330.9,7.20500000,1726847999999,2421.66030000,22,0.60300000,205.85890000,0
2024-09-20 16:00:00,331.7,336.4,331.7,335.0,1.53600000,1726862399999,513.54280000,4,1.34300000,449.27720000,0
2024-09-20 20:00:00,336.9,336.9,335.7,335.7,1.15300000,1726876799999,388.31250000,2,1.15300000,388.31250000,0
2024-09-21 00:00:00,334.8,339.6,331.3,334.6,12.44000000,1726891199999,4147.11010000,78,12.43000000,4143.79710000,0
2024-09-21 04:00:00,334.6,334.6,334.6,334.6,0.71400000,1726905599999,238.90440000,2,0.71400000,238.90440000,0
2024-09-21 08:00:00,336.8,338.6,336.8,338.6,0.13200000,1726919999999,44.65780000,3,0.03400000,11.47500000,0
2024-09-21 12:00:00,339.6,342.0,337.1,341.0,9.70100000,1726934399999,3304.72080000,8,8.16600000,2781.71130000,0
2024-09-21 16:00:00,340.7,342.2,340.7,342.2,1.51500000,1726948799999,516.86850000,2,1.51500000,516.86850000,0
2024-09-21 20:00:00,343.6,346.4,343.5,346.4,0.33200000,1726963199999,114.42120000,4,0.09600000,32.97600000,0
2024-09-22 00:00:00,346.7,347.3,338.6,346.4,0.92100000,1726977599999,317.30380000,50,0.59300000,205.11640000,0
2024-09-22 04:00:00,341.7,341.7,341.7,341.7,0.04500000,1726991999999,15.37650000,1,0.04500000,15.37650000,0
2024-09-22 08:00:00,342.3,343.8,336.6,336.6,2.36100000,1727006399999,803.90220000,8,0.97500000,331.42410000,0
2024-09-22 12:00:00,339.0,339.0,334.0,337.9,8.00700000,1727020799999,2696.70940000,15,3.66400000,1235.15050000,0
2024-09-22 16:00:00,338.9,338.9,337.1,337.1,1.51800000,1727035199999,513.67260000,2,1.51800000,513.67260000,0
2024-09-22 20:00:00,337.3,343.6,334.7,337.9,6.13800000,1727049599999,2074.57330000,15,3.14700000,1066.80540000,0
2024-09-23 00:00:00,341.2,348.0,333.9,347.3,15.11300000,1727063999999,5198.36210000,55,4.76400000,1637.85500000,0
2024-09-23 04:00:00,342.4,344.3,340.2,340.2,2.36800000,1727078399999,812.75950000,7,1.16500000,399.82800000,0
2024-09-23 08:00:00,339.8,346.9,338.8,346.9,0.10700000,1727092799999,36.32370000,5,0.00700000,2.42830000,0
2024-09-23 12:00:00,340.2,340.9,336.7,339.0,7.99600000,1727107199999,2713.14740000,15,4.68800000,1591.88990000,0
2024-09-23 16:00:00,339.8,343.5,327.5,343.5,65.44500000,1727121599999,22441.28600000,34,61.41100000,21073.26420000,0
2024-09-23 20:00:00,340.8,342.4,337.8,342.1,2.51200000,1727135999999,855.88020000,6,1.52700000,522.49860000,0
2024-09-24 00:00:00,338.5,343.3,337.4,338.1,5.62200000,1727150399999,1909.59570000,25,2.87800000,979.65780000,0
2024-09-24 04:00:00,337.1,341.7,329.1,341.4,2.51800000,1727164799999,843.55560000,19,1.16600000,397.34710000,0
2024-09-24 08:00:00,342.8,343.5,338.2,338.2,20.99900000,1727179199999,7208.39770000,7,19.92900000,6845.59470000,0
2024-09-24 12:00:00,343.7,347.2,339.9,341.9,11.95300000,1727193599999,4079.06620000,35,5.89600000,2016.71390000,0
2024-09-24 16:00:00,342.0,346.8,342.0,346.8,2.95400000,1727207999999,1020.22480000,10,1.52700000,526.55330000,0
2024-09-24 20:00:00,346.8,351.8,344.9,348.0,22.89200000,1727222399999,7973.47280000,43,22.63400000,7883.93640000,0
2024-09-25 00:00:00,347.2,355.0,345.9,354.4,4.92100000,1727236799999,1727.74460000,41,2.75600000,967.57170000,0
2024-09-25 04:00:00,348.1,350.9,346.6,348.5,10.26200000,1727251199999,3560.91160000,12,1.99500000,693.96830000,0
2024-09-25 08:00:00,346.3,346.3,346.3,346.3,0.22800000,1727265599999,78.95640000,1,0.00000000,0.00000000,0
2024-09-25 12:00:00,345.8,349.7,330.3,349.7,9.67800000,1727279999999,3334.58680000,30,2.52200000,876.57870000,0
2024-09-25 16:00:00,346.4,346.4,343.6,344.9,2.78700000,1727294399999,961.79320000,9,2.28100000,787.47050000,0
2024-09-25 20:00:00,347.0,347.0,342.3,342.3,1.32300000,1727308799999,454.29100000,4,0.00000000,0.00000000,0
2024-09-26 00:00:00,344.1,347.4,337.4,343.3,24.47100000,1727323199999,8369.41800000,33,24.31000000,8314.55410000,0
2024-09-26 04:00:00,344.6,344.6,342.1,342.1,0.13700000,1727337599999,46.91770000,2,0.13700000,46.91770000,0
2024-09-26 08:00:00,344.5,350.4,343.3,350.4,0.34900000,1727351999999,120.13940000,7,0.02900000,10.14690000,0
2024-09-26 12:00:00,351.7,355.8,349.4,353.4,4.18700000,1727366399999,1479.73120000,15,3.84900000,1361.05590000,0
2024-09-26 16:00:00,353.5,357.7,349.8,351.2,13.41200000,1727380799999,4738.70840000,73,9.00100000,3185.80890000,0
2024-09-26 20:00:00,351.2,353.0,349.8,349.8,1.89200000,1727395199999,663.45010000,6,0.32800000,115.78330000,0
2024-09-27 00:00:00,352.4,363.1,352.4,356.1,9.41700000,1727409599999,3360.99070000,56,7.28700000,2604.57910000,0
2024-09-27 04:00:00,353.2,362.0,353.2,360.4,3.15600000,1727423999999,1135.66350000,9,2.75000000,990.76610000,0
2024-09-27 08:00:00,360.4,360.4,359.5,359.5,0.25800000,1727438399999,92.93820000,2,0.20800000,74.96320000,0
2024-09-27 12:00:00,358.4,364.0,357.3,363.4,25.92400000,1727452799999,9385.15380000,12,25.85500000,9360.26580000,0
2024-09-27 16:00:00,361.0,361.0,361.0,361.0,0.04900000,1727467199999,17.68900000,1,0.00000000,0.00000000,0
2024-09-27 20:00:00,355.2,360.3,353.2,359.4,4.28300000,1727481599999,1528.95330000,12,2.57600000,924.99120000,0
2024-09-28 00:00:00,354.9,360.0,354.9,358.7,1.30100000,1727495999999,465.21450000,47,0.75700000,271.57470000,0
2024-09-28 04:00:00,357.9,357.9,352.8,352.8,0.62500000,1727510399999,222.79280000,3,0.41800000,149.60220000,0
2024-09-28 08:00:00,349.7,352.3,345.3,351.6,10.98400000,1727524799999,3832.08340000,23,5.71100000,1997.02940000,0
2024-09-28 12:00:00,351.6,351.6,351.6,351.6,3.29700000,1727539199999,1159.22520000,8,3.29700000,1159.22520000,0
2024-09-28 16:00:00,348.1,351.6,348.1,351.6,0.71300000,1727553599999,249.82620000,3,0.46700000,164.19360000,0
2024-09-28 20:00:00,349.3,352.6,348.6,352.6,1.71500000,1727567999999,601.87130000,5,0.73100000,257.72290000,0
2024-09-29 00:00:00,348.5,354.8,348.2,352.6,38.59400000,1727582399999,13515.80940000,72,11.61400000,4087.26620000,0
2024-09-29 04:00:00,353.7,353.7,347.0,347.0,1.63400000,1727596799999,568.14190000,8,0.07900000,27.93930000,0
2024-09-29 08:00:00,348.1,348.1,346.7,346.7,1.26300000,1727611199999,439.57330000,3,1.20800000,420.50480000,0
2024-09-29 12:00:00,346.1,349.0,346.1,349.0,0.30000000,1727625599999,104.53760000,4,0.24400000,85.15600000,0
2024-09-29 16:00:00,349.0,349.0,349.0,349.0,0.00000000,1727639999999,0.00000000,0,0.00000000,0.00000000,0
2024-09-29 20:00:00,353.2,358.0,351.4,351.4,6.84800000,1727654399999,2434.58540000,11,3.62900000,1287.30930000,0
2024-09-30 00:00:00,351.8,359.8,342.1,356.0,21.38100000,1727668799999,7428.51700000,107,8.96000000,3124.08210000,0
2024-09-30 04:00:00,346.2,348.2,344.6,348.2,7.92800000,1727683199999,2746.44160000,12,5.46200000,1894.34000000,0
2024-09-30 08:00:00,346.7,348.1,339.3,341.0,10.11300000,1727697599999,3497.18710000,20,3.00700000,1044.48230000,0
2024-09-30 12:00:00,343.8,347.1,339.6,347.1,7.75900000,1727711999999,2671.44930000,12,5.86800000,2018.55410000,0
2024-09-30 16:00:00,349.7,349.7,339.8,340.1,2.33500000,1727726399999,795.21800000,3,0.13800000,48.25860000,0
2024-09-30 20:00:00,343.2,343.2,335.0,335.0,17.13100000,1727740799999,5759.78000000,14,0.75100000,257.74320000,0
2024-10-01 00:00:00,338.1,344.1,335.5,344.1,7.66100000,1727755199999,2597.03410000,32,3.53000000,1207.89680000,0
2024-10-01 04:00:00,344.3,344.3,341.7,341.7,0.98300000,1727769599999,338.42350000,2,0.97400000,335.34820000,0
2024-10-01 08:00:00,338.7,338.7,335.6,335.6,0.63800000,1727783999999,215.71550000,2,0.00000000,0.00000000,0
2024-10-01 12:00:00,342.6,342.6,321.6,326.7,58.96700000,1727798399999,19445.57630000,42,16.54100000,5412.74490000,0
2024-10-01 16:00:00,334.6,334.6,311.1,322.6,22.76600000,1727812799999,7304.98880000,47,9.71500000,3129.20090000,0
2024-10-01 20:00:00,311.9,326.8,311.9,326.8,4.85600000,1727827199999,1536.91590000,17,1.67800000,535.89290000,0
2024-10-02 00:00:00,317.9,324.5,316.1,322.8,1.82200000,1727841599999,580.56130000,40,1.82200000,580.56130000,0
2024-10-02 04:00:00,312.4,323.9,312.4,322.9,1.36500000,1727855999999,436.68940000,18,0.72600000,234.32710000,0
2024-10-02 08:00:00,323.1,323.1,315.4,318.7,3.91500000,1727870399999,1246.07160000,8,2.53000000,805.36840000,0
2024-10-02 12:00:00,314.3,320.4,314.3,320.4,2.37400000,1727884799999,751.28800000,6,1.30500000,415.30130000,0
2024-10-02 16:00:00,316.8,319.7,308.5,315.3,18.14800000,1727899199999,5676.45570000,36,3.86300000,1208.88490000,0
2024-10-02 20:00:00,317.7,317.9,313.3,313.5,3.65000000,1727913599999,1148.05740000,7,1.42600000,450.14240000,0
2024-10-03 00:00:00,316.8,319.6,307.6,317.2,2.62000000,1727927999999,826.05330000,38,2.03600000,644.26580000,0
2024-10-03 04:00:00,316.7,316.7,316.4,316.4,1.71700000,1727942399999,543.66800000,3,0.00000000,0.00000000,0
2024-10-03 08:00:00,314.5,314.5,309.1,314.5,4.62100000,1727956799999,1441.62270000,21,2.86400000,895.04220000,0
2024-10-03 12:00:00,312.7,321.7,309.1,316.4,10.35600000,1727971199999,3268.79550000,33,8.78900000,2772.84290000,0
2024-10-03 16:00:00,315.9,319.2,312.7,319.2,5.68200000,1727985599999,1787.49610000,19,3.11500000,983.58660000,0
2024-10-03 20:00:00,320.0,320.0,318.2,320.0,0.36100000,1727999999999,115.17360000,7,0.16200000,51.84000000,0
2024-10-04 00:00:00,318.4,324.7,318.3,319.8,5.17000000,1728014399999,1665.40290000,50,1.94000000,626.27600000,0
2024-10-04 04:00:00,319.5,322.2,319.5,322.2,1.63000000,1728028799999,524.55280000,3,0.56200000,180.62680000,0
2024-10-04 08:00:00,321.8,322.4,318.3,318.3,31.73900000,1728043199999,10220.16110000,38,15.63400000,5031.02120000,0
2024-10-04 12:00:00,322.9,322.9,316.4,320.0,2.36400000,1728057599999,758.77970000,6,2.22800000,715.60350000,0
2024-10-04 16:00:00,325.0,326.4,318.4,326.4,9.05700000,1728071999999,2921.79340000,25,4.76600000,1543.66670000,0
2024-10-04 20:00:00,326.3,326.3,320.1,324.2,2.81400000,1728086399999,913.26070000,6,2.80400000,910.05970000,0
2024-10-05 00:00:00,325.6,326.0,319.9,324.6,0.76000000,1728100799999,244.80020000,28,0.29600000,96.28560000,0
2024-10-05 04:00:00,314.7,325.4,314.7,322.8,2.28100000,1728115199999,738.89610000,5,2.09000000,677.71920000,0
2024-10-05 08:00:00,325.0,325.0,316.7,316.7,0.63000000,1728129599999,203.77890000,2,0.63000000,203.77890000,0
2024-10-05 12:00:00,322.4,326.0,317.9,326.0,100.41500000,1728143999999,32731.36960000,60,2.58500000,841.34500000,0
2024-10-05 16:00:00,316.8,326.3,315.7,320.7,3.35300000,1728158399999,1075.20800000,8,1.32800000,428.23290000,0
2024-10-05 20:00:00,319.3,321.4,309.9,321.4,6.21700000,1728172799999,1943.00950000,24,1.35500000,435.16880000,0
2024-10-06 00:00:00,319.5,322.8,314.7,322.8,10.88000000,1728187199999,3498.22440000,35,10.65700000,3427.42350000,0
2024-10-06 04:00:00,315.7,317.1,315.7,317.1,4.76300000,1728201599999,1507.43580000,8,0.00000000,0.00000000,0
2024-10-06 08:00:00,319.3,319.3,313.0,313.0,0.57500000,1728215999999,183.01590000,6,0.00000000,0.00000000,0
2024-10-06 12:00:00,323.3,324.8,313.3,313.3,2.30300000,1728230399999,744.67550000,5,2.24900000,727.75730000,0
2024-10-06 16:00:00,324.6,325.7,316.0,324.0,0.55100000,1728244799999,178.74960000,7,0.52300000,169.90160000,0
2024-10-06 20:00:00,324.9,324.9,324.9,324.9,0.00300000,1728259199999,0.97470000,1,0.00300000,0.97470000,0
2024-10-07 00:00:00,326.2,330.4,323.8,330.4,107.79200000,1728273599999,35188.04540000,85,107.56500000,35114.53580000,0
2024-10-07 04:00:00,328.7,329.4,328.7,329.0,0.37500000,1728287999999,123.32010000,3,0.37500000,123.32010000,0
2024-10-07 08:00:00,328.3,330.5,328.3,330.5,0.22900000,1728302399999,75.42490000,3,0.22900000,75.42490000,0
2024-10-07 12:00:00,323.2,333.6,323.2,330.6,7.84700000,1728316799999,2559.54790000,22,5.40600000,1767.66950000,0
2024-10-07 16:00:00,327.0,331.2,323.8,331.2,0.66900000,1728331199999,219.53950000,5,0.33300000,110.16030000,0
2024-10-07 20:00:00,332.6,332.6,324.2,327.3,2.19800000,1728345599999,717.40190000,10,1.11400000,365.14830000,0
2024-10-08 00:00:00,324.7,330.7,323.1,324.3,9.98700000,1728359999999,3242.69030000,53,1.50500000,492.14680000,0
2024-10-08 04:00:00,324.3,324.3,322.6,322.6,3.51700000,1728374399999,1135.12930000,5,0.00300000,0.97290000,0
2024-10-08 08:00:00,324.9,328.4,323.1,328.4,4.66900000,1728388799999,1517.60350000,6,3.31200000,1075.97170000,0
2024-10-08 12:00:00,327.5,330.4,327.5,330.4,25.48800000,1728403199999,8347.44180000,8,25.43500000,8330.08430000,0
2024-10-08 16:00:00,318.0,318.0,318.0,318.0,0.04000000,1728417599999,12.72000000,1,0.00000000,0.00000000,0
2024-10-08 20:00:00,328.0,332.7,327.3,331.7,1.99500000,1728431999999,658.46140000,8,1.22600000,406.22940000,0
2024-10-09 00:00:00,329.2,336.6,315.8,327.5,2.73500000,1728446399999,898.33430000,39,0.93500000,309.59470000,0
2024-10-09 04:00:00,327.5,329.0,327.5,329.0,0.60200000,1728460799999,197.16310000,3,0.60200000,197.16310000,0
2024-10-09 08:00:00,326.1,326.2,325.7,325.7,3.92700000,1728475199999,1279.73260000,10,2.32500000,757.34060000,0
2024-10-09 12:00:00,324.4,327.8,324.0,327.1,9.45000000,1728489599999,3068.63820000,16,4.63900000,1507.80790000,0
2024-10-09 16:00:00,325.0,330.4,323.3,324.1,8.25600000,1728503999999,2675.16400000,15,3.12400000,1011.86330000,0
2024-10-09 20:00:00,322.2,333.7,315.1,333.7,7.13200000,1728518399999,2289.36120000,26,2.26600000,729.01610000,0
2024-10-10 00:00:00,320.2,322.6,315.0,322.0,2.24700000,1728532799999,719.52270000,60,0.06900000,22.16970000,0
2024-10-10 04:00:00,322.5,323.6,321.9,323.6,0.62500000,1728547199999,201.63590000,3,0.00000000,0.00000000,0
2024-10-10 08:00:00,321.0,323.0,321.0,322.6,2.54200000,1728561599999,817.65770000,6,0.00000000,0.00000000,0
2024-10-10 12:00:00,323.7,335.8,315.1,321.4,4.58500000,1728575999999,1478.79720000,14,1.53200000,495.73100000,0
2024-10-10 16:00:00,315.9,325.4,315.9,318.4,4.26500000,1728590399999,1376.93780000,7,1.89400000,615.04590000,0
2024-10-10 20:00:00,322.6,330.8,316.8,322.7,9.01100000,1728604799999,2907.62300000,12,8.24600000,2663.83690000,0
2024-10-11 00:00:00,316.7,329.6,316.7,320.4,0.85700000,1728619199999,275.93350000,35,0.53800000,174.29040000,0
2024-10-11 04:00:00,318.2,324.1,318.2,319.7,0.19500000,1728633599999,62.41670000,4,0.04300000,13.91680000,0
2024-10-11 08:00:00,323.9,325.2,315.7,320.2,0.42300000,1728647999999,135.54210000,10,0.11000000,35.66780000,0
2024-10-11 12:00:00,323.9,330.2,323.1,330.2,5.94000000,1728662399999,1932.26580000,12,5.94000000,1932.26580000,0
2024-10-11 16:00:00,321.2,329.5,321.2,321.4,3.93300000,1728676799999,1264.20410000,13,0.00900000,2.96550000,0
2024-10-11 20:00:00,328.5,328.9,318.3,327.3,1.50600000,1728691199999,482.24240000,11,0.63300000,204.17670000,0
2024-10-12 00:00:00,329.4,330.0,316.7,328.6,1.12000000,1728705599999,363.70430000,87,0.83000000,271.86130000,0
2024-10-12 04:00:00,320.6,327.9,320.6,321.8,0.98400000,1728719999999,320.38850000,11,0.81200000,265.24530000,0
2024-10-12 08:00:00,324.3,331.3,324.3,329.9,2.41100000,1728734399999,795.11920000,13,2.37000000,781.82290000,0
2024-10-12 12:00:00,321.4,331.2,321.4,331.2,0.21600000,1728748799999,69.51060000,2,0.00900000,2.98080000,0
2024-10-12 16:00:00,325.0,331.2,320.1,331.2,0.54600000,1728763199999,178.21880000,5,0.19500000,64.34090000,0
2024-10-12 20:00:00,331.2,331.2,331.2,331.2,0.00000000,1728777599999,0.00000000,0,0.00000000,0.00000000,0
2024-10-13 00:00:00,330.9,330.9,319.4,328.1,0.17300000,1728791999999,56.25070000,13,0.10000000,32.80160000,0
2024-10-13 04:00:00,327.9,328.1,323.6,323.6,0.71900000,1728806399999,235.82590000,6,0.71100000,233.23650000,0
2024-10-13 08:00:00,322.8,322.8,322.8,322.8,0.05600000,1728820799999,18.07680000,1,0.00000000,0.00000000,0
2024-10-13 12:00:00,322.7,330.3,315.2,315.2,15.94700000,1728835199999,5144.10670000,26,6.65600000,2181.37680000,0
2024-10-13 16:00:00,322.9,327.9,315.0,320.6,16.07900000,1728849599999,5147.76470000,42,8.03100000,2599.72920000,0
2024-10-13 20:00:00,320.5,324.1,317.0,318.5,5.58400000,1728863999999,1789.15770000,16,5.35400000,1716.03830000,0
2024-10-14 00:00:00,318.2,325.8,317.7,325.8,10.84700000,1728878399999,3451.54680000,32,10.64500000,3387.22490000,0
2024-10-14 04:00:00,327.7,329.1,326.0,329.1,0.49800000,1728892799999,162.68080000,3,0.31500000,102.71170000,0
2024-10-14 08:00:00,329.5,329.8,329.5,329.8,0.62500000,1728907199999,205.94290000,3,0.62500000,205.94290000,0
2024-10-14 12:00:00,330.8,359.4,330.8,350.6,30.31300000,1728921599999,10407.29330000,91,17.85900000,6157.41960000,0
2024-10-14 16:00:00,352.5,352.5,350.7,351.4,3.99900000,1728935999999,1406.01060000,12,0.00000000,0.00000000,0
2024-10-14 20:00:00,352.7,369.6,352.7,363.5,14.49500000,1728950399999,5243.43070000,38,14.12000000,5108.96850000,0
2024-10-15 00:00:00,369.9,383.0,363.4,369.7,66.16900000,1728964799999,25123.64110000,155,44.92500000,17082.38510000,0
2024-10-15 04:00:00,370.4,373.1,366.9,370.9,13.51800000,1728979199999,4994.89720000,29,3.54000000,1312.72420000,0
2024-10-15 08:00:00,370.2,371.6,359.1,359.2,32.55900000,1728993599999,11771.04650000,29,26.16300000,9435.29140000,0
2024-10-15 12:00:00,359.2,380.1,345.1,355.5,76.51000000,1729007999999,27646.24540000,138,59.95900000,21624.24810000,0
2024-10-15 16:00:00,351.6,358.9,350.5,353.5,12.30400000,1729022399999,4370.57310000,24,6.18100000,2196.65500000,0
2024-10-15 20:00:00,351.4,354.7,345.0,354.7,24.55100000,1729036799999,8594.70870000,17,19.75100000,6926.54470000,0
2024-10-16 00:00:00,350.4,369.3,349.5,362.2,27.06400000,1729051199999,9853.80960000,57,10.02500000,3646.28220000,0
2024-10-16 04:00:00,363.4,367.1,354.9,354.9,6.30100000,1729065599999,2265.43500000,14,2.50500000,899.33080000,0
2024-10-16 08:00:00,356.2,365.0,356.2,365.0,12.38500000,1729079999999,4481.49600000,61,11.90600000,4310.63670000,0
2024-10-16 12:00:00,363.5,370.2,358.5,366.5,9.41900000,1729094399999,3430.64390000,15,7.04600000,2569.59180000,0
2024-10-16 16:00:00,359.3,369.6,359.3,365.9,3.78400000,1729108799999,1385.88330000,14,0.45300000,165.60300000,0
2024-10-16 20:00:00,364.6,369.6,358.6,367.4,5.87100000,1729123199999,2138.52460000,13,4.67900000,1704.78100000,0
2024-10-17 00:00:00,364.8,372.5,358.2,359.4,5.45800000,1729137599999,2004.93460000,127,2.76500000,1021.51820000,0
2024-10-17 04:00:00,363.1,364.5,362.6,363.4,5.57300000,1729151999999,2024.67640000,8,2.19800000,799.96320000,0
2024-10-17 08:00:00,363.4,367.5,359.8,361.5,4.01400000,1729166399999,1458.64570000,14,1.77500000,647.17610000,0
2024-10-17 12:00:00,361.5,370.7,361.3,368.8,4.69600000,1729180799999,1711.40890000,17,2.98100000,1089.97900000,0
2024-10-17 16:00:00,368.5,368.5,359.5,359.5,7.41800000,1729195199999,2718.48570000,11,2.77000000,1015.11530000,0
2024-10-17 20:00:00,363.1,372.4,363.1,370.0,2.59100000,1729209599999,951.21300000,10,2.38300000,874.89780000,0
2024-10-18 00:00:00,373.3,379.9,361.4,371.2,8.20500000,1729223999999,3045.63390000,138,1.67900000,627.46360000,0
2024-10-18 04:00:00,372.4,374.9,370.4,370.4,2.00000000,1729238399999,744.45830000,6,0.02100000,7.87290000,0
2024-10-18 08:00:00,370.4,370.6,367.4,367.4,0.53400000,1729252799999,197.58300000,11,0.00000000,0.00000000,0
2024-10-18 12:00:00,371.3,371.3,368.0,368.8,0.16700000,1729267199999,61.72000000,7,0.16700000,61.72000000,0
2024-10-18 16:00:00,370.2,374.8,358.2,374.8,8.00800000,1729281599999,2932.28960000,47,6.74300000,2476.86640000,0
2024-10-18 20:00:00,368.7,372.6,365.6,369.1,4.36600000,1729295999999,1604.83420000,10,1.08300000,399.17940000,0
2024-10-19 00:00:00,364.2,368.0,361.5,366.0,0.59900000,1729310399999,217.44850000,88,0.06600000,24.17000000,0
2024-10-19 04:00:00,361.6,365.8,359.8,365.8,6.97200000,1729324799999,2520.98560000,26,0.53500000,195.58120000,0
2024-10-19 08:00:00,364.3,364.3,362.6,362.6,1.15000000,1729339199999,418.70700000,2,1.15000000,418.70700000,0
2024-10-19 12:00:00,359.1,360.1,359.1,360.1,0.31600000,1729353599999,113.73260000,2,0.00000000,0.00000000,0
2024-10-19 16:00:00,362.1,363.5,358.9,361.7,2.20100000,1729367999999,796.17280000,17,1.32100000,477.81520000,0
2024-10-19 20:00:00,361.8,364.9,361.0,363.2,0.63000000,1729382399999,228.91940000,39,0.18100000,65.90420000,0
2024-10-20 00:00:00,363.0,363.5,357.0,359.6,2.85500000,1729396799999,1029.58720000,172,1.67600000,604.11530000,0
2024-10-20 04:00:00,359.0,360.3,358.3,360.3,0.08400000,1729411199999,30.17430000,8,0.03000000,10.79010000,0
2024-10-20 08:00:00,360.3,365.8,360.3,363.6,1.66000000,1729425599999,602.41010000,36,1.51800000,550.92150000,0
2024-10-20 12:00:00,362.9,371.0,362.9,366.9,0.53900000,1729439999999,198.01400000,38,0.35300000,129.92030000,0
2024-10-20 16:00:00,366.3,368.0,359.8,365.2,0.91800000,1729454399999,334.91420000,48,0.37900000,138.67110000,0
2024-10-20 20:00:00,364.2,369.0,357.3,369.0,0.88500000,1729468799999,321.34480000,44,0.42900000,157.22560000,0
2024-10-21 00:00:00,369.0,374.7,366.9,374.2,47.23600000,1729483199999,17439.90080000,187,46.61300000,17209.68950000,0
2024-10-21 04:00:00,373.4,377.6,369.1,374.0,15.78300000,1729497599999,5930.13060000,62,14.98500000,5632.83020000,0
2024-10-21 08:00:00,374.6,374.6,368.4,369.6,2.73200000,1729511999999,1008.21690000,36,0.65400000,241.73460000,0
2024-10-21 12:00:00,370.3,370.3,359.6,360.9,6.14800000,1729526399999,2242.31160000,90,2.78200000,1013.40040000,0
2024-10-21 16:00:00,360.3,364.2,359.6,364.2,2.82000000,1729540799999,1018.67350000,22,1.24900000,452.01910000,0
2024-10-21 20:00:00,364.8,365.6,361.7,362.9,0.16700000,1729555199999,60.60020000,10,0.03800000,13.85720000,0
2024-10-22 00:00:00,362.8,365.6,359.6,364.2,5.20500000,1729569599999,1893.48590000,85,1.51100000,548.81650000,0
2024-10-22 04:00:00,363.6,364.2,362.2,362.2,0.06300000,1729583999999,22.88700000,12,0.01800000,6.55020000,0
2024-10-22 08:00:00,361.6,361.6,356.3,358.6,6.46400000,1729598399999,2317.81260000,46,0.98600000,352.40490000,0
2024-10-22 12:00:00,358.3,358.9,355.0,356.3,4.29700000,1729612799999,1532.05400000,44,3.13300000,1117.89070000,0
2024-10-22 16:00:00,355.6,358.3,355.0,357.4,4.77600000,1729627199999,1706.75790000,16,4.73100000,1690.72440000,0
2024-10-22 20:00:00,357.5,358.5,357.5,357.6,2.67400000,1729641599999,957.53520000,10,2.66500000,954.31680000,0
2024-10-23 00:00:00,357.9,357.9,353.0,353.8,9.47200000,1729655999999,3360.53310000,41,3.28700000,1165.85890000,0
2024-10-23 04:00:00,354.9,356.3,351.5,353.0,3.49100000,1729670399999,1233.86070000,28,0.84600000,300.26470000,0
2024-10-23 08:00:00,352.4,353.0,348.8,349.8,11.79700000,1729684799999,4132.71600000,43,5.85300000,2052.21490000,0
2024-10-23 12:00:00,349.3,351.7,345.0,346.6,31.19700000,1729699199999,10859.96500000,56,6.38600000,2230.13830000,0
2024-10-23 16:00:00,346.0,349.2,339.0,349.2,9.70300000,1729713599999,3324.56150000,63,6.89600000,2365.49160000,0
2024-10-23 20:00:00,348.5,348.5,338.4,347.9,4.29100000,1729727999999,1482.51750000,61,1.24400000,431.18040000,0
2024-10-24 00:00:00,348.3,356.5,347.2,355.6,9.42000000,1729742399999,3344.70870000,65,8.07000000,2865.24280000,0
2024-10-24 04:00:00,355.7,357.0,354.3,354.3,1.90000000,1729756799999,676.17930000,15,0.83600000,297.72440000,0
2024-10-24 08:00:00,353.7,355.6,351.7,355.4,7.32600000,1729771199999,2591.92200000,35,4.25700000,1506.29620000,0
2024-10-24 12:00:00,355.7,361.3,354.8,359.9,8.15400000,1729785599999,2907.28520000,33,2.90700000,1042.08980000,0
2024-10-24 16:00:00,358.9,366.5,352.5,365.4,8.11000000,1729799999999,2908.38790000,58,5.26100000,1885.02910000,0
2024-10-24 20:00:00,364.4,370.0,363.7,366.5,37.14500000,1729814399999,13701.60660000,48,31.21100000,11531.61810000,0
2024-10-25 00:00:00,367.5,370.0,363.2,364.3,34.70200000,1729828799999,12677.02260000,108,18.17200000,6642.53290000,0
2024-10-25 04:00:00,364.2,367.6,361.5,366.5,3.91000000,1729843199999,1416.27260000,14,3.86800000,1400.98740000,0
2024-10-25 08:00:00,366.5,370.0,364.3,370.0,390.80300000,1729857599999,144578.14850000,81,385.01700000,142449.86010000,0
2024-10-25 12:00:00,370.0,370.0,364.3,364.7,353.60600000,1729871999999,130811.30860000,88,349.83200000,129433.10500000,0
2024-10-25 16:00:00,365.1,365.4,357.8,362.1,1.99000000,1729886399999,720.64780000,24,1.84800000,669.33420000,0
2024-10-25 20:00:00,361.2,361.2,340.1,346.1,8.41900000,1729900799999,2915.21210000,71,3.05400000,1057.73950000,0
2024-10-26 00:00:00,346.1,353.4,346.1,352.5,1.66500000,1729915199999,579.20900000,37,1.46700000,510.34420000,0
2024-10-26 04:00:00,351.4,351.4,350.4,350.4,0.03100000,1729929599999,10.87940000,2,0.00000000,0.00000000,0
2024-10-26 08:00:00,352.5,353.3,347.2,348.1,0.48200000,1729943999999,168.95140000,13,0.08800000,30.99740000,0
2024-10-26 12:00:00,349.3,350.4,347.2,348.2,2.90300000,1729958399999,1009.21750000,10,0.54000000,188.07370000,0
2024-10-26 16:00:00,346.7,350.3,346.3,350.2,7.96600000,1729972799999,2774.91230000,19,2.44900000,857.32450000,0
2024-10-26 20:00:00,350.3,351.4,348.3,348.5,5.10400000,1729987199999,1787.98900000,17,1.67500000,587.22240000,0
2024-10-27 00:00:00,347.4,351.4,347.3,351.4,7.87400000,1730001599999,2751.51210000,44,6.41700000,2245.37510000,0
2024-10-27 04:00:00,350.5,350.5,350.4,350.5,5.08700000,1730015999999,1782.99180000,9,0.01400000,4.90700000,0
2024-10-27 08:00:00,349.4,349.4,347.3,347.7,2.85200000,1730030399999,992.89660000,13,0.68700000,238.89930000,0
2024-10-27 12:00:00,347.6,352.4,347.6,351.4,9.18400000,1730044799999,3217.16500000,17,8.63900000,3027.72300000,0
2024-10-27 16:00:00,352.0,352.5,348.3,350.2,8.00200000,1730059199999,2808.86760000,23,3.62400000,1272.90470000,0
2024-10-27 20:00:00,350.1,353.4,348.4,351.6,4.37200000,1730073599999,1533.59370000,12,3.33000000,1167.64020000,0
2024-10-28 00:00:00,351.7,351.9,348.3,348.3,12.87000000,1730087999999,4495.38030000,47,0.17900000,62.77530000,0
2024-10-28 04:00:00,348.3,351.4,345.0,350.5,20.84200000,1730102399999,7216.40740000,33,6.18100000,2152.19420000,0
2024-10-28 08:00:00,350.5,353.5,348.4,353.3,3.95300000,1730116799999,1388.51180000,15,1.48000000,520.34980000,0
2024-10-28 12:00:00,351.7,363.8,351.7,360.6,30.11400000,1730131199999,10837.96790000,100,16.79700000,6046.42890000,0
2024-10-28 16:00:00,361.0,364.5,356.7,363.2,19.94300000,1730145599999,7194.40920000,75,9.29100000,3347.41330000,0
2024-10-28 20:00:00,362.6,367.5,358.2,365.4,4.85100000,1730159999999,1762.98690000,84,3.12500000,1134.82370000,0
2024-10-29 00:00:00,364.4,380.9,358.2,380.0,23.51000000,1730174399999,8696.51740000,185,20.22900000,7482.64570000,0
2024-10-29 04:00:00,380.9,385.8,375.3,379.8,10.63200000,1730188799999,4058.02650000,74,5.92800000,2268.01280000,0
2024-10-29 08:00:00,380.0,384.4,380.0,382.2,22.49500000,1730203199999,8613.01420000,33,19.90800000,7622.13510000,0
2024-10-29 12:00:00,383.0,386.3,373.2,386.3,408.29400000,1730217599999,155480.16270000,335,405.72700000,154505.51760000,0
2024-10-29 16:00:00,386.3,388.5,381.0,384.2,4.81100000,1730231999999,1853.81020000,67,3.35300000,1293.57730000,0
2024-10-29 20:00:00,383.1,383.8,379.8,380.7,2.12000000,1730246399999,808.69560000,19,0.50800000,194.90560000,0
2024-10-30 00:00:00,387.8,387.8,374.9,374.9,3.27800000,1730260799999,1251.39330000,65,0.30200000,116.84980000,0
2024-10-30 04:00:00,380.4,380.4,376.0,376.2,1.05400000,1730275199999,397.11830000,4,0.15000000,57.06000000,0
2024-10-30 08:00:00,376.3,376.3,370.6,372.7,3.81400000,1730289599999,1426.94900000,11,1.41800000,527.70180000,0
2024-10-30 12:00:00,370.4,375.4,367.2,369.9,7.63600000,1730303999999,2838.38520000,26,4.71700000,1761.42900000,0
2024-10-30 16:00:00,368.3,372.3,368.3,370.8,0.58200000,1730318399999,215.05710000,5,0.10500000,39.07810000,0
2024-10-30 20:00:00,370.4,373.5,368.3,370.0,12.10600000,1730332799999,4481.10110000,14,1.23100000,458.28080000,0
2024-10-31 00:00:00,368.2,374.1,366.4,372.2,13.54200000,1730347199999,5032.93210000,107,5.66500000,2105.76830000,0
2024-10-31 04:00:00,371.2,374.2,368.6,373.8,2.73400000,1730361599999,1021.29750000,19,2.67100000,998.06370000,0
2024-10-31 08:00:00,376.5,377.4,371.0,377.4,0.88000000,1730375999999,330.12800000,9,0.52000000,196.13700000,0
2024-10-31 12:00:00,371.9,374.1,360.5,363.0,25.20400000,1730390399999,9206.00400000,29,1.94500000,717.87090000,0
2024-10-31 16:00:00,362.5,362.5,352.2,352.2,2.38600000,1730404799999,854.57290000,19,0.23000000,82.56310000,0
2024-10-31 20:00:00,355.7,360.4,350.2,357.8,5.13500000,1730419199999,1830.50360000,16,3.09000000,1106.42980000,0
2024-11-01 00:00:00,358.4,362.0,347.6,350.0,17.71200000,1730433599999,6263.92030000,88,6.44000000,2259.72670000,0
2024-11-01 04:00:00,351.5,353.1,344.5,346.8,3.60100000,1730447999999,1251.12890000,18,1.14800000,398.32940000,0
2024-11-01 08:00:00,347.5,353.6,345.8,348.1,5.20100000,1730462399999,1805.65780000,15,5.15500000,1789.64520000,0
2024-11-01 12:00:00,353.7,365.3,344.7,347.2,8.70100000,1730476799999,3080.79630000,30,2.69900000,952.84700000,0
2024-11-01 16:00:00,350.8,354.9,348.7,354.9,6.40000000,1730491199999,2242.78140000,15,5.46900000,1918.14170000,0
2024-11-01 20:00:00,351.1,355.4,343.9,354.1,2.46200000,1730505599999,859.43000000,10,0.41000000,144.66810000,0
2024-11-02 00:00:00,351.7,353.8,348.7,353.8,1.15200000,1730519999999,405.50630000,9,1.14200000,402.01380000,0
2024-11-02 04:00:00,351.7,351.7,348.2,349.8,10.37800000,1730534399999,3616.16570000,11,1.13500000,396.56110000,0
2024-11-02 08:00:00,351.1,351.1,343.5,348.5,0.22200000,1730548799999,76.60130000,7,0.05600000,19.55240000,0
2024-11-02 12:00:00,349.9,357.0,342.1,342.1,3.75100000,1730563199999,1294.90330000,17,0.05600000,19.77780000,0
2024-11-02 16:00:00,342.1,346.6,340.9,346.6,8.46000000,1730577599999,2907.04670000,39,8.44300000,2901.24580000,0
2024-11-02 20:00:00,347.8,355.4,335.3,352.1,9.31600000,1730591999999,3218.26650000,26,4.98600000,1745.93200000,0
2024-11-03 00:00:00,353.8,354.1,337.9,347.1,8.54400000,1730606399999,2971.07070000,38,5.52200000,1927.33550000,0
2024-11-03 04:00:00,350.0,350.5,342.6,342.6,6.31500000,1730620799999,2183.40000000,22,2.78800000,967.77030000,0
2024-11-03 08:00:00,341.6,342.3,341.6,342.0,1.98500000,1730635199999,678.76300000,3,1.94400000,664.74100000,0
2024-11-03 12:00:00,337.1,340.3,334.5,338.4,42.29000000,1730649599999,14191.22650000,30,3.73500000,1265.41180000,0
2024-11-03 16:00:00,338.8,345.9,334.1,340.0,25.32200000,1730663999999,8554.96360000,24,15.52800000,5272.43760000,0
2024-11-03 20:00:00,340.0,340.0,340.0,340.0,0.34600000,1730678399999,117.64000000,1,0.34600000,117.64000000,0
2024-11-04 00:00:00,335.1,341.5,334.0,340.7,8.52100000,1730692799999,2869.18980000,20,3.47100000,1182.20420000,0
2024-11-04 04:00:00,338.7,340.8,334.0,334.0,8.78800000,1730707199999,2943.45890000,16,1.20400000,409.01730000,0
2024-11-04 08:00:00,333.0,333.2,333.0,333.2,2.19300000,1730721599999,730.36260000,4,0.00000000,0.00000000,0
2024-11-04 12:00:00,337.0,337.0,337.0,337.0,1.53600000,1730735999999,517.63200000,4,0.00000000,0.00000000,0
2024-11-04 16:00:00,337.6,337.6,333.2,333.2,8.51700000,1730750399999,2852.94740000,56,0.36500000,122.81450000,0
2024-11-04 20:00:00,333.2,333.2,326.7,326.9,16.82700000,1730764799999,5560.14570000,34,0.24700000,81.50400000,0
2024-11-05 00:00:00,329.2,336.0,326.7,331.0,14.07900000,1730779199999,4645.77170000,32,13.69000000,4517.72180000,0
2024-11-05 04:00:00,331.0,336.6,331.0,335.8,1.43600000,1730793599999,481.50840000,7,1.43600000,481.50840000,0
2024-11-05 08:00:00,338.4,338.4,336.1,336.1,0.20400000,1730807999999,68.58280000,2,0.00800000,2.70720000,0
2024-11-05 12:00:00,331.0,344.6,331.0,344.6,7.11400000,1730822399999,2433.41780000,15,5.64200000,1939.46580000,0
2024-11-05 16:00:00,341.0,344.7,337.3,339.8,18.32800000,1730836799999,6234.00610000,42,2.44500000,841.38700000,0
2024-11-05 20:00:00,345.2,347.0,342.0,342.0,1.85900000,1730851199999,636.01280000,4,1.52900000,523.15280000,0
2024-11-06 00:00:00,341.5,370.7,341.5,364.3,37.62000000,1730865599999,13290.43270000,140,21.08400000,7447.14030000,0
2024-11-06 04:00:00,358.7,380.3,356.9,371.2,53.55000000,1730879999999,19938.78330000,75,46.99900000,17514.43210000,0
2024-11-06 08:00:00,368.6,373.3,364.6,373.3,6.71100000,1730894399999,2481.15790000,23,4.36000000,1621.16500000,0
2024-11-06 12:00:00,370.4,372.0,360.0,365.1,26.57200000,1730908799999,9793.43910000,30,15.75900000,5840.82970000,0
2024-11-06 16:00:00,364.2,374.8,364.2,372.1,1.84900000,1730923199999,678.01900000,6,0.35900000,133.74330000,0
2024-11-06 20:00:00,366.7,381.5,348.0,381.3,15.14900000,1730937599999,5636.32920000,51,9.28300000,3471.89130000,0
2024-11-07 00:00:00,375.2,385.6,374.2,384.5,1.70600000,1730951999999,652.56360000,29,1.36400000,523.06720000,0
2024-11-07 04:00:00,376.2,376.9,355.5,370.0,15.88100000,1730966399999,5911.83930000,37,9.02200000,3351.31340000,0
2024-11-07 08:00:00,374.6,377.6,374.1,374.1,2.99900000,1730980799999,1127.28340000,9,2.81700000,1059.19720000,0
2024-11-07 12:00:00,377.6,379.3,363.7,379.3,11.87900000,1730995199999,4417.87130000,56,5.65500000,2134.13140000,0
2024-11-07 16:00:00,379.3,385.0,377.4,381.4,4.13100000,1731009599999,1583.82140000,30,2.86400000,1100.71220000,0
2024-11-07 20:00:00,382.1,386.9,374.8,384.6,35.53400000,1731023999999,13632.01770000,34,21.02200000,8077.90280000,0
2024-11-08 00:00:00,373.7,385.7,373.7,377.2,5.40900000,1731038399999,2044.34730000,32,0.81400000,313.74460000,0
2024-11-08 04:00:00,385.1,385.1,366.5,373.8,2.78600000,1731052799999,1051.08130000,17,0.98600000,377.98120000,0
2024-11-08 08:00:00,371.0,374.9,370.0,374.9,6.67100000,1731067199999,2475.38880000,12,5.74900000,2134.13540000,0
2024-11-08 12:00:00,373.9,374.0,373.7,373.9,16.51800000,1731081599999,6176.14590000,17,15.33200000,5732.59200000,0
2024-11-08 16:00:00,370.8,375.3,362.8,375.3,16.69700000,1731095999999,6169.88240000,32,9.35500000,3468.40670000,0
2024-11-08 20:00:00,364.4,380.2,364.4,377.4,3.58600000,1731110399999,1343.08170000,12,2.71000000,1020.47700000,0
2024-11-09 00:00:00,378.1,378.3,367.5,375.0,7.06200000,1731124799999,2646.16950000,99,1.95500000,735.95330000,0
2024-11-09 04:00:00,375.9,376.8,368.4,376.8,30.27300000,1731139199999,11395.53540000,10,29.24100000,11014.57440000,0
2024-11-09 08:00:00,374.5,376.6,374.5,376.6,0.07300000,1731153599999,27.41090000,3,0.07300000,27.41090000,0
2024-11-09 12:00:00,370.8,384.6,370.8,376.4,5.78900000,1731167999999,2188.75580000,18,1.85700000,704.09370000,0
2024-11-09 16:00:00,376.3,381.5,371.4,371.4,3.18000000,1731182399999,1205.05280000,14,2.31700000,882.14400000,0
2024-11-09 20:00:00,383.6,406.8,383.6,406.8,56.97600000,1731196799999,22412.55810000,117,53.27600000,20959.65320000,0
2024-11-10 00:00:00,402.0,437.4,395.3,428.5,90.18900000,1731211199999,37963.37790000,319,71.61700000,30175.47100000,0
2024-11-10 04:00:00,426.9,436.4,422.3,429.9,17.68700000,1731225599999,7593.08160000,55,9.44500000,4048.84180000,0
2024-11-10 08:00:00,425.5,433.9,425.5,433.9,7.25100000,1731239999999,3110.24070000,16,4.83200000,2069.00640000,0
2024-11-10 12:00:00,433.5,453.3,433.5,442.5,58.41300000,1731254399999,25937.29440000,96,34.21500000,15151.99560000,0
2024-11-10 16:00:00,438.9,454.2,425.5,443.2,26.37900000,1731268799999,11656.47960000,117,11.31000000,5035.77910000,0
2024-11-10 20:00:00,443.7,458.0,420.8,437.4,33.17600000,1731283199999,14691.90140000,108,22.78500000,10136.57310000,0
2024-11-11 00:00:00,437.0,455.8,425.3,442.2,22.74700000,1731297599999,10155.98980000,124,5.56700000,2500.91090000,0
2024-11-11 04:00:00,445.6,445.6,422.6,435.0,13.00200000,1731311999999,5652.31120000,31,6.38800000,2754.46310000,0
2024-11-11 08:00:00,425.6,437.5,423.3,437.2,9.63000000,1731326399999,4170.62760000,15,6.40400000,2797.95820000,0
2024-11-11 12:00:00,433.5,449.5,423.3,445.4,5.92600000,1731340799999,2605.25280000,44,4.10800000,1801.40790000,0
2024-11-11 16:00:00,449.4,451.7,429.8,446.7,48.29400000,1731355199999,21391.23380000,103,20.05100000,8912.68800000,0
2024-11-11 20:00:00,446.8,478.0,437.8,477.3,64.58400000,1731369599999,29783.22180000,246,49.83900000,23070.96300000,0
2024-11-12 00:00:00,468.5,476.0,443.5,457.2,29.85400000,1731383999999,13652.76580000,215,13.00000000,5963.02710000,0
2024-11-12 04:00:00,446.0,463.8,445.9,462.7,7.06200000,1731398399999,3219.21130000,26,5.43800000,2483.62290000,0
2024-11-12 08:00:00,463.7,474.5,425.3,436.5,38.73400000,1731412799999,17457.91960000,101,18.88700000,8484.49140000,0
2024-11-12 12:00:00,437.9,437.9,418.7,432.6,11.48200000,1731427199999,4890.91210000,27,7.98200000,3405.02170000,0
2024-11-12 16:00:00,425.4,439.8,425.2,435.5,5.80900000,1731441599999,2512.22580000,18,1.68500000,736.20230000,0
2024-11-12 20:00:00,438.5,445.0,432.1,444.1,10.20700000,1731455999999,4474.92890000,24,4.01100000,1768.13850000,0
2024-11-13 00:00:00,426.4,444.9,417.6,417.6,10.67800000,1731470399999,4521.63290000,85,1.00000000,431.61220000,0
2024-11-13 04:00:00,415.0,420.0,404.4,413.5,27.32200000,1731484799999,11123.73870000,35,13.02900000,5330.18710000,0
2024-11-13 08:00:00,413.8,414.8,406.4,408.5,2.72800000,1731499199999,1125.99680000,5,2.12100000,878.68480000,0
2024-11-13 12:00:00,416.1,438.6,402.5,430.6,15.18300000,1731513599999,6507.39440000,42,9.44000000,4088.46190000,0
2024-11-13 16:00:00,439.3,448.7,355.6,437.3,65.94500000,1731527999999,28348.46110000,237,38.95500000,16901.64720000,0
2024-11-13 20:00:00,437.3,445.0,426.6,440.0,18.67800000,1731542399999,8092.85150000,69,10.73200000,4684.15110000,0
2024-11-14 00:00:00,440.4,448.1,428.4,448.1,22.25000000,1731556799999,9717.53860000,59,14.09700000,6192.68840000,0
2024-11-14 04:00:00,443.2,443.8,431.0,439.0,11.03800000,1731571199999,4846.33690000,18,6.13400000,2710.01650000,0
2024-11-14 08:00:00,444.1,444.1,432.0,432.0,2.33100000,1731585599999,1014.79670000,6,0.60500000,265.52130000,0
2024-11-14 12:00:00,440.4,440.4,414.5,420.0,59.40500000,1731599999999,25025.77600000,58,50.68600000,21314.35880000,0
2024-11-14 16:00:00,420.0,429.5,414.6,419.7,22.75500000,1731614399999,9566.34230000,29,22.36600000,9404.00500000,0
2024-11-14 20:00:00,420.1,429.2,410.0,410.0,19.38900000,1731628799999,8041.71890000,22,2.10100000,878.36190000,0
2024-11-15 00:00:00,410.1,424.3,410.1,421.0,5.21300000,1731643199999,2177.77880000,25,3.81100000,1601.90030000,0
2024-11-15 04:00:00,411.2,422.6,409.7,419.5,5.93400000,1731657599999,2448.55920000,16,1.01100000,424.22690000,0
2024-11-15 08:00:00,417.5,429.7,417.5,428.6,10.97500000,1731671999999,4631.68150000,13,10.87700000,4590.03150000,0
2024-11-15 12:00:00,427.5,435.8,412.3,414.7,12.49900000,1731686399999,5324.66610000,47,3.38500000,1450.21710000,0
2024-11-15 16:00:00,426.5,426.9,418.5,425.0,12.00400000,1731700799999,5113.99340000,13,2.35400000,1000.44440000,0
2024-11-15 20:00:00,427.7,437.7,421.8,435.7,21.77400000,1731715199999,9350.23170000,49,11.93200000,5136.95590000,0
2024-11-16 00:00:00,430.1,435.0,422.7,426.8,15.09400000,1731729599999,6518.18060000,42,11.93900000,5169.93690000,0
2024-11-16 04:00:00,431.4,442.0,426.8,432.0,32.68600000,1731743999999,14192.40770000,36,5.77500000,2520.01940000,0
2024-11-16 08:00:00,437.9,448.2,432.1,444.3,11.30600000,1731758399999,4980.19500000,36,9.05800000,3995.49290000,0
2024-11-16 12:00:00,445.2,469.9,432.0,453.0,79.16300000,1731772799999,35563.11040000,137,63.48200000,28518.90480000,0
2024-11-16 16:00:00,463.6,481.2,442.9,481.2,26.73100000,1731787199999,12537.61770000,84,18.53100000,8670.45330000,0
2024-11-16 20:00:00,476.6,482.8,457.7,463.7,11.57100000,1731801599999,5442.94320000,63,2.11200000,1002.86110000,0
2024-11-17 00:00:00,463.8,487.3,431.6,466.5,30.40300000,1731815999999,14266.66120000,204,14.20000000,6784.97710000,0
2024-11-17 04:00:00,432.2,453.8,430.0,451.0,8.32700000,1731830399999,3680.55740000,32,5.04500000,2242.39800000,0
2024-11-17 08:00:00,451.5,451.6,434.3,434.3,5.19700000,1731844799999,2315.90770000,24,1.90500000,856.38460000,0
2024-11-17 12:00:00,450.0,450.0,431.3,432.8,2.26500000,1731859199999,988.59190000,9,1.00100000,440.52080000,0
2024-11-17 16:00:00,432.9,441.3,428.9,428.9,1.38800000,1731873599999,599.48500000,12,0.00700000,3.08910000,0
2024-11-17 20:00:00,441.0,451.0,425.3,428.2,12.18700000,1731887999999,5234.33240000,24,7.78400000,3342.90300000,0
2024-11-18 00:00:00,432.6,449.8,426.3,436.9,13.70400000,1731902399999,6032.10730000,159,10.92900000,4829.59510000,0
2024-11-18 04:00:00,438.7,456.8,424.7,454.4,33.58000000,1731916799999,14846.09050000,78,11.28600000,5049.90200000,0
2024-11-18 08:00:00,448.7,448.7,438.6,438.6,4.00100000,1731931199999,1777.61250000,13,0.12400000,54.96920000,0
2024-11-18 12:00:00,446.6,446.6,430.0,442.1,6.30000000,1731945599999,2766.42060000,24,4.13000000,1819.88570000,0
2024-11-18 16:00:00,448.2,449.9,433.6,433.6,16.66900000,1731959999999,7376.98660000,21,6.18500000,2751.96160000,0
2024-11-18 20:00:00,433.1,471.7,433.1,456.9,27.94500000,1731974399999,12800.83030000,68,20.08500000,9244.84810000,0
2024-11-19 00:00:00,456.2,459.6,447.3,451.4,6.77200000,1731988799999,3085.12450000,167,6.56700000,2992.97160000,0
2024-11-19 04:00:00,459.2,459.2,452.4,459.1,0.59600000,1732003199999,271.93360000,8,0.28800000,132.02190000,0
2024-11-19 08:00:00,452.0,452.0,444.4,448.9,7.55300000,1732017599999,3385.36320000,18,1.10200000,494.81680000,0
2024-11-19 12:00:00,451.3,451.4,440.1,440.1,6.20400000,1732031999999,2737.21990000,10,0.07800000,35.20220000,0
2024-11-19 16:00:00,444.1,460.5,443.8,448.5,1.62900000,1732046399999,730.67770000,9,0.19700000,89.95480000,0
2024-11-19 20:00:00,453.3,459.4,439.1,439.8,17.93300000,1732060799999,7925.25690000,23,3.35600000,1510.80400000,0
2024-11-20 00:00:00,452.6,460.2,430.0,439.3,24.62000000,1732075199999,10680.00080000,131,5.83200000,2568.37830000,0
2024-11-20 04:00:00,439.3,454.8,432.2,435.1,15.22200000,1732089599999,6649.76370000,30,5.88100000,2583.98770000,0
2024-11-20 08:00:00,437.1,443.3,437.0,442.3,19.26700000,1732103999999,8496.91430000,26,15.49300000,6835.15220000,0
2024-11-20 12:00:00,439.7,452.9,439.7,452.9,15.00100000,1732118399999,6663.82890000,17,6.37100000,2824.01580000,0
2024-11-20 16:00:00,452.5,452.5,430.0,431.8,31.48400000,1732132799999,13723.83990000,37,4.42000000,1940.57060000,0
2024-11-20 20:00:00,442.5,447.6,434.0,436.8,2.99300000,1732147199999,1321.37770000,11,1.97000000,875.11370000,0
2024-11-21 00:00:00,444.1,456.2,434.2,456.2,41.34100000,1732161599999,18443.04600000,249,21.21200000,9528.20320000,0
2024-11-21 04:00:00,455.8,535.3,453.3,533.6,291.35600000,1732175999999,148236.25560000,433,110.71300000,55347.79590000,0
2024-11-21 08:00:00,525.7,527.7,511.8,525.2,31.34200000,1732190399999,16333.74120000,56,8.45700000,4392.65360000,0
2024-11-21 12:00:00,521.5,522.9,473.5,473.5,59.19300000,1732204799999,29397.05860000,190,8.69900000,4452.70460000,0
2024-11-21 16:00:00,489.6,489.6,473.3,489.6,20.89900000,1732219199999,10143.97390000,57,11.63100000,5647.44940000,0
2024-11-21 20:00:00,489.1,492.4,472.9,492.4,18.82200000,1732233599999,9061.55120000,26,13.14600000,6346.15460000,0
2024-11-22 00:00:00,477.8,505.0,475.0,495.1,225.61400000,1732247999999,108428.22170000,266,179.93100000,86164.40490000,0
2024-11-22 04:00:00,494.3,504.0,490.7,495.9,17.10700000,1732262399999,8484.63260000,30,5.91600000,2930.96930000,0
2024-11-22 08:00:00,492.2,504.5,481.9,482.8,12.83900000,1732276799999,6304.80130000,24,0.22400000,109.73050000,0
2024-11-22 12:00:00,501.6,503.9,452.8,485.1,18.17400000,1732291199999,8695.73370000,69,10.10600000,4874.08390000,0
2024-11-22 16:00:00,480.6,492.1,473.7,484.0,6.59500000,1732305599999,3210.61930000,18,5.49200000,2680.19460000,0
2024-11-22 20:00:00,491.8,495.0,483.9,490.0,30.62900000,1732319999999,15060.38670000,30,25.01500000,12333.34570000,0
2024-11-23 00:00:00,489.5,571.8,485.0,545.6,124.60000000,1732334399999,65828.01350000,493,76.32600000,39879.55010000,0
2024-11-23 04:00:00,533.6,546.4,527.3,536.3,25.73100000,1732348799999,13802.51900000,72,11.92700000,6440.42100000,0
2024-11-23 08:00:00,538.6,538.7,527.5,527.5,9.43900000,1732363199999,5021.44640000,17,5.53800000,2960.70370000,0
2024-11-23 12:00:00,528.1,549.5,523.3,524.9,58.14400000,1732377599999,31369.11770000,73,20.04200000,10767.77730000,0
2024-11-23 16:00:00,520.5,525.0,499.6,507.0,106.56300000,1732391999999,54126.53660000,94,94.30100000,47881.65420000,0
2024-11-23 20:00:00,506.7,512.2,495.0,501.6,23.90400000,1732406399999,11987.62800000,31,21.19000000,10625.30740000,0
2024-11-24 00:00:00,509.8,526.8,502.0,523.1,47.67900000,1732420799999,24587.50660000,185,46.35300000,23897.73590000,0
2024-11-24 04:00:00,516.8,521.2,508.2,512.3,21.10800000,1732435199999,10825.68360000,59,9.30900000,4779.11810000,0
2024-11-24 08:00:00,507.6,509.2,497.3,502.4,56.57600000,1732449599999,28508.88290000,59,16.93200000,8566.94990000,0
2024-11-24 12:00:00,500.4,501.6,472.7,486.8,33.43000000,1732463999999,16324.89630000,87,16.43400000,8002.19010000,0
2024-11-24 16:00:00,492.9,509.3,488.1,497.1,16.06800000,1732478399999,8021.31390000,40,3.92400000,1962.63850000,0
2024-11-24 20:00:00,503.7,518.9,485.0,516.0,65.55300000,1732492799999,33734.64850000,65,8.75400000,4471.48550000,0
2024-11-25 00:00:00,516.0,520.5,496.0,512.7,831.16700000,1732507199999,428634.37250000,243,10.94700000,5548.60430000,0
2024-11-25 04:00:00,507.2,514.6,507.2,512.2,14.39200000,1732521599999,7361.20390000,27,4.72800000,2418.84260000,0
2024-11-25 08:00:00,512.0,530.4,512.0,522.3,33.91700000,1732535999999,17690.12200000,75,18.01400000,9383.77520000,0
2024-11-25 12:00:00,522.3,531.7,500.0,506.1,12.84900000,1732550399999,6604.74900000,31,4.41800000,2273.35290000,0
2024-11-25 16:00:00,512.0,512.0,500.1,506.6,11.28100000,1732564799999,5691.23670000,32,0.11800000,59.77880000,0
2024-11-25 20:00:00,512.6,513.0,488.7,496.3,27.19500000,1732579199999,13531.21550000,71,2.63000000,1319.41730000,0
2024-11-26 00:00:00,489.7,508.0,488.3,501.9,33.80000000,1732593599999,16844.30460000,178,18.34500000,9157.07130000,0
2024-11-26 04:00:00,499.5,507.4,493.2,494.4,40.75500000,1732607999999,20264.64940000,55,20.58900000,10225.52250000,0
2024-11-26 08:00:00,495.4,496.5,471.7,492.3,40.52100000,1732622399999,19762.19650000,76,13.29300000,6516.10980000,0
2024-11-26 12:00:00,480.7,493.5,476.4,490.7,8.10000000,1732636799999,3938.82150000,16,5.07600000,2481.77420000,0
2024-11-26 16:00:00,488.8,498.9,476.6,498.9,17.87700000,1732651199999,8676.75600000,30,5.03600000,2463.09600000,0
2024-11-26 20:00:00,488.9,499.0,482.0,486.5,8.10900000,1732665599999,3978.71510000,25,6.65100000,3269.08970000,0
2024-11-27 00:00:00,498.8,511.0,489.3,496.3,13.86600000,1732679999999,6854.08680000,115,5.58700000,2777.17580000,0
2024-11-27 04:00:00,496.6,508.0,489.7,504.4,15.54500000,1732694399999,7768.50070000,26,13.99500000,6992.60350000,0
2024-11-27 08:00:00,501.5,516.3,495.8,503.1,17.88300000,1732708799999,9083.38240000,50,10.25800000,5234.35900000,0
2024-11-27 12:00:00,504.1,523.3,504.1,518.0,21.53200000,1732723199999,11129.11600000,33,8.50900000,4391.01390000,0
2024-11-27 16:00:00,514.5,519.3,511.2,517.1,18.91000000,1732737599999,9724.04440000,54,5.18400000,2680.39580000,0
2024-11-27 20:00:00,513.1,522.2,511.6,519.9,14.38600000,1732751999999,7456.77080000,33,10.29800000,5347.83740000,0
2024-11-28 00:00:00,523.1,524.4,506.3,507.7,15.20700000,1732766399999,7836.88250000,190,7.95200000,4118.44570000,0
2024-11-28 04:00:00,513.3,523.9,507.1,508.4,3.02200000,1732780799999,1539.96650000,9,0.59000000,303.46950000,0
2024-11-28 08:00:00,505.7,512.0,500.0,502.6,9.28800000,1732795199999,4662.60920000,21,1.67100000,846.88470000,0
2024-11-28 12:00:00,506.6,510.0,497.0,499.4,7.63100000,1732809599999,3854.11610000,13,6.80000000,3438.39360000,0
2024-11-28 16:00:00,505.1,508.8,501.7,508.7,6.00800000,1732823999999,3044.44100000,18,4.27500000,2173.43760000,0
2024-11-28 20:00:00,507.4,513.1,502.8,506.5,1.69800000,1732838399999,865.26500000,9,1.24000000,633.42360000,0
2024-11-29 00:00:00,512.2,518.1,506.8,513.8,8.51000000,1732852799999,4351.21570000,172,3.84300000,1974.56000000,0
2024-11-29 04:00:00,514.4,515.6,497.0,497.0,11.70300000,1732867199999,5903.44870000,30,1.79000000,915.21800000,0
2024-11-29 08:00:00,503.6,510.3,497.6,510.3,13.73000000,1732881599999,6989.85200000,38,5.20700000,2646.13760000,0
2024-11-29 12:00:00,512.4,520.5,511.8,514.7,21.76900000,1732895999999,11198.47440000,50,8.81800000,4545.19640000,0
2024-11-29 16:00:00,518.3,518.9,509.0,515.6,6.29100000,1732910399999,3238.56590000,28,3.09500000,1598.25960000,0
2024-11-29 20:00:00,512.7,520.7,511.7,514.9,6.84700000,1732924799999,3537.14490000,31,3.44600000,1784.22220000,0
2024-11-30 00:00:00,518.2,525.6,510.9,514.4,34.38700000,1732939199999,17696.77780000,169,18.99500000,9787.95390000,0
2024-11-30 04:00:00,517.3,517.3,507.5,510.0,7.20800000,1732953599999,3679.24860000,11,3.38900000,1728.93390000,0
2024-11-30 08:00:00,510.5,539.8,510.4,516.7,30.51500000,1732967999999,15944.87440000,88,15.47400000,8100.02870000,0
2024-11-30 12:00:00,521.2,537.8,520.8,536.4,12.49200000,1732982399999,6615.55090000,57,5.71700000,3030.52640000,0
2024-11-30 16:00:00,529.5,536.4,525.1,535.1,10.31600000,1732996799999,5471.85170000,31,7.45900000,3969.54220000,0
2024-11-30 20:00:00,531.1,534.1,522.1,523.2,9.39800000,1733011199999,4949.80370000,37,1.09400000,580.81000000,0
2024-12-01 00:00:00,529.5,531.8,510.2,515.5,8.55800000,1733025599999,4430.16210000,173,4.95800000,2572.78450000,0
2024-12-01 04:00:00,511.0,522.9,510.8,516.3,7.44200000,1733039999999,3853.91380000,28,4.98800000,2591.77240000,0
2024-12-01 08:00:00,520.1,525.0,520.1,524.6,1.85300000,1733054399999,965.45150000,5,1.85300000,965.45150000,0
2024-12-01 12:00:00,512.8,532.2,512.8,532.2,7.11500000,1733068799999,3763.16530000,14,6.61900000,3506.59740000,0
2024-12-01 16:00:00,532.2,532.2,520.2,524.0,3.57600000,1733083199999,1894.09900000,9,2.86200000,1518.35040000,0
2024-12-01 20:00:00,518.7,536.5,512.8,528.2,22.68200000,1733097599999,11923.61060000,78,11.52700000,6088.11730000,0
2024-12-02 00:00:00,528.0,558.5,527.5,531.7,124.73000000,1733111999999,68119.29190000,467,86.65000000,47442.50130000,0
2024-12-02 04:00:00,538.6,549.2,522.8,525.6,24.47600000,1733126399999,12979.75910000,71,11.89100000,6321.47800000,0
2024-12-02 08:00:00,525.6,534.9,497.1,497.9,30.77000000,1733140799999,15580.15320000,76,21.48900000,10841.49600000,0
2024-12-02 12:00:00,499.2,534.2,499.2,525.5,27.70700000,1733155199999,14297.37190000,54,10.61100000,5473.51000000,0
2024-12-02 16:00:00,531.5,536.4,503.4,510.5,90.83600000,1733169599999,47318.12820000,133,34.65500000,18110.86750000,0
2024-12-02 20:00:00,518.5,539.5,518.4,538.5,13.04500000,1733183999999,6863.75740000,61,8.71000000,4588.75520000,0
2024-12-03 00:00:00,540.1,548.0,528.8,543.4,34.70400000,1733198399999,18717.32650000,211,13.44300000,7293.92460000,0
2024-12-03 04:00:00,537.0,559.8,529.9,541.4,46.28700000,1733212799999,25438.69770000,104,33.51800000,18521.04760000,0
2024-12-03 08:00:00,529.7,542.4,525.4,542.4,18.44700000,1733227199999,9853.24530000,72,12.04300000,6474.42060000,0
2024-12-03 12:00:00,535.8,570.0,512.9,527.5,96.15400000,1733241599999,52489.62270000,252,64.71900000,35640.09450000,0
2024-12-03 16:00:00,534.8,542.8,524.9,536.4,25.29500000,1733255999999,13485.28850000,81,10.49200000,5597.75750000,0
2024-12-03 20:00:00,530.2,570.0,512.9,570.0,558.99900000,1733270399999,315095.34260000,686,540.60200000,305086.64980000,0
2024-12-04 00:00:00,559.1,570.0,559.1,569.6,375.23200000,1733284799999,213856.02240000,1121,371.12700000,211538.52450000,0
2024-12-04 04:00:00,569.6,576.4,561.1,576.4,110.63300000,1733299199999,63055.13390000,153,107.85500000,61488.38100000,0
2024-12-04 08:00:00,576.4,580.4,565.9,568.9,21.35300000,1733313599999,12253.61230000,84,10.18000000,5871.65170000,0
2024-12-04 12:00:00,566.0,571.0,556.7,567.9,35.95800000,1733327999999,20247.45920000,47,14.49000000,8204.95180000,0
2024-12-04 16:00:00,566.3,568.9,541.7,566.1,74.09300000,1733342399999,41073.76640000,101,35.74500000,19939.84680000,0
2024-12-04 20:00:00,560.9,587.0,558.0,585.9,46.50600000,1733356799999,26811.20020000,130,31.18600000,18004.73540000,0
2024-12-05 00:00:00,582.3,611.9,551.7,583.1,127.67500000,1733371199999,73970.19080000,345,65.23200000,37993.01080000,0
2024-12-05 04:00:00,585.8,628.5,573.4,618.8,73.09200000,1733385599999,43938.91570000,245,44.25800000,26592.68800000,0
2024-12-05 08:00:00,615.5,619.5,602.9,615.8,27.24600000,1733399999999,16641.66870000,82,9.96900000,6095.11550000,0
2024-12-05 12:00:00,614.3,632.9,607.0,609.2,30.43300000,1733414399999,18826.71490000,96,14.33800000,8897.83470000,0
2024-12-05 16:00:00,610.5,619.2,594.9,595.3,31.89200000,1733428799999,19455.89410000,71,13.04300000,7981.70100000,0
2024-12-05 20:00:00,603.9,606.7,568.8,587.9,62.13600000,1733443199999,36477.84050000,116,28.55100000,16774.79310000,0
2024-12-06 00:00:00,588.2,599.9,580.6,594.2,24.38300000,1733457599999,14414.80590000,164,15.05200000,8919.56800000,0
2024-12-06 04:00:00,596.2,602.6,586.1,596.3,6.92200000,1733471999999,4127.77540000,25,5.98600000,3574.12510000,0
2024-12-06 08:00:00,590.5,594.6,581.0,593.6,12.61200000,1733486399999,7426.70410000,24,6.19300000,3660.87030000,0
2024-12-06 12:00:00,594.4,622.5,588.2,617.4,16.31800000,1733500799999,9866.90290000,54,11.34300000,6879.97660000,0
2024-12-06 16:00:00,622.5,640.0,594.4,639.5,29.51100000,1733515199999,18578.85640000,262,23.20700000,14651.59350000,0
2024-12-06 20:00:00,639.0,639.6,616.1,620.6,13.82800000,1733529599999,8673.25040000,88,2.56400000,1613.84380000,0
2024-12-07 00:00:00,612.8,627.0,612.4,615.7,9.86000000,1733543999999,6095.93110000,133,6.57100000,4072.64030000,0
2024-12-07 04:00:00,613.7,626.5,611.4,618.1,9.16500000,1733558399999,5636.67460000,43,4.86200000,2999.03580000,0
2024-12-07 08:00:00,618.2,626.2,616.1,616.1,13.69000000,1733572799999,8488.48060000,37,4.71900000,2926.83020000,0
2024-12-07 12:00:00,616.4,618.3,610.0,614.6,12.70800000,1733587199999,7810.34580000,30,7.29400000,4490.24750000,0
2024-12-07 16:00:00,612.9,615.7,602.0,609.7,142.78900000,1733601599999,87145.94060000,60,38.73000000,23395.19680000,0
2024-12-07 20:00:00,606.4,614.4,605.9,605.9,7.73700000,1733615999999,4735.58070000,14,5.62100000,3448.61780000,0
2024-12-08 00:00:00,608.2,620.3,606.9,618.0,36.33300000,1733630399999,22451.23580000,148,34.04300000,21049.52140000,0
2024-12-08 04:00:00,617.0,626.3,608.5,613.4,20.96100000,1733644799999,12884.57370000,35,12.46900000,7675.32760000,0
2024-12-08 08:00:00,609.4,611.4,601.8,611.4,20.33300000,1733659199999,12362.69420000,40,12.98800000,7912.43570000,0
2024-12-08 12:00:00,620.0,625.2,611.8,619.2,13.55200000,1733673599999,8377.61840000,26,5.98000000,3694.77090000,0
2024-12-08 16:00:00,618.5,625.6,611.6,617.7,14.75600000,1733687999999,9127.26300000,27,8.48700000,5269.69590000,0
2024-12-08 20:00:00,619.2,620.0,612.1,619.8,3.73700000,1733702399999,2303.14100000,10,2.01500000,1248.62690000,0
2024-12-09 00:00:00,620.2,625.1,601.2,609.9,43.21300000,1733716799999,26323.56400000,146,16.98800000,10381.55610000,0
2024-12-09 04:00:00,611.2,612.1,595.5,606.0,11.61500000,1733731199999,7010.57830000,32,4.18200000,2547.05540000,0
2024-12-09 08:00:00,605.8,610.6,590.0,590.8,30.05800000,1733745599999,18041.83520000,55,14.70000000,8844.27990000,0
2024-12-09 12:00:00,589.4,611.4,586.6,592.6,44.09000000,1733759999999,26443.33350000,86,16.48400000,9905.05600000,0
2024-12-09 16:00:00,595.4,605.5,591.2,600.0,26.15900000,1733774399999,15676.82640000,50,15.30500000,9176.27860000,0
2024-12-09 20:00:00,593.4,606.7,540.0,551.2,45.05700000,1733788799999,25587.81600000,216,7.62300000,4308.22070000,0
2024-12-10 00:00:00,546.9,571.5,520.7,543.5,38.37900000,1733803199999,20870.82820000,193,17.26300000,9441.56580000,0
2024-12-10 04:00:00,548.1,548.1,531.8,540.5,26.36900000,1733817599999,14302.93850000,41,7.40700000,4014.04410000,0
2024-12-10 08:00:00,549.9,555.8,540.4,555.8,5.17700000,1733831999999,2836.66110000,18,2.22700000,1225.05730000,0
2024-12-10 12:00:00,537.1,544.3,502.9,502.9,17.22400000,1733846399999,8888.73900000,38,6.57700000,3404.03700000,0
2024-12-10 16:00:00,501.1,525.0,485.3,505.8,27.77500000,1733860799999,13967.69770000,85,14.41000000,7306.39820000,0
2024-12-10 20:00:00,507.7,526.1,506.7,516.3,34.63200000,1733875199999,17853.11450000,57,17.43600000,9000.07320000,0
2024-12-11 00:00:00,516.9,522.5,496.3,518.1,26.39100000,1733889599999,13523.13990000,115,14.44500000,7410.66330000,0
2024-12-11 04:00:00,513.8,529.7,495.1,521.1,1.48500000,1733903999999,764.79920000,11,0.71700000,373.82780000,0
2024-12-11 08:00:00,524.6,530.4,517.2,530.4,3.21500000,1733918399999,1692.22820000,11,2.24200000,1187.30670000,0
2024-12-11 12:00:00,530.4,550.4,530.4,546.9,51.14600000,1733932799999,27967.78620000,76,50.93500000,27854.63280000,0
2024-12-11 16:00:00,546.9,546.9,540.1,542.3,5.96300000,1733947199999,3255.13980000,23,3.62100000,1979.75050000,0
2024-12-11 20:00:00,545.1,551.0,540.3,546.6,7.88400000,1733961599999,4307.19850000,32,5.92900000,3245.22470000,0
2024-12-12 00:00:00,543.9,563.5,542.0,556.9,33.57300000,1733975999999,18449.04940000,138,24.55000000,13519.27060000,0
2024-12-12 04:00:00,557.3,565.3,553.9,556.3,13.32600000,1733990399999,7427.46410000,45,2.76400000,1547.99460000,0
2024-12-12 08:00:00,557.1,557.8,543.0,543.0,16.23400000,1734004799999,8960.66600000,30,7.40800000,4091.05420000,0
2024-12-12 12:00:00,545.3,556.4,543.2,550.6,26.98000000,1734019199999,14866.22330000,61,14.11700000,7785.06140000,0
2024-12-12 16:00:00,552.4,560.1,539.9,539.9,11.57600000,1734033599999,6353.65220000,55,3.70100000,2046.12260000,0
2024-12-12 20:00:00,548.8,549.2,535.6,540.0,14.72800000,1734047999999,7977.14470000,39,9.52600000,5164.84950000,0
2024-12-13 00:00:00,539.4,550.0,528.8,537.9,18.18500000,1734062399999,9799.01100000,151,9.64600000,5206.85790000,0
2024-12-13 04:00:00,535.8,549.8,524.8,524.8,10.15200000,1734076799999,5398.08710000,31,5.90200000,3123.91690000,0
2024-12-13 08:00:00,533.5,542.7,526.0,536.9,11.56200000,1734091199999,6136.22040000,28,5.38900000,2863.54300000,0
2024-12-13 12:00:00,532.5,542.7,527.0,540.7,10.81300000,1734105599999,5780.22910000,22,5.99900000,3205.76820000,0
2024-12-13 16:00:00,531.2,543.4,524.0,538.4,26.45900000,1734119999999,14076.72600000,49,10.50800000,5605.71840000,0
2024-12-13 20:00:00,538.0,541.3,526.4,541.3,8.10900000,1734134399999,4346.02920000,20,4.38100000,2360.83520000,0
2024-12-14 00:00:00,539.2,555.0,535.0,552.3,24.16300000,1734148799999,13136.30360000,188,11.14500000,6045.91440000,0
2024-12-14 04:00:00,546.5,552.1,539.7,542.6,2.32500000,1734163199999,1262.18130000,19,0.56200000,305.49440000,0
2024-12-14 08:00:00,543.6,544.2,531.7,534.8,7.78600000,1734177599999,4205.26020000,25,4.21500000,2272.31580000,0
2024-12-14 12:00:00,537.5,538.6,522.3,531.1,18.22000000,1734191999999,9613.82900000,24,3.13000000,1655.66290000,0
2024-12-14 16:00:00,525.5,531.5,520.9,527.6,13.67800000,1734206399999,7182.21310000,19,3.25600000,1717.47760000,0
2024-12-14 20:00:00,528.0,531.1,519.8,530.9,7.91900000,1734220799999,4159.82290000,25,5.24000000,2759.05140000,0
2024-12-15 00:00:00,527.3,540.3,520.0,532.2,23.15900000,1734235199999,12318.30170000,84,11.01600000,5877.08100000,0
2024-12-15 04:00:00,536.2,541.1,528.8,532.0,9.23500000,1734249599999,4929.94930000,21,3.85800000,2063.94510000,0
2024-12-15 08:00:00,531.7,539.0,528.6,533.2,5.05200000,1734263999999,2679.08670000,20,3.67700000,1947.79500000,0
2024-12-15 12:00:00,542.3,545.2,519.8,542.7,3.93500000,1734278399999,2132.36050000,36,2.59200000,1409.75060000,0
2024-12-15 16:00:00,522.6,543.8,522.6,532.0,1.79100000,1734292799999,952.57320000,17,0.60000000,323.91980000,0
2024-12-15 20:00:00,526.5,549.5,522.6,549.0,21.49000000,1734307199999,11457.26580000,47,9.18900000,4924.01670000,0
2024-12-16 00:00:00,548.4,557.0,537.5,537.7,12.33100000,1734321599999,6751.22830000,106,4.35000000,2410.00600000,0
2024-12-16 04:00:00,538.3,544.0,535.2,541.1,8.62700000,1734335999999,4656.96040000,23,6.68400000,3613.01630000,0
2024-12-16 08:00:00,538.4,538.4,525.0,525.0,12.43400000,1734350399999,6630.35640000,52,2.51500000,1347.42410000,0
2024-12-16 12:00:00,530.9,539.1,522.0,538.1,16.93200000,1734364799999,9010.87000000,27,10.45500000,5570.76300000,0
2024-12-16 16:00:00,540.2,557.5,540.2,549.2,725.34300000,1734379199999,398395.62850000,229,18.15500000,9997.55170000,0
2024-12-16 20:00:00,549.2,557.3,537.4,537.6,13.61000000,1734393599999,7381.18070000,46,2.90500000,1574.13770000,0
2024-12-17 00:00:00,538.5,547.5,523.5,537.0,20.65500000,1734407999999,11050.34860000,166,12.53100000,6711.34070000,0
2024-12-17 04:00:00,537.6,537.8,525.6,534.9,9.21200000,1734422399999,4931.36860000,20,3.27400000,1751.42190000,0
2024-12-17 08:00:00,538.1,545.0,527.0,532.3,12.32700000,1734436799999,6639.43550000,18,4.30100000,2320.03010000,0
2024-12-17 12:00:00,532.7,543.6,451.1,530.8,30.85100000,1734451199999,15917.83600000,88,9.54800000,5098.91130000,0
2024-12-17 16:00:00,529.6,547.1,528.6,537.4,21.08400000,1734465599999,11316.59350000,55,12.81900000,6888.90470000,0
2024-12-17 20:00:00,538.5,545.4,524.5,529.6,8.68500000,1734479999999,4611.79830000,26,2.74000000,1464.61270000,0
2024-12-18 00:00:00,530.2,543.0,527.4,528.1,23.32000000,1734494399999,12459.91270000,96,12.37300000,6618.91320000,0
2024-12-18 04:00:00,527.8,530.6,515.7,521.4,13.04000000,1734508799999,6826.21450000,40,4.99700000,2616.73290000,0
2024-12-18 08:00:00,521.0,529.8,520.2,528.2,8.83800000,1734523199999,4622.10920000,15,5.53500000,2897.14740000,0
2024-12-18 12:00:00,526.2,526.2,513.1,513.1,25.70300000,1734537599999,13384.60060000,43,7.58900000,3972.63060000,0
2024-12-18 16:00:00,517.9,526.1,500.0,514.0,44.50100000,1734551999999,23060.47870000,73,18.21000000,9474.61900000,0
2024-12-18 20:00:00,505.3,514.0,477.7,480.1,61.94200000,1734566399999,30252.69460000,98,30.45200000,14911.18480000,0
2024-12-19 00:00:00,480.9,506.6,476.6,485.0,584.47200000,1734580799999,283477.37470000,586,4.79700000,2347.58990000,0
2024-12-19 04:00:00,496.3,496.3,479.2,485.0,31.50000000,1734595199999,15273.53650000,41,0.26900000,131.46250000,0
2024-12-19 08:00:00,479.2,490.0,476.1,487.6,9.68500000,1734609599999,4681.27630000,19,7.99700000,3872.75010000,0
2024-12-19 12:00:00,482.6,492.1,465.2,471.7,14.00500000,1734623999999,6739.44530000,45,3.95600000,1892.88010000,0
2024-12-19 16:00:00,470.3,476.2,426.9,432.4,40.00600000,1734638399999,18095.64360000,130,10.02200000,4576.32580000,0
2024-12-19 20:00:00,430.8,445.2,422.0,440.1,28.95400000,1734652799999,12614.04510000,68,13.56600000,5920.18090000,0
2024-12-20 00:00:00,436.5,449.3,432.4,445.8,26.91200000,1734667199999,11867.87670000,80,15.67000000,6916.45190000,0
2024-12-20 04:00:00,447.1,449.4,432.3,439.6,19.50000000,1734681599999,8608.75820000,34,6.94800000,3093.03070000,0
2024-12-20 08:00:00,431.2,431.2,391.0,394.9,29.25500000,1734695999999,11829.88800000,102,11.06700000,4500.26060000,0
2024-12-20 12:00:00,393.4,447.4,393.4,430.6,17.80100000,1734710399999,7288.36500000,47,12.53500000,5148.43230000,0
2024-12-20 16:00:00,431.4,446.6,431.4,444.5,26.65300000,1734724799999,11730.83690000,46,12.19400000,5390.09160000,0
2024-12-20 20:00:00,444.1,448.8,442.9,448.8,6.18000000,1734739199999,2748.32100000,11,6.18000000,2748.32100000,0
2024-12-21 00:00:00,448.2,454.2,445.6,453.2,7.64000000,1734753599999,3439.94060000,51,4.89700000,2212.70740000,0
2024-12-21 04:00:00,453.2,472.3,453.2,471.0,11.27900000,1734767999999,5191.65550000,44,9.77800000,4492.31700000,0
2024-12-21 08:00:00,462.6,467.0,455.3,467.0,0.46800000,1734782399999,216.20950000,3,0.23500000,109.74500000,0
2024-12-21 12:00:00,455.3,468.0,446.2,454.6,26.50300000,1734796799999,11990.66960000,51,10.11800000,4576.77570000,0
2024-12-21 16:00:00,454.7,457.6,440.1,449.4,12.78900000,1734811199999,5824.17150000,19,9.42800000,4293.13950000,0
2024-12-21 20:00:00,469.5,469.5,445.5,454.2,41.55400000,1734825599999,18872.18470000,56,17.45100000,7923.61940000,0
2024-12-22 00:00:00,456.2,458.6,447.9,454.1,12.41400000,1734839999999,5632.49210000,63,5.65000000,2575.82610000,0
2024-12-22 04:00:00,454.3,457.6,437.4,450.3,9.87600000,1734854399999,4444.88770000,23,6.84200000,3083.63750000,0
2024-12-22 08:00:00,452.9,460.5,450.8,455.3,1.92300000,1734868799999,875.95680000,12,1.71200000,780.33870000,0
2024-12-22 12:00:00,454.4,458.0,442.1,444.6,9.46900000,1734883199999,4224.46190000,25,3.09000000,1373.86080000,0
2024-12-22 16:00:00,448.3,453.9,441.2,441.2,10.74800000,1734897599999,4828.89430000,24,6.68900000,3014.96270000,0
2024-12-22 20:00:00,440.7,448.6,436.9,446.2,17.82000000,1734911999999,7894.53670000,33,9.93400000,4410.20430000,0
2024-12-23 00:00:00,445.2,456.3,432.4,456.3,16.06700000,1734926399999,7091.64760000,75,8.16500000,3622.76050000,0
2024-12-23 04:00:00,452.2,452.2,437.5,442.0,8.74700000,1734940799999,3909.58530000,27,1.06200000,476.30440000,0
2024-12-23 08:00:00,441.5,448.4,441.5,448.2,6.60700000,1734955199999,2935.99430000,14,6.52700000,2900.32970000,0
2024-12-23 12:00:00,444.7,444.7,432.7,435.2,7.63900000,1734969599999,3363.71010000,14,0.94500000,416.53360000,0
2024-12-23 16:00:00,438.1,452.3,438.1,446.4,8.66600000,1734983999999,3832.54080000,27,7.19600000,3182.40190000,0
2024-12-23 20:00:00,446.7,465.9,446.7,464.0,7.72600000,1734998399999,3551.70820000,30,4.52000000,2087.43880000,0
2024-12-24 00:00:00,460.8,462.8,451.8,455.0,11.01200000,1735012799999,5015.52560000,39,5.48000000,2491.53380000,0
2024-12-24 04:00:00,457.5,462.7,454.2,457.3,5.00800000,1735027199999,2296.42160000,20,1.66000000,760.71360000,0
2024-12-24 08:00:00,458.9,461.6,456.8,461.6,4.95500000,1735041599999,2274.30120000,8,3.69400000,1696.74750000,0
2024-12-24 12:00:00,464.0,477.2,464.0,477.2,4.34300000,1735055999999,2048.34560000,27,4.32200000,2038.36640000,0
2024-12-24 16:00:00,477.3,478.3,467.8,467.8,3.73700000,1735070399999,1768.59940000,20,2.05000000,975.66960000,0
2024-12-24 20:00:00,466.0,471.7,463.8,470.0,1.67800000,1735084799999,786.76350000,11,1.43300000,672.60750000,0
2024-12-25 00:00:00,468.0,471.8,460.3,460.3,7.84500000,1735099199999,3660.13250000,78,0.63600000,299.01200000,0
2024-12-25 04:00:00,466.2,470.8,460.0,463.6,0.46800000,1735113599999,217.63660000,6,0.46100000,214.41660000,0
2024-12-25 08:00:00,464.8,471.1,461.1,469.2,6.66000000,1735127999999,3104.74240000,10,3.49500000,1634.86150000,0
2024-12-25 12:00:00,462.1,466.4,460.7,460.7,6.24300000,1735142399999,2889.80870000,11,2.80900000,1303.70270000,0
2024-12-25 16:00:00,460.0,463.4,454.1,454.1,8.68300000,1735156799999,3985.44730000,25,3.73700000,1716.76110000,0
2024-12-25 20:00:00,461.8,465.6,458.3,465.6,2.54100000,1735171199999,1178.72090000,7,2.48600000,1153.48690000,0
2024-12-26 00:00:00,465.9,469.4,454.4,454.4,10.60900000,1735185599999,4900.25820000,142,3.39400000,1576.24450000,0
2024-12-26 04:00:00,454.5,460.9,451.7,451.7,9.86300000,1735199999999,4478.37190000,14,7.80000000,3544.30680000,0
2024-12-26 08:00:00,451.5,451.5,437.3,443.6,2.90000000,1735214399999,1285.78420000,16,2.02400000,895.30300000,0
2024-12-26 12:00:00,443.2,443.2,435.0,438.7,2.39100000,1735228799999,1046.98270000,13,0.04700000,20.79150000,0
2024-12-26 16:00:00,440.3,442.8,432.8,436.0,14.04400000,1735243199999,6136.70110000,27,11.69700000,5115.92170000,0
2024-12-26 20:00:00,438.5,440.7,433.2,439.0,4.32700000,1735257599999,1887.65210000,15,2.11600000,925.91960000,0
2024-12-27 00:00:00,438.0,441.1,432.6,440.0,5.97600000,1735271999999,2624.58020000,108,3.50700000,1541.19970000,0
2024-12-27 04:00:00,440.6,447.2,440.6,442.9,10.55000000,1735286399999,4666.09890000,18,3.83300000,1696.98520000,0
2024-12-27 08:00:00,446.1,461.1,446.1,457.9,11.30900000,1735300799999,5121.19930000,27,5.42700000,2455.52570000,0
2024-12-27 12:00:00,458.3,460.8,442.1,442.1,12.30000000,1735315199999,5536.39370000,31,4.45000000,2013.83300000,0
2024-12-27 16:00:00,440.4,447.5,440.2,447.0,5.61200000,1735329599999,2501.45530000,14,3.89500000,1739.09740000,0
2024-12-27 20:00:00,444.2,444.6,437.2,438.9,8.72400000,1735343999999,3847.88770000,27,2.16800000,957.40090000,0
2024-12-28 00:00:00,441.7,445.0,437.5,438.2,8.92800000,1735358399999,3930.33830000,37,4.75200000,2093.51410000,0
2024-12-28 04:00:00,440.8,444.9,437.6,437.7,1.07600000,1735372799999,471.04800000,7,0.04000000,17.65940000,0
2024-12-28 08:00:00,441.6,441.6,438.2,438.2,0.97400000,1735387199999,429.91100000,2,0.91300000,403.18080000,0
2024-12-28 12:00:00,442.4,448.6,442.0,442.0,8.94700000,1735401599999,3984.28150000,16,5.91400000,2633.57370000,0
2024-12-28 16:00:00,449.9,450.4,448.0,448.0,0.60900000,1735415999999,274.13140000,3,0.58600000,263.82740000,0
2024-12-28 20:00:00,445.9,454.3,445.9,454.3,1.87300000,1735430399999,842.15270000,8,1.01300000,458.67070000,0
2024-12-29 00:00:00,454.6,454.6,442.4,442.4,2.43100000,1735444799999,1094.78740000,110,1.19800000,542.71750000,0
2024-12-29 04:00:00,450.9,450.9,445.4,445.4,0.40600000,1735459199999,182.27080000,5,0.23000000,103.70340000,0
2024-12-29 08:00:00,451.9,454.3,450.8,450.8,2.69000000,1735473599999,1217.26430000,6,1.67700000,760.40890000,0
2024-12-29 12:00:00,446.7,451.2,442.7,443.6,15.82500000,1735487999999,7074.88710000,41,6.75800000,3031.19040000,0
2024-12-29 16:00:00,444.4,450.0,440.7,443.2,5.30400000,1735502399999,2348.21100000,21,1.54400000,683.62730000,0
2024-12-29 20:00:00,442.1,443.2,436.3,439.3,9.99000000,1735516799999,4396.14470000,30,7.16300000,3156.63270000,0
2024-12-30 00:00:00,437.6,450.7,434.5,445.0,24.51700000,1735531199999,10973.28500000,95,21.29000000,9534.63230000,0
2024-12-30 04:00:00,443.8,450.8,443.4,446.6,9.00700000,1735545599999,4020.21790000,21,4.50600000,2014.76410000,0
2024-12-30 08:00:00,450.3,452.5,445.1,446.5,25.91800000,1735559999999,11637.23180000,25,16.78000000,7553.05070000,0
2024-12-30 12:00:00,450.4,453.1,429.4,434.5,19.77700000,1735574399999,8681.22390000,46,6.15600000,2704.87150000,0
2024-12-30 16:00:00,433.6,449.1,433.6,449.1,11.82500000,1735588799999,5221.81230000,22,9.47700000,4175.74980000,0
2024-12-30 20:00:00,449.9,452.0,440.2,443.6,18.62300000,1735603199999,8264.24490000,42,7.07900000,3139.21500000,0
2024-12-31 00:00:00,443.6,445.0,433.9,445.0,10.03200000,1735617599999,4407.92020000,58,4.45000000,1953.77380000,0
2024-12-31 04:00:00,437.5,444.0,433.6,434.6,7.17500000,1735631999999,3145.81540000,14,3.35100000,1473.10010000,0
2024-12-31 08:00:00,438.7,448.3,438.7,447.8,8.43600000,1735646399999,3750.65680000,11,6.82400000,3039.94810000,0
2024-12-31 12:00:00,450.7,455.5,447.1,452.7,4.06800000,1735660799999,1832.36800000,11,1.22200000,551.51010000,0
2024-12-31 16:00:00,450.0,455.8,436.9,436.9,6.94200000,1735675199999,3074.85480000,38,1.14300000,505.65730000,0
2024-12-31 20:00:00,444.7,444.7,430.0,431.0,4.23100000,1735689599999,1843.47320000,23,2.90200000,1267.77150000,0
2025-01-01 00:00:00,437.3,440.0,432.5,432.5,12.26300000,1735703999999,5325.38200000,49,10.41200000,4520.66740000,0
2025-01-01 04:00:00,439.3,439.4,425.0,435.1,7.39300000,1735718399999,3209.02610000,39,4.64200000,2024.65960000,0
2025-01-01 08:00:00,428.0,428.0,427.1,427.1,0.16600000,1735732799999,71.01290000,2,0.00000000,0.00000000,0
2025-01-01 12:00:00,438.0,441.1,438.0,441.1,2.30600000,1735747199999,1013.45270000,7,2.30600000,1013.45270000,0
2025-01-01 16:00:00,444.1,450.8,444.1,450.8,0.23400000,1735761599999,104.77340000,7,0.23400000,104.77340000,0
2025-01-01 20:00:00,451.1,455.8,443.4,446.0,4.27700000,1735775999999,1918.04130000,14,1.88600000,853.86080000,0
2025-01-02 00:00:00,455.4,460.1,446.8,459.9,5.01500000,1735790399999,2285.69300000,62,3.73200000,1704.57810000,0
2025-01-02 04:00:00,453.3,463.5,453.0,463.5,9.97300000,1735804799999,4545.98770000,23,0.86400000,397.57760000,0
2025-01-02 08:00:00,460.3,463.8,460.3,463.0,17.07500000,1735819199999,7906.14500000,16,17.03300000,7886.69900000,0
2025-01-02 12:00:00,465.7,465.7,463.0,463.9,1.82600000,1735833599999,846.49550000,4,0.89100000,413.50230000,0
2025-01-02 16:00:00,455.2,461.1,453.2,460.4,3.50300000,1735847999999,1593.58550000,8,0.19600000,90.24260000,0
2025-01-02 20:00:00,454.6,465.6,454.6,458.8,7.45200000,1735862399999,3420.04520000,11,2.30600000,1067.83550000,0
2025-01-03 00:00:00,458.8,465.3,454.7,465.0,4.10500000,1735876799999,1880.64430000,88,0.39600000,183.84710000,0
2025-01-03 04:00:00,462.1,465.8,455.6,465.3,0.78200000,1735891199999,357.78010000,7,0.41200000,189.20810000,0
2025-01-03 08:00:00,455.3,463.0,455.3,456.4,2.32000000,1735905599999,1060.70300000,7,0.57000000,263.64360000,0
2025-01-03 12:00:00,456.5,471.5,455.1,467.8,66.89400000,1735919999999,31217.84570000,42,61.97900000,28959.82530000,0
2025-01-03 16:00:00,470.1,477.1,470.1,472.2,17.81900000,1735934399999,8434.76990000,22,10.06800000,4785.95490000,0
2025-01-03 20:00:00,474.8,476.3,469.9,473.5,2.14600000,1735948799999,1016.94450000,11,2.00100000,948.74750000,0
2025-01-04 00:00:00,470.7,476.4,469.4,471.0,2.89400000,1735963199999,1366.04560000,53,1.59300000,754.48040000,0
2025-01-04 04:00:00,476.4,482.0,475.9,478.2,2.12200000,1735977599999,1013.89970000,18,1.76000000,840.59560000,0
2025-01-04 08:00:00,480.0,480.0,471.0,471.0,7.99500000,1735991999999,3779.25120000,24,0.10400000,49.92000000,0
2025-01-04 12:00:00,469.9,483.0,469.9,481.5,8.96500000,1736006399999,4280.00180000,25,4.57100000,2197.17330000,0
2025-01-04 16:00:00,480.4,481.5,471.9,481.0,6.07100000,1736020799999,2912.70390000,13,4.85300000,2334.48750000,0
2025-01-04 20:00:00,476.4,479.4,472.2,474.1,2.74300000,1736035199999,1304.67830000,12,1.76000000,838.96750000,0
2025-01-05 00:00:00,473.7,479.8,472.5,474.9,1.01400000,1736049599999,481.57580000,58,0.52300000,249.52510000,0
2025-01-05 04:00:00,476.1,476.3,469.5,476.3,1.30200000,1736063999999,614.81900000,8,0.46700000,222.25990000,0
2025-01-05 08:00:00,473.0,475.1,466.3,468.4,4.01000000,1736078399999,1886.82370000,19,0.22400000,105.42780000,0
2025-01-05 12:00:00,465.8,465.8,463.2,464.0,1.43200000,1736092799999,664.07690000,7,0.00000000,0.00000000,0
2025-01-05 16:00:00,468.6,468.6,450.3,459.0,6.62200000,1736107199999,3045.38960000,26,0.78200000,365.34740000,0
2025-01-05 20:00:00,468.3,472.6,465.5,472.6,10.39400000,1736121599999,4878.74680000,19,5.48300000,2581.94230000,0
2025-01-06 00:00:00,472.2,478.1,466.0,470.7,19.07900000,1736135999999,9001.66530000,41,15.16700000,7171.32500000,0
2025-01-06 04:00:00,471.8,476.2,471.3,476.2,1.80900000,1736150399999,856.76990000,9,0.36900000,175.53930000,0
2025-01-06 08:00:00,470.2,470.2,469.3,469.3,3.52900000,1736164799999,1657.61330000,11,0.00000000,0.00000000,0
2025-01-06 12:00:00,467.1,479.9,466.0,479.9,8.05800000,1736179199999,3840.29520000,17,7.70300000,3672.21000000,0
2025-01-06 16:00:00,479.9,485.6,477.4,480.0,21.61500000,1736193599999,10413.89980000,60,17.77500000,8575.81510000,0
2025-01-06 20:00:00,484.2,485.6,469.8,481.0,7.03600000,1736207999999,3362.33320000,17,1.72600000,832.45920000,0
2025-01-07 00:00:00,484.9,485.9,479.8,479.8,7.79600000,1736222399999,3758.72020000,92,4.53300000,2188.92540000,0
2025-01-07 04:00:00,482.9,483.2,469.8,483.2,0.06200000,1736236799999,29.81070000,4,0.04500000,21.73170000,0
2025-01-07 08:00:00,484.4,484.5,467.0,467.0,6.57200000,1736251199999,3096.66850000,21,0.37400000,180.42600000,0
2025-01-07 12:00:00,467.0,467.0,443.3,443.3,23.10200000,1736265599999,10457.63010000,33,0.01000000,4.59760000,0
2025-01-07 16:00:00,451.8,463.4,432.2,439.7,3.64000000,1736279999999,1612.88920000,30,1.72300000,770.29670000,0
2025-01-07 20:00:00,440.4,443.1,435.1,443.1,2.43400000,1736294399999,1070.53490000,14,1.14900000,506.36500000,0
2025-01-08 00:00:00,440.3,443.3,434.6,441.5,4.18900000,1736308799999,1830.96020000,114,1.18800000,523.79680000,0
2025-01-08 04:00:00,432.5,439.2,430.0,433.7,6.45800000,1736323199999,2795.03260000,22,2.01900000,876.48000000,0
2025-01-08 08:00:00,436.6,436.6,429.4,435.3,1.55300000,1736337599999,674.48610000,7,0.00400000,1.74640000,0
2025-01-08 12:00:00,435.3,441.4,435.3,441.4,4.05000000,1736351999999,1772.62490000,6,4.05000000,1772.62490000,0
2025-01-08 16:00:00,430.3,440.5,420.0,429.2,16.20600000,1736366399999,6944.52120000,44,6.97400000,3009.85110000,0
2025-01-08 20:00:00,433.6,439.7,425.7,426.2,3.12200000,1736380799999,1342.02270000,16,0.18600000,81.53920000,0
2025-01-09 00:00:00,436.0,440.0,423.9,432.3,5.06800000,1736395199999,2201.15760000,38,1.52400000,668.09640000,0
2025-01-09 04:00:00,432.2,434.9,417.0,419.4,2.95800000,1736409599999,1275.15640000,18,0.02000000,8.58120000,0
2025-01-09 08:00:00,424.9,427.9,424.9,427.9,3.62500000,1736423999999,1542.84830000,6,3.62500000,1542.84830000,0
2025-01-09 12:00:00,424.6,429.7,413.0,429.7,9.56000000,1736438399999,4019.90720000,34,6.29700000,2659.04410000,0
2025-01-09 16:00:00,427.1,427.1,419.4,419.4,3.97100000,1736452799999,1675.14560000,9,0.10300000,43.98780000,0
2025-01-09 20:00:00,415.7,421.9,410.8,412.0,6.84200000,1736467199999,2850.13430000,24,3.02400000,1267.11550000,0
2025-01-10 00:00:00,423.9,426.8,412.6,424.8,2.32800000,1736481599999,979.07380000,58,1.61000000,680.78930000,0
2025-01-10 04:00:00,427.7,435.6,427.7,435.6,3.96000000,1736495999999,1702.36620000,13,3.65800000,1573.01960000,0
2025-01-10 08:00:00,427.7,435.6,427.7,430.5,0.27200000,1736510399999,117.87430000,5,0.17200000,74.84670000,0
2025-01-10 12:00:00,435.7,445.2,431.1,435.6,20.31200000,1736524799999,8858.64930000,39,14.17400000,6182.82250000,0
2025-01-10 16:00:00,444.1,450.0,441.8,449.8,3.95600000,1736539199999,1770.90090000,12,3.68100000,1649.35690000,0
2025-01-10 20:00:00,450.0,450.1,442.1,443.0,3.90100000,1736553599999,1751.88390000,12,3.73500000,1678.39270000,0
2025-01-11 00:00:00,441.3,453.2,440.3,440.3,0.66000000,1736567999999,294.15620000,31,0.31300000,141.06570000,0
2025-01-11 04:00:00,440.2,445.8,440.0,440.4,2.54300000,1736582399999,1119.36040000,8,0.12000000,52.89660000,0
2025-01-11 08:00:00,440.2,440.2,438.5,438.5,0.17000000,1736596799999,74.64660000,4,0.00000000,0.00000000,0
2025-01-11 12:00:00,433.1,439.7,433.1,434.7,0.12800000,1736611199999,55.92170000,5,0.07300000,32.07880000,0
2025-01-11 16:00:00,439.2,439.2,434.7,434.8,2.86500000,1736625599999,1247.62820000,6,0.48000000,210.81400000,0
2025-01-11 20:00:00,439.8,450.0,437.0,446.1,7.63300000,1736639999999,3371.70440000,18,1.80400000,798.47680000,0
2025-01-12 00:00:00,437.1,444.4,436.7,438.3,0.61900000,1736654399999,272.40270000,43,0.18700000,83.07740000,0
2025-01-12 04:00:00,442.2,447.2,440.2,440.2,0.02600000,1736668799999,11.47620000,3,0.00800000,3.55260000,0
2025-01-12 08:00:00,437.2,443.5,437.2,443.5,1.43600000,1736683199999,635.72570000,2,1.25500000,556.59250000,0
2025-01-12 12:00:00,439.1,458.2,439.1,450.3,12.16800000,1736697599999,5499.41290000,28,7.88600000,3570.37300000,0
2025-01-12 16:00:00,455.8,461.4,455.2,459.3,3.41500000,1736711999999,1562.62710000,20,2.99600000,1371.63260000,0
2025-01-12 20:00:00,459.3,461.4,442.7,442.7,4.75400000,1736726399999,2148.25490000,21,0.18400000,84.38940000,0
2025-01-13 00:00:00,448.1,460.3,433.2,438.9,7.68800000,1736740799999,3422.88410000,75,1.44700000,653.23280000,0
2025-01-13 04:00:00,437.2,437.2,428.8,428.8,12.13300000,1736755199999,5273.95700000,10,0.08500000,37.14950000,0
2025-01-13 08:00:00,428.8,451.5,410.0,410.0,6.71700000,1736769599999,2795.69230000,41,1.02200000,442.64440000,0
2025-01-13 12:00:00,412.4,419.0,400.9,419.0,5.50100000,1736783999999,2275.87040000,25,3.77800000,1572.25190000,0
2025-01-13 16:00:00,413.9,413.9,406.5,413.7,3.28200000,1736798399999,1343.31480000,7,1.97000000,809.85960000,0
2025-01-13 20:00:00,408.0,428.7,408.0,417.2,16.14600000,1736812799999,6881.83140000,19,11.08100000,4721.52300000,0
2025-01-14 00:00:00,409.0,432.0,409.0,432.0,2.12500000,1736827199999,902.43310000,29,1.51800000,651.22420000,0
2025-01-14 04:00:00,420.2,433.8,414.3,432.9,0.88300000,1736841599999,375.65760000,12,0.34700000,149.85320000,0
2025-01-14 08:00:00,432.3,442.1,419.2,435.0,3.01300000,1736855999999,1308.12610000,16,2.58000000,1121.90180000,0
2025-01-14 12:00:00,435.0,435.0,435.0,435.0,0.69900000,1736870399999,304.06500000,1,0.69900000,304.06500000,0
2025-01-14 16:00:00,432.1,441.0,431.9,432.5,12.53100000,1736884799999,5432.23610000,12,10.48600000,4547.80010000,0
2025-01-14 20:00:00,432.4,440.2,432.4,440.2,0.05100000,1736899199999,22.09140000,2,0.00500000,2.20100000,0
2025-01-15 00:00:00,433.6,440.4,431.9,440.4,3.62500000,1736913599999,1586.66480000,118,2.20600000,970.56330000,0
2025-01-15 04:00:00,441.7,441.7,439.4,439.4,0.01100000,1736927999999,4.84720000,2,0.01100000,4.84720000,0
2025-01-15 08:00:00,432.0,432.0,431.5,431.5,3.79200000,1736942399999,1637.19290000,7,0.00000000,0.00000000,0
2025-01-15 12:00:00,435.1,449.1,432.2,449.1,9.37100000,1736956799999,4141.34980000,24,7.54800000,3337.64710000,0
2025-01-15 16:00:00,448.9,448.9,438.3,447.0,1.01000000,1736971199999,450.29660000,5,0.87900000,392.86860000,0
2025-01-15 20:00:00,449.2,463.6,441.5,457.7,16.10200000,1736985599999,7299.37280000,42,12.39200000,5633.32790000,0
2025-01-16 00:00:00,460.3,463.9,447.5,460.8,12.64700000,1736999999999,5791.95240000,66,4.49300000,2073.52640000,0
2025-01-16 04:00:00,460.8,465.8,454.2,454.2,17.31800000,1737014399999,7883.14780000,16,2.59000000,1193.67070000,0
2025-01-16 08:00:00,461.1,461.7,449.1,460.9,2.60500000,1737028799999,1182.96820000,16,0.11000000,50.56970000,0
2025-01-16 12:00:00,460.7,465.1,447.9,465.1,8.70200000,1737043199999,3977.44010000,24,2.72200000,1258.62350000,0
2025-01-16 16:00:00,463.2,470.0,451.5,468.7,19.55000000,1737057599999,9099.22400000,49,17.40300000,8114.70090000,0
2025-01-16 20:00:00,469.5,469.8,460.5,467.8,3.13300000,1737071999999,1451.13200000,17,0.37800000,176.81210000,0
2025-01-17 00:00:00,458.5,476.7,458.5,470.2,16.94100000,1737086399999,7972.32490000,117,12.22000000,5750.80470000,0
2025-01-17 04:00:00,470.6,483.9,470.6,482.3,27.45600000,1737100799999,13152.40450000,50,25.55900000,12255.22790000,0
2025-01-17 08:00:00,476.5,483.7,475.7,483.3,2.82500000,1737115199999,1355.05730000,11,2.43500000,1168.88400000,0
2025-01-17 12:00:00,483.7,487.2,480.0,480.0,18.03400000,1737129599999,8705.91260000,23,11.33800000,5486.35660000,0
2025-01-17 16:00:00,484.6,499.0,481.1,499.0,63.43200000,1737143999999,31213.59050000,73,12.63300000,6224.37720000,0
2025-01-17 20:00:00,499.4,499.8,490.0,490.0,5.60700000,1737158399999,2754.44110000,27,0.31800000,157.70500000,0
2025-01-18 00:00:00,490.2,499.5,476.5,487.0,13.13800000,1737172799999,6415.21860000,94,1.21100000,596.05830000,0
2025-01-18 04:00:00,487.0,487.0,469.3,469.3,11.19200000,1737187199999,5285.93130000,21,1.04900000,497.98540000,0
2025-01-18 08:00:00,461.3,466.2,460.8,466.2,4.56500000,1737201599999,2110.24340000,14,1.30900000,609.62430000,0
2025-01-18 12:00:00,469.2,470.9,460.8,468.7,6.19500000,1737215999999,2895.32960000,13,3.63300000,1707.41110000,0
2025-01-18 16:00:00,467.4,474.4,460.1,469.4,6.71600000,1737230399999,3122.56290000,17,2.40300000,1129.67870000,0
2025-01-18 20:00:00,462.7,468.5,460.6,465.2,3.89700000,1737244799999,1804.85510000,16,1.18400000,550.39350000,0
2025-01-19 00:00:00,466.7,470.0,460.3,462.9,11.48500000,1737259199999,5364.72020000,60,8.17700000,3830.34200000,0
2025-01-19 04:00:00,465.9,465.9,456.0,457.1,16.30900000,1737273599999,7472.83080000,35,6.52100000,2976.58100000,0
2025-01-19 08:00:00,457.0,457.0,438.9,438.9,16.01700000,1737287999999,7142.63260000,42,4.38600000,1959.46050000,0
2025-01-19 12:00:00,436.0,463.3,436.0,456.7,12.62900000,1737302399999,5717.43660000,29,10.93300000,4960.85470000,0
2025-01-19 16:00:00,455.6,464.8,454.8,460.5,9.73500000,1737316799999,4471.36360000,20,3.16800000,1465.63560000,0
2025-01-19 20:00:00,460.5,465.2,420.9,428.8,23.10200000,1737331199999,10151.77410000,65,7.37000000,3258.17970000,0
2025-01-20 00:00:00,427.9,456.3,416.1,434.9,18.35700000,1737345599999,7801.90020000,168,11.94600000,5109.63190000,0
2025-01-20 04:00:00,419.9,482.6,419.9,467.4,16.79600000,1737359999999,7708.11930000,75,10.21700000,4642.46720000,0
2025-01-20 08:00:00,467.3,467.3,447.8,456.5,6.50400000,1737374399999,2981.86580000,24,1.74700000,812.27140000,0
2025-01-20 12:00:00,447.6,460.0,438.7,460.0,12.75700000,1737388799999,5841.31120000,14,10.27500000,4704.37900000,0
2025-01-20 16:00:00,456.1,456.1,420.7,440.5,30.06700000,1737403199999,13076.31520000,53,15.59400000,6775.95040000,0
2025-01-20 20:00:00,440.0,440.3,427.5,430.4,0.95100000,1737417599999,413.77940000,9,0.53900000,236.71350000,0
2025-01-21 00:00:00,428.1,439.1,421.4,421.4,8.75900000,1737431999999,3724.55750000,33,5.49300000,2335.27980000,0
2025-01-21 04:00:00,421.0,428.9,420.6,428.6,2.94900000,1737446399999,1250.27810000,6,1.11800000,479.43630000,0
2025-01-21 08:00:00,430.8,436.7,426.0,436.7,3.56000000,1737460799999,1543.07560000,12,2.52100000,1100.40750000,0
2025-01-21 12:00:00,439.8,442.8,427.7,442.8,0.02400000,1737475199999,10.37360000,3,0.00800000,3.53040000,0
2025-01-21 16:00:00,442.5,452.5,442.5,452.5,5.91400000,1737489599999,2638.61620000,21,3.90600000,1737.29470000,0
2025-01-21 20:00:00,452.4,455.7,445.7,452.3,1.64000000,1737503999999,740.68840000,9,1.45300000,657.33930000,0
2025-01-22 00:00:00,450.0,455.5,445.6,450.2,5.64300000,1737518399999,2539.61480000,106,5.55600000,2500.82760000,0
2025-01-22 04:00:00,445.4,452.6,445.2,450.4,0.36400000,1737532799999,163.23070000,8,0.19600000,88.41150000,0
2025-01-22 08:00:00,445.6,454.0,440.7,454.0,2.65800000,1737547199999,1184.58810000,6,0.06200000,28.09940000,0
2025-01-22 12:00:00,436.5,444.1,436.5,437.7,0.46100000,1737561599999,201.31550000,4,0.01100000,4.88450000,0
2025-01-22 16:00:00,437.7,453.0,435.8,435.8,7.20800000,1737575999999,3196.70420000,18,2.75000000,1218.71630000,0
2025-01-22 20:00:00,445.8,452.3,433.4,437.5,1.72900000,1737590399999,762.64100000,15,1.00800000,449.33770000,0
2025-01-23 00:00:00,436.0,451.7,428.9,431.4,4.83300000,1737604799999,2098.69120000,60,1.81600000,793.96780000,0
2025-01-23 04:00:00,433.6,433.6,425.7,425.7,1.11300000,1737619199999,479.00630000,8,1.06300000,457.69980000,0
2025-01-23 08:00:00,433.3,433.3,433.3,433.3,0.01200000,1737633599999,5.19960000,1,0.01200000,5.19960000,0
2025-01-23 12:00:00,433.9,442.8,425.0,431.2,7.59600000,1737647999999,3306.21460000,22,3.21600000,1404.46580000,0
2025-01-23 16:00:00,443.0,446.2,426.6,434.2,6.31800000,1737662399999,2773.42180000,19,3.82500000,1697.22620000,0
2025-01-23 20:00:00,431.4,443.4,428.2,431.8,5.54900000,1737676799999,2421.28910000,15,4.07700000,1779.52250000,0
2025-01-24 00:00:00,441.7,441.7,418.9,425.3,14.30800000,1737691199999,6111.46840000,49,3.88600000,1668.17290000,0
2025-01-24 04:00:00,425.6,443.1,425.3,434.7,9.71700000,1737705599999,4177.96330000,23,4.91400000,2131.95170000,0
2025-01-24 08:00:00,439.8,441.4,427.8,433.5,0.13100000,1737719999999,56.91870000,6,0.01800000,7.93480000,0
2025-01-24 12:00:00,433.5,433.5,433.5,433.5,0.00000000,1737734399999,0.00000000,0,0.00000000,0.00000000,0
2025-01-24 16:00:00,440.9,441.8,434.5,436.9,3.88400000,1737748799999,1710.19960000,6,3.87300000,1705.40810000,0
2025-01-24 20:00:00,436.9,437.7,426.0,426.0,5.79200000,1737763199999,2505.72030000,16,0.05400000,23.63580000,0
2025-01-25 00:00:00,428.2,442.9,424.6,442.9,3.86500000,1737777599999,1686.71300000,51,2.17000000,957.56510000,0
2025-01-25 04:00:00,443.2,443.3,436.8,436.8,3.35200000,1737791999999,1485.17290000,7,3.16000000,1400.23210000,0
2025-01-25 08:00:00,442.0,442.0,426.6,437.7,0.34300000,1737806399999,150.81280000,9,0.33800000,148.67980000,0
2025-01-25 12:00:00,434.1,442.0,434.1,441.6,0.21300000,1737820799999,93.40470000,3,0.12200000,53.90160000,0
2025-01-25 16:00:00,443.2,453.0,440.4,452.2,11.44200000,1737835199999,5087.38160000,26,6.77300000,3007.45650000,0
2025-01-25 20:00:00,449.5,455.0,440.5,440.5,0.65700000,1737849599999,294.21200000,5,0.34500000,156.73300000,0
2025-01-26 00:00:00,447.4,455.8,438.8,445.8,1.04400000,1737863999999,469.71560000,55,0.80400000,361.49230000,0
2025-01-26 04:00:00,438.6,447.4,438.6,442.4,0.24000000,1737878399999,106.89400000,4,0.22900000,102.06940000,0
2025-01-26 08:00:00,444.0,449.9,434.3,437.6,3.49400000,1737892799999,1530.10340000,11,0.05800000,25.71250000,0
2025-01-26 12:00:00,434.3,438.4,434.3,438.4,0.40900000,1737907199999,178.59810000,3,0.23700000,103.89850000,0
2025-01-26 16:00:00,437.5,441.4,434.3,434.4,1.29200000,1737921599999,563.70290000,12,0.61500000,269.63040000,0
2025-01-26 20:00:00,441.1,441.2,421.1,426.5,11.57200000,1737935999999,5021.58700000,24,4.33600000,1869.54740000,0
2025-01-27 00:00:00,421.2,428.4,415.2,421.0,9.07900000,1737950399999,3815.61940000,50,1.54800000,649.09410000,0
2025-01-27 04:00:00,416.6,420.3,397.7,402.7,4.84600000,1737964799999,1987.47990000,37,0.07500000,30.77880000,0
2025-01-27 08:00:00,402.4,405.4,397.6,398.4,3.31800000,1737979199999,1342.93150000,15,3.03100000,1227.58870000,0
2025-01-27 12:00:00,408.0,419.6,408.0,419.6,5.63900000,1737993599999,2321.89300000,13,4.55300000,1876.30720000,0
2025-01-27 16:00:00,419.5,419.5,404.5,404.5,0.71200000,1738007999999,295.76560000,6,0.50700000,212.56930000,0
2025-01-27 20:00:00,419.5,428.9,411.0,428.8,4.29200000,1738022399999,1819.80870000,14,0.68100000,288.17130000,0
2025-01-28 00:00:00,429.3,431.7,421.4,429.8,0.86400000,1738036799999,368.85590000,47,0.53500000,229.53070000,0
2025-01-28 04:00:00,412.4,430.9,412.4,430.9,0.28900000,1738051199999,121.23930000,9,0.08400000,36.07380000,0
2025-01-28 08:00:00,427.4,431.1,422.0,431.1,0.39300000,1738065599999,167.04050000,5,0.13900000,59.69780000,0
2025-01-28 12:00:00,417.1,431.0,411.6,428.8,0.11200000,1738079999999,47.56260000,7,0.07200000,30.95010000,0
2025-01-28 16:00:00,430.6,431.3,412.9,419.9,1.62400000,1738094399999,683.84630000,5,1.25300000,528.97340000,0
2025-01-28 20:00:00,431.0,431.1,407.4,407.5,5.00300000,1738108799999,2052.64440000,13,0.11900000,51.05280000,0
2025-01-29 00:00:00,426.5,427.1,407.8,425.2,1.91800000,1738123199999,794.03530000,74,0.58400000,246.80970000,0
2025-01-29 04:00:00,410.5,410.5,410.5,410.5,0.00700000,1738137599999,2.87350000,1,0.00000000,0.00000000,0
2025-01-29 08:00:00,419.7,419.7,411.9,411.9,0.33800000,1738151999999,141.48610000,4,0.16900000,70.92930000,0
2025-01-29 12:00:00,411.3,427.3,407.4,424.5,1.66800000,1738166399999,685.14330000,6,0.05000000,21.29780000,0
2025-01-29 16:00:00,412.0,428.3,400.3,417.7,4.51100000,1738180799999,1849.33410000,15,2.74200000,1129.05220000,0
2025-01-29 20:00:00,413.3,425.9,408.9,420.1,5.84200000,1738195199999,2418.54900000,18,3.31100000,1376.76350000,0
2025-01-30 00:00:00,416.6,425.4,406.8,425.4,4.88700000,1738209599999,2055.05970000,39,4.52700000,1906.62520000,0
2025-01-30 04:00:00,428.3,433.5,421.4,428.7,2.91900000,1738223999999,1252.48840000,19,2.88700000,1238.98220000,0
2025-01-30 08:00:00,430.7,430.7,422.6,424.4,0.47900000,1738238399999,204.06230000,8,0.11600000,49.96120000,0
2025-01-30 12:00:00,430.7,436.8,424.0,436.8,4.28200000,1738252799999,1849.45560000,14,3.45300000,1494.36230000,0
2025-01-30 16:00:00,432.4,438.4,430.1,437.0,5.82500000,1738267199999,2527.40520000,15,3.92300000,1709.10490000,0
2025-01-30 20:00:00,437.0,440.6,428.2,435.7,2.01000000,1738281599999,873.67430000,5,1.45000000,633.88230000,0
2025-01-31 00:00:00,429.8,440.5,422.2,440.3,1.24600000,1738295999999,534.23810000,73,0.13200000,57.99190000,0
2025-01-31 04:00:00,423.9,440.0,423.9,432.5,0.58600000,1738310399999,251.19430000,7,0.22600000,98.26560000,0
2025-01-31 08:00:00,425.4,439.7,425.4,439.1,0.37300000,1738324799999,161.46290000,7,0.19900000,87.32030000,0
2025-01-31 12:00:00,434.6,443.6,434.6,443.6,6.12700000,1738339199999,2706.15800000,8,6.12700000,2706.15800000,0
2025-01-31 16:00:00,435.7,444.8,424.0,424.0,11.07700000,1738353599999,4838.11280000,32,0.45400000,200.84890000,0
2025-01-31 20:00:00,425.3,425.3,420.8,424.4,3.29600000,1738367999999,1399.98290000,12,2.99200000,1271.80370000,0
2025-02-01 00:00:00,424.0,434.0,420.8,434.0,5.37100000,1738382399999,2286.73660000,31,5.15800000,2196.75250000,0
2025-02-01 04:00:00,422.7,435.9,422.3,422.3,9.43600000,1738396799999,4092.20120000,37,8.90200000,3866.56020000,0
2025-02-01 08:00:00,442.7,442.7,421.4,421.5,3.95400000,1738411199999,1667.12000000,15,0.04000000,17.34580000,0
2025-02-01 12:00:00,429.4,429.4,415.2,415.2,6.49600000,1738425599999,2730.13620000,12,0.06100000,26.01210000,0
2025-02-01 16:00:00,415.0,424.8,410.6,410.6,2.03200000,1738439999999,840.57760000,11,0.00700000,2.97360000,0
2025-02-01 20:00:00,412.9,413.0,400.0,405.0,4.39200000,1738454399999,1787.68910000,26,0.64600000,262.64600000,0
2025-02-02 00:00:00,405.5,410.3,393.1,393.1,8.92300000,1738468799999,3585.06730000,82,2.24400000,914.32890000,0
2025-02-02 04:00:00,398.7,403.1,394.8,394.8,3.92300000,1738483199999,1568.61970000,11,3.76300000,1505.18950000,0
2025-02-02 08:00:00,396.0,402.1,391.5,393.2,4.63300000,1738497599999,1836.02680000,14,0.36800000,146.81760000,0
2025-02-02 12:00:00,393.8,398.5,391.0,391.0,4.15500000,1738511999999,1642.12060000,14,2.44400000,968.57330000,0
2025-02-02 16:00:00,390.4,392.5,359.2,372.2,40.81700000,1738526399999,15181.68500000,82,13.39700000,4968.48780000,0
2025-02-02 20:00:00,372.3,374.6,340.5,359.6,17.12700000,1738540799999,6102.36670000,39,8.66000000,3081.68350000,0
2025-02-03 00:00:00,346.1,361.6,300.0,300.0,88.03400000,1738555199999,27634.26800000,202,17.16000000,5414.79130000,0
2025-02-03 04:00:00,304.4,332.5,285.2,317.1,13.80900000,1738569599999,4138.74180000,59,10.45600000,3160.35040000,0
2025-02-03 08:00:00,316.1,321.8,301.3,319.6,2.08100000,1738583999999,651.49290000,14,0.89500000,284.17900000,0
2025-02-03 12:00:00,322.1,332.5,305.1,332.0,10.33400000,1738598399999,3288.83430000,23,5.34500000,1738.91300000,0
2025-02-03 16:00:00,332.5,342.5,332.5,342.5,1.85600000,1738612799999,624.65780000,12,1.85600000,624.65780000,0
2025-02-03 20:00:00,337.3,362.6,329.3,353.8,5.36200000,1738627199999,1871.91170000,21,2.76400000,967.73390000,0
2025-02-04 00:00:00,353.4,356.8,337.4,349.7,6.73700000,1738641599999,2375.69080000,163,4.68100000,1659.74540000,0
2025-02-04 04:00:00,339.5,351.6,321.8,330.8,9.40600000,1738655999999,3137.20630000,23,2.24200000,757.36310000,0
2025-02-04 08:00:00,329.4,335.9,313.3,335.9,3.16500000,1738670399999,1046.64540000,11,1.92700000,637.26510000,0
2025-02-04 12:00:00,336.8,339.9,330.7,339.9,8.00400000,1738684799999,2681.22750000,11,4.99700000,1680.93570000,0
2025-02-04 16:00:00,336.8,343.2,325.1,342.1,3.58900000,1738699199999,1221.55380000,9,2.37600000,807.58750000,0
2025-02-04 20:00:00,333.3,344.2,314.5,336.2,8.78300000,1738713599999,2879.07290000,17,2.98700000,975.33990000,0
2025-02-05 00:00:00,327.4,341.2,327.3,327.7,4.11900000,1738727999999,1377.55840000,73,2.92000000,984.60550000,0
2025-02-05 04:00:00,328.6,340.3,327.4,340.3,0.65300000,1738742399999,214.76780000,4,0.03200000,10.88960000,0
2025-02-05 08:00:00,329.0,337.8,319.4,325.3,0.73300000,1738756799999,242.14330000,9,0.65400000,216.86350000,0
2025-02-05 12:00:00,315.4,320.2,315.4,320.2,0.27500000,1738771199999,87.84860000,2,0.00000000,0.00000000,0
2025-02-05 16:00:00,341.6,341.6,341.6,341.6,0.20500000,1738785599999,70.02800000,1,0.20500000,70.02800000,0
2025-02-05 20:00:00,316.4,332.2,316.4,328.5,2.77700000,1738799999999,898.93190000,5,0.00600000,1.99320000,0
2025-02-06 00:00:00,341.4,341.4,325.7,330.1,4.93900000,1738814399999,1637.55500000,81,1.77500000,597.06930000,0
2025-02-06 04:00:00,331.9,335.1,319.2,319.2,4.66800000,1738828799999,1548.20350000,13,4.32600000,1437.62740000,0
2025-02-06 08:00:00,316.6,332.6,316.6,332.6,1.25100000,1738843199999,414.94860000,3,1.21700000,404.18420000,0
2025-02-06 12:00:00,332.4,332.4,315.0,315.0,8.07100000,1738857599999,2572.15150000,10,0.67500000,220.13720000,0
2025-02-06 16:00:00,313.8,321.0,311.7,318.6,6.01800000,1738871999999,1918.47040000,16,4.82400000,1544.22550000,0
2025-02-06 20:00:00,317.1,320.7,316.4,320.7,3.28900000,1738886399999,1047.61980000,9,2.92300000,931.81740000,0
2025-02-07 00:00:00,316.1,323.6,312.2,318.1,3.33000000,1738900799999,1065.56870000,59,1.78100000,571.89790000,0
2025-02-07 04:00:00,317.8,323.8,313.9,318.4,2.47100000,1738915199999,782.16370000,8,0.02800000,9.06640000,0
2025-02-07 08:00:00,319.0,327.6,318.7,327.1,1.94900000,1738929599999,630.64800000,10,1.59200000,516.60210000,0
2025-02-07 12:00:00,322.0,336.1,322.0,327.4,1.26300000,1738943999999,414.09060000,10,0.09300000,31.09360000,0
2025-02-07 16:00:00,332.6,334.2,325.6,325.6,1.06800000,1738958399999,355.22400000,5,1.01500000,337.96720000,0
2025-02-07 20:00:00,318.5,319.0,309.7,318.5,14.36500000,1738972799999,4541.31360000,30,5.09600000,1607.40650000,0
2025-02-08 00:00:00,318.5,323.0,317.2,317.2,2.81800000,1738987199999,898.39860000,29,2.75000000,876.78520000,0
2025-02-08 04:00:00,313.7,318.8,313.7,318.8,0.38200000,1739001599999,120.20060000,2,0.00000000,0.00000000,0
2025-02-08 08:00:00,318.2,318.2,315.8,315.8,0.26700000,1739015999999,84.45780000,2,0.00000000,0.00000000,0
2025-02-08 12:00:00,316.8,316.8,316.8,316.8,0.09100000,1739030399999,28.82880000,2,0.00000000,0.00000000,0
2025-02-08 16:00:00,319.2,323.5,318.0,321.5,1.84200000,1739044799999,593.81400000,15,1.72300000,555.74790000,0
2025-02-08 20:00:00,321.1,323.8,321.0,323.3,0.92100000,1739059199999,296.32770000,5,0.01900000,6.15220000,0
2025-02-09 00:00:00,323.8,327.1,320.8,327.1,2.12800000,1739073599999,691.72090000,23,2.02700000,659.28350000,0
2025-02-09 04:00:00,324.5,327.7,323.0,327.7,0.12900000,1739087999999,41.76780000,4,0.05200000,16.89680000,0
2025-02-09 08:00:00,327.7,327.7,322.6,325.8,0.62800000,1739102399999,203.81400000,5,0.12500000,40.74340000,0
2025-02-09 12:00:00,328.0,328.5,323.0,323.4,0.73100000,1739116799999,237.70410000,6,0.19800000,65.04300000,0
2025-02-09 16:00:00,327.9,329.1,322.7,328.8,1.44400000,1739131199999,469.60820000,10,0.65400000,214.49970000,0
2025-02-09 20:00:00,325.0,328.5,313.5,320.5,18.67300000,1739145599999,5983.62610000,39,9.07300000,2895.05270000,0
2025-02-10 00:00:00,326.2,335.9,316.3,325.2,12.27300000,1739159999999,3945.24230000,83,7.90800000,2559.33550000,0
2025-02-10 04:00:00,326.7,329.4,324.0,329.4,1.02000000,1739174399999,334.13110000,6,0.30700000,100.30930000,0
2025-02-10 08:00:00,331.5,331.7,331.1,331.1,0.50900000,1739188799999,168.71630000,3,0.46400000,153.81680000,0
2025-02-10 12:00:00,328.2,331.4,328.2,330.7,0.92100000,1739203199999,302.58370000,4,0.12100000,40.02370000,0
2025-02-10 16:00:00,331.0,332.6,327.8,329.0,1.00600000,1739217599999,331.28040000,5,0.12000000,39.88960000,0
2025-02-10 20:00:00,333.1,333.1,325.7,325.7,1.86200000,1739231999999,612.16920000,7,1.83000000,601.74680000,0
2025-02-11 00:00:00,329.9,333.9,327.0,332.0,2.48500000,1739246399999,825.88490000,46,1.33000000,442.89940000,0
2025-02-11 04:00:00,334.1,343.4,334.1,341.7,4.34400000,1739260799999,1476.12700000,15,0.54600000,184.41420000,0
2025-02-11 08:00:00,339.7,339.7,339.4,339.4,0.45600000,1739275199999,154.89210000,2,0.00000000,0.00000000,0
2025-02-11 12:00:00,339.2,343.9,334.7,334.7,4.92600000,1739289599999,1665.85790000,11,2.37100000,804.60430000,0
2025-02-11 16:00:00,337.1,337.1,328.1,328.1,3.31000000,1739303999999,1095.83450000,12,1.33800000,444.27890000,0
2025-02-11 20:00:00,328.0,334.2,328.0,329.6,2.29100000,1739318399999,757.05300000,7,0.03200000,10.59200000,0
2025-02-12 00:00:00,331.7,334.0,327.5,327.5,4.94200000,1739332799999,1635.77020000,94,3.12500000,1037.27340000,0
2025-02-12 04:00:00,330.4,331.7,330.0,331.1,0.45600000,1739347199999,150.77130000,9,0.45600000,150.77130000,0
2025-02-12 08:00:00,330.4,332.3,329.5,332.3,1.09800000,1739361599999,362.64870000,4,0.58300000,192.63840000,0
2025-02-12 12:00:00,334.1,334.2,324.2,328.1,18.24300000,1739375999999,5981.08200000,21,6.01500000,1968.26250000,0
2025-02-12 16:00:00,329.7,339.5,329.7,339.5,5.33700000,1739390399999,1787.12480000,19,3.50700000,1173.42920000,0
2025-02-12 20:00:00,339.3,347.6,337.9,343.0,3.08400000,1739404799999,1054.46270000,17,1.99100000,680.87950000,0
2025-02-13 00:00:00,343.8,345.2,339.7,343.0,3.53200000,1739419199999,1208.85690000,94,1.96500000,674.77920000,0
2025-02-13 04:00:00,341.5,341.5,334.9,334.9,4.17000000,1739433599999,1406.53080000,11,0.12500000,42.36650000,0
2025-02-13 08:00:00,333.0,335.7,331.6,333.7,3.55800000,1739447999999,1182.52380000,10,0.89000000,297.18300000,0
2025-02-13 12:00:00,336.1,342.7,328.8,331.6,4.73200000,1739462399999,1569.11440000,16,3.03900000,1011.98280000,0
2025-02-13 16:00:00,330.2,334.9,326.1,334.9,14.58200000,1739476799999,4800.97010000,30,4.93800000,1645.82970000,0
2025-02-13 20:00:00,335.4,337.2,332.6,336.3,1.85100000,1739491199999,623.18630000,7,1.81200000,610.21090000,0
2025-02-14 00:00:00,335.3,338.8,335.0,336.1,2.74100000,1739505599999,922.17350000,60,1.11900000,377.18310000,0
2025-02-14 04:00:00,338.0,338.0,334.6,337.9,0.72800000,1739519999999,245.83440000,6,0.69700000,235.44920000,0
2025-02-14 08:00:00,339.0,344.7,337.4,344.2,4.63500000,1739534399999,1588.69640000,14,3.66100000,1258.66080000,0
2025-02-14 12:00:00,342.4,344.9,339.9,341.3,7.92800000,1739548799999,2719.61890000,12,0.85100000,292.27320000,0
2025-02-14 16:00:00,343.5,349.3,341.5,346.7,5.83500000,1739563199999,2009.86330000,31,2.06400000,716.25860000,0
2025-02-14 20:00:00,342.8,343.2,340.1,341.2,4.41600000,1739577599999,1509.30690000,12,1.39400000,477.91080000,0
2025-02-15 00:00:00,342.2,343.5,340.6,343.5,2.42400000,1739591999999,830.72260000,99,2.07200000,710.60670000,0
2025-02-15 04:00:00,345.3,345.3,342.6,342.6,1.51100000,1739606399999,521.74020000,2,1.51100000,521.74020000,0
2025-02-15 08:00:00,342.4,342.4,338.4,338.4,0.26000000,1739620799999,88.37920000,5,0.03400000,11.62080000,0
2025-02-15 12:00:00,338.4,338.4,336.3,336.3,4.51600000,1739635199999,1525.49460000,4,2.87500000,972.90000000,0
2025-02-15 16:00:00,335.4,336.1,334.0,334.0,2.50700000,1739649599999,840.56490000,8,0.01800000,6.04440000,0
2025-02-15 20:00:00,333.3,335.6,330.1,330.1,3.06500000,1739663999999,1017.43150000,10,0.07500000,25.03200000,0
2025-02-16 00:00:00,333.4,335.4,331.0,331.0,4.12300000,1739678399999,1374.17780000,81,3.50500000,1169.57180000,0
2025-02-16 04:00:00,331.8,334.2,331.7,332.2,0.59200000,1739692799999,196.63620000,7,0.26300000,87.43920000,0
2025-02-16 08:00:00,333.7,333.7,330.3,330.3,0.28700000,1739707199999,95.32050000,3,0.15800000,52.71180000,0
2025-02-16 12:00:00,331.2,332.2,329.1,329.1,3.62000000,1739721599999,1199.27410000,5,0.96600000,320.90520000,0
2025-02-16 16:00:00,331.7,331.7,325.6,328.2,1.66400000,1739735999999,546.66490000,10,0.32300000,106.70810000,0
2025-02-16 20:00:00,327.8,329.7,325.2,326.0,0.64800000,1739750399999,212.08520000,5,0.42800000,140.47880000,0
2025-02-17 00:00:00,328.5,330.7,326.7,326.7,2.12600000,1739764799999,698.72390000,113,2.08100000,684.02240000,0
2025-02-17 04:00:00,325.8,329.8,322.9,327.3,3.30700000,1739779199999,1069.28930000,9,0.19900000,65.20540000,0
2025-02-17 08:00:00,325.1,330.3,325.1,328.5,0.46900000,1739793599999,153.18810000,5,0.07600000,24.96620000,0
2025-02-17 12:00:00,329.1,335.2,328.6,331.5,4.91900000,1739807999999,1631.22000000,12,3.49800000,1162.56910000,0
2025-02-17 16:00:00,326.1,326.1,317.7,321.3,10.63100000,1739822399999,3417.68070000,23,4.72200000,1515.73950000,0
2025-02-17 20:00:00,321.4,326.4,321.4,324.9,2.74600000,1739836799999,888.75930000,11,2.29100000,741.92800000,0
2025-02-18 00:00:00,323.3,325.2,319.9,321.9,6.08700000,1739851199999,1966.11870000,89,5.21000000,1684.14780000,0
2025-02-18 04:00:00,317.5,318.3,314.7,314.7,2.44300000,1739865599999,771.57560000,7,1.28600000,405.40970000,0
2025-02-18 08:00:00,313.2,317.2,312.0,317.2,5.80200000,1739879999999,1828.55340000,12,3.39700000,1075.29430000,0
2025-02-18 12:00:00,319.7,319.7,311.1,311.1,23.04800000,1739894399999,7259.20650000,24,16.83400000,5308.15260000,0
2025-02-18 16:00:00,310.4,314.1,308.8,311.3,9.15600000,1739908799999,2848.22160000,20,5.52600000,1720.28880000,0
2025-02-18 20:00:00,313.8,315.9,312.6,314.9,3.00000000,1739923199999,943.75220000,9,2.97000000,934.37420000,0
2025-02-19 00:00:00,316.3,317.6,312.1,317.3,5.20800000,1739937599999,1630.47570000,81,0.83600000,264.88700000,0
2025-02-19 04:00:00,314.0,319.8,311.4,319.8,2.10800000,1739951999999,665.42100000,9,1.63000000,516.33900000,0
2025-02-19 08:00:00,321.0,324.0,317.5,324.0,2.37800000,1739966399999,768.32820000,7,0.11300000,36.37200000,0
2025-02-19 12:00:00,323.2,323.2,318.9,318.9,1.22900000,1739980799999,396.80990000,4,0.00900000,2.90610000,0
2025-02-19 16:00:00,322.9,323.8,321.3,321.3,0.11300000,1739995199999,36.45530000,4,0.11300000,36.45530000,0
2025-02-19 20:00:00,320.2,323.2,319.8,322.9,17.03600000,1740009599999,5502.60330000,15,0.60300000,194.29060000,0
2025-02-20 00:00:00,322.8,326.6,320.7,325.3,3.22500000,1740023999999,1045.19240000,46,2.22600000,721.60710000,0
2025-02-20 04:00:00,327.0,327.0,323.0,323.7,0.44400000,1740038399999,144.26110000,8,0.38400000,124.84590000,0
2025-02-20 08:00:00,322.5,322.8,320.0,322.8,0.56700000,1740052799999,182.16530000,6,0.24600000,79.33870000,0
2025-02-20 12:00:00,321.8,324.9,321.2,321.2,4.68700000,1740067199999,1507.15860000,5,4.46800000,1436.72740000,0
2025-02-20 16:00:00,325.0,327.0,321.1,324.4,4.13500000,1740081599999,1342.55940000,17,0.36600000,118.51730000,0
2025-02-20 20:00:00,323.9,326.9,321.3,326.9,2.07600000,1740095999999,671.47570000,11,0.87900000,286.58100000,0
2025-02-21 00:00:00,323.6,328.2,323.6,325.4,5.13200000,1740110399999,1676.75850000,109,5.11300000,1670.59720000,0
2025-02-21 04:00:00,326.9,328.4,325.4,328.0,0.82800000,1740124799999,270.92780000,9,0.81800000,267.67380000,0
2025-02-21 08:00:00,330.0,333.2,329.5,329.5,1.39800000,1740139199999,462.81520000,10,0.38500000,127.70630000,0
2025-02-21 12:00:00,332.4,332.4,320.0,323.4,10.78800000,1740153599999,3511.50550000,14,3.30300000,1074.92640000,0
2025-02-21 16:00:00,325.4,327.7,311.0,311.7,16.87600000,1740167999999,5359.62190000,25,8.43300000,2679.67960000,0
2025-02-21 20:00:00,312.7,315.0,310.9,312.1,2.97300000,1740182399999,929.29530000,11,0.58400000,183.01870000,0
2025-02-22 00:00:00,313.7,317.1,313.7,316.1,2.37100000,1740196799999,745.52450000,63,1.07000000,336.99370000,0
2025-02-22 04:00:00,318.2,320.2,316.7,317.4,3.79500000,1740211199999,1207.53240000,11,3.74100000,1190.37480000,0
2025-02-22 08:00:00,316.0,319.0,316.0,319.0,0.21700000,1740225599999,68.65300000,2,0.02700000,8.61300000,0
2025-02-22 12:00:00,320.1,321.2,319.5,321.2,4.62200000,1740239999999,1480.54790000,8,2.22200000,713.44690000,0
2025-02-22 16:00:00,321.2,322.7,319.9,321.1,4.30100000,1740254399999,1381.65870000,8,0.01800000,5.80230000,0
2025-02-22 20:00:00,321.9,322.8,321.3,321.5,4.18800000,1740268799999,1347.56890000,12,4.18800000,1347.56890000,0
2025-02-23 00:00:00,321.1,323.9,320.4,323.9,5.32900000,1740283199999,1720.11330000,84,5.32000000,1717.22970000,0
2025-02-23 04:00:00,326.8,329.8,325.0,329.5,0.57500000,1740297599999,187.37680000,7,0.02200000,7.23560000,0
2025-02-23 08:00:00,332.4,332.4,327.8,327.8,2.16400000,1740311999999,711.38180000,7,0.06000000,19.92400000,0
2025-02-23 12:00:00,327.2,330.0,323.7,323.7,9.52600000,1740326399999,3096.08260000,10,0.24900000,81.10460000,0
2025-02-23 16:00:00,329.4,329.4,322.7,325.3,2.08200000,1740340799999,677.14760000,10,1.10500000,360.76970000,0
2025-02-23 20:00:00,323.3,327.3,323.3,327.3,1.58000000,1740355199999,515.99480000,7,1.31300000,429.63870000,0
2025-02-24 00:00:00,326.4,329.4,320.6,320.6,3.78200000,1740369599999,1220.43350000,33,1.88400000,607.47450000,0
2025-02-24 04:00:00,317.8,319.3,313.6,315.7,3.19100000,1740383999999,1011.21040000,15,1.26700000,403.03100000,0
2025-02-24 08:00:00,316.4,317.9,308.6,316.5,9.43500000,1740398399999,2948.24930000,23,6.99600000,2186.15970000,0
2025-02-24 12:00:00,314.1,315.0,301.8,301.8,16.18800000,1740412799999,4998.08770000,33,4.09500000,1264.36690000,0
2025-02-24 16:00:00,306.1,309.8,302.1,302.1,14.20300000,1740427199999,4357.34150000,24,7.43700000,2286.20890000,0
2025-02-24 20:00:00,315.4,315.4,288.8,291.2,22.39200000,1740441599999,6648.07020000,141,8.08500000,2400.81490000,0
2025-02-25 00:00:00,293.1,313.7,284.7,291.9,20.69100000,1740455999999,6069.00480000,92,12.95300000,3817.67000000,0
2025-02-25 04:00:00,289.5,294.6,275.7,276.0,10.89100000,1740470399999,3134.93370000,70,3.23500000,937.55880000,0
2025-02-25 08:00:00,287.6,289.9,276.4,283.2,19.08000000,1740484799999,5379.20520000,58,12.77600000,3612.47880000,0
2025-02-25 12:00:00,285.2,287.7,277.4,280.8,53.88600000,1740499199999,15114.35270000,42,19.60300000,5520.14150000,0
2025-02-25 16:00:00,281.0,288.2,281.0,288.2,12.58000000,1740513599999,3578.19940000,28,7.71400000,2194.64830000,0
2025-02-25 20:00:00,290.8,295.0,290.8,295.0,8.10700000,1740527999999,2375.55630000,18,3.45300000,1012.98920000,0
2025-02-26 00:00:00,291.7,297.3,289.4,295.9,3.15200000,1740542399999,924.72090000,59,2.50100000,735.78400000,0
2025-02-26 04:00:00,297.1,298.7,295.4,297.4,0.70800000,1740556799999,210.38330000,13,0.42900000,127.73760000,0
2025-02-26 08:00:00,294.4,297.1,293.2,296.0,3.19600000,1740571199999,939.52990000,10,0.09200000,27.27080000,0
2025-02-26 12:00:00,292.8,297.7,287.4,296.9,12.22100000,1740585599999,3571.43940000,26,8.13300000,2375.68350000,0
2025-02-26 16:00:00,293.8,296.9,282.6,287.8,48.18400000,1740599999999,13993.18510000,52,29.43600000,8558.65990000,0
2025-02-26 20:00:00,287.9,299.9,286.5,293.8,30.72500000,1740614399999,9019.02870000,45,13.56000000,3979.97650000,0
2025-02-27 00:00:00,293.5,296.3,291.7,295.9,10.57400000,1740628799999,3109.25190000,79,7.20700000,2124.02510000,0
2025-02-27 04:00:00,294.9,301.7,294.9,299.9,37.76700000,1740643199999,11206.95120000,28,28.31200000,8381.85190000,0
2025-02-27 08:00:00,299.3,303.4,299.3,301.9,2.53700000,1740657599999,766.58970000,7,2.13200000,645.37320000,0
2025-02-27 12:00:00,301.4,301.4,295.7,300.0,12.30200000,1740671999999,3682.06480000,14,6.07800000,1816.90740000,0
2025-02-27 16:00:00,298.3,299.9,293.8,293.8,1.16300000,1740686399999,346.31530000,14,0.23700000,70.66660000,0
2025-02-27 20:00:00,292.5,297.5,290.4,297.5,8.17300000,1740700799999,2396.43960000,18,2.89700000,848.25520000,0
2025-02-28 00:00:00,294.7,299.7,277.7,277.7,33.93000000,1740715199999,9740.02500000,66,9.95700000,2845.51130000,0
2025-02-28 04:00:00,275.8,278.0,270.4,274.5,27.89500000,1740729599999,7639.24840000,36,15.21500000,4164.80740000,0
2025-02-28 08:00:00,272.8,284.1,272.8,281.9,24.69800000,1740743999999,6934.40640000,32,12.30200000,3451.72790000,0
2025-02-28 12:00:00,282.6,305.5,282.6,301.1,7.47400000,1740758399999,2171.03830000,31,5.76700000,1669.09360000,0
2025-02-28 16:00:00,302.8,317.6,302.8,315.8,6.69800000,1740772799999,2090.27510000,37,3.67500000,1152.37140000,0
2025-02-28 20:00:00,318.1,319.1,314.5,314.9,4.78900000,1740787199999,1513.33120000,12,1.22300000,389.48270000,0
2025-03-01 00:00:00,316.9,323.6,314.3,321.7,21.81100000,1740801599999,6920.82910000,101,17.33600000,5497.89460000,0
2025-03-01 04:00:00,323.7,324.1,292.8,313.2,4.60000000,1740815999999,1474.45850000,17,0.59400000,189.61730000,0
2025-03-01 08:00:00,311.8,314.4,306.0,308.7,61.08300000,1740830399999,19017.18270000,24,31.67300000,9856.59060000,0
2025-03-01 12:00:00,308.8,308.8,308.2,308.2,2.60800000,1740844799999,804.72140000,3,1.21200000,374.26560000,0
2025-03-01 16:00:00,307.8,311.5,307.1,310.7,17.49900000,1740859199999,5414.41470000,116,8.48300000,2630.93060000,0
2025-03-01 20:00:00,307.9,317.5,307.6,317.5,47.99700000,1740873599999,14888.80690000,150,23.76600000,7395.02370000,0
2025-03-02 00:00:00,311.4,317.4,305.1,314.0,6.68000000,1740887999999,2077.97180000,41,2.41700000,759.34750000,0
2025-03-02 04:00:00,314.5,318.5,314.3,316.0,7.54600000,1740902399999,2390.01290000,23,5.67500000,1797.88360000,0
2025-03-02 08:00:00,317.6,320.1,314.1,318.3,12.26900000,1740916799999,3884.20350000,65,5.19900000,1647.94020000,0
2025-03-02 12:00:00,316.7,331.9,315.9,324.6,20.30100000,1740931199999,6559.18350000,56,9.26800000,2987.73420000,0
2025-03-02 16:00:00,325.8,340.4,324.8,337.0,40.93300000,1740945599999,13663.75580000,74,20.82800000,6956.25490000,0
2025-03-02 20:00:00,333.8,337.8,332.1,333.9,10.08400000,1740959999999,3364.06000000,17,1.36100000,453.71400000,0
2025-03-03 00:00:00,333.5,334.4,321.3,326.7,14.07500000,1740974399999,4650.82650000,105,10.51300000,3468.80190000,0
2025-03-03 04:00:00,326.3,327.1,314.9,317.6,18.31800000,1740988799999,5856.80990000,44,7.66000000,2426.20540000,0
2025-03-03 08:00:00,315.6,319.4,311.1,318.2,29.50200000,1741003199999,9336.46830000,37,7.44000000,2339.13940000,0
2025-03-03 12:00:00,319.6,354.1,319.2,343.5,63.52400000,1741017599999,21501.68420000,115,38.20500000,12917.87740000,0
2025-03-03 16:00:00,345.8,348.1,326.2,327.0,31.89600000,1741031999999,10769.41240000,48,14.58800000,4914.08980000,0
2025-03-03 20:00:00,325.6,326.0,316.9,318.9,7.30900000,1741046399999,2369.47530000,41,6.81600000,2212.02030000,0
2025-03-04 00:00:00,320.4,329.5,301.1,303.9,46.18900000,1741060799999,14505.88840000,108,17.32400000,5439.61520000,0
2025-03-04 04:00:00,304.2,311.1,304.2,306.4,15.52800000,1741075199999,4760.49850000,19,12.29800000,3773.93670000,0
2025-03-04 08:00:00,311.3,312.9,304.4,312.9,10.98000000,1741089599999,3394.55990000,15,6.12600000,1894.80850000,0
2025-03-04 12:00:00,302.5,317.1,295.8,305.1,14.95900000,1741103999999,4584.16000000,28,6.45900000,1982.79020000,0
2025-03-04 16:00:00,303.0,316.0,293.3,316.0,18.69700000,1741118399999,5682.18000000,49,11.53300000,3497.74160000,0
2025-03-04 20:00:00,314.7,323.6,313.4,322.7,15.95300000,1741132799999,5055.21650000,74,6.35100000,2021.37960000,0
2025-03-05 00:00:00,321.7,354.6,320.1,343.8,42.37400000,1741147199999,14231.12260000,218,17.91300000,6045.27300000,0
2025-03-05 04:00:00,344.1,358.9,341.2,351.1,18.43800000,1741161599999,6434.63440000,46,12.90200000,4515.71020000,0
2025-03-05 08:00:00,351.4,384.4,351.4,378.7,27.08500000,1741175999999,10060.50870000,74,17.11000000,6346.44860000,0
2025-03-05 12:00:00,383.9,394.5,375.5,392.0,32.75500000,1741190399999,12573.51060000,60,23.37700000,9006.20400000,0
2025-03-05 16:00:00,386.8,395.3,385.7,391.0,14.91900000,1741204799999,5807.89670000,36,4.07100000,1595.07190000,0
2025-03-05 20:00:00,393.4,398.0,390.4,393.3,11.31700000,1741219199999,4465.04790000,25,10.92300000,4310.14390000,0
2025-03-06 00:00:00,390.5,403.3,384.9,398.2,31.86300000,1741233599999,12608.04180000,200,21.29400000,8463.84700000,0
2025-03-06 04:00:00,401.0,418.9,400.7,403.6,13.58500000,1741247999999,5538.05780000,58,8.49000000,3450.01580000,0
2025-03-06 08:00:00,400.8,400.8,390.8,397.7,5.99500000,1741262399999,2382.39610000,17,0.52600000,210.10960000,0
2025-03-06 12:00:00,393.5,393.5,390.6,392.6,0.05000000,1741276799999,19.62120000,3,0.03400000,13.34840000,0
2025-03-06 16:00:00,403.1,403.1,386.0,401.4,2.52400000,1741291199999,998.09370000,11,1.47400000,589.52900000,0
2025-03-06 20:00:00,393.2,399.6,390.9,399.6,1.99500000,1741305599999,792.13350000,8,1.30400000,518.68610000,0
2025-03-07 00:00:00,389.3,406.1,383.0,388.9,16.92500000,1741319999999,6679.04670000,163,2.65300000,1062.23430000,0
2025-03-07 04:00:00,395.5,404.7,387.2,404.7,3.24400000,1741334399999,1300.89400000,15,3.11000000,1248.31230000,0
2025-03-07 08:00:00,400.7,410.0,395.8,405.9,1.17900000,1741348799999,473.00610000,10,0.46400000,187.95760000,0
2025-03-07 12:00:00,401.5,408.2,388.8,390.5,7.26400000,1741363199999,2857.90910000,19,3.25400000,1287.00870000,0
2025-03-07 16:00:00,390.5,401.8,384.3,395.1,3.95300000,1741377599999,1538.92790000,20,1.53000000,596.86500000,0
2025-03-07 20:00:00,396.9,399.0,387.3,389.7,4.70100000,1741391999999,1847.51060000,15,2.57000000,1017.75150000,0
2025-03-08 00:00:00,392.9,392.9,380.1,380.3,7.92600000,1741406399999,3056.23490000,163,2.21400000,864.91940000,0
2025-03-08 04:00:00,380.1,384.0,376.6,381.3,1.17700000,1741420799999,449.25470000,12,0.30600000,116.87570000,0
2025-03-08 08:00:00,383.1,384.2,379.0,384.2,0.69000000,1741435199999,263.20640000,10,0.17500000,67.06090000,0
2025-03-08 12:00:00,385.8,388.7,385.8,387.8,3.11300000,1741449599999,1209.10240000,7,2.00600000,779.71240000,0
2025-03-08 16:00:00,391.6,393.9,381.0,393.1,4.31000000,1741463999999,1667.37290000,23,1.87500000,734.55630000,0
2025-03-08 20:00:00,389.2,389.9,384.5,384.5,0.26200000,1741478399999,101.48900000,11,0.19300000,74.94530000,0
2025-03-09 00:00:00,385.2,386.7,377.6,378.3,4.21300000,1741492799999,1617.44890000,165,0.43300000,165.33190000,0
2025-03-09 04:00:00,377.9,381.5,377.9,381.5,1.45800000,1741507199999,552.98510000,8,1.43100000,542.74550000,0
2025-03-09 08:00:00,378.0,378.5,371.0,372.7,3.24200000,1741521599999,1205.59430000,18,0.08600000,32.21070000,0
2025-03-09 12:00:00,371.2,373.0,366.7,367.7,2.00100000,1741535999999,735.25320000,12,1.25900000,463.00380000,0
2025-03-09 16:00:00,365.7,367.9,362.4,367.7,2.51900000,1741550399999,921.05960000,17,2.44000000,892.32820000,0
2025-03-09 20:00:00,364.7,365.3,356.2,356.2,6.14600000,1741564799999,2208.23440000,21,0.09800000,35.53880000,0
2025-03-10 00:00:00,355.6,392.4,351.6,360.1,20.92000000,1741579199999,7574.27640000,178,12.03800000,4380.87160000,0
2025-03-10 04:00:00,394.4,394.4,356.2,356.2,1.22500000,1741593599999,444.84860000,8,0.26800000,103.96520000,0
2025-03-10 08:00:00,355.1,368.4,354.5,368.0,1.07700000,1741607999999,387.33510000,16,0.10400000,38.02420000,0
2025-03-10 12:00:00,367.6,378.9,349.3,358.2,12.56200000,1741622399999,4462.57700000,26,6.97300000,2456.15780000,0
2025-03-10 16:00:00,355.7,355.7,338.3,345.4,2.31700000,1741636799999,804.83020000,39,0.46100000,159.16940000,0
2025-03-10 20:00:00,342.7,342.7,331.9,331.9,1.45900000,1741651199999,494.12560000,31,0.30800000,104.36990000,0
2025-03-11 00:00:00,331.3,338.0,316.2,333.5,4.78100000,1741665599999,1563.20900000,142,0.53100000,174.51630000,0
2025-03-11 04:00:00,334.2,336.1,333.5,333.5,0.87000000,1741679999999,290.46550000,7,0.15300000,51.32780000,0
2025-03-11 08:00:00,339.2,342.3,333.8,334.0,0.89000000,1741694399999,301.25400000,21,0.58700000,198.34050000,0
2025-03-11 12:00:00,334.9,337.8,328.0,337.8,1.70300000,1741708799999,569.46980000,22,1.38000000,461.42330000,0
2025-03-11 16:00:00,336.5,348.7,334.1,347.7,2.29100000,1741723199999,778.90220000,26,1.90400000,647.90660000,0
2025-03-11 20:00:00,348.2,348.2,339.8,339.8,0.70600000,1741737599999,243.97540000,10,0.56000000,193.67840000,0
2025-03-12 00:00:00,339.3,344.6,334.1,334.1,4.87700000,1741751999999,1648.34290000,167,2.26700000,769.01430000,0
2025-03-12 04:00:00,334.0,336.5,332.7,336.5,4.14000000,1741766399999,1380.69140000,13,0.97500000,327.10430000,0
2025-03-12 08:00:00,336.0,338.0,332.4,335.0,0.23000000,1741780799999,77.11570000,10,0.12300000,41.40460000,0
2025-03-12 12:00:00,335.6,352.0,334.5,338.5,11.45000000,1741795199999,3938.84280000,50,4.93300000,1704.96810000,0
2025-03-12 16:00:00,340.6,358.0,340.6,358.0,2.12300000,1741809599999,749.87240000,17,1.56100000,553.20330000,0
2025-03-12 20:00:00,357.2,359.2,355.2,355.2,4.70600000,1741823999999,1682.68960000,15,1.33400000,477.89890000,0
2025-03-13 00:00:00,352.5,353.9,345.1,345.7,5.12000000,1741838399999,1798.33770000,100,0.23700000,83.60270000,0
2025-03-13 04:00:00,344.6,344.8,337.2,337.2,0.57600000,1741852799999,196.39370000,11,0.29800000,101.12310000,0
2025-03-13 08:00:00,336.5,336.5,332.1,333.0,0.27400000,1741867199999,91.38600000,11,0.04200000,14.07420000,0
2025-03-13 12:00:00,336.6,340.2,329.9,330.1,0.64900000,1741881599999,216.13520000,17,0.17700000,59.36600000,0
2025-03-13 16:00:00,329.4,330.4,326.0,326.1,1.71300000,1741895999999,561.51190000,14,0.78600000,258.77520000,0
2025-03-13 20:00:00,327.4,329.6,324.0,328.3,8.21900000,1741910399999,2677.77690000,68,4.00000000,1309.53200000,0
2025-03-14 00:00:00,327.1,331.6,325.6,326.8,12.84500000,1741924799999,4203.94160000,54,8.51100000,2790.18760000,0
2025-03-14 04:00:00,327.1,329.8,326.4,326.6,2.47400000,1741939199999,808.76520000,10,2.44300000,798.64320000,0
2025-03-14 08:00:00,326.6,333.5,326.6,333.5,2.44400000,1741953599999,810.50090000,9,2.22600000,738.38020000,0
2025-03-14 12:00:00,333.5,333.5,327.8,331.8,3.52300000,1741967999999,1162.43020000,13,1.13500000,378.11800000,0
2025-03-14 16:00:00,329.4,330.2,328.4,329.0,0.23600000,1741982399999,77.74650000,7,0.22600000,74.45750000,0
2025-03-14 20:00:00,328.9,331.1,325.2,331.1,5.79400000,1741996799999,1906.10630000,18,2.15000000,708.35420000,0
2025-03-15 00:00:00,331.9,338.2,329.0,329.0,4.21000000,1742011199999,1408.98620000,104,1.02600000,343.49770000,0
2025-03-15 04:00:00,333.9,334.0,330.3,330.3,0.07200000,1742025599999,23.84410000,4,0.00600000,2.00400000,0
2025-03-15 08:00:00,334.0,351.2,334.0,344.7,13.13700000,1742039999999,4532.27390000,50,9.62000000,3321.95720000,0
2025-03-15 12:00:00,341.3,342.0,337.2,341.9,0.05100000,1742054399999,17.32310000,10,0.03700000,12.56450000,0
2025-03-15 16:00:00,342.2,349.4,342.2,343.6,3.93100000,1742068799999,1358.40210000,19,0.41900000,145.96600000,0
2025-03-15 20:00:00,345.3,351.1,341.8,341.8,2.32300000,1742083199999,798.01780000,10,0.49400000,170.55740000,0
2025-03-16 00:00:00,348.5,352.9,337.8,338.0,5.01400000,1742097599999,1704.31710000,119,4.90100000,1666.00910000,0
2025-03-16 04:00:00,339.7,339.7,337.2,337.2,0.38100000,1742111999999,129.35620000,3,0.34600000,117.53620000,0
2025-03-16 08:00:00,337.4,337.4,326.2,326.2,3.36600000,1742126399999,1125.09330000,18,0.04600000,15.16830000,0
2025-03-16 12:00:00,326.5,331.7,324.6,329.4,1.11700000,1742140799999,365.02260000,19,0.44800000,146.67110000,0
2025-03-16 16:00:00,332.8,337.2,330.2,335.6,0.59200000,1742155199999,198.90000000,17,0.39400000,132.58520000,0
2025-03-16 20:00:00,335.0,335.9,335.0,335.6,0.25100000,1742169599999,84.26140000,3,0.25100000,84.26140000,0
2025-03-17 00:00:00,336.2,339.3,335.7,335.7,1.02800000,1742183999999,346.54900000,81,1.00500000,338.79630000,0
2025-03-17 04:00:00,335.7,335.8,332.9,333.9,4.08900000,1742198399999,1372.28410000,12,0.04300000,14.34110000,0
2025-03-17 08:00:00,332.1,337.3,332.0,336.1,0.30400000,1742212799999,102.10470000,8,0.12800000,43.04150000,0
2025-03-17 12:00:00,337.5,340.2,336.2,340.2,0.36600000,1742227199999,123.50540000,7,0.31200000,105.27920000,0
2025-03-17 16:00:00,340.2,342.2,336.6,342.2,0.98800000,1742241599999,336.10390000,7,0.02700000,9.17330000,0
2025-03-17 20:00:00,337.9,338.8,336.2,338.1,0.30500000,1742255999999,103.23210000,7,0.25300000,85.69310000,0
2025-03-18 00:00:00,336.8,344.7,332.0,332.3,5.76800000,1742270399999,1927.30010000,160,5.56300000,1858.85800000,0
2025-03-18 04:00:00,332.9,344.0,330.2,335.0,1.26200000,1742284799999,420.48450000,20,1.15700000,385.55370000,0
2025-03-18 08:00:00,338.0,343.5,336.6,336.6,5.52000000,1742299199999,1878.55930000,23,2.39000000,811.25080000,0
2025-03-18 12:00:00,333.9,336.0,331.3,331.3,2.76900000,1742313599999,925.29020000,11,2.52800000,845.05350000,0
2025-03-18 16:00:00,332.3,336.1,330.1,331.3,0.23500000,1742327999999,78.11150000,6,0.11000000,36.71940000,0
2025-03-18 20:00:00,332.8,342.1,331.4,333.4,4.92900000,1742342399999,1645.58200000,19,1.01200000,343.73120000,0
2025-03-19 00:00:00,336.4,343.3,333.3,334.8,1.79900000,1742356799999,603.25870000,84,0.98700000,332.23980000,0
2025-03-19 04:00:00,333.6,333.6,333.6,333.6,0.00700000,1742371199999,2.33520000,1,0.00700000,2.33520000,0
2025-03-19 08:00:00,336.0,340.6,333.7,340.6,0.57200000,1742385599999,191.86790000,7,0.26300000,88.72300000,0
2025-03-19 12:00:00,335.8,342.1,335.8,342.1,0.19700000,1742399999999,66.91400000,4,0.12300000,42.06480000,0
2025-03-19 16:00:00,340.0,340.0,337.1,339.8,7.98000000,1742414399999,2704.20630000,14,2.88900000,981.68980000,0
2025-03-19 20:00:00,342.5,344.9,342.5,344.9,0.56300000,1742428799999,192.91650000,4,0.56300000,192.91650000,0
2025-03-20 00:00:00,346.4,348.1,344.7,347.2,5.52700000,1742443199999,1919.34870000,94,2.70500000,939.11540000,0
2025-03-20 04:00:00,346.8,347.8,346.8,347.8,0.32300000,1742457599999,112.04240000,4,0.32300000,112.04240000,0
2025-03-20 08:00:00,347.8,347.8,347.8,347.8,0.00000000,1742471999999,0.00000000,0,0.00000000,0.00000000,0
2025-03-20 12:00:00,351.0,351.0,335.5,335.5,3.62500000,1742486399999,1226.71510000,17,3.44400000,1164.80520000,0
2025-03-20 16:00:00,330.7,334.8,330.2,334.8,1.04300000,1742500799999,344.93730000,5,0.01800000,5.99580000,0
2025-03-20 20:00:00,334.5,334.5,334.5,334.5,0.00700000,1742515199999,2.34150000,1,0.00700000,2.34150000,0
2025-03-21 00:00:00,334.5,350.6,330.6,347.2,2.56700000,1742529599999,862.86510000,141,1.96600000,663.69770000,0
2025-03-21 04:00:00,330.9,350.6,330.8,337.6,0.19400000,1742543999999,66.51150000,5,0.15100000,52.28420000,0
2025-03-21 08:00:00,350.3,350.3,332.1,332.1,0.36000000,1742558399999,121.47660000,3,0.10500000,36.78150000,0
2025-03-21 12:00:00,331.1,331.1,325.7,326.1,3.86100000,1742572799999,1272.61490000,7,0.00000000,0.00000000,0
2025-03-21 16:00:00,331.4,331.4,326.0,326.0,1.64200000,1742587199999,541.29920000,7,1.60500000,529.20090000,0
2025-03-21 20:00:00,327.0,327.6,323.9,323.9,11.10300000,1742601599999,3622.50200000,24,0.00000000,0.00000000,0
2025-03-22 00:00:00,321.3,326.6,319.5,323.5,1.26500000,1742615999999,409.11350000,68,1.09700000,355.12960000,0
2025-03-22 04:00:00,326.2,327.3,322.7,327.3,0.41400000,1742630399999,134.64350000,9,0.21100000,69.01370000,0
2025-03-22 08:00:00,323.7,323.7,323.6,323.6,0.11800000,1742644799999,38.19390000,2,0.00000000,0.00000000,0
2025-03-22 12:00:00,322.9,325.1,321.6,321.6,1.29400000,1742659199999,418.46100000,6,0.66100000,214.85730000,0
2025-03-22 16:00:00,323.3,326.4,323.3,326.4,0.14500000,1742673599999,47.21130000,3,0.10300000,33.61920000,0
2025-03-22 20:00:00,323.2,323.3,320.4,320.4,0.20400000,1742687999999,65.78240000,3,0.09200000,29.74360000,0
2025-03-23 00:00:00,323.0,326.8,320.6,323.5,0.44300000,1742702399999,143.20660000,21,0.37100000,120.02430000,0
2025-03-23 04:00:00,323.5,323.5,323.5,323.5,0.00000000,1742716799999,0.00000000,0,0.00000000,0.00000000,0
2025-03-23 08:00:00,321.0,325.2,320.8,325.2,1.96500000,1742731199999,630.66490000,5,0.04000000,13.00800000,0
2025-03-23 12:00:00,324.7,324.7,324.3,324.3,0.66500000,1742745599999,215.67870000,2,0.61700000,200.09310000,0
2025-03-23 16:00:00,324.4,324.4,320.7,320.7,0.54200000,1742759999999,174.94240000,4,0.30500000,98.86250000,0
2025-03-23 20:00:00,323.3,323.3,323.3,323.3,0.02900000,1742774399999,9.37570000,1,0.00000000,0.00000000,0
2025-03-24 00:00:00,325.4,330.5,321.2,330.5,4.54300000,1742788799999,1488.59410000,113,4.18000000,1370.16350000,0
2025-03-24 04:00:00,329.3,332.3,327.1,329.6,5.37700000,1742803199999,1769.46460000,15,1.70800000,561.15720000,0
2025-03-24 08:00:00,329.2,329.2,329.2,329.2,0.41700000,1742817599999,137.27640000,2,0.00000000,0.00000000,0
2025-03-24 12:00:00,329.4,333.4,329.4,333.1,4.35500000,1742831999999,1443.97790000,8,4.21600000,1398.08010000,0
2025-03-24 16:00:00,332.5,336.2,332.2,334.0,4.79900000,1742846399999,1596.96730000,9,2.43700000,811.46850000,0
2025-03-24 20:00:00,336.3,336.4,331.6,332.4,6.81100000,1742860799999,2271.97930000,16,1.98000000,661.01300000,0
2025-03-25 00:00:00,331.6,334.2,324.7,327.4,9.95800000,1742875199999,3289.20080000,99,2.17700000,720.68370000,0
2025-03-25 04:00:00,327.4,329.4,327.4,329.4,0.01300000,1742889599999,4.27020000,2,0.01300000,4.27020000,0
2025-03-25 08:00:00,329.8,330.5,327.4,328.6,0.45600000,1742903999999,149.86810000,8,0.14500000,47.77970000,0
2025-03-25 12:00:00,333.3,337.9,333.3,336.9,4.31800000,1742918399999,1447.90110000,9,4.31300000,1446.22910000,0
2025-03-25 16:00:00,337.6,337.6,331.3,335.5,9.72600000,1742932799999,3260.97700000,14,2.40200000,805.48960000,0
2025-03-25 20:00:00,335.0,335.0,333.6,333.6,5.49400000,1742947199999,1835.77900000,8,2.27800000,762.71260000,0
2025-03-26 00:00:00,336.6,341.3,333.6,333.6,17.63900000,1742961599999,5944.10790000,60,8.69100000,2933.66380000,0
2025-03-26 04:00:00,330.4,332.2,330.0,332.2,2.37000000,1742975999999,782.81310000,7,1.82300000,601.81790000,0
2025-03-26 08:00:00,338.1,338.5,336.3,336.3,0.40600000,1742990399999,137.13240000,8,0.19700000,66.66180000,0
2025-03-26 12:00:00,336.8,336.8,328.7,331.2,4.76000000,1743004799999,1579.08570000,9,2.61300000,867.37420000,0
2025-03-26 16:00:00,333.1,336.7,331.0,331.0,20.78900000,1743019199999,6975.83010000,14,4.37100000,1465.90460000,0
2025-03-26 20:00:00,335.2,335.2,334.4,334.4,6.14600000,1743033599999,2060.02960000,5,1.48700000,498.33280000,0
2025-03-27 00:00:00,336.4,338.5,333.8,338.5,11.92400000,1743047999999,4015.09880000,72,8.95000000,3015.96780000,0
2025-03-27 04:00:00,338.3,338.3,336.1,337.5,56.13100000,1743062399999,18891.94440000,25,4.46100000,1501.97010000,0
2025-03-27 08:00:00,336.7,336.7,330.3,332.2,13.78200000,1743076799999,4592.82770000,19,13.70400000,4566.89180000,0
2025-03-27 12:00:00,330.6,332.9,324.8,324.8,6.26900000,1743091199999,2068.04720000,19,0.10400000,34.46740000,0
2025-03-27 16:00:00,323.6,324.4,321.0,321.2,2.15700000,1743105599999,694.37210000,12,0.05100000,16.51500000,0
2025-03-27 20:00:00,324.9,326.2,324.9,326.2,0.97700000,1743119999999,318.66750000,2,0.97700000,318.66750000,0
2025-03-28 00:00:00,323.5,326.8,322.0,322.0,6.19200000,1743134399999,2008.00070000,104,3.08800000,1003.07700000,0
2025-03-28 04:00:00,321.1,321.1,312.4,313.9,3.80100000,1743148799999,1205.81060000,16,0.09200000,28.94850000,0
2025-03-28 08:00:00,311.5,311.5,310.0,310.0,6.49400000,1743163199999,2014.62120000,14,0.00000000,0.00000000,0
2025-03-28 12:00:00,314.7,314.7,308.9,308.9,0.53300000,1743177599999,164.82070000,3,0.00000000,0.00000000,0
2025-03-28 16:00:00,309.1,309.1,306.5,306.5,2.17900000,1743191999999,669.60700000,7,0.10700000,32.82150000,0
2025-03-28 20:00:00,305.4,308.7,305.0,308.7,4.07000000,1743206399999,1246.60920000,11,1.69300000,521.29480000,0
2025-03-29 00:00:00,308.8,311.0,302.6,302.6,3.23500000,1743220799999,987.97440000,62,0.67000000,206.62990000,0
2025-03-29 04:00:00,303.1,307.1,303.1,305.9,3.96900000,1743235199999,1203.49430000,8,2.90300000,880.25810000,0
2025-03-29 08:00:00,305.1,305.1,301.1,301.1,0.47500000,1743249599999,143.59450000,2,0.00000000,0.00000000,0
2025-03-29 12:00:00,307.8,308.2,306.7,306.7,5.04600000,1743263999999,1553.01520000,7,5.04600000,1553.01520000,0
2025-03-29 16:00:00,307.3,312.6,298.5,300.1,22.84200000,1743278399999,6865.67630000,27,1.85700000,564.16720000,0
2025-03-29 20:00:00,300.0,302.0,297.3,301.1,3.58700000,1743292799999,1073.35330000,10,0.34200000,103.08220000,0
2025-03-30 00:00:00,302.3,304.7,300.3,304.2,0.27700000,1743307199999,84.16620000,16,0.14600000,44.31330000,0
2025-03-30 04:00:00,306.2,308.0,305.5,308.0,3.31400000,1743321599999,1015.56440000,9,3.23300000,990.79540000,0
2025-03-30 08:00:00,306.3,306.6,306.2,306.6,1.91300000,1743335999999,586.36920000,4,1.73200000,530.92930000,0
2025-03-30 12:00:00,304.6,304.6,304.6,304.6,2.43900000,1743350399999,742.91940000,2,0.00000000,0.00000000,0
2025-03-30 16:00:00,303.7,303.7,302.2,302.2,2.14500000,1743364799999,650.70090000,5,1.14000000,346.16880000,0
2025-03-30 20:00:00,302.5,302.5,294.8,298.7,5.99500000,1743379199999,1789.53270000,18,1.56600000,467.77730000,0
2025-03-31 00:00:00,299.3,301.9,297.8,301.1,41.24300000,1743393599999,12314.26770000,39,2.21300000,663.63610000,0
2025-03-31 04:00:00,295.0,295.3,295.0,295.2,0.32000000,1743407999999,94.48290000,3,0.00000000,0.00000000,0
2025-03-31 08:00:00,297.0,299.1,291.1,299.1,1.66500000,1743422399999,486.81870000,13,1.13600000,332.32240000,0
2025-03-31 12:00:00,298.9,306.0,296.1,305.7,3.71200000,1743436799999,1130.99660000,11,1.34500000,407.74350000,0
2025-03-31 16:00:00,305.4,305.4,303.1,303.1,0.09900000,1743451199999,30.20470000,2,0.09900000,30.20470000,0
2025-03-31 20:00:00,305.0,305.0,301.7,304.9,1.07200000,1743465599999,326.66120000,6,1.01300000,308.86090000,0
2025-04-01 00:00:00,301.9,304.8,301.9,303.7,1.62700000,1743479999999,494.86280000,14,1.12800000,343.37720000,0
2025-04-01 04:00:00,305.1,311.0,305.1,311.0,4.12200000,1743494399999,1270.02660000,9,4.07000000,1254.12630000,0
2025-04-01 08:00:00,311.6,312.8,311.6,312.8,0.22600000,1743508799999,70.68560000,2,0.00600000,1.86960000,0
2025-04-01 12:00:00,312.2,317.2,312.1,316.4,5.01800000,1743523199999,1577.27930000,11,3.80500000,1194.99620000,0
2025-04-01 16:00:00,313.3,313.3,308.1,308.9,2.47000000,1743537599999,770.34620000,8,0.14500000,45.10270000,0
2025-04-01 20:00:00,310.3,312.3,307.7,308.9,8.73600000,1743551999999,2724.96300000,7,8.48800000,2648.36060000,0
2025-04-02 00:00:00,307.1,311.1,304.8,305.9,1.85300000,1743566399999,570.32170000,30,1.53000000,471.64640000,0
2025-04-02 04:00:00,302.8,313.3,302.1,313.3,15.15000000,1743580799999,4642.20550000,5,14.62500000,4483.37410000,0
2025-04-02 08:00:00,305.6,307.4,304.8,305.7,13.51500000,1743595199999,4126.84820000,7,5.84300000,1783.36040000,0
2025-04-02 12:00:00,306.2,312.3,306.1,310.1,5.47400000,1743609599999,1695.34460000,7,0.12100000,37.04690000,0
2025-04-02 16:00:00,311.9,311.9,308.6,308.6,0.29900000,1743623999999,92.89870000,3,0.06800000,20.98480000,0
2025-04-02 20:00:00,305.2,316.5,292.9,293.6,4.00200000,1743638399999,1187.16070000,15,1.09100000,330.74300000,0
2025-04-03 00:00:00,291.7,303.7,291.7,302.2,3.34000000,1743652799999,1007.20880000,32,0.36100000,107.03450000,0
2025-04-03 04:00:00,302.5,304.4,302.5,304.4,1.43400000,1743667199999,435.97570000,4,1.15300000,350.97320000,0
2025-04-03 08:00:00,306.4,306.9,305.3,305.3,0.11100000,1743681599999,33.94610000,3,0.03800000,11.65920000,0
2025-04-03 12:00:00,296.3,296.3,294.8,294.8,2.33100000,1743695999999,687.67120000,7,0.06600000,19.49470000,0
2025-04-03 16:00:00,295.4,295.7,295.4,295.7,0.07100000,1743710399999,20.98990000,2,0.07100000,20.98990000,0
2025-04-03 20:00:00,294.4,301.8,294.4,300.8,2.79400000,1743724799999,834.07600000,10,1.50600000,446.25920000,0
2025-04-04 00:00:00,299.8,302.3,299.8,302.1,0.23600000,1743739199999,71.20190000,11,0.05600000,16.89510000,0
2025-04-04 04:00:00,304.9,309.1,304.9,307.9,0.37500000,1743753599999,115.66190000,5,0.25500000,78.78690000,0
2025-04-04 08:00:00,308.4,309.3,296.2,298.0,3.42100000,1743767999999,1042.33640000,10,1.14100000,347.30470000,0
2025-04-04 12:00:00,298.0,302.9,296.9,301.7,3.47600000,1743782399999,1038.44280000,9,1.14000000,338.61420000,0
2025-04-04 16:00:00,299.6,302.8,298.7,299.8,3.39700000,1743796799999,1021.91670000,7,1.92200000,578.78840000,0
2025-04-04 20:00:00,300.6,303.2,299.9,303.2,1.55800000,1743811199999,468.03670000,6,0.83300000,250.59120000,0
2025-04-05 00:00:00,300.8,301.5,300.2,300.6,0.22000000,1743825599999,66.21810000,21,0.03300000,9.91980000,0
2025-04-05 04:00:00,300.5,301.3,299.7,300.7,0.18600000,1743839999999,55.85480000,4,0.09700000,29.16450000,0
2025-04-05 08:00:00,302.2,302.2,302.2,302.2,0.14400000,1743854399999,43.51680000,1,0.00000000,0.00000000,0
2025-04-05 12:00:00,302.0,302.0,298.7,298.7,2.84400000,1743868799999,851.98500000,5,1.98000000,591.66180000,0
2025-04-05 16:00:00,297.6,298.7,297.6,298.5,4.33600000,1743883199999,1293.85780000,7,0.83900000,249.87010000,0
2025-04-05 20:00:00,300.2,300.6,300.2,300.3,0.30500000,1743897599999,91.59090000,3,0.13800000,41.44080000,0
2025-04-06 00:00:00,304.1,307.3,295.6,296.3,15.48100000,1743911999999,4694.25640000,36,9.50500000,2896.25430000,0
2025-04-06 04:00:00,295.4,297.7,295.4,295.4,2.06100000,1743926399999,609.04280000,4,1.05400000,311.57500000,0
2025-04-06 08:00:00,294.9,295.4,294.1,294.1,3.23600000,1743940799999,954.54590000,5,3.15700000,931.20930000,0
2025-04-06 12:00:00,292.5,295.5,290.0,295.0,9.54200000,1743955199999,2782.17110000,18,1.77400000,518.10540000,0
2025-04-06 16:00:00,294.7,294.7,273.2,273.2,14.30600000,1743969599999,4053.37590000,26,1.25200000,363.67280000,0
2025-04-06 20:00:00,276.4,276.4,266.6,266.6,10.75300000,1743983999999,2920.03460000,14,6.47100000,1768.31860000,0
2025-04-07 00:00:00,271.5,276.2,268.0,269.8,6.80700000,1743998399999,1844.08540000,50,1.67400000,457.73820000,0
2025-04-07 04:00:00,267.9,267.9,253.1,253.4,35.57000000,1744012799999,9218.60180000,26,24.76300000,6393.99470000,0
2025-04-07 08:00:00,251.9,263.0,251.9,261.3,1.26200000,1744027199999,320.52580000,10,0.20200000,52.76580000,0
2025-04-07 12:00:00,265.3,280.0,265.3,272.4,0.31300000,1744041599999,85.21240000,10,0.05100000,13.89720000,0
2025-04-07 16:00:00,270.7,277.8,270.0,276.7,17.59000000,1744055999999,4843.33940000,26,3.04400000,835.56280000,0
2025-04-07 20:00:00,277.7,278.3,276.2,276.3,17.37900000,1744070399999,4812.57500000,34,4.82400000,1341.64320000,0
2025-04-08 00:00:00,275.6,281.7,275.0,281.4,3.28700000,1744084799999,912.20230000,27,2.92900000,813.34550000,0
2025-04-08 04:00:00,279.8,279.8,277.2,277.2,0.21800000,1744099199999,60.96780000,2,0.01100000,3.04920000,0
2025-04-08 08:00:00,279.9,282.6,278.5,282.6,1.71400000,1744113599999,479.76160000,9,1.27400000,357.13610000,0
2025-04-08 12:00:00,284.1,284.1,279.8,280.0,3.30500000,1744127999999,933.60200000,8,1.77200000,499.65980000,0
2025-04-08 16:00:00,280.4,280.4,270.8,270.8,4.19400000,1744142399999,1154.42530000,7,1.49000000,410.39420000,0
2025-04-08 20:00:00,270.3,272.2,268.3,268.7,3.21300000,1744156799999,869.67060000,9,0.17800000,47.83340000,0
2025-04-09 00:00:00,269.0,271.0,261.8,267.6,4.96000000,1744171199999,1322.61350000,33,1.68900000,452.27550000,0
2025-04-09 04:00:00,269.0,276.6,269.0,275.1,2.96400000,1744185599999,815.06920000,12,0.91200000,247.54320000,0
2025-04-09 08:00:00,272.3,273.1,270.8,270.8,2.70200000,1744199999999,733.33690000,5,0.14300000,38.95700000,0
2025-04-09 12:00:00,269.5,270.7,268.9,270.7,2.22000000,1744214399999,599.60940000,4,1.06800000,287.82600000,0
2025-04-09 16:00:00,274.7,309.5,274.7,308.7,32.94600000,1744228799999,9544.69790000,42,14.95500000,4469.31510000,0
2025-04-09 20:00:00,306.7,308.0,303.4,303.4,191.73400000,1744243199999,58625.50650000,57,63.56500000,19363.71010000,0
2025-04-10 00:00:00,301.6,302.7,295.5,295.5,8.56900000,1744257599999,2589.10280000,56,5.24200000,1583.04830000,0
2025-04-10 04:00:00,299.6,300.3,299.4,300.3,6.70200000,1744271999999,2007.28420000,3,0.04400000,13.21320000,0
2025-04-10 08:00:00,296.2,297.4,295.6,295.6,3.66000000,1744286399999,1084.44300000,5,0.02900000,8.58840000,0
2025-04-10 12:00:00,297.6,297.6,285.8,285.8,0.37700000,1744300799999,110.69650000,5,0.33300000,97.98870000,0
2025-04-10 16:00:00,286.0,288.5,284.9,288.5,9.30300000,1744315199999,2660.58880000,14,7.71300000,2202.74500000,0
2025-04-10 20:00:00,291.7,292.2,291.1,291.1,4.48200000,1744329599999,1309.20480000,6,0.02600000,7.58420000,0
2025-04-11 00:00:00,289.4,296.5,289.4,296.5,1.15000000,1744343999999,335.99300000,64,0.29700000,87.23880000,0
2025-04-11 04:00:00,297.6,299.2,296.6,299.2,3.82600000,1744358399999,1141.32450000,6,1.90300000,567.27930000,0
2025-04-11 08:00:00,297.6,304.1,297.6,302.4,8.38700000,1744372799999,2525.85020000,11,4.04900000,1212.15740000,0
2025-04-11 12:00:00,302.9,310.3,301.4,310.0,47.54500000,1744387199999,14582.21510000,37,11.23300000,3451.45560000,0
2025-04-11 16:00:00,310.5,315.4,309.6,312.5,8.51800000,1744401599999,2666.52770000,18,6.72500000,2105.97880000,0
2025-04-11 20:00:00,311.7,313.9,311.7,313.8,0.16900000,1744415999999,52.81400000,5,0.13800000,43.13890000,0
2025-04-12 00:00:00,312.2,312.8,311.5,312.2,2.22200000,1744430399999,693.05910000,60,0.01700000,5.30740000,0
2025-04-12 04:00:00,312.4,317.4,312.4,317.4,0.04800000,1744444799999,15.15020000,2,0.04800000,15.15020000,0
2025-04-12 08:00:00,313.3,314.9,313.3,314.9,0.29400000,1744459199999,92.43340000,2,0.00000000,0.00000000,0
2025-04-12 12:00:00,315.2,358.7,315.2,347.1,35.16600000,1744473599999,11944.37680000,57,8.50300000,2791.47150000,0
2025-04-12 16:00:00,349.5,352.0,348.7,351.0,2.95000000,1744487999999,1035.34900000,10,0.08200000,28.64290000,0
2025-04-12 20:00:00,347.2,347.2,344.2,345.6,2.07700000,1744502399999,720.76160000,5,0.00900000,3.11040000,0
2025-04-13 00:00:00,343.4,344.0,337.9,340.6,3.29900000,1744516799999,1125.30600000,116,0.65800000,224.64960000,0
2025-04-13 04:00:00,338.1,339.5,337.7,337.7,0.14500000,1744531199999,49.05580000,4,0.07300000,24.74140000,0
2025-04-13 08:00:00,342.0,347.1,342.0,347.1,0.37200000,1744545599999,128.85680000,5,0.04800000,16.65880000,0
2025-04-13 12:00:00,347.1,352.9,341.8,341.8,3.30800000,1744559999999,1149.72590000,12,1.76700000,617.61240000,0
2025-04-13 16:00:00,345.4,348.0,345.4,345.6,10.38900000,1744574399999,3608.61680000,9,9.07300000,3152.98310000,0
2025-04-13 20:00:00,345.1,345.1,342.0,342.0,7.31700000,1744588799999,2520.77790000,12,7.05200000,2429.53690000,0
2025-04-14 00:00:00,346.1,373.5,346.1,354.2,60.19600000,1744603199999,21452.77310000,171,21.61500000,7777.84300000,0
2025-04-14 04:00:00,348.6,366.1,339.2,339.2,0.44900000,1744617599999,156.31120000,10,0.29200000,102.64310000,0
2025-04-14 08:00:00,338.1,338.3,338.1,338.3,0.11500000,1744631999999,38.88730000,2,0.02900000,9.81070000,0
2025-04-14 12:00:00,338.3,339.7,333.2,333.2,8.27400000,1744646399999,2777.43700000,11,0.22100000,74.76430000,0
2025-04-14 16:00:00,328.3,328.3,324.4,325.7,0.57400000,1744660799999,188.05800000,5,0.14800000,48.30100000,0
2025-04-14 20:00:00,325.3,329.2,323.9,323.9,1.01200000,1744675199999,328.47350000,10,0.14100000,46.21680000,0
2025-04-15 00:00:00,323.0,326.7,321.4,326.7,5.44900000,1744689599999,1762.97110000,75,3.78000000,1224.07080000,0
2025-04-15 04:00:00,330.4,337.8,330.4,336.3,6.06600000,1744703999999,2022.14440000,14,5.92400000,1975.04720000,0
2025-04-15 08:00:00,333.1,334.4,328.2,330.4,0.63800000,1744718399999,212.33080000,7,0.14100000,46.96740000,0
2025-04-15 12:00:00,331.0,331.4,324.8,325.7,4.78000000,1744732799999,1553.35690000,8,0.09300000,30.70330000,0
2025-04-15 16:00:00,321.8,324.2,321.8,322.7,0.17400000,1744747199999,56.02470000,3,0.00900000,2.91780000,0
2025-04-15 20:00:00,324.2,324.2,317.6,318.2,134.07600000,1744761599999,42583.31080000,39,128.29600000,40747.08500000,0
2025-04-16 00:00:00,318.1,330.6,316.7,319.0,15.42400000,1744775999999,4959.86410000,114,13.83500000,4452.52830000,0
2025-04-16 04:00:00,318.9,320.5,318.1,320.5,0.93200000,1744790399999,298.42920000,4,0.00000000,0.00000000,0
2025-04-16 08:00:00,321.1,322.1,319.6,322.1,1.84000000,1744804799999,589.63770000,7,0.98500000,316.29730000,0
2025-04-16 12:00:00,318.6,322.2,318.6,322.2,0.43000000,1744819199999,138.36530000,4,0.40300000,129.76310000,0
2025-04-16 16:00:00,322.3,322.3,319.0,320.7,2.16600000,1744833599999,692.48070000,11,0.62100000,199.40310000,0
2025-04-16 20:00:00,322.7,325.1,322.2,323.5,9.20700000,1744847999999,2977.91730000,7,7.76900000,2514.04840000,0
2025-04-17 00:00:00,323.5,331.8,319.2,325.4,6.12400000,1744862399999,1988.51870000,137,2.53500000,835.07830000,0
2025-04-17 04:00:00,330.8,334.7,330.8,333.5,3.72500000,1744876799999,1245.74780000,16,1.60200000,535.45040000,0
2025-04-17 08:00:00,333.0,333.0,330.7,331.4,1.60400000,1744891199999,531.55320000,4,1.55500000,515.27870000,0
2025-04-17 12:00:00,333.7,334.7,331.3,333.6,7.66100000,1744905599999,2539.09630000,8,6.92500000,2294.42890000,0
2025-04-17 16:00:00,335.1,338.8,333.2,338.8,2.44900000,1744919999999,827.50510000,8,2.41800000,817.12010000,0
2025-04-17 20:00:00,337.8,340.4,332.8,332.8,5.42500000,1744934399999,1831.07470000,15,1.76400000,595.19700000,0
2025-04-18 00:00:00,333.2,333.3,328.4,328.4,2.22100000,1744948799999,738.41570000,112,0.61400000,203.77700000,0
2025-04-18 04:00:00,328.4,328.4,328.4,328.4,0.00000000,1744963199999,0.00000000,0,0.00000000,0.00000000,0
2025-04-18 08:00:00,329.8,332.7,329.8,332.7,0.96700000,1744977599999,321.67160000,2,0.00000000,0.00000000,0
2025-04-18 12:00:00,334.2,344.1,334.2,339.8,2.40900000,1744991999999,818.55330000,12,2.28400000,776.10070000,0
2025-04-18 16:00:00,341.1,341.1,341.1,341.1,4.61800000,1745006399999,1575.19980000,1,0.00000000,0.00000000,0
2025-04-18 20:00:00,342.0,344.4,338.5,339.2,4.60000000,1745020799999,1567.19060000,8,0.13200000,45.24240000,0
2025-04-19 00:00:00,334.7,340.9,333.6,336.6,1.70200000,1745035199999,571.16470000,122,0.11700000,39.70290000,0
2025-04-19 04:00:00,337.7,338.9,336.5,336.5,0.20200000,1745049599999,68.07020000,9,0.08400000,28.35540000,0
2025-04-19 08:00:00,338.4,339.8,338.4,339.8,23.19000000,1745063999999,7873.11530000,17,4.72600000,1604.49310000,0
2025-04-19 12:00:00,336.1,336.1,334.7,334.7,0.38600000,1745078399999,129.70380000,2,0.00000000,0.00000000,0
2025-04-19 16:00:00,336.0,336.6,334.7,335.3,0.43600000,1745092799999,146.21840000,4,0.40700000,136.51210000,0
2025-04-19 20:00:00,336.9,342.2,334.7,336.2,0.49700000,1745107199999,167.25960000,9,0.44700000,150.51900000,0
2025-04-20 00:00:00,336.6,341.9,336.6,341.1,4.83700000,1745121599999,1638.89300000,137,3.12900000,1058.13830000,0
2025-04-20 04:00:00,340.0,340.5,335.2,335.2,2.42700000,1745135999999,825.73400000,4,0.64300000,218.35600000,0
2025-04-20 08:00:00,335.0,338.7,332.6,332.6,1.06400000,1745150399999,356.51430000,10,0.40600000,136.43600000,0
2025-04-20 12:00:00,333.7,333.8,333.7,333.8,0.38300000,1745164799999,127.83790000,2,0.30800000,102.81040000,0
2025-04-20 16:00:00,333.9,333.9,333.9,333.9,0.04500000,1745179199999,15.02550000,1,0.00000000,0.00000000,0
2025-04-20 20:00:00,336.6,337.6,335.6,337.6,0.17200000,1745193599999,57.84020000,4,0.17200000,57.84020000,0
2025-04-21 00:00:00,338.0,343.0,337.6,338.9,4.28200000,1745207999999,1456.45420000,119,3.02300000,1030.39410000,0
2025-04-21 04:00:00,338.0,344.5,337.0,344.5,39.62600000,1745222399999,13511.21670000,22,39.38200000,13428.84870000,0
2025-04-21 08:00:00,342.2,342.2,339.9,339.9,0.21400000,1745236799999,73.00770000,2,0.00000000,0.00000000,0
2025-04-21 12:00:00,340.1,345.1,340.1,345.1,5.79200000,1745251199999,1993.38160000,5,4.29100000,1477.32690000,0
2025-04-21 16:00:00,345.8,347.4,341.0,346.5,2.51000000,1745265599999,865.98230000,8,0.11200000,38.79780000,0
2025-04-21 20:00:00,345.8,345.8,344.3,345.7,0.20200000,1745279999999,69.59290000,6,0.20200000,69.59290000,0
2025-04-22 00:00:00,345.3,346.4,337.6,345.2,4.14200000,1745294399999,1423.33220000,28,1.04700000,361.67740000,0
2025-04-22 04:00:00,343.5,349.4,337.8,349.4,7.68900000,1745308799999,2638.57540000,14,2.64300000,903.55430000,0
2025-04-22 08:00:00,348.9,348.9,345.4,345.4,2.18600000,1745323199999,759.86600000,6,1.14800000,400.42240000,0
2025-04-22 12:00:00,347.4,359.5,347.4,359.0,19.74200000,1745337599999,6917.34140000,23,7.87600000,2762.51860000,0
2025-04-22 16:00:00,362.5,362.5,355.3,355.3,3.64200000,1745351999999,1298.77950000,23,0.50600000,183.08660000,0
2025-04-22 20:00:00,360.9,364.2,360.9,361.9,2.20400000,1745366399999,796.77370000,7,1.33800000,483.31850000,0
2025-04-23 00:00:00,359.8,363.8,355.8,356.1,4.40700000,1745380799999,1579.58410000,29,1.82600000,654.68990000,0
2025-04-23 04:00:00,358.8,364.0,358.2,359.8,2.39100000,1745395199999,859.81470000,11,1.68700000,606.60090000,0
2025-04-23 08:00:00,361.2,361.2,359.8,359.8,0.08900000,1745409599999,32.10050000,3,0.05200000,18.78240000,0
2025-04-23 12:00:00,359.8,360.7,354.2,356.1,8.38500000,1745423999999,3012.53820000,11,1.00800000,362.14360000,0
2025-04-23 16:00:00,355.5,362.3,355.5,356.4,4.42500000,1745438399999,1594.11120000,14,3.39400000,1222.65720000,0
2025-04-23 20:00:00,356.7,359.4,356.7,359.4,0.26900000,1745452799999,96.12330000,3,0.00800000,2.87520000,0
2025-04-24 00:00:00,359.5,365.5,356.8,362.0,9.57900000,1745467199999,3462.20350000,35,4.23300000,1531.07500000,0
2025-04-24 04:00:00,359.9,364.8,358.7,358.8,9.89400000,1745481599999,3571.61400000,29,3.57100000,1297.14830000,0
2025-04-24 08:00:00,357.8,360.4,355.0,358.5,0.31200000,1745495999999,111.69150000,4,0.00800000,2.88320000,0
2025-04-24 12:00:00,346.7,354.2,343.5,353.5,1.51800000,1745510399999,530.40700000,13,0.11500000,40.00850000,0
2025-04-24 16:00:00,354.1,362.1,347.7,362.0,10.40500000,1745524799999,3683.60150000,14,0.19500000,69.48910000,0
2025-04-24 20:00:00,352.0,352.3,350.1,350.4,0.20000000,1745539199999,70.22980000,6,0.20000000,70.22980000,0
2025-04-25 00:00:00,356.4,362.7,352.3,355.3,2.96100000,1745553599999,1059.17010000,101,1.88100000,674.88820000,0
2025-04-25 04:00:00,361.1,363.1,359.2,360.6,0.66400000,1745567999999,239.57000000,8,0.38700000,139.73690000,0
2025-04-25 08:00:00,359.5,384.3,359.5,381.4,7.28800000,1745582399999,2722.16890000,42,6.15300000,2305.07760000,0
2025-04-25 12:00:00,381.0,381.8,364.1,374.6,28.04600000,1745596799999,10508.82480000,23,0.05600000,21.02330000,0
2025-04-25 16:00:00,374.6,374.6,374.6,374.6,0.00000000,1745611199999,0.00000000,0,0.00000000,0.00000000,0
2025-04-25 20:00:00,377.0,381.1,372.6,372.6,8.26200000,1745625599999,3105.27920000,14,3.30700000,1253.78870000,0
2025-04-26 00:00:00,372.6,377.0,370.9,375.7,4.82100000,1745639999999,1799.25570000,70,0.81800000,306.18920000,0
2025-04-26 04:00:00,370.8,375.5,369.6,372.3,3.46700000,1745654399999,1287.81920000,6,3.45400000,1282.99880000,0
2025-04-26 08:00:00,366.0,366.0,356.8,361.2,11.17000000,1745668799999,4068.54470000,35,0.48800000,177.05650000,0
2025-04-26 12:00:00,359.1,366.9,359.1,366.9,20.34600000,1745683199999,7309.58120000,19,0.71100000,257.95410000,0
2025-04-26 16:00:00,362.2,364.6,356.2,356.2,0.75100000,1745697599999,271.03130000,6,0.40300000,146.62240000,0
2025-04-26 20:00:00,356.2,359.4,354.2,354.2,8.56900000,1745711999999,3052.19780000,13,0.02800000,10.06320000,0
2025-04-27 00:00:00,355.1,373.0,352.1,352.5,7.15100000,1745726399999,2541.60270000,89,1.34300000,485.83900000,0
2025-04-27 04:00:00,353.2,366.5,350.2,354.5,5.16300000,1745740799999,1815.80620000,14,0.05200000,18.74270000,0
2025-04-27 08:00:00,351.9,351.9,350.5,350.5,0.13400000,1745755199999,46.99920000,2,0.02300000,8.09370000,0
2025-04-27 12:00:00,350.5,365.0,350.2,353.3,0.98800000,1745769599999,347.24050000,8,0.26900000,95.37740000,0
2025-04-27 16:00:00,352.2,352.2,348.8,348.8,2.84400000,1745783999999,996.08300000,4,0.12500000,44.02500000,0
2025-04-27 20:00:00,348.8,364.7,344.7,344.7,5.45600000,1745798399999,1897.29380000,14,0.40300000,140.57280000,0
2025-04-28 00:00:00,344.7,362.4,341.6,348.9,16.88500000,1745812799999,5828.48910000,99,8.04800000,2788.10470000,0
2025-04-28 04:00:00,347.1,364.4,347.1,354.4,4.84800000,1745827199999,1703.51220000,13,2.44400000,862.01350000,0
2025-04-28 08:00:00,353.0,354.4,350.6,354.4,0.92400000,1745841599999,324.52390000,5,0.73100000,256.51880000,0
2025-04-28 12:00:00,350.1,352.8,343.4,343.4,1.27700000,1745855999999,446.62230000,6,0.69300000,242.73360000,0
2025-04-28 16:00:00,347.1,350.8,346.0,350.8,0.06300000,1745870399999,21.91130000,4,0.02600000,9.06900000,0
2025-04-28 20:00:00,353.2,369.2,351.4,364.5,26.54400000,1745884799999,9708.77430000,24,22.17800000,8122.15100000,0
2025-04-29 00:00:00,365.5,376.0,362.2,367.8,14.25800000,1745899199999,5195.38990000,146,4.05600000,1490.50780000,0
2025-04-29 04:00:00,370.8,375.4,367.5,367.5,18.69700000,1745913599999,6976.67810000,14,8.46200000,3137.76500000,0
2025-04-29 08:00:00,369.7,371.4,369.7,371.4,0.45100000,1745927999999,167.24810000,2,0.00000000,0.00000000,0
2025-04-29 12:00:00,372.1,373.3,372.1,373.3,0.04000000,1745942399999,14.91400000,2,0.04000000,14.91400000,0
2025-04-29 16:00:00,375.2,375.5,373.8,373.8,1.16100000,1745956799999,435.89320000,3,1.16100000,435.89320000,0
2025-04-29 20:00:00,368.4,368.4,362.3,362.9,5.75000000,1745971199999,2092.56170000,14,0.09200000,33.44070000,0
2025-04-30 00:00:00,364.5,374.7,359.3,359.3,1.06400000,1745985599999,386.20250000,55,1.05000000,381.17230000,0
2025-04-30 04:00:00,365.7,374.8,362.9,363.7,1.17100000,1745999999999,428.37470000,9,1.10900000,405.87490000,0
2025-04-30 08:00:00,363.0,364.1,363.0,363.5,0.05600000,1746014399999,20.35480000,4,0.01200000,4.36920000,0
2025-04-30 12:00:00,368.6,368.6,355.2,363.9,2.00800000,1746028799999,727.70430000,12,0.25400000,92.16790000,0
2025-04-30 16:00:00,363.9,363.9,363.9,363.9,2.70000000,1746043199999,982.53000000,1,2.70000000,982.53000000,0
2025-04-30 20:00:00,365.1,367.3,365.1,367.3,0.01300000,1746057599999,4.75730000,2,0.00500000,1.83650000,0
2025-05-01 00:00:00,367.4,369.3,367.1,368.1,1.44100000,1746071999999,530.78240000,60,0.10700000,39.39120000,0
2025-05-01 04:00:00,367.6,369.2,366.8,366.8,0.10800000,1746086399999,39.72000000,3,0.10800000,39.72000000,0
2025-05-01 08:00:00,365.4,372.1,364.9,369.9,2.34200000,1746100799999,868.50990000,6,2.08500000,774.16380000,0
2025-05-01 12:00:00,371.3,375.3,367.7,367.7,6.27400000,1746115199999,2314.22520000,9,1.71400000,633.07220000,0
2025-05-01 16:00:00,366.6,369.8,362.6,362.6,3.84800000,1746129599999,1398.83040000,13,0.23800000,86.90320000,0
2025-05-01 20:00:00,363.1,367.5,361.1,361.8,0.10100000,1746143999999,36.60700000,6,0.05700000,20.71860000,0
2025-05-02 00:00:00,360.5,369.7,360.2,367.8,10.46400000,1746158399999,3835.35190000,70,7.84800000,2886.32010000,0
2025-05-02 04:00:00,368.5,370.3,368.5,369.2,0.08900000,1746172799999,32.81470000,3,0.08900000,32.81470000,0
2025-05-02 08:00:00,372.2,372.2,367.4,368.3,1.22400000,1746187199999,451.82030000,6,1.12300000,414.66790000,0
2025-05-02 12:00:00,370.6,386.0,370.6,380.4,20.72700000,1746201599999,7893.98310000,24,20.49800000,7806.70130000,0
2025-05-02 16:00:00,379.2,385.2,378.2,380.6,4.04500000,1746215999999,1538.69730000,8,2.04300000,781.48990000,0
2025-05-02 20:00:00,380.4,383.6,378.1,378.9,0.51000000,1746230399999,194.10590000,7,0.48200000,183.50230000,0
2025-05-03 00:00:00,382.0,384.0,366.7,369.7,8.27700000,1746244799999,3084.69770000,64,0.22500000,83.83420000,0
2025-05-03 04:00:00,372.4,378.5,372.4,378.5,0.10500000,1746259199999,39.25450000,2,0.10500000,39.25450000,0
2025-05-03 08:00:00,382.4,382.4,366.7,366.7,5.49500000,1746273599999,2015.66020000,3,0.04100000,15.67840000,0
2025-05-03 12:00:00,366.3,378.2,364.6,378.2,0.62500000,1746287999999,229.49190000,8,0.20200000,74.74560000,0
2025-05-03 16:00:00,363.6,364.3,363.6,364.3,0.85300000,1746302399999,310.36350000,11,0.00000000,0.00000000,0
2025-05-03 20:00:00,365.5,365.5,361.9,361.9,0.11000000,1746316799999,39.98510000,3,0.10100000,36.72800000,0
2025-05-04 00:00:00,361.2,371.9,359.2,367.3,1.67400000,1746331199999,607.94760000,37,1.41500000,514.51470000,0
2025-05-04 04:00:00,367.2,367.2,362.9,365.4,0.15700000,1746345599999,57.29900000,5,0.12900000,47.13780000,0
2025-05-04 08:00:00,365.4,365.4,365.4,365.4,0.00000000,1746359999999,0.00000000,0,0.00000000,0.00000000,0
2025-05-04 12:00:00,355.8,366.4,355.4,355.4,0.98300000,1746374399999,352.94410000,6,0.39600000,144.08440000,0
2025-05-04 16:00:00,355.8,366.1,352.9,363.8,1.09100000,1746388799999,388.78960000,5,1.08800000,387.73090000,0
2025-05-04 20:00:00,358.2,358.2,355.6,355.9,0.03900000,1746403199999,13.88610000,3,0.01300000,4.64050000,0
2025-05-05 00:00:00,357.5,358.5,351.9,355.1,2.87100000,1746417599999,1021.65280000,113,0.28200000,101.08210000,0
2025-05-05 04:00:00,357.6,361.6,357.6,361.6,0.19100000,1746431999999,68.62710000,6,0.18400000,66.12040000,0
2025-05-05 08:00:00,358.0,358.0,352.9,352.9,0.11100000,1746446399999,39.61040000,4,0.03300000,11.72820000,0
2025-05-05 12:00:00,351.5,351.7,350.1,350.1,0.93400000,1746460799999,327.05280000,3,0.00300000,1.05510000,0
2025-05-05 16:00:00,353.5,353.5,353.5,353.5,0.03600000,1746475199999,12.72600000,1,0.00000000,0.00000000,0
2025-05-05 20:00:00,361.5,361.5,349.6,353.0,4.64500000,1746489599999,1630.42020000,16,0.72800000,258.13620000,0
2025-05-06 00:00:00,352.4,353.1,351.0,352.8,2.47400000,1746503999999,871.06250000,97,1.07000000,376.42200000,0
2025-05-06 04:00:00,358.9,361.4,356.8,361.4,1.24100000,1746518399999,447.23280000,6,1.19400000,430.45060000,0
2025-05-06 08:00:00,360.0,362.3,352.6,352.6,4.23500000,1746532799999,1512.15990000,10,3.31900000,1188.78630000,0
2025-05-06 12:00:00,353.6,356.6,353.6,356.1,0.81600000,1746547199999,290.09790000,4,0.74400000,264.57120000,0
2025-05-06 16:00:00,359.8,360.2,352.1,359.6,0.52900000,1746561599999,188.03260000,8,0.13700000,49.14580000,0
2025-05-06 20:00:00,359.9,372.7,354.2,372.7,1.34100000,1746575999999,485.49710000,16,0.95900000,347.96490000,0
2025-05-07 00:00:00,374.7,379.4,373.2,373.5,3.31700000,1746590399999,1252.27490000,100,1.79700000,679.70250000,0
2025-05-07 04:00:00,377.4,377.6,368.7,371.7,2.61700000,1746604799999,972.30270000,16,0.25500000,95.10890000,0
2025-05-07 08:00:00,372.6,375.3,367.9,367.9,4.35400000,1746619199999,1615.38560000,7,2.17300000,807.13020000,0
2025-05-07 12:00:00,367.1,367.1,364.0,364.5,3.79300000,1746633599999,1387.37880000,10,3.73300000,1365.46370000,0
2025-05-07 16:00:00,361.0,361.0,355.0,357.4,36.31500000,1746647999999,13083.13930000,19,5.00200000,1795.94520000,0
2025-05-07 20:00:00,356.8,390.3,356.8,380.6,22.75700000,1746662399999,8569.08010000,44,20.35400000,7688.67520000,0
2025-05-08 00:00:00,384.3,413.0,381.5,410.4,54.46300000,1746676799999,21874.32430000,176,44.30000000,17820.95880000,0
2025-05-08 04:00:00,410.6,429.9,410.6,416.9,35.06100000,1746691199999,14721.68020000,63,16.36300000,6875.74460000,0
2025-05-08 08:00:00,419.2,420.8,413.0,414.9,2.94700000,1746705599999,1218.57620000,9,0.19900000,83.40460000,0
2025-05-08 12:00:00,410.7,424.3,410.7,419.8,6.35000000,1746719999999,2666.94270000,18,4.23100000,1778.96160000,0
2025-05-08 16:00:00,418.9,423.6,416.7,416.9,3.81300000,1746734399999,1595.51770000,25,0.17200000,72.07750000,0
2025-05-08 20:00:00,417.8,425.1,417.8,422.4,5.49000000,1746748799999,2313.56680000,13,5.49000000,2313.56680000,0
2025-05-09 00:00:00,416.9,420.5,414.9,420.5,5.50700000,1746763199999,2295.21940000,117,0.10600000,44.42100000,0
2025-05-09 04:00:00,415.0,422.8,415.0,422.8,2.24100000,1746777599999,943.34890000,8,2.01400000,848.70340000,0
2025-05-09 08:00:00,424.4,428.9,405.5,416.5,16.17300000,1746791999999,6765.32530000,55,6.55200000,2755.04410000,0
2025-05-09 12:00:00,415.1,417.0,405.0,411.1,8.26300000,1746806399999,3397.38200000,17,0.08300000,34.39000000,0
2025-05-09 16:00:00,405.0,419.6,405.0,412.0,7.45000000,1746820799999,3022.58820000,5,0.71700000,295.72320000,0
2025-05-09 20:00:00,419.4,419.4,407.7,408.2,1.07000000,1746835199999,438.14400000,10,0.15800000,65.56220000,0
2025-05-10 00:00:00,415.3,416.5,410.3,415.2,2.02900000,1746849599999,841.46670000,51,1.42200000,590.31000000,0
2025-05-10 04:00:00,414.5,424.0,414.5,420.7,3.97900000,1746863999999,1670.15150000,19,2.49400000,1050.83490000,0
2025-05-10 08:00:00,422.2,422.2,416.6,416.6,1.25700000,1746878399999,528.90410000,9,0.91500000,386.24280000,0
2025-05-10 12:00:00,416.8,423.9,416.8,423.9,0.56100000,1746892799999,235.73470000,2,0.26900000,114.02910000,0
2025-05-10 16:00:00,423.1,424.4,419.5,419.6,12.40900000,1746907199999,5243.27680000,11,0.01300000,5.51720000,0
2025-05-10 20:00:00,421.6,432.4,421.6,429.4,5.65200000,1746921599999,2417.05000000,31,4.22200000,1804.24900000,0
2025-05-11 00:00:00,427.7,431.3,414.7,423.1,6.35800000,1746935999999,2706.15450000,41,2.31900000,992.90680000,0
2025-05-11 04:00:00,425.8,429.1,408.0,408.0,1.18300000,1746950399999,488.55580000,74,0.16800000,70.80660000,0
2025-05-11 08:00:00,410.0,419.1,410.0,412.1,1.57800000,1746964799999,648.52550000,7,1.46000000,599.69390000,0
2025-05-11 12:00:00,412.7,412.9,404.8,404.8,1.14400000,1746979199999,468.89220000,37,0.10400000,42.77590000,0
2025-05-11 16:00:00,404.4,409.3,402.4,409.3,2.56200000,1746993599999,1035.43390000,8,0.12500000,51.11440000,0
2025-05-11 20:00:00,410.7,410.7,410.7,410.7,0.02200000,1747007999999,9.03540000,1,0.02200000,9.03540000,0
2025-05-12 00:00:00,409.1,420.1,404.0,406.5,10.10100000,1747022399999,4130.78510000,43,4.01800000,1657.31160000,0
2025-05-12 04:00:00,415.2,419.9,413.2,413.2,2.35800000,1747036799999,979.57280000,9,2.34000000,972.12240000,0
2025-05-12 08:00:00,415.1,417.8,411.3,411.3,1.25500000,1747051199999,518.46030000,8,1.22500000,506.05230000,0
2025-05-12 12:00:00,416.8,417.4,410.0,410.0,2.70200000,1747065599999,1116.53340000,6,0.00700000,2.92180000,0
2025-05-12 16:00:00,413.8,413.8,398.6,407.8,6.05900000,1747079999999,2445.14930000,10,0.19700000,80.53780000,0
2025-05-12 20:00:00,412.2,412.2,409.2,409.4,0.40600000,1747094399999,166.34680000,3,0.05300000,21.84660000,0
2025-05-13 00:00:00,407.7,419.4,395.0,395.0,3.76200000,1747108799999,1495.30170000,36,0.08500000,35.63340000,0
2025-05-13 04:00:00,405.5,405.5,399.3,401.0,0.25400000,1747123199999,102.05080000,3,0.25400000,102.05080000,0
2025-05-13 08:00:00,395.7,399.4,395.7,399.4,0.12300000,1747137599999,48.86350000,2,0.00000000,0.00000000,0
2025-05-13 12:00:00,403.3,404.1,401.3,402.5,0.95800000,1747151999999,386.38310000,6,0.58200000,234.94310000,0
2025-05-13 16:00:00,409.3,415.8,405.2,412.9,3.23100000,1747166399999,1330.85140000,17,2.87400000,1185.43430000,0
2025-05-13 20:00:00,415.7,415.7,412.0,412.7,1.29200000,1747180799999,533.35550000,6,1.08900000,449.71950000,0
2025-05-14 00:00:00,410.9,415.5,407.1,412.1,5.46100000,1747195199999,2247.27720000,114,3.16400000,1306.84840000,0
2025-05-14 04:00:00,408.2,414.1,406.8,410.1,4.12600000,1747209599999,1692.88060000,9,1.64800000,680.50810000,0
2025-05-14 08:00:00,409.3,409.3,403.8,407.1,0.16000000,1747223999999,65.01410000,4,0.00700000,2.86510000,0
2025-05-14 12:00:00,409.6,409.6,407.2,407.2,0.24800000,1747238399999,101.03440000,3,0.24800000,101.03440000,0
2025-05-14 16:00:00,400.8,404.8,399.4,404.8,2.78400000,1747252799999,1112.10560000,8,0.03600000,14.52880000,0
2025-05-14 20:00:00,407.2,407.2,400.7,401.4,6.75300000,1747267199999,2748.79990000,6,3.66700000,1493.20240000,0
2025-05-15 00:00:00,404.5,409.0,399.1,400.9,2.89700000,1747281599999,1172.58490000,103,2.25400000,915.32650000,0
2025-05-15 04:00:00,399.9,400.3,388.7,388.7,0.47900000,1747295999999,191.00410000,10,0.23000000,91.76180000,0
2025-05-15 08:00:00,394.6,402.6,392.1,402.6,2.64200000,1747310399999,1036.22570000,6,2.56000000,1003.93250000,0
2025-05-15 12:00:00,391.2,401.5,384.8,393.9,4.81800000,1747324799999,1879.01930000,18,0.58300000,227.73560000,0
2025-05-15 16:00:00,393.0,406.5,390.3,393.5,0.97000000,1747339199999,385.06790000,6,0.26700000,107.54650000,0
2025-05-15 20:00:00,397.7,397.7,397.7,397.7,0.03700000,1747353599999,14.71490000,1,0.03700000,14.71490000,0
2025-05-16 00:00:00,397.7,407.6,396.3,401.6,2.22100000,1747367999999,886.76170000,137,1.62100000,647.00750000,0
2025-05-16 04:00:00,402.7,402.7,399.0,399.0,0.19600000,1747382399999,78.25210000,2,0.01300000,5.23510000,0
2025-05-16 08:00:00,398.1,399.4,397.6,399.4,0.07600000,1747396799999,30.28560000,3,0.02500000,9.98500000,0
2025-05-16 12:00:00,400.2,400.2,398.9,398.9,0.03600000,1747411199999,14.38650000,3,0.02600000,10.39750000,0
2025-05-16 16:00:00,399.4,402.3,399.4,400.1,0.64900000,1747425599999,259.69050000,4,0.07800000,31.37940000,0
2025-05-16 20:00:00,398.2,403.3,396.0,396.3,6.70400000,1747439999999,2655.17130000,8,3.53500000,1400.18040000,0
2025-05-17 00:00:00,404.7,404.7,392.3,394.0,0.72000000,1747454399999,284.30760000,62,0.72000000,284.30760000,0
2025-05-17 04:00:00,400.0,400.0,397.5,397.5,0.73400000,1747468799999,293.53270000,3,0.71100000,284.39020000,0
2025-05-17 08:00:00,394.7,397.3,394.7,397.2,0.28400000,1747483199999,112.59860000,8,0.15500000,61.50440000,0
2025-05-17 12:00:00,395.4,395.4,389.2,389.2,0.32800000,1747497599999,129.15720000,3,0.00000000,0.00000000,0
2025-05-17 16:00:00,386.4,393.3,386.4,393.3,0.61500000,1747511999999,241.22400000,2,0.52000000,204.51600000,0
2025-05-17 20:00:00,389.0,401.9,389.0,392.4,0.88800000,1747526399999,347.86180000,7,0.31900000,125.72100000,0
2025-05-18 00:00:00,392.8,399.7,391.4,396.6,2.33000000,1747540799999,920.68910000,75,0.62700000,246.60530000,0
2025-05-18 04:00:00,398.7,398.7,397.7,397.7,3.13100000,1747555199999,1245.26670000,3,0.06800000,27.11160000,0
2025-05-18 08:00:00,401.4,401.4,399.5,399.7,0.14900000,1747569599999,59.60640000,4,0.02700000,10.83780000,0
2025-05-18 12:00:00,398.7,408.4,398.5,405.3,1.53900000,1747583999999,623.47160000,12,0.75000000,304.26930000,0
2025-05-18 16:00:00,401.1,401.1,400.2,400.2,0.41800000,1747598399999,167.47440000,2,0.00000000,0.00000000,0
2025-05-18 20:00:00,391.1,404.4,389.4,404.4,0.38600000,1747612799999,151.04190000,4,0.03400000,13.53960000,0
2025-05-19 00:00:00,407.6,407.6,394.7,394.7,1.01700000,1747627199999,409.72880000,45,0.43100000,174.34910000,0
2025-05-19 04:00:00,389.0,399.0,378.6,399.0,4.69000000,1747641599999,1783.05250000,16,0.13000000,51.49270000,0
2025-05-19 08:00:00,381.3,382.2,381.3,382.2,3.96200000,1747655999999,1510.76910000,7,0.00000000,0.00000000,0
2025-05-19 12:00:00,381.3,387.3,380.4,387.3,2.51800000,1747670399999,962.86960000,8,0.04900000,18.88470000,0
2025-05-19 16:00:00,403.5,403.5,388.6,390.5,1.46500000,1747684799999,570.33150000,7,1.44900000,564.08350000,0
2025-05-19 20:00:00,400.1,405.0,390.5,400.9,0.88500000,1747699199999,354.44900000,5,0.85000000,340.76950000,0
2025-05-20 00:00:00,394.1,405.0,392.7,394.6,1.22100000,1747713599999,480.72860000,50,0.56800000,223.76680000,0
2025-05-20 04:00:00,393.4,394.0,393.4,394.0,0.06000000,1747727999999,23.63160000,2,0.04600000,18.12400000,0
2025-05-20 08:00:00,388.8,389.0,388.8,389.0,0.13300000,1747742399999,51.71620000,2,0.00000000,0.00000000,0
2025-05-20 12:00:00,386.1,386.1,386.1,386.1,0.03800000,1747756799999,14.67180000,2,0.01500000,5.79150000,0
2025-05-20 16:00:00,386.2,389.6,386.2,389.6,0.53900000,1747771199999,208.77830000,5,0.53900000,208.77830000,0
2025-05-20 20:00:00,393.1,393.3,392.3,392.8,1.89300000,1747785599999,744.34570000,4,0.02300000,9.02290000,0
2025-05-21 00:00:00,406.7,406.7,392.2,392.9,3.31700000,1747799999999,1304.93650000,39,2.60800000,1026.57100000,0
2025-05-21 04:00:00,399.0,401.9,399.0,401.9,0.09400000,1747814399999,37.64850000,3,0.05000000,20.09250000,0
2025-05-21 08:00:00,397.7,397.7,397.7,397.7,0.08100000,1747828799999,32.21370000,1,0.00000000,0.00000000,0
2025-05-21 12:00:00,397.1,409.2,396.9,408.6,4.04400000,1747843199999,1632.27310000,11,2.32500000,949.04260000,0
2025-05-21 16:00:00,407.5,411.5,396.4,403.0,12.51700000,1747857599999,5092.15400000,25,7.78600000,3170.88530000,0
2025-05-21 20:00:00,407.4,408.3,401.5,408.3,3.92600000,1747871999999,1596.84770000,18,3.43000000,1395.25710000,0
2025-05-22 00:00:00,408.3,424.5,408.3,419.5,19.62500000,1747886399999,8189.16970000,150,16.80000000,7019.73770000,0
2025-05-22 04:00:00,419.1,419.1,414.7,415.8,1.13700000,1747900799999,474.28830000,15,0.88500000,369.17910000,0
2025-05-22 08:00:00,417.1,439.9,416.1,433.3,33.32400000,1747915199999,14418.52990000,81,30.34300000,13127.81240000,0
2025-05-22 12:00:00,433.7,434.8,427.2,434.8,5.45800000,1747929599999,2362.21930000,29,4.48400000,1942.53260000,0
2025-05-22 16:00:00,434.2,437.9,434.2,434.5,4.09400000,1747943999999,1787.83560000,8,2.76200000,1208.65200000,0
2025-05-22 20:00:00,434.7,445.4,434.7,445.4,17.15800000,1747958399999,7580.74270000,34,7.79700000,3431.20360000,0
2025-05-23 00:00:00,445.5,462.5,443.3,453.9,26.00900000,1747972799999,11748.26180000,107,20.35400000,9217.34490000,0
2025-05-23 04:00:00,451.9,451.9,434.8,434.8,7.27100000,1747987199999,3247.24690000,17,1.28000000,574.79720000,0
2025-05-23 08:00:00,437.9,441.6,428.5,431.3,4.38300000,1748001599999,1913.59390000,21,2.45100000,1069.66930000,0
2025-05-23 12:00:00,428.8,444.4,424.7,444.4,24.11900000,1748015999999,10527.34840000,23,11.01400000,4724.84250000,0
2025-05-23 16:00:00,441.5,445.8,440.1,440.1,4.34800000,1748030399999,1918.50920000,8,0.03800000,16.92340000,0
2025-05-23 20:00:00,437.9,437.9,425.0,425.0,23.85100000,1748044799999,10230.59390000,15,4.59100000,1998.85320000,0
2025-05-24 00:00:00,427.1,434.6,425.0,430.9,5.81300000,1748059199999,2502.17690000,36,3.73600000,1612.56640000,0
2025-05-24 04:00:00,430.3,430.8,426.7,426.7,1.17600000,1748073599999,506.28410000,5,1.16900000,503.29720000,0
2025-05-24 08:00:00,429.3,430.4,428.7,430.4,0.11100000,1748087999999,47.64200000,3,0.03700000,15.87380000,0
2025-05-24 12:00:00,430.3,430.3,427.4,427.4,0.48700000,1748102399999,209.52420000,3,0.47600000,204.82280000,0
2025-05-24 16:00:00,431.6,431.6,423.9,423.9,9.14700000,1748116799999,3906.54970000,31,3.97200000,1701.94730000,0
2025-05-24 20:00:00,426.7,428.0,419.7,421.6,5.01000000,1748131199999,2130.59590000,14,1.50800000,643.82280000,0
2025-05-25 00:00:00,420.8,422.2,416.7,419.7,2.65800000,1748145599999,1115.09710000,53,1.22600000,512.85730000,0
2025-05-25 04:00:00,422.1,425.8,421.7,421.7,0.70500000,1748159999999,297.50300000,8,0.03500000,14.82680000,0
2025-05-25 08:00:00,419.7,419.7,411.2,413.7,1.43500000,1748174399999,595.52060000,10,0.05000000,20.73180000,0
2025-05-25 12:00:00,415.0,415.0,410.2,412.3,1.41700000,1748188799999,583.82970000,4,1.09800000,452.97270000,0
2025-05-25 16:00:00,409.5,416.7,409.5,416.7,1.06000000,1748203199999,434.22690000,6,0.02500000,10.35220000,0
2025-05-25 20:00:00,413.6,422.7,410.6,422.7,0.04800000,1748217599999,19.97520000,6,0.03200000,13.38160000,0
2025-05-26 00:00:00,422.6,428.0,421.0,424.5,1.63600000,1748231999999,694.69740000,101,0.89700000,382.67940000,0
2025-05-26 04:00:00,425.2,425.6,423.3,425.6,0.15500000,1748246399999,65.86250000,6,0.10700000,45.52940000,0
2025-05-26 08:00:00,422.7,423.0,417.9,417.9,0.18600000,1748260799999,78.30080000,6,0.15600000,65.65500000,0
2025-05-26 12:00:00,420.2,420.2,416.4,418.7,0.37600000,1748275199999,157.41560000,10,0.34200000,143.25500000,0
2025-05-26 16:00:00,417.1,417.1,413.5,414.4,0.72500000,1748289599999,300.61430000,9,0.35700000,148.24550000,0
2025-05-26 20:00:00,415.2,417.0,413.7,414.0,1.05300000,1748303999999,436.08660000,12,0.28900000,119.94700000,0
2025-05-27 00:00:00,416.1,416.1,409.1,414.0,3.93100000,1748318399999,1618.67140000,33,1.25500000,516.57500000,0
2025-05-27 04:00:00,414.7,419.7,414.3,419.7,1.67700000,1748332799999,695.49830000,10,0.63700000,264.24870000,0
2025-05-27 08:00:00,418.2,419.1,418.2,419.1,0.11900000,1748347199999,49.82250000,2,0.06300000,26.40330000,0
2025-05-27 12:00:00,420.3,422.7,416.7,420.1,3.41500000,1748361599999,1433.74560000,12,2.19800000,921.90360000,0
2025-05-27 16:00:00,420.4,421.5,418.3,420.9,1.08500000,1748375999999,454.95860000,4,0.12300000,51.77910000,0
2025-05-27 20:00:00,418.1,418.3,413.6,413.6,3.93500000,1748390399999,1636.78970000,12,0.84800000,354.71490000,0
2025-05-28 00:00:00,413.2,416.7,413.2,414.7,3.05600000,1748404799999,1267.38790000,33,2.74000000,1136.33370000,0
2025-05-28 04:00:00,415.7,417.4,415.7,417.4,0.07600000,1748419199999,31.62820000,5,0.02800000,11.66230000,0
2025-05-28 08:00:00,419.7,419.7,415.4,418.6,0.11800000,1748433599999,49.26200000,5,0.02200000,9.18440000,0
2025-05-28 12:00:00,418.3,418.3,405.2,406.9,3.77700000,1748447999999,1534.89390000,13,1.85400000,753.43240000,0
2025-05-28 16:00:00,408.1,408.4,405.7,405.8,5.85800000,1748462399999,2383.93420000,8,2.58300000,1048.37630000,0
2025-05-28 20:00:00,405.8,426.0,405.8,425.1,14.18000000,1748476799999,5958.62060000,45,11.17700000,4695.30450000,0
2025-05-29 00:00:00,423.4,425.8,419.7,425.8,4.37000000,1748491199999,1843.88620000,35,0.27800000,117.55850000,0
2025-05-29 04:00:00,424.5,424.8,419.7,423.6,4.29800000,1748505599999,1815.68090000,14,0.38500000,163.19100000,0
2025-05-29 08:00:00,424.0,424.0,419.7,419.7,0.98500000,1748519999999,415.96280000,7,0.85900000,362.85600000,0
2025-05-29 12:00:00,417.6,417.6,408.5,413.6,4.84900000,1748534399999,2000.84330000,29,1.69900000,702.99900000,0
2025-05-29 16:00:00,412.1,412.1,406.2,406.2,0.31000000,1748548799999,126.10120000,7,0.02600000,10.69400000,0
2025-05-29 20:00:00,410.6,412.1,408.3,408.3,2.56700000,1748563199999,1053.35080000,6,1.48900000,612.91370000,0
2025-05-30 00:00:00,412.4,413.6,397.3,413.6,15.28400000,1748577599999,6153.76130000,81,5.19100000,2094.47310000,0
2025-05-30 04:00:00,411.5,412.0,404.5,404.5,1.69000000,1748591999999,691.96740000,11,0.52000000,213.98000000,0
2025-05-30 08:00:00,403.6,410.1,401.5,410.1,1.77200000,1748606399999,714.51710000,19,0.06600000,26.86330000,0
2025-05-30 12:00:00,407.7,412.4,405.2,409.9,9.15700000,1748620799999,3732.23120000,22,5.33400000,2176.19700000,0
2025-05-30 16:00:00,406.5,407.6,394.6,407.6,11.47700000,1748635199999,4576.90700000,40,5.36000000,2134.02060000,0
2025-05-30 20:00:00,408.0,410.3,398.5,398.5,7.67500000,1748649599999,3095.41390000,25,3.31500000,1339.27640000,0
2025-05-31 00:00:00,399.2,401.5,391.3,397.9,28.20700000,1748663999999,11162.32900000,104,13.31900000,5279.45530000,0
2025-05-31 04:00:00,396.9,403.8,395.2,401.4,3.88700000,1748678399999,1553.91920000,21,2.14600000,860.14640000,0
2025-05-31 08:00:00,402.1,405.5,400.5,402.9,6.24200000,1748692799999,2518.69240000,12,2.63100000,1061.66660000,0
2025-05-31 12:00:00,407.6,417.5,407.6,417.0,5.08300000,1748707199999,2104.40860000,18,4.12900000,1714.51940000,0
2025-05-31 16:00:00,417.0,422.3,416.0,416.4,6.97000000,1748721599999,2920.24230000,20,3.06100000,1284.90480000,0
2025-05-31 20:00:00,416.5,419.3,413.6,414.6,4.66400000,1748735999999,1944.66980000,21,3.32100000,1387.07160000,0
2025-06-01 00:00:00,413.8,414.8,409.0,409.0,3.97100000,1748750399999,1640.84670000,73,1.52800000,632.92560000,0
2025-06-01 04:00:00,408.9,410.5,401.9,403.5,2.81100000,1748764799999,1146.47320000,26,1.46900000,599.13500000,0
2025-06-01 08:00:00,404.1,404.1,398.2,401.3,4.65100000,1748779199999,1863.51610000,21,2.95600000,1187.03170000,0
2025-06-01 12:00:00,400.9,403.5,399.6,401.6,1.33500000,1748793599999,535.24090000,8,0.54700000,219.04380000,0
2025-06-01 16:00:00,404.2,405.4,400.4,403.2,9.15700000,1748807999999,3699.67880000,10,0.95600000,382.79640000,0
2025-06-01 20:00:00,404.6,405.1,403.7,405.1,0.23100000,1748822399999,93.51900000,5,0.15000000,60.75720000,0
2025-06-02 00:00:00,401.9,403.0,401.4,401.8,0.65600000,1748836799999,264.04500000,16,0.50900000,204.99290000,0
2025-06-02 04:00:00,400.2,404.8,400.2,404.7,3.51400000,1748851199999,1410.58660000,6,3.01400000,1208.21280000,0
2025-06-02 08:00:00,405.1,405.4,403.8,403.8,0.44100000,1748865599999,178.48450000,6,0.14500000,58.77640000,0
2025-06-02 12:00:00,400.7,400.7,398.5,398.5,2.82500000,1748879999999,1128.86070000,5,1.98500000,794.11890000,0
2025-06-02 16:00:00,397.8,400.3,396.7,398.1,5.69100000,1748894399999,2267.61360000,10,1.72500000,687.23390000,0
2025-06-02 20:00:00,402.4,402.9,402.4,402.9,0.18600000,1748908799999,74.90990000,3,0.12700000,51.16830000,0
2025-06-03 00:00:00,404.0,406.2,402.2,404.8,2.27500000,1748923199999,923.01310000,47,1.94600000,789.91220000,0
2025-06-03 04:00:00,403.3,405.1,402.7,402.7,0.66900000,1748937599999,269.89100000,8,0.54800000,221.05390000,0
2025-06-03 08:00:00,399.6,406.0,399.6,402.9,0.26900000,1748951999999,108.00570000,8,0.06900000,27.85050000,0
2025-06-03 12:00:00,402.9,407.6,402.9,406.5,6.94600000,1748966399999,2808.33970000,11,4.50700000,1821.53260000,0
2025-06-03 16:00:00,406.7,406.9,404.5,404.5,2.76200000,1748980799999,1121.01020000,8,0.07100000,28.86830000,0
2025-06-03 20:00:00,402.7,402.7,400.0,400.0,0.77400000,1748995199999,311.37060000,8,0.38100000,153.37070000,0
2025-06-04 00:00:00,401.2,404.2,400.7,404.2,2.01400000,1749009599999,809.90360000,52,0.06900000,27.88980000,0
2025-06-04 04:00:00,403.1,403.1,402.8,402.8,0.15200000,1749023999999,61.26850000,2,0.14300000,57.64330000,0
2025-06-04 08:00:00,404.5,410.0,404.5,408.9,0.17800000,1749038399999,72.80280000,7,0.17100000,69.96850000,0
2025-06-04 12:00:00,404.5,406.7,401.5,406.7,0.99000000,1749052799999,402.15940000,6,0.19400000,78.48540000,0
2025-06-04 16:00:00,406.2,427.7,406.2,406.6,26.79700000,1749067199999,10983.94960000,127,22.54400000,9249.17020000,0
2025-06-04 20:00:00,404.5,406.7,397.6,400.4,3.66200000,1749081599999,1463.88030000,25,1.23200000,494.02500000,0
2025-06-05 00:00:00,399.9,403.5,398.5,402.2,5.04300000,1749095999999,2019.77320000,81,2.95100000,1182.74980000,0
2025-06-05 04:00:00,404.5,404.5,401.5,401.7,6.15700000,1749110399999,2477.39820000,14,2.75300000,1108.31430000,0
2025-06-05 08:00:00,400.7,400.7,398.5,400.7,1.35200000,1749124799999,541.52790000,8,0.91500000,366.60490000,0
2025-06-05 12:00:00,401.5,404.5,396.9,401.1,5.80500000,1749139199999,2321.19020000,15,2.65100000,1054.40680000,0
2025-06-05 16:00:00,402.0,402.3,391.2,392.7,9.21000000,1749153599999,3657.72560000,29,4.49100000,1786.73870000,0
2025-06-05 20:00:00,388.5,394.7,378.3,382.9,3.05600000,1749167999999,1165.99150000,15,0.90500000,346.07140000,0
2025-06-06 00:00:00,385.2,386.1,381.1,383.6,3.75100000,1749182399999,1437.47660000,63,1.69500000,651.25400000,0
2025-06-06 04:00:00,383.9,386.5,382.8,386.1,0.42100000,1749196799999,162.53680000,9,0.31100000,120.13110000,0
2025-06-06 08:00:00,387.0,387.0,385.2,385.9,1.91300000,1749211199999,739.26270000,5,0.64800000,249.90210000,0
2025-06-06 12:00:00,388.6,392.4,387.5,392.4,2.24700000,1749225599999,877.11370000,10,2.20200000,859.60550000,0
2025-06-06 16:00:00,398.5,398.5,395.1,396.6,0.29300000,1749239999999,116.09820000,7,0.15500000,61.42940000,0
2025-06-06 20:00:00,396.7,397.5,396.2,397.5,0.69500000,1749254399999,275.53990000,4,0.20500000,81.40190000,0
2025-06-07 00:00:00,394.3,399.1,394.1,399.1,3.74500000,1749268799999,1479.35620000,60,2.03200000,803.81290000,0
2025-06-07 04:00:00,397.1,404.5,397.1,404.5,2.56700000,1749283199999,1021.10420000,6,2.56700000,1021.10420000,0
2025-06-07 08:00:00,407.6,409.5,404.5,407.6,0.71200000,1749297599999,289.57240000,9,0.14000000,57.29960000,0
2025-06-07 12:00:00,410.6,410.6,407.6,408.1,1.89600000,1749311999999,775.80180000,12,1.46300000,598.53360000,0
2025-06-07 16:00:00,410.6,410.8,407.6,407.6,0.12300000,1749326399999,50.34580000,5,0.00800000,3.28480000,0
2025-06-07 20:00:00,406.0,410.0,405.9,410.0,1.52500000,1749340799999,623.17660000,7,1.38600000,566.74910000,0
2025-06-08 00:00:00,409.6,413.3,409.2,410.2,2.37400000,1749355199999,975.40420000,57,0.99900000,410.56140000,0
2025-06-08 04:00:00,409.6,410.1,406.0,409.5,2.02500000,1749369599999,827.84770000,11,1.20400000,493.06110000,0
2025-06-08 08:00:00,409.8,414.0,408.6,414.0,8.29900000,1749383999999,3409.03970000,24,4.70800000,1940.01780000,0
2025-06-08 12:00:00,414.7,417.0,413.4,417.0,8.33000000,1749398399999,3454.32210000,22,3.91900000,1626.45910000,0
2025-06-08 16:00:00,417.7,418.1,415.1,415.9,2.69700000,1749412799999,1124.95980000,13,0.61300000,255.94500000,0
2025-06-08 20:00:00,415.0,415.0,411.4,412.6,2.34500000,1749427199999,966.01390000,16,1.10600000,455.45220000,0
2025-06-09 00:00:00,411.3,416.7,411.0,414.0,7.49500000,1749441599999,3098.95450000,49,3.20100000,1323.47640000,0
2025-06-09 04:00:00,413.8,417.8,413.8,417.8,2.63400000,1749455999999,1094.36210000,11,2.58800000,1075.21890000,0
2025-06-09 08:00:00,419.4,424.6,419.4,419.7,3.54000000,1749470399999,1493.62970000,27,1.94900000,825.30190000,0
2025-06-09 12:00:00,419.6,420.5,418.7,418.7,2.62300000,1749484799999,1100.71380000,20,2.62300000,1100.71380000,0
2025-06-09 16:00:00,422.4,425.8,421.2,421.2,2.57100000,1749499199999,1090.35260000,24,2.05200000,871.00110000,0
2025-06-09 20:00:00,421.4,428.6,421.4,427.3,3.32500000,1749513599999,1416.05470000,12,2.65600000,1131.37550000,0
2025-06-10 00:00:00,424.1,426.7,421.8,425.2,12.80800000,1749527999999,5434.44720000,110,8.58000000,3637.22410000,0
2025-06-10 04:00:00,422.7,422.7,418.3,419.1,7.11500000,1749542399999,2995.79990000,17,3.05700000,1285.07180000,0
2025-06-10 08:00:00,419.3,430.2,419.3,430.2,4.44800000,1749556799999,1906.19170000,23,2.39500000,1023.56280000,0
2025-06-10 12:00:00,430.5,433.9,426.6,428.3,20.24400000,1749571199999,8714.62500000,60,11.30900000,4874.08130000,0
2025-06-10 16:00:00,428.4,437.8,428.4,434.5,5.56600000,1749585599999,2415.72280000,28,2.92600000,1271.73690000,0
2025-06-10 20:00:00,435.8,442.3,435.1,438.3,20.34700000,1749599999999,8891.08730000,37,10.00500000,4376.52400000,0
2025-06-11 00:00:00,439.9,445.3,436.6,441.3,45.96400000,1749614399999,20270.42420000,126,22.24800000,9822.42080000,0
2025-06-11 04:00:00,441.9,445.1,440.9,445.1,5.79400000,1749628799999,2562.51900000,12,2.92800000,1297.97020000,0
2025-06-11 08:00:00,443.7,445.9,437.3,443.4,22.00800000,1749643199999,9761.73540000,33,15.74800000,6999.58050000,0
2025-06-11 12:00:00,442.4,445.4,440.7,443.9,3.13300000,1749657599999,1387.26180000,14,1.12300000,497.71330000,0
2025-06-11 16:00:00,444.8,445.7,428.7,430.4,50.73800000,1749671999999,22253.52450000,123,16.72700000,7308.89300000,0
2025-06-11 20:00:00,427.4,429.5,422.3,429.1,25.18800000,1749686399999,10714.33940000,60,17.51500000,7457.63310000,0
2025-06-12 00:00:00,429.1,429.9,425.8,429.0,10.39900000,1749700799999,4445.90670000,104,6.61400000,2828.61200000,0
2025-06-12 04:00:00,429.0,431.8,427.4,430.3,4.76200000,1749715199999,2046.21910000,17,2.56100000,1102.25330000,0
2025-06-12 08:00:00,431.8,434.8,426.3,426.3,7.89900000,1749729599999,3405.85870000,20,3.04300000,1301.75440000,0
2025-06-12 12:00:00,430.3,434.8,430.3,431.9,0.41700000,1749743999999,180.38280000,9,0.35800000,154.85670000,0
2025-06-12 16:00:00,432.7,442.7,431.7,431.7,105.68400000,1749758399999,46531.04740000,119,21.45500000,9430.30860000,0
2025-06-12 20:00:00,430.3,431.1,425.2,425.2,11.71900000,1749772799999,5015.76570000,26,6.40600000,2745.50170000,0
2025-06-13 00:00:00,423.5,423.5,398.0,403.1,62.57400000,1749787199999,25363.23080000,137,18.22700000,7394.54690000,0
2025-06-13 04:00:00,400.7,423.1,399.9,415.5,11.16000000,1749801599999,4629.44900000,27,8.87700000,3677.22150000,0
2025-06-13 08:00:00,415.0,421.8,414.3,421.8,0.87500000,1749815999999,364.75080000,7,0.72400000,302.19120000,0
2025-06-13 12:00:00,421.4,424.3,418.1,423.7,2.36200000,1749830399999,990.42520000,11,1.26600000,531.42540000,0
2025-06-13 16:00:00,424.3,434.8,424.3,433.9,18.51200000,1749844799999,7994.54600000,45,15.06900000,6503.63920000,0
2025-06-13 20:00:00,434.8,451.7,434.8,448.7,12.95000000,1749859199999,5719.46310000,74,6.73200000,2977.99010000,0
2025-06-14 00:00:00,449.3,449.3,442.9,444.8,5.82800000,1749873599999,2602.63720000,107,1.58300000,707.37990000,0
2025-06-14 04:00:00,442.4,442.4,433.1,433.2,1.80900000,1749887999999,793.17270000,20,1.01100000,443.60410000,0
2025-06-14 08:00:00,435.4,437.9,431.4,435.6,12.07600000,1749902399999,5247.03300000,24,4.88700000,2122.15920000,0
2025-06-14 12:00:00,435.6,435.6,435.6,435.6,2.14200000,1749916799999,933.05520000,1,0.00000000,0.00000000,0
2025-06-14 16:00:00,431.8,431.8,423.3,425.8,4.74600000,1749931199999,2021.09600000,16,1.54200000,661.74120000,0
2025-06-14 20:00:00,422.9,431.4,422.9,431.4,2.32400000,1749945599999,996.25160000,7,2.25900000,968.68380000,0
2025-06-15 00:00:00,432.3,434.8,432.3,434.8,3.54600000,1749959999999,1538.94630000,106,0.15400000,66.80720000,0
2025-06-15 04:00:00,437.9,450.6,437.9,443.4,7.86000000,1749974399999,3504.41790000,27,5.02500000,2241.51590000,0
2025-06-15 08:00:00,440.9,446.6,437.4,446.6,4.21300000,1749988799999,1856.96160000,17,2.39500000,1059.18320000,0
2025-06-15 12:00:00,443.1,462.2,443.1,458.3,30.90300000,1750003199999,13981.48710000,65,20.53800000,9280.79010000,0
2025-06-15 16:00:00,460.4,468.5,458.1,461.1,14.98700000,1750017599999,6917.30240000,37,5.25700000,2436.30510000,0
2025-06-15 20:00:00,462.2,465.1,459.2,461.9,19.31000000,1750031999999,8917.22370000,25,6.25800000,2891.14810000,0
2025-06-16 00:00:00,460.7,462.1,453.0,453.5,7.55000000,1750046399999,3460.81470000,142,2.38000000,1096.62130000,0
2025-06-16 04:00:00,455.4,458.0,453.0,456.0,4.25800000,1750060799999,1941.01160000,6,4.20000000,1914.57200000,0
2025-06-16 08:00:00,457.4,457.4,452.8,455.4,1.97500000,1750075199999,897.70390000,9,1.19600000,544.72270000,0
2025-06-16 12:00:00,453.2,474.8,453.2,466.8,15.47600000,1750089599999,7207.79100000,50,10.98700000,5111.28530000,0
2025-06-16 16:00:00,466.6,475.0,463.8,474.6,5.93100000,1750103999999,2806.50870000,14,5.34300000,2530.52010000,0
2025-06-16 20:00:00,473.4,473.5,467.7,467.7,3.53100000,1750118399999,1664.69640000,10,2.40300000,1131.37270000,0
2025-06-17 00:00:00,462.8,483.4,461.9,483.4,134.19500000,1750132799999,63676.28030000,202,125.83400000,59769.52320000,0
2025-06-17 04:00:00,480.0,480.5,474.7,474.7,5.17000000,1750147199999,2469.59290000,17,3.78400000,1804.82570000,0
2025-06-17 08:00:00,475.7,476.0,466.0,466.0,4.29200000,1750161599999,2032.40380000,18,2.54800000,1210.21380000,0
2025-06-17 12:00:00,466.2,471.9,462.4,464.7,4.71600000,1750175999999,2214.96570000,10,4.65800000,2188.09230000,0
2025-06-17 16:00:00,462.9,472.6,459.0,472.6,1.79600000,1750190399999,833.58130000,13,0.84400000,390.96680000,0
2025-06-17 20:00:00,472.7,472.7,463.3,463.3,2.29800000,1750204799999,1068.23940000,11,1.20300000,558.33690000,0
2025-06-18 00:00:00,464.7,480.5,462.3,473.5,11.30600000,1750219199999,5321.68770000,156,6.89200000,3247.61310000,0
2025-06-18 04:00:00,476.0,477.2,469.5,470.6,4.89900000,1750233599999,2321.99390000,17,2.95400000,1404.87640000,0
2025-06-18 08:00:00,472.0,472.0,464.2,464.2,2.62800000,1750247999999,1230.51460000,5,1.52500000,717.52900000,0
2025-06-18 12:00:00,465.6,467.4,460.2,467.4,3.99200000,1750262399999,1851.25120000,9,2.00800000,931.97680000,0
2025-06-18 16:00:00,460.1,462.4,457.1,459.0,16.34100000,1750276799999,7530.35070000,29,7.78000000,3582.68080000,0
2025-06-18 20:00:00,459.0,465.7,458.4,459.3,2.19600000,1750291199999,1010.65410000,13,1.11900000,514.16440000,0
2025-06-19 00:00:00,456.8,459.5,452.9,457.8,9.91200000,1750305599999,4530.62140000,142,6.57700000,3009.85680000,0
2025-06-19 04:00:00,459.9,464.2,459.4,460.6,3.55800000,1750319999999,1644.29720000,14,1.66500000,770.92260000,0
2025-06-19 08:00:00,463.1,466.2,463.1,463.8,1.73900000,1750334399999,808.11450000,5,0.00000000,0.00000000,0
2025-06-19 12:00:00,465.9,488.7,465.9,482.2,36.94700000,1750348799999,17815.52630000,63,25.51700000,12296.72400000,0
2025-06-19 16:00:00,483.6,496.9,483.6,493.1,20.91800000,1750363199999,10331.14190000,51,9.90500000,4895.17140000,0
2025-06-19 20:00:00,494.4,500.0,490.3,498.0,32.37400000,1750377599999,16118.64670000,48,22.30900000,11131.58810000,0
2025-06-20 00:00:00,497.8,499.6,492.0,492.0,22.10600000,1750391999999,10917.60360000,173,13.26300000,6550.65150000,0
2025-06-20 04:00:00,491.8,493.0,487.4,489.2,46.48400000,1750406399999,22864.93810000,33,43.01500000,21161.98470000,0
2025-06-20 08:00:00,491.9,493.4,485.2,486.3,1.32100000,1750420799999,646.93210000,11,0.79000000,387.61080000,0
2025-06-20 12:00:00,485.5,486.2,482.1,483.1,6.82600000,1750435199999,3304.21910000,30,2.83100000,1368.04290000,0
2025-06-20 16:00:00,482.1,486.1,475.5,478.6,14.56000000,1750449599999,6984.45290000,33,5.87700000,2823.18310000,0
2025-06-20 20:00:00,480.3,482.8,472.6,472.8,7.75300000,1750463999999,3696.61700000,14,4.02000000,1920.46030000,0
2025-06-21 00:00:00,472.9,472.9,465.8,469.5,6.61000000,1750478399999,3100.76370000,118,2.05700000,967.40230000,0
2025-06-21 04:00:00,469.4,473.0,469.4,470.7,3.67800000,1750492799999,1732.83230000,10,2.51800000,1185.29470000,0
2025-06-21 08:00:00,469.5,469.6,468.5,468.5,1.26500000,1750507199999,593.57620000,6,0.62200000,292.08990000,0
2025-06-21 12:00:00,473.2,473.2,469.3,469.3,1.07400000,1750521599999,507.75350000,6,0.96500000,456.56760000,0
2025-06-21 16:00:00,473.9,476.1,469.3,472.3,15.48800000,1750535999999,7358.08870000,24,3.31600000,1568.78330000,0
2025-06-21 20:00:00,475.3,475.3,458.4,462.9,24.96500000,1750550399999,11634.63630000,38,12.25700000,5706.43460000,0
2025-06-22 00:00:00,465.2,468.4,460.3,461.5,17.64100000,1750564799999,8193.45440000,175,10.90500000,5064.65510000,0
2025-06-22 04:00:00,464.0,467.1,459.8,460.3,3.50300000,1750579199999,1623.92550000,13,0.78100000,361.71770000,0
2025-06-22 08:00:00,461.6,468.8,461.6,465.9,4.95900000,1750593599999,2303.25970000,12,4.43300000,2058.17610000,0
2025-06-22 12:00:00,459.4,459.4,445.5,445.5,16.81100000,1750607999999,7637.98880000,42,8.72000000,3956.92940000,0
2025-06-22 16:00:00,443.9,452.6,443.9,444.4,98.06100000,1750622399999,43963.71150000,48,15.54100000,6973.51140000,0
2025-06-22 20:00:00,442.8,458.9,437.2,455.4,11.29400000,1750636799999,5003.65470000,38,7.37600000,3278.99030000,0
2025-06-23 00:00:00,451.6,454.9,444.6,447.6,4.54000000,1750651199999,2039.28450000,93,1.13800000,511.19580000,0
2025-06-23 04:00:00,449.7,457.1,449.4,454.4,19.87700000,1750665599999,9044.91560000,24,2.49400000,1135.75760000,0
2025-06-23 08:00:00,453.1,453.1,451.8,451.8,0.07600000,1750679999999,34.41740000,2,0.00000000,0.00000000,0
2025-06-23 12:00:00,455.5,456.2,443.0,444.5,14.53400000,1750694399999,6585.89470000,28,5.91400000,2672.38060000,0
2025-06-23 16:00:00,445.0,454.5,440.9,453.4,10.71100000,1750708799999,4790.72090000,27,5.60700000,2507.54220000,0
2025-06-23 20:00:00,454.2,466.3,453.4,462.1,6.53400000,1750723199999,3005.29350000,17,4.72100000,2164.47000000,0
2025-06-24 00:00:00,462.1,462.1,456.4,457.6,11.38500000,1750737599999,5254.40650000,102,4.73500000,2186.65370000,0
2025-06-24 04:00:00,458.6,459.2,456.1,456.1,0.05600000,1750751999999,25.65150000,3,0.05200000,23.81470000,0
2025-06-24 08:00:00,458.8,464.0,458.8,464.0,2.68200000,1750766399999,1242.15200000,6,2.13700000,990.77600000,0
2025-06-24 12:00:00,462.3,462.4,449.5,451.3,4.72100000,1750780799999,2159.41760000,12,0.79400000,358.41770000,0
2025-06-24 16:00:00,450.5,453.0,449.6,453.0,9.42200000,1750795199999,4260.86500000,17,8.83800000,3997.65560000,0
2025-06-24 20:00:00,453.1,455.9,451.4,453.4,3.02900000,1750809599999,1370.81780000,8,0.26800000,121.57750000,0
2025-06-25 00:00:00,454.0,490.9,454.0,470.9,26.43200000,1750823999999,12738.20630000,80,21.69900000,10440.21260000,0
2025-06-25 04:00:00,472.7,480.7,470.3,480.7,4.03800000,1750838399999,1921.01320000,11,2.53200000,1212.67900000,0
2025-06-25 08:00:00,482.5,482.7,476.1,479.1,1.84100000,1750852799999,883.14740000,9,1.13300000,542.98700000,0
2025-06-25 12:00:00,480.0,480.9,475.7,480.1,1.81600000,1750867199999,871.20910000,10,0.90900000,436.30710000,0
2025-06-25 16:00:00,481.4,486.0,480.8,486.0,2.65600000,1750881599999,1281.37460000,15,2.31300000,1115.33820000,0
2025-06-25 20:00:00,487.6,492.8,480.2,480.2,5.28000000,1750895999999,2575.33360000,29,3.93300000,1915.41550000,0
2025-06-26 00:00:00,485.6,489.4,482.5,489.4,3.92100000,1750910399999,1902.46690000,89,0.95800000,464.15300000,0
2025-06-26 04:00:00,491.0,506.0,491.0,499.7,18.79400000,1750924799999,9361.03240000,57,16.31200000,8124.37320000,0
2025-06-26 08:00:00,503.1,503.4,495.9,495.9,3.78800000,1750939199999,1887.76060000,12,0.46300000,229.79570000,0
2025-06-26 12:00:00,495.7,495.7,489.4,491.2,1.83600000,1750953599999,904.18490000,11,1.61500000,795.67230000,0
2025-06-26 16:00:00,490.6,493.1,490.6,491.0,1.37600000,1750967999999,677.51660000,7,1.24100000,611.24800000,0
2025-06-26 20:00:00,493.8,494.3,488.3,489.9,2.61400000,1750982399999,1284.74060000,17,1.87900000,923.95200000,0
2025-06-27 00:00:00,492.8,497.6,484.3,496.4,2.26500000,1750996799999,1106.98820000,24,0.83700000,413.17490000,0
2025-06-27 04:00:00,494.6,504.1,490.9,498.3,6.51400000,1751011199999,3261.99660000,32,3.55700000,1786.12590000,0
2025-06-27 08:00:00,496.3,496.3,495.2,495.2,0.23100000,1751025599999,114.40120000,3,0.00000000,0.00000000,0
2025-06-27 12:00:00,493.1,499.7,489.6,499.7,5.85300000,1751039999999,2883.05070000,16,1.82300000,904.38870000,0
2025-06-27 16:00:00,499.7,508.4,499.7,502.0,14.18000000,1751054399999,7137.30380000,40,14.10300000,7098.72020000,0
2025-06-27 20:00:00,504.4,506.6,500.3,503.9,2.55900000,1751068799999,1288.60740000,17,1.02200000,515.90400000,0
2025-06-28 00:00:00,503.1,503.9,500.5,500.7,0.57900000,1751083199999,290.59330000,35,0.30400000,152.79550000,0
2025-06-28 04:00:00,499.7,499.7,497.9,497.9,0.24900000,1751097599999,124.35180000,4,0.01100000,5.48680000,0
2025-06-28 08:00:00,496.6,497.3,496.0,497.3,0.59000000,1751111999999,292.73620000,6,0.00600000,2.98380000,0
2025-06-28 12:00:00,494.7,494.8,489.2,489.2,12.35200000,1751126399999,6099.70750000,16,0.60800000,298.54450000,0
2025-06-28 16:00:00,488.0,492.8,488.0,490.9,7.63600000,1751140799999,3745.54060000,25,3.29700000,1618.53540000,0
2025-06-28 20:00:00,492.3,492.5,490.1,492.5,3.18300000,1751155199999,1561.17430000,20,0.04300000,21.17130000,0
2025-06-29 00:00:00,490.0,494.6,488.2,492.2,4.54400000,1751169599999,2234.40600000,49,3.36000000,1653.08670000,0
2025-06-29 04:00:00,492.2,493.3,489.4,489.4,0.38800000,1751183999999,190.96320000,5,0.37400000,184.10320000,0
2025-06-29 08:00:00,491.2,493.7,491.2,493.7,0.45700000,1751198399999,225.08120000,5,0.38800000,191.17240000,0
2025-06-29 12:00:00,493.4,493.5,490.4,492.8,0.89500000,1751212799999,440.64160000,8,0.50500000,248.93990000,0
2025-06-29 16:00:00,489.4,491.8,488.4,488.7,0.12700000,1751227199999,62.06500000,4,0.00800000,3.93440000,0
2025-06-29 20:00:00,492.8,508.7,492.7,505.1,5.25700000,1751241599999,2644.16800000,34,2.72200000,1373.21120000,0
2025-06-30 00:00:00,502.8,505.4,499.5,501.4,0.90500000,1751255999999,453.08010000,30,0.61800000,309.55450000,0
2025-06-30 04:00:00,501.2,501.6,497.8,498.2,0.06100000,1751270399999,30.47520000,9,0.03900000,19.50080000,0
2025-06-30 08:00:00,496.3,496.3,489.1,489.1,2.39100000,1751284799999,1172.16870000,10,0.89200000,436.81240000,0
2025-06-30 12:00:00,490.3,521.0,490.2,513.6,10.86600000,1751299199999,5545.59880000,60,6.83300000,3490.35480000,0
2025-06-30 16:00:00,514.3,524.2,513.6,517.5,12.13600000,1751313599999,6263.75030000,31,8.09600000,4180.98180000,0
2025-06-30 20:00:00,515.3,517.8,505.7,505.7,2.63600000,1751327999999,1355.37080000,21,0.58300000,300.13510000,0
2025-07-01 00:00:00,508.6,527.3,503.7,522.8,16.63900000,1751342399999,8590.89410000,127,12.58700000,6495.37890000,0
2025-07-01 04:00:00,522.5,527.1,521.4,526.7,9.68900000,1751356799999,5079.49510000,20,6.03800000,3170.72320000,0
2025-07-01 08:00:00,525.6,525.7,520.0,523.9,8.19900000,1751371199999,4297.34940000,16,4.39200000,2304.03600000,0
2025-07-01 12:00:00,518.8,518.8,514.3,517.3,6.28500000,1751385599999,3245.55720000,12,3.76500000,1943.84990000,0
2025-07-01 16:00:00,518.2,518.2,511.8,511.8,7.21300000,1751399999999,3702.68770000,31,0.38600000,200.02520000,0
2025-07-01 20:00:00,511.8,511.8,499.7,499.7,9.75000000,1751414399999,4913.92050000,22,1.05100000,536.11200000,0
2025-07-02 00:00:00,501.4,504.9,499.2,502.2,3.25100000,1751428799999,1631.83500000,98,1.71800000,862.06870000,0
2025-07-02 04:00:00,503.2,510.0,503.2,506.6,0.85600000,1751443199999,432.08940000,7,0.82700000,417.46940000,0
2025-07-02 08:00:00,506.7,509.1,501.7,502.4,10.05800000,1751457599999,5083.85160000,19,6.69900000,3387.02180000,0
2025-07-02 12:00:00,499.9,505.0,499.6,503.7,1.46000000,1751471999999,734.53800000,9,0.93600000,472.54420000,0
2025-07-02 16:00:00,506.6,511.3,505.7,506.1,6.97100000,1751486399999,3537.97700000,28,2.94900000,1498.58520000,0
2025-07-02 20:00:00,505.1,511.5,504.1,511.5,1.57000000,1751500799999,800.47260000,14,1.43400000,731.49970000,0
2025-07-03 00:00:00,513.4,516.3,500.7,501.3,7.61800000,1751515199999,3871.07680000,81,1.00300000,511.82020000,0
2025-07-03 04:00:00,503.6,510.0,502.0,505.8,0.61000000,1751529599999,309.21600000,13,0.29600000,150.16160000,0
2025-07-03 08:00:00,503.8,506.3,501.6,506.3,1.29900000,1751543999999,656.79070000,8,1.02700000,519.85910000,0
2025-07-03 12:00:00,505.1,505.1,492.8,492.8,2.21000000,1751558399999,1101.00550000,30,0.01800000,9.02780000,0
2025-07-03 16:00:00,496.2,497.7,494.9,495.8,2.38600000,1751572799999,1184.55500000,8,1.74800000,868.60640000,0
2025-07-03 20:00:00,499.5,499.7,496.3,497.0,2.72900000,1751587199999,1362.28810000,11,1.72900000,862.81370000,0
2025-07-04 00:00:00,496.2,498.0,487.6,489.7,2.37400000,1751601599999,1166.92770000,51,0.87300000,432.61960000,0
2025-07-04 04:00:00,489.6,489.6,477.1,477.5,3.89100000,1751615999999,1890.47340000,20,0.96800000,473.50600000,0
2025-07-04 08:00:00,475.7,483.5,470.8,483.5,7.54800000,1751630399999,3600.43360000,32,4.37400000,2088.27650000,0
2025-07-04 12:00:00,482.5,486.0,479.1,479.1,3.80400000,1751644799999,1840.50210000,12,1.13200000,549.17490000,0
2025-07-04 16:00:00,479.7,487.0,479.7,486.9,2.64900000,1751659199999,1276.77860000,8,2.27100000,1092.70030000,0
2025-07-04 20:00:00,486.9,488.7,483.5,483.5,1.73300000,1751673599999,843.27360000,10,0.73500000,359.08430000,0
2025-07-05 00:00:00,487.7,489.3,482.7,482.7,43.56900000,1751687999999,21214.49040000,39,5.18700000,2522.98800000,0
2025-07-05 04:00:00,482.6,486.0,482.5,485.9,1.17400000,1751702399999,568.45400000,9,0.46700000,226.71210000,0
2025-07-05 08:00:00,482.5,483.3,482.5,482.5,0.13100000,1751716799999,63.22360000,4,0.00600000,2.89980000,0
2025-07-05 12:00:00,481.5,486.0,480.0,482.5,5.31700000,1751731199999,2566.74680000,12,1.88300000,914.65470000,0
2025-07-05 16:00:00,482.8,485.3,482.8,485.3,7.52700000,1751745599999,3642.45860000,7,7.52700000,3642.45860000,0
2025-07-05 20:00:00,485.3,489.4,485.3,489.4,0.99000000,1751759999999,482.87780000,8,0.71700000,350.38010000,0
2025-07-06 00:00:00,487.4,491.4,486.0,486.2,2.17000000,1751774399999,1057.46310000,48,1.20900000,589.48200000,0
2025-07-06 04:00:00,488.5,488.5,484.4,486.1,0.23200000,1751788799999,112.92720000,5,0.18600000,90.64480000,0
2025-07-06 08:00:00,483.7,483.7,483.7,483.7,0.06900000,1751803199999,33.37530000,1,0.00000000,0.00000000,0
2025-07-06 12:00:00,486.2,492.8,486.2,492.8,1.15900000,1751817599999,568.89670000,11,0.95400000,468.82340000,0
2025-07-06 16:00:00,495.0,497.0,494.8,497.0,0.15500000,1751831999999,76.77810000,7,0.12800000,63.40740000,0
2025-07-06 20:00:00,496.0,499.0,492.2,492.2,1.78300000,1751846399999,883.02670000,15,0.11700000,58.17520000,0
2025-07-07 00:00:00,489.5,499.6,489.4,496.8,9.02700000,1751860799999,4473.77810000,52,5.12200000,2549.37930000,0
2025-07-07 04:00:00,497.4,497.5,495.4,495.4,1.09000000,1751875199999,541.81410000,4,0.80300000,399.44040000,0
2025-07-07 08:00:00,493.9,495.7,493.8,495.7,0.09800000,1751889599999,48.45660000,3,0.00000000,0.00000000,0
2025-07-07 12:00:00,498.3,498.3,494.2,496.6,0.86900000,1751903999999,431.42980000,3,0.13700000,67.91860000,0
2025-07-07 16:00:00,493.0,493.4,489.8,492.5,8.94100000,1751918399999,4387.42800000,21,0.09100000,44.89610000,0
2025-07-07 20:00:00,493.8,495.9,492.0,495.6,8.43900000,1751932799999,4163.73790000,16,2.28700000,1132.81320000,0
2025-07-08 00:00:00,496.3,499.7,494.6,495.1,1.80000000,1751947199999,895.67570000,56,1.71400000,853.08480000,0
2025-07-08 04:00:00,495.5,497.6,495.5,497.0,0.45900000,1751961599999,228.28470000,3,0.40200000,200.03520000,0
2025-07-08 08:00:00,499.7,499.7,498.3,498.3,0.41800000,1751975999999,208.34910000,4,0.01100000,5.49110000,0
2025-07-08 12:00:00,499.7,507.6,499.7,504.7,7.28200000,1751990399999,3667.28270000,30,5.07300000,2554.31570000,0
2025-07-08 16:00:00,504.0,504.6,499.7,499.7,0.78900000,1752004799999,397.50640000,8,0.25000000,126.00920000,0
2025-07-08 20:00:00,498.7,499.9,498.7,499.9,0.75700000,1752019199999,378.20590000,4,0.00000000,0.00000000,0
2025-07-09 00:00:00,500.5,515.8,500.2,507.9,49.29700000,1752033599999,25072.40110000,127,44.85500000,22815.75810000,0
2025-07-09 04:00:00,508.3,510.1,506.0,508.6,1.90300000,1752047999999,967.44600000,8,1.28400000,652.78680000,0
2025-07-09 08:00:00,505.8,511.5,504.0,504.8,1.08800000,1752062399999,549.96390000,9,0.06400000,32.49160000,0
2025-07-09 12:00:00,509.4,509.5,507.6,509.0,5.86900000,1752076799999,2986.47570000,15,2.97900000,1516.62210000,0
2025-07-09 16:00:00,507.2,513.6,503.1,512.2,13.65000000,1752091199999,6969.88790000,31,4.88100000,2491.22920000,0
2025-07-09 20:00:00,511.2,516.0,509.2,514.8,9.52400000,1752105599999,4879.98530000,25,5.04700000,2583.03150000,0
2025-07-10 00:00:00,514.8,516.4,510.2,510.2,1.20400000,1752119999999,617.91790000,45,0.96800000,497.35590000,0
2025-07-10 04:00:00,509.6,514.6,509.6,514.6,1.34700000,1752134399999,691.05450000,11,1.15900000,595.12120000,0
2025-07-10 08:00:00,517.6,518.8,509.5,515.0,1.37000000,1752148799999,706.10060000,13,0.52400000,270.37770000,0
2025-07-10 12:00:00,515.8,517.3,503.1,504.0,5.22700000,1752163199999,2668.30350000,20,1.26700000,652.26690000,0
2025-07-10 16:00:00,504.6,511.0,504.2,510.8,9.22300000,1752177599999,4706.24800000,21,2.02900000,1031.65120000,0
2025-07-10 20:00:00,509.2,520.6,509.2,518.0,14.50100000,1752191999999,7447.72540000,34,13.60800000,6988.94730000,0
2025-07-11 00:00:00,517.2,521.4,514.0,519.5,2.87600000,1752206399999,1488.24530000,101,1.87200000,969.03280000,0
2025-07-11 04:00:00,521.0,527.0,518.4,520.4,7.45800000,1752220799999,3896.86770000,40,5.22600000,2727.55990000,0
2025-07-11 08:00:00,519.9,527.2,519.9,524.9,1.36600000,1752235199999,714.69880000,14,1.10500000,578.06670000,0
2025-07-11 12:00:00,520.9,538.3,520.9,527.5,18.04800000,1752249599999,9528.75140000,54,13.36600000,7051.97090000,0
2025-07-11 16:00:00,528.8,536.4,528.2,536.4,6.70700000,1752263999999,3559.78070000,14,4.49600000,2387.72680000,0
2025-07-11 20:00:00,535.6,535.8,524.8,534.1,4.20500000,1752278399999,2235.77780000,16,0.94300000,501.59170000,0
2025-07-12 00:00:00,530.3,538.5,526.1,532.3,6.77200000,1752292799999,3592.83170000,82,0.44400000,235.15530000,0
2025-07-12 04:00:00,530.4,530.4,513.6,517.9,6.63400000,1752307199999,3442.49170000,18,3.20700000,1658.15360000,0
2025-07-12 08:00:00,517.6,517.6,517.6,517.6,0.31400000,1752321599999,162.52640000,1,0.00000000,0.00000000,0
2025-07-12 12:00:00,512.0,512.1,503.6,504.3,3.69700000,1752335999999,1885.25440000,26,0.20600000,104.66520000,0
2025-07-12 16:00:00,508.2,509.1,508.2,509.1,5.01100000,1752350399999,2546.60010000,2,0.01100000,5.60010000,0
2025-07-12 20:00:00,507.7,509.2,503.1,505.6,4.55500000,1752364799999,2307.23410000,12,1.53900000,781.35050000,0
2025-07-13 00:00:00,504.9,509.0,504.4,506.6,4.48600000,1752379199999,2270.08570000,101,3.40200000,1722.86390000,0
2025-07-13 04:00:00,508.8,508.8,503.7,506.2,0.78400000,1752393599999,396.86350000,5,0.74700000,378.21980000,0
2025-07-13 08:00:00,503.8,503.8,501.6,501.6,4.84900000,1752407999999,2432.35180000,5,4.00800000,2010.41280000,0
2025-07-13 12:00:00,506.6,512.4,506.4,506.4,13.12300000,1752422399999,6684.96510000,39,2.62300000,1336.90770000,0
2025-07-13 16:00:00,506.8,510.1,503.1,509.9,2.36800000,1752436799999,1200.26740000,18,1.26100000,639.80110000,0
2025-07-13 20:00:00,508.8,509.9,503.1,506.9,4.39400000,1752451199999,2230.86170000,13,1.21500000,617.85400000,0
2025-07-14 00:00:00,506.7,514.6,504.7,514.0,8.15600000,1752465599999,4133.41560000,128,2.45700000,1249.65610000,0
2025-07-14 04:00:00,514.9,525.4,511.9,519.6,47.32000000,1752479999999,24495.24700000,58,3.47000000,1809.55010000,0
2025-07-14 08:00:00,515.3,519.6,515.3,517.3,4.27800000,1752494399999,2215.88020000,11,1.76900000,916.90170000,0
2025-07-14 12:00:00,512.9,512.9,503.1,503.1,5.63600000,1752508799999,2881.69810000,10,0.00000000,0.00000000,0
2025-07-14 16:00:00,503.1,507.3,502.6,503.8,6.35300000,1752523199999,3214.31060000,19,4.95800000,2510.58640000,0
2025-07-14 20:00:00,499.7,505.6,498.6,505.1,0.90700000,1752537599999,455.87490000,8,0.46500000,234.94040000,0
2025-07-15 00:00:00,505.1,505.8,488.1,489.5,16.79400000,1752551999999,8331.47970000,128,2.55900000,1275.73820000,0
2025-07-15 04:00:00,492.8,493.6,489.4,489.4,1.37600000,1752566399999,677.30350000,11,0.51800000,255.26680000,0
2025-07-15 08:00:00,487.2,489.0,485.2,487.5,6.33900000,1752580799999,3081.21260000,28,0.37300000,181.55600000,0
2025-07-15 12:00:00,489.0,490.0,484.0,486.2,2.23300000,1752595199999,1089.69020000,15,0.12100000,59.03060000,0
2025-07-15 16:00:00,487.3,496.3,484.1,490.3,4.25200000,1752609599999,2075.46170000,23,3.08200000,1504.40380000,0
2025-07-15 20:00:00,486.6,497.9,486.6,497.9,3.48600000,1752623999999,1709.64420000,13,1.07200000,526.05600000,0
2025-07-16 00:00:00,496.8,503.1,495.0,496.4,4.02900000,1752638399999,2010.22530000,122,2.80000000,1400.36560000,0
2025-07-16 04:00:00,501.4,501.4,495.2,499.8,19.02300000,1752652799999,9458.65220000,20,17.93100000,8915.68620000,0
2025-07-16 08:00:00,500.6,500.6,500.6,500.6,0.17700000,1752667199999,88.60620000,2,0.00600000,3.00360000,0
2025-07-16 12:00:00,498.8,500.4,492.8,494.8,3.54800000,1752681599999,1762.55110000,17,0.17000000,84.64640000,0
2025-07-16 16:00:00,495.6,503.1,495.6,498.7,5.00600000,1752695999999,2499.12810000,33,4.06100000,2027.36840000,0
2025-07-16 20:00:00,501.7,508.0,499.7,499.7,16.68300000,1752710399999,8408.89530000,47,8.57500000,4327.88950000,0
2025-07-17 00:00:00,500.1,503.0,489.4,490.2,12.92400000,1752724799999,6382.14850000,127,3.29200000,1645.47060000,0
2025-07-17 04:00:00,492.4,498.1,491.9,495.2,5.44000000,1752739199999,2685.87130000,15,3.05200000,1506.43500000,0
2025-07-17 08:00:00,495.1,503.1,495.1,496.5,13.08000000,1752753599999,6514.51660000,24,9.39800000,4682.24850000,0
2025-07-17 12:00:00,495.6,497.9,491.9,495.9,5.29200000,1752767999999,2618.27070000,17,4.65100000,2301.70630000,0
2025-07-17 16:00:00,494.2,499.3,492.8,492.8,5.94900000,1752782399999,2947.07420000,27,2.19300000,1087.12870000,0
2025-07-17 20:00:00,489.7,504.8,488.3,499.7,15.79100000,1752796799999,7874.10140000,50,10.55300000,5266.41140000,0
2025-07-18 00:00:00,501.0,513.6,500.9,511.8,22.02000000,1752811199999,11186.52610000,156,12.69900000,6458.92660000,0
2025-07-18 04:00:00,514.5,540.2,514.5,525.5,25.98500000,1752825599999,13661.81230000,134,14.79200000,7740.35500000,0
2025-07-18 08:00:00,527.4,532.7,525.7,525.7,8.06100000,1752839999999,4265.89810000,32,4.07000000,2150.86700000,0
2025-07-18 12:00:00,532.6,533.4,509.2,509.2,15.55200000,1752854399999,8187.30210000,53,2.10600000,1106.38690000,0
2025-07-18 16:00:00,514.1,520.3,510.4,514.7,15.03500000,1752868799999,7762.24420000,46,7.49400000,3874.96760000,0
2025-07-18 20:00:00,511.1,517.0,505.8,513.7,9.54800000,1752883199999,4898.45700000,32,5.75300000,2955.41940000,0
2025-07-19 00:00:00,514.4,520.3,508.2,514.4,12.87900000,1752897599999,6566.98580000,115,2.63000000,1354.26250000,0
2025-07-19 04:00:00,516.0,517.3,509.3,510.9,25.05300000,1752911999999,12787.48140000,19,13.40700000,6834.10260000,0
2025-07-19 08:00:00,511.0,511.1,507.3,509.1,20.10100000,1752926399999,10267.72720000,34,0.85300000,434.26410000,0
2025-07-19 12:00:00,505.9,509.7,503.0,504.7,3.84900000,1752940799999,1944.48660000,29,1.03800000,525.01080000,0
2025-07-19 16:00:00,504.7,524.4,501.4,517.0,10.75200000,1752955199999,5481.89980000,37,5.20800000,2666.29550000,0
2025-07-19 20:00:00,517.6,517.6,510.9,513.8,2.29100000,1752969599999,1182.17260000,15,0.07300000,37.54180000,0
2025-07-20 00:00:00,511.4,523.7,510.9,522.5,6.31200000,1752983999999,3271.33120000,138,3.11700000,1619.46770000,0
2025-07-20 04:00:00,525.3,530.9,522.6,525.4,48.67500000,1752998399999,25648.93430000,32,43.64900000,23006.72740000,0
2025-07-20 08:00:00,526.1,535.8,524.2,533.0,7.08300000,1753012799999,3772.88910000,32,2.41100000,1285.13460000,0
2025-07-20 12:00:00,531.7,552.4,531.7,551.2,25.53800000,1753027199999,13832.87300000,94,12.17600000,6597.08400000,0
2025-07-20 16:00:00,550.1,553.3,547.6,548.3,9.37100000,1753041599999,5149.85180000,34,1.42700000,785.29920000,0
2025-07-20 20:00:00,547.7,551.1,540.2,548.2,50.64500000,1753055999999,27734.64740000,60,38.58800000,21146.17460000,0
2025-07-21 00:00:00,543.5,545.5,528.7,534.5,14.86000000,1753070399999,7960.29080000,144,6.21000000,3329.10140000,0
2025-07-21 04:00:00,532.1,533.7,520.2,531.1,39.18200000,1753084799999,20701.36190000,83,22.84200000,12110.10490000,0
2025-07-21 08:00:00,528.2,534.6,525.0,529.4,3.77200000,1753099199999,1993.92460000,13,3.48500000,1843.22200000,0
2025-07-21 12:00:00,529.1,535.7,527.3,527.3,9.77400000,1753113599999,5177.60360000,38,2.51000000,1331.26450000,0
2025-07-21 16:00:00,527.4,529.3,518.1,519.7,11.79700000,1753127999999,6181.24400000,47,3.86100000,2027.93460000,0
2025-07-21 20:00:00,519.1,527.2,517.8,520.9,7.68900000,1753142399999,4010.20950000,31,5.57900000,2913.44900000,0
2025-07-22 00:00:00,522.3,526.0,514.7,519.2,9.20900000,1753156799999,4796.42450000,135,3.50400000,1824.04570000,0
2025-07-22 04:00:00,515.2,523.2,511.8,520.0,3.88600000,1753171199999,2005.65930000,10,3.63400000,1876.64070000,0
2025-07-22 08:00:00,519.2,522.0,514.7,519.9,2.04500000,1753185599999,1061.17010000,8,0.02800000,14.59020000,0
2025-07-22 12:00:00,520.2,522.0,514.6,519.9,7.72400000,1753199999999,4004.75190000,21,0.94000000,484.08860000,0
2025-07-22 16:00:00,519.6,522.1,515.2,515.2,4.50200000,1753214399999,2340.87350000,13,4.01500000,2087.92470000,0
2025-07-22 20:00:00,518.1,534.9,515.7,522.3,9.66800000,1753228799999,5079.79260000,50,5.42000000,2848.36360000,0
2025-07-23 00:00:00,524.4,527.7,519.4,524.4,51.37000000,1753243199999,26830.60820000,121,10.40300000,5459.44110000,0
2025-07-23 04:00:00,524.5,529.4,524.5,525.5,8.37700000,1753257599999,4404.81770000,18,6.38300000,3357.33160000,0
2025-07-23 08:00:00,528.2,528.2,523.2,527.6,0.70200000,1753271999999,369.24220000,12,0.38900000,205.41290000,0
2025-07-23 12:00:00,523.2,523.2,506.2,515.2,25.09500000,1753286399999,12855.99750000,53,12.83400000,6576.18080000,0
2025-07-23 16:00:00,511.1,514.2,503.0,513.3,5.28000000,1753300799999,2692.11790000,23,1.82600000,931.63220000,0
2025-07-23 20:00:00,510.7,511.9,499.0,511.0,5.46700000,1753315199999,2745.70310000,21,2.50700000,1263.12070000,0
2025-07-24 00:00:00,508.5,521.5,508.5,515.2,1.96100000,1753329599999,1017.15550000,33,0.38500000,199.47010000,0
2025-07-24 04:00:00,511.1,511.1,490.9,503.0,29.01600000,1753343999999,14459.32460000,56,9.62500000,4796.27430000,0
2025-07-24 08:00:00,504.1,525.4,502.6,519.2,24.59500000,1753358399999,12696.90260000,43,21.48600000,11114.45670000,0
2025-07-24 12:00:00,523.2,525.6,517.3,522.3,8.46200000,1753372799999,4410.43200000,24,3.75100000,1953.64650000,0
2025-07-24 16:00:00,519.2,519.2,515.1,518.5,3.20100000,1753387199999,1655.73560000,16,1.36400000,707.46440000,0
2025-07-24 20:00:00,518.3,519.5,511.1,511.1,1.45300000,1753401599999,750.74240000,18,1.13000000,585.03370000,0
2025-07-25 00:00:00,512.1,524.3,509.5,517.5,2.03300000,1753415999999,1056.18460000,33,0.93300000,485.42000000,0
2025-07-25 04:00:00,518.4,531.1,516.0,527.9,9.98800000,1753430399999,5254.37590000,28,7.85700000,4141.63500000,0
2025-07-25 08:00:00,529.3,563.6,527.3,555.3,25.57100000,1753444799999,14113.71650000,139,19.34500000,10683.33220000,0
2025-07-25 12:00:00,558.0,558.0,531.5,533.9,9.82300000,1753459199999,5307.23900000,47,4.27300000,2305.22750000,0
2025-07-25 16:00:00,535.1,541.4,535.1,539.5,52.99600000,1753473599999,28448.20660000,44,52.98500000,28442.28310000,0
2025-07-25 20:00:00,541.5,557.2,540.3,557.2,6.71300000,1753487999999,3685.02620000,30,3.27700000,1794.73630000,0
2025-07-26 00:00:00,555.9,558.1,553.3,554.6,1.58900000,1753502399999,881.57560000,79,0.68600000,380.29560000,0
2025-07-26 04:00:00,554.0,557.6,552.7,554.9,0.92500000,1753516799999,513.25090000,14,0.68700000,381.56020000,0
2025-07-26 08:00:00,554.8,557.1,554.3,557.1,1.48700000,1753531199999,824.91930000,7,0.99200000,550.40530000,0
2025-07-26 12:00:00,558.8,558.8,556.2,556.9,1.96800000,1753545599999,1095.23050000,8,1.09200000,607.47370000,0
2025-07-26 16:00:00,553.1,562.3,553.0,560.3,2.87100000,1753559999999,1596.76160000,28,0.82600000,461.65480000,0
2025-07-26 20:00:00,559.9,560.7,558.3,559.4,2.19700000,1753574399999,1227.35040000,10,0.13400000,75.10120000,0
2025-07-27 00:00:00,557.2,577.3,556.8,566.2,32.25700000,1753588799999,18310.98640000,225,20.39000000,11578.22400000,0
2025-07-27 04:00:00,566.3,585.3,566.3,585.3,18.62500000,1753603199999,10800.58200000,76,8.77300000,5080.20040000,0
2025-07-27 08:00:00,586.0,594.0,581.7,592.9,6.34900000,1753617599999,3721.74880000,32,2.75200000,1614.24390000,0
2025-07-27 12:00:00,594.0,604.3,594.0,596.7,16.84000000,1753631999999,10073.19030000,48,15.25400000,9124.66470000,0
2025-07-27 16:00:00,599.8,606.7,594.9,603.6,19.22500000,1753646399999,11584.30390000,35,7.43100000,4478.05960000,0
2025-07-27 20:00:00,604.4,604.4,588.3,588.3,34.48600000,1753660799999,20780.25370000,51,2.36100000,1407.67740000,0
2025-07-28 00:00:00,590.5,595.4,588.2,589.5,10.03800000,1753675199999,5929.85830000,125,4.11700000,2432.75650000,0
2025-07-28 04:00:00,590.5,603.3,579.9,579.9,17.40100000,1753689599999,10290.24510000,103,9.38300000,5555.63510000,0
2025-07-28 08:00:00,580.0,585.9,576.5,585.9,6.88500000,1753703999999,4005.81910000,56,4.91400000,2863.26410000,0
2025-07-28 12:00:00,585.1,590.8,579.8,582.9,9.45800000,1753718399999,5521.72830000,48,5.36200000,3132.85280000,0
2025-07-28 16:00:00,584.4,584.4,575.8,575.8,1.17800000,1753732799999,684.30970000,11,0.66200000,386.43310000,0
2025-07-28 20:00:00,578.2,578.2,571.2,571.2,0.31900000,1753747199999,183.04880000,8,0.10200000,58.56790000,0
2025-07-29 00:00:00,572.1,582.8,571.7,579.8,6.95900000,1753761599999,4008.63820000,116,4.85000000,2797.91500000,0
2025-07-29 04:00:00,583.8,584.0,575.8,576.0,2.47200000,1753775999999,1429.39090000,10,0.51400000,296.40080000,0
2025-07-29 08:00:00,573.7,573.8,566.2,566.2,1.98300000,1753790399999,1133.67430000,10,0.81900000,468.78290000,0
2025-07-29 12:00:00,566.4,573.4,562.1,562.1,0.62100000,1753804799999,351.86930000,7,0.25100000,143.83620000,0
2025-07-29 16:00:00,561.9,570.7,561.8,562.7,3.31100000,1753819199999,1867.53790000,17,1.85800000,1046.51470000,0
2025-07-29 20:00:00,561.1,565.5,561.1,562.1,0.85000000,1753833599999,478.70360000,9,0.48400000,272.99060000,0
2025-07-30 00:00:00,563.7,571.7,560.1,569.2,5.17600000,1753847999999,2934.37350000,111,3.35200000,1907.58860000,0
2025-07-30 04:00:00,567.7,571.0,563.6,571.0,0.23500000,1753862399999,133.36530000,15,0.19300000,109.62940000,0
2025-07-30 08:00:00,565.1,568.4,559.6,559.6,0.38200000,1753876799999,216.62730000,8,0.28200000,160.19000000,0
2025-07-30 12:00:00,563.6,571.0,560.6,569.7,4.58900000,1753891199999,2598.19210000,22,2.77700000,1576.43440000,0
2025-07-30 16:00:00,565.4,575.4,555.6,563.6,7.27000000,1753905599999,4119.62190000,40,3.04300000,1736.90510000,0
2025-07-30 20:00:00,567.7,594.9,565.3,591.3,10.63600000,1753919999999,6210.58110000,43,6.01600000,3508.76930000,0
2025-07-31 00:00:00,591.2,594.9,581.5,586.2,13.93900000,1753934399999,8201.18070000,134,4.37000000,2584.99370000,0
2025-07-31 04:00:00,587.2,587.2,581.7,584.3,1.78200000,1753948799999,1044.97490000,12,1.78200000,1044.97490000,0
2025-07-31 08:00:00,583.5,587.2,582.0,583.4,0.73200000,1753963199999,427.14990000,4,0.03400000,19.96480000,0
2025-07-31 12:00:00,580.7,580.7,571.7,572.8,11.65900000,1753977599999,6711.41170000,15,0.49700000,284.68790000,0
2025-07-31 16:00:00,575.2,575.8,563.6,563.6,3.77300000,1753991999999,2146.18020000,12,3.59300000,2043.77430000,0
2025-07-31 20:00:00,561.9,573.8,560.2,560.3,5.15600000,1754006399999,2901.18690000,21,0.68900000,390.99720000,0
2025-08-01 00:00:00,560.2,571.7,555.6,571.0,4.40400000,1754020799999,2476.45970000,113,2.24800000,1264.91850000,0
2025-08-01 04:00:00,570.9,570.9,559.6,559.6,2.12900000,1754035199999,1208.50910000,13,0.96500000,547.80980000,0
2025-08-01 08:00:00,555.6,557.1,550.9,557.1,0.60300000,1754049599999,334.13540000,10,0.09500000,52.91550000,0
2025-08-01 12:00:00,559.4,559.6,550.4,552.9,5.34800000,1754063999999,2974.93050000,23,3.97600000,2214.50110000,0
2025-08-01 16:00:00,553.1,555.6,538.0,539.0,7.78400000,1754078399999,4230.43340000,36,1.90200000,1036.21610000,0
2025-08-01 20:00:00,538.0,541.9,527.5,535.4,18.95700000,1754092799999,10136.02120000,44,3.37400000,1811.43970000,0
2025-08-02 00:00:00,535.4,541.2,533.0,539.9,2.77200000,1754107199999,1489.27450000,56,0.79800000,431.22290000,0
2025-08-02 04:00:00,542.2,543.4,537.6,541.7,1.59300000,1754121599999,860.63990000,11,1.50600000,813.84710000,0
2025-08-02 08:00:00,535.8,535.8,532.3,533.9,1.38400000,1754135999999,739.77530000,5,0.73300000,391.30790000,0
2025-08-02 12:00:00,534.3,539.4,529.4,533.7,3.98200000,1754150399999,2135.47310000,19,1.69600000,912.03460000,0
2025-08-02 16:00:00,527.6,531.3,522.0,523.2,3.15900000,1754164799999,1657.02160000,24,1.64700000,865.39570000,0
2025-08-02 20:00:00,525.1,527.3,517.2,521.6,1.08900000,1754179199999,571.45400000,12,0.26100000,136.77270000,0
2025-08-03 00:00:00,519.6,528.3,515.0,528.3,3.69600000,1754193599999,1917.48580000,73,2.18100000,1131.74040000,0
2025-08-03 04:00:00,530.4,539.3,529.5,539.3,2.69500000,1754207999999,1438.82170000,12,2.42700000,1296.78690000,0
2025-08-03 08:00:00,537.2,543.9,537.2,540.2,1.62000000,1754222399999,874.34310000,14,0.39100000,210.84640000,0
2025-08-03 12:00:00,538.3,542.9,538.3,542.9,0.10500000,1754236799999,56.82480000,4,0.07800000,42.29070000,0
2025-08-03 16:00:00,543.0,543.3,538.3,540.7,1.92200000,1754251199999,1038.60310000,14,0.32000000,173.80150000,0
2025-08-03 20:00:00,542.9,546.3,542.8,544.4,0.77600000,1754265599999,422.54920000,12,0.20700000,112.65930000,0
2025-08-04 00:00:00,541.9,553.0,541.8,552.8,1.50400000,1754279999999,824.95760000,78,0.95700000,527.53820000,0
2025-08-04 04:00:00,552.0,552.4,549.5,549.6,1.30400000,1754294399999,719.37290000,8,1.21600000,670.99320000,0
2025-08-04 08:00:00,554.5,555.6,552.4,552.7,1.43000000,1754308799999,790.74610000,13,0.13800000,76.49230000,0
2025-08-04 12:00:00,553.5,579.7,553.5,574.5,10.25500000,1754323199999,5819.53690000,44,8.32300000,4719.72310000,0
2025-08-04 16:00:00,577.2,577.3,561.4,561.4,5.69900000,1754337599999,3234.63030000,23,0.84900000,488.61020000,0
2025-08-04 20:00:00,560.8,580.9,559.4,578.5,9.31700000,1754351999999,5318.09500000,49,7.18100000,4095.19960000,0
2025-08-05 00:00:00,571.8,579.7,567.7,567.7,4.66500000,1754366399999,2667.28340000,64,1.29900000,746.36360000,0
2025-08-05 04:00:00,564.8,566.5,558.5,558.5,1.11900000,1754380799999,630.75890000,7,0.09300000,52.64000000,0
2025-08-05 08:00:00,563.5,583.4,559.3,577.2,12.58000000,1754395199999,7218.31620000,43,9.06400000,5195.23790000,0
2025-08-05 12:00:00,578.1,578.1,563.6,563.6,13.07000000,1754409599999,7409.80020000,23,9.04400000,5113.09030000,0
2025-08-05 16:00:00,566.3,566.3,543.4,543.4,1.78700000,1754423999999,998.89070000,16,0.45400000,255.27570000,0
2025-08-05 20:00:00,545.0,551.5,545.0,551.5,1.44600000,1754438399999,791.80180000,11,1.41000000,772.15320000,0
2025-08-06 00:00:00,547.7,558.7,547.7,558.7,2.38500000,1754452799999,1312.19720000,94,1.71000000,941.78310000,0
2025-08-06 04:00:00,557.0,563.6,556.7,563.6,2.58000000,1754467199999,1445.31110000,14,1.46500000,822.43920000,0
2025-08-06 08:00:00,559.6,562.0,556.3,562.0,0.28600000,1754481599999,160.02220000,16,0.18400000,103.12110000,0
2025-08-06 12:00:00,562.0,567.7,560.6,567.7,0.44700000,1754495999999,251.34610000,9,0.43100000,242.29970000,0
2025-08-06 16:00:00,571.3,575.4,567.7,572.5,2.55200000,1754510399999,1459.10840000,14,1.79600000,1026.63220000,0
2025-08-06 20:00:00,573.4,573.4,569.9,569.9,0.14400000,1754524799999,82.37010000,2,0.08700000,49.88580000,0
2025-08-07 00:00:00,571.8,572.5,568.6,571.6,1.01300000,1754539199999,578.36140000,36,0.49600000,283.72070000,0
2025-08-07 04:00:00,570.4,577.6,568.1,577.6,2.58500000,1754553599999,1489.34310000,13,2.56200000,1476.25970000,0
2025-08-07 08:00:00,577.4,584.5,570.0,579.8,8.34200000,1754567999999,4814.32680000,44,3.31500000,1921.89920000,0
2025-08-07 12:00:00,581.9,583.2,573.4,575.3,4.53500000,1754582399999,2614.42870000,20,1.11600000,645.11920000,0
2025-08-07 16:00:00,575.3,576.9,571.7,576.9,2.77800000,1754596799999,1597.75120000,9,0.57900000,332.99610000,0
2025-08-07 20:00:00,579.8,583.3,579.0,583.3,4.48600000,1754611199999,2609.30800000,12,4.47500000,2602.93400000,0
2025-08-08 00:00:00,579.8,587.1,573.1,577.7,9.68700000,1754625599999,5619.86950000,49,3.73100000,2171.09640000,0
2025-08-08 04:00:00,574.7,579.8,572.9,579.7,0.76000000,1754639999999,439.84180000,9,0.74900000,433.52490000,0
2025-08-08 08:00:00,580.9,581.7,579.3,579.6,1.59200000,1754654399999,922.74090000,5,0.00900000,5.23290000,0
2025-08-08 12:00:00,578.0,583.4,578.0,579.0,1.16200000,1754668799999,673.01210000,10,0.66500000,385.64940000,0
2025-08-08 16:00:00,580.8,589.3,578.7,587.0,4.11100000,1754683199999,2412.32630000,25,2.13100000,1253.01440000,0
2025-08-08 20:00:00,585.9,588.3,585.9,588.1,1.67700000,1754697599999,983.74600000,9,0.13500000,79.40210000,0
2025-08-09 00:00:00,587.9,589.0,584.0,584.7,1.27400000,1754711999999,746.19220000,30,0.99300000,581.83890000,0
2025-08-09 04:00:00,587.1,591.0,584.2,585.8,10.38500000,1754726399999,6098.40140000,23,3.47800000,2045.93730000,0
2025-08-09 08:00:00,587.4,587.4,585.3,585.3,0.36500000,1754740799999,213.76730000,3,0.05200000,30.54480000,0
2025-08-09 12:00:00,584.1,584.1,559.3,567.3,20.36500000,1754755199999,11678.60090000,72,9.61100000,5516.61280000,0
2025-08-09 16:00:00,569.2,573.6,567.9,572.0,2.30400000,1754769599999,1314.58060000,17,1.72400000,985.07540000,0
2025-08-09 20:00:00,572.1,573.9,567.0,567.0,27.31500000,1754783999999,15620.98710000,23,27.02700000,15457.11950000,0
2025-08-10 00:00:00,569.7,581.5,569.7,580.3,11.49300000,1754798399999,6647.55940000,228,9.79000000,5665.00990000,0
2025-08-10 04:00:00,581.4,581.4,562.6,562.6,10.23700000,1754812799999,5844.23510000,56,4.18600000,2388.61160000,0
2025-08-10 08:00:00,562.0,566.6,562.0,564.7,2.25000000,1754827199999,1269.54030000,8,1.12400000,636.39910000,0
2025-08-10 12:00:00,564.9,584.6,561.3,573.3,7.66200000,1754841599999,4398.93540000,40,5.85500000,3371.15110000,0
2025-08-10 16:00:00,572.4,573.2,569.5,571.9,2.05000000,1754855999999,1172.34060000,10,0.46400000,265.56990000,0
2025-08-10 20:00:00,569.6,572.1,567.7,568.0,1.47300000,1754870399999,840.29580000,15,1.04300000,595.44320000,0
2025-08-11 00:00:00,571.6,579.5,570.7,577.7,6.95300000,1754884799999,3998.83200000,109,2.48600000,1426.42430000,0
2025-08-11 04:00:00,573.8,581.3,571.9,575.5,6.69000000,1754899199999,3865.60390000,110,4.13500000,2395.20790000,0
2025-08-11 08:00:00,575.7,596.0,573.3,592.3,10.76600000,1754913599999,6288.31810000,72,7.85200000,4572.91010000,0
2025-08-11 12:00:00,588.0,598.2,581.0,589.1,8.74300000,1754927999999,5148.54170000,57,4.22200000,2495.03440000,0
2025-08-11 16:00:00,589.0,596.0,582.0,582.1,21.28900000,1754942399999,12450.48220000,53,2.42400000,1428.64780000,0
2025-08-11 20:00:00,581.5,584.9,575.8,579.8,2.71000000,1754956799999,1571.17850000,16,2.14400000,1242.88440000,0
2025-08-12 00:00:00,581.0,600.4,578.0,595.9,9.48700000,1754971199999,5626.40130000,137,6.76700000,4008.87020000,0
2025-08-12 04:00:00,595.8,598.1,589.9,589.9,3.00000000,1754985599999,1783.40440000,15,0.63500000,377.99980000,0
2025-08-12 08:00:00,590.0,593.3,587.2,591.9,1.76000000,1754999999999,1038.35000000,12,1.09500000,646.83980000,0
2025-08-12 12:00:00,595.4,605.9,589.9,598.2,4.34500000,1755014399999,2585.46150000,29,2.59100000,1546.74380000,0
2025-08-12 16:00:00,605.7,626.8,602.7,617.6,52.80900000,1755028799999,32503.33090000,146,31.30400000,19218.42380000,0
2025-08-12 20:00:00,622.0,625.8,616.3,620.3,6.75700000,1755043199999,4186.77030000,37,4.40200000,2732.28260000,0
2025-08-13 00:00:00,619.7,622.2,614.7,614.7,4.21000000,1755057599999,2596.48620000,59,2.81600000,1737.56290000,0
2025-08-13 04:00:00,616.7,616.7,601.1,607.4,8.94300000,1755071999999,5445.91540000,38,3.95800000,2405.75530000,0
2025-08-13 08:00:00,606.7,610.9,605.9,607.6,11.36800000,1755086399999,6920.66470000,19,0.87900000,534.75220000,0
2025-08-13 12:00:00,607.4,630.0,607.4,622.8,56.29000000,1755100799999,35265.86430000,109,48.55400000,30467.48830000,0
2025-08-13 16:00:00,619.0,622.6,611.0,615.0,4.20000000,1755115199999,2581.97930000,27,0.93200000,573.91950000,0
2025-08-13 20:00:00,611.8,618.6,610.8,611.4,6.18100000,1755129599999,3786.60600000,19,4.79800000,2941.37480000,0
2025-08-14 00:00:00,617.6,624.5,613.8,622.8,10.31300000,1755143999999,6381.21830000,89,9.49700000,5875.52870000,0
2025-08-14 04:00:00,622.2,625.7,609.2,609.2,5.96000000,1755158399999,3693.51140000,31,0.83200000,515.82040000,0
2025-08-14 08:00:00,607.1,611.4,602.6,609.1,3.25400000,1755172799999,1975.07010000,15,1.07200000,651.31980000,0
2025-08-14 12:00:00,611.2,611.2,580.4,591.9,16.57700000,1755187199999,9818.16470000,69,5.78300000,3416.90070000,0
2025-08-14 16:00:00,588.0,591.9,584.3,591.0,6.64700000,1755201599999,3905.90340000,19,4.80200000,2825.94060000,0
2025-08-14 20:00:00,588.1,593.1,583.8,593.1,2.80800000,1755215999999,1655.58400000,22,2.14400000,1265.07610000,0
2025-08-15 00:00:00,594.1,596.0,590.1,596.0,1.77600000,1755230399999,1052.11180000,51,0.65800000,390.82160000,0
2025-08-15 04:00:00,595.1,599.6,592.5,596.1,0.91000000,1755244799999,544.96550000,12,0.87300000,522.95470000,0
2025-08-15 08:00:00,595.6,595.6,593.4,594.1,0.16600000,1755259199999,98.53940000,3,0.00700000,4.16920000,0
2025-08-15 12:00:00,592.5,596.3,582.1,582.1,2.32800000,1755273599999,1371.73980000,14,0.16600000,98.85300000,0
2025-08-15 16:00:00,587.4,591.2,584.3,587.9,10.05900000,1755287999999,5915.82860000,23,9.19400000,5405.94540000,0
2025-08-15 20:00:00,585.0,593.7,585.0,593.0,1.16000000,1755302399999,681.55100000,12,0.07300000,43.19240000,0
2025-08-16 00:00:00,594.0,596.0,590.8,592.9,0.30700000,1755316799999,182.22920000,29,0.25000000,148.50610000,0
2025-08-16 04:00:00,593.7,596.4,592.5,592.5,0.27100000,1755331199999,160.72010000,5,0.02200000,13.11400000,0
2025-08-16 08:00:00,591.9,591.9,588.4,588.4,0.13100000,1755345599999,77.29980000,4,0.00000000,0.00000000,0
2025-08-16 12:00:00,588.8,588.8,580.1,580.1,1.63100000,1755359999999,952.62600000,6,0.00000000,0.00000000,0
2025-08-16 16:00:00,580.0,585.8,576.9,585.8,2.60600000,1755374399999,1506.83290000,15,0.01900000,11.09510000,0
2025-08-16 20:00:00,583.1,587.9,583.1,587.9,8.35000000,1755388799999,4898.89500000,37,8.31600000,4878.97100000,0
2025-08-17 00:00:00,585.5,589.6,584.2,589.2,1.22800000,1755403199999,720.35650000,45,0.23900000,140.59370000,0
2025-08-17 04:00:00,587.9,588.8,586.5,588.8,0.48200000,1755417599999,283.27300000,9,0.02500000,14.71060000,0
2025-08-17 08:00:00,588.2,591.0,587.4,588.7,0.26800000,1755431999999,157.67500000,9,0.19900000,117.09850000,0
2025-08-17 12:00:00,590.2,590.9,582.0,584.5,8.55800000,1755446399999,5031.16350000,19,0.31300000,184.28980000,0
2025-08-17 16:00:00,585.2,587.1,581.3,585.1,0.88600000,1755460799999,515.86520000,10,0.14500000,84.81200000,0
2025-08-17 20:00:00,585.4,585.4,585.4,585.4,0.16700000,1755475199999,97.76180000,1,0.16700000,97.76180000,0
2025-08-18 00:00:00,582.2,585.8,566.1,568.2,1.66300000,1755489599999,954.67130000,51,0.67800000,388.71160000,0
2025-08-18 04:00:00,566.6,571.2,564.0,564.0,4.28200000,1755503999999,2430.33400000,23,1.60400000,913.25660000,0
2025-08-18 08:00:00,566.7,566.7,561.8,561.8,0.16600000,1755518399999,93.44040000,6,0.01200000,6.80040000,0
2025-08-18 12:00:00,560.3,564.7,560.2,564.7,3.18000000,1755532799999,1791.53810000,9,2.80800000,1582.60700000,0
2025-08-18 16:00:00,563.2,568.5,563.2,568.5,5.19800000,1755547199999,2932.72950000,10,0.15700000,89.04520000,0
2025-08-18 20:00:00,568.0,571.7,565.6,570.2,1.11900000,1755561599999,635.42930000,11,0.08200000,46.67720000,0
2025-08-19 00:00:00,569.6,571.7,563.6,563.6,2.68900000,1755575999999,1526.73180000,55,1.10100000,627.80520000,0
2025-08-19 04:00:00,562.8,569.1,559.8,562.3,1.58300000,1755590399999,892.33650000,29,0.67500000,381.08700000,0
2025-08-19 08:00:00,563.9,567.7,563.0,566.3,0.76900000,1755604799999,433.49960000,5,0.01400000,7.91740000,0
2025-08-19 12:00:00,566.2,566.2,554.6,556.2,4.98500000,1755619199999,2779.37580000,23,1.12500000,626.64840000,0
2025-08-19 16:00:00,555.4,555.9,549.1,555.9,6.35200000,1755633599999,3507.82710000,28,2.67400000,1478.01210000,0
2025-08-19 20:00:00,556.7,556.7,547.9,547.9,2.19100000,1755647999999,1209.07890000,9,0.70900000,394.19080000,0
2025-08-20 00:00:00,551.3,554.6,547.5,550.1,5.15100000,1755662399999,2833.65920000,69,2.76400000,1523.30540000,0
2025-08-20 04:00:00,552.2,555.2,551.1,552.7,0.81800000,1755676799999,451.86910000,9,0.46800000,258.47530000,0
2025-08-20 08:00:00,554.0,554.0,547.5,547.5,0.53900000,1755691199999,296.18760000,13,0.30000000,164.96860000,0
2025-08-20 12:00:00,551.5,557.4,544.6,552.4,5.27800000,1755705599999,2897.66450000,22,1.81500000,999.10560000,0
2025-08-20 16:00:00,556.0,559.6,552.8,559.6,15.53600000,1755719999999,8656.40090000,31,1.39100000,776.65600000,0
2025-08-20 20:00:00,560.3,562.8,557.6,561.9,1.81300000,1755734399999,1015.97950000,11,1.09800000,616.19580000,0
2025-08-21 00:00:00,559.8,563.8,556.3,559.9,1.42500000,1755748799999,797.89840000,57,1.07500000,602.30850000,0
2025-08-21 04:00:00,559.6,562.3,559.6,560.9,0.06900000,1755763199999,38.76190000,4,0.06300000,35.40430000,0
2025-08-21 08:00:00,559.2,559.2,552.8,553.9,1.80100000,1755777599999,997.57300000,7,0.11100000,62.02280000,0
2025-08-21 12:00:00,554.1,557.0,551.5,552.9,8.49700000,1755791999999,4711.39370000,21,4.99800000,2775.81520000,0
2025-08-21 16:00:00,553.5,559.6,551.2,559.6,4.14800000,1755806399999,2303.05760000,20,4.06000000,2254.55020000,0
2025-08-21 20:00:00,556.4,557.0,554.3,554.3,0.85400000,1755820799999,474.32160000,11,0.34600000,192.30310000,0
2025-08-22 00:00:00,557.0,566.1,553.2,559.6,2.39700000,1755835199999,1341.82000000,95,1.02000000,569.42560000,0
2025-08-22 04:00:00,558.4,560.6,558.4,560.5,0.93900000,1755849599999,526.33660000,3,0.00000000,0.00000000,0
2025-08-22 08:00:00,560.1,560.1,555.6,556.8,0.44200000,1755863999999,246.64500000,4,0.26900000,149.77920000,0
2025-08-22 12:00:00,551.5,602.0,551.5,596.6,18.52400000,1755878399999,10776.69750000,76,10.30100000,6017.95120000,0
2025-08-22 16:00:00,601.8,609.0,598.9,609.0,12.28900000,1755892799999,7403.93080000,26,7.54400000,4549.18390000,0
2025-08-22 20:00:00,600.7,605.1,598.9,601.2,3.37800000,1755907199999,2029.33570000,15,0.67600000,407.50790000,0
2025-08-23 00:00:00,604.0,609.6,588.3,589.5,2.94700000,1755921599999,1757.08390000,100,0.92700000,556.98540000,0
2025-08-23 04:00:00,589.3,594.1,588.4,590.9,10.37900000,1755935999999,6144.63230000,19,2.93700000,1741.65750000,0
2025-08-23 08:00:00,588.7,588.8,584.0,585.2,1.60300000,1755950399999,942.37450000,14,0.33000000,193.90070000,0
2025-08-23 12:00:00,587.9,593.5,586.7,589.7,2.17000000,1755964799999,1276.66290000,11,2.15900000,1270.18450000,0
2025-08-23 16:00:00,588.1,590.4,585.7,590.4,3.53300000,1755979199999,2074.60200000,15,0.07200000,42.34850000,0
2025-08-23 20:00:00,589.4,590.2,586.2,588.8,10.61600000,1755993599999,6233.46990000,16,2.49300000,1469.27820000,0
2025-08-24 00:00:00,591.7,597.0,589.8,593.6,0.72400000,1756007999999,429.82100000,53,0.56400000,335.13220000,0
2025-08-24 04:00:00,595.1,595.1,590.0,590.0,0.59400000,1756022399999,353.07320000,9,0.52300000,311.02060000,0
2025-08-24 08:00:00,593.3,596.0,591.6,596.0,0.42100000,1756036799999,249.52210000,5,0.17400000,103.25410000,0
2025-08-24 12:00:00,594.3,594.3,591.9,592.4,1.73800000,1756051199999,1030.93180000,6,1.15100000,682.84740000,0
2025-08-24 16:00:00,594.0,599.6,584.3,590.2,16.90200000,1756065599999,10032.39220000,40,6.89300000,4091.59290000,0
2025-08-24 20:00:00,588.3,591.9,583.8,583.8,6.21100000,1756079999999,3644.18310000,29,2.64400000,1554.35810000,0
2025-08-25 00:00:00,582.0,587.9,576.4,586.5,6.27700000,1756094399999,3646.23100000,74,2.57000000,1497.64430000,0
2025-08-25 04:00:00,582.9,582.9,567.7,567.7,10.15100000,1756108799999,5832.68430000,33,5.69500000,3269.75050000,0
2025-08-25 08:00:00,566.2,566.2,560.7,563.7,3.24900000,1756123199999,1829.14810000,14,2.52500000,1421.45740000,0
2025-08-25 12:00:00,564.2,565.7,558.6,558.6,3.38200000,1756137599999,1899.27260000,17,0.72800000,410.88460000,0
2025-08-25 16:00:00,557.5,562.0,552.3,552.3,7.54000000,1756151999999,4209.98250000,27,3.47700000,1948.56050000,0
2025-08-25 20:00:00,553.7,553.7,536.3,543.3,9.99300000,1756166399999,5419.25540000,47,4.81200000,2601.88450000,0
2025-08-26 00:00:00,541.8,546.2,539.9,543.2,4.37400000,1756180799999,2370.23130000,70,1.92300000,1042.68800000,0
2025-08-26 04:00:00,539.9,545.6,538.1,543.4,3.41200000,1756195199999,1848.37710000,16,1.49500000,811.84750000,0
2025-08-26 08:00:00,539.9,539.9,534.0,535.5,3.23900000,1756209599999,1737.90990000,18,1.09000000,584.20780000,0
2025-08-26 12:00:00,535.7,545.4,534.3,539.4,13.25100000,1756223999999,7157.04510000,43,7.39300000,3998.29750000,0
2025-08-26 16:00:00,536.6,539.9,532.7,539.9,4.41600000,1756238399999,2361.41740000,16,2.35400000,1260.32410000,0
2025-08-26 20:00:00,541.1,552.1,537.5,548.8,13.32800000,1756252799999,7229.67480000,31,3.67200000,1996.67440000,0
2025-08-27 00:00:00,547.6,559.5,543.7,559.5,5.88900000,1756267199999,3226.72260000,115,3.51400000,1931.11940000,0
2025-08-27 04:00:00,556.0,560.9,555.6,556.9,5.15800000,1756281599999,2873.67710000,16,1.66600000,930.30770000,0
2025-08-27 08:00:00,552.9,556.4,552.6,556.4,3.03500000,1756295999999,1682.45680000,11,1.49900000,833.40880000,0
2025-08-27 12:00:00,556.4,560.2,551.5,559.7,4.94700000,1756310399999,2751.17870000,27,2.40400000,1338.89500000,0
2025-08-27 16:00:00,556.4,560.2,551.7,553.8,3.79200000,1756324799999,2109.35040000,22,0.47900000,268.05470000,0
2025-08-27 20:00:00,555.8,558.0,548.3,548.3,5.10700000,1756339199999,2812.45530000,20,0.05200000,28.85070000,0
2025-08-28 00:00:00,548.4,553.7,547.9,552.9,1.49300000,1756353599999,824.24480000,38,0.22400000,123.65940000,0
2025-08-28 04:00:00,555.6,563.1,555.6,562.0,11.39700000,1756367999999,6384.85680000,20,10.92500000,6120.64560000,0
2025-08-28 08:00:00,563.6,566.1,555.6,555.6,4.83800000,1756382399999,2702.48180000,17,0.89100000,498.77190000,0
2025-08-28 12:00:00,552.8,558.9,552.2,554.8,2.72800000,1756396799999,1512.82310000,8,0.76300000,423.84950000,0
2025-08-28 16:00:00,552.2,555.0,551.5,552.4,1.06900000,1756411199999,590.55040000,6,0.17000000,94.08420000,0
2025-08-28 20:00:00,551.4,557.5,551.4,557.1,6.83200000,1756425599999,3800.86260000,17,2.27100000,1265.07510000,0
2025-08-29 00:00:00,557.3,561.1,551.8,555.5,4.65900000,1756439999999,2594.26280000,70,4.02700000,2242.95100000,0
2025-08-29 04:00:00,554.9,556.0,537.8,538.8,8.12000000,1756454399999,4464.57830000,38,2.43900000,1333.03380000,0
2025-08-29 08:00:00,536.3,538.9,531.8,533.2,3.49900000,1756468799999,1870.91990000,15,1.65200000,884.93010000,0
2025-08-29 12:00:00,538.9,543.4,528.3,533.2,6.67400000,1756483199999,3560.29800000,28,1.55600000,839.34400000,0
2025-08-29 16:00:00,535.4,535.4,532.4,532.4,0.03100000,1756497599999,16.53200000,3,0.01000000,5.35160000,0
2025-08-29 20:00:00,531.3,531.3,530.0,531.0,0.81100000,1756511999999,430.62930000,6,0.08700000,46.16850000,0
2025-08-30 00:00:00,528.8,534.9,524.0,533.8,3.68300000,1756526399999,1946.15230000,106,1.36100000,722.02500000,0
2025-08-30 04:00:00,532.4,532.5,528.7,531.0,2.31000000,1756540799999,1225.18210000,9,0.20400000,108.59530000,0
2025-08-30 08:00:00,532.9,539.2,529.4,536.3,1.22400000,1756555199999,655.92520000,9,1.16800000,626.25560000,0
2025-08-30 12:00:00,534.9,545.0,533.1,545.0,1.55000000,1756569599999,833.12080000,8,1.32400000,712.64020000,0
2025-08-30 16:00:00,546.4,546.4,540.8,542.0,0.66200000,1756583999999,361.13920000,3,0.00400000,2.16800000,0
2025-08-30 20:00:00,541.8,552.9,541.2,552.9,3.81800000,1756598399999,2073.83730000,10,0.81800000,449.46550000,0
2025-08-31 00:00:00,548.3,554.4,547.8,551.3,1.58600000,1756612799999,874.42460000,43,1.23200000,680.22000000,0
2025-08-31 04:00:00,550.5,552.3,548.6,549.8,1.53100000,1756627199999,843.08930000,7,0.92400000,508.93580000,0
2025-08-31 08:00:00,550.0,550.0,550.0,550.0,0.03700000,1756641599999,20.35000000,1,0.00000000,0.00000000,0
2025-08-31 12:00:00,547.5,547.5,546.7,546.7,0.35400000,1756655999999,193.54200000,3,0.00000000,0.00000000,0
2025-08-31 16:00:00,543.4,543.5,543.0,543.0,1.06300000,1756670399999,577.56300000,5,0.45900000,249.43060000,0
2025-08-31 20:00:00,546.9,548.4,543.4,547.5,3.05000000,1756684799999,1664.36660000,18,2.75200000,1502.40420000,0
2025-09-01 00:00:00,544.8,546.9,534.4,536.5,6.93000000,1756699199999,3733.29560000,79,3.32700000,1792.81630000,0
2025-09-01 04:00:00,532.1,548.1,531.3,548.1,2.99400000,1756713599999,1624.47020000,14,2.56600000,1396.73620000,0
2025-09-01 08:00:00,547.3,551.8,536.9,549.5,9.30900000,1756727999999,5071.27480000,34,5.55100000,3012.99440000,0
2025-09-01 12:00:00,545.3,549.3,543.4,545.2,0.69200000,1756742399999,377.50760000,7,0.09200000,50.28560000,0
2025-09-01 16:00:00,540.7,548.0,540.0,548.0,1.90200000,1756756799999,1036.88900000,12,1.02300000,559.46790000,0
2025-09-01 20:00:00,546.5,547.4,533.6,543.4,2.97900000,1756771199999,1603.96190000,19,1.94300000,1050.95400000,0
2025-09-02 00:00:00,544.4,563.6,542.6,563.6,4.82300000,1756785599999,2673.37280000,55,2.72800000,1508.70750000,0
2025-09-02 04:00:00,565.4,571.7,565.0,565.5,3.60200000,1756799999999,2045.20540000,14,3.52900000,2003.93820000,0
2025-09-02 08:00:00,570.4,571.7,567.7,568.0,0.45400000,1756814399999,258.46140000,8,0.23500000,134.04420000,0
2025-09-02 12:00:00,563.6,587.9,559.6,576.5,8.43400000,1756828799999,4855.47780000,40,5.05400000,2913.02770000,0
2025-09-02 16:00:00,579.8,586.4,579.8,583.5,3.36900000,1756843199999,1965.06810000,14,1.49800000,873.28500000,0
2025-09-02 20:00:00,582.3,584.6,580.5,584.6,2.25600000,1756857599999,1314.32250000,17,0.63800000,372.82010000,0
2025-09-03 00:00:00,582.4,588.7,579.8,586.5,13.46300000,1756871999999,7895.95980000,117,5.91700000,3470.92090000,0
2025-09-03 04:00:00,590.1,603.3,588.4,594.3,23.54000000,1756886399999,13999.21380000,50,20.17500000,12005.98880000,0
2025-09-03 08:00:00,600.5,605.4,598.3,600.7,34.99200000,1756900799999,21082.58640000,74,8.17800000,4929.54870000,0
2025-09-03 12:00:00,602.6,602.6,576.9,584.0,140.62900000,1756915199999,84274.74810000,142,58.32400000,35040.56310000,0
2025-09-03 16:00:00,585.7,598.4,585.5,597.6,23.96800000,1756929599999,14248.95780000,41,13.78200000,8180.87080000,0
2025-09-03 20:00:00,598.1,605.7,595.5,605.7,11.96400000,1756943999999,7161.40050000,36,3.20900000,1930.17270000,0
2025-09-04 00:00:00,604.2,604.2,583.8,587.9,17.01300000,1756958399999,10048.73000000,136,6.20400000,3657.84990000,0
2025-09-04 04:00:00,590.2,591.9,583.8,585.9,10.01300000,1756972799999,5872.76330000,28,5.00100000,2931.51680000,0
2025-09-04 08:00:00,587.4,587.9,585.1,585.1,0.27500000,1756987199999,161.45290000,3,0.23800000,139.80420000,0
2025-09-04 12:00:00,589.0,589.0,585.3,585.3,4.01400000,1757001599999,2353.62350000,10,2.45200000,1437.55700000,0
2025-09-04 16:00:00,585.3,586.9,583.8,586.4,1.81800000,1757015999999,1065.30760000,7,1.81200000,1061.80480000,0
2025-09-04 20:00:00,587.9,593.2,587.9,588.8,5.24900000,1757030399999,3102.61470000,17,1.17800000,694.93980000,0
2025-09-05 00:00:00,586.8,593.8,584.0,592.6,5.74200000,1757044799999,3375.99810000,118,3.83200000,2258.73020000,0
2025-09-05 04:00:00,592.6,600.1,592.0,596.1,15.56800000,1757059199999,9229.02070000,15,13.05600000,7737.58720000,0
2025-09-05 08:00:00,592.4,595.0,592.3,595.0,0.69600000,1757073599999,413.89730000,4,0.61100000,363.54500000,0
2025-09-05 12:00:00,599.8,612.1,598.6,612.1,1328.95700000,1757087999999,804063.80910000,1255,1323.15200000,800562.79580000,0
2025-09-05 16:00:00,612.5,615.6,607.9,607.9,30.89700000,1757102399999,18936.02740000,57,23.19400000,14225.60390000,0
2025-09-05 20:00:00,609.0,612.7,603.9,607.4,6.23500000,1757116799999,3794.70500000,31,2.01200000,1226.60410000,0
2025-09-06 00:00:00,604.0,616.0,604.0,614.1,10.99100000,1757131199999,6699.69410000,199,8.45600000,5163.63330000,0
2025-09-06 04:00:00,611.8,614.0,607.3,611.0,85.38400000,1757145599999,52199.30510000,212,1.81400000,1108.96690000,0
2025-09-06 08:00:00,610.0,614.0,581.9,587.5,20.09000000,1757159999999,11957.13980000,159,7.84600000,4666.00810000,0
2025-09-06 12:00:00,588.7,594.5,587.4,594.5,13.03900000,1757174399999,7689.26990000,16,10.73800000,6335.07040000,0
2025-09-06 16:00:00,596.0,598.2,593.9,594.1,1.26200000,1757188799999,751.05120000,8,0.12900000,77.11360000,0
2025-09-06 20:00:00,594.8,594.8,590.6,594.0,2.74000000,1757203199999,1623.34430000,12,1.10500000,656.47660000,0
2025-09-07 00:00:00,594.2,608.5,591.1,599.7,3.39800000,1757217599999,2047.42910000,76,1.68400000,1016.56870000,0
2025-09-07 04:00:00,598.2,601.3,596.2,601.3,0.89400000,1757231999999,535.68320000,4,0.60000000,360.01040000,0
2025-09-07 08:00:00,602.3,602.3,596.1,602.3,5.53500000,1757246399999,3314.28160000,17,2.68200000,1609.09980000,0
2025-09-07 12:00:00,602.8,605.0,602.2,604.8,5.48400000,1757260799999,3307.45940000,8,0.42400000,255.59640000,0
2025-09-07 16:00:00,603.9,603.9,601.5,603.7,0.21300000,1757275199999,128.20700000,7,0.21300000,128.20700000,0
2025-09-07 20:00:00,604.4,604.4,599.8,602.9,1.20300000,1757289599999,725.98660000,10,0.96400000,581.82360000,0
2025-09-08 00:00:00,602.4,605.8,599.4,603.5,7.54000000,1757303999999,4553.45650000,89,5.29500000,3199.98010000,0
2025-09-08 04:00:00,603.3,603.3,590.6,591.5,19.17100000,1757318399999,11394.34240000,34,13.09600000,7786.61870000,0
2025-09-08 08:00:00,592.5,600.8,587.9,591.9,6.11600000,1757332799999,3637.56840000,27,2.82600000,1686.64410000,0
2025-09-08 12:00:00,595.2,600.7,589.9,589.9,12.07500000,1757347199999,7181.28530000,43,5.06100000,3030.16630000,0
2025-09-08 16:00:00,590.2,591.3,585.0,589.7,4.14200000,1757361599999,2435.72960000,19,0.41700000,245.01600000,0
2025-09-08 20:00:00,588.0,588.6,585.7,585.7,0.02400000,1757375999999,14.10250000,5,0.01800000,10.58830000,0
2025-09-09 00:00:00,585.8,589.3,583.0,583.0,6.70200000,1757390399999,3923.39270000,69,0.68100000,401.07780000,0
2025-09-09 04:00:00,583.0,587.2,583.0,583.0,825.28100000,1757404799999,481139.22390000,868,0.03000000,17.61510000,0
2025-09-09 08:00:00,587.0,588.1,583.1,585.3,2.58400000,1757419199999,1513.41110000,17,1.38700000,814.18860000,0
2025-09-09 12:00:00,587.0,587.0,577.0,579.2,515.24100000,1757433599999,300375.77840000,775,0.18800000,109.34780000,0
2025-09-09 16:00:00,579.4,579.4,576.4,577.8,0.35100000,1757447999999,202.75190000,6,0.14100000,81.69060000,0
2025-09-09 20:00:00,579.5,583.8,576.7,580.0,4.26500000,1757462399999,2475.00810000,22,2.29400000,1332.88190000,0
2025-09-10 00:00:00,579.3,583.4,577.3,578.3,1.71600000,1757476799999,994.26490000,70,1.22600000,710.83550000,0
2025-09-10 04:00:00,580.7,580.7,576.4,576.4,0.08000000,1757491199999,46.36580000,8,0.06600000,38.28310000,0
2025-09-10 08:00:00,578.9,588.2,578.9,588.2,3.96900000,1757505599999,2318.22880000,11,1.91700000,1124.47220000,0
2025-09-10 12:00:00,586.0,589.0,583.8,583.8,5.56900000,1757519999999,3264.96330000,16,0.15400000,90.48540000,0
2025-09-10 16:00:00,582.7,585.5,577.5,577.5,4.98800000,1757534399999,2892.43570000,14,0.83900000,490.32600000,0
2025-09-10 20:00:00,581.2,582.0,579.2,579.9,2.51900000,1757548799999,1460.39940000,10,0.19500000,113.36260000,0
2025-09-11 00:00:00,579.9,583.8,576.6,583.8,1.82400000,1757563199999,1059.88740000,63,1.13200000,659.25940000,0
2025-09-11 04:00:00,587.8,606.5,587.8,601.1,7.86500000,1757577599999,4682.78180000,51,6.03700000,3603.43040000,0
2025-09-11 08:00:00,599.7,601.2,597.5,600.2,1.07300000,1757591999999,643.91420000,10,0.23400000,140.31480000,0
2025-09-11 12:00:00,602.3,602.3,590.5,590.5,1.39600000,1757606399999,829.58030000,14,0.02400000,14.44330000,0
2025-09-11 16:00:00,592.2,592.2,587.9,591.8,0.80200000,1757620799999,474.57500000,5,0.79600000,471.04760000,0
2025-09-11 20:00:00,590.4,599.3,586.3,592.7,1.15400000,1757635199999,682.78040000,12,0.60100000,357.72810000,0
2025-09-12 00:00:00,600.6,605.6,594.8,595.5,4.56000000,1757649599999,2729.66670000,82,0.84500000,508.39680000,0
2025-09-12 04:00:00,596.6,602.5,596.5,596.5,0.37100000,1757663999999,222.17540000,4,0.24800000,148.80590000,0
2025-09-12 08:00:00,591.9,595.5,590.2,590.7,1.91400000,1757678399999,1136.70840000,12,1.57200000,934.71730000,0
2025-09-12 12:00:00,592.2,592.2,584.5,584.9,11.17800000,1757692799999,6569.98770000,13,0.52800000,311.87460000,0
2025-09-12 16:00:00,590.3,598.9,590.0,598.9,10.39900000,1757707199999,6175.95450000,38,3.84700000,2290.34150000,0
2025-09-12 20:00:00,595.9,598.8,595.1,598.8,2.14400000,1757721599999,1278.25540000,16,0.26800000,160.14900000,0
2025-09-13 00:00:00,598.4,605.4,594.8,602.1,9.05900000,1757735999999,5424.00280000,104,6.67800000,3998.61850000,0
2025-09-13 04:00:00,603.7,603.7,597.0,599.9,2.47600000,1757750399999,1485.22130000,12,0.19400000,116.73900000,0
2025-09-13 08:00:00,599.2,605.7,599.2,603.4,0.20900000,1757764799999,126.05100000,6,0.08600000,52.07410000,0
2025-09-13 12:00:00,604.3,604.3,598.6,598.6,0.95900000,1757779199999,576.16420000,7,0.42200000,254.50000000,0
2025-09-13 16:00:00,597.2,601.0,592.8,596.3,21.28900000,1757793599999,12657.81370000,16,0.11300000,67.88100000,0
2025-09-13 20:00:00,597.4,599.3,597.4,598.6,0.03200000,1757807999999,19.15580000,4,0.03200000,19.15580000,0
2025-09-14 00:00:00,598.1,600.6,589.7,589.7,5.25500000,1757822399999,3126.93360000,92,4.67100000,2778.59550000,0
2025-09-14 04:00:00,590.0,594.1,588.9,592.2,0.29900000,1757836799999,177.32010000,8,0.27400000,162.50520000,0
2025-09-14 08:00:00,593.2,593.2,593.2,593.2,0.09700000,1757851199999,57.54040000,1,0.00000000,0.00000000,0
2025-09-14 12:00:00,592.1,599.3,591.9,591.9,0.93700000,1757865599999,557.88950000,6,0.41300000,247.25350000,0
2025-09-14 16:00:00,592.0,595.5,592.0,595.5,0.20600000,1757879999999,122.36850000,3,0.11900000,70.86450000,0
2025-09-14 20:00:00,594.7,603.6,593.8,600.5,5.91700000,1757894399999,3549.98160000,10,5.91700000,3549.98160000,0
2025-09-15 00:00:00,605.6,606.0,594.9,602.1,8.79000000,1757908799999,5295.87610000,104,6.57700000,3972.87610000,0
2025-09-15 04:00:00,601.4,603.6,599.5,600.1,2.42300000,1757923199999,1457.06910000,12,0.23500000,141.83480000,0
2025-09-15 08:00:00,598.7,605.0,590.4,591.3,2.28200000,1757937599999,1361.64070000,19,0.99300000,597.53370000,0
2025-09-15 12:00:00,589.6,594.0,589.6,592.4,0.41000000,1757951999999,242.36680000,5,0.17800000,105.56860000,0
2025-09-15 16:00:00,588.8,592.4,587.9,590.6,0.97600000,1757966399999,576.23200000,13,0.03200000,18.92500000,0
2025-09-15 20:00:00,592.4,594.0,592.4,592.6,0.66100000,1757980799999,392.17940000,3,0.34200000,203.14000000,0
2025-09-16 00:00:00,592.2,593.8,589.6,591.8,0.83500000,1757995199999,494.30250000,38,0.02000000,11.87510000,0
2025-09-16 04:00:00,589.7,596.4,589.5,594.0,2.48100000,1758009599999,1476.20220000,17,1.33000000,792.75890000,0
2025-09-16 08:00:00,594.7,594.7,591.2,592.3,0.14200000,1758023999999,84.34370000,5,0.02200000,13.00970000,0
2025-09-16 12:00:00,592.1,594.0,589.4,594.0,7.25900000,1758038399999,4289.38650000,13,0.54400000,322.23000000,0
2025-09-16 16:00:00,595.9,601.2,595.9,601.0,1.77200000,1758052799999,1059.41770000,11,1.35200000,808.83660000,0
2025-09-16 20:00:00,600.9,600.9,599.7,600.3,0.09700000,1758067199999,58.22760000,4,0.08800000,52.82940000,0
2025-09-17 00:00:00,600.0,602.2,592.4,592.4,1.30600000,1758081599999,780.95860000,45,0.82700000,495.83490000,0
2025-09-17 04:00:00,592.1,601.6,592.1,601.6,1.77400000,1758095999999,1063.61770000,10,0.77600000,466.47760000,0
2025-09-17 08:00:00,601.1,601.2,596.9,598.6,1.22900000,1758110399999,736.97600000,11,0.83600000,501.00970000,0
2025-09-17 12:00:00,599.5,600.7,595.3,595.3,2.04800000,1758124799999,1227.37070000,12,1.04200000,625.47260000,0
2025-09-17 16:00:00,593.4,604.3,590.9,600.1,1.05600000,1758139199999,629.39520000,14,0.92700000,552.95950000,0
2025-09-17 20:00:00,601.7,622.1,598.4,616.2,402.76000000,1758153599999,250026.44190000,390,399.45800000,247998.23940000,0
2025-09-18 00:00:00,619.3,647.3,612.8,639.4,984.60400000,1758167999999,611809.29260000,488,981.01800000,609538.35940000,0
2025-09-18 04:00:00,640.4,640.8,631.3,631.3,45.09200000,1758182399999,28731.01620000,43,13.01400000,8318.42350000,0
2025-09-18 08:00:00,636.1,639.9,635.6,639.9,12.95500000,1758196799999,8253.66450000,21,9.42700000,6005.96660000,0
2025-09-18 12:00:00,646.3,649.7,638.8,641.8,15.23400000,1758211199999,9811.08830000,42,11.17300000,7192.85680000,0
2025-09-18 16:00:00,638.2,640.1,634.2,635.1,8.25800000,1758225599999,5261.06190000,37,1.29400000,826.23900000,0
2025-09-18 20:00:00,636.8,637.8,622.8,624.2,5.62400000,1758239999999,3539.56140000,26,2.18700000,1383.11140000,0
2025-09-19 00:00:00,622.8,631.5,614.7,614.7,10.17200000,1758254399999,6321.89350000,113,1.92800000,1203.28390000,0
2025-09-19 04:00:00,614.3,614.3,605.5,608.9,3.32100000,1758268799999,2026.19680000,21,1.78200000,1087.61580000,0
2025-09-19 08:00:00,611.6,620.1,605.2,605.2,4.61800000,1758283199999,2810.17160000,19,1.65900000,1010.75900000,0
2025-09-19 12:00:00,603.9,609.6,601.8,609.6,4.63100000,1758297599999,2802.34880000,14,3.59700000,2178.95620000,0
2025-09-19 16:00:00,604.4,605.5,599.4,602.4,5.12800000,1758311999999,3095.51600000,14,2.12200000,1281.00030000,0
2025-09-19 20:00:00,602.6,612.7,597.6,598.6,5.14600000,1758326399999,3087.48360000,18,4.07400000,2444.83160000,0
2025-09-20 00:00:00,601.3,616.0,599.9,604.4,3.97400000,1758340799999,2397.31320000,44,1.33700000,815.04260000,0
2025-09-20 04:00:00,605.8,616.2,602.3,605.2,0.31600000,1758355199999,192.38680000,11,0.20000000,122.31860000,0
2025-09-20 08:00:00,604.2,611.2,600.6,601.0,0.21900000,1758369599999,131.85320000,5,0.02700000,16.33440000,0
2025-09-20 12:00:00,600.9,612.7,597.9,609.0,0.25900000,1758383999999,155.70340000,5,0.01400000,8.55190000,0
2025-09-20 16:00:00,604.8,604.8,601.5,601.5,0.05200000,1758398399999,31.31380000,3,0.05200000,31.31380000,0
2025-09-20 20:00:00,597.4,600.3,594.0,594.0,2.44900000,1758412799999,1462.54740000,12,0.61000000,365.84140000,0
2025-09-21 00:00:00,594.1,607.3,592.6,597.1,0.78300000,1758427199999,466.53920000,42,0.11400000,68.02500000,0
2025-09-21 04:00:00,599.8,599.8,598.6,599.6,0.17800000,1758441599999,106.66060000,3,0.00900000,5.39820000,0
2025-09-21 08:00:00,596.0,599.7,594.2,596.0,1.24100000,1758455999999,741.07640000,5,0.95900000,573.30500000,0
2025-09-21 12:00:00,600.2,601.8,593.3,593.3,42.22900000,1758470399999,25345.57200000,17,42.18700000,25320.65340000,0
2025-09-21 16:00:00,597.0,598.0,597.0,598.0,0.02100000,1758484799999,12.55400000,2,0.02100000,12.55400000,0
2025-09-21 20:00:00,596.1,603.6,594.6,595.6,8.42300000,1758499199999,5017.51260000,13,7.31900000,4359.81260000,0
2025-09-22 00:00:00,592.8,600.4,581.7,587.8,5.15100000,1758513599999,3016.53870000,58,0.65100000,382.83860000,0
2025-09-22 04:00:00,587.6,588.5,554.3,573.8,11.30200000,1758527999999,6480.82460000,59,2.98900000,1700.90050000,0
2025-09-22 08:00:00,567.9,575.0,567.7,571.8,0.98000000,1758542399999,560.86140000,12,0.92000000,526.68740000,0
2025-09-22 12:00:00,571.3,571.3,567.0,567.0,7.40800000,1758556799999,4228.57500000,11,0.00500000,2.84600000,0
2025-09-22 16:00:00,566.5,568.9,561.9,562.7,5.09800000,1758571199999,2881.18240000,20,0.98500000,556.96720000,0
2025-09-22 20:00:00,563.4,567.4,561.9,565.1,2.32800000,1758585599999,1314.72140000,15,0.75500000,426.86340000,0
2025-09-23 00:00:00,567.7,569.7,558.2,565.0,8.96200000,1758599999999,5054.92890000,49,1.25100000,705.12500000,0
2025-09-23 04:00:00,564.2,564.2,559.6,563.6,0.33200000,1758614399999,186.90750000,7,0.13800000,77.62720000,0
2025-09-23 08:00:00,562.5,564.0,562.1,562.4,1.22600000,1758628799999,690.59920000,6,1.04400000,588.22420000,0
2025-09-23 12:00:00,559.6,561.3,558.8,558.8,6.04500000,1758643199999,3380.11240000,5,6.03900000,3376.75480000,0
2025-09-23 16:00:00,558.0,558.0,552.7,552.8,7.23700000,1758657599999,4021.98580000,19,0.00400000,2.22440000,0
2025-09-23 20:00:00,555.0,559.5,555.0,555.6,0.64800000,1758671999999,360.81830000,10,0.33100000,184.88090000,0
2025-09-24 00:00:00,557.3,562.2,554.4,554.4,2.00300000,1758686399999,1118.46360000,70,0.87100000,486.79620000,0
2025-09-24 04:00:00,551.5,562.5,550.4,559.6,0.42400000,1758700799999,234.05730000,9,0.03700000,20.74570000,0
2025-09-24 08:00:00,558.3,563.3,556.8,559.1,1.17600000,1758715199999,657.15620000,8,0.98500000,550.61880000,0
2025-09-24 12:00:00,563.6,563.6,561.0,561.0,4.17400000,1758729599999,2341.62700000,2,0.00500000,2.81800000,0
2025-09-24 16:00:00,558.5,558.5,557.0,557.0,2.09300000,1758743999999,1166.02340000,8,0.06100000,34.06850000,0
2025-09-24 20:00:00,557.6,557.6,555.0,556.1,0.81200000,1758758399999,451.45080000,6,0.62600000,348.21720000,0
2025-09-25 00:00:00,557.3,558.3,551.5,551.5,1.47800000,1758772799999,819.21020000,78,0.75900000,422.14530000,0
2025-09-25 04:00:00,549.9,551.5,544.6,544.6,1.64400000,1758787199999,897.64500000,8,0.00900000,4.95870000,0
2025-09-25 08:00:00,549.2,549.7,547.2,549.7,1.04200000,1758801599999,570.75970000,6,0.95000000,520.23330000,0
2025-09-25 12:00:00,543.7,554.4,543.4,553.7,1.33300000,1758815999999,730.17240000,11,1.30500000,714.95060000,0
2025-09-25 16:00:00,552.6,552.6,536.0,543.4,24.99300000,1758830399999,13711.58840000,37,1.93900000,1059.77860000,0
2025-09-25 20:00:00,544.7,544.7,533.7,537.3,2.28000000,1758844799999,1225.74550000,16,0.49100000,266.04280000,0
2025-09-26 00:00:00,539.1,542.2,535.0,539.2,0.42200000,1758859199999,227.07330000,56,0.35000000,188.40240000,0
2025-09-26 04:00:00,539.4,549.6,539.4,543.1,1.62700000,1758873599999,890.40430000,9,0.65900000,362.07460000,0
2025-09-26 08:00:00,546.5,546.5,539.4,540.6,3.27700000,1758887999999,1771.45220000,9,0.91200000,493.55850000,0
2025-09-26 12:00:00,542.4,543.9,539.4,543.9,0.81300000,1758902399999,441.70780000,9,0.60300000,327.59260000,0
2025-09-26 16:00:00,547.5,548.4,543.8,543.8,1.37800000,1758916799999,752.86940000,7,0.03300000,18.07470000,0
2025-09-26 20:00:00,547.1,548.7,547.1,548.1,0.06100000,1758931199999,33.43470000,4,0.06100000,33.43470000,0
2025-09-27 00:00:00,546.1,548.1,542.3,543.2,0.58600000,1758945599999,320.19740000,56,0.39800000,217.42830000,0
2025-09-27 04:00:00,544.4,544.4,542.2,542.2,0.34400000,1758959999999,186.90900000,4,0.22500000,122.27040000,0
2025-09-27 08:00:00,540.3,540.9,540.3,540.9,0.02400000,1758974399999,12.97140000,2,0.00000000,0.00000000,0
2025-09-27 12:00:00,545.5,545.5,542.8,543.6,0.27500000,1758988799999,149.45230000,4,0.27500000,149.45230000,0
2025-09-27 16:00:00,541.6,541.6,539.7,540.7,0.19400000,1759003199999,104.88440000,6,0.08800000,47.61100000,0
2025-09-27 20:00:00,543.0,545.8,542.0,542.0,0.18400000,1759017599999,100.05510000,12,0.15100000,82.13160000,0
2025-09-28 00:00:00,543.0,545.8,535.6,539.9,4.31100000,1759031999999,2333.87680000,80,0.76200000,413.68910000,0
2025-09-28 04:00:00,536.4,538.8,536.4,537.1,0.06500000,1759046399999,34.88690000,4,0.06200000,33.27560000,0
2025-09-28 08:00:00,539.9,540.2,536.5,536.5,0.73600000,1759060799999,396.79190000,7,0.61500000,331.84550000,0
2025-09-28 12:00:00,539.5,543.4,539.5,543.4,1.32000000,1759075199999,713.32680000,3,0.56000000,303.30680000,0
2025-09-28 16:00:00,545.6,549.8,544.7,549.8,3.84800000,1759089599999,2106.53330000,14,0.73600000,401.94710000,0
2025-09-28 20:00:00,549.8,556.7,549.8,556.7,0.33000000,1759103999999,182.18120000,12,0.22600000,124.91980000,0
2025-09-29 00:00:00,554.2,558.5,551.9,556.6,13.03300000,1759118399999,7208.63400000,43,0.72400000,402.00180000,0
2025-09-29 04:00:00,553.7,558.6,553.7,555.1,0.26600000,1759132799999,147.66460000,7,0.06200000,34.59720000,0
2025-09-29 08:00:00,554.1,554.1,550.3,550.3,1.05500000,1759147199999,581.03910000,7,0.03500000,19.35580000,0
2025-09-29 12:00:00,551.4,563.0,549.8,557.0,0.79600000,1759161599999,441.71220000,9,0.60100000,334.30600000,0
2025-09-29 16:00:00,557.5,560.6,557.2,557.6,1.33700000,1759175999999,745.29220000,6,0.01400000,7.81100000,0
2025-09-29 20:00:00,559.5,562.7,559.4,560.0,4.69100000,1759190399999,2628.76920000,15,2.90800000,1630.03160000,0
2025-09-30 00:00:00,560.8,563.1,558.5,558.7,1.30300000,1759204799999,730.01370000,60,1.27600000,714.86940000,0
2025-09-30 04:00:00,560.2,561.0,556.7,556.8,0.18700000,1759219199999,104.38890000,7,0.09700000,54.27560000,0
2025-09-30 08:00:00,556.4,556.4,550.2,550.2,1.37200000,1759233599999,759.27220000,16,1.30800000,723.81130000,0
2025-09-30 12:00:00,550.3,554.4,550.3,554.4,1.32900000,1759247999999,732.45590000,7,1.31400000,724.19690000,0
2025-09-30 16:00:00,553.1,558.1,549.0,558.1,2.16400000,1759262399999,1190.07000000,9,0.04200000,23.34160000,0
2025-09-30 20:00:00,557.9,561.9,557.7,559.1,1.62100000,1759276799999,905.71060000,11,0.65000000,363.48400000,0
2025-10-01 00:00:00,560.6,561.3,557.2,561.3,0.15300000,1759291199999,85.67570000,11,0.10100000,56.62150000,0
2025-10-01 04:00:00,562.9,564.7,559.6,561.1,0.39200000,1759305599999,220.48970000,9,0.33200000,186.86780000,0
2025-10-01 08:00:00,563.6,604.5,562.2,587.0,10.96800000,1759319999999,6469.90360000,52,7.56400000,4458.66660000,0
2025-10-01 12:00:00,588.2,588.4,582.9,582.9,3.77000000,1759334399999,2209.14530000,10,2.36800000,1391.30130000,0
2025-10-01 16:00:00,582.3,587.9,582.1,587.9,0.53200000,1759348799999,311.11030000,8,0.52900000,309.36340000,0
2025-10-01 20:00:00,587.4,596.9,586.8,594.4,27.80300000,1759363199999,16391.21240000,13,27.80300000,16391.21240000,0
2025-10-02 00:00:00,592.9,596.1,586.3,586.3,8.75300000,1759377599999,5171.94090000,75,3.83000000,2270.07530000,0
2025-10-02 04:00:00,585.8,585.8,580.0,585.3,4.22700000,1759391999999,2467.68520000,8,1.11600000,651.47480000,0
2025-10-02 08:00:00,584.7,591.9,584.7,591.9,0.10600000,1759406399999,62.04060000,3,0.01200000,7.07880000,0
2025-10-02 12:00:00,591.9,593.5,583.8,585.5,11.80200000,1759420799999,6979.58690000,10,10.27400000,6078.91030000,0
2025-10-02 16:00:00,587.9,595.9,587.6,591.8,3.42600000,1759435199999,2024.03080000,23,0.92700000,549.62710000,0
2025-10-02 20:00:00,590.9,597.1,589.2,594.1,6.35700000,1759449599999,3768.72890000,36,4.52900000,2685.68930000,0
2025-10-03 00:00:00,588.6,600.4,588.6,600.4,4.03200000,1759463999999,2400.21240000,82,3.45700000,2058.93280000,0
2025-10-03 04:00:00,597.4,607.4,597.0,597.0,2.80000000,1759478399999,1686.96090000,22,2.29500000,1385.11270000,0
2025-10-03 08:00:00,597.8,601.2,597.8,600.4,1.74100000,1759492799999,1045.21500000,6,1.62000000,972.88120000,0
2025-10-03 12:00:00,597.3,610.1,596.9,609.4,7.75100000,1759507199999,4697.99370000,53,5.77600000,3512.84930000,0
2025-10-03 16:00:00,609.8,614.9,599.4,607.0,7.31400000,1759521599999,4449.30770000,43,4.49300000,2744.57530000,0
2025-10-03 20:00:00,605.2,610.2,602.1,610.2,0.62200000,1759535999999,375.42410000,9,0.17600000,106.77230000,0
2025-10-04 00:00:00,609.3,609.3,592.1,597.1,5.20400000,1759550399999,3135.04870000,91,0.97000000,589.74600000,0
2025-10-04 04:00:00,591.5,598.4,590.1,591.6,0.75000000,1759564799999,443.91700000,10,0.27400000,162.46130000,0
2025-10-04 08:00:00,589.2,594.9,588.1,594.9,0.22700000,1759579199999,134.03670000,8,0.11200000,66.34550000,0
2025-10-04 12:00:00,590.1,591.8,585.7,590.7,1.90200000,1759593599999,1120.83110000,11,1.63300000,963.22750000,0
2025-10-04 16:00:00,591.9,597.5,587.7,587.7,0.12000000,1759607999999,71.23390000,9,0.10700000,63.59260000,0
2025-10-04 20:00:00,591.2,591.8,590.1,591.8,16.67900000,1759622399999,9860.20980000,10,16.67900000,9860.20980000,0
2025-10-05 00:00:00,588.9,616.1,588.9,610.4,8.48600000,1759636799999,5144.80590000,118,7.62700000,4624.09800000,0
2025-10-05 04:00:00,601.8,606.3,600.8,605.8,3.27900000,1759651199999,1977.11320000,17,0.15300000,92.25220000,0
2025-10-05 08:00:00,601.8,601.8,598.2,598.2,0.31500000,1759665599999,188.73710000,4,0.02200000,13.23740000,0
2025-10-05 12:00:00,599.3,602.0,595.4,595.4,0.99600000,1759679999999,596.20310000,9,0.77400000,464.01330000,0
2025-10-05 16:00:00,597.6,600.0,593.6,593.6,0.32500000,1759694399999,194.10400000,9,0.07300000,43.67730000,0
2025-10-05 20:00:00,594.0,595.7,589.7,593.0,1.52600000,1759708799999,902.35980000,11,0.06400000,38.02280000,0
2025-10-06 00:00:00,592.9,605.4,592.9,600.2,1.56400000,1759723199999,932.27810000,71,0.97500000,582.45570000,0
2025-10-06 04:00:00,599.4,600.2,594.5,600.2,1.09300000,1759737599999,652.57010000,9,0.71700000,429.03810000,0
2025-10-06 08:00:00,597.4,597.9,597.4,597.9,0.13800000,1759751999999,82.45670000,2,0.00000000,0.00000000,0
2025-10-06 12:00:00,601.3,601.3,599.7,600.2,0.23100000,1759766399999,138.66650000,3,0.19900000,119.47610000,0
2025-10-06 16:00:00,600.2,606.4,597.8,606.3,4.07200000,1759780799999,2444.64670000,19,0.94200000,567.77210000,0
2025-10-06 20:00:00,604.3,609.5,601.8,604.7,1.09000000,1759795199999,658.21800000,32,0.99000000,598.03800000,0
2025-10-07 00:00:00,599.4,606.1,594.8,598.5,3.46900000,1759809599999,2071.34750000,74,0.57100000,342.44590000,0
2025-10-07 04:00:00,605.5,605.5,592.6,595.4,1.07600000,1759823999999,645.63390000,6,0.93500000,562.07730000,0
2025-10-07 08:00:00,595.8,596.4,591.3,592.4,0.28300000,1759838399999,167.83960000,7,0.20500000,121.57040000,0
2025-10-07 12:00:00,595.0,595.0,575.9,583.6,30.51700000,1759852799999,17880.93700000,40,1.78900000,1051.77390000,0
2025-10-07 16:00:00,582.7,583.0,574.9,579.6,22.00500000,1759867199999,12685.58150000,43,4.15700000,2408.31620000,0
2025-10-07 20:00:00,577.8,583.4,576.0,576.0,1.97400000,1759881599999,1141.96170000,13,0.37800000,219.21750000,0
2025-10-08 00:00:00,576.0,583.4,576.0,579.8,2.72700000,1759895999999,1577.97100000,66,1.30100000,755.18270000,0
2025-10-08 04:00:00,579.8,580.7,574.3,579.4,0.98200000,1759910399999,567.31860000,15,0.45900000,265.50830000,0
2025-10-08 08:00:00,579.8,580.3,576.6,580.3,0.10700000,1759924799999,61.76220000,5,0.01500000,8.70100000,0
2025-10-08 12:00:00,579.1,582.4,579.1,581.3,0.87100000,1759939199999,505.96690000,8,0.38500000,224.01590000,0
2025-10-08 16:00:00,581.0,587.7,580.6,587.6,1.66000000,1759953599999,972.39450000,23,1.59300000,933.49430000,0
2025-10-08 20:00:00,587.0,587.0,582.4,584.0,1.13600000,1759967999999,663.50920000,10,1.13000000,660.01480000,0
2025-10-09 00:00:00,583.9,583.9,576.2,579.6,2.38500000,1759982399999,1384.03920000,98,1.28000000,746.56040000,0
2025-10-09 04:00:00,580.5,580.5,580.5,580.5,0.00700000,1759996799999,4.06350000,1,0.00700000,4.06350000,0
2025-10-09 08:00:00,581.8,581.8,568.8,575.8,3.57000000,1760011199999,2044.97790000,20,0.94200000,541.17320000,0
2025-10-09 12:00:00,575.8,579.8,571.7,577.0,1.12300000,1760025599999,644.79870000,12,0.02000000,11.55470000,0
2025-10-09 16:00:00,572.0,572.1,570.4,572.1,0.71200000,1760039999999,407.14190000,5,0.00400000,2.28160000,0
2025-10-09 20:00:00,575.8,592.5,575.3,579.2,14.10800000,1760054399999,8242.04060000,66,9.13300000,5340.52360000,0
2025-10-10 00:00:00,580.9,600.3,580.8,594.0,11.26200000,1760068799999,6634.56800000,128,6.33000000,3740.36350000,0
2025-10-10 04:00:00,592.3,592.3,587.3,587.3,0.34200000,1760083199999,201.72820000,9,0.04100000,24.20230000,0
2025-10-10 08:00:00,591.4,594.7,591.4,592.4,1.35100000,1760097599999,801.13430000,7,0.47600000,281.71100000,0
2025-10-10 12:00:00,594.7,595.5,574.9,579.8,4.48800000,1760111999999,2630.25010000,24,2.44100000,1432.12740000,0
2025-10-10 16:00:00,575.8,579.8,557.9,558.3,2.93200000,1760126399999,1653.37810000,30,0.88100000,497.46430000,0
2025-10-10 20:00:00,563.6,566.1,470.1,519.2,118.37200000,1760140799999,60674.97550000,302,24.28400000,12455.73090000,0
2025-10-11 00:00:00,519.2,535.4,503.9,530.9,10.58700000,1760155199999,5530.22740000,63,3.53000000,1851.55610000,0
2025-10-11 04:00:00,531.3,536.6,523.7,527.3,2.78000000,1760169599999,1469.03760000,19,0.90800000,483.12520000,0
2025-10-11 08:00:00,531.2,535.6,526.4,526.4,2.74500000,1760183999999,1449.79390000,9,1.76900000,935.20310000,0
2025-10-11 12:00:00,525.5,526.9,522.8,522.8,2.18200000,1760198399999,1146.12270000,9,0.44100000,232.10550000,0
2025-10-11 16:00:00,525.8,525.8,499.7,499.9,2.08200000,1760212799999,1076.33740000,13,0.74100000,387.89670000,0
2025-10-11 20:00:00,504.0,505.5,478.8,498.8,54.80000000,1760227199999,27311.93350000,34,3.35300000,1667.40250000,0
2025-10-12 00:00:00,500.8,512.2,495.1,512.2,52.21800000,1760241599999,26085.52010000,63,52.20500000,26079.07300000,0
2025-10-12 04:00:00,514.0,523.2,513.3,519.4,2.42400000,1760255999999,1257.46900000,16,0.92500000,479.45060000,0
2025-10-12 08:00:00,517.7,526.3,517.0,526.3,0.86000000,1760270399999,449.32860000,9,0.62100000,325.52030000,0
2025-10-12 12:00:00,525.6,538.5,517.7,532.9,2.74500000,1760284799999,1441.65830000,28,0.98100000,517.60770000,0
2025-10-12 16:00:00,539.1,543.4,537.0,539.0,5.71500000,1760299199999,3088.49960000,17,1.52800000,828.75330000,0
2025-10-12 20:00:00,543.2,543.4,534.1,535.6,0.69400000,1760313599999,371.50120000,11,0.08800000,47.71400000,0
2025-10-13 00:00:00,543.4,546.9,535.8,535.8,6.56100000,1760327999999,3561.63140000,130,4.35900000,2371.75660000,0
2025-10-13 04:00:00,535.7,543.5,535.7,543.5,1.71500000,1760342399999,924.21630000,9,0.70600000,382.96340000,0
2025-10-13 08:00:00,543.6,543.6,532.4,532.4,0.40300000,1760356799999,216.40460000,8,0.00700000,3.80520000,0
2025-10-13 12:00:00,538.0,543.4,534.8,539.4,7.03200000,1760371199999,3807.87760000,21,5.07200000,2749.10340000,0
2025-10-13 16:00:00,542.9,547.5,541.0,546.1,14.66300000,1760385599999,7971.12670000,24,0.87900000,480.02460000,0
2025-10-13 20:00:00,546.0,548.4,544.2,544.2,1.28600000,1760399999999,704.16050000,12,1.00200000,549.08590000,0
2025-10-14 00:00:00,545.6,548.1,535.4,537.7,3.16900000,1760414399999,1722.96020000,124,2.07400000,1130.85640000,0
2025-10-14 04:00:00,534.7,534.7,510.1,515.2,30.97900000,1760428799999,16068.62850000,38,0.87900000,455.76950000,0
2025-10-14 08:00:00,523.2,526.5,510.1,520.2,28.57800000,1760443199999,14756.21660000,12,9.50200000,4905.65090000,0
2025-10-14 12:00:00,518.5,527.3,513.6,527.3,2.20700000,1760457599999,1144.50370000,13,1.64600000,855.58570000,0
2025-10-14 16:00:00,525.2,537.9,525.2,534.9,6.99300000,1760471999999,3722.42470000,28,3.01400000,1615.00950000,0
2025-10-14 20:00:00,535.4,541.2,533.8,537.2,1.83700000,1760486399999,985.67880000,17,1.61200000,865.01000000,0
2025-10-15 00:00:00,537.3,540.4,535.4,535.4,48.02600000,1760500799999,25720.24430000,131,1.66300000,893.34870000,0
2025-10-15 04:00:00,535.3,536.1,534.0,536.1,45.96900000,1760515199999,24547.93880000,5,38.30400000,20454.82880000,0
2025-10-15 08:00:00,539.4,546.6,531.3,532.6,1.97900000,1760529599999,1069.16870000,22,1.17300000,636.46260000,0
2025-10-15 12:00:00,528.4,531.3,522.1,522.1,51.63600000,1760543999999,27134.23300000,33,0.06900000,36.40300000,0
2025-10-15 16:00:00,522.1,528.6,520.0,520.0,54.31200000,1760558399999,28356.34730000,17,51.46900000,26872.69190000,0
2025-10-15 20:00:00,519.2,525.4,519.2,519.3,0.29900000,1760572799999,155.52470000,6,0.03100000,16.26640000,0
2025-10-16 00:00:00,522.8,526.5,520.5,523.5,1.16200000,1760587199999,607.27720000,90,0.76300000,399.56530000,0
2025-10-16 04:00:00,522.7,524.2,518.3,524.2,0.21300000,1760601599999,110.92190000,3,0.11500000,60.12850000,0
2025-10-16 08:00:00,520.8,527.8,513.3,522.9,1.57600000,1760615999999,825.13450000,11,0.71500000,377.22050000,0
2025-10-16 12:00:00,523.6,528.4,510.0,510.0,0.83100000,1760630399999,427.35270000,9,0.01800000,9.51120000,0
2025-10-16 16:00:00,515.2,523.9,502.9,503.8,2.54500000,1760644799999,1297.03190000,17,1.32700000,679.61840000,0
2025-10-16 20:00:00,502.9,515.6,500.2,504.3,0.82900000,1760659199999,416.84260000,11,0.11000000,55.52780000,0
2025-10-17 00:00:00,504.3,510.0,503.9,506.9,1.35000000,1760673599999,681.61590000,40,0.17700000,89.75870000,0
2025-10-17 04:00:00,502.0,502.1,479.2,479.2,201.33500000,1760687999999,98859.57670000,101,80.17500000,39205.34360000,0
2025-10-17 08:00:00,479.1,479.1,449.3,471.4,16.66100000,1760702399999,7675.85970000,48,1.69800000,787.30010000,0
2025-10-17 12:00:00,465.6,467.3,455.6,467.3,178.01000000,1760716799999,82445.33440000,109,88.32300000,40914.60160000,0
2025-10-17 16:00:00,470.8,472.4,461.4,461.4,83.11800000,1760731199999,38529.26630000,26,2.57400000,1206.61250000,0
2025-10-17 20:00:00,470.9,472.8,469.0,469.0,10.02500000,1760745599999,4701.78390000,3,10.02500000,4701.78390000,0
2025-10-18 00:00:00,469.6,474.1,469.2,474.0,7.22500000,1760759999999,3418.06360000,101,2.20600000,1040.09120000,0
2025-10-18 04:00:00,474.0,479.2,472.0,479.2,9.01700000,1760774399999,4261.26830000,9,9.01700000,4261.26830000,0
2025-10-18 08:00:00,479.2,479.2,479.2,479.2,0.00000000,1760788799999,0.00000000,0,0.00000000,0.00000000,0
2025-10-18 12:00:00,465.8,467.8,463.5,464.8,14.59200000,1760803199999,6777.09340000,19,7.76500000,3606.06070000,0
2025-10-18 16:00:00,464.3,464.5,464.3,464.5,0.95100000,1760817599999,441.57950000,2,0.00000000,0.00000000,0
2025-10-18 20:00:00,465.9,468.5,465.9,466.6,0.44200000,1760831999999,206.25280000,6,0.12400000,58.07560000,0
2025-10-19 00:00:00,466.6,468.6,463.4,464.7,7.72800000,1760846399999,3596.13260000,101,5.66200000,2634.87720000,0
2025-10-19 04:00:00,460.7,463.1,459.6,461.4,0.67000000,1760860799999,309.40340000,5,0.12900000,59.55630000,0
2025-10-19 08:00:00,462.9,475.6,457.3,473.8,3.86000000,1760875199999,1788.10730000,14,2.31800000,1074.56540000,0
2025-10-19 12:00:00,469.4,469.4,464.7,464.7,0.69600000,1760889599999,324.27720000,2,0.18000000,84.49200000,0
2025-10-19 16:00:00,475.9,477.9,473.4,473.4,0.19600000,1760903999999,93.43260000,7,0.13300000,63.51990000,0
2025-10-19 20:00:00,473.4,475.4,472.4,473.1,12.97000000,1760918399999,6148.67930000,52,1.24000000,587.56300000,0
2025-10-20 00:00:00,471.1,472.5,467.4,472.5,15.08600000,1760932799999,7068.89540000,112,2.23500000,1050.34770000,0
2025-10-20 04:00:00,478.3,483.5,477.2,478.9,4.65900000,1760947199999,2237.29900000,18,2.25300000,1082.09980000,0
2025-10-20 08:00:00,480.7,483.2,479.0,479.7,0.45700000,1760961599999,219.93090000,5,0.38700000,186.37710000,0
2025-10-20 12:00:00,481.9,483.0,481.2,482.6,2.66400000,1760975999999,1285.31020000,12,2.50300000,1207.61160000,0
2025-10-20 16:00:00,476.4,482.6,476.4,479.7,0.58700000,1760990399999,279.85680000,6,0.02500000,12.04750000,0
2025-10-20 20:00:00,483.4,484.8,479.2,479.3,2.15500000,1761004799999,1035.60840000,10,0.58500000,282.79740000,0
2025-10-21 00:00:00,478.7,482.0,471.1,471.1,12.98600000,1761019199999,6190.70970000,126,1.15000000,551.02370000,0
2025-10-21 04:00:00,471.1,471.1,465.7,467.7,10.80200000,1761033599999,5083.05210000,32,0.65500000,305.11790000,0
2025-10-21 08:00:00,464.8,473.1,464.8,470.0,0.53500000,1761047999999,252.66100000,5,0.02000000,9.39720000,0
2025-10-21 12:00:00,477.8,509.2,477.8,504.8,9.87500000,1761062399999,4889.39220000,43,7.88900000,3919.41630000,0
2025-10-21 16:00:00,507.8,514.8,498.0,498.9,6.67200000,1761076799999,3381.47840000,21,1.40600000,721.55550000,0
2025-10-21 20:00:00,491.3,492.7,482.2,485.2,0.91500000,1761091199999,446.59410000,13,0.14800000,71.93710000,0
2025-10-22 00:00:00,481.1,486.6,475.3,482.5,0.88600000,1761105599999,425.20500000,69,0.66700000,320.36190000,0
2025-10-22 04:00:00,480.3,481.3,476.1,476.1,0.04900000,1761119999999,23.49810000,3,0.00000000,0.00000000,0
2025-10-22 08:00:00,474.2,474.9,470.1,471.1,0.42500000,1761134399999,200.74320000,12,0.05600000,26.48570000,0
2025-10-22 12:00:00,472.2,481.6,469.7,469.7,2.82000000,1761148799999,1335.59640000,9,2.81100000,1331.33400000,0
2025-10-22 16:00:00,471.4,473.5,471.2,473.2,17.15700000,1761163199999,8115.60970000,11,16.17700000,7651.75750000,0
2025-10-22 20:00:00,471.9,471.9,463.0,471.8,3.56500000,1761177599999,1663.89060000,19,1.35300000,637.38900000,0
2025-10-23 00:00:00,473.4,486.6,472.5,486.5,12.00400000,1761191999999,5709.43360000,65,11.34900000,5392.02970000,0
2025-10-23 04:00:00,479.7,488.3,479.7,487.1,2.27200000,1761206399999,1100.51350000,8,0.24600000,119.92650000,0
2025-10-23 08:00:00,491.9,491.9,488.9,488.9,0.01300000,1761220799999,6.37670000,2,0.01300000,6.37670000,0
2025-10-23 12:00:00,482.3,484.8,482.0,482.0,0.71700000,1761235199999,346.00270000,5,0.01200000,5.81040000,0
2025-10-23 16:00:00,483.8,488.7,483.8,484.4,1.13600000,1761249599999,551.26720000,9,0.44900000,218.41820000,0
2025-10-23 20:00:00,481.8,481.8,478.2,478.2,0.44200000,1761263999999,212.17160000,8,0.14200000,68.37250000,0
2025-10-24 00:00:00,480.5,482.0,477.6,480.8,1.86400000,1761278399999,895.94780000,94,1.67700000,806.07020000,0
2025-10-24 04:00:00,484.6,494.1,484.6,490.3,14.75300000,1761292799999,7247.53370000,49,2.08700000,1025.36000000,0
2025-10-24 08:00:00,489.7,495.2,489.7,495.2,0.98800000,1761307199999,485.45200000,6,0.89200000,438.29560000,0
2025-10-24 12:00:00,498.6,506.7,498.2,498.2,0.59800000,1761321599999,300.33880000,13,0.50500000,253.75960000,0
2025-10-24 16:00:00,498.0,507.8,498.0,500.6,19.94100000,1761335999999,10061.27420000,13,19.27200000,9726.33200000,0
2025-10-24 20:00:00,499.7,501.9,499.5,501.3,0.73700000,1761350399999,368.40790000,5,0.70500000,352.38970000,0
2025-10-25 00:00:00,500.5,507.6,498.9,503.5,3.24800000,1761364799999,1626.70040000,49,2.21400000,1109.71900000,0
2025-10-25 04:00:00,500.9,513.9,500.9,508.4,12.50500000,1761379199999,6341.19050000,14,10.03000000,5096.61880000,0
2025-10-25 08:00:00,510.1,510.1,496.7,496.7,0.11800000,1761393599999,59.86700000,3,0.04500000,22.95450000,0
2025-10-25 12:00:00,504.0,507.3,504.0,507.3,3.64200000,1761407999999,1843.30750000,4,3.52800000,1785.52490000,0
2025-10-25 16:00:00,506.7,508.8,506.7,508.8,0.01100000,1761422399999,5.58840000,2,0.00700000,3.56160000,0
2025-10-25 20:00:00,507.9,509.5,504.5,507.2,1.32000000,1761436799999,669.44460000,12,0.41800000,212.35790000,0
2025-10-26 00:00:00,507.9,519.1,507.4,508.2,18.41200000,1761451199999,9440.70850000,110,11.47000000,5898.28910000,0
2025-10-26 04:00:00,510.6,512.3,508.8,508.8,0.36500000,1761465599999,186.14860000,5,0.09800000,50.20540000,0
2025-10-26 08:00:00,517.7,538.2,517.7,538.0,9.38400000,1761479999999,4932.84850000,41,9.18300000,4827.93910000,0
2025-10-26 12:00:00,538.2,565.4,538.2,548.6,16.50800000,1761494399999,9124.90450000,82,10.80800000,5973.97830000,0
2025-10-26 16:00:00,551.5,555.6,549.9,555.3,4.31700000,1761508799999,2383.88020000,23,2.14900000,1189.69940000,0
2025-10-26 20:00:00,553.9,559.1,551.5,559.1,0.76000000,1761523199999,422.40930000,14,0.74000000,411.37490000,0
2025-10-27 00:00:00,559.5,565.4,555.6,557.3,15.51800000,1761537599999,8731.03760000,131,11.47200000,6470.43440000,0
2025-10-27 04:00:00,559.6,563.6,557.7,559.8,2.98200000,1761551999999,1674.31230000,20,1.25600000,705.81170000,0
2025-10-27 08:00:00,557.0,559.3,557.0,559.1,0.33800000,1761566399999,188.95140000,3,0.23000000,128.59300000,0
2025-10-27 12:00:00,563.6,572.3,561.6,561.9,10.70200000,1761580799999,6029.91220000,39,1.30400000,740.67410000,0
2025-10-27 16:00:00,561.2,562.4,557.3,558.4,2.11600000,1761595199999,1183.64230000,14,1.02100000,571.03000000,0
2025-10-27 20:00:00,555.6,558.2,553.4,557.4,1.46400000,1761609599999,814.21140000,8,0.72100000,401.92520000,0
2025-10-28 00:00:00,555.0,561.9,553.4,557.5,6.12600000,1761623999999,3411.28590000,126,3.45300000,1926.56630000,0
2025-10-28 04:00:00,562.0,562.1,550.8,555.6,2.93800000,1761638399999,1638.19460000,24,1.37900000,767.74720000,0
2025-10-28 08:00:00,559.6,561.0,553.5,553.5,1.10200000,1761652799999,611.91610000,11,0.98800000,548.63430000,0
2025-10-28 12:00:00,559.6,571.0,559.6,563.1,10.54600000,1761667199999,5939.47830000,42,3.36300000,1908.04650000,0
2025-10-28 16:00:00,565.4,565.5,559.6,562.2,0.93700000,1761681599999,528.09830000,10,0.93100000,524.74070000,0
2025-10-28 20:00:00,557.7,563.6,551.5,559.1,2.60500000,1761695999999,1450.25130000,22,1.48500000,830.20880000,0
2025-10-29 00:00:00,559.2,564.6,555.9,562.3,7.79900000,1761710399999,4379.05430000,124,5.34300000,3006.10580000,0
2025-10-29 04:00:00,562.5,565.2,559.6,559.6,1.66100000,1761724799999,937.46680000,7,0.25300000,142.39530000,0
2025-10-29 08:00:00,558.8,558.8,549.3,552.8,1.21300000,1761739199999,669.62590000,13,0.61600000,340.14490000,0
2025-10-29 12:00:00,548.8,559.6,548.8,558.4,1.49800000,1761753599999,832.50960000,13,1.42400000,791.76450000,0
2025-10-29 16:00:00,561.1,561.1,546.0,556.9,6.69000000,1761767999999,3696.70480000,40,2.17700000,1206.10600000,0
2025-10-29 20:00:00,559.6,561.2,559.6,561.2,0.04500000,1761782399999,25.23240000,4,0.02500000,14.02040000,0
2025-10-30 00:00:00,555.6,561.7,555.0,557.9,4.55300000,1761796799999,2545.97610000,115,2.19400000,1229.30230000,0
2025-10-30 04:00:00,555.6,575.8,549.6,571.8,10.95700000,1761811199999,6183.33460000,63,8.22400000,4642.87730000,0
2025-10-30 08:00:00,571.8,575.2,563.6,566.3,2.76700000,1761825599999,1564.02940000,23,1.03700000,586.76320000,0
2025-10-30 12:00:00,563.5,563.5,533.2,536.0,17.34600000,1761839999999,9602.30860000,71,4.64400000,2561.65510000,0
2025-10-30 16:00:00,534.4,535.5,530.8,533.1,6.89400000,1761854399999,3669.26630000,16,2.12200000,1128.98880000,0
2025-10-30 20:00:00,532.1,543.8,532.1,540.2,16.09400000,1761868799999,8628.18150000,18,13.97200000,7477.77420000,0
2025-10-31 00:00:00,538.1,569.2,532.4,552.5,19.59200000,1761883199999,10809.98410000,189,11.30200000,6257.70540000,0
2025-10-31 04:00:00,555.2,557.8,545.5,552.8,5.32500000,1761897599999,2943.57150000,53,0.82400000,457.95580000,0
2025-10-31 08:00:00,557.8,557.8,551.3,551.3,7.91400000,1761911999999,4382.08080000,28,7.54500000,4178.06580000,0
2025-10-31 12:00:00,554.4,556.3,551.1,553.6,2.32500000,1761926399999,1292.07830000,5,1.95300000,1086.45390000,0
2025-10-31 16:00:00,553.6,554.7,534.1,545.3,0.63700000,1761940799999,349.61410000,10,0.15600000,85.18040000,0
2025-10-31 20:00:00,545.1,546.6,540.0,540.0,2.21200000,1761955199999,1205.48180000,9,0.03800000,20.67720000,0
2025-11-01 00:00:00,533.7,547.9,530.1,541.9,2.45100000,1761969599999,1312.91500000,107,0.33700000,182.93770000,0
2025-11-01 04:00:00,545.9,549.7,545.9,548.8,0.24200000,1761983999999,132.87060000,5,0.21900000,120.30830000,0
2025-11-01 08:00:00,550.1,559.6,550.1,555.8,1.38700000,1761998399999,767.17760000,11,0.97400000,538.39850000,0
2025-11-01 12:00:00,556.6,557.1,551.6,551.7,0.12700000,1762012799999,70.22470000,5,0.01700000,9.47070000,0
2025-11-01 16:00:00,555.6,556.6,554.0,556.6,0.12200000,1762027199999,67.78580000,5,0.11500000,63.90780000,0
2025-11-01 20:00:00,554.0,554.0,553.0,553.0,0.03800000,1762041599999,21.01900000,2,0.00500000,2.77000000,0
2025-11-02 00:00:00,552.3,554.8,550.9,552.9,0.36500000,1762055999999,201.69640000,46,0.04500000,24.94180000,0
2025-11-02 04:00:00,551.4,552.4,545.9,550.0,1.22000000,1762070399999,669.50840000,10,0.38900000,213.20290000,0
2025-11-02 08:00:00,552.7,558.1,525.7,533.6,24.42800000,1762084799999,13211.18570000,56,6.35700000,3506.66430000,0
2025-11-02 12:00:00,529.3,532.5,529.3,532.5,0.58900000,1762099199999,311.82930000,4,0.03200000,17.00920000,0
2025-11-02 16:00:00,532.5,534.8,530.4,530.4,0.06400000,1762113599999,34.11500000,5,0.03100000,16.57280000,0
2025-11-02 20:00:00,534.8,534.8,533.3,533.3,0.02400000,1762127999999,12.80820000,2,0.02400000,12.80820000,0
2025-11-03 00:00:00,539.7,541.6,529.9,530.2,2.99600000,1762142399999,1593.83100000,63,0.97300000,521.02860000,0
2025-11-03 04:00:00,526.8,532.0,523.0,523.0,0.57200000,1762156799999,302.32870000,9,0.05300000,28.11680000,0
2025-11-03 08:00:00,520.8,541.6,518.6,541.2,0.37800000,1762171199999,201.02340000,5,0.30700000,164.17200000,0
2025-11-03 12:00:00,521.9,527.0,500.0,511.9,3.11000000,1762185599999,1600.36580000,22,1.51500000,789.60250000,0
2025-11-03 16:00:00,509.6,520.0,509.6,516.8,1.82700000,1762199999999,938.96940000,8,1.15700000,596.80300000,0
2025-11-03 20:00:00,509.9,511.7,502.6,505.2,0.59900000,1762214399999,302.70730000,5,0.01100000,5.59320000,0
2025-11-04 00:00:00,503.8,521.1,502.0,511.8,1.17500000,1762228799999,596.69450000,65,0.79400000,404.76420000,0
2025-11-04 04:00:00,508.6,508.6,494.9,499.0,0.55800000,1762243199999,280.52620000,10,0.19100000,95.56280000,0
2025-11-04 08:00:00,495.3,495.3,495.2,495.2,0.76600000,1762257599999,379.34420000,2,0.00000000,0.00000000,0
2025-11-04 12:00:00,496.0,509.3,496.0,496.0,8.24500000,1762271999999,4108.56680000,13,2.34100000,1178.94590000,0
2025-11-04 16:00:00,493.6,493.6,472.3,483.6,4.48300000,1762286399999,2174.55910000,27,0.76000000,367.45840000,0
2025-11-04 20:00:00,472.2,485.2,462.3,480.5,5.00500000,1762300799999,2376.24090000,31,1.80000000,857.13030000,0
2025-11-05 00:00:00,477.4,486.7,460.5,486.3,3.43900000,1762315199999,1640.05570000,110,2.82500000,1348.09900000,0
2025-11-05 04:00:00,483.8,489.2,483.8,486.7,0.18700000,1762329599999,90.97450000,3,0.16600000,80.81470000,0
2025-11-05 08:00:00,480.3,489.1,480.0,484.8,4.73900000,1762343999999,2277.42980000,15,4.09300000,1966.68690000,0
2025-11-05 12:00:00,487.1,489.4,484.9,487.2,0.28700000,1762358399999,139.82860000,7,0.11400000,55.46420000,0
2025-11-05 16:00:00,492.9,497.0,491.3,491.3,1.85300000,1762372799999,914.58770000,8,1.58000000,780.46280000,0
2025-11-05 20:00:00,489.0,489.0,488.2,488.2,0.19100000,1762387199999,93.25100000,2,0.00600000,2.93400000,0
2025-11-06 00:00:00,490.3,495.6,484.4,485.3,12.67000000,1762401599999,6153.68110000,108,3.73900000,1819.65930000,0
2025-11-06 04:00:00,485.3,485.3,485.3,485.3,0.00000000,1762415999999,0.00000000,0,0.00000000,0.00000000,0
2025-11-06 08:00:00,476.9,490.0,471.3,471.3,12.34700000,1762430399999,5914.16030000,9,12.23400000,5860.30960000,0
2025-11-06 12:00:00,477.2,477.2,477.2,477.2,0.40200000,1762444799999,191.83440000,2,0.00000000,0.00000000,0
2025-11-06 16:00:00,465.2,473.6,464.5,473.1,1.47800000,1762459199999,697.82210000,12,1.28100000,606.00140000,0
2025-11-06 20:00:00,474.9,474.9,467.7,473.3,0.18300000,1762473599999,86.20790000,6,0.14300000,67.49990000,0
2025-11-07 00:00:00,474.4,488.3,471.9,485.9,101.32800000,1762487999999,49282.74170000,210,9.33700000,4497.04380000,0
2025-11-07 04:00:00,479.9,490.0,479.9,487.8,0.32700000,1762502399999,159.32220000,9,0.30900000,150.68400000,0
2025-11-07 08:00:00,486.4,487.3,483.2,487.3,0.47000000,1762516799999,228.76260000,4,0.01000000,4.86700000,0
2025-11-07 12:00:00,476.4,486.7,468.5,486.7,20.82400000,1762531199999,9928.76970000,35,4.77300000,2312.12190000,0
2025-11-07 16:00:00,484.7,525.9,484.7,514.3,19.94000000,1762545599999,9988.78050000,48,3.02800000,1513.73900000,0
2025-11-07 20:00:00,511.7,518.2,510.2,510.2,27.33900000,1762559999999,14004.69350000,32,2.25200000,1156.35350000,0
2025-11-08 00:00:00,515.0,515.0,506.1,506.1,14.27700000,1762574399999,7270.32180000,175,4.61600000,2365.64090000,0
2025-11-08 04:00:00,505.6,507.1,498.0,501.6,0.91600000,1762588799999,461.14570000,31,0.34800000,175.26440000,0
2025-11-08 08:00:00,502.0,505.3,497.1,497.1,1.92400000,1762603199999,963.97970000,22,0.25700000,129.33010000,0
2025-11-08 12:00:00,497.1,504.6,486.8,486.8,4.84000000,1762617599999,2365.46310000,17,0.54900000,272.34960000,0
2025-11-08 16:00:00,486.8,495.0,486.7,490.8,1.01700000,1762631999999,496.78680000,5,0.65200000,319.11160000,0
2025-11-08 20:00:00,491.7,495.1,490.7,494.9,6.07500000,1762646399999,2995.76740000,25,5.81000000,2865.18420000,0
2025-11-09 00:00:00,484.1,501.8,481.7,492.1,3.50600000,1762660799999,1732.95190000,149,3.15700000,1561.37510000,0
2025-11-09 04:00:00,481.6,501.7,481.6,494.6,0.57800000,1762675199999,285.84060000,14,0.27800000,138.74010000,0
2025-11-09 08:00:00,494.6,495.9,493.4,493.4,0.64000000,1762689599999,316.53050000,4,0.53500000,264.61100000,0
2025-11-09 12:00:00,498.0,527.7,486.6,500.8,7.95700000,1762703999999,4033.77140000,54,4.71800000,2411.30720000,0
2025-11-09 16:00:00,498.3,508.3,497.5,504.4,0.72600000,1762718399999,362.57850000,11,0.23000000,115.59260000,0
2025-11-09 20:00:00,504.4,509.5,493.0,494.1,1.50900000,1762732799999,755.72800000,11,0.03500000,17.80980000,0
2025-11-10 00:00:00,508.2,510.8,494.7,504.3,9.15300000,1762747199999,4635.48310000,86,7.05700000,3583.89890000,0
2025-11-10 04:00:00,504.3,510.5,501.2,509.9,4.37200000,1762761599999,2207.60730000,20,1.96900000,995.65210000,0
2025-11-10 08:00:00,511.0,519.2,503.2,516.2,2.60400000,1762775999999,1336.17350000,18,1.86200000,956.52700000,0
2025-11-10 12:00:00,517.2,523.2,513.1,514.9,1.54000000,1762790399999,798.80850000,29,0.14000000,72.33930000,0
2025-11-10 16:00:00,512.4,514.1,509.4,510.3,1.04800000,1762804799999,536.47510000,10,0.40900000,210.11830000,0
2025-11-10 20:00:00,513.6,519.2,502.4,515.2,3.34100000,1762819199999,1687.27090000,15,0.57500000,292.34640000,0
2025-11-11 00:00:00,515.2,531.3,512.7,528.7,4.67600000,1762833599999,2439.93410000,124,3.18200000,1665.16930000,0
2025-11-11 04:00:00,526.5,528.5,515.5,515.5,1.36300000,1762847999999,710.81890000,30,0.50100000,263.65590000,0
2025-11-11 08:00:00,515.8,519.2,511.6,516.5,1.89700000,1762862399999,975.95920000,13,0.05300000,27.41080000,0
2025-11-11 12:00:00,516.5,518.3,510.3,510.3,0.53200000,1762876799999,274.22790000,8,0.03000000,15.52690000,0
2025-11-11 16:00:00,510.1,510.1,509.1,509.1,0.34400000,1762891199999,175.20040000,4,0.00000000,0.00000000,0
2025-11-11 20:00:00,507.3,517.7,495.8,513.0,0.26800000,1762905599999,135.98740000,9,0.10000000,51.36870000,0
2025-11-12 00:00:00,495.5,518.2,495.5,511.1,5.08200000,1762919999999,2615.34410000,75,4.11000000,2122.73820000,0
2025-11-12 04:00:00,514.1,514.1,508.0,508.0,1.55000000,1762934399999,789.55950000,14,0.28700000,147.43320000,0
2025-11-12 08:00:00,513.2,526.1,513.2,523.2,2.12800000,1762948799999,1107.10660000,17,1.58700000,825.63710000,0
2025-11-12 12:00:00,525.5,533.6,519.2,519.2,10.88400000,1762963199999,5738.14890000,48,7.22900000,3806.20120000,0
2025-11-12 16:00:00,512.9,512.9,499.9,499.9,1.26400000,1762977599999,637.03030000,9,0.00000000,0.00000000,0
2025-11-12 20:00:00,505.2,513.5,505.2,509.7,0.61400000,1762991999999,310.73890000,10,0.57300000,289.95970000,0
2025-11-13 00:00:00,505.4,537.0,505.4,524.3,7.15700000,1763006399999,3713.93720000,72,5.15000000,2689.44970000,0
2025-11-13 04:00:00,523.2,528.1,523.2,524.6,24.70700000,1763020799999,13011.67850000,42,3.71100000,1949.96300000,0
2025-11-13 08:00:00,524.5,529.1,523.9,523.9,12.52500000,1763035199999,6592.47130000,7,12.45900000,6557.84350000,0
2025-11-13 12:00:00,529.9,529.9,518.2,518.2,5.49400000,1763049599999,2859.78330000,17,0.96300000,508.09810000,0
2025-11-13 16:00:00,516.0,520.7,500.1,503.2,3.00800000,1763063999999,1526.19350000,19,1.22700000,621.78440000,0
2025-11-13 20:00:00,498.6,513.1,495.6,510.6,5.71500000,1763078399999,2879.69280000,10,0.37700000,191.43930000,0
2025-11-14 00:00:00,507.0,516.9,501.9,515.1,0.98600000,1763092799999,501.95210000,81,0.14100000,72.12090000,0
2025-11-14 04:00:00,507.3,507.3,496.7,502.5,0.89300000,1763107199999,447.48060000,6,0.65800000,330.60070000,0
2025-11-14 08:00:00,493.0,500.3,488.6,490.5,5.47100000,1763121599999,2717.12490000,21,3.92200000,1951.32480000,0
2025-11-14 12:00:00,484.7,498.6,477.6,498.6,1.02700000,1763135999999,497.84830000,14,0.14600000,71.58260000,0
2025-11-14 16:00:00,497.1,501.2,492.4,492.4,0.86500000,1763150399999,428.93640000,4,0.62500000,310.76040000,0
2025-11-14 20:00:00,489.4,489.4,475.6,480.0,5.01500000,1763164799999,2429.64930000,23,0.16800000,81.56760000,0
2025-11-15 00:00:00,480.9,500.0,476.1,497.6,3.58800000,1763179199999,1769.42070000,79,1.22200000,607.29200000,0
2025-11-15 04:00:00,501.3,501.3,495.9,495.9,2.70000000,1763193599999,1339.30660000,3,0.00900000,4.51170000,0
2025-11-15 08:00:00,495.0,495.0,492.4,492.4,0.51500000,1763207999999,254.90940000,2,0.00000000,0.00000000,0
2025-11-15 12:00:00,502.9,519.8,502.9,507.0,10.47200000,1763222399999,5330.90440000,31,9.06600000,4616.50600000,0
2025-11-15 16:00:00,504.4,510.7,503.8,510.7,1.29900000,1763236799999,655.33840000,4,0.03200000,16.34240000,0
2025-11-15 20:00:00,514.6,514.6,497.8,497.8,1.58800000,1763251199999,795.89640000,11,0.01000000,5.10360000,0
2025-11-16 00:00:00,498.2,505.5,490.4,503.9,1.99700000,1763265599999,996.83080000,91,0.03300000,16.58200000,0
2025-11-16 04:00:00,499.5,506.2,499.5,503.8,0.10600000,1763279999999,53.24890000,4,0.04100000,20.70860000,0
2025-11-16 08:00:00,499.0,502.5,499.0,500.4,0.26800000,1763294399999,133.79200000,4,0.01200000,6.03000000,0
2025-11-16 12:00:00,499.0,499.0,478.3,478.3,0.17900000,1763308799999,86.84380000,6,0.03800000,18.61290000,0
2025-11-16 16:00:00,482.3,486.4,472.9,472.9,7.04900000,1763323199999,3384.53220000,16,1.22500000,590.84770000,0
2025-11-16 20:00:00,477.3,485.5,475.7,476.8,2.33200000,1763337599999,1113.34870000,6,0.08000000,38.80220000,0
2025-11-17 00:00:00,480.9,489.9,470.7,487.7,4.89800000,1763351999999,2357.28490000,75,1.15100000,563.55410000,0
2025-11-17 04:00:00,490.0,492.6,486.4,492.6,0.89900000,1763366399999,437.70820000,5,0.02400000,11.78020000,0
2025-11-17 08:00:00,494.4,501.7,492.5,498.9,2.82300000,1763380799999,1406.61550000,10,2.22500000,1111.53240000,0
2025-11-17 12:00:00,502.1,513.5,496.7,509.4,1.76800000,1763395199999,894.28710000,12,1.74900000,884.65600000,0
2025-11-17 16:00:00,500.7,513.8,494.3,504.9,2.29300000,1763409599999,1163.08830000,14,1.32300000,677.69730000,0
2025-11-17 20:00:00,495.2,495.2,483.7,489.5,1.20900000,1763423999999,594.49740000,6,0.00600000,2.97120000,0
2025-11-18 00:00:00,488.7,498.6,480.9,486.5,5.35800000,1763438399999,2637.13760000,96,3.12600000,1550.30980000,0
2025-11-18 04:00:00,493.9,493.9,478.1,488.4,0.15100000,1763452799999,73.75170000,7,0.15100000,73.75170000,0
2025-11-18 08:00:00,492.1,492.1,483.1,483.1,0.65600000,1763467199999,317.06380000,4,0.01100000,5.38430000,0
2025-11-18 12:00:00,482.6,505.6,482.6,505.6,1.40400000,1763481599999,697.31630000,8,1.40100000,695.86850000,0
2025-11-18 16:00:00,510.9,529.6,510.9,529.4,2.70800000,1763495999999,1406.77470000,34,1.79100000,933.53260000,0
2025-11-18 20:00:00,531.3,535.9,523.2,523.2,128.44500000,1763510399999,67736.80200000,145,123.56600000,65182.39860000,0
2025-11-19 00:00:00,520.6,520.9,500.4,500.4,3.91300000,1763524799999,2006.47530000,120,0.16800000,86.35550000,0
2025-11-19 04:00:00,500.0,503.3,488.8,503.3,1.81500000,1763539199999,901.45010000,18,1.15600000,575.23380000,0
2025-11-19 08:00:00,495.5,495.5,495.5,495.5,0.04200000,1763553599999,20.81100000,1,0.04200000,20.81100000,0
2025-11-19 12:00:00,491.5,491.7,484.6,484.8,92.19000000,1763567999999,45329.05720000,45,92.07300000,45272.12130000,0
2025-11-19 16:00:00,483.5,483.5,470.6,475.0,5.33000000,1763582399999,2542.49890000,13,0.09200000,44.28100000,0
2025-11-19 20:00:00,473.8,486.4,473.8,485.4,286.51300000,1763596799999,139055.25500000,507,273.41000000,132687.84260000,0
2025-11-20 00:00:00,483.9,490.5,483.1,488.2,1.81800000,1763611199999,887.22610000,34,1.55700000,760.43040000,0
2025-11-20 04:00:00,488.3,510.7,485.6,501.9,4.99600000,1763625599999,2507.30860000,28,1.34700000,677.69750000,0
2025-11-20 08:00:00,502.0,502.5,495.9,502.5,9.70800000,1763639999999,4840.17620000,15,9.22100000,4597.57880000,0
2025-11-20 12:00:00,501.3,501.3,496.2,496.9,5.61300000,1763654399999,2794.48750000,35,2.92700000,1457.00650000,0
2025-11-20 16:00:00,497.2,497.2,473.0,475.2,8.71200000,1763668799999,4181.06500000,46,3.04300000,1471.21350000,0
2025-11-20 20:00:00,473.3,484.9,473.3,482.5,11.22700000,1763683199999,5427.74520000,28,0.49400000,237.38230000,0
2025-11-21 00:00:00,486.9,486.9,477.1,483.5,4.80600000,1763697599999,2328.75750000,36,4.43900000,2153.53530000,0
2025-11-21 04:00:00,483.0,483.0,456.7,467.8,8.22000000,1763711999999,3895.26140000,38,4.94100000,2363.90730000,0
2025-11-21 08:00:00,467.8,470.8,456.0,456.0,2.75500000,1763726399999,1281.50920000,16,2.20300000,1025.45600000,0
2025-11-21 12:00:00,452.5,499.3,451.1,488.3,3.69400000,1763740799999,1771.80270000,38,1.93600000,940.35590000,0
2025-11-21 16:00:00,487.6,515.4,486.6,514.5,22.03800000,1763755199999,11160.27360000,74,17.14400000,8713.94580000,0
2025-11-21 20:00:00,509.9,547.2,506.7,535.0,30.42000000,1763769599999,16197.19900000,122,15.22400000,8092.79720000,0
2025-11-22 00:00:00,531.6,535.9,525.0,530.8,64.12400000,1763783999999,33967.65090000,206,49.40800000,26177.62190000,0
2025-11-22 04:00:00,532.3,533.8,521.3,533.5,9.88800000,1763798399999,5253.00930000,92,7.25400000,3859.14090000,0
2025-11-22 08:00:00,534.1,558.6,530.0,558.6,40.49500000,1763812799999,22141.64770000,161,40.11100000,21937.66770000,0
2025-11-22 12:00:00,551.5,553.4,536.7,536.7,7.05400000,1763827199999,3848.44920000,37,2.28600000,1247.14790000,0
2025-11-22 16:00:00,539.5,566.6,538.9,564.5,30.82500000,1763841599999,17198.38220000,133,24.77100000,13843.42930000,0
2025-11-22 20:00:00,564.5,567.4,552.8,557.6,26.44100000,1763855999999,14768.76690000,53,21.03300000,11759.97550000,0
2025-11-23 00:00:00,556.7,556.7,537.4,541.0,16.28600000,1763870399999,8912.49790000,123,1.63200000,893.45900000,0
2025-11-23 04:00:00,543.3,559.4,536.6,543.2,1.71400000,1763884799999,939.47000000,9,1.69000000,926.59160000,0
2025-11-23 08:00:00,541.0,551.9,541.0,551.9,1.03300000,1763899199999,567.84510000,6,0.62800000,346.14840000,0
2025-11-23 12:00:00,542.1,551.9,540.8,550.6,0.56700000,1763913599999,311.63440000,6,0.46600000,256.98110000,0
2025-11-23 16:00:00,546.9,551.2,540.7,546.7,3.57600000,1763927999999,1950.83230000,16,2.60400000,1419.31320000,0
2025-11-23 20:00:00,550.2,551.4,537.2,537.2,0.95000000,1763942399999,515.12950000,12,0.40500000,220.99030000,0
2025-11-24 00:00:00,538.2,560.7,536.4,552.7,6.32900000,1763956799999,3450.57680000,124,2.83300000,1557.52640000,0
2025-11-24 04:00:00,555.0,555.0,544.9,544.9,1.32100000,1763971199999,725.01120000,10,0.63800000,350.13160000,0
2025-11-24 08:00:00,545.1,551.7,539.3,545.4,0.49300000,1763985599999,269.03900000,10,0.28300000,154.52520000,0
2025-11-24 12:00:00,541.8,551.5,541.8,549.1,7.11900000,1763999999999,3906.96760000,15,0.82300000,451.55660000,0
2025-11-24 16:00:00,552.6,562.7,549.4,555.9,10.31800000,1764014399999,5709.26530000,24,2.11400000,1176.86990000,0
2025-11-24 20:00:00,562.3,562.5,548.1,548.4,12.85200000,1764028799999,7157.28610000,32,11.82200000,6586.32240000,0
2025-11-25 00:00:00,551.8,551.8,535.3,537.9,2.84000000,1764043199999,1541.22530000,108,1.13900000,620.99230000,0
2025-11-25 04:00:00,541.4,547.0,522.0,528.6,3.25200000,1764057599999,1738.44250000,23,0.71600000,381.21080000,0
2025-11-25 08:00:00,521.7,528.6,510.5,522.1,2.38500000,1764071999999,1234.72090000,16,0.77500000,400.87450000,0
2025-11-25 12:00:00,521.6,527.2,513.3,520.3,0.76700000,1764086399999,399.53480000,6,0.24400000,127.48790000,0
2025-11-25 16:00:00,521.1,537.1,518.2,518.2,0.05400000,1764100799999,28.37500000,7,0.05200000,27.33860000,0
2025-11-25 20:00:00,521.3,527.5,519.0,527.5,0.29300000,1764115199999,152.59770000,7,0.29300000,152.59770000,0
2025-11-26 00:00:00,524.7,530.7,524.5,528.2,2.16400000,1764129599999,1137.77270000,96,0.33100000,175.48240000,0
2025-11-26 04:00:00,530.5,537.1,528.6,531.6,0.88300000,1764143999999,469.27770000,10,0.84100000,447.03590000,0
2025-11-26 08:00:00,530.9,532.5,530.9,532.5,0.07700000,1764158399999,40.90810000,3,0.01900000,10.11590000,0
2025-11-26 12:00:00,531.0,545.0,527.8,537.4,3.79600000,1764172799999,2037.84770000,26,1.98000000,1063.02430000,0
2025-11-26 16:00:00,539.3,546.7,534.7,543.6,1.29900000,1764187199999,700.66640000,19,0.78700000,424.97430000,0
2025-11-26 20:00:00,543.5,546.7,542.5,546.7,0.01300000,1764201599999,7.08290000,4,0.00700000,3.82590000,0
2025-11-27 00:00:00,546.4,546.4,540.3,540.3,2.22200000,1764215999999,1209.43540000,100,0.28000000,152.78880000,0
2025-11-27 04:00:00,540.4,549.7,540.4,549.7,0.95200000,1764230399999,516.68010000,10,0.58700000,317.95810000,0
2025-11-27 08:00:00,547.6,547.6,543.5,543.5,0.21100000,1764244799999,114.78540000,5,0.02600000,14.21960000,0
2025-11-27 12:00:00,540.3,540.3,534.0,534.4,1.16100000,1764259199999,621.42940000,9,0.00000000,0.00000000,0
2025-11-27 16:00:00,537.3,537.3,531.4,532.9,0.21600000,1764273599999,115.90610000,6,0.00600000,3.22380000,0
2025-11-27 20:00:00,534.3,538.1,531.2,531.2,3.17800000,1764287999999,1693.32420000,12,0.40500000,217.50600000,0
2025-11-28 00:00:00,533.2,543.5,530.9,540.3,3.53200000,1764302399999,1886.06380000,111,0.79700000,426.84310000,0
2025-11-28 04:00:00,537.1,537.1,530.7,533.9,1.14000000,1764316799999,608.69780000,7,0.71800000,383.01760000,0
2025-11-28 08:00:00,536.8,540.3,534.9,534.9,0.09100000,1764331199999,48.89530000,8,0.04300000,23.14970000,0
2025-11-28 12:00:00,533.9,542.3,532.9,542.3,2.52900000,1764345599999,1352.39440000,14,2.34300000,1252.52510000,0
2025-11-28 16:00:00,542.6,553.2,537.5,553.2,12.14700000,1764359999999,6666.00220000,38,11.85600000,6508.76570000,0
2025-11-28 20:00:00,551.0,551.4,545.6,547.6,2.48200000,1764374399999,1364.27140000,14,1.65800000,913.04440000,0
2025-11-29 00:00:00,544.2,548.8,533.9,534.2,3.85500000,1764388799999,2079.26250000,66,1.63900000,881.31970000,0
2025-11-29 04:00:00,535.1,535.8,530.7,531.0,1.26100000,1764403199999,669.67880000,11,0.03600000,19.27070000,0
2025-11-29 08:00:00,530.1,530.1,530.0,530.0,1.02000000,1764417599999,540.60200000,2,0.00000000,0.00000000,0
2025-11-29 12:00:00,527.6,527.6,527.5,527.5,0.44600000,1764431999999,235.30940000,3,0.00000000,0.00000000,0
2025-11-29 16:00:00,529.9,529.9,515.0,515.0,4.76600000,1764446399999,2469.99660000,13,0.03400000,17.75050000,0
2025-11-29 20:00:00,519.4,523.2,515.8,519.6,1.95600000,1764460799999,1021.81350000,13,1.91800000,1002.08010000,0
2025-11-30 00:00:00,523.2,525.8,512.8,523.4,3.05700000,1764475199999,1596.12910000,118,1.94700000,1018.55210000,0
2025-11-30 04:00:00,522.8,525.6,519.9,519.9,0.10000000,1764489599999,52.02720000,3,0.00500000,2.62800000,0
2025-11-30 08:00:00,524.1,540.3,522.6,537.1,2.03200000,1764503999999,1092.24330000,13,0.31800000,170.89190000,0
2025-11-30 12:00:00,540.3,564.6,540.3,552.8,2.84900000,1764518399999,1580.40410000,58,1.32500000,734.00330000,0
2025-11-30 16:00:00,556.2,559.5,553.8,553.8,2.51200000,1764532799999,1397.96440000,13,1.16200000,647.58340000,0
2025-11-30 20:00:00,553.2,553.6,540.6,540.6,4.62000000,1764547199999,2540.20460000,34,1.46800000,807.28990000,0
2025-12-01 00:00:00,540.3,543.5,518.6,521.0,5.81400000,1764561599999,3098.69900000,85,2.41200000,1296.45390000,0
2025-12-01 04:00:00,520.1,522.8,515.2,522.8,0.99800000,1764575999999,519.83860000,7,0.92200000,480.40900000,0
2025-12-01 08:00:00,522.2,528.2,515.3,521.4,3.47900000,1764590399999,1813.87010000,14,2.08300000,1086.79470000,0
2025-12-01 12:00:00,520.5,524.5,520.5,521.3,3.63500000,1764604799999,1897.15650000,11,1.68800000,881.47880000,0
2025-12-01 16:00:00,518.8,522.6,509.8,509.8,2.68200000,1764619199999,1378.09030000,9,0.59500000,307.63870000,0
2025-12-01 20:00:00,512.3,524.8,511.4,524.0,6.57400000,1764633599999,3428.83720000,19,3.91000000,2044.58000000,0
2025-12-02 00:00:00,513.8,532.6,513.8,524.4,3.18400000,1764647999999,1666.37080000,92,2.97900000,1559.11630000,0
2025-12-02 04:00:00,530.6,532.2,519.1,519.1,1.06400000,1764662399999,559.04320000,9,0.21900000,116.08620000,0
2025-12-02 08:00:00,526.5,529.0,523.6,528.7,1.02500000,1764676799999,539.87450000,9,0.89900000,473.45770000,0
2025-12-02 12:00:00,530.3,556.2,529.9,551.0,189.32400000,1764691199999,100769.85280000,108,11.36800000,6067.99200000,0
2025-12-02 16:00:00,551.0,556.0,540.6,553.1,247.43000000,1764705599999,136089.90700000,59,2.68100000,1481.67040000,0
2025-12-02 20:00:00,556.2,556.3,546.3,549.4,2.08600000,1764719999999,1149.42410000,29,0.68800000,381.66340000,0
2025-12-03 00:00:00,543.9,559.5,541.8,559.5,6.40800000,1764734399999,3521.15330000,111,3.32700000,1837.05350000,0
2025-12-03 04:00:00,558.8,596.0,558.8,585.2,58.23800000,1764748799999,34051.39630000,149,37.76500000,22000.17450000,0
2025-12-03 08:00:00,591.3,591.3,574.9,587.5,1.77300000,1764763199999,1029.57800000,24,0.51000000,298.09270000,0
2025-12-03 12:00:00,583.1,592.2,583.1,588.7,6.43600000,1764777599999,3786.11850000,53,2.93000000,1728.90960000,0
2025-12-03 16:00:00,591.3,601.0,589.2,600.5,3.34100000,1764791999999,1991.53840000,32,2.37300000,1414.17800000,0
2025-12-03 20:00:00,596.5,606.3,589.1,589.6,5.19600000,1764806399999,3112.28760000,49,1.67200000,1006.64360000,0
2025-12-04 00:00:00,592.0,597.4,588.3,591.5,4.31800000,1764820799999,2559.11530000,101,2.87400000,1707.48040000,0
2025-12-04 04:00:00,593.9,593.9,589.3,589.3,3.82900000,1764835199999,2262.95270000,47,0.07100000,42.09410000,0
2025-12-04 08:00:00,588.3,588.3,575.5,575.5,0.54700000,1764849599999,316.87630000,13,0.05300000,30.81850000,0
2025-12-04 12:00:00,578.6,585.1,578.0,585.1,2.78000000,1764863999999,1616.21100000,27,1.21500000,707.90730000,0
2025-12-04 16:00:00,584.1,584.1,563.5,563.5,1.13800000,1764878399999,656.21330000,14,0.01400000,8.12610000,0
2025-12-04 20:00:00,573.8,578.2,570.1,570.1,0.64600000,1764892799999,370.65600000,10,0.41900000,240.58050000,0
2025-12-05 00:00:00,575.3,581.9,573.2,581.4,2.27100000,1764907199999,1314.61020000,92,1.46100000,846.25910000,0
2025-12-05 04:00:00,576.3,577.3,565.4,565.4,0.86400000,1764921599999,496.76790000,10,0.04500000,25.95510000,0
2025-12-05 08:00:00,578.5,578.5,567.6,571.5,0.10100000,1764935999999,57.88790000,4,0.04700000,27.10550000,0
2025-12-05 12:00:00,574.5,581.9,571.0,575.5,8.04900000,1764950399999,4647.07190000,40,3.73400000,2157.75470000,0
2025-12-05 16:00:00,576.1,577.1,556.7,577.1,9.88400000,1764964799999,5587.77210000,29,3.13600000,1782.02110000,0
2025-12-05 20:00:00,571.0,571.6,560.7,567.1,1.43100000,1764979199999,805.94340000,13,0.05100000,28.96020000,0
2025-12-06 00:00:00,556.7,574.3,556.6,568.5,4.86300000,1764993599999,2712.32470000,90,0.43900000,249.32370000,0
2025-12-06 04:00:00,574.3,579.3,561.8,561.8,2.80300000,1765007999999,1603.54300000,10,2.11700000,1218.01120000,0
2025-12-06 08:00:00,571.2,594.7,571.2,588.8,26.28400000,1765022399999,15226.19570000,63,5.44300000,3184.13470000,0
2025-12-06 12:00:00,594.7,594.7,585.1,585.6,14.10100000,1765036799999,8307.46350000,31,1.86300000,1100.18460000,0
2025-12-06 16:00:00,587.7,591.3,582.6,591.3,2.80400000,1765051199999,1643.84060000,11,0.83600000,491.65060000,0
2025-12-06 20:00:00,591.5,591.5,584.3,584.3,0.49700000,1765065599999,291.13510000,9,0.08200000,48.23870000,0
2025-12-07 00:00:00,584.3,588.6,579.9,587.6,13.00300000,1765079999999,7596.71460000,100,11.75600000,6870.29000000,0
2025-12-07 04:00:00,589.9,594.8,589.5,591.4,1.94000000,1765094399999,1146.58500000,10,1.85200000,1094.68240000,0
2025-12-07 08:00:00,592.7,594.0,575.8,576.6,2.14200000,1765108799999,1255.31510000,9,0.45900000,272.08770000,0
2025-12-07 12:00:00,582.1,584.6,574.3,579.3,1.31100000,1765123199999,757.75770000,9,0.84900000,491.99390000,0
2025-12-07 16:00:00,581.5,605.7,576.5,596.2,27.44300000,1765137599999,16457.15300000,73,25.32000000,15190.83370000,0
2025-12-07 20:00:00,596.7,596.7,584.0,596.1,2.11900000,1765151999999,1256.61110000,12,1.02400000,606.98830000,0
2025-12-08 00:00:00,600.1,604.1,585.7,599.2,3.23300000,1765166399999,1936.89220000,44,2.50400000,1505.37650000,0
2025-12-08 04:00:00,595.8,601.4,595.8,600.5,3.11300000,1765180799999,1869.53020000,9,1.05300000,632.29210000,0
2025-12-08 08:00:00,598.3,598.3,594.4,594.4,0.06800000,1765195199999,40.57930000,5,0.01000000,5.96600000,0
2025-12-08 12:00:00,598.6,600.7,585.4,590.3,21.08400000,1765209599999,12508.76740000,12,10.39400000,6221.73290000,0
2025-12-08 16:00:00,597.1,597.1,578.8,578.8,11.70300000,1765223999999,6860.43430000,31,0.31900000,187.01190000,0
2025-12-08 20:00:00,584.5,586.3,575.1,585.8,1.14000000,1765238399999,667.44560000,7,1.11600000,653.63480000,0
2025-12-09 00:00:00,578.2,586.9,574.9,578.1,3.07000000,1765252799999,1786.09320000,76,2.07200000,1211.84190000,0
2025-12-09 04:00:00,575.1,577.7,570.4,574.8,0.78600000,1765267199999,451.22210000,11,0.15700000,89.99500000,0
2025-12-09 08:00:00,572.0,573.6,570.3,570.3,0.85600000,1765281599999,489.45000000,7,0.72700000,415.88130000,0
2025-12-09 12:00:00,581.1,588.1,573.7,588.1,2.83500000,1765295999999,1650.53420000,23,2.34100000,1364.97960000,0
2025-12-09 16:00:00,588.8,592.5,575.0,583.4,3.69000000,1765310399999,2146.59010000,19,1.34200000,786.83830000,0
2025-12-09 20:00:00,590.1,590.1,576.4,585.9,7.37900000,1765324799999,4283.11510000,10,7.29700000,4235.81580000,0
2025-12-10 00:00:00,588.0,593.7,560.4,562.4,3.88100000,1765339199999,2231.09280000,75,1.86900000,1087.91670000,0
2025-12-10 04:00:00,565.5,571.1,561.7,565.6,3.25500000,1765353599999,1839.57110000,13,3.24400000,1833.35910000,0
2025-12-10 08:00:00,568.2,570.8,561.7,569.3,1.51400000,1765367999999,856.14960000,9,0.83400000,474.02840000,0
2025-12-10 12:00:00,570.8,575.3,568.2,568.2,0.13900000,1765382399999,79.38150000,5,0.13900000,79.38150000,0
2025-12-10 16:00:00,566.1,576.0,566.1,576.0,5.53000000,1765396799999,3135.32050000,7,5.52600000,3133.05570000,0
2025-12-10 20:00:00,577.2,580.4,560.1,569.2,0.99100000,1765411199999,560.62150000,7,0.27400000,158.74380000,0
2025-12-11 00:00:00,572.5,582.3,548.3,554.2,7.05200000,1765425599999,3932.19070000,119,3.46800000,1938.90640000,0
2025-12-11 04:00:00,556.6,563.1,551.0,551.0,1.59900000,1765439999999,893.87530000,10,1.59000000,888.91630000,0
2025-12-11 08:00:00,551.6,560.5,551.6,560.5,0.03800000,1765454399999,20.99640000,2,0.00400000,2.24200000,0
2025-12-11 12:00:00,563.2,564.2,552.0,552.0,0.17100000,1765468799999,96.24660000,4,0.16400000,92.38260000,0
2025-12-11 16:00:00,563.8,563.8,551.3,556.4,0.95600000,1765483199999,530.16080000,11,0.27900000,156.28260000,0
2025-12-11 20:00:00,564.5,573.4,564.5,567.8,2.66500000,1765497599999,1518.06270000,13,2.65600000,1512.95250000,0
2025-12-12 00:00:00,575.9,583.6,562.4,583.6,1.50400000,1765511999999,856.59230000,82,0.76200000,437.75900000,0
2025-12-12 04:00:00,579.0,586.5,572.2,573.7,6.56400000,1765526399999,3802.28920000,11,0.75600000,440.34600000,0
2025-12-12 08:00:00,576.6,612.0,576.6,582.0,12.53400000,1765540799999,7435.76510000,107,7.82800000,4689.55170000,0
2025-12-12 12:00:00,586.6,587.4,576.8,577.2,8.12500000,1765555199999,4696.84290000,23,1.48400000,862.79300000,0
2025-12-12 16:00:00,581.8,587.3,572.7,577.6,3.94000000,1765569599999,2264.69240000,19,0.30300000,176.05080000,0
2025-12-12 20:00:00,573.7,582.5,572.1,574.5,2.03300000,1765583999999,1169.47080000,12,0.46900000,272.02080000,0
2025-12-13 00:00:00,589.8,594.1,576.6,581.5,12.60200000,1765598399999,7333.28300000,68,1.11900000,655.81450000,0
2025-12-13 04:00:00,581.5,585.4,572.1,574.7,36.91200000,1765612799999,21252.09100000,16,5.24400000,3034.55970000,0
2025-12-13 08:00:00,571.9,572.4,571.9,572.0,8.58600000,1765627199999,4910.38010000,3,0.00000000,0.00000000,0
2025-12-13 12:00:00,577.5,590.2,572.2,572.9,1.52600000,1765641599999,878.53580000,18,0.60800000,352.81270000,0
2025-12-13 16:00:00,577.9,577.9,570.0,570.0,2.78200000,1765655999999,1589.42210000,10,0.37100000,212.58590000,0
2025-12-13 20:00:00,575.6,581.0,568.9,580.8,17.79400000,1765670399999,10193.95660000,23,1.53900000,890.47750000,0
2025-12-14 00:00:00,580.8,590.6,576.0,584.2,1.14200000,1765684799999,666.31130000,50,1.09300000,638.08730000,0
2025-12-14 04:00:00,570.9,578.1,570.9,573.0,32.64700000,1765699199999,18763.59130000,22,0.00000000,0.00000000,0
2025-12-14 08:00:00,570.4,576.2,570.4,576.2,0.10300000,1765713599999,58.81980000,3,0.00900000,5.18580000,0
2025-12-14 12:00:00,576.2,576.2,568.4,569.4,1.40300000,1765727999999,800.36010000,6,0.01300000,7.40220000,0
2025-12-14 16:00:00,571.3,572.9,560.2,561.8,0.83400000,1765742399999,470.68270000,10,0.32200000,181.76820000,0
2025-12-14 20:00:00,559.7,564.6,557.3,557.3,15.82700000,1765756799999,8867.79940000,9,7.50500000,4222.10400000,0
2025-12-15 00:00:00,559.7,571.1,556.1,563.8,13.76700000,1765771199999,7767.09080000,88,13.30900000,7510.72620000,0
2025-12-15 04:00:00,563.4,575.2,561.0,566.7,0.71200000,1765785599999,402.24880000,8,0.13300000,75.60610000,0
2025-12-15 08:00:00,564.5,571.4,559.0,559.0,1.36600000,1765799999999,770.79270000,4,0.00800000,4.57120000,0
2025-12-15 12:00:00,559.0,573.0,536.9,541.2,38.53400000,1765814399999,20889.73370000,45,27.12900000,14624.16370000,0
2025-12-15 16:00:00,545.6,545.6,521.0,529.9,67.57600000,1765828799999,35450.51620000,46,20.08400000,10622.42830000,0
2025-12-15 20:00:00,528.6,537.2,528.6,537.2,1.41000000,1765843199999,751.84970000,10,1.36400000,727.22130000,0
2025-12-16 00:00:00,539.4,540.6,521.9,538.3,0.38600000,1765857599999,206.81690000,37,0.32000000,171.91200000,0
2025-12-16 04:00:00,538.8,538.8,521.7,521.7,20.55400000,1765871999999,10935.23580000,35,13.40400000,7128.80130000,0
2025-12-16 08:00:00,536.5,543.9,536.5,543.9,0.53500000,1765886399999,288.39450000,5,0.53500000,288.39450000,0
2025-12-16 12:00:00,546.2,553.0,525.3,553.0,0.43800000,1765900799999,236.34650000,11,0.16500000,90.68590000,0
2025-12-16 16:00:00,555.4,555.5,541.7,554.1,2.74500000,1765915199999,1488.64410000,7,0.14800000,81.80120000,0
2025-12-16 20:00:00,555.7,555.7,536.5,536.5,0.02500000,1765929599999,13.63170000,3,0.01300000,7.19370000,0
2025-12-17 00:00:00,546.1,551.2,534.4,540.3,1.50400000,1765943999999,818.44800000,59,0.05100000,28.11120000,0
2025-12-17 04:00:00,535.5,555.2,535.5,555.2,12.12500000,1765958399999,6617.24140000,10,0.26400000,146.12690000,0
2025-12-17 08:00:00,547.5,548.5,543.6,548.5,14.34100000,1765972799999,7851.76870000,12,10.07100000,5513.87250000,0
2025-12-17 12:00:00,548.7,562.7,548.7,562.7,5.91700000,1765987199999,3298.89830000,11,5.73800000,3200.68100000,0
2025-12-17 16:00:00,567.9,567.9,543.9,543.9,3.11400000,1766001599999,1718.92890000,20,1.29300000,721.01940000,0
2025-12-17 20:00:00,542.4,552.1,542.4,542.9,0.10200000,1766015999999,55.62920000,5,0.04700000,25.78070000,0
2025-12-18 00:00:00,547.2,553.0,542.4,544.5,10.40800000,1766030399999,5715.88100000,93,4.92000000,2720.16300000,0
2025-12-18 04:00:00,545.8,559.3,528.9,528.9,13.82100000,1766044799999,7566.97210000,73,6.79500000,3717.29220000,0
2025-12-18 08:00:00,533.7,539.2,529.0,530.7,1.83500000,1766059199999,983.16110000,9,1.61100000,864.31670000,0
2025-12-18 12:00:00,538.5,576.1,538.5,564.2,3.20500000,1766073599999,1798.98580000,37,2.54800000,1428.27100000,0
2025-12-18 16:00:00,574.8,583.0,556.4,580.1,7.50000000,1766087999999,4304.41370000,45,5.59100000,3221.94620000,0
2025-12-18 20:00:00,565.0,573.5,557.3,567.3,1.75200000,1766102399999,990.97890000,12,1.18000000,668.19730000,0
2025-12-19 00:00:00,561.8,595.6,558.3,580.9,9.30000000,1766116799999,5330.62270000,134,5.32300000,3073.60620000,0
2025-12-19 04:00:00,587.1,594.8,586.4,591.0,0.84400000,1766131199999,497.11890000,12,0.76600000,451.37970000,0
2025-12-19 08:00:00,581.0,595.0,581.0,591.4,5.38600000,1766145599999,3196.27690000,14,3.77300000,2244.53400000,0
2025-12-19 12:00:00,583.1,595.5,580.9,585.5,1.22200000,1766159999999,714.99980000,4,1.00700000,589.66850000,0
2025-12-19 16:00:00,597.2,625.9,593.5,625.9,17.14900000,1766174399999,10568.88940000,68,16.44100000,10138.82310000,0
2025-12-19 20:00:00,623.5,634.0,618.8,625.9,92.98200000,1766188799999,58174.82810000,106,17.71400000,11050.96920000,0
2025-12-20 00:00:00,625.9,631.9,601.2,601.2,142.24300000,1766203199999,88671.48580000,149,0.52100000,321.72990000,0
2025-12-20 04:00:00,599.1,612.4,596.8,596.8,3.97400000,1766217599999,2395.22980000,16,1.79800000,1090.34040000,0
2025-12-20 08:00:00,596.8,607.5,593.6,595.0,8.19400000,1766231999999,4885.89940000,20,4.03600000,2416.65450000,0
2025-12-20 12:00:00,591.3,605.6,590.7,605.6,10.49700000,1766246399999,6275.61050000,9,5.10000000,3087.33330000,0
2025-12-20 16:00:00,601.5,604.9,591.2,594.0,15.55300000,1766260799999,9230.67630000,13,5.19700000,3088.09180000,0
2025-12-20 20:00:00,602.1,604.7,591.1,591.1,5.06600000,1766275199999,3029.68120000,23,2.70200000,1622.82430000,0
2025-12-21 00:00:00,591.6,602.3,590.9,601.0,2.03800000,1766289599999,1213.78190000,103,1.01200000,606.47370000,0
2025-12-21 04:00:00,592.8,599.5,587.8,587.8,15.92100000,1766303999999,9402.47990000,13,9.50300000,5606.35960000,0
2025-12-21 08:00:00,595.3,595.3,582.5,583.2,11.07500000,1766318399999,6471.56160000,10,1.19500000,709.67230000,0
2025-12-21 12:00:00,581.9,581.9,576.5,576.5,11.54500000,1766332799999,6698.22420000,10,10.34200000,5999.94350000,0
2025-12-21 16:00:00,595.5,595.5,576.0,588.2,0.63100000,1766347199999,366.99760000,5,0.59700000,347.41360000,0
2025-12-21 20:00:00,599.5,600.8,578.6,578.6,0.19500000,1766361599999,116.42830000,3,0.17200000,103.12050000,0
2025-12-22 00:00:00,582.9,604.8,575.5,580.1,3.59900000,1766375999999,2107.44380000,94,1.63000000,962.73240000,0
2025-12-22 04:00:00,581.5,586.0,576.4,576.4,2.49500000,1766390399999,1448.67830000,11,0.01100000,6.43460000,0
2025-12-22 08:00:00,575.8,591.8,575.8,591.8,0.43800000,1766404799999,256.29680000,3,0.00000000,0.00000000,0
2025-12-22 12:00:00,593.1,593.1,593.1,593.1,0.36500000,1766419199999,216.48150000,1,0.36500000,216.48150000,0
2025-12-22 16:00:00,602.6,602.6,579.8,579.8,0.10100000,1766433599999,59.91040000,4,0.09500000,56.43160000,0
2025-12-22 20:00:00,601.9,601.9,584.3,594.8,0.34900000,1766447999999,208.15720000,6,0.21900000,131.27420000,0
2025-12-23 00:00:00,582.9,603.9,582.5,595.4,1.13600000,1766462399999,670.25840000,84,0.39300000,235.06630000,0
2025-12-23 04:00:00,589.6,589.6,579.5,582.8,2.26900000,1766476799999,1323.36430000,12,0.00800000,4.66240000,0
2025-12-23 08:00:00,575.7,590.5,575.1,575.1,0.25200000,1766491199999,145.32080000,3,0.00000000,0.00000000,0
2025-12-23 12:00:00,575.7,575.7,570.9,570.9,4.41900000,1766505599999,2541.05770000,19,0.11200000,64.41120000,0
2025-12-23 16:00:00,583.7,592.6,570.9,591.2,8.67100000,1766519999999,4989.75360000,17,6.77300000,3898.67910000,0
2025-12-23 20:00:00,586.7,591.7,570.9,580.0,24.25400000,1766534399999,13985.96000000,74,9.54900000,5489.08510000,0
2025-12-24 00:00:00,577.5,593.7,569.9,569.9,7.28700000,1766548799999,4195.66090000,96,0.58500000,338.98220000,0
2025-12-24 04:00:00,605.2,605.2,568.4,578.9,0.49200000,1766563199999,281.85210000,8,0.16100000,93.71170000,0
2025-12-24 08:00:00,575.9,602.1,568.5,593.1,0.15100000,1766577599999,86.96100000,8,0.07000000,40.82720000,0
2025-12-24 12:00:00,583.8,587.9,566.1,566.1,0.78600000,1766591999999,450.66420000,7,0.21500000,125.84910000,0
2025-12-24 16:00:00,584.8,593.8,564.4,564.5,0.46000000,1766606399999,262.43620000,7,0.11000000,64.86180000,0
2025-12-24 20:00:00,563.9,568.4,562.5,568.4,0.23900000,1766620799999,135.36650000,8,0.00900000,5.10910000,0
2025-12-25 00:00:00,569.6,573.9,563.1,564.7,1.18900000,1766635199999,678.20180000,65,0.81800000,467.77080000,0
2025-12-25 04:00:00,565.5,574.0,562.6,574.0,0.96800000,1766649599999,548.62670000,8,0.17100000,97.93380000,0
2025-12-25 08:00:00,577.4,597.3,563.7,597.3,2.07900000,1766663999999,1207.44350000,10,1.93300000,1125.14330000,0
2025-12-25 12:00:00,574.1,574.1,570.9,570.9,0.07600000,1766678399999,43.50680000,2,0.00000000,0.00000000,0
2025-12-25 16:00:00,600.1,602.9,572.7,588.6,0.22400000,1766692799999,133.17450000,12,0.17500000,104.83800000,0
2025-12-25 20:00:00,600.5,600.5,585.6,592.3,0.04400000,1766707199999,26.12270000,5,0.03800000,22.60910000,0
2025-12-26 00:00:00,579.0,613.6,575.5,613.6,4.84800000,1766721599999,2883.38950000,48,2.30200000,1409.91760000,0
2025-12-26 04:00:00,603.3,610.3,598.3,602.9,0.18900000,1766735999999,115.02270000,12,0.16600000,101.21680000,0
2025-12-26 08:00:00,598.0,610.3,598.0,610.3,1.17500000,1766750399999,715.10880000,3,1.15200000,701.35480000,0
2025-12-26 12:00:00,599.1,600.3,599.1,600.3,0.38000000,1766764799999,228.11040000,2,0.00000000,0.00000000,0
2025-12-26 16:00:00,606.4,610.2,597.4,609.5,1.61100000,1766779199999,966.11470000,14,0.16500000,100.11470000,0
2025-12-26 20:00:00,604.7,608.2,594.8,597.3,0.66200000,1766793599999,394.95350000,17,0.27400000,163.44970000,0
2025-12-27 00:00:00,594.2,605.8,588.1,591.9,4.26900000,1766807999999,2531.84020000,47,1.81900000,1087.38570000,0
2025-12-27 04:00:00,605.1,605.1,594.9,595.4,0.20700000,1766822399999,123.69350000,5,0.05100000,30.84760000,0
2025-12-27 08:00:00,603.6,616.6,603.4,613.1,1.43300000,1766836799999,872.82040000,16,1.02600000,624.81430000,0
2025-12-27 12:00:00,610.2,627.1,610.2,619.3,5.60700000,1766851199999,3469.83250000,49,4.68700000,2907.55610000,0
2025-12-27 16:00:00,625.7,625.7,613.9,623.2,4.10200000,1766865599999,2537.08910000,24,0.43400000,270.57890000,0
2025-12-27 20:00:00,611.6,625.5,611.5,623.0,18.65700000,1766879999999,11525.64570000,34,2.86900000,1783.41910000,0
2025-12-28 00:00:00,612.3,624.9,612.0,612.6,1.23000000,1766894399999,758.91080000,30,0.38500000,239.73030000,0
2025-12-28 04:00:00,615.4,627.3,612.4,626.9,5.47400000,1766908799999,3407.17730000,18,3.57000000,2236.47960000,0
2025-12-28 08:00:00,625.7,625.7,616.8,618.3,0.39200000,1766923199999,242.77350000,12,0.07500000,46.70130000,0
2025-12-28 12:00:00,626.3,635.8,619.8,631.3,1.96600000,1766937599999,1235.48330000,25,1.52600000,961.99310000,0
2025-12-28 16:00:00,631.5,634.9,617.0,620.4,3.94500000,1766951999999,2478.90250000,26,2.20500000,1393.93120000,0
2025-12-28 20:00:00,624.1,636.8,617.2,636.8,1.28300000,1766966399999,796.34240000,12,0.24500000,154.87080000,0
2025-12-29 00:00:00,624.1,636.6,611.7,611.7,3.04100000,1766980799999,1891.53010000,48,1.31400000,822.21540000,0
2025-12-29 04:00:00,611.5,635.5,611.5,612.8,0.49700000,1766995199999,306.24640000,14,0.14300000,89.73670000,0
2025-12-29 08:00:00,624.6,624.6,601.4,601.4,0.66400000,1767009599999,402.25310000,8,0.00300000,1.87380000,0
2025-12-29 12:00:00,600.8,607.6,596.3,596.6,0.21500000,1767023999999,129.05030000,5,0.01800000,10.93680000,0
2025-12-29 16:00:00,606.4,607.3,594.6,596.0,11.02000000,1767038399999,6567.34290000,22,10.42200000,6208.05390000,0
2025-12-29 20:00:00,605.2,605.2,605.2,605.2,0.00500000,1767052799999,3.02600000,1,0.00500000,3.02600000,0
2025-12-30 00:00:00,602.5,607.0,593.2,605.7,0.72500000,1767067199999,437.24190000,78,0.68600000,414.01470000,0
2025-12-30 04:00:00,598.8,607.3,594.1,594.1,1.57000000,1767081599999,948.96050000,7,0.55700000,337.74250000,0
2025-12-30 08:00:00,593.4,604.6,593.4,604.6,0.26200000,1767095999999,157.26280000,2,0.16000000,96.73600000,0
2025-12-30 12:00:00,605.3,608.1,593.1,594.0,0.08300000,1767110399999,49.95580000,8,0.05700000,34.51390000,0
2025-12-30 16:00:00,608.1,608.1,594.7,606.9,0.97600000,1767124799999,582.19480000,10,0.18900000,114.16590000,0
2025-12-30 20:00:00,593.2,604.6,590.0,599.2,1.05700000,1767139199999,629.41420000,11,0.22100000,133.40900000,0
2025-12-31 00:00:00,589.6,606.2,589.3,594.4,0.76500000,1767153599999,452.03060000,61,0.01100000,6.66100000,0
2025-12-31 04:00:00,593.7,605.7,593.7,594.0,0.18900000,1767167999999,112.73340000,3,0.04100000,24.83370000,0
2025-12-31 08:00:00,603.3,607.8,592.1,607.8,0.07400000,1767182399999,44.42380000,4,0.03900000,23.69070000,0
2025-12-31 12:00:00,606.8,606.8,606.8,606.8,0.05900000,1767196799999,35.80120000,1,0.05900000,35.80120000,0
2025-12-31 16:00:00,606.3,606.3,590.0,590.5,0.80300000,1767211199999,475.45310000,6,0.10000000,60.61010000,0
2025-12-31 20:00:00,606.7,606.7,590.9,598.0,1.20200000,1767225599999,719.37010000,4,0.94400000,566.91790000,0
2026-01-01 00:00:00,590.1,608.0,589.4,592.1,0.64300000,1767239999999,385.19630000,43,0.42700000,257.42910000,0
2026-01-01 04:00:00,592.1,592.1,592.1,592.1,0.00000000,1767254399999,0.00000000,0,0.00000000,0.00000000,0
2026-01-01 08:00:00,594.4,603.1,594.4,603.1,0.00700000,1767268799999,4.18690000,2,0.00300000,1.80930000,0
2026-01-01 12:00:00,602.3,623.3,589.2,590.8,10.19800000,1767283199999,6102.49750000,58,6.79000000,4079.97380000,0
2026-01-01 16:00:00,597.0,605.4,589.2,602.2,8.19700000,1767297599999,4904.75960000,40,7.07300000,4242.41360000,0
2026-01-01 20:00:00,604.5,604.5,587.7,587.7,0.49300000,1767311999999,291.17320000,5,0.08200000,48.91660000,0
2026-01-02 00:00:00,592.8,605.2,584.0,594.1,3.38300000,1767326399999,1998.47450000,57,0.74400000,445.46810000,0
2026-01-02 04:00:00,599.4,599.4,598.0,598.0,0.22700000,1767340799999,135.86220000,2,0.22700000,135.86220000,0
2026-01-02 08:00:00,599.6,599.6,599.6,599.6,0.00400000,1767355199999,2.39840000,1,0.00400000,2.39840000,0
2026-01-02 12:00:00,584.8,584.8,584.1,584.1,0.09400000,1767369599999,54.93410000,2,0.00000000,0.00000000,0
2026-01-02 16:00:00,607.2,616.0,595.0,616.0,2.74700000,1767383999999,1673.01180000,18,2.15100000,1312.47050000,0
2026-01-02 20:00:00,616.5,630.2,603.5,612.2,8.74400000,1767398399999,5353.05720000,27,6.80900000,4173.04000000,0
2026-01-03 00:00:00,606.0,638.3,606.0,628.0,8.23800000,1767412799999,5169.24100000,71,6.78400000,4264.52350000,0
2026-01-03 04:00:00,625.3,634.8,623.6,631.1,4.12800000,1767427199999,2590.19010000,21,1.74000000,1098.12410000,0
2026-01-03 08:00:00,632.2,642.9,624.0,642.5,6.13700000,1767441599999,3918.08910000,30,3.58400000,2288.31680000,0
2026-01-03 12:00:00,635.7,650.0,633.0,633.0,5.96400000,1767455999999,3814.71560000,34,2.26000000,1455.65910000,0
2026-01-03 16:00:00,644.5,647.2,632.0,641.7,4.36400000,1767470399999,2771.21470000,15,0.72100000,461.80530000,0
2026-01-03 20:00:00,640.7,665.5,640.7,653.0,30.35800000,1767484799999,19915.11390000,88,25.91900000,17020.62780000,0
2026-01-04 00:00:00,661.5,661.8,642.3,655.7,12.65800000,1767499199999,8281.34450000,91,8.37300000,5510.98240000,0
2026-01-04 04:00:00,643.2,652.3,642.2,652.3,2.07800000,1767513599999,1336.15480000,8,0.00300000,1.95690000,0
2026-01-04 08:00:00,652.6,652.6,645.9,645.9,1.20300000,1767527999999,779.86040000,3,0.40900000,266.91340000,0
2026-01-04 12:00:00,648.1,648.1,635.9,635.9,4.14400000,1767542399999,2662.26320000,14,0.32000000,205.60000000,0
2026-01-04 16:00:00,648.1,649.7,635.6,649.3,8.78000000,1767556799999,5627.55070000,13,8.13200000,5215.15060000,0
2026-01-04 20:00:00,639.8,647.6,634.8,640.7,1.33400000,1767571199999,850.84060000,14,0.30200000,193.62720000,0
2026-01-05 00:00:00,641.2,658.9,637.2,637.2,7.82400000,1767585599999,5058.49150000,50,5.78100000,3737.38510000,0
2026-01-05 04:00:00,640.2,667.1,640.2,667.1,6.19300000,1767599999999,4108.37380000,31,3.60600000,2386.08490000,0
2026-01-05 08:00:00,665.8,667.9,657.4,657.4,4.26500000,1767614399999,2819.28840000,23,0.45600000,304.04660000,0
2026-01-05 12:00:00,657.4,657.4,643.7,655.9,9.90900000,1767628799999,6433.48710000,19,0.00000000,0.00000000,0
2026-01-05 16:00:00,653.5,655.2,651.0,655.2,0.50800000,1767643199999,331.03970000,3,0.50800000,331.03970000,0
2026-01-05 20:00:00,649.3,655.8,649.3,651.2,0.07200000,1767657599999,46.95820000,6,0.04600000,30.07640000,0
2026-01-06 00:00:00,641.1,656.2,638.1,652.3,1.92000000,1767671999999,1239.73590000,63,1.07500000,698.18140000,0
2026-01-06 04:00:00,647.8,655.6,641.2,645.8,0.94800000,1767686399999,613.20160000,8,0.01100000,7.20800000,0
2026-01-06 08:00:00,641.1,641.1,636.7,636.8,1.77600000,1767700799999,1136.74390000,8,0.00000000,0.00000000,0
2026-01-06 12:00:00,652.3,652.3,630.5,631.3,1.71000000,1767715199999,1086.38650000,18,0.27000000,173.07900000,0
2026-01-06 16:00:00,641.4,641.4,623.3,639.3,1.76700000,1767729599999,1104.35810000,8,0.15700000,100.26150000,0
2026-01-06 20:00:00,635.7,639.9,633.9,637.2,1.78600000,1767743999999,1137.27090000,8,1.78600000,1137.27090000,0
2026-01-07 00:00:00,638.7,645.1,628.6,642.2,2.49900000,1767758399999,1588.96270000,78,1.02000000,653.24370000,0
2026-01-07 04:00:00,627.9,627.9,626.7,626.7,0.04000000,1767772799999,25.08960000,3,0.00000000,0.00000000,0
2026-01-07 08:00:00,645.0,645.0,633.5,633.5,1.88900000,1767787199999,1206.02440000,11,1.49300000,955.15840000,0
2026-01-07 12:00:00,625.9,643.4,625.5,643.4,1.27200000,1767801599999,803.36410000,16,0.10100000,64.67280000,0
2026-01-07 16:00:00,639.8,649.4,625.3,639.1,2.38200000,1767815999999,1502.97310000,18,0.72800000,467.84940000,0
2026-01-07 20:00:00,633.8,641.9,626.2,636.6,0.17100000,1767830399999,108.47990000,5,0.10800000,69.02930000,0
2026-01-08 00:00:00,626.1,651.6,625.7,641.0,14.02700000,1767844799999,8956.45280000,111,13.75200000,8783.49470000,0
2026-01-08 04:00:00,638.4,648.3,633.0,633.0,4.49700000,1767859199999,2868.51890000,14,2.07600000,1329.45270000,0
2026-01-08 08:00:00,644.6,644.6,625.5,625.5,2.73900000,1767873599999,1738.57710000,16,1.27300000,813.69270000,0
2026-01-08 12:00:00,625.4,635.0,623.1,624.8,9.85400000,1767887999999,6184.96420000,16,7.59400000,4762.67950000,0
2026-01-08 16:00:00,638.3,641.0,625.4,628.2,1.25200000,1767902399999,795.93110000,12,0.88700000,565.62670000,0
2026-01-08 20:00:00,634.8,634.8,633.3,633.3,0.04800000,1767916799999,30.40590000,2,0.04800000,30.40590000,0
2026-01-09 00:00:00,633.8,643.3,629.0,635.6,1.38500000,1767931199999,878.39920000,53,0.24200000,154.17560000,0
2026-01-09 04:00:00,641.2,641.2,630.0,630.0,1.05400000,1767945599999,664.33680000,3,1.00600000,633.84720000,0
2026-01-09 08:00:00,625.4,640.8,625.4,640.8,0.11800000,1767959999999,74.26300000,3,0.05000000,31.73580000,0
2026-01-09 12:00:00,630.7,636.2,628.8,636.2,1.34800000,1767974399999,855.83850000,21,1.21300000,770.69400000,0
2026-01-09 16:00:00,641.6,641.6,632.1,639.7,1.31900000,1767988799999,837.51300000,9,0.08900000,57.02380000,0
2026-01-09 20:00:00,629.6,640.3,629.6,635.3,0.32900000,1768003199999,208.08680000,4,0.16200000,102.94360000,0
2026-01-10 00:00:00,628.7,642.8,619.5,630.7,0.97800000,1768017599999,617.20930000,63,0.21500000,138.00390000,0
2026-01-10 04:00:00,642.5,643.7,630.1,639.6,0.05100000,1768031999999,32.43140000,6,0.02400000,15.41210000,0
2026-01-10 08:00:00,633.3,641.2,633.3,635.8,0.96800000,1768046399999,620.46300000,9,0.94800000,607.76880000,0
2026-01-10 12:00:00,634.0,634.0,634.0,634.0,0.00800000,1768060799999,5.07200000,1,0.00000000,0.00000000,0
2026-01-10 16:00:00,641.3,646.3,635.0,646.3,0.56600000,1768075199999,364.06470000,9,0.51800000,333.37380000,0
2026-01-10 20:00:00,645.8,650.2,643.7,644.2,1.92700000,1768089599999,1245.88350000,16,1.89700000,1226.55330000,0
2026-01-11 00:00:00,643.5,649.4,641.7,644.4,3.34700000,1768103999999,2153.69570000,143,0.36700000,237.37750000,0
2026-01-11 04:00:00,646.1,667.6,645.2,652.7,4.34100000,1768118399999,2840.13420000,42,2.86800000,1875.64550000,0
2026-01-11 08:00:00,654.3,654.3,651.2,654.3,1.23700000,1768132799999,809.13970000,8,0.00000000,0.00000000,0
2026-01-11 12:00:00,649.8,654.8,648.4,654.8,1.20500000,1768147199999,782.19680000,4,0.01200000,7.85760000,0
2026-01-11 16:00:00,658.0,659.0,652.1,658.2,0.15900000,1768161599999,104.26060000,5,0.08500000,55.94920000,0
2026-01-11 20:00:00,656.5,657.5,642.8,657.5,0.42600000,1768175999999,276.45900000,6,0.13100000,86.08340000,0
2026-01-12 00:00:00,643.8,660.0,642.7,644.4,5.86100000,1768190399999,3795.87850000,80,1.25700000,822.06070000,0
2026-01-12 04:00:00,649.6,660.7,618.7,624.5,5.83500000,1768204799999,3771.96110000,26,4.76800000,3090.39780000,0
2026-01-12 08:00:00,628.9,629.7,618.7,622.6,1.56000000,1768219199999,973.12830000,13,0.95600000,599.31440000,0
2026-01-12 12:00:00,619.1,623.2,613.8,617.9,3.14600000,1768233599999,1944.83240000,12,0.07600000,46.94220000,0
2026-01-12 16:00:00,630.1,630.1,618.0,625.4,2.58400000,1768247999999,1598.78590000,9,0.08500000,53.18250000,0
2026-01-12 20:00:00,616.7,631.1,613.5,630.8,1.90400000,1768262399999,1179.03860000,7,0.33600000,212.00130000,0
2026-01-13 00:00:00,629.0,632.1,617.0,630.6,0.39400000,1768276799999,246.21590000,16,0.34800000,217.82630000,0
2026-01-13 04:00:00,611.9,628.1,605.1,605.1,2.54700000,1768291199999,1556.22250000,21,0.05100000,31.98890000,0
2026-01-13 08:00:00,611.0,611.0,611.0,611.0,0.02600000,1768305599999,15.88600000,1,0.00000000,0.00000000,0
2026-01-13 12:00:00,614.8,617.0,601.1,613.9,2.47200000,1768319999999,1509.85200000,14,0.22900000,141.23000000,0
2026-01-13 16:00:00,613.8,618.9,613.8,616.8,0.51000000,1768334399999,314.95040000,5,0.51000000,314.95040000,0
2026-01-13 20:00:00,617.8,627.3,613.0,614.6,2.83000000,1768348799999,1755.42840000,21,0.82300000,512.69700000,0
2026-01-14 00:00:00,606.9,626.9,601.6,616.6,1.05200000,1768363199999,646.03150000,61,0.62600000,388.92100000,0
2026-01-14 04:00:00,619.3,619.3,614.9,615.0,2.62500000,1768377599999,1614.81990000,13,2.42200000,1489.61290000,0
2026-01-14 08:00:00,603.6,615.9,601.0,601.0,1.91900000,1768391999999,1155.39810000,16,0.01700000,10.46520000,0
2026-01-14 12:00:00,612.8,612.8,592.3,605.7,1.31700000,1768406399999,790.58610000,22,0.80700000,486.71920000,0
2026-01-14 16:00:00,608.6,610.5,601.9,605.2,0.75600000,1768420799999,457.91020000,9,0.55000000,333.51290000,0
2026-01-14 20:00:00,608.9,608.9,600.8,600.8,0.85200000,1768435199999,512.07150000,5,0.00500000,3.04450000,0
2026-01-15 00:00:00,597.9,599.5,587.6,599.5,17.81800000,1768449599999,10606.65260000,118,10.07400000,6004.07660000,0
2026-01-15 04:00:00,606.5,624.0,606.5,612.9,4.78000000,1768463999999,2929.31560000,40,3.30200000,2023.55490000,0
2026-01-15 08:00:00,609.0,627.9,609.0,623.2,3.32000000,1768478399999,2071.37470000,8,3.20400000,2000.73070000,0
2026-01-15 12:00:00,620.4,622.1,598.7,598.7,4.02100000,1768492799999,2453.29770000,25,1.25000000,769.51080000,0
2026-01-15 16:00:00,607.9,607.9,578.0,586.1,23.14400000,1768507199999,13547.13620000,50,0.41800000,248.62880000,0
2026-01-15 20:00:00,585.5,592.3,577.3,592.3,0.02700000,1768521599999,15.73310000,3,0.01200000,7.07360000,0
2026-01-16 00:00:00,595.3,598.0,587.9,598.0,2.04900000,1768535999999,1219.18570000,86,1.95300000,1162.69300000,0
2026-01-16 04:00:00,597.4,599.3,597.4,599.3,2.20800000,1768550399999,1322.86790000,5,0.21400000,128.06280000,0
2026-01-16 08:00:00,593.7,600.0,593.7,600.0,0.08700000,1768564799999,51.90900000,3,0.01700000,10.20000000,0
2026-01-16 12:00:00,600.5,600.5,596.0,596.0,2.24600000,1768579199999,1348.10810000,4,2.20500000,1323.67210000,0
2026-01-16 16:00:00,601.5,610.2,597.7,599.8,2.06000000,1768593599999,1239.69820000,18,0.13700000,83.27340000,0
2026-01-16 20:00:00,604.1,607.9,593.0,604.9,2.45500000,1768607999999,1481.06020000,11,2.09700000,1268.30240000,0
2026-01-17 00:00:00,596.5,611.0,596.5,598.6,1.04200000,1768622399999,632.55080000,72,0.83600000,508.92670000,0
2026-01-17 04:00:00,594.5,603.9,588.0,592.4,3.16500000,1768636799999,1874.22780000,19,1.24400000,736.77640000,0
2026-01-17 08:00:00,594.0,594.0,594.0,594.0,0.02800000,1768651199999,16.63200000,1,0.00000000,0.00000000,0
2026-01-17 12:00:00,605.0,605.0,602.1,602.1,0.05700000,1768665599999,34.41540000,2,0.05700000,34.41540000,0
2026-01-17 16:00:00,602.8,604.9,590.0,598.1,3.39900000,1768679999999,2023.88360000,18,2.91100000,1734.73930000,0
2026-01-17 20:00:00,592.7,604.4,584.9,584.9,0.16100000,1768694399999,95.63550000,6,0.04400000,26.58190000,0
2026-01-18 00:00:00,601.6,605.5,590.1,593.2,1.17800000,1768708799999,708.11960000,81,1.12600000,677.30730000,0
2026-01-18 04:00:00,597.5,608.3,590.7,595.7,0.60600000,1768723199999,365.64060000,10,0.56200000,339.47360000,0
2026-01-18 08:00:00,594.1,594.1,594.1,594.1,0.03400000,1768737599999,20.19940000,1,0.00000000,0.00000000,0
2026-01-18 12:00:00,598.7,598.7,588.8,588.8,0.12100000,1768751999999,71.60990000,4,0.03000000,17.96100000,0
2026-01-18 16:00:00,602.3,603.5,590.5,603.2,1.33000000,1768766399999,788.56610000,8,0.10900000,65.73800000,0
2026-01-18 20:00:00,601.9,601.9,593.3,594.7,4.33500000,1768780799999,2585.47530000,19,0.81400000,489.61950000,0
2026-01-19 00:00:00,581.2,597.9,575.1,590.6,7.78300000,1768795199999,4531.51420000,67,3.10200000,1814.90080000,0
2026-01-19 04:00:00,590.6,593.6,578.8,590.0,0.53700000,1768809599999,312.05460000,5,0.04700000,27.86320000,0
2026-01-19 08:00:00,586.2,586.2,586.2,586.2,0.00900000,1768823999999,5.27580000,1,0.00000000,0.00000000,0
2026-01-19 12:00:00,596.1,596.2,584.5,596.2,1.17900000,1768838399999,689.49480000,4,0.02000000,11.92370000,0
2026-01-19 16:00:00,592.2,596.8,588.3,588.3,3.56500000,1768852799999,2110.05780000,8,1.86500000,1109.94780000,0
2026-01-19 20:00:00,589.8,589.8,581.4,582.6,3.14500000,1768867199999,1830.23520000,8,0.09100000,53.05260000,0
2026-01-20 00:00:00,592.9,596.7,579.1,579.9,1.24800000,1768881599999,733.98840000,50,0.74900000,444.93950000,0
2026-01-20 04:00:00,579.0,581.2,575.2,576.5,87.40400000,1768895999999,50420.53640000,80,39.92600000,23041.58590000,0
2026-01-20 08:00:00,576.5,579.9,574.5,574.5,273.83100000,1768910399999,158102.21000000,100,130.27200000,75352.02150000,0
2026-01-20 12:00:00,572.2,573.4,568.9,573.4,4.89200000,1768924799999,2787.56390000,11,0.33600000,191.41190000,0
2026-01-20 16:00:00,571.3,571.3,568.8,569.7,3.87900000,1768939199999,2207.70810000,13,0.61400000,349.94190000,0
2026-01-20 20:00:00,568.5,580.4,567.1,573.7,3.93600000,1768953599999,2252.23320000,22,2.71900000,1556.46150000,0
2026-01-21 00:00:00,573.3,590.1,567.3,589.8,11.18700000,1768967999999,6434.48000000,67,7.62400000,4388.25770000,0
2026-01-21 04:00:00,591.1,595.6,586.3,590.5,1.55200000,1768982399999,919.45660000,15,0.59500000,351.73380000,0
2026-01-21 08:00:00,588.0,597.0,588.0,596.9,1.34500000,1768996799999,798.87360000,8,0.85400000,507.60190000,0
2026-01-21 12:00:00,591.7,591.7,583.4,590.9,2.64400000,1769011199999,1553.57770000,14,0.88800000,520.98410000,0
2026-01-21 16:00:00,591.5,591.5,574.4,586.9,0.56600000,1769025599999,326.79210000,6,0.48100000,277.38560000,0
2026-01-21 20:00:00,588.0,593.7,585.4,585.4,2.39100000,1769039999999,1406.94410000,9,1.05600000,622.18540000,0
2026-01-22 00:00:00,585.1,599.1,579.3,592.9,14.56200000,1769054399999,8531.70910000,90,1.79800000,1058.03130000,0
2026-01-22 04:00:00,593.8,599.2,593.8,599.2,0.52700000,1769068799999,313.29530000,4,0.52700000,313.29530000,0
2026-01-22 08:00:00,595.6,598.3,595.1,596.2,1.72600000,1769083199999,1029.60710000,7,0.40400000,241.68140000,0
2026-01-22 12:00:00,594.9,596.0,592.2,595.3,2.57800000,1769097599999,1532.49330000,8,1.22000000,724.57650000,0
2026-01-22 16:00:00,595.3,603.1,592.7,603.1,13.50400000,1769111999999,8064.01350000,29,10.39400000,6209.15130000,0
2026-01-22 20:00:00,598.6,598.6,589.5,591.3,0.81600000,1769126399999,485.36070000,6,0.36900000,219.93700000,0
2026-01-23 00:00:00,595.8,599.7,590.7,598.3,0.82700000,1769140799999,493.53650000,78,0.03000000,17.94900000,0
2026-01-23 04:00:00,598.3,598.3,592.7,592.7,0.01300000,1769155199999,7.74590000,3,0.00800000,4.78240000,0
2026-01-23 08:00:00,593.6,595.8,592.1,595.8,0.64200000,1769169599999,381.08450000,5,0.09700000,57.67380000,0
2026-01-23 12:00:00,596.1,599.2,595.1,599.2,0.52600000,1769183999999,315.01020000,5,0.51900000,310.84450000,0
2026-01-23 16:00:00,596.5,597.1,592.2,592.2,10.16900000,1769198399999,6057.54160000,15,1.66600000,993.42000000,0
2026-01-23 20:00:00,589.1,597.4,588.0,597.4,7.07200000,1769212799999,4170.07540000,9,1.14100000,676.26730000,0
2026-01-24 00:00:00,588.3,595.9,588.2,590.3,1.52300000,1769227199999,902.10550000,98,0.07800000,46.44640000,0
2026-01-24 04:00:00,596.6,596.6,593.0,593.7,0.19400000,1769241599999,115.18660000,3,0.19000000,112.81460000,0
2026-01-24 08:00:00,596.2,598.4,592.2,598.4,0.26000000,1769255999999,154.41030000,8,0.07700000,45.95010000,0
2026-01-24 12:00:00,598.1,598.3,594.5,594.5,0.68500000,1769270399999,409.18480000,5,0.65500000,391.34980000,0
2026-01-24 16:00:00,598.2,598.2,595.4,596.7,0.11300000,1769284799999,67.40340000,3,0.11300000,67.40340000,0
2026-01-24 20:00:00,595.5,596.0,594.8,595.0,0.04700000,1769299199999,27.98600000,4,0.04700000,27.98600000,0
2026-01-25 00:00:00,593.7,595.2,589.8,593.1,1.74900000,1769313599999,1036.61670000,83,0.19900000,118.17420000,0
2026-01-25 04:00:00,591.5,591.7,591.5,591.7,0.04300000,1769327999999,25.44250000,2,0.00300000,1.77450000,0
2026-01-25 08:00:00,595.4,595.4,588.1,588.1,0.21600000,1769342399999,128.23810000,3,0.16300000,97.05020000,0
2026-01-25 12:00:00,590.8,590.8,577.7,577.7,1.23700000,1769356799999,727.91540000,6,1.12900000,665.17580000,0
2026-01-25 16:00:00,583.8,584.7,566.4,566.4,7.62600000,1769371199999,4383.37900000,26,0.34300000,197.27010000,0
2026-01-25 20:00:00,566.0,571.7,565.4,571.7,2.04000000,1769385599999,1158.91010000,15,0.94100000,536.97010000,0
2026-01-26 00:00:00,569.2,579.7,569.2,577.1,1.93800000,1769399999999,1113.69140000,82,0.69400000,400.80210000,0
2026-01-26 04:00:00,578.9,579.1,577.1,579.1,0.20300000,1769414399999,117.51170000,4,0.02800000,16.20920000,0
2026-01-26 08:00:00,576.4,576.4,576.4,576.4,0.01700000,1769428799999,9.79880000,1,0.00000000,0.00000000,0
2026-01-26 12:00:00,577.5,581.8,567.9,581.8,0.60200000,1769443199999,348.67260000,7,0.54000000,313.42570000,0
2026-01-26 16:00:00,579.0,603.7,571.2,577.9,9.27800000,1769457599999,5337.60140000,15,8.78900000,5055.29140000,0
2026-01-26 20:00:00,581.8,581.8,574.4,581.0,0.07400000,1769471999999,42.88110000,4,0.06100000,35.41390000,0
2026-01-27 00:00:00,589.8,597.0,573.1,591.3,5.01600000,1769486399999,2931.25290000,109,2.06900000,1215.03920000,0
2026-01-27 04:00:00,578.7,597.8,566.3,591.8,2.03700000,1769500799999,1198.34520000,10,0.71500000,423.34660000,0
2026-01-27 08:00:00,590.4,599.4,585.7,590.5,2.10200000,1769515199999,1237.21630000,9,1.08900000,643.17830000,0
2026-01-27 12:00:00,587.6,589.4,587.4,588.3,2.56500000,1769529599999,1507.96440000,9,1.30700000,768.58860000,0
2026-01-27 16:00:00,591.2,597.1,589.0,596.3,0.20100000,1769543999999,119.50550000,8,0.18300000,108.90350000,0
2026-01-27 20:00:00,597.8,602.0,594.2,598.4,12.73800000,1769558399999,7651.04420000,27,10.52400000,6326.19700000,0
2026-01-28 00:00:00,599.8,603.2,596.5,596.5,0.95600000,1769572799999,571.20810000,22,0.18600000,111.90310000,0
2026-01-28 04:00:00,596.0,598.8,594.7,598.8,0.06100000,1769587199999,36.34480000,4,0.03100000,18.48080000,0
2026-01-28 08:00:00,593.3,595.8,591.0,595.8,0.13700000,1769601599999,81.27050000,4,0.06500000,38.70950000,0
2026-01-28 12:00:00,595.8,595.8,595.8,595.8,0.00000000,1769615999999,0.00000000,0,0.00000000,0.00000000,0
2026-01-28 16:00:00,592.8,600.0,587.4,587.5,8.71400000,1769630399999,5165.49850000,24,5.91400000,3510.91210000,0
2026-01-28 20:00:00,600.8,600.8,594.6,594.6,0.01400000,1769644799999,8.36820000,3,0.01400000,8.36820000,0
2026-01-29 00:00:00,587.6,593.9,582.0,582.0,0.12000000,1769659199999,70.28500000,10,0.00200000,1.18780000,0
2026-01-29 04:00:00,580.7,584.2,574.3,584.2,0.06000000,1769673599999,34.76430000,4,0.05000000,29.02130000,0
2026-01-29 08:00:00,575.2,590.7,574.1,590.7,0.07500000,1769687999999,43.63510000,3,0.03400000,20.08380000,0
2026-01-29 12:00:00,577.1,580.5,549.8,549.8,6.96600000,1769702399999,3913.60600000,42,1.83300000,1032.47610000,0
2026-01-29 16:00:00,554.7,561.6,548.8,560.6,1.26800000,1769716799999,706.79930000,12,1.10700000,617.79370000,0
2026-01-29 20:00:00,561.8,561.8,549.3,557.6,1.05500000,1769731199999,587.90580000,9,0.82500000,460.53930000,0
2026-01-30 00:00:00,560.6,562.8,536.0,536.2,1.15700000,1769745599999,635.93050000,62,0.21500000,119.30500000,0
2026-01-30 04:00:00,546.4,551.9,542.4,551.9,1.58800000,1769759999999,865.54110000,6,0.86100000,470.12430000,0
2026-01-30 08:00:00,548.8,552.0,541.3,552.0,1.20700000,1769774399999,661.06840000,5,1.00900000,553.89100000,0
2026-01-30 12:00:00,549.2,557.0,543.2,552.8,8.34700000,1769788799999,4567.56470000,10,7.44200000,4068.17960000,0
2026-01-30 16:00:00,556.9,562.3,547.6,562.3,2.87200000,1769803199999,1591.33970000,18,1.68700000,940.06320000,0
2026-01-30 20:00:00,553.7,558.7,549.6,554.5,0.56300000,1769817599999,311.11100000,8,0.21400000,118.76920000,0
2026-01-31 00:00:00,552.3,559.4,546.6,546.6,0.36900000,1769831999999,203.64080000,34,0.03600000,20.13840000,0
2026-01-31 04:00:00,549.4,557.7,549.4,557.7,0.48200000,1769846399999,265.13450000,2,0.03900000,21.75030000,0
2026-01-31 08:00:00,539.3,548.6,533.6,535.5,1.60500000,1769860799999,859.80570000,15,0.18400000,100.00040000,0
2026-01-31 12:00:00,546.2,546.2,513.2,520.4,3.96000000,1769875199999,2066.59710000,34,2.21900000,1159.49100000,0
2026-01-31 16:00:00,522.5,524.0,465.9,486.0,16.19200000,1769889599999,8117.94550000,94,6.26900000,3213.37350000,0
2026-01-31 20:00:00,493.3,509.2,479.7,509.2,2.30100000,1769903999999,1126.97790000,17,1.03600000,517.38340000,0
2026-02-01 00:00:00,511.3,522.5,507.1,522.2,2.71800000,1769918399999,1400.82340000,55,1.36700000,707.52830000,0
2026-02-01 04:00:00,522.1,524.6,519.6,524.6,0.47000000,1769932799999,245.40020000,6,0.46400000,242.28260000,0
2026-02-01 08:00:00,529.8,535.8,523.3,535.8,2.51700000,1769947199999,1335.82080000,12,2.29500000,1218.84880000,0
2026-02-01 12:00:00,532.4,537.4,521.6,529.3,3.96400000,1769961599999,2099.94010000,32,1.28300000,676.05580000,0
2026-02-01 16:00:00,532.8,532.8,508.6,522.2,4.77200000,1769975999999,2500.13900000,24,1.76300000,931.51910000,0
2026-02-01 20:00:00,517.2,534.8,510.0,516.2,2.83700000,1769990399999,1467.56330000,19,1.47600000,766.23610000,0
2026-02-02 00:00:00,517.5,527.6,504.0,504.0,4.32800000,1770004799999,2237.35430000,141,0.91600000,471.42520000,0
2026-02-02 04:00:00,513.3,514.6,501.6,510.5,4.39800000,1770019199999,2242.23010000,22,2.14400000,1096.57660000,0
2026-02-02 08:00:00,513.1,534.3,511.3,526.4,2.24300000,1770033599999,1178.44130000,16,1.41300000,743.01650000,0
2026-02-02 12:00:00,529.4,543.1,526.9,543.1,2.75200000,1770047999999,1468.19740000,13,1.92700000,1032.80630000,0
2026-02-02 16:00:00,541.1,545.0,533.8,542.2,0.32800000,1770062399999,177.34430000,11,0.26000000,141.02350000,0
2026-02-02 20:00:00,535.7,541.8,535.7,541.8,0.91800000,1770076799999,491.80920000,5,0.00600000,3.25080000,0
2026-02-03 00:00:00,536.5,544.9,527.7,527.7,3.73700000,1770091199999,2008.39030000,32,1.22100000,663.66820000,0
2026-02-03 04:00:00,542.2,542.2,521.2,521.2,0.24100000,1770105599999,125.94520000,2,0.01600000,8.67520000,0
2026-02-03 08:00:00,512.6,523.3,512.6,523.3,0.11100000,1770119999999,57.61550000,2,0.00000000,0.00000000,0
2026-02-03 12:00:00,528.8,531.3,525.4,531.3,1.46100000,1770134399999,769.83500000,9,0.72900000,384.85770000,0
2026-02-03 16:00:00,539.0,539.0,511.0,526.5,1.59600000,1770148799999,837.04310000,12,1.38500000,726.80290000,0
2026-02-03 20:00:00,532.7,544.3,523.2,523.2,9.25400000,1770163199999,4959.18190000,20,6.78000000,3654.03860000,0
2026-02-04 00:00:00,524.1,540.0,524.1,536.8,2.53300000,1770177599999,1351.27020000,88,0.90400000,486.80660000,0
2026-02-04 04:00:00,517.3,540.9,517.3,540.9,0.50000000,1770191999999,259.07390000,4,0.00500000,2.70450000,0
2026-02-04 08:00:00,527.6,527.6,525.5,527.5,0.48200000,1770206399999,254.18930000,4,0.43100000,227.37350000,0
2026-02-04 12:00:00,534.8,534.8,532.4,532.4,0.17900000,1770220799999,95.53480000,2,0.17900000,95.53480000,0
2026-02-04 16:00:00,528.3,540.6,515.0,540.6,0.61900000,1770235199999,326.98810000,4,0.59100000,312.56810000,0
2026-02-04 20:00:00,538.3,538.3,522.3,529.4,2.05600000,1770249599999,1084.23400000,18,0.84500000,450.84350000,0
2026-02-05 00:00:00,536.6,542.4,520.1,534.8,4.99600000,1770263999999,2669.36970000,79,2.20300000,1185.35310000,0
2026-02-05 04:00:00,528.6,528.6,517.5,526.6,2.77900000,1770278399999,1455.17200000,13,1.30900000,687.41600000,0
2026-02-05 08:00:00,526.6,529.4,507.8,507.8,2.40400000,1770292799999,1260.69540000,17,1.21500000,640.48460000,0
2026-02-05 12:00:00,507.5,511.8,484.0,493.9,3.86300000,1770307199999,1906.55710000,36,1.78900000,886.75950000,0
2026-02-05 16:00:00,498.6,498.6,468.8,473.6,3.32800000,1770321599999,1615.59340000,36,1.66800000,815.79750000,0
2026-02-05 20:00:00,473.6,476.5,455.2,456.3,20.94300000,1770335999999,9730.73630000,62,5.61400000,2637.01670000,0
2026-02-06 00:00:00,455.3,463.3,426.1,450.0,26.32800000,1770350399999,11745.79130000,369,9.24100000,4178.71590000,0
2026-02-06 04:00:00,462.6,472.6,443.2,461.8,2.48800000,1770364799999,1156.05750000,15,1.24600000,580.17960000,0
2026-02-06 08:00:00,460.2,476.8,460.2,475.2,2.66500000,1770379199999,1257.58850000,13,2.04900000,968.15390000,0
2026-02-06 12:00:00,470.2,501.7,470.2,497.0,2.95800000,1770393599999,1443.78010000,18,1.86300000,912.61670000,0
2026-02-06 16:00:00,498.3,506.6,489.8,506.2,7.63500000,1770407999999,3835.92150000,16,7.07600000,3557.95950000,0
2026-02-06 20:00:00,498.8,542.6,494.2,538.6,7.29200000,1770422399999,3759.84210000,43,4.13600000,2175.66800000,0
2026-02-07 00:00:00,520.3,541.0,515.4,523.2,6.59100000,1770436799999,3465.73870000,104,2.26600000,1203.40210000,0
2026-02-07 04:00:00,526.6,536.7,526.6,528.5,0.81600000,1770451199999,430.31420000,5,0.23400000,123.83300000,0
2026-02-07 08:00:00,514.5,515.8,514.5,515.8,0.25900000,1770465599999,133.36600000,2,0.00000000,0.00000000,0
2026-02-07 12:00:00,513.2,534.6,513.2,534.6,0.04100000,1770479999999,21.61900000,2,0.02700000,14.43420000,0
2026-02-07 16:00:00,537.8,537.8,527.3,537.7,0.74700000,1770494399999,398.70800000,12,0.48300000,259.36740000,0
2026-02-07 20:00:00,525.6,543.1,525.6,526.4,2.95900000,1770508799999,1580.73440000,17,2.46400000,1319.92480000,0
2026-02-08 00:00:00,532.8,532.8,514.0,523.9,3.85900000,1770523199999,2019.12230000,27,0.98400000,518.89860000,0
2026-02-08 04:00:00,516.8,525.0,516.8,525.0,1.45300000,1770537599999,755.73560000,7,0.44600000,232.49640000,0
2026-02-08 08:00:00,525.9,531.3,522.8,522.8,2.70800000,1770551999999,1432.03010000,19,0.88300000,466.26790000,0
2026-02-08 12:00:00,518.3,539.5,518.3,535.4,2.38100000,1770566399999,1271.96770000,11,1.30400000,697.04460000,0
2026-02-08 16:00:00,536.2,538.7,525.8,535.8,0.57800000,1770580799999,306.04960000,12,0.21100000,112.97850000,0
2026-02-08 20:00:00,527.9,542.8,527.9,542.8,0.38500000,1770595199999,203.33090000,2,0.00600000,3.25680000,0
2026-02-09 00:00:00,517.5,532.4,517.2,532.4,2.21800000,1770609599999,1170.53400000,68,1.19900000,635.07790000,0
2026-02-09 04:00:00,523.3,528.5,523.3,524.8,2.22600000,1770623999999,1168.72960000,5,0.38800000,204.75080000,0
2026-02-09 08:00:00,520.1,529.0,510.8,519.0,16.27500000,1770638399999,8452.99400000,36,8.00100000,4153.01860000,0
2026-02-09 12:00:00,517.2,522.4,517.2,522.4,2.21300000,1770652799999,1152.64360000,7,2.21300000,1152.64360000,0
2026-02-09 16:00:00,531.7,535.0,515.2,534.8,1.59700000,1770667199999,841.05130000,19,0.22400000,119.55890000,0
2026-02-09 20:00:00,535.0,542.1,525.0,526.9,4.40400000,1770681599999,2348.14950000,23,1.68800000,903.81440000,0
2026-02-10 00:00:00,530.1,535.8,520.8,520.8,4.94800000,1770695999999,2614.09740000,110,1.13500000,603.14780000,0
2026-02-10 04:00:00,512.2,524.0,512.2,524.0,1.26000000,1770710399999,657.38800000,5,0.00000000,0.00000000,0
2026-02-10 08:00:00,524.0,530.6,524.0,530.4,0.94300000,1770724799999,499.75620000,6,0.85900000,455.71560000,0
2026-02-10 12:00:00,531.1,531.1,515.5,515.5,1.37900000,1770739199999,725.96770000,9,0.42400000,225.18640000,0
2026-02-10 16:00:00,523.7,525.4,514.3,525.4,0.12600000,1770753599999,66.00020000,5,0.10100000,53.05520000,0
2026-02-10 20:00:00,516.2,529.8,516.2,517.3,0.27100000,1770767999999,139.99490000,3,0.00600000,3.17880000,0
2026-02-11 00:00:00,519.1,529.6,515.2,526.1,1.66700000,1770782399999,873.42470000,89,0.39500000,207.45930000,0
2026-02-11 04:00:00,523.6,523.6,514.6,519.5,7.19600000,1770796799999,3737.45960000,10,1.11700000,580.21770000,0
2026-02-11 08:00:00,513.3,513.3,513.3,513.3,0.40900000,1770811199999,209.93970000,1,0.40900000,209.93970000,0
2026-02-11 12:00:00,513.7,525.3,508.2,508.5,1.77000000,1770825599999,912.77050000,22,1.41900000,733.29140000,0
2026-02-11 16:00:00,522.8,525.4,510.8,519.7,3.17100000,1770839999999,1650.47390000,22,1.29000000,676.34450000,0
2026-02-11 20:00:00,513.0,524.9,513.0,524.9,0.05400000,1770854399999,27.81200000,3,0.01000000,5.24000000,0
2026-02-12 00:00:00,509.8,524.9,509.8,515.0,5.91400000,1770868799999,3048.45930000,75,1.12100000,581.90690000,0
2026-02-12 04:00:00,512.8,520.2,503.8,512.2,2.54200000,1770883199999,1297.38900000,19,1.44300000,737.67990000,0
2026-02-12 08:00:00,512.2,517.4,510.0,517.4,0.59100000,1770897599999,304.65850000,9,0.47100000,243.32620000,0
2026-02-12 12:00:00,513.4,517.3,504.0,504.0,2.27300000,1770911999999,1159.20630000,22,0.23700000,121.63110000,0
2026-02-12 16:00:00,508.8,512.3,494.6,505.0,8.69300000,1770926399999,4368.05600000,49,7.15600000,3603.36000000,0
2026-02-12 20:00:00,504.3,506.6,498.4,506.4,1.25800000,1770940799999,633.42720000,10,1.20000000,604.46820000,0
2026-02-13 00:00:00,501.0,512.4,499.3,512.3,1.99600000,1770955199999,1000.29340000,81,0.10200000,52.00170000,0
2026-02-13 04:00:00,514.1,514.1,510.3,510.3,0.42700000,1770969599999,219.44470000,2,0.40700000,209.23870000,0
2026-02-13 08:00:00,514.4,530.5,514.4,530.5,0.95600000,1770983999999,497.47060000,9,0.80700000,420.51940000,0
2026-02-13 12:00:00,530.1,547.4,525.6,546.7,3.07600000,1770998399999,1642.09400000,21,2.20700000,1183.47670000,0
2026-02-13 16:00:00,546.6,559.6,536.4,556.8,20.40800000,1771012799999,11276.70720000,51,10.01300000,5543.52410000,0
2026-02-13 20:00:00,554.3,570.8,551.3,563.6,6.21300000,1771027199999,3479.75760000,41,3.51500000,1979.76280000,0
2026-02-14 00:00:00,570.5,570.5,560.0,563.2,3.33500000,1771041599999,1880.42900000,73,1.14500000,645.96160000,0
2026-02-14 04:00:00,570.7,570.7,561.1,564.7,2.20700000,1771055999999,1243.46440000,8,1.77400000,999.87050000,0
2026-02-14 08:00:00,567.8,575.9,561.7,567.4,1.97900000,1771070399999,1126.64930000,17,1.73800000,990.76860000,0
2026-02-14 12:00:00,565.7,567.3,558.9,563.6,0.88100000,1771084799999,494.47610000,12,0.06100000,34.54050000,0
2026-02-14 16:00:00,569.9,570.9,561.1,565.6,0.71700000,1771099199999,405.38850000,11,0.58700000,332.25370000,0
2026-02-14 20:00:00,571.0,571.1,560.7,568.1,1.04000000,1771113599999,587.82610000,9,0.17500000,99.54070000,0
2026-02-15 00:00:00,558.4,572.6,553.6,564.4,1.83300000,1771127999999,1035.99630000,40,0.85000000,484.57530000,0
2026-02-15 04:00:00,568.9,568.9,568.9,568.9,0.19400000,1771142399999,110.36660000,2,0.19400000,110.36660000,0
2026-02-15 08:00:00,558.4,569.6,557.6,559.9,2.17500000,1771156799999,1219.37240000,17,1.41900000,797.00790000,0
2026-02-15 12:00:00,561.3,575.4,553.3,575.4,2.39900000,1771171199999,1337.78270000,12,0.45400000,253.27820000,0
2026-02-15 16:00:00,562.9,567.6,549.1,553.0,3.59900000,1771185599999,1993.04830000,17,0.60200000,336.40360000,0
2026-02-15 20:00:00,565.2,565.2,552.4,552.4,0.56800000,1771199999999,315.74560000,4,0.18100000,101.96680000,0
2026-02-16 00:00:00,563.6,567.3,553.9,553.9,0.52100000,1771214399999,289.97780000,11,0.39800000,221.84810000,0
2026-02-16 04:00:00,566.0,568.6,554.6,554.6,4.11900000,1771228799999,2310.33430000,8,2.47000000,1390.53310000,0
2026-02-16 08:00:00,558.8,558.8,555.3,555.3,2.99800000,1771243199999,1670.22870000,9,0.88600000,494.36750000,0
2026-02-16 12:00:00,562.7,564.2,555.8,564.2,1.19900000,1771257599999,672.87010000,5,0.81400000,458.58630000,0
2026-02-16 16:00:00,566.7,575.1,557.7,571.4,2.08200000,1771271999999,1180.16430000,14,1.67500000,952.95140000,0
2026-02-16 20:00:00,573.8,582.3,569.3,569.8,3.36900000,1771286399999,1938.98890000,26,1.29200000,745.54850000,0
2026-02-17 00:00:00,579.8,579.8,566.4,566.4,4.18800000,1771300799999,2400.41590000,107,1.44800000,832.86920000,0
2026-02-17 04:00:00,564.7,572.0,559.6,559.6,0.34100000,1771315199999,192.49060000,12,0.05700000,32.52290000,0
2026-02-17 08:00:00,559.4,564.1,550.7,558.4,1.31200000,1771329599999,732.92800000,11,0.95900000,536.11770000,0
2026-02-17 12:00:00,557.3,557.3,552.5,553.4,0.85400000,1771343999999,472.49160000,10,0.00000000,0.00000000,0
2026-02-17 16:00:00,561.6,569.0,561.6,566.6,2.28200000,1771358399999,1291.40590000,9,1.87700000,1061.93290000,0
2026-02-17 20:00:00,564.7,573.6,557.0,573.6,1.57500000,1771372799999,895.32740000,14,0.24000000,137.49320000,0
2026-02-18 00:00:00,562.8,573.5,556.5,567.8,0.56900000,1771387199999,321.29060000,22,0.25900000,146.95610000,0
2026-02-18 04:00:00,569.4,569.4,569.4,569.4,0.44000000,1771401599999,250.53600000,1,0.44000000,250.53600000,0
2026-02-18 08:00:00,564.0,568.0,556.9,561.4,0.46200000,1771415999999,260.56140000,6,0.43200000,243.76630000,0
2026-02-18 12:00:00,558.3,561.8,558.2,561.8,1.72500000,1771430399999,964.38340000,4,0.40200000,225.84360000,0
2026-02-18 16:00:00,567.3,567.7,553.8,553.8,1.61400000,1771444799999,902.95850000,13,0.56000000,314.13650000,0
2026-02-18 20:00:00,553.8,564.9,553.6,562.6,9.18100000,1771459199999,5166.67670000,34,9.18100000,5166.67670000,0
2026-02-19 00:00:00,555.2,567.2,552.5,557.5,1.88600000,1771473599999,1054.60590000,53,1.47600000,826.61060000,0
2026-02-19 04:00:00,558.3,562.6,557.3,562.6,2.39300000,1771487999999,1340.78750000,9,0.64700000,363.29050000,0
2026-02-19 08:00:00,552.2,552.2,545.0,545.0,0.54800000,1771502399999,301.87600000,10,0.00000000,0.00000000,0
2026-02-19 12:00:00,542.3,550.9,540.0,545.7,2.60500000,1771516799999,1420.42810000,10,1.46900000,805.61060000,0
2026-02-19 16:00:00,548.9,563.7,548.3,562.8,1.18400000,1771531199999,656.93990000,7,0.66000000,366.78870000,0
2026-02-19 20:00:00,557.2,563.3,552.7,552.7,1.44800000,1771545599999,806.80570000,11,0.05900000,32.87290000,0
2026-02-20 00:00:00,559.1,563.6,556.9,561.4,1.14000000,1771559999999,638.93490000,85,0.64500000,362.39380000,0
2026-02-20 04:00:00,557.8,564.2,550.3,561.1,1.62900000,1771574399999,911.62640000,9,1.00500000,564.93150000,0
2026-02-20 08:00:00,556.7,561.1,551.9,561.1,1.41000000,1771588799999,780.93340000,6,0.00600000,3.36660000,0
2026-02-20 12:00:00,550.1,560.9,543.4,549.3,3.61200000,1771603199999,1989.48790000,18,2.77300000,1528.05910000,0
2026-02-20 16:00:00,559.4,568.6,555.2,559.9,6.95500000,1771617599999,3885.52590000,22,1.59600000,897.59780000,0
2026-02-20 20:00:00,560.4,568.9,553.7,564.8,2.89700000,1771631999999,1630.94030000,22,1.57000000,887.37360000,0
2026-02-21 00:00:00,558.4,569.4,557.5,566.9,0.84000000,1771646399999,475.55990000,26,0.75500000,428.04870000,0
2026-02-21 04:00:00,566.4,566.4,566.4,566.4,0.16900000,1771660799999,95.72160000,1,0.16900000,95.72160000,0
2026-02-21 08:00:00,569.0,570.5,562.6,568.4,2.21700000,1771675199999,1257.62010000,11,1.22200000,695.03750000,0
2026-02-21 12:00:00,567.2,576.6,567.2,573.6,1.36000000,1771689599999,776.52530000,9,1.26900000,724.37250000,0
2026-02-21 16:00:00,576.8,576.8,565.2,576.2,2.67500000,1771703999999,1523.21990000,18,0.65800000,376.75990000,0
2026-02-21 20:00:00,562.6,576.5,562.6,564.7,2.59400000,1771718399999,1467.71040000,20,0.42500000,244.39510000,0
2026-02-22 00:00:00,561.7,574.6,559.0,565.1,3.51300000,1771732799999,1983.63530000,110,1.70300000,963.75950000,0
2026-02-22 04:00:00,567.5,585.1,564.4,580.7,3.51700000,1771747199999,2022.23850000,24,3.08600000,1773.72860000,0
2026-02-22 08:00:00,577.9,579.6,570.5,575.4,4.17500000,1771761599999,2402.45190000,23,1.03400000,594.64870000,0
2026-02-22 12:00:00,574.2,579.0,568.0,568.0,2.74600000,1771775999999,1567.25520000,14,0.97400000,557.25740000,0
2026-02-22 16:00:00,572.6,572.6,568.4,569.4,1.57600000,1771790399999,898.28850000,7,0.58800000,336.25510000,0
2026-02-22 20:00:00,569.1,575.8,569.1,575.8,0.44800000,1771804799999,255.00590000,3,0.44800000,255.00590000,0
2026-02-23 00:00:00,568.8,579.7,535.8,543.4,4.68500000,1771819199999,2581.05290000,101,1.62200000,884.28750000,0
2026-02-23 04:00:00,544.6,548.9,536.7,548.9,2.88200000,1771833599999,1554.70440000,10,0.96200000,520.23910000,0
2026-02-23 08:00:00,537.9,545.5,537.9,541.5,3.50800000,1771847999999,1904.72010000,12,1.44900000,789.73200000,0
2026-02-23 12:00:00,537.0,544.1,531.5,536.0,15.15600000,1771862399999,8111.22970000,27,4.54500000,2424.81960000,0
2026-02-23 16:00:00,543.0,543.0,510.5,510.5,23.64800000,1771876799999,12537.29040000,28,11.88600000,6295.49490000,0
2026-02-23 20:00:00,506.3,506.3,488.7,493.6,26.14300000,1771891199999,13081.09600000,58,12.99500000,6523.79930000,0
2026-02-24 00:00:00,497.9,502.1,483.9,484.3,33.12200000,1771905599999,16330.18120000,94,19.38300000,9571.88000000,0
2026-02-24 04:00:00,483.7,490.7,481.3,481.6,1.48200000,1771919999999,720.42810000,16,0.74900000,367.15510000,0
2026-02-24 08:00:00,481.0,486.9,478.8,482.2,2.12700000,1771934399999,1026.76010000,10,1.00500000,486.13460000,0
2026-02-24 12:00:00,475.7,480.5,471.3,476.8,5.61600000,1771948799999,2681.17880000,28,3.02300000,1443.35760000,0
2026-02-24 16:00:00,476.7,492.7,474.4,492.7,11.24000000,1771963199999,5431.10730000,47,6.51100000,3134.80610000,0
2026-02-24 20:00:00,480.5,494.6,480.5,494.6,0.49200000,1771977599999,240.59380000,10,0.31200000,153.97160000,0
2026-02-25 00:00:00,493.7,509.6,484.5,498.8,6.79300000,1771991999999,3368.83930000,58,3.33200000,1647.16660000,0
2026-02-25 04:00:00,500.5,505.3,483.3,491.0,2.10400000,1772006399999,1039.82360000,15,0.48500000,239.63490000,0
2026-02-25 08:00:00,488.5,492.1,488.5,489.5,0.67800000,1772020799999,332.83760000,4,0.47100000,231.40230000,0
2026-02-25 12:00:00,491.9,519.8,491.9,518.3,12.85300000,1772035199999,6546.90720000,45,6.96300000,3542.89230000,0
2026-02-25 16:00:00,518.5,519.7,509.1,509.5,1.42300000,1772049599999,730.69070000,12,0.13600000,70.47500000,0
2026-02-25 20:00:00,512.7,515.3,491.4,491.7,10.46300000,1772063999999,5245.45350000,43,3.39100000,1709.94050000,0
2026-02-26 00:00:00,494.7,500.9,491.9,500.9,8.12000000,1772078399999,4030.13050000,66,5.78000000,2870.71730000,0
2026-02-26 04:00:00,502.3,510.3,502.3,510.3,1.00100000,1772092799999,503.58630000,7,0.09800000,50.00940000,0
2026-02-26 08:00:00,506.5,506.5,497.0,500.5,1.11300000,1772107199999,556.33560000,5,1.02200000,511.09100000,0
2026-02-26 12:00:00,499.4,502.8,488.8,488.8,2.66400000,1772121599999,1312.73720000,13,0.97300000,477.61980000,0
2026-02-26 16:00:00,494.0,502.4,479.7,484.1,1.18700000,1772135999999,570.85550000,18,0.17900000,86.83830000,0
2026-02-26 20:00:00,483.4,483.4,476.2,480.0,8.22500000,1772150399999,3948.04180000,21,0.01600000,7.73090000,0
2026-02-27 00:00:00,483.6,484.1,475.8,483.3,8.81200000,1772164799999,4228.60590000,65,8.78300000,4214.80770000,0
2026-02-27 04:00:00,483.8,489.0,480.2,480.2,2.28000000,1772179199999,1104.82880000,13,1.16500000,565.83460000,0
2026-02-27 08:00:00,483.1,483.2,471.8,471.8,4.99000000,1772193599999,2378.32510000,19,0.20600000,99.53920000,0
2026-02-27 12:00:00,474.6,474.6,465.3,465.3,2.25400000,1772207999999,1060.29760000,17,1.02500000,482.32810000,0
2026-02-27 16:00:00,469.6,469.6,460.0,468.4,4.36800000,1772222399999,2032.76860000,19,1.14100000,531.74130000,0
2026-02-27 20:00:00,465.6,467.6,454.0,459.0,12.13600000,1772236799999,5583.68710000,24,2.75900000,1279.95720000,0
2026-02-28 00:00:00,465.7,466.4,460.6,461.1,13.18800000,1772251199999,6089.47880000,96,11.92800000,5505.38830000,0
2026-02-28 04:00:00,460.6,460.6,441.2,441.2,9.10100000,1772265599999,4115.08120000,39,4.59800000,2064.79850000,0
2026-02-28 08:00:00,445.8,445.8,440.8,444.3,3.14500000,1772279999999,1397.22810000,15,1.48000000,658.20700000,0
2026-02-28 12:00:00,444.3,450.7,444.3,447.7,9.52500000,1772294399999,4272.81260000,24,6.49500000,2920.27270000,0
2026-02-28 16:00:00,449.2,449.9,442.9,449.9,5.32300000,1772308799999,2382.41340000,20,3.68200000,1653.31560000,0
2026-02-28 20:00:00,450.0,466.5,449.7,459.5,151.02100000,1772323199999,69466.28880000,71,145.93000000,67126.56960000,0
2026-03-01 00:00:00,467.5,467.8,453.9,459.3,23.34200000,1772337599999,10750.70220000,103,11.59900000,5386.19850000,0
2026-03-01 04:00:00,461.1,461.1,456.2,459.1,2.63300000,1772351999999,1206.04580000,8,0.68100000,310.67220000,0
2026-03-01 08:00:00,454.8,462.9,445.0,445.0,1.00700000,1772366399999,452.84580000,19,0.16600000,76.15170000,0
2026-03-01 12:00:00,446.9,456.6,445.9,448.5,3.13600000,1772380799999,1408.53050000,20,1.64200000,737.73990000,0
2026-03-01 16:00:00,448.0,448.0,435.8,445.4,5.72400000,1772395199999,2520.19730000,20,5.31400000,2339.14330000,0
2026-03-01 20:00:00,434.1,445.1,433.0,445.1,3.34700000,1772409599999,1464.94100000,25,2.19400000,962.38950000,0
2026-03-02 00:00:00,443.6,452.3,443.1,448.8,5.19400000,1772423999999,2322.76270000,105,2.71000000,1209.10570000,0
2026-03-02 04:00:00,448.5,453.9,440.6,446.4,1.97800000,1772438399999,886.83290000,22,0.93000000,419.10310000,0
2026-03-02 08:00:00,439.9,446.5,433.7,436.8,1.28500000,1772452799999,566.29250000,23,0.73100000,323.07430000,0
2026-03-02 12:00:00,440.3,451.3,438.3,449.2,3.29900000,1772467199999,1468.89280000,21,1.48800000,665.31390000,0
2026-03-02 16:00:00,452.0,452.7,441.4,441.4,2.62700000,1772481599999,1170.27470000,14,0.63900000,287.07800000,0
2026-03-02 20:00:00,444.7,454.0,437.0,444.0,18.12400000,1772495999999,8053.07340000,19,9.41900000,4182.22400000,0
2026-03-03 00:00:00,447.9,454.8,443.8,446.6,2.04200000,1772510399999,914.45510000,74,1.11300000,499.42290000,0
2026-03-03 04:00:00,445.4,449.2,439.0,443.6,4.11600000,1772524799999,1828.91780000,11,3.12700000,1391.99040000,0
2026-03-03 08:00:00,442.7,449.7,434.8,437.6,1.29700000,1772539199999,570.93060000,13,0.55100000,241.75810000,0
2026-03-03 12:00:00,434.7,439.9,434.4,439.9,0.50800000,1772553599999,221.01700000,10,0.05100000,22.42790000,0
2026-03-03 16:00:00,442.0,443.6,439.4,441.9,1.45800000,1772567999999,643.34970000,12,0.63400000,279.80350000,0
2026-03-03 20:00:00,445.7,449.2,436.5,445.3,10.74400000,1772582399999,4702.33370000,18,5.08500000,2226.19970000,0
2026-03-04 00:00:00,451.2,451.2,442.4,443.2,1.59700000,1772596799999,710.60800000,63,0.76400000,342.01890000,0
2026-03-04 04:00:00,439.6,455.7,437.7,455.7,5.99600000,1772611199999,2655.01780000,13,2.76800000,1242.01750000,0
2026-03-04 08:00:00,452.0,461.4,452.0,456.5,4.52400000,1772625599999,2063.89510000,17,1.85600000,849.73060000,0
2026-03-04 12:00:00,457.1,472.0,454.2,469.8,5.79600000,1772639999999,2681.42000000,32,3.61900000,1676.73040000,0
2026-03-04 16:00:00,473.5,474.2,467.3,474.2,2.30100000,1772654399999,1077.29680000,19,0.19100000,90.22900000,0
2026-03-04 20:00:00,468.6,469.2,465.9,465.9,1.20400000,1772668799999,562.29440000,8,0.61500000,286.85000000,0
2026-03-05 00:00:00,464.8,464.8,459.6,462.0,2.17900000,1772683199999,1004.79340000,82,0.99500000,458.65050000,0
2026-03-05 04:00:00,468.2,470.1,458.1,458.1,0.58700000,1772697599999,270.06830000,8,0.56100000,258.14860000,0
2026-03-05 08:00:00,463.4,463.4,458.6,461.8,0.62800000,1772711999999,289.84560000,3,0.57200000,264.16400000,0
2026-03-05 12:00:00,462.3,464.6,461.0,464.4,3.39800000,1772726399999,1569.74180000,8,1.26500000,584.84480000,0
2026-03-05 16:00:00,459.3,463.7,457.1,463.7,0.54600000,1772740799999,250.31220000,6,0.11600000,53.75840000,0
2026-03-05 20:00:00,463.2,463.6,453.2,453.4,1.26800000,1772755199999,577.03720000,9,1.14900000,523.10200000,0
2026-03-06 00:00:00,461.6,467.4,459.0,461.0,4.74900000,1772769599999,2188.92920000,20,2.70200000,1245.05930000,0
2026-03-06 04:00:00,459.2,462.3,457.1,457.6,2.97300000,1772783999999,1362.91580000,10,1.16700000,535.68290000,0
2026-03-06 08:00:00,459.2,467.8,456.1,456.4,1.88100000,1772798399999,861.06210000,7,1.52500000,698.64100000,0
2026-03-06 12:00:00,453.2,459.6,442.1,442.5,3.99600000,1772812799999,1790.81850000,15,1.63900000,732.04620000,0
2026-03-06 16:00:00,447.8,455.8,447.8,455.8,2.36300000,1772827199999,1064.62620000,11,1.87000000,843.17060000,0
2026-03-06 20:00:00,454.1,455.3,445.2,455.3,0.49100000,1772841599999,221.22960000,6,0.26100000,118.81120000,0
2026-03-07 00:00:00,450.3,451.3,446.1,448.6,69.27700000,1772855999999,30984.15670000,22,67.54900000,30206.88790000,0
2026-03-07 04:00:00,448.5,448.9,446.7,446.7,0.95200000,1772870399999,427.14180000,3,0.00000000,0.00000000,0
2026-03-07 08:00:00,448.9,451.3,447.8,448.1,10.93800000,1772884799999,4911.98830000,27,2.12600000,956.73040000,0
2026-03-07 12:00:00,449.7,452.7,448.6,450.1,1.68400000,1772899199999,757.70720000,6,1.01500000,456.86670000,0
2026-03-07 16:00:00,451.7,452.8,447.9,447.9,2.29700000,1772913599999,1031.64550000,9,0.67600000,305.21820000,0
2026-03-07 20:00:00,447.8,456.6,445.1,447.9,10.00500000,1772927999999,4505.63980000,20,7.50800000,3385.86450000,0
2026-03-08 00:00:00,450.5,456.3,448.1,453.0,1.99300000,1772942399999,895.48340000,21,0.73300000,330.77100000,0
2026-03-08 04:00:00,446.7,447.3,446.7,447.3,0.21600000,1772956799999,96.61260000,2,0.00000000,0.00000000,0
2026-03-08 08:00:00,448.1,451.3,448.1,451.3,0.51800000,1772971199999,233.67740000,2,0.48800000,220.23440000,0
2026-03-08 12:00:00,455.8,455.8,445.6,445.7,0.17200000,1772985599999,77.00550000,3,0.03500000,15.95300000,0
2026-03-08 16:00:00,454.9,454.9,442.2,447.6,3.55400000,1772999999999,1588.75930000,16,2.80700000,1256.10590000,0
2026-03-08 20:00:00,448.7,448.7,439.6,446.2,6.64400000,1773014399999,2945.95540000,25,1.27400000,569.17160000,0
2026-03-09 00:00:00,443.3,452.9,441.6,451.7,2.18300000,1773028799999,978.76040000,29,1.38900000,621.98800000,0
2026-03-09 04:00:00,454.0,454.0,446.1,446.9,1.97600000,1773043199999,886.34130000,11,0.55700000,249.31380000,0
2026-03-09 08:00:00,444.5,450.1,444.5,450.1,2.57300000,1773057599999,1152.28400000,6,0.94400000,424.51760000,0
2026-03-09 12:00:00,450.2,456.3,450.1,450.5,4.03900000,1773071999999,1829.16210000,13,2.60900000,1182.80990000,0
2026-03-09 16:00:00,454.2,454.9,442.1,442.1,2.36700000,1773086399999,1064.71670000,13,0.58200000,262.00350000,0
2026-03-09 20:00:00,438.1,452.6,438.1,444.1,5.85300000,1773100799999,2610.76840000,23,1.93700000,872.74590000,0
2026-03-10 00:00:00,443.8,453.0,439.1,443.2,2.87400000,1773115199999,1282.97170000,24,1.23400000,551.66280000,0
2026-03-10 04:00:00,447.7,451.5,443.2,443.2,1.59400000,1773129599999,711.85440000,7,0.56900000,254.91280000,0
2026-03-10 08:00:00,448.4,454.2,448.2,448.7,4.08300000,1773143999999,1834.79440000,14,0.84900000,383.01850000,0
2026-03-10 12:00:00,448.9,452.5,442.4,449.3,1.06500000,1773158399999,478.76540000,6,0.54400000,244.29160000,0
2026-03-10 16:00:00,452.1,455.2,445.1,452.6,3.05600000,1773172799999,1376.27390000,17,0.19900000,89.97110000,0
2026-03-10 20:00:00,442.3,451.5,442.3,446.7,0.50700000,1773187199999,226.52630000,6,0.46900000,209.71890000,0
2026-03-11 00:00:00,444.4,451.7,443.3,443.6,0.17400000,1773201599999,77.50740000,26,0.01400000,6.31060000,0
2026-03-11 04:00:00,453.0,453.0,453.0,453.0,0.00400000,1773215999999,1.81200000,1,0.00400000,1.81200000,0
2026-03-11 08:00:00,448.2,448.2,445.8,447.8,0.22800000,1773230399999,101.99080000,3,0.07100000,31.82220000,0
2026-03-11 12:00:00,450.7,464.9,448.6,453.5,12.88400000,1773244799999,5909.22580000,48,1.28600000,586.61600000,0
2026-03-11 16:00:00,464.9,464.9,449.1,463.0,0.32100000,1773259199999,146.88190000,9,0.25000000,114.79300000,0
2026-03-11 20:00:00,457.9,464.4,447.7,447.7,0.68300000,1773273599999,311.92580000,7,0.65800000,300.64330000,0
2026-03-12 00:00:00,450.5,462.4,446.3,453.9,10.92300000,1773287999999,4882.35630000,22,0.90100000,409.08720000,0
2026-03-12 04:00:00,453.5,453.5,450.9,450.9,0.07600000,1773302399999,34.44520000,2,0.06800000,30.83800000,0
2026-03-12 08:00:00,454.2,456.4,452.9,456.4,1.06400000,1773316799999,482.39520000,3,0.00000000,0.00000000,0
2026-03-12 12:00:00,458.0,458.4,453.1,455.8,1.69100000,1773331199999,773.18580000,5,1.02000000,467.36560000,0
2026-03-12 16:00:00,460.1,461.7,444.2,458.7,0.15300000,1773345599999,70.23670000,5,0.12900000,59.50470000,0
2026-03-12 20:00:00,458.7,458.7,452.0,457.1,0.88800000,1773359999999,402.35940000,5,0.05500000,25.13780000,0
2026-03-13 00:00:00,456.7,473.5,454.0,468.6,9.74300000,1773374399999,4548.08210000,59,4.75000000,2220.03260000,0
2026-03-13 04:00:00,464.8,464.8,464.6,464.6,1.24400000,1773388799999,578.02960000,3,0.00000000,0.00000000,0
2026-03-13 08:00:00,465.6,468.3,465.6,468.3,1.05000000,1773403199999,489.99330000,4,0.94500000,440.82180000,0
2026-03-13 12:00:00,470.1,473.6,467.7,473.6,0.11600000,1773417599999,54.55400000,5,0.06600000,31.11500000,0
2026-03-13 16:00:00,470.8,470.8,462.1,465.8,0.69100000,1773431999999,321.03070000,9,0.14000000,65.61740000,0
2026-03-13 20:00:00,469.7,469.7,460.8,466.0,1.54800000,1773446399999,714.96240000,13,0.24600000,114.74720000,0
2026-03-14 00:00:00,464.4,466.0,458.1,459.3,0.46900000,1773460799999,215.82590000,17,0.10800000,50.09830000,0
2026-03-14 04:00:00,464.8,465.3,457.1,458.0,1.50000000,1773475199999,688.69120000,12,0.64000000,293.80680000,0
2026-03-14 08:00:00,456.5,461.5,456.5,461.5,1.06600000,1773489599999,491.45240000,4,1.00700000,464.51890000,0
2026-03-14 12:00:00,457.2,457.2,457.2,457.2,0.08100000,1773503999999,37.03320000,1,0.00000000,0.00000000,0
2026-03-14 16:00:00,460.1,464.3,460.1,463.8,0.22800000,1773518399999,105.39450000,8,0.14100000,65.34360000,0
2026-03-14 20:00:00,463.8,467.1,463.8,467.1,2.36900000,1773532799999,1101.12600000,5,0.33700000,157.36360000,0
2026-03-15 00:00:00,469.6,469.6,463.5,465.2,2.99100000,1773547199999,1392.31510000,20,1.09200000,507.90530000,0
2026-03-15 04:00:00,464.5,465.5,464.5,465.5,1.07600000,1773561599999,500.85900000,3,1.05700000,492.03350000,0
2026-03-15 08:00:00,465.1,469.9,464.0,468.6,0.94400000,1773575999999,438.70910000,5,0.01700000,7.96620000,0
2026-03-15 12:00:00,464.7,464.7,460.9,463.2,1.75900000,1773590399999,813.05010000,12,0.70300000,325.63600000,0
2026-03-15 16:00:00,462.6,465.4,459.0,461.3,13.28800000,1773604799999,6121.33960000,42,3.22700000,1491.45020000,0
2026-03-15 20:00:00,462.5,469.8,460.1,469.6,1.06900000,1773619199999,496.59840000,8,1.03800000,482.31130000,0
2026-03-16 00:00:00,469.5,473.6,466.1,472.9,26.49400000,1773633599999,12443.52400000,70,22.18900000,10427.29310000,0
2026-03-16 04:00:00,471.2,473.1,471.2,473.1,0.46400000,1773647999999,218.65200000,2,0.00800000,3.78480000,0
2026-03-16 08:00:00,470.4,474.8,469.2,471.7,0.73300000,1773662399999,347.17770000,6,0.57200000,271.40370000,0
2026-03-16 12:00:00,475.5,480.4,473.0,479.3,14.22200000,1773676799999,6764.47040000,25,12.31900000,5858.73430000,0
2026-03-16 16:00:00,478.8,480.8,475.4,475.4,0.74600000,1773691199999,357.70700000,8,0.67500000,323.79760000,0
2026-03-16 20:00:00,480.9,483.4,478.6,478.7,1.60400000,1773705599999,770.49110000,8,0.94800000,456.06150000,0
2026-03-17 00:00:00,483.4,483.8,474.7,474.7,3.32700000,1773719999999,1586.79020000,41,1.13400000,541.28620000,0
2026-03-17 04:00:00,475.6,477.6,472.9,472.9,0.65900000,1773734399999,312.72890000,5,0.18800000,89.64500000,0
2026-03-17 08:00:00,473.6,479.8,472.6,478.3,5.85800000,1773748799999,2786.45150000,25,4.65300000,2215.45890000,0
2026-03-17 12:00:00,475.6,475.6,472.2,472.2,0.89000000,1773763199999,422.54850000,7,0.00000000,0.00000000,0
2026-03-17 16:00:00,473.2,477.6,473.2,477.6,0.57700000,1773777599999,274.33460000,3,0.11000000,52.50960000,0
2026-03-17 20:00:00,470.7,477.5,470.7,476.3,0.04400000,1773791999999,20.86000000,3,0.02300000,10.97530000,0
2026-03-18 00:00:00,470.9,480.1,470.4,471.0,1.38500000,1773806399999,652.53420000,9,1.03500000,487.88540000,0
2026-03-18 04:00:00,475.9,475.9,475.9,475.9,0.04200000,1773820799999,19.98780000,1,0.04200000,19.98780000,0
2026-03-18 08:00:00,469.2,469.4,463.3,466.4,0.53300000,1773835199999,248.78170000,17,0.08300000,38.78020000,0
2026-03-18 12:00:00,460.6,460.6,445.1,449.3,1.02100000,1773849599999,460.75740000,19,0.68300000,307.82190000,0
2026-03-18 16:00:00,450.5,453.8,447.2,449.4,3.12300000,1773863999999,1411.38080000,22,0.19600000,88.58520000,0
2026-03-18 20:00:00,456.4,456.4,450.3,450.3,1.23600000,1773878399999,556.61350000,4,0.00700000,3.19480000,0
2026-03-19 00:00:00,456.8,458.3,450.1,458.3,0.70300000,1773892799999,321.10980000,49,0.65300000,298.31780000,0
2026-03-19 04:00:00,453.9,453.9,453.9,453.9,0.00600000,1773907199999,2.72340000,1,0.00000000,0.00000000,0
2026-03-19 08:00:00,456.6,490.9,456.0,456.0,10.24800000,1773921599999,4765.01420000,73,7.77100000,3627.30380000,0
2026-03-19 12:00:00,455.7,460.7,449.6,454.6,3.21600000,1773935999999,1475.24730000,13,0.55900000,253.77710000,0
2026-03-19 16:00:00,456.1,456.1,455.6,455.9,6.97300000,1773950399999,3179.72460000,6,6.97300000,3179.72460000,0
2026-03-19 20:00:00,461.3,461.3,452.9,455.2,3.91300000,1773964799999,1789.37690000,13,1.10500000,508.18060000,0
2026-03-20 00:00:00,457.2,464.8,452.4,463.5,3.22700000,1773979199999,1480.14600000,16,2.30600000,1058.93510000,0
2026-03-20 04:00:00,462.9,467.0,462.9,467.0,0.60700000,1773993599999,282.79090000,4,0.57600000,268.44100000,0
2026-03-20 08:00:00,467.4,471.8,460.1,467.6,7.95600000,1774007999999,3711.66460000,38,4.86100000,2275.76850000,0
2026-03-20 12:00:00,465.5,470.1,460.8,467.7,5.09600000,1774022399999,2371.26340000,13,1.68000000,787.01060000,0
2026-03-20 16:00:00,471.3,471.3,465.0,468.4,1.10200000,1774036799999,513.54490000,6,0.58300000,271.48330000,0
2026-03-20 20:00:00,466.9,474.5,466.6,473.8,1.89800000,1774051199999,891.97180000,19,1.13700000,535.46850000,0
2026-03-21 00:00:00,474.8,476.1,469.9,473.3,3.18400000,1774065599999,1507.80340000,43,1.54600000,735.00150000,0
2026-03-21 04:00:00,471.4,476.4,467.3,468.1,1.21500000,1774079999999,568.47370000,9,0.00800000,3.81120000,0
2026-03-21 08:00:00,468.8,469.2,468.8,469.2,0.66200000,1774094399999,310.36240000,5,0.00000000,0.00000000,0
2026-03-21 12:00:00,471.3,471.3,466.9,466.9,0.40100000,1774108799999,187.61010000,5,0.06400000,30.16320000,0
2026-03-21 16:00:00,471.9,475.0,466.8,466.8,0.25700000,1774123199999,121.19350000,5,0.11200000,53.18140000,0
2026-03-21 20:00:00,466.1,474.1,462.2,463.7,1.66400000,1774137599999,774.58600000,19,1.09000000,507.92290000,0
2026-03-22 00:00:00,460.2,465.8,457.6,465.7,2.56900000,1774151999999,1188.82860000,17,0.77500000,359.29250000,0
2026-03-22 04:00:00,463.4,467.6,463.4,467.6,0.44800000,1774166399999,209.43860000,2,0.43700000,204.34120000,0
2026-03-22 08:00:00,466.3,466.3,464.6,464.6,0.57500000,1774180799999,268.09870000,2,0.56100000,261.59430000,0
2026-03-22 12:00:00,464.6,464.6,464.6,464.6,0.00000000,1774195199999,0.00000000,0,0.00000000,0.00000000,0
2026-03-22 16:00:00,472.0,472.0,462.2,462.3,1.71800000,1774209599999,800.43560000,9,0.11300000,52.84380000,0
2026-03-22 20:00:00,465.7,468.1,462.4,468.1,9.08500000,1774223999999,4237.74760000,24,7.53500000,3519.99750000,0
2026-03-23 00:00:00,465.8,473.0,463.9,473.0,3.89300000,1774238399999,1835.06950000,23,0.73000000,344.56160000,0
2026-03-23 04:00:00,468.5,468.5,464.7,464.7,1.98300000,1774252799999,925.25070000,6,0.00000000,0.00000000,0
2026-03-23 08:00:00,471.5,486.3,468.8,486.3,6.48300000,1774267199999,3120.49610000,29,4.97000000,2396.39660000,0
2026-03-23 12:00:00,479.0,484.3,475.4,478.6,5.34300000,1774281599999,2552.63070000,23,0.65700000,316.41760000,0
2026-03-23 16:00:00,479.9,483.3,476.1,481.3,0.30200000,1774295999999,145.21300000,5,0.25200000,121.40800000,0
2026-03-23 20:00:00,482.7,482.7,476.5,480.7,0.05000000,1774310399999,23.99520000,3,0.03100000,14.94170000,0
2026-03-24 00:00:00,478.0,478.0,470.3,470.9,1.64700000,1774324799999,781.68030000,62,0.20700000,98.51920000,0
2026-03-24 04:00:00,476.1,483.1,471.0,476.8,2.64200000,1774339199999,1260.87690000,11,2.03000000,969.64300000,0
2026-03-24 08:00:00,482.6,482.6,470.1,470.1,2.24700000,1774353599999,1075.61530000,16,0.54000000,260.48540000,0
2026-03-24 12:00:00,475.9,475.9,471.0,471.0,0.01400000,1774367999999,6.63320000,2,0.00800000,3.80720000,0
2026-03-24 16:00:00,478.3,482.0,478.3,482.0,0.10700000,1774382399999,51.55920000,2,0.10700000,51.55920000,0
2026-03-24 20:00:00,469.5,483.1,466.0,476.2,3.45800000,1774396799999,1625.65040000,10,0.07500000,36.20030000,0
2026-03-25 00:00:00,470.1,480.0,470.1,476.6,1.33300000,1774411199999,637.16920000,9,1.20800000,577.62710000,0
2026-03-25 04:00:00,477.5,478.0,466.9,478.0,1.55800000,1774425599999,742.04950000,5,0.47900000,228.96200000,0
2026-03-25 08:00:00,478.3,478.5,475.6,475.6,0.97500000,1774439999999,466.41190000,3,0.96500000,461.65590000,0
2026-03-25 12:00:00,477.0,477.1,473.6,476.1,2.98300000,1774454399999,1419.88000000,10,2.48600000,1183.64860000,0
2026-03-25 16:00:00,478.1,480.7,477.9,480.5,0.20700000,1774468799999,99.14010000,6,0.20700000,99.14010000,0
2026-03-25 20:00:00,470.6,470.6,470.6,470.6,0.01000000,1774483199999,4.70600000,1,0.00000000,0.00000000,0
2026-03-26 00:00:00,471.6,479.5,469.9,472.6,2.77400000,1774497599999,1312.75060000,83,0.13200000,63.16320000,0
2026-03-26 04:00:00,470.0,470.0,468.2,468.2,0.90300000,1774511999999,423.31680000,7,0.52900000,247.67780000,0
2026-03-26 08:00:00,465.7,471.0,463.3,463.3,1.00400000,1774526399999,466.88190000,11,0.05900000,27.78900000,0
2026-03-26 12:00:00,467.4,471.2,465.8,465.8,0.15500000,1774540799999,72.68020000,6,0.15500000,72.68020000,0
2026-03-26 16:00:00,461.2,467.6,460.4,465.9,0.32000000,1774555199999,148.30680000,7,0.15000000,69.92040000,0
2026-03-26 20:00:00,459.4,468.7,459.4,463.0,3.62200000,1774569599999,1676.84310000,13,0.54800000,254.15260000,0
2026-03-27 00:00:00,462.4,466.9,459.0,466.9,0.80300000,1774583999999,373.26240000,15,0.56400000,262.61050000,0
2026-03-27 04:00:00,464.4,471.6,458.7,458.7,3.31100000,1774598399999,1539.82010000,16,1.32100000,617.40160000,0
2026-03-27 08:00:00,465.1,467.7,460.9,460.9,4.06200000,1774612799999,1884.90370000,21,1.98500000,926.62690000,0
2026-03-27 12:00:00,460.9,460.9,460.9,460.9,0.00000000,1774627199999,0.00000000,0,0.00000000,0.00000000,0
2026-03-27 16:00:00,470.2,471.8,464.5,469.2,1.84000000,1774641599999,862.53120000,11,1.21500000,571.81950000,0
2026-03-27 20:00:00,469.2,473.3,465.3,465.3,1.64100000,1774655999999,773.02430000,18,1.00300000,473.33930000,0
2026-03-28 00:00:00,472.8,476.7,470.1,475.1,2.93600000,1774670399999,1390.52480000,61,1.52000000,719.78060000,0
2026-03-28 04:00:00,472.2,478.3,472.2,478.3,0.08400000,1774684799999,40.09790000,3,0.00000000,0.00000000,0
2026-03-28 08:00:00,476.7,480.7,476.7,480.2,0.79500000,1774699199999,379.72830000,10,0.09500000,45.65550000,0
2026-03-28 12:00:00,480.2,483.6,475.1,483.4,1.04900000,1774713599999,503.29820000,9,0.65900000,316.81920000,0
2026-03-28 16:00:00,483.8,484.1,483.8,484.1,0.10300000,1774727999999,49.85690000,2,0.10300000,49.85690000,0
2026-03-28 20:00:00,482.3,482.3,479.1,480.1,4.40400000,1774742399999,2116.05160000,9,3.26000000,1565.68520000,0
2026-03-29 00:00:00,478.2,484.5,474.7,482.1,5.10700000,1774756799999,2461.63460000,48,0.21500000,104.00150000,0
2026-03-29 04:00:00,484.2,484.2,483.7,483.7,0.01600000,1774771199999,7.74320000,2,0.01600000,7.74320000,0
2026-03-29 08:00:00,483.0,484.5,482.1,484.0,0.14100000,1774785599999,68.09500000,4,0.09600000,46.40050000,0
2026-03-29 12:00:00,474.5,474.5,458.7,458.8,15.09600000,1774799999999,7031.74070000,25,13.41900000,6253.34280000,0
2026-03-29 16:00:00,456.7,457.5,447.5,454.9,1.71000000,1774814399999,774.51930000,15,1.31100000,594.56700000,0
2026-03-29 20:00:00,454.9,454.9,452.0,452.0,0.56900000,1774828799999,257.37940000,3,0.50300000,227.35600000,0
2026-03-30 00:00:00,452.3,456.3,452.3,456.1,2.39600000,1774843199999,1090.64030000,15,0.61600000,280.61370000,0
2026-03-30 04:00:00,454.0,459.4,453.2,459.4,5.89100000,1774857599999,2675.40310000,15,0.07700000,35.37380000,0
2026-03-30 08:00:00,459.1,459.5,451.8,456.4,1.28400000,1774871999999,586.03510000,9,1.12900000,515.76430000,0
2026-03-30 12:00:00,456.9,465.8,453.5,461.8,5.30600000,1774886399999,2438.10640000,16,4.55900000,2096.79630000,0
2026-03-30 16:00:00,465.6,465.6,459.1,459.1,0.73500000,1774900799999,340.76080000,6,0.00000000,0.00000000,0
2026-03-30 20:00:00,462.0,462.8,455.7,457.8,1.22500000,1774915199999,565.55280000,7,1.14100000,527.23620000,0
2026-03-31 00:00:00,457.5,467.8,457.5,465.4,1.03500000,1774929599999,478.95720000,39,0.24800000,115.19680000,0
2026-03-31 04:00:00,468.1,469.9,468.1,468.2,1.72000000,1774943999999,805.88290000,7,0.71700000,336.12260000,0
2026-03-31 08:00:00,470.7,473.6,464.1,469.0,2.11500000,1774958399999,988.02000000,22,0.42800000,201.41790000,0
2026-03-31 12:00:00,472.6,479.0,467.4,472.6,8.84500000,1774972799999,4159.82290000,28,7.44500000,3499.62830000,0
2026-03-31 16:00:00,473.8,478.7,473.8,475.8,0.66000000,1774987199999,314.27880000,7,0.55900000,266.42200000,0
2026-03-31 20:00:00,474.7,474.7,465.7,470.4,2.65900000,1775001599999,1252.75080000,18,0.55800000,264.48330000,0
2026-04-01 00:00:00,463.5,467.6,460.8,462.6,0.42900000,1775015999999,198.66840000,9,0.23500000,109.20840000,0
2026-04-01 04:00:00,463.5,464.9,460.4,460.4,1.10600000,1775030399999,511.94000000,7,0.60100000,279.34470000,0
2026-04-01 08:00:00,462.9,464.3,459.1,464.3,6.93500000,1775044799999,3207.61280000,32,6.09900000,2822.40700000,0
2026-04-01 12:00:00,460.0,463.5,457.8,457.8,1.86500000,1775059199999,858.27730000,10,0.02200000,10.19700000,0
2026-04-01 16:00:00,462.1,462.6,457.2,457.2,0.06300000,1775073599999,28.92970000,4,0.02100000,9.70810000,0
2026-04-01 20:00:00,455.0,458.5,451.9,458.5,1.55100000,1775087999999,706.44010000,11,0.32700000,149.92950000,0
2026-04-02 00:00:00,455.0,456.7,441.5,442.4,2.49700000,1775102399999,1124.50830000,37,0.69800000,314.51090000,0
2026-04-02 04:00:00,447.2,447.2,440.2,440.2,0.08900000,1775116799999,39.55870000,4,0.05300000,23.70160000,0
2026-04-02 08:00:00,441.9,445.0,441.9,443.9,0.22700000,1775131199999,100.61150000,4,0.11100000,49.35110000,0
2026-04-02 12:00:00,446.7,446.8,444.7,444.7,0.59000000,1775145599999,263.28330000,3,0.45400000,202.80410000,0
2026-04-02 16:00:00,443.0,443.0,440.2,440.2,0.30900000,1775159999999,136.87860000,3,0.00000000,0.00000000,0
2026-04-02 20:00:00,445.3,448.9,441.1,441.1,0.03500000,1775174399999,15.58790000,3,0.02100000,9.41250000,0
2026-04-03 00:00:00,444.7,451.7,442.2,450.4,0.09500000,1775188799999,42.37820000,8,0.04900000,21.94500000,0
2026-04-03 04:00:00,441.6,447.6,441.6,445.7,0.53600000,1775203199999,237.47560000,4,0.13100000,58.62040000,0
2026-04-03 08:00:00,443.8,443.8,441.0,441.0,0.42600000,1775217599999,189.03920000,2,0.41900000,185.95220000,0
2026-04-03 12:00:00,441.7,441.7,440.0,440.0,0.03400000,1775231999999,14.99070000,4,0.00000000,0.00000000,0
2026-04-03 16:00:00,440.0,440.0,440.0,440.0,0.00000000,1775246399999,0.00000000,0,0.00000000,0.00000000,0
2026-04-03 20:00:00,442.7,447.7,440.3,447.7,0.24000000,1775260799999,107.36050000,5,0.23600000,105.59930000,0
2026-04-04 00:00:00,443.9,448.4,442.0,443.5,2.97000000,1775275199999,1317.61750000,32,2.93300000,1301.26350000,0
2026-04-04 04:00:00,443.9,443.9,441.7,441.7,0.28700000,1775289599999,126.91530000,2,0.06700000,29.74130000,0
2026-04-04 08:00:00,440.9,447.4,440.9,447.4,0.33400000,1775303999999,147.46460000,3,0.04200000,18.72180000,0
2026-04-04 12:00:00,447.4,447.4,447.4,447.4,0.00000000,1775318399999,0.00000000,0,0.00000000,0.00000000,0
2026-04-04 16:00:00,440.0,445.0,440.0,445.0,0.02500000,1775332799999,11.05500000,2,0.01100000,4.89500000,0
2026-04-04 20:00:00,445.0,445.0,445.0,445.0,0.00000000,1775347199999,0.00000000,0,0.00000000,0.00000000,0
2026-04-05 00:00:00,443.9,448.4,439.9,439.9,1.25100000,1775361599999,553.53970000,61,0.56000000,249.21930000,0
2026-04-05 04:00:00,439.8,446.0,433.9,435.8,6.27300000,1775375999999,2733.59250000,9,0.21500000,95.18570000,0
2026-04-05 08:00:00,434.0,445.7,433.1,433.1,0.26900000,1775390399999,116.88960000,11,0.02700000,12.02930000,0
2026-04-05 12:00:00,431.7,431.7,420.5,422.8,2.28800000,1775404799999,972.30210000,26,0.94700000,403.91390000,0
2026-04-05 16:00:00,424.4,428.3,424.4,428.3,0.86700000,1775419199999,368.93820000,5,0.86700000,368.93820000,0
2026-04-05 20:00:00,427.9,427.9,427.9,427.9,0.50400000,1775433599999,215.66160000,1,0.50400000,215.66160000,0
2026-04-06 00:00:00,428.7,435.2,427.0,435.1,2.71200000,1775447999999,1174.78450000,77,2.46400000,1068.73460000,0
2026-04-06 04:00:00,436.6,436.8,431.7,432.7,0.06800000,1775462399999,29.55480000,8,0.04700000,20.46550000,0
2026-04-06 08:00:00,437.3,441.5,435.8,437.7,2.30100000,1775476799999,1008.67610000,13,1.63800000,718.17010000,0
2026-04-06 12:00:00,441.2,441.2,437.8,437.9,3.23500000,1775491199999,1418.02570000,14,1.02800000,450.89200000,0
2026-04-06 16:00:00,438.0,438.0,434.3,434.3,1.40000000,1775505599999,612.10320000,8,0.46100000,201.91800000,0
2026-04-06 20:00:00,439.3,441.2,433.1,433.1,1.13900000,1775519999999,495.69100000,10,0.26100000,114.56840000,0
2026-04-07 00:00:00,432.7,437.9,431.8,431.8,2.22700000,1775534399999,967.12310000,60,1.13500000,494.47140000,0
2026-04-07 04:00:00,430.9,433.4,430.5,433.4,0.47800000,1775548799999,205.92790000,5,0.01400000,6.06760000,0
2026-04-07 08:00:00,432.5,434.1,431.7,432.6,16.76500000,1775563199999,7258.69080000,31,15.53200000,6725.60200000,0
2026-04-07 12:00:00,435.3,436.1,432.0,433.2,0.30900000,1775577599999,133.58360000,8,0.03800000,16.50040000,0
2026-04-07 16:00:00,430.0,430.0,430.0,430.0,0.01400000,1775591999999,6.02000000,1,0.00000000,0.00000000,0
2026-04-07 20:00:00,436.9,448.0,436.9,448.0,5.63000000,1775606399999,2508.12800000,18,2.59300000,1148.65750000,0
2026-04-08 00:00:00,450.1,450.1,442.7,444.4,4.23000000,1775620799999,1876.78610000,74,0.80800000,360.15350000,0
2026-04-08 04:00:00,445.0,445.0,442.7,442.7,0.14000000,1775635199999,62.14360000,2,0.07200000,32.04000000,0
2026-04-08 08:00:00,445.1,447.0,443.0,444.8,17.58300000,1775649599999,7840.46010000,61,15.37800000,6859.32430000,0
2026-04-08 12:00:00,443.5,443.5,443.5,443.5,0.05300000,1775663999999,23.50550000,1,0.00000000,0.00000000,0
2026-04-08 16:00:00,449.1,449.1,443.5,443.5,2.61600000,1775678399999,1160.60960000,4,0.08800000,39.44160000,0
2026-04-08 20:00:00,449.8,449.8,441.0,447.6,0.37800000,1775692799999,168.09260000,9,0.20000000,89.56020000,0
2026-04-09 00:00:00,439.8,448.1,439.7,448.1,2.54400000,1775707199999,1120.83870000,12,1.71500000,755.99700000,0
2026-04-09 04:00:00,439.6,445.4,439.6,445.4,3.33900000,1775721599999,1468.94700000,9,2.75500000,1211.69940000,0
2026-04-09 08:00:00,443.0,448.9,441.2,441.2,20.33200000,1775735999999,9006.72560000,170,19.54300000,8658.34640000,0
2026-04-09 12:00:00,441.3,447.1,434.6,435.9,5.16800000,1775750399999,2287.79660000,22,3.85200000,1710.32910000,0
2026-04-09 16:00:00,442.2,444.4,442.2,444.3,1.57700000,1775764799999,700.71760000,3,1.51000000,671.04400000,0
2026-04-09 20:00:00,445.1,448.6,441.7,441.7,0.08000000,1775779199999,35.70770000,3,0.06300000,28.19880000,0
2026-04-10 00:00:00,448.8,449.1,442.8,443.0,4.45000000,1775793599999,1979.95130000,48,4.44700000,1978.62230000,0
2026-04-10 04:00:00,443.7,443.7,439.0,439.0,0.25500000,1775807999999,112.03430000,2,0.01900000,8.43030000,0
2026-04-10 08:00:00,436.7,441.9,436.7,441.9,35.18700000,1775822399999,15431.70440000,45,34.67600000,15208.40360000,0
2026-04-10 12:00:00,442.5,445.6,442.5,443.9,8.97100000,1775836799999,3976.91000000,12,8.02100000,3556.35100000,0
2026-04-10 16:00:00,443.2,447.9,443.2,444.6,3.94100000,1775851199999,1756.17210000,8,3.49100000,1556.10210000,0
2026-04-10 20:00:00,444.9,447.1,443.0,444.2,0.58500000,1775865599999,260.38400000,5,0.22300000,99.70330000,0
2026-04-11 00:00:00,446.4,448.6,442.6,446.0,1.10200000,1775879999999,491.72620000,77,1.08500000,484.20200000,0
2026-04-11 04:00:00,448.6,448.6,439.6,439.6,0.06600000,1775894399999,29.33760000,2,0.03600000,16.14960000,0
2026-04-11 08:00:00,441.7,441.9,440.6,440.7,12.55000000,1775908799999,5532.45450000,19,11.92000000,5254.67070000,0
2026-04-11 12:00:00,439.0,441.2,439.0,439.6,1.90700000,1775923199999,838.11730000,6,1.80500000,793.31380000,0
2026-04-11 16:00:00,445.4,445.4,439.5,439.9,14.76900000,1775937599999,6499.08810000,15,14.76900000,6499.08810000,0
2026-04-11 20:00:00,440.4,442.3,438.2,438.2,0.65200000,1775951999999,286.29180000,7,0.17800000,78.58500000,0
2026-04-12 00:00:00,438.9,446.3,426.0,427.2,23.22300000,1775966399999,9947.46430000,67,1.76200000,760.08760000,0
2026-04-12 04:00:00,423.6,425.8,423.1,424.6,0.71000000,1775980799999,301.64190000,9,0.29800000,126.84660000,0
2026-04-12 08:00:00,425.7,426.0,425.0,425.2,6.47800000,1775995199999,2757.85480000,8,6.23300000,2653.72980000,0
2026-04-12 12:00:00,422.1,423.1,421.1,423.1,1.14700000,1776009599999,485.03770000,4,1.10700000,468.16170000,0
2026-04-12 16:00:00,422.0,422.0,422.0,422.0,0.21300000,1776023999999,89.88600000,1,0.00000000,0.00000000,0
2026-04-12 20:00:00,425.0,425.0,418.6,419.6,10.45100000,1776038399999,4392.51370000,20,4.91500000,2066.37110000,0
2026-04-13 00:00:00,423.6,426.2,423.2,425.2,1.06900000,1776052799999,453.70530000,66,1.06200000,450.73130000,0
2026-04-13 04:00:00,425.9,426.6,424.1,424.1,3.26100000,1776067199999,1389.66080000,4,2.75500000,1175.06620000,0
2026-04-13 08:00:00,423.9,426.4,423.9,426.4,0.33500000,1776081599999,142.07650000,3,0.02800000,11.93920000,0
2026-04-13 12:00:00,426.9,426.9,426.9,426.9,0.04700000,1776095999999,20.06430000,1,0.04700000,20.06430000,0
2026-04-13 16:00:00,426.3,426.5,426.3,426.5,3.72900000,1776110399999,1590.37190000,4,0.00000000,0.00000000,0
2026-04-13 20:00:00,427.8,439.5,427.5,439.5,12.18800000,1776124799999,5339.60050000,20,11.86800000,5200.51410000,0
2026-04-14 00:00:00,437.8,438.7,433.9,433.9,10.26300000,1776139199999,4465.04260000,89,2.58700000,1127.38250000,0
2026-04-14 04:00:00,434.7,438.6,434.7,436.2,36.27400000,1776153599999,15856.51200000,36,20.60300000,9010.59140000,0
2026-04-14 08:00:00,435.1,440.0,435.1,438.7,1.91600000,1776167999999,839.03230000,11,1.17000000,514.29830000,0
2026-04-14 12:00:00,438.9,443.5,438.9,440.3,1.04200000,1776182399999,458.65050000,8,0.27800000,122.15080000,0
2026-04-14 16:00:00,441.6,444.0,437.2,437.9,0.08600000,1776196799999,37.72340000,11,0.05000000,21.96120000,0
2026-04-14 20:00:00,435.7,436.7,434.3,436.6,30.59200000,1776211199999,13345.56200000,39,30.04300000,13106.38310000,0
2026-04-15 00:00:00,435.3,479.9,434.9,443.4,8.44000000,1776225599999,3728.01040000,57,3.64900000,1638.07810000,0
2026-04-15 04:00:00,434.0,434.0,430.8,430.8,0.19200000,1776239999999,83.03520000,4,0.00000000,0.00000000,0
2026-04-15 08:00:00,429.9,435.4,429.9,435.3,21.40000000,1776254399999,9292.44410000,31,19.61400000,8516.76860000,0
2026-04-15 12:00:00,435.6,438.0,433.9,438.0,0.55000000,1776268799999,238.97220000,5,0.02300000,10.07400000,0
2026-04-15 16:00:00,441.1,441.1,432.7,432.7,0.13400000,1776283199999,58.37280000,4,0.03400000,14.99740000,0
2026-04-15 20:00:00,442.1,442.1,439.5,441.8,0.09100000,1776297599999,40.15860000,3,0.06900000,30.48960000,0
2026-04-16 00:00:00,444.4,444.4,439.0,441.3,1.75600000,1776311999999,775.00060000,77,1.22300000,540.97090000,0
2026-04-16 04:00:00,442.9,442.9,442.9,442.9,0.01600000,1776326399999,7.08640000,1,0.00000000,0.00000000,0
2026-04-16 08:00:00,441.1,441.8,438.8,438.8,0.08300000,1776340799999,36.54650000,5,0.03200000,14.12150000,0
2026-04-16 12:00:00,443.1,443.1,437.9,438.4,0.21600000,1776355199999,94.83510000,5,0.10400000,45.78480000,0
2026-04-16 16:00:00,442.2,446.6,438.2,446.6,4.17700000,1776369599999,1844.03030000,9,1.83000000,815.57490000,0
2026-04-16 20:00:00,439.2,456.5,439.2,454.8,6.37300000,1776383999999,2889.36690000,19,5.55700000,2522.25350000,0
2026-04-17 00:00:00,451.8,459.0,450.0,450.0,3.38600000,1776398399999,1537.91630000,39,1.11000000,505.50760000,0
2026-04-17 04:00:00,450.0,450.0,450.0,450.0,0.47100000,1776412799999,211.95000000,1,0.00000000,0.00000000,0
2026-04-17 08:00:00,449.9,449.9,446.4,446.4,0.07100000,1776427199999,31.89320000,4,0.04400000,19.79560000,0
2026-04-17 12:00:00,450.2,460.3,449.8,457.3,3.46900000,1776441599999,1587.93900000,9,0.58300000,267.76530000,0
2026-04-17 16:00:00,460.4,460.4,441.7,452.4,0.44900000,1776455999999,203.30830000,5,0.02600000,11.97040000,0
2026-04-17 20:00:00,452.8,462.0,452.8,462.0,0.46200000,1776470399999,211.18080000,2,0.21600000,99.79200000,0
2026-04-18 00:00:00,455.3,464.1,450.5,458.3,3.25400000,1776484799999,1472.04230000,88,0.66400000,302.26490000,0
2026-04-18 04:00:00,451.4,462.4,451.4,452.6,30.56700000,1776499199999,13971.93500000,49,28.22500000,12910.16510000,0
2026-04-18 08:00:00,446.0,446.0,445.4,445.4,0.21100000,1776513599999,94.09340000,3,0.00000000,0.00000000,0
2026-04-18 12:00:00,444.5,444.5,444.3,444.3,0.25500000,1776527999999,113.34350000,2,0.00000000,0.00000000,0
2026-04-18 16:00:00,449.9,452.7,442.3,442.3,1.59800000,1776542399999,714.44890000,7,1.13600000,509.97200000,0
2026-04-18 20:00:00,443.8,446.5,443.3,443.9,0.41900000,1776556799999,186.01400000,4,0.02500000,11.16250000,0
2026-04-19 00:00:00,448.4,448.4,444.6,444.6,0.27200000,1776571199999,121.16320000,4,0.06400000,28.65680000,0
2026-04-19 04:00:00,449.3,449.3,445.2,445.2,0.01500000,1776585599999,6.72310000,2,0.01500000,6.72310000,0
2026-04-19 08:00:00,441.3,441.3,441.3,441.3,0.04500000,1776599999999,19.85850000,1,0.00000000,0.00000000,0
2026-04-19 12:00:00,441.3,441.3,441.3,441.3,0.00000000,1776614399999,0.00000000,0,0.00000000,0.00000000,0
2026-04-19 16:00:00,441.4,442.8,437.8,442.1,4.13500000,1776628799999,1827.97550000,9,2.77100000,1225.94550000,0
2026-04-19 20:00:00,442.7,442.7,435.2,435.3,0.55300000,1776643199999,240.73650000,3,0.55300000,240.73650000,0
2026-04-20 00:00:00,436.8,439.9,432.9,438.0,1.37700000,1776657599999,602.17910000,34,0.20600000,90.30720000,0
2026-04-20 04:00:00,440.8,444.4,440.8,442.0,0.07200000,1776671999999,31.87320000,3,0.04900000,21.73480000,0
2026-04-20 08:00:00,439.5,442.7,439.5,440.2,0.57300000,1776686399999,252.96750000,3,0.29400000,130.15380000,0
2026-04-20 12:00:00,438.5,438.5,438.5,438.5,0.02000000,1776700799999,8.77000000,1,0.00000000,0.00000000,0
2026-04-20 16:00:00,442.1,444.0,442.1,444.0,0.06700000,1776715199999,29.66250000,2,0.06700000,29.66250000,0
2026-04-20 20:00:00,443.4,450.8,434.4,443.6,89.73300000,1776729599999,39818.95010000,87,9.34100000,4147.49650000,0
2026-04-21 00:00:00,444.0,446.9,442.2,442.2,7.24300000,1776743999999,3211.58790000,32,6.69900000,2969.93110000,0
2026-04-21 04:00:00,442.5,442.5,442.5,442.5,0.02700000,1776758399999,11.94750000,1,0.02700000,11.94750000,0
2026-04-21 08:00:00,446.5,446.5,443.8,443.8,3.52400000,1776772799999,1568.31020000,8,1.79200000,799.61050000,0
2026-04-21 12:00:00,442.9,444.6,442.9,444.6,0.44000000,1776787199999,195.33840000,2,0.27200000,120.93120000,0
2026-04-21 16:00:00,444.4,449.9,440.7,447.1,5.04300000,1776801599999,2254.88150000,15,4.79900000,2147.03550000,0
2026-04-21 20:00:00,443.3,448.4,443.3,448.3,1.08500000,1776815999999,485.75970000,10,0.94800000,424.89320000,0
2026-04-22 00:00:00,448.5,453.7,448.1,453.7,7.61100000,1776830399999,3423.01520000,15,1.09900000,495.16020000,0
2026-04-22 04:00:00,463.1,470.1,463.1,470.1,21.11000000,1776844799999,9877.51150000,45,16.73200000,7835.68360000,0
2026-04-22 08:00:00,469.9,473.6,469.9,472.7,0.14100000,1776859199999,66.63890000,7,0.06600000,31.22880000,0
2026-04-22 12:00:00,465.2,466.4,463.0,466.4,13.93900000,1776873599999,6467.98320000,26,10.99700000,5101.00070000,0
2026-04-22 16:00:00,466.2,466.2,462.2,462.3,3.63100000,1776887999999,1681.63900000,8,1.13400000,526.86600000,0
2026-04-22 20:00:00,462.0,462.0,461.6,461.6,0.06200000,1776902399999,28.62520000,4,0.04700000,21.69520000,0
2026-04-23 00:00:00,462.4,463.1,455.3,455.3,6.11500000,1776916799999,2797.72230000,22,4.22600000,1933.06070000,0
2026-04-23 04:00:00,455.4,459.3,455.4,458.9,10.03900000,1776931199999,4584.83340000,21,9.92000000,4530.56660000,0
2026-04-23 08:00:00,457.4,457.4,454.0,455.1,1.03300000,1776945599999,470.93710000,7,0.73500000,335.13570000,0
2026-04-23 12:00:00,455.0,460.4,455.0,457.8,13.96200000,1776959999999,6385.48470000,29,13.91200000,6362.57990000,0
2026-04-23 16:00:00,456.5,459.0,454.6,459.0,26.86500000,1776974399999,12275.52860000,43,19.63200000,8975.65180000,0
2026-04-23 20:00:00,460.7,461.7,458.7,461.7,0.11400000,1776988799999,52.46480000,3,0.07800000,35.95160000,0
2026-04-24 00:00:00,459.1,462.5,456.5,457.8,9.07300000,1777003199999,4186.27780000,15,8.41900000,3887.55030000,0
2026-04-24 04:00:00,457.8,457.8,457.8,457.8,0.00000000,1777017599999,0.00000000,0,0.00000000,0.00000000,0
2026-04-24 08:00:00,455.3,458.0,455.3,458.0,22.54900000,1777031999999,10311.02250000,32,20.02600000,9158.17720000,0
2026-04-24 12:00:00,457.9,458.0,457.9,458.0,0.53300000,1777046399999,244.06170000,2,0.53300000,244.06170000,0
2026-04-24 16:00:00,459.4,459.4,453.9,456.2,1.62900000,1777060799999,744.53360000,3,0.00000000,0.00000000,0
2026-04-24 20:00:00,456.3,458.0,455.5,458.0,7.83100000,1777075199999,3572.59210000,8,0.74700000,340.79100000,0
2026-04-25 00:00:00,454.7,458.4,453.5,458.4,4.49900000,1777089599999,2045.45400000,12,0.03800000,17.38560000,0
2026-04-25 04:00:00,456.1,456.1,456.1,456.1,0.21700000,1777103999999,98.97370000,1,0.21700000,98.97370000,0
2026-04-25 08:00:00,455.8,456.1,454.3,454.3,0.45300000,1777118399999,206.36340000,4,0.44800000,204.09190000,0
2026-04-25 12:00:00,453.3,453.6,453.3,453.6,0.12300000,1777132799999,55.78590000,2,0.10000000,45.36000000,0
2026-04-25 16:00:00,452.5,452.5,452.5,452.5,10.90800000,1777147199999,4935.87000000,1,0.00000000,0.00000000,0
2026-04-25 20:00:00,452.5,452.5,452.5,452.5,0.00000000,1777161599999,0.00000000,0,0.00000000,0.00000000,0
2026-04-26 00:00:00,452.8,455.2,451.5,451.8,4.76500000,1777175999999,2160.32410000,44,4.64800000,2107.45710000,0
2026-04-26 04:00:00,451.8,451.8,451.8,451.8,0.00000000,1777190399999,0.00000000,0,0.00000000,0.00000000,0
2026-04-26 08:00:00,452.8,452.8,452.8,452.8,0.11400000,1777204799999,51.61920000,1,0.00000000,0.00000000,0
2026-04-26 12:00:00,451.0,454.7,450.9,454.7,0.44100000,1777219199999,198.95530000,4,0.01800000,8.18460000,0
2026-04-26 16:00:00,451.7,454.8,451.7,454.8,0.18700000,1777233599999,84.85360000,3,0.16700000,75.81960000,0
2026-04-26 20:00:00,455.0,455.6,453.7,455.6,1.55900000,1777247999999,708.88500000,6,1.55900000,708.88500000,0
2026-04-27 00:00:00,457.7,460.8,452.7,455.8,8.81300000,1777262399999,3997.03360000,75,1.70000000,774.02920000,0
2026-04-27 04:00:00,456.0,456.0,456.0,456.0,0.01000000,1777276799999,4.56000000,1,0.01000000,4.56000000,0
2026-04-27 08:00:00,448.9,448.9,448.9,448.9,0.00400000,1777291199999,1.79560000,1,0.00400000,1.79560000,0
2026-04-27 12:00:00,448.0,456.7,447.7,454.2,9.11300000,1777305599999,4139.08910000,23,2.94500000,1337.54810000,0
2026-04-27 16:00:00,448.4,454.6,445.3,445.3,2.10500000,1777319999999,938.89120000,5,0.00900000,4.09140000,0
2026-04-27 20:00:00,448.9,449.3,446.1,449.3,0.53300000,1777334399999,239.29570000,3,0.47700000,214.31410000,0
2026-04-28 00:00:00,451.5,452.6,447.1,447.5,15.55700000,1777348799999,6973.86610000,50,3.90200000,1761.63910000,0
2026-04-28 04:00:00,445.6,451.8,444.0,444.9,6.42900000,1777363199999,2864.77500000,12,3.02200000,1348.51420000,0
2026-04-28 08:00:00,448.2,448.2,444.7,446.1,0.12600000,1777377599999,56.27150000,7,0.04900000,21.93300000,0
2026-04-28 12:00:00,444.9,448.9,442.9,448.9,0.59900000,1777391999999,265.51050000,7,0.02200000,9.87580000,0
2026-04-28 16:00:00,448.9,448.9,448.9,448.9,0.00000000,1777406399999,0.00000000,0,0.00000000,0.00000000,0
2026-04-28 20:00:00,452.3,456.7,449.6,456.7,0.60000000,1777420799999,271.64840000,7,0.57700000,261.25960000,0
2026-04-29 00:00:00,451.7,458.5,451.4,453.0,7.65200000,1777435199999,3460.42130000,71,1.10700000,502.04540000,0
2026-04-29 04:00:00,453.7,457.9,451.7,453.2,0.42500000,1777449599999,192.94290000,11,0.15200000,69.23070000,0
2026-04-29 08:00:00,452.5,453.7,452.5,453.7,0.08000000,1777463999999,36.26600000,2,0.00000000,0.00000000,0
2026-04-29 12:00:00,452.1,452.8,447.1,447.1,0.82300000,1777478399999,371.58810000,6,0.61000000,275.93450000,0
2026-04-29 16:00:00,452.1,452.1,442.4,444.1,0.23000000,1777492799999,102.47860000,8,0.02800000,12.54180000,0
2026-04-29 20:00:00,445.2,450.1,445.2,450.1,0.06300000,1777507199999,28.21770000,3,0.04200000,18.86010000,0
2026-04-30 00:00:00,447.9,459.0,443.0,445.9,20.09600000,1777521599999,8985.87150000,50,5.04900000,2269.20780000,0
2026-04-30 04:00:00,445.9,445.9,445.9,445.9,0.00000000,1777535999999,0.00000000,0,0.00000000,0.00000000,0
2026-04-30 08:00:00,444.5,449.5,444.5,446.9,1.30000000,1777550399999,581.38250000,9,1.22300000,547.08280000,0
2026-04-30 12:00:00,445.1,445.1,445.1,445.1,0.56200000,1777564799999,250.14620000,1,0.56200000,250.14620000,0
2026-04-30 16:00:00,443.8,443.8,440.8,440.8,0.19200000,1777579199999,84.84100000,8,0.10700000,47.34280000,0
2026-04-30 20:00:00,438.5,446.3,438.5,446.3,0.07600000,1777593599999,33.53020000,4,0.05200000,22.99640000,0
2026-05-01 00:00:00,443.0,446.2,440.4,441.6,6.97000000,1777607999999,3078.56000000,60,4.54000000,2007.04880000,0
2026-05-01 04:00:00,446.9,446.9,446.2,446.2,0.04400000,1777622399999,19.64820000,2,0.04400000,19.64820000,0
2026-05-01 08:00:00,446.2,446.2,446.2,446.2,0.00000000,1777636799999,0.00000000,0,0.00000000,0.00000000,0
2026-05-01 12:00:00,442.5,457.3,442.5,452.1,1.99800000,1777651199999,900.65680000,13,1.92600000,868.65760000,0
2026-05-01 16:00:00,457.1,457.1,452.2,452.5,0.13100000,1777665599999,59.45700000,5,0.06200000,28.22010000,0
2026-05-01 20:00:00,455.1,455.1,449.7,450.3,0.76300000,1777679999999,343.70490000,8,0.39600000,178.44990000,0
2026-05-02 00:00:00,450.3,456.0,450.3,452.2,2.48900000,1777694399999,1121.91270000,35,0.37600000,170.02790000,0
2026-05-02 04:00:00,449.3,449.4,448.9,448.9,3.14300000,1777708799999,1412.06690000,4,0.77400000,347.44860000,0
2026-05-02 08:00:00,448.6,448.6,448.6,448.6,0.10700000,1777723199999,48.00020000,1,0.00000000,0.00000000,0
2026-05-02 12:00:00,450.2,450.2,444.5,446.6,3.26600000,1777737599999,1457.81120000,8,2.32000000,1036.14440000,0
2026-05-02 16:00:00,447.0,447.0,446.0,446.0,0.19300000,1777751999999,86.21720000,6,0.15300000,68.37660000,0
2026-05-02 20:00:00,446.5,446.9,445.9,446.9,0.67900000,1777766399999,303.17750000,6,0.66100000,295.15130000,0
2026-05-03 00:00:00,444.6,449.5,439.5,439.5,1.21900000,1777780799999,540.85730000,29,0.12000000,53.47700000,0
2026-05-03 04:00:00,443.3,443.3,440.7,440.7,0.66500000,1777795199999,294.49810000,3,0.55100000,244.25830000,0
2026-05-03 08:00:00,440.6,444.4,440.6,444.4,0.69000000,1777809599999,306.14900000,3,0.57400000,255.03940000,0
2026-05-03 12:00:00,445.6,448.4,443.2,448.4,2.06300000,1777823999999,917.63440000,5,1.06400000,474.78960000,0
2026-05-03 16:00:00,445.0,445.1,441.5,445.1,3.46200000,1777838399999,1539.46430000,6,2.26600000,1008.42020000,0
2026-05-03 20:00:00,444.2,448.4,443.1,443.1,18.53000000,1777852799999,8227.25110000,24,0.55900000,248.40020000,0
2026-05-04 00:00:00,442.8,449.8,440.7,449.8,36.01900000,1777867199999,16037.09520000,109,3.52400000,1566.90090000,0
2026-05-04 04:00:00,450.3,450.4,445.9,445.9,2.07700000,1777881599999,931.52580000,5,1.27700000,574.80580000,0
2026-05-04 08:00:00,444.0,445.0,438.2,444.9,10.10700000,1777895999999,4441.71920000,20,1.72000000,760.24100000,0
2026-05-04 12:00:00,445.0,448.1,439.8,442.2,4.42800000,1777910399999,1965.99830000,16,2.19900000,977.72100000,0
2026-05-04 16:00:00,444.2,444.2,442.9,442.9,0.51400000,1777924799999,228.30970000,2,0.00000000,0.00000000,0
2026-05-04 20:00:00,443.9,443.9,443.9,443.9,0.03200000,1777939199999,14.20480000,2,0.03200000,14.20480000,0
2026-05-05 00:00:00,444.6,448.1,442.8,445.4,1.50300000,1777953599999,668.14030000,46,0.34200000,152.17830000,0
2026-05-05 04:00:00,444.2,447.5,441.4,447.5,0.63400000,1777967999999,282.05340000,5,0.10000000,44.75000000,0
2026-05-05 08:00:00,450.3,460.9,450.3,459.7,6.62900000,1777982399999,2996.00710000,25,1.61200000,729.75500000,0
2026-05-05 12:00:00,460.5,460.5,455.0,455.0,0.59500000,1777996799999,270.94120000,4,0.02600000,11.96940000,0
2026-05-05 16:00:00,455.0,455.0,451.4,454.5,1.47900000,1778011199999,672.81760000,6,0.00000000,0.00000000,0
2026-05-05 20:00:00,455.1,464.0,454.7,461.5,7.89000000,1778025599999,3604.04880000,12,2.30400000,1059.24500000,0
2026-05-06 00:00:00,461.1,464.1,459.9,462.1,0.89200000,1778039999999,410.87370000,22,0.24300000,112.35400000,0
2026-05-06 04:00:00,465.0,490.2,465.0,476.3,10.60400000,1778054399999,5032.78070000,44,7.92700000,3752.23190000,0
2026-05-06 08:00:00,470.9,473.0,470.3,473.0,0.54300000,1778068799999,256.55050000,7,0.45000000,212.79940000,0
2026-05-06 12:00:00,475.5,476.5,463.7,463.8,1.54500000,1778083199999,723.84380000,11,0.16100000,76.59450000,0
2026-05-06 16:00:00,466.7,481.9,462.3,463.3,1.03700000,1778097599999,482.77400000,10,0.06700000,32.16270000,0
2026-05-06 20:00:00,462.3,473.9,461.7,466.6,6.13000000,1778111999999,2835.98250000,12,0.38900000,181.62420000,0
2026-05-07 00:00:00,464.3,477.6,461.5,461.5,0.72100000,1778126399999,336.78130000,19,0.54600000,255.95920000,0
2026-05-07 04:00:00,460.4,474.7,457.6,468.8,4.22800000,1778140799999,1950.20170000,9,0.36400000,168.30170000,0
2026-05-07 08:00:00,461.6,461.6,459.8,459.8,0.85700000,1778155199999,395.19610000,3,0.84200000,388.29910000,0
2026-05-07 12:00:00,460.0,460.0,452.9,452.9,0.16300000,1778169599999,74.40630000,4,0.05600000,25.76000000,0
2026-05-07 16:00:00,448.3,452.9,448.3,448.6,0.15300000,1778183999999,68.88270000,3,0.06000000,27.17400000,0
2026-05-07 20:00:00,448.1,450.9,448.1,450.9,0.37500000,1778198399999,169.02630000,4,0.35900000,161.85670000,0
2026-05-08 00:00:00,449.4,461.8,449.4,451.9,0.27800000,1778212799999,125.47300000,14,0.17600000,79.57480000,0
2026-05-08 04:00:00,451.9,451.9,451.9,451.9,0.00000000,1778227199999,0.00000000,0,0.00000000,0.00000000,0
2026-05-08 08:00:00,450.6,450.9,447.0,449.6,21.96400000,1778241599999,9847.57280000,7,0.47800000,215.51970000,0
2026-05-08 12:00:00,450.8,451.0,449.5,451.0,13.56700000,1778255999999,6110.77930000,11,8.80500000,3967.12380000,0
2026-05-08 16:00:00,450.5,453.1,449.0,452.5,2.77300000,1778270399999,1252.39830000,12,2.16100000,977.17930000,0
2026-05-08 20:00:00,451.0,454.9,448.9,448.9,0.52800000,1778284799999,238.65140000,7,0.27900000,126.74150000,0
2026-05-09 00:00:00,446.5,457.5,446.5,452.4,4.79300000,1778299199999,2155.72660000,73,2.34300000,1055.52790000,0
2026-05-09 04:00:00,452.4,452.4,452.4,452.4,0.00000000,1778313599999,0.00000000,0,0.00000000,0.00000000,0
2026-05-09 08:00:00,449.8,451.9,449.4,451.9,0.16200000,1778327999999,72.84510000,3,0.00300000,1.35570000,0
2026-05-09 12:00:00,448.1,449.5,448.1,449.5,3.32200000,1778342399999,1492.36960000,2,0.00000000,0.00000000,0
2026-05-09 16:00:00,449.3,449.3,449.3,449.3,0.02600000,1778356799999,11.68180000,1,0.00000000,0.00000000,0
2026-05-09 20:00:00,449.1,450.3,449.1,450.3,0.03300000,1778371199999,14.84070000,2,0.01700000,7.65510000,0
2026-05-10 00:00:00,450.0,452.2,449.5,450.5,9.80900000,1778385599999,4415.03690000,56,6.76800000,3047.48820000,0
2026-05-10 04:00:00,453.2,455.2,453.2,455.2,1.10800000,1778399999999,503.03280000,3,1.10800000,503.03280000,0
2026-05-10 08:00:00,454.0,454.0,453.0,453.0,5.26400000,1778414399999,2388.60900000,7,1.34600000,611.01400000,0
2026-05-10 12:00:00,454.1,455.3,454.1,455.3,2.63100000,1778428799999,1194.76470000,2,2.63100000,1194.76470000,0
2026-05-10 16:00:00,456.8,460.1,456.0,460.1,12.49700000,1778443199999,5718.86770000,23,9.08000000,4148.83430000,0
2026-05-10 20:00:00,460.9,463.6,460.1,462.8,8.76100000,1778457599999,4037.79660000,21,2.27300000,1048.47760000,0
2026-05-11 00:00:00,462.4,464.7,452.9,452.9,2.62700000,1778471999999,1199.32850000,63,1.17900000,540.25840000,0
2026-05-11 04:00:00,450.9,458.2,450.3,450.3,14.83200000,1778486399999,6714.40260000,17,11.50500000,5209.11610000,0
2026-05-11 08:00:00,463.2,463.2,449.7,449.7,1.01800000,1778500799999,465.85130000,7,0.55700000,257.61490000,0
2026-05-11 12:00:00,452.9,452.9,449.0,450.0,1.08200000,1778515199999,486.11110000,7,0.04600000,20.81160000,0
2026-05-11 16:00:00,450.2,452.7,450.2,452.7,0.10100000,1778529599999,45.71270000,2,0.09700000,43.91190000,0
2026-05-11 20:00:00,452.1,456.5,449.4,454.3,4.38900000,1778543999999,1975.37370000,10,4.30600000,1938.07010000,0
2026-05-12 00:00:00,449.8,461.9,443.4,446.8,4.51600000,1778558399999,2027.46480000,74,1.43700000,648.25420000,0
2026-05-12 04:00:00,446.3,447.6,446.3,447.6,5.40800000,1778572799999,2420.31100000,3,5.40800000,2420.31100000,0
2026-05-12 08:00:00,447.1,447.1,438.8,439.1,6.28300000,1778587199999,2782.92200000,10,5.91000000,2617.29160000,0
2026-05-12 12:00:00,439.9,440.5,439.9,440.5,0.01800000,1778601599999,7.92060000,2,0.00400000,1.76200000,0
2026-05-12 16:00:00,439.5,440.2,436.1,439.8,3.29300000,1778615999999,1439.49960000,15,0.24000000,105.35150000,0
2026-05-12 20:00:00,440.0,440.7,439.8,439.8,0.33400000,1778630399999,146.96610000,5,0.18800000,82.69770000,0
2026-05-13 00:00:00,439.4,442.1,439.4,441.5,0.88500000,1778644799999,389.93990000,69,0.79900000,352.00240000,0
2026-05-13 04:00:00,442.2,442.2,442.0,442.0,5.95100000,1778659199999,2630.87580000,7,0.00000000,0.00000000,0
2026-05-13 08:00:00,439.8,440.5,439.0,439.0,3.08900000,1778673599999,1360.36510000,5,2.87900000,1268.03650000,0
2026-05-13 12:00:00,437.1,437.1,431.8,434.1,3.45300000,1778687999999,1498.99980000,11,0.38700000,168.43600000,0
2026-05-13 16:00:00,434.1,434.1,433.9,433.9,0.12800000,1778702399999,55.55660000,2,0.04100000,17.78990000,0
2026-05-13 20:00:00,434.0,434.0,433.9,433.9,0.10500000,1778716799999,45.56530000,2,0.00000000,0.00000000,0
2026-05-14 00:00:00,435.8,436.0,434.9,435.0,1.00000000,1778731199999,435.27540000,46,0.46500000,202.55190000,0
2026-05-14 04:00:00,434.5,434.5,434.5,434.5,0.13300000,1778745599999,57.78850000,1,0.13300000,57.78850000,0
2026-05-14 08:00:00,433.3,433.3,433.3,433.3,0.01100000,1778759999999,4.76630000,1,0.00000000,0.00000000,0
2026-05-14 12:00:00,434.0,434.0,433.1,433.1,0.18100000,1778774399999,78.52610000,2,0.15000000,65.10000000,0
2026-05-14 16:00:00,435.8,438.6,435.8,438.4,6.19700000,1778788799999,2715.61160000,10,5.31900000,2330.67440000,0
2026-05-14 20:00:00,437.6,437.6,434.5,434.5,0.17200000,1778803199999,75.12240000,5,0.12500000,54.68650000,0
2026-05-15 00:00:00,435.2,437.7,435.1,435.1,8.29900000,1778817599999,3627.72680000,59,7.58900000,3317.89060000,0
2026-05-15 04:00:00,433.2,433.2,432.6,432.6,0.72000000,1778831999999,311.54090000,3,0.59900000,259.19630000,0
2026-05-15 08:00:00,431.4,432.8,430.5,432.8,0.67100000,1778846399999,289.57560000,5,0.46300000,199.87710000,0
2026-05-15 12:00:00,430.9,430.9,424.2,425.4,36.50400000,1778860799999,15622.63940000,73,17.31400000,7423.46750000,0
2026-05-15 16:00:00,424.7,427.6,424.7,426.6,5.91100000,1778875199999,2523.84930000,13,2.36900000,1012.50990000,0
2026-05-15 20:00:00,425.9,426.9,425.5,426.7,0.54900000,1778889599999,234.05580000,5,0.54900000,234.05580000,0
2026-05-16 00:00:00,427.5,427.8,426.9,427.3,0.10400000,1778903999999,44.46520000,24,0.10000000,42.75760000,0
2026-05-16 04:00:00,426.3,426.3,418.8,420.6,26.76700000,1778918399999,11277.49420000,48,15.60500000,6570.95860000,0
2026-05-16 08:00:00,419.2,419.6,411.9,412.4,20.75800000,1778932799999,8637.98810000,54,9.95100000,4138.88530000,0
2026-05-16 12:00:00,411.1,416.9,410.5,416.9,5.64400000,1778947199999,2343.78110000,9,0.14500000,59.95760000,0
2026-05-16 16:00:00,417.5,418.4,417.5,417.7,2.04100000,1778961599999,852.17030000,7,2.03300000,848.82790000,0
2026-05-16 20:00:00,417.1,417.1,417.1,417.1,0.17800000,1778975999999,74.24380000,1,0.00000000,0.00000000,0
2026-05-17 00:00:00,416.5,416.7,413.3,413.9,0.99900000,1778990399999,414.07110000,24,0.66900000,277.13870000,0
2026-05-17 04:00:00,414.9,416.1,414.9,415.3,4.36000000,1779004799999,1810.47150000,5,0.17500000,72.81750000,0
2026-05-17 08:00:00,415.7,415.7,414.8,415.3,1.06600000,1779019199999,442.70550000,8,1.00700000,418.22640000,0
2026-05-17 12:00:00,414.6,414.6,411.4,411.4,3.28700000,1779033599999,1361.04750000,3,0.06100000,25.09540000,0
2026-05-17 16:00:00,413.2,413.2,408.8,411.2,3.32000000,1779047999999,1363.52500000,18,1.27100000,522.78550000,0
2026-05-17 20:00:00,413.6,413.6,400.5,406.6,6.87500000,1779062399999,2796.82370000,24,2.28900000,930.27670000,0
2026-05-18 00:00:00,403.5,404.0,385.1,385.1,46.59800000,1779076799999,18198.19530000,175,31.49200000,12308.25920000,0
2026-05-18 04:00:00,385.8,385.8,362.8,364.8,19.72600000,1779091199999,7275.87180000,80,7.17800000,2668.33180000,0
2026-05-18 08:00:00,363.6,365.5,351.1,356.9,25.61500000,1779105599999,9274.18810000,65,12.36400000,4485.69640000,0
2026-05-18 12:00:00,358.1,379.9,356.7,373.9,38.79900000,1779119999999,14374.44790000,110,27.27600000,10073.42950000,0
2026-05-18 16:00:00,372.1,378.9,365.6,378.9,23.86400000,1779134399999,8896.71630000,60,12.13800000,4529.47510000,0
2026-05-18 20:00:00,372.8,383.2,372.7,379.5,20.83400000,1779148799999,7850.89540000,46,18.10100000,6819.70770000,0
2026-05-19 00:00:00,377.7,380.8,377.6,380.5,2.78400000,1779163199999,1054.77350000,82,1.38000000,523.17280000,0
2026-05-19 04:00:00,381.6,383.1,379.8,382.7,4.17900000,1779177599999,1589.03450000,13,1.71300000,651.13880000,0
2026-05-19 08:00:00,379.0,383.7,373.0,383.7,11.81000000,1779191999999,4435.08060000,22,11.49100000,4314.22060000,0
2026-05-19 12:00:00,381.9,385.7,361.3,365.9,21.83000000,1779206399999,8106.07890000,49,5.31000000,1943.14000000,0
2026-05-19 16:00:00,365.9,365.9,365.9,365.9,0.00000000,1779220799999,0.00000000,0,0.00000000,0.00000000,0
2026-05-19 20:00:00,367.7,369.7,367.7,369.4,3.65000000,1779235199999,1346.33490000,7,0.00900000,3.32730000,0
2026-05-20 00:00:00,370.1,370.9,369.3,370.9,0.54100000,1779249599999,200.40010000,42,0.45600000,168.91120000,0
2026-05-20 04:00:00,368.3,370.5,368.3,370.5,3.21200000,1779263999999,1187.58190000,6,0.09300000,34.41410000,0
2026-05-20 08:00:00,369.9,369.9,367.2,367.2,7.41400000,1779278399999,2737.19070000,11,4.47000000,1651.97410000,0
2026-05-20 12:00:00,366.4,369.9,366.4,369.2,6.36900000,1779292799999,2350.78520000,9,4.31300000,1593.20240000,0
2026-05-20 16:00:00,369.8,373.4,369.8,372.8,0.59200000,1779307199999,219.66140000,5,0.07000000,26.04560000,0
2026-05-20 20:00:00,372.5,372.5,372.5,372.5,2.55600000,1779321599999,952.11000000,1,0.00000000,0.00000000,0
2026-05-21 00:00:00,375.2,380.9,374.4,380.9,11.90800000,1779335999999,4499.96750000,87,8.20000000,3101.12540000,0
2026-05-21 04:00:00,380.7,381.4,378.7,378.7,2.85400000,1779350399999,1084.00700000,7,1.38100000,526.06100000,0
2026-05-21 08:00:00,377.2,377.2,375.9,376.0,0.11800000,1779364799999,44.43080000,4,0.01300000,4.89320000,0
2026-05-21 12:00:00,376.0,379.4,376.0,379.1,12.46600000,1779379199999,4695.13840000,13,12.11100000,4560.56270000,0
2026-05-21 16:00:00,378.2,382.5,378.2,380.2,39.08400000,1779393599999,14895.51700000,22,12.45100000,4727.18020000,0
2026-05-21 20:00:00,379.6,380.6,379.6,380.6,1.62100000,1779407999999,616.89840000,6,1.57500000,599.43100000,0
2026-05-22 00:00:00,380.1,380.3,378.5,379.0,2.64200000,1779422399999,1001.05160000,64,1.66300000,630.50010000,0
2026-05-22 04:00:00,378.6,378.6,378.3,378.3,0.06200000,1779436799999,23.46420000,2,0.03200000,12.11520000,0
2026-05-22 08:00:00,379.6,379.6,379.4,379.4,10.03300000,1779451199999,3807.67280000,4,0.00000000,0.00000000,0
2026-05-22 12:00:00,380.7,381.2,379.5,379.5,6.71100000,1779465599999,2554.58710000,12,6.70500000,2552.30590000,0
2026-05-22 16:00:00,380.8,380.8,372.2,372.2,3.02600000,1779479999999,1144.23380000,14,1.85000000,700.56500000,0
2026-05-22 20:00:00,374.2,375.0,359.1,361.0,13.63400000,1779494399999,4996.04900000,46,4.50800000,1634.28730000,0
2026-05-23 00:00:00,363.2,363.8,358.4,362.8,4.91300000,1779508799999,1777.22560000,53,3.90800000,1415.55430000,0
2026-05-23 04:00:00,361.7,361.7,356.2,356.2,0.20300000,1779523199999,72.38590000,5,0.01400000,5.06380000,0
2026-05-23 08:00:00,356.6,357.2,343.8,344.8,15.25800000,1779537599999,5292.74550000,31,4.90600000,1708.10870000,0
2026-05-23 12:00:00,348.7,349.2,348.7,349.2,10.07400000,1779551999999,3515.54590000,20,10.07400000,3515.54590000,0
2026-05-23 16:00:00,351.8,353.0,351.8,353.0,3.43900000,1779566399999,1210.25290000,4,3.43900000,1210.25290000,0
2026-05-23 20:00:00,352.9,357.9,352.9,355.7,3.36200000,1779580799999,1197.05170000,10,3.27100000,1164.79510000,0
2026-05-24 00:00:00,355.8,357.5,353.5,354.7,4.16400000,1779595199999,1478.20740000,80,3.14100000,1116.45170000,0
2026-05-24 04:00:00,354.7,354.7,354.7,354.7,0.00000000,1779609599999,0.00000000,0,0.00000000,0.00000000,0
2026-05-24 08:00:00,353.1,353.1,353.1,353.1,0.05400000,1779623999999,19.06740000,1,0.00000000,0.00000000,0
2026-05-24 12:00:00,351.2,351.2,348.5,348.8,1.85600000,1779638399999,650.24000000,8,1.84400000,646.04390000,0
2026-05-24 16:00:00,351.0,351.5,349.7,349.7,21.79600000,1779652799999,7636.38940000,34,17.17700000,6017.92770000,0
2026-05-24 20:00:00,349.1,349.1,334.8,346.5,17.96400000,1779667199999,6182.79070000,74,10.22400000,3523.08120000,0
2026-05-25 00:00:00,347.4,348.5,347.2,347.3,1.73300000,1779681599999,602.66850000,75,1.12800000,392.49270000,0
2026-05-25 04:00:00,348.4,350.2,348.4,350.1,4.83800000,1779695999999,1686.04260000,10,4.68300000,1631.76250000,0
2026-05-25 08:00:00,350.1,352.0,350.1,351.1,0.89500000,1779710399999,314.69550000,4,0.30000000,105.60000000,0
2026-05-25 12:00:00,349.9,349.9,349.7,349.7,0.43400000,1779724799999,151.77660000,2,0.43400000,151.77660000,0
2026-05-25 16:00:00,350.4,350.9,350.4,350.9,0.13400000,1779739199999,47.01060000,2,0.11400000,40.00260000,0
2026-05-25 20:00:00,349.4,349.4,349.4,349.4,0.03900000,1779753599999,13.62660000,1,0.03900000,13.62660000,0
2026-05-26 00:00:00,351.5,351.5,344.8,344.8,1.12200000,1779767999999,390.21260000,45,0.38500000,134.81300000,0
2026-05-26 04:00:00,351.6,351.6,349.5,349.5,1.59900000,1779782399999,560.62860000,7,0.00800000,2.80800000,0
2026-05-26 08:00:00,349.3,354.5,349.3,353.9,10.40500000,1779796799999,3677.34970000,15,5.69300000,2008.54940000,0
2026-05-26 12:00:00,353.2,353.8,348.5,348.7,10.57000000,1779811199999,3699.36220000,19,7.31100000,2557.02300000,0
2026-05-26 16:00:00,348.4,348.5,343.8,344.9,4.59700000,1779825599999,1594.20890000,16,2.35000000,816.26750000,0
2026-05-26 20:00:00,345.8,346.2,345.5,345.5,2.94900000,1779839999999,1018.90080000,4,2.90600000,1004.03140000,0
2026-05-27 00:00:00,344.3,345.7,343.4,343.4,0.60300000,1779854399999,207.89350000,50,0.48400000,167.02890000,0
2026-05-27 04:00:00,340.8,345.9,340.8,345.9,4.19200000,1779868799999,1436.44350000,14,2.83700000,974.62400000,0
2026-05-27 08:00:00,343.4,343.4,343.2,343.2,0.38800000,1779883199999,133.23260000,3,0.00000000,0.00000000,0
2026-05-27 12:00:00,343.3,345.0,339.2,345.0,7.55100000,1779897599999,2580.93010000,35,3.55300000,1216.18710000,0
2026-05-27 16:00:00,344.1,344.1,341.2,342.9,3.59100000,1779911999999,1228.18050000,11,1.35300000,463.11370000,0
2026-05-27 20:00:00,342.5,342.5,333.0,333.9,2.44600000,1779926399999,825.76040000,14,0.76100000,257.15470000,0
2026-05-28 00:00:00,335.9,336.1,333.2,333.2,5.12200000,1779940799999,1711.81600000,82,2.15400000,721.76180000,0
2026-05-28 04:00:00,329.7,331.7,323.8,327.3,11.34200000,1779955199999,3724.58350000,25,4.06700000,1336.21500000,0
2026-05-28 08:00:00,326.2,326.2,300.0,302.1,11.87400000,1779969599999,3718.45220000,55,5.65000000,1756.56420000,0
2026-05-28 12:00:00,301.6,302.1,294.2,296.2,13.02500000,1779983999999,3887.19270000,31,10.25200000,3056.95760000,0
2026-05-28 16:00:00,297.3,303.5,297.3,303.5,8.64100000,1779998399999,2593.07740000,10,5.67300000,1692.91670000,0
2026-05-28 20:00:00,302.6,303.4,296.8,299.0,4.12800000,1780012799999,1249.54370000,14,3.97800000,1204.68890000,0
2026-05-29 00:00:00,302.1,303.4,300.4,302.0,3.90900000,1780027199999,1178.23560000,76,2.00400000,605.86110000,0
2026-05-29 04:00:00,303.8,306.1,303.8,306.1,1.48800000,1780041599999,452.09580000,2,1.48800000,452.09580000,0
2026-05-29 08:00:00,306.8,310.0,298.8,298.8,8.04800000,1780055999999,2467.40310000,32,5.14400000,1581.54770000,0
2026-05-29 12:00:00,299.5,308.2,297.2,307.3,26.54100000,1780070399999,8029.20020000,54,14.63200000,4446.09530000,0
2026-05-29 16:00:00,306.3,307.7,303.0,303.0,11.99100000,1780084799999,3667.94000000,12,7.64000000,2342.59880000,0
2026-05-29 20:00:00,304.9,305.5,301.6,302.4,2.05600000,1780099199999,624.38410000,6,1.34800000,410.53180000,0
2026-05-30 00:00:00,303.8,305.8,302.7,305.8,4.74900000,1780113599999,1443.75450000,80,4.67000000,1419.79380000,0
2026-05-30 04:00:00,301.1,301.1,299.0,299.0,1.72600000,1780127999999,517.11500000,4,0.09900000,29.74950000,0
2026-05-30 08:00:00,303.0,303.0,303.0,303.0,0.06200000,1780142399999,18.78600000,1,0.00000000,0.00000000,0
2026-05-30 12:00:00,306.3,307.1,305.9,306.8,13.67600000,1780156799999,4191.81150000,16,13.57700000,4161.52740000,0
2026-05-30 16:00:00,306.6,307.1,306.0,306.1,1.43000000,1780171199999,437.75570000,5,0.08300000,25.45430000,0
2026-05-30 20:00:00,306.5,306.5,305.6,305.6,0.89900000,1780185599999,275.15820000,3,0.32600000,99.91900000,0
2026-05-31 00:00:00,303.8,304.7,302.5,303.7,1.39100000,1780199999999,423.01860000,73,1.29200000,392.95710000,0
2026-05-31 04:00:00,304.5,305.4,304.2,305.4,2.27400000,1780214399999,694.00730000,6,1.69700000,517.93890000,0
2026-05-31 08:00:00,306.0,307.5,305.4,305.4,4.17400000,1780228799999,1282.51970000,5,4.14400000,1273.35230000,0
2026-05-31 12:00:00,303.2,304.8,299.7,300.3,8.60600000,1780243199999,2601.26330000,24,4.20500000,1274.14290000,0
2026-05-31 16:00:00,299.1,299.5,298.8,299.4,0.48900000,1780257599999,146.38020000,4,0.36400000,109.01400000,0
2026-05-31 20:00:00,301.4,303.0,300.8,302.4,5.30400000,1780271999999,1599.12060000,12,4.05000000,1219.68000000,0
2026-06-01 00:00:00,304.6,304.8,297.1,301.8,11.82500000,1780286399999,3553.89350000,89,4.14500000,1252.86920000,0
2026-06-01 04:00:00,298.0,298.8,290.3,290.5,15.44000000,1780300799999,4531.68950000,58,6.52500000,1913.40200000,0
2026-06-01 08:00:00,289.7,289.7,280.0,281.6,19.44700000,1780315199999,5539.58240000,63,9.82700000,2789.49060000,0
2026-06-01 12:00:00,280.7,287.2,280.7,286.8,9.59700000,1780329599999,2719.77170000,40,8.76600000,2483.74330000,0
2026-06-01 16:00:00,287.1,292.1,287.1,291.6,1.09400000,1780343999999,317.70640000,20,0.50600000,146.68700000,0
2026-06-01 20:00:00,289.9,293.7,288.7,292.6,10.15800000,1780358399999,2951.85630000,19,4.50400000,1309.60660000,0
2026-06-02 00:00:00,294.3,294.3,287.1,291.8,12.61000000,1780372799999,3664.71660000,98,11.85700000,3447.98170000,0
2026-06-02 04:00:00,289.9,289.9,285.2,287.2,1.52400000,1780387199999,437.85000000,12,0.85300000,244.13230000,0
2026-06-02 08:00:00,286.4,286.4,283.1,285.0,1.17600000,1780401599999,333.79620000,22,0.30800000,87.58000000,0
2026-06-02 12:00:00,284.8,286.9,280.0,282.9,6.88100000,1780415999999,1941.05630000,31,3.77300000,1066.83490000,0
2026-06-02 16:00:00,281.5,286.8,277.4,281.5,14.78000000,1780430399999,4149.66350000,64,13.33300000,3743.15380000,0
2026-06-02 20:00:00,281.3,284.6,265.5,269.3,28.20200000,1780444799999,7788.22510000,97,19.71700000,5460.77360000,0
2026-06-03 00:00:00,269.7,271.6,243.1,248.0,28.39900000,1780459199999,7400.79020000,174,17.51300000,4589.88950000,0
2026-06-03 04:00:00,247.5,255.5,244.1,252.2,49.66900000,1780473599999,12476.91450000,103,36.07900000,9081.38920000,0
2026-06-03 08:00:00,252.3,252.9,248.4,251.6,11.81500000,1780487999999,2964.56390000,48,8.09400000,2034.18580000,0
2026-06-03 12:00:00,249.1,250.3,243.4,247.2,46.93400000,1780502399999,11615.31750000,83,28.74000000,7125.10310000,0
2026-06-03 16:00:00,246.5,251.6,242.3,244.8,24.83000000,1780516799999,6123.78070000,68,12.31200000,3032.26700000,0
2026-06-03 20:00:00,242.5,249.4,240.7,242.4,14.02700000,1780531199999,3445.19330000,45,10.49400000,2582.43620000,0
2026-06-04 00:00:00,244.4,249.0,231.6,247.0,36.30200000,1780545599999,8751.13700000,182,25.70600000,6243.75290000,0
2026-06-04 04:00:00,246.7,249.2,243.4,244.2,25.99200000,1780559999999,6382.70840000,32,22.97400000,5642.49940000,0
2026-06-04 08:00:00,244.4,245.8,240.8,245.2,25.24200000,1780574399999,6182.01530000,21,22.73300000,5570.69420000,0
2026-06-04 12:00:00,245.3,251.1,245.3,245.6,18.89800000,1780588799999,4687.66300000,19,13.10600000,3264.50440000,0
2026-06-04 16:00:00,247.6,250.3,246.2,250.2,3.04500000,1780603199999,760.45460000,6,0.01900000,4.70440000,0
2026-06-04 20:00:00,243.5,245.3,242.9,245.3,1.95500000,1780617599999,477.14190000,8,1.54700000,377.79630000,0
2026-06-05 00:00:00,244.7,246.0,243.7,244.0,4.38700000,1780631999999,1071.60200000,49,4.06800000,993.72710000,0
2026-06-05 04:00:00,240.4,240.5,221.0,223.7,39.42900000,1780646399999,8780.08320000,66,4.17800000,935.63720000,0
2026-06-05 08:00:00,223.9,228.0,221.7,224.9,5.84100000,1780660799999,1303.71860000,15,0.03500000,7.98000000,0
2026-06-05 12:00:00,221.0,224.0,215.0,216.5,11.20700000,1780675199999,2471.47190000,30,3.62300000,805.88300000,0
2026-06-05 16:00:00,212.8,220.0,210.0,210.0,21.95300000,1780689599999,4692.49650000,37,10.17000000,2204.12770000,0
2026-06-05 20:00:00,218.9,219.3,208.7,208.7,8.05800000,1780703999999,1716.17830000,29,3.15800000,670.14680000,0
2026-06-06 00:00:00,211.0,215.9,210.3,211.7,9.59300000,1780718399999,2038.90550000,86,9.46600000,2012.13740000,0
2026-06-06 04:00:00,211.6,225.3,203.3,224.2,50.95100000,1780732799999,11186.93160000,60,15.40700000,3319.04580000,0
2026-06-06 08:00:00,223.8,223.8,218.4,219.5,10.04000000,1780747199999,2207.58780000,12,4.41000000,966.23380000,0
2026-06-06 12:00:00,219.9,219.9,217.6,218.2,2.05400000,1780761599999,448.45440000,6,0.93000000,202.37460000,0
2026-06-06 16:00:00,216.8,216.8,213.8,215.0,0.92400000,1780775999999,198.54140000,9,0.38600000,82.97280000,0
2026-06-06 20:00:00,214.2,217.5,214.2,217.5,1.92500000,1780790399999,416.44400000,7,0.94500000,205.46460000,0
2026-06-07 00:00:00,217.4,220.8,216.3,217.9,8.19000000,1780804799999,1787.21070000,50,5.57700000,1211.45570000,0
2026-06-07 04:00:00,222.1,226.4,222.1,226.4,5.52600000,1780819199999,1235.58330000,10,5.49500000,1228.65790000,0
2026-06-07 08:00:00,224.6,228.9,224.4,225.9,16.65700000,1780833599999,3778.68660000,22,12.88500000,2924.90260000,0
2026-06-07 12:00:00,222.9,222.9,222.9,222.9,1.00000000,1780847999999,222.90000000,1,1.00000000,222.90000000,0
2026-06-07 16:00:00,224.3,224.3,219.1,219.1,0.13300000,1780862399999,29.48870000,2,0.06700000,15.02810000,0
2026-06-07 20:00:00,221.7,234.1,221.7,227.7,18.80700000,1780876799999,4327.80890000,35,14.47500000,3327.43750000,0
2026-06-08 00:00:00,229.7,231.7,220.7,220.7,28.77000000,1780891199999,6456.03140000,90,14.25300000,3191.52690000,0
2026-06-08 04:00:00,221.2,223.3,216.7,217.2,17.41700000,1780905599999,3846.74990000,24,10.47000000,2314.02380000,0
2026-06-08 08:00:00,213.3,213.4,200.0,206.8,109.54900000,1780919999999,22489.91610000,190,84.65700000,17450.28990000,0
2026-06-08 12:00:00,207.5,211.1,204.9,210.1,2.65200000,1780934399999,551.13250000,6,2.39200000,496.36430000,0
2026-06-08 16:00:00,209.8,210.8,206.7,210.1,6.20500000,1780948799999,1299.21970000,13,0.24700000,52.05960000,0
2026-06-08 20:00:00,209.9,213.1,208.9,209.0,1.97100000,1780963199999,415.35940000,7,1.11700000,235.87990000,0
2026-06-09 00:00:00,209.1,209.1,203.9,206.7,12.46100000,1780977599999,2572.99420000,90,11.87400000,2452.41470000,0
2026-06-09 04:00:00,207.5,208.4,207.5,208.4,3.77000000,1780991999999,785.59720000,5,3.75200000,781.85500000,0
2026-06-09 08:00:00,207.5,207.5,206.0,206.0,2.78300000,1781006399999,573.78000000,6,2.76700000,570.46000000,0
2026-06-09 12:00:00,203.1,203.4,202.1,203.3,2.43700000,1781020799999,493.35800000,7,1.81200000,366.32810000,0
2026-06-09 16:00:00,204.0,204.0,204.0,204.0,0.16600000,1781035199999,33.86400000,1,0.00000000,0.00000000,0
2026-06-09 20:00:00,202.0,203.5,202.0,203.5,0.10500000,1781049599999,21.22350000,2,0.00900000,1.83150000,0
2026-06-10 00:00:00,203.7,204.2,200.4,200.7,8.60500000,1781063999999,1730.92050000,61,7.69100000,1547.22560000,0
2026-06-10 04:00:00,200.0,200.9,197.6,200.9,10.70600000,1781078399999,2135.84260000,24,3.32800000,664.95360000,0
2026-06-10 08:00:00,198.6,198.6,194.2,194.2,11.29300000,1781092799999,2224.73280000,20,4.36700000,861.03070000,0
2026-06-10 12:00:00,195.5,200.0,195.5,200.0,5.64200000,1781107199999,1112.89870000,18,3.47800000,685.47640000,0
2026-06-10 16:00:00,200.0,200.0,195.7,195.9,30.77900000,1781121599999,6045.94690000,34,22.97100000,4514.47120000,0
2026-06-10 20:00:00,195.9,195.9,193.3,193.3,0.31000000,1781135999999,60.29230000,5,0.12800000,24.88170000,0
2026-06-11 00:00:00,195.5,198.9,192.9,198.9,20.85700000,1781150399999,4098.18580000,76,20.52600000,4033.01190000,0
2026-06-11 04:00:00,200.2,201.1,200.2,200.2,2.23500000,1781164799999,447.93480000,4,1.53600000,307.99500000,0
2026-06-11 08:00:00,200.5,202.0,200.5,201.3,0.11400000,1781179199999,22.96970000,3,0.04900000,9.89800000,0
2026-06-11 12:00:00,199.1,200.8,199.1,199.2,3.13000000,1781193599999,625.25460000,6,2.10600000,421.25180000,0
2026-06-11 16:00:00,200.3,205.6,199.8,205.6,20.64700000,1781207999999,4200.68110000,22,17.90900000,3645.46520000,0
2026-06-11 20:00:00,204.0,209.3,204.0,205.7,30.39300000,1781222399999,6299.66110000,27,25.88100000,5363.52000000,0
2026-06-12 00:00:00,206.0,206.2,204.8,205.0,1.14900000,1781236799999,236.30130000,87,1.09100000,224.40550000,0
2026-06-12 04:00:00,205.8,205.8,205.8,205.8,0.00600000,1781251199999,1.23480000,1,0.00000000,0.00000000,0
2026-06-12 08:00:00,204.8,204.8,204.8,204.8,0.85200000,1781265599999,174.48960000,2,0.73200000,149.91360000,0
2026-06-12 12:00:00,205.7,208.6,204.3,207.1,11.42000000,1781279999999,2363.56850000,11,1.12700000,231.05260000,0
2026-06-12 16:00:00,206.6,206.6,204.0,204.0,2.71800000,1781294399999,559.57890000,5,2.03500000,420.17860000,0
2026-06-12 20:00:00,204.5,204.7,201.1,201.1,18.30800000,1781308799999,3741.95930000,19,9.95600000,2034.49470000,0
2026-06-13 00:00:00,202.6,202.8,201.9,202.3,2.03500000,1781323199999,411.85480000,58,1.08400000,219.50270000,0
2026-06-13 04:00:00,201.6,207.0,201.3,207.0,14.81000000,1781337599999,3040.58390000,21,6.92000000,1429.44370000,0
2026-06-13 08:00:00,206.9,208.0,206.9,207.9,4.65600000,1781351999999,967.44940000,7,4.19500000,871.80860000,0
2026-06-13 12:00:00,208.8,208.8,208.3,208.6,4.06500000,1781366399999,847.93270000,6,3.48000000,725.91120000,0
2026-06-13 16:00:00,207.5,207.7,206.8,207.3,3.43300000,1781380799999,711.87300000,8,0.31400000,65.14870000,0
2026-06-13 20:00:00,209.4,209.4,209.4,209.4,0.03600000,1781395199999,7.53840000,1,0.03600000,7.53840000,0
2026-06-14 00:00:00,208.7,209.1,208.5,209.0,5.50200000,1781409599999,1149.36110000,57,5.50200000,1149.36110000,0
2026-06-14 04:00:00,205.3,205.3,203.6,203.6,1.17300000,1781423999999,239.15280000,5,0.00000000,0.00000000,0
2026-06-14 08:00:00,204.1,204.6,202.6,204.1,2.15100000,1781438399999,438.82350000,8,1.07900000,220.32460000,0
2026-06-14 12:00:00,203.0,203.0,199.8,201.8,2.27800000,1781452799999,457.74020000,13,0.34400000,69.32140000,0
2026-06-14 16:00:00,200.9,200.9,198.3,198.3,3.94000000,1781467199999,790.25790000,7,0.09800000,19.43340000,0
2026-06-14 20:00:00,198.9,209.5,198.9,209.5,19.76400000,1781481599999,4040.71320000,34,10.20500000,2084.23330000,0
2026-06-15 00:00:00,210.9,212.1,210.5,211.8,4.27400000,1781495999999,903.84590000,71,2.78600000,589.98230000,0
2026-06-15 04:00:00,211.7,213.9,211.7,213.8,0.13100000,1781510399999,27.89040000,4,0.03900000,8.32450000,0
2026-06-15 08:00:00,213.3,228.6,213.3,228.6,19.79700000,1781524799999,4377.05080000,40,16.01000000,3533.57690000,0
2026-06-15 12:00:00,228.8,229.2,225.6,227.0,17.49300000,1781539199999,3980.54290000,19,9.23000000,2098.08330000,0
2026-06-15 16:00:00,224.9,224.9,222.7,224.0,4.94200000,1781553599999,1102.98330000,6,2.91200000,649.90430000,0
2026-06-15 20:00:00,224.5,227.9,223.6,224.2,4.48300000,1781567999999,1011.81960000,19,4.10500000,926.25010000,0
2026-06-16 00:00:00,225.1,225.5,220.1,222.8,1.02100000,1781582399999,229.21330000,34,0.33600000,75.60640000,0
2026-06-16 04:00:00,221.7,227.4,220.0,224.7,16.46700000,1781596799999,3678.69480000,42,10.58800000,2372.99210000,0
2026-06-16 08:00:00,227.8,227.8,217.6,218.1,17.95900000,1781611199999,3980.63460000,45,7.15600000,1587.51980000,0
2026-06-16 12:00:00,219.5,220.9,215.8,216.0,22.51700000,1781625599999,4923.17200000,35,13.63200000,2993.46460000,0
2026-06-16 16:00:00,216.8,219.4,216.2,219.4,43.77400000,1781639999999,9567.91990000,25,20.57700000,4502.72040000,0
2026-06-16 20:00:00,219.6,223.3,213.6,213.6,18.25400000,1781654399999,4039.77890000,26,5.73600000,1270.87050000,0
2026-06-17 00:00:00,215.7,217.4,213.4,213.5,3.24800000,1781668799999,695.65380000,28,0.18600000,40.14550000,0
2026-06-17 04:00:00,214.1,215.2,214.1,215.2,13.84600000,1781683199999,2965.09520000,2,0.60600000,130.41120000,0
2026-06-17 08:00:00,213.6,214.2,212.3,212.3,1.96100000,1781697599999,419.76100000,4,1.75800000,376.54320000,0
2026-06-17 12:00:00,212.2,215.1,211.9,215.1,3.88800000,1781711999999,824.41990000,7,3.62500000,768.52640000,0
2026-06-17 16:00:00,216.4,216.7,209.2,209.2,9.28900000,1781726399999,1977.70220000,44,3.02700000,646.70170000,0
2026-06-17 20:00:00,210.8,212.2,209.3,212.2,8.96200000,1781740799999,1895.55330000,8,8.85100000,1872.05310000,0
2026-06-18 00:00:00,213.4,213.8,212.5,212.5,0.24700000,1781755199999,52.69430000,19,0.06700000,14.28070000,0
2026-06-18 04:00:00,210.2,210.2,206.8,208.2,22.88600000,1781769599999,4804.12690000,25,19.65800000,4127.98110000,0
2026-06-18 08:00:00,209.8,209.8,208.2,208.2,2.15000000,1781783999999,448.18130000,8,2.10700000,439.21270000,0
2026-06-18 12:00:00,207.0,207.5,194.1,195.3,45.95300000,1781798399999,9029.54510000,33,34.86900000,6814.50510000,0
2026-06-18 16:00:00,195.5,197.6,195.5,196.6,7.06100000,1781812799999,1383.56860000,32,5.49400000,1076.62960000,0
2026-06-18 20:00:00,198.9,199.0,198.2,198.2,0.36300000,1781827199999,72.09360000,5,0.12600000,24.99210000,0
2026-06-19 00:00:00,199.5,200.0,196.3,196.3,6.51300000,1781841599999,1295.35850000,29,5.43800000,1084.08730000,0
2026-06-19 04:00:00,194.4,195.5,194.4,195.4,4.17700000,1781855999999,815.97180000,3,4.17700000,815.97180000,0
2026-06-19 08:00:00,194.0,195.4,192.3,195.4,1.96700000,1781870399999,381.20280000,6,1.26500000,246.00120000,0
2026-06-19 12:00:00,197.9,198.0,196.5,196.7,2.45500000,1781884799999,484.46160000,6,2.32600000,459.01470000,0
2026-06-19 16:00:00,197.8,198.1,196.9,196.9,8.22100000,1781899199999,1626.53220000,8,5.38300000,1065.74320000,0
2026-06-19 20:00:00,196.9,198.7,196.6,198.7,15.34400000,1781913599999,3030.94210000,12,13.89100000,2744.82750000,0
2026-06-20 00:00:00,198.6,199.5,197.2,198.1,2.58200000,1781927999999,511.96860000,27,1.29200000,256.63310000,0
2026-06-20 04:00:00,198.3,200.6,198.3,200.0,1.87700000,1781942399999,374.14290000,23,1.62900000,324.74530000,0
2026-06-20 08:00:00,199.9,199.9,198.2,198.5,0.87200000,1781956799999,173.41210000,11,0.06500000,12.97930000,0
2026-06-20 12:00:00,196.5,200.3,196.5,199.7,19.08200000,1781971199999,3787.07990000,25,14.36800000,2857.94790000,0
2026-06-20 16:00:00,199.6,199.7,198.4,198.9,3.34800000,1781985599999,666.91580000,11,0.14200000,28.35570000,0
2026-06-20 20:00:00,198.7,199.7,198.5,199.7,1.20300000,1781999999999,239.26030000,7,0.54300000,108.21990000,0
2026-06-21 00:00:00,200.1,200.3,198.7,198.7,1.61800000,1782014399999,323.30850000,41,1.02100000,203.94210000,0
2026-06-21 04:00:00,199.9,199.9,198.9,199.1,0.09400000,1782028799999,18.72980000,6,0.05000000,9.95500000,0
2026-06-21 08:00:00,198.7,198.7,197.5,198.6,0.40100000,1782043199999,79.37170000,17,0.05000000,9.92500000,0
2026-06-21 12:00:00,197.9,198.8,197.9,198.8,2.09300000,1782057599999,415.62440000,8,0.84900000,168.46540000,0
2026-06-21 16:00:00,198.9,198.9,198.4,198.8,0.98600000,1782071999999,195.86710000,7,0.84600000,168.04400000,0
2026-06-21 20:00:00,198.5,198.5,195.4,195.4,2.74500000,1782086399999,539.10370000,31,1.21000000,237.71300000,0
2026-06-22 00:00:00,196.6,201.6,196.6,199.0,2.79400000,1782100799999,556.81260000,39,1.90900000,379.94780000,0
2026-06-22 04:00:00,198.4,200.1,198.4,200.1,6.10900000,1782115199999,1215.63860000,15,5.99600000,1193.11300000,0
2026-06-22 08:00:00,199.7,201.6,199.0,201.6,1.37200000,1782129599999,274.20930000,6,0.65700000,131.72850000,0
2026-06-22 12:00:00,201.9,205.0,200.8,201.2,11.24200000,1782143999999,2270.40850000,42,2.41100000,487.89710000,0
2026-06-22 16:00:00,200.7,200.7,198.0,198.0,0.21800000,1782158399999,43.66190000,7,0.17300000,34.72030000,0
2026-06-22 20:00:00,197.3,197.3,196.8,197.2,0.10100000,1782172799999,19.90220000,3,0.06100000,12.03020000,0
2026-06-23 00:00:00,197.7,198.6,194.0,195.3,28.62400000,1782187199999,5633.67730000,91,24.33200000,4795.37710000,0
2026-06-23 04:00:00,195.5,195.7,189.1,191.2,16.20700000,1782201599999,3106.29700000,30,4.37100000,835.09440000,0
2026-06-23 08:00:00,188.4,191.4,187.0,191.4,19.26600000,1782215999999,3637.92910000,28,9.40800000,1784.99440000,0
2026-06-23 12:00:00,191.4,192.8,191.0,191.0,11.22300000,1782230399999,2156.36120000,22,6.26900000,1204.31390000,0
2026-06-23 16:00:00,190.6,191.8,190.5,191.8,5.55800000,1782244799999,1063.34970000,13,5.55800000,1063.34970000,0
2026-06-23 20:00:00,192.5,194.0,192.5,194.0,0.08800000,1782259199999,16.99400000,2,0.03600000,6.98400000,0
2026-06-24 00:00:00,194.6,195.8,194.2,195.6,26.83000000,1782273599999,5219.14880000,37,0.25500000,49.66860000,0
2026-06-24 04:00:00,194.1,194.1,193.8,193.8,4.16500000,1782287999999,807.73260000,3,0.00000000,0.00000000,0
2026-06-24 08:00:00,193.2,193.9,191.5,193.9,3.14900000,1782302399999,605.64830000,11,2.26000000,434.29310000,0
2026-06-24 12:00:00,193.9,194.0,188.5,188.5,6.55400000,1782316799999,1251.83300000,50,1.99900000,380.56750000,0
2026-06-24 16:00:00,189.1,189.3,181.3,184.5,34.48700000,1782331199999,6349.63540000,54,21.87500000,4019.76600000,0
2026-06-24 20:00:00,185.2,190.5,185.2,190.5,1.27000000,1782345599999,238.78260000,10,0.58200000,110.16860000,0
2026-06-25 00:00:00,191.3,191.3,190.3,190.3,0.72000000,1782359999999,137.18540000,9,0.17200000,32.77220000,0
2026-06-25 04:00:00,190.3,190.3,190.3,190.3,0.00000000,1782374399999,0.00000000,0,0.00000000,0.00000000,0
2026-06-25 08:00:00,194.9,196.9,193.7,193.7,2.49200000,1782388799999,486.88510000,18,1.38500000,271.14530000,0
2026-06-25 12:00:00,194.2,195.7,182.5,189.0,25.67400000,1782403199999,4860.97270000,98,19.22700000,3633.45030000,0
2026-06-25 16:00:00,189.7,189.7,187.3,187.3,3.09300000,1782417599999,582.67380000,7,1.53900000,290.40780000,0
2026-06-25 20:00:00,190.2,192.5,190.2,192.4,1.75300000,1782431999999,337.26110000,6,0.00000000,0.00000000,0
2026-06-26 00:00:00,193.4,193.9,185.1,185.1,4.54500000,1782446399999,846.42450000,26,3.21500000,595.28370000,0
2026-06-26 04:00:00,190.7,193.7,190.7,192.6,4.15100000,1782460799999,800.49770000,5,0.00000000,0.00000000,0
2026-06-26 08:00:00,195.0,195.0,192.8,192.8,6.48500000,1782475199999,1261.00810000,14,3.68500000,717.48650000,0
2026-06-26 12:00:00,192.8,201.1,191.8,201.1,14.83500000,1782489599999,2938.54980000,19,13.41200000,2660.19400000,0
2026-06-26 16:00:00,200.9,201.0,198.1,198.1,6.40600000,1782503999999,1275.26780000,14,5.86100000,1167.08390000,0
2026-06-26 20:00:00,198.1,198.1,197.6,197.9,6.05700000,1782518399999,1198.80770000,6,0.76400000,151.34840000,0
2026-06-27 00:00:00,197.6,197.6,194.3,196.7,6.72900000,1782532799999,1318.54350000,58,2.45600000,482.18550000,0
2026-06-27 04:00:00,197.0,197.7,197.0,197.6,0.08900000,1782547199999,17.57650000,3,0.02500000,4.92500000,0
2026-06-27 08:00:00,195.8,197.5,195.8,197.0,0.26400000,1782561599999,51.80110000,4,0.04500000,8.88250000,0
2026-06-27 12:00:00,196.2,199.7,196.2,199.7,0.91000000,1782575999999,180.27390000,4,0.63000000,124.86600000,0
2026-06-27 16:00:00,198.5,198.5,198.5,198.5,0.89400000,1782590399999,177.45900000,1,0.00000000,0.00000000,0
2026-06-27 20:00:00,196.6,196.6,195.0,195.0,0.28300000,1782604799999,55.59460000,3,0.00000000,0.00000000,0
2026-06-28 00:00:00,195.9,197.0,194.1,194.4,4.63200000,1782619199999,904.51050000,107,1.57300000,306.53330000,0
2026-06-28 04:00:00,194.4,194.4,194.4,194.4,0.00000000,1782633599999,0.00000000,0,0.00000000,0.00000000,0
2026-06-28 08:00:00,192.8,194.6,192.8,193.6,19.41300000,1782647999999,3768.35120000,8,14.38100000,2789.14740000,0
2026-06-28 12:00:00,193.1,193.9,193.0,193.1,5.73100000,1782662399999,1107.85160000,9,1.80900000,349.57850000,0
2026-06-28 16:00:00,191.6,191.9,189.8,189.8,12.99300000,1782676799999,2481.78600000,16,1.95200000,373.01040000,0
2026-06-28 20:00:00,190.4,191.7,188.6,191.3,8.04000000,1782691199999,1527.24850000,12,2.35100000,444.55700000,0
2026-06-29 00:00:00,190.5,193.9,188.8,193.9,12.22200000,1782705599999,2349.07780000,35,10.05300000,1935.82230000,0
2026-06-29 04:00:00,194.4,197.8,194.4,196.7,2.35400000,1782719999999,462.30130000,8,1.06300000,210.13340000,0
2026-06-29 08:00:00,195.4,197.0,195.2,196.7,2.90500000,1782734399999,569.80750000,14,0.50700000,99.37690000,0
2026-06-29 12:00:00,196.6,198.5,193.8,196.6,15.79100000,1782748799999,3088.50340000,43,8.21700000,1607.23970000,0
2026-06-29 16:00:00,196.2,202.9,195.6,202.8,52.24400000,1782763199999,10459.51530000,160,24.43500000,4895.19970000,0
2026-06-29 20:00:00,202.7,203.1,200.2,200.6,44.17700000,1782777599999,8920.36180000,136,20.21500000,4084.56370000,0
2026-06-30 00:00:00,201.5,201.6,198.3,199.7,33.08300000,1782791999999,6612.45650000,126,15.66800000,3132.74890000,0
2026-06-30 04:00:00,199.0,199.7,198.3,199.7,9.25200000,1782806399999,1840.61450000,23,3.89200000,774.70080000,0
2026-06-30 08:00:00,199.3,200.0,199.3,199.4,15.57400000,1782820799999,3105.83450000,8,14.66400000,2924.10500000,0
2026-06-30 12:00:00,199.0,200.6,194.7,200.6,16.20200000,1782835199999,3195.05820000,35,7.03100000,1389.17860000,0
2026-06-30 16:00:00,200.4,201.6,199.0,200.1,12.26000000,1782849599999,2465.33850000,16,0.68500000,137.45360000,0
2026-06-30 20:00:00,199.3,200.0,198.7,199.8,1.32200000,1782863999999,263.43340000,8,0.77300000,154.21500000,0
2026-07-01 00:00:00,199.6,208.3,196.6,207.7,52.87500000,1782878399999,10655.00640000,86,41.99700000,8493.16640000,0
2026-07-01 04:00:00,206.8,206.8,202.6,202.7,19.15000000,1782892799999,3917.76860000,19,1.57300000,323.84660000,0
2026-07-01 08:00:00,202.2,206.6,202.2,206.6,3.24100000,1782907199999,668.21710000,5,0.00000000,0.00000000,0
2026-07-01 12:00:00,204.0,216.5,204.0,216.0,21.12200000,1782921599999,4409.68200000,26,2.25600000,473.15810000,0
2026-07-01 16:00:00,215.1,215.1,211.6,213.0,23.30900000,1782935999999,4947.25840000,10,18.91900000,4014.57130000,0
2026-07-01 20:00:00,213.8,218.6,208.8,210.1,28.43600000,1782950399999,6112.57160000,26,2.33100000,490.47410000,0
2026-07-02 00:00:00,210.3,216.8,210.1,216.3,10.80900000,1782964799999,2299.33570000,81,9.09900000,1938.08250000,0
2026-07-02 04:00:00,217.6,217.6,214.1,214.1,0.91200000,1782979199999,196.85710000,7,0.64700000,139.22110000,0
2026-07-02 08:00:00,213.9,219.1,213.9,218.0,21.57000000,1782993599999,4714.24170000,19,15.83100000,3464.25360000,0
2026-07-02 12:00:00,216.3,219.6,216.3,217.5,22.50000000,1783007999999,4906.77440000,40,5.53200000,1204.10050000,0
2026-07-02 16:00:00,217.8,222.6,217.0,220.3,28.98200000,1783022399999,6369.97370000,21,7.33900000,1623.32740000,0
2026-07-02 20:00:00,221.1,221.2,219.5,220.2,13.50000000,1783036799999,2964.77840000,13,5.97500000,1312.47390000,0
2026-07-03 00:00:00,220.4,225.4,219.5,221.8,19.09300000,1783051199999,4261.13680000,73,14.48000000,3238.97430000,0
2026-07-03 04:00:00,220.9,224.5,220.8,224.5,4.20500000,1783065599999,932.00290000,6,3.35200000,741.79180000,0
2026-07-03 08:00:00,225.6,227.6,223.7,227.0,14.65800000,1783079999999,3287.31580000,16,2.18700000,492.72430000,0
2026-07-03 12:00:00,226.0,229.3,225.2,227.0,11.18000000,1783094399999,2531.45390000,12,1.49500000,342.23910000,0
2026-07-03 16:00:00,227.8,228.9,227.4,228.9,14.03300000,1783108799999,3195.83160000,11,0.59300000,135.17120000,0
2026-07-03 20:00:00,228.0,228.0,228.0,228.0,0.25600000,1783123199999,58.36800000,1,0.25600000,58.36800000,0
2026-07-04 00:00:00,228.2,228.3,226.0,227.0,0.96500000,1783137599999,219.50150000,47,0.41300000,94.00700000,0
2026-07-04 04:00:00,227.5,227.5,227.5,227.5,0.01800000,1783151999999,4.09500000,1,0.00000000,0.00000000,0
2026-07-04 08:00:00,225.2,225.7,225.2,225.7,0.11100000,1783166399999,25.03270000,2,0.00000000,0.00000000,0
2026-07-04 12:00:00,229.4,232.0,229.1,232.0,0.49600000,1783180799999,114.04660000,7,0.26300000,60.34070000,0
2026-07-04 16:00:00,233.0,234.6,232.2,234.3,58.02500000,1783195199999,13570.47920000,18,13.96100000,3253.20100000,0
2026-07-04 20:00:00,233.3,237.6,232.0,237.6,23.73000000,1783209599999,5537.70010000,20,7.68300000,1785.56370000,0
2026-07-05 00:00:00,237.1,240.1,234.5,237.3,9.05800000,1783223999999,2140.42920000,81,1.88200000,447.10290000,0
2026-07-05 04:00:00,236.6,243.5,236.5,241.5,7.04900000,1783238399999,1680.91610000,21,4.41600000,1052.70980000,0
2026-07-05 08:00:00,240.0,242.2,236.9,237.4,26.44300000,1783252799999,6273.62120000,17,24.22700000,5745.47100000,0
2026-07-05 12:00:00,235.9,242.1,235.9,237.8,34.07700000,1783267199999,8188.26880000,14,1.18400000,283.58400000,0
2026-07-05 16:00:00,239.4,248.8,239.4,248.2,16.54000000,1783281599999,4016.73130000,20,1.51600000,370.04430000,0
2026-07-05 20:00:00,246.3,246.3,243.5,243.5,15.67000000,1783295999999,3851.79530000,10,8.56300000,2103.03590000,0
2026-07-06 00:00:00,243.2,244.0,240.6,240.6,8.10000000,1783310399999,1965.72400000,81,6.31400000,1534.16960000,0
2026-07-06 04:00:00,242.1,242.7,239.3,241.7,2.07900000,1783324799999,500.57470000,9,0.81100000,195.67190000,0
2026-07-06 08:00:00,240.8,242.2,236.8,238.3,1.47500000,1783339199999,351.83890000,8,0.20800000,49.82640000,0
2026-07-06 12:00:00,236.9,239.2,235.7,239.2,4.71200000,1783353599999,1118.96480000,17,3.71700000,882.88900000,0
2026-07-06 16:00:00,241.1,247.6,241.1,246.0,6.25800000,1783367999999,1533.91820000,18,4.07600000,996.18520000,0
2026-07-06 20:00:00,245.8,250.4,241.6,241.6,10.07400000,1783382399999,2493.02850000,31,4.91700000,1223.10680000,0
2026-07-07 00:00:00,240.6,242.8,237.8,237.8,8.67000000,1783396799999,2079.72860000,84,3.66500000,880.75090000,0
2026-07-07 04:00:00,238.7,240.6,238.6,240.6,1.69500000,1783411199999,405.38270000,12,0.86200000,206.25590000,0
2026-07-07 08:00:00,238.4,238.6,238.3,238.6,0.35700000,1783425599999,85.15510000,3,0.25800000,61.55880000,0
2026-07-07 12:00:00,239.5,242.1,236.4,242.1,4.77500000,1783439999999,1137.49530000,18,4.36300000,1038.51860000,0
2026-07-07 16:00:00,242.9,243.9,241.3,243.9,25.49700000,1783454399999,6194.02180000,109,19.67400000,4780.58770000,0
2026-07-07 20:00:00,243.3,243.3,238.9,239.5,3.79700000,1783468799999,910.95860000,20,0.25700000,62.37390000,0
2026-07-08 00:00:00,240.2,241.0,237.1,238.1,11.37900000,1783483199999,2708.34220000,98,1.97700000,471.78090000,0
2026-07-08 04:00:00,237.6,237.6,237.2,237.2,0.28800000,1783497599999,68.41600000,2,0.28800000,68.41600000,0
2026-07-08 08:00:00,237.6,237.6,230.5,234.0,21.88100000,1783511999999,5096.04000000,59,15.56800000,3627.72060000,0
2026-07-08 12:00:00,231.6,233.0,230.5,232.5,6.25100000,1783526399999,1449.36240000,24,4.45800000,1033.35750000,0
2026-07-08 16:00:00,234.7,235.4,233.9,234.4,2.75700000,1783540799999,646.52610000,15,0.49700000,116.37510000,0
2026-07-08 20:00:00,235.5,236.8,235.5,236.8,1.02400000,1783555199999,241.79200000,6,0.51200000,120.75520000,0
2026-07-09 00:00:00,234.3,234.6,232.0,232.1,1.39500000,1783569599999,326.03730000,54,0.59300000,138.35100000,0
2026-07-09 04:00:00,235.8,253.7,235.6,239.0,32.24300000,1783583999999,7672.13960000,56,0.81700000,194.97350000,0
2026-07-09 08:00:00,238.3,238.3,237.4,237.4,6.73900000,1783598399999,1604.61940000,5,0.00000000,0.00000000,0
2026-07-09 12:00:00,237.6,237.8,236.9,236.9,4.92700000,1783612799999,1170.93500000,33,4.50900000,1071.68560000,0
2026-07-09 16:00:00,236.5,241.2,236.0,237.8,10.59700000,1783627199999,2524.25550000,137,5.94700000,1417.30940000,0
2026-07-09 20:00:00,238.0,238.1,236.7,237.7,0.39800000,1783641599999,94.56950000,59,0.06300000,14.99170000,0
2026-07-10 00:00:00,237.5,243.1,236.9,242.0,5.36200000,1783655999999,1289.06290000,449,1.33800000,321.37630000,0
2026-07-10 04:00:00,242.2,243.3,241.6,243.0,3.38700000,1783670399999,821.52640000,312,1.61400000,391.79960000,0
2026-07-10 08:00:00,243.8,249.9,243.8,247.3,11.48200000,1783684799999,2827.77510000,110,7.59600000,1875.38800000,0
2026-07-10 12:00:00,248.6,254.4,248.6,250.1,33.33000000,1783699199999,8310.01610000,63,2.58200000,648.24680000,0
2026-07-10 16:00:00,249.3,249.6,245.2,246.6,1.36900000,1783713599999,339.32550000,16,0.63000000,156.23740000,0
2026-07-10 20:00:00,245.9,245.9,245.9,245.9,0.15500000,1783727999999,38.11450000,1,0.15500000,38.11450000,0
2026-07-11 00:00:00,244.7,245.5,243.5,245.5,6.94200000,1783742399999,1695.68760000,48,0.69800000,171.15520000,0
2026-07-11 04:00:00,245.9,245.9,244.4,244.5,1.09400000,1783756799999,267.97770000,7,0.68000000,166.78000000,0
2026-07-11 08:00:00,245.8,247.2,245.8,247.1,0.54400000,1783771199999,133.85620000,7,0.38300000,94.23520000,0
2026-07-11 12:00:00,247.0,249.3,247.0,247.6,13.36800000,1783785599999,3311.60550000,16,8.39400000,2075.78360000,0
2026-07-11 16:00:00,248.1,248.4,247.2,248.4,1.55000000,1783799999999,383.90550000,10,1.16300000,288.11820000,0
2026-07-11 20:00:00,248.3,248.3,244.7,244.7,2.09800000,1783814399999,518.08590000,7,0.33400000,82.63660000,0
2026-07-12 00:00:00,244.0,245.6,243.3,245.6,3.07800000,1783828799999,751.33010000,72,1.51600000,370.08450000,0
2026-07-12 04:00:00,246.1,246.1,243.2,243.4,8.37600000,1783843199999,2041.13350000,11,1.15400000,283.19300000,0
2026-07-12 08:00:00,246.1,247.7,246.1,247.7,1.92100000,1783857599999,473.62560000,7,1.69600000,417.90920000,0
2026-07-12 12:00:00,247.3,247.6,244.9,244.9,1.62700000,1783871999999,400.30630000,10,0.27700000,68.46010000,0
2026-07-12 16:00:00,244.9,246.5,244.5,246.5,2.42100000,1783886399999,593.82030000,14,1.04600000,256.27540000,0
2026-07-12 20:00:00,246.2,246.2,239.5,239.5,15.77400000,1783900799999,3811.38370000,25,3.30100000,795.10220000,0
2026-07-13 00:00:00,241.1,243.8,236.1,236.1,15.08500000,1783915199999,3609.80450000,35,6.59300000,1597.21060000,0
2026-07-13 04:00:00,237.1,237.2,235.3,236.4,5.18900000,1783929599999,1226.77440000,16,2.18200000,515.48110000,0
2026-07-13 08:00:00,238.3,238.3,238.0,238.0,0.01400000,1783943999999,3.33380000,2,0.00600000,1.42980000,0
2026-07-13 12:00:00,237.4,239.8,236.2,237.0,4.75900000,1783958399999,1135.29070000,27,1.41200000,337.41460000,0
2026-07-13 16:00:00,236.2,236.4,235.2,236.0,1.98000000,1783972799999,467.52330000,7,1.92600000,454.80250000,0
2026-07-13 20:00:00,234.7,236.4,233.5,236.4,2.26700000,1783987199999,532.89780000,15,1.22600000,288.46540000,0
2026-07-14 00:00:00,237.0,237.1,231.9,233.6,9.00700000,1784001599999,2115.97100000,25,2.73100000,637.79580000,0
2026-07-14 04:00:00,233.7,237.3,233.7,234.9,13.80300000,1784015999999,3226.82600000,16,1.32900000,311.50100000,0
2026-07-14 08:00:00,235.7,237.6,235.7,237.6,1.05500000,1784030399999,250.65240000,4,1.05500000,250.65240000,0
2026-07-14 12:00:00,238.3,241.7,237.8,239.8,9.85000000,1784044799999,2357.95880000,28,2.13700000,511.99330000,0
2026-07-14 16:00:00,238.7,239.0,236.6,236.6,3.30100000,1784059199999,782.53640000,12,0.85100000,201.34660000,0
2026-07-14 20:00:00,235.6,236.4,235.6,236.0,0.62400000,1784073599999,147.35040000,4,0.25700000,60.75480000,0
2026-07-15 00:00:00,235.9,236.1,231.5,233.4,9.88800000,1784087999999,2307.04500000,38,8.21500000,1916.99010000,0
2026-07-15 04:00:00,233.8,237.9,233.1,234.9,20.39400000,1784102399999,4801.56730000,312,17.07100000,4018.25400000,0
2026-07-15 08:00:00,235.0,237.2,234.1,235.2,2.47300000,1784116799999,583.04810000,244,0.66200000,156.44210000,0
2026-07-15 12:00:00,235.3,238.3,234.0,234.4,25.24700000,1784131199999,5985.60630000,98,16.66200000,3952.74250000,0
2026-07-15 16:00:00,234.7,234.7,226.1,227.8,12.88300000,1784145599999,2957.29310000,76,5.57400000,1277.97040000,0
2026-07-15 20:00:00,228.7,228.7,222.5,223.4,11.94400000,1784159999999,2711.21410000,25,7.55600000,1726.24860000,0
2026-07-16 00:00:00,223.6,223.6,220.3,221.4,8.43000000,1784174399999,1870.20280000,74,4.12100000,913.02860000,0
2026-07-16 04:00:00,220.7,226.6,220.7,222.9,29.96400000,1784188799999,6723.59020000,37,19.79000000,4463.38190000,0
2026-07-16 08:00:00,223.8,224.1,220.5,220.9,12.42200000,1784203199999,2776.11380000,54,9.26500000,2075.31300000,0
2026-07-16 12:00:00,222.2,224.3,221.6,223.3,1.07500000,1784217599999,239.05650000,15,0.19300000,43.12270000,0
2026-07-16 16:00:00,222.3,223.2,221.6,221.8,2.73700000,1784231999999,608.21390000,18,0.73300000,162.58230000,0
2026-07-16 20:00:00,222.6,222.8,220.9,221.2,4.06700000,1784246399999,899.99230000,9,0.00000000,0.00000000,0
2026-07-17 00:00:00,222.9,224.3,222.4,223.5,1.85600000,1784260799999,415.53980000,19,1.60000000,358.24700000,0
2026-07-17 04:00:00,223.5,223.6,222.5,222.5,3.04700000,1784275199999,680.73440000,12,1.99600000,446.10060000,0
2026-07-17 08:00:00,223.1,223.1,217.0,217.6,8.30000000,1784289599999,1830.10200000,105,0.21500000,47.27300000,0
2026-07-17 12:00:00,218.1,218.9,213.9,216.7,14.96700000,1784303999999,3225.57650000,346,8.45800000,1821.78470000,0
2026-07-17 16:00:00,216.7,220.6,215.6,219.9,5.79100000,1784318399999,1257.16260000,329,1.82400000,395.72890000,0
2026-07-17 20:00:00,219.4,221.3,219.0,219.7,1.71300000,1784332799999,376.67920000,140,0.04000000,8.79200000,0
2026-07-18 00:00:00,220.0,220.2,218.3,219.7,6.25500000,1784347199999,1373.21500000,236,4.26100000,936.68550000,0
2026-07-18 04:00:00,218.5,219.0,218.5,219.0,4.18700000,1784361599999,916.49430000,4,2.15800000,472.16580000,0
2026-07-18 08:00:00,218.9,219.4,217.2,219.4,6.25100000,1784375999999,1364.89340000,27,2.87600000,629.69600000,0
2026-07-18 12:00:00,219.6,221.4,219.6,220.5,18.49400000,1784390399999,4090.74080000,11,16.60800000,3673.86140000,0
2026-07-18 16:00:00,219.3,220.9,219.3,220.9,9.46300000,1784404799999,2083.91080000,5,9.41800000,2073.97030000,0
2026-07-18 20:00:00,220.7,220.7,220.1,220.1,1.50300000,1784419199999,331.27680000,7,1.03500000,228.16400000,0
2026-07-19 00:00:00,220.2,220.4,218.7,218.7,3.09400000,1784433599999,680.27030000,60,1.74400000,383.64850000,0
2026-07-19 04:00:00,218.6,219.0,218.0,218.4,3.11200000,1784447999999,680.00370000,12,1.25500000,274.67740000,0
2026-07-19 08:00:00,217.9,218.4,217.2,217.5,9.08200000,1784462399999,1976.66380000,15,3.11900000,678.95760000,0
2026-07-19 12:00:00,216.3,217.1,214.5,215.8,6.10000000,1784476799999,1315.67860000,13,2.72500000,587.62600000,0
2026-07-19 16:00:00,215.6,217.5,215.6,217.5,1.80900000,1784491199999,390.82060000,10,0.91900000,198.83170000,0
2026-07-19 20:00:00,217.3,217.3,214.1,214.1,6.52000000,1784505599999,1408.05310000,17,1.86100000,402.04110000,0
2026-07-20 00:00:00,215.2,215.5,212.1,212.8,15.80600000,1784519999999,3373.39260000,94,5.18300000,1105.76450000,0
2026-07-20 04:00:00,211.2,211.2,210.1,211.2,2.47600000,1784534399999,521.81770000,5,0.87200000,183.20720000,0
2026-07-20 08:00:00,211.8,212.7,211.3,212.7,1.13500000,1784548799999,240.18780000,4,0.11800000,25.09860000,0
2026-07-20 12:00:00,214.8,217.9,214.8,217.7,10.13200000,1784563199999,2193.88240000,20,8.88600000,1924.63480000,0
2026-07-20 16:00:00,217.1,218.3,217.1,217.4,0.67200000,1784577599999,146.06350000,7,0.36200000,78.72520000,0
2026-07-20 20:00:00,218.4,220.7,218.4,220.6,18.10800000,1784591999999,3982.12540000,14,0.83400000,182.73320000,0
2026-07-21 00:00:00,220.8,223.3,220.4,223.3,4.70800000,1784606399999,1041.83910000,36,2.85400000,630.75890000,0
2026-07-21 04:00:00,223.6,224.7,223.4,224.0,31.62900000,1784620799999,7077.52110000,17,3.41500000,765.17800000,0
2026-07-21 08:00:00,224.1,225.6,223.4,225.2,3.94900000,1784635199999,887.08270000,16,2.16200000,486.06520000,0
2026-07-21 12:00:00,225.3,226.3,224.1,225.8,8.47600000,1784649599999,1904.84780000,15,0.90300000,203.80570000,0
2026-07-21 16:00:00,225.2,225.2,224.1,224.1,4.10700000,1784663999999,922.94870000,8,2.59700000,583.83260000,0
2026-07-21 20:00:00,224.1,224.1,224.1,224.1,0.00000000,1784678399999,0.00000000,0,0.00000000,0.00000000,0
2026-07-22 00:00:00,224.0,225.1,223.9,224.9,7.60900000,1784692799999,1710.14090000,66,6.93600000,1559.18490000,0
2026-07-22 04:00:00,223.3,223.3,220.6,221.1,3.86500000,1784707199999,857.14700000,10,0.80700000,178.02420000,0
2026-07-22 08:00:00,221.4,222.3,221.0,222.3,2.38100000,1784721599999,526.59630000,8,2.06600000,456.94910000,0
2026-07-22 12:00:00,221.3,222.3,220.7,220.8,5.72000000,1784735999999,1264.46380000,8,1.70700000,377.21970000,0
2026-07-22 16:00:00,220.1,221.1,218.9,218.9,5.89400000,1784750399999,1296.68930000,12,2.24000000,492.26640000,0
2026-07-22 20:00:00,219.6,219.8,219.6,219.8,1.06800000,1784764799999,234.58420000,2,1.06800000,234.58420000,0
2026-07-23 00:00:00,220.2,220.5,218.5,218.5,0.34200000,1784779199999,74.84800000,7,0.34200000,74.84800000,0
2026-07-23 04:00:00,217.2,217.2,216.1,216.1,0.69600000,1784793599999,150.52990000,2,0.58300000,125.98630000,0
2026-07-23 08:00:00,216.0,217.1,216.0,216.2,3.29100000,1784807999999,712.53660000,8,1.63500000,353.28880000,0
2026-07-23 12:00:00,216.3,216.7,214.2,214.2,3.05700000,1784822399999,659.79190000,7,1.98200000,426.90190000,0
2026-07-23 16:00:00,213.6,213.6,208.6,209.7,5.52100000,1784836799999,1164.17140000,18,1.55900000,328.53440000,0
2026-07-23 20:00:00,211.6,211.6,211.1,211.1,1.68400000,1784851199999,356.01640000,3,1.68400000,356.01640000,0
2026-07-24 00:00:00,211.9,212.0,210.0,210.4,2.45700000,1784865599999,519.49940000,38,1.51600000,320.57200000,0
2026-07-24 04:00:00,211.7,212.6,211.0,212.4,2.70900000,1784879999999,572.07820000,8,1.15600000,244.07330000,0
2026-07-24 08:00:00,210.4,210.4,210.4,210.4,0.69000000,1784894399999,145.17600000,1,0.00000000,0.00000000,0
2026-07-24 12:00:00,210.0,210.4,208.0,208.9,5.99800000,1784908799999,1253.33120000,14,2.93400000,612.18490000,0
2026-07-24 16:00:00,209.1,209.1,209.1,209.1,0.62200000,1784923199999,130.06020000,1,0.00000000,0.00000000,0
2026-07-24 20:00:00,210.1,210.1,210.1,210.1,0.03300000,1784937599999,6.93330000,1,0.00000000,0.00000000,0
2026-07-25 00:00:00,210.8,211.1,210.3,210.8,1.23900000,1784951999999,260.72880000,8,0.88400000,185.92180000,0
2026-07-25 04:00:00,211.3,212.6,210.9,211.5,2.74600000,1784966399999,581.42540000,8,0.73500000,155.61270000,0
2026-07-25 08:00:00,211.3,211.3,208.7,209.8,17.75600000,1784980799999,3721.87660000,11,1.26500000,265.56020000,0
2026-07-25 12:00:00,210.1,210.1,210.1,210.1,0.03200000,1784995199999,6.72320000,1,0.03200000,6.72320000,0
2026-07-25 16:00:00,210.4,210.4,210.4,210.4,1.24700000,1785009599999,262.36880000,2,0.00000000,0.00000000,0
2026-07-25 20:00:00,209.9,209.9,209.9,209.9,5.98700000,1785023999999,1256.67130000,3,5.98700000,1256.67130000,0
2026-07-26 00:00:00,210.0,211.1,209.5,210.9,4.34100000,1785038399999,913.05340000,24,2.29300000,482.34920000,0
2026-07-26 04:00:00,211.1,211.3,210.8,210.8,7.59800000,1785052799999,1603.38140000,21,0.48800000,103.06840000,0
2026-07-26 08:00:00,210.8,210.8,210.8,210.8,0.00000000,1785067199999,0.00000000,0,0.00000000,0.00000000,0
2026-07-26 12:00:00,211.1,211.5,211.1,211.5,1.82200000,1785081599999,384.95520000,4,1.82200000,384.95520000,0
2026-07-26 16:00:00,214.0,218.6,213.6,217.7,13.08200000,1785095999999,2830.50390000,32,5.35000000,1156.07020000,0
2026-07-26 20:00:00,216.2,217.3,214.7,217.1,14.88000000,1785110399999,3208.58470000,12,1.49300000,323.52200000,0
2026-07-27 00:00:00,217.7,218.0,214.9,215.6,5.03000000,1785124799999,1089.70450000,26,1.71400000,373.24460000,0
2026-07-27 04:00:00,215.9,218.4,215.9,216.7,2.07500000,1785139199999,451.08440000,5,1.02700000,223.66640000,0
2026-07-27 08:00:00,216.3,219.4,214.7,218.4,60.37000000,1785153599999,13075.34970000,40,4.23900000,917.86730000,0
2026-07-27 12:00:00,219.7,219.7,213.3,215.1,5.92200000,1785167999999,1271.25090000,12,2.09300000,448.39400000,0
2026-07-27 16:00:00,215.3,216.4,215.3,215.4,2.96100000,1785182399999,638.78800000,4,1.11400000,240.94420000,0
2026-07-27 20:00:00,215.9,216.0,211.4,211.7,40.53400000,1785196799999,8601.02910000,24,4.84700000,1029.76420000,0
2026-07-28 00:00:00,212.1,214.6,212.1,212.9,1.89600000,1785211199999,404.74060000,16,1.63700000,349.55710000,0
2026-07-28 04:00:00,212.8,213.3,212.5,212.6,3.25600000,1785225599999,692.57570000,6,1.18200000,251.26740000,0
2026-07-28 08:00:00,213.1,213.5,212.6,213.0,16.62900000,1785239999999,3542.33320000,10,1.80600000,384.64780000,0
2026-07-28 12:00:00,213.1,214.2,210.1,214.2,8.53100000,1785254399999,1805.52630000,17,3.27500000,697.29260000,0
2026-07-28 16:00:00,214.7,214.7,212.3,212.3,1.10200000,1785268799999,234.25820000,3,0.63900000,135.91530000,0
2026-07-28 20:00:00,213.6,214.0,213.6,214.0,1.32200000,1785283199999,282.69320000,2,0.53700000,114.70320000,0
2026-07-29 00:00:00,214.2,215.5,211.5,211.5,40.12900000,1785297599999,8589.89910000,67,1.28200000,274.95440000,0
2026-07-29 04:00:00,214.0,215.3,213.8,215.3,4.36400000,1785311999999,933.90160000,6,0.11700000,25.03800000,0
2026-07-29 08:00:00,213.2,213.3,212.5,213.1,6.99800000,1785326399999,1490.03910000,12,6.57400000,1399.76650000,0
2026-07-29 12:00:00,212.2,212.2,210.4,210.9,12.67100000,1785340799999,2674.93760000,20,8.21200000,1731.25330000,0
2026-07-29 16:00:00,210.5,212.0,204.9,205.5,18.93500000,1785355199999,3960.79120000,338,4.81100000,1008.74870000,0
2026-07-29 20:00:00,205.6,210.4,203.7,210.4,23.79100000,1785369599999,4881.44450000,100,8.08700000,1667.93020000,0
2026-07-30 00:00:00,211.6,211.6,208.6,210.8,3.95200000,1785383999999,831.48460000,37,2.15000000,453.58910000,0
2026-07-30 04:00:00,210.3,210.8,210.3,210.7,2.57200000,1785398399999,541.91020000,4,0.84300000,177.53580000,0
2026-07-30 08:00:00,210.4,211.0,210.4,210.8,1.47600000,1785412799999,310.91460000,4,1.13300000,238.55820000,0
2026-07-30 12:00:00,211.6,222.1,211.6,219.4,31.33900000,1785427199999,6765.81100000,28,27.36700000,5904.63210000,0
2026-07-30 16:00:00,221.2,221.2,219.3,219.3,5.05700000,1785441599999,1117.46760000,6,0.35100000,77.36430000,0
2026-07-30 20:00:00,217.3,217.4,216.0,217.4,63.49900000,1785455999999,13720.19030000,15,60.96900000,13172.51790000,0
2026-07-31 00:00:00,217.7,217.8,214.3,214.6,2.47400000,1785470399999,535.66770000,68,0.41400000,89.21000000,0
2026-07-31 04:00:00,213.1,213.1,213.1,213.1,0.07000000,1785484799999,14.91700000,1,0.07000000,14.91700000,0
2026-07-31 08:00:00,214.0,214.1,204.3,207.4,15.44700000,1785499199999,3257.56720000,32,6.09000000,1293.75220000,0
2026-07-31 12:00:00,207.7,207.7,207.1,207.1,0.79500000,1785513599999,164.83770000,3,0.53700000,111.40590000,0
2026-07-31 16:00:00,208.9,209.2,208.8,208.8,2.52200000,1785527999999,526.62880000,4,0.28000000,58.49920000,0
2026-07-31 20:00:00,209.0,210.0,208.8,209.8,0.16100000,1785542399999,33.73850000,5,0.06100000,12.80450000,0
2026-08-01 00:00:00,209.9,212.0,209.6,211.4,25.91900000,1785556799999,5486.95330000,17,0.70500000,147.92200000,0
2026-08-01 04:00:00,211.4,211.4,211.4,211.4,0.00000000,1785571199999,0.00000000,0,0.00000000,0.00000000,0
2026-08-01 08:00:00,210.0,210.0,208.0,208.0,2.45200000,1785585599999,511.38320000,9,1.78200000,371.17440000,0
2026-08-01 12:00:00,208.0,208.0,208.0,208.0,0.00000000,1785599999999,0.00000000,0,0.00000000,0.00000000,0
2026-08-01 16:00:00,207.9,207.9,206.1,206.1,2.18100000,1785614399999,451.30800000,9,0.56400000,117.03320000,0
2026-08-01 20:00:00,206.9,208.5,206.9,207.7,0.39300000,1785628799999,81.78130000,6,0.10600000,22.01780000,0
2026-08-02 00:00:00,207.8,208.4,207.3,208.4,7.09200000,1785643199999,1474.29820000,25,6.89800000,1434.01880000,0
2026-08-02 04:00:00,209.4,212.4,209.4,212.4,5.06300000,1785657599999,1063.85880000,7,5.06300000,1063.85880000,0
2026-08-02 08:00:00,212.4,212.4,212.0,212.0,1.08500000,1785671999999,230.22280000,6,0.10500000,22.27400000,0
2026-08-02 12:00:00,212.0,212.3,212.0,212.1,10.98800000,1785686399999,2332.47250000,5,10.87400000,2308.29310000,0
2026-08-02 16:00:00,213.5,214.1,213.5,213.7,0.90700000,1785700799999,193.82970000,11,0.35100000,74.99470000,0
2026-08-02 20:00:00,214.0,214.5,211.7,212.6,4.28000000,1785715199999,911.22890000,49,3.23800000,689.63580000,0
2026-08-03 00:00:00,212.6,212.7,210.4,210.4,3.68500000,1785729599999,779.89390000,72,0.25400000,53.93110000,0
2026-08-03 04:00:00,210.3,210.9,210.3,210.9,0.88500000,1785743999999,186.12810000,2,0.88500000,186.12810000,0
2026-08-03 08:00:00,210.3,210.3,210.3,210.3,0.01800000,1785758399999,3.78540000,1,0.00000000,0.00000000,0
2026-08-03 12:00:00,211.3,211.3,210.9,210.9,0.96500000,1785772799999,203.87790000,3,0.88900000,187.84570000,0
2026-08-03 16:00:00,212.3,214.6,212.3,213.8,1.15400000,1785787199999,245.44570000,8,0.04600000,9.82330000,0
2026-08-03 20:00:00,214.2,214.2,213.0,213.0,0.89100000,1785801599999,190.06010000,3,0.00000000,0.00000000,0
2026-08-04 00:00:00,212.8,212.8,211.7,212.1,3.28300000,1785815999999,695.82680000,12,0.94600000,200.46320000,0
2026-08-04 04:00:00,213.0,213.4,213.0,213.4,1.01800000,1785830399999,217.18400000,2,0.87500000,186.72500000,0
2026-08-04 08:00:00,213.6,214.1,213.3,214.1,2.98700000,1785844799999,638.23640000,7,1.28600000,274.72500000,0
2026-08-04 12:00:00,213.6,214.1,212.7,212.8,4.14400000,1785859199999,885.46870000,9,2.57700000,550.15440000,0
2026-08-04 16:00:00,214.2,214.2,214.2,214.2,0.28900000,1785873599999,61.90380000,1,0.00000000,0.00000000,0
2026-08-04 20:00:00,213.1,214.2,213.1,214.1,1.81000000,1785887999999,387.32010000,7,0.32700000,69.86370000,0
2026-08-05 00:00:00,213.6,213.7,211.2,211.3,5.45800000,1785902399999,1156.88800000,30,3.23100000,684.78360000,0
2026-08-05 04:00:00,211.3,212.3,210.7,210.7,0.98700000,1785916799999,208.71800000,59,0.18100000,38.29960000,0
2026-08-05 08:00:00,210.3,214.5,210.3,214.5,10.55100000,1785931199999,2241.12430000,29,6.28400000,1332.53600000,0
2026-08-05 12:00:00,214.6,214.6,212.3,213.5,1.28700000,1785945599999,273.87870000,7,0.45100000,96.31380000,0
2026-08-05 16:00:00,213.9,214.8,213.9,214.7,0.98100000,1785959999999,210.57070000,6,0.93200000,200.05710000,0
2026-08-05 20:00:00,216.0,217.0,214.1,214.4,1.89000000,1785974399999,406.36720000,7,1.37200000,295.43290000,0
2026-08-06 00:00:00,214.6,214.6,212.7,213.6,19.91400000,1785988799999,4245.31970000,27,2.94500000,629.87880000,0
2026-08-06 04:00:00,214.5,215.3,214.5,215.3,2.02900000,1786003199999,436.51340000,6,1.90100000,408.99340000,0
2026-08-06 08:00:00,214.7,214.7,211.8,211.8,3.44000000,1786017599999,731.12200000,11,1.07600000,227.89680000,0
2026-08-06 12:00:00,211.9,214.1,210.9,213.9,62.79600000,1786031999999,13276.50180000,873,8.26800000,1750.62710000,0
2026-08-06 16:00:00,213.8,214.9,213.0,213.4,29.86000000,1786046399999,6376.26080000,1025,1.60400000,343.64390000,0
2026-08-06 20:00:00,213.3,213.9,212.0,212.7,3.28800000,1786060799999,700.35640000,483,0.04700000,9.99220000,0
2026-08-07 00:00:00,212.5,214.0,212.2,212.9,6.55300000,1786075199999,1395.98760000,560,1.35100000,287.65790000,0
2026-08-07 04:00:00,212.8,215.9,212.6,214.9,4.91700000,1786089599999,1051.11160000,502,1.54800000,329.68330000,0
2026-08-07 08:00:00,215.1,216.5,215.1,216.5,4.43000000,1786103999999,955.75930000,494,1.18800000,256.38720000,0
2026-08-07 12:00:00,216.6,218.2,214.6,215.8,12.15800000,1786118399999,2633.68220000,765,4.49800000,975.52730000,0
2026-08-07 16:00:00,216.0,216.3,214.3,216.3,4.07300000,1786132799999,878.11950000,493,0.87300000,188.56800000,0
2026-08-07 20:00:00,216.2,216.6,214.6,214.6,5.67900000,1786147199999,1224.39440000,509,2.36600000,510.04790000,0
2026-08-08 00:00:00,214.7,215.0,214.3,214.7,0.62200000,1786161599999,133.50400000,86,0.14200000,30.50000000,0
2026-08-08 04:00:00,216.8,216.8,216.2,216.5,2.49800000,1786175999999,540.72320000,6,2.01300000,435.59800000,0
2026-08-08 08:00:00,217.2,217.2,217.2,217.2,0.86400000,1786190399999,187.66080000,2,0.00000000,0.00000000,0
2026-08-08 12:00:00,216.9,218.2,216.9,218.2,1.45100000,1786204799999,315.84940000,4,1.17100000,255.11740000,0
2026-08-08 16:00:00,217.7,217.7,216.9,216.9,0.38500000,1786219199999,83.60770000,5,0.00900000,1.95930000,0
2026-08-08 20:00:00,216.9,216.9,216.9,216.9,0.00000000,1786233599999,0.00000000,0,0.00000000,0.00000000,0
2026-08-09 00:00:00,216.6,216.8,215.1,215.1,1.16700000,1786247999999,251.78890000,17,0.44000000,94.96060000,0
2026-08-09 04:00:00,215.1,215.1,215.1,215.1,0.00000000,1786262399999,0.00000000,0,0.00000000,0.00000000,0
2026-08-09 08:00:00,215.1,215.1,215.1,215.1,0.00000000,1786276799999,0.00000000,0,0.00000000,0.00000000,0
2026-08-09 12:00:00,217.6,218.3,217.6,218.3,8.21000000,1786291199999,1791.41180000,4,8.09000000,1765.22480000,0
2026-08-09 16:00:00,217.8,217.8,217.3,217.3,1.54000000,1786305599999,335.00110000,3,0.00000000,0.00000000,0
2026-08-09 20:00:00,216.0,216.0,214.3,214.3,3.88600000,1786319999999,834.79450000,8,0.93000000,200.06190000,0
2026-08-10 00:00:00,215.3,216.1,214.9,215.8,2.30200000,1786334399999,495.54140000,41,1.47600000,317.68460000,0
2026-08-10 04:00:00,216.0,216.8,216.0,216.8,1.38100000,1786348799999,298.92320000,2,0.78400000,169.97120000,0
2026-08-10 08:00:00,216.4,216.4,215.8,215.8,46.28500000,1786363199999,9999.80810000,8,0.00000000,0.00000000,0
2026-08-10 12:00:00,214.7,214.8,213.9,213.9,4.11700000,1786377599999,882.90550000,9,2.19900000,471.80550000,0
2026-08-10 16:00:00,213.5,213.5,213.5,213.5,0.10500000,1786391999999,22.41750000,1,0.00000000,0.00000000,0
2026-08-10 20:00:00,213.2,213.2,212.6,212.6,0.80800000,1786406399999,171.90800000,5,0.20300000,43.22790000,0
2026-08-11 00:00:00,213.4,215.7,213.4,215.6,2.11300000,1786420799999,454.13980000,24,1.65300000,355.53690000,0
2026-08-11 04:00:00,215.2,215.3,214.6,214.6,1.52000000,1786435199999,326.91510000,4,0.98700000,212.40240000,0
2026-08-11 08:00:00,215.4,215.4,214.8,214.9,0.30200000,1786449599999,64.89720000,4,0.25600000,54.99570000,0
2026-08-11 12:00:00,213.8,213.8,211.6,211.6,2.97600000,1786463999999,632.86710000,8,0.83000000,176.45580000,0
2026-08-11 16:00:00,211.8,211.8,211.5,211.7,5.23700000,1786478399999,1108.69610000,4,0.23700000,50.14450000,0
2026-08-11 20:00:00,211.7,211.7,211.7,211.7,0.00000000,1786492799999,0.00000000,0,0.00000000,0.00000000,0
2026-08-12 00:00:00,214.0,214.2,213.5,213.5,0.23600000,1786507199999,50.45990000,9,0.13400000,28.68290000,0
2026-08-12 04:00:00,213.0,213.4,213.0,213.4,0.41100000,1786521599999,87.62300000,2,0.20000000,42.68000000,0
2026-08-12 08:00:00,213.1,215.2,213.1,215.2,0.20700000,1786535999999,44.51280000,2,0.00000000,0.00000000,0
2026-08-12 12:00:00,215.4,216.2,213.4,213.8,4.07500000,1786550399999,877.73530000,13,2.18900000,471.41530000,0
2026-08-12 16:00:00,214.0,214.4,213.3,214.3,0.53600000,1786564799999,114.79510000,4,0.31300000,67.01920000,0
2026-08-12 20:00:00,213.8,213.8,212.3,212.4,5.58900000,1786579199999,1187.89560000,9,4.79900000,1019.64460000,0
2026-08-13 00:00:00,213.3,215.9,213.2,215.9,1.56300000,1786593599999,335.22160000,26,1.30900000,280.94950000,0
2026-08-13 04:00:00,215.2,215.3,214.8,215.3,1.45300000,1786607999999,312.63670000,6,0.49700000,106.90240000,0
2026-08-13 08:00:00,215.8,216.0,213.5,213.5,9.13700000,1786622399999,1970.31580000,10,0.00000000,0.00000000,0
2026-08-13 12:00:00,213.2,213.9,208.4,208.4,14.03000000,1786636799999,2960.51100000,15,0.21100000,45.12350000,0
2026-08-13 16:00:00,208.9,208.9,206.0,206.3,25.00100000,1786651199999,5162.72360000,21,11.30300000,2330.44650000,0
2026-08-13 20:00:00,206.5,206.5,205.6,205.6,48.91900000,1786665599999,10066.27820000,7,0.27300000,56.37450000,0
2026-08-14 00:00:00,206.2,207.3,206.2,206.6,0.62800000,1786679999999,129.93630000,31,0.58100000,120.20730000,0
2026-08-14 04:00:00,206.5,206.5,206.5,206.5,0.02400000,1786694399999,4.95600000,2,0.00000000,0.00000000,0
2026-08-14 08:00:00,205.1,205.4,204.9,205.3,1.82100000,1786708799999,373.88460000,7,1.65600000,340.07150000,0
2026-08-14 12:00:00,204.4,204.4,200.0,201.2,42.19000000,1786723199999,8523.86990000,27,3.24800000,656.01400000,0
2026-08-14 16:00:00,202.3,203.3,202.2,202.5,6.32900000,1786737599999,1282.15780000,8,5.71800000,1158.45390000,0
2026-08-14 20:00:00,203.9,204.3,203.3,204.3,49.40600000,1786751999999,10053.01120000,9,0.26000000,53.02360000,0
2026-08-15 00:00:00,205.0,207.0,204.8,207.0,2.11700000,1786766399999,436.29760000,21,2.01900000,416.20210000,0
2026-08-15 04:00:00,206.0,206.0,205.4,205.6,2.10100000,1786780799999,431.78180000,10,0.02400000,4.94400000,0
2026-08-15 08:00:00,204.9,204.9,204.9,204.9,0.00700000,1786795199999,1.43430000,1,0.00000000,0.00000000,0
2026-08-15 12:00:00,205.5,206.3,204.8,205.1,19.95300000,1786809599999,4098.23550000,43,18.15000000,3727.41460000,0
2026-08-15 16:00:00,205.3,206.7,203.7,203.7,4.43300000,1786823999999,912.99580000,11,3.36200000,692.60440000,0
2026-08-15 20:00:00,203.5,203.5,203.5,203.5,0.10800000,1786838399999,21.97800000,1,0.00000000,0.00000000,0
2026-08-16 00:00:00,203.1,203.6,203.1,203.6,0.72300000,1786852799999,147.16390000,13,0.17500000,35.61250000,0
2026-08-16 04:00:00,203.1,203.9,203.1,203.9,0.12100000,1786867199999,24.61350000,3,0.12100000,24.61350000,0
2026-08-16 08:00:00,203.6,203.6,203.5,203.5,0.98600000,1786881599999,200.73500000,2,0.00000000,0.00000000,0
2026-08-16 12:00:00,203.5,203.5,203.5,203.5,0.00000000,1786895999999,0.00000000,0,0.00000000,0.00000000,0
2026-08-16 16:00:00,204.7,204.7,204.7,204.7,0.23500000,1786910399999,48.10450000,3,0.23500000,48.10450000,0
2026-08-16 20:00:00,203.9,204.1,202.3,204.1,2.11800000,1786924799999,428.92770000,9,0.04400000,8.94000000,0
2026-08-17 00:00:00,204.3,204.7,203.7,204.7,0.87700000,1786939199999,178.93050000,24,0.33000000,67.34530000,0
2026-08-17 04:00:00,204.6,205.6,204.6,205.6,1.16500000,1786953599999,239.24520000,10,0.42200000,86.72100000,0
2026-08-17 08:00:00,204.1,204.1,204.1,204.1,0.00600000,1786967999999,1.22460000,1,0.00000000,0.00000000,0
2026-08-17 12:00:00,203.3,205.0,203.3,205.0,2.58400000,1786982399999,527.91170000,7,1.03300000,211.60900000,0
2026-08-17 16:00:00,205.2,205.4,204.0,204.8,108.98300000,1786996799999,22273.10120000,16,1.90900000,391.19400000,0
2026-08-17 20:00:00,204.3,205.1,204.3,205.1,2.71200000,1787011199999,555.31480000,6,2.70200000,553.26980000,0
2026-08-18 00:00:00,205.4,205.4,203.3,203.3,1.49900000,1787025599999,306.62830000,44,0.67700000,138.77030000,0
2026-08-18 04:00:00,203.6,204.2,203.3,204.2,1.13400000,1787039999999,231.52390000,6,1.08900000,222.35160000,0
2026-08-18 08:00:00,203.5,203.5,203.5,203.5,0.02000000,1787054399999,4.07000000,1,0.02000000,4.07000000,0
2026-08-18 12:00:00,203.9,204.1,203.4,204.1,0.96700000,1787068799999,196.96020000,5,0.92200000,187.79670000,0
2026-08-18 16:00:00,204.4,204.6,204.2,204.6,0.14500000,1787083199999,29.63320000,3,0.07100000,14.49820000,0
2026-08-18 20:00:00,204.6,204.6,204.6,204.6,0.00000000,1787097599999,0.00000000,0,0.00000000,0.00000000,0
2026-08-19 00:00:00,203.2,203.4,202.0,202.0,1.40700000,1787111999999,285.17090000,50,0.49500000,100.61320000,0
2026-08-19 04:00:00,203.0,203.0,203.0,203.0,0.27700000,1787126399999,56.23100000,1,0.27700000,56.23100000,0
2026-08-19 08:00:00,203.2,204.4,203.2,204.4,2.97000000,1787140799999,605.14110000,8,2.97000000,605.14110000,0
2026-08-19 12:00:00,204.2,211.1,203.7,205.5,72.13500000,1787155199999,15004.47450000,107,42.13500000,8791.98000000,0
2026-08-19 16:00:00,205.5,208.2,205.5,206.3,12.49400000,1787169599999,2587.87410000,36,9.75400000,2020.21770000,0
2026-08-19 20:00:00,207.1,213.5,207.1,212.3,113.24200000,1787183999999,23798.61150000,200,91.75900000,19242.74800000,0
2026-08-20 00:00:00,213.5,213.5,208.8,210.5,20.09100000,1787198399999,4246.73880000,34,15.01300000,3173.81240000,0
2026-08-20 04:00:00,210.6,213.9,210.6,212.8,14.70000000,1787212799999,3121.61960000,16,8.66900000,1835.50180000,0
2026-08-20 08:00:00,214.7,218.0,214.7,216.8,5.22600000,1787227199999,1133.05350000,15,1.95500000,423.99030000,0
2026-08-20 12:00:00,214.7,222.8,214.7,222.1,23.12800000,1787241599999,5084.55470000,188,6.95500000,1526.26300000,0
2026-08-20 16:00:00,222.1,225.0,218.1,220.2,16.74900000,1787255999999,3721.19720000,83,5.46600000,1218.16390000,0
2026-08-20 20:00:00,220.2,220.2,220.2,220.2,0.00000000,1787270399999,0.00000000,0,0.00000000,0.00000000,0
2026-08-21 00:00:00,223.8,228.2,223.8,228.0,20.01400000,1787284799999,4545.88880000,38,18.95200000,4305.20280000,0
2026-08-21 04:00:00,228.1,262.6,227.6,262.6,141.77100000,1787299199999,34966.14220000,134,71.03600000,17100.71290000,0
2026-08-21 08:00:00,263.0,270.7,255.8,262.6,86.08400000,1787313599999,22553.69960000,106,51.69200000,13520.05520000,0
2026-08-21 12:00:00,262.1,286.7,260.3,285.2,51.77100000,1787327999999,14102.59080000,114,30.35400000,8252.98200000,0
2026-08-21 16:00:00,286.1,300.5,283.8,284.7,72.14400000,1787342399999,21193.80010000,721,23.46400000,6887.73510000,0
2026-08-21 20:00:00,282.5,294.1,279.6,287.1,57.02200000,1787356799999,16470.45980000,140,35.08800000,10181.35840000,0
2026-08-22 00:00:00,287.5,304.3,287.5,297.5,48.74400000,1787371199999,14423.85390000,219,23.18900000,6875.61560000,0
2026-08-22 04:00:00,295.0,300.0,260.2,283.3,63.89600000,1787385599999,17809.12480000,120,30.50700000,8582.97190000,0
2026-08-22 08:00:00,279.9,279.9,272.0,276.9,7.48300000,1787399999999,2071.03390000,13,2.51600000,699.71420000,0
2026-08-22 12:00:00,277.1,279.9,275.5,275.5,38.86700000,1787414399999,10777.01940000,12,11.26500000,3139.69370000,0
2026-08-22 16:00:00,277.8,282.2,277.6,280.6,52.64500000,1787428799999,14737.79780000,60,4.40900000,1236.80590000,0
2026-08-22 20:00:00,276.5,276.9,274.1,275.7,19.08300000,1787443199999,5260.36450000,23,18.33300000,5053.72460000,0
2026-08-23 00:00:00,276.9,280.2,270.8,273.1,14.98000000,1787457599999,4101.56590000,35,4.69100000,1288.57320000,0
2026-08-23 04:00:00,272.9,274.2,266.7,266.9,36.96100000,1787471999999,9977.36850000,112,11.49300000,3088.29850000,0
2026-08-23 08:00:00,268.6,274.3,268.6,274.3,6.41400000,1787486399999,1732.77090000,12,6.32400000,1708.16490000,0
2026-08-23 12:00:00,275.1,276.4,270.4,271.3,1.53300000,1787500799999,418.40930000,9,0.70000000,190.15010000,0
2026-08-23 16:00:00,272.9,274.4,272.9,274.4,3.03200000,1787515199999,828.56560000,5,2.51400000,686.84160000,0
2026-08-23 20:00:00,272.0,277.0,271.9,274.7,13.06700000,1787529599999,3591.03710000,14,9.51500000,2625.10010000,0
2026-08-24 00:00:00,273.7,278.0,269.5,271.0,20.87900000,1787543999999,5715.91680000,88,4.24200000,1166.33650000,0
2026-08-24 04:00:00,268.9,269.6,266.5,266.8,58.19000000,1787558399999,15635.29060000,64,1.06700000,286.97980000,0
2026-08-24 08:00:00,265.9,275.3,265.9,273.5,23.48800000,1787572799999,6400.96670000,144,17.71600000,4833.77800000,0
2026-08-24 12:00:00,272.1,285.1,272.1,273.4,122.77300000,1787587199999,34353.32960000,141,47.91400000,13367.01480000,0
2026-08-24 16:00:00,275.0,275.0,262.8,270.0,36.83200000,1787601599999,9879.54480000,26,1.49100000,400.80170000,0
2026-08-24 20:00:00,270.7,272.5,270.4,271.3,5.41800000,1787615999999,1467.94400000,114,1.80700000,490.07400000,0
2026-08-25 00:00:00,271.0,282.1,270.4,276.4,18.98000000,1787630399999,5207.82630000,647,15.69700000,4314.11850000,0
2026-08-25 04:00:00,276.6,280.6,267.9,268.9,15.67700000,1787644799999,4307.91600000,332,6.47100000,1769.04620000,0
2026-08-25 08:00:00,268.6,271.8,266.9,270.1,4.12700000,1787659199999,1115.39410000,298,3.63900000,983.51890000,0
2026-08-25 12:00:00,269.9,270.2,265.4,269.1,11.18100000,1787673599999,2988.60430000,415,8.37400000,2238.99120000,0
2026-08-25 16:00:00,269.3,269.7,265.7,267.1,1.41300000,1787687999999,378.21820000,210,1.10500000,295.84450000,0
2026-08-25 20:00:00,267.1,267.5,260.9,265.8,26.14900000,1787702399999,6897.93820000,953,11.28800000,2975.93750000,0
2026-08-26 00:00:00,265.8,270.9,265.5,268.2,7.20300000,1787716799999,1931.37520000,658,2.27500000,609.31220000,0
2026-08-26 04:00:00,268.1,268.1,264.1,265.3,6.37800000,1787731199999,1695.12860000,442,3.69600000,982.88880000,0
2026-08-26 08:00:00,265.0,267.9,263.9,266.5,5.58200000,1787745599999,1484.69920000,193,2.38200000,633.41680000,0
2026-08-26 12:00:00,267.2,267.8,259.6,261.2,5.30000000,1787759999999,1404.77560000,43,3.80400000,1007.48320000,0
2026-08-26 16:00:00,261.6,261.7,258.5,260.3,4.00200000,1787774399999,1038.68970000,12,0.95300000,247.29030000,0
2026-08-26 20:00:00,260.7,268.4,260.7,268.4,1.96800000,1787788799999,524.26690000,7,0.93300000,246.51930000,0
2026-08-27 00:00:00,267.7,268.4,267.2,267.8,3.46800000,1787803199999,928.92320000,113,1.67200000,447.89930000,0
2026-08-27 04:00:00,267.0,267.7,264.9,267.5,7.43800000,1787817599999,1988.14090000,11,4.33900000,1159.16420000,0
2026-08-27 08:00:00,271.6,273.5,268.6,268.6,4.42300000,1787831999999,1200.02570000,6,2.50600000,681.99190000,0
2026-08-27 12:00:00,269.6,269.7,269.6,269.7,0.79500000,1787846399999,214.40640000,3,0.05100000,13.74960000,0
2026-08-27 16:00:00,272.6,272.6,267.9,269.2,0.56600000,1787860799999,153.65650000,7,0.43600000,118.69110000,0
2026-08-27 20:00:00,268.9,270.0,268.9,269.6,2.26400000,1787875199999,610.95670000,6,2.17300000,586.38670000,0
2026-08-28 00:00:00,269.4,271.8,264.0,264.0,13.65500000,1787889599999,3663.70760000,111,8.14600000,2196.87670000,0
2026-08-28 04:00:00,264.8,265.7,263.4,263.4,1.33300000,1787903999999,353.35700000,4,1.33300000,353.35700000,0
2026-08-28 08:00:00,262.8,265.3,261.4,265.3,1.48700000,1787918399999,390.99890000,24,0.67600000,178.19110000,0
2026-08-28 12:00:00,264.0,264.0,249.3,249.3,18.68800000,1787932799999,4785.10940000,108,9.01400000,2304.78180000,0
2026-08-28 16:00:00,249.0,250.0,244.2,247.4,34.75300000,1787947199999,8645.05980000,111,24.56600000,6120.70930000,0
2026-08-28 20:00:00,248.4,249.1,246.6,248.2,49.24400000,1787961599999,12219.34630000,505,44.41200000,11021.37530000,0
2026-08-29 00:00:00,248.1,249.1,245.6,247.0,6.96100000,1787975999999,1716.36250000,310,2.85100000,703.93790000,0
2026-08-29 04:00:00,245.6,245.6,245.0,245.0,0.44100000,1787990399999,108.05160000,2,0.01100000,2.70160000,0
2026-08-29 08:00:00,243.8,244.4,243.8,244.4,0.55400000,1788004799999,135.37420000,2,0.51500000,125.86600000,0
2026-08-29 12:00:00,246.4,246.4,246.4,246.4,0.01000000,1788019199999,2.46400000,1,0.00000000,0.00000000,0
2026-08-29 16:00:00,245.1,248.0,245.1,247.3,2.34300000,1788033599999,577.19910000,137,1.25800000,310.56320000,0
2026-08-29 20:00:00,247.5,248.1,246.4,247.1,9.12600000,1788047999999,2252.99080000,67,9.12600000,2252.99080000,0
2026-08-30 00:00:00,246.8,247.6,245.2,246.1,1.09400000,1788062399999,269.59990000,74,0.87400000,215.63770000,0
2026-08-30 04:00:00,245.5,246.3,245.4,246.3,0.80800000,1788076799999,198.61920000,16,0.37500000,92.11250000,0
2026-08-30 08:00:00,246.0,246.7,245.6,246.7,0.12100000,1788091199999,29.77180000,20,0.11500000,28.29820000,0
2026-08-30 12:00:00,248.2,254.3,248.2,253.1,18.59800000,1788105599999,4687.75830000,196,7.86900000,1981.47420000,0
2026-08-30 16:00:00,254.5,254.5,252.6,252.6,13.08500000,1788119999999,3318.32570000,12,12.02700000,3050.09110000,0
2026-08-30 20:00:00,251.9,251.9,240.3,240.3,27.46800000,1788134399999,6839.38380000,24,1.90400000,470.00600000,0
2026-08-31 00:00:00,243.8,245.3,243.8,244.6,6.17400000,1788148560000,1509.53830000,21,0.99700000,243.24710000,0
2026-08-31 12:00:00,248.5,248.5,244.5,245.7,0.74900000,1788191999999,183.89570000,4,0.33200000,81.59480000,0
2026-08-31 16:00:00,247.8,248.4,247.8,248.4,1.03100000,1788206399999,255.79080000,2,0.51600000,127.86480000,0
2026-08-31 20:00:00,248.2,248.6,246.5,246.5,1.53700000,1788220799999,381.11530000,10,0.83800000,207.85060000,0
2026-09-01 00:00:00,247.7,248.6,246.3,247.0,5.81000000,1788235199999,1435.59410000,32,5.63200000,1391.50350000,0
2026-09-01 04:00:00,248.7,250.3,248.7,249.4,0.48300000,1788249599999,120.60250000,9,0.26400000,65.89400000,0
2026-09-01 08:00:00,248.4,248.6,245.3,248.6,2.34300000,1788263999999,579.87530000,30,1.56700000,387.30050000,0
2026-09-01 12:00:00,249.8,249.8,246.7,249.0,1.08900000,1788278399999,269.76360000,11,0.83900000,207.50160000,0
2026-09-01 16:00:00,248.5,248.5,244.0,247.5,4.53500000,1788292799999,1119.42280000,39,3.24000000,800.16910000,0
2026-09-01 20:00:00,245.7,246.4,244.6,246.0,1.41300000,1788307199999,346.92120000,8,0.80000000,195.91680000,0
2026-09-02 00:00:00,246.9,250.0,244.0,250.0,1.11300000,1788321599999,275.51200000,52,0.55800000,137.44810000,0
2026-09-02 04:00:00,248.8,248.8,247.5,247.6,0.18700000,1788335999999,46.31850000,11,0.18700000,46.31850000,0
2026-09-02 08:00:00,245.6,245.6,243.2,244.4,2.99500000,1788350399999,732.07970000,28,1.95400000,477.41450000,0
2026-09-02 12:00:00,245.0,246.0,241.8,242.9,3.08200000,1788364799999,747.65800000,13,0.57400000,139.64020000,0
2026-09-02 16:00:00,241.6,244.9,241.3,243.7,0.75300000,1788379199999,183.18120000,106,0.09000000,21.78800000,0
2026-09-02 20:00:00,243.9,245.2,241.9,244.5,6.02200000,1788393599999,1471.94590000,283,1.39100000,339.85410000,0
2026-09-03 00:00:00,244.3,248.0,242.1,248.0,2.76100000,1788407999999,675.37500000,225,1.29000000,315.17630000,0
2026-09-03 04:00:00,248.8,251.0,246.0,251.0,8.39600000,1788422399999,2090.36920000,90,7.48800000,1864.27390000,0
2026-09-03 08:00:00,251.8,251.8,248.1,250.3,1.57700000,1788436799999,394.81680000,12,1.43900000,360.21720000,0
2026-09-03 12:00:00,250.6,258.6,250.6,258.6,7.22400000,1788451199999,1844.19990000,36,4.12500000,1055.62900000,0
2026-09-03 16:00:00,255.8,259.8,255.6,259.5,20.24500000,1788465599999,5224.18630000,49,4.57600000,1181.09060000,0
2026-09-03 20:00:00,257.6,261.3,256.8,257.8,2.22600000,1788479999999,575.69240000,31,1.27500000,330.49940000,0
2026-09-04 00:00:00,256.7,257.7,254.3,255.9,4.00800000,1788494399999,1025.56320000,39,3.46800000,887.35660000,0
2026-09-04 04:00:00,256.6,258.2,254.4,256.3,0.89200000,1788508799999,229.01540000,30,0.24900000,63.63720000,0
2026-09-04 08:00:00,256.3,260.8,256.2,259.9,2.32300000,1788523199999,601.65510000,53,1.32200000,342.32490000,0
2026-09-04 12:00:00,259.1,259.1,248.8,251.5,9.07600000,1788537599999,2311.61100000,39,3.18400000,802.70430000,0
2026-09-04 16:00:00,253.0,253.4,251.4,251.4,0.41200000,1788551999999,104.15080000,5,0.14600000,36.93800000,0
2026-09-04 20:00:00,253.6,253.6,248.4,248.4,6.80300000,1788566399999,1701.44490000,64,1.22400000,308.81480000,0
2026-09-05 00:00:00,247.7,247.7,245.5,246.3,16.66400000,1788580799999,4104.82260000,55,16.01400000,3944.88770000,0
2026-09-05 04:00:00,247.0,252.7,247.0,252.7,6.52000000,1788595199999,1633.08830000,10,6.12100000,1532.77810000,0
2026-09-05 08:00:00,251.9,251.9,251.6,251.6,0.52700000,1788609599999,132.74830000,2,0.51700000,130.23230000,0
2026-09-05 12:00:00,252.4,252.4,248.7,252.2,18.82600000,1788623999999,4732.25690000,39,13.80700000,3469.74550000,0
2026-09-05 16:00:00,252.8,259.0,252.8,257.4,4.36000000,1788638399999,1120.71110000,18,3.81700000,982.24590000,0
2026-09-05 20:00:00,256.4,259.5,256.2,256.2,5.63600000,1788652799999,1453.47050000,18,3.71200000,959.50080000,0
2026-09-06 00:00:00,256.2,265.0,256.0,261.8,11.34800000,1788667199999,2970.27320000,67,6.68200000,1749.60900000,0
2026-09-06 04:00:00,260.6,262.0,257.9,257.9,8.26000000,1788681599999,2147.86880000,22,1.34200000,350.22340000,0
2026-09-06 08:00:00,260.1,260.8,259.6,260.6,2.74600000,1788695999999,714.58980000,14,1.58000000,411.36060000,0
2026-09-06 12:00:00,259.4,259.4,254.3,254.6,21.96400000,1788710399999,5623.09340000,37,15.24100000,3901.55290000,0
2026-09-06 16:00:00,256.5,257.3,256.0,256.4,8.36500000,1788724799999,2149.10720000,12,7.92100000,2035.07300000,0
2026-09-06 20:00:00,255.9,261.4,255.8,261.4,6.87000000,1788739199999,1761.79670000,11,0.56400000,144.57620000,0
2026-09-07 00:00:00,261.1,261.6,254.9,255.2,3.72500000,1788753599999,963.06930000,47,1.65700000,429.81790000,0
2026-09-07 04:00:00,254.1,254.1,252.7,253.0,0.73200000,1788767999999,185.46580000,6,0.20200000,51.22700000,0
2026-09-07 08:00:00,254.7,256.6,254.7,256.4,0.10800000,1788782399999,27.66130000,3,0.01900000,4.83930000,0
2026-09-07 12:00:00,257.5,262.7,257.5,259.5,36.57100000,1788796799999,9499.81520000,74,12.20700000,3173.70970000,0
2026-09-07 16:00:00,262.4,269.2,259.7,261.4,40.43800000,1788811199999,10659.40140000,98,25.57500000,6752.75990000,0
2026-09-07 20:00:00,260.1,260.1,255.4,259.0,4.25900000,1788825599999,1099.59820000,233,0.41800000,107.69980000,0
2026-09-08 00:00:00,257.5,262.6,256.4,258.7,32.14200000,1788839999999,8407.81230000,920,7.72400000,2019.60550000,0
2026-09-08 04:00:00,259.9,260.2,256.7,257.0,1.06700000,1788854399999,276.01220000,16,0.17700000,45.84570000,0
2026-09-08 08:00:00,256.7,258.3,254.2,255.4,3.36200000,1788868799999,862.78500000,25,1.75700000,452.57730000,0
2026-09-08 12:00:00,254.8,258.7,251.9,258.2,3.44000000,1788883199999,879.52460000,39,1.30900000,334.40650000,0
2026-09-08 16:00:00,258.2,259.8,255.9,255.9,1.55000000,1788897599999,399.32000000,17,0.60500000,156.44100000,0
2026-09-08 20:00:00,258.0,258.5,256.9,258.5,1.12400000,1788911999999,289.18220000,5,0.91700000,235.96250000,0
2026-09-09 00:00:00,259.5,259.7,256.4,258.0,1.65400000,1788926399999,427.79300000,53,1.21100000,313.49480000,0
2026-09-09 04:00:00,258.5,260.7,258.5,259.4,24.71900000,1788940799999,6417.93250000,22,21.28300000,5527.48680000,0
2026-09-09 08:00:00,260.5,260.7,257.6,257.6,2.18900000,1788955199999,567.97600000,10,1.33900000,348.45490000,0
2026-09-09 12:00:00,259.2,259.9,253.8,257.5,4.91500000,1788969599999,1264.06670000,87,2.69400000,694.37680000,0
2026-09-09 16:00:00,257.5,258.7,253.7,254.2,2.57300000,1788983999999,661.22400000,265,0.50500000,129.81800000,0
2026-09-09 20:00:00,254.2,255.5,248.5,251.7,3.29900000,1788998399999,828.33340000,127,1.17700000,295.18860000,0
2026-09-10 00:00:00,251.6,252.1,249.1,252.1,6.73400000,1789012799999,1686.39610000,69,6.34000000,1587.37820000,0
2026-09-10 04:00:00,248.3,248.3,248.3,248.3,0.04600000,1789027199999,11.42180000,1,0.04600000,11.42180000,0
2026-09-10 08:00:00,248.0,248.1,245.0,245.0,2.26600000,1789041599999,559.15470000,23,0.91400000,225.52090000,0
2026-09-10 12:00:00,244.5,244.7,223.8,225.4,71.84800000,1789055999999,16576.56180000,150,44.17700000,10194.78010000,0
2026-09-10 16:00:00,225.8,228.3,224.8,226.6,26.30900000,1789070399999,5974.05100000,36,23.22500000,5273.19780000,0
2026-09-10 20:00:00,226.7,227.7,222.9,223.6,1.65300000,1789084799999,372.26990000,199,0.39700000,89.32860000,0
2026-09-11 00:00:00,223.8,227.2,223.8,225.4,23.81600000,1789099199999,5378.85060000,356,9.17500000,2071.31370000,0
2026-09-11 04:00:00,228.0,228.4,227.3,227.4,1.20700000,1789113599999,274.79360000,8,0.61000000,139.01810000,0
2026-09-11 08:00:00,227.0,227.0,225.3,225.3,1.05200000,1789127999999,237.66660000,3,0.66200000,149.14860000,0
2026-09-11 12:00:00,223.5,237.7,220.1,231.3,33.89200000,1789142399999,7780.87710000,200,28.08000000,6438.77250000,0
2026-09-11 16:00:00,234.0,234.0,232.4,234.0,0.42200000,1789156799999,98.17680000,4,0.35700000,82.96680000,0
