ts,open,high,low,close,volume,close_time,quote_asset_volume,num_trades,taker_buy_base,taker_buy_quote,ignore
2024-09-11 00:00:00,0.398,0.398,0.398,0.398,0.00000000,1726027199999,0.00000000,0,0.00000000,0.00000000,0
2024-09-11 04:00:00,0.398,0.398,0.398,0.398,0.00000000,1726041599999,0.00000000,0,0.00000000,0.00000000,0
2024-09-11 08:00:00,0.398,0.398,0.398,0.398,0.00000000,1726055999999,0.00000000,0,0.00000000,0.00000000,0
2024-09-11 12:00:00,0.398,0.398,0.398,0.398,0.00000000,1726070399999,0.00000000,0,0.00000000,0.00000000,0
2024-09-11 16:00:00,0.398,0.398,0.398,0.398,0.00000000,1726084799999,0.00000000,0,0.00000000,0.00000000,0
2024-09-11 20:00:00,0.398,0.398,0.398,0.398,0.00000000,1726099199999,0.00000000,0,0.00000000,0.00000000,0
2024-09-12 00:00:00,0.398,0.398,0.398,0.398,0.00000000,1726113599999,0.00000000,0,0.00000000,0.00000000,0
2024-09-12 04:00:00,0.402,0.402,0.402,0.402,5.80000000,1726127999999,2.33160000,1,5.80000000,2.33160000,0
2024-09-12 08:00:00,0.402,0.402,0.402,0.402,0.00000000,1726142399999,0.00000000,0,0.00000000,0.00000000,0
2024-09-12 12:00:00,0.402,0.402,0.402,0.402,0.00000000,1726156799999,0.00000000,0,0.00000000,0.00000000,0
2024-09-12 16:00:00,0.402,0.402,0.402,0.402,0.00000000,1726171199999,0.00000000,0,0.00000000,0.00000000,0
2024-09-12 20:00:00,0.402,0.402,0.402,0.402,0.00000000,1726185599999,0.00000000,0,0.00000000,0.00000000,0
2024-09-13 00:00:00,0.402,0.402,0.402,0.402,0.00000000,1726199999999,0.00000000,0,0.00000000,0.00000000,0
2024-09-13 04:00:00,0.402,0.402,0.402,0.402,0.00000000,1726214399999,0.00000000,0,0.00000000,0.00000000,0
2024-09-13 08:00:00,0.402,0.402,0.402,0.402,0.00000000,1726228799999,0.00000000,0,0.00000000,0.00000000,0
2024-09-13 12:00:00,0.402,0.402,0.402,0.402,0.00000000,1726243199999,0.00000000,0,0.00000000,0.00000000,0
2024-09-13 16:00:00,0.402,0.402,0.402,0.402,0.00000000,1726257599999,0.00000000,0,0.00000000,0.00000000,0
2024-09-13 20:00:00,0.402,0.402,0.402,0.402,0.00000000,1726271999999,0.00000000,0,0.00000000,0.00000000,0
2024-09-14 00:00:00,0.402,0.402,0.402,0.402,0.00000000,1726286399999,0.00000000,0,0.00000000,0.00000000,0
2024-09-14 04:00:00,0.402,0.402,0.402,0.402,0.00000000,1726300799999,0.00000000,0,0.00000000,0.00000000,0
2024-09-14 08:00:00,0.402,0.402,0.402,0.402,0.00000000,1726315199999,0.00000000,0,0.00000000,0.00000000,0
2024-09-14 12:00:00,0.402,0.402,0.402,0.402,0.00000000,1726329599999,0.00000000,0,0.00000000,0.00000000,0
2024-09-14 16:00:00,0.402,0.402,0.402,0.402,0.00000000,1726343999999,0.00000000,0,0.00000000,0.00000000,0
2024-09-14 20:00:00,0.402,0.402,0.402,0.402,0.00000000,1726358399999,0.00000000,0,0.00000000,0.00000000,0
2024-09-15 00:00:00,0.372,0.401,0.372,0.401,28.10000000,1726372799999,10.66490000,3,7.30000000,2.92730000,0
2024-09-15 04:00:00,0.401,0.401,0.401,0.401,0.00000000,1726387199999,0.00000000,0,0.00000000,0.00000000,0
2024-09-15 08:00:00,0.397,0.397,0.397,0.397,14.70000000,1726401599999,5.83590000,1,14.70000000,5.83590000,0
2024-09-15 12:00:00,0.397,0.397,0.397,0.397,0.00000000,1726415999999,0.00000000,0,0.00000000,0.00000000,0
2024-09-15 16:00:00,0.397,0.397,0.397,0.397,0.00000000,1726430399999,0.00000000,0,0.00000000,0.00000000,0
2024-09-15 20:00:00,0.397,0.397,0.397,0.397,0.00000000,1726444799999,0.00000000,0,0.00000000,0.00000000,0
2024-09-16 00:00:00,0.397,0.397,0.397,0.397,0.00000000,1726459199999,0.00000000,0,0.00000000,0.00000000,0
2024-09-16 04:00:00,0.397,0.397,0.397,0.397,0.00000000,1726473599999,0.00000000,0,0.00000000,0.00000000,0
2024-09-16 08:00:00,0.397,0.397,0.397,0.397,0.00000000,1726487999999,0.00000000,0,0.00000000,0.00000000,0
2024-09-16 12:00:00,0.397,0.397,0.397,0.397,0.00000000,1726502399999,0.00000000,0,0.00000000,0.00000000,0
2024-09-16 16:00:00,0.397,0.397,0.397,0.397,0.00000000,1726516799999,0.00000000,0,0.00000000,0.00000000,0
2024-09-16 20:00:00,0.397,0.397,0.397,0.397,0.00000000,1726531199999,0.00000000,0,0.00000000,0.00000000,0
2024-09-17 00:00:00,0.397,0.397,0.397,0.397,0.00000000,1726545599999,0.00000000,0,0.00000000,0.00000000,0
2024-09-17 04:00:00,0.397,0.397,0.397,0.397,0.00000000,1726559999999,0.00000000,0,0.00000000,0.00000000,0
2024-09-17 08:00:00,0.397,0.397,0.397,0.397,0.00000000,1726574399999,0.00000000,0,0.00000000,0.00000000,0
2024-09-17 12:00:00,0.397,0.397,0.397,0.397,0.00000000,1726588799999,0.00000000,0,0.00000000,0.00000000,0
2024-09-17 16:00:00,0.397,0.397,0.397,0.397,0.00000000,1726603199999,0.00000000,0,0.00000000,0.00000000,0
2024-09-17 20:00:00,0.403,0.403,0.403,0.403,5.00000000,1726617599999,2.01500000,1,5.00000000,2.01500000,0
2024-09-18 00:00:00,0.403,0.403,0.403,0.403,0.00000000,1726631999999,0.00000000,0,0.00000000,0.00000000,0
2024-09-18 04:00:00,0.403,0.403,0.403,0.403,0.00000000,1726646399999,0.00000000,0,0.00000000,0.00000000,0
2024-09-18 08:00:00,0.403,0.403,0.403,0.403,0.00000000,1726660799999,0.00000000,0,0.00000000,0.00000000,0
2024-09-18 12:00:00,0.403,0.403,0.403,0.403,0.00000000,1726675199999,0.00000000,0,0.00000000,0.00000000,0
2024-09-18 16:00:00,0.403,0.403,0.403,0.403,0.00000000,1726689599999,0.00000000,0,0.00000000,0.00000000,0
2024-09-18 20:00:00,0.403,0.403,0.403,0.403,0.00000000,1726703999999,0.00000000,0,0.00000000,0.00000000,0
2024-09-19 00:00:00,0.403,0.403,0.403,0.403,0.00000000,1726718399999,0.00000000,0,0.00000000,0.00000000,0
2024-09-19 04:00:00,0.403,0.403,0.403,0.403,0.00000000,1726732799999,0.00000000,0,0.00000000,0.00000000,0
2024-09-19 08:00:00,0.403,0.403,0.403,0.403,0.00000000,1726747199999,0.00000000,0,0.00000000,0.00000000,0
2024-09-19 12:00:00,0.372,0.409,0.372,0.409,631.80000000,1726761599999,253.95500000,9,452.70000000,184.67060000,0
2024-09-19 16:00:00,0.409,0.409,0.409,0.409,0.00000000,1726775999999,0.00000000,0,0.00000000,0.00000000,0
2024-09-19 20:00:00,0.409,0.409,0.409,0.409,0.00000000,1726790399999,0.00000000,0,0.00000000,0.00000000,0
2024-09-20 00:00:00,0.41,0.414,0.4,0.4,768.30000000,1726804799999,317.96120000,6,553.70000000,229.18540000,0
2024-09-20 04:00:00,0.4,0.4,0.4,0.4,0.00000000,1726819199999,0.00000000,0,0.00000000,0.00000000,0
2024-09-20 08:00:00,0.4,0.4,0.4,0.4,0.00000000,1726833599999,0.00000000,0,0.00000000,0.00000000,0
2024-09-20 12:00:00,0.414,0.414,0.414,0.414,191.60000000,1726847999999,79.32240000,2,191.60000000,79.32240000,0
2024-09-20 16:00:00,0.414,0.414,0.414,0.414,0.00000000,1726862399999,0.00000000,0,0.00000000,0.00000000,0
2024-09-20 20:00:00,0.414,0.414,0.414,0.414,0.00000000,1726876799999,0.00000000,0,0.00000000,0.00000000,0
2024-09-21 00:00:00,0.414,0.414,0.414,0.414,0.00000000,1726891199999,0.00000000,0,0.00000000,0.00000000,0
2024-09-21 04:00:00,0.414,0.414,0.414,0.414,0.00000000,1726905599999,0.00000000,0,0.00000000,0.00000000,0
2024-09-21 08:00:00,0.414,0.414,0.414,0.414,0.00000000,1726919999999,0.00000000,0,0.00000000,0.00000000,0
2024-09-21 12:00:00,0.414,0.414,0.414,0.414,0.00000000,1726934399999,0.00000000,0,0.00000000,0.00000000,0
2024-09-21 16:00:00,0.414,0.414,0.414,0.414,0.00000000,1726948799999,0.00000000,0,0.00000000,0.00000000,0
2024-09-21 20:00:00,0.4,0.4,0.4,0.4,529.10000000,1726963199999,211.64000000,3,0.00000000,0.00000000,0
2024-09-22 00:00:00,0.4,0.4,0.4,0.4,0.00000000,1726977599999,0.00000000,0,0.00000000,0.00000000,0
2024-09-22 04:00:00,0.4,0.4,0.4,0.4,0.00000000,1726991999999,0.00000000,0,0.00000000,0.00000000,0
2024-09-22 08:00:00,0.4,0.4,0.4,0.4,0.00000000,1727006399999,0.00000000,0,0.00000000,0.00000000,0
2024-09-22 12:00:00,0.4,0.4,0.4,0.4,0.00000000,1727020799999,0.00000000,0,0.00000000,0.00000000,0
2024-09-22 16:00:00,0.4,0.4,0.4,0.4,0.00000000,1727035199999,0.00000000,0,0.00000000,0.00000000,0
2024-09-22 20:00:00,0.4,0.4,0.4,0.4,0.00000000,1727049599999,0.00000000,0,0.00000000,0.00000000,0
2024-09-23 00:00:00,0.4,0.4,0.4,0.4,0.00000000,1727063999999,0.00000000,0,0.00000000,0.00000000,0
2024-09-23 04:00:00,0.4,0.4,0.4,0.4,0.00000000,1727078399999,0.00000000,0,0.00000000,0.00000000,0
2024-09-23 08:00:00,0.4,0.4,0.4,0.4,0.00000000,1727092799999,0.00000000,0,0.00000000,0.00000000,0
2024-09-23 12:00:00,0.4,0.4,0.4,0.4,0.00000000,1727107199999,0.00000000,0,0.00000000,0.00000000,0
2024-09-23 16:00:00,0.4,0.4,0.4,0.4,0.00000000,1727121599999,0.00000000,0,0.00000000,0.00000000,0
2024-09-23 20:00:00,0.383,0.401,0.383,0.401,11133.10000000,1727135999999,4345.94740000,92,1172.30000000,458.96520000,0
2024-09-24 00:00:00,0.39,0.4,0.39,0.39,11726.90000000,1727150399999,4573.55500000,73,6.40000000,2.56000000,0
2024-09-24 04:00:00,0.39,0.39,0.39,0.39,0.00000000,1727164799999,0.00000000,0,0.00000000,0.00000000,0
2024-09-24 08:00:00,0.401,0.401,0.39,0.401,409.20000000,1727179199999,160.00050000,10,37.50000000,15.03750000,0
2024-09-24 12:00:00,0.39,0.401,0.367,0.399,25665.90000000,1727193599999,10082.89720000,46,40.80000000,16.33080000,0
2024-09-24 16:00:00,0.4,0.4,0.4,0.4,50.00000000,1727207999999,20.00000000,1,50.00000000,20.00000000,0
2024-09-24 20:00:00,0.38,0.401,0.38,0.4,11064.40000000,1727222399999,4292.13150000,65,47.80000000,19.03450000,0
2024-09-25 00:00:00,0.39,0.399,0.39,0.398,2515.20000000,1727236799999,981.09800000,18,20.00000000,7.97000000,0
2024-09-25 04:00:00,0.398,0.398,0.398,0.398,0.00000000,1727251199999,0.00000000,0,0.00000000,0.00000000,0
2024-09-25 08:00:00,0.398,0.398,0.398,0.398,0.00000000,1727265599999,0.00000000,0,0.00000000,0.00000000,0
2024-09-25 12:00:00,0.398,0.398,0.398,0.398,0.00000000,1727279999999,0.00000000,0,0.00000000,0.00000000,0
2024-09-25 16:00:00,0.399,0.401,0.399,0.401,47.20000000,1727294399999,18.86600000,2,47.20000000,18.86600000,0
2024-09-25 20:00:00,0.401,0.401,0.401,0.401,0.00000000,1727308799999,0.00000000,0,0.00000000,0.00000000,0
2024-09-26 00:00:00,0.401,0.401,0.401,0.401,0.00000000,1727323199999,0.00000000,0,0.00000000,0.00000000,0
2024-09-26 04:00:00,0.401,0.401,0.401,0.401,0.00000000,1727337599999,0.00000000,0,0.00000000,0.00000000,0
2024-09-26 08:00:00,0.401,0.401,0.401,0.401,0.00000000,1727351999999,0.00000000,0,0.00000000,0.00000000,0
2024-09-26 12:00:00,0.398,0.4,0.37,0.4,14467.50000000,1727366399999,5646.78140000,34,8.90000000,3.56000000,0
2024-09-26 16:00:00,0.395,0.4,0.39,0.39,31257.80000000,1727380799999,12304.60940000,118,81.40000000,32.55000000,0
2024-09-26 20:00:00,0.4,0.4,0.39,0.4,5301.40000000,1727395199999,2068.05140000,33,64.20000000,25.53460000,0
2024-09-27 00:00:00,0.392,0.4,0.392,0.392,642.20000000,1727409599999,252.04240000,21,40.00000000,15.98000000,0
2024-09-27 04:00:00,0.401,0.401,0.401,0.401,10.00000000,1727423999999,4.01000000,1,10.00000000,4.01000000,0
2024-09-27 08:00:00,0.392,0.401,0.392,0.401,1155.20000000,1727438399999,453.11110000,16,30.30000000,12.15030000,0
2024-09-27 12:00:00,0.401,0.401,0.401,0.401,0.00000000,1727452799999,0.00000000,0,0.00000000,0.00000000,0
2024-09-27 16:00:00,0.395,0.4,0.393,0.4,11669.40000000,1727467199999,4608.73500000,31,60.00000000,23.96000000,0
2024-09-27 20:00:00,0.395,0.4,0.395,0.4,3800.40000000,1727481599999,1501.30800000,20,30.00000000,12.00000000,0
2024-09-28 00:00:00,0.4,0.401,0.4,0.401,20.00000000,1727495999999,8.01000000,2,20.00000000,8.01000000,0
2024-09-28 04:00:00,0.401,0.401,0.401,0.401,0.00000000,1727510399999,0.00000000,0,0.00000000,0.00000000,0
2024-09-28 08:00:00,0.395,0.4,0.395,0.399,496.70000000,1727524799999,196.67370000,3,116.80000000,46.61320000,0
2024-09-28 12:00:00,0.399,0.399,0.399,0.399,0.00000000,1727539199999,0.00000000,0,0.00000000,0.00000000,0
2024-09-28 16:00:00,0.399,0.399,0.399,0.399,0.00000000,1727553599999,0.00000000,0,0.00000000,0.00000000,0
2024-09-28 20:00:00,0.399,0.399,0.399,0.399,0.00000000,1727567999999,0.00000000,0,0.00000000,0.00000000,0
2024-09-29 00:00:00,0.399,0.399,0.399,0.399,60.00000000,1727582399999,23.94000000,6,60.00000000,23.94000000,0
2024-09-29 04:00:00,0.399,0.399,0.399,0.399,10.00000000,1727596799999,3.99000000,2,10.00000000,3.99000000,0
2024-09-29 08:00:00,0.399,0.399,0.399,0.399,50.00000000,1727611199999,19.95000000,5,50.00000000,19.95000000,0
2024-09-29 12:00:00,0.399,0.399,0.399,0.399,0.00000000,1727625599999,0.00000000,0,0.00000000,0.00000000,0
2024-09-29 16:00:00,0.399,0.399,0.381,0.399,251.50000000,1727639999999,97.78270000,22,101.50000000,40.36530000,0
2024-09-29 20:00:00,0.398,0.399,0.393,0.393,8394.20000000,1727654399999,3306.03260000,53,20.00000000,7.97000000,0
2024-09-30 00:00:00,0.393,0.398,0.392,0.392,10119.10000000,1727668799999,3969.41890000,60,21.50000000,8.55700000,0
2024-09-30 04:00:00,0.395,0.395,0.395,0.395,21.50000000,1727683199999,8.49250000,1,21.50000000,8.49250000,0
2024-09-30 08:00:00,0.395,0.395,0.395,0.395,0.00000000,1727697599999,0.00000000,0,0.00000000,0.00000000,0
2024-09-30 12:00:00,0.4,0.4,0.395,0.4,129.10000000,1727711999999,51.53500000,3,129.10000000,51.53500000,0
2024-09-30 16:00:00,0.4,0.4,0.4,0.4,0.00000000,1727726399999,0.00000000,0,0.00000000,0.00000000,0
2024-09-30 20:00:00,0.4,0.4,0.4,0.4,0.00000000,1727740799999,0.00000000,0,0.00000000,0.00000000,0
2024-10-01 00:00:00,0.4,0.4,0.4,0.4,0.00000000,1727755199999,0.00000000,0,0.00000000,0.00000000,0
2024-10-01 04:00:00,0.384,0.384,0.373,0.373,73.70000000,1727769599999,27.74590000,8,0.00000000,0.00000000,0
2024-10-01 08:00:00,0.381,0.398,0.381,0.398,141.10000000,1727783999999,55.88920000,2,125.30000000,49.86940000,0
2024-10-01 12:00:00,0.398,0.398,0.398,0.398,0.00000000,1727798399999,0.00000000,0,0.00000000,0.00000000,0
2024-10-01 16:00:00,0.38,0.38,0.38,0.38,2087.30000000,1727812799999,793.17400000,25,0.00000000,0.00000000,0
2024-10-01 20:00:00,0.375,0.381,0.375,0.381,1370.20000000,1727827199999,519.45120000,4,937.70000000,357.26370000,0
2024-10-02 00:00:00,0.377,0.377,0.376,0.376,22.00000000,1727841599999,8.28030000,3,8.30000000,3.12910000,0
2024-10-02 04:00:00,0.376,0.376,0.376,0.376,21.00000000,1727855999999,7.89600000,1,0.00000000,0.00000000,0
2024-10-02 08:00:00,0.376,0.376,0.376,0.376,107.00000000,1727870399999,40.23200000,3,0.00000000,0.00000000,0
2024-10-02 12:00:00,0.376,0.376,0.376,0.376,530.50000000,1727884799999,199.46800000,1,0.00000000,0.00000000,0
2024-10-02 16:00:00,0.376,0.376,0.374,0.374,22539.50000000,1727899199999,8473.12220000,86,0.00000000,0.00000000,0
2024-10-02 20:00:00,0.372,0.372,0.371,0.371,1391.30000000,1727913599999,517.54000000,6,0.00000000,0.00000000,0
2024-10-03 00:00:00,0.369,0.371,0.369,0.371,29.00000000,1727927999999,10.71180000,2,5.40000000,2.00340000,0
2024-10-03 04:00:00,0.371,0.371,0.371,0.371,3.00000000,1727942399999,1.11300000,1,3.00000000,1.11300000,0
2024-10-03 08:00:00,0.369,0.369,0.367,0.367,23.70000000,1727956799999,8.71730000,2,0.00000000,0.00000000,0
2024-10-03 12:00:00,0.371,0.371,0.367,0.367,813.30000000,1727971199999,298.52110000,5,10.00000000,3.71000000,0
2024-10-03 16:00:00,0.367,0.367,0.359,0.359,668.60000000,1727985599999,244.74110000,11,0.00000000,0.00000000,0
2024-10-03 20:00:00,0.357,0.357,0.357,0.357,23.60000000,1727999999999,8.42520000,1,0.00000000,0.00000000,0
2024-10-04 00:00:00,0.357,0.357,0.357,0.357,0.00000000,1728014399999,0.00000000,0,0.00000000,0.00000000,0
2024-10-04 04:00:00,0.359,0.361,0.359,0.361,47.20000000,1728028799999,16.99200000,2,47.20000000,16.99200000,0
2024-10-04 08:00:00,0.361,0.361,0.361,0.361,0.00000000,1728043199999,0.00000000,0,0.00000000,0.00000000,0
2024-10-04 12:00:00,0.362,0.364,0.362,0.364,47.20000000,1728057599999,17.13360000,2,47.20000000,17.13360000,0
2024-10-04 16:00:00,0.366,0.377,0.366,0.374,209.30000000,1728071999999,77.88370000,10,162.10000000,60.18370000,0
2024-10-04 20:00:00,0.376,0.379,0.376,0.379,70.80000000,1728086399999,26.71520000,3,70.80000000,26.71520000,0
2024-10-05 00:00:00,0.381,0.382,0.381,0.381,70.80000000,1728100799999,26.99840000,4,47.20000000,18.00680000,0
2024-10-05 04:00:00,0.382,0.384,0.382,0.384,47.20000000,1728115199999,18.07760000,2,47.20000000,18.07760000,0
2024-10-05 08:00:00,0.384,0.384,0.384,0.384,0.00000000,1728129599999,0.00000000,0,0.00000000,0.00000000,0
2024-10-05 12:00:00,0.384,0.384,0.384,0.384,0.00000000,1728143999999,0.00000000,0,0.00000000,0.00000000,0
2024-10-05 16:00:00,0.384,0.384,0.384,0.384,0.00000000,1728158399999,0.00000000,0,0.00000000,0.00000000,0
2024-10-05 20:00:00,0.384,0.384,0.384,0.384,0.00000000,1728172799999,0.00000000,0,0.00000000,0.00000000,0
2024-10-06 00:00:00,0.384,0.384,0.384,0.384,0.00000000,1728187199999,0.00000000,0,0.00000000,0.00000000,0
2024-10-06 04:00:00,0.383,0.387,0.383,0.387,85.20000000,1728201599999,32.83170000,8,72.70000000,28.04420000,0
2024-10-06 08:00:00,0.386,0.386,0.386,0.386,238.60000000,1728215999999,92.09960000,2,0.00000000,0.00000000,0
2024-10-06 12:00:00,0.386,0.386,0.386,0.386,0.00000000,1728230399999,0.00000000,0,0.00000000,0.00000000,0
2024-10-06 16:00:00,0.386,0.386,0.386,0.386,0.00000000,1728244799999,0.00000000,0,0.00000000,0.00000000,0
2024-10-06 20:00:00,0.386,0.386,0.386,0.386,0.00000000,1728259199999,0.00000000,0,0.00000000,0.00000000,0
2024-10-07 00:00:00,0.386,0.386,0.386,0.386,0.00000000,1728273599999,0.00000000,0,0.00000000,0.00000000,0
2024-10-07 04:00:00,0.386,0.386,0.386,0.386,0.00000000,1728287999999,0.00000000,0,0.00000000,0.00000000,0
2024-10-07 08:00:00,0.386,0.386,0.386,0.386,0.00000000,1728302399999,0.00000000,0,0.00000000,0.00000000,0
2024-10-07 12:00:00,0.386,0.386,0.386,0.386,0.00000000,1728316799999,0.00000000,0,0.00000000,0.00000000,0
2024-10-07 16:00:00,0.386,0.386,0.386,0.386,0.00000000,1728331199999,0.00000000,0,0.00000000,0.00000000,0
2024-10-07 20:00:00,0.386,0.386,0.386,0.386,0.00000000,1728345599999,0.00000000,0,0.00000000,0.00000000,0
2024-10-08 00:00:00,0.384,0.384,0.384,0.384,23.60000000,1728359999999,9.06240000,1,0.00000000,0.00000000,0
2024-10-08 04:00:00,0.384,0.384,0.384,0.384,0.00000000,1728374399999,0.00000000,0,0.00000000,0.00000000,0
2024-10-08 08:00:00,0.382,0.382,0.381,0.381,47.20000000,1728388799999,18.00680000,2,0.00000000,0.00000000,0
2024-10-08 12:00:00,0.379,0.379,0.376,0.376,83.50000000,1728403199999,31.49040000,4,0.00000000,0.00000000,0
2024-10-08 16:00:00,0.374,0.374,0.372,0.372,54.90000000,1728417599999,20.48540000,3,0.00000000,0.00000000,0
2024-10-08 20:00:00,0.374,0.374,0.374,0.374,5.30000000,1728431999999,1.98220000,1,5.30000000,1.98220000,0
2024-10-09 00:00:00,0.371,0.371,0.371,0.371,23.60000000,1728446399999,8.75560000,1,0.00000000,0.00000000,0
2024-10-09 04:00:00,0.369,0.369,0.369,0.369,23.60000000,1728460799999,8.70840000,1,0.00000000,0.00000000,0
2024-10-09 08:00:00,0.37,0.37,0.37,0.37,10.30000000,1728475199999,3.81100000,1,0.00000000,0.00000000,0
2024-10-09 12:00:00,0.37,0.37,0.37,0.37,0.00000000,1728489599999,0.00000000,0,0.00000000,0.00000000,0
2024-10-09 16:00:00,0.368,0.368,0.364,0.364,4994.80000000,1728503999999,1837.92120000,41,0.00000000,0.00000000,0
2024-10-09 20:00:00,0.362,0.362,0.359,0.359,70.80000000,1728518399999,25.53520000,3,0.00000000,0.00000000,0
2024-10-10 00:00:00,0.359,0.359,0.359,0.359,958.40000000,1728532799999,344.06560000,8,0.00000000,0.00000000,0
2024-10-10 04:00:00,0.359,0.359,0.359,0.359,0.00000000,1728547199999,0.00000000,0,0.00000000,0.00000000,0
2024-10-10 08:00:00,0.359,0.359,0.359,0.359,5.00000000,1728561599999,1.79500000,1,0.00000000,0.00000000,0
2024-10-10 12:00:00,0.359,0.359,0.359,0.359,0.00000000,1728575999999,0.00000000,0,0.00000000,0.00000000,0
2024-10-10 16:00:00,0.359,0.359,0.359,0.359,0.00000000,1728590399999,0.00000000,0,0.00000000,0.00000000,0
2024-10-10 20:00:00,0.361,0.361,0.361,0.361,23.60000000,1728604799999,8.51960000,1,23.60000000,8.51960000,0
2024-10-11 00:00:00,0.362,0.367,0.362,0.367,94.40000000,1728619199999,34.43240000,4,94.40000000,34.43240000,0
2024-10-11 04:00:00,0.369,0.369,0.369,0.369,23.60000000,1728633599999,8.70840000,1,23.60000000,8.70840000,0
2024-10-11 08:00:00,0.367,0.367,0.366,0.366,47.20000000,1728647999999,17.29880000,2,0.00000000,0.00000000,0
2024-10-11 12:00:00,0.364,0.364,0.357,0.362,160.10000000,1728662399999,57.79290000,8,47.20000000,17.06280000,0
2024-10-11 16:00:00,0.362,0.362,0.362,0.362,0.00000000,1728676799999,0.00000000,0,0.00000000,0.00000000,0
2024-10-11 20:00:00,0.364,0.366,0.359,0.363,466.60000000,1728691199999,169.61930000,16,118.00000000,42.99920000,0
2024-10-12 00:00:00,0.366,0.366,0.366,0.366,23.60000000,1728705599999,8.63760000,1,23.60000000,8.63760000,0
2024-10-12 04:00:00,0.367,0.371,0.367,0.371,78.60000000,1728719999999,28.99560000,4,78.60000000,28.99560000,0
2024-10-12 08:00:00,0.372,0.374,0.372,0.374,41.90000000,1728734399999,15.62340000,2,41.90000000,15.62340000,0
2024-10-12 12:00:00,0.374,0.374,0.374,0.374,0.00000000,1728748799999,0.00000000,0,0.00000000,0.00000000,0
2024-10-12 16:00:00,0.374,0.374,0.374,0.374,0.00000000,1728763199999,0.00000000,0,0.00000000,0.00000000,0
2024-10-12 20:00:00,0.376,0.382,0.376,0.382,142.20000000,1728777599999,53.96640000,6,142.20000000,53.96640000,0
2024-10-13 00:00:00,0.382,0.382,0.382,0.382,6.90000000,1728791999999,2.63580000,1,6.90000000,2.63580000,0
2024-10-13 04:00:00,0.382,0.382,0.382,0.382,0.00000000,1728806399999,0.00000000,0,0.00000000,0.00000000,0
2024-10-13 08:00:00,0.382,0.382,0.382,0.382,0.00000000,1728820799999,0.00000000,0,0.00000000,0.00000000,0
2024-10-13 12:00:00,0.375,0.375,0.375,0.375,1271.40000000,1728835199999,476.77500000,3,1271.40000000,476.77500000,0
2024-10-13 16:00:00,0.375,0.375,0.375,0.375,0.00000000,1728849599999,0.00000000,0,0.00000000,0.00000000,0
2024-10-13 20:00:00,0.375,0.375,0.375,0.375,0.00000000,1728863999999,0.00000000,0,0.00000000,0.00000000,0
2024-10-14 00:00:00,0.375,0.375,0.375,0.375,0.00000000,1728878399999,0.00000000,0,0.00000000,0.00000000,0
2024-10-14 04:00:00,0.375,0.375,0.375,0.375,0.00000000,1728892799999,0.00000000,0,0.00000000,0.00000000,0
2024-10-14 08:00:00,0.375,0.375,0.375,0.375,0.00000000,1728907199999,0.00000000,0,0.00000000,0.00000000,0
2024-10-14 12:00:00,0.375,0.387,0.375,0.387,180.40000000,1728921599999,69.29050000,5,144.30000000,55.75300000,0
2024-10-14 16:00:00,0.386,0.386,0.386,0.386,10.10000000,1728935999999,3.89860000,1,10.10000000,3.89860000,0
2024-10-14 20:00:00,0.386,0.386,0.386,0.386,0.00000000,1728950399999,0.00000000,0,0.00000000,0.00000000,0
2024-10-15 00:00:00,0.386,0.386,0.386,0.386,0.00000000,1728964799999,0.00000000,0,0.00000000,0.00000000,0
2024-10-15 04:00:00,0.386,0.386,0.386,0.386,0.00000000,1728979199999,0.00000000,0,0.00000000,0.00000000,0
2024-10-15 08:00:00,0.386,0.386,0.386,0.386,0.00000000,1728993599999,0.00000000,0,0.00000000,0.00000000,0
2024-10-15 12:00:00,0.386,0.386,0.386,0.386,0.00000000,1729007999999,0.00000000,0,0.00000000,0.00000000,0
2024-10-15 16:00:00,0.386,0.386,0.386,0.386,0.00000000,1729022399999,0.00000000,0,0.00000000,0.00000000,0
2024-10-15 20:00:00,0.386,0.386,0.386,0.386,0.00000000,1729036799999,0.00000000,0,0.00000000,0.00000000,0
2024-10-16 00:00:00,0.386,0.386,0.386,0.386,0.00000000,1729051199999,0.00000000,0,0.00000000,0.00000000,0
2024-10-16 04:00:00,0.386,0.386,0.386,0.386,0.00000000,1729065599999,0.00000000,0,0.00000000,0.00000000,0
2024-10-16 08:00:00,0.386,0.386,0.386,0.386,0.00000000,1729079999999,0.00000000,0,0.00000000,0.00000000,0
2024-10-16 12:00:00,0.386,0.386,0.386,0.386,0.00000000,1729094399999,0.00000000,0,0.00000000,0.00000000,0
2024-10-16 16:00:00,0.386,0.386,0.386,0.386,0.00000000,1729108799999,0.00000000,0,0.00000000,0.00000000,0
2024-10-16 20:00:00,0.376,0.376,0.374,0.374,29.90000000,1729123199999,11.20720000,2,0.00000000,0.00000000,0
2024-10-17 00:00:00,0.374,0.374,0.374,0.374,43.50000000,1729137599999,16.26900000,2,0.00000000,0.00000000,0
2024-10-17 04:00:00,0.374,0.374,0.374,0.374,1808.60000000,1729151999999,676.41640000,9,0.00000000,0.00000000,0
2024-10-17 08:00:00,0.374,0.374,0.374,0.374,2283.20000000,1729166399999,853.91680000,14,0.00000000,0.00000000,0
2024-10-17 12:00:00,0.374,0.374,0.374,0.374,0.00000000,1729180799999,0.00000000,0,0.00000000,0.00000000,0
2024-10-17 16:00:00,0.374,0.374,0.374,0.374,0.00000000,1729195199999,0.00000000,0,0.00000000,0.00000000,0
2024-10-17 20:00:00,0.374,0.374,0.374,0.374,0.00000000,1729209599999,0.00000000,0,0.00000000,0.00000000,0
2024-10-18 00:00:00,0.374,0.374,0.374,0.374,0.00000000,1729223999999,0.00000000,0,0.00000000,0.00000000,0
2024-10-18 04:00:00,0.374,0.374,0.374,0.374,0.00000000,1729238399999,0.00000000,0,0.00000000,0.00000000,0
2024-10-18 08:00:00,0.374,0.374,0.374,0.374,0.00000000,1729252799999,0.00000000,0,0.00000000,0.00000000,0
2024-10-18 12:00:00,0.374,0.374,0.374,0.374,0.00000000,1729267199999,0.00000000,0,0.00000000,0.00000000,0
2024-10-18 16:00:00,0.374,0.374,0.374,0.374,0.00000000,1729281599999,0.00000000,0,0.00000000,0.00000000,0
2024-10-18 20:00:00,0.365,0.373,0.357,0.373,41.70000000,1729295999999,15.09210000,4,7.30000000,2.72290000,0
2024-10-19 00:00:00,0.352,0.357,0.352,0.357,192.50000000,1729310399999,68.24430000,3,0.00000000,0.00000000,0
2024-10-19 04:00:00,0.38,0.38,0.38,0.38,12.60000000,1729324799999,4.78800000,2,12.60000000,4.78800000,0
2024-10-19 08:00:00,0.38,0.38,0.38,0.38,0.00000000,1729339199999,0.00000000,0,0.00000000,0.00000000,0
2024-10-19 12:00:00,0.357,0.357,0.357,0.357,20.00000000,1729353599999,7.14000000,2,0.00000000,0.00000000,0
2024-10-19 16:00:00,0.357,0.357,0.357,0.357,0.00000000,1729367999999,0.00000000,0,0.00000000,0.00000000,0
2024-10-19 20:00:00,0.357,0.36,0.357,0.36,2606.70000000,1729382399999,938.11620000,37,0.00000000,0.00000000,0
2024-10-20 00:00:00,0.36,0.36,0.36,0.36,127.10000000,1729396799999,45.75600000,1,0.00000000,0.00000000,0
2024-10-20 04:00:00,0.365,0.365,0.365,0.365,1469.30000000,1729411199999,536.29450000,15,0.00000000,0.00000000,0
2024-10-20 08:00:00,0.365,0.365,0.365,0.365,8129.60000000,1729425599999,2967.30400000,112,0.00000000,0.00000000,0
2024-10-20 12:00:00,0.365,0.365,0.365,0.365,10752.70000000,1729439999999,3924.73550000,113,0.00000000,0.00000000,0
2024-10-20 16:00:00,0.365,0.365,0.365,0.365,0.00000000,1729454399999,0.00000000,0,0.00000000,0.00000000,0
2024-10-20 20:00:00,0.365,0.365,0.365,0.365,0.00000000,1729468799999,0.00000000,0,0.00000000,0.00000000,0
2024-10-21 00:00:00,0.365,0.365,0.365,0.365,0.00000000,1729483199999,0.00000000,0,0.00000000,0.00000000,0
2024-10-21 04:00:00,0.368,0.374,0.368,0.374,59.40000000,1729497599999,22.19760000,3,59.40000000,22.19760000,0
2024-10-21 08:00:00,0.368,0.368,0.365,0.365,5106.70000000,1729511999999,1863.97940000,83,0.00000000,0.00000000,0
2024-10-21 12:00:00,0.365,0.365,0.36,0.36,26364.60000000,1729526399999,9611.40050000,217,0.00000000,0.00000000,0
2024-10-21 16:00:00,0.36,0.365,0.36,0.365,14147.10000000,1729540799999,5154.91520000,147,0.00000000,0.00000000,0
2024-10-21 20:00:00,0.365,0.365,0.365,0.365,3444.40000000,1729555199999,1257.20600000,48,0.00000000,0.00000000,0
2024-10-22 00:00:00,0.363,0.363,0.363,0.363,7625.70000000,1729569599999,2768.12910000,72,0.00000000,0.00000000,0
2024-10-22 04:00:00,0.363,0.363,0.36,0.36,7335.80000000,1729583999999,2648.82060000,79,0.00000000,0.00000000,0
2024-10-22 08:00:00,0.36,0.36,0.358,0.358,2648.70000000,1729598399999,952.01900000,42,0.00000000,0.00000000,0
2024-10-22 12:00:00,0.358,0.358,0.358,0.358,640.10000000,1729612799999,229.15580000,4,0.00000000,0.00000000,0
2024-10-22 16:00:00,0.35,0.351,0.35,0.351,146.90000000,1729627199999,51.41910000,5,0.00000000,0.00000000,0
2024-10-22 20:00:00,0.35,0.35,0.348,0.348,524.70000000,1729641599999,182.62280000,13,0.00000000,0.00000000,0
2024-10-23 00:00:00,0.348,0.348,0.348,0.348,2273.30000000,1729655999999,791.10840000,34,0.00000000,0.00000000,0
2024-10-23 04:00:00,0.348,0.348,0.348,0.348,3622.30000000,1729670399999,1260.56040000,29,0.00000000,0.00000000,0
2024-10-23 08:00:00,0.34,0.34,0.34,0.34,1470.60000000,1729684799999,500.00400000,11,0.00000000,0.00000000,0
2024-10-23 12:00:00,0.34,0.34,0.34,0.34,0.00000000,1729699199999,0.00000000,0,0.00000000,0.00000000,0
2024-10-23 16:00:00,0.34,0.34,0.34,0.34,0.00000000,1729713599999,0.00000000,0,0.00000000,0.00000000,0
2024-10-23 20:00:00,0.34,0.34,0.34,0.34,0.00000000,1729727999999,0.00000000,0,0.00000000,0.00000000,0
2024-10-24 00:00:00,0.385,0.385,0.385,0.385,60.20000000,1729742399999,23.17700000,1,0.00000000,0.00000000,0
2024-10-24 04:00:00,0.385,0.385,0.385,0.385,0.00000000,1729756799999,0.00000000,0,0.00000000,0.00000000,0
2024-10-24 08:00:00,0.392,0.392,0.392,0.392,168.70000000,1729771199999,66.13040000,1,168.70000000,66.13040000,0
2024-10-24 12:00:00,0.392,0.392,0.392,0.392,10.20000000,1729785599999,3.99840000,1,10.20000000,3.99840000,0
2024-10-24 16:00:00,0.392,0.392,0.392,0.392,0.00000000,1729799999999,0.00000000,0,0.00000000,0.00000000,0
2024-10-24 20:00:00,0.392,0.392,0.392,0.392,0.00000000,1729814399999,0.00000000,0,0.00000000,0.00000000,0
2024-10-25 00:00:00,0.392,0.392,0.392,0.392,0.00000000,1729828799999,0.00000000,0,0.00000000,0.00000000,0
2024-10-25 04:00:00,0.392,0.392,0.392,0.392,0.00000000,1729843199999,0.00000000,0,0.00000000,0.00000000,0
2024-10-25 08:00:00,0.392,0.392,0.392,0.392,0.00000000,1729857599999,0.00000000,0,0.00000000,0.00000000,0
2024-10-25 12:00:00,0.392,0.392,0.392,0.392,0.00000000,1729871999999,0.00000000,0,0.00000000,0.00000000,0
2024-10-25 16:00:00,0.392,0.392,0.392,0.392,0.00000000,1729886399999,0.00000000,0,0.00000000,0.00000000,0
2024-10-25 20:00:00,0.33,0.339,0.328,0.328,30.70000000,1729900799999,10.15600000,6,10.90000000,3.61810000,0
2024-10-26 00:00:00,0.328,0.328,0.328,0.328,3286.30000000,1729915199999,1077.90640000,27,75.50000000,24.76400000,0
2024-10-26 04:00:00,0.328,0.328,0.328,0.328,0.00000000,1729929599999,0.00000000,0,0.00000000,0.00000000,0
2024-10-26 08:00:00,0.328,0.328,0.328,0.328,0.00000000,1729943999999,0.00000000,0,0.00000000,0.00000000,0
2024-10-26 12:00:00,0.326,0.326,0.322,0.322,6.80000000,1729958399999,2.20400000,2,0.00000000,0.00000000,0
2024-10-26 16:00:00,0.322,0.322,0.322,0.322,0.00000000,1729972799999,0.00000000,0,0.00000000,0.00000000,0
2024-10-26 20:00:00,0.322,0.322,0.322,0.322,0.00000000,1729987199999,0.00000000,0,0.00000000,0.00000000,0
2024-10-27 00:00:00,0.322,0.322,0.322,0.322,0.00000000,1730001599999,0.00000000,0,0.00000000,0.00000000,0
2024-10-27 04:00:00,0.322,0.322,0.322,0.322,0.00000000,1730015999999,0.00000000,0,0.00000000,0.00000000,0
2024-10-27 08:00:00,0.322,0.322,0.322,0.322,0.00000000,1730030399999,0.00000000,0,0.00000000,0.00000000,0
2024-10-27 12:00:00,0.322,0.322,0.322,0.322,0.00000000,1730044799999,0.00000000,0,0.00000000,0.00000000,0
2024-10-27 16:00:00,0.329,0.34,0.329,0.34,11.20000000,1730059199999,3.76950000,2,7.70000000,2.61800000,0
2024-10-27 20:00:00,0.322,0.336,0.322,0.336,96.10000000,1730073599999,31.04580000,6,7.90000000,2.64540000,0
2024-10-28 00:00:00,0.336,0.336,0.336,0.336,0.00000000,1730087999999,0.00000000,0,0.00000000,0.00000000,0
2024-10-28 04:00:00,0.336,0.336,0.336,0.336,0.00000000,1730102399999,0.00000000,0,0.00000000,0.00000000,0
2024-10-28 08:00:00,0.336,0.336,0.336,0.336,0.00000000,1730116799999,0.00000000,0,0.00000000,0.00000000,0
2024-10-28 12:00:00,0.336,0.336,0.336,0.336,0.00000000,1730131199999,0.00000000,0,0.00000000,0.00000000,0
2024-10-28 16:00:00,0.336,0.336,0.332,0.332,161.10000000,1730145599999,53.60680000,4,1.10000000,0.36960000,0
2024-10-28 20:00:00,0.337,0.342,0.337,0.342,63.90000000,1730159999999,21.81180000,6,63.90000000,21.81180000,0
2024-10-29 00:00:00,0.34,0.369,0.34,0.369,1683.70000000,1730174399999,600.11600000,14,1683.70000000,600.11600000,0
2024-10-29 04:00:00,0.339,0.355,0.339,0.355,75.20000000,1730188799999,25.77950000,4,75.20000000,25.77950000,0
2024-10-29 08:00:00,0.359,0.359,0.359,0.359,71.90000000,1730203199999,25.81210000,1,71.90000000,25.81210000,0
2024-10-29 12:00:00,0.359,0.359,0.359,0.359,0.00000000,1730217599999,0.00000000,0,0.00000000,0.00000000,0
2024-10-29 16:00:00,0.359,0.359,0.359,0.359,0.00000000,1730231999999,0.00000000,0,0.00000000,0.00000000,0
2024-10-29 20:00:00,0.359,0.359,0.359,0.359,0.00000000,1730246399999,0.00000000,0,0.00000000,0.00000000,0
2024-10-30 00:00:00,0.359,0.359,0.359,0.359,0.00000000,1730260799999,0.00000000,0,0.00000000,0.00000000,0
2024-10-30 04:00:00,0.359,0.359,0.359,0.359,0.00000000,1730275199999,0.00000000,0,0.00000000,0.00000000,0
2024-10-30 08:00:00,0.359,0.359,0.359,0.359,0.00000000,1730289599999,0.00000000,0,0.00000000,0.00000000,0
2024-10-30 12:00:00,0.359,0.359,0.359,0.359,0.00000000,1730303999999,0.00000000,0,0.00000000,0.00000000,0
2024-10-30 16:00:00,0.359,0.359,0.359,0.359,0.00000000,1730318399999,0.00000000,0,0.00000000,0.00000000,0
2024-10-30 20:00:00,0.359,0.359,0.359,0.359,0.00000000,1730332799999,0.00000000,0,0.00000000,0.00000000,0
2024-10-31 00:00:00,0.359,0.359,0.359,0.359,0.00000000,1730347199999,0.00000000,0,0.00000000,0.00000000,0
2024-10-31 04:00:00,0.359,0.359,0.359,0.359,0.00000000,1730361599999,0.00000000,0,0.00000000,0.00000000,0
2024-10-31 08:00:00,0.359,0.359,0.359,0.359,0.00000000,1730375999999,0.00000000,0,0.00000000,0.00000000,0
2024-10-31 12:00:00,0.359,0.359,0.359,0.359,0.00000000,1730390399999,0.00000000,0,0.00000000,0.00000000,0
2024-10-31 16:00:00,0.359,0.359,0.359,0.359,0.00000000,1730404799999,0.00000000,0,0.00000000,0.00000000,0
2024-10-31 20:00:00,0.319,0.319,0.319,0.319,5.70000000,1730419199999,1.81830000,1,0.00000000,0.00000000,0
2024-11-01 00:00:00,0.318,0.338,0.314,0.314,55.20000000,1730433599999,17.66960000,12,6.00000000,2.02800000,0
2024-11-01 04:00:00,0.312,0.312,0.312,0.312,3.90000000,1730447999999,1.21680000,1,0.00000000,0.00000000,0
2024-11-01 08:00:00,0.312,0.312,0.312,0.312,0.00000000,1730462399999,0.00000000,0,0.00000000,0.00000000,0
2024-11-01 12:00:00,0.312,0.312,0.312,0.312,0.00000000,1730476799999,0.00000000,0,0.00000000,0.00000000,0
2024-11-01 16:00:00,0.33,0.33,0.33,0.33,424.30000000,1730491199999,140.01900000,1,424.30000000,140.01900000,0
2024-11-01 20:00:00,0.312,0.312,0.301,0.301,135.00000000,1730505599999,40.78770000,5,0.00000000,0.00000000,0
2024-11-02 00:00:00,0.301,0.301,0.301,0.301,0.00000000,1730519999999,0.00000000,0,0.00000000,0.00000000,0
2024-11-02 04:00:00,0.333,0.334,0.333,0.334,89.90000000,1730534399999,30.00510000,3,89.90000000,30.00510000,0
2024-11-02 08:00:00,0.334,0.334,0.334,0.334,0.00000000,1730548799999,0.00000000,0,0.00000000,0.00000000,0
2024-11-02 12:00:00,0.343,0.375,0.343,0.375,2343.70000000,1730563199999,865.64100000,13,2339.30000000,863.99100000,0
2024-11-02 16:00:00,0.375,0.375,0.327,0.327,36.90000000,1730577599999,12.70620000,8,17.20000000,6.02640000,0
2024-11-02 20:00:00,0.327,0.327,0.327,0.327,0.00000000,1730591999999,0.00000000,0,0.00000000,0.00000000,0
2024-11-03 00:00:00,0.327,0.327,0.327,0.327,0.00000000,1730606399999,0.00000000,0,0.00000000,0.00000000,0
2024-11-03 04:00:00,0.348,0.351,0.348,0.351,1444.60000000,1730620799999,506.98360000,10,1444.60000000,506.98360000,0
2024-11-03 08:00:00,0.351,0.351,0.351,0.351,0.00000000,1730635199999,0.00000000,0,0.00000000,0.00000000,0
2024-11-03 12:00:00,0.374,0.374,0.374,0.374,122.50000000,1730649599999,45.81500000,1,122.50000000,45.81500000,0
2024-11-03 16:00:00,0.373,0.374,0.373,0.374,196.30000000,1730663999999,73.40670000,3,196.30000000,73.40670000,0
2024-11-03 20:00:00,0.374,0.374,0.366,0.366,254.50000000,1730678399999,95.07580000,3,254.50000000,95.07580000,0
2024-11-04 00:00:00,0.332,0.332,0.305,0.305,119.50000000,1730692799999,37.68520000,10,0.00000000,0.00000000,0
2024-11-04 04:00:00,0.305,0.305,0.305,0.305,0.00000000,1730707199999,0.00000000,0,0.00000000,0.00000000,0
2024-11-04 08:00:00,0.308,0.308,0.308,0.308,43.50000000,1730721599999,13.39800000,1,0.00000000,0.00000000,0
2024-11-04 12:00:00,0.335,0.336,0.335,0.336,89.50000000,1730735999999,29.98680000,3,89.50000000,29.98680000,0
2024-11-04 16:00:00,0.305,0.305,0.305,0.305,765.40000000,1730750399999,233.44700000,5,0.00000000,0.00000000,0
2024-11-04 20:00:00,0.305,0.313,0.305,0.313,1827.80000000,1730764799999,560.02940000,14,318.80000000,99.78440000,0
2024-11-05 00:00:00,0.316,0.318,0.316,0.318,102.90000000,1730779199999,32.53240000,3,102.90000000,32.53240000,0
2024-11-05 04:00:00,0.315,0.315,0.315,0.315,5.00000000,1730793599999,1.57500000,1,0.00000000,0.00000000,0
2024-11-05 08:00:00,0.315,0.315,0.315,0.315,0.00000000,1730807999999,0.00000000,0,0.00000000,0.00000000,0
2024-11-05 12:00:00,0.31,0.31,0.299,0.31,695.00000000,1730822399999,210.58080000,15,191.80000000,59.45800000,0
2024-11-05 16:00:00,0.31,0.31,0.31,0.31,0.00000000,1730836799999,0.00000000,0,0.00000000,0.00000000,0
2024-11-05 20:00:00,0.31,0.31,0.31,0.31,0.00000000,1730851199999,0.00000000,0,0.00000000,0.00000000,0
2024-11-06 00:00:00,0.305,0.322,0.305,0.322,4615.00000000,1730865599999,1436.14590000,33,1846.90000000,564.19440000,0
2024-11-06 04:00:00,0.322,0.322,0.322,0.322,0.00000000,1730879999999,0.00000000,0,0.00000000,0.00000000,0
2024-11-06 08:00:00,0.322,0.322,0.322,0.322,0.00000000,1730894399999,0.00000000,0,0.00000000,0.00000000,0
2024-11-06 12:00:00,0.322,0.322,0.322,0.322,0.00000000,1730908799999,0.00000000,0,0.00000000,0.00000000,0
2024-11-06 16:00:00,0.317,0.317,0.317,0.317,3.90000000,1730923199999,1.23630000,1,0.00000000,0.00000000,0
2024-11-06 20:00:00,0.317,0.318,0.315,0.315,2471.50000000,1730937599999,780.06900000,22,986.40000000,310.71600000,0
2024-11-07 00:00:00,0.326,0.328,0.326,0.328,428.00000000,1730951999999,140.36600000,13,428.00000000,140.36600000,0
2024-11-07 04:00:00,0.328,0.328,0.328,0.328,0.00000000,1730966399999,0.00000000,0,0.00000000,0.00000000,0
2024-11-07 08:00:00,0.328,0.328,0.328,0.328,0.00000000,1730980799999,0.00000000,0,0.00000000,0.00000000,0
2024-11-07 12:00:00,0.328,0.328,0.328,0.328,0.00000000,1730995199999,0.00000000,0,0.00000000,0.00000000,0
2024-11-07 16:00:00,0.331,0.331,0.331,0.331,10.00000000,1731009599999,3.31000000,1,10.00000000,3.31000000,0
2024-11-07 20:00:00,0.331,0.331,0.331,0.331,0.00000000,1731023999999,0.00000000,0,0.00000000,0.00000000,0
2024-11-08 00:00:00,0.331,0.331,0.331,0.331,0.00000000,1731038399999,0.00000000,0,0.00000000,0.00000000,0
2024-11-08 04:00:00,0.331,0.331,0.331,0.331,0.00000000,1731052799999,0.00000000,0,0.00000000,0.00000000,0
2024-11-08 08:00:00,0.331,0.331,0.331,0.331,0.00000000,1731067199999,0.00000000,0,0.00000000,0.00000000,0
2024-11-08 12:00:00,0.323,0.323,0.322,0.322,7.30000000,1731081599999,2.35460000,2,0.00000000,0.00000000,0
2024-11-08 16:00:00,0.328,0.328,0.328,0.328,7.80000000,1731095999999,2.55840000,1,7.80000000,2.55840000,0
2024-11-08 20:00:00,0.328,0.328,0.328,0.328,1811.80000000,1731110399999,594.27040000,17,0.00000000,0.00000000,0
2024-11-09 00:00:00,0.328,0.328,0.328,0.328,0.00000000,1731124799999,0.00000000,0,0.00000000,0.00000000,0
2024-11-09 04:00:00,0.328,0.328,0.328,0.328,0.00000000,1731139199999,0.00000000,0,0.00000000,0.00000000,0
2024-11-09 08:00:00,0.328,0.328,0.328,0.328,0.00000000,1731153599999,0.00000000,0,0.00000000,0.00000000,0
2024-11-09 12:00:00,0.33,0.331,0.33,0.331,3.50000000,1731167999999,1.15510000,2,3.50000000,1.15510000,0
2024-11-09 16:00:00,0.331,0.331,0.331,0.331,0.00000000,1731182399999,0.00000000,0,0.00000000,0.00000000,0
2024-11-09 20:00:00,0.331,0.331,0.331,0.331,10.00000000,1731196799999,3.31000000,2,10.00000000,3.31000000,0
2024-11-10 00:00:00,0.334,0.335,0.326,0.327,113.30000000,1731211199999,37.04350000,4,11.80000000,3.94900000,0
2024-11-10 04:00:00,0.343,0.343,0.343,0.343,15.00000000,1731225599999,5.14500000,1,15.00000000,5.14500000,0
2024-11-10 08:00:00,0.343,0.343,0.343,0.343,0.00000000,1731239999999,0.00000000,0,0.00000000,0.00000000,0
2024-11-10 12:00:00,0.345,0.355,0.345,0.355,56.40000000,1731254399999,19.99200000,4,56.40000000,19.99200000,0
2024-11-10 16:00:00,0.355,0.355,0.355,0.355,0.00000000,1731268799999,0.00000000,0,0.00000000,0.00000000,0
2024-11-10 20:00:00,0.355,0.355,0.354,0.354,3544.00000000,1731283199999,1257.17740000,53,30.90000000,10.94160000,0
2024-11-11 00:00:00,0.354,0.384,0.354,0.384,3232.20000000,1731297599999,1156.12580000,45,491.20000000,185.81180000,0
2024-11-11 04:00:00,0.384,0.384,0.384,0.384,0.00000000,1731311999999,0.00000000,0,0.00000000,0.00000000,0
2024-11-11 08:00:00,0.384,0.384,0.384,0.384,0.00000000,1731326399999,0.00000000,0,0.00000000,0.00000000,0
2024-11-11 12:00:00,0.384,0.384,0.384,0.384,0.00000000,1731340799999,0.00000000,0,0.00000000,0.00000000,0
2024-11-11 16:00:00,0.366,0.384,0.324,0.368,4313.50000000,1731355199999,1606.06390000,35,1417.20000000,539.62000000,0
2024-11-11 20:00:00,0.352,0.352,0.351,0.351,27.60000000,1731369599999,9.69710000,2,0.00000000,0.00000000,0
2024-11-12 00:00:00,0.365,0.368,0.365,0.368,757.90000000,1731383999999,278.21820000,9,757.90000000,278.21820000,0
2024-11-12 04:00:00,0.368,0.385,0.368,0.385,3140.70000000,1731398399999,1194.51450000,34,3140.70000000,1194.51450000,0
2024-11-12 08:00:00,0.385,0.385,0.385,0.385,0.00000000,1731412799999,0.00000000,0,0.00000000,0.00000000,0
2024-11-12 12:00:00,0.385,0.385,0.385,0.385,0.00000000,1731427199999,0.00000000,0,0.00000000,0.00000000,0
2024-11-12 16:00:00,0.385,0.385,0.385,0.385,0.00000000,1731441599999,0.00000000,0,0.00000000,0.00000000,0
2024-11-12 20:00:00,0.352,0.352,0.34,0.34,97.30000000,1731455999999,33.15800000,5,0.00000000,0.00000000,0
2024-11-13 00:00:00,0.343,0.343,0.332,0.332,90.50000000,1731470399999,30.77350000,7,0.00000000,0.00000000,0
2024-11-13 04:00:00,0.331,0.331,0.33,0.33,787.70000000,1731484799999,259.96050000,14,0.00000000,0.00000000,0
2024-11-13 08:00:00,0.33,0.33,0.33,0.33,1030.70000000,1731499199999,340.13100000,27,0.00000000,0.00000000,0
2024-11-13 12:00:00,0.33,0.33,0.33,0.33,0.00000000,1731513599999,0.00000000,0,0.00000000,0.00000000,0
2024-11-13 16:00:00,0.33,0.33,0.33,0.33,0.00000000,1731527999999,0.00000000,0,0.00000000,0.00000000,0
2024-11-13 20:00:00,0.325,0.325,0.316,0.316,253.30000000,1731542399999,80.76720000,6,0.00000000,0.00000000,0
2024-11-14 00:00:00,0.338,0.338,0.338,0.338,141.10000000,1731556799999,47.69180000,5,141.10000000,47.69180000,0
2024-11-14 04:00:00,0.338,0.338,0.338,0.338,0.00000000,1731571199999,0.00000000,0,0.00000000,0.00000000,0
2024-11-14 08:00:00,0.357,0.385,0.357,0.366,17886.00000000,1731585599999,6883.98800000,23,17886.00000000,6883.98800000,0
2024-11-14 12:00:00,0.315,0.315,0.315,0.315,496.90000000,1731599999999,156.52350000,6,0.00000000,0.00000000,0
2024-11-14 16:00:00,0.315,0.315,0.315,0.315,0.00000000,1731614399999,0.00000000,0,0.00000000,0.00000000,0
2024-11-14 20:00:00,0.315,0.315,0.315,0.315,0.00000000,1731628799999,0.00000000,0,0.00000000,0.00000000,0
2024-11-15 00:00:00,0.332,0.332,0.332,0.332,9.10000000,1731643199999,3.02120000,1,0.00000000,0.00000000,0
2024-11-15 04:00:00,0.332,0.332,0.332,0.332,0.00000000,1731657599999,0.00000000,0,0.00000000,0.00000000,0
2024-11-15 08:00:00,0.339,0.339,0.339,0.339,147.30000000,1731671999999,49.93470000,1,147.30000000,49.93470000,0
2024-11-15 12:00:00,0.322,0.325,0.322,0.325,2773.90000000,1731686399999,900.72220000,23,0.00000000,0.00000000,0
2024-11-15 16:00:00,0.321,0.321,0.316,0.316,104.20000000,1731700799999,33.00140000,4,0.00000000,0.00000000,0
2024-11-15 20:00:00,0.317,0.331,0.317,0.331,2630.30000000,1731715199999,868.86300000,8,2505.00000000,829.14290000,0
2024-11-16 00:00:00,0.317,0.318,0.285,0.291,5154.70000000,1731729599999,1575.17960000,66,0.00000000,0.00000000,0
2024-11-16 04:00:00,0.344,0.344,0.344,0.344,497.40000000,1731743999999,171.10560000,2,497.40000000,171.10560000,0
2024-11-16 08:00:00,0.344,0.344,0.344,0.344,0.00000000,1731758399999,0.00000000,0,0.00000000,0.00000000,0
2024-11-16 12:00:00,0.344,0.344,0.344,0.344,0.00000000,1731772799999,0.00000000,0,0.00000000,0.00000000,0
2024-11-16 16:00:00,0.344,0.344,0.344,0.344,245.40000000,1731787199999,84.41760000,2,245.40000000,84.41760000,0
2024-11-16 20:00:00,0.346,0.352,0.346,0.352,503.40000000,1731801599999,177.16080000,4,503.40000000,177.16080000,0
2024-11-17 00:00:00,0.352,0.352,0.352,0.352,0.00000000,1731815999999,0.00000000,0,0.00000000,0.00000000,0
2024-11-17 04:00:00,0.352,0.352,0.352,0.352,0.00000000,1731830399999,0.00000000,0,0.00000000,0.00000000,0
2024-11-17 08:00:00,0.352,0.352,0.352,0.352,0.00000000,1731844799999,0.00000000,0,0.00000000,0.00000000,0
2024-11-17 12:00:00,0.352,0.352,0.352,0.352,0.00000000,1731859199999,0.00000000,0,0.00000000,0.00000000,0
2024-11-17 16:00:00,0.357,0.364,0.357,0.364,18.00000000,1731873599999,6.48600000,5,18.00000000,6.48600000,0
2024-11-17 20:00:00,0.358,0.364,0.358,0.364,20.20000000,1731887999999,7.30760000,4,20.20000000,7.30760000,0
2024-11-18 00:00:00,0.364,0.364,0.364,0.364,4.00000000,1731902399999,1.45600000,1,4.00000000,1.45600000,0
2024-11-18 04:00:00,0.365,0.365,0.365,0.365,84.40000000,1731916799999,30.80600000,1,84.40000000,30.80600000,0
2024-11-18 08:00:00,0.365,0.365,0.365,0.365,0.00000000,1731931199999,0.00000000,0,0.00000000,0.00000000,0
2024-11-18 12:00:00,0.365,0.365,0.365,0.365,0.00000000,1731945599999,0.00000000,0,0.00000000,0.00000000,0
2024-11-18 16:00:00,0.367,0.37,0.324,0.327,7888.90000000,1731959999999,2688.20900000,26,1649.30000000,576.33390000,0
2024-11-18 20:00:00,0.338,0.338,0.338,0.338,23.30000000,1731974399999,7.87540000,2,23.30000000,7.87540000,0
2024-11-19 00:00:00,0.338,0.364,0.338,0.364,3349.70000000,1731988799999,1147.17040000,28,3252.20000000,1113.33790000,0
2024-11-19 04:00:00,0.344,0.344,0.338,0.34,48.20000000,1732003199999,16.35020000,6,0.00000000,0.00000000,0
2024-11-19 08:00:00,0.34,0.34,0.34,0.34,0.00000000,1732017599999,0.00000000,0,0.00000000,0.00000000,0
2024-11-19 12:00:00,0.342,0.342,0.342,0.342,8.90000000,1732031999999,3.04380000,1,8.90000000,3.04380000,0
2024-11-19 16:00:00,0.342,0.342,0.342,0.342,0.00000000,1732046399999,0.00000000,0,0.00000000,0.00000000,0
2024-11-19 20:00:00,0.342,0.342,0.342,0.342,0.00000000,1732060799999,0.00000000,0,0.00000000,0.00000000,0
2024-11-20 00:00:00,0.349,0.349,0.349,0.349,20.70000000,1732075199999,7.22430000,1,20.70000000,7.22430000,0
2024-11-20 04:00:00,0.348,0.348,0.348,0.348,2226.00000000,1732089599999,774.64800000,7,2226.00000000,774.64800000,0
2024-11-20 08:00:00,0.348,0.348,0.348,0.348,0.00000000,1732103999999,0.00000000,0,0.00000000,0.00000000,0
2024-11-20 12:00:00,0.344,0.362,0.344,0.355,643.10000000,1732118399999,229.80170000,9,222.40000000,80.28980000,0
2024-11-20 16:00:00,0.342,0.35,0.34,0.35,376.80000000,1732132799999,128.22020000,4,7.40000000,2.59000000,0
2024-11-20 20:00:00,0.34,0.34,0.34,0.34,254.90000000,1732147199999,86.66600000,1,0.00000000,0.00000000,0
2024-11-21 00:00:00,0.34,0.34,0.34,0.34,0.00000000,1732161599999,0.00000000,0,0.00000000,0.00000000,0
2024-11-21 04:00:00,0.339,0.346,0.333,0.346,47.50000000,1732175999999,16.00020000,5,7.50000000,2.59500000,0
2024-11-21 08:00:00,0.346,0.346,0.346,0.346,0.00000000,1732190399999,0.00000000,0,0.00000000,0.00000000,0
2024-11-21 12:00:00,0.346,0.346,0.346,0.346,0.00000000,1732204799999,0.00000000,0,0.00000000,0.00000000,0
2024-11-21 16:00:00,0.346,0.346,0.346,0.346,0.00000000,1732219199999,0.00000000,0,0.00000000,0.00000000,0
2024-11-21 20:00:00,0.346,0.346,0.346,0.346,0.00000000,1732233599999,0.00000000,0,0.00000000,0.00000000,0
2024-11-22 00:00:00,0.346,0.346,0.346,0.346,0.00000000,1732247999999,0.00000000,0,0.00000000,0.00000000,0
2024-11-22 04:00:00,0.346,0.355,0.346,0.355,283.00000000,1732262399999,99.99680000,11,283.00000000,99.99680000,0
2024-11-22 08:00:00,0.355,0.355,0.355,0.355,0.00000000,1732276799999,0.00000000,0,0.00000000,0.00000000,0
2024-11-22 12:00:00,0.343,0.351,0.336,0.351,1085.10000000,1732291199999,370.02210000,15,327.00000000,114.55800000,0
2024-11-22 16:00:00,0.345,0.345,0.345,0.345,332.00000000,1732305599999,114.54000000,1,0.00000000,0.00000000,0
2024-11-22 20:00:00,0.337,0.344,0.331,0.331,711.30000000,1732319999999,235.72570000,7,22.20000000,7.49120000,0
2024-11-23 00:00:00,0.329,0.338,0.324,0.338,88.70000000,1732334399999,28.94540000,6,8.90000000,3.00820000,0
2024-11-23 04:00:00,0.338,0.338,0.338,0.338,2.30000000,1732348799999,0.77740000,1,2.30000000,0.77740000,0
2024-11-23 08:00:00,0.345,0.355,0.345,0.355,4025.90000000,1732363199999,1402.07790000,28,4025.90000000,1402.07790000,0
2024-11-23 12:00:00,0.355,0.355,0.355,0.355,0.00000000,1732377599999,0.00000000,0,0.00000000,0.00000000,0
2024-11-23 16:00:00,0.355,0.377,0.355,0.356,1190.10000000,1732391999999,435.02220000,29,1126.50000000,412.38060000,0
2024-11-23 20:00:00,0.365,0.372,0.365,0.372,270.80000000,1732406399999,99.93330000,4,270.80000000,99.93330000,0
2024-11-24 00:00:00,0.372,0.372,0.372,0.372,0.00000000,1732420799999,0.00000000,0,0.00000000,0.00000000,0
2024-11-24 04:00:00,0.372,0.372,0.372,0.372,0.00000000,1732435199999,0.00000000,0,0.00000000,0.00000000,0
2024-11-24 08:00:00,0.371,0.371,0.371,0.371,85.50000000,1732449599999,31.72050000,2,0.00000000,0.00000000,0
2024-11-24 12:00:00,0.381,0.384,0.381,0.384,3813.20000000,1732463999999,1460.62740000,29,3813.20000000,1460.62740000,0
2024-11-24 16:00:00,0.384,0.426,0.379,0.424,29451.60000000,1732478399999,11594.99890000,80,29385.70000000,11570.02280000,0
2024-11-24 20:00:00,0.36,0.367,0.36,0.36,532.90000000,1732492799999,191.89440000,5,7.20000000,2.64240000,0
2024-11-25 00:00:00,0.38,0.395,0.38,0.395,796.90000000,1732507199999,314.66750000,5,796.90000000,314.66750000,0
2024-11-25 04:00:00,0.395,0.395,0.395,0.395,0.00000000,1732521599999,0.00000000,0,0.00000000,0.00000000,0
2024-11-25 08:00:00,0.361,0.372,0.361,0.372,961.30000000,1732535999999,347.21300000,10,16.70000000,6.21240000,0
2024-11-25 12:00:00,0.372,0.372,0.372,0.372,190.80000000,1732550399999,70.97760000,5,190.80000000,70.97760000,0
2024-11-25 16:00:00,0.379,0.379,0.379,0.379,4308.70000000,1732564799999,1632.99730000,45,4308.70000000,1632.99730000,0
2024-11-25 20:00:00,0.372,0.372,0.372,0.372,50.00000000,1732579199999,18.60000000,1,0.00000000,0.00000000,0
2024-11-26 00:00:00,0.372,0.372,0.372,0.372,0.00000000,1732593599999,0.00000000,0,0.00000000,0.00000000,0
2024-11-26 04:00:00,0.372,0.372,0.372,0.372,0.00000000,1732607999999,0.00000000,0,0.00000000,0.00000000,0
2024-11-26 08:00:00,0.365,0.365,0.36,0.36,801.10000000,1732622399999,289.28730000,7,272.10000000,98.35890000,0
2024-11-26 12:00:00,0.36,0.36,0.36,0.36,0.00000000,1732636799999,0.00000000,0,0.00000000,0.00000000,0
2024-11-26 16:00:00,0.376,0.379,0.36,0.36,8088.40000000,1732651199999,3008.45940000,40,292.90000000,110.44070000,0
2024-11-26 20:00:00,0.36,0.36,0.36,0.36,0.00000000,1732665599999,0.00000000,0,0.00000000,0.00000000,0
2024-11-27 00:00:00,0.36,0.36,0.36,0.36,0.00000000,1732679999999,0.00000000,0,0.00000000,0.00000000,0
2024-11-27 04:00:00,0.36,0.36,0.36,0.36,0.00000000,1732694399999,0.00000000,0,0.00000000,0.00000000,0
2024-11-27 08:00:00,0.364,0.364,0.364,0.364,27.90000000,1732708799999,10.15560000,1,0.00000000,0.00000000,0
2024-11-27 12:00:00,0.364,0.364,0.364,0.364,0.00000000,1732723199999,0.00000000,0,0.00000000,0.00000000,0
2024-11-27 16:00:00,0.39,0.39,0.39,0.39,978.40000000,1732737599999,381.57600000,5,978.40000000,381.57600000,0
2024-11-27 20:00:00,0.39,0.39,0.39,0.39,5964.10000000,1732751999999,2325.99900000,38,5964.10000000,2325.99900000,0
2024-11-28 00:00:00,0.39,0.39,0.39,0.39,52.50000000,1732766399999,20.47500000,2,52.50000000,20.47500000,0
2024-11-28 04:00:00,0.39,0.39,0.39,0.39,0.00000000,1732780799999,0.00000000,0,0.00000000,0.00000000,0
2024-11-28 08:00:00,0.391,0.391,0.391,0.391,61.40000000,1732795199999,24.00740000,1,0.00000000,0.00000000,0
2024-11-28 12:00:00,0.39,0.39,0.39,0.39,531.60000000,1732809599999,207.32400000,3,0.00000000,0.00000000,0
2024-11-28 16:00:00,0.39,0.39,0.39,0.39,59.00000000,1732823999999,23.01000000,1,0.00000000,0.00000000,0
2024-11-28 20:00:00,0.39,0.39,0.39,0.39,0.00000000,1732838399999,0.00000000,0,0.00000000,0.00000000,0
2024-11-29 00:00:00,0.39,0.39,0.39,0.39,0.00000000,1732852799999,0.00000000,0,0.00000000,0.00000000,0
2024-11-29 04:00:00,0.397,0.408,0.397,0.408,135.30000000,1732867199999,55.10340000,2,135.30000000,55.10340000,0
2024-11-29 08:00:00,0.408,0.408,0.408,0.408,0.00000000,1732881599999,0.00000000,0,0.00000000,0.00000000,0
2024-11-29 12:00:00,0.408,0.408,0.408,0.408,0.00000000,1732895999999,0.00000000,0,0.00000000,0.00000000,0
2024-11-29 16:00:00,0.408,0.408,0.408,0.408,3160.70000000,1732910399999,1289.56560000,19,0.00000000,0.00000000,0
2024-11-29 20:00:00,0.408,0.408,0.408,0.408,0.00000000,1732924799999,0.00000000,0,0.00000000,0.00000000,0
2024-11-30 00:00:00,0.408,0.425,0.398,0.398,877.10000000,1732939199999,367.81710000,8,781.10000000,329.60910000,0
2024-11-30 04:00:00,0.398,0.405,0.39,0.405,2347.00000000,1732953599999,919.80320000,12,1049.50000000,412.50380000,0
2024-11-30 08:00:00,0.405,0.405,0.405,0.405,24.60000000,1732967999999,9.96300000,2,0.00000000,0.00000000,0
2024-11-30 12:00:00,0.423,0.424,0.38,0.383,16.50000000,1732982399999,6.64810000,6,8.30000000,3.51620000,0
2024-11-30 16:00:00,0.384,0.424,0.384,0.419,471.40000000,1732996799999,198.20010000,5,419.10000000,176.85340000,0
2024-11-30 20:00:00,0.419,0.42,0.419,0.42,2304.70000000,1733011199999,967.97140000,22,2302.10000000,966.88200000,0
2024-12-01 00:00:00,0.419,0.419,0.419,0.419,125.80000000,1733025599999,52.71020000,2,0.00000000,0.00000000,0
2024-12-01 04:00:00,0.42,0.42,0.419,0.419,1511.30000000,1733039999999,633.82870000,10,594.00000000,249.48000000,0
2024-12-01 08:00:00,0.419,0.419,0.419,0.419,0.00000000,1733054399999,0.00000000,0,0.00000000,0.00000000,0
2024-12-01 12:00:00,0.42,0.42,0.39,0.419,83.70000000,1733068799999,34.04720000,3,47.60000000,19.96820000,0
2024-12-01 16:00:00,0.419,0.419,0.419,0.419,0.00000000,1733083199999,0.00000000,0,0.00000000,0.00000000,0
2024-12-01 20:00:00,0.417,0.417,0.417,0.417,23.90000000,1733097599999,9.96630000,1,23.90000000,9.96630000,0
2024-12-02 00:00:00,0.417,0.417,0.417,0.417,0.00000000,1733111999999,0.00000000,0,0.00000000,0.00000000,0
2024-12-02 04:00:00,0.393,0.439,0.393,0.439,2200.10000000,1733126399999,944.21910000,28,1527.70000000,654.97010000,0
2024-12-02 08:00:00,0.439,0.439,0.439,0.439,0.00000000,1733140799999,0.00000000,0,0.00000000,0.00000000,0
2024-12-02 12:00:00,0.439,0.439,0.439,0.439,0.00000000,1733155199999,0.00000000,0,0.00000000,0.00000000,0
2024-12-02 16:00:00,0.396,0.397,0.396,0.397,101.70000000,1733169599999,40.31680000,3,0.00000000,0.00000000,0
2024-12-02 20:00:00,0.413,0.436,0.413,0.436,557.70000000,1733183999999,241.50570000,11,538.50000000,233.57610000,0
2024-12-03 00:00:00,0.436,0.436,0.426,0.436,1432.90000000,1733198399999,622.21440000,12,1432.90000000,622.21440000,0
2024-12-03 04:00:00,0.436,0.436,0.436,0.436,619.30000000,1733212799999,270.01480000,3,619.30000000,270.01480000,0
2024-12-03 08:00:00,0.436,0.436,0.436,0.436,0.00000000,1733227199999,0.00000000,0,0.00000000,0.00000000,0
2024-12-03 12:00:00,0.436,0.436,0.436,0.436,0.00000000,1733241599999,0.00000000,0,0.00000000,0.00000000,0
2024-12-03 16:00:00,0.441,0.45,0.441,0.45,32414.20000000,1733255999999,14572.89270000,28,32297.30000000,14520.87220000,0
2024-12-03 20:00:00,0.45,0.456,0.446,0.456,68675.80000000,1733270399999,31180.32040000,53,68499.50000000,31101.66060000,0
2024-12-04 00:00:00,0.464,0.556,0.464,0.556,4659.90000000,1733284799999,2368.64090000,72,3329.10000000,1666.38520000,0
2024-12-04 04:00:00,0.501,0.709,0.501,0.698,7213.60000000,1733299199999,4310.49960000,130,3959.50000000,2450.41210000,0
2024-12-04 08:00:00,0.658,0.682,0.546,0.65,807.50000000,1733313599999,496.66950000,19,415.20000000,272.34860000,0
2024-12-04 12:00:00,0.657,0.985,0.657,0.975,51903.10000000,1733327999999,42089.21600000,195,29075.20000000,21729.76130000,0
2024-12-04 16:00:00,0.732,0.906,0.65,0.786,70713.40000000,1733342399999,52392.27620000,195,6994.10000000,5509.02660000,0
2024-12-04 20:00:00,0.8,0.878,0.666,0.876,149953.90000000,1733356799999,130884.33890000,156,144629.60000000,126777.97810000,0
2024-12-05 00:00:00,0.829,0.875,0.603,0.667,29585.70000000,1733371199999,21559.28510000,258,8107.30000000,6809.13750000,0
2024-12-05 04:00:00,0.605,0.668,0.605,0.666,2624.60000000,1733385599999,1706.56680000,33,1902.70000000,1264.93920000,0
2024-12-05 08:00:00,0.666,0.666,0.602,0.602,1452.30000000,1733399999999,902.12410000,15,149.80000000,99.76680000,0
2024-12-05 12:00:00,0.584,0.645,0.527,0.645,6626.30000000,1733414399999,3942.15470000,93,2828.90000000,1745.40220000,0
2024-12-05 16:00:00,0.587,0.645,0.575,0.575,4553.80000000,1733428799999,2693.96280000,40,283.20000000,177.33330000,0
2024-12-05 20:00:00,0.588,0.634,0.587,0.634,33123.70000000,1733443199999,19510.32290000,46,31924.30000000,18804.83230000,0
2024-12-06 00:00:00,0.635,0.645,0.584,0.584,1588.60000000,1733457599999,978.20610000,36,635.90000000,404.26880000,0
2024-12-06 04:00:00,0.578,0.605,0.575,0.594,1749.80000000,1733471999999,1016.23690000,22,505.80000000,300.26100000,0
2024-12-06 08:00:00,0.594,0.604,0.575,0.591,813.30000000,1733486399999,472.62360000,17,284.00000000,168.22100000,0
2024-12-06 12:00:00,0.573,0.604,0.573,0.592,129.60000000,1733500799999,74.89410000,6,22.50000000,13.51370000,0
2024-12-06 16:00:00,0.591,0.604,0.572,0.58,3564.10000000,1733515199999,2072.14870000,56,356.10000000,210.98690000,0
2024-12-06 20:00:00,0.58,0.599,0.578,0.579,4066.60000000,1733529599999,2362.42910000,40,427.50000000,253.17030000,0
2024-12-07 00:00:00,0.577,0.587,0.575,0.575,366.20000000,1733543999999,210.77170000,16,18.40000000,10.72930000,0
2024-12-07 04:00:00,0.577,0.6,0.575,0.6,975.70000000,1733558399999,577.68540000,20,706.00000000,422.57770000,0
2024-12-07 08:00:00,0.581,0.598,0.58,0.592,251.80000000,1733572799999,146.19440000,7,8.70000000,5.17620000,0
2024-12-07 12:00:00,0.58,0.6,0.58,0.6,3966.30000000,1733587199999,2302.71360000,78,115.10000000,69.01760000,0
2024-12-07 16:00:00,0.586,0.586,0.58,0.58,1312.50000000,1733601599999,761.95840000,17,0.00000000,0.00000000,0
2024-12-07 20:00:00,0.58,0.58,0.58,0.58,189.30000000,1733615999999,109.79400000,4,0.00000000,0.00000000,0
2024-12-08 00:00:00,0.591,0.599,0.58,0.596,3571.70000000,1733630399999,2081.65850000,56,736.60000000,437.28690000,0
2024-12-08 04:00:00,0.596,0.61,0.585,0.585,8102.70000000,1733644799999,4842.34590000,64,1020.60000000,612.51540000,0
2024-12-08 08:00:00,0.581,0.581,0.58,0.581,62.30000000,1733659199999,36.15170000,4,0.00000000,0.00000000,0
2024-12-08 12:00:00,0.581,0.581,0.581,0.581,0.00000000,1733673599999,0.00000000,0,0.00000000,0.00000000,0
2024-12-08 16:00:00,0.6,0.6,0.6,0.6,17.10000000,1733687999999,10.26000000,1,0.00000000,0.00000000,0
2024-12-08 20:00:00,0.602,0.685,0.602,0.617,5398.20000000,1733702399999,3555.33410000,51,5343.00000000,3521.16620000,0
2024-12-09 00:00:00,0.602,0.631,0.602,0.61,123.80000000,1733716799999,75.04410000,11,5.00000000,3.15500000,0
2024-12-09 04:00:00,0.594,0.594,0.568,0.568,46.80000000,1733731199999,27.36300000,4,0.00000000,0.00000000,0
2024-12-09 08:00:00,0.567,0.567,0.567,0.567,52.80000000,1733745599999,29.93760000,1,0.00000000,0.00000000,0
2024-12-09 12:00:00,0.567,0.567,0.567,0.567,5479.50000000,1733759999999,3106.87650000,37,0.00000000,0.00000000,0
2024-12-09 16:00:00,0.567,0.579,0.543,0.543,6012.50000000,1733774399999,3351.61300000,70,17.70000000,10.24830000,0
2024-12-09 20:00:00,0.542,0.542,0.513,0.513,410.60000000,1733788799999,211.24890000,7,260.70000000,133.73910000,0
2024-12-10 00:00:00,0.524,0.529,0.524,0.525,1235.70000000,1733803199999,648.64950000,10,234.00000000,122.74750000,0
2024-12-10 04:00:00,0.525,0.525,0.525,0.525,189.90000000,1733817599999,99.69750000,5,0.00000000,0.00000000,0
2024-12-10 08:00:00,0.525,0.525,0.525,0.525,0.00000000,1733831999999,0.00000000,0,0.00000000,0.00000000,0
2024-12-10 12:00:00,0.525,0.525,0.525,0.525,0.00000000,1733846399999,0.00000000,0,0.00000000,0.00000000,0
2024-12-10 16:00:00,0.502,0.502,0.483,0.483,155.60000000,1733860799999,77.63210000,9,0.00000000,0.00000000,0
2024-12-10 20:00:00,0.462,0.462,0.443,0.443,39.40000000,1733875199999,17.86840000,4,0.00000000,0.00000000,0
2024-12-11 00:00:00,0.45,0.504,0.45,0.504,82.00000000,1733889599999,40.58140000,5,70.90000000,35.58640000,0
2024-12-11 04:00:00,0.504,0.518,0.495,0.518,200.10000000,1733903999999,102.21880000,11,145.70000000,74.85470000,0
2024-12-11 08:00:00,0.51,0.51,0.508,0.508,49.60000000,1733918399999,25.21460000,2,0.00000000,0.00000000,0
2024-12-11 12:00:00,0.509,0.543,0.509,0.543,112.10000000,1733932799999,58.91090000,4,62.90000000,33.86810000,0
2024-12-11 16:00:00,0.543,0.546,0.535,0.535,345.50000000,1733947199999,187.54060000,5,325.00000000,176.54910000,0
2024-12-11 20:00:00,0.535,0.535,0.535,0.535,3.00000000,1733961599999,1.60500000,1,0.00000000,0.00000000,0
2024-12-12 00:00:00,0.552,0.554,0.552,0.554,67.80000000,1733975999999,37.45160000,2,67.80000000,37.45160000,0
2024-12-12 04:00:00,0.536,0.536,0.528,0.528,39.60000000,1733990399999,21.16610000,4,0.00000000,0.00000000,0
2024-12-12 08:00:00,0.528,0.528,0.528,0.528,0.00000000,1734004799999,0.00000000,0,0.00000000,0.00000000,0
2024-12-12 12:00:00,0.528,0.528,0.528,0.528,0.00000000,1734019199999,0.00000000,0,0.00000000,0.00000000,0
2024-12-12 16:00:00,0.548,0.548,0.548,0.548,36.50000000,1734033599999,20.00200000,1,36.50000000,20.00200000,0
2024-12-12 20:00:00,0.528,0.542,0.527,0.542,85.00000000,1734047999999,44.86710000,5,3.70000000,2.00540000,0
2024-12-13 00:00:00,0.523,0.523,0.513,0.513,25.30000000,1734062399999,13.00390000,2,0.00000000,0.00000000,0
2024-12-13 04:00:00,0.477,0.535,0.454,0.523,75.70000000,1734076799999,38.61750000,9,2.00000000,1.07000000,0
2024-12-13 08:00:00,0.523,0.523,0.523,0.523,0.00000000,1734091199999,0.00000000,0,0.00000000,0.00000000,0
2024-12-13 12:00:00,0.523,0.523,0.523,0.523,0.00000000,1734105599999,0.00000000,0,0.00000000,0.00000000,0
2024-12-13 16:00:00,0.523,0.523,0.523,0.523,0.00000000,1734119999999,0.00000000,0,0.00000000,0.00000000,0
2024-12-13 20:00:00,0.541,0.541,0.541,0.541,18.40000000,1734134399999,9.95440000,1,18.40000000,9.95440000,0
2024-12-14 00:00:00,0.539,0.54,0.534,0.54,261.90000000,1734148799999,141.16540000,5,261.90000000,141.16540000,0
2024-12-14 04:00:00,0.539,0.539,0.512,0.512,66.80000000,1734163199999,35.23160000,5,0.00000000,0.00000000,0
2024-12-14 08:00:00,0.512,0.512,0.512,0.512,0.00000000,1734177599999,0.00000000,0,0.00000000,0.00000000,0
2024-12-14 12:00:00,0.512,0.512,0.512,0.512,0.00000000,1734191999999,0.00000000,0,0.00000000,0.00000000,0
2024-12-14 16:00:00,0.512,0.512,0.512,0.512,0.00000000,1734206399999,0.00000000,0,0.00000000,0.00000000,0
2024-12-14 20:00:00,0.512,0.512,0.512,0.512,0.00000000,1734220799999,0.00000000,0,0.00000000,0.00000000,0
2024-12-15 00:00:00,0.511,0.511,0.503,0.503,558.60000000,1734235199999,281.55250000,5,0.00000000,0.00000000,0
2024-12-15 04:00:00,0.498,0.521,0.498,0.521,81.20000000,1734249599999,40.75730000,2,13.90000000,7.24190000,0
2024-12-15 08:00:00,0.521,0.521,0.521,0.521,0.00000000,1734263999999,0.00000000,0,0.00000000,0.00000000,0
2024-12-15 12:00:00,0.529,0.529,0.529,0.529,116.50000000,1734278399999,61.62850000,1,116.50000000,61.62850000,0
2024-12-15 16:00:00,0.47,0.5,0.457,0.46,278.70000000,1734292799999,127.99570000,12,0.00000000,0.00000000,0
2024-12-15 20:00:00,0.462,0.462,0.462,0.462,26.20000000,1734307199999,12.10440000,2,0.00000000,0.00000000,0
2024-12-16 00:00:00,0.507,0.522,0.507,0.522,141.90000000,1734321599999,73.75760000,5,141.90000000,73.75760000,0
2024-12-16 04:00:00,0.522,0.522,0.522,0.522,0.00000000,1734335999999,0.00000000,0,0.00000000,0.00000000,0
2024-12-16 08:00:00,0.522,0.522,0.522,0.522,0.00000000,1734350399999,0.00000000,0,0.00000000,0.00000000,0
2024-12-16 12:00:00,0.522,0.522,0.522,0.522,0.00000000,1734364799999,0.00000000,0,0.00000000,0.00000000,0
2024-12-16 16:00:00,0.522,0.522,0.522,0.522,0.00000000,1734379199999,0.00000000,0,0.00000000,0.00000000,0
2024-12-16 20:00:00,0.514,0.514,0.489,0.501,127.20000000,1734393599999,64.99020000,6,110.20000000,56.51020000,0
2024-12-17 00:00:00,0.501,0.501,0.501,0.501,0.00000000,1734407999999,0.00000000,0,0.00000000,0.00000000,0
2024-12-17 04:00:00,0.488,0.488,0.488,0.488,14.00000000,1734422399999,6.83200000,1,0.00000000,0.00000000,0
2024-12-17 08:00:00,0.488,0.488,0.488,0.488,0.00000000,1734436799999,0.00000000,0,0.00000000,0.00000000,0
2024-12-17 12:00:00,0.475,0.475,0.475,0.475,40.70000000,1734451199999,19.33250000,1,0.00000000,0.00000000,0
2024-12-17 16:00:00,0.475,0.475,0.475,0.475,0.00000000,1734465599999,0.00000000,0,0.00000000,0.00000000,0
2024-12-17 20:00:00,0.513,0.513,0.473,0.496,851.30000000,1734479999999,405.04480000,10,26.30000000,13.20120000,0
2024-12-18 00:00:00,0.495,0.495,0.461,0.461,34.90000000,1734494399999,16.72290000,5,17.80000000,8.81100000,0
2024-12-18 04:00:00,0.461,0.461,0.461,0.461,2.70000000,1734508799999,1.24470000,1,0.00000000,0.00000000,0
2024-12-18 08:00:00,0.461,0.461,0.461,0.461,0.00000000,1734523199999,0.00000000,0,0.00000000,0.00000000,0
2024-12-18 12:00:00,0.461,0.461,0.461,0.461,0.00000000,1734537599999,0.00000000,0,0.00000000,0.00000000,0
2024-12-18 16:00:00,0.46,0.469,0.422,0.469,201.60000000,1734551999999,91.14120000,20,51.10000000,23.41990000,0
2024-12-18 20:00:00,0.469,0.469,0.469,0.469,0.00000000,1734566399999,0.00000000,0,0.00000000,0.00000000,0
2024-12-19 00:00:00,0.438,0.438,0.402,0.41,181.60000000,1734580799999,76.29960000,13,72.30000000,30.39390000,0
2024-12-19 04:00:00,0.41,0.41,0.41,0.41,0.00000000,1734595199999,0.00000000,0,0.00000000,0.00000000,0
2024-12-19 08:00:00,0.41,0.41,0.41,0.41,0.00000000,1734609599999,0.00000000,0,0.00000000,0.00000000,0
2024-12-19 12:00:00,0.413,0.416,0.413,0.416,12.10000000,1734623999999,5.01740000,3,12.10000000,5.01740000,0
2024-12-19 16:00:00,0.41,0.41,0.383,0.392,1927.20000000,1734638399999,768.63810000,12,8.10000000,3.15090000,0
2024-12-19 20:00:00,0.395,0.401,0.395,0.401,8.10000000,1734652799999,3.22380000,3,8.10000000,3.22380000,0
2024-12-20 00:00:00,0.405,0.408,0.405,0.408,5.40000000,1734667199999,2.19510000,2,5.40000000,2.19510000,0
2024-12-20 04:00:00,0.411,0.447,0.396,0.415,472.00000000,1734681599999,197.34280000,10,223.30000000,97.48470000,0
2024-12-20 08:00:00,0.415,0.415,0.383,0.387,286.90000000,1734695999999,114.78070000,12,122.50000000,50.13290000,0
2024-12-20 12:00:00,0.39,0.393,0.39,0.393,5.40000000,1734710399999,2.11410000,2,5.40000000,2.11410000,0
2024-12-20 16:00:00,0.406,0.426,0.396,0.407,287.00000000,1734724799999,119.09690000,10,260.60000000,107.90180000,0
2024-12-20 20:00:00,0.407,0.407,0.407,0.407,43.40000000,1734739199999,17.66380000,1,0.00000000,0.00000000,0
2024-12-21 00:00:00,0.407,0.407,0.407,0.407,0.00000000,1734753599999,0.00000000,0,0.00000000,0.00000000,0
2024-12-21 04:00:00,0.409,0.423,0.399,0.423,291.90000000,1734767999999,121.03300000,10,188.70000000,79.72290000,0
2024-12-21 08:00:00,0.426,0.426,0.404,0.409,38.30000000,1734782399999,16.02770000,4,2.70000000,1.15020000,0
2024-12-21 12:00:00,0.409,0.409,0.409,0.409,0.00000000,1734796799999,0.00000000,0,0.00000000,0.00000000,0
2024-12-21 16:00:00,0.409,0.409,0.409,0.409,0.00000000,1734811199999,0.00000000,0,0.00000000,0.00000000,0
2024-12-21 20:00:00,0.417,0.426,0.417,0.426,66.20000000,1734825599999,27.77370000,2,18.70000000,7.96620000,0
2024-12-22 00:00:00,0.409,0.409,0.399,0.399,104.50000000,1734839999999,42.20950000,4,0.00000000,0.00000000,0
2024-12-22 04:00:00,0.399,0.399,0.399,0.399,0.00000000,1734854399999,0.00000000,0,0.00000000,0.00000000,0
2024-12-22 08:00:00,0.399,0.399,0.399,0.399,14.90000000,1734868799999,5.94510000,1,0.00000000,0.00000000,0
2024-12-22 12:00:00,0.414,0.414,0.414,0.414,21.70000000,1734883199999,8.98380000,1,21.70000000,8.98380000,0
2024-12-22 16:00:00,0.421,0.425,0.421,0.425,3399.70000000,1734897599999,1444.45770000,14,3399.70000000,1444.45770000,0
2024-12-22 20:00:00,0.425,0.425,0.416,0.416,71.70000000,1734911999999,30.03960000,2,23.60000000,10.03000000,0
2024-12-23 00:00:00,0.408,0.416,0.408,0.416,201.50000000,1734926399999,82.61200000,3,150.00000000,61.60000000,0
2024-12-23 04:00:00,0.421,0.421,0.421,0.421,123.20000000,1734940799999,51.86720000,3,123.20000000,51.86720000,0
2024-12-23 08:00:00,0.43,0.501,0.43,0.501,7354.60000000,1734955199999,3315.53600000,35,7188.80000000,3237.55060000,0
2024-12-23 12:00:00,0.457,0.466,0.431,0.431,356.60000000,1734969599999,160.64800000,10,226.30000000,104.48870000,0
2024-12-23 16:00:00,0.429,0.433,0.383,0.407,441.10000000,1734983999999,188.27960000,15,372.90000000,159.26100000,0
2024-12-23 20:00:00,0.41,0.425,0.41,0.423,35.30000000,1734998399999,14.78170000,7,35.30000000,14.78170000,0
2024-12-24 00:00:00,0.426,0.461,0.401,0.401,40.90000000,1735012799999,17.44700000,7,22.90000000,10.18580000,0
2024-12-24 04:00:00,0.413,0.413,0.413,0.413,8.40000000,1735027199999,3.46920000,1,0.00000000,0.00000000,0
2024-12-24 08:00:00,0.404,0.404,0.404,0.404,44.10000000,1735041599999,17.81640000,1,0.00000000,0.00000000,0
2024-12-24 12:00:00,0.404,0.404,0.404,0.404,0.00000000,1735055999999,0.00000000,0,0.00000000,0.00000000,0
2024-12-24 16:00:00,0.436,0.466,0.436,0.457,142.10000000,1735070399999,65.12670000,8,99.20000000,45.52140000,0
2024-12-24 20:00:00,0.457,0.457,0.457,0.457,0.00000000,1735084799999,0.00000000,0,0.00000000,0.00000000,0
2024-12-25 00:00:00,0.457,0.457,0.457,0.457,0.00000000,1735099199999,0.00000000,0,0.00000000,0.00000000,0
2024-12-25 04:00:00,0.457,0.457,0.457,0.457,0.00000000,1735113599999,0.00000000,0,0.00000000,0.00000000,0
2024-12-25 08:00:00,0.457,0.457,0.457,0.457,0.00000000,1735127999999,0.00000000,0,0.00000000,0.00000000,0
2024-12-25 12:00:00,0.457,0.457,0.457,0.457,0.00000000,1735142399999,0.00000000,0,0.00000000,0.00000000,0
2024-12-25 16:00:00,0.457,0.457,0.457,0.457,0.00000000,1735156799999,0.00000000,0,0.00000000,0.00000000,0
2024-12-25 20:00:00,0.407,0.407,0.404,0.404,5613.40000000,1735171199999,2268.40730000,8,0.00000000,0.00000000,0
2024-12-26 00:00:00,0.406,0.406,0.405,0.405,12.90000000,1735185599999,5.23650000,2,0.00000000,0.00000000,0
2024-12-26 04:00:00,0.405,0.405,0.405,0.405,0.00000000,1735199999999,0.00000000,0,0.00000000,0.00000000,0
2024-12-26 08:00:00,0.404,0.404,0.404,0.404,6.10000000,1735214399999,2.46440000,1,0.00000000,0.00000000,0
2024-12-26 12:00:00,0.404,0.404,0.404,0.404,0.00000000,1735228799999,0.00000000,0,0.00000000,0.00000000,0
2024-12-26 16:00:00,0.407,0.409,0.407,0.409,7.80000000,1735243199999,3.18240000,2,7.80000000,3.18240000,0
2024-12-26 20:00:00,0.409,0.409,0.409,0.409,0.00000000,1735257599999,0.00000000,0,0.00000000,0.00000000,0
2024-12-27 00:00:00,0.409,0.409,0.409,0.409,0.00000000,1735271999999,0.00000000,0,0.00000000,0.00000000,0
2024-12-27 04:00:00,0.409,0.409,0.409,0.409,0.00000000,1735286399999,0.00000000,0,0.00000000,0.00000000,0
2024-12-27 08:00:00,0.409,0.409,0.409,0.409,0.00000000,1735300799999,0.00000000,0,0.00000000,0.00000000,0
2024-12-27 12:00:00,0.409,0.409,0.409,0.409,0.00000000,1735315199999,0.00000000,0,0.00000000,0.00000000,0
2024-12-27 16:00:00,0.409,0.409,0.409,0.409,80.00000000,1735329599999,32.72000000,1,0.00000000,0.00000000,0
2024-12-27 20:00:00,0.409,0.409,0.409,0.409,0.00000000,1735343999999,0.00000000,0,0.00000000,0.00000000,0
2024-12-28 00:00:00,0.409,0.409,0.409,0.409,0.00000000,1735358399999,0.00000000,0,0.00000000,0.00000000,0
2024-12-28 04:00:00,0.409,0.409,0.383,0.391,708.30000000,1735372799999,283.19430000,13,485.10000000,193.55800000,0
2024-12-28 08:00:00,0.393,0.4,0.393,0.4,2657.70000000,1735387199999,1063.03320000,13,2657.70000000,1063.03320000,0
2024-12-28 12:00:00,0.4,0.4,0.4,0.4,0.00000000,1735401599999,0.00000000,0,0.00000000,0.00000000,0
2024-12-28 16:00:00,0.4,0.4,0.4,0.4,0.00000000,1735415999999,0.00000000,0,0.00000000,0.00000000,0
2024-12-28 20:00:00,0.4,0.4,0.4,0.4,0.00000000,1735430399999,0.00000000,0,0.00000000,0.00000000,0
2024-12-29 00:00:00,0.4,0.4,0.4,0.4,0.00000000,1735444799999,0.00000000,0,0.00000000,0.00000000,0
2024-12-29 04:00:00,0.4,0.4,0.4,0.4,0.00000000,1735459199999,0.00000000,0,0.00000000,0.00000000,0
2024-12-29 08:00:00,0.4,0.4,0.4,0.4,0.00000000,1735473599999,0.00000000,0,0.00000000,0.00000000,0
2024-12-29 12:00:00,0.4,0.4,0.4,0.4,0.00000000,1735487999999,0.00000000,0,0.00000000,0.00000000,0
2024-12-29 16:00:00,0.4,0.4,0.4,0.4,0.00000000,1735502399999,0.00000000,0,0.00000000,0.00000000,0
2024-12-29 20:00:00,0.4,0.4,0.4,0.4,0.00000000,1735516799999,0.00000000,0,0.00000000,0.00000000,0
2024-12-30 00:00:00,0.4,0.4,0.4,0.4,0.00000000,1735531199999,0.00000000,0,0.00000000,0.00000000,0
2024-12-30 04:00:00,0.4,0.4,0.4,0.4,0.00000000,1735545599999,0.00000000,0,0.00000000,0.00000000,0
2024-12-30 08:00:00,0.4,0.4,0.4,0.4,0.00000000,1735559999999,0.00000000,0,0.00000000,0.00000000,0
2024-12-30 12:00:00,0.385,0.385,0.345,0.365,453.00000000,1735574399999,159.94910000,15,7.80000000,2.86260000,0
2024-12-30 16:00:00,0.37,0.378,0.37,0.378,15.60000000,1735588799999,5.83440000,4,15.60000000,5.83440000,0
2024-12-30 20:00:00,0.378,0.378,0.378,0.378,0.00000000,1735603199999,0.00000000,0,0.00000000,0.00000000,0
2024-12-31 00:00:00,0.367,0.37,0.346,0.37,29.60000000,1735617599999,10.85780000,4,0.00000000,0.00000000,0
2024-12-31 04:00:00,0.373,0.386,0.373,0.386,280.10000000,1735631999999,107.01620000,7,280.10000000,107.01620000,0
2024-12-31 08:00:00,0.368,0.368,0.344,0.361,45.50000000,1735646399999,16.22140000,9,27.30000000,9.64860000,0
2024-12-31 12:00:00,0.363,0.385,0.363,0.385,27.90000000,1735660799999,10.34290000,8,27.90000000,10.34290000,0
2024-12-31 16:00:00,0.374,0.377,0.356,0.356,347.90000000,1735675199999,124.00450000,4,7.80000000,2.92890000,0
2024-12-31 20:00:00,0.357,0.4,0.321,0.394,4139.80000000,1735689599999,1553.01540000,54,667.60000000,259.73870000,0
2025-01-01 00:00:00,0.397,0.461,0.392,0.392,119.00000000,1735703999999,49.70870000,21,87.40000000,37.32150000,0
2025-01-01 04:00:00,0.388,0.388,0.361,0.376,169.20000000,1735718399999,64.21140000,11,27.20000000,10.04100000,0
2025-01-01 08:00:00,0.379,0.379,0.379,0.379,3.90000000,1735732799999,1.47810000,1,3.90000000,1.47810000,0
2025-01-01 12:00:00,0.369,0.369,0.369,0.369,7.30000000,1735747199999,2.69370000,1,0.00000000,0.00000000,0
2025-01-01 16:00:00,0.369,0.369,0.369,0.369,0.00000000,1735761599999,0.00000000,0,0.00000000,0.00000000,0
2025-01-01 20:00:00,0.369,0.369,0.369,0.369,0.00000000,1735775999999,0.00000000,0,0.00000000,0.00000000,0
2025-01-02 00:00:00,0.369,0.369,0.369,0.369,0.00000000,1735790399999,0.00000000,0,0.00000000,0.00000000,0
2025-01-02 04:00:00,0.381,0.42,0.381,0.404,342.90000000,1735804799999,139.64300000,11,342.90000000,139.64300000,0
2025-01-02 08:00:00,0.404,0.404,0.404,0.404,0.00000000,1735819199999,0.00000000,0,0.00000000,0.00000000,0
2025-01-02 12:00:00,0.404,0.404,0.404,0.404,0.00000000,1735833599999,0.00000000,0,0.00000000,0.00000000,0
2025-01-02 16:00:00,0.404,0.404,0.404,0.404,0.00000000,1735847999999,0.00000000,0,0.00000000,0.00000000,0
2025-01-02 20:00:00,0.404,0.404,0.404,0.404,0.00000000,1735862399999,0.00000000,0,0.00000000,0.00000000,0
2025-01-03 00:00:00,0.404,0.404,0.404,0.404,0.00000000,1735876799999,0.00000000,0,0.00000000,0.00000000,0
2025-01-03 04:00:00,0.393,0.423,0.374,0.405,462.60000000,1735891199999,187.48840000,16,393.60000000,161.68240000,0
2025-01-03 08:00:00,0.405,0.405,0.405,0.405,0.00000000,1735905599999,0.00000000,0,0.00000000,0.00000000,0
2025-01-03 12:00:00,0.377,0.4,0.377,0.385,223.30000000,1735919999999,84.56010000,12,25.30000000,9.87930000,0
2025-01-03 16:00:00,0.387,0.401,0.387,0.401,124.80000000,1735934399999,49.94730000,5,124.80000000,49.94730000,0
2025-01-03 20:00:00,0.393,0.395,0.385,0.387,148.70000000,1735948799999,58.37200000,11,15.90000000,6.25220000,0
2025-01-04 00:00:00,0.398,0.404,0.398,0.404,130.80000000,1735963199999,52.46260000,8,130.80000000,52.46260000,0
2025-01-04 04:00:00,0.401,0.412,0.401,0.412,62.80000000,1735977599999,25.52600000,6,62.80000000,25.52600000,0
2025-01-04 08:00:00,0.412,0.412,0.412,0.412,0.00000000,1735991999999,0.00000000,0,0.00000000,0.00000000,0
2025-01-04 12:00:00,0.389,0.389,0.387,0.388,284.50000000,1736006399999,110.18330000,4,0.00000000,0.00000000,0
2025-01-04 16:00:00,0.388,0.388,0.388,0.388,0.00000000,1736020799999,0.00000000,0,0.00000000,0.00000000,0
2025-01-04 20:00:00,0.388,0.388,0.388,0.388,0.00000000,1736035199999,0.00000000,0,0.00000000,0.00000000,0
2025-01-05 00:00:00,0.389,0.389,0.387,0.387,126.20000000,1736049599999,49.07220000,3,0.00000000,0.00000000,0
2025-01-05 04:00:00,0.387,0.387,0.387,0.387,0.00000000,1736063999999,0.00000000,0,0.00000000,0.00000000,0
2025-01-05 08:00:00,0.387,0.387,0.387,0.387,19.40000000,1736078399999,7.50780000,1,0.00000000,0.00000000,0
2025-01-05 12:00:00,0.387,0.387,0.387,0.387,0.00000000,1736092799999,0.00000000,0,0.00000000,0.00000000,0
2025-01-05 16:00:00,0.387,0.387,0.387,0.387,0.00000000,1736107199999,0.00000000,0,0.00000000,0.00000000,0
2025-01-05 20:00:00,0.388,0.399,0.387,0.396,171.50000000,1736121599999,67.23430000,5,5.00000000,1.99500000,0
2025-01-06 00:00:00,0.39,0.39,0.381,0.381,208.70000000,1736135999999,80.72210000,8,0.00000000,0.00000000,0
2025-01-06 04:00:00,0.384,0.394,0.384,0.394,8.00000000,1736150399999,3.08180000,3,8.00000000,3.08180000,0
2025-01-06 08:00:00,0.389,0.393,0.389,0.393,2783.90000000,1736164799999,1094.04930000,9,2783.90000000,1094.04930000,0
2025-01-06 12:00:00,0.393,0.402,0.393,0.402,113.60000000,1736179199999,45.46360000,12,113.60000000,45.46360000,0
2025-01-06 16:00:00,0.401,0.425,0.401,0.411,243.80000000,1736193599999,103.13410000,8,243.80000000,103.13410000,0
2025-01-06 20:00:00,0.404,0.404,0.404,0.404,123.20000000,1736207999999,49.77280000,1,123.20000000,49.77280000,0
2025-01-07 00:00:00,0.404,0.404,0.404,0.404,0.00000000,1736222399999,0.00000000,0,0.00000000,0.00000000,0
2025-01-07 04:00:00,0.404,0.414,0.321,0.376,458.70000000,1736236799999,171.25770000,27,94.00000000,37.12990000,0
2025-01-07 08:00:00,0.379,0.379,0.374,0.374,16.90000000,1736251199999,6.34010000,2,3.90000000,1.47810000,0
2025-01-07 12:00:00,0.374,0.382,0.37,0.382,2914.80000000,1736265599999,1081.22620000,14,2522.90000000,935.13620000,0
2025-01-07 16:00:00,0.385,0.407,0.369,0.393,297.40000000,1736279999999,115.19430000,9,179.20000000,71.57850000,0
2025-01-07 20:00:00,0.393,0.393,0.393,0.393,0.00000000,1736294399999,0.00000000,0,0.00000000,0.00000000,0
2025-01-08 00:00:00,0.393,0.393,0.393,0.393,0.00000000,1736308799999,0.00000000,0,0.00000000,0.00000000,0
2025-01-08 04:00:00,0.394,0.412,0.394,0.4,851.60000000,1736323199999,348.74850000,10,784.60000000,321.57150000,0
2025-01-08 08:00:00,0.386,0.386,0.386,0.386,7.60000000,1736337599999,2.93360000,1,0.00000000,0.00000000,0
2025-01-08 12:00:00,0.408,0.408,0.375,0.375,58.90000000,1736351999999,22.64700000,4,19.40000000,7.77570000,0
2025-01-08 16:00:00,0.375,0.38,0.321,0.367,922.40000000,1736366399999,326.07260000,30,269.70000000,94.90690000,0
2025-01-08 20:00:00,0.369,0.386,0.369,0.386,63.40000000,1736380799999,24.24530000,5,63.40000000,24.24530000,0
2025-01-09 00:00:00,0.386,0.386,0.386,0.386,0.00000000,1736395199999,0.00000000,0,0.00000000,0.00000000,0
2025-01-09 04:00:00,0.376,0.376,0.376,0.376,3.90000000,1736409599999,1.46640000,1,3.90000000,1.46640000,0
2025-01-09 08:00:00,0.376,0.376,0.376,0.376,0.00000000,1736423999999,0.00000000,0,0.00000000,0.00000000,0
2025-01-09 12:00:00,0.346,0.37,0.287,0.324,9141.50000000,1736438399999,3109.42910000,103,649.20000000,239.54100000,0
2025-01-09 16:00:00,0.333,0.373,0.333,0.358,742.60000000,1736452799999,275.32020000,25,742.60000000,275.32020000,0
2025-01-09 20:00:00,0.358,0.358,0.358,0.358,0.00000000,1736467199999,0.00000000,0,0.00000000,0.00000000,0
2025-01-10 00:00:00,0.36,0.364,0.36,0.364,12.50000000,1736481599999,4.51950000,3,12.50000000,4.51950000,0
2025-01-10 04:00:00,0.364,0.364,0.364,0.364,0.00000000,1736495999999,0.00000000,0,0.00000000,0.00000000,0
2025-01-10 08:00:00,0.363,0.363,0.363,0.363,25.70000000,1736510399999,9.32910000,1,0.00000000,0.00000000,0
2025-01-10 12:00:00,0.367,0.389,0.367,0.389,91.30000000,1736524799999,35.15720000,10,91.30000000,35.15720000,0
2025-01-10 16:00:00,0.349,0.377,0.349,0.377,1237.40000000,1736539199999,433.58960000,19,32.50000000,12.23120000,0
2025-01-10 20:00:00,0.377,0.384,0.377,0.384,42.70000000,1736553599999,16.37160000,2,42.70000000,16.37160000,0
2025-01-11 00:00:00,0.384,0.384,0.384,0.384,0.00000000,1736567999999,0.00000000,0,0.00000000,0.00000000,0
2025-01-11 04:00:00,0.384,0.384,0.384,0.384,0.00000000,1736582399999,0.00000000,0,0.00000000,0.00000000,0
2025-01-11 08:00:00,0.377,0.377,0.377,0.377,13.40000000,1736596799999,5.05180000,1,0.00000000,0.00000000,0
2025-01-11 12:00:00,0.377,0.377,0.377,0.377,0.00000000,1736611199999,0.00000000,0,0.00000000,0.00000000,0
2025-01-11 16:00:00,0.377,0.377,0.377,0.377,0.00000000,1736625599999,0.00000000,0,0.00000000,0.00000000,0
2025-01-11 20:00:00,0.378,0.378,0.378,0.378,96.00000000,1736639999999,36.28800000,1,0.00000000,0.00000000,0
2025-01-12 00:00:00,0.378,0.378,0.378,0.378,0.00000000,1736654399999,0.00000000,0,0.00000000,0.00000000,0
2025-01-12 04:00:00,0.389,0.39,0.389,0.39,119.20000000,1736668799999,46.48410000,4,119.20000000,46.48410000,0
2025-01-12 08:00:00,0.393,0.405,0.393,0.4,71.40000000,1736683199999,28.64100000,8,71.40000000,28.64100000,0
2025-01-12 12:00:00,0.4,0.4,0.4,0.4,0.00000000,1736697599999,0.00000000,0,0.00000000,0.00000000,0
2025-01-12 16:00:00,0.4,0.4,0.4,0.4,0.00000000,1736711999999,0.00000000,0,0.00000000,0.00000000,0
2025-01-12 20:00:00,0.4,0.4,0.4,0.4,0.00000000,1736726399999,0.00000000,0,0.00000000,0.00000000,0
2025-01-13 00:00:00,0.403,0.431,0.403,0.419,107.10000000,1736740799999,45.33610000,7,107.10000000,45.33610000,0
2025-01-13 04:00:00,0.377,0.377,0.377,0.377,3.90000000,1736755199999,1.47030000,1,0.00000000,0.00000000,0
2025-01-13 08:00:00,0.377,0.377,0.377,0.377,5356.50000000,1736769599999,2019.40050000,2,0.00000000,0.00000000,0
2025-01-13 12:00:00,0.377,0.377,0.377,0.377,0.00000000,1736783999999,0.00000000,0,0.00000000,0.00000000,0
2025-01-13 16:00:00,0.377,0.377,0.364,0.364,227.60000000,1736798399999,85.69730000,2,0.00000000,0.00000000,0
2025-01-13 20:00:00,0.364,0.364,0.364,0.364,0.00000000,1736812799999,0.00000000,0,0.00000000,0.00000000,0
2025-01-14 00:00:00,0.364,0.364,0.364,0.364,0.00000000,1736827199999,0.00000000,0,0.00000000,0.00000000,0
2025-01-14 04:00:00,0.364,0.364,0.364,0.364,0.00000000,1736841599999,0.00000000,0,0.00000000,0.00000000,0
2025-01-14 08:00:00,0.364,0.364,0.364,0.364,0.00000000,1736855999999,0.00000000,0,0.00000000,0.00000000,0
2025-01-14 12:00:00,0.364,0.364,0.364,0.364,0.00000000,1736870399999,0.00000000,0,0.00000000,0.00000000,0
2025-01-14 16:00:00,0.364,0.382,0.364,0.382,305.10000000,1736884799999,115.65290000,6,267.70000000,102.03930000,0
2025-01-14 20:00:00,0.379,0.379,0.378,0.378,145.40000000,1736899199999,55.00080000,3,0.00000000,0.00000000,0
2025-01-15 00:00:00,0.365,0.365,0.365,0.365,95.00000000,1736913599999,34.67500000,1,0.00000000,0.00000000,0
2025-01-15 04:00:00,0.378,0.378,0.366,0.366,152.70000000,1736927999999,56.27700000,3,32.40000000,12.24720000,0
2025-01-15 08:00:00,0.378,0.382,0.378,0.382,111.60000000,1736942399999,42.56080000,4,111.60000000,42.56080000,0
2025-01-15 12:00:00,0.382,0.382,0.382,0.382,0.00000000,1736956799999,0.00000000,0,0.00000000,0.00000000,0
2025-01-15 16:00:00,0.378,0.378,0.378,0.378,50.00000000,1736971199999,18.90000000,2,50.00000000,18.90000000,0
2025-01-15 20:00:00,0.423,0.425,0.365,0.402,884.60000000,1736985599999,352.90260000,18,21.90000000,9.29970000,0
2025-01-16 00:00:00,0.367,0.367,0.367,0.367,440.00000000,1736999999999,161.48000000,4,0.00000000,0.00000000,0
2025-01-16 04:00:00,0.367,0.367,0.367,0.367,0.00000000,1737014399999,0.00000000,0,0.00000000,0.00000000,0
2025-01-16 08:00:00,0.367,0.367,0.367,0.367,11.00000000,1737028799999,4.03700000,1,0.00000000,0.00000000,0
2025-01-16 12:00:00,0.366,0.366,0.366,0.366,4.90000000,1737043199999,1.79340000,1,0.00000000,0.00000000,0
2025-01-16 16:00:00,0.366,0.366,0.366,0.366,0.00000000,1737057599999,0.00000000,0,0.00000000,0.00000000,0
2025-01-16 20:00:00,0.366,0.366,0.366,0.366,0.00000000,1737071999999,0.00000000,0,0.00000000,0.00000000,0
2025-01-17 00:00:00,0.364,0.364,0.364,0.364,39.30000000,1737086399999,14.30520000,1,0.00000000,0.00000000,0
2025-01-17 04:00:00,0.425,0.431,0.425,0.431,49.60000000,1737100799999,21.14990000,5,49.60000000,21.14990000,0
2025-01-17 08:00:00,0.426,0.426,0.426,0.426,58.60000000,1737115199999,24.96360000,2,58.60000000,24.96360000,0
2025-01-17 12:00:00,0.426,0.426,0.426,0.426,0.00000000,1737129599999,0.00000000,0,0.00000000,0.00000000,0
2025-01-17 16:00:00,0.372,0.4,0.368,0.399,3046.10000000,1737143999999,1217.58700000,13,3019.00000000,1207.55660000,0
2025-01-17 20:00:00,0.4,0.4,0.4,0.4,7.50000000,1737158399999,3.00000000,1,7.50000000,3.00000000,0
2025-01-18 00:00:00,0.399,0.425,0.399,0.425,131.30000000,1737172799999,53.68760000,6,123.90000000,50.73500000,0
2025-01-18 04:00:00,0.424,0.424,0.424,0.424,41.30000000,1737187199999,17.51120000,1,41.30000000,17.51120000,0
2025-01-18 08:00:00,0.37,0.37,0.369,0.369,60.70000000,1737201599999,22.41250000,4,0.00000000,0.00000000,0
2025-01-18 12:00:00,0.369,0.369,0.369,0.369,0.00000000,1737215999999,0.00000000,0,0.00000000,0.00000000,0
2025-01-18 16:00:00,0.369,0.369,0.369,0.369,82.40000000,1737230399999,30.40560000,2,0.00000000,0.00000000,0
2025-01-18 20:00:00,0.369,0.369,0.369,0.369,8.60000000,1737244799999,3.17340000,1,0.00000000,0.00000000,0
2025-01-19 00:00:00,0.37,0.37,0.37,0.37,53.90000000,1737259199999,19.94300000,1,0.00000000,0.00000000,0
2025-01-19 04:00:00,0.369,0.369,0.369,0.369,7.90000000,1737273599999,2.91510000,1,0.00000000,0.00000000,0
2025-01-19 08:00:00,0.369,0.369,0.369,0.369,0.00000000,1737287999999,0.00000000,0,0.00000000,0.00000000,0
2025-01-19 12:00:00,0.368,0.368,0.364,0.364,93.60000000,1737302399999,34.42400000,3,0.00000000,0.00000000,0
2025-01-19 16:00:00,0.366,0.367,0.366,0.367,20.00000000,1737316799999,7.32390000,2,20.00000000,7.32390000,0
2025-01-19 20:00:00,0.369,0.369,0.364,0.364,603.70000000,1737331199999,219.76630000,5,578.90000000,210.73910000,0
2025-01-20 00:00:00,0.364,0.364,0.364,0.364,0.00000000,1737345599999,0.00000000,0,0.00000000,0.00000000,0
2025-01-20 04:00:00,0.362,0.362,0.355,0.355,56.90000000,1737359999999,20.29050000,3,0.00000000,0.00000000,0
2025-01-20 08:00:00,0.355,0.355,0.355,0.355,2.90000000,1737374399999,1.02950000,1,0.00000000,0.00000000,0
2025-01-20 12:00:00,0.355,0.355,0.355,0.355,0.00000000,1737388799999,0.00000000,0,0.00000000,0.00000000,0
2025-01-20 16:00:00,0.358,0.373,0.358,0.373,9.30000000,1737403199999,3.35970000,3,9.30000000,3.35970000,0
2025-01-20 20:00:00,0.373,0.373,0.373,0.373,0.00000000,1737417599999,0.00000000,0,0.00000000,0.00000000,0
2025-01-21 00:00:00,0.373,0.373,0.373,0.373,0.00000000,1737431999999,0.00000000,0,0.00000000,0.00000000,0
2025-01-21 04:00:00,0.362,0.363,0.362,0.363,17.00000000,1737446399999,6.16710000,2,17.00000000,6.16710000,0
2025-01-21 08:00:00,0.363,0.363,0.363,0.363,0.00000000,1737460799999,0.00000000,0,0.00000000,0.00000000,0
2025-01-21 12:00:00,0.363,0.363,0.363,0.363,0.00000000,1737475199999,0.00000000,0,0.00000000,0.00000000,0
2025-01-21 16:00:00,0.363,0.363,0.363,0.363,0.00000000,1737489599999,0.00000000,0,0.00000000,0.00000000,0
2025-01-21 20:00:00,0.365,0.377,0.365,0.377,16.50000000,1737503999999,6.13470000,3,16.50000000,6.13470000,0
2025-01-22 00:00:00,0.377,0.377,0.377,0.377,0.00000000,1737518399999,0.00000000,0,0.00000000,0.00000000,0
2025-01-22 04:00:00,0.356,0.356,0.337,0.337,35.10000000,1737532799999,12.32920000,3,0.00000000,0.00000000,0
2025-01-22 08:00:00,0.339,0.339,0.339,0.339,3.90000000,1737547199999,1.32210000,1,3.90000000,1.32210000,0
2025-01-22 12:00:00,0.339,0.339,0.339,0.339,0.00000000,1737561599999,0.00000000,0,0.00000000,0.00000000,0
2025-01-22 16:00:00,0.339,0.339,0.339,0.339,0.00000000,1737575999999,0.00000000,0,0.00000000,0.00000000,0
2025-01-22 20:00:00,0.342,0.344,0.342,0.344,7.80000000,1737590399999,2.67540000,2,7.80000000,2.67540000,0
2025-01-23 00:00:00,0.344,0.344,0.344,0.344,0.00000000,1737604799999,0.00000000,0,0.00000000,0.00000000,0
2025-01-23 04:00:00,0.344,0.344,0.344,0.344,437.80000000,1737619199999,150.60320000,5,437.80000000,150.60320000,0
2025-01-23 08:00:00,0.344,0.344,0.344,0.344,0.00000000,1737633599999,0.00000000,0,0.00000000,0.00000000,0
2025-01-23 12:00:00,0.346,0.349,0.346,0.349,7.80000000,1737647999999,2.71050000,2,7.80000000,2.71050000,0
2025-01-23 16:00:00,0.349,0.349,0.349,0.349,0.00000000,1737662399999,0.00000000,0,0.00000000,0.00000000,0
2025-01-23 20:00:00,0.351,0.375,0.351,0.356,111.30000000,1737676799999,41.00630000,5,111.30000000,41.00630000,0
2025-01-24 00:00:00,0.356,0.356,0.356,0.356,0.00000000,1737691199999,0.00000000,0,0.00000000,0.00000000,0
2025-01-24 04:00:00,0.356,0.356,0.356,0.356,0.00000000,1737705599999,0.00000000,0,0.00000000,0.00000000,0
2025-01-24 08:00:00,0.356,0.356,0.356,0.356,0.00000000,1737719999999,0.00000000,0,0.00000000,0.00000000,0
2025-01-24 12:00:00,0.356,0.356,0.356,0.356,0.00000000,1737734399999,0.00000000,0,0.00000000,0.00000000,0
2025-01-24 16:00:00,0.356,0.359,0.356,0.359,5.00000000,1737748799999,1.79170000,2,5.00000000,1.79170000,0
2025-01-24 20:00:00,0.359,0.359,0.359,0.359,0.00000000,1737763199999,0.00000000,0,0.00000000,0.00000000,0
2025-01-25 00:00:00,0.359,0.359,0.359,0.359,1952.70000000,1737777599999,701.01930000,8,0.00000000,0.00000000,0
2025-01-25 04:00:00,0.359,0.359,0.359,0.359,0.00000000,1737791999999,0.00000000,0,0.00000000,0.00000000,0
2025-01-25 08:00:00,0.359,0.359,0.359,0.359,0.00000000,1737806399999,0.00000000,0,0.00000000,0.00000000,0
2025-01-25 12:00:00,0.343,0.343,0.339,0.339,50.30000000,1737820799999,17.21290000,3,0.00000000,0.00000000,0
2025-01-25 16:00:00,0.339,0.348,0.339,0.348,33.20000000,1737835199999,11.36590000,7,15.60000000,5.37810000,0
2025-01-25 20:00:00,0.351,0.354,0.351,0.354,56.50000000,1737849599999,19.96100000,4,56.50000000,19.96100000,0
2025-01-26 00:00:00,0.354,0.354,0.354,0.354,0.00000000,1737863999999,0.00000000,0,0.00000000,0.00000000,0
2025-01-26 04:00:00,0.354,0.354,0.354,0.354,0.00000000,1737878399999,0.00000000,0,0.00000000,0.00000000,0
2025-01-26 08:00:00,0.354,0.354,0.354,0.354,0.00000000,1737892799999,0.00000000,0,0.00000000,0.00000000,0
2025-01-26 12:00:00,0.354,0.354,0.354,0.354,0.00000000,1737907199999,0.00000000,0,0.00000000,0.00000000,0
2025-01-26 16:00:00,0.354,0.354,0.354,0.354,0.00000000,1737921599999,0.00000000,0,0.00000000,0.00000000,0
2025-01-26 20:00:00,0.354,0.354,0.354,0.354,0.00000000,1737935999999,0.00000000,0,0.00000000,0.00000000,0
2025-01-27 00:00:00,0.354,0.354,0.354,0.354,0.00000000,1737950399999,0.00000000,0,0.00000000,0.00000000,0
2025-01-27 04:00:00,0.354,0.354,0.354,0.354,0.00000000,1737964799999,0.00000000,0,0.00000000,0.00000000,0
2025-01-27 08:00:00,0.354,0.354,0.354,0.354,0.00000000,1737979199999,0.00000000,0,0.00000000,0.00000000,0
2025-01-27 12:00:00,0.355,0.355,0.355,0.355,14.00000000,1737993599999,4.97000000,1,14.00000000,4.97000000,0
2025-01-27 16:00:00,0.355,0.355,0.355,0.355,0.00000000,1738007999999,0.00000000,0,0.00000000,0.00000000,0
2025-01-27 20:00:00,0.355,0.355,0.355,0.355,0.00000000,1738022399999,0.00000000,0,0.00000000,0.00000000,0
2025-01-28 00:00:00,0.341,0.356,0.339,0.339,215.20000000,1738036799999,73.47470000,12,16.10000000,5.70430000,0
2025-01-28 04:00:00,0.339,0.339,0.339,0.339,0.00000000,1738051199999,0.00000000,0,0.00000000,0.00000000,0
2025-01-28 08:00:00,0.339,0.339,0.339,0.339,0.00000000,1738065599999,0.00000000,0,0.00000000,0.00000000,0
2025-01-28 12:00:00,0.339,0.339,0.339,0.339,0.00000000,1738079999999,0.00000000,0,0.00000000,0.00000000,0
2025-01-28 16:00:00,0.339,0.339,0.339,0.339,0.00000000,1738094399999,0.00000000,0,0.00000000,0.00000000,0
2025-01-28 20:00:00,0.339,0.339,0.339,0.339,3442.70000000,1738108799999,1167.07530000,27,0.00000000,0.00000000,0
2025-01-29 00:00:00,0.339,0.339,0.339,0.339,0.00000000,1738123199999,0.00000000,0,0.00000000,0.00000000,0
2025-01-29 04:00:00,0.339,0.339,0.339,0.339,0.00000000,1738137599999,0.00000000,0,0.00000000,0.00000000,0
2025-01-29 08:00:00,0.339,0.339,0.339,0.339,0.00000000,1738151999999,0.00000000,0,0.00000000,0.00000000,0
2025-01-29 12:00:00,0.339,0.339,0.339,0.339,0.00000000,1738166399999,0.00000000,0,0.00000000,0.00000000,0
2025-01-29 16:00:00,0.335,0.335,0.335,0.335,70.00000000,1738180799999,23.45000000,1,0.00000000,0.00000000,0
2025-01-29 20:00:00,0.342,0.342,0.342,0.342,3.90000000,1738195199999,1.33380000,1,3.90000000,1.33380000,0
2025-01-30 00:00:00,0.344,0.354,0.344,0.354,14.30000000,1738209599999,4.99590000,3,14.30000000,4.99590000,0
2025-01-30 04:00:00,0.354,0.354,0.354,0.354,0.00000000,1738223999999,0.00000000,0,0.00000000,0.00000000,0
2025-01-30 08:00:00,0.354,0.354,0.354,0.354,0.00000000,1738238399999,0.00000000,0,0.00000000,0.00000000,0
2025-01-30 12:00:00,0.354,0.354,0.354,0.354,0.00000000,1738252799999,0.00000000,0,0.00000000,0.00000000,0
2025-01-30 16:00:00,0.349,0.358,0.349,0.358,59.20000000,1738267199999,20.87920000,4,59.20000000,20.87920000,0
2025-01-30 20:00:00,0.354,0.354,0.354,0.354,18.00000000,1738281599999,6.37200000,2,18.00000000,6.37200000,0
2025-01-31 00:00:00,0.354,0.354,0.354,0.354,0.00000000,1738295999999,0.00000000,0,0.00000000,0.00000000,0
2025-01-31 04:00:00,0.354,0.354,0.354,0.354,0.00000000,1738310399999,0.00000000,0,0.00000000,0.00000000,0
2025-01-31 08:00:00,0.354,0.354,0.354,0.354,0.00000000,1738324799999,0.00000000,0,0.00000000,0.00000000,0
2025-01-31 12:00:00,0.343,0.343,0.343,0.343,56.10000000,1738339199999,19.24230000,1,0.00000000,0.00000000,0
2025-01-31 16:00:00,0.343,0.343,0.342,0.342,58.90000000,1738353599999,20.14780000,3,0.00000000,0.00000000,0
2025-01-31 20:00:00,0.356,0.373,0.356,0.373,90.00000000,1738367999999,33.21270000,4,90.00000000,33.21270000,0
2025-02-01 00:00:00,0.373,0.373,0.373,0.373,0.00000000,1738382399999,0.00000000,0,0.00000000,0.00000000,0
2025-02-01 04:00:00,0.373,0.373,0.373,0.373,0.00000000,1738396799999,0.00000000,0,0.00000000,0.00000000,0
2025-02-01 08:00:00,0.373,0.373,0.373,0.373,0.00000000,1738411199999,0.00000000,0,0.00000000,0.00000000,0
2025-02-01 12:00:00,0.362,0.371,0.362,0.371,29.60000000,1738425599999,10.91920000,4,29.60000000,10.91920000,0
2025-02-01 16:00:00,0.367,0.369,0.336,0.336,208.20000000,1738439999999,76.14150000,7,173.30000000,63.93990000,0
2025-02-01 20:00:00,0.336,0.336,0.336,0.336,12.90000000,1738454399999,4.33440000,1,0.00000000,0.00000000,0
2025-02-02 00:00:00,0.336,0.336,0.336,0.336,0.00000000,1738468799999,0.00000000,0,0.00000000,0.00000000,0
2025-02-02 04:00:00,0.336,0.336,0.336,0.336,0.00000000,1738483199999,0.00000000,0,0.00000000,0.00000000,0
2025-02-02 08:00:00,0.336,0.336,0.336,0.336,0.00000000,1738497599999,0.00000000,0,0.00000000,0.00000000,0
2025-02-02 12:00:00,0.338,0.359,0.338,0.352,32.00000000,1738511999999,11.09910000,13,31.00000000,10.74010000,0
2025-02-02 16:00:00,0.359,0.359,0.316,0.32,73.40000000,1738526399999,24.64670000,10,11.40000000,3.76620000,0
2025-02-02 20:00:00,0.323,0.334,0.323,0.334,23.40000000,1738540799999,7.68300000,6,23.40000000,7.68300000,0
2025-02-03 00:00:00,0.32,0.32,0.307,0.309,120.80000000,1738555199999,37.82180000,5,3.90000000,1.20510000,0
2025-02-03 04:00:00,0.309,0.309,0.309,0.309,0.00000000,1738569599999,0.00000000,0,0.00000000,0.00000000,0
2025-02-03 08:00:00,0.309,0.309,0.309,0.309,0.00000000,1738583999999,0.00000000,0,0.00000000,0.00000000,0
2025-02-03 12:00:00,0.311,0.333,0.311,0.333,20.70000000,1738598399999,6.54810000,11,20.70000000,6.54810000,0
2025-02-03 16:00:00,0.322,0.362,0.322,0.362,58.00000000,1738612799999,20.30960000,8,58.00000000,20.30960000,0
2025-02-03 20:00:00,0.334,0.337,0.334,0.337,7.80000000,1738627199999,2.61690000,2,3.90000000,1.31430000,0
2025-02-04 00:00:00,0.339,0.339,0.339,0.339,3.90000000,1738641599999,1.32210000,1,3.90000000,1.32210000,0
2025-02-04 04:00:00,0.333,0.333,0.333,0.333,100.60000000,1738655999999,33.49980000,1,0.00000000,0.00000000,0
2025-02-04 08:00:00,0.333,0.333,0.333,0.333,0.00000000,1738670399999,0.00000000,0,0.00000000,0.00000000,0
2025-02-04 12:00:00,0.333,0.333,0.333,0.333,0.00000000,1738684799999,0.00000000,0,0.00000000,0.00000000,0
2025-02-04 16:00:00,0.333,0.333,0.333,0.333,0.00000000,1738699199999,0.00000000,0,0.00000000,0.00000000,0
2025-02-04 20:00:00,0.333,0.333,0.333,0.333,0.00000000,1738713599999,0.00000000,0,0.00000000,0.00000000,0
2025-02-05 00:00:00,0.32,0.32,0.32,0.32,95.00000000,1738727999999,30.40000000,1,0.00000000,0.00000000,0
2025-02-05 04:00:00,0.321,0.321,0.321,0.321,8.50000000,1738742399999,2.72850000,1,0.00000000,0.00000000,0
2025-02-05 08:00:00,0.321,0.321,0.321,0.321,0.00000000,1738756799999,0.00000000,0,0.00000000,0.00000000,0
2025-02-05 12:00:00,0.321,0.321,0.321,0.321,0.00000000,1738771199999,0.00000000,0,0.00000000,0.00000000,0
2025-02-05 16:00:00,0.342,0.342,0.336,0.336,429.00000000,1738785599999,145.77360000,3,3.90000000,1.33380000,0
2025-02-05 20:00:00,0.336,0.336,0.336,0.336,0.00000000,1738799999999,0.00000000,0,0.00000000,0.00000000,0
2025-02-06 00:00:00,0.336,0.336,0.336,0.336,0.00000000,1738814399999,0.00000000,0,0.00000000,0.00000000,0
2025-02-06 04:00:00,0.344,0.349,0.344,0.349,45.90000000,1738828799999,15.99180000,3,45.90000000,15.99180000,0
2025-02-06 08:00:00,0.35,0.355,0.35,0.355,84.00000000,1738843199999,29.67840000,4,84.00000000,29.67840000,0
2025-02-06 12:00:00,0.356,0.373,0.325,0.331,673.60000000,1738857599999,240.01940000,12,150.70000000,55.27210000,0
2025-02-06 16:00:00,0.331,0.331,0.331,0.331,0.00000000,1738871999999,0.00000000,0,0.00000000,0.00000000,0
2025-02-06 20:00:00,0.368,0.437,0.368,0.395,4450.40000000,1738886399999,1801.69820000,28,4350.10000000,1760.80400000,0
2025-02-07 00:00:00,0.388,0.403,0.336,0.336,188.60000000,1738900799999,67.26240000,6,45.60000000,17.97420000,0
2025-02-07 04:00:00,0.338,0.352,0.338,0.352,27.30000000,1738915199999,9.42630000,7,27.30000000,9.42630000,0
2025-02-07 08:00:00,0.339,0.339,0.339,0.339,21.20000000,1738929599999,7.18680000,2,0.00000000,0.00000000,0
2025-02-07 12:00:00,0.339,0.339,0.335,0.335,49.90000000,1738943999999,16.76170000,4,0.00000000,0.00000000,0
2025-02-07 16:00:00,0.336,0.425,0.329,0.337,4508.90000000,1738958399999,1610.20580000,59,2145.80000000,777.79540000,0
2025-02-07 20:00:00,0.334,0.334,0.329,0.329,143.20000000,1738972799999,47.41220000,3,0.00000000,0.00000000,0
2025-02-08 00:00:00,0.331,0.337,0.331,0.333,375.90000000,1738987199999,125.84730000,7,246.40000000,82.72380000,0
2025-02-08 04:00:00,0.331,0.331,0.323,0.323,422.60000000,1739001599999,138.45370000,6,0.00000000,0.00000000,0
2025-02-08 08:00:00,0.323,0.323,0.323,0.323,22.60000000,1739015999999,7.29980000,1,0.00000000,0.00000000,0
2025-02-08 12:00:00,0.323,0.323,0.323,0.323,0.00000000,1739030399999,0.00000000,0,0.00000000,0.00000000,0
2025-02-08 16:00:00,0.325,0.329,0.325,0.329,68.70000000,1739044799999,22.52660000,4,68.70000000,22.52660000,0
2025-02-08 20:00:00,0.323,0.335,0.323,0.335,602.00000000,1739059199999,199.20810000,12,527.10000000,175.01540000,0
2025-02-09 00:00:00,0.335,0.335,0.335,0.335,0.00000000,1739073599999,0.00000000,0,0.00000000,0.00000000,0
2025-02-09 04:00:00,0.336,0.342,0.336,0.342,436.60000000,1739087999999,148.12120000,10,436.60000000,148.12120000,0
2025-02-09 08:00:00,0.338,0.343,0.338,0.343,158.80000000,1739102399999,54.32550000,3,155.80000000,53.31150000,0
2025-02-09 12:00:00,0.343,0.343,0.343,0.343,0.00000000,1739116799999,0.00000000,0,0.00000000,0.00000000,0
2025-02-09 16:00:00,0.343,0.343,0.343,0.343,0.00000000,1739131199999,0.00000000,0,0.00000000,0.00000000,0
2025-02-09 20:00:00,0.337,0.337,0.331,0.331,516.30000000,1739145599999,172.43650000,5,0.00000000,0.00000000,0
2025-02-10 00:00:00,0.335,0.341,0.332,0.341,2120.60000000,1739159999999,707.12110000,17,514.70000000,173.96230000,0
2025-02-10 04:00:00,0.343,0.42,0.343,0.357,9240.10000000,1739174399999,3833.39210000,26,9002.60000000,3747.88520000,0
2025-02-10 08:00:00,0.353,0.353,0.353,0.353,122.10000000,1739188799999,43.10130000,1,0.00000000,0.00000000,0
2025-02-10 12:00:00,0.356,0.356,0.356,0.356,305.50000000,1739203199999,108.75800000,2,305.50000000,108.75800000,0
2025-02-10 16:00:00,0.341,0.341,0.34,0.34,1115.50000000,1739217599999,380.09740000,3,0.00000000,0.00000000,0
2025-02-10 20:00:00,0.34,0.34,0.34,0.34,3.70000000,1739231999999,1.25800000,1,0.00000000,0.00000000,0
2025-02-11 00:00:00,0.34,0.34,0.34,0.34,0.00000000,1739246399999,0.00000000,0,0.00000000,0.00000000,0
2025-02-11 04:00:00,0.34,0.34,0.34,0.34,0.00000000,1739260799999,0.00000000,0,0.00000000,0.00000000,0
2025-02-11 08:00:00,0.34,0.341,0.34,0.341,183.60000000,1739275199999,62.56840000,2,0.00000000,0.00000000,0
2025-02-11 12:00:00,0.34,0.34,0.339,0.339,256.10000000,1739289599999,87.00250000,2,0.00000000,0.00000000,0
2025-02-11 16:00:00,0.339,0.339,0.339,0.339,0.00000000,1739303999999,0.00000000,0,0.00000000,0.00000000,0
2025-02-11 20:00:00,0.339,0.339,0.339,0.339,0.00000000,1739318399999,0.00000000,0,0.00000000,0.00000000,0
2025-02-12 00:00:00,0.338,0.339,0.338,0.339,9749.40000000,1739332799999,3304.89870000,39,295.40000000,99.99270000,0
2025-02-12 04:00:00,0.339,0.339,0.339,0.339,0.00000000,1739347199999,0.00000000,0,0.00000000,0.00000000,0
2025-02-12 08:00:00,0.339,0.339,0.339,0.339,0.00000000,1739361599999,0.00000000,0,0.00000000,0.00000000,0
2025-02-12 12:00:00,0.339,0.339,0.339,0.339,0.00000000,1739375999999,0.00000000,0,0.00000000,0.00000000,0
2025-02-12 16:00:00,0.303,0.303,0.303,0.303,101.00000000,1739390399999,30.60300000,1,0.00000000,0.00000000,0
2025-02-12 20:00:00,0.303,0.303,0.303,0.303,0.00000000,1739404799999,0.00000000,0,0.00000000,0.00000000,0
2025-02-13 00:00:00,0.356,0.356,0.307,0.321,345.80000000,1739419199999,116.16730000,12,147.10000000,52.12840000,0
2025-02-13 04:00:00,0.321,0.321,0.321,0.321,0.00000000,1739433599999,0.00000000,0,0.00000000,0.00000000,0
2025-02-13 08:00:00,0.321,0.321,0.321,0.321,0.00000000,1739447999999,0.00000000,0,0.00000000,0.00000000,0
2025-02-13 12:00:00,0.336,0.339,0.336,0.339,36.30000000,1739462399999,12.29010000,3,36.30000000,12.29010000,0
2025-02-13 16:00:00,0.339,0.339,0.339,0.339,0.00000000,1739476799999,0.00000000,0,0.00000000,0.00000000,0
2025-02-13 20:00:00,0.339,0.339,0.339,0.339,0.00000000,1739491199999,0.00000000,0,0.00000000,0.00000000,0
2025-02-14 00:00:00,0.342,0.366,0.342,0.366,10.90000000,1739505599999,3.86460000,2,10.90000000,3.86460000,0
2025-02-14 04:00:00,0.366,0.366,0.366,0.366,0.00000000,1739519999999,0.00000000,0,0.00000000,0.00000000,0
2025-02-14 08:00:00,0.339,0.339,0.339,0.339,9.80000000,1739534399999,3.32220000,2,0.00000000,0.00000000,0
2025-02-14 12:00:00,0.339,0.339,0.339,0.339,0.00000000,1739548799999,0.00000000,0,0.00000000,0.00000000,0
2025-02-14 16:00:00,0.346,0.346,0.346,0.346,5.20000000,1739563199999,1.79920000,1,5.20000000,1.79920000,0
2025-02-14 20:00:00,0.346,0.346,0.346,0.346,0.00000000,1739577599999,0.00000000,0,0.00000000,0.00000000,0
2025-02-15 00:00:00,0.346,0.346,0.346,0.346,0.00000000,1739591999999,0.00000000,0,0.00000000,0.00000000,0
2025-02-15 04:00:00,0.346,0.346,0.346,0.346,0.00000000,1739606399999,0.00000000,0,0.00000000,0.00000000,0
2025-02-15 08:00:00,0.339,0.339,0.339,0.339,3.00000000,1739620799999,1.01700000,1,0.00000000,0.00000000,0
2025-02-15 12:00:00,0.339,0.339,0.339,0.339,0.00000000,1739635199999,0.00000000,0,0.00000000,0.00000000,0
2025-02-15 16:00:00,0.339,0.339,0.339,0.339,0.00000000,1739649599999,0.00000000,0,0.00000000,0.00000000,0
2025-02-15 20:00:00,0.339,0.339,0.339,0.339,0.00000000,1739663999999,0.00000000,0,0.00000000,0.00000000,0
2025-02-16 00:00:00,0.339,0.339,0.339,0.339,0.00000000,1739678399999,0.00000000,0,0.00000000,0.00000000,0
2025-02-16 04:00:00,0.339,0.339,0.339,0.339,0.00000000,1739692799999,0.00000000,0,0.00000000,0.00000000,0
2025-02-16 08:00:00,0.339,0.339,0.339,0.339,0.00000000,1739707199999,0.00000000,0,0.00000000,0.00000000,0
2025-02-16 12:00:00,0.339,0.339,0.339,0.339,0.00000000,1739721599999,0.00000000,0,0.00000000,0.00000000,0
2025-02-16 16:00:00,0.339,0.339,0.324,0.324,24.00000000,1739735999999,7.95900000,3,0.00000000,0.00000000,0
2025-02-16 20:00:00,0.324,0.324,0.324,0.324,0.00000000,1739750399999,0.00000000,0,0.00000000,0.00000000,0
2025-02-17 00:00:00,0.324,0.324,0.324,0.324,0.00000000,1739764799999,0.00000000,0,0.00000000,0.00000000,0
2025-02-17 04:00:00,0.324,0.324,0.324,0.324,0.00000000,1739779199999,0.00000000,0,0.00000000,0.00000000,0
2025-02-17 08:00:00,0.324,0.324,0.324,0.324,0.00000000,1739793599999,0.00000000,0,0.00000000,0.00000000,0
2025-02-17 12:00:00,0.324,0.324,0.324,0.324,0.00000000,1739807999999,0.00000000,0,0.00000000,0.00000000,0
2025-02-17 16:00:00,0.324,0.324,0.324,0.324,0.00000000,1739822399999,0.00000000,0,0.00000000,0.00000000,0
2025-02-17 20:00:00,0.324,0.324,0.324,0.324,0.00000000,1739836799999,0.00000000,0,0.00000000,0.00000000,0
2025-02-18 00:00:00,0.324,0.324,0.324,0.324,0.00000000,1739851199999,0.00000000,0,0.00000000,0.00000000,0
2025-02-18 04:00:00,0.324,0.324,0.324,0.324,6.20000000,1739865599999,2.00880000,1,0.00000000,0.00000000,0
2025-02-18 08:00:00,0.324,0.324,0.324,0.324,0.00000000,1739879999999,0.00000000,0,0.00000000,0.00000000,0
2025-02-18 12:00:00,0.324,0.324,0.324,0.324,0.00000000,1739894399999,0.00000000,0,0.00000000,0.00000000,0
2025-02-18 16:00:00,0.324,0.324,0.324,0.324,0.00000000,1739908799999,0.00000000,0,0.00000000,0.00000000,0
2025-02-18 20:00:00,0.325,0.325,0.325,0.325,279.20000000,1739923199999,90.74000000,3,0.00000000,0.00000000,0
2025-02-19 00:00:00,0.325,0.325,0.325,0.325,0.00000000,1739937599999,0.00000000,0,0.00000000,0.00000000,0
2025-02-19 04:00:00,0.341,0.341,0.341,0.341,76.90000000,1739951999999,26.22290000,1,76.90000000,26.22290000,0
2025-02-19 08:00:00,0.341,0.341,0.341,0.341,0.00000000,1739966399999,0.00000000,0,0.00000000,0.00000000,0
2025-02-19 12:00:00,0.341,0.341,0.341,0.341,0.00000000,1739980799999,0.00000000,0,0.00000000,0.00000000,0
2025-02-19 16:00:00,0.325,0.325,0.325,0.325,59.20000000,1739995199999,19.24000000,1,0.00000000,0.00000000,0
2025-02-19 20:00:00,0.325,0.325,0.325,0.325,0.00000000,1740009599999,0.00000000,0,0.00000000,0.00000000,0
2025-02-20 00:00:00,0.325,0.325,0.325,0.325,0.00000000,1740023999999,0.00000000,0,0.00000000,0.00000000,0
2025-02-20 04:00:00,0.325,0.325,0.325,0.325,0.00000000,1740038399999,0.00000000,0,0.00000000,0.00000000,0
2025-02-20 08:00:00,0.329,0.329,0.329,0.329,76.40000000,1740052799999,25.13560000,1,0.00000000,0.00000000,0
2025-02-20 12:00:00,0.329,0.329,0.329,0.329,0.00000000,1740067199999,0.00000000,0,0.00000000,0.00000000,0
2025-02-20 16:00:00,0.329,0.329,0.329,0.329,0.00000000,1740081599999,0.00000000,0,0.00000000,0.00000000,0
2025-02-20 20:00:00,0.329,0.329,0.329,0.329,0.00000000,1740095999999,0.00000000,0,0.00000000,0.00000000,0
2025-02-21 00:00:00,0.329,0.329,0.329,0.329,0.00000000,1740110399999,0.00000000,0,0.00000000,0.00000000,0
2025-02-21 04:00:00,0.329,0.329,0.329,0.329,0.00000000,1740124799999,0.00000000,0,0.00000000,0.00000000,0
2025-02-21 08:00:00,0.329,0.329,0.329,0.329,3.80000000,1740139199999,1.25020000,1,0.00000000,0.00000000,0
2025-02-21 12:00:00,0.329,0.329,0.329,0.329,0.00000000,1740153599999,0.00000000,0,0.00000000,0.00000000,0
2025-02-21 16:00:00,0.329,0.329,0.329,0.329,0.00000000,1740167999999,0.00000000,0,0.00000000,0.00000000,0
2025-02-21 20:00:00,0.329,0.329,0.329,0.329,0.00000000,1740182399999,0.00000000,0,0.00000000,0.00000000,0
2025-02-22 00:00:00,0.329,0.329,0.329,0.329,0.00000000,1740196799999,0.00000000,0,0.00000000,0.00000000,0
2025-02-22 04:00:00,0.329,0.329,0.329,0.329,0.00000000,1740211199999,0.00000000,0,0.00000000,0.00000000,0
2025-02-22 08:00:00,0.329,0.329,0.329,0.329,0.00000000,1740225599999,0.00000000,0,0.00000000,0.00000000,0
2025-02-22 12:00:00,0.329,0.329,0.329,0.329,0.00000000,1740239999999,0.00000000,0,0.00000000,0.00000000,0
2025-02-22 16:00:00,0.326,0.326,0.326,0.326,127.80000000,1740254399999,41.66280000,1,0.00000000,0.00000000,0
2025-02-22 20:00:00,0.326,0.326,0.326,0.326,0.00000000,1740268799999,0.00000000,0,0.00000000,0.00000000,0
2025-02-23 00:00:00,0.326,0.326,0.326,0.326,0.00000000,1740283199999,0.00000000,0,0.00000000,0.00000000,0
2025-02-23 04:00:00,0.326,0.326,0.326,0.326,0.00000000,1740297599999,0.00000000,0,0.00000000,0.00000000,0
2025-02-23 08:00:00,0.326,0.326,0.326,0.326,0.00000000,1740311999999,0.00000000,0,0.00000000,0.00000000,0
2025-02-23 12:00:00,0.326,0.326,0.326,0.326,0.00000000,1740326399999,0.00000000,0,0.00000000,0.00000000,0
2025-02-23 16:00:00,0.326,0.326,0.326,0.326,0.00000000,1740340799999,0.00000000,0,0.00000000,0.00000000,0
2025-02-23 20:00:00,0.326,0.326,0.326,0.326,0.00000000,1740355199999,0.00000000,0,0.00000000,0.00000000,0
2025-02-24 00:00:00,0.326,0.326,0.326,0.326,0.00000000,1740369599999,0.00000000,0,0.00000000,0.00000000,0
2025-02-24 04:00:00,0.326,0.326,0.326,0.326,0.00000000,1740383999999,0.00000000,0,0.00000000,0.00000000,0
2025-02-24 08:00:00,0.326,0.326,0.326,0.326,0.00000000,1740398399999,0.00000000,0,0.00000000,0.00000000,0
2025-02-24 12:00:00,0.326,0.326,0.326,0.326,0.00000000,1740412799999,0.00000000,0,0.00000000,0.00000000,0
2025-02-24 16:00:00,0.341,0.344,0.341,0.344,57.20000000,1740427199999,19.67470000,2,57.20000000,19.67470000,0
2025-02-24 20:00:00,0.344,0.344,0.344,0.344,0.00000000,1740441599999,0.00000000,0,0.00000000,0.00000000,0
2025-02-25 00:00:00,0.344,0.344,0.344,0.344,0.00000000,1740455999999,0.00000000,0,0.00000000,0.00000000,0
2025-02-25 04:00:00,0.343,0.343,0.343,0.343,72.80000000,1740470399999,24.97040000,1,72.80000000,24.97040000,0
2025-02-25 08:00:00,0.324,0.324,0.324,0.324,65.10000000,1740484799999,21.09240000,1,0.00000000,0.00000000,0
2025-02-25 12:00:00,0.263,0.263,0.263,0.263,72.40000000,1740499199999,19.04120000,1,0.00000000,0.00000000,0
2025-02-25 16:00:00,0.257,0.257,0.257,0.257,64.60000000,1740513599999,16.60220000,1,0.00000000,0.00000000,0
2025-02-25 20:00:00,0.257,0.257,0.257,0.257,0.00000000,1740527999999,0.00000000,0,0.00000000,0.00000000,0
2025-02-26 00:00:00,0.257,0.257,0.257,0.257,0.00000000,1740542399999,0.00000000,0,0.00000000,0.00000000,0
2025-02-26 04:00:00,0.257,0.257,0.257,0.257,0.00000000,1740556799999,0.00000000,0,0.00000000,0.00000000,0
2025-02-26 08:00:00,0.257,0.257,0.257,0.257,0.00000000,1740571199999,0.00000000,0,0.00000000,0.00000000,0
2025-02-26 12:00:00,0.257,0.257,0.257,0.257,0.00000000,1740585599999,0.00000000,0,0.00000000,0.00000000,0
2025-02-26 16:00:00,0.257,0.257,0.257,0.257,0.00000000,1740599999999,0.00000000,0,0.00000000,0.00000000,0
2025-02-26 20:00:00,0.259,0.321,0.258,0.288,171.90000000,1740614399999,46.18100000,14,46.80000000,12.82840000,0
2025-02-27 00:00:00,0.29,0.344,0.29,0.318,71.70000000,1740628799999,22.57440000,11,71.70000000,22.57440000,0
2025-02-27 04:00:00,0.322,0.338,0.295,0.296,81.60000000,1740643199999,26.51200000,4,58.60000000,19.72360000,0
2025-02-27 08:00:00,0.296,0.296,0.296,0.296,0.00000000,1740657599999,0.00000000,0,0.00000000,0.00000000,0
2025-02-27 12:00:00,0.296,0.296,0.296,0.296,58.20000000,1740671999999,17.22720000,1,58.20000000,17.22720000,0
2025-02-27 16:00:00,0.296,0.296,0.296,0.296,0.00000000,1740686399999,0.00000000,0,0.00000000,0.00000000,0
2025-02-27 20:00:00,0.296,0.296,0.296,0.296,0.00000000,1740700799999,0.00000000,0,0.00000000,0.00000000,0
2025-02-28 00:00:00,0.324,0.325,0.324,0.325,49.40000000,1740715199999,16.01260000,3,49.40000000,16.01260000,0
2025-02-28 04:00:00,0.325,0.325,0.325,0.325,0.00000000,1740729599999,0.00000000,0,0.00000000,0.00000000,0
2025-02-28 08:00:00,0.325,0.325,0.325,0.325,0.00000000,1740743999999,0.00000000,0,0.00000000,0.00000000,0
2025-02-28 12:00:00,0.325,0.325,0.325,0.325,0.00000000,1740758399999,0.00000000,0,0.00000000,0.00000000,0
2025-02-28 16:00:00,0.325,0.325,0.325,0.325,0.00000000,1740772799999,0.00000000,0,0.00000000,0.00000000,0
2025-02-28 20:00:00,0.325,0.325,0.325,0.325,0.00000000,1740787199999,0.00000000,0,0.00000000,0.00000000,0
2025-03-01 00:00:00,0.325,0.325,0.325,0.325,0.00000000,1740801599999,0.00000000,0,0.00000000,0.00000000,0
2025-03-01 04:00:00,0.325,0.325,0.325,0.325,0.00000000,1740815999999,0.00000000,0,0.00000000,0.00000000,0
2025-03-01 08:00:00,0.306,0.306,0.306,0.306,40.50000000,1740830399999,12.39300000,1,0.00000000,0.00000000,0
2025-03-01 12:00:00,0.325,0.325,0.325,0.325,103.80000000,1740844799999,33.73500000,1,103.80000000,33.73500000,0
2025-03-01 16:00:00,0.328,0.328,0.328,0.328,5.20000000,1740859199999,1.70560000,1,5.20000000,1.70560000,0
2025-03-01 20:00:00,0.328,0.328,0.328,0.328,0.00000000,1740873599999,0.00000000,0,0.00000000,0.00000000,0
2025-03-02 00:00:00,0.328,0.328,0.328,0.328,0.00000000,1740887999999,0.00000000,0,0.00000000,0.00000000,0
2025-03-02 04:00:00,0.328,0.328,0.328,0.328,0.00000000,1740902399999,0.00000000,0,0.00000000,0.00000000,0
2025-03-02 08:00:00,0.332,0.338,0.332,0.338,129.40000000,1740916799999,43.70600000,2,129.40000000,43.70600000,0
2025-03-02 12:00:00,0.338,0.338,0.338,0.338,0.00000000,1740931199999,0.00000000,0,0.00000000,0.00000000,0
2025-03-02 16:00:00,0.307,0.344,0.307,0.337,208.40000000,1740945599999,64.54020000,5,9.00000000,3.05440000,0
2025-03-02 20:00:00,0.323,0.323,0.323,0.323,15.80000000,1740959999999,5.10340000,1,0.00000000,0.00000000,0
2025-03-03 00:00:00,0.299,0.299,0.299,0.299,92.00000000,1740974399999,27.50800000,1,0.00000000,0.00000000,0
2025-03-03 04:00:00,0.299,0.299,0.299,0.299,0.00000000,1740988799999,0.00000000,0,0.00000000,0.00000000,0
2025-03-03 08:00:00,0.305,0.305,0.305,0.305,10.90000000,1741003199999,3.32450000,1,0.00000000,0.00000000,0
2025-03-03 12:00:00,0.305,0.305,0.305,0.305,0.00000000,1741017599999,0.00000000,0,0.00000000,0.00000000,0
2025-03-03 16:00:00,0.299,0.299,0.292,0.292,644.90000000,1741031999999,188.91830000,6,0.00000000,0.00000000,0
2025-03-03 20:00:00,0.262,0.262,0.262,0.262,7.00000000,1741046399999,1.83400000,1,0.00000000,0.00000000,0
2025-03-04 00:00:00,0.262,0.262,0.262,0.262,0.00000000,1741060799999,0.00000000,0,0.00000000,0.00000000,0
2025-03-04 04:00:00,0.262,0.262,0.262,0.262,0.00000000,1741075199999,0.00000000,0,0.00000000,0.00000000,0
2025-03-04 08:00:00,0.278,0.294,0.278,0.294,1348.60000000,1741089599999,380.17420000,18,337.10000000,98.94620000,0
2025-03-04 12:00:00,0.294,0.294,0.294,0.294,0.00000000,1741103999999,0.00000000,0,0.00000000,0.00000000,0
2025-03-04 16:00:00,0.294,0.301,0.294,0.301,155.20000000,1741118399999,45.73260000,5,155.20000000,45.73260000,0
2025-03-04 20:00:00,0.301,0.301,0.301,0.301,0.00000000,1741132799999,0.00000000,0,0.00000000,0.00000000,0
2025-03-05 00:00:00,0.287,0.287,0.287,0.287,15.00000000,1741147199999,4.30500000,1,0.00000000,0.00000000,0
2025-03-05 04:00:00,0.287,0.287,0.287,0.287,0.00000000,1741161599999,0.00000000,0,0.00000000,0.00000000,0
2025-03-05 08:00:00,0.303,0.303,0.303,0.303,5.20000000,1741175999999,1.57560000,1,5.20000000,1.57560000,0
2025-03-05 12:00:00,0.303,0.303,0.288,0.288,9.90000000,1741190399999,2.98920000,3,0.00000000,0.00000000,0
2025-03-05 16:00:00,0.288,0.288,0.288,0.288,0.00000000,1741204799999,0.00000000,0,0.00000000,0.00000000,0
2025-03-05 20:00:00,0.288,0.288,0.288,0.288,0.00000000,1741219199999,0.00000000,0,0.00000000,0.00000000,0
2025-03-06 00:00:00,0.288,0.288,0.288,0.288,0.00000000,1741233599999,0.00000000,0,0.00000000,0.00000000,0
2025-03-06 04:00:00,0.288,0.288,0.288,0.288,0.00000000,1741247999999,0.00000000,0,0.00000000,0.00000000,0
2025-03-06 08:00:00,0.288,0.288,0.288,0.288,0.00000000,1741262399999,0.00000000,0,0.00000000,0.00000000,0
2025-03-06 12:00:00,0.288,0.288,0.288,0.288,0.00000000,1741276799999,0.00000000,0,0.00000000,0.00000000,0
2025-03-06 16:00:00,0.288,0.288,0.288,0.288,0.00000000,1741291199999,0.00000000,0,0.00000000,0.00000000,0
2025-03-06 20:00:00,0.288,0.288,0.288,0.288,0.00000000,1741305599999,0.00000000,0,0.00000000,0.00000000,0
2025-03-07 00:00:00,0.288,0.288,0.288,0.288,0.00000000,1741319999999,0.00000000,0,0.00000000,0.00000000,0
2025-03-07 04:00:00,0.288,0.288,0.288,0.288,0.00000000,1741334399999,0.00000000,0,0.00000000,0.00000000,0
2025-03-07 08:00:00,0.288,0.288,0.288,0.288,0.00000000,1741348799999,0.00000000,0,0.00000000,0.00000000,0
2025-03-07 12:00:00,0.286,0.286,0.286,0.286,54.10000000,1741363199999,15.47260000,1,0.00000000,0.00000000,0
2025-03-07 16:00:00,0.286,0.286,0.286,0.286,0.00000000,1741377599999,0.00000000,0,0.00000000,0.00000000,0
2025-03-07 20:00:00,0.286,0.286,0.286,0.286,7.00000000,1741391999999,2.00200000,1,0.00000000,0.00000000,0
2025-03-08 00:00:00,0.286,0.286,0.286,0.286,0.00000000,1741406399999,0.00000000,0,0.00000000,0.00000000,0
2025-03-08 04:00:00,0.286,0.286,0.286,0.286,0.00000000,1741420799999,0.00000000,0,0.00000000,0.00000000,0
2025-03-08 08:00:00,0.286,0.286,0.286,0.286,0.00000000,1741435199999,0.00000000,0,0.00000000,0.00000000,0
2025-03-08 12:00:00,0.286,0.286,0.286,0.286,0.00000000,1741449599999,0.00000000,0,0.00000000,0.00000000,0
2025-03-08 16:00:00,0.286,0.286,0.286,0.286,0.00000000,1741463999999,0.00000000,0,0.00000000,0.00000000,0
2025-03-08 20:00:00,0.298,0.32,0.277,0.277,1601.20000000,1741478399999,478.84370000,10,10.40000000,3.21360000,0
2025-03-09 00:00:00,0.28,0.28,0.28,0.28,5.20000000,1741492799999,1.45600000,1,5.20000000,1.45600000,0
2025-03-09 04:00:00,0.282,0.282,0.282,0.282,5.20000000,1741507199999,1.46640000,1,5.20000000,1.46640000,0
2025-03-09 08:00:00,0.284,0.364,0.284,0.364,303.10000000,1741521599999,100.85340000,29,204.30000000,67.63580000,0
2025-03-09 12:00:00,0.317,0.317,0.279,0.279,224.10000000,1741535999999,68.64570000,3,0.00000000,0.00000000,0
2025-03-09 16:00:00,0.282,0.294,0.282,0.294,41.20000000,1741550399999,11.82120000,6,5.20000000,1.48200000,0
2025-03-09 20:00:00,0.284,0.284,0.284,0.284,5.50000000,1741564799999,1.56200000,1,0.00000000,0.00000000,0
2025-03-10 00:00:00,0.284,0.284,0.284,0.284,16.30000000,1741579199999,4.62920000,1,0.00000000,0.00000000,0
2025-03-10 04:00:00,0.284,0.284,0.284,0.284,0.00000000,1741593599999,0.00000000,0,0.00000000,0.00000000,0
2025-03-10 08:00:00,0.284,0.284,0.284,0.284,0.00000000,1741607999999,0.00000000,0,0.00000000,0.00000000,0
2025-03-10 12:00:00,0.284,0.284,0.284,0.284,0.00000000,1741622399999,0.00000000,0,0.00000000,0.00000000,0
2025-03-10 16:00:00,0.284,0.284,0.275,0.275,930.30000000,1741636799999,255.96300000,3,0.00000000,0.00000000,0
2025-03-10 20:00:00,0.275,0.275,0.275,0.275,0.00000000,1741651199999,0.00000000,0,0.00000000,0.00000000,0
2025-03-11 00:00:00,0.275,0.275,0.245,0.245,273.80000000,1741665599999,70.10390000,5,0.00000000,0.00000000,0
2025-03-11 04:00:00,0.201,0.201,0.201,0.201,90.00000000,1741679999999,18.09000000,1,0.00000000,0.00000000,0
2025-03-11 08:00:00,0.204,0.245,0.204,0.245,120.10000000,1741694399999,28.28070000,21,10.40000000,2.35040000,0
2025-03-11 12:00:00,0.245,0.245,0.245,0.245,0.00000000,1741708799999,0.00000000,0,0.00000000,0.00000000,0
2025-03-11 16:00:00,0.245,0.245,0.245,0.245,0.00000000,1741723199999,0.00000000,0,0.00000000,0.00000000,0
2025-03-11 20:00:00,0.248,0.272,0.248,0.256,148.80000000,1741737599999,38.79230000,7,75.40000000,20.14870000,0
2025-03-12 00:00:00,0.256,0.256,0.256,0.256,0.00000000,1741751999999,0.00000000,0,0.00000000,0.00000000,0
2025-03-12 04:00:00,0.256,0.256,0.256,0.256,0.00000000,1741766399999,0.00000000,0,0.00000000,0.00000000,0
2025-03-12 08:00:00,0.256,0.256,0.256,0.256,0.00000000,1741780799999,0.00000000,0,0.00000000,0.00000000,0
2025-03-12 12:00:00,0.237,0.237,0.237,0.237,95.00000000,1741795199999,22.51500000,1,0.00000000,0.00000000,0
2025-03-12 16:00:00,0.237,0.237,0.237,0.237,0.00000000,1741809599999,0.00000000,0,0.00000000,0.00000000,0
2025-03-12 20:00:00,0.237,0.237,0.237,0.237,0.00000000,1741823999999,0.00000000,0,0.00000000,0.00000000,0
2025-03-13 00:00:00,0.237,0.237,0.237,0.237,0.00000000,1741838399999,0.00000000,0,0.00000000,0.00000000,0
2025-03-13 04:00:00,0.237,0.237,0.237,0.237,0.00000000,1741852799999,0.00000000,0,0.00000000,0.00000000,0
2025-03-13 08:00:00,0.258,0.258,0.258,0.258,5.20000000,1741867199999,1.34160000,1,5.20000000,1.34160000,0
2025-03-13 12:00:00,0.258,0.258,0.258,0.258,0.00000000,1741881599999,0.00000000,0,0.00000000,0.00000000,0
2025-03-13 16:00:00,0.258,0.258,0.258,0.258,0.00000000,1741895999999,0.00000000,0,0.00000000,0.00000000,0
2025-03-13 20:00:00,0.258,0.258,0.258,0.258,0.00000000,1741910399999,0.00000000,0,0.00000000,0.00000000,0
2025-03-14 00:00:00,0.258,0.258,0.258,0.258,0.00000000,1741924799999,0.00000000,0,0.00000000,0.00000000,0
2025-03-14 04:00:00,0.258,0.258,0.258,0.258,0.00000000,1741939199999,0.00000000,0,0.00000000,0.00000000,0
2025-03-14 08:00:00,0.258,0.258,0.258,0.258,0.00000000,1741953599999,0.00000000,0,0.00000000,0.00000000,0
2025-03-14 12:00:00,0.258,0.258,0.258,0.258,0.00000000,1741967999999,0.00000000,0,0.00000000,0.00000000,0
2025-03-14 16:00:00,0.258,0.258,0.258,0.258,0.00000000,1741982399999,0.00000000,0,0.00000000,0.00000000,0
2025-03-14 20:00:00,0.258,0.258,0.258,0.258,0.00000000,1741996799999,0.00000000,0,0.00000000,0.00000000,0
2025-03-15 00:00:00,0.258,0.258,0.258,0.258,0.00000000,1742011199999,0.00000000,0,0.00000000,0.00000000,0
2025-03-15 04:00:00,0.258,0.258,0.258,0.258,0.00000000,1742025599999,0.00000000,0,0.00000000,0.00000000,0
2025-03-15 08:00:00,0.258,0.258,0.258,0.258,0.00000000,1742039999999,0.00000000,0,0.00000000,0.00000000,0
2025-03-15 12:00:00,0.258,0.258,0.258,0.258,0.00000000,1742054399999,0.00000000,0,0.00000000,0.00000000,0
2025-03-15 16:00:00,0.258,0.258,0.258,0.258,0.00000000,1742068799999,0.00000000,0,0.00000000,0.00000000,0
2025-03-15 20:00:00,0.258,0.258,0.258,0.258,0.00000000,1742083199999,0.00000000,0,0.00000000,0.00000000,0
2025-03-16 00:00:00,0.259,0.259,0.259,0.259,10.20000000,1742097599999,2.64180000,2,10.20000000,2.64180000,0
2025-03-16 04:00:00,0.259,0.259,0.259,0.259,0.00000000,1742111999999,0.00000000,0,0.00000000,0.00000000,0
2025-03-16 08:00:00,0.238,0.238,0.238,0.238,37.00000000,1742126399999,8.80600000,1,0.00000000,0.00000000,0
2025-03-16 12:00:00,0.238,0.238,0.238,0.238,10.80000000,1742140799999,2.57040000,1,0.00000000,0.00000000,0
2025-03-16 16:00:00,0.238,0.238,0.238,0.238,0.00000000,1742155199999,0.00000000,0,0.00000000,0.00000000,0
2025-03-16 20:00:00,0.238,0.238,0.238,0.238,0.00000000,1742169599999,0.00000000,0,0.00000000,0.00000000,0
2025-03-17 00:00:00,0.238,0.238,0.238,0.238,0.00000000,1742183999999,0.00000000,0,0.00000000,0.00000000,0
2025-03-17 04:00:00,0.238,0.238,0.238,0.238,0.00000000,1742198399999,0.00000000,0,0.00000000,0.00000000,0
2025-03-17 08:00:00,0.238,0.238,0.238,0.238,0.00000000,1742212799999,0.00000000,0,0.00000000,0.00000000,0
2025-03-17 12:00:00,0.238,0.238,0.238,0.238,0.00000000,1742227199999,0.00000000,0,0.00000000,0.00000000,0
2025-03-17 16:00:00,0.238,0.238,0.238,0.238,0.00000000,1742241599999,0.00000000,0,0.00000000,0.00000000,0
2025-03-17 20:00:00,0.238,0.238,0.238,0.238,0.00000000,1742255999999,0.00000000,0,0.00000000,0.00000000,0
2025-03-18 00:00:00,0.238,0.238,0.238,0.238,0.00000000,1742270399999,0.00000000,0,0.00000000,0.00000000,0
2025-03-18 04:00:00,0.238,0.238,0.238,0.238,0.00000000,1742284799999,0.00000000,0,0.00000000,0.00000000,0
2025-03-18 08:00:00,0.259,0.283,0.259,0.261,324.40000000,1742299199999,87.14930000,6,157.00000000,42.71350000,0
2025-03-18 12:00:00,0.292,0.3,0.267,0.289,20789.00000000,1742313599999,6224.84300000,30,20058.20000000,6013.64180000,0
2025-03-18 16:00:00,0.3,0.3,0.3,0.3,54154.10000000,1742327999999,16246.23000000,16,54154.10000000,16246.23000000,0
2025-03-18 20:00:00,0.303,0.332,0.303,0.331,43.00000000,1742342399999,13.98620000,5,34.00000000,11.00720000,0
2025-03-19 00:00:00,0.314,0.332,0.313,0.323,92.60000000,1742356799999,29.41140000,6,92.60000000,29.41140000,0
2025-03-19 04:00:00,0.313,0.313,0.313,0.313,23.10000000,1742371199999,7.23030000,1,23.10000000,7.23030000,0
2025-03-19 08:00:00,0.27,0.27,0.269,0.269,59.60000000,1742385599999,16.06940000,2,0.00000000,0.00000000,0
2025-03-19 12:00:00,0.29,0.29,0.269,0.269,634.00000000,1742399999999,173.07630000,8,143.20000000,40.58930000,0
2025-03-19 16:00:00,0.269,0.269,0.269,0.269,0.00000000,1742414399999,0.00000000,0,0.00000000,0.00000000,0
2025-03-19 20:00:00,0.269,0.269,0.269,0.269,23.50000000,1742428799999,6.32150000,2,0.00000000,0.00000000,0
2025-03-20 00:00:00,0.269,0.269,0.269,0.269,0.00000000,1742443199999,0.00000000,0,0.00000000,0.00000000,0
2025-03-20 04:00:00,0.269,0.269,0.269,0.269,0.00000000,1742457599999,0.00000000,0,0.00000000,0.00000000,0
2025-03-20 08:00:00,0.269,0.269,0.269,0.269,5.10000000,1742471999999,1.37190000,1,0.00000000,0.00000000,0
2025-03-20 12:00:00,0.269,0.269,0.269,0.269,0.00000000,1742486399999,0.00000000,0,0.00000000,0.00000000,0
2025-03-20 16:00:00,0.27,0.294,0.27,0.294,136.60000000,1742500799999,37.85640000,5,40.60000000,11.93640000,0
2025-03-20 20:00:00,0.29,0.29,0.27,0.27,67.60000000,1742515199999,18.52400000,3,13.60000000,3.94400000,0
2025-03-21 00:00:00,0.27,0.27,0.27,0.27,0.00000000,1742529599999,0.00000000,0,0.00000000,0.00000000,0
2025-03-21 04:00:00,0.269,0.269,0.269,0.269,8268.00000000,1742543999999,2224.09200000,23,0.00000000,0.00000000,0
2025-03-21 08:00:00,0.269,0.269,0.269,0.269,239.40000000,1742558399999,64.39860000,2,0.00000000,0.00000000,0
2025-03-21 12:00:00,0.269,0.269,0.269,0.269,0.00000000,1742572799999,0.00000000,0,0.00000000,0.00000000,0
2025-03-21 16:00:00,0.269,0.269,0.269,0.269,0.00000000,1742587199999,0.00000000,0,0.00000000,0.00000000,0
2025-03-21 20:00:00,0.268,0.27,0.238,0.239,1874.00000000,1742601599999,483.32380000,16,912.60000000,245.55970000,0
2025-03-22 00:00:00,0.238,0.238,0.238,0.238,6.00000000,1742615999999,1.42800000,1,0.00000000,0.00000000,0
2025-03-22 04:00:00,0.238,0.238,0.238,0.238,0.00000000,1742630399999,0.00000000,0,0.00000000,0.00000000,0
2025-03-22 08:00:00,0.239,0.241,0.239,0.241,210.30000000,1742644799999,50.40910000,5,5.20000000,1.25320000,0
2025-03-22 12:00:00,0.243,0.272,0.243,0.248,288.80000000,1742659199999,74.98200000,15,63.60000000,17.14840000,0
2025-03-22 16:00:00,0.25,0.282,0.246,0.282,250.50000000,1742673599999,66.70180000,18,224.60000000,60.33040000,0
2025-03-22 20:00:00,0.279,0.29,0.279,0.29,376.80000000,1742687999999,107.03280000,9,371.60000000,105.56640000,0
2025-03-23 00:00:00,0.29,0.29,0.29,0.29,0.00000000,1742702399999,0.00000000,0,0.00000000,0.00000000,0
2025-03-23 04:00:00,0.29,0.29,0.29,0.29,0.00000000,1742716799999,0.00000000,0,0.00000000,0.00000000,0
2025-03-23 08:00:00,0.293,0.295,0.293,0.295,163.20000000,1742731199999,48.12200000,3,163.20000000,48.12200000,0
2025-03-23 12:00:00,0.295,0.295,0.295,0.295,0.00000000,1742745599999,0.00000000,0,0.00000000,0.00000000,0
2025-03-23 16:00:00,0.295,0.295,0.295,0.295,0.00000000,1742759999999,0.00000000,0,0.00000000,0.00000000,0
2025-03-23 20:00:00,0.294,0.294,0.294,0.294,6.60000000,1742774399999,1.94040000,1,6.60000000,1.94040000,0
2025-03-24 00:00:00,0.294,0.294,0.294,0.294,0.00000000,1742788799999,0.00000000,0,0.00000000,0.00000000,0
2025-03-24 04:00:00,0.294,0.294,0.294,0.294,0.00000000,1742803199999,0.00000000,0,0.00000000,0.00000000,0
2025-03-24 08:00:00,0.294,0.294,0.294,0.294,0.00000000,1742817599999,0.00000000,0,0.00000000,0.00000000,0
2025-03-24 12:00:00,0.272,0.272,0.272,0.272,122.10000000,1742831999999,33.21120000,3,0.00000000,0.00000000,0
2025-03-24 16:00:00,0.272,0.272,0.272,0.272,0.00000000,1742846399999,0.00000000,0,0.00000000,0.00000000,0
2025-03-24 20:00:00,0.274,0.274,0.274,0.274,88.30000000,1742860799999,24.19420000,4,0.00000000,0.00000000,0
2025-03-25 00:00:00,0.274,0.274,0.274,0.274,0.00000000,1742875199999,0.00000000,0,0.00000000,0.00000000,0
2025-03-25 04:00:00,0.274,0.274,0.274,0.274,0.00000000,1742889599999,0.00000000,0,0.00000000,0.00000000,0
2025-03-25 08:00:00,0.274,0.274,0.274,0.274,0.00000000,1742903999999,0.00000000,0,0.00000000,0.00000000,0
2025-03-25 12:00:00,0.274,0.274,0.274,0.274,0.00000000,1742918399999,0.00000000,0,0.00000000,0.00000000,0
2025-03-25 16:00:00,0.274,0.274,0.274,0.274,0.00000000,1742932799999,0.00000000,0,0.00000000,0.00000000,0
2025-03-25 20:00:00,0.274,0.274,0.274,0.274,0.00000000,1742947199999,0.00000000,0,0.00000000,0.00000000,0
2025-03-26 00:00:00,0.274,0.274,0.274,0.274,0.00000000,1742961599999,0.00000000,0,0.00000000,0.00000000,0
2025-03-26 04:00:00,0.274,0.274,0.274,0.274,0.00000000,1742975999999,0.00000000,0,0.00000000,0.00000000,0
2025-03-26 08:00:00,0.274,0.274,0.274,0.274,0.00000000,1742990399999,0.00000000,0,0.00000000,0.00000000,0
2025-03-26 12:00:00,0.274,0.274,0.271,0.271,38.00000000,1743004799999,10.39700000,2,0.00000000,0.00000000,0
2025-03-26 16:00:00,0.271,0.271,0.271,0.271,0.00000000,1743019199999,0.00000000,0,0.00000000,0.00000000,0
2025-03-26 20:00:00,0.271,0.271,0.271,0.271,0.00000000,1743033599999,0.00000000,0,0.00000000,0.00000000,0
2025-03-27 00:00:00,0.294,0.294,0.294,0.294,57.40000000,1743047999999,16.87560000,2,57.40000000,16.87560000,0
2025-03-27 04:00:00,0.294,0.294,0.294,0.294,0.00000000,1743062399999,0.00000000,0,0.00000000,0.00000000,0
2025-03-27 08:00:00,0.294,0.323,0.286,0.286,295.80000000,1743076799999,90.64630000,19,230.10000000,70.93570000,0
2025-03-27 12:00:00,0.286,0.286,0.286,0.286,349.30000000,1743091199999,99.89980000,1,349.30000000,99.89980000,0
2025-03-27 16:00:00,0.286,0.286,0.286,0.286,5.60000000,1743105599999,1.60160000,1,5.60000000,1.60160000,0
2025-03-27 20:00:00,0.286,0.286,0.286,0.286,0.00000000,1743119999999,0.00000000,0,0.00000000,0.00000000,0
2025-03-28 00:00:00,0.286,0.286,0.286,0.286,0.00000000,1743134399999,0.00000000,0,0.00000000,0.00000000,0
2025-03-28 04:00:00,0.286,0.286,0.286,0.286,0.00000000,1743148799999,0.00000000,0,0.00000000,0.00000000,0
2025-03-28 08:00:00,0.286,0.286,0.286,0.286,0.00000000,1743163199999,0.00000000,0,0.00000000,0.00000000,0
2025-03-28 12:00:00,0.286,0.286,0.286,0.286,0.00000000,1743177599999,0.00000000,0,0.00000000,0.00000000,0
2025-03-28 16:00:00,0.286,0.286,0.286,0.286,323.70000000,1743191999999,92.57820000,3,0.00000000,0.00000000,0
2025-03-28 20:00:00,0.286,0.286,0.286,0.286,0.00000000,1743206399999,0.00000000,0,0.00000000,0.00000000,0
2025-03-29 00:00:00,0.286,0.286,0.286,0.286,0.00000000,1743220799999,0.00000000,0,0.00000000,0.00000000,0
2025-03-29 04:00:00,0.31,0.31,0.31,0.31,86.20000000,1743235199999,26.72200000,1,86.20000000,26.72200000,0
2025-03-29 08:00:00,0.31,0.312,0.286,0.286,552.90000000,1743249599999,169.14260000,9,170.50000000,53.02020000,0
2025-03-29 12:00:00,0.286,0.286,0.286,0.286,0.00000000,1743263999999,0.00000000,0,0.00000000,0.00000000,0
2025-03-29 16:00:00,0.286,0.286,0.286,0.286,0.00000000,1743278399999,0.00000000,0,0.00000000,0.00000000,0
2025-03-29 20:00:00,0.286,0.286,0.286,0.286,0.00000000,1743292799999,0.00000000,0,0.00000000,0.00000000,0
2025-03-30 00:00:00,0.286,0.286,0.286,0.286,0.00000000,1743307199999,0.00000000,0,0.00000000,0.00000000,0
2025-03-30 04:00:00,0.286,0.286,0.286,0.286,0.00000000,1743321599999,0.00000000,0,0.00000000,0.00000000,0
2025-03-30 08:00:00,0.286,0.286,0.286,0.286,4.80000000,1743335999999,1.37280000,1,0.00000000,0.00000000,0
2025-03-30 12:00:00,0.326,0.33,0.326,0.33,1899.00000000,1743350399999,626.64920000,15,1899.00000000,626.64920000,0
2025-03-30 16:00:00,0.317,0.317,0.317,0.317,4.00000000,1743364799999,1.26800000,1,4.00000000,1.26800000,0
2025-03-30 20:00:00,0.317,0.317,0.317,0.317,0.00000000,1743379199999,0.00000000,0,0.00000000,0.00000000,0
2025-03-31 00:00:00,0.317,0.317,0.317,0.317,0.00000000,1743393599999,0.00000000,0,0.00000000,0.00000000,0
2025-03-31 04:00:00,0.313,0.313,0.313,0.313,10.00000000,1743407999999,3.13000000,1,10.00000000,3.13000000,0
2025-03-31 08:00:00,0.313,0.313,0.313,0.313,0.00000000,1743422399999,0.00000000,0,0.00000000,0.00000000,0
2025-03-31 12:00:00,0.286,0.286,0.285,0.285,165.80000000,1743436799999,47.28360000,6,0.00000000,0.00000000,0
2025-03-31 16:00:00,0.285,0.285,0.285,0.285,0.00000000,1743451199999,0.00000000,0,0.00000000,0.00000000,0
2025-03-31 20:00:00,0.285,0.285,0.285,0.285,0.00000000,1743465599999,0.00000000,0,0.00000000,0.00000000,0
2025-04-01 00:00:00,0.285,0.285,0.285,0.285,0.00000000,1743479999999,0.00000000,0,0.00000000,0.00000000,0
2025-04-01 04:00:00,0.285,0.285,0.285,0.285,0.00000000,1743494399999,0.00000000,0,0.00000000,0.00000000,0
2025-04-01 08:00:00,0.285,0.285,0.285,0.285,0.00000000,1743508799999,0.00000000,0,0.00000000,0.00000000,0
2025-04-01 12:00:00,0.285,0.285,0.285,0.285,0.00000000,1743523199999,0.00000000,0,0.00000000,0.00000000,0
2025-04-01 16:00:00,0.285,0.285,0.285,0.285,0.00000000,1743537599999,0.00000000,0,0.00000000,0.00000000,0
2025-04-01 20:00:00,0.285,0.285,0.285,0.285,0.00000000,1743551999999,0.00000000,0,0.00000000,0.00000000,0
2025-04-02 00:00:00,0.285,0.285,0.285,0.285,0.00000000,1743566399999,0.00000000,0,0.00000000,0.00000000,0
2025-04-02 04:00:00,0.285,0.285,0.285,0.285,0.00000000,1743580799999,0.00000000,0,0.00000000,0.00000000,0
2025-04-02 08:00:00,0.285,0.285,0.285,0.285,0.00000000,1743595199999,0.00000000,0,0.00000000,0.00000000,0
2025-04-02 12:00:00,0.285,0.285,0.285,0.285,0.00000000,1743609599999,0.00000000,0,0.00000000,0.00000000,0
2025-04-02 16:00:00,0.3,0.3,0.243,0.297,324.70000000,1743623999999,95.92850000,24,205.20000000,61.27400000,0
2025-04-02 20:00:00,0.3,0.349,0.285,0.285,216.90000000,1743638399999,65.59130000,9,151.60000000,46.93120000,0
2025-04-03 00:00:00,0.285,0.285,0.285,0.285,0.00000000,1743652799999,0.00000000,0,0.00000000,0.00000000,0
2025-04-03 04:00:00,0.285,0.285,0.285,0.285,0.00000000,1743667199999,0.00000000,0,0.00000000,0.00000000,0
2025-04-03 08:00:00,0.289,0.289,0.289,0.289,6.90000000,1743681599999,1.99410000,1,0.00000000,0.00000000,0
2025-04-03 12:00:00,0.289,0.289,0.289,0.289,0.00000000,1743695999999,0.00000000,0,0.00000000,0.00000000,0
2025-04-03 16:00:00,0.289,0.289,0.289,0.289,0.00000000,1743710399999,0.00000000,0,0.00000000,0.00000000,0
2025-04-03 20:00:00,0.289,0.289,0.289,0.289,0.00000000,1743724799999,0.00000000,0,0.00000000,0.00000000,0
2025-04-04 00:00:00,0.289,0.289,0.289,0.289,0.00000000,1743739199999,0.00000000,0,0.00000000,0.00000000,0
2025-04-04 04:00:00,0.289,0.289,0.289,0.289,0.00000000,1743753599999,0.00000000,0,0.00000000,0.00000000,0
2025-04-04 08:00:00,0.289,0.289,0.289,0.289,0.00000000,1743767999999,0.00000000,0,0.00000000,0.00000000,0
2025-04-04 12:00:00,0.289,0.289,0.289,0.289,0.00000000,1743782399999,0.00000000,0,0.00000000,0.00000000,0
2025-04-04 16:00:00,0.289,0.289,0.289,0.289,0.00000000,1743796799999,0.00000000,0,0.00000000,0.00000000,0
2025-04-04 20:00:00,0.289,0.289,0.289,0.289,0.00000000,1743811199999,0.00000000,0,0.00000000,0.00000000,0
2025-04-05 00:00:00,0.289,0.289,0.289,0.289,0.00000000,1743825599999,0.00000000,0,0.00000000,0.00000000,0
2025-04-05 04:00:00,0.303,0.303,0.303,0.303,3.50000000,1743839999999,1.06050000,1,3.50000000,1.06050000,0
2025-04-05 08:00:00,0.303,0.303,0.303,0.303,0.00000000,1743854399999,0.00000000,0,0.00000000,0.00000000,0
2025-04-05 12:00:00,0.303,0.303,0.303,0.303,0.00000000,1743868799999,0.00000000,0,0.00000000,0.00000000,0
2025-04-05 16:00:00,0.303,0.303,0.303,0.303,0.00000000,1743883199999,0.00000000,0,0.00000000,0.00000000,0
2025-04-05 20:00:00,0.303,0.303,0.303,0.303,0.00000000,1743897599999,0.00000000,0,0.00000000,0.00000000,0
2025-04-06 00:00:00,0.303,0.303,0.303,0.303,0.00000000,1743911999999,0.00000000,0,0.00000000,0.00000000,0
2025-04-06 04:00:00,0.303,0.303,0.303,0.303,0.00000000,1743926399999,0.00000000,0,0.00000000,0.00000000,0
2025-04-06 08:00:00,0.303,0.303,0.303,0.303,0.00000000,1743940799999,0.00000000,0,0.00000000,0.00000000,0
2025-04-06 12:00:00,0.303,0.303,0.303,0.303,0.00000000,1743955199999,0.00000000,0,0.00000000,0.00000000,0
2025-04-06 16:00:00,0.303,0.303,0.303,0.303,0.00000000,1743969599999,0.00000000,0,0.00000000,0.00000000,0
2025-04-06 20:00:00,0.3,0.3,0.3,0.3,3.50000000,1743983999999,1.05000000,1,0.00000000,0.00000000,0
2025-04-07 00:00:00,0.3,0.3,0.3,0.3,0.00000000,1743998399999,0.00000000,0,0.00000000,0.00000000,0
2025-04-07 04:00:00,0.3,0.3,0.3,0.3,0.00000000,1744012799999,0.00000000,0,0.00000000,0.00000000,0
2025-04-07 08:00:00,0.3,0.3,0.3,0.3,0.00000000,1744027199999,0.00000000,0,0.00000000,0.00000000,0
2025-04-07 12:00:00,0.3,0.3,0.3,0.3,0.00000000,1744041599999,0.00000000,0,0.00000000,0.00000000,0
2025-04-07 16:00:00,0.3,0.3,0.3,0.3,0.00000000,1744055999999,0.00000000,0,0.00000000,0.00000000,0
2025-04-07 20:00:00,0.3,0.3,0.3,0.3,0.00000000,1744070399999,0.00000000,0,0.00000000,0.00000000,0
2025-04-08 00:00:00,0.3,0.3,0.3,0.3,0.00000000,1744084799999,0.00000000,0,0.00000000,0.00000000,0
2025-04-08 04:00:00,0.299,0.299,0.299,0.299,166.70000000,1744099199999,49.84330000,1,166.70000000,49.84330000,0
2025-04-08 08:00:00,0.299,0.299,0.299,0.299,0.00000000,1744113599999,0.00000000,0,0.00000000,0.00000000,0
2025-04-08 12:00:00,0.286,0.286,0.285,0.285,165.60000000,1744127999999,47.34140000,2,0.00000000,0.00000000,0
2025-04-08 16:00:00,0.3,0.303,0.3,0.303,1892.20000000,1744142399999,567.67050000,8,1892.20000000,567.67050000,0
2025-04-08 20:00:00,0.303,0.303,0.303,0.303,0.00000000,1744156799999,0.00000000,0,0.00000000,0.00000000,0
2025-04-09 00:00:00,0.303,0.303,0.303,0.303,0.00000000,1744171199999,0.00000000,0,0.00000000,0.00000000,0
2025-04-09 04:00:00,0.285,0.285,0.285,0.285,86.90000000,1744185599999,24.76650000,1,0.00000000,0.00000000,0
2025-04-09 08:00:00,0.285,0.285,0.285,0.285,0.00000000,1744199999999,0.00000000,0,0.00000000,0.00000000,0
2025-04-09 12:00:00,0.269,0.3,0.263,0.263,1084.80000000,1744214399999,302.42030000,13,539.90000000,156.35580000,0
2025-04-09 16:00:00,0.27,0.285,0.27,0.285,36.40000000,1744228799999,10.09840000,7,36.40000000,10.09840000,0
2025-04-09 20:00:00,0.288,0.288,0.286,0.286,8.70000000,1744243199999,2.49860000,2,5.20000000,1.49760000,0
2025-04-10 00:00:00,0.29,0.29,0.29,0.29,5.20000000,1744257599999,1.50800000,1,5.20000000,1.50800000,0
2025-04-10 04:00:00,0.29,0.29,0.29,0.29,0.00000000,1744271999999,0.00000000,0,0.00000000,0.00000000,0
2025-04-10 08:00:00,0.29,0.29,0.29,0.29,0.00000000,1744286399999,0.00000000,0,0.00000000,0.00000000,0
2025-04-10 12:00:00,0.29,0.29,0.29,0.29,0.00000000,1744300799999,0.00000000,0,0.00000000,0.00000000,0
2025-04-10 16:00:00,0.29,0.29,0.29,0.29,0.00000000,1744315199999,0.00000000,0,0.00000000,0.00000000,0
2025-04-10 20:00:00,0.29,0.29,0.29,0.29,0.00000000,1744329599999,0.00000000,0,0.00000000,0.00000000,0
2025-04-11 00:00:00,0.29,0.29,0.29,0.29,0.00000000,1744343999999,0.00000000,0,0.00000000,0.00000000,0
2025-04-11 04:00:00,0.272,0.272,0.272,0.272,14.20000000,1744358399999,3.86240000,1,0.00000000,0.00000000,0
2025-04-11 08:00:00,0.272,0.272,0.272,0.272,0.00000000,1744372799999,0.00000000,0,0.00000000,0.00000000,0
2025-04-11 12:00:00,0.293,0.293,0.293,0.293,5.20000000,1744387199999,1.52360000,1,5.20000000,1.52360000,0
2025-04-11 16:00:00,0.293,0.293,0.293,0.293,0.00000000,1744401599999,0.00000000,0,0.00000000,0.00000000,0
2025-04-11 20:00:00,0.293,0.293,0.293,0.293,0.00000000,1744415999999,0.00000000,0,0.00000000,0.00000000,0
2025-04-12 00:00:00,0.293,0.293,0.293,0.293,0.00000000,1744430399999,0.00000000,0,0.00000000,0.00000000,0
2025-04-12 04:00:00,0.293,0.293,0.293,0.293,0.00000000,1744444799999,0.00000000,0,0.00000000,0.00000000,0
2025-04-12 08:00:00,0.293,0.293,0.293,0.293,0.00000000,1744459199999,0.00000000,0,0.00000000,0.00000000,0
2025-04-12 12:00:00,0.293,0.293,0.293,0.293,0.00000000,1744473599999,0.00000000,0,0.00000000,0.00000000,0
2025-04-12 16:00:00,0.293,0.293,0.293,0.293,0.00000000,1744487999999,0.00000000,0,0.00000000,0.00000000,0
2025-04-12 20:00:00,0.293,0.293,0.293,0.293,0.00000000,1744502399999,0.00000000,0,0.00000000,0.00000000,0
2025-04-13 00:00:00,0.293,0.293,0.293,0.293,0.00000000,1744516799999,0.00000000,0,0.00000000,0.00000000,0
2025-04-13 04:00:00,0.293,0.293,0.293,0.293,0.00000000,1744531199999,0.00000000,0,0.00000000,0.00000000,0
2025-04-13 08:00:00,0.293,0.293,0.293,0.293,0.00000000,1744545599999,0.00000000,0,0.00000000,0.00000000,0
2025-04-13 12:00:00,0.276,0.277,0.276,0.277,44.90000000,1744559999999,12.39740000,2,0.00000000,0.00000000,0
2025-04-13 16:00:00,0.277,0.277,0.277,0.277,0.00000000,1744574399999,0.00000000,0,0.00000000,0.00000000,0
2025-04-13 20:00:00,0.277,0.277,0.277,0.277,0.00000000,1744588799999,0.00000000,0,0.00000000,0.00000000,0
2025-04-14 00:00:00,0.277,0.277,0.277,0.277,0.00000000,1744603199999,0.00000000,0,0.00000000,0.00000000,0
2025-04-14 04:00:00,0.277,0.277,0.277,0.277,0.00000000,1744617599999,0.00000000,0,0.00000000,0.00000000,0
2025-04-14 08:00:00,0.277,0.277,0.277,0.277,0.00000000,1744631999999,0.00000000,0,0.00000000,0.00000000,0
2025-04-14 12:00:00,0.277,0.277,0.277,0.277,0.00000000,1744646399999,0.00000000,0,0.00000000,0.00000000,0
2025-04-14 16:00:00,0.277,0.277,0.277,0.277,0.00000000,1744660799999,0.00000000,0,0.00000000,0.00000000,0
2025-04-14 20:00:00,0.277,0.277,0.277,0.277,0.00000000,1744675199999,0.00000000,0,0.00000000,0.00000000,0
2025-04-15 00:00:00,0.277,0.277,0.277,0.277,0.00000000,1744689599999,0.00000000,0,0.00000000,0.00000000,0
2025-04-15 04:00:00,0.277,0.277,0.277,0.277,0.00000000,1744703999999,0.00000000,0,0.00000000,0.00000000,0
2025-04-15 08:00:00,0.277,0.277,0.277,0.277,0.00000000,1744718399999,0.00000000,0,0.00000000,0.00000000,0
2025-04-15 12:00:00,0.277,0.277,0.277,0.277,0.00000000,1744732799999,0.00000000,0,0.00000000,0.00000000,0
2025-04-15 16:00:00,0.277,0.277,0.277,0.277,0.00000000,1744747199999,0.00000000,0,0.00000000,0.00000000,0
2025-04-15 20:00:00,0.277,0.277,0.277,0.277,0.00000000,1744761599999,0.00000000,0,0.00000000,0.00000000,0
2025-04-16 00:00:00,0.277,0.277,0.277,0.277,0.00000000,1744775999999,0.00000000,0,0.00000000,0.00000000,0
2025-04-16 04:00:00,0.277,0.277,0.277,0.277,0.00000000,1744790399999,0.00000000,0,0.00000000,0.00000000,0
2025-04-16 08:00:00,0.277,0.277,0.277,0.277,0.00000000,1744804799999,0.00000000,0,0.00000000,0.00000000,0
2025-04-16 12:00:00,0.277,0.277,0.277,0.277,0.00000000,1744819199999,0.00000000,0,0.00000000,0.00000000,0
2025-04-16 16:00:00,0.277,0.277,0.277,0.277,0.00000000,1744833599999,0.00000000,0,0.00000000,0.00000000,0
2025-04-16 20:00:00,0.277,0.277,0.277,0.277,0.00000000,1744847999999,0.00000000,0,0.00000000,0.00000000,0
2025-04-17 00:00:00,0.289,0.289,0.276,0.276,191.90000000,1744862399999,54.24360000,3,98.40000000,28.43760000,0
2025-04-17 04:00:00,0.276,0.276,0.276,0.276,0.00000000,1744876799999,0.00000000,0,0.00000000,0.00000000,0
2025-04-17 08:00:00,0.289,0.289,0.289,0.289,4.00000000,1744891199999,1.15600000,1,4.00000000,1.15600000,0
2025-04-17 12:00:00,0.276,0.276,0.273,0.273,68.40000000,1744905599999,18.70560000,2,0.00000000,0.00000000,0
2025-04-17 16:00:00,0.273,0.273,0.273,0.273,0.00000000,1744919999999,0.00000000,0,0.00000000,0.00000000,0
2025-04-17 20:00:00,0.273,0.273,0.273,0.273,0.00000000,1744934399999,0.00000000,0,0.00000000,0.00000000,0
2025-04-18 00:00:00,0.273,0.273,0.273,0.273,0.00000000,1744948799999,0.00000000,0,0.00000000,0.00000000,0
2025-04-18 04:00:00,0.273,0.273,0.273,0.273,0.00000000,1744963199999,0.00000000,0,0.00000000,0.00000000,0
2025-04-18 08:00:00,0.272,0.272,0.272,0.272,4.70000000,1744977599999,1.27840000,1,0.00000000,0.00000000,0
2025-04-18 12:00:00,0.272,0.272,0.272,0.272,0.00000000,1744991999999,0.00000000,0,0.00000000,0.00000000,0
2025-04-18 16:00:00,0.272,0.272,0.272,0.272,0.00000000,1745006399999,0.00000000,0,0.00000000,0.00000000,0
2025-04-18 20:00:00,0.272,0.272,0.272,0.272,73.20000000,1745020799999,19.91040000,1,0.00000000,0.00000000,0
2025-04-19 00:00:00,0.272,0.272,0.272,0.272,0.00000000,1745035199999,0.00000000,0,0.00000000,0.00000000,0
2025-04-19 04:00:00,0.272,0.272,0.272,0.272,0.00000000,1745049599999,0.00000000,0,0.00000000,0.00000000,0
2025-04-19 08:00:00,0.272,0.272,0.272,0.272,0.00000000,1745063999999,0.00000000,0,0.00000000,0.00000000,0
2025-04-19 12:00:00,0.272,0.272,0.272,0.272,0.00000000,1745078399999,0.00000000,0,0.00000000,0.00000000,0
2025-04-19 16:00:00,0.272,0.272,0.272,0.272,0.00000000,1745092799999,0.00000000,0,0.00000000,0.00000000,0
2025-04-19 20:00:00,0.272,0.272,0.272,0.272,0.00000000,1745107199999,0.00000000,0,0.00000000,0.00000000,0
2025-04-20 00:00:00,0.25,0.25,0.246,0.246,10.80000000,1745121599999,2.67280000,2,0.00000000,0.00000000,0
2025-04-20 04:00:00,0.246,0.246,0.246,0.246,0.00000000,1745135999999,0.00000000,0,0.00000000,0.00000000,0
2025-04-20 08:00:00,0.288,0.288,0.206,0.28,261.50000000,1745150399999,68.26170000,35,132.60000000,34.17190000,0
2025-04-20 12:00:00,0.28,0.28,0.28,0.28,0.00000000,1745164799999,0.00000000,0,0.00000000,0.00000000,0
2025-04-20 16:00:00,0.28,0.28,0.28,0.28,0.00000000,1745179199999,0.00000000,0,0.00000000,0.00000000,0
2025-04-20 20:00:00,0.28,0.28,0.28,0.28,0.00000000,1745193599999,0.00000000,0,0.00000000,0.00000000,0
2025-04-21 00:00:00,0.28,0.28,0.28,0.28,0.00000000,1745207999999,0.00000000,0,0.00000000,0.00000000,0
2025-04-21 04:00:00,0.28,0.28,0.28,0.28,0.00000000,1745222399999,0.00000000,0,0.00000000,0.00000000,0
2025-04-21 08:00:00,0.28,0.28,0.28,0.28,0.00000000,1745236799999,0.00000000,0,0.00000000,0.00000000,0
2025-04-21 12:00:00,0.28,0.28,0.28,0.28,71.50000000,1745251199999,20.02000000,2,71.50000000,20.02000000,0
2025-04-21 16:00:00,0.28,0.28,0.28,0.28,0.00000000,1745265599999,0.00000000,0,0.00000000,0.00000000,0
2025-04-21 20:00:00,0.28,0.28,0.28,0.28,0.00000000,1745279999999,0.00000000,0,0.00000000,0.00000000,0
2025-04-22 00:00:00,0.28,0.28,0.28,0.28,0.00000000,1745294399999,0.00000000,0,0.00000000,0.00000000,0
2025-04-22 04:00:00,0.28,0.28,0.28,0.28,0.00000000,1745308799999,0.00000000,0,0.00000000,0.00000000,0
2025-04-22 08:00:00,0.28,0.28,0.28,0.28,0.00000000,1745323199999,0.00000000,0,0.00000000,0.00000000,0
2025-04-22 12:00:00,0.28,0.28,0.28,0.28,0.00000000,1745337599999,0.00000000,0,0.00000000,0.00000000,0
2025-04-22 16:00:00,0.284,0.295,0.284,0.295,208.90000000,1745351999999,61.52760000,4,208.90000000,61.52760000,0
2025-04-22 20:00:00,0.287,0.292,0.281,0.292,243.00000000,1745366399999,68.71960000,5,43.00000000,12.51960000,0
2025-04-23 00:00:00,0.292,0.292,0.292,0.292,0.00000000,1745380799999,0.00000000,0,0.00000000,0.00000000,0
2025-04-23 04:00:00,0.292,0.292,0.292,0.292,0.00000000,1745395199999,0.00000000,0,0.00000000,0.00000000,0
2025-04-23 08:00:00,0.292,0.292,0.292,0.292,0.00000000,1745409599999,0.00000000,0,0.00000000,0.00000000,0
2025-04-23 12:00:00,0.292,0.292,0.292,0.292,0.00000000,1745423999999,0.00000000,0,0.00000000,0.00000000,0
2025-04-23 16:00:00,0.292,0.292,0.292,0.292,0.00000000,1745438399999,0.00000000,0,0.00000000,0.00000000,0
2025-04-23 20:00:00,0.292,0.292,0.292,0.292,0.00000000,1745452799999,0.00000000,0,0.00000000,0.00000000,0
2025-04-24 00:00:00,0.292,0.292,0.292,0.292,0.00000000,1745467199999,0.00000000,0,0.00000000,0.00000000,0
2025-04-24 04:00:00,0.292,0.292,0.292,0.292,0.00000000,1745481599999,0.00000000,0,0.00000000,0.00000000,0
2025-04-24 08:00:00,0.292,0.292,0.292,0.292,0.00000000,1745495999999,0.00000000,0,0.00000000,0.00000000,0
2025-04-24 12:00:00,0.292,0.292,0.292,0.292,0.00000000,1745510399999,0.00000000,0,0.00000000,0.00000000,0
2025-04-24 16:00:00,0.292,0.292,0.292,0.292,0.00000000,1745524799999,0.00000000,0,0.00000000,0.00000000,0
2025-04-24 20:00:00,0.292,0.292,0.292,0.292,0.00000000,1745539199999,0.00000000,0,0.00000000,0.00000000,0
2025-04-25 00:00:00,0.292,0.292,0.292,0.292,0.00000000,1745553599999,0.00000000,0,0.00000000,0.00000000,0
2025-04-25 04:00:00,0.292,0.292,0.292,0.292,0.00000000,1745567999999,0.00000000,0,0.00000000,0.00000000,0
2025-04-25 08:00:00,0.292,0.292,0.292,0.292,0.00000000,1745582399999,0.00000000,0,0.00000000,0.00000000,0
2025-04-25 12:00:00,0.293,0.293,0.293,0.293,159.10000000,1745596799999,46.61630000,2,159.10000000,46.61630000,0
2025-04-25 16:00:00,0.293,0.293,0.293,0.293,0.00000000,1745611199999,0.00000000,0,0.00000000,0.00000000,0
2025-04-25 20:00:00,0.282,0.282,0.282,0.282,10.80000000,1745625599999,3.04560000,1,0.00000000,0.00000000,0
2025-04-26 00:00:00,0.294,0.302,0.294,0.302,19.50000000,1745639999999,5.84740000,2,19.50000000,5.84740000,0
2025-04-26 04:00:00,0.302,0.302,0.302,0.302,0.00000000,1745654399999,0.00000000,0,0.00000000,0.00000000,0
2025-04-26 08:00:00,0.302,0.302,0.302,0.302,0.00000000,1745668799999,0.00000000,0,0.00000000,0.00000000,0
2025-04-26 12:00:00,0.302,0.302,0.302,0.302,0.00000000,1745683199999,0.00000000,0,0.00000000,0.00000000,0
2025-04-26 16:00:00,0.302,0.302,0.302,0.302,0.00000000,1745697599999,0.00000000,0,0.00000000,0.00000000,0
2025-04-26 20:00:00,0.302,0.302,0.302,0.302,0.00000000,1745711999999,0.00000000,0,0.00000000,0.00000000,0
2025-04-27 00:00:00,0.302,0.302,0.302,0.302,0.00000000,1745726399999,0.00000000,0,0.00000000,0.00000000,0
2025-04-27 04:00:00,0.302,0.302,0.302,0.302,0.00000000,1745740799999,0.00000000,0,0.00000000,0.00000000,0
2025-04-27 08:00:00,0.302,0.302,0.302,0.302,0.00000000,1745755199999,0.00000000,0,0.00000000,0.00000000,0
2025-04-27 12:00:00,0.302,0.302,0.302,0.302,0.00000000,1745769599999,0.00000000,0,0.00000000,0.00000000,0
2025-04-27 16:00:00,0.302,0.302,0.302,0.302,0.00000000,1745783999999,0.00000000,0,0.00000000,0.00000000,0
2025-04-27 20:00:00,0.302,0.302,0.302,0.302,0.00000000,1745798399999,0.00000000,0,0.00000000,0.00000000,0
2025-04-28 00:00:00,0.302,0.302,0.302,0.302,0.00000000,1745812799999,0.00000000,0,0.00000000,0.00000000,0
2025-04-28 04:00:00,0.302,0.302,0.302,0.302,0.00000000,1745827199999,0.00000000,0,0.00000000,0.00000000,0
2025-04-28 08:00:00,0.302,0.302,0.302,0.302,0.00000000,1745841599999,0.00000000,0,0.00000000,0.00000000,0
2025-04-28 12:00:00,0.302,0.302,0.302,0.302,0.00000000,1745855999999,0.00000000,0,0.00000000,0.00000000,0
2025-04-28 16:00:00,0.302,0.302,0.302,0.302,0.00000000,1745870399999,0.00000000,0,0.00000000,0.00000000,0
2025-04-28 20:00:00,0.302,0.302,0.302,0.302,0.00000000,1745884799999,0.00000000,0,0.00000000,0.00000000,0
2025-04-29 00:00:00,0.302,0.302,0.302,0.302,0.00000000,1745899199999,0.00000000,0,0.00000000,0.00000000,0
2025-04-29 04:00:00,0.302,0.302,0.302,0.302,0.00000000,1745913599999,0.00000000,0,0.00000000,0.00000000,0
2025-04-29 08:00:00,0.302,0.302,0.302,0.302,0.00000000,1745927999999,0.00000000,0,0.00000000,0.00000000,0
2025-04-29 12:00:00,0.302,0.302,0.302,0.302,0.00000000,1745942399999,0.00000000,0,0.00000000,0.00000000,0
2025-04-29 16:00:00,0.302,0.302,0.302,0.302,0.00000000,1745956799999,0.00000000,0,0.00000000,0.00000000,0
2025-04-29 20:00:00,0.302,0.302,0.302,0.302,0.00000000,1745971199999,0.00000000,0,0.00000000,0.00000000,0
2025-04-30 00:00:00,0.302,0.302,0.302,0.302,0.00000000,1745985599999,0.00000000,0,0.00000000,0.00000000,0
2025-04-30 04:00:00,0.281,0.281,0.281,0.281,7.20000000,1745999999999,2.02320000,2,0.00000000,0.00000000,0
2025-04-30 08:00:00,0.281,0.281,0.281,0.281,3.60000000,1746014399999,1.01160000,1,0.00000000,0.00000000,0
2025-04-30 12:00:00,0.281,0.281,0.281,0.281,0.00000000,1746028799999,0.00000000,0,0.00000000,0.00000000,0
2025-04-30 16:00:00,0.281,0.281,0.281,0.281,0.00000000,1746043199999,0.00000000,0,0.00000000,0.00000000,0
2025-04-30 20:00:00,0.281,0.281,0.281,0.281,0.00000000,1746057599999,0.00000000,0,0.00000000,0.00000000,0
2025-05-01 00:00:00,0.281,0.281,0.281,0.281,0.00000000,1746071999999,0.00000000,0,0.00000000,0.00000000,0
2025-05-01 04:00:00,0.281,0.281,0.281,0.281,0.00000000,1746086399999,0.00000000,0,0.00000000,0.00000000,0
2025-05-01 08:00:00,0.281,0.281,0.281,0.281,0.00000000,1746100799999,0.00000000,0,0.00000000,0.00000000,0
2025-05-01 12:00:00,0.281,0.281,0.281,0.281,0.00000000,1746115199999,0.00000000,0,0.00000000,0.00000000,0
2025-05-01 16:00:00,0.283,0.283,0.283,0.283,786.00000000,1746129599999,222.43800000,7,0.00000000,0.00000000,0
2025-05-01 20:00:00,0.283,0.283,0.283,0.283,0.00000000,1746143999999,0.00000000,0,0.00000000,0.00000000,0
2025-05-02 00:00:00,0.283,0.283,0.283,0.283,0.00000000,1746158399999,0.00000000,0,0.00000000,0.00000000,0
2025-05-02 04:00:00,0.281,0.297,0.256,0.297,120.90000000,1746172799999,35.23880000,5,102.40000000,30.41280000,0
2025-05-02 08:00:00,0.297,0.297,0.297,0.297,0.00000000,1746187199999,0.00000000,0,0.00000000,0.00000000,0
2025-05-02 12:00:00,0.297,0.297,0.297,0.297,0.00000000,1746201599999,0.00000000,0,0.00000000,0.00000000,0
2025-05-02 16:00:00,0.297,0.297,0.297,0.297,0.00000000,1746215999999,0.00000000,0,0.00000000,0.00000000,0
2025-05-02 20:00:00,0.297,0.297,0.297,0.297,0.00000000,1746230399999,0.00000000,0,0.00000000,0.00000000,0
2025-05-03 00:00:00,0.297,0.297,0.297,0.297,0.00000000,1746244799999,0.00000000,0,0.00000000,0.00000000,0
2025-05-03 04:00:00,0.297,0.297,0.297,0.297,0.00000000,1746259199999,0.00000000,0,0.00000000,0.00000000,0
2025-05-03 08:00:00,0.297,0.297,0.297,0.297,0.00000000,1746273599999,0.00000000,0,0.00000000,0.00000000,0
2025-05-03 12:00:00,0.297,0.297,0.297,0.297,0.00000000,1746287999999,0.00000000,0,0.00000000,0.00000000,0
2025-05-03 16:00:00,0.297,0.297,0.297,0.297,0.00000000,1746302399999,0.00000000,0,0.00000000,0.00000000,0
2025-05-03 20:00:00,0.297,0.297,0.297,0.297,0.00000000,1746316799999,0.00000000,0,0.00000000,0.00000000,0
2025-05-04 00:00:00,0.297,0.297,0.297,0.297,0.00000000,1746331199999,0.00000000,0,0.00000000,0.00000000,0
2025-05-04 04:00:00,0.297,0.297,0.297,0.297,0.00000000,1746345599999,0.00000000,0,0.00000000,0.00000000,0
2025-05-04 08:00:00,0.297,0.297,0.297,0.297,0.00000000,1746359999999,0.00000000,0,0.00000000,0.00000000,0
2025-05-04 12:00:00,0.297,0.297,0.297,0.297,0.00000000,1746374399999,0.00000000,0,0.00000000,0.00000000,0
2025-05-04 16:00:00,0.297,0.297,0.297,0.297,0.00000000,1746388799999,0.00000000,0,0.00000000,0.00000000,0
2025-05-04 20:00:00,0.297,0.297,0.297,0.297,0.00000000,1746403199999,0.00000000,0,0.00000000,0.00000000,0
2025-05-05 00:00:00,0.297,0.297,0.297,0.297,0.00000000,1746417599999,0.00000000,0,0.00000000,0.00000000,0
2025-05-05 04:00:00,0.297,0.297,0.297,0.297,0.00000000,1746431999999,0.00000000,0,0.00000000,0.00000000,0
2025-05-05 08:00:00,0.297,0.297,0.297,0.297,0.00000000,1746446399999,0.00000000,0,0.00000000,0.00000000,0
2025-05-05 12:00:00,0.297,0.297,0.297,0.297,0.00000000,1746460799999,0.00000000,0,0.00000000,0.00000000,0
2025-05-05 16:00:00,0.297,0.297,0.297,0.297,0.00000000,1746475199999,0.00000000,0,0.00000000,0.00000000,0
2025-05-05 20:00:00,0.297,0.297,0.297,0.297,0.00000000,1746489599999,0.00000000,0,0.00000000,0.00000000,0
2025-05-06 00:00:00,0.297,0.297,0.297,0.297,0.00000000,1746503999999,0.00000000,0,0.00000000,0.00000000,0
2025-05-06 04:00:00,0.297,0.297,0.297,0.297,0.00000000,1746518399999,0.00000000,0,0.00000000,0.00000000,0
2025-05-06 08:00:00,0.297,0.297,0.297,0.297,0.00000000,1746532799999,0.00000000,0,0.00000000,0.00000000,0
2025-05-06 12:00:00,0.297,0.297,0.297,0.297,0.00000000,1746547199999,0.00000000,0,0.00000000,0.00000000,0
2025-05-06 16:00:00,0.297,0.297,0.297,0.297,0.00000000,1746561599999,0.00000000,0,0.00000000,0.00000000,0
2025-05-06 20:00:00,0.297,0.297,0.297,0.297,0.00000000,1746575999999,0.00000000,0,0.00000000,0.00000000,0
2025-05-07 00:00:00,0.297,0.297,0.297,0.297,0.00000000,1746590399999,0.00000000,0,0.00000000,0.00000000,0
2025-05-07 04:00:00,0.297,0.297,0.297,0.297,0.00000000,1746604799999,0.00000000,0,0.00000000,0.00000000,0
2025-05-07 08:00:00,0.297,0.297,0.297,0.297,0.00000000,1746619199999,0.00000000,0,0.00000000,0.00000000,0
2025-05-07 12:00:00,0.297,0.297,0.297,0.297,0.00000000,1746633599999,0.00000000,0,0.00000000,0.00000000,0
2025-05-07 16:00:00,0.297,0.297,0.297,0.297,0.00000000,1746647999999,0.00000000,0,0.00000000,0.00000000,0
2025-05-07 20:00:00,0.297,0.297,0.297,0.297,0.00000000,1746662399999,0.00000000,0,0.00000000,0.00000000,0
2025-05-08 00:00:00,0.297,0.297,0.297,0.297,0.00000000,1746676799999,0.00000000,0,0.00000000,0.00000000,0
2025-05-08 04:00:00,0.297,0.297,0.297,0.297,0.00000000,1746691199999,0.00000000,0,0.00000000,0.00000000,0
2025-05-08 08:00:00,0.264,0.279,0.264,0.279,166.80000000,1746705599999,44.88800000,3,166.80000000,44.88800000,0
2025-05-08 12:00:00,0.279,0.279,0.279,0.279,0.00000000,1746719999999,0.00000000,0,0.00000000,0.00000000,0
2025-05-08 16:00:00,0.279,0.279,0.279,0.279,0.00000000,1746734399999,0.00000000,0,0.00000000,0.00000000,0
2025-05-08 20:00:00,0.279,0.279,0.279,0.279,0.00000000,1746748799999,0.00000000,0,0.00000000,0.00000000,0
2025-05-09 00:00:00,0.279,0.279,0.279,0.279,0.00000000,1746763199999,0.00000000,0,0.00000000,0.00000000,0
2025-05-09 04:00:00,0.279,0.279,0.279,0.279,0.00000000,1746777599999,0.00000000,0,0.00000000,0.00000000,0
2025-05-09 08:00:00,0.279,0.279,0.279,0.279,196.40000000,1746791999999,54.79560000,2,196.40000000,54.79560000,0
2025-05-09 12:00:00,0.279,0.279,0.279,0.279,0.00000000,1746806399999,0.00000000,0,0.00000000,0.00000000,0
2025-05-09 16:00:00,0.279,0.279,0.279,0.279,0.00000000,1746820799999,0.00000000,0,0.00000000,0.00000000,0
2025-05-09 20:00:00,0.279,0.279,0.279,0.279,0.00000000,1746835199999,0.00000000,0,0.00000000,0.00000000,0
2025-05-10 00:00:00,0.28,0.28,0.28,0.28,24.30000000,1746849599999,6.80400000,1,0.00000000,0.00000000,0
2025-05-10 04:00:00,0.28,0.28,0.28,0.28,0.00000000,1746863999999,0.00000000,0,0.00000000,0.00000000,0
2025-05-10 08:00:00,0.28,0.28,0.28,0.28,154.90000000,1746878399999,43.37200000,1,0.00000000,0.00000000,0
2025-05-10 12:00:00,0.28,0.28,0.28,0.28,0.00000000,1746892799999,0.00000000,0,0.00000000,0.00000000,0
2025-05-10 16:00:00,0.28,0.28,0.28,0.28,0.00000000,1746907199999,0.00000000,0,0.00000000,0.00000000,0
2025-05-10 20:00:00,0.28,0.28,0.28,0.28,0.00000000,1746921599999,0.00000000,0,0.00000000,0.00000000,0
2025-05-11 00:00:00,0.273,0.273,0.273,0.273,307.00000000,1746935999999,83.81100000,2,0.00000000,0.00000000,0
2025-05-11 04:00:00,0.273,0.273,0.273,0.273,0.00000000,1746950399999,0.00000000,0,0.00000000,0.00000000,0
2025-05-11 08:00:00,0.273,0.273,0.273,0.273,0.00000000,1746964799999,0.00000000,0,0.00000000,0.00000000,0
2025-05-11 12:00:00,0.273,0.273,0.273,0.273,0.00000000,1746979199999,0.00000000,0,0.00000000,0.00000000,0
2025-05-11 16:00:00,0.273,0.273,0.273,0.273,0.00000000,1746993599999,0.00000000,0,0.00000000,0.00000000,0
2025-05-11 20:00:00,0.273,0.273,0.273,0.273,0.00000000,1747007999999,0.00000000,0,0.00000000,0.00000000,0
2025-05-12 00:00:00,0.273,0.273,0.273,0.273,0.00000000,1747022399999,0.00000000,0,0.00000000,0.00000000,0
2025-05-12 04:00:00,0.273,0.273,0.273,0.273,0.00000000,1747036799999,0.00000000,0,0.00000000,0.00000000,0
2025-05-12 08:00:00,0.299,0.299,0.299,0.299,668.80000000,1747051199999,199.97120000,1,668.80000000,199.97120000,0
2025-05-12 12:00:00,0.299,0.299,0.299,0.299,0.00000000,1747065599999,0.00000000,0,0.00000000,0.00000000,0
2025-05-12 16:00:00,0.299,0.299,0.299,0.299,0.00000000,1747079999999,0.00000000,0,0.00000000,0.00000000,0
2025-05-12 20:00:00,0.273,0.273,0.259,0.259,576.00000000,1747094399999,155.43510000,10,0.00000000,0.00000000,0
2025-05-13 00:00:00,0.259,0.259,0.259,0.259,0.00000000,1747108799999,0.00000000,0,0.00000000,0.00000000,0
2025-05-13 04:00:00,0.259,0.259,0.259,0.259,0.00000000,1747123199999,0.00000000,0,0.00000000,0.00000000,0
2025-05-13 08:00:00,0.264,0.264,0.264,0.264,4.80000000,1747137599999,1.26720000,1,0.00000000,0.00000000,0
2025-05-13 12:00:00,0.284,0.297,0.284,0.297,199.30000000,1747151999999,57.21810000,4,199.30000000,57.21810000,0
2025-05-13 16:00:00,0.297,0.297,0.297,0.297,0.00000000,1747166399999,0.00000000,0,0.00000000,0.00000000,0
2025-05-13 20:00:00,0.297,0.297,0.297,0.297,0.00000000,1747180799999,0.00000000,0,0.00000000,0.00000000,0
2025-05-14 00:00:00,0.297,0.297,0.297,0.297,0.00000000,1747195199999,0.00000000,0,0.00000000,0.00000000,0
2025-05-14 04:00:00,0.297,0.297,0.297,0.297,0.00000000,1747209599999,0.00000000,0,0.00000000,0.00000000,0
2025-05-14 08:00:00,0.297,0.297,0.297,0.297,0.00000000,1747223999999,0.00000000,0,0.00000000,0.00000000,0
2025-05-14 12:00:00,0.297,0.297,0.297,0.297,0.00000000,1747238399999,0.00000000,0,0.00000000,0.00000000,0
2025-05-14 16:00:00,0.297,0.297,0.297,0.297,0.00000000,1747252799999,0.00000000,0,0.00000000,0.00000000,0
2025-05-14 20:00:00,0.301,0.42,0.301,0.338,6098.60000000,1747267199999,2517.56510000,51,5793.80000000,2411.86630000,0
2025-05-15 00:00:00,0.358,0.42,0.358,0.42,8.20000000,1747281599999,2.98420000,3,8.20000000,2.98420000,0
2025-05-15 04:00:00,0.364,0.364,0.364,0.364,4.70000000,1747295999999,1.71080000,1,4.70000000,1.71080000,0
2025-05-15 08:00:00,0.364,0.364,0.364,0.364,0.00000000,1747310399999,0.00000000,0,0.00000000,0.00000000,0
2025-05-15 12:00:00,0.36,0.36,0.288,0.291,46.60000000,1747324799999,14.54130000,5,11.00000000,3.96000000,0
2025-05-15 16:00:00,0.289,0.289,0.288,0.288,201.80000000,1747339199999,58.25260000,3,0.00000000,0.00000000,0
2025-05-15 20:00:00,0.288,0.288,0.288,0.288,0.00000000,1747353599999,0.00000000,0,0.00000000,0.00000000,0
2025-05-16 00:00:00,0.288,0.288,0.288,0.288,0.00000000,1747367999999,0.00000000,0,0.00000000,0.00000000,0
2025-05-16 04:00:00,0.288,0.288,0.288,0.288,0.00000000,1747382399999,0.00000000,0,0.00000000,0.00000000,0
2025-05-16 08:00:00,0.288,0.301,0.288,0.301,73.40000000,1747396799999,22.00240000,2,66.40000000,19.98640000,0
2025-05-16 12:00:00,0.288,0.288,0.288,0.288,3081.80000000,1747411199999,887.55840000,16,0.00000000,0.00000000,0
2025-05-16 16:00:00,0.288,0.288,0.288,0.288,0.00000000,1747425599999,0.00000000,0,0.00000000,0.00000000,0
2025-05-16 20:00:00,0.288,0.288,0.288,0.288,0.00000000,1747439999999,0.00000000,0,0.00000000,0.00000000,0
2025-05-17 00:00:00,0.288,0.288,0.288,0.288,4590.70000000,1747454399999,1322.12160000,13,0.00000000,0.00000000,0
2025-05-17 04:00:00,0.288,0.288,0.288,0.288,0.00000000,1747468799999,0.00000000,0,0.00000000,0.00000000,0
2025-05-17 08:00:00,0.281,0.281,0.281,0.281,9.30000000,1747483199999,2.61330000,1,0.00000000,0.00000000,0
2025-05-17 12:00:00,0.281,0.281,0.281,0.281,0.00000000,1747497599999,0.00000000,0,0.00000000,0.00000000,0
2025-05-17 16:00:00,0.281,0.281,0.281,0.281,276.10000000,1747511999999,77.58410000,2,0.00000000,0.00000000,0
2025-05-17 20:00:00,0.259,0.259,0.259,0.259,7.80000000,1747526399999,2.02020000,1,0.00000000,0.00000000,0
2025-05-18 00:00:00,0.259,0.259,0.259,0.259,0.00000000,1747540799999,0.00000000,0,0.00000000,0.00000000,0
2025-05-18 04:00:00,0.259,0.259,0.259,0.259,0.00000000,1747555199999,0.00000000,0,0.00000000,0.00000000,0
2025-05-18 08:00:00,0.266,0.266,0.266,0.266,6.90000000,1747569599999,1.83540000,1,0.00000000,0.00000000,0
2025-05-18 12:00:00,0.269,0.269,0.269,0.269,15.50000000,1747583999999,4.16950000,1,0.00000000,0.00000000,0
2025-05-18 16:00:00,0.272,0.272,0.271,0.271,23.60000000,1747598399999,6.40080000,2,5.20000000,1.41440000,0
2025-05-18 20:00:00,0.271,0.271,0.271,0.271,0.00000000,1747612799999,0.00000000,0,0.00000000,0.00000000,0
2025-05-19 00:00:00,0.271,0.271,0.271,0.271,0.00000000,1747627199999,0.00000000,0,0.00000000,0.00000000,0
2025-05-19 04:00:00,0.271,0.271,0.271,0.271,0.00000000,1747641599999,0.00000000,0,0.00000000,0.00000000,0
2025-05-19 08:00:00,0.271,0.271,0.271,0.271,0.00000000,1747655999999,0.00000000,0,0.00000000,0.00000000,0
2025-05-19 12:00:00,0.271,0.271,0.271,0.271,0.00000000,1747670399999,0.00000000,0,0.00000000,0.00000000,0
2025-05-19 16:00:00,0.271,0.271,0.271,0.271,0.00000000,1747684799999,0.00000000,0,0.00000000,0.00000000,0
2025-05-19 20:00:00,0.271,0.271,0.271,0.271,0.00000000,1747699199999,0.00000000,0,0.00000000,0.00000000,0
2025-05-20 00:00:00,0.271,0.271,0.271,0.271,0.00000000,1747713599999,0.00000000,0,0.00000000,0.00000000,0
2025-05-20 04:00:00,0.271,0.271,0.271,0.271,0.00000000,1747727999999,0.00000000,0,0.00000000,0.00000000,0
2025-05-20 08:00:00,0.271,0.271,0.271,0.271,0.00000000,1747742399999,0.00000000,0,0.00000000,0.00000000,0
2025-05-20 12:00:00,0.271,0.271,0.271,0.271,0.00000000,1747756799999,0.00000000,0,0.00000000,0.00000000,0
2025-05-20 16:00:00,0.271,0.271,0.271,0.271,0.00000000,1747771199999,0.00000000,0,0.00000000,0.00000000,0
2025-05-20 20:00:00,0.271,0.271,0.271,0.271,0.00000000,1747785599999,0.00000000,0,0.00000000,0.00000000,0
2025-05-21 00:00:00,0.271,0.271,0.271,0.271,0.00000000,1747799999999,0.00000000,0,0.00000000,0.00000000,0
2025-05-21 04:00:00,0.271,0.271,0.271,0.271,0.00000000,1747814399999,0.00000000,0,0.00000000,0.00000000,0
2025-05-21 08:00:00,0.266,0.266,0.251,0.251,36.90000000,1747828799999,9.57240000,2,0.00000000,0.00000000,0
2025-05-21 12:00:00,0.251,0.251,0.251,0.251,0.00000000,1747843199999,0.00000000,0,0.00000000,0.00000000,0
2025-05-21 16:00:00,0.251,0.251,0.251,0.251,0.00000000,1747857599999,0.00000000,0,0.00000000,0.00000000,0
2025-05-21 20:00:00,0.251,0.251,0.251,0.251,0.00000000,1747871999999,0.00000000,0,0.00000000,0.00000000,0
2025-05-22 00:00:00,0.251,0.251,0.251,0.251,0.00000000,1747886399999,0.00000000,0,0.00000000,0.00000000,0
2025-05-22 04:00:00,0.251,0.251,0.251,0.251,0.00000000,1747900799999,0.00000000,0,0.00000000,0.00000000,0
2025-05-22 08:00:00,0.271,0.271,0.262,0.264,31.00000000,1747915199999,8.18630000,3,0.00000000,0.00000000,0
2025-05-22 12:00:00,0.267,0.269,0.267,0.269,10.40000000,1747929599999,2.78720000,2,10.40000000,2.78720000,0
2025-05-22 16:00:00,0.269,0.269,0.269,0.269,0.00000000,1747943999999,0.00000000,0,0.00000000,0.00000000,0
2025-05-22 20:00:00,0.269,0.269,0.269,0.269,0.00000000,1747958399999,0.00000000,0,0.00000000,0.00000000,0
2025-05-23 00:00:00,0.271,0.286,0.271,0.28,154.60000000,1747972799999,43.42280000,7,149.40000000,41.96680000,0
2025-05-23 04:00:00,0.28,0.28,0.28,0.28,0.00000000,1747987199999,0.00000000,0,0.00000000,0.00000000,0
2025-05-23 08:00:00,0.28,0.28,0.28,0.28,0.00000000,1748001599999,0.00000000,0,0.00000000,0.00000000,0
2025-05-23 12:00:00,0.28,0.28,0.28,0.28,0.00000000,1748015999999,0.00000000,0,0.00000000,0.00000000,0
2025-05-23 16:00:00,0.28,0.28,0.28,0.28,0.00000000,1748030399999,0.00000000,0,0.00000000,0.00000000,0
2025-05-23 20:00:00,0.267,0.267,0.267,0.267,18.80000000,1748044799999,5.01960000,1,0.00000000,0.00000000,0
2025-05-24 00:00:00,0.267,0.267,0.267,0.267,0.00000000,1748059199999,0.00000000,0,0.00000000,0.00000000,0
2025-05-24 04:00:00,0.267,0.267,0.267,0.267,0.00000000,1748073599999,0.00000000,0,0.00000000,0.00000000,0
2025-05-24 08:00:00,0.267,0.267,0.267,0.267,0.00000000,1748087999999,0.00000000,0,0.00000000,0.00000000,0
2025-05-24 12:00:00,0.267,0.267,0.267,0.267,0.00000000,1748102399999,0.00000000,0,0.00000000,0.00000000,0
2025-05-24 16:00:00,0.267,0.267,0.267,0.267,0.00000000,1748116799999,0.00000000,0,0.00000000,0.00000000,0
2025-05-24 20:00:00,0.267,0.267,0.267,0.267,0.00000000,1748131199999,0.00000000,0,0.00000000,0.00000000,0
2025-05-25 00:00:00,0.267,0.267,0.267,0.267,0.00000000,1748145599999,0.00000000,0,0.00000000,0.00000000,0
2025-05-25 04:00:00,0.267,0.267,0.267,0.267,0.00000000,1748159999999,0.00000000,0,0.00000000,0.00000000,0
2025-05-25 08:00:00,0.267,0.267,0.267,0.267,0.00000000,1748174399999,0.00000000,0,0.00000000,0.00000000,0
2025-05-25 12:00:00,0.267,0.267,0.267,0.267,0.00000000,1748188799999,0.00000000,0,0.00000000,0.00000000,0
2025-05-25 16:00:00,0.267,0.267,0.267,0.267,0.00000000,1748203199999,0.00000000,0,0.00000000,0.00000000,0
2025-05-25 20:00:00,0.267,0.267,0.267,0.267,0.00000000,1748217599999,0.00000000,0,0.00000000,0.00000000,0
2025-05-26 00:00:00,0.267,0.267,0.267,0.267,0.00000000,1748231999999,0.00000000,0,0.00000000,0.00000000,0
2025-05-26 04:00:00,0.267,0.267,0.267,0.267,0.00000000,1748246399999,0.00000000,0,0.00000000,0.00000000,0
2025-05-26 08:00:00,0.266,0.266,0.266,0.266,3.90000000,1748260799999,1.03740000,1,0.00000000,0.00000000,0
2025-05-26 12:00:00,0.266,0.266,0.266,0.266,0.00000000,1748275199999,0.00000000,0,0.00000000,0.00000000,0
2025-05-26 16:00:00,0.266,0.266,0.266,0.266,0.00000000,1748289599999,0.00000000,0,0.00000000,0.00000000,0
2025-05-26 20:00:00,0.266,0.266,0.266,0.266,0.00000000,1748303999999,0.00000000,0,0.00000000,0.00000000,0
2025-05-27 00:00:00,0.266,0.266,0.266,0.266,0.00000000,1748318399999,0.00000000,0,0.00000000,0.00000000,0
2025-05-27 04:00:00,0.266,0.266,0.266,0.266,0.00000000,1748332799999,0.00000000,0,0.00000000,0.00000000,0
2025-05-27 08:00:00,0.266,0.266,0.266,0.266,0.00000000,1748347199999,0.00000000,0,0.00000000,0.00000000,0
2025-05-27 12:00:00,0.266,0.266,0.266,0.266,0.00000000,1748361599999,0.00000000,0,0.00000000,0.00000000,0
2025-05-27 16:00:00,0.266,0.266,0.266,0.266,0.00000000,1748375999999,0.00000000,0,0.00000000,0.00000000,0
2025-05-27 20:00:00,0.266,0.266,0.252,0.254,108.30000000,1748390399999,28.60120000,4,5.20000000,1.32080000,0
2025-05-28 00:00:00,0.256,0.266,0.256,0.266,26.00000000,1748404799999,6.82240000,5,10.40000000,2.67280000,0
2025-05-28 04:00:00,0.266,0.266,0.266,0.266,0.00000000,1748419199999,0.00000000,0,0.00000000,0.00000000,0
2025-05-28 08:00:00,0.266,0.266,0.266,0.266,0.00000000,1748433599999,0.00000000,0,0.00000000,0.00000000,0
2025-05-28 12:00:00,0.266,0.266,0.266,0.266,0.00000000,1748447999999,0.00000000,0,0.00000000,0.00000000,0
2025-05-28 16:00:00,0.266,0.266,0.266,0.266,0.00000000,1748462399999,0.00000000,0,0.00000000,0.00000000,0
2025-05-28 20:00:00,0.266,0.266,0.266,0.266,0.00000000,1748476799999,0.00000000,0,0.00000000,0.00000000,0
2025-05-29 00:00:00,0.266,0.266,0.266,0.266,0.00000000,1748491199999,0.00000000,0,0.00000000,0.00000000,0
2025-05-29 04:00:00,0.266,0.266,0.266,0.266,0.00000000,1748505599999,0.00000000,0,0.00000000,0.00000000,0
2025-05-29 08:00:00,0.266,0.266,0.266,0.266,0.00000000,1748519999999,0.00000000,0,0.00000000,0.00000000,0
2025-05-29 12:00:00,0.266,0.266,0.266,0.266,0.00000000,1748534399999,0.00000000,0,0.00000000,0.00000000,0
2025-05-29 16:00:00,0.266,0.266,0.266,0.266,0.00000000,1748548799999,0.00000000,0,0.00000000,0.00000000,0
2025-05-29 20:00:00,0.266,0.266,0.266,0.266,0.00000000,1748563199999,0.00000000,0,0.00000000,0.00000000,0
2025-05-30 00:00:00,0.266,0.266,0.266,0.266,0.00000000,1748577599999,0.00000000,0,0.00000000,0.00000000,0
2025-05-30 04:00:00,0.266,0.266,0.266,0.266,0.00000000,1748591999999,0.00000000,0,0.00000000,0.00000000,0
2025-05-30 08:00:00,0.266,0.266,0.266,0.266,0.00000000,1748606399999,0.00000000,0,0.00000000,0.00000000,0
2025-05-30 12:00:00,0.266,0.266,0.266,0.266,14646.80000000,1748620799999,3896.04880000,31,14646.80000000,3896.04880000,0
2025-05-30 16:00:00,0.266,0.266,0.266,0.266,0.00000000,1748635199999,0.00000000,0,0.00000000,0.00000000,0
2025-05-30 20:00:00,0.263,0.263,0.263,0.263,151.70000000,1748649599999,39.89710000,2,151.70000000,39.89710000,0
2025-05-31 00:00:00,0.263,0.263,0.263,0.263,0.00000000,1748663999999,0.00000000,0,0.00000000,0.00000000,0
2025-05-31 04:00:00,0.254,0.262,0.253,0.262,150.80000000,1748678399999,39.04850000,4,99.00000000,25.90160000,0
2025-05-31 08:00:00,0.262,0.262,0.262,0.262,0.00000000,1748692799999,0.00000000,0,0.00000000,0.00000000,0
2025-05-31 12:00:00,0.262,0.262,0.262,0.262,0.00000000,1748707199999,0.00000000,0,0.00000000,0.00000000,0
2025-05-31 16:00:00,0.251,0.251,0.205,0.247,247.50000000,1748721599999,59.91170000,16,51.90000000,12.69450000,0
2025-05-31 20:00:00,0.247,0.247,0.247,0.247,0.00000000,1748735999999,0.00000000,0,0.00000000,0.00000000,0
2025-06-01 00:00:00,0.247,0.247,0.247,0.247,0.00000000,1748750399999,0.00000000,0,0.00000000,0.00000000,0
2025-06-01 04:00:00,0.247,0.247,0.247,0.247,0.00000000,1748764799999,0.00000000,0,0.00000000,0.00000000,0
2025-06-01 08:00:00,0.247,0.247,0.247,0.247,0.00000000,1748779199999,0.00000000,0,0.00000000,0.00000000,0
2025-06-01 12:00:00,0.249,0.257,0.249,0.257,20.80000000,1748793599999,5.29360000,4,5.20000000,1.29480000,0
2025-06-01 16:00:00,0.257,0.257,0.257,0.257,0.00000000,1748807999999,0.00000000,0,0.00000000,0.00000000,0
2025-06-01 20:00:00,0.249,0.261,0.249,0.261,20.80000000,1748822399999,5.29360000,3,5.20000000,1.34680000,0
2025-06-02 00:00:00,0.261,0.261,0.261,0.261,0.00000000,1748836799999,0.00000000,0,0.00000000,0.00000000,0
2025-06-02 04:00:00,0.261,0.261,0.261,0.261,0.00000000,1748851199999,0.00000000,0,0.00000000,0.00000000,0
2025-06-02 08:00:00,0.261,0.261,0.261,0.261,0.00000000,1748865599999,0.00000000,0,0.00000000,0.00000000,0
2025-06-02 12:00:00,0.261,0.261,0.261,0.261,0.00000000,1748879999999,0.00000000,0,0.00000000,0.00000000,0
2025-06-02 16:00:00,0.261,0.261,0.261,0.261,0.00000000,1748894399999,0.00000000,0,0.00000000,0.00000000,0
2025-06-02 20:00:00,0.261,0.261,0.261,0.261,0.00000000,1748908799999,0.00000000,0,0.00000000,0.00000000,0
2025-06-03 00:00:00,0.263,0.263,0.263,0.263,94.60000000,1748923199999,24.87980000,1,94.60000000,24.87980000,0
2025-06-03 04:00:00,0.263,0.263,0.263,0.263,0.00000000,1748937599999,0.00000000,0,0.00000000,0.00000000,0
2025-06-03 08:00:00,0.263,0.264,0.263,0.264,65.20000000,1748951999999,17.15280000,2,65.20000000,17.15280000,0
2025-06-03 12:00:00,0.264,0.264,0.264,0.264,0.00000000,1748966399999,0.00000000,0,0.00000000,0.00000000,0
2025-06-03 16:00:00,0.264,0.264,0.264,0.264,0.00000000,1748980799999,0.00000000,0,0.00000000,0.00000000,0
2025-06-03 20:00:00,0.264,0.264,0.264,0.264,0.00000000,1748995199999,0.00000000,0,0.00000000,0.00000000,0
2025-06-04 00:00:00,0.264,0.264,0.264,0.264,0.00000000,1749009599999,0.00000000,0,0.00000000,0.00000000,0
2025-06-04 04:00:00,0.264,0.264,0.264,0.264,0.00000000,1749023999999,0.00000000,0,0.00000000,0.00000000,0
2025-06-04 08:00:00,0.264,0.264,0.264,0.264,0.00000000,1749038399999,0.00000000,0,0.00000000,0.00000000,0
2025-06-04 12:00:00,0.264,0.264,0.264,0.264,0.00000000,1749052799999,0.00000000,0,0.00000000,0.00000000,0
2025-06-04 16:00:00,0.264,0.264,0.264,0.264,0.00000000,1749067199999,0.00000000,0,0.00000000,0.00000000,0
2025-06-04 20:00:00,0.264,0.264,0.264,0.264,0.00000000,1749081599999,0.00000000,0,0.00000000,0.00000000,0
2025-06-05 00:00:00,0.266,0.329,0.266,0.329,162.40000000,1749095999999,49.01720000,22,74.00000000,20.05320000,0
2025-06-05 04:00:00,0.33,0.42,0.33,0.42,19484.40000000,1749110399999,7999.62610000,81,19019.10000000,7829.49020000,0
2025-06-05 08:00:00,0.373,0.373,0.36,0.36,31.10000000,1749124799999,11.53530000,2,31.10000000,11.53530000,0
2025-06-05 12:00:00,0.324,0.42,0.311,0.376,133.00000000,1749139199999,42.83310000,5,7.50000000,3.15000000,0
2025-06-05 16:00:00,0.407,0.409,0.367,0.385,1282.40000000,1749153599999,497.71230000,19,866.10000000,342.33640000,0
2025-06-05 20:00:00,0.407,0.407,0.33,0.33,106.90000000,1749167999999,41.10670000,6,94.00000000,36.84970000,0
2025-06-06 00:00:00,0.33,0.33,0.33,0.33,0.00000000,1749182399999,0.00000000,0,0.00000000,0.00000000,0
2025-06-06 04:00:00,0.333,0.333,0.333,0.333,5.50000000,1749196799999,1.83150000,1,0.00000000,0.00000000,0
2025-06-06 08:00:00,0.309,0.309,0.282,0.286,426.40000000,1749211199999,129.75300000,9,20.80000000,5.99560000,0
2025-06-06 12:00:00,0.287,0.305,0.286,0.305,12310.60000000,1749225599999,3521.60290000,10,5.20000000,1.52880000,0
2025-06-06 16:00:00,0.307,0.348,0.287,0.287,384.90000000,1749239999999,122.02720000,18,164.50000000,56.09420000,0
2025-06-06 20:00:00,0.29,0.29,0.29,0.29,5.20000000,1749254399999,1.50800000,1,5.20000000,1.50800000,0
2025-06-07 00:00:00,0.292,0.299,0.292,0.299,20.80000000,1749268799999,6.14640000,4,20.80000000,6.14640000,0
2025-06-07 04:00:00,0.302,0.302,0.302,0.302,5.20000000,1749283199999,1.57040000,1,5.20000000,1.57040000,0
2025-06-07 08:00:00,0.29,0.29,0.287,0.287,102.00000000,1749297599999,29.37270000,5,0.00000000,0.00000000,0
2025-06-07 12:00:00,0.287,0.287,0.287,0.287,48.40000000,1749311999999,13.89080000,1,0.00000000,0.00000000,0
2025-06-07 16:00:00,0.286,0.294,0.286,0.294,11365.30000000,1749326399999,3250.61660000,14,21.50000000,6.28980000,0
2025-06-07 20:00:00,0.297,0.297,0.297,0.297,5.20000000,1749340799999,1.54440000,1,5.20000000,1.54440000,0
2025-06-08 00:00:00,0.288,0.288,0.269,0.269,121.80000000,1749355199999,33.96170000,9,0.00000000,0.00000000,0
2025-06-08 04:00:00,0.269,0.269,0.269,0.269,0.00000000,1749369599999,0.00000000,0,0.00000000,0.00000000,0
2025-06-08 08:00:00,0.269,0.269,0.269,0.269,28.50000000,1749383999999,7.66650000,1,0.00000000,0.00000000,0
2025-06-08 12:00:00,0.271,0.29,0.271,0.29,1274.60000000,1749398399999,365.10870000,17,676.30000000,195.68500000,0
2025-06-08 16:00:00,0.292,0.293,0.275,0.275,196.90000000,1749412799999,57.06130000,4,171.20000000,49.99380000,0
2025-06-08 20:00:00,0.275,0.275,0.275,0.275,0.00000000,1749427199999,0.00000000,0,0.00000000,0.00000000,0
2025-06-09 00:00:00,0.275,0.275,0.275,0.275,0.00000000,1749441599999,0.00000000,0,0.00000000,0.00000000,0
2025-06-09 04:00:00,0.275,0.275,0.275,0.275,0.00000000,1749455999999,0.00000000,0,0.00000000,0.00000000,0
2025-06-09 08:00:00,0.274,0.274,0.269,0.269,481.40000000,1749470399999,129.79910000,8,0.00000000,0.00000000,0
2025-06-09 12:00:00,0.271,0.271,0.271,0.271,5.20000000,1749484799999,1.40920000,1,5.20000000,1.40920000,0
2025-06-09 16:00:00,0.271,0.271,0.271,0.271,0.00000000,1749499199999,0.00000000,0,0.00000000,0.00000000,0
2025-06-09 20:00:00,0.272,0.274,0.272,0.274,16.80000000,1749513599999,4.58000000,2,16.80000000,4.58000000,0
2025-06-10 00:00:00,0.274,0.274,0.274,0.274,0.00000000,1749527999999,0.00000000,0,0.00000000,0.00000000,0
2025-06-10 04:00:00,0.274,0.274,0.274,0.274,0.00000000,1749542399999,0.00000000,0,0.00000000,0.00000000,0
2025-06-10 08:00:00,0.274,0.274,0.274,0.274,7.10000000,1749556799999,1.94540000,1,0.00000000,0.00000000,0
2025-06-10 12:00:00,0.276,0.276,0.276,0.276,5.20000000,1749571199999,1.43520000,1,5.20000000,1.43520000,0
2025-06-10 16:00:00,0.276,0.276,0.276,0.276,0.00000000,1749585599999,0.00000000,0,0.00000000,0.00000000,0
2025-06-10 20:00:00,0.276,0.276,0.276,0.276,6.10000000,1749599999999,1.68360000,1,6.10000000,1.68360000,0
2025-06-11 00:00:00,0.276,0.276,0.276,0.276,0.00000000,1749614399999,0.00000000,0,0.00000000,0.00000000,0
2025-06-11 04:00:00,0.276,0.276,0.276,0.276,0.00000000,1749628799999,0.00000000,0,0.00000000,0.00000000,0
2025-06-11 08:00:00,0.276,0.276,0.276,0.276,0.00000000,1749643199999,0.00000000,0,0.00000000,0.00000000,0
2025-06-11 12:00:00,0.271,0.274,0.252,0.27,1784.50000000,1749657599999,470.40530000,31,519.30000000,140.33180000,0
2025-06-11 16:00:00,0.27,0.27,0.27,0.27,0.00000000,1749671999999,0.00000000,0,0.00000000,0.00000000,0
2025-06-11 20:00:00,0.27,0.27,0.27,0.27,50.00000000,1749686399999,13.50000000,1,0.00000000,0.00000000,0
2025-06-12 00:00:00,0.274,0.275,0.274,0.275,692.30000000,1749700799999,190.37730000,6,692.30000000,190.37730000,0
2025-06-12 04:00:00,0.275,0.275,0.275,0.275,0.00000000,1749715199999,0.00000000,0,0.00000000,0.00000000,0
2025-06-12 08:00:00,0.275,0.275,0.275,0.275,0.00000000,1749729599999,0.00000000,0,0.00000000,0.00000000,0
2025-06-12 12:00:00,0.276,0.276,0.258,0.258,95.70000000,1749743999999,25.66980000,3,60.50000000,16.58820000,0
2025-06-12 16:00:00,0.258,0.258,0.245,0.253,120.90000000,1749758399999,30.01940000,6,15.60000000,3.91560000,0
2025-06-12 20:00:00,0.253,0.253,0.253,0.253,0.00000000,1749772799999,0.00000000,0,0.00000000,0.00000000,0
2025-06-13 00:00:00,0.253,0.253,0.253,0.253,86.00000000,1749787199999,21.75800000,2,0.00000000,0.00000000,0
2025-06-13 04:00:00,0.253,0.253,0.253,0.253,0.00000000,1749801599999,0.00000000,0,0.00000000,0.00000000,0
2025-06-13 08:00:00,0.253,0.253,0.253,0.253,0.00000000,1749815999999,0.00000000,0,0.00000000,0.00000000,0
2025-06-13 12:00:00,0.253,0.253,0.253,0.253,0.00000000,1749830399999,0.00000000,0,0.00000000,0.00000000,0
2025-06-13 16:00:00,0.253,0.253,0.253,0.253,0.00000000,1749844799999,0.00000000,0,0.00000000,0.00000000,0
2025-06-13 20:00:00,0.253,0.253,0.253,0.253,0.00000000,1749859199999,0.00000000,0,0.00000000,0.00000000,0
2025-06-14 00:00:00,0.253,0.253,0.253,0.253,0.00000000,1749873599999,0.00000000,0,0.00000000,0.00000000,0
2025-06-14 04:00:00,0.253,0.253,0.253,0.253,0.00000000,1749887999999,0.00000000,0,0.00000000,0.00000000,0
2025-06-14 08:00:00,0.255,0.258,0.255,0.258,10.40000000,1749902399999,2.66760000,2,10.40000000,2.66760000,0
2025-06-14 12:00:00,0.258,0.258,0.258,0.258,0.00000000,1749916799999,0.00000000,0,0.00000000,0.00000000,0
2025-06-14 16:00:00,0.258,0.258,0.258,0.258,0.00000000,1749931199999,0.00000000,0,0.00000000,0.00000000,0
2025-06-14 20:00:00,0.26,0.26,0.26,0.26,5.20000000,1749945599999,1.35200000,1,5.20000000,1.35200000,0
2025-06-15 00:00:00,0.26,0.26,0.26,0.26,0.00000000,1749959999999,0.00000000,0,0.00000000,0.00000000,0
2025-06-15 04:00:00,0.259,0.259,0.259,0.259,6.80000000,1749974399999,1.76120000,1,6.80000000,1.76120000,0
2025-06-15 08:00:00,0.259,0.259,0.259,0.259,0.00000000,1749988799999,0.00000000,0,0.00000000,0.00000000,0
2025-06-15 12:00:00,0.259,0.259,0.259,0.259,0.00000000,1750003199999,0.00000000,0,0.00000000,0.00000000,0
2025-06-15 16:00:00,0.259,0.259,0.259,0.259,0.00000000,1750017599999,0.00000000,0,0.00000000,0.00000000,0
2025-06-15 20:00:00,0.259,0.259,0.259,0.259,0.00000000,1750031999999,0.00000000,0,0.00000000,0.00000000,0
2025-06-16 00:00:00,0.248,0.249,0.247,0.249,92.00000000,1750046399999,22.81090000,5,5.20000000,1.29480000,0
2025-06-16 04:00:00,0.251,0.255,0.251,0.255,15.60000000,1750060799999,3.94680000,3,15.60000000,3.94680000,0
2025-06-16 08:00:00,0.255,0.255,0.255,0.255,0.00000000,1750075199999,0.00000000,0,0.00000000,0.00000000,0
2025-06-16 12:00:00,0.255,0.255,0.255,0.255,0.00000000,1750089599999,0.00000000,0,0.00000000,0.00000000,0
2025-06-16 16:00:00,0.255,0.255,0.255,0.255,0.00000000,1750103999999,0.00000000,0,0.00000000,0.00000000,0
2025-06-16 20:00:00,0.255,0.255,0.255,0.255,0.00000000,1750118399999,0.00000000,0,0.00000000,0.00000000,0
2025-06-17 00:00:00,0.255,0.255,0.255,0.255,0.00000000,1750132799999,0.00000000,0,0.00000000,0.00000000,0
2025-06-17 04:00:00,0.255,0.255,0.255,0.255,0.00000000,1750147199999,0.00000000,0,0.00000000,0.00000000,0
2025-06-17 08:00:00,0.255,0.255,0.255,0.255,0.00000000,1750161599999,0.00000000,0,0.00000000,0.00000000,0
2025-06-17 12:00:00,0.255,0.255,0.255,0.255,0.00000000,1750175999999,0.00000000,0,0.00000000,0.00000000,0
2025-06-17 16:00:00,0.255,0.255,0.255,0.255,0.00000000,1750190399999,0.00000000,0,0.00000000,0.00000000,0
2025-06-17 20:00:00,0.255,0.255,0.255,0.255,0.00000000,1750204799999,0.00000000,0,0.00000000,0.00000000,0
2025-06-18 00:00:00,0.255,0.255,0.255,0.255,0.00000000,1750219199999,0.00000000,0,0.00000000,0.00000000,0
2025-06-18 04:00:00,0.255,0.255,0.255,0.255,0.00000000,1750233599999,0.00000000,0,0.00000000,0.00000000,0
2025-06-18 08:00:00,0.255,0.255,0.255,0.255,0.00000000,1750247999999,0.00000000,0,0.00000000,0.00000000,0
2025-06-18 12:00:00,0.255,0.255,0.255,0.255,0.00000000,1750262399999,0.00000000,0,0.00000000,0.00000000,0
2025-06-18 16:00:00,0.255,0.255,0.255,0.255,0.00000000,1750276799999,0.00000000,0,0.00000000,0.00000000,0
2025-06-18 20:00:00,0.255,0.255,0.255,0.255,0.00000000,1750291199999,0.00000000,0,0.00000000,0.00000000,0
2025-06-19 00:00:00,0.255,0.255,0.255,0.255,0.00000000,1750305599999,0.00000000,0,0.00000000,0.00000000,0
2025-06-19 04:00:00,0.246,0.246,0.238,0.24,46.60000000,1750319999999,11.35000000,3,5.20000000,1.24800000,0
2025-06-19 08:00:00,0.24,0.24,0.24,0.24,0.00000000,1750334399999,0.00000000,0,0.00000000,0.00000000,0
2025-06-19 12:00:00,0.234,0.234,0.223,0.225,31.00000000,1750348799999,7.09390000,3,5.20000000,1.17000000,0
2025-06-19 16:00:00,0.227,0.227,0.227,0.227,5.20000000,1750363199999,1.18040000,1,5.20000000,1.18040000,0
2025-06-19 20:00:00,0.229,0.229,0.229,0.229,5.20000000,1750377599999,1.19080000,1,5.20000000,1.19080000,0
2025-06-20 00:00:00,0.224,0.224,0.224,0.224,13.00000000,1750391999999,2.91200000,1,0.00000000,0.00000000,0
2025-06-20 04:00:00,0.231,0.234,0.231,0.234,14.30000000,1750406399999,3.32540000,3,14.30000000,3.32540000,0
2025-06-20 08:00:00,0.234,0.234,0.234,0.234,0.00000000,1750420799999,0.00000000,0,0.00000000,0.00000000,0
2025-06-20 12:00:00,0.234,0.234,0.234,0.234,0.00000000,1750435199999,0.00000000,0,0.00000000,0.00000000,0
2025-06-20 16:00:00,0.234,0.234,0.234,0.234,0.00000000,1750449599999,0.00000000,0,0.00000000,0.00000000,0
2025-06-20 20:00:00,0.234,0.234,0.234,0.234,0.00000000,1750463999999,0.00000000,0,0.00000000,0.00000000,0
2025-06-21 00:00:00,0.234,0.234,0.234,0.234,0.00000000,1750478399999,0.00000000,0,0.00000000,0.00000000,0
2025-06-21 04:00:00,0.223,0.223,0.215,0.219,3200.80000000,1750492799999,697.62080000,43,10.40000000,2.26720000,0
2025-06-21 08:00:00,0.219,0.219,0.219,0.219,0.00000000,1750507199999,0.00000000,0,0.00000000,0.00000000,0
2025-06-21 12:00:00,0.219,0.219,0.219,0.219,0.00000000,1750521599999,0.00000000,0,0.00000000,0.00000000,0
2025-06-21 16:00:00,0.219,0.219,0.219,0.219,0.00000000,1750535999999,0.00000000,0,0.00000000,0.00000000,0
2025-06-21 20:00:00,0.219,0.219,0.219,0.219,0.00000000,1750550399999,0.00000000,0,0.00000000,0.00000000,0
2025-06-22 00:00:00,0.219,0.219,0.219,0.219,0.00000000,1750564799999,0.00000000,0,0.00000000,0.00000000,0
2025-06-22 04:00:00,0.219,0.219,0.219,0.219,0.00000000,1750579199999,0.00000000,0,0.00000000,0.00000000,0
2025-06-22 08:00:00,0.219,0.219,0.219,0.219,0.00000000,1750593599999,0.00000000,0,0.00000000,0.00000000,0
2025-06-22 12:00:00,0.219,0.219,0.219,0.219,0.00000000,1750607999999,0.00000000,0,0.00000000,0.00000000,0
2025-06-22 16:00:00,0.212,0.212,0.199,0.2,51.70000000,1750622399999,10.57130000,5,8.90000000,1.78000000,0
2025-06-22 20:00:00,0.2,0.224,0.198,0.219,2850.60000000,1750636799999,570.25920000,19,2366.60000000,471.76400000,0
2025-06-23 00:00:00,0.207,0.229,0.207,0.229,67.80000000,1750651199999,14.52340000,7,10.40000000,2.30880000,0
2025-06-23 04:00:00,0.229,0.229,0.229,0.229,0.00000000,1750665599999,0.00000000,0,0.00000000,0.00000000,0
2025-06-23 08:00:00,0.229,0.229,0.229,0.229,0.00000000,1750679999999,0.00000000,0,0.00000000,0.00000000,0
2025-06-23 12:00:00,0.229,0.229,0.229,0.229,0.00000000,1750694399999,0.00000000,0,0.00000000,0.00000000,0
2025-06-23 16:00:00,0.229,0.229,0.229,0.229,0.00000000,1750708799999,0.00000000,0,0.00000000,0.00000000,0
2025-06-23 20:00:00,0.231,0.246,0.231,0.246,90.30000000,1750723199999,21.24740000,10,63.60000000,14.75000000,0
2025-06-24 00:00:00,0.248,0.254,0.248,0.254,24.60000000,1750737599999,6.19640000,3,24.60000000,6.19640000,0
2025-06-24 04:00:00,0.254,0.254,0.254,0.254,0.00000000,1750751999999,0.00000000,0,0.00000000,0.00000000,0
2025-06-24 08:00:00,0.254,0.254,0.254,0.254,0.00000000,1750766399999,0.00000000,0,0.00000000,0.00000000,0
2025-06-24 12:00:00,0.254,0.254,0.254,0.254,0.00000000,1750780799999,0.00000000,0,0.00000000,0.00000000,0
2025-06-24 16:00:00,0.254,0.254,0.254,0.254,0.00000000,1750795199999,0.00000000,0,0.00000000,0.00000000,0
2025-06-24 20:00:00,0.254,0.254,0.254,0.254,0.00000000,1750809599999,0.00000000,0,0.00000000,0.00000000,0
2025-06-25 00:00:00,0.254,0.254,0.254,0.254,0.00000000,1750823999999,0.00000000,0,0.00000000,0.00000000,0
2025-06-25 04:00:00,0.236,0.236,0.236,0.236,19.20000000,1750838399999,4.53120000,1,0.00000000,0.00000000,0
2025-06-25 08:00:00,0.236,0.236,0.236,0.236,0.00000000,1750852799999,0.00000000,0,0.00000000,0.00000000,0
2025-06-25 12:00:00,0.236,0.236,0.236,0.236,0.00000000,1750867199999,0.00000000,0,0.00000000,0.00000000,0
2025-06-25 16:00:00,0.236,0.236,0.236,0.236,0.00000000,1750881599999,0.00000000,0,0.00000000,0.00000000,0
2025-06-25 20:00:00,0.236,0.236,0.236,0.236,0.00000000,1750895999999,0.00000000,0,0.00000000,0.00000000,0
2025-06-26 00:00:00,0.236,0.236,0.236,0.236,0.00000000,1750910399999,0.00000000,0,0.00000000,0.00000000,0
2025-06-26 04:00:00,0.236,0.236,0.236,0.236,0.00000000,1750924799999,0.00000000,0,0.00000000,0.00000000,0
2025-06-26 08:00:00,0.236,0.236,0.236,0.236,0.00000000,1750939199999,0.00000000,0,0.00000000,0.00000000,0
2025-06-26 12:00:00,0.236,0.236,0.236,0.236,0.00000000,1750953599999,0.00000000,0,0.00000000,0.00000000,0
2025-06-26 16:00:00,0.236,0.238,0.236,0.238,1771.20000000,1750967999999,419.00320000,6,839.30000000,199.07480000,0
2025-06-26 20:00:00,0.219,0.219,0.208,0.217,176.60000000,1750982399999,38.42690000,7,15.60000000,3.30200000,0
2025-06-27 00:00:00,0.219,0.225,0.219,0.225,20.80000000,1750996799999,4.64880000,4,5.20000000,1.13880000,0
2025-06-27 04:00:00,0.225,0.225,0.225,0.225,0.00000000,1751011199999,0.00000000,0,0.00000000,0.00000000,0
2025-06-27 08:00:00,0.225,0.225,0.225,0.225,0.00000000,1751025599999,0.00000000,0,0.00000000,0.00000000,0
2025-06-27 12:00:00,0.221,0.221,0.221,0.221,12.80000000,1751039999999,2.82880000,1,0.00000000,0.00000000,0
2025-06-27 16:00:00,0.221,0.221,0.221,0.221,0.00000000,1751054399999,0.00000000,0,0.00000000,0.00000000,0
2025-06-27 20:00:00,0.221,0.221,0.221,0.221,0.00000000,1751068799999,0.00000000,0,0.00000000,0.00000000,0
2025-06-28 00:00:00,0.221,0.221,0.221,0.221,0.00000000,1751083199999,0.00000000,0,0.00000000,0.00000000,0
2025-06-28 04:00:00,0.221,0.221,0.221,0.221,0.00000000,1751097599999,0.00000000,0,0.00000000,0.00000000,0
2025-06-28 08:00:00,0.221,0.221,0.221,0.221,0.00000000,1751111999999,0.00000000,0,0.00000000,0.00000000,0
2025-06-28 12:00:00,0.221,0.221,0.221,0.221,0.00000000,1751126399999,0.00000000,0,0.00000000,0.00000000,0
2025-06-28 16:00:00,0.227,0.227,0.227,0.227,5.20000000,1751140799999,1.18040000,1,5.20000000,1.18040000,0
2025-06-28 20:00:00,0.227,0.227,0.227,0.227,0.00000000,1751155199999,0.00000000,0,0.00000000,0.00000000,0
2025-06-29 00:00:00,0.227,0.227,0.227,0.227,0.00000000,1751169599999,0.00000000,0,0.00000000,0.00000000,0
2025-06-29 04:00:00,0.227,0.227,0.227,0.227,0.00000000,1751183999999,0.00000000,0,0.00000000,0.00000000,0
2025-06-29 08:00:00,0.229,0.233,0.229,0.233,15.60000000,1751198399999,3.61400000,3,5.20000000,1.19080000,0
2025-06-29 12:00:00,0.233,0.233,0.233,0.233,0.00000000,1751212799999,0.00000000,0,0.00000000,0.00000000,0
2025-06-29 16:00:00,0.227,0.227,0.226,0.226,146.70000000,1751227199999,33.29080000,4,0.00000000,0.00000000,0
2025-06-29 20:00:00,0.226,0.226,0.226,0.226,0.00000000,1751241599999,0.00000000,0,0.00000000,0.00000000,0
2025-06-30 00:00:00,0.226,0.226,0.226,0.226,0.00000000,1751255999999,0.00000000,0,0.00000000,0.00000000,0
2025-06-30 04:00:00,0.226,0.226,0.226,0.226,0.00000000,1751270399999,0.00000000,0,0.00000000,0.00000000,0
2025-06-30 08:00:00,0.226,0.226,0.226,0.226,0.00000000,1751284799999,0.00000000,0,0.00000000,0.00000000,0
2025-06-30 12:00:00,0.226,0.226,0.226,0.226,0.00000000,1751299199999,0.00000000,0,0.00000000,0.00000000,0
2025-06-30 16:00:00,0.226,0.226,0.226,0.226,0.00000000,1751313599999,0.00000000,0,0.00000000,0.00000000,0
2025-06-30 20:00:00,0.226,0.226,0.226,0.226,0.00000000,1751327999999,0.00000000,0,0.00000000,0.00000000,0
2025-07-01 00:00:00,0.226,0.226,0.226,0.226,0.00000000,1751342399999,0.00000000,0,0.00000000,0.00000000,0
2025-07-01 04:00:00,0.226,0.226,0.226,0.226,0.00000000,1751356799999,0.00000000,0,0.00000000,0.00000000,0
2025-07-01 08:00:00,0.226,0.226,0.226,0.226,0.00000000,1751371199999,0.00000000,0,0.00000000,0.00000000,0
2025-07-01 12:00:00,0.226,0.226,0.226,0.226,0.00000000,1751385599999,0.00000000,0,0.00000000,0.00000000,0
2025-07-01 16:00:00,0.226,0.226,0.226,0.226,0.00000000,1751399999999,0.00000000,0,0.00000000,0.00000000,0
2025-07-01 20:00:00,0.226,0.226,0.226,0.226,0.00000000,1751414399999,0.00000000,0,0.00000000,0.00000000,0
2025-07-02 00:00:00,0.226,0.226,0.226,0.226,0.00000000,1751428799999,0.00000000,0,0.00000000,0.00000000,0
2025-07-02 04:00:00,0.226,0.226,0.226,0.226,0.00000000,1751443199999,0.00000000,0,0.00000000,0.00000000,0
2025-07-02 08:00:00,0.226,0.226,0.226,0.226,0.00000000,1751457599999,0.00000000,0,0.00000000,0.00000000,0
2025-07-02 12:00:00,0.226,0.226,0.226,0.226,0.00000000,1751471999999,0.00000000,0,0.00000000,0.00000000,0
2025-07-02 16:00:00,0.226,0.226,0.226,0.226,0.00000000,1751486399999,0.00000000,0,0.00000000,0.00000000,0
2025-07-02 20:00:00,0.226,0.226,0.226,0.226,0.00000000,1751500799999,0.00000000,0,0.00000000,0.00000000,0
2025-07-03 00:00:00,0.226,0.226,0.226,0.226,0.00000000,1751515199999,0.00000000,0,0.00000000,0.00000000,0
2025-07-03 04:00:00,0.226,0.226,0.226,0.226,0.00000000,1751529599999,0.00000000,0,0.00000000,0.00000000,0
2025-07-03 08:00:00,0.226,0.226,0.226,0.226,0.00000000,1751543999999,0.00000000,0,0.00000000,0.00000000,0
2025-07-03 12:00:00,0.226,0.226,0.226,0.226,0.00000000,1751558399999,0.00000000,0,0.00000000,0.00000000,0
2025-07-03 16:00:00,0.226,0.226,0.226,0.226,0.00000000,1751572799999,0.00000000,0,0.00000000,0.00000000,0
2025-07-03 20:00:00,0.226,0.226,0.226,0.226,0.00000000,1751587199999,0.00000000,0,0.00000000,0.00000000,0
2025-07-04 00:00:00,0.226,0.226,0.226,0.226,0.00000000,1751601599999,0.00000000,0,0.00000000,0.00000000,0
2025-07-04 04:00:00,0.226,0.226,0.226,0.226,0.00000000,1751615999999,0.00000000,0,0.00000000,0.00000000,0
2025-07-04 08:00:00,0.233,0.233,0.233,0.233,21.40000000,1751630399999,4.98620000,1,21.40000000,4.98620000,0
2025-07-04 12:00:00,0.233,0.233,0.233,0.233,4.30000000,1751644799999,1.00190000,1,0.00000000,0.00000000,0
2025-07-04 16:00:00,0.233,0.233,0.233,0.233,0.00000000,1751659199999,0.00000000,0,0.00000000,0.00000000,0
2025-07-04 20:00:00,0.233,0.233,0.233,0.233,0.00000000,1751673599999,0.00000000,0,0.00000000,0.00000000,0
2025-07-05 00:00:00,0.233,0.233,0.233,0.233,0.00000000,1751687999999,0.00000000,0,0.00000000,0.00000000,0
2025-07-05 04:00:00,0.233,0.233,0.233,0.233,0.00000000,1751702399999,0.00000000,0,0.00000000,0.00000000,0
2025-07-05 08:00:00,0.233,0.233,0.233,0.233,0.00000000,1751716799999,0.00000000,0,0.00000000,0.00000000,0
2025-07-05 12:00:00,0.233,0.233,0.233,0.233,0.00000000,1751731199999,0.00000000,0,0.00000000,0.00000000,0
2025-07-05 16:00:00,0.233,0.233,0.233,0.233,0.00000000,1751745599999,0.00000000,0,0.00000000,0.00000000,0
2025-07-05 20:00:00,0.233,0.233,0.233,0.233,0.00000000,1751759999999,0.00000000,0,0.00000000,0.00000000,0
2025-07-06 00:00:00,0.233,0.233,0.233,0.233,0.00000000,1751774399999,0.00000000,0,0.00000000,0.00000000,0
2025-07-06 04:00:00,0.23,0.23,0.23,0.23,100.00000000,1751788799999,23.00000000,1,0.00000000,0.00000000,0
2025-07-06 08:00:00,0.23,0.23,0.23,0.23,0.00000000,1751803199999,0.00000000,0,0.00000000,0.00000000,0
2025-07-06 12:00:00,0.23,0.23,0.23,0.23,0.00000000,1751817599999,0.00000000,0,0.00000000,0.00000000,0
2025-07-06 16:00:00,0.23,0.23,0.23,0.23,0.00000000,1751831999999,0.00000000,0,0.00000000,0.00000000,0
2025-07-06 20:00:00,0.219,0.22,0.219,0.22,436.70000000,1751846399999,95.98400000,5,0.00000000,0.00000000,0
2025-07-07 00:00:00,0.22,0.22,0.22,0.22,0.00000000,1751860799999,0.00000000,0,0.00000000,0.00000000,0
2025-07-07 04:00:00,0.22,0.22,0.22,0.22,0.00000000,1751875199999,0.00000000,0,0.00000000,0.00000000,0
2025-07-07 08:00:00,0.22,0.22,0.22,0.22,0.00000000,1751889599999,0.00000000,0,0.00000000,0.00000000,0
2025-07-07 12:00:00,0.22,0.22,0.22,0.22,0.00000000,1751903999999,0.00000000,0,0.00000000,0.00000000,0
2025-07-07 16:00:00,0.22,0.22,0.22,0.22,0.00000000,1751918399999,0.00000000,0,0.00000000,0.00000000,0
2025-07-07 20:00:00,0.22,0.22,0.22,0.22,0.00000000,1751932799999,0.00000000,0,0.00000000,0.00000000,0
2025-07-08 00:00:00,0.227,0.227,0.227,0.227,37.00000000,1751947199999,8.39900000,1,37.00000000,8.39900000,0
2025-07-08 04:00:00,0.227,0.227,0.227,0.227,0.00000000,1751961599999,0.00000000,0,0.00000000,0.00000000,0
2025-07-08 08:00:00,0.227,0.227,0.227,0.227,0.00000000,1751975999999,0.00000000,0,0.00000000,0.00000000,0
2025-07-08 12:00:00,0.227,0.227,0.227,0.227,0.00000000,1751990399999,0.00000000,0,0.00000000,0.00000000,0
2025-07-08 16:00:00,0.227,0.227,0.227,0.227,0.00000000,1752004799999,0.00000000,0,0.00000000,0.00000000,0
2025-07-08 20:00:00,0.227,0.227,0.227,0.227,0.00000000,1752019199999,0.00000000,0,0.00000000,0.00000000,0
2025-07-09 00:00:00,0.227,0.227,0.227,0.227,0.00000000,1752033599999,0.00000000,0,0.00000000,0.00000000,0
2025-07-09 04:00:00,0.227,0.227,0.227,0.227,0.00000000,1752047999999,0.00000000,0,0.00000000,0.00000000,0
2025-07-09 08:00:00,0.227,0.227,0.227,0.227,0.00000000,1752062399999,0.00000000,0,0.00000000,0.00000000,0
2025-07-09 12:00:00,0.227,0.227,0.227,0.227,0.00000000,1752076799999,0.00000000,0,0.00000000,0.00000000,0
2025-07-09 16:00:00,0.227,0.227,0.227,0.227,0.00000000,1752091199999,0.00000000,0,0.00000000,0.00000000,0
2025-07-09 20:00:00,0.226,0.226,0.226,0.226,4.30000000,1752105599999,0.97180000,1,4.30000000,0.97180000,0
2025-07-10 00:00:00,0.227,0.227,0.227,0.227,4.30000000,1752119999999,0.97610000,1,4.30000000,0.97610000,0
2025-07-10 04:00:00,0.227,0.227,0.227,0.227,4.30000000,1752134399999,0.97610000,1,4.30000000,0.97610000,0
2025-07-10 08:00:00,0.227,0.227,0.227,0.227,0.00000000,1752148799999,0.00000000,0,0.00000000,0.00000000,0
2025-07-10 12:00:00,0.227,0.227,0.227,0.227,0.00000000,1752163199999,0.00000000,0,0.00000000,0.00000000,0
2025-07-10 16:00:00,0.227,0.23,0.227,0.23,48.70000000,1752177599999,11.06780000,4,48.70000000,11.06780000,0
2025-07-10 20:00:00,0.23,0.23,0.23,0.23,4.30000000,1752191999999,0.98900000,1,4.30000000,0.98900000,0
2025-07-11 00:00:00,0.23,0.23,0.23,0.23,0.00000000,1752206399999,0.00000000,0,0.00000000,0.00000000,0
2025-07-11 04:00:00,0.224,0.224,0.224,0.224,49.90000000,1752220799999,11.17760000,2,0.00000000,0.00000000,0
2025-07-11 08:00:00,0.224,0.224,0.224,0.224,0.00000000,1752235199999,0.00000000,0,0.00000000,0.00000000,0
2025-07-11 12:00:00,0.225,0.225,0.224,0.224,92.40000000,1752249599999,20.74870000,2,41.30000000,9.25120000,0
2025-07-11 16:00:00,0.224,0.224,0.224,0.224,0.00000000,1752263999999,0.00000000,0,0.00000000,0.00000000,0
2025-07-11 20:00:00,0.224,0.224,0.224,0.224,0.00000000,1752278399999,0.00000000,0,0.00000000,0.00000000,0
2025-07-12 00:00:00,0.224,0.224,0.224,0.224,0.00000000,1752292799999,0.00000000,0,0.00000000,0.00000000,0
2025-07-12 04:00:00,0.224,0.224,0.224,0.224,0.00000000,1752307199999,0.00000000,0,0.00000000,0.00000000,0
2025-07-12 08:00:00,0.224,0.224,0.224,0.224,0.00000000,1752321599999,0.00000000,0,0.00000000,0.00000000,0
2025-07-12 12:00:00,0.224,0.224,0.224,0.224,0.00000000,1752335999999,0.00000000,0,0.00000000,0.00000000,0
2025-07-12 16:00:00,0.226,0.227,0.226,0.227,325.20000000,1752350399999,73.63240000,5,0.00000000,0.00000000,0
2025-07-12 20:00:00,0.241,0.254,0.241,0.254,190.00000000,1752364799999,46.47900000,5,190.00000000,46.47900000,0
2025-07-13 00:00:00,0.254,0.254,0.254,0.254,0.00000000,1752379199999,0.00000000,0,0.00000000,0.00000000,0
2025-07-13 04:00:00,0.254,0.254,0.254,0.254,0.00000000,1752393599999,0.00000000,0,0.00000000,0.00000000,0
2025-07-13 08:00:00,0.254,0.254,0.254,0.254,0.00000000,1752407999999,0.00000000,0,0.00000000,0.00000000,0
2025-07-13 12:00:00,0.249,0.249,0.249,0.249,20.10000000,1752422399999,5.00490000,1,20.10000000,5.00490000,0
2025-07-13 16:00:00,0.249,0.249,0.249,0.249,0.00000000,1752436799999,0.00000000,0,0.00000000,0.00000000,0
2025-07-13 20:00:00,0.249,0.249,0.249,0.249,0.00000000,1752451199999,0.00000000,0,0.00000000,0.00000000,0
2025-07-14 00:00:00,0.226,0.226,0.226,0.226,96.00000000,1752465599999,21.69600000,1,0.00000000,0.00000000,0
2025-07-14 04:00:00,0.226,0.226,0.226,0.226,0.00000000,1752479999999,0.00000000,0,0.00000000,0.00000000,0
2025-07-14 08:00:00,0.226,0.226,0.226,0.226,0.00000000,1752494399999,0.00000000,0,0.00000000,0.00000000,0
2025-07-14 12:00:00,0.226,0.226,0.226,0.226,0.00000000,1752508799999,0.00000000,0,0.00000000,0.00000000,0
2025-07-14 16:00:00,0.226,0.226,0.226,0.226,0.00000000,1752523199999,0.00000000,0,0.00000000,0.00000000,0
2025-07-14 20:00:00,0.226,0.226,0.226,0.226,0.00000000,1752537599999,0.00000000,0,0.00000000,0.00000000,0
2025-07-15 00:00:00,0.226,0.226,0.226,0.226,0.00000000,1752551999999,0.00000000,0,0.00000000,0.00000000,0
2025-07-15 04:00:00,0.226,0.226,0.226,0.226,0.00000000,1752566399999,0.00000000,0,0.00000000,0.00000000,0
2025-07-15 08:00:00,0.226,0.226,0.226,0.226,5.70000000,1752580799999,1.28820000,1,0.00000000,0.00000000,0
2025-07-15 12:00:00,0.226,0.226,0.226,0.226,0.00000000,1752595199999,0.00000000,0,0.00000000,0.00000000,0
2025-07-15 16:00:00,0.226,0.226,0.226,0.226,0.00000000,1752609599999,0.00000000,0,0.00000000,0.00000000,0
2025-07-15 20:00:00,0.226,0.226,0.226,0.226,0.00000000,1752623999999,0.00000000,0,0.00000000,0.00000000,0
2025-07-16 00:00:00,0.226,0.226,0.226,0.226,0.00000000,1752638399999,0.00000000,0,0.00000000,0.00000000,0
2025-07-16 04:00:00,0.226,0.226,0.226,0.226,0.00000000,1752652799999,0.00000000,0,0.00000000,0.00000000,0
2025-07-16 08:00:00,0.226,0.226,0.226,0.226,0.00000000,1752667199999,0.00000000,0,0.00000000,0.00000000,0
2025-07-16 12:00:00,0.226,0.226,0.226,0.226,0.00000000,1752681599999,0.00000000,0,0.00000000,0.00000000,0
2025-07-16 16:00:00,0.226,0.226,0.226,0.226,0.00000000,1752695999999,0.00000000,0,0.00000000,0.00000000,0
2025-07-16 20:00:00,0.247,0.247,0.247,0.247,50.00000000,1752710399999,12.35000000,1,50.00000000,12.35000000,0
2025-07-17 00:00:00,0.247,0.247,0.247,0.247,0.00000000,1752724799999,0.00000000,0,0.00000000,0.00000000,0
2025-07-17 04:00:00,0.247,0.247,0.247,0.247,0.00000000,1752739199999,0.00000000,0,0.00000000,0.00000000,0
2025-07-17 08:00:00,0.247,0.247,0.247,0.247,0.00000000,1752753599999,0.00000000,0,0.00000000,0.00000000,0
2025-07-17 12:00:00,0.247,0.247,0.247,0.247,0.00000000,1752767999999,0.00000000,0,0.00000000,0.00000000,0
2025-07-17 16:00:00,0.247,0.247,0.247,0.247,0.00000000,1752782399999,0.00000000,0,0.00000000,0.00000000,0
2025-07-17 20:00:00,0.247,0.247,0.247,0.247,0.00000000,1752796799999,0.00000000,0,0.00000000,0.00000000,0
2025-07-18 00:00:00,0.247,0.247,0.247,0.247,0.00000000,1752811199999,0.00000000,0,0.00000000,0.00000000,0
2025-07-18 04:00:00,0.247,0.247,0.247,0.247,0.00000000,1752825599999,0.00000000,0,0.00000000,0.00000000,0
2025-07-18 08:00:00,0.243,0.247,0.243,0.247,1012.10000000,1752839999999,249.59420000,5,157.80000000,38.58210000,0
2025-07-18 12:00:00,0.247,0.247,0.247,0.247,0.00000000,1752854399999,0.00000000,0,0.00000000,0.00000000,0
2025-07-18 16:00:00,0.239,0.243,0.239,0.243,202.40000000,1752868799999,48.91120000,2,202.40000000,48.91120000,0
2025-07-18 20:00:00,0.243,0.243,0.243,0.243,0.00000000,1752883199999,0.00000000,0,0.00000000,0.00000000,0
2025-07-19 00:00:00,0.243,0.243,0.243,0.243,0.00000000,1752897599999,0.00000000,0,0.00000000,0.00000000,0
2025-07-19 04:00:00,0.243,0.243,0.243,0.243,0.00000000,1752911999999,0.00000000,0,0.00000000,0.00000000,0
2025-07-19 08:00:00,0.243,0.243,0.243,0.243,0.00000000,1752926399999,0.00000000,0,0.00000000,0.00000000,0
2025-07-19 12:00:00,0.241,0.243,0.238,0.243,101.70000000,1752940799999,24.64380000,4,90.40000000,21.95440000,0
2025-07-19 16:00:00,0.243,0.243,0.243,0.243,0.00000000,1752955199999,0.00000000,0,0.00000000,0.00000000,0
2025-07-19 20:00:00,0.243,0.243,0.243,0.243,0.00000000,1752969599999,0.00000000,0,0.00000000,0.00000000,0
2025-07-20 00:00:00,0.243,0.243,0.243,0.243,0.00000000,1752983999999,0.00000000,0,0.00000000,0.00000000,0
2025-07-20 04:00:00,0.235,0.235,0.235,0.235,114.00000000,1752998399999,26.79000000,2,45.60000000,10.71600000,0
2025-07-20 08:00:00,0.235,0.235,0.235,0.235,0.00000000,1753012799999,0.00000000,0,0.00000000,0.00000000,0
2025-07-20 12:00:00,0.235,0.235,0.235,0.235,32.00000000,1753027199999,7.52000000,1,0.00000000,0.00000000,0
2025-07-20 16:00:00,0.235,0.235,0.235,0.235,0.00000000,1753041599999,0.00000000,0,0.00000000,0.00000000,0
2025-07-20 20:00:00,0.235,0.235,0.235,0.235,0.00000000,1753055999999,0.00000000,0,0.00000000,0.00000000,0
2025-07-21 00:00:00,0.235,0.235,0.235,0.235,0.00000000,1753070399999,0.00000000,0,0.00000000,0.00000000,0
2025-07-21 04:00:00,0.235,0.235,0.235,0.235,0.00000000,1753084799999,0.00000000,0,0.00000000,0.00000000,0
2025-07-21 08:00:00,0.235,0.235,0.235,0.235,0.00000000,1753099199999,0.00000000,0,0.00000000,0.00000000,0
2025-07-21 12:00:00,0.235,0.235,0.235,0.235,0.00000000,1753113599999,0.00000000,0,0.00000000,0.00000000,0
2025-07-21 16:00:00,0.235,0.235,0.235,0.235,0.00000000,1753127999999,0.00000000,0,0.00000000,0.00000000,0
2025-07-21 20:00:00,0.235,0.235,0.235,0.235,0.00000000,1753142399999,0.00000000,0,0.00000000,0.00000000,0
2025-07-22 00:00:00,0.235,0.235,0.235,0.235,52.00000000,1753156799999,12.22000000,1,52.00000000,12.22000000,0
2025-07-22 04:00:00,0.235,0.235,0.235,0.235,0.00000000,1753171199999,0.00000000,0,0.00000000,0.00000000,0
2025-07-22 08:00:00,0.235,0.235,0.235,0.235,0.00000000,1753185599999,0.00000000,0,0.00000000,0.00000000,0
2025-07-22 12:00:00,0.235,0.235,0.235,0.235,0.00000000,1753199999999,0.00000000,0,0.00000000,0.00000000,0
2025-07-22 16:00:00,0.235,0.235,0.235,0.235,0.00000000,1753214399999,0.00000000,0,0.00000000,0.00000000,0
2025-07-22 20:00:00,0.235,0.235,0.235,0.235,0.00000000,1753228799999,0.00000000,0,0.00000000,0.00000000,0
2025-07-23 00:00:00,0.235,0.235,0.235,0.235,0.00000000,1753243199999,0.00000000,0,0.00000000,0.00000000,0
2025-07-23 04:00:00,0.235,0.235,0.235,0.235,0.00000000,1753257599999,0.00000000,0,0.00000000,0.00000000,0
2025-07-23 08:00:00,0.235,0.235,0.235,0.235,0.00000000,1753271999999,0.00000000,0,0.00000000,0.00000000,0
2025-07-23 12:00:00,0.235,0.235,0.235,0.235,0.00000000,1753286399999,0.00000000,0,0.00000000,0.00000000,0
2025-07-23 16:00:00,0.235,0.235,0.235,0.235,0.00000000,1753300799999,0.00000000,0,0.00000000,0.00000000,0
2025-07-23 20:00:00,0.235,0.235,0.235,0.235,0.00000000,1753315199999,0.00000000,0,0.00000000,0.00000000,0
2025-07-24 00:00:00,0.235,0.235,0.235,0.235,0.00000000,1753329599999,0.00000000,0,0.00000000,0.00000000,0
2025-07-24 04:00:00,0.235,0.235,0.235,0.235,0.00000000,1753343999999,0.00000000,0,0.00000000,0.00000000,0
2025-07-24 08:00:00,0.235,0.235,0.235,0.235,0.00000000,1753358399999,0.00000000,0,0.00000000,0.00000000,0
2025-07-24 12:00:00,0.235,0.235,0.235,0.235,0.00000000,1753372799999,0.00000000,0,0.00000000,0.00000000,0
2025-07-24 16:00:00,0.235,0.235,0.235,0.235,0.00000000,1753387199999,0.00000000,0,0.00000000,0.00000000,0
2025-07-24 20:00:00,0.235,0.235,0.235,0.235,0.00000000,1753401599999,0.00000000,0,0.00000000,0.00000000,0
2025-07-25 00:00:00,0.235,0.235,0.235,0.235,0.00000000,1753415999999,0.00000000,0,0.00000000,0.00000000,0
2025-07-25 04:00:00,0.235,0.235,0.235,0.235,0.00000000,1753430399999,0.00000000,0,0.00000000,0.00000000,0
2025-07-25 08:00:00,0.235,0.235,0.235,0.235,0.00000000,1753444799999,0.00000000,0,0.00000000,0.00000000,0
2025-07-25 12:00:00,0.235,0.235,0.235,0.235,29.70000000,1753459199999,6.97950000,1,29.70000000,6.97950000,0
2025-07-25 16:00:00,0.235,0.235,0.235,0.235,0.00000000,1753473599999,0.00000000,0,0.00000000,0.00000000,0
2025-07-25 20:00:00,0.237,0.237,0.237,0.237,47.00000000,1753487999999,11.13900000,1,47.00000000,11.13900000,0
2025-07-26 00:00:00,0.237,0.237,0.237,0.237,0.00000000,1753502399999,0.00000000,0,0.00000000,0.00000000,0
2025-07-26 04:00:00,0.237,0.237,0.237,0.237,0.00000000,1753516799999,0.00000000,0,0.00000000,0.00000000,0
2025-07-26 08:00:00,0.237,0.237,0.237,0.237,0.00000000,1753531199999,0.00000000,0,0.00000000,0.00000000,0
2025-07-26 12:00:00,0.237,0.237,0.237,0.237,0.00000000,1753545599999,0.00000000,0,0.00000000,0.00000000,0
2025-07-26 16:00:00,0.237,0.237,0.237,0.237,0.00000000,1753559999999,0.00000000,0,0.00000000,0.00000000,0
2025-07-26 20:00:00,0.237,0.237,0.237,0.237,0.00000000,1753574399999,0.00000000,0,0.00000000,0.00000000,0
2025-07-27 00:00:00,0.237,0.237,0.237,0.237,0.00000000,1753588799999,0.00000000,0,0.00000000,0.00000000,0
2025-07-27 04:00:00,0.237,0.237,0.237,0.237,0.00000000,1753603199999,0.00000000,0,0.00000000,0.00000000,0
2025-07-27 08:00:00,0.237,0.237,0.237,0.237,0.00000000,1753617599999,0.00000000,0,0.00000000,0.00000000,0
2025-07-27 12:00:00,0.237,0.237,0.237,0.237,0.00000000,1753631999999,0.00000000,0,0.00000000,0.00000000,0
2025-07-27 16:00:00,0.237,0.237,0.237,0.237,0.00000000,1753646399999,0.00000000,0,0.00000000,0.00000000,0
2025-07-27 20:00:00,0.237,0.237,0.237,0.237,818.50000000,1753660799999,193.98450000,4,0.00000000,0.00000000,0
2025-07-28 00:00:00,0.237,0.237,0.237,0.237,0.00000000,1753675199999,0.00000000,0,0.00000000,0.00000000,0
2025-07-28 04:00:00,0.237,0.237,0.237,0.237,0.00000000,1753689599999,0.00000000,0,0.00000000,0.00000000,0
2025-07-28 08:00:00,0.237,0.237,0.237,0.237,0.00000000,1753703999999,0.00000000,0,0.00000000,0.00000000,0
2025-07-28 12:00:00,0.237,0.237,0.237,0.237,0.00000000,1753718399999,0.00000000,0,0.00000000,0.00000000,0
2025-07-28 16:00:00,0.237,0.237,0.237,0.237,0.00000000,1753732799999,0.00000000,0,0.00000000,0.00000000,0
2025-07-28 20:00:00,0.237,0.237,0.237,0.237,0.00000000,1753747199999,0.00000000,0,0.00000000,0.00000000,0
2025-07-29 00:00:00,0.237,0.237,0.237,0.237,0.00000000,1753761599999,0.00000000,0,0.00000000,0.00000000,0
2025-07-29 04:00:00,0.237,0.237,0.237,0.237,0.00000000,1753775999999,0.00000000,0,0.00000000,0.00000000,0
2025-07-29 08:00:00,0.237,0.237,0.237,0.237,0.00000000,1753790399999,0.00000000,0,0.00000000,0.00000000,0
2025-07-29 12:00:00,0.237,0.237,0.237,0.237,0.00000000,1753804799999,0.00000000,0,0.00000000,0.00000000,0
2025-07-29 16:00:00,0.237,0.237,0.237,0.237,0.00000000,1753819199999,0.00000000,0,0.00000000,0.00000000,0
2025-07-29 20:00:00,0.237,0.237,0.237,0.237,0.00000000,1753833599999,0.00000000,0,0.00000000,0.00000000,0
2025-07-30 00:00:00,0.237,0.237,0.237,0.237,0.00000000,1753847999999,0.00000000,0,0.00000000,0.00000000,0
2025-07-30 04:00:00,0.237,0.237,0.237,0.237,0.00000000,1753862399999,0.00000000,0,0.00000000,0.00000000,0
2025-07-30 08:00:00,0.237,0.237,0.237,0.237,0.00000000,1753876799999,0.00000000,0,0.00000000,0.00000000,0
2025-07-30 12:00:00,0.237,0.237,0.237,0.237,0.00000000,1753891199999,0.00000000,0,0.00000000,0.00000000,0
2025-07-30 16:00:00,0.237,0.237,0.237,0.237,0.00000000,1753905599999,0.00000000,0,0.00000000,0.00000000,0
2025-07-30 20:00:00,0.237,0.237,0.237,0.237,0.00000000,1753919999999,0.00000000,0,0.00000000,0.00000000,0
2025-07-31 00:00:00,0.237,0.237,0.237,0.237,0.00000000,1753934399999,0.00000000,0,0.00000000,0.00000000,0
2025-07-31 04:00:00,0.237,0.237,0.237,0.237,0.00000000,1753948799999,0.00000000,0,0.00000000,0.00000000,0
2025-07-31 08:00:00,0.237,0.237,0.237,0.237,0.00000000,1753963199999,0.00000000,0,0.00000000,0.00000000,0
2025-07-31 12:00:00,0.237,0.237,0.237,0.237,0.00000000,1753977599999,0.00000000,0,0.00000000,0.00000000,0
2025-07-31 16:00:00,0.237,0.237,0.237,0.237,0.00000000,1753991999999,0.00000000,0,0.00000000,0.00000000,0
2025-07-31 20:00:00,0.237,0.237,0.237,0.237,0.00000000,1754006399999,0.00000000,0,0.00000000,0.00000000,0
2025-08-01 00:00:00,0.226,0.226,0.226,0.226,110.60000000,1754020799999,24.99560000,1,0.00000000,0.00000000,0
2025-08-01 04:00:00,0.226,0.226,0.226,0.226,0.00000000,1754035199999,0.00000000,0,0.00000000,0.00000000,0
2025-08-01 08:00:00,0.226,0.226,0.226,0.226,0.00000000,1754049599999,0.00000000,0,0.00000000,0.00000000,0
2025-08-01 12:00:00,0.226,0.226,0.226,0.226,0.00000000,1754063999999,0.00000000,0,0.00000000,0.00000000,0
2025-08-01 16:00:00,0.226,0.226,0.226,0.226,0.00000000,1754078399999,0.00000000,0,0.00000000,0.00000000,0
2025-08-01 20:00:00,0.226,0.226,0.226,0.226,0.00000000,1754092799999,0.00000000,0,0.00000000,0.00000000,0
2025-08-02 00:00:00,0.226,0.226,0.226,0.226,0.00000000,1754107199999,0.00000000,0,0.00000000,0.00000000,0
2025-08-02 04:00:00,0.226,0.226,0.226,0.226,0.00000000,1754121599999,0.00000000,0,0.00000000,0.00000000,0
2025-08-02 08:00:00,0.226,0.226,0.226,0.226,0.00000000,1754135999999,0.00000000,0,0.00000000,0.00000000,0
2025-08-02 12:00:00,0.226,0.226,0.226,0.226,0.00000000,1754150399999,0.00000000,0,0.00000000,0.00000000,0
2025-08-02 16:00:00,0.226,0.226,0.226,0.226,0.00000000,1754164799999,0.00000000,0,0.00000000,0.00000000,0
2025-08-02 20:00:00,0.226,0.226,0.226,0.226,0.00000000,1754179199999,0.00000000,0,0.00000000,0.00000000,0
2025-08-03 00:00:00,0.226,0.226,0.226,0.226,0.00000000,1754193599999,0.00000000,0,0.00000000,0.00000000,0
2025-08-03 04:00:00,0.226,0.226,0.226,0.226,0.00000000,1754207999999,0.00000000,0,0.00000000,0.00000000,0
2025-08-03 08:00:00,0.226,0.226,0.226,0.226,0.00000000,1754222399999,0.00000000,0,0.00000000,0.00000000,0
2025-08-03 12:00:00,0.226,0.226,0.226,0.226,0.00000000,1754236799999,0.00000000,0,0.00000000,0.00000000,0
2025-08-03 16:00:00,0.226,0.226,0.226,0.226,0.00000000,1754251199999,0.00000000,0,0.00000000,0.00000000,0
2025-08-03 20:00:00,0.226,0.226,0.226,0.226,0.00000000,1754265599999,0.00000000,0,0.00000000,0.00000000,0
2025-08-04 00:00:00,0.226,0.226,0.226,0.226,0.00000000,1754279999999,0.00000000,0,0.00000000,0.00000000,0
2025-08-04 04:00:00,0.226,0.226,0.226,0.226,0.00000000,1754294399999,0.00000000,0,0.00000000,0.00000000,0
2025-08-04 08:00:00,0.226,0.226,0.226,0.226,0.00000000,1754308799999,0.00000000,0,0.00000000,0.00000000,0
2025-08-04 12:00:00,0.226,0.226,0.226,0.226,0.00000000,1754323199999,0.00000000,0,0.00000000,0.00000000,0
2025-08-04 16:00:00,0.245,0.245,0.245,0.245,150.10000000,1754337599999,36.77450000,1,150.10000000,36.77450000,0
2025-08-04 20:00:00,0.245,0.245,0.245,0.245,0.00000000,1754351999999,0.00000000,0,0.00000000,0.00000000,0
2025-08-05 00:00:00,0.245,0.245,0.245,0.245,0.00000000,1754366399999,0.00000000,0,0.00000000,0.00000000,0
2025-08-05 04:00:00,0.245,0.245,0.245,0.245,0.00000000,1754380799999,0.00000000,0,0.00000000,0.00000000,0
2025-08-05 08:00:00,0.245,0.245,0.245,0.245,0.00000000,1754395199999,0.00000000,0,0.00000000,0.00000000,0
2025-08-05 12:00:00,0.245,0.245,0.245,0.245,0.00000000,1754409599999,0.00000000,0,0.00000000,0.00000000,0
2025-08-05 16:00:00,0.245,0.245,0.245,0.245,0.00000000,1754423999999,0.00000000,0,0.00000000,0.00000000,0
2025-08-05 20:00:00,0.245,0.245,0.245,0.245,0.00000000,1754438399999,0.00000000,0,0.00000000,0.00000000,0
2025-08-06 00:00:00,0.199,0.199,0.199,0.199,147.00000000,1754452799999,29.25300000,1,0.00000000,0.00000000,0
2025-08-06 04:00:00,0.199,0.199,0.199,0.199,0.00000000,1754467199999,0.00000000,0,0.00000000,0.00000000,0
2025-08-06 08:00:00,0.199,0.199,0.199,0.199,0.00000000,1754481599999,0.00000000,0,0.00000000,0.00000000,0
2025-08-06 12:00:00,0.199,0.199,0.199,0.199,0.00000000,1754495999999,0.00000000,0,0.00000000,0.00000000,0
2025-08-06 16:00:00,0.199,0.199,0.199,0.199,0.00000000,1754510399999,0.00000000,0,0.00000000,0.00000000,0
2025-08-06 20:00:00,0.199,0.199,0.199,0.199,0.00000000,1754524799999,0.00000000,0,0.00000000,0.00000000,0
2025-08-07 00:00:00,0.199,0.199,0.199,0.199,0.00000000,1754539199999,0.00000000,0,0.00000000,0.00000000,0
2025-08-07 04:00:00,0.199,0.199,0.199,0.199,0.00000000,1754553599999,0.00000000,0,0.00000000,0.00000000,0
2025-08-07 08:00:00,0.199,0.199,0.199,0.199,0.00000000,1754567999999,0.00000000,0,0.00000000,0.00000000,0
2025-08-07 12:00:00,0.199,0.199,0.199,0.199,0.00000000,1754582399999,0.00000000,0,0.00000000,0.00000000,0
2025-08-07 16:00:00,0.199,0.199,0.199,0.199,0.00000000,1754596799999,0.00000000,0,0.00000000,0.00000000,0
2025-08-07 20:00:00,0.199,0.199,0.199,0.199,0.00000000,1754611199999,0.00000000,0,0.00000000,0.00000000,0
2025-08-08 00:00:00,0.199,0.199,0.199,0.199,0.00000000,1754625599999,0.00000000,0,0.00000000,0.00000000,0
2025-08-08 04:00:00,0.199,0.199,0.199,0.199,0.00000000,1754639999999,0.00000000,0,0.00000000,0.00000000,0
2025-08-08 08:00:00,0.199,0.199,0.199,0.199,0.00000000,1754654399999,0.00000000,0,0.00000000,0.00000000,0
2025-08-08 12:00:00,0.199,0.199,0.199,0.199,0.00000000,1754668799999,0.00000000,0,0.00000000,0.00000000,0
2025-08-08 16:00:00,0.199,0.199,0.199,0.199,0.00000000,1754683199999,0.00000000,0,0.00000000,0.00000000,0
2025-08-08 20:00:00,0.199,0.199,0.199,0.199,0.00000000,1754697599999,0.00000000,0,0.00000000,0.00000000,0
2025-08-09 00:00:00,0.199,0.199,0.199,0.199,0.00000000,1754711999999,0.00000000,0,0.00000000,0.00000000,0
2025-08-09 04:00:00,0.199,0.199,0.199,0.199,0.00000000,1754726399999,0.00000000,0,0.00000000,0.00000000,0
2025-08-09 08:00:00,0.199,0.199,0.199,0.199,0.00000000,1754740799999,0.00000000,0,0.00000000,0.00000000,0
2025-08-09 12:00:00,0.199,0.199,0.199,0.199,0.00000000,1754755199999,0.00000000,0,0.00000000,0.00000000,0
2025-08-09 16:00:00,0.199,0.199,0.199,0.199,0.00000000,1754769599999,0.00000000,0,0.00000000,0.00000000,0
2025-08-09 20:00:00,0.199,0.199,0.199,0.199,0.00000000,1754783999999,0.00000000,0,0.00000000,0.00000000,0
2025-08-10 00:00:00,0.22,0.246,0.206,0.246,184.00000000,1754798399999,42.80180000,4,97.00000000,23.86200000,0
2025-08-10 04:00:00,0.22,0.22,0.22,0.22,97.00000000,1754812799999,21.34000000,2,0.00000000,0.00000000,0
2025-08-10 08:00:00,0.22,0.22,0.22,0.22,0.00000000,1754827199999,0.00000000,0,0.00000000,0.00000000,0
2025-08-10 12:00:00,0.22,0.22,0.22,0.22,0.00000000,1754841599999,0.00000000,0,0.00000000,0.00000000,0
2025-08-10 16:00:00,0.22,0.22,0.22,0.22,0.00000000,1754855999999,0.00000000,0,0.00000000,0.00000000,0
2025-08-10 20:00:00,0.255,0.263,0.253,0.253,213.50000000,1754870399999,54.66710000,3,213.50000000,54.66710000,0
2025-08-11 00:00:00,0.253,0.253,0.253,0.253,637.00000000,1754884799999,161.16100000,1,0.00000000,0.00000000,0
2025-08-11 04:00:00,0.253,0.253,0.253,0.253,0.00000000,1754899199999,0.00000000,0,0.00000000,0.00000000,0
2025-08-11 08:00:00,0.253,0.253,0.253,0.253,0.00000000,1754913599999,0.00000000,0,0.00000000,0.00000000,0
2025-08-11 12:00:00,0.235,0.235,0.222,0.222,170.20000000,1754927999999,39.44580000,3,127.80000000,30.03300000,0
2025-08-11 16:00:00,0.222,0.222,0.222,0.222,0.00000000,1754942399999,0.00000000,0,0.00000000,0.00000000,0
2025-08-11 20:00:00,0.222,0.222,0.222,0.222,0.00000000,1754956799999,0.00000000,0,0.00000000,0.00000000,0
2025-08-12 00:00:00,0.222,0.222,0.222,0.222,0.00000000,1754971199999,0.00000000,0,0.00000000,0.00000000,0
2025-08-12 04:00:00,0.22,0.242,0.22,0.22,226.70000000,1754985599999,50.87060000,3,45.30000000,10.96260000,0
2025-08-12 08:00:00,0.22,0.22,0.22,0.22,0.00000000,1754999999999,0.00000000,0,0.00000000,0.00000000,0
2025-08-12 12:00:00,0.22,0.22,0.22,0.22,0.00000000,1755014399999,0.00000000,0,0.00000000,0.00000000,0
2025-08-12 16:00:00,0.22,0.22,0.22,0.22,0.00000000,1755028799999,0.00000000,0,0.00000000,0.00000000,0
2025-08-12 20:00:00,0.22,0.22,0.22,0.22,0.00000000,1755043199999,0.00000000,0,0.00000000,0.00000000,0
2025-08-13 00:00:00,0.223,0.223,0.223,0.223,36.00000000,1755057599999,8.02800000,1,0.00000000,0.00000000,0
2025-08-13 04:00:00,0.223,0.223,0.223,0.223,0.00000000,1755071999999,0.00000000,0,0.00000000,0.00000000,0
2025-08-13 08:00:00,0.223,0.223,0.223,0.223,9.00000000,1755086399999,2.00700000,1,0.00000000,0.00000000,0
2025-08-13 12:00:00,0.223,0.223,0.223,0.223,0.00000000,1755100799999,0.00000000,0,0.00000000,0.00000000,0
2025-08-13 16:00:00,0.223,0.223,0.223,0.223,0.00000000,1755115199999,0.00000000,0,0.00000000,0.00000000,0
2025-08-13 20:00:00,0.223,0.223,0.223,0.223,0.00000000,1755129599999,0.00000000,0,0.00000000,0.00000000,0
2025-08-14 00:00:00,0.244,0.244,0.244,0.244,37.40000000,1755143999999,9.12560000,2,37.40000000,9.12560000,0
2025-08-14 04:00:00,0.244,0.244,0.244,0.244,0.00000000,1755158399999,0.00000000,0,0.00000000,0.00000000,0
2025-08-14 08:00:00,0.244,0.244,0.244,0.244,0.00000000,1755172799999,0.00000000,0,0.00000000,0.00000000,0
2025-08-14 12:00:00,0.244,0.244,0.244,0.244,0.00000000,1755187199999,0.00000000,0,0.00000000,0.00000000,0
2025-08-14 16:00:00,0.244,0.244,0.244,0.244,0.00000000,1755201599999,0.00000000,0,0.00000000,0.00000000,0
2025-08-14 20:00:00,0.244,0.244,0.244,0.244,0.00000000,1755215999999,0.00000000,0,0.00000000,0.00000000,0
2025-08-15 00:00:00,0.244,0.244,0.244,0.244,0.00000000,1755230399999,0.00000000,0,0.00000000,0.00000000,0
2025-08-15 04:00:00,0.244,0.244,0.244,0.244,0.00000000,1755244799999,0.00000000,0,0.00000000,0.00000000,0
2025-08-15 08:00:00,0.244,0.244,0.244,0.244,0.00000000,1755259199999,0.00000000,0,0.00000000,0.00000000,0
2025-08-15 12:00:00,0.244,0.244,0.244,0.244,0.00000000,1755273599999,0.00000000,0,0.00000000,0.00000000,0
2025-08-15 16:00:00,0.244,0.244,0.244,0.244,0.00000000,1755287999999,0.00000000,0,0.00000000,0.00000000,0
2025-08-15 20:00:00,0.244,0.244,0.244,0.244,0.00000000,1755302399999,0.00000000,0,0.00000000,0.00000000,0
2025-08-16 00:00:00,0.244,0.244,0.244,0.244,0.00000000,1755316799999,0.00000000,0,0.00000000,0.00000000,0
2025-08-16 04:00:00,0.244,0.244,0.244,0.244,0.00000000,1755331199999,0.00000000,0,0.00000000,0.00000000,0
2025-08-16 08:00:00,0.244,0.244,0.244,0.244,0.00000000,1755345599999,0.00000000,0,0.00000000,0.00000000,0
2025-08-16 12:00:00,0.244,0.244,0.244,0.244,0.00000000,1755359999999,0.00000000,0,0.00000000,0.00000000,0
2025-08-16 16:00:00,0.236,0.236,0.236,0.236,8.40000000,1755374399999,1.98240000,1,8.40000000,1.98240000,0
2025-08-16 20:00:00,0.236,0.236,0.236,0.236,0.00000000,1755388799999,0.00000000,0,0.00000000,0.00000000,0
2025-08-17 00:00:00,0.236,0.236,0.236,0.236,0.00000000,1755403199999,0.00000000,0,0.00000000,0.00000000,0
2025-08-17 04:00:00,0.228,0.228,0.228,0.228,2192.90000000,1755417599999,499.98120000,12,0.00000000,0.00000000,0
2025-08-17 08:00:00,0.228,0.228,0.228,0.228,0.00000000,1755431999999,0.00000000,0,0.00000000,0.00000000,0
2025-08-17 12:00:00,0.228,0.228,0.228,0.228,0.00000000,1755446399999,0.00000000,0,0.00000000,0.00000000,0
2025-08-17 16:00:00,0.228,0.228,0.228,0.228,0.00000000,1755460799999,0.00000000,0,0.00000000,0.00000000,0
2025-08-17 20:00:00,0.228,0.228,0.228,0.228,0.00000000,1755475199999,0.00000000,0,0.00000000,0.00000000,0
2025-08-18 00:00:00,0.228,0.228,0.228,0.228,0.00000000,1755489599999,0.00000000,0,0.00000000,0.00000000,0
2025-08-18 04:00:00,0.228,0.228,0.228,0.228,0.00000000,1755503999999,0.00000000,0,0.00000000,0.00000000,0
2025-08-18 08:00:00,0.228,0.228,0.228,0.228,0.00000000,1755518399999,0.00000000,0,0.00000000,0.00000000,0
2025-08-18 12:00:00,0.228,0.228,0.228,0.228,0.00000000,1755532799999,0.00000000,0,0.00000000,0.00000000,0
2025-08-18 16:00:00,0.228,0.228,0.228,0.228,0.00000000,1755547199999,0.00000000,0,0.00000000,0.00000000,0
2025-08-18 20:00:00,0.228,0.228,0.228,0.228,0.00000000,1755561599999,0.00000000,0,0.00000000,0.00000000,0
2025-08-19 00:00:00,0.228,0.228,0.228,0.228,0.00000000,1755575999999,0.00000000,0,0.00000000,0.00000000,0
2025-08-19 04:00:00,0.228,0.228,0.228,0.228,0.00000000,1755590399999,0.00000000,0,0.00000000,0.00000000,0
2025-08-19 08:00:00,0.228,0.228,0.228,0.228,0.00000000,1755604799999,0.00000000,0,0.00000000,0.00000000,0
2025-08-19 12:00:00,0.228,0.228,0.228,0.228,0.00000000,1755619199999,0.00000000,0,0.00000000,0.00000000,0
2025-08-19 16:00:00,0.228,0.228,0.228,0.228,0.00000000,1755633599999,0.00000000,0,0.00000000,0.00000000,0
2025-08-19 20:00:00,0.228,0.228,0.228,0.228,0.00000000,1755647999999,0.00000000,0,0.00000000,0.00000000,0
2025-08-20 00:00:00,0.228,0.228,0.228,0.228,0.00000000,1755662399999,0.00000000,0,0.00000000,0.00000000,0
2025-08-20 04:00:00,0.228,0.228,0.228,0.228,0.00000000,1755676799999,0.00000000,0,0.00000000,0.00000000,0
2025-08-20 08:00:00,0.228,0.228,0.228,0.228,0.00000000,1755691199999,0.00000000,0,0.00000000,0.00000000,0
2025-08-20 12:00:00,0.228,0.228,0.228,0.228,0.00000000,1755705599999,0.00000000,0,0.00000000,0.00000000,0
2025-08-20 16:00:00,0.227,0.227,0.22,0.22,706.90000000,1755719999999,156.02550000,3,706.90000000,156.02550000,0
2025-08-20 20:00:00,0.22,0.22,0.22,0.22,10.70000000,1755734399999,2.35400000,1,0.00000000,0.00000000,0
2025-08-21 00:00:00,0.22,0.232,0.213,0.213,530.00000000,1755748799999,116.81550000,4,43.10000000,9.99920000,0
2025-08-21 04:00:00,0.213,0.213,0.213,0.213,0.00000000,1755763199999,0.00000000,0,0.00000000,0.00000000,0
2025-08-21 08:00:00,0.213,0.213,0.213,0.213,0.00000000,1755777599999,0.00000000,0,0.00000000,0.00000000,0
2025-08-21 12:00:00,0.213,0.213,0.213,0.213,0.00000000,1755791999999,0.00000000,0,0.00000000,0.00000000,0
2025-08-21 16:00:00,0.213,0.213,0.213,0.213,0.00000000,1755806399999,0.00000000,0,0.00000000,0.00000000,0
2025-08-21 20:00:00,0.213,0.213,0.213,0.213,0.00000000,1755820799999,0.00000000,0,0.00000000,0.00000000,0
2025-08-22 00:00:00,0.213,0.213,0.213,0.213,0.00000000,1755835199999,0.00000000,0,0.00000000,0.00000000,0
2025-08-22 04:00:00,0.231,0.231,0.231,0.231,54.00000000,1755849599999,12.47400000,1,54.00000000,12.47400000,0
2025-08-22 08:00:00,0.231,0.231,0.231,0.231,0.00000000,1755863999999,0.00000000,0,0.00000000,0.00000000,0
2025-08-22 12:00:00,0.231,0.231,0.231,0.231,0.00000000,1755878399999,0.00000000,0,0.00000000,0.00000000,0
2025-08-22 16:00:00,0.231,0.231,0.231,0.231,0.00000000,1755892799999,0.00000000,0,0.00000000,0.00000000,0
2025-08-22 20:00:00,0.231,0.231,0.231,0.231,0.00000000,1755907199999,0.00000000,0,0.00000000,0.00000000,0
2025-08-23 00:00:00,0.231,0.231,0.231,0.231,0.00000000,1755921599999,0.00000000,0,0.00000000,0.00000000,0
2025-08-23 04:00:00,0.231,0.231,0.231,0.231,0.00000000,1755935999999,0.00000000,0,0.00000000,0.00000000,0
2025-08-23 08:00:00,0.231,0.231,0.231,0.231,0.00000000,1755950399999,0.00000000,0,0.00000000,0.00000000,0
2025-08-23 12:00:00,0.231,0.231,0.231,0.231,0.00000000,1755964799999,0.00000000,0,0.00000000,0.00000000,0
2025-08-23 16:00:00,0.231,0.231,0.231,0.231,0.00000000,1755979199999,0.00000000,0,0.00000000,0.00000000,0
2025-08-23 20:00:00,0.231,0.231,0.231,0.231,69.10000000,1755993599999,15.96210000,2,69.10000000,15.96210000,0
2025-08-24 00:00:00,0.231,0.231,0.231,0.231,0.00000000,1756007999999,0.00000000,0,0.00000000,0.00000000,0
2025-08-24 04:00:00,0.231,0.231,0.231,0.231,0.00000000,1756022399999,0.00000000,0,0.00000000,0.00000000,0
2025-08-24 08:00:00,0.231,0.231,0.231,0.231,0.00000000,1756036799999,0.00000000,0,0.00000000,0.00000000,0
2025-08-24 12:00:00,0.231,0.231,0.231,0.231,0.00000000,1756051199999,0.00000000,0,0.00000000,0.00000000,0
2025-08-24 16:00:00,0.231,0.231,0.231,0.231,0.00000000,1756065599999,0.00000000,0,0.00000000,0.00000000,0
2025-08-24 20:00:00,0.231,0.231,0.231,0.231,0.00000000,1756079999999,0.00000000,0,0.00000000,0.00000000,0
2025-08-25 00:00:00,0.231,0.231,0.231,0.231,0.00000000,1756094399999,0.00000000,0,0.00000000,0.00000000,0
2025-08-25 04:00:00,0.231,0.231,0.231,0.231,0.00000000,1756108799999,0.00000000,0,0.00000000,0.00000000,0
2025-08-25 08:00:00,0.231,0.231,0.231,0.231,0.00000000,1756123199999,0.00000000,0,0.00000000,0.00000000,0
2025-08-25 12:00:00,0.231,0.231,0.231,0.231,0.00000000,1756137599999,0.00000000,0,0.00000000,0.00000000,0
2025-08-25 16:00:00,0.284,0.284,0.256,0.257,1106.40000000,1756151999999,290.08020000,10,553.70000000,148.31300000,0
2025-08-25 20:00:00,0.257,0.257,0.257,0.257,0.00000000,1756166399999,0.00000000,0,0.00000000,0.00000000,0
2025-08-26 00:00:00,0.257,0.257,0.257,0.257,0.00000000,1756180799999,0.00000000,0,0.00000000,0.00000000,0
2025-08-26 04:00:00,0.234,0.234,0.197,0.197,305.50000000,1756195199999,61.56820000,6,290.20000000,58.54660000,0
2025-08-26 08:00:00,0.197,0.197,0.197,0.197,0.00000000,1756209599999,0.00000000,0,0.00000000,0.00000000,0
2025-08-26 12:00:00,0.208,0.21,0.201,0.209,396.90000000,1756223999999,82.37710000,7,287.40000000,60.06800000,0
2025-08-26 16:00:00,0.217,0.217,0.217,0.217,26.20000000,1756238399999,5.68540000,1,26.20000000,5.68540000,0
2025-08-26 20:00:00,0.212,0.212,0.211,0.211,987.80000000,1756252799999,209.08130000,3,0.00000000,0.00000000,0
2025-08-27 00:00:00,0.21,0.216,0.21,0.215,502.30000000,1756267199999,105.93410000,3,81.90000000,17.65010000,0
2025-08-27 04:00:00,0.216,0.216,0.203,0.203,50.70000000,1756281599999,10.63010000,2,26.00000000,5.61600000,0
2025-08-27 08:00:00,0.2,0.207,0.2,0.207,257.70000000,1756295999999,53.27460000,2,0.00000000,0.00000000,0
2025-08-27 12:00:00,0.207,0.207,0.207,0.207,0.00000000,1756310399999,0.00000000,0,0.00000000,0.00000000,0
2025-08-27 16:00:00,0.197,0.197,0.196,0.196,74.60000000,1756324799999,14.67230000,2,0.00000000,0.00000000,0
2025-08-27 20:00:00,0.195,0.195,0.194,0.194,84.80000000,1756339199999,16.50120000,2,0.00000000,0.00000000,0
2025-08-28 00:00:00,0.205,0.217,0.205,0.216,283.80000000,1756353599999,59.85780000,3,283.80000000,59.85780000,0
2025-08-28 04:00:00,0.216,0.216,0.216,0.216,0.00000000,1756367999999,0.00000000,0,0.00000000,0.00000000,0
2025-08-28 08:00:00,0.194,0.194,0.194,0.194,89.40000000,1756382399999,17.34360000,1,0.00000000,0.00000000,0
2025-08-28 12:00:00,0.196,0.196,0.196,0.196,6.30000000,1756396799999,1.23480000,1,0.00000000,0.00000000,0
2025-08-28 16:00:00,0.196,0.196,0.196,0.196,0.00000000,1756411199999,0.00000000,0,0.00000000,0.00000000,0
2025-08-28 20:00:00,0.197,0.21,0.197,0.21,37.70000000,1756425599999,7.73500000,2,23.70000000,4.97700000,0
2025-08-29 00:00:00,0.21,0.21,0.21,0.21,0.00000000,1756439999999,0.00000000,0,0.00000000,0.00000000,0
2025-08-29 04:00:00,0.21,0.21,0.21,0.21,0.00000000,1756454399999,0.00000000,0,0.00000000,0.00000000,0
2025-08-29 08:00:00,0.21,0.21,0.21,0.21,0.00000000,1756468799999,0.00000000,0,0.00000000,0.00000000,0
2025-08-29 12:00:00,0.207,0.207,0.207,0.207,24.10000000,1756483199999,4.98870000,1,24.10000000,4.98870000,0
2025-08-29 16:00:00,0.207,0.207,0.207,0.207,0.00000000,1756497599999,0.00000000,0,0.00000000,0.00000000,0
2025-08-29 20:00:00,0.194,0.194,0.194,0.194,51.40000000,1756511999999,9.97160000,1,51.40000000,9.97160000,0
2025-08-30 00:00:00,0.194,0.194,0.194,0.194,0.00000000,1756526399999,0.00000000,0,0.00000000,0.00000000,0
2025-08-30 04:00:00,0.194,0.194,0.194,0.194,0.00000000,1756540799999,0.00000000,0,0.00000000,0.00000000,0
2025-08-30 08:00:00,0.194,0.194,0.194,0.194,0.00000000,1756555199999,0.00000000,0,0.00000000,0.00000000,0
2025-08-30 12:00:00,0.217,0.217,0.191,0.203,703.00000000,1756569599999,146.06020000,8,296.10000000,63.75950000,0
2025-08-30 16:00:00,0.203,0.203,0.203,0.203,0.00000000,1756583999999,0.00000000,0,0.00000000,0.00000000,0
2025-08-30 20:00:00,0.196,0.196,0.196,0.196,11.00000000,1756598399999,2.15600000,1,0.00000000,0.00000000,0
2025-08-31 00:00:00,0.196,0.196,0.196,0.196,0.00000000,1756612799999,0.00000000,0,0.00000000,0.00000000,0
2025-08-31 04:00:00,0.196,0.196,0.196,0.196,0.00000000,1756627199999,0.00000000,0,0.00000000,0.00000000,0
2025-08-31 08:00:00,0.193,0.193,0.193,0.193,13.30000000,1756641599999,2.56690000,1,0.00000000,0.00000000,0
2025-08-31 12:00:00,0.193,0.193,0.193,0.193,0.00000000,1756655999999,0.00000000,0,0.00000000,0.00000000,0
2025-08-31 16:00:00,0.209,0.209,0.209,0.209,10.00000000,1756670399999,2.09000000,1,10.00000000,2.09000000,0
2025-08-31 20:00:00,0.209,0.209,0.209,0.209,0.00000000,1756684799999,0.00000000,0,0.00000000,0.00000000,0
2025-09-01 00:00:00,0.209,0.209,0.209,0.209,0.00000000,1756699199999,0.00000000,0,0.00000000,0.00000000,0
2025-09-01 04:00:00,0.202,0.202,0.202,0.202,5.90000000,1756713599999,1.19180000,1,5.90000000,1.19180000,0
2025-09-01 08:00:00,0.202,0.202,0.202,0.202,0.00000000,1756727999999,0.00000000,0,0.00000000,0.00000000,0
2025-09-01 12:00:00,0.202,0.202,0.202,0.202,0.00000000,1756742399999,0.00000000,0,0.00000000,0.00000000,0
2025-09-01 16:00:00,0.202,0.202,0.202,0.202,0.00000000,1756756799999,0.00000000,0,0.00000000,0.00000000,0
2025-09-01 20:00:00,0.202,0.202,0.202,0.202,0.00000000,1756771199999,0.00000000,0,0.00000000,0.00000000,0
2025-09-02 00:00:00,0.202,0.202,0.202,0.202,0.00000000,1756785599999,0.00000000,0,0.00000000,0.00000000,0
2025-09-02 04:00:00,0.202,0.202,0.202,0.202,0.00000000,1756799999999,0.00000000,0,0.00000000,0.00000000,0
2025-09-02 08:00:00,0.202,0.202,0.202,0.202,0.00000000,1756814399999,0.00000000,0,0.00000000,0.00000000,0
2025-09-02 12:00:00,0.202,0.202,0.202,0.202,0.00000000,1756828799999,0.00000000,0,0.00000000,0.00000000,0
2025-09-02 16:00:00,0.202,0.202,0.202,0.202,0.00000000,1756843199999,0.00000000,0,0.00000000,0.00000000,0
2025-09-02 20:00:00,0.202,0.202,0.202,0.202,0.00000000,1756857599999,0.00000000,0,0.00000000,0.00000000,0
2025-09-03 00:00:00,0.202,0.202,0.202,0.202,0.00000000,1756871999999,0.00000000,0,0.00000000,0.00000000,0
2025-09-03 04:00:00,0.202,0.202,0.202,0.202,0.00000000,1756886399999,0.00000000,0,0.00000000,0.00000000,0
2025-09-03 08:00:00,0.202,0.202,0.202,0.202,0.00000000,1756900799999,0.00000000,0,0.00000000,0.00000000,0
2025-09-03 12:00:00,0.202,0.202,0.202,0.202,0.00000000,1756915199999,0.00000000,0,0.00000000,0.00000000,0
2025-09-03 16:00:00,0.202,0.202,0.202,0.202,0.00000000,1756929599999,0.00000000,0,0.00000000,0.00000000,0
2025-09-03 20:00:00,0.202,0.202,0.202,0.202,0.00000000,1756943999999,0.00000000,0,0.00000000,0.00000000,0
2025-09-04 00:00:00,0.202,0.202,0.202,0.202,0.00000000,1756958399999,0.00000000,0,0.00000000,0.00000000,0
2025-09-04 04:00:00,0.202,0.202,0.202,0.202,0.00000000,1756972799999,0.00000000,0,0.00000000,0.00000000,0
2025-09-04 08:00:00,0.202,0.202,0.202,0.202,0.00000000,1756987199999,0.00000000,0,0.00000000,0.00000000,0
2025-09-04 12:00:00,0.202,0.202,0.202,0.202,0.00000000,1757001599999,0.00000000,0,0.00000000,0.00000000,0
2025-09-04 16:00:00,0.202,0.202,0.202,0.202,0.00000000,1757015999999,0.00000000,0,0.00000000,0.00000000,0
2025-09-04 20:00:00,0.202,0.202,0.202,0.202,0.00000000,1757030399999,0.00000000,0,0.00000000,0.00000000,0
2025-09-05 00:00:00,0.202,0.202,0.202,0.202,0.00000000,1757044799999,0.00000000,0,0.00000000,0.00000000,0
2025-09-05 04:00:00,0.202,0.202,0.202,0.202,0.00000000,1757059199999,0.00000000,0,0.00000000,0.00000000,0
2025-09-05 08:00:00,0.202,0.202,0.202,0.202,0.00000000,1757073599999,0.00000000,0,0.00000000,0.00000000,0
2025-09-05 12:00:00,0.186,0.202,0.186,0.202,135.50000000,1757087999999,25.86640000,4,100.80000000,19.41220000,0
2025-09-05 16:00:00,0.202,0.202,0.202,0.202,0.00000000,1757102399999,0.00000000,0,0.00000000,0.00000000,0
2025-09-05 20:00:00,0.202,0.202,0.202,0.202,0.00000000,1757116799999,0.00000000,0,0.00000000,0.00000000,0
2025-09-06 00:00:00,0.19,0.19,0.19,0.19,91.00000000,1757131199999,17.29000000,1,0.00000000,0.00000000,0
2025-09-06 04:00:00,0.19,0.19,0.19,0.19,0.00000000,1757145599999,0.00000000,0,0.00000000,0.00000000,0
2025-09-06 08:00:00,0.19,0.19,0.19,0.19,0.00000000,1757159999999,0.00000000,0,0.00000000,0.00000000,0
2025-09-06 12:00:00,0.19,0.19,0.19,0.19,0.00000000,1757174399999,0.00000000,0,0.00000000,0.00000000,0
2025-09-06 16:00:00,0.19,0.19,0.19,0.19,0.00000000,1757188799999,0.00000000,0,0.00000000,0.00000000,0
2025-09-06 20:00:00,0.19,0.19,0.19,0.19,0.00000000,1757203199999,0.00000000,0,0.00000000,0.00000000,0
2025-09-07 00:00:00,0.19,0.19,0.19,0.19,0.00000000,1757217599999,0.00000000,0,0.00000000,0.00000000,0
2025-09-07 04:00:00,0.19,0.19,0.19,0.19,0.00000000,1757231999999,0.00000000,0,0.00000000,0.00000000,0
2025-09-07 08:00:00,0.19,0.19,0.19,0.19,0.00000000,1757246399999,0.00000000,0,0.00000000,0.00000000,0
2025-09-07 12:00:00,0.19,0.19,0.19,0.19,0.00000000,1757260799999,0.00000000,0,0.00000000,0.00000000,0
2025-09-07 16:00:00,0.19,0.19,0.19,0.19,0.00000000,1757275199999,0.00000000,0,0.00000000,0.00000000,0
2025-09-07 20:00:00,0.19,0.19,0.19,0.19,0.00000000,1757289599999,0.00000000,0,0.00000000,0.00000000,0
2025-09-08 00:00:00,0.19,0.19,0.19,0.19,0.00000000,1757303999999,0.00000000,0,0.00000000,0.00000000,0
2025-09-08 04:00:00,0.19,0.19,0.19,0.19,0.00000000,1757318399999,0.00000000,0,0.00000000,0.00000000,0
2025-09-08 08:00:00,0.19,0.19,0.19,0.19,0.00000000,1757332799999,0.00000000,0,0.00000000,0.00000000,0
2025-09-08 12:00:00,0.19,0.19,0.19,0.19,0.00000000,1757347199999,0.00000000,0,0.00000000,0.00000000,0
2025-09-08 16:00:00,0.19,0.19,0.19,0.19,0.00000000,1757361599999,0.00000000,0,0.00000000,0.00000000,0
2025-09-08 20:00:00,0.19,0.19,0.19,0.19,0.00000000,1757375999999,0.00000000,0,0.00000000,0.00000000,0
2025-09-09 00:00:00,0.201,0.201,0.201,0.201,99.60000000,1757390399999,20.01960000,1,99.60000000,20.01960000,0
2025-09-09 04:00:00,0.201,0.201,0.201,0.201,0.00000000,1757404799999,0.00000000,0,0.00000000,0.00000000,0
2025-09-09 08:00:00,0.201,0.201,0.201,0.201,0.00000000,1757419199999,0.00000000,0,0.00000000,0.00000000,0
2025-09-09 12:00:00,0.201,0.201,0.201,0.201,0.00000000,1757433599999,0.00000000,0,0.00000000,0.00000000,0
2025-09-09 16:00:00,0.201,0.201,0.201,0.201,0.00000000,1757447999999,0.00000000,0,0.00000000,0.00000000,0
2025-09-09 20:00:00,0.193,0.193,0.193,0.193,128.80000000,1757462399999,24.85840000,2,0.00000000,0.00000000,0
2025-09-10 00:00:00,0.193,0.193,0.193,0.193,0.00000000,1757476799999,0.00000000,0,0.00000000,0.00000000,0
2025-09-10 04:00:00,0.193,0.193,0.193,0.193,0.00000000,1757491199999,0.00000000,0,0.00000000,0.00000000,0
2025-09-10 08:00:00,0.193,0.193,0.193,0.193,0.00000000,1757505599999,0.00000000,0,0.00000000,0.00000000,0
2025-09-10 12:00:00,0.193,0.193,0.193,0.193,0.00000000,1757519999999,0.00000000,0,0.00000000,0.00000000,0
2025-09-10 16:00:00,0.203,0.203,0.203,0.203,62.10000000,1757534399999,12.60630000,1,62.10000000,12.60630000,0
2025-09-10 20:00:00,0.203,0.203,0.203,0.203,0.00000000,1757548799999,0.00000000,0,0.00000000,0.00000000,0
2025-09-11 00:00:00,0.203,0.203,0.203,0.203,0.00000000,1757563199999,0.00000000,0,0.00000000,0.00000000,0
2025-09-11 04:00:00,0.203,0.203,0.203,0.203,0.00000000,1757577599999,0.00000000,0,0.00000000,0.00000000,0
2025-09-11 08:00:00,0.203,0.203,0.203,0.203,0.00000000,1757591999999,0.00000000,0,0.00000000,0.00000000,0
2025-09-11 12:00:00,0.203,0.203,0.203,0.203,0.00000000,1757606399999,0.00000000,0,0.00000000,0.00000000,0
2025-09-11 16:00:00,0.203,0.203,0.203,0.203,0.00000000,1757620799999,0.00000000,0,0.00000000,0.00000000,0
2025-09-11 20:00:00,0.203,0.203,0.203,0.203,0.00000000,1757635199999,0.00000000,0,0.00000000,0.00000000,0
2025-09-12 00:00:00,0.203,0.203,0.203,0.203,0.00000000,1757649599999,0.00000000,0,0.00000000,0.00000000,0
2025-09-12 04:00:00,0.203,0.203,0.203,0.203,0.00000000,1757663999999,0.00000000,0,0.00000000,0.00000000,0
2025-09-12 08:00:00,0.204,0.204,0.202,0.202,875.70000000,1757678399999,178.03250000,5,875.70000000,178.03250000,0
2025-09-12 12:00:00,0.202,0.202,0.202,0.202,0.00000000,1757692799999,0.00000000,0,0.00000000,0.00000000,0
2025-09-12 16:00:00,0.202,0.202,0.202,0.202,0.00000000,1757707199999,0.00000000,0,0.00000000,0.00000000,0
2025-09-12 20:00:00,0.208,0.208,0.208,0.208,48.00000000,1757721599999,9.98400000,1,48.00000000,9.98400000,0
2025-09-13 00:00:00,0.208,0.208,0.208,0.208,0.00000000,1757735999999,0.00000000,0,0.00000000,0.00000000,0
2025-09-13 04:00:00,0.208,0.208,0.208,0.208,0.00000000,1757750399999,0.00000000,0,0.00000000,0.00000000,0
2025-09-13 08:00:00,0.208,0.208,0.208,0.208,0.00000000,1757764799999,0.00000000,0,0.00000000,0.00000000,0
2025-09-13 12:00:00,0.208,0.208,0.208,0.208,0.00000000,1757779199999,0.00000000,0,0.00000000,0.00000000,0
2025-09-13 16:00:00,0.208,0.208,0.208,0.208,0.00000000,1757793599999,0.00000000,0,0.00000000,0.00000000,0
2025-09-13 20:00:00,0.208,0.208,0.208,0.208,0.00000000,1757807999999,0.00000000,0,0.00000000,0.00000000,0
2025-09-14 00:00:00,0.208,0.208,0.208,0.208,0.00000000,1757822399999,0.00000000,0,0.00000000,0.00000000,0
2025-09-14 04:00:00,0.208,0.208,0.208,0.208,0.00000000,1757836799999,0.00000000,0,0.00000000,0.00000000,0
2025-09-14 08:00:00,0.208,0.208,0.208,0.208,0.00000000,1757851199999,0.00000000,0,0.00000000,0.00000000,0
2025-09-14 12:00:00,0.208,0.208,0.208,0.208,0.00000000,1757865599999,0.00000000,0,0.00000000,0.00000000,0
2025-09-14 16:00:00,0.208,0.208,0.208,0.208,0.00000000,1757879999999,0.00000000,0,0.00000000,0.00000000,0
2025-09-14 20:00:00,0.208,0.208,0.208,0.208,0.00000000,1757894399999,0.00000000,0,0.00000000,0.00000000,0
2025-09-15 00:00:00,0.208,0.208,0.208,0.208,0.00000000,1757908799999,0.00000000,0,0.00000000,0.00000000,0
2025-09-15 04:00:00,0.208,0.208,0.208,0.208,0.00000000,1757923199999,0.00000000,0,0.00000000,0.00000000,0
2025-09-15 08:00:00,0.208,0.225,0.208,0.208,5219.70000000,1757937599999,1086.78640000,19,5073.30000000,1055.62460000,0
2025-09-15 12:00:00,0.208,0.208,0.208,0.208,0.00000000,1757951999999,0.00000000,0,0.00000000,0.00000000,0
2025-09-15 16:00:00,0.208,0.208,0.208,0.208,0.00000000,1757966399999,0.00000000,0,0.00000000,0.00000000,0
2025-09-15 20:00:00,0.208,0.208,0.208,0.208,0.00000000,1757980799999,0.00000000,0,0.00000000,0.00000000,0
2025-09-16 00:00:00,0.208,0.208,0.208,0.208,0.00000000,1757995199999,0.00000000,0,0.00000000,0.00000000,0
2025-09-16 04:00:00,0.208,0.208,0.208,0.208,0.00000000,1758009599999,0.00000000,0,0.00000000,0.00000000,0
2025-09-16 08:00:00,0.208,0.208,0.208,0.208,0.00000000,1758023999999,0.00000000,0,0.00000000,0.00000000,0
2025-09-16 12:00:00,0.208,0.208,0.208,0.208,0.00000000,1758038399999,0.00000000,0,0.00000000,0.00000000,0
2025-09-16 16:00:00,0.192,0.192,0.192,0.192,36.40000000,1758052799999,6.98880000,1,0.00000000,0.00000000,0
2025-09-16 20:00:00,0.192,0.192,0.192,0.192,0.00000000,1758067199999,0.00000000,0,0.00000000,0.00000000,0
2025-09-17 00:00:00,0.192,0.192,0.192,0.192,0.00000000,1758081599999,0.00000000,0,0.00000000,0.00000000,0
2025-09-17 04:00:00,0.192,0.192,0.192,0.192,0.00000000,1758095999999,0.00000000,0,0.00000000,0.00000000,0
2025-09-17 08:00:00,0.192,0.192,0.192,0.192,0.00000000,1758110399999,0.00000000,0,0.00000000,0.00000000,0
2025-09-17 12:00:00,0.192,0.192,0.192,0.192,0.00000000,1758124799999,0.00000000,0,0.00000000,0.00000000,0
2025-09-17 16:00:00,0.192,0.192,0.192,0.192,0.00000000,1758139199999,0.00000000,0,0.00000000,0.00000000,0
2025-09-17 20:00:00,0.192,0.192,0.192,0.192,0.00000000,1758153599999,0.00000000,0,0.00000000,0.00000000,0
2025-09-18 00:00:00,0.192,0.192,0.192,0.192,0.00000000,1758167999999,0.00000000,0,0.00000000,0.00000000,0
2025-09-18 04:00:00,0.192,0.192,0.192,0.192,0.00000000,1758182399999,0.00000000,0,0.00000000,0.00000000,0
2025-09-18 08:00:00,0.192,0.192,0.192,0.192,0.00000000,1758196799999,0.00000000,0,0.00000000,0.00000000,0
2025-09-18 12:00:00,0.192,0.192,0.192,0.192,0.00000000,1758211199999,0.00000000,0,0.00000000,0.00000000,0
2025-09-18 16:00:00,0.192,0.192,0.192,0.192,0.00000000,1758225599999,0.00000000,0,0.00000000,0.00000000,0
2025-09-18 20:00:00,0.183,0.187,0.183,0.187,38.40000000,1758239999999,7.06120000,2,0.00000000,0.00000000,0
2025-09-19 00:00:00,0.187,0.187,0.187,0.187,0.00000000,1758254399999,0.00000000,0,0.00000000,0.00000000,0
2025-09-19 04:00:00,0.187,0.187,0.187,0.187,0.00000000,1758268799999,0.00000000,0,0.00000000,0.00000000,0
2025-09-19 08:00:00,0.187,0.187,0.187,0.187,0.00000000,1758283199999,0.00000000,0,0.00000000,0.00000000,0
2025-09-19 12:00:00,0.187,0.187,0.187,0.187,0.00000000,1758297599999,0.00000000,0,0.00000000,0.00000000,0
2025-09-19 16:00:00,0.187,0.187,0.187,0.187,0.00000000,1758311999999,0.00000000,0,0.00000000,0.00000000,0
2025-09-19 20:00:00,0.187,0.187,0.187,0.187,0.00000000,1758326399999,0.00000000,0,0.00000000,0.00000000,0
2025-09-20 00:00:00,0.187,0.187,0.187,0.187,0.00000000,1758340799999,0.00000000,0,0.00000000,0.00000000,0
2025-09-20 04:00:00,0.187,0.187,0.187,0.187,0.00000000,1758355199999,0.00000000,0,0.00000000,0.00000000,0
2025-09-20 08:00:00,0.187,0.187,0.187,0.187,0.00000000,1758369599999,0.00000000,0,0.00000000,0.00000000,0
2025-09-20 12:00:00,0.187,0.187,0.187,0.187,0.00000000,1758383999999,0.00000000,0,0.00000000,0.00000000,0
2025-09-20 16:00:00,0.188,0.188,0.188,0.188,74.00000000,1758398399999,13.91200000,1,0.00000000,0.00000000,0
2025-09-20 20:00:00,0.188,0.188,0.188,0.188,0.00000000,1758412799999,0.00000000,0,0.00000000,0.00000000,0
2025-09-21 00:00:00,0.188,0.188,0.188,0.188,0.00000000,1758427199999,0.00000000,0,0.00000000,0.00000000,0
2025-09-21 04:00:00,0.188,0.188,0.188,0.188,0.00000000,1758441599999,0.00000000,0,0.00000000,0.00000000,0
2025-09-21 08:00:00,0.188,0.188,0.188,0.188,0.00000000,1758455999999,0.00000000,0,0.00000000,0.00000000,0
2025-09-21 12:00:00,0.188,0.188,0.188,0.188,0.00000000,1758470399999,0.00000000,0,0.00000000,0.00000000,0
2025-09-21 16:00:00,0.188,0.188,0.188,0.188,0.00000000,1758484799999,0.00000000,0,0.00000000,0.00000000,0
2025-09-21 20:00:00,0.188,0.188,0.188,0.188,0.00000000,1758499199999,0.00000000,0,0.00000000,0.00000000,0
2025-09-22 00:00:00,0.217,0.217,0.217,0.217,5183.60000000,1758513599999,1124.84120000,9,5183.60000000,1124.84120000,0
2025-09-22 04:00:00,0.217,0.217,0.217,0.217,0.00000000,1758527999999,0.00000000,0,0.00000000,0.00000000,0
2025-09-22 08:00:00,0.217,0.217,0.217,0.217,0.00000000,1758542399999,0.00000000,0,0.00000000,0.00000000,0
2025-09-22 12:00:00,0.217,0.217,0.217,0.217,0.00000000,1758556799999,0.00000000,0,0.00000000,0.00000000,0
2025-09-22 16:00:00,0.217,0.217,0.217,0.217,0.00000000,1758571199999,0.00000000,0,0.00000000,0.00000000,0
2025-09-22 20:00:00,0.217,0.217,0.217,0.217,0.00000000,1758585599999,0.00000000,0,0.00000000,0.00000000,0
2025-09-23 00:00:00,0.217,0.217,0.217,0.217,0.00000000,1758599999999,0.00000000,0,0.00000000,0.00000000,0
2025-09-23 04:00:00,0.217,0.217,0.217,0.217,0.00000000,1758614399999,0.00000000,0,0.00000000,0.00000000,0
2025-09-23 08:00:00,0.217,0.217,0.217,0.217,0.00000000,1758628799999,0.00000000,0,0.00000000,0.00000000,0
2025-09-23 12:00:00,0.217,0.217,0.217,0.217,0.00000000,1758643199999,0.00000000,0,0.00000000,0.00000000,0
2025-09-23 16:00:00,0.217,0.217,0.217,0.217,0.00000000,1758657599999,0.00000000,0,0.00000000,0.00000000,0
2025-09-23 20:00:00,0.217,0.217,0.217,0.217,0.00000000,1758671999999,0.00000000,0,0.00000000,0.00000000,0
2025-09-24 00:00:00,0.217,0.217,0.217,0.217,0.00000000,1758686399999,0.00000000,0,0.00000000,0.00000000,0
2025-09-24 04:00:00,0.217,0.217,0.217,0.217,0.00000000,1758700799999,0.00000000,0,0.00000000,0.00000000,0
2025-09-24 08:00:00,0.217,0.217,0.217,0.217,0.00000000,1758715199999,0.00000000,0,0.00000000,0.00000000,0
2025-09-24 12:00:00,0.217,0.217,0.217,0.217,0.00000000,1758729599999,0.00000000,0,0.00000000,0.00000000,0
2025-09-24 16:00:00,0.217,0.217,0.217,0.217,0.00000000,1758743999999,0.00000000,0,0.00000000,0.00000000,0
2025-09-24 20:00:00,0.217,0.217,0.217,0.217,0.00000000,1758758399999,0.00000000,0,0.00000000,0.00000000,0
2025-09-25 00:00:00,0.217,0.217,0.217,0.217,0.00000000,1758772799999,0.00000000,0,0.00000000,0.00000000,0
2025-09-25 04:00:00,0.217,0.217,0.217,0.217,0.00000000,1758787199999,0.00000000,0,0.00000000,0.00000000,0
2025-09-25 08:00:00,0.217,0.217,0.217,0.217,0.00000000,1758801599999,0.00000000,0,0.00000000,0.00000000,0
2025-09-25 12:00:00,0.217,0.217,0.217,0.217,0.00000000,1758815999999,0.00000000,0,0.00000000,0.00000000,0
2025-09-25 16:00:00,0.217,0.217,0.217,0.217,0.00000000,1758830399999,0.00000000,0,0.00000000,0.00000000,0
2025-09-25 20:00:00,0.217,0.217,0.217,0.217,0.00000000,1758844799999,0.00000000,0,0.00000000,0.00000000,0
2025-09-26 00:00:00,0.216,0.216,0.216,0.216,14.00000000,1758859199999,3.02400000,1,14.00000000,3.02400000,0
2025-09-26 04:00:00,0.216,0.216,0.216,0.216,0.00000000,1758873599999,0.00000000,0,0.00000000,0.00000000,0
2025-09-26 08:00:00,0.216,0.216,0.216,0.216,0.00000000,1758887999999,0.00000000,0,0.00000000,0.00000000,0
2025-09-26 12:00:00,0.216,0.216,0.216,0.216,0.00000000,1758902399999,0.00000000,0,0.00000000,0.00000000,0
2025-09-26 16:00:00,0.216,0.216,0.216,0.216,0.00000000,1758916799999,0.00000000,0,0.00000000,0.00000000,0
2025-09-26 20:00:00,0.216,0.216,0.216,0.216,0.00000000,1758931199999,0.00000000,0,0.00000000,0.00000000,0
2025-09-27 00:00:00,0.216,0.216,0.216,0.216,0.00000000,1758945599999,0.00000000,0,0.00000000,0.00000000,0
2025-09-27 04:00:00,0.216,0.216,0.216,0.216,0.00000000,1758959999999,0.00000000,0,0.00000000,0.00000000,0
2025-09-27 08:00:00,0.216,0.216,0.216,0.216,0.00000000,1758974399999,0.00000000,0,0.00000000,0.00000000,0
2025-09-27 12:00:00,0.216,0.216,0.216,0.216,0.00000000,1758988799999,0.00000000,0,0.00000000,0.00000000,0
2025-09-27 16:00:00,0.216,0.216,0.216,0.216,0.00000000,1759003199999,0.00000000,0,0.00000000,0.00000000,0
2025-09-27 20:00:00,0.17,0.17,0.17,0.17,55.10000000,1759017599999,9.36700000,2,0.00000000,0.00000000,0
2025-09-28 00:00:00,0.17,0.17,0.17,0.17,0.00000000,1759031999999,0.00000000,0,0.00000000,0.00000000,0
2025-09-28 04:00:00,0.17,0.17,0.17,0.17,0.00000000,1759046399999,0.00000000,0,0.00000000,0.00000000,0
2025-09-28 08:00:00,0.17,0.17,0.17,0.17,0.00000000,1759060799999,0.00000000,0,0.00000000,0.00000000,0
2025-09-28 12:00:00,0.17,0.17,0.17,0.17,0.00000000,1759075199999,0.00000000,0,0.00000000,0.00000000,0
2025-09-28 16:00:00,0.17,0.17,0.17,0.17,0.00000000,1759089599999,0.00000000,0,0.00000000,0.00000000,0
2025-09-28 20:00:00,0.17,0.17,0.17,0.17,0.00000000,1759103999999,0.00000000,0,0.00000000,0.00000000,0
2025-09-29 00:00:00,0.17,0.17,0.17,0.17,0.00000000,1759118399999,0.00000000,0,0.00000000,0.00000000,0
2025-09-29 04:00:00,0.17,0.17,0.17,0.17,0.00000000,1759132799999,0.00000000,0,0.00000000,0.00000000,0
2025-09-29 08:00:00,0.17,0.17,0.17,0.17,0.00000000,1759147199999,0.00000000,0,0.00000000,0.00000000,0
2025-09-29 12:00:00,0.17,0.17,0.17,0.17,0.00000000,1759161599999,0.00000000,0,0.00000000,0.00000000,0
2025-09-29 16:00:00,0.17,0.17,0.17,0.17,0.00000000,1759175999999,0.00000000,0,0.00000000,0.00000000,0
2025-09-29 20:00:00,0.17,0.17,0.17,0.17,0.00000000,1759190399999,0.00000000,0,0.00000000,0.00000000,0
2025-09-30 00:00:00,0.17,0.17,0.17,0.17,0.00000000,1759204799999,0.00000000,0,0.00000000,0.00000000,0
2025-09-30 04:00:00,0.17,0.17,0.17,0.17,0.00000000,1759219199999,0.00000000,0,0.00000000,0.00000000,0
2025-09-30 08:00:00,0.17,0.17,0.17,0.17,0.00000000,1759233599999,0.00000000,0,0.00000000,0.00000000,0
2025-09-30 12:00:00,0.17,0.17,0.17,0.17,0.00000000,1759247999999,0.00000000,0,0.00000000,0.00000000,0
2025-09-30 16:00:00,0.17,0.17,0.17,0.17,0.00000000,1759262399999,0.00000000,0,0.00000000,0.00000000,0
2025-09-30 20:00:00,0.17,0.17,0.17,0.17,0.00000000,1759276799999,0.00000000,0,0.00000000,0.00000000,0
2025-10-01 00:00:00,0.17,0.17,0.17,0.17,0.00000000,1759291199999,0.00000000,0,0.00000000,0.00000000,0
2025-10-01 04:00:00,0.17,0.17,0.17,0.17,0.00000000,1759305599999,0.00000000,0,0.00000000,0.00000000,0
2025-10-01 08:00:00,0.17,0.17,0.17,0.17,0.00000000,1759319999999,0.00000000,0,0.00000000,0.00000000,0
2025-10-01 12:00:00,0.17,0.17,0.17,0.17,0.00000000,1759334399999,0.00000000,0,0.00000000,0.00000000,0
2025-10-01 16:00:00,0.17,0.17,0.17,0.17,0.00000000,1759348799999,0.00000000,0,0.00000000,0.00000000,0
2025-10-01 20:00:00,0.17,0.17,0.17,0.17,0.00000000,1759363199999,0.00000000,0,0.00000000,0.00000000,0
2025-10-02 00:00:00,0.17,0.17,0.17,0.17,0.00000000,1759377599999,0.00000000,0,0.00000000,0.00000000,0
2025-10-02 04:00:00,0.17,0.17,0.17,0.17,0.00000000,1759391999999,0.00000000,0,0.00000000,0.00000000,0
2025-10-02 08:00:00,0.17,0.17,0.17,0.17,0.00000000,1759406399999,0.00000000,0,0.00000000,0.00000000,0
2025-10-02 12:00:00,0.17,0.17,0.17,0.17,0.00000000,1759420799999,0.00000000,0,0.00000000,0.00000000,0
2025-10-02 16:00:00,0.17,0.17,0.17,0.17,0.00000000,1759435199999,0.00000000,0,0.00000000,0.00000000,0
2025-10-02 20:00:00,0.17,0.17,0.17,0.17,0.00000000,1759449599999,0.00000000,0,0.00000000,0.00000000,0
2025-10-03 00:00:00,0.17,0.17,0.17,0.17,0.00000000,1759463999999,0.00000000,0,0.00000000,0.00000000,0
2025-10-03 04:00:00,0.17,0.17,0.17,0.17,0.00000000,1759478399999,0.00000000,0,0.00000000,0.00000000,0
2025-10-03 08:00:00,0.17,0.17,0.17,0.17,0.00000000,1759492799999,0.00000000,0,0.00000000,0.00000000,0
2025-10-03 12:00:00,0.17,0.17,0.17,0.17,0.00000000,1759507199999,0.00000000,0,0.00000000,0.00000000,0
2025-10-03 16:00:00,0.17,0.17,0.17,0.17,0.00000000,1759521599999,0.00000000,0,0.00000000,0.00000000,0
2025-10-03 20:00:00,0.17,0.17,0.17,0.17,0.00000000,1759535999999,0.00000000,0,0.00000000,0.00000000,0
2025-10-04 00:00:00,0.17,0.17,0.17,0.17,0.00000000,1759550399999,0.00000000,0,0.00000000,0.00000000,0
2025-10-04 04:00:00,0.17,0.17,0.17,0.17,0.00000000,1759564799999,0.00000000,0,0.00000000,0.00000000,0
2025-10-04 08:00:00,0.17,0.17,0.17,0.17,0.00000000,1759579199999,0.00000000,0,0.00000000,0.00000000,0
2025-10-04 12:00:00,0.17,0.17,0.17,0.17,0.00000000,1759593599999,0.00000000,0,0.00000000,0.00000000,0
2025-10-04 16:00:00,0.17,0.17,0.17,0.17,0.00000000,1759607999999,0.00000000,0,0.00000000,0.00000000,0
2025-10-04 20:00:00,0.17,0.17,0.17,0.17,0.00000000,1759622399999,0.00000000,0,0.00000000,0.00000000,0
2025-10-05 00:00:00,0.17,0.17,0.17,0.17,0.00000000,1759636799999,0.00000000,0,0.00000000,0.00000000,0
2025-10-05 04:00:00,0.17,0.17,0.17,0.17,0.00000000,1759651199999,0.00000000,0,0.00000000,0.00000000,0
2025-10-05 08:00:00,0.17,0.17,0.17,0.17,0.00000000,1759665599999,0.00000000,0,0.00000000,0.00000000,0
2025-10-05 12:00:00,0.17,0.17,0.17,0.17,0.00000000,1759679999999,0.00000000,0,0.00000000,0.00000000,0
2025-10-05 16:00:00,0.17,0.17,0.17,0.17,0.00000000,1759694399999,0.00000000,0,0.00000000,0.00000000,0
2025-10-05 20:00:00,0.17,0.17,0.17,0.17,0.00000000,1759708799999,0.00000000,0,0.00000000,0.00000000,0
2025-10-06 00:00:00,0.17,0.17,0.17,0.17,0.00000000,1759723199999,0.00000000,0,0.00000000,0.00000000,0
2025-10-06 04:00:00,0.17,0.17,0.17,0.17,0.00000000,1759737599999,0.00000000,0,0.00000000,0.00000000,0
2025-10-06 08:00:00,0.17,0.17,0.17,0.17,0.00000000,1759751999999,0.00000000,0,0.00000000,0.00000000,0
2025-10-06 12:00:00,0.17,0.17,0.17,0.17,0.00000000,1759766399999,0.00000000,0,0.00000000,0.00000000,0
2025-10-06 16:00:00,0.17,0.17,0.17,0.17,0.00000000,1759780799999,0.00000000,0,0.00000000,0.00000000,0
2025-10-06 20:00:00,0.17,0.17,0.17,0.17,0.00000000,1759795199999,0.00000000,0,0.00000000,0.00000000,0
2025-10-07 00:00:00,0.17,0.17,0.17,0.17,0.00000000,1759809599999,0.00000000,0,0.00000000,0.00000000,0
2025-10-07 04:00:00,0.17,0.17,0.17,0.17,0.00000000,1759823999999,0.00000000,0,0.00000000,0.00000000,0
2025-10-07 08:00:00,0.17,0.17,0.17,0.17,0.00000000,1759838399999,0.00000000,0,0.00000000,0.00000000,0
2025-10-07 12:00:00,0.17,0.17,0.17,0.17,0.00000000,1759852799999,0.00000000,0,0.00000000,0.00000000,0
2025-10-07 16:00:00,0.17,0.17,0.17,0.17,0.00000000,1759867199999,0.00000000,0,0.00000000,0.00000000,0
2025-10-07 20:00:00,0.17,0.17,0.17,0.17,0.00000000,1759881599999,0.00000000,0,0.00000000,0.00000000,0
2025-10-08 00:00:00,0.17,0.17,0.17,0.17,0.00000000,1759895999999,0.00000000,0,0.00000000,0.00000000,0
2025-10-08 04:00:00,0.17,0.17,0.17,0.17,0.00000000,1759910399999,0.00000000,0,0.00000000,0.00000000,0
2025-10-08 08:00:00,0.17,0.17,0.17,0.17,0.00000000,1759924799999,0.00000000,0,0.00000000,0.00000000,0
2025-10-08 12:00:00,0.17,0.17,0.17,0.17,0.00000000,1759939199999,0.00000000,0,0.00000000,0.00000000,0
2025-10-08 16:00:00,0.17,0.17,0.17,0.17,0.00000000,1759953599999,0.00000000,0,0.00000000,0.00000000,0
2025-10-08 20:00:00,0.17,0.17,0.17,0.17,0.00000000,1759967999999,0.00000000,0,0.00000000,0.00000000,0
2025-10-09 00:00:00,0.17,0.17,0.17,0.17,0.00000000,1759982399999,0.00000000,0,0.00000000,0.00000000,0
2025-10-09 04:00:00,0.17,0.17,0.17,0.17,10.00000000,1759996799999,1.70000000,1,0.00000000,0.00000000,0
2025-10-09 08:00:00,0.17,0.17,0.17,0.17,0.00000000,1760011199999,0.00000000,0,0.00000000,0.00000000,0
2025-10-09 12:00:00,0.17,0.17,0.17,0.17,0.00000000,1760025599999,0.00000000,0,0.00000000,0.00000000,0
2025-10-09 16:00:00,0.17,0.17,0.17,0.17,0.00000000,1760039999999,0.00000000,0,0.00000000,0.00000000,0
2025-10-09 20:00:00,0.17,0.17,0.17,0.17,0.00000000,1760054399999,0.00000000,0,0.00000000,0.00000000,0
2025-10-10 00:00:00,0.17,0.17,0.17,0.17,0.00000000,1760068799999,0.00000000,0,0.00000000,0.00000000,0
2025-10-10 04:00:00,0.17,0.17,0.17,0.17,0.00000000,1760083199999,0.00000000,0,0.00000000,0.00000000,0
2025-10-10 08:00:00,0.17,0.17,0.17,0.17,0.00000000,1760097599999,0.00000000,0,0.00000000,0.00000000,0
2025-10-10 12:00:00,0.17,0.17,0.17,0.17,0.00000000,1760111999999,0.00000000,0,0.00000000,0.00000000,0
2025-10-10 16:00:00,0.17,0.17,0.17,0.17,0.00000000,1760126399999,0.00000000,0,0.00000000,0.00000000,0
2025-10-10 20:00:00,0.17,0.17,0.14,0.14,189.20000000,1760140799999,28.36500000,4,96.30000000,13.48200000,0
2025-10-11 00:00:00,0.13,0.13,0.126,0.126,825.80000000,1760155199999,104.25080000,5,696.50000000,87.75900000,0
2025-10-11 04:00:00,0.126,0.126,0.126,0.126,0.00000000,1760169599999,0.00000000,0,0.00000000,0.00000000,0
2025-10-11 08:00:00,0.126,0.126,0.126,0.126,0.00000000,1760183999999,0.00000000,0,0.00000000,0.00000000,0
2025-10-11 12:00:00,0.126,0.126,0.126,0.126,0.00000000,1760198399999,0.00000000,0,0.00000000,0.00000000,0
2025-10-11 16:00:00,0.139,0.139,0.139,0.139,80.80000000,1760212799999,11.23120000,1,0.00000000,0.00000000,0
2025-10-11 20:00:00,0.139,0.139,0.139,0.139,0.00000000,1760227199999,0.00000000,0,0.00000000,0.00000000,0
2025-10-12 00:00:00,0.153,0.153,0.153,0.153,80.50000000,1760241599999,12.31650000,1,80.50000000,12.31650000,0
2025-10-12 04:00:00,0.153,0.153,0.153,0.153,0.00000000,1760255999999,0.00000000,0,0.00000000,0.00000000,0
2025-10-12 08:00:00,0.153,0.153,0.153,0.153,0.00000000,1760270399999,0.00000000,0,0.00000000,0.00000000,0
2025-10-12 12:00:00,0.153,0.153,0.153,0.153,0.00000000,1760284799999,0.00000000,0,0.00000000,0.00000000,0
2025-10-12 16:00:00,0.153,0.153,0.153,0.153,0.00000000,1760299199999,0.00000000,0,0.00000000,0.00000000,0
2025-10-12 20:00:00,0.153,0.153,0.153,0.153,0.00000000,1760313599999,0.00000000,0,0.00000000,0.00000000,0
2025-10-13 00:00:00,0.153,0.153,0.153,0.153,0.00000000,1760327999999,0.00000000,0,0.00000000,0.00000000,0
2025-10-13 04:00:00,0.153,0.153,0.153,0.153,0.00000000,1760342399999,0.00000000,0,0.00000000,0.00000000,0
2025-10-13 08:00:00,0.153,0.153,0.153,0.153,0.00000000,1760356799999,0.00000000,0,0.00000000,0.00000000,0
2025-10-13 12:00:00,0.153,0.153,0.153,0.153,0.00000000,1760371199999,0.00000000,0,0.00000000,0.00000000,0
2025-10-13 16:00:00,0.153,0.153,0.153,0.153,0.00000000,1760385599999,0.00000000,0,0.00000000,0.00000000,0
2025-10-13 20:00:00,0.153,0.153,0.153,0.153,0.00000000,1760399999999,0.00000000,0,0.00000000,0.00000000,0
2025-10-14 00:00:00,0.144,0.144,0.139,0.139,170.60000000,1760414399999,24.39890000,2,0.00000000,0.00000000,0
2025-10-14 04:00:00,0.139,0.139,0.135,0.135,53.50000000,1760428799999,7.31050000,4,0.00000000,0.00000000,0
2025-10-14 08:00:00,0.135,0.135,0.135,0.135,0.00000000,1760443199999,0.00000000,0,0.00000000,0.00000000,0
2025-10-14 12:00:00,0.135,0.135,0.135,0.135,0.00000000,1760457599999,0.00000000,0,0.00000000,0.00000000,0
2025-10-14 16:00:00,0.135,0.135,0.135,0.135,0.00000000,1760471999999,0.00000000,0,0.00000000,0.00000000,0
2025-10-14 20:00:00,0.135,0.135,0.135,0.135,0.00000000,1760486399999,0.00000000,0,0.00000000,0.00000000,0
2025-10-15 00:00:00,0.135,0.135,0.135,0.135,0.00000000,1760500799999,0.00000000,0,0.00000000,0.00000000,0
2025-10-15 04:00:00,0.135,0.135,0.135,0.135,0.00000000,1760515199999,0.00000000,0,0.00000000,0.00000000,0
2025-10-15 08:00:00,0.135,0.135,0.135,0.135,0.00000000,1760529599999,0.00000000,0,0.00000000,0.00000000,0
2025-10-15 12:00:00,0.135,0.135,0.135,0.135,0.00000000,1760543999999,0.00000000,0,0.00000000,0.00000000,0
2025-10-15 16:00:00,0.135,0.135,0.135,0.135,0.00000000,1760558399999,0.00000000,0,0.00000000,0.00000000,0
2025-10-15 20:00:00,0.135,0.135,0.135,0.135,0.00000000,1760572799999,0.00000000,0,0.00000000,0.00000000,0
2025-10-16 00:00:00,0.135,0.135,0.135,0.135,0.00000000,1760587199999,0.00000000,0,0.00000000,0.00000000,0
2025-10-16 04:00:00,0.135,0.135,0.135,0.135,0.00000000,1760601599999,0.00000000,0,0.00000000,0.00000000,0
2025-10-16 08:00:00,0.135,0.135,0.135,0.135,0.00000000,1760615999999,0.00000000,0,0.00000000,0.00000000,0
2025-10-16 12:00:00,0.135,0.135,0.135,0.135,0.00000000,1760630399999,0.00000000,0,0.00000000,0.00000000,0
2025-10-16 16:00:00,0.151,0.151,0.151,0.151,8.20000000,1760644799999,1.23820000,1,0.00000000,0.00000000,0
2025-10-16 20:00:00,0.151,0.151,0.151,0.151,0.00000000,1760659199999,0.00000000,0,0.00000000,0.00000000,0
2025-10-17 00:00:00,0.151,0.151,0.151,0.151,0.00000000,1760673599999,0.00000000,0,0.00000000,0.00000000,0
2025-10-17 04:00:00,0.151,0.151,0.151,0.151,0.00000000,1760687999999,0.00000000,0,0.00000000,0.00000000,0
2025-10-17 08:00:00,0.151,0.151,0.151,0.151,0.00000000,1760702399999,0.00000000,0,0.00000000,0.00000000,0
2025-10-17 12:00:00,0.151,0.151,0.151,0.151,0.00000000,1760716799999,0.00000000,0,0.00000000,0.00000000,0
2025-10-17 16:00:00,0.151,0.151,0.151,0.151,0.00000000,1760731199999,0.00000000,0,0.00000000,0.00000000,0
2025-10-17 20:00:00,0.135,0.135,0.135,0.135,35.00000000,1760745599999,4.72500000,1,0.00000000,0.00000000,0
2025-10-18 00:00:00,0.135,0.135,0.135,0.135,0.00000000,1760759999999,0.00000000,0,0.00000000,0.00000000,0
2025-10-18 04:00:00,0.135,0.135,0.135,0.135,0.00000000,1760774399999,0.00000000,0,0.00000000,0.00000000,0
2025-10-18 08:00:00,0.135,0.135,0.135,0.135,0.00000000,1760788799999,0.00000000,0,0.00000000,0.00000000,0
2025-10-18 12:00:00,0.135,0.135,0.135,0.135,0.00000000,1760803199999,0.00000000,0,0.00000000,0.00000000,0
2025-10-18 16:00:00,0.135,0.135,0.135,0.135,0.00000000,1760817599999,0.00000000,0,0.00000000,0.00000000,0
2025-10-18 20:00:00,0.135,0.135,0.135,0.135,0.00000000,1760831999999,0.00000000,0,0.00000000,0.00000000,0
2025-10-19 00:00:00,0.135,0.135,0.135,0.135,0.00000000,1760846399999,0.00000000,0,0.00000000,0.00000000,0
2025-10-19 04:00:00,0.135,0.135,0.135,0.135,0.00000000,1760860799999,0.00000000,0,0.00000000,0.00000000,0
2025-10-19 08:00:00,0.135,0.135,0.135,0.135,0.00000000,1760875199999,0.00000000,0,0.00000000,0.00000000,0
2025-10-19 12:00:00,0.135,0.135,0.135,0.135,0.00000000,1760889599999,0.00000000,0,0.00000000,0.00000000,0
2025-10-19 16:00:00,0.135,0.135,0.135,0.135,0.00000000,1760903999999,0.00000000,0,0.00000000,0.00000000,0
2025-10-19 20:00:00,0.135,0.135,0.135,0.135,0.00000000,1760918399999,0.00000000,0,0.00000000,0.00000000,0
2025-10-20 00:00:00,0.135,0.135,0.135,0.135,0.00000000,1760932799999,0.00000000,0,0.00000000,0.00000000,0
2025-10-20 04:00:00,0.135,0.135,0.135,0.135,0.00000000,1760947199999,0.00000000,0,0.00000000,0.00000000,0
2025-10-20 08:00:00,0.135,0.135,0.135,0.135,0.00000000,1760961599999,0.00000000,0,0.00000000,0.00000000,0
2025-10-20 12:00:00,0.135,0.135,0.135,0.135,0.00000000,1760975999999,0.00000000,0,0.00000000,0.00000000,0
2025-10-20 16:00:00,0.134,0.134,0.134,0.134,50.30000000,1760990399999,6.74020000,1,50.30000000,6.74020000,0
2025-10-20 20:00:00,0.126,0.126,0.126,0.126,47.70000000,1761004799999,6.01020000,1,0.00000000,0.00000000,0
2025-10-21 00:00:00,0.126,0.126,0.126,0.126,0.00000000,1761019199999,0.00000000,0,0.00000000,0.00000000,0
2025-10-21 04:00:00,0.126,0.126,0.126,0.126,0.00000000,1761033599999,0.00000000,0,0.00000000,0.00000000,0
2025-10-21 08:00:00,0.126,0.126,0.126,0.126,0.00000000,1761047999999,0.00000000,0,0.00000000,0.00000000,0
2025-10-21 12:00:00,0.126,0.126,0.126,0.126,0.00000000,1761062399999,0.00000000,0,0.00000000,0.00000000,0
2025-10-21 16:00:00,0.126,0.126,0.126,0.126,0.00000000,1761076799999,0.00000000,0,0.00000000,0.00000000,0
2025-10-21 20:00:00,0.126,0.126,0.126,0.126,0.00000000,1761091199999,0.00000000,0,0.00000000,0.00000000,0
2025-10-22 00:00:00,0.126,0.126,0.126,0.126,0.00000000,1761105599999,0.00000000,0,0.00000000,0.00000000,0
2025-10-22 04:00:00,0.126,0.126,0.126,0.126,0.00000000,1761119999999,0.00000000,0,0.00000000,0.00000000,0
2025-10-22 08:00:00,0.135,0.145,0.135,0.145,2173.90000000,1761134399999,293.55350000,4,2173.90000000,293.55350000,0
2025-10-22 12:00:00,0.145,0.145,0.136,0.136,3343.00000000,1761148799999,484.32210000,18,3249.40000000,471.16300000,0
2025-10-22 16:00:00,0.136,0.136,0.136,0.136,0.00000000,1761163199999,0.00000000,0,0.00000000,0.00000000,0
2025-10-22 20:00:00,0.136,0.136,0.136,0.136,0.00000000,1761177599999,0.00000000,0,0.00000000,0.00000000,0
2025-10-23 00:00:00,0.136,0.136,0.136,0.136,0.00000000,1761191999999,0.00000000,0,0.00000000,0.00000000,0
2025-10-23 04:00:00,0.144,0.144,0.144,0.144,7.20000000,1761206399999,1.03680000,1,7.20000000,1.03680000,0
2025-10-23 08:00:00,0.144,0.144,0.144,0.144,0.00000000,1761220799999,0.00000000,0,0.00000000,0.00000000,0
2025-10-23 12:00:00,0.144,0.144,0.144,0.144,0.00000000,1761235199999,0.00000000,0,0.00000000,0.00000000,0
2025-10-23 16:00:00,0.144,0.144,0.144,0.144,0.00000000,1761249599999,0.00000000,0,0.00000000,0.00000000,0
2025-10-23 20:00:00,0.144,0.144,0.144,0.144,0.00000000,1761263999999,0.00000000,0,0.00000000,0.00000000,0
2025-10-24 00:00:00,0.122,0.122,0.122,0.122,7.10000000,1761278399999,0.86620000,1,0.00000000,0.00000000,0
2025-10-24 04:00:00,0.122,0.122,0.122,0.122,0.00000000,1761292799999,0.00000000,0,0.00000000,0.00000000,0
2025-10-24 08:00:00,0.122,0.122,0.122,0.122,0.00000000,1761307199999,0.00000000,0,0.00000000,0.00000000,0
2025-10-24 12:00:00,0.122,0.122,0.122,0.122,818.60000000,1761321599999,99.86920000,2,0.00000000,0.00000000,0
2025-10-24 16:00:00,0.122,0.122,0.122,0.122,0.00000000,1761335999999,0.00000000,0,0.00000000,0.00000000,0
2025-10-24 20:00:00,0.122,0.122,0.122,0.122,0.00000000,1761350399999,0.00000000,0,0.00000000,0.00000000,0
2025-10-25 00:00:00,0.12,0.12,0.12,0.12,10.00000000,1761364799999,1.20000000,1,0.00000000,0.00000000,0
2025-10-25 04:00:00,0.129,0.129,0.127,0.127,465.50000000,1761379199999,59.73610000,2,465.50000000,59.73610000,0
2025-10-25 08:00:00,0.127,0.127,0.127,0.127,0.00000000,1761393599999,0.00000000,0,0.00000000,0.00000000,0
2025-10-25 12:00:00,0.127,0.127,0.127,0.127,0.00000000,1761407999999,0.00000000,0,0.00000000,0.00000000,0
2025-10-25 16:00:00,0.127,0.127,0.127,0.127,0.00000000,1761422399999,0.00000000,0,0.00000000,0.00000000,0
2025-10-25 20:00:00,0.127,0.127,0.127,0.127,0.00000000,1761436799999,0.00000000,0,0.00000000,0.00000000,0
2025-10-26 00:00:00,0.127,0.127,0.127,0.127,0.00000000,1761451199999,0.00000000,0,0.00000000,0.00000000,0
2025-10-26 04:00:00,0.127,0.127,0.127,0.127,0.00000000,1761465599999,0.00000000,0,0.00000000,0.00000000,0
2025-10-26 08:00:00,0.127,0.127,0.127,0.127,0.00000000,1761479999999,0.00000000,0,0.00000000,0.00000000,0
2025-10-26 12:00:00,0.127,0.127,0.127,0.127,0.00000000,1761494399999,0.00000000,0,0.00000000,0.00000000,0
2025-10-26 16:00:00,0.127,0.127,0.127,0.127,0.00000000,1761508799999,0.00000000,0,0.00000000,0.00000000,0
2025-10-26 20:00:00,0.127,0.127,0.127,0.127,0.00000000,1761523199999,0.00000000,0,0.00000000,0.00000000,0
2025-10-27 00:00:00,0.127,0.127,0.127,0.127,0.00000000,1761537599999,0.00000000,0,0.00000000,0.00000000,0
2025-10-27 04:00:00,0.127,0.127,0.127,0.127,0.00000000,1761551999999,0.00000000,0,0.00000000,0.00000000,0
2025-10-27 08:00:00,0.127,0.127,0.127,0.127,212.70000000,1761566399999,27.01290000,5,212.70000000,27.01290000,0
2025-10-27 12:00:00,0.127,0.127,0.127,0.127,0.00000000,1761580799999,0.00000000,0,0.00000000,0.00000000,0
2025-10-27 16:00:00,0.127,0.127,0.127,0.127,0.00000000,1761595199999,0.00000000,0,0.00000000,0.00000000,0
2025-10-27 20:00:00,0.127,0.127,0.127,0.127,0.00000000,1761609599999,0.00000000,0,0.00000000,0.00000000,0
2025-10-28 00:00:00,0.127,0.127,0.127,0.127,0.00000000,1761623999999,0.00000000,0,0.00000000,0.00000000,0
2025-10-28 04:00:00,0.127,0.127,0.127,0.127,0.00000000,1761638399999,0.00000000,0,0.00000000,0.00000000,0
2025-10-28 08:00:00,0.127,0.127,0.127,0.127,3050.30000000,1761652799999,387.38810000,16,3036.60000000,385.64820000,0
2025-10-28 12:00:00,0.127,0.127,0.127,0.127,0.00000000,1761667199999,0.00000000,0,0.00000000,0.00000000,0
2025-10-28 16:00:00,0.127,0.127,0.127,0.127,0.00000000,1761681599999,0.00000000,0,0.00000000,0.00000000,0
2025-10-28 20:00:00,0.127,0.127,0.127,0.127,0.00000000,1761695999999,0.00000000,0,0.00000000,0.00000000,0
2025-10-29 00:00:00,0.127,0.127,0.127,0.127,0.00000000,1761710399999,0.00000000,0,0.00000000,0.00000000,0
2025-10-29 04:00:00,0.127,0.127,0.127,0.127,0.00000000,1761724799999,0.00000000,0,0.00000000,0.00000000,0
2025-10-29 08:00:00,0.127,0.127,0.127,0.127,0.00000000,1761739199999,0.00000000,0,0.00000000,0.00000000,0
2025-10-29 12:00:00,0.127,0.127,0.127,0.127,0.00000000,1761753599999,0.00000000,0,0.00000000,0.00000000,0
2025-10-29 16:00:00,0.127,0.127,0.127,0.127,0.00000000,1761767999999,0.00000000,0,0.00000000,0.00000000,0
2025-10-29 20:00:00,0.127,0.127,0.127,0.127,0.00000000,1761782399999,0.00000000,0,0.00000000,0.00000000,0
2025-10-30 00:00:00,0.127,0.127,0.127,0.127,0.00000000,1761796799999,0.00000000,0,0.00000000,0.00000000,0
2025-10-30 04:00:00,0.127,0.127,0.127,0.127,0.00000000,1761811199999,0.00000000,0,0.00000000,0.00000000,0
2025-10-30 08:00:00,0.127,0.127,0.127,0.127,0.00000000,1761825599999,0.00000000,0,0.00000000,0.00000000,0
2025-10-30 12:00:00,0.115,0.115,0.115,0.115,27.60000000,1761839999999,3.17400000,1,0.00000000,0.00000000,0
2025-10-30 16:00:00,0.115,0.115,0.115,0.115,0.00000000,1761854399999,0.00000000,0,0.00000000,0.00000000,0
2025-10-30 20:00:00,0.115,0.115,0.115,0.115,0.00000000,1761868799999,0.00000000,0,0.00000000,0.00000000,0
2025-10-31 00:00:00,0.115,0.115,0.115,0.115,0.00000000,1761883199999,0.00000000,0,0.00000000,0.00000000,0
2025-10-31 04:00:00,0.115,0.115,0.115,0.115,0.00000000,1761897599999,0.00000000,0,0.00000000,0.00000000,0
2025-10-31 08:00:00,0.115,0.115,0.115,0.115,0.00000000,1761911999999,0.00000000,0,0.00000000,0.00000000,0
2025-10-31 12:00:00,0.115,0.115,0.115,0.115,0.00000000,1761926399999,0.00000000,0,0.00000000,0.00000000,0
2025-10-31 16:00:00,0.115,0.115,0.115,0.115,0.00000000,1761940799999,0.00000000,0,0.00000000,0.00000000,0
2025-10-31 20:00:00,0.115,0.115,0.115,0.115,0.00000000,1761955199999,0.00000000,0,0.00000000,0.00000000,0
2025-11-01 00:00:00,0.115,0.115,0.115,0.115,0.00000000,1761969599999,0.00000000,0,0.00000000,0.00000000,0
2025-11-01 04:00:00,0.115,0.115,0.115,0.115,0.00000000,1761983999999,0.00000000,0,0.00000000,0.00000000,0
2025-11-01 08:00:00,0.115,0.115,0.115,0.115,0.00000000,1761998399999,0.00000000,0,0.00000000,0.00000000,0
2025-11-01 12:00:00,0.115,0.115,0.115,0.115,0.00000000,1762012799999,0.00000000,0,0.00000000,0.00000000,0
2025-11-01 16:00:00,0.115,0.115,0.115,0.115,0.00000000,1762027199999,0.00000000,0,0.00000000,0.00000000,0
2025-11-01 20:00:00,0.115,0.115,0.115,0.115,0.00000000,1762041599999,0.00000000,0,0.00000000,0.00000000,0
2025-11-02 00:00:00,0.115,0.115,0.115,0.115,0.00000000,1762055999999,0.00000000,0,0.00000000,0.00000000,0
2025-11-02 04:00:00,0.116,0.116,0.116,0.116,27.70000000,1762070399999,3.21320000,1,0.00000000,0.00000000,0
2025-11-02 08:00:00,0.115,0.115,0.113,0.113,243.20000000,1762084799999,27.49600000,2,0.00000000,0.00000000,0
2025-11-02 12:00:00,0.113,0.113,0.113,0.113,0.00000000,1762099199999,0.00000000,0,0.00000000,0.00000000,0
2025-11-02 16:00:00,0.113,0.113,0.113,0.113,0.00000000,1762113599999,0.00000000,0,0.00000000,0.00000000,0
2025-11-02 20:00:00,0.113,0.113,0.113,0.113,0.00000000,1762127999999,0.00000000,0,0.00000000,0.00000000,0
2025-11-03 00:00:00,0.113,0.113,0.113,0.113,0.00000000,1762142399999,0.00000000,0,0.00000000,0.00000000,0
2025-11-03 04:00:00,0.113,0.113,0.113,0.113,0.00000000,1762156799999,0.00000000,0,0.00000000,0.00000000,0
2025-11-03 08:00:00,0.113,0.113,0.113,0.113,0.00000000,1762171199999,0.00000000,0,0.00000000,0.00000000,0
2025-11-03 12:00:00,0.113,0.113,0.113,0.113,0.00000000,1762185599999,0.00000000,0,0.00000000,0.00000000,0
2025-11-03 16:00:00,0.132,0.157,0.132,0.157,320.70000000,1762199999999,44.50820000,3,320.70000000,44.50820000,0
2025-11-03 20:00:00,0.162,0.162,0.162,0.162,617.30000000,1762214399999,100.00260000,1,0.00000000,0.00000000,0
2025-11-04 00:00:00,0.162,0.264,0.157,0.259,2498.40000000,1762228799999,566.21390000,22,1848.80000000,460.46140000,0
2025-11-04 04:00:00,0.254,0.254,0.252,0.252,54.20000000,1762243199999,13.68200000,2,54.20000000,13.68200000,0
2025-11-04 08:00:00,0.241,0.241,0.141,0.143,2591.00000000,1762257599999,383.49010000,21,464.40000000,81.03460000,0
2025-11-04 12:00:00,0.142,0.142,0.142,0.142,15.90000000,1762271999999,2.25780000,1,0.00000000,0.00000000,0
2025-11-04 16:00:00,0.118,0.143,0.118,0.143,58.50000000,1762286399999,7.91740000,3,46.30000000,6.47780000,0
2025-11-04 20:00:00,0.155,0.155,0.143,0.143,4280.40000000,1762300799999,612.44640000,13,0.00000000,0.00000000,0
2025-11-05 00:00:00,0.143,0.143,0.127,0.127,131.30000000,1762315199999,18.31190000,3,29.00000000,3.68300000,0
2025-11-05 04:00:00,0.127,0.127,0.127,0.127,0.00000000,1762329599999,0.00000000,0,0.00000000,0.00000000,0
2025-11-05 08:00:00,0.15,0.15,0.15,0.15,1608.30000000,1762343999999,241.24500000,3,0.00000000,0.00000000,0
2025-11-05 12:00:00,0.15,0.15,0.15,0.15,0.00000000,1762358399999,0.00000000,0,0.00000000,0.00000000,0
2025-11-05 16:00:00,0.15,0.15,0.15,0.15,0.00000000,1762372799999,0.00000000,0,0.00000000,0.00000000,0
2025-11-05 20:00:00,0.15,0.15,0.15,0.15,0.00000000,1762387199999,0.00000000,0,0.00000000,0.00000000,0
2025-11-06 00:00:00,0.15,0.15,0.15,0.15,0.00000000,1762401599999,0.00000000,0,0.00000000,0.00000000,0
2025-11-06 04:00:00,0.133,0.133,0.113,0.114,84.30000000,1762415999999,10.27450000,3,0.00000000,0.00000000,0
2025-11-06 08:00:00,0.116,0.116,0.116,0.116,120.10000000,1762430399999,13.93160000,1,0.00000000,0.00000000,0
2025-11-06 12:00:00,0.116,0.116,0.116,0.116,0.00000000,1762444799999,0.00000000,0,0.00000000,0.00000000,0
2025-11-06 16:00:00,0.116,0.116,0.116,0.116,0.00000000,1762459199999,0.00000000,0,0.00000000,0.00000000,0
2025-11-06 20:00:00,0.118,0.118,0.118,0.118,188.90000000,1762473599999,22.29020000,1,0.00000000,0.00000000,0
2025-11-07 00:00:00,0.118,0.118,0.118,0.118,0.00000000,1762487999999,0.00000000,0,0.00000000,0.00000000,0
2025-11-07 04:00:00,0.118,0.118,0.118,0.118,0.00000000,1762502399999,0.00000000,0,0.00000000,0.00000000,0
2025-11-07 08:00:00,0.118,0.118,0.118,0.118,0.00000000,1762516799999,0.00000000,0,0.00000000,0.00000000,0
2025-11-07 12:00:00,0.118,0.118,0.118,0.118,0.00000000,1762531199999,0.00000000,0,0.00000000,0.00000000,0
2025-11-07 16:00:00,0.118,0.118,0.118,0.118,0.00000000,1762545599999,0.00000000,0,0.00000000,0.00000000,0
2025-11-07 20:00:00,0.118,0.118,0.118,0.118,0.00000000,1762559999999,0.00000000,0,0.00000000,0.00000000,0
2025-11-08 00:00:00,0.118,0.118,0.118,0.118,0.00000000,1762574399999,0.00000000,0,0.00000000,0.00000000,0
2025-11-08 04:00:00,0.118,0.118,0.118,0.118,0.00000000,1762588799999,0.00000000,0,0.00000000,0.00000000,0
2025-11-08 08:00:00,0.118,0.118,0.118,0.118,0.00000000,1762603199999,0.00000000,0,0.00000000,0.00000000,0
2025-11-08 12:00:00,0.118,0.118,0.118,0.118,0.00000000,1762617599999,0.00000000,0,0.00000000,0.00000000,0
2025-11-08 16:00:00,0.115,0.115,0.115,0.115,13.50000000,1762631999999,1.55250000,1,0.00000000,0.00000000,0
2025-11-08 20:00:00,0.115,0.115,0.115,0.115,0.00000000,1762646399999,0.00000000,0,0.00000000,0.00000000,0
2025-11-09 00:00:00,0.115,0.115,0.115,0.115,30.00000000,1762660799999,3.45000000,2,0.00000000,0.00000000,0
2025-11-09 04:00:00,0.159,0.178,0.159,0.178,60.00000000,1762675199999,9.99790000,2,60.00000000,9.99790000,0
2025-11-09 08:00:00,0.173,0.173,0.173,0.173,82.50000000,1762689599999,14.27250000,1,82.50000000,14.27250000,0
2025-11-09 12:00:00,0.161,0.161,0.161,0.161,18.40000000,1762703999999,2.96240000,1,18.40000000,2.96240000,0
2025-11-09 16:00:00,0.145,0.146,0.145,0.146,342.40000000,1762718399999,49.81800000,2,342.40000000,49.81800000,0
2025-11-09 20:00:00,0.146,0.146,0.146,0.146,0.00000000,1762732799999,0.00000000,0,0.00000000,0.00000000,0
2025-11-10 00:00:00,0.132,0.132,0.132,0.132,250.40000000,1762747199999,33.05280000,1,0.00000000,0.00000000,0
2025-11-10 04:00:00,0.132,0.132,0.132,0.132,0.00000000,1762761599999,0.00000000,0,0.00000000,0.00000000,0
2025-11-10 08:00:00,0.132,0.132,0.132,0.132,0.00000000,1762775999999,0.00000000,0,0.00000000,0.00000000,0
2025-11-10 12:00:00,0.132,0.132,0.132,0.132,0.00000000,1762790399999,0.00000000,0,0.00000000,0.00000000,0
2025-11-10 16:00:00,0.132,0.132,0.132,0.132,0.00000000,1762804799999,0.00000000,0,0.00000000,0.00000000,0
2025-11-10 20:00:00,0.116,0.116,0.116,0.116,60.30000000,1762819199999,6.99480000,2,0.00000000,0.00000000,0
2025-11-11 00:00:00,0.144,0.144,0.144,0.144,10.00000000,1762833599999,1.44000000,1,10.00000000,1.44000000,0
2025-11-11 04:00:00,0.144,0.144,0.144,0.144,0.00000000,1762847999999,0.00000000,0,0.00000000,0.00000000,0
2025-11-11 08:00:00,0.144,0.144,0.144,0.144,0.00000000,1762862399999,0.00000000,0,0.00000000,0.00000000,0
2025-11-11 12:00:00,0.144,0.144,0.144,0.144,0.00000000,1762876799999,0.00000000,0,0.00000000,0.00000000,0
2025-11-11 16:00:00,0.143,0.143,0.143,0.143,60.90000000,1762891199999,8.70870000,1,60.90000000,8.70870000,0
2025-11-11 20:00:00,0.141,0.142,0.14,0.142,249.70000000,1762905599999,35.06850000,3,249.70000000,35.06850000,0
2025-11-12 00:00:00,0.142,0.142,0.142,0.142,0.00000000,1762919999999,0.00000000,0,0.00000000,0.00000000,0
2025-11-12 04:00:00,0.118,0.118,0.118,0.118,114.80000000,1762934399999,13.54640000,1,0.00000000,0.00000000,0
2025-11-12 08:00:00,0.116,0.125,0.116,0.125,128.50000000,1762948799999,15.93470000,2,114.30000000,14.28750000,0
2025-11-12 12:00:00,0.136,0.136,0.136,0.136,86.40000000,1762963199999,11.75040000,1,86.40000000,11.75040000,0
2025-11-12 16:00:00,0.136,0.136,0.136,0.136,0.00000000,1762977599999,0.00000000,0,0.00000000,0.00000000,0
2025-11-12 20:00:00,0.136,0.136,0.136,0.136,0.00000000,1762991999999,0.00000000,0,0.00000000,0.00000000,0
2025-11-13 00:00:00,0.136,0.136,0.136,0.136,0.00000000,1763006399999,0.00000000,0,0.00000000,0.00000000,0
2025-11-13 04:00:00,0.136,0.136,0.136,0.136,0.00000000,1763020799999,0.00000000,0,0.00000000,0.00000000,0
2025-11-13 08:00:00,0.136,0.136,0.136,0.136,0.00000000,1763035199999,0.00000000,0,0.00000000,0.00000000,0
2025-11-13 12:00:00,0.117,0.137,0.117,0.137,180.80000000,1763049599999,21.95560000,3,40.10000000,5.49370000,0
2025-11-13 16:00:00,0.137,0.137,0.137,0.137,0.00000000,1763063999999,0.00000000,0,0.00000000,0.00000000,0
2025-11-13 20:00:00,0.137,0.137,0.137,0.137,0.00000000,1763078399999,0.00000000,0,0.00000000,0.00000000,0
2025-11-14 00:00:00,0.116,0.116,0.115,0.115,27.80000000,1763092799999,3.21720000,3,0.00000000,0.00000000,0
2025-11-14 04:00:00,0.115,0.115,0.115,0.115,12.30000000,1763107199999,1.41450000,1,0.00000000,0.00000000,0
2025-11-14 08:00:00,0.125,0.125,0.115,0.115,102.10000000,1763121599999,12.54150000,2,80.00000000,10.00000000,0
2025-11-14 12:00:00,0.112,0.112,0.11,0.11,39.90000000,1763135999999,4.46040000,2,0.00000000,0.00000000,0
2025-11-14 16:00:00,0.112,0.112,0.104,0.104,150.50000000,1763150399999,16.48680000,3,0.00000000,0.00000000,0
2025-11-14 20:00:00,0.104,0.104,0.104,0.104,0.00000000,1763164799999,0.00000000,0,0.00000000,0.00000000,0
2025-11-15 00:00:00,0.104,0.104,0.104,0.104,0.00000000,1763179199999,0.00000000,0,0.00000000,0.00000000,0
2025-11-15 04:00:00,0.104,0.104,0.104,0.104,0.00000000,1763193599999,0.00000000,0,0.00000000,0.00000000,0
2025-11-15 08:00:00,0.119,0.119,0.119,0.119,22.00000000,1763207999999,2.61800000,1,22.00000000,2.61800000,0
2025-11-15 12:00:00,0.119,0.119,0.119,0.119,0.00000000,1763222399999,0.00000000,0,0.00000000,0.00000000,0
2025-11-15 16:00:00,0.119,0.119,0.119,0.119,0.00000000,1763236799999,0.00000000,0,0.00000000,0.00000000,0
2025-11-15 20:00:00,0.119,0.119,0.119,0.119,0.00000000,1763251199999,0.00000000,0,0.00000000,0.00000000,0
2025-11-16 00:00:00,0.119,0.119,0.119,0.119,0.00000000,1763265599999,0.00000000,0,0.00000000,0.00000000,0
2025-11-16 04:00:00,0.119,0.119,0.119,0.119,0.00000000,1763279999999,0.00000000,0,0.00000000,0.00000000,0
2025-11-16 08:00:00,0.119,0.119,0.119,0.119,0.00000000,1763294399999,0.00000000,0,0.00000000,0.00000000,0
2025-11-16 12:00:00,0.119,0.119,0.119,0.119,0.00000000,1763308799999,0.00000000,0,0.00000000,0.00000000,0
2025-11-16 16:00:00,0.119,0.119,0.119,0.119,0.00000000,1763323199999,0.00000000,0,0.00000000,0.00000000,0
2025-11-16 20:00:00,0.119,0.119,0.119,0.119,0.00000000,1763337599999,0.00000000,0,0.00000000,0.00000000,0
2025-11-17 00:00:00,0.119,0.119,0.119,0.119,0.00000000,1763351999999,0.00000000,0,0.00000000,0.00000000,0
2025-11-17 04:00:00,0.119,0.119,0.119,0.119,0.00000000,1763366399999,0.00000000,0,0.00000000,0.00000000,0
2025-11-17 08:00:00,0.119,0.119,0.119,0.119,0.00000000,1763380799999,0.00000000,0,0.00000000,0.00000000,0
2025-11-17 12:00:00,0.119,0.119,0.119,0.119,0.00000000,1763395199999,0.00000000,0,0.00000000,0.00000000,0
2025-11-17 16:00:00,0.119,0.119,0.119,0.119,0.00000000,1763409599999,0.00000000,0,0.00000000,0.00000000,0
2025-11-17 20:00:00,0.119,0.119,0.119,0.119,0.00000000,1763423999999,0.00000000,0,0.00000000,0.00000000,0
2025-11-18 00:00:00,0.119,0.119,0.119,0.119,0.00000000,1763438399999,0.00000000,0,0.00000000,0.00000000,0
2025-11-18 04:00:00,0.119,0.119,0.119,0.119,0.00000000,1763452799999,0.00000000,0,0.00000000,0.00000000,0
2025-11-18 08:00:00,0.119,0.119,0.119,0.119,0.00000000,1763467199999,0.00000000,0,0.00000000,0.00000000,0
2025-11-18 12:00:00,0.119,0.119,0.119,0.119,0.00000000,1763481599999,0.00000000,0,0.00000000,0.00000000,0
2025-11-18 16:00:00,0.119,0.119,0.119,0.119,0.00000000,1763495999999,0.00000000,0,0.00000000,0.00000000,0
2025-11-18 20:00:00,0.102,0.102,0.102,0.102,67.50000000,1763510399999,6.88500000,1,0.00000000,0.00000000,0
2025-11-19 00:00:00,0.102,0.102,0.102,0.102,0.00000000,1763524799999,0.00000000,0,0.00000000,0.00000000,0
2025-11-19 04:00:00,0.102,0.102,0.102,0.102,0.00000000,1763539199999,0.00000000,0,0.00000000,0.00000000,0
2025-11-19 08:00:00,0.102,0.102,0.102,0.102,0.00000000,1763553599999,0.00000000,0,0.00000000,0.00000000,0
2025-11-19 12:00:00,0.102,0.102,0.102,0.102,0.00000000,1763567999999,0.00000000,0,0.00000000,0.00000000,0
2025-11-19 16:00:00,0.107,0.107,0.107,0.107,100.80000000,1763582399999,10.78560000,1,0.00000000,0.00000000,0
2025-11-19 20:00:00,0.106,0.117,0.106,0.117,355.50000000,1763596799999,39.45440000,3,100.40000000,11.14440000,0
2025-11-20 00:00:00,0.117,0.117,0.117,0.117,0.00000000,1763611199999,0.00000000,0,0.00000000,0.00000000,0
2025-11-20 04:00:00,0.11,0.11,0.101,0.101,227.70000000,1763625599999,25.02270000,2,0.00000000,0.00000000,0
2025-11-20 08:00:00,0.107,0.107,0.107,0.107,11.90000000,1763639999999,1.27330000,1,0.00000000,0.00000000,0
2025-11-20 12:00:00,0.107,0.107,0.107,0.107,0.00000000,1763654399999,0.00000000,0,0.00000000,0.00000000,0
2025-11-20 16:00:00,0.108,0.108,0.108,0.108,896.10000000,1763668799999,96.77880000,3,710.90000000,76.77720000,0
2025-11-20 20:00:00,0.108,0.108,0.108,0.108,0.00000000,1763683199999,0.00000000,0,0.00000000,0.00000000,0
2025-11-21 00:00:00,0.108,0.108,0.108,0.108,0.00000000,1763697599999,0.00000000,0,0.00000000,0.00000000,0
2025-11-21 04:00:00,0.108,0.108,0.108,0.108,0.00000000,1763711999999,0.00000000,0,0.00000000,0.00000000,0
2025-11-21 08:00:00,0.108,0.108,0.108,0.108,0.00000000,1763726399999,0.00000000,0,0.00000000,0.00000000,0
2025-11-21 12:00:00,0.108,0.108,0.105,0.105,1319.50000000,1763740799999,142.16130000,3,1204.60000000,130.09680000,0
2025-11-21 16:00:00,0.105,0.105,0.105,0.105,0.00000000,1763755199999,0.00000000,0,0.00000000,0.00000000,0
2025-11-21 20:00:00,0.105,0.105,0.105,0.105,0.00000000,1763769599999,0.00000000,0,0.00000000,0.00000000,0
2025-11-22 00:00:00,0.105,0.105,0.105,0.105,0.00000000,1763783999999,0.00000000,0,0.00000000,0.00000000,0
2025-11-22 04:00:00,0.105,0.105,0.105,0.105,0.00000000,1763798399999,0.00000000,0,0.00000000,0.00000000,0
2025-11-22 08:00:00,0.106,0.106,0.106,0.106,19.10000000,1763812799999,2.02460000,1,0.00000000,0.00000000,0
2025-11-22 12:00:00,0.106,0.106,0.106,0.106,0.00000000,1763827199999,0.00000000,0,0.00000000,0.00000000,0
2025-11-22 16:00:00,0.111,0.111,0.111,0.111,19.00000000,1763841599999,2.10900000,1,19.00000000,2.10900000,0
2025-11-22 20:00:00,0.111,0.111,0.111,0.111,0.00000000,1763855999999,0.00000000,0,0.00000000,0.00000000,0
2025-11-23 00:00:00,0.111,0.111,0.111,0.111,0.00000000,1763870399999,0.00000000,0,0.00000000,0.00000000,0
2025-11-23 04:00:00,0.111,0.111,0.111,0.111,0.00000000,1763884799999,0.00000000,0,0.00000000,0.00000000,0
2025-11-23 08:00:00,0.111,0.111,0.111,0.111,0.00000000,1763899199999,0.00000000,0,0.00000000,0.00000000,0
2025-11-23 12:00:00,0.111,0.111,0.111,0.111,0.00000000,1763913599999,0.00000000,0,0.00000000,0.00000000,0
2025-11-23 16:00:00,0.111,0.111,0.111,0.111,0.00000000,1763927999999,0.00000000,0,0.00000000,0.00000000,0
2025-11-23 20:00:00,0.111,0.111,0.111,0.111,0.00000000,1763942399999,0.00000000,0,0.00000000,0.00000000,0
2025-11-24 00:00:00,0.111,0.111,0.111,0.111,0.00000000,1763956799999,0.00000000,0,0.00000000,0.00000000,0
2025-11-24 04:00:00,0.111,0.111,0.111,0.111,0.00000000,1763971199999,0.00000000,0,0.00000000,0.00000000,0
2025-11-24 08:00:00,0.111,0.111,0.111,0.111,0.00000000,1763985599999,0.00000000,0,0.00000000,0.00000000,0
2025-11-24 12:00:00,0.111,0.111,0.111,0.111,0.00000000,1763999999999,0.00000000,0,0.00000000,0.00000000,0
2025-11-24 16:00:00,0.111,0.111,0.111,0.111,0.00000000,1764014399999,0.00000000,0,0.00000000,0.00000000,0
2025-11-24 20:00:00,0.111,0.111,0.111,0.111,0.00000000,1764028799999,0.00000000,0,0.00000000,0.00000000,0
2025-11-25 00:00:00,0.116,0.116,0.116,0.116,100.00000000,1764043199999,11.60000000,1,0.00000000,0.00000000,0
2025-11-25 04:00:00,0.116,0.116,0.116,0.116,0.00000000,1764057599999,0.00000000,0,0.00000000,0.00000000,0
2025-11-25 08:00:00,0.116,0.116,0.116,0.116,0.00000000,1764071999999,0.00000000,0,0.00000000,0.00000000,0
2025-11-25 12:00:00,0.116,0.116,0.116,0.116,0.00000000,1764086399999,0.00000000,0,0.00000000,0.00000000,0
2025-11-25 16:00:00,0.116,0.116,0.116,0.116,0.00000000,1764100799999,0.00000000,0,0.00000000,0.00000000,0
2025-11-25 20:00:00,0.116,0.116,0.116,0.116,0.00000000,1764115199999,0.00000000,0,0.00000000,0.00000000,0
2025-11-26 00:00:00,0.116,0.116,0.116,0.116,0.00000000,1764129599999,0.00000000,0,0.00000000,0.00000000,0
2025-11-26 04:00:00,0.116,0.116,0.116,0.116,0.00000000,1764143999999,0.00000000,0,0.00000000,0.00000000,0
2025-11-26 08:00:00,0.116,0.116,0.116,0.116,0.00000000,1764158399999,0.00000000,0,0.00000000,0.00000000,0
2025-11-26 12:00:00,0.116,0.116,0.116,0.116,0.00000000,1764172799999,0.00000000,0,0.00000000,0.00000000,0
2025-11-26 16:00:00,0.116,0.116,0.116,0.116,0.00000000,1764187199999,0.00000000,0,0.00000000,0.00000000,0
2025-11-26 20:00:00,0.116,0.116,0.116,0.116,0.00000000,1764201599999,0.00000000,0,0.00000000,0.00000000,0
2025-11-27 00:00:00,0.116,0.116,0.116,0.116,0.00000000,1764215999999,0.00000000,0,0.00000000,0.00000000,0
2025-11-27 04:00:00,0.116,0.116,0.116,0.116,0.00000000,1764230399999,0.00000000,0,0.00000000,0.00000000,0
2025-11-27 08:00:00,0.116,0.116,0.116,0.116,0.00000000,1764244799999,0.00000000,0,0.00000000,0.00000000,0
2025-11-27 12:00:00,0.131,0.166,0.131,0.166,881.60000000,1764259199999,130.87180000,10,881.60000000,130.87180000,0
2025-11-27 16:00:00,0.147,0.154,0.144,0.154,531.90000000,1764273599999,78.97280000,3,0.00000000,0.00000000,0
2025-11-27 20:00:00,0.154,0.154,0.154,0.154,0.00000000,1764287999999,0.00000000,0,0.00000000,0.00000000,0
2025-11-28 00:00:00,0.154,0.154,0.154,0.154,0.00000000,1764302399999,0.00000000,0,0.00000000,0.00000000,0
2025-11-28 04:00:00,0.155,0.155,0.155,0.155,15.20000000,1764316799999,2.35600000,1,15.20000000,2.35600000,0
2025-11-28 08:00:00,0.155,0.155,0.155,0.155,0.00000000,1764331199999,0.00000000,0,0.00000000,0.00000000,0
2025-11-28 12:00:00,0.155,0.155,0.155,0.155,0.00000000,1764345599999,0.00000000,0,0.00000000,0.00000000,0
2025-11-28 16:00:00,0.155,0.155,0.155,0.155,0.00000000,1764359999999,0.00000000,0,0.00000000,0.00000000,0
2025-11-28 20:00:00,0.119,0.119,0.119,0.119,186.70000000,1764374399999,22.21730000,2,186.70000000,22.21730000,0
2025-11-29 00:00:00,0.124,0.127,0.124,0.127,745.30000000,1764388799999,94.41370000,3,109.10000000,13.61630000,0
2025-11-29 04:00:00,0.127,0.127,0.127,0.127,0.00000000,1764403199999,0.00000000,0,0.00000000,0.00000000,0
2025-11-29 08:00:00,0.127,0.127,0.127,0.127,0.00000000,1764417599999,0.00000000,0,0.00000000,0.00000000,0
2025-11-29 12:00:00,0.127,0.127,0.127,0.127,0.00000000,1764431999999,0.00000000,0,0.00000000,0.00000000,0
2025-11-29 16:00:00,0.127,0.127,0.127,0.127,0.00000000,1764446399999,0.00000000,0,0.00000000,0.00000000,0
2025-11-29 20:00:00,0.127,0.127,0.127,0.127,0.00000000,1764460799999,0.00000000,0,0.00000000,0.00000000,0
2025-11-30 00:00:00,0.127,0.127,0.127,0.127,0.00000000,1764475199999,0.00000000,0,0.00000000,0.00000000,0
2025-11-30 04:00:00,0.122,0.122,0.122,0.122,13.00000000,1764489599999,1.58600000,1,0.00000000,0.00000000,0
2025-11-30 08:00:00,0.119,0.119,0.119,0.119,18.50000000,1764503999999,2.20150000,1,0.00000000,0.00000000,0
2025-11-30 12:00:00,0.119,0.119,0.119,0.119,0.00000000,1764518399999,0.00000000,0,0.00000000,0.00000000,0
2025-11-30 16:00:00,0.119,0.119,0.119,0.119,0.00000000,1764532799999,0.00000000,0,0.00000000,0.00000000,0
2025-11-30 20:00:00,0.119,0.119,0.119,0.119,0.00000000,1764547199999,0.00000000,0,0.00000000,0.00000000,0
2025-12-01 00:00:00,0.119,0.119,0.119,0.119,0.00000000,1764561599999,0.00000000,0,0.00000000,0.00000000,0
2025-12-01 04:00:00,0.119,0.119,0.119,0.119,0.00000000,1764575999999,0.00000000,0,0.00000000,0.00000000,0
2025-12-01 08:00:00,0.126,0.126,0.126,0.126,18.40000000,1764590399999,2.31840000,1,18.40000000,2.31840000,0
2025-12-01 12:00:00,0.126,0.126,0.126,0.126,0.00000000,1764604799999,0.00000000,0,0.00000000,0.00000000,0
2025-12-01 16:00:00,0.126,0.126,0.126,0.126,0.00000000,1764619199999,0.00000000,0,0.00000000,0.00000000,0
2025-12-01 20:00:00,0.126,0.126,0.126,0.126,0.00000000,1764633599999,0.00000000,0,0.00000000,0.00000000,0
2025-12-02 00:00:00,0.126,0.126,0.126,0.126,21.60000000,1764647999999,2.72160000,1,0.00000000,0.00000000,0
2025-12-02 04:00:00,0.126,0.126,0.126,0.126,0.00000000,1764662399999,0.00000000,0,0.00000000,0.00000000,0
2025-12-02 08:00:00,0.126,0.126,0.126,0.126,0.00000000,1764676799999,0.00000000,0,0.00000000,0.00000000,0
2025-12-02 12:00:00,0.126,0.126,0.126,0.126,0.00000000,1764691199999,0.00000000,0,0.00000000,0.00000000,0
2025-12-02 16:00:00,0.126,0.126,0.126,0.126,0.00000000,1764705599999,0.00000000,0,0.00000000,0.00000000,0
2025-12-02 20:00:00,0.126,0.126,0.126,0.126,0.00000000,1764719999999,0.00000000,0,0.00000000,0.00000000,0
2025-12-03 00:00:00,0.126,0.126,0.126,0.126,0.00000000,1764734399999,0.00000000,0,0.00000000,0.00000000,0
2025-12-03 04:00:00,0.126,0.126,0.126,0.126,0.00000000,1764748799999,0.00000000,0,0.00000000,0.00000000,0
2025-12-03 08:00:00,0.126,0.126,0.126,0.126,0.00000000,1764763199999,0.00000000,0,0.00000000,0.00000000,0
2025-12-03 12:00:00,0.126,0.126,0.126,0.126,0.00000000,1764777599999,0.00000000,0,0.00000000,0.00000000,0
2025-12-03 16:00:00,0.126,0.126,0.126,0.126,0.00000000,1764791999999,0.00000000,0,0.00000000,0.00000000,0
2025-12-03 20:00:00,0.126,0.126,0.126,0.126,0.00000000,1764806399999,0.00000000,0,0.00000000,0.00000000,0
2025-12-04 00:00:00,0.113,0.113,0.113,0.113,96.00000000,1764820799999,10.84800000,1,0.00000000,0.00000000,0
2025-12-04 04:00:00,0.113,0.113,0.113,0.113,0.00000000,1764835199999,0.00000000,0,0.00000000,0.00000000,0
2025-12-04 08:00:00,0.113,0.113,0.113,0.113,0.00000000,1764849599999,0.00000000,0,0.00000000,0.00000000,0
2025-12-04 12:00:00,0.113,0.113,0.113,0.113,0.00000000,1764863999999,0.00000000,0,0.00000000,0.00000000,0
2025-12-04 16:00:00,0.113,0.113,0.113,0.113,0.00000000,1764878399999,0.00000000,0,0.00000000,0.00000000,0
2025-12-04 20:00:00,0.113,0.113,0.113,0.113,0.00000000,1764892799999,0.00000000,0,0.00000000,0.00000000,0
2025-12-05 00:00:00,0.113,0.113,0.113,0.113,0.00000000,1764907199999,0.00000000,0,0.00000000,0.00000000,0
2025-12-05 04:00:00,0.113,0.113,0.113,0.113,0.00000000,1764921599999,0.00000000,0,0.00000000,0.00000000,0
2025-12-05 08:00:00,0.113,0.113,0.113,0.113,0.00000000,1764935999999,0.00000000,0,0.00000000,0.00000000,0
2025-12-05 12:00:00,0.113,0.113,0.113,0.113,0.00000000,1764950399999,0.00000000,0,0.00000000,0.00000000,0
2025-12-05 16:00:00,0.113,0.113,0.113,0.113,0.00000000,1764964799999,0.00000000,0,0.00000000,0.00000000,0
2025-12-05 20:00:00,0.113,0.113,0.113,0.113,0.00000000,1764979199999,0.00000000,0,0.00000000,0.00000000,0
2025-12-06 00:00:00,0.128,0.128,0.128,0.128,164.00000000,1764993599999,20.99200000,1,164.00000000,20.99200000,0
2025-12-06 04:00:00,0.128,0.128,0.128,0.128,0.00000000,1765007999999,0.00000000,0,0.00000000,0.00000000,0
2025-12-06 08:00:00,0.121,0.121,0.121,0.121,1290.30000000,1765022399999,156.12630000,1,0.00000000,0.00000000,0
2025-12-06 12:00:00,0.121,0.121,0.121,0.121,0.00000000,1765036799999,0.00000000,0,0.00000000,0.00000000,0
2025-12-06 16:00:00,0.125,0.125,0.125,0.125,1239.00000000,1765051199999,154.87500000,9,1239.00000000,154.87500000,0
2025-12-06 20:00:00,0.125,0.125,0.125,0.125,50.00000000,1765065599999,6.25000000,1,50.00000000,6.25000000,0
2025-12-07 00:00:00,0.125,0.125,0.125,0.125,0.00000000,1765079999999,0.00000000,0,0.00000000,0.00000000,0
2025-12-07 04:00:00,0.125,0.125,0.125,0.125,0.00000000,1765094399999,0.00000000,0,0.00000000,0.00000000,0
2025-12-07 08:00:00,0.136,0.136,0.136,0.136,58.70000000,1765108799999,7.98320000,2,48.60000000,6.60960000,0
2025-12-07 12:00:00,0.136,0.136,0.136,0.136,0.00000000,1765123199999,0.00000000,0,0.00000000,0.00000000,0
2025-12-07 16:00:00,0.126,0.126,0.126,0.126,2293.30000000,1765137599999,288.95580000,5,0.00000000,0.00000000,0
2025-12-07 20:00:00,0.126,0.126,0.126,0.126,0.00000000,1765151999999,0.00000000,0,0.00000000,0.00000000,0
2025-12-08 00:00:00,0.126,0.126,0.126,0.126,0.00000000,1765166399999,0.00000000,0,0.00000000,0.00000000,0
2025-12-08 04:00:00,0.126,0.126,0.126,0.126,0.00000000,1765180799999,0.00000000,0,0.00000000,0.00000000,0
2025-12-08 08:00:00,0.126,0.126,0.126,0.126,9.20000000,1765195199999,1.15920000,1,0.00000000,0.00000000,0
2025-12-08 12:00:00,0.126,0.126,0.126,0.126,0.00000000,1765209599999,0.00000000,0,0.00000000,0.00000000,0
2025-12-08 16:00:00,0.126,0.126,0.126,0.126,0.00000000,1765223999999,0.00000000,0,0.00000000,0.00000000,0
2025-12-08 20:00:00,0.132,0.132,0.132,0.132,22.60000000,1765238399999,2.98320000,1,22.60000000,2.98320000,0
2025-12-09 00:00:00,0.132,0.132,0.132,0.132,0.00000000,1765252799999,0.00000000,0,0.00000000,0.00000000,0
2025-12-09 04:00:00,0.132,0.132,0.132,0.132,0.00000000,1765267199999,0.00000000,0,0.00000000,0.00000000,0
2025-12-09 08:00:00,0.132,0.132,0.132,0.132,0.00000000,1765281599999,0.00000000,0,0.00000000,0.00000000,0
2025-12-09 12:00:00,0.132,0.132,0.132,0.132,262.90000000,1765295999999,34.70280000,1,262.90000000,34.70280000,0
2025-12-09 16:00:00,0.132,0.133,0.132,0.133,1698.20000000,1765310399999,224.71860000,3,384.40000000,50.74080000,0
2025-12-09 20:00:00,0.135,0.135,0.135,0.135,300.40000000,1765324799999,40.55400000,3,300.40000000,40.55400000,0
2025-12-10 00:00:00,0.145,0.145,0.145,0.145,797.90000000,1765339199999,115.69550000,2,797.90000000,115.69550000,0
2025-12-10 04:00:00,0.145,0.145,0.145,0.145,0.00000000,1765353599999,0.00000000,0,0.00000000,0.00000000,0
2025-12-10 08:00:00,0.145,0.145,0.145,0.145,0.00000000,1765367999999,0.00000000,0,0.00000000,0.00000000,0
2025-12-10 12:00:00,0.145,0.145,0.145,0.145,0.00000000,1765382399999,0.00000000,0,0.00000000,0.00000000,0
2025-12-10 16:00:00,0.133,0.133,0.133,0.133,797.50000000,1765396799999,106.06750000,7,0.00000000,0.00000000,0
2025-12-10 20:00:00,0.133,0.133,0.133,0.133,2087.70000000,1765411199999,277.66410000,20,0.00000000,0.00000000,0
2025-12-11 00:00:00,0.133,0.133,0.133,0.133,0.00000000,1765425599999,0.00000000,0,0.00000000,0.00000000,0
2025-12-11 04:00:00,0.133,0.133,0.133,0.133,0.00000000,1765439999999,0.00000000,0,0.00000000,0.00000000,0
2025-12-11 08:00:00,0.133,0.133,0.133,0.133,0.00000000,1765454399999,0.00000000,0,0.00000000,0.00000000,0
2025-12-11 12:00:00,0.133,0.133,0.133,0.133,0.00000000,1765468799999,0.00000000,0,0.00000000,0.00000000,0
2025-12-11 16:00:00,0.133,0.133,0.133,0.133,0.00000000,1765483199999,0.00000000,0,0.00000000,0.00000000,0
2025-12-11 20:00:00,0.133,0.133,0.133,0.133,0.00000000,1765497599999,0.00000000,0,0.00000000,0.00000000,0
2025-12-12 00:00:00,0.133,0.133,0.133,0.133,0.00000000,1765511999999,0.00000000,0,0.00000000,0.00000000,0
2025-12-12 04:00:00,0.133,0.133,0.133,0.133,0.00000000,1765526399999,0.00000000,0,0.00000000,0.00000000,0
2025-12-12 08:00:00,0.133,0.133,0.133,0.133,0.00000000,1765540799999,0.00000000,0,0.00000000,0.00000000,0
2025-12-12 12:00:00,0.133,0.133,0.133,0.133,0.00000000,1765555199999,0.00000000,0,0.00000000,0.00000000,0
2025-12-12 16:00:00,0.133,0.133,0.133,0.133,0.00000000,1765569599999,0.00000000,0,0.00000000,0.00000000,0
2025-12-12 20:00:00,0.133,0.133,0.133,0.133,0.00000000,1765583999999,0.00000000,0,0.00000000,0.00000000,0
2025-12-13 00:00:00,0.133,0.133,0.133,0.133,0.00000000,1765598399999,0.00000000,0,0.00000000,0.00000000,0
2025-12-13 04:00:00,0.133,0.133,0.133,0.133,0.00000000,1765612799999,0.00000000,0,0.00000000,0.00000000,0
2025-12-13 08:00:00,0.133,0.133,0.133,0.133,0.00000000,1765627199999,0.00000000,0,0.00000000,0.00000000,0
2025-12-13 12:00:00,0.133,0.133,0.133,0.133,0.00000000,1765641599999,0.00000000,0,0.00000000,0.00000000,0
2025-12-13 16:00:00,0.133,0.133,0.133,0.133,0.00000000,1765655999999,0.00000000,0,0.00000000,0.00000000,0
2025-12-13 20:00:00,0.133,0.133,0.133,0.133,0.00000000,1765670399999,0.00000000,0,0.00000000,0.00000000,0
2025-12-14 00:00:00,0.133,0.133,0.133,0.133,0.00000000,1765684799999,0.00000000,0,0.00000000,0.00000000,0
2025-12-14 04:00:00,0.133,0.133,0.133,0.133,0.00000000,1765699199999,0.00000000,0,0.00000000,0.00000000,0
2025-12-14 08:00:00,0.133,0.133,0.133,0.133,0.00000000,1765713599999,0.00000000,0,0.00000000,0.00000000,0
2025-12-14 12:00:00,0.133,0.133,0.133,0.133,0.00000000,1765727999999,0.00000000,0,0.00000000,0.00000000,0
2025-12-14 16:00:00,0.133,0.133,0.133,0.133,0.00000000,1765742399999,0.00000000,0,0.00000000,0.00000000,0
2025-12-14 20:00:00,0.133,0.133,0.133,0.133,0.00000000,1765756799999,0.00000000,0,0.00000000,0.00000000,0
2025-12-15 00:00:00,0.137,0.138,0.137,0.138,2804.00000000,1765771199999,384.16240000,7,2789.60000000,382.17520000,0
2025-12-15 04:00:00,0.138,0.138,0.138,0.138,0.00000000,1765785599999,0.00000000,0,0.00000000,0.00000000,0
2025-12-15 08:00:00,0.138,0.138,0.138,0.138,0.00000000,1765799999999,0.00000000,0,0.00000000,0.00000000,0
2025-12-15 12:00:00,0.138,0.138,0.138,0.138,0.00000000,1765814399999,0.00000000,0,0.00000000,0.00000000,0
2025-12-15 16:00:00,0.138,0.138,0.138,0.138,0.00000000,1765828799999,0.00000000,0,0.00000000,0.00000000,0
2025-12-15 20:00:00,0.138,0.138,0.138,0.138,0.00000000,1765843199999,0.00000000,0,0.00000000,0.00000000,0
2025-12-16 00:00:00,0.133,0.133,0.127,0.132,291.20000000,1765857599999,38.04920000,3,97.40000000,12.36980000,0
2025-12-16 04:00:00,0.132,0.132,0.132,0.132,0.00000000,1765871999999,0.00000000,0,0.00000000,0.00000000,0
2025-12-16 08:00:00,0.132,0.132,0.132,0.132,0.00000000,1765886399999,0.00000000,0,0.00000000,0.00000000,0
2025-12-16 12:00:00,0.132,0.132,0.132,0.132,0.00000000,1765900799999,0.00000000,0,0.00000000,0.00000000,0
2025-12-16 16:00:00,0.132,0.132,0.132,0.132,0.00000000,1765915199999,0.00000000,0,0.00000000,0.00000000,0
2025-12-16 20:00:00,0.132,0.132,0.132,0.132,0.00000000,1765929599999,0.00000000,0,0.00000000,0.00000000,0
2025-12-17 00:00:00,0.132,0.132,0.132,0.132,0.00000000,1765943999999,0.00000000,0,0.00000000,0.00000000,0
2025-12-17 04:00:00,0.132,0.132,0.132,0.132,0.00000000,1765958399999,0.00000000,0,0.00000000,0.00000000,0
2025-12-17 08:00:00,0.132,0.132,0.132,0.132,0.00000000,1765972799999,0.00000000,0,0.00000000,0.00000000,0
2025-12-17 12:00:00,0.132,0.132,0.132,0.132,0.00000000,1765987199999,0.00000000,0,0.00000000,0.00000000,0
2025-12-17 16:00:00,0.132,0.132,0.132,0.132,0.00000000,1766001599999,0.00000000,0,0.00000000,0.00000000,0
2025-12-17 20:00:00,0.132,0.132,0.132,0.132,0.00000000,1766015999999,0.00000000,0,0.00000000,0.00000000,0
2025-12-18 00:00:00,0.132,0.132,0.132,0.132,0.00000000,1766030399999,0.00000000,0,0.00000000,0.00000000,0
2025-12-18 04:00:00,0.132,0.132,0.132,0.132,0.00000000,1766044799999,0.00000000,0,0.00000000,0.00000000,0
2025-12-18 08:00:00,0.132,0.132,0.132,0.132,0.00000000,1766059199999,0.00000000,0,0.00000000,0.00000000,0
2025-12-18 12:00:00,0.132,0.132,0.132,0.132,0.00000000,1766073599999,0.00000000,0,0.00000000,0.00000000,0
2025-12-18 16:00:00,0.132,0.132,0.132,0.132,0.00000000,1766087999999,0.00000000,0,0.00000000,0.00000000,0
2025-12-18 20:00:00,0.132,0.132,0.132,0.132,0.00000000,1766102399999,0.00000000,0,0.00000000,0.00000000,0
2025-12-19 00:00:00,0.132,0.132,0.132,0.132,0.00000000,1766116799999,0.00000000,0,0.00000000,0.00000000,0
2025-12-19 04:00:00,0.132,0.132,0.132,0.132,0.00000000,1766131199999,0.00000000,0,0.00000000,0.00000000,0
2025-12-19 08:00:00,0.132,0.132,0.132,0.132,0.00000000,1766145599999,0.00000000,0,0.00000000,0.00000000,0
2025-12-19 12:00:00,0.132,0.132,0.132,0.132,0.00000000,1766159999999,0.00000000,0,0.00000000,0.00000000,0
2025-12-19 16:00:00,0.132,0.132,0.132,0.132,0.00000000,1766174399999,0.00000000,0,0.00000000,0.00000000,0
2025-12-19 20:00:00,0.132,0.132,0.132,0.132,0.00000000,1766188799999,0.00000000,0,0.00000000,0.00000000,0
2025-12-20 00:00:00,0.132,0.132,0.132,0.132,0.00000000,1766203199999,0.00000000,0,0.00000000,0.00000000,0
2025-12-20 04:00:00,0.132,0.132,0.132,0.132,0.00000000,1766217599999,0.00000000,0,0.00000000,0.00000000,0
2025-12-20 08:00:00,0.12,0.12,0.12,0.12,490.00000000,1766231999999,58.80000000,1,490.00000000,58.80000000,0
2025-12-20 12:00:00,0.12,0.12,0.12,0.12,0.00000000,1766246399999,0.00000000,0,0.00000000,0.00000000,0
2025-12-20 16:00:00,0.12,0.12,0.12,0.12,0.00000000,1766260799999,0.00000000,0,0.00000000,0.00000000,0
2025-12-20 20:00:00,0.12,0.12,0.12,0.12,0.00000000,1766275199999,0.00000000,0,0.00000000,0.00000000,0
2025-12-21 00:00:00,0.12,0.12,0.12,0.12,0.00000000,1766289599999,0.00000000,0,0.00000000,0.00000000,0
2025-12-21 04:00:00,0.122,0.122,0.122,0.122,26.40000000,1766303999999,3.22080000,2,0.00000000,0.00000000,0
2025-12-21 08:00:00,0.122,0.122,0.122,0.122,0.00000000,1766318399999,0.00000000,0,0.00000000,0.00000000,0
2025-12-21 12:00:00,0.122,0.122,0.122,0.122,0.00000000,1766332799999,0.00000000,0,0.00000000,0.00000000,0
2025-12-21 16:00:00,0.122,0.122,0.122,0.122,0.00000000,1766347199999,0.00000000,0,0.00000000,0.00000000,0
2025-12-21 20:00:00,0.122,0.122,0.122,0.122,10.20000000,1766361599999,1.24440000,1,0.00000000,0.00000000,0
2025-12-22 00:00:00,0.124,0.124,0.124,0.124,8.30000000,1766375999999,1.02920000,1,0.00000000,0.00000000,0
2025-12-22 04:00:00,0.124,0.124,0.124,0.124,0.00000000,1766390399999,0.00000000,0,0.00000000,0.00000000,0
2025-12-22 08:00:00,0.124,0.124,0.124,0.124,0.00000000,1766404799999,0.00000000,0,0.00000000,0.00000000,0
2025-12-22 12:00:00,0.124,0.124,0.124,0.124,0.00000000,1766419199999,0.00000000,0,0.00000000,0.00000000,0
2025-12-22 16:00:00,0.124,0.124,0.124,0.124,0.00000000,1766433599999,0.00000000,0,0.00000000,0.00000000,0
2025-12-22 20:00:00,0.124,0.124,0.124,0.124,0.00000000,1766447999999,0.00000000,0,0.00000000,0.00000000,0
2025-12-23 00:00:00,0.124,0.124,0.124,0.124,0.00000000,1766462399999,0.00000000,0,0.00000000,0.00000000,0
2025-12-23 04:00:00,0.124,0.124,0.124,0.124,0.00000000,1766476799999,0.00000000,0,0.00000000,0.00000000,0
2025-12-23 08:00:00,0.124,0.124,0.124,0.124,0.00000000,1766491199999,0.00000000,0,0.00000000,0.00000000,0
2025-12-23 12:00:00,0.124,0.124,0.124,0.124,0.00000000,1766505599999,0.00000000,0,0.00000000,0.00000000,0
2025-12-23 16:00:00,0.124,0.124,0.124,0.124,0.00000000,1766519999999,0.00000000,0,0.00000000,0.00000000,0
2025-12-23 20:00:00,0.124,0.124,0.124,0.124,0.00000000,1766534399999,0.00000000,0,0.00000000,0.00000000,0
2025-12-24 00:00:00,0.124,0.124,0.124,0.124,0.00000000,1766548799999,0.00000000,0,0.00000000,0.00000000,0
2025-12-24 04:00:00,0.124,0.124,0.124,0.124,0.00000000,1766563199999,0.00000000,0,0.00000000,0.00000000,0
2025-12-24 08:00:00,0.124,0.124,0.124,0.124,0.00000000,1766577599999,0.00000000,0,0.00000000,0.00000000,0
2025-12-24 12:00:00,0.124,0.124,0.124,0.124,0.00000000,1766591999999,0.00000000,0,0.00000000,0.00000000,0
2025-12-24 16:00:00,0.124,0.124,0.124,0.124,0.00000000,1766606399999,0.00000000,0,0.00000000,0.00000000,0
2025-12-24 20:00:00,0.124,0.124,0.124,0.124,0.00000000,1766620799999,0.00000000,0,0.00000000,0.00000000,0
2025-12-25 00:00:00,0.124,0.124,0.124,0.124,0.00000000,1766635199999,0.00000000,0,0.00000000,0.00000000,0
2025-12-25 04:00:00,0.124,0.124,0.124,0.124,0.00000000,1766649599999,0.00000000,0,0.00000000,0.00000000,0
2025-12-25 08:00:00,0.124,0.124,0.124,0.124,0.00000000,1766663999999,0.00000000,0,0.00000000,0.00000000,0
2025-12-25 12:00:00,0.124,0.124,0.124,0.124,0.00000000,1766678399999,0.00000000,0,0.00000000,0.00000000,0
2025-12-25 16:00:00,0.124,0.124,0.124,0.124,0.00000000,1766692799999,0.00000000,0,0.00000000,0.00000000,0
2025-12-25 20:00:00,0.124,0.124,0.124,0.124,0.00000000,1766707199999,0.00000000,0,0.00000000,0.00000000,0
2025-12-26 00:00:00,0.124,0.124,0.124,0.124,0.00000000,1766721599999,0.00000000,0,0.00000000,0.00000000,0
2025-12-26 04:00:00,0.124,0.124,0.124,0.124,0.00000000,1766735999999,0.00000000,0,0.00000000,0.00000000,0
2025-12-26 08:00:00,0.124,0.124,0.124,0.124,0.00000000,1766750399999,0.00000000,0,0.00000000,0.00000000,0
2025-12-26 12:00:00,0.124,0.124,0.124,0.124,0.00000000,1766764799999,0.00000000,0,0.00000000,0.00000000,0
2025-12-26 16:00:00,0.124,0.124,0.124,0.124,0.00000000,1766779199999,0.00000000,0,0.00000000,0.00000000,0
2025-12-26 20:00:00,0.124,0.124,0.124,0.124,0.00000000,1766793599999,0.00000000,0,0.00000000,0.00000000,0
2025-12-27 00:00:00,0.124,0.124,0.124,0.124,0.00000000,1766807999999,0.00000000,0,0.00000000,0.00000000,0
2025-12-27 04:00:00,0.126,0.126,0.126,0.126,79.20000000,1766822399999,9.97920000,1,79.20000000,9.97920000,0
2025-12-27 08:00:00,0.126,0.126,0.126,0.126,0.00000000,1766836799999,0.00000000,0,0.00000000,0.00000000,0
2025-12-27 12:00:00,0.126,0.126,0.126,0.126,0.00000000,1766851199999,0.00000000,0,0.00000000,0.00000000,0
2025-12-27 16:00:00,0.126,0.126,0.126,0.126,0.00000000,1766865599999,0.00000000,0,0.00000000,0.00000000,0
2025-12-27 20:00:00,0.126,0.126,0.126,0.126,0.00000000,1766879999999,0.00000000,0,0.00000000,0.00000000,0
2025-12-28 00:00:00,0.125,0.125,0.125,0.125,16.70000000,1766894399999,2.08750000,1,16.70000000,2.08750000,0
2025-12-28 04:00:00,0.125,0.125,0.125,0.125,0.00000000,1766908799999,0.00000000,0,0.00000000,0.00000000,0
2025-12-28 08:00:00,0.125,0.125,0.125,0.125,0.00000000,1766923199999,0.00000000,0,0.00000000,0.00000000,0
2025-12-28 12:00:00,0.125,0.125,0.125,0.125,0.00000000,1766937599999,0.00000000,0,0.00000000,0.00000000,0
2025-12-28 16:00:00,0.122,0.122,0.101,0.101,29.70000000,1766951999999,3.35460000,2,0.00000000,0.00000000,0
2025-12-28 20:00:00,0.124,0.124,0.124,0.124,38.30000000,1766966399999,4.74920000,1,38.30000000,4.74920000,0
2025-12-29 00:00:00,0.124,0.124,0.124,0.124,0.00000000,1766980799999,0.00000000,0,0.00000000,0.00000000,0
2025-12-29 04:00:00,0.124,0.124,0.124,0.124,0.00000000,1766995199999,0.00000000,0,0.00000000,0.00000000,0
2025-12-29 08:00:00,0.124,0.124,0.124,0.124,0.00000000,1767009599999,0.00000000,0,0.00000000,0.00000000,0
2025-12-29 12:00:00,0.124,0.124,0.124,0.124,0.00000000,1767023999999,0.00000000,0,0.00000000,0.00000000,0
2025-12-29 16:00:00,0.122,0.125,0.122,0.122,125.20000000,1767038399999,15.38630000,5,37.30000000,4.66250000,0
2025-12-29 20:00:00,0.121,0.121,0.121,0.121,57.60000000,1767052799999,6.96960000,1,0.00000000,0.00000000,0
2025-12-30 00:00:00,0.121,0.121,0.121,0.121,0.00000000,1767067199999,0.00000000,0,0.00000000,0.00000000,0
2025-12-30 04:00:00,0.121,0.121,0.121,0.121,0.00000000,1767081599999,0.00000000,0,0.00000000,0.00000000,0
2025-12-30 08:00:00,0.12,0.12,0.12,0.12,12.20000000,1767095999999,1.46400000,1,0.00000000,0.00000000,0
2025-12-30 12:00:00,0.12,0.12,0.12,0.12,0.00000000,1767110399999,0.00000000,0,0.00000000,0.00000000,0
2025-12-30 16:00:00,0.12,0.12,0.12,0.12,0.00000000,1767124799999,0.00000000,0,0.00000000,0.00000000,0
2025-12-30 20:00:00,0.12,0.12,0.12,0.12,0.00000000,1767139199999,0.00000000,0,0.00000000,0.00000000,0
2025-12-31 00:00:00,0.12,0.12,0.12,0.12,0.00000000,1767153599999,0.00000000,0,0.00000000,0.00000000,0
2025-12-31 04:00:00,0.12,0.12,0.12,0.12,0.00000000,1767167999999,0.00000000,0,0.00000000,0.00000000,0
2025-12-31 08:00:00,0.12,0.12,0.12,0.12,0.00000000,1767182399999,0.00000000,0,0.00000000,0.00000000,0
2025-12-31 12:00:00,0.12,0.12,0.12,0.12,0.00000000,1767196799999,0.00000000,0,0.00000000,0.00000000,0
2025-12-31 16:00:00,0.12,0.12,0.12,0.12,0.00000000,1767211199999,0.00000000,0,0.00000000,0.00000000,0
2025-12-31 20:00:00,0.12,0.12,0.12,0.12,0.00000000,1767225599999,0.00000000,0,0.00000000,0.00000000,0
2026-01-01 00:00:00,0.12,0.12,0.12,0.12,0.00000000,1767239999999,0.00000000,0,0.00000000,0.00000000,0
2026-01-01 04:00:00,0.12,0.12,0.12,0.12,0.00000000,1767254399999,0.00000000,0,0.00000000,0.00000000,0
2026-01-01 08:00:00,0.12,0.12,0.12,0.12,0.00000000,1767268799999,0.00000000,0,0.00000000,0.00000000,0
2026-01-01 12:00:00,0.12,0.12,0.12,0.12,0.00000000,1767283199999,0.00000000,0,0.00000000,0.00000000,0
2026-01-01 16:00:00,0.12,0.12,0.12,0.12,0.00000000,1767297599999,0.00000000,0,0.00000000,0.00000000,0
2026-01-01 20:00:00,0.12,0.12,0.12,0.12,0.00000000,1767311999999,0.00000000,0,0.00000000,0.00000000,0
2026-01-02 00:00:00,0.12,0.12,0.12,0.12,0.00000000,1767326399999,0.00000000,0,0.00000000,0.00000000,0
2026-01-02 04:00:00,0.12,0.12,0.12,0.12,0.00000000,1767340799999,0.00000000,0,0.00000000,0.00000000,0
2026-01-02 08:00:00,0.12,0.12,0.12,0.12,0.00000000,1767355199999,0.00000000,0,0.00000000,0.00000000,0
2026-01-02 12:00:00,0.12,0.12,0.12,0.12,0.00000000,1767369599999,0.00000000,0,0.00000000,0.00000000,0
2026-01-02 16:00:00,0.12,0.12,0.12,0.12,0.00000000,1767383999999,0.00000000,0,0.00000000,0.00000000,0
2026-01-02 20:00:00,0.12,0.12,0.12,0.12,0.00000000,1767398399999,0.00000000,0,0.00000000,0.00000000,0
2026-01-03 00:00:00,0.12,0.12,0.12,0.12,0.00000000,1767412799999,0.00000000,0,0.00000000,0.00000000,0
2026-01-03 04:00:00,0.12,0.12,0.12,0.12,0.00000000,1767427199999,0.00000000,0,0.00000000,0.00000000,0
2026-01-03 08:00:00,0.12,0.12,0.12,0.12,0.00000000,1767441599999,0.00000000,0,0.00000000,0.00000000,0
2026-01-03 12:00:00,0.12,0.12,0.12,0.12,0.00000000,1767455999999,0.00000000,0,0.00000000,0.00000000,0
2026-01-03 16:00:00,0.12,0.12,0.12,0.12,0.00000000,1767470399999,0.00000000,0,0.00000000,0.00000000,0
2026-01-03 20:00:00,0.12,0.12,0.12,0.12,0.00000000,1767484799999,0.00000000,0,0.00000000,0.00000000,0
2026-01-04 00:00:00,0.12,0.12,0.12,0.12,0.00000000,1767499199999,0.00000000,0,0.00000000,0.00000000,0
2026-01-04 04:00:00,0.12,0.12,0.12,0.12,0.00000000,1767513599999,0.00000000,0,0.00000000,0.00000000,0
2026-01-04 08:00:00,0.12,0.12,0.12,0.12,0.00000000,1767527999999,0.00000000,0,0.00000000,0.00000000,0
2026-01-04 12:00:00,0.12,0.12,0.12,0.12,0.00000000,1767542399999,0.00000000,0,0.00000000,0.00000000,0
2026-01-04 16:00:00,0.12,0.12,0.12,0.12,0.00000000,1767556799999,0.00000000,0,0.00000000,0.00000000,0
2026-01-04 20:00:00,0.12,0.12,0.12,0.12,0.00000000,1767571199999,0.00000000,0,0.00000000,0.00000000,0
2026-01-05 00:00:00,0.12,0.12,0.12,0.12,0.00000000,1767585599999,0.00000000,0,0.00000000,0.00000000,0
2026-01-05 04:00:00,0.118,0.118,0.118,0.118,37.10000000,1767599999999,4.37780000,1,0.00000000,0.00000000,0
2026-01-05 08:00:00,0.118,0.118,0.118,0.118,0.00000000,1767614399999,0.00000000,0,0.00000000,0.00000000,0
2026-01-05 12:00:00,0.118,0.118,0.118,0.118,0.00000000,1767628799999,0.00000000,0,0.00000000,0.00000000,0
2026-01-05 16:00:00,0.118,0.118,0.118,0.118,0.00000000,1767643199999,0.00000000,0,0.00000000,0.00000000,0
2026-01-05 20:00:00,0.118,0.118,0.118,0.118,0.00000000,1767657599999,0.00000000,0,0.00000000,0.00000000,0
2026-01-06 00:00:00,0.118,0.118,0.118,0.118,0.00000000,1767671999999,0.00000000,0,0.00000000,0.00000000,0
2026-01-06 04:00:00,0.118,0.118,0.118,0.118,0.00000000,1767686399999,0.00000000,0,0.00000000,0.00000000,0
2026-01-06 08:00:00,0.118,0.118,0.118,0.118,0.00000000,1767700799999,0.00000000,0,0.00000000,0.00000000,0
2026-01-06 12:00:00,0.118,0.118,0.118,0.118,0.00000000,1767715199999,0.00000000,0,0.00000000,0.00000000,0
2026-01-06 16:00:00,0.118,0.118,0.118,0.118,0.00000000,1767729599999,0.00000000,0,0.00000000,0.00000000,0
2026-01-06 20:00:00,0.118,0.118,0.118,0.118,0.00000000,1767743999999,0.00000000,0,0.00000000,0.00000000,0
2026-01-07 00:00:00,0.118,0.118,0.118,0.118,0.00000000,1767758399999,0.00000000,0,0.00000000,0.00000000,0
2026-01-07 04:00:00,0.118,0.118,0.118,0.118,0.00000000,1767772799999,0.00000000,0,0.00000000,0.00000000,0
2026-01-07 08:00:00,0.118,0.118,0.118,0.118,0.00000000,1767787199999,0.00000000,0,0.00000000,0.00000000,0
2026-01-07 12:00:00,0.118,0.118,0.118,0.118,0.00000000,1767801599999,0.00000000,0,0.00000000,0.00000000,0
2026-01-07 16:00:00,0.118,0.118,0.118,0.118,0.00000000,1767815999999,0.00000000,0,0.00000000,0.00000000,0
2026-01-07 20:00:00,0.118,0.118,0.118,0.118,0.00000000,1767830399999,0.00000000,0,0.00000000,0.00000000,0
2026-01-08 00:00:00,0.118,0.118,0.118,0.118,0.00000000,1767844799999,0.00000000,0,0.00000000,0.00000000,0
2026-01-08 04:00:00,0.118,0.118,0.118,0.118,0.00000000,1767859199999,0.00000000,0,0.00000000,0.00000000,0
2026-01-08 08:00:00,0.118,0.118,0.118,0.118,0.00000000,1767873599999,0.00000000,0,0.00000000,0.00000000,0
2026-01-08 12:00:00,0.118,0.118,0.118,0.118,0.00000000,1767887999999,0.00000000,0,0.00000000,0.00000000,0
2026-01-08 16:00:00,0.118,0.118,0.118,0.118,0.00000000,1767902399999,0.00000000,0,0.00000000,0.00000000,0
2026-01-08 20:00:00,0.118,0.118,0.118,0.118,0.00000000,1767916799999,0.00000000,0,0.00000000,0.00000000,0
2026-01-09 00:00:00,0.118,0.118,0.118,0.118,0.00000000,1767931199999,0.00000000,0,0.00000000,0.00000000,0
2026-01-09 04:00:00,0.118,0.118,0.118,0.118,0.00000000,1767945599999,0.00000000,0,0.00000000,0.00000000,0
2026-01-09 08:00:00,0.118,0.118,0.118,0.118,0.00000000,1767959999999,0.00000000,0,0.00000000,0.00000000,0
2026-01-09 12:00:00,0.118,0.118,0.118,0.118,0.00000000,1767974399999,0.00000000,0,0.00000000,0.00000000,0
2026-01-09 16:00:00,0.118,0.118,0.118,0.118,0.00000000,1767988799999,0.00000000,0,0.00000000,0.00000000,0
2026-01-09 20:00:00,0.118,0.118,0.118,0.118,0.00000000,1768003199999,0.00000000,0,0.00000000,0.00000000,0
2026-01-10 00:00:00,0.118,0.118,0.118,0.118,0.00000000,1768017599999,0.00000000,0,0.00000000,0.00000000,0
2026-01-10 04:00:00,0.118,0.118,0.118,0.118,0.00000000,1768031999999,0.00000000,0,0.00000000,0.00000000,0
2026-01-10 08:00:00,0.118,0.118,0.118,0.118,0.00000000,1768046399999,0.00000000,0,0.00000000,0.00000000,0
2026-01-10 12:00:00,0.118,0.118,0.118,0.118,0.00000000,1768060799999,0.00000000,0,0.00000000,0.00000000,0
2026-01-10 16:00:00,0.118,0.118,0.118,0.118,0.00000000,1768075199999,0.00000000,0,0.00000000,0.00000000,0
2026-01-10 20:00:00,0.118,0.118,0.118,0.118,0.00000000,1768089599999,0.00000000,0,0.00000000,0.00000000,0
2026-01-11 00:00:00,0.118,0.118,0.118,0.118,0.00000000,1768103999999,0.00000000,0,0.00000000,0.00000000,0
2026-01-11 04:00:00,0.118,0.118,0.118,0.118,0.00000000,1768118399999,0.00000000,0,0.00000000,0.00000000,0
2026-01-11 08:00:00,0.118,0.118,0.118,0.118,0.00000000,1768132799999,0.00000000,0,0.00000000,0.00000000,0
2026-01-11 12:00:00,0.118,0.118,0.118,0.118,0.00000000,1768147199999,0.00000000,0,0.00000000,0.00000000,0
2026-01-11 16:00:00,0.118,0.118,0.118,0.118,0.00000000,1768161599999,0.00000000,0,0.00000000,0.00000000,0
2026-01-11 20:00:00,0.118,0.118,0.118,0.118,0.00000000,1768175999999,0.00000000,0,0.00000000,0.00000000,0
2026-01-12 00:00:00,0.118,0.118,0.118,0.118,0.00000000,1768190399999,0.00000000,0,0.00000000,0.00000000,0
2026-01-12 04:00:00,0.12,0.12,0.12,0.12,16.60000000,1768204799999,1.99200000,1,16.60000000,1.99200000,0
2026-01-12 08:00:00,0.12,0.125,0.114,0.114,228.70000000,1768219199999,27.29790000,3,152.10000000,18.56550000,0
2026-01-12 12:00:00,0.114,0.114,0.114,0.114,0.00000000,1768233599999,0.00000000,0,0.00000000,0.00000000,0
2026-01-12 16:00:00,0.114,0.114,0.114,0.114,0.00000000,1768247999999,0.00000000,0,0.00000000,0.00000000,0
2026-01-12 20:00:00,0.12,0.12,0.107,0.107,387.00000000,1768262399999,44.72330000,3,203.20000000,24.38400000,0
2026-01-13 00:00:00,0.107,0.107,0.107,0.107,0.00000000,1768276799999,0.00000000,0,0.00000000,0.00000000,0
2026-01-13 04:00:00,0.107,0.107,0.107,0.107,0.00000000,1768291199999,0.00000000,0,0.00000000,0.00000000,0
2026-01-13 08:00:00,0.107,0.107,0.107,0.107,0.00000000,1768305599999,0.00000000,0,0.00000000,0.00000000,0
2026-01-13 12:00:00,0.107,0.107,0.107,0.107,0.00000000,1768319999999,0.00000000,0,0.00000000,0.00000000,0
2026-01-13 16:00:00,0.107,0.107,0.107,0.107,0.00000000,1768334399999,0.00000000,0,0.00000000,0.00000000,0
2026-01-13 20:00:00,0.107,0.107,0.107,0.107,0.00000000,1768348799999,0.00000000,0,0.00000000,0.00000000,0
2026-01-14 00:00:00,0.107,0.107,0.107,0.107,0.00000000,1768363199999,0.00000000,0,0.00000000,0.00000000,0
2026-01-14 04:00:00,0.107,0.107,0.107,0.107,0.00000000,1768377599999,0.00000000,0,0.00000000,0.00000000,0
2026-01-14 08:00:00,0.107,0.107,0.107,0.107,0.00000000,1768391999999,0.00000000,0,0.00000000,0.00000000,0
2026-01-14 12:00:00,0.107,0.107,0.107,0.107,0.00000000,1768406399999,0.00000000,0,0.00000000,0.00000000,0
2026-01-14 16:00:00,0.11,0.11,0.11,0.11,446.90000000,1768420799999,49.15900000,1,0.00000000,0.00000000,0
2026-01-14 20:00:00,0.11,0.11,0.11,0.11,0.00000000,1768435199999,0.00000000,0,0.00000000,0.00000000,0
2026-01-15 00:00:00,0.119,0.119,0.116,0.116,186.80000000,1768449599999,22.10920000,3,50.00000000,5.83000000,0
2026-01-15 04:00:00,0.12,0.12,0.12,0.12,11.30000000,1768463999999,1.35600000,1,11.30000000,1.35600000,0
2026-01-15 08:00:00,0.12,0.12,0.12,0.12,0.00000000,1768478399999,0.00000000,0,0.00000000,0.00000000,0
2026-01-15 12:00:00,0.12,0.12,0.12,0.12,0.00000000,1768492799999,0.00000000,0,0.00000000,0.00000000,0
2026-01-15 16:00:00,0.12,0.12,0.12,0.12,0.00000000,1768507199999,0.00000000,0,0.00000000,0.00000000,0
2026-01-15 20:00:00,0.12,0.12,0.12,0.12,0.00000000,1768521599999,0.00000000,0,0.00000000,0.00000000,0
2026-01-16 00:00:00,0.12,0.12,0.12,0.12,0.00000000,1768535999999,0.00000000,0,0.00000000,0.00000000,0
2026-01-16 04:00:00,0.12,0.12,0.12,0.12,0.00000000,1768550399999,0.00000000,0,0.00000000,0.00000000,0
2026-01-16 08:00:00,0.12,0.12,0.12,0.12,0.00000000,1768564799999,0.00000000,0,0.00000000,0.00000000,0
2026-01-16 12:00:00,0.12,0.12,0.12,0.12,0.00000000,1768579199999,0.00000000,0,0.00000000,0.00000000,0
2026-01-16 16:00:00,0.12,0.12,0.12,0.12,0.00000000,1768593599999,0.00000000,0,0.00000000,0.00000000,0
2026-01-16 20:00:00,0.12,0.12,0.12,0.12,0.00000000,1768607999999,0.00000000,0,0.00000000,0.00000000,0
2026-01-17 00:00:00,0.12,0.12,0.12,0.12,0.00000000,1768622399999,0.00000000,0,0.00000000,0.00000000,0
2026-01-17 04:00:00,0.12,0.12,0.12,0.12,0.00000000,1768636799999,0.00000000,0,0.00000000,0.00000000,0
2026-01-17 08:00:00,0.12,0.12,0.12,0.12,0.00000000,1768651199999,0.00000000,0,0.00000000,0.00000000,0
2026-01-17 12:00:00,0.12,0.12,0.12,0.12,0.00000000,1768665599999,0.00000000,0,0.00000000,0.00000000,0
2026-01-17 16:00:00,0.12,0.12,0.12,0.12,0.00000000,1768679999999,0.00000000,0,0.00000000,0.00000000,0
2026-01-17 20:00:00,0.12,0.12,0.12,0.12,0.00000000,1768694399999,0.00000000,0,0.00000000,0.00000000,0
2026-01-18 00:00:00,0.12,0.12,0.12,0.12,0.00000000,1768708799999,0.00000000,0,0.00000000,0.00000000,0
2026-01-18 04:00:00,0.12,0.12,0.12,0.12,0.00000000,1768723199999,0.00000000,0,0.00000000,0.00000000,0
2026-01-18 08:00:00,0.12,0.12,0.12,0.12,0.00000000,1768737599999,0.00000000,0,0.00000000,0.00000000,0
2026-01-18 12:00:00,0.12,0.12,0.12,0.12,0.00000000,1768751999999,0.00000000,0,0.00000000,0.00000000,0
2026-01-18 16:00:00,0.12,0.12,0.12,0.12,0.00000000,1768766399999,0.00000000,0,0.00000000,0.00000000,0
2026-01-18 20:00:00,0.12,0.12,0.12,0.12,0.00000000,1768780799999,0.00000000,0,0.00000000,0.00000000,0
2026-01-19 00:00:00,0.12,0.12,0.12,0.12,0.00000000,1768795199999,0.00000000,0,0.00000000,0.00000000,0
2026-01-19 04:00:00,0.12,0.12,0.12,0.12,0.00000000,1768809599999,0.00000000,0,0.00000000,0.00000000,0
2026-01-19 08:00:00,0.12,0.12,0.12,0.12,0.00000000,1768823999999,0.00000000,0,0.00000000,0.00000000,0
2026-01-19 12:00:00,0.12,0.12,0.12,0.12,0.00000000,1768838399999,0.00000000,0,0.00000000,0.00000000,0
2026-01-19 16:00:00,0.12,0.12,0.12,0.12,0.00000000,1768852799999,0.00000000,0,0.00000000,0.00000000,0
2026-01-19 20:00:00,0.12,0.12,0.12,0.12,0.00000000,1768867199999,0.00000000,0,0.00000000,0.00000000,0
2026-01-20 00:00:00,0.12,0.12,0.12,0.12,0.00000000,1768881599999,0.00000000,0,0.00000000,0.00000000,0
2026-01-20 04:00:00,0.12,0.12,0.12,0.12,0.00000000,1768895999999,0.00000000,0,0.00000000,0.00000000,0
2026-01-20 08:00:00,0.115,0.117,0.115,0.117,924.10000000,1768910399999,106.44210000,5,85.30000000,9.98010000,0
2026-01-20 12:00:00,0.117,0.117,0.117,0.117,0.00000000,1768924799999,0.00000000,0,0.00000000,0.00000000,0
2026-01-20 16:00:00,0.11,0.11,0.11,0.11,19.20000000,1768939199999,2.11200000,2,0.00000000,0.00000000,0
2026-01-20 20:00:00,0.11,0.11,0.11,0.11,9.90000000,1768953599999,1.08900000,2,0.00000000,0.00000000,0
2026-01-21 00:00:00,0.11,0.11,0.11,0.11,0.00000000,1768967999999,0.00000000,0,0.00000000,0.00000000,0
2026-01-21 04:00:00,0.11,0.11,0.11,0.11,0.00000000,1768982399999,0.00000000,0,0.00000000,0.00000000,0
2026-01-21 08:00:00,0.11,0.11,0.11,0.11,0.00000000,1768996799999,0.00000000,0,0.00000000,0.00000000,0
2026-01-21 12:00:00,0.11,0.11,0.11,0.11,0.00000000,1769011199999,0.00000000,0,0.00000000,0.00000000,0
2026-01-21 16:00:00,0.11,0.11,0.11,0.11,0.00000000,1769025599999,0.00000000,0,0.00000000,0.00000000,0
2026-01-21 20:00:00,0.11,0.11,0.11,0.11,0.00000000,1769039999999,0.00000000,0,0.00000000,0.00000000,0
2026-01-22 00:00:00,0.11,0.11,0.11,0.11,0.00000000,1769054399999,0.00000000,0,0.00000000,0.00000000,0
2026-01-22 04:00:00,0.11,0.11,0.11,0.11,0.00000000,1769068799999,0.00000000,0,0.00000000,0.00000000,0
2026-01-22 08:00:00,0.11,0.11,0.11,0.11,0.00000000,1769083199999,0.00000000,0,0.00000000,0.00000000,0
2026-01-22 12:00:00,0.11,0.11,0.11,0.11,0.00000000,1769097599999,0.00000000,0,0.00000000,0.00000000,0
2026-01-22 16:00:00,0.11,0.11,0.11,0.11,10.90000000,1769111999999,1.19900000,1,0.00000000,0.00000000,0
2026-01-22 20:00:00,0.105,0.105,0.104,0.104,80.40000000,1769126399999,8.38320000,2,21.60000000,2.26800000,0
2026-01-23 00:00:00,0.104,0.104,0.104,0.104,0.00000000,1769140799999,0.00000000,0,0.00000000,0.00000000,0
2026-01-23 04:00:00,0.104,0.104,0.104,0.104,0.00000000,1769155199999,0.00000000,0,0.00000000,0.00000000,0
2026-01-23 08:00:00,0.104,0.104,0.104,0.104,0.00000000,1769169599999,0.00000000,0,0.00000000,0.00000000,0
2026-01-23 12:00:00,0.104,0.104,0.104,0.104,0.00000000,1769183999999,0.00000000,0,0.00000000,0.00000000,0
2026-01-23 16:00:00,0.104,0.104,0.104,0.104,0.00000000,1769198399999,0.00000000,0,0.00000000,0.00000000,0
2026-01-23 20:00:00,0.104,0.104,0.104,0.104,0.00000000,1769212799999,0.00000000,0,0.00000000,0.00000000,0
2026-01-24 00:00:00,0.104,0.104,0.104,0.104,0.00000000,1769227199999,0.00000000,0,0.00000000,0.00000000,0
2026-01-24 04:00:00,0.104,0.104,0.104,0.104,0.00000000,1769241599999,0.00000000,0,0.00000000,0.00000000,0
2026-01-24 08:00:00,0.104,0.104,0.104,0.104,0.00000000,1769255999999,0.00000000,0,0.00000000,0.00000000,0
2026-01-24 12:00:00,0.104,0.104,0.104,0.104,0.00000000,1769270399999,0.00000000,0,0.00000000,0.00000000,0
2026-01-24 16:00:00,0.104,0.104,0.104,0.104,0.00000000,1769284799999,0.00000000,0,0.00000000,0.00000000,0
2026-01-24 20:00:00,0.104,0.104,0.104,0.104,0.00000000,1769299199999,0.00000000,0,0.00000000,0.00000000,0
2026-01-25 00:00:00,0.104,0.104,0.104,0.104,0.00000000,1769313599999,0.00000000,0,0.00000000,0.00000000,0
2026-01-25 04:00:00,0.104,0.104,0.104,0.104,0.00000000,1769327999999,0.00000000,0,0.00000000,0.00000000,0
2026-01-25 08:00:00,0.104,0.104,0.104,0.104,0.00000000,1769342399999,0.00000000,0,0.00000000,0.00000000,0
2026-01-25 12:00:00,0.104,0.104,0.104,0.104,0.00000000,1769356799999,0.00000000,0,0.00000000,0.00000000,0
2026-01-25 16:00:00,0.104,0.104,0.104,0.104,0.00000000,1769371199999,0.00000000,0,0.00000000,0.00000000,0
2026-01-25 20:00:00,0.104,0.104,0.104,0.104,0.00000000,1769385599999,0.00000000,0,0.00000000,0.00000000,0
2026-01-26 00:00:00,0.104,0.104,0.104,0.104,0.00000000,1769399999999,0.00000000,0,0.00000000,0.00000000,0
2026-01-26 04:00:00,0.101,0.101,0.1,0.1,56.90000000,1769414399999,5.70690000,4,0.00000000,0.00000000,0
2026-01-26 08:00:00,0.1,0.1,0.1,0.1,0.00000000,1769428799999,0.00000000,0,0.00000000,0.00000000,0
2026-01-26 12:00:00,0.1,0.1,0.1,0.1,0.00000000,1769443199999,0.00000000,0,0.00000000,0.00000000,0
2026-01-26 16:00:00,0.1,0.1,0.1,0.1,0.00000000,1769457599999,0.00000000,0,0.00000000,0.00000000,0
2026-01-26 20:00:00,0.1,0.1,0.1,0.1,0.00000000,1769471999999,0.00000000,0,0.00000000,0.00000000,0
2026-01-27 00:00:00,0.099,0.099,0.099,0.099,22.10000000,1769486399999,2.18790000,1,0.00000000,0.00000000,0
2026-01-27 04:00:00,0.099,0.099,0.099,0.099,0.00000000,1769500799999,0.00000000,0,0.00000000,0.00000000,0
2026-01-27 08:00:00,0.102,0.102,0.102,0.102,97.90000000,1769515199999,9.98580000,1,97.90000000,9.98580000,0
2026-01-27 12:00:00,0.102,0.102,0.102,0.102,0.00000000,1769529599999,0.00000000,0,0.00000000,0.00000000,0
2026-01-27 16:00:00,0.099,0.099,0.099,0.099,18.30000000,1769543999999,1.81170000,1,0.00000000,0.00000000,0
2026-01-27 20:00:00,0.099,0.099,0.099,0.099,0.00000000,1769558399999,0.00000000,0,0.00000000,0.00000000,0
2026-01-28 00:00:00,0.099,0.099,0.099,0.099,0.00000000,1769572799999,0.00000000,0,0.00000000,0.00000000,0
2026-01-28 04:00:00,0.099,0.099,0.099,0.099,0.00000000,1769587199999,0.00000000,0,0.00000000,0.00000000,0
2026-01-28 08:00:00,0.099,0.099,0.099,0.099,0.00000000,1769601599999,0.00000000,0,0.00000000,0.00000000,0
2026-01-28 12:00:00,0.099,0.099,0.099,0.099,0.00000000,1769615999999,0.00000000,0,0.00000000,0.00000000,0
2026-01-28 16:00:00,0.099,0.099,0.099,0.099,0.00000000,1769630399999,0.00000000,0,0.00000000,0.00000000,0
2026-01-28 20:00:00,0.099,0.099,0.099,0.099,0.00000000,1769644799999,0.00000000,0,0.00000000,0.00000000,0
2026-01-29 00:00:00,0.099,0.099,0.099,0.099,40.40000000,1769659199999,3.99960000,1,0.00000000,0.00000000,0
2026-01-29 04:00:00,0.099,0.099,0.099,0.099,0.00000000,1769673599999,0.00000000,0,0.00000000,0.00000000,0
2026-01-29 08:00:00,0.099,0.099,0.099,0.099,0.00000000,1769687999999,0.00000000,0,0.00000000,0.00000000,0
2026-01-29 12:00:00,0.099,0.099,0.099,0.099,0.00000000,1769702399999,0.00000000,0,0.00000000,0.00000000,0
2026-01-29 16:00:00,0.098,0.098,0.098,0.098,30.00000000,1769716799999,2.94000000,2,0.00000000,0.00000000,0
2026-01-29 20:00:00,0.098,0.098,0.098,0.098,0.00000000,1769731199999,0.00000000,0,0.00000000,0.00000000,0
2026-01-30 00:00:00,0.098,0.098,0.098,0.098,0.00000000,1769745599999,0.00000000,0,0.00000000,0.00000000,0
2026-01-30 04:00:00,0.098,0.098,0.098,0.098,0.00000000,1769759999999,0.00000000,0,0.00000000,0.00000000,0
2026-01-30 08:00:00,0.098,0.098,0.098,0.098,0.00000000,1769774399999,0.00000000,0,0.00000000,0.00000000,0
2026-01-30 12:00:00,0.098,0.098,0.098,0.098,0.00000000,1769788799999,0.00000000,0,0.00000000,0.00000000,0
2026-01-30 16:00:00,0.09,0.09,0.09,0.09,30.00000000,1769803199999,2.70000000,2,0.00000000,0.00000000,0
2026-01-30 20:00:00,0.09,0.09,0.09,0.09,0.00000000,1769817599999,0.00000000,0,0.00000000,0.00000000,0
2026-01-31 00:00:00,0.09,0.09,0.09,0.09,0.00000000,1769831999999,0.00000000,0,0.00000000,0.00000000,0
2026-01-31 04:00:00,0.09,0.09,0.09,0.09,0.00000000,1769846399999,0.00000000,0,0.00000000,0.00000000,0
2026-01-31 08:00:00,0.09,0.09,0.09,0.09,0.00000000,1769860799999,0.00000000,0,0.00000000,0.00000000,0
2026-01-31 12:00:00,0.088,0.088,0.087,0.088,124.30000000,1769875199999,10.89840000,4,0.00000000,0.00000000,0
2026-01-31 16:00:00,0.08,0.08,0.08,0.08,14.80000000,1769889599999,1.18400000,1,0.00000000,0.00000000,0
2026-01-31 20:00:00,0.08,0.08,0.08,0.08,0.00000000,1769903999999,0.00000000,0,0.00000000,0.00000000,0
2026-02-01 00:00:00,0.08,0.08,0.08,0.08,25.20000000,1769918399999,2.01600000,2,0.00000000,0.00000000,0
2026-02-01 04:00:00,0.08,0.08,0.08,0.08,0.00000000,1769932799999,0.00000000,0,0.00000000,0.00000000,0
2026-02-01 08:00:00,0.076,0.076,0.076,0.076,50.00000000,1769947199999,3.80000000,2,0.00000000,0.00000000,0
2026-02-01 12:00:00,0.076,0.076,0.076,0.076,0.00000000,1769961599999,0.00000000,0,0.00000000,0.00000000,0
2026-02-01 16:00:00,0.07,0.07,0.065,0.065,73.80000000,1769975999999,5.04700000,4,0.00000000,0.00000000,0
2026-02-01 20:00:00,0.065,0.065,0.065,0.065,0.00000000,1769990399999,0.00000000,0,0.00000000,0.00000000,0
2026-02-02 00:00:00,0.065,0.065,0.065,0.065,0.00000000,1770004799999,0.00000000,0,0.00000000,0.00000000,0
2026-02-02 04:00:00,0.065,0.065,0.065,0.065,0.00000000,1770019199999,0.00000000,0,0.00000000,0.00000000,0
2026-02-02 08:00:00,0.067,0.067,0.067,0.067,23.90000000,1770033599999,1.60130000,1,23.90000000,1.60130000,0
2026-02-02 12:00:00,0.067,0.067,0.067,0.067,0.00000000,1770047999999,0.00000000,0,0.00000000,0.00000000,0
2026-02-02 16:00:00,0.067,0.067,0.067,0.067,0.00000000,1770062399999,0.00000000,0,0.00000000,0.00000000,0
2026-02-02 20:00:00,0.067,0.067,0.067,0.067,0.00000000,1770076799999,0.00000000,0,0.00000000,0.00000000,0
2026-02-03 00:00:00,0.067,0.067,0.067,0.067,0.00000000,1770091199999,0.00000000,0,0.00000000,0.00000000,0
2026-02-03 04:00:00,0.067,0.067,0.067,0.067,0.00000000,1770105599999,0.00000000,0,0.00000000,0.00000000,0
2026-02-03 08:00:00,0.067,0.067,0.067,0.067,0.00000000,1770119999999,0.00000000,0,0.00000000,0.00000000,0
2026-02-03 12:00:00,0.067,0.067,0.067,0.067,0.00000000,1770134399999,0.00000000,0,0.00000000,0.00000000,0
2026-02-03 16:00:00,0.067,0.067,0.067,0.067,0.00000000,1770148799999,0.00000000,0,0.00000000,0.00000000,0
2026-02-03 20:00:00,0.079,0.079,0.079,0.079,49.70000000,1770163199999,3.92630000,1,0.00000000,0.00000000,0
2026-02-04 00:00:00,0.079,0.079,0.079,0.079,0.00000000,1770177599999,0.00000000,0,0.00000000,0.00000000,0
2026-02-04 04:00:00,0.081,0.081,0.081,0.081,49.50000000,1770191999999,4.00950000,1,49.50000000,4.00950000,0
2026-02-04 08:00:00,0.081,0.081,0.081,0.081,0.00000000,1770206399999,0.00000000,0,0.00000000,0.00000000,0
2026-02-04 12:00:00,0.081,0.081,0.081,0.081,0.00000000,1770220799999,0.00000000,0,0.00000000,0.00000000,0
2026-02-04 16:00:00,0.081,0.081,0.081,0.081,0.00000000,1770235199999,0.00000000,0,0.00000000,0.00000000,0
2026-02-04 20:00:00,0.081,0.081,0.081,0.081,0.00000000,1770249599999,0.00000000,0,0.00000000,0.00000000,0
2026-02-05 00:00:00,0.081,0.081,0.081,0.081,0.00000000,1770263999999,0.00000000,0,0.00000000,0.00000000,0
2026-02-05 04:00:00,0.081,0.081,0.081,0.081,0.00000000,1770278399999,0.00000000,0,0.00000000,0.00000000,0
2026-02-05 08:00:00,0.081,0.081,0.081,0.081,0.00000000,1770292799999,0.00000000,0,0.00000000,0.00000000,0
2026-02-05 12:00:00,0.081,0.081,0.081,0.081,0.00000000,1770307199999,0.00000000,0,0.00000000,0.00000000,0
2026-02-05 16:00:00,0.081,0.081,0.081,0.081,0.00000000,1770321599999,0.00000000,0,0.00000000,0.00000000,0
2026-02-05 20:00:00,0.081,0.081,0.081,0.081,0.00000000,1770335999999,0.00000000,0,0.00000000,0.00000000,0
2026-02-06 00:00:00,0.081,0.081,0.081,0.081,0.00000000,1770350399999,0.00000000,0,0.00000000,0.00000000,0
2026-02-06 04:00:00,0.081,0.081,0.081,0.081,0.00000000,1770364799999,0.00000000,0,0.00000000,0.00000000,0
2026-02-06 08:00:00,0.08,0.08,0.08,0.08,17.20000000,1770379199999,1.37600000,1,0.00000000,0.00000000,0
2026-02-06 12:00:00,0.08,0.08,0.08,0.08,0.00000000,1770393599999,0.00000000,0,0.00000000,0.00000000,0
2026-02-06 16:00:00,0.077,0.077,0.077,0.077,194.60000000,1770407999999,14.98420000,1,194.60000000,14.98420000,0
2026-02-06 20:00:00,0.077,0.077,0.077,0.077,0.00000000,1770422399999,0.00000000,0,0.00000000,0.00000000,0
2026-02-07 00:00:00,0.077,0.077,0.077,0.077,0.00000000,1770436799999,0.00000000,0,0.00000000,0.00000000,0
2026-02-07 04:00:00,0.077,0.077,0.077,0.077,0.00000000,1770451199999,0.00000000,0,0.00000000,0.00000000,0
2026-02-07 08:00:00,0.075,0.078,0.075,0.078,129.30000000,1770465599999,9.88770000,2,129.30000000,9.88770000,0
2026-02-07 12:00:00,0.075,0.075,0.075,0.075,592.80000000,1770479999999,44.46000000,1,0.00000000,0.00000000,0
2026-02-07 16:00:00,0.075,0.075,0.075,0.075,0.00000000,1770494399999,0.00000000,0,0.00000000,0.00000000,0
2026-02-07 20:00:00,0.075,0.075,0.075,0.075,0.00000000,1770508799999,0.00000000,0,0.00000000,0.00000000,0
2026-02-08 00:00:00,0.075,0.075,0.075,0.075,0.00000000,1770523199999,0.00000000,0,0.00000000,0.00000000,0
2026-02-08 04:00:00,0.075,0.075,0.075,0.075,0.00000000,1770537599999,0.00000000,0,0.00000000,0.00000000,0
2026-02-08 08:00:00,0.075,0.075,0.075,0.075,0.00000000,1770551999999,0.00000000,0,0.00000000,0.00000000,0
2026-02-08 12:00:00,0.075,0.075,0.075,0.075,0.00000000,1770566399999,0.00000000,0,0.00000000,0.00000000,0
2026-02-08 16:00:00,0.075,0.075,0.075,0.075,0.00000000,1770580799999,0.00000000,0,0.00000000,0.00000000,0
2026-02-08 20:00:00,0.075,0.075,0.075,0.075,0.00000000,1770595199999,0.00000000,0,0.00000000,0.00000000,0
2026-02-09 00:00:00,0.075,0.075,0.075,0.075,0.00000000,1770609599999,0.00000000,0,0.00000000,0.00000000,0
2026-02-09 04:00:00,0.075,0.075,0.075,0.075,0.00000000,1770623999999,0.00000000,0,0.00000000,0.00000000,0
2026-02-09 08:00:00,0.067,0.075,0.067,0.075,888.80000000,1770638399999,64.91020000,4,710.80000000,52.98420000,0
2026-02-09 12:00:00,0.074,0.074,0.074,0.074,80.50000000,1770652799999,5.95700000,2,80.50000000,5.95700000,0
2026-02-09 16:00:00,0.074,0.074,0.074,0.074,0.00000000,1770667199999,0.00000000,0,0.00000000,0.00000000,0
2026-02-09 20:00:00,0.074,0.074,0.074,0.074,0.00000000,1770681599999,0.00000000,0,0.00000000,0.00000000,0
2026-02-10 00:00:00,0.074,0.074,0.074,0.074,0.00000000,1770695999999,0.00000000,0,0.00000000,0.00000000,0
2026-02-10 04:00:00,0.074,0.074,0.074,0.074,67.50000000,1770710399999,4.99500000,1,67.50000000,4.99500000,0
2026-02-10 08:00:00,0.072,0.072,0.067,0.067,690.50000000,1770724799999,46.99300000,3,145.90000000,10.50480000,0
2026-02-10 12:00:00,0.067,0.067,0.067,0.067,0.00000000,1770739199999,0.00000000,0,0.00000000,0.00000000,0
2026-02-10 16:00:00,0.069,0.069,0.069,0.069,175.10000000,1770753599999,12.08190000,1,175.10000000,12.08190000,0
2026-02-10 20:00:00,0.069,0.069,0.069,0.069,0.00000000,1770767999999,0.00000000,0,0.00000000,0.00000000,0
2026-02-11 00:00:00,0.067,0.067,0.067,0.067,145.30000000,1770782399999,9.73510000,1,0.00000000,0.00000000,0
2026-02-11 04:00:00,0.067,0.067,0.067,0.067,0.00000000,1770796799999,0.00000000,0,0.00000000,0.00000000,0
2026-02-11 08:00:00,0.069,0.073,0.069,0.073,432.50000000,1770811199999,30.99290000,2,432.50000000,30.99290000,0
2026-02-11 12:00:00,0.089,0.089,0.068,0.07,851.00000000,1770825599999,58.61190000,5,241.80000000,17.18630000,0
2026-02-11 16:00:00,0.076,0.076,0.068,0.068,127.60000000,1770839999999,8.82080000,3,0.00000000,0.00000000,0
2026-02-11 20:00:00,0.068,0.068,0.068,0.068,0.00000000,1770854399999,0.00000000,0,0.00000000,0.00000000,0
2026-02-12 00:00:00,0.07,0.07,0.07,0.07,109.30000000,1770868799999,7.65100000,1,109.30000000,7.65100000,0
2026-02-12 04:00:00,0.07,0.07,0.07,0.07,0.00000000,1770883199999,0.00000000,0,0.00000000,0.00000000,0
2026-02-12 08:00:00,0.07,0.07,0.07,0.07,198.30000000,1770897599999,13.88100000,2,0.00000000,0.00000000,0
2026-02-12 12:00:00,0.07,0.07,0.07,0.07,206.30000000,1770911999999,14.44100000,2,0.00000000,0.00000000,0
2026-02-12 16:00:00,0.07,0.07,0.07,0.07,247.40000000,1770926399999,17.31800000,1,247.40000000,17.31800000,0
2026-02-12 20:00:00,0.07,0.07,0.07,0.07,0.00000000,1770940799999,0.00000000,0,0.00000000,0.00000000,0
2026-02-13 00:00:00,0.07,0.07,0.07,0.07,0.00000000,1770955199999,0.00000000,0,0.00000000,0.00000000,0
2026-02-13 04:00:00,0.07,0.07,0.07,0.07,0.00000000,1770969599999,0.00000000,0,0.00000000,0.00000000,0
2026-02-13 08:00:00,0.07,0.07,0.07,0.07,0.00000000,1770983999999,0.00000000,0,0.00000000,0.00000000,0
2026-02-13 12:00:00,0.07,0.07,0.07,0.07,0.00000000,1770998399999,0.00000000,0,0.00000000,0.00000000,0
2026-02-13 16:00:00,0.071,0.08,0.071,0.079,8603.30000000,1771012799999,677.70280000,16,8603.30000000,677.70280000,0
2026-02-13 20:00:00,0.084,0.084,0.084,0.084,50.10000000,1771027199999,4.20840000,1,0.00000000,0.00000000,0
2026-02-14 00:00:00,0.089,0.12,0.071,0.084,491.20000000,1771041599999,36.44210000,5,54.50000000,4.99310000,0
2026-02-14 04:00:00,0.084,0.084,0.084,0.084,0.00000000,1771055999999,0.00000000,0,0.00000000,0.00000000,0
2026-02-14 08:00:00,0.084,0.084,0.084,0.084,0.00000000,1771070399999,0.00000000,0,0.00000000,0.00000000,0
2026-02-14 12:00:00,0.084,0.084,0.084,0.084,0.00000000,1771084799999,0.00000000,0,0.00000000,0.00000000,0
2026-02-14 16:00:00,0.084,0.084,0.084,0.084,0.00000000,1771099199999,0.00000000,0,0.00000000,0.00000000,0
2026-02-14 20:00:00,0.084,0.084,0.084,0.084,0.00000000,1771113599999,0.00000000,0,0.00000000,0.00000000,0
2026-02-15 00:00:00,0.084,0.084,0.084,0.084,0.00000000,1771127999999,0.00000000,0,0.00000000,0.00000000,0
2026-02-15 04:00:00,0.083,0.083,0.083,0.083,184.40000000,1771142399999,15.30520000,1,184.40000000,15.30520000,0
2026-02-15 08:00:00,0.083,0.083,0.083,0.083,0.00000000,1771156799999,0.00000000,0,0.00000000,0.00000000,0
2026-02-15 12:00:00,0.083,0.083,0.083,0.083,0.00000000,1771171199999,0.00000000,0,0.00000000,0.00000000,0
2026-02-15 16:00:00,0.083,0.083,0.069,0.069,304.20000000,1771185599999,23.51680000,3,180.50000000,14.98150000,0
2026-02-15 20:00:00,0.069,0.069,0.069,0.069,0.00000000,1771199999999,0.00000000,0,0.00000000,0.00000000,0
2026-02-16 00:00:00,0.069,0.069,0.069,0.069,0.00000000,1771214399999,0.00000000,0,0.00000000,0.00000000,0
2026-02-16 04:00:00,0.069,0.069,0.069,0.069,0.00000000,1771228799999,0.00000000,0,0.00000000,0.00000000,0
2026-02-16 08:00:00,0.069,0.069,0.069,0.069,0.00000000,1771243199999,0.00000000,0,0.00000000,0.00000000,0
2026-02-16 12:00:00,0.069,0.069,0.069,0.069,102.30000000,1771257599999,7.05870000,1,0.00000000,0.00000000,0
2026-02-16 16:00:00,0.069,0.069,0.069,0.069,0.00000000,1771271999999,0.00000000,0,0.00000000,0.00000000,0
2026-02-16 20:00:00,0.069,0.069,0.069,0.069,0.00000000,1771286399999,0.00000000,0,0.00000000,0.00000000,0
2026-02-17 00:00:00,0.069,0.069,0.069,0.069,0.00000000,1771300799999,0.00000000,0,0.00000000,0.00000000,0
2026-02-17 04:00:00,0.069,0.069,0.069,0.069,0.00000000,1771315199999,0.00000000,0,0.00000000,0.00000000,0
2026-02-17 08:00:00,0.069,0.069,0.069,0.069,0.00000000,1771329599999,0.00000000,0,0.00000000,0.00000000,0
2026-02-17 12:00:00,0.069,0.069,0.069,0.069,0.00000000,1771343999999,0.00000000,0,0.00000000,0.00000000,0
2026-02-17 16:00:00,0.069,0.069,0.069,0.069,0.00000000,1771358399999,0.00000000,0,0.00000000,0.00000000,0
2026-02-17 20:00:00,0.069,0.069,0.069,0.069,0.00000000,1771372799999,0.00000000,0,0.00000000,0.00000000,0
2026-02-18 00:00:00,0.069,0.069,0.069,0.069,0.00000000,1771387199999,0.00000000,0,0.00000000,0.00000000,0
2026-02-18 04:00:00,0.069,0.069,0.069,0.069,0.00000000,1771401599999,0.00000000,0,0.00000000,0.00000000,0
2026-02-18 08:00:00,0.069,0.069,0.069,0.069,0.00000000,1771415999999,0.00000000,0,0.00000000,0.00000000,0
2026-02-18 12:00:00,0.069,0.069,0.069,0.069,0.00000000,1771430399999,0.00000000,0,0.00000000,0.00000000,0
2026-02-18 16:00:00,0.069,0.069,0.069,0.069,0.00000000,1771444799999,0.00000000,0,0.00000000,0.00000000,0
2026-02-18 20:00:00,0.069,0.069,0.069,0.069,0.00000000,1771459199999,0.00000000,0,0.00000000,0.00000000,0
2026-02-19 00:00:00,0.069,0.069,0.069,0.069,0.00000000,1771473599999,0.00000000,0,0.00000000,0.00000000,0
2026-02-19 04:00:00,0.069,0.069,0.069,0.069,0.00000000,1771487999999,0.00000000,0,0.00000000,0.00000000,0
2026-02-19 08:00:00,0.069,0.069,0.069,0.069,0.00000000,1771502399999,0.00000000,0,0.00000000,0.00000000,0
2026-02-19 12:00:00,0.065,0.065,0.065,0.065,36.20000000,1771516799999,2.35300000,1,0.00000000,0.00000000,0
2026-02-19 16:00:00,0.065,0.065,0.065,0.065,0.00000000,1771531199999,0.00000000,0,0.00000000,0.00000000,0
2026-02-19 20:00:00,0.065,0.065,0.065,0.065,0.00000000,1771545599999,0.00000000,0,0.00000000,0.00000000,0
2026-02-20 00:00:00,0.065,0.065,0.065,0.065,0.00000000,1771559999999,0.00000000,0,0.00000000,0.00000000,0
2026-02-20 04:00:00,0.065,0.065,0.065,0.065,0.00000000,1771574399999,0.00000000,0,0.00000000,0.00000000,0
2026-02-20 08:00:00,0.065,0.065,0.065,0.065,0.00000000,1771588799999,0.00000000,0,0.00000000,0.00000000,0
2026-02-20 12:00:00,0.065,0.065,0.065,0.065,0.00000000,1771603199999,0.00000000,0,0.00000000,0.00000000,0
2026-02-20 16:00:00,0.065,0.065,0.065,0.065,0.00000000,1771617599999,0.00000000,0,0.00000000,0.00000000,0
2026-02-20 20:00:00,0.065,0.065,0.065,0.065,0.00000000,1771631999999,0.00000000,0,0.00000000,0.00000000,0
2026-02-21 00:00:00,0.065,0.065,0.065,0.065,0.00000000,1771646399999,0.00000000,0,0.00000000,0.00000000,0
2026-02-21 04:00:00,0.068,0.068,0.06,0.061,654.50000000,1771660799999,41.96540000,7,333.30000000,22.66440000,0
2026-02-21 08:00:00,0.061,0.061,0.061,0.061,0.00000000,1771675199999,0.00000000,0,0.00000000,0.00000000,0
2026-02-21 12:00:00,0.061,0.061,0.061,0.061,0.00000000,1771689599999,0.00000000,0,0.00000000,0.00000000,0
2026-02-21 16:00:00,0.061,0.061,0.061,0.061,0.00000000,1771703999999,0.00000000,0,0.00000000,0.00000000,0
2026-02-21 20:00:00,0.061,0.061,0.061,0.061,0.00000000,1771718399999,0.00000000,0,0.00000000,0.00000000,0
2026-02-22 00:00:00,0.061,0.061,0.061,0.061,0.00000000,1771732799999,0.00000000,0,0.00000000,0.00000000,0
2026-02-22 04:00:00,0.061,0.061,0.061,0.061,0.00000000,1771747199999,0.00000000,0,0.00000000,0.00000000,0
2026-02-22 08:00:00,0.061,0.061,0.061,0.061,0.00000000,1771761599999,0.00000000,0,0.00000000,0.00000000,0
2026-02-22 12:00:00,0.061,0.061,0.061,0.061,0.00000000,1771775999999,0.00000000,0,0.00000000,0.00000000,0
2026-02-22 16:00:00,0.061,0.061,0.061,0.061,0.00000000,1771790399999,0.00000000,0,0.00000000,0.00000000,0
2026-02-22 20:00:00,0.061,0.061,0.061,0.061,0.00000000,1771804799999,0.00000000,0,0.00000000,0.00000000,0
2026-02-23 00:00:00,0.061,0.061,0.061,0.061,0.00000000,1771819199999,0.00000000,0,0.00000000,0.00000000,0
2026-02-23 04:00:00,0.061,0.061,0.061,0.061,0.00000000,1771833599999,0.00000000,0,0.00000000,0.00000000,0
2026-02-23 08:00:00,0.061,0.061,0.061,0.061,18.00000000,1771847999999,1.09800000,1,0.00000000,0.00000000,0
2026-02-23 12:00:00,0.061,0.061,0.061,0.061,0.00000000,1771862399999,0.00000000,0,0.00000000,0.00000000,0
2026-02-23 16:00:00,0.061,0.061,0.061,0.061,0.00000000,1771876799999,0.00000000,0,0.00000000,0.00000000,0
2026-02-23 20:00:00,0.061,0.061,0.061,0.061,0.00000000,1771891199999,0.00000000,0,0.00000000,0.00000000,0
2026-02-24 00:00:00,0.06,0.06,0.06,0.06,150.80000000,1771905599999,9.04800000,1,0.00000000,0.00000000,0
2026-02-24 04:00:00,0.066,0.066,0.066,0.066,19.60000000,1771919999999,1.29360000,1,0.00000000,0.00000000,0
2026-02-24 08:00:00,0.066,0.066,0.066,0.066,0.00000000,1771934399999,0.00000000,0,0.00000000,0.00000000,0
2026-02-24 12:00:00,0.066,0.066,0.066,0.066,0.00000000,1771948799999,0.00000000,0,0.00000000,0.00000000,0
2026-02-24 16:00:00,0.054,0.054,0.054,0.054,50.80000000,1771963199999,2.74320000,2,0.00000000,0.00000000,0
2026-02-24 20:00:00,0.054,0.054,0.054,0.054,0.00000000,1771977599999,0.00000000,0,0.00000000,0.00000000,0
2026-02-25 00:00:00,0.054,0.054,0.054,0.054,0.00000000,1771991999999,0.00000000,0,0.00000000,0.00000000,0
2026-02-25 04:00:00,0.054,0.054,0.054,0.054,0.00000000,1772006399999,0.00000000,0,0.00000000,0.00000000,0
2026-02-25 08:00:00,0.058,0.058,0.058,0.058,33.30000000,1772020799999,1.93140000,1,0.00000000,0.00000000,0
2026-02-25 12:00:00,0.058,0.058,0.058,0.058,0.00000000,1772035199999,0.00000000,0,0.00000000,0.00000000,0
2026-02-25 16:00:00,0.058,0.058,0.058,0.058,0.00000000,1772049599999,0.00000000,0,0.00000000,0.00000000,0
2026-02-25 20:00:00,0.058,0.058,0.058,0.058,0.00000000,1772063999999,0.00000000,0,0.00000000,0.00000000,0
2026-02-26 00:00:00,0.058,0.058,0.058,0.058,0.00000000,1772078399999,0.00000000,0,0.00000000,0.00000000,0
2026-02-26 04:00:00,0.058,0.058,0.058,0.058,0.00000000,1772092799999,0.00000000,0,0.00000000,0.00000000,0
2026-02-26 08:00:00,0.058,0.058,0.058,0.058,0.00000000,1772107199999,0.00000000,0,0.00000000,0.00000000,0
2026-02-26 12:00:00,0.058,0.058,0.058,0.058,0.00000000,1772121599999,0.00000000,0,0.00000000,0.00000000,0
2026-02-26 16:00:00,0.058,0.058,0.058,0.058,0.00000000,1772135999999,0.00000000,0,0.00000000,0.00000000,0
2026-02-26 20:00:00,0.058,0.058,0.058,0.058,0.00000000,1772150399999,0.00000000,0,0.00000000,0.00000000,0
2026-02-27 00:00:00,0.058,0.058,0.058,0.058,0.00000000,1772164799999,0.00000000,0,0.00000000,0.00000000,0
2026-02-27 04:00:00,0.058,0.058,0.058,0.058,0.00000000,1772179199999,0.00000000,0,0.00000000,0.00000000,0
2026-02-27 08:00:00,0.058,0.058,0.058,0.058,0.00000000,1772193599999,0.00000000,0,0.00000000,0.00000000,0
2026-02-27 12:00:00,0.058,0.058,0.058,0.058,0.00000000,1772207999999,0.00000000,0,0.00000000,0.00000000,0
2026-02-27 16:00:00,0.058,0.058,0.058,0.058,0.00000000,1772222399999,0.00000000,0,0.00000000,0.00000000,0
2026-02-27 20:00:00,0.058,0.058,0.058,0.058,0.00000000,1772236799999,0.00000000,0,0.00000000,0.00000000,0
2026-02-28 00:00:00,0.058,0.058,0.058,0.058,0.00000000,1772251199999,0.00000000,0,0.00000000,0.00000000,0
2026-02-28 04:00:00,0.058,0.058,0.058,0.058,0.00000000,1772265599999,0.00000000,0,0.00000000,0.00000000,0
2026-02-28 08:00:00,0.058,0.058,0.058,0.058,0.00000000,1772279999999,0.00000000,0,0.00000000,0.00000000,0
2026-02-28 12:00:00,0.058,0.058,0.058,0.058,0.00000000,1772294399999,0.00000000,0,0.00000000,0.00000000,0
2026-02-28 16:00:00,0.074,0.178,0.074,0.178,527.40000000,1772308799999,74.09970000,16,527.40000000,74.09970000,0
2026-02-28 20:00:00,0.178,0.188,0.12,0.157,645.70000000,1772323199999,92.63970000,10,596.60000000,86.20370000,0
2026-03-01 00:00:00,0.157,0.198,0.117,0.117,495.10000000,1772337599999,77.41180000,11,5.40000000,1.06920000,0
2026-03-01 04:00:00,0.117,0.117,0.106,0.109,2158.90000000,1772351999999,237.06040000,11,1664.70000000,183.02910000,0
2026-03-01 08:00:00,0.1,0.107,0.092,0.107,142.70000000,1772366399999,14.16840000,8,52.60000000,5.37920000,0
2026-03-01 12:00:00,0.109,0.145,0.092,0.092,342.20000000,1772380799999,38.26640000,3,318.80000000,36.11360000,0
2026-03-01 16:00:00,0.09,0.09,0.09,0.09,25.90000000,1772395199999,2.33100000,2,0.00000000,0.00000000,0
2026-03-01 20:00:00,0.09,0.09,0.09,0.09,0.00000000,1772409599999,0.00000000,0,0.00000000,0.00000000,0
2026-03-02 00:00:00,0.09,0.09,0.09,0.09,0.00000000,1772423999999,0.00000000,0,0.00000000,0.00000000,0
2026-03-02 04:00:00,0.09,0.09,0.083,0.083,199.80000000,1772438399999,17.30290000,7,114.60000000,9.97020000,0
2026-03-02 08:00:00,0.083,0.083,0.083,0.083,0.00000000,1772452799999,0.00000000,0,0.00000000,0.00000000,0
2026-03-02 12:00:00,0.085,0.091,0.084,0.084,313.80000000,1772467199999,26.98510000,6,0.00000000,0.00000000,0
2026-03-02 16:00:00,0.084,0.084,0.084,0.084,0.00000000,1772481599999,0.00000000,0,0.00000000,0.00000000,0
2026-03-02 20:00:00,0.084,0.084,0.084,0.084,0.00000000,1772495999999,0.00000000,0,0.00000000,0.00000000,0
2026-03-03 00:00:00,0.083,0.083,0.083,0.083,22.80000000,1772510399999,1.89240000,1,0.00000000,0.00000000,0
2026-03-03 04:00:00,0.083,0.083,0.083,0.083,0.00000000,1772524799999,0.00000000,0,0.00000000,0.00000000,0
2026-03-03 08:00:00,0.083,0.083,0.083,0.083,0.00000000,1772539199999,0.00000000,0,0.00000000,0.00000000,0
2026-03-03 12:00:00,0.081,0.081,0.081,0.081,49.30000000,1772553599999,3.99330000,1,0.00000000,0.00000000,0
2026-03-03 16:00:00,0.081,0.081,0.081,0.081,0.00000000,1772567999999,0.00000000,0,0.00000000,0.00000000,0
2026-03-03 20:00:00,0.081,0.081,0.081,0.081,0.00000000,1772582399999,0.00000000,0,0.00000000,0.00000000,0
2026-03-04 00:00:00,0.081,0.081,0.081,0.081,18.60000000,1772596799999,1.50660000,1,18.60000000,1.50660000,0
2026-03-04 04:00:00,0.081,0.081,0.081,0.081,0.00000000,1772611199999,0.00000000,0,0.00000000,0.00000000,0
2026-03-04 08:00:00,0.081,0.081,0.081,0.081,0.00000000,1772625599999,0.00000000,0,0.00000000,0.00000000,0
2026-03-04 12:00:00,0.086,0.095,0.086,0.095,154.70000000,1772639999999,14.53000000,2,18.50000000,1.59100000,0
2026-03-04 16:00:00,0.095,0.095,0.095,0.095,0.00000000,1772654399999,0.00000000,0,0.00000000,0.00000000,0
2026-03-04 20:00:00,0.092,0.092,0.092,0.092,108.60000000,1772668799999,9.99120000,1,108.60000000,9.99120000,0
2026-03-05 00:00:00,0.08,0.08,0.08,0.08,40.00000000,1772683199999,3.20000000,2,0.00000000,0.00000000,0
2026-03-05 04:00:00,0.08,0.08,0.08,0.08,0.00000000,1772697599999,0.00000000,0,0.00000000,0.00000000,0
2026-03-05 08:00:00,0.08,0.08,0.08,0.08,0.00000000,1772711999999,0.00000000,0,0.00000000,0.00000000,0
2026-03-05 12:00:00,0.077,0.077,0.071,0.071,579.90000000,1772726399999,44.05630000,7,0.00000000,0.00000000,0
2026-03-05 16:00:00,0.073,0.073,0.073,0.073,29.60000000,1772740799999,2.16080000,1,0.00000000,0.00000000,0
2026-03-05 20:00:00,0.075,0.075,0.075,0.075,135.70000000,1772755199999,10.17750000,1,135.70000000,10.17750000,0
2026-03-06 00:00:00,0.075,0.075,0.075,0.075,0.00000000,1772769599999,0.00000000,0,0.00000000,0.00000000,0
2026-03-06 04:00:00,0.075,0.075,0.075,0.075,0.00000000,1772783999999,0.00000000,0,0.00000000,0.00000000,0
2026-03-06 08:00:00,0.075,0.075,0.075,0.075,0.00000000,1772798399999,0.00000000,0,0.00000000,0.00000000,0
2026-03-06 12:00:00,0.075,0.075,0.075,0.075,0.00000000,1772812799999,0.00000000,0,0.00000000,0.00000000,0
2026-03-06 16:00:00,0.075,0.075,0.075,0.075,0.00000000,1772827199999,0.00000000,0,0.00000000,0.00000000,0
2026-03-06 20:00:00,0.075,0.075,0.075,0.075,0.00000000,1772841599999,0.00000000,0,0.00000000,0.00000000,0
2026-03-07 00:00:00,0.075,0.075,0.075,0.075,0.00000000,1772855999999,0.00000000,0,0.00000000,0.00000000,0
2026-03-07 04:00:00,0.075,0.075,0.075,0.075,0.00000000,1772870399999,0.00000000,0,0.00000000,0.00000000,0
2026-03-07 08:00:00,0.075,0.075,0.075,0.075,0.00000000,1772884799999,0.00000000,0,0.00000000,0.00000000,0
2026-03-07 12:00:00,0.088,0.088,0.088,0.088,15.60000000,1772899199999,1.37280000,1,0.00000000,0.00000000,0
2026-03-07 16:00:00,0.088,0.088,0.088,0.088,0.00000000,1772913599999,0.00000000,0,0.00000000,0.00000000,0
2026-03-07 20:00:00,0.088,0.088,0.088,0.088,0.00000000,1772927999999,0.00000000,0,0.00000000,0.00000000,0
2026-03-08 00:00:00,0.088,0.088,0.088,0.088,0.00000000,1772942399999,0.00000000,0,0.00000000,0.00000000,0
2026-03-08 04:00:00,0.088,0.088,0.088,0.088,0.00000000,1772956799999,0.00000000,0,0.00000000,0.00000000,0
2026-03-08 08:00:00,0.088,0.088,0.088,0.088,0.00000000,1772971199999,0.00000000,0,0.00000000,0.00000000,0
2026-03-08 12:00:00,0.088,0.088,0.088,0.088,0.00000000,1772985599999,0.00000000,0,0.00000000,0.00000000,0
2026-03-08 16:00:00,0.088,0.088,0.088,0.088,0.00000000,1772999999999,0.00000000,0,0.00000000,0.00000000,0
2026-03-08 20:00:00,0.088,0.088,0.088,0.088,0.00000000,1773014399999,0.00000000,0,0.00000000,0.00000000,0
2026-03-09 00:00:00,0.088,0.088,0.088,0.088,0.00000000,1773028799999,0.00000000,0,0.00000000,0.00000000,0
2026-03-09 04:00:00,0.088,0.088,0.088,0.088,0.00000000,1773043199999,0.00000000,0,0.00000000,0.00000000,0
2026-03-09 08:00:00,0.088,0.088,0.088,0.088,0.00000000,1773057599999,0.00000000,0,0.00000000,0.00000000,0
2026-03-09 12:00:00,0.083,0.083,0.083,0.083,36.00000000,1773071999999,2.98800000,1,36.00000000,2.98800000,0
2026-03-09 16:00:00,0.083,0.083,0.083,0.083,0.00000000,1773086399999,0.00000000,0,0.00000000,0.00000000,0
2026-03-09 20:00:00,0.083,0.083,0.083,0.083,0.00000000,1773100799999,0.00000000,0,0.00000000,0.00000000,0
2026-03-10 00:00:00,0.083,0.083,0.083,0.083,0.00000000,1773115199999,0.00000000,0,0.00000000,0.00000000,0
2026-03-10 04:00:00,0.083,0.083,0.083,0.083,0.00000000,1773129599999,0.00000000,0,0.00000000,0.00000000,0
2026-03-10 08:00:00,0.083,0.083,0.083,0.083,0.00000000,1773143999999,0.00000000,0,0.00000000,0.00000000,0
2026-03-10 12:00:00,0.083,0.083,0.083,0.083,0.00000000,1773158399999,0.00000000,0,0.00000000,0.00000000,0
2026-03-10 16:00:00,0.083,0.083,0.083,0.083,0.00000000,1773172799999,0.00000000,0,0.00000000,0.00000000,0
2026-03-10 20:00:00,0.083,0.083,0.083,0.083,342.30000000,1773187199999,28.41090000,1,0.00000000,0.00000000,0
2026-03-11 00:00:00,0.083,0.083,0.083,0.083,0.00000000,1773201599999,0.00000000,0,0.00000000,0.00000000,0
2026-03-11 04:00:00,0.083,0.083,0.083,0.083,0.00000000,1773215999999,0.00000000,0,0.00000000,0.00000000,0
2026-03-11 08:00:00,0.083,0.083,0.083,0.083,0.00000000,1773230399999,0.00000000,0,0.00000000,0.00000000,0
2026-03-11 12:00:00,0.083,0.083,0.083,0.083,0.00000000,1773244799999,0.00000000,0,0.00000000,0.00000000,0
2026-03-11 16:00:00,0.083,0.083,0.083,0.083,0.00000000,1773259199999,0.00000000,0,0.00000000,0.00000000,0
2026-03-11 20:00:00,0.083,0.083,0.083,0.083,0.00000000,1773273599999,0.00000000,0,0.00000000,0.00000000,0
2026-03-12 00:00:00,0.083,0.083,0.083,0.083,0.00000000,1773287999999,0.00000000,0,0.00000000,0.00000000,0
2026-03-12 04:00:00,0.083,0.083,0.083,0.083,0.00000000,1773302399999,0.00000000,0,0.00000000,0.00000000,0
2026-03-12 08:00:00,0.083,0.083,0.083,0.083,0.00000000,1773316799999,0.00000000,0,0.00000000,0.00000000,0
2026-03-12 12:00:00,0.083,0.083,0.083,0.083,0.00000000,1773331199999,0.00000000,0,0.00000000,0.00000000,0
2026-03-12 16:00:00,0.083,0.083,0.083,0.083,0.00000000,1773345599999,0.00000000,0,0.00000000,0.00000000,0
2026-03-12 20:00:00,0.083,0.083,0.083,0.083,0.00000000,1773359999999,0.00000000,0,0.00000000,0.00000000,0
2026-03-13 00:00:00,0.083,0.083,0.083,0.083,0.00000000,1773374399999,0.00000000,0,0.00000000,0.00000000,0
2026-03-13 04:00:00,0.083,0.083,0.083,0.083,0.00000000,1773388799999,0.00000000,0,0.00000000,0.00000000,0
2026-03-13 08:00:00,0.083,0.083,0.083,0.083,0.00000000,1773403199999,0.00000000,0,0.00000000,0.00000000,0
2026-03-13 12:00:00,0.083,0.083,0.083,0.083,0.00000000,1773417599999,0.00000000,0,0.00000000,0.00000000,0
2026-03-13 16:00:00,0.083,0.083,0.083,0.083,0.00000000,1773431999999,0.00000000,0,0.00000000,0.00000000,0
2026-03-13 20:00:00,0.071,0.071,0.071,0.071,89.90000000,1773446399999,6.38290000,2,0.00000000,0.00000000,0
2026-03-14 00:00:00,0.071,0.071,0.071,0.071,0.00000000,1773460799999,0.00000000,0,0.00000000,0.00000000,0
2026-03-14 04:00:00,0.071,0.071,0.071,0.071,0.00000000,1773475199999,0.00000000,0,0.00000000,0.00000000,0
2026-03-14 08:00:00,0.071,0.071,0.071,0.071,0.00000000,1773489599999,0.00000000,0,0.00000000,0.00000000,0
2026-03-14 12:00:00,0.071,0.071,0.071,0.071,0.00000000,1773503999999,0.00000000,0,0.00000000,0.00000000,0
2026-03-14 16:00:00,0.071,0.071,0.071,0.071,0.00000000,1773518399999,0.00000000,0,0.00000000,0.00000000,0
2026-03-14 20:00:00,0.071,0.071,0.071,0.071,0.00000000,1773532799999,0.00000000,0,0.00000000,0.00000000,0
2026-03-15 00:00:00,0.071,0.071,0.071,0.071,0.00000000,1773547199999,0.00000000,0,0.00000000,0.00000000,0
2026-03-15 04:00:00,0.071,0.071,0.071,0.071,0.00000000,1773561599999,0.00000000,0,0.00000000,0.00000000,0
2026-03-15 08:00:00,0.071,0.071,0.071,0.071,0.00000000,1773575999999,0.00000000,0,0.00000000,0.00000000,0
2026-03-15 12:00:00,0.071,0.071,0.071,0.071,0.00000000,1773590399999,0.00000000,0,0.00000000,0.00000000,0
2026-03-15 16:00:00,0.071,0.071,0.071,0.071,0.00000000,1773604799999,0.00000000,0,0.00000000,0.00000000,0
2026-03-15 20:00:00,0.071,0.071,0.071,0.071,0.00000000,1773619199999,0.00000000,0,0.00000000,0.00000000,0
2026-03-16 00:00:00,0.071,0.071,0.071,0.071,0.00000000,1773633599999,0.00000000,0,0.00000000,0.00000000,0
2026-03-16 04:00:00,0.071,0.071,0.071,0.071,0.00000000,1773647999999,0.00000000,0,0.00000000,0.00000000,0
2026-03-16 08:00:00,0.071,0.071,0.071,0.071,0.00000000,1773662399999,0.00000000,0,0.00000000,0.00000000,0
2026-03-16 12:00:00,0.071,0.071,0.071,0.071,0.00000000,1773676799999,0.00000000,0,0.00000000,0.00000000,0
2026-03-16 16:00:00,0.071,0.071,0.071,0.071,0.00000000,1773691199999,0.00000000,0,0.00000000,0.00000000,0
2026-03-16 20:00:00,0.071,0.071,0.071,0.071,0.00000000,1773705599999,0.00000000,0,0.00000000,0.00000000,0
2026-03-17 00:00:00,0.071,0.071,0.071,0.071,0.00000000,1773719999999,0.00000000,0,0.00000000,0.00000000,0
2026-03-17 04:00:00,0.071,0.071,0.071,0.071,0.00000000,1773734399999,0.00000000,0,0.00000000,0.00000000,0
2026-03-17 08:00:00,0.071,0.071,0.071,0.071,0.00000000,1773748799999,0.00000000,0,0.00000000,0.00000000,0
2026-03-17 12:00:00,0.071,0.071,0.071,0.071,0.00000000,1773763199999,0.00000000,0,0.00000000,0.00000000,0
2026-03-17 16:00:00,0.071,0.071,0.071,0.071,0.00000000,1773777599999,0.00000000,0,0.00000000,0.00000000,0
2026-03-17 20:00:00,0.07,0.07,0.067,0.067,96.00000000,1773791999999,6.62610000,4,0.00000000,0.00000000,0
2026-03-18 00:00:00,0.067,0.067,0.067,0.067,0.00000000,1773806399999,0.00000000,0,0.00000000,0.00000000,0
2026-03-18 04:00:00,0.067,0.067,0.067,0.067,0.00000000,1773820799999,0.00000000,0,0.00000000,0.00000000,0
2026-03-18 08:00:00,0.067,0.067,0.067,0.067,0.00000000,1773835199999,0.00000000,0,0.00000000,0.00000000,0
2026-03-18 12:00:00,0.067,0.067,0.067,0.067,0.00000000,1773849599999,0.00000000,0,0.00000000,0.00000000,0
2026-03-18 16:00:00,0.067,0.067,0.067,0.067,0.00000000,1773863999999,0.00000000,0,0.00000000,0.00000000,0
2026-03-18 20:00:00,0.067,0.067,0.067,0.067,0.00000000,1773878399999,0.00000000,0,0.00000000,0.00000000,0
2026-03-19 00:00:00,0.067,0.067,0.067,0.067,0.00000000,1773892799999,0.00000000,0,0.00000000,0.00000000,0
2026-03-19 04:00:00,0.067,0.067,0.067,0.067,0.00000000,1773907199999,0.00000000,0,0.00000000,0.00000000,0
2026-03-19 08:00:00,0.067,0.067,0.067,0.067,0.00000000,1773921599999,0.00000000,0,0.00000000,0.00000000,0
2026-03-19 12:00:00,0.067,0.067,0.067,0.067,15.50000000,1773935999999,1.03850000,1,0.00000000,0.00000000,0
2026-03-19 16:00:00,0.067,0.067,0.067,0.067,0.00000000,1773950399999,0.00000000,0,0.00000000,0.00000000,0
2026-03-19 20:00:00,0.069,0.069,0.069,0.069,724.40000000,1773964799999,49.98360000,2,724.40000000,49.98360000,0
2026-03-20 00:00:00,0.066,0.066,0.066,0.066,2727.20000000,1773979199999,179.99520000,4,0.00000000,0.00000000,0
2026-03-20 04:00:00,0.066,0.066,0.066,0.066,0.00000000,1773993599999,0.00000000,0,0.00000000,0.00000000,0
2026-03-20 08:00:00,0.066,0.066,0.066,0.066,0.00000000,1774007999999,0.00000000,0,0.00000000,0.00000000,0
2026-03-20 12:00:00,0.066,0.066,0.066,0.066,0.00000000,1774022399999,0.00000000,0,0.00000000,0.00000000,0
2026-03-20 16:00:00,0.066,0.066,0.066,0.066,0.00000000,1774036799999,0.00000000,0,0.00000000,0.00000000,0
2026-03-20 20:00:00,0.066,0.066,0.066,0.066,0.00000000,1774051199999,0.00000000,0,0.00000000,0.00000000,0
2026-03-21 00:00:00,0.066,0.066,0.066,0.066,0.00000000,1774065599999,0.00000000,0,0.00000000,0.00000000,0
2026-03-21 04:00:00,0.065,0.065,0.065,0.065,60.00000000,1774079999999,3.90000000,2,0.00000000,0.00000000,0
2026-03-21 08:00:00,0.068,0.068,0.068,0.068,25.60000000,1774094399999,1.74080000,1,0.00000000,0.00000000,0
2026-03-21 12:00:00,0.068,0.068,0.068,0.068,0.00000000,1774108799999,0.00000000,0,0.00000000,0.00000000,0
2026-03-21 16:00:00,0.068,0.068,0.068,0.068,0.00000000,1774123199999,0.00000000,0,0.00000000,0.00000000,0
2026-03-21 20:00:00,0.068,0.068,0.068,0.068,0.00000000,1774137599999,0.00000000,0,0.00000000,0.00000000,0
2026-03-22 00:00:00,0.068,0.068,0.068,0.068,0.00000000,1774151999999,0.00000000,0,0.00000000,0.00000000,0
2026-03-22 04:00:00,0.068,0.068,0.068,0.068,0.00000000,1774166399999,0.00000000,0,0.00000000,0.00000000,0
2026-03-22 08:00:00,0.068,0.068,0.068,0.068,0.00000000,1774180799999,0.00000000,0,0.00000000,0.00000000,0
2026-03-22 12:00:00,0.068,0.068,0.068,0.068,0.00000000,1774195199999,0.00000000,0,0.00000000,0.00000000,0
2026-03-22 16:00:00,0.068,0.068,0.068,0.068,0.00000000,1774209599999,0.00000000,0,0.00000000,0.00000000,0
2026-03-22 20:00:00,0.068,0.068,0.068,0.068,0.00000000,1774223999999,0.00000000,0,0.00000000,0.00000000,0
2026-03-23 00:00:00,0.068,0.068,0.068,0.068,0.00000000,1774238399999,0.00000000,0,0.00000000,0.00000000,0
2026-03-23 04:00:00,0.068,0.068,0.068,0.068,0.00000000,1774252799999,0.00000000,0,0.00000000,0.00000000,0
2026-03-23 08:00:00,0.068,0.068,0.068,0.068,0.00000000,1774267199999,0.00000000,0,0.00000000,0.00000000,0
2026-03-23 12:00:00,0.068,0.068,0.068,0.068,0.00000000,1774281599999,0.00000000,0,0.00000000,0.00000000,0
2026-03-23 16:00:00,0.068,0.068,0.068,0.068,0.00000000,1774295999999,0.00000000,0,0.00000000,0.00000000,0
2026-03-23 20:00:00,0.068,0.068,0.068,0.068,0.00000000,1774310399999,0.00000000,0,0.00000000,0.00000000,0
2026-03-24 00:00:00,0.068,0.068,0.068,0.068,0.00000000,1774324799999,0.00000000,0,0.00000000,0.00000000,0
2026-03-24 04:00:00,0.068,0.068,0.068,0.068,0.00000000,1774339199999,0.00000000,0,0.00000000,0.00000000,0
2026-03-24 08:00:00,0.068,0.068,0.068,0.068,0.00000000,1774353599999,0.00000000,0,0.00000000,0.00000000,0
2026-03-24 12:00:00,0.068,0.068,0.068,0.068,0.00000000,1774367999999,0.00000000,0,0.00000000,0.00000000,0
2026-03-24 16:00:00,0.068,0.068,0.068,0.068,0.00000000,1774382399999,0.00000000,0,0.00000000,0.00000000,0
2026-03-24 20:00:00,0.068,0.068,0.068,0.068,0.00000000,1774396799999,0.00000000,0,0.00000000,0.00000000,0
2026-03-25 00:00:00,0.068,0.068,0.068,0.068,0.00000000,1774411199999,0.00000000,0,0.00000000,0.00000000,0
2026-03-25 04:00:00,0.068,0.068,0.068,0.068,0.00000000,1774425599999,0.00000000,0,0.00000000,0.00000000,0
2026-03-25 08:00:00,0.068,0.068,0.068,0.068,0.00000000,1774439999999,0.00000000,0,0.00000000,0.00000000,0
2026-03-25 12:00:00,0.068,0.068,0.068,0.068,0.00000000,1774454399999,0.00000000,0,0.00000000,0.00000000,0
2026-03-25 16:00:00,0.068,0.068,0.068,0.068,0.00000000,1774468799999,0.00000000,0,0.00000000,0.00000000,0
2026-03-25 20:00:00,0.068,0.068,0.068,0.068,0.00000000,1774483199999,0.00000000,0,0.00000000,0.00000000,0
2026-03-26 00:00:00,0.068,0.068,0.068,0.068,0.00000000,1774497599999,0.00000000,0,0.00000000,0.00000000,0
2026-03-26 04:00:00,0.068,0.068,0.068,0.068,0.00000000,1774511999999,0.00000000,0,0.00000000,0.00000000,0
2026-03-26 08:00:00,0.068,0.068,0.068,0.068,0.00000000,1774526399999,0.00000000,0,0.00000000,0.00000000,0
2026-03-26 12:00:00,0.068,0.068,0.068,0.068,0.00000000,1774540799999,0.00000000,0,0.00000000,0.00000000,0
2026-03-26 16:00:00,0.068,0.068,0.068,0.068,0.00000000,1774555199999,0.00000000,0,0.00000000,0.00000000,0
2026-03-26 20:00:00,0.068,0.068,0.068,0.068,0.00000000,1774569599999,0.00000000,0,0.00000000,0.00000000,0
2026-03-27 00:00:00,0.068,0.068,0.068,0.068,0.00000000,1774583999999,0.00000000,0,0.00000000,0.00000000,0
2026-03-27 04:00:00,0.068,0.068,0.068,0.068,0.00000000,1774598399999,0.00000000,0,0.00000000,0.00000000,0
2026-03-27 08:00:00,0.068,0.068,0.068,0.068,0.00000000,1774612799999,0.00000000,0,0.00000000,0.00000000,0
2026-03-27 12:00:00,0.068,0.068,0.068,0.068,0.00000000,1774627199999,0.00000000,0,0.00000000,0.00000000,0
2026-03-27 16:00:00,0.068,0.068,0.068,0.068,0.00000000,1774641599999,0.00000000,0,0.00000000,0.00000000,0
2026-03-27 20:00:00,0.068,0.068,0.068,0.068,0.00000000,1774655999999,0.00000000,0,0.00000000,0.00000000,0
2026-03-28 00:00:00,0.068,0.068,0.068,0.068,0.00000000,1774670399999,0.00000000,0,0.00000000,0.00000000,0
2026-03-28 04:00:00,0.068,0.068,0.068,0.068,0.00000000,1774684799999,0.00000000,0,0.00000000,0.00000000,0
2026-03-28 08:00:00,0.068,0.068,0.068,0.068,0.00000000,1774699199999,0.00000000,0,0.00000000,0.00000000,0
2026-03-28 12:00:00,0.068,0.068,0.068,0.068,0.00000000,1774713599999,0.00000000,0,0.00000000,0.00000000,0
2026-03-28 16:00:00,0.068,0.068,0.068,0.068,0.00000000,1774727999999,0.00000000,0,0.00000000,0.00000000,0
2026-03-28 20:00:00,0.068,0.068,0.068,0.068,0.00000000,1774742399999,0.00000000,0,0.00000000,0.00000000,0
2026-03-29 00:00:00,0.068,0.068,0.068,0.068,0.00000000,1774756799999,0.00000000,0,0.00000000,0.00000000,0
2026-03-29 04:00:00,0.068,0.068,0.068,0.068,0.00000000,1774771199999,0.00000000,0,0.00000000,0.00000000,0
2026-03-29 08:00:00,0.068,0.068,0.068,0.068,0.00000000,1774785599999,0.00000000,0,0.00000000,0.00000000,0
2026-03-29 12:00:00,0.068,0.068,0.068,0.068,0.00000000,1774799999999,0.00000000,0,0.00000000,0.00000000,0
2026-03-29 16:00:00,0.068,0.068,0.068,0.068,0.00000000,1774814399999,0.00000000,0,0.00000000,0.00000000,0
2026-03-29 20:00:00,0.068,0.068,0.068,0.068,0.00000000,1774828799999,0.00000000,0,0.00000000,0.00000000,0
2026-03-30 00:00:00,0.068,0.068,0.068,0.068,0.00000000,1774843199999,0.00000000,0,0.00000000,0.00000000,0
2026-03-30 04:00:00,0.068,0.068,0.068,0.068,0.00000000,1774857599999,0.00000000,0,0.00000000,0.00000000,0
2026-03-30 08:00:00,0.068,0.068,0.068,0.068,0.00000000,1774871999999,0.00000000,0,0.00000000,0.00000000,0
2026-03-30 12:00:00,0.068,0.068,0.068,0.068,0.00000000,1774886399999,0.00000000,0,0.00000000,0.00000000,0
2026-03-30 16:00:00,0.068,0.068,0.068,0.068,0.00000000,1774900799999,0.00000000,0,0.00000000,0.00000000,0
2026-03-30 20:00:00,0.068,0.068,0.068,0.068,0.00000000,1774915199999,0.00000000,0,0.00000000,0.00000000,0
2026-03-31 00:00:00,0.068,0.068,0.068,0.068,0.00000000,1774929599999,0.00000000,0,0.00000000,0.00000000,0
2026-03-31 04:00:00,0.068,0.068,0.068,0.068,0.00000000,1774943999999,0.00000000,0,0.00000000,0.00000000,0
2026-03-31 08:00:00,0.068,0.068,0.068,0.068,0.00000000,1774958399999,0.00000000,0,0.00000000,0.00000000,0
2026-03-31 12:00:00,0.068,0.068,0.068,0.068,0.00000000,1774972799999,0.00000000,0,0.00000000,0.00000000,0
2026-03-31 16:00:00,0.068,0.068,0.068,0.068,0.00000000,1774987199999,0.00000000,0,0.00000000,0.00000000,0
2026-03-31 20:00:00,0.068,0.068,0.068,0.068,0.00000000,1775001599999,0.00000000,0,0.00000000,0.00000000,0
2026-04-01 00:00:00,0.068,0.068,0.068,0.068,0.00000000,1775015999999,0.00000000,0,0.00000000,0.00000000,0
2026-04-01 04:00:00,0.068,0.068,0.068,0.068,0.00000000,1775030399999,0.00000000,0,0.00000000,0.00000000,0
2026-04-01 08:00:00,0.068,0.068,0.068,0.068,0.00000000,1775044799999,0.00000000,0,0.00000000,0.00000000,0
2026-04-01 12:00:00,0.068,0.068,0.068,0.068,0.00000000,1775059199999,0.00000000,0,0.00000000,0.00000000,0
2026-04-01 16:00:00,0.068,0.068,0.068,0.068,0.00000000,1775073599999,0.00000000,0,0.00000000,0.00000000,0
2026-04-01 20:00:00,0.068,0.068,0.068,0.068,0.00000000,1775087999999,0.00000000,0,0.00000000,0.00000000,0
2026-04-02 00:00:00,0.068,0.068,0.068,0.068,0.00000000,1775102399999,0.00000000,0,0.00000000,0.00000000,0
2026-04-02 04:00:00,0.068,0.068,0.068,0.068,0.00000000,1775116799999,0.00000000,0,0.00000000,0.00000000,0
2026-04-02 08:00:00,0.068,0.068,0.068,0.068,0.00000000,1775131199999,0.00000000,0,0.00000000,0.00000000,0
2026-04-02 12:00:00,0.068,0.068,0.068,0.068,0.00000000,1775145599999,0.00000000,0,0.00000000,0.00000000,0
2026-04-02 16:00:00,0.068,0.068,0.068,0.068,0.00000000,1775159999999,0.00000000,0,0.00000000,0.00000000,0
2026-04-02 20:00:00,0.065,0.065,0.065,0.065,84.70000000,1775174399999,5.50550000,1,84.70000000,5.50550000,0
2026-04-03 00:00:00,0.065,0.065,0.065,0.065,0.00000000,1775188799999,0.00000000,0,0.00000000,0.00000000,0
2026-04-03 04:00:00,0.065,0.065,0.065,0.065,0.00000000,1775203199999,0.00000000,0,0.00000000,0.00000000,0
2026-04-03 08:00:00,0.065,0.065,0.065,0.065,0.00000000,1775217599999,0.00000000,0,0.00000000,0.00000000,0
2026-04-03 12:00:00,0.065,0.073,0.065,0.073,244.70000000,1775231999999,16.13990000,3,215.40000000,14.00100000,0
2026-04-03 16:00:00,0.073,0.073,0.073,0.073,0.00000000,1775246399999,0.00000000,0,0.00000000,0.00000000,0
2026-04-03 20:00:00,0.073,0.073,0.073,0.073,0.00000000,1775260799999,0.00000000,0,0.00000000,0.00000000,0
2026-04-04 00:00:00,0.073,0.073,0.073,0.073,0.00000000,1775275199999,0.00000000,0,0.00000000,0.00000000,0
2026-04-04 04:00:00,0.073,0.073,0.073,0.073,0.00000000,1775289599999,0.00000000,0,0.00000000,0.00000000,0
2026-04-04 08:00:00,0.073,0.073,0.073,0.073,0.00000000,1775303999999,0.00000000,0,0.00000000,0.00000000,0
2026-04-04 12:00:00,0.073,0.073,0.073,0.073,0.00000000,1775318399999,0.00000000,0,0.00000000,0.00000000,0
2026-04-04 16:00:00,0.073,0.073,0.073,0.073,0.00000000,1775332799999,0.00000000,0,0.00000000,0.00000000,0
2026-04-04 20:00:00,0.073,0.073,0.073,0.073,0.00000000,1775347199999,0.00000000,0,0.00000000,0.00000000,0
2026-04-05 00:00:00,0.073,0.073,0.073,0.073,0.00000000,1775361599999,0.00000000,0,0.00000000,0.00000000,0
2026-04-05 04:00:00,0.073,0.073,0.073,0.073,0.00000000,1775375999999,0.00000000,0,0.00000000,0.00000000,0
2026-04-05 08:00:00,0.073,0.073,0.073,0.073,0.00000000,1775390399999,0.00000000,0,0.00000000,0.00000000,0
2026-04-05 12:00:00,0.073,0.073,0.073,0.073,0.00000000,1775404799999,0.00000000,0,0.00000000,0.00000000,0
2026-04-05 16:00:00,0.073,0.073,0.073,0.073,0.00000000,1775419199999,0.00000000,0,0.00000000,0.00000000,0
2026-04-05 20:00:00,0.073,0.073,0.073,0.073,0.00000000,1775433599999,0.00000000,0,0.00000000,0.00000000,0
2026-04-06 00:00:00,0.073,0.073,0.073,0.073,0.00000000,1775447999999,0.00000000,0,0.00000000,0.00000000,0
2026-04-06 04:00:00,0.073,0.073,0.073,0.073,0.00000000,1775462399999,0.00000000,0,0.00000000,0.00000000,0
2026-04-06 08:00:00,0.073,0.073,0.073,0.073,0.00000000,1775476799999,0.00000000,0,0.00000000,0.00000000,0
2026-04-06 12:00:00,0.073,0.073,0.073,0.073,0.00000000,1775491199999,0.00000000,0,0.00000000,0.00000000,0
2026-04-06 16:00:00,0.073,0.073,0.073,0.073,0.00000000,1775505599999,0.00000000,0,0.00000000,0.00000000,0
2026-04-06 20:00:00,0.073,0.073,0.073,0.073,0.00000000,1775519999999,0.00000000,0,0.00000000,0.00000000,0
2026-04-07 00:00:00,0.073,0.073,0.073,0.073,0.00000000,1775534399999,0.00000000,0,0.00000000,0.00000000,0
2026-04-07 04:00:00,0.073,0.073,0.073,0.073,0.00000000,1775548799999,0.00000000,0,0.00000000,0.00000000,0
2026-04-07 08:00:00,0.073,0.073,0.073,0.073,0.00000000,1775563199999,0.00000000,0,0.00000000,0.00000000,0
2026-04-07 12:00:00,0.073,0.073,0.073,0.073,0.00000000,1775577599999,0.00000000,0,0.00000000,0.00000000,0
2026-04-07 16:00:00,0.073,0.073,0.073,0.073,0.00000000,1775591999999,0.00000000,0,0.00000000,0.00000000,0
2026-04-07 20:00:00,0.073,0.073,0.073,0.073,0.00000000,1775606399999,0.00000000,0,0.00000000,0.00000000,0
2026-04-08 00:00:00,0.073,0.073,0.073,0.073,0.00000000,1775620799999,0.00000000,0,0.00000000,0.00000000,0
2026-04-08 04:00:00,0.073,0.073,0.073,0.073,0.00000000,1775635199999,0.00000000,0,0.00000000,0.00000000,0
2026-04-08 08:00:00,0.073,0.073,0.073,0.073,0.00000000,1775649599999,0.00000000,0,0.00000000,0.00000000,0
2026-04-08 12:00:00,0.073,0.073,0.073,0.073,0.00000000,1775663999999,0.00000000,0,0.00000000,0.00000000,0
2026-04-08 16:00:00,0.073,0.073,0.073,0.073,0.00000000,1775678399999,0.00000000,0,0.00000000,0.00000000,0
2026-04-08 20:00:00,0.073,0.073,0.073,0.073,0.00000000,1775692799999,0.00000000,0,0.00000000,0.00000000,0
2026-04-09 00:00:00,0.073,0.073,0.073,0.073,0.00000000,1775707199999,0.00000000,0,0.00000000,0.00000000,0
2026-04-09 04:00:00,0.073,0.073,0.073,0.073,0.00000000,1775721599999,0.00000000,0,0.00000000,0.00000000,0
2026-04-09 08:00:00,0.073,0.073,0.073,0.073,0.00000000,1775735999999,0.00000000,0,0.00000000,0.00000000,0
2026-04-09 12:00:00,0.069,0.069,0.069,0.069,43.30000000,1775750399999,2.98770000,1,43.30000000,2.98770000,0
2026-04-09 16:00:00,0.069,0.069,0.069,0.069,0.00000000,1775764799999,0.00000000,0,0.00000000,0.00000000,0
2026-04-09 20:00:00,0.069,0.069,0.069,0.069,0.00000000,1775779199999,0.00000000,0,0.00000000,0.00000000,0
2026-04-10 00:00:00,0.069,0.069,0.069,0.069,0.00000000,1775793599999,0.00000000,0,0.00000000,0.00000000,0
2026-04-10 04:00:00,0.069,0.069,0.069,0.069,0.00000000,1775807999999,0.00000000,0,0.00000000,0.00000000,0
2026-04-10 08:00:00,0.069,0.069,0.069,0.069,0.00000000,1775822399999,0.00000000,0,0.00000000,0.00000000,0
2026-04-10 12:00:00,0.069,0.069,0.069,0.069,0.00000000,1775836799999,0.00000000,0,0.00000000,0.00000000,0
2026-04-10 16:00:00,0.069,0.069,0.069,0.069,0.00000000,1775851199999,0.00000000,0,0.00000000,0.00000000,0
2026-04-10 20:00:00,0.069,0.069,0.069,0.069,0.00000000,1775865599999,0.00000000,0,0.00000000,0.00000000,0
2026-04-11 00:00:00,0.069,0.069,0.069,0.069,0.00000000,1775879999999,0.00000000,0,0.00000000,0.00000000,0
2026-04-11 04:00:00,0.069,0.069,0.069,0.069,0.00000000,1775894399999,0.00000000,0,0.00000000,0.00000000,0
2026-04-11 08:00:00,0.069,0.069,0.069,0.069,0.00000000,1775908799999,0.00000000,0,0.00000000,0.00000000,0
2026-04-11 12:00:00,0.069,0.069,0.069,0.069,0.00000000,1775923199999,0.00000000,0,0.00000000,0.00000000,0
2026-04-11 16:00:00,0.069,0.069,0.069,0.069,0.00000000,1775937599999,0.00000000,0,0.00000000,0.00000000,0
2026-04-11 20:00:00,0.069,0.069,0.069,0.069,0.00000000,1775951999999,0.00000000,0,0.00000000,0.00000000,0
2026-04-12 00:00:00,0.069,0.069,0.069,0.069,0.00000000,1775966399999,0.00000000,0,0.00000000,0.00000000,0
2026-04-12 04:00:00,0.069,0.069,0.069,0.069,0.00000000,1775980799999,0.00000000,0,0.00000000,0.00000000,0
2026-04-12 08:00:00,0.069,0.069,0.069,0.069,0.00000000,1775995199999,0.00000000,0,0.00000000,0.00000000,0
2026-04-12 12:00:00,0.069,0.069,0.069,0.069,0.00000000,1776009599999,0.00000000,0,0.00000000,0.00000000,0
2026-04-12 16:00:00,0.069,0.069,0.069,0.069,0.00000000,1776023999999,0.00000000,0,0.00000000,0.00000000,0
2026-04-12 20:00:00,0.069,0.069,0.069,0.069,0.00000000,1776038399999,0.00000000,0,0.00000000,0.00000000,0
2026-04-13 00:00:00,0.069,0.069,0.069,0.069,0.00000000,1776052799999,0.00000000,0,0.00000000,0.00000000,0
2026-04-13 04:00:00,0.069,0.069,0.069,0.069,0.00000000,1776067199999,0.00000000,0,0.00000000,0.00000000,0
2026-04-13 08:00:00,0.069,0.069,0.069,0.069,0.00000000,1776081599999,0.00000000,0,0.00000000,0.00000000,0
2026-04-13 12:00:00,0.069,0.069,0.069,0.069,0.00000000,1776095999999,0.00000000,0,0.00000000,0.00000000,0
2026-04-13 16:00:00,0.069,0.069,0.069,0.069,0.00000000,1776110399999,0.00000000,0,0.00000000,0.00000000,0
2026-04-13 20:00:00,0.069,0.069,0.069,0.069,0.00000000,1776124799999,0.00000000,0,0.00000000,0.00000000,0
2026-04-14 00:00:00,0.069,0.069,0.069,0.069,0.00000000,1776139199999,0.00000000,0,0.00000000,0.00000000,0
2026-04-14 04:00:00,0.069,0.069,0.069,0.069,0.00000000,1776153599999,0.00000000,0,0.00000000,0.00000000,0
2026-04-14 08:00:00,0.069,0.069,0.069,0.069,0.00000000,1776167999999,0.00000000,0,0.00000000,0.00000000,0
2026-04-14 12:00:00,0.069,0.069,0.069,0.069,0.00000000,1776182399999,0.00000000,0,0.00000000,0.00000000,0
2026-04-14 16:00:00,0.069,0.069,0.069,0.069,0.00000000,1776196799999,0.00000000,0,0.00000000,0.00000000,0
2026-04-14 20:00:00,0.069,0.069,0.069,0.069,0.00000000,1776211199999,0.00000000,0,0.00000000,0.00000000,0
2026-04-15 00:00:00,0.069,0.069,0.069,0.069,0.00000000,1776225599999,0.00000000,0,0.00000000,0.00000000,0
2026-04-15 04:00:00,0.069,0.069,0.069,0.069,0.00000000,1776239999999,0.00000000,0,0.00000000,0.00000000,0
2026-04-15 08:00:00,0.069,0.069,0.069,0.069,0.00000000,1776254399999,0.00000000,0,0.00000000,0.00000000,0
2026-04-15 12:00:00,0.069,0.069,0.069,0.069,0.00000000,1776268799999,0.00000000,0,0.00000000,0.00000000,0
2026-04-15 16:00:00,0.069,0.069,0.069,0.069,0.00000000,1776283199999,0.00000000,0,0.00000000,0.00000000,0
2026-04-15 20:00:00,0.069,0.069,0.069,0.069,0.00000000,1776297599999,0.00000000,0,0.00000000,0.00000000,0
2026-04-16 00:00:00,0.069,0.069,0.069,0.069,0.00000000,1776311999999,0.00000000,0,0.00000000,0.00000000,0
2026-04-16 04:00:00,0.069,0.069,0.069,0.069,0.00000000,1776326399999,0.00000000,0,0.00000000,0.00000000,0
2026-04-16 08:00:00,0.069,0.069,0.069,0.069,0.00000000,1776340799999,0.00000000,0,0.00000000,0.00000000,0
2026-04-16 12:00:00,0.069,0.069,0.069,0.069,0.00000000,1776355199999,0.00000000,0,0.00000000,0.00000000,0
2026-04-16 16:00:00,0.069,0.069,0.069,0.069,0.00000000,1776369599999,0.00000000,0,0.00000000,0.00000000,0
2026-04-16 20:00:00,0.069,0.069,0.069,0.069,0.00000000,1776383999999,0.00000000,0,0.00000000,0.00000000,0
2026-04-17 00:00:00,0.069,0.069,0.069,0.069,0.00000000,1776398399999,0.00000000,0,0.00000000,0.00000000,0
2026-04-17 04:00:00,0.069,0.069,0.069,0.069,0.00000000,1776412799999,0.00000000,0,0.00000000,0.00000000,0
2026-04-17 08:00:00,0.069,0.069,0.069,0.069,0.00000000,1776427199999,0.00000000,0,0.00000000,0.00000000,0
2026-04-17 12:00:00,0.069,0.069,0.069,0.069,0.00000000,1776441599999,0.00000000,0,0.00000000,0.00000000,0
2026-04-17 16:00:00,0.069,0.069,0.069,0.069,0.00000000,1776455999999,0.00000000,0,0.00000000,0.00000000,0
2026-04-17 20:00:00,0.069,0.069,0.069,0.069,0.00000000,1776470399999,0.00000000,0,0.00000000,0.00000000,0
2026-04-18 00:00:00,0.069,0.069,0.069,0.069,0.00000000,1776484799999,0.00000000,0,0.00000000,0.00000000,0
2026-04-18 04:00:00,0.069,0.069,0.069,0.069,0.00000000,1776499199999,0.00000000,0,0.00000000,0.00000000,0
2026-04-18 08:00:00,0.069,0.069,0.069,0.069,0.00000000,1776513599999,0.00000000,0,0.00000000,0.00000000,0
2026-04-18 12:00:00,0.069,0.069,0.069,0.069,0.00000000,1776527999999,0.00000000,0,0.00000000,0.00000000,0
2026-04-18 16:00:00,0.069,0.069,0.069,0.069,0.00000000,1776542399999,0.00000000,0,0.00000000,0.00000000,0
2026-04-18 20:00:00,0.069,0.069,0.069,0.069,0.00000000,1776556799999,0.00000000,0,0.00000000,0.00000000,0
2026-04-19 00:00:00,0.06,0.069,0.032,0.032,578.60000000,1776571199999,29.59870000,15,146.80000000,9.99950000,0
2026-04-19 04:00:00,0.053,0.053,0.046,0.046,73.50000000,1776585599999,3.65400000,2,39.00000000,2.06700000,0
2026-04-19 08:00:00,0.07,0.07,0.07,0.07,27.40000000,1776599999999,1.91800000,1,27.40000000,1.91800000,0
2026-04-19 12:00:00,0.07,0.07,0.07,0.07,0.00000000,1776614399999,0.00000000,0,0.00000000,0.00000000,0
2026-04-19 16:00:00,0.07,0.07,0.07,0.07,0.00000000,1776628799999,0.00000000,0,0.00000000,0.00000000,0
2026-04-19 20:00:00,0.07,0.07,0.07,0.07,0.00000000,1776643199999,0.00000000,0,0.00000000,0.00000000,0
2026-04-20 00:00:00,0.07,0.07,0.07,0.07,0.00000000,1776657599999,0.00000000,0,0.00000000,0.00000000,0
2026-04-20 04:00:00,0.07,0.07,0.07,0.07,0.00000000,1776671999999,0.00000000,0,0.00000000,0.00000000,0
2026-04-20 08:00:00,0.07,0.07,0.07,0.07,0.00000000,1776686399999,0.00000000,0,0.00000000,0.00000000,0
2026-04-20 12:00:00,0.07,0.07,0.07,0.07,0.00000000,1776700799999,0.00000000,0,0.00000000,0.00000000,0
2026-04-20 16:00:00,0.07,0.07,0.07,0.07,0.00000000,1776715199999,0.00000000,0,0.00000000,0.00000000,0
2026-04-20 20:00:00,0.07,0.07,0.07,0.07,0.00000000,1776729599999,0.00000000,0,0.00000000,0.00000000,0
2026-04-21 00:00:00,0.07,0.07,0.07,0.07,0.00000000,1776743999999,0.00000000,0,0.00000000,0.00000000,0
2026-04-21 04:00:00,0.07,0.07,0.07,0.07,0.00000000,1776758399999,0.00000000,0,0.00000000,0.00000000,0
2026-04-21 08:00:00,0.07,0.07,0.07,0.07,0.00000000,1776772799999,0.00000000,0,0.00000000,0.00000000,0
2026-04-21 12:00:00,0.07,0.07,0.07,0.07,0.00000000,1776787199999,0.00000000,0,0.00000000,0.00000000,0
2026-04-21 16:00:00,0.07,0.07,0.07,0.07,0.00000000,1776801599999,0.00000000,0,0.00000000,0.00000000,0
2026-04-21 20:00:00,0.07,0.07,0.07,0.07,0.00000000,1776815999999,0.00000000,0,0.00000000,0.00000000,0
2026-04-22 00:00:00,0.07,0.07,0.07,0.07,0.00000000,1776830399999,0.00000000,0,0.00000000,0.00000000,0
2026-04-22 04:00:00,0.07,0.07,0.07,0.07,0.00000000,1776844799999,0.00000000,0,0.00000000,0.00000000,0
2026-04-22 08:00:00,0.07,0.07,0.07,0.07,0.00000000,1776859199999,0.00000000,0,0.00000000,0.00000000,0
2026-04-22 12:00:00,0.07,0.07,0.07,0.07,0.00000000,1776873599999,0.00000000,0,0.00000000,0.00000000,0
2026-04-22 16:00:00,0.07,0.07,0.07,0.07,0.00000000,1776887999999,0.00000000,0,0.00000000,0.00000000,0
2026-04-22 20:00:00,0.07,0.07,0.07,0.07,0.00000000,1776902399999,0.00000000,0,0.00000000,0.00000000,0
2026-04-23 00:00:00,0.07,0.07,0.07,0.07,0.00000000,1776916799999,0.00000000,0,0.00000000,0.00000000,0
2026-04-23 04:00:00,0.07,0.07,0.07,0.07,0.00000000,1776931199999,0.00000000,0,0.00000000,0.00000000,0
2026-04-23 08:00:00,0.07,0.07,0.07,0.07,0.00000000,1776945599999,0.00000000,0,0.00000000,0.00000000,0
2026-04-23 12:00:00,0.07,0.07,0.07,0.07,0.00000000,1776959999999,0.00000000,0,0.00000000,0.00000000,0
2026-04-23 16:00:00,0.07,0.07,0.07,0.07,0.00000000,1776974399999,0.00000000,0,0.00000000,0.00000000,0
2026-04-23 20:00:00,0.07,0.07,0.07,0.07,0.00000000,1776988799999,0.00000000,0,0.00000000,0.00000000,0
2026-04-24 00:00:00,0.07,0.07,0.07,0.07,0.00000000,1777003199999,0.00000000,0,0.00000000,0.00000000,0
2026-04-24 04:00:00,0.07,0.07,0.07,0.07,0.00000000,1777017599999,0.00000000,0,0.00000000,0.00000000,0
2026-04-24 08:00:00,0.07,0.07,0.07,0.07,0.00000000,1777031999999,0.00000000,0,0.00000000,0.00000000,0
2026-04-24 12:00:00,0.07,0.07,0.07,0.07,0.00000000,1777046399999,0.00000000,0,0.00000000,0.00000000,0
2026-04-24 16:00:00,0.07,0.07,0.07,0.07,0.00000000,1777060799999,0.00000000,0,0.00000000,0.00000000,0
2026-04-24 20:00:00,0.07,0.07,0.07,0.07,0.00000000,1777075199999,0.00000000,0,0.00000000,0.00000000,0
2026-04-25 00:00:00,0.07,0.07,0.07,0.07,0.00000000,1777089599999,0.00000000,0,0.00000000,0.00000000,0
2026-04-25 04:00:00,0.07,0.07,0.07,0.07,0.00000000,1777103999999,0.00000000,0,0.00000000,0.00000000,0
2026-04-25 08:00:00,0.07,0.07,0.07,0.07,0.00000000,1777118399999,0.00000000,0,0.00000000,0.00000000,0
2026-04-25 12:00:00,0.07,0.07,0.07,0.07,0.00000000,1777132799999,0.00000000,0,0.00000000,0.00000000,0
2026-04-25 16:00:00,0.07,0.07,0.07,0.07,0.00000000,1777147199999,0.00000000,0,0.00000000,0.00000000,0
2026-04-25 20:00:00,0.07,0.07,0.07,0.07,0.00000000,1777161599999,0.00000000,0,0.00000000,0.00000000,0
2026-04-26 00:00:00,0.07,0.07,0.07,0.07,0.00000000,1777175999999,0.00000000,0,0.00000000,0.00000000,0
2026-04-26 04:00:00,0.07,0.07,0.07,0.07,0.00000000,1777190399999,0.00000000,0,0.00000000,0.00000000,0
2026-04-26 08:00:00,0.07,0.07,0.07,0.07,0.00000000,1777204799999,0.00000000,0,0.00000000,0.00000000,0
2026-04-26 12:00:00,0.07,0.07,0.07,0.07,0.00000000,1777219199999,0.00000000,0,0.00000000,0.00000000,0
2026-04-26 16:00:00,0.07,0.07,0.07,0.07,0.00000000,1777233599999,0.00000000,0,0.00000000,0.00000000,0
2026-04-26 20:00:00,0.07,0.07,0.07,0.07,0.00000000,1777247999999,0.00000000,0,0.00000000,0.00000000,0
2026-04-27 00:00:00,0.07,0.07,0.07,0.07,0.00000000,1777262399999,0.00000000,0,0.00000000,0.00000000,0
2026-04-27 04:00:00,0.07,0.07,0.07,0.07,0.00000000,1777276799999,0.00000000,0,0.00000000,0.00000000,0
2026-04-27 08:00:00,0.07,0.07,0.07,0.07,0.00000000,1777291199999,0.00000000,0,0.00000000,0.00000000,0
2026-04-27 12:00:00,0.07,0.07,0.07,0.07,0.00000000,1777305599999,0.00000000,0,0.00000000,0.00000000,0
2026-04-27 16:00:00,0.07,0.07,0.07,0.07,0.00000000,1777319999999,0.00000000,0,0.00000000,0.00000000,0
2026-04-27 20:00:00,0.07,0.07,0.07,0.07,0.00000000,1777334399999,0.00000000,0,0.00000000,0.00000000,0
2026-04-28 00:00:00,0.07,0.07,0.07,0.07,0.00000000,1777348799999,0.00000000,0,0.00000000,0.00000000,0
2026-04-28 04:00:00,0.07,0.07,0.07,0.07,0.00000000,1777363199999,0.00000000,0,0.00000000,0.00000000,0
2026-04-28 08:00:00,0.07,0.07,0.07,0.07,0.00000000,1777377599999,0.00000000,0,0.00000000,0.00000000,0
2026-04-28 12:00:00,0.07,0.07,0.07,0.07,0.00000000,1777391999999,0.00000000,0,0.00000000,0.00000000,0
2026-04-28 16:00:00,0.07,0.07,0.07,0.07,0.00000000,1777406399999,0.00000000,0,0.00000000,0.00000000,0
2026-04-28 20:00:00,0.07,0.07,0.07,0.07,0.00000000,1777420799999,0.00000000,0,0.00000000,0.00000000,0
2026-04-29 00:00:00,0.07,0.07,0.07,0.07,0.00000000,1777435199999,0.00000000,0,0.00000000,0.00000000,0
2026-04-29 04:00:00,0.07,0.07,0.07,0.07,0.00000000,1777449599999,0.00000000,0,0.00000000,0.00000000,0
2026-04-29 08:00:00,0.07,0.07,0.07,0.07,0.00000000,1777463999999,0.00000000,0,0.00000000,0.00000000,0
2026-04-29 12:00:00,0.07,0.07,0.07,0.07,0.00000000,1777478399999,0.00000000,0,0.00000000,0.00000000,0
2026-04-29 16:00:00,0.07,0.07,0.07,0.07,0.00000000,1777492799999,0.00000000,0,0.00000000,0.00000000,0
2026-04-29 20:00:00,0.07,0.07,0.07,0.07,0.00000000,1777507199999,0.00000000,0,0.00000000,0.00000000,0
2026-04-30 00:00:00,0.07,0.07,0.07,0.07,0.00000000,1777521599999,0.00000000,0,0.00000000,0.00000000,0
2026-04-30 04:00:00,0.07,0.07,0.07,0.07,0.00000000,1777535999999,0.00000000,0,0.00000000,0.00000000,0
2026-04-30 08:00:00,0.07,0.07,0.07,0.07,0.00000000,1777550399999,0.00000000,0,0.00000000,0.00000000,0
2026-04-30 12:00:00,0.07,0.07,0.07,0.07,0.00000000,1777564799999,0.00000000,0,0.00000000,0.00000000,0
2026-04-30 16:00:00,0.07,0.07,0.07,0.07,0.00000000,1777579199999,0.00000000,0,0.00000000,0.00000000,0
2026-04-30 20:00:00,0.07,0.07,0.07,0.07,0.00000000,1777593599999,0.00000000,0,0.00000000,0.00000000,0
2026-05-01 00:00:00,0.07,0.07,0.07,0.07,0.00000000,1777607999999,0.00000000,0,0.00000000,0.00000000,0
2026-05-01 04:00:00,0.07,0.07,0.07,0.07,0.00000000,1777622399999,0.00000000,0,0.00000000,0.00000000,0
2026-05-01 08:00:00,0.07,0.07,0.07,0.07,0.00000000,1777636799999,0.00000000,0,0.00000000,0.00000000,0
2026-05-01 12:00:00,0.07,0.07,0.07,0.07,0.00000000,1777651199999,0.00000000,0,0.00000000,0.00000000,0
2026-05-01 16:00:00,0.07,0.07,0.07,0.07,0.00000000,1777665599999,0.00000000,0,0.00000000,0.00000000,0
2026-05-01 20:00:00,0.07,0.07,0.07,0.07,0.00000000,1777679999999,0.00000000,0,0.00000000,0.00000000,0
2026-05-02 00:00:00,0.07,0.07,0.07,0.07,0.00000000,1777694399999,0.00000000,0,0.00000000,0.00000000,0
2026-05-02 04:00:00,0.07,0.07,0.07,0.07,0.00000000,1777708799999,0.00000000,0,0.00000000,0.00000000,0
2026-05-02 08:00:00,0.07,0.07,0.07,0.07,0.00000000,1777723199999,0.00000000,0,0.00000000,0.00000000,0
2026-05-02 12:00:00,0.07,0.07,0.07,0.07,0.00000000,1777737599999,0.00000000,0,0.00000000,0.00000000,0
2026-05-02 16:00:00,0.07,0.07,0.07,0.07,0.00000000,1777751999999,0.00000000,0,0.00000000,0.00000000,0
2026-05-02 20:00:00,0.07,0.07,0.07,0.07,0.00000000,1777766399999,0.00000000,0,0.00000000,0.00000000,0
2026-05-03 00:00:00,0.07,0.07,0.07,0.07,0.00000000,1777780799999,0.00000000,0,0.00000000,0.00000000,0
2026-05-03 04:00:00,0.07,0.07,0.07,0.07,0.00000000,1777795199999,0.00000000,0,0.00000000,0.00000000,0
2026-05-03 08:00:00,0.07,0.07,0.07,0.07,0.00000000,1777809599999,0.00000000,0,0.00000000,0.00000000,0
2026-05-03 12:00:00,0.07,0.07,0.07,0.07,0.00000000,1777823999999,0.00000000,0,0.00000000,0.00000000,0
2026-05-03 16:00:00,0.07,0.07,0.07,0.07,0.00000000,1777838399999,0.00000000,0,0.00000000,0.00000000,0
2026-05-03 20:00:00,0.07,0.07,0.07,0.07,0.00000000,1777852799999,0.00000000,0,0.00000000,0.00000000,0
2026-05-04 00:00:00,0.07,0.07,0.07,0.07,0.00000000,1777867199999,0.00000000,0,0.00000000,0.00000000,0
2026-05-04 04:00:00,0.07,0.07,0.07,0.07,0.00000000,1777881599999,0.00000000,0,0.00000000,0.00000000,0
2026-05-04 08:00:00,0.07,0.07,0.07,0.07,0.00000000,1777895999999,0.00000000,0,0.00000000,0.00000000,0
2026-05-04 12:00:00,0.07,0.07,0.07,0.07,0.00000000,1777910399999,0.00000000,0,0.00000000,0.00000000,0
2026-05-04 16:00:00,0.07,0.07,0.07,0.07,0.00000000,1777924799999,0.00000000,0,0.00000000,0.00000000,0
2026-05-04 20:00:00,0.07,0.07,0.07,0.07,0.00000000,1777939199999,0.00000000,0,0.00000000,0.00000000,0
2026-05-05 00:00:00,0.07,0.07,0.07,0.07,0.00000000,1777953599999,0.00000000,0,0.00000000,0.00000000,0
2026-05-05 04:00:00,0.07,0.07,0.07,0.07,0.00000000,1777967999999,0.00000000,0,0.00000000,0.00000000,0
2026-05-05 08:00:00,0.07,0.07,0.07,0.07,0.00000000,1777982399999,0.00000000,0,0.00000000,0.00000000,0
2026-05-05 12:00:00,0.07,0.07,0.07,0.07,0.00000000,1777996799999,0.00000000,0,0.00000000,0.00000000,0
2026-05-05 16:00:00,0.07,0.07,0.07,0.07,0.00000000,1778011199999,0.00000000,0,0.00000000,0.00000000,0
2026-05-05 20:00:00,0.07,0.07,0.07,0.07,0.00000000,1778025599999,0.00000000,0,0.00000000,0.00000000,0
2026-05-06 00:00:00,0.07,0.07,0.07,0.07,0.00000000,1778039999999,0.00000000,0,0.00000000,0.00000000,0
2026-05-06 04:00:00,0.07,0.07,0.07,0.07,0.00000000,1778054399999,0.00000000,0,0.00000000,0.00000000,0
2026-05-06 08:00:00,0.07,0.07,0.07,0.07,0.00000000,1778068799999,0.00000000,0,0.00000000,0.00000000,0
2026-05-06 12:00:00,0.07,0.07,0.07,0.07,0.00000000,1778083199999,0.00000000,0,0.00000000,0.00000000,0
2026-05-06 16:00:00,0.07,0.07,0.07,0.07,0.00000000,1778097599999,0.00000000,0,0.00000000,0.00000000,0
2026-05-06 20:00:00,0.07,0.07,0.07,0.07,0.00000000,1778111999999,0.00000000,0,0.00000000,0.00000000,0
2026-05-07 00:00:00,0.07,0.07,0.07,0.07,0.00000000,1778126399999,0.00000000,0,0.00000000,0.00000000,0
2026-05-07 04:00:00,0.07,0.07,0.07,0.07,0.00000000,1778140799999,0.00000000,0,0.00000000,0.00000000,0
2026-05-07 08:00:00,0.07,0.07,0.07,0.07,0.00000000,1778155199999,0.00000000,0,0.00000000,0.00000000,0
2026-05-07 12:00:00,0.07,0.07,0.07,0.07,0.00000000,1778169599999,0.00000000,0,0.00000000,0.00000000,0
2026-05-07 16:00:00,0.07,0.07,0.07,0.07,0.00000000,1778183999999,0.00000000,0,0.00000000,0.00000000,0
2026-05-07 20:00:00,0.07,0.07,0.07,0.07,0.00000000,1778198399999,0.00000000,0,0.00000000,0.00000000,0
2026-05-08 00:00:00,0.07,0.07,0.07,0.07,0.00000000,1778212799999,0.00000000,0,0.00000000,0.00000000,0
2026-05-08 04:00:00,0.07,0.07,0.07,0.07,0.00000000,1778227199999,0.00000000,0,0.00000000,0.00000000,0
2026-05-08 08:00:00,0.07,0.07,0.07,0.07,0.00000000,1778241599999,0.00000000,0,0.00000000,0.00000000,0
2026-05-08 12:00:00,0.07,0.07,0.07,0.07,0.00000000,1778255999999,0.00000000,0,0.00000000,0.00000000,0
2026-05-08 16:00:00,0.07,0.07,0.07,0.07,0.00000000,1778270399999,0.00000000,0,0.00000000,0.00000000,0
2026-05-08 20:00:00,0.07,0.07,0.07,0.07,0.00000000,1778284799999,0.00000000,0,0.00000000,0.00000000,0
2026-05-09 00:00:00,0.07,0.07,0.07,0.07,0.00000000,1778299199999,0.00000000,0,0.00000000,0.00000000,0
2026-05-09 04:00:00,0.07,0.07,0.07,0.07,0.00000000,1778313599999,0.00000000,0,0.00000000,0.00000000,0
2026-05-09 08:00:00,0.07,0.07,0.07,0.07,0.00000000,1778327999999,0.00000000,0,0.00000000,0.00000000,0
2026-05-09 12:00:00,0.068,0.068,0.068,0.068,44.00000000,1778342399999,2.99200000,1,44.00000000,2.99200000,0
2026-05-09 16:00:00,0.068,0.068,0.068,0.068,0.00000000,1778356799999,0.00000000,0,0.00000000,0.00000000,0
2026-05-09 20:00:00,0.068,0.068,0.068,0.068,0.00000000,1778371199999,0.00000000,0,0.00000000,0.00000000,0
2026-05-10 00:00:00,0.068,0.068,0.068,0.068,0.00000000,1778385599999,0.00000000,0,0.00000000,0.00000000,0
2026-05-10 04:00:00,0.068,0.068,0.068,0.068,0.00000000,1778399999999,0.00000000,0,0.00000000,0.00000000,0
2026-05-10 08:00:00,0.068,0.068,0.068,0.068,0.00000000,1778414399999,0.00000000,0,0.00000000,0.00000000,0
2026-05-10 12:00:00,0.068,0.068,0.068,0.068,0.00000000,1778428799999,0.00000000,0,0.00000000,0.00000000,0
2026-05-10 16:00:00,0.068,0.068,0.068,0.068,53.60000000,1778443199999,3.64480000,1,53.60000000,3.64480000,0
2026-05-10 20:00:00,0.068,0.068,0.068,0.068,0.00000000,1778457599999,0.00000000,0,0.00000000,0.00000000,0
2026-05-11 00:00:00,0.068,0.068,0.068,0.068,0.00000000,1778471999999,0.00000000,0,0.00000000,0.00000000,0
2026-05-11 04:00:00,0.068,0.068,0.068,0.068,0.00000000,1778486399999,0.00000000,0,0.00000000,0.00000000,0
2026-05-11 08:00:00,0.068,0.068,0.068,0.068,0.00000000,1778500799999,0.00000000,0,0.00000000,0.00000000,0
2026-05-11 12:00:00,0.068,0.068,0.068,0.068,0.00000000,1778515199999,0.00000000,0,0.00000000,0.00000000,0
2026-05-11 16:00:00,0.068,0.068,0.068,0.068,0.00000000,1778529599999,0.00000000,0,0.00000000,0.00000000,0
2026-05-11 20:00:00,0.068,0.068,0.068,0.068,0.00000000,1778543999999,0.00000000,0,0.00000000,0.00000000,0
2026-05-12 00:00:00,0.068,0.068,0.068,0.068,0.00000000,1778558399999,0.00000000,0,0.00000000,0.00000000,0
2026-05-12 04:00:00,0.068,0.068,0.068,0.068,0.00000000,1778572799999,0.00000000,0,0.00000000,0.00000000,0
2026-05-12 08:00:00,0.068,0.068,0.068,0.068,0.00000000,1778587199999,0.00000000,0,0.00000000,0.00000000,0
2026-05-12 12:00:00,0.068,0.068,0.068,0.068,0.00000000,1778601599999,0.00000000,0,0.00000000,0.00000000,0
2026-05-12 16:00:00,0.068,0.068,0.068,0.068,0.00000000,1778615999999,0.00000000,0,0.00000000,0.00000000,0
2026-05-12 20:00:00,0.068,0.068,0.068,0.068,0.00000000,1778630399999,0.00000000,0,0.00000000,0.00000000,0
2026-05-13 00:00:00,0.068,0.068,0.068,0.068,0.00000000,1778644799999,0.00000000,0,0.00000000,0.00000000,0
2026-05-13 04:00:00,0.07,0.07,0.07,0.07,60.00000000,1778659199999,4.20000000,1,60.00000000,4.20000000,0
2026-05-13 08:00:00,0.07,0.07,0.07,0.07,0.00000000,1778673599999,0.00000000,0,0.00000000,0.00000000,0
2026-05-13 12:00:00,0.073,0.113,0.073,0.113,158832.80000000,1778687999999,17449.71970000,16,158832.80000000,17449.71970000,0
2026-05-13 16:00:00,0.1,0.103,0.095,0.095,3147.60000000,1778702399999,310.29790000,12,1972.10000000,198.55850000,0
2026-05-13 20:00:00,0.095,0.095,0.095,0.095,21.00000000,1778716799999,1.99500000,1,0.00000000,0.00000000,0
2026-05-14 00:00:00,0.109,0.22,0.109,0.134,1203.60000000,1778731199999,183.95980000,24,1093.20000000,169.52420000,0
2026-05-14 04:00:00,0.114,0.119,0.107,0.109,2404.10000000,1778745599999,266.55850000,17,465.00000000,54.71380000,0
2026-05-14 08:00:00,0.154,0.175,0.096,0.096,2242.70000000,1778759999999,283.74380000,18,1039.80000000,160.62760000,0
2026-05-14 12:00:00,0.098,0.1,0.08,0.081,2663.60000000,1778774399999,243.59060000,8,1764.00000000,171.41540000,0
2026-05-14 16:00:00,0.083,0.085,0.083,0.085,185.60000000,1778788799999,15.53520000,3,65.20000000,5.54200000,0
2026-05-14 20:00:00,0.085,0.085,0.085,0.085,0.00000000,1778803199999,0.00000000,0,0.00000000,0.00000000,0
2026-05-15 00:00:00,0.076,0.09,0.076,0.09,1705.00000000,1778817599999,147.21190000,7,1461.90000000,126.46830000,0
2026-05-15 04:00:00,0.09,0.09,0.09,0.09,0.00000000,1778831999999,0.00000000,0,0.00000000,0.00000000,0
2026-05-15 08:00:00,0.109,0.109,0.109,0.109,31.40000000,1778846399999,3.42260000,1,0.00000000,0.00000000,0
2026-05-15 12:00:00,0.109,0.109,0.109,0.109,0.00000000,1778860799999,0.00000000,0,0.00000000,0.00000000,0
2026-05-15 16:00:00,0.109,0.109,0.109,0.109,0.00000000,1778875199999,0.00000000,0,0.00000000,0.00000000,0
2026-05-15 20:00:00,0.109,0.109,0.109,0.109,0.00000000,1778889599999,0.00000000,0,0.00000000,0.00000000,0
2026-05-16 00:00:00,0.109,0.109,0.109,0.109,0.00000000,1778903999999,0.00000000,0,0.00000000,0.00000000,0
2026-05-16 04:00:00,0.109,0.109,0.109,0.109,0.00000000,1778918399999,0.00000000,0,0.00000000,0.00000000,0
2026-05-16 08:00:00,0.109,0.109,0.109,0.109,0.00000000,1778932799999,0.00000000,0,0.00000000,0.00000000,0
2026-05-16 12:00:00,0.109,0.109,0.109,0.109,0.00000000,1778947199999,0.00000000,0,0.00000000,0.00000000,0
2026-05-16 16:00:00,0.109,0.109,0.109,0.109,0.00000000,1778961599999,0.00000000,0,0.00000000,0.00000000,0
2026-05-16 20:00:00,0.082,0.082,0.082,0.082,99.50000000,1778975999999,8.15900000,2,0.00000000,0.00000000,0
2026-05-17 00:00:00,0.082,0.082,0.082,0.082,0.00000000,1778990399999,0.00000000,0,0.00000000,0.00000000,0
2026-05-17 04:00:00,0.082,0.082,0.082,0.082,0.00000000,1779004799999,0.00000000,0,0.00000000,0.00000000,0
2026-05-17 08:00:00,0.087,0.088,0.086,0.086,1605.50000000,1779019199999,140.32530000,8,1461.10000000,127.90690000,0
2026-05-17 12:00:00,0.086,0.086,0.086,0.086,0.00000000,1779033599999,0.00000000,0,0.00000000,0.00000000,0
2026-05-17 16:00:00,0.086,0.086,0.086,0.086,0.00000000,1779047999999,0.00000000,0,0.00000000,0.00000000,0
2026-05-17 20:00:00,0.086,0.086,0.086,0.086,0.00000000,1779062399999,0.00000000,0,0.00000000,0.00000000,0
2026-05-18 00:00:00,0.086,0.086,0.086,0.086,0.00000000,1779076799999,0.00000000,0,0.00000000,0.00000000,0
2026-05-18 04:00:00,0.086,0.086,0.086,0.086,0.00000000,1779091199999,0.00000000,0,0.00000000,0.00000000,0
2026-05-18 08:00:00,0.086,0.086,0.086,0.086,0.00000000,1779105599999,0.00000000,0,0.00000000,0.00000000,0
2026-05-18 12:00:00,0.086,0.086,0.086,0.086,0.00000000,1779119999999,0.00000000,0,0.00000000,0.00000000,0
2026-05-18 16:00:00,0.086,0.086,0.086,0.086,0.00000000,1779134399999,0.00000000,0,0.00000000,0.00000000,0
2026-05-18 20:00:00,0.071,0.072,0.071,0.072,352.60000000,1779148799999,25.10220000,4,0.00000000,0.00000000,0
2026-05-19 00:00:00,0.082,0.082,0.082,0.082,297.20000000,1779163199999,24.37040000,2,297.20000000,24.37040000,0
2026-05-19 04:00:00,0.078,0.078,0.078,0.078,297.10000000,1779177599999,23.17380000,1,0.00000000,0.00000000,0
2026-05-19 08:00:00,0.078,0.078,0.078,0.078,17.20000000,1779191999999,1.34160000,1,0.00000000,0.00000000,0
2026-05-19 12:00:00,0.078,0.078,0.078,0.078,0.00000000,1779206399999,0.00000000,0,0.00000000,0.00000000,0
2026-05-19 16:00:00,0.078,0.078,0.078,0.078,154.50000000,1779220799999,12.05100000,3,0.00000000,0.00000000,0
2026-05-19 20:00:00,0.078,0.078,0.078,0.078,0.00000000,1779235199999,0.00000000,0,0.00000000,0.00000000,0
2026-05-20 00:00:00,0.078,0.078,0.078,0.078,0.00000000,1779249599999,0.00000000,0,0.00000000,0.00000000,0
2026-05-20 04:00:00,0.078,0.078,0.078,0.078,0.00000000,1779263999999,0.00000000,0,0.00000000,0.00000000,0
2026-05-20 08:00:00,0.078,0.078,0.078,0.078,0.00000000,1779278399999,0.00000000,0,0.00000000,0.00000000,0
2026-05-20 12:00:00,0.078,0.078,0.078,0.078,0.00000000,1779292799999,0.00000000,0,0.00000000,0.00000000,0
2026-05-20 16:00:00,0.078,0.078,0.078,0.078,0.00000000,1779307199999,0.00000000,0,0.00000000,0.00000000,0
2026-05-20 20:00:00,0.078,0.078,0.078,0.078,0.00000000,1779321599999,0.00000000,0,0.00000000,0.00000000,0
2026-05-21 00:00:00,0.078,0.078,0.078,0.078,0.00000000,1779335999999,0.00000000,0,0.00000000,0.00000000,0
2026-05-21 04:00:00,0.078,0.078,0.078,0.078,0.00000000,1779350399999,0.00000000,0,0.00000000,0.00000000,0
2026-05-21 08:00:00,0.078,0.078,0.078,0.078,0.00000000,1779364799999,0.00000000,0,0.00000000,0.00000000,0
2026-05-21 12:00:00,0.078,0.078,0.078,0.078,0.00000000,1779379199999,0.00000000,0,0.00000000,0.00000000,0
2026-05-21 16:00:00,0.071,0.071,0.071,0.071,84.90000000,1779393599999,6.02790000,1,0.00000000,0.00000000,0
2026-05-21 20:00:00,0.071,0.071,0.071,0.071,0.00000000,1779407999999,0.00000000,0,0.00000000,0.00000000,0
2026-05-22 00:00:00,0.071,0.071,0.071,0.071,0.00000000,1779422399999,0.00000000,0,0.00000000,0.00000000,0
2026-05-22 04:00:00,0.071,0.071,0.071,0.071,0.00000000,1779436799999,0.00000000,0,0.00000000,0.00000000,0
2026-05-22 08:00:00,0.071,0.071,0.071,0.071,0.00000000,1779451199999,0.00000000,0,0.00000000,0.00000000,0
2026-05-22 12:00:00,0.071,0.071,0.071,0.071,0.00000000,1779465599999,0.00000000,0,0.00000000,0.00000000,0
2026-05-22 16:00:00,0.076,0.077,0.073,0.073,194.00000000,1779479999999,14.50120000,4,97.10000000,7.42750000,0
2026-05-22 20:00:00,0.076,0.077,0.076,0.077,131.30000000,1779494399999,10.03940000,2,131.30000000,10.03940000,0
2026-05-23 00:00:00,0.095,0.095,0.095,0.095,482.40000000,1779508799999,45.82800000,1,482.40000000,45.82800000,0
2026-05-23 04:00:00,0.088,0.088,0.078,0.078,35.30000000,1779523199999,2.93640000,2,18.30000000,1.61040000,0
2026-05-23 08:00:00,0.075,0.075,0.075,0.075,25.00000000,1779537599999,1.87500000,1,0.00000000,0.00000000,0
2026-05-23 12:00:00,0.075,0.075,0.075,0.075,0.00000000,1779551999999,0.00000000,0,0.00000000,0.00000000,0
2026-05-23 16:00:00,0.08,0.08,0.08,0.08,25.00000000,1779566399999,2.00000000,1,25.00000000,2.00000000,0
2026-05-23 20:00:00,0.078,0.078,0.078,0.078,80.40000000,1779580799999,6.27120000,1,0.00000000,0.00000000,0
2026-05-24 00:00:00,0.078,0.078,0.078,0.078,0.00000000,1779595199999,0.00000000,0,0.00000000,0.00000000,0
2026-05-24 04:00:00,0.078,0.078,0.078,0.078,0.00000000,1779609599999,0.00000000,0,0.00000000,0.00000000,0
2026-05-24 08:00:00,0.078,0.078,0.078,0.078,0.00000000,1779623999999,0.00000000,0,0.00000000,0.00000000,0
2026-05-24 12:00:00,0.078,0.078,0.078,0.078,0.00000000,1779638399999,0.00000000,0,0.00000000,0.00000000,0
2026-05-24 16:00:00,0.078,0.078,0.078,0.078,0.00000000,1779652799999,0.00000000,0,0.00000000,0.00000000,0
2026-05-24 20:00:00,0.078,0.078,0.078,0.078,0.00000000,1779667199999,0.00000000,0,0.00000000,0.00000000,0
2026-05-25 00:00:00,0.078,0.078,0.078,0.078,0.00000000,1779681599999,0.00000000,0,0.00000000,0.00000000,0
2026-05-25 04:00:00,0.078,0.078,0.078,0.078,0.00000000,1779695999999,0.00000000,0,0.00000000,0.00000000,0
2026-05-25 08:00:00,0.078,0.078,0.078,0.078,0.00000000,1779710399999,0.00000000,0,0.00000000,0.00000000,0
2026-05-25 12:00:00,0.078,0.078,0.078,0.078,0.00000000,1779724799999,0.00000000,0,0.00000000,0.00000000,0
2026-05-25 16:00:00,0.078,0.078,0.078,0.078,0.00000000,1779739199999,0.00000000,0,0.00000000,0.00000000,0
2026-05-25 20:00:00,0.078,0.078,0.078,0.078,0.00000000,1779753599999,0.00000000,0,0.00000000,0.00000000,0
2026-05-26 00:00:00,0.078,0.078,0.078,0.078,0.00000000,1779767999999,0.00000000,0,0.00000000,0.00000000,0
2026-05-26 04:00:00,0.078,0.078,0.078,0.078,0.00000000,1779782399999,0.00000000,0,0.00000000,0.00000000,0
2026-05-26 08:00:00,0.078,0.078,0.078,0.078,0.00000000,1779796799999,0.00000000,0,0.00000000,0.00000000,0
2026-05-26 12:00:00,0.078,0.078,0.078,0.078,0.00000000,1779811199999,0.00000000,0,0.00000000,0.00000000,0
2026-05-26 16:00:00,0.078,0.078,0.078,0.078,0.00000000,1779825599999,0.00000000,0,0.00000000,0.00000000,0
2026-05-26 20:00:00,0.078,0.078,0.078,0.078,0.00000000,1779839999999,0.00000000,0,0.00000000,0.00000000,0
2026-05-27 00:00:00,0.078,0.078,0.078,0.078,0.00000000,1779854399999,0.00000000,0,0.00000000,0.00000000,0
2026-05-27 04:00:00,0.078,0.078,0.078,0.078,0.00000000,1779868799999,0.00000000,0,0.00000000,0.00000000,0
2026-05-27 08:00:00,0.078,0.078,0.078,0.078,0.00000000,1779883199999,0.00000000,0,0.00000000,0.00000000,0
2026-05-27 12:00:00,0.078,0.078,0.078,0.078,0.00000000,1779897599999,0.00000000,0,0.00000000,0.00000000,0
2026-05-27 16:00:00,0.078,0.078,0.078,0.078,0.00000000,1779911999999,0.00000000,0,0.00000000,0.00000000,0
2026-05-27 20:00:00,0.078,0.078,0.078,0.078,0.00000000,1779926399999,0.00000000,0,0.00000000,0.00000000,0
2026-05-28 00:00:00,0.078,0.078,0.078,0.078,0.00000000,1779940799999,0.00000000,0,0.00000000,0.00000000,0
2026-05-28 04:00:00,0.083,0.083,0.083,0.083,16.30000000,1779955199999,1.35290000,1,0.00000000,0.00000000,0
2026-05-28 08:00:00,0.083,0.083,0.083,0.083,0.00000000,1779969599999,0.00000000,0,0.00000000,0.00000000,0
2026-05-28 12:00:00,0.083,0.083,0.083,0.083,0.00000000,1779983999999,0.00000000,0,0.00000000,0.00000000,0
2026-05-28 16:00:00,0.083,0.083,0.083,0.083,0.00000000,1779998399999,0.00000000,0,0.00000000,0.00000000,0
2026-05-28 20:00:00,0.083,0.083,0.083,0.083,0.00000000,1780012799999,0.00000000,0,0.00000000,0.00000000,0
2026-05-29 00:00:00,0.083,0.083,0.083,0.083,0.00000000,1780027199999,0.00000000,0,0.00000000,0.00000000,0
2026-05-29 04:00:00,0.083,0.083,0.083,0.083,0.00000000,1780041599999,0.00000000,0,0.00000000,0.00000000,0
2026-05-29 08:00:00,0.083,0.083,0.083,0.083,0.00000000,1780055999999,0.00000000,0,0.00000000,0.00000000,0
2026-05-29 12:00:00,0.083,0.083,0.083,0.083,0.00000000,1780070399999,0.00000000,0,0.00000000,0.00000000,0
2026-05-29 16:00:00,0.083,0.083,0.083,0.083,0.00000000,1780084799999,0.00000000,0,0.00000000,0.00000000,0
2026-05-29 20:00:00,0.083,0.083,0.083,0.083,0.00000000,1780099199999,0.00000000,0,0.00000000,0.00000000,0
2026-05-30 00:00:00,0.083,0.083,0.083,0.083,0.00000000,1780113599999,0.00000000,0,0.00000000,0.00000000,0
2026-05-30 04:00:00,0.083,0.083,0.083,0.083,0.00000000,1780127999999,0.00000000,0,0.00000000,0.00000000,0
2026-05-30 08:00:00,0.072,0.072,0.072,0.072,138.90000000,1780142399999,10.00080000,2,0.00000000,0.00000000,0
2026-05-30 12:00:00,0.072,0.072,0.072,0.072,0.00000000,1780156799999,0.00000000,0,0.00000000,0.00000000,0
2026-05-30 16:00:00,0.072,0.072,0.072,0.072,0.00000000,1780171199999,0.00000000,0,0.00000000,0.00000000,0
2026-05-30 20:00:00,0.072,0.072,0.072,0.072,0.00000000,1780185599999,0.00000000,0,0.00000000,0.00000000,0
2026-05-31 00:00:00,0.072,0.072,0.072,0.072,0.00000000,1780199999999,0.00000000,0,0.00000000,0.00000000,0
2026-05-31 04:00:00,0.072,0.072,0.072,0.072,0.00000000,1780214399999,0.00000000,0,0.00000000,0.00000000,0
2026-05-31 08:00:00,0.072,0.072,0.072,0.072,0.00000000,1780228799999,0.00000000,0,0.00000000,0.00000000,0
2026-05-31 12:00:00,0.072,0.072,0.072,0.072,0.00000000,1780243199999,0.00000000,0,0.00000000,0.00000000,0
2026-05-31 16:00:00,0.072,0.072,0.072,0.072,0.00000000,1780257599999,0.00000000,0,0.00000000,0.00000000,0
2026-05-31 20:00:00,0.075,0.075,0.075,0.075,1333.20000000,1780271999999,99.99000000,2,1333.20000000,99.99000000,0
2026-06-01 00:00:00,0.07,0.07,0.07,0.07,21.00000000,1780286399999,1.47000000,1,0.00000000,0.00000000,0
2026-06-01 04:00:00,0.07,0.07,0.07,0.07,0.00000000,1780300799999,0.00000000,0,0.00000000,0.00000000,0
2026-06-01 08:00:00,0.07,0.07,0.07,0.07,0.00000000,1780315199999,0.00000000,0,0.00000000,0.00000000,0
2026-06-01 12:00:00,0.07,0.07,0.07,0.07,0.00000000,1780329599999,0.00000000,0,0.00000000,0.00000000,0
2026-06-01 16:00:00,0.07,0.07,0.07,0.07,0.00000000,1780343999999,0.00000000,0,0.00000000,0.00000000,0
2026-06-01 20:00:00,0.07,0.07,0.07,0.07,0.00000000,1780358399999,0.00000000,0,0.00000000,0.00000000,0
2026-06-02 00:00:00,0.07,0.07,0.07,0.07,0.00000000,1780372799999,0.00000000,0,0.00000000,0.00000000,0
2026-06-02 04:00:00,0.07,0.07,0.07,0.07,0.00000000,1780387199999,0.00000000,0,0.00000000,0.00000000,0
2026-06-02 08:00:00,0.07,0.07,0.07,0.07,0.00000000,1780401599999,0.00000000,0,0.00000000,0.00000000,0
2026-06-02 12:00:00,0.07,0.07,0.07,0.07,0.00000000,1780415999999,0.00000000,0,0.00000000,0.00000000,0
2026-06-02 16:00:00,0.064,0.07,0.064,0.07,327.60000000,1780430399999,22.43410000,4,240.60000000,16.84200000,0
2026-06-02 20:00:00,0.07,0.07,0.07,0.07,0.00000000,1780444799999,0.00000000,0,0.00000000,0.00000000,0
2026-06-03 00:00:00,0.07,0.07,0.07,0.07,0.00000000,1780459199999,0.00000000,0,0.00000000,0.00000000,0
2026-06-03 04:00:00,0.07,0.07,0.07,0.07,0.00000000,1780473599999,0.00000000,0,0.00000000,0.00000000,0
2026-06-03 08:00:00,0.07,0.07,0.07,0.07,0.00000000,1780487999999,0.00000000,0,0.00000000,0.00000000,0
2026-06-03 12:00:00,0.07,0.07,0.07,0.07,0.00000000,1780502399999,0.00000000,0,0.00000000,0.00000000,0
2026-06-03 16:00:00,0.07,0.07,0.07,0.07,0.00000000,1780516799999,0.00000000,0,0.00000000,0.00000000,0
2026-06-03 20:00:00,0.07,0.07,0.07,0.07,0.00000000,1780531199999,0.00000000,0,0.00000000,0.00000000,0
2026-06-04 00:00:00,0.063,0.063,0.063,0.063,229.00000000,1780545599999,14.42700000,3,0.00000000,0.00000000,0
2026-06-04 04:00:00,0.063,0.063,0.063,0.063,0.00000000,1780559999999,0.00000000,0,0.00000000,0.00000000,0
2026-06-04 08:00:00,0.063,0.063,0.063,0.063,0.00000000,1780574399999,0.00000000,0,0.00000000,0.00000000,0
2026-06-04 12:00:00,0.063,0.063,0.063,0.063,0.00000000,1780588799999,0.00000000,0,0.00000000,0.00000000,0
2026-06-04 16:00:00,0.063,0.063,0.063,0.063,0.00000000,1780603199999,0.00000000,0,0.00000000,0.00000000,0
2026-06-04 20:00:00,0.063,0.063,0.063,0.063,0.00000000,1780617599999,0.00000000,0,0.00000000,0.00000000,0
2026-06-05 00:00:00,0.063,0.063,0.063,0.063,0.00000000,1780631999999,0.00000000,0,0.00000000,0.00000000,0
2026-06-05 04:00:00,0.063,0.063,0.063,0.063,0.00000000,1780646399999,0.00000000,0,0.00000000,0.00000000,0
2026-06-05 08:00:00,0.063,0.063,0.063,0.063,0.00000000,1780660799999,0.00000000,0,0.00000000,0.00000000,0
2026-06-05 12:00:00,0.063,0.063,0.063,0.063,0.00000000,1780675199999,0.00000000,0,0.00000000,0.00000000,0
2026-06-05 16:00:00,0.062,0.062,0.062,0.062,64.50000000,1780689599999,3.99900000,1,0.00000000,0.00000000,0
2026-06-05 20:00:00,0.062,0.062,0.062,0.062,0.00000000,1780703999999,0.00000000,0,0.00000000,0.00000000,0
2026-06-06 00:00:00,0.062,0.062,0.062,0.062,0.00000000,1780718399999,0.00000000,0,0.00000000,0.00000000,0
2026-06-06 04:00:00,0.062,0.062,0.062,0.062,0.00000000,1780732799999,0.00000000,0,0.00000000,0.00000000,0
2026-06-06 08:00:00,0.062,0.062,0.062,0.062,0.00000000,1780747199999,0.00000000,0,0.00000000,0.00000000,0
2026-06-06 12:00:00,0.062,0.062,0.062,0.062,0.00000000,1780761599999,0.00000000,0,0.00000000,0.00000000,0
2026-06-06 16:00:00,0.062,0.062,0.062,0.062,0.00000000,1780775999999,0.00000000,0,0.00000000,0.00000000,0
2026-06-06 20:00:00,0.06,0.06,0.015,0.015,1332.90000000,1780790399999,60.71750000,22,0.00000000,0.00000000,0
2026-06-07 00:00:00,0.015,0.015,0.015,0.015,0.00000000,1780804799999,0.00000000,0,0.00000000,0.00000000,0
2026-06-07 04:00:00,0.015,0.015,0.015,0.015,0.00000000,1780819199999,0.00000000,0,0.00000000,0.00000000,0
2026-06-07 08:00:00,0.015,0.015,0.015,0.015,0.00000000,1780833599999,0.00000000,0,0.00000000,0.00000000,0
2026-06-07 12:00:00,0.015,0.015,0.015,0.015,0.00000000,1780847999999,0.00000000,0,0.00000000,0.00000000,0
2026-06-07 16:00:00,0.015,0.015,0.015,0.015,0.00000000,1780862399999,0.00000000,0,0.00000000,0.00000000,0
2026-06-07 20:00:00,0.015,0.015,0.015,0.015,0.00000000,1780876799999,0.00000000,0,0.00000000,0.00000000,0
2026-06-08 00:00:00,0.015,0.015,0.015,0.015,0.00000000,1780891199999,0.00000000,0,0.00000000,0.00000000,0
2026-06-08 04:00:00,0.015,0.015,0.015,0.015,0.00000000,1780905599999,0.00000000,0,0.00000000,0.00000000,0
2026-06-08 08:00:00,0.015,0.015,0.015,0.015,0.00000000,1780919999999,0.00000000,0,0.00000000,0.00000000,0
2026-06-08 12:00:00,0.065,0.065,0.065,0.065,20.80000000,1780934399999,1.35200000,1,20.80000000,1.35200000,0
2026-06-08 16:00:00,0.065,0.065,0.065,0.065,0.00000000,1780948799999,0.00000000,0,0.00000000,0.00000000,0
2026-06-08 20:00:00,0.065,0.065,0.065,0.065,0.00000000,1780963199999,0.00000000,0,0.00000000,0.00000000,0
2026-06-09 00:00:00,0.065,0.065,0.065,0.065,0.00000000,1780977599999,0.00000000,0,0.00000000,0.00000000,0
2026-06-09 04:00:00,0.065,0.065,0.065,0.065,0.00000000,1780991999999,0.00000000,0,0.00000000,0.00000000,0
2026-06-09 08:00:00,0.075,0.075,0.075,0.075,20.00000000,1781006399999,1.50000000,1,20.00000000,1.50000000,0
2026-06-09 12:00:00,0.072,0.072,0.072,0.072,41.10000000,1781020799999,2.95920000,1,41.10000000,2.95920000,0
2026-06-09 16:00:00,0.065,0.065,0.065,0.065,20.00000000,1781035199999,1.30000000,1,0.00000000,0.00000000,0
2026-06-09 20:00:00,0.065,0.065,0.065,0.065,0.00000000,1781049599999,0.00000000,0,0.00000000,0.00000000,0
2026-06-10 00:00:00,0.065,0.065,0.065,0.065,0.00000000,1781063999999,0.00000000,0,0.00000000,0.00000000,0
2026-06-10 04:00:00,0.065,0.065,0.065,0.065,0.00000000,1781078399999,0.00000000,0,0.00000000,0.00000000,0
2026-06-10 08:00:00,0.065,0.065,0.065,0.065,0.00000000,1781092799999,0.00000000,0,0.00000000,0.00000000,0
2026-06-10 12:00:00,0.065,0.065,0.065,0.065,0.00000000,1781107199999,0.00000000,0,0.00000000,0.00000000,0
2026-06-10 16:00:00,0.065,0.065,0.065,0.065,0.00000000,1781121599999,0.00000000,0,0.00000000,0.00000000,0
2026-06-10 20:00:00,0.065,0.065,0.065,0.065,0.00000000,1781135999999,0.00000000,0,0.00000000,0.00000000,0
2026-06-11 00:00:00,0.065,0.065,0.065,0.065,0.00000000,1781150399999,0.00000000,0,0.00000000,0.00000000,0
2026-06-11 04:00:00,0.065,0.065,0.065,0.065,0.00000000,1781164799999,0.00000000,0,0.00000000,0.00000000,0
2026-06-11 08:00:00,0.065,0.065,0.065,0.065,0.00000000,1781179199999,0.00000000,0,0.00000000,0.00000000,0
2026-06-11 12:00:00,0.065,0.065,0.065,0.065,0.00000000,1781193599999,0.00000000,0,0.00000000,0.00000000,0
2026-06-11 16:00:00,0.065,0.065,0.065,0.065,0.00000000,1781207999999,0.00000000,0,0.00000000,0.00000000,0
2026-06-11 20:00:00,0.065,0.065,0.065,0.065,0.00000000,1781222399999,0.00000000,0,0.00000000,0.00000000,0
2026-06-12 00:00:00,0.065,0.065,0.065,0.065,0.00000000,1781236799999,0.00000000,0,0.00000000,0.00000000,0
2026-06-12 04:00:00,0.065,0.065,0.065,0.065,0.00000000,1781251199999,0.00000000,0,0.00000000,0.00000000,0
2026-06-12 08:00:00,0.065,0.065,0.065,0.065,0.00000000,1781265599999,0.00000000,0,0.00000000,0.00000000,0
2026-06-12 12:00:00,0.065,0.065,0.065,0.065,0.00000000,1781279999999,0.00000000,0,0.00000000,0.00000000,0
2026-06-12 16:00:00,0.065,0.065,0.065,0.065,0.00000000,1781294399999,0.00000000,0,0.00000000,0.00000000,0
2026-06-12 20:00:00,0.065,0.065,0.065,0.065,0.00000000,1781308799999,0.00000000,0,0.00000000,0.00000000,0
2026-06-13 00:00:00,0.065,0.065,0.065,0.065,0.00000000,1781323199999,0.00000000,0,0.00000000,0.00000000,0
2026-06-13 04:00:00,0.065,0.065,0.065,0.065,0.00000000,1781337599999,0.00000000,0,0.00000000,0.00000000,0
2026-06-13 08:00:00,0.065,0.065,0.065,0.065,0.00000000,1781351999999,0.00000000,0,0.00000000,0.00000000,0
2026-06-13 12:00:00,0.065,0.065,0.065,0.065,0.00000000,1781366399999,0.00000000,0,0.00000000,0.00000000,0
2026-06-13 16:00:00,0.065,0.065,0.065,0.065,0.00000000,1781380799999,0.00000000,0,0.00000000,0.00000000,0
2026-06-13 20:00:00,0.065,0.065,0.065,0.065,0.00000000,1781395199999,0.00000000,0,0.00000000,0.00000000,0
2026-06-14 00:00:00,0.065,0.065,0.065,0.065,0.00000000,1781409599999,0.00000000,0,0.00000000,0.00000000,0
2026-06-14 04:00:00,0.065,0.065,0.065,0.065,0.00000000,1781423999999,0.00000000,0,0.00000000,0.00000000,0
2026-06-14 08:00:00,0.065,0.065,0.065,0.065,0.00000000,1781438399999,0.00000000,0,0.00000000,0.00000000,0
2026-06-14 12:00:00,0.065,0.065,0.065,0.065,0.00000000,1781452799999,0.00000000,0,0.00000000,0.00000000,0
2026-06-14 16:00:00,0.065,0.065,0.065,0.065,0.00000000,1781467199999,0.00000000,0,0.00000000,0.00000000,0
2026-06-14 20:00:00,0.065,0.065,0.065,0.065,0.00000000,1781481599999,0.00000000,0,0.00000000,0.00000000,0
2026-06-15 00:00:00,0.065,0.065,0.065,0.065,0.00000000,1781495999999,0.00000000,0,0.00000000,0.00000000,0
2026-06-15 04:00:00,0.065,0.065,0.065,0.065,0.00000000,1781510399999,0.00000000,0,0.00000000,0.00000000,0
2026-06-15 08:00:00,0.065,0.065,0.065,0.065,0.00000000,1781524799999,0.00000000,0,0.00000000,0.00000000,0
2026-06-15 12:00:00,0.065,0.065,0.065,0.065,0.00000000,1781539199999,0.00000000,0,0.00000000,0.00000000,0
2026-06-15 16:00:00,0.065,0.065,0.065,0.065,0.00000000,1781553599999,0.00000000,0,0.00000000,0.00000000,0
2026-06-15 20:00:00,0.065,0.065,0.065,0.065,0.00000000,1781567999999,0.00000000,0,0.00000000,0.00000000,0
2026-06-16 00:00:00,0.065,0.065,0.065,0.065,0.00000000,1781582399999,0.00000000,0,0.00000000,0.00000000,0
2026-06-16 04:00:00,0.065,0.065,0.065,0.065,0.00000000,1781596799999,0.00000000,0,0.00000000,0.00000000,0
2026-06-16 08:00:00,0.063,0.063,0.063,0.063,16.50000000,1781611199999,1.03950000,1,0.00000000,0.00000000,0
2026-06-16 12:00:00,0.063,0.063,0.063,0.063,0.00000000,1781625599999,0.00000000,0,0.00000000,0.00000000,0
2026-06-16 16:00:00,0.063,0.063,0.063,0.063,0.00000000,1781639999999,0.00000000,0,0.00000000,0.00000000,0
2026-06-16 20:00:00,0.063,0.063,0.063,0.063,0.00000000,1781654399999,0.00000000,0,0.00000000,0.00000000,0
2026-06-17 00:00:00,0.063,0.063,0.063,0.063,0.00000000,1781668799999,0.00000000,0,0.00000000,0.00000000,0
2026-06-17 04:00:00,0.063,0.063,0.063,0.063,0.00000000,1781683199999,0.00000000,0,0.00000000,0.00000000,0
2026-06-17 08:00:00,0.063,0.063,0.063,0.063,0.00000000,1781697599999,0.00000000,0,0.00000000,0.00000000,0
2026-06-17 12:00:00,0.063,0.063,0.063,0.063,0.00000000,1781711999999,0.00000000,0,0.00000000,0.00000000,0
2026-06-17 16:00:00,0.063,0.063,0.063,0.063,0.00000000,1781726399999,0.00000000,0,0.00000000,0.00000000,0
2026-06-17 20:00:00,0.063,0.063,0.063,0.063,0.00000000,1781740799999,0.00000000,0,0.00000000,0.00000000,0
2026-06-18 00:00:00,0.06,0.06,0.059,0.06,2239.60000000,1781755199999,133.58570000,7,0.00000000,0.00000000,0
2026-06-18 04:00:00,0.061,0.061,0.061,0.061,28.00000000,1781769599999,1.70800000,1,0.00000000,0.00000000,0
2026-06-18 08:00:00,0.061,0.061,0.061,0.061,0.00000000,1781783999999,0.00000000,0,0.00000000,0.00000000,0
2026-06-18 12:00:00,0.061,0.061,0.061,0.061,0.00000000,1781798399999,0.00000000,0,0.00000000,0.00000000,0
2026-06-18 16:00:00,0.061,0.061,0.061,0.061,0.00000000,1781812799999,0.00000000,0,0.00000000,0.00000000,0
2026-06-18 20:00:00,0.061,0.061,0.061,0.061,0.00000000,1781827199999,0.00000000,0,0.00000000,0.00000000,0
2026-06-19 00:00:00,0.061,0.061,0.061,0.061,0.00000000,1781841599999,0.00000000,0,0.00000000,0.00000000,0
2026-06-19 04:00:00,0.061,0.061,0.061,0.061,0.00000000,1781855999999,0.00000000,0,0.00000000,0.00000000,0
2026-06-19 08:00:00,0.061,0.061,0.061,0.061,0.00000000,1781870399999,0.00000000,0,0.00000000,0.00000000,0
2026-06-19 12:00:00,0.061,0.061,0.061,0.061,0.00000000,1781884799999,0.00000000,0,0.00000000,0.00000000,0
2026-06-19 16:00:00,0.061,0.061,0.061,0.061,0.00000000,1781899199999,0.00000000,0,0.00000000,0.00000000,0
2026-06-19 20:00:00,0.059,0.059,0.059,0.059,259.30000000,1781913599999,15.29870000,1,0.00000000,0.00000000,0
2026-06-20 00:00:00,0.059,0.059,0.059,0.059,1780.80000000,1781927999999,105.06720000,3,1361.30000000,80.31670000,0
2026-06-20 04:00:00,0.059,0.059,0.059,0.059,0.00000000,1781942399999,0.00000000,0,0.00000000,0.00000000,0
2026-06-20 08:00:00,0.059,0.059,0.059,0.059,0.00000000,1781956799999,0.00000000,0,0.00000000,0.00000000,0
2026-06-20 12:00:00,0.059,0.059,0.059,0.059,0.00000000,1781971199999,0.00000000,0,0.00000000,0.00000000,0
2026-06-20 16:00:00,0.059,0.059,0.059,0.059,0.00000000,1781985599999,0.00000000,0,0.00000000,0.00000000,0
2026-06-20 20:00:00,0.059,0.059,0.059,0.059,0.00000000,1781999999999,0.00000000,0,0.00000000,0.00000000,0
2026-06-21 00:00:00,0.059,0.059,0.059,0.059,0.00000000,1782014399999,0.00000000,0,0.00000000,0.00000000,0
2026-06-21 04:00:00,0.059,0.059,0.059,0.059,0.00000000,1782028799999,0.00000000,0,0.00000000,0.00000000,0
2026-06-21 08:00:00,0.059,0.059,0.059,0.059,0.00000000,1782043199999,0.00000000,0,0.00000000,0.00000000,0
2026-06-21 12:00:00,0.059,0.059,0.059,0.059,0.00000000,1782057599999,0.00000000,0,0.00000000,0.00000000,0
2026-06-21 16:00:00,0.059,0.059,0.059,0.059,0.00000000,1782071999999,0.00000000,0,0.00000000,0.00000000,0
2026-06-21 20:00:00,0.059,0.059,0.059,0.059,0.00000000,1782086399999,0.00000000,0,0.00000000,0.00000000,0
2026-06-22 00:00:00,0.059,0.059,0.059,0.059,0.00000000,1782100799999,0.00000000,0,0.00000000,0.00000000,0
2026-06-22 04:00:00,0.059,0.059,0.059,0.059,0.00000000,1782115199999,0.00000000,0,0.00000000,0.00000000,0
2026-06-22 08:00:00,0.059,0.059,0.059,0.059,0.00000000,1782129599999,0.00000000,0,0.00000000,0.00000000,0
2026-06-22 12:00:00,0.059,0.059,0.059,0.059,0.00000000,1782143999999,0.00000000,0,0.00000000,0.00000000,0
2026-06-22 16:00:00,0.059,0.059,0.059,0.059,0.00000000,1782158399999,0.00000000,0,0.00000000,0.00000000,0
2026-06-22 20:00:00,0.059,0.059,0.059,0.059,0.00000000,1782172799999,0.00000000,0,0.00000000,0.00000000,0
2026-06-23 00:00:00,0.059,0.059,0.059,0.059,0.00000000,1782187199999,0.00000000,0,0.00000000,0.00000000,0
2026-06-23 04:00:00,0.059,0.059,0.059,0.059,0.00000000,1782201599999,0.00000000,0,0.00000000,0.00000000,0
2026-06-23 08:00:00,0.059,0.059,0.059,0.059,0.00000000,1782215999999,0.00000000,0,0.00000000,0.00000000,0
2026-06-23 12:00:00,0.059,0.059,0.059,0.059,0.00000000,1782230399999,0.00000000,0,0.00000000,0.00000000,0
2026-06-23 16:00:00,0.059,0.059,0.059,0.059,0.00000000,1782244799999,0.00000000,0,0.00000000,0.00000000,0
2026-06-23 20:00:00,0.06,0.06,0.06,0.06,166.60000000,1782259199999,9.99600000,2,166.60000000,9.99600000,0
2026-06-24 00:00:00,0.06,0.06,0.06,0.06,0.00000000,1782273599999,0.00000000,0,0.00000000,0.00000000,0
2026-06-24 04:00:00,0.06,0.06,0.06,0.06,0.00000000,1782287999999,0.00000000,0,0.00000000,0.00000000,0
2026-06-24 08:00:00,0.059,0.059,0.059,0.059,8474.50000000,1782302399999,499.99550000,8,1657.00000000,97.76300000,0
2026-06-24 12:00:00,0.059,0.059,0.059,0.059,0.00000000,1782316799999,0.00000000,0,0.00000000,0.00000000,0
2026-06-24 16:00:00,0.059,0.059,0.059,0.059,0.00000000,1782331199999,0.00000000,0,0.00000000,0.00000000,0
2026-06-24 20:00:00,0.059,0.059,0.059,0.059,0.00000000,1782345599999,0.00000000,0,0.00000000,0.00000000,0
2026-06-25 00:00:00,0.059,0.059,0.059,0.059,0.00000000,1782359999999,0.00000000,0,0.00000000,0.00000000,0
2026-06-25 04:00:00,0.059,0.059,0.059,0.059,0.00000000,1782374399999,0.00000000,0,0.00000000,0.00000000,0
2026-06-25 08:00:00,0.059,0.059,0.059,0.059,0.00000000,1782388799999,0.00000000,0,0.00000000,0.00000000,0
2026-06-25 12:00:00,0.059,0.059,0.059,0.059,0.00000000,1782403199999,0.00000000,0,0.00000000,0.00000000,0
2026-06-25 16:00:00,0.059,0.059,0.059,0.059,0.00000000,1782417599999,0.00000000,0,0.00000000,0.00000000,0
2026-06-25 20:00:00,0.059,0.059,0.059,0.059,0.00000000,1782431999999,0.00000000,0,0.00000000,0.00000000,0
2026-06-26 00:00:00,0.059,0.059,0.059,0.059,0.00000000,1782446399999,0.00000000,0,0.00000000,0.00000000,0
2026-06-26 04:00:00,0.059,0.059,0.059,0.059,0.00000000,1782460799999,0.00000000,0,0.00000000,0.00000000,0
2026-06-26 08:00:00,0.059,0.059,0.059,0.059,0.00000000,1782475199999,0.00000000,0,0.00000000,0.00000000,0
2026-06-26 12:00:00,0.059,0.059,0.059,0.059,0.00000000,1782489599999,0.00000000,0,0.00000000,0.00000000,0
2026-06-26 16:00:00,0.059,0.059,0.059,0.059,0.00000000,1782503999999,0.00000000,0,0.00000000,0.00000000,0
2026-06-26 20:00:00,0.059,0.059,0.059,0.059,0.00000000,1782518399999,0.00000000,0,0.00000000,0.00000000,0
2026-06-27 00:00:00,0.059,0.059,0.059,0.059,0.00000000,1782532799999,0.00000000,0,0.00000000,0.00000000,0
2026-06-27 04:00:00,0.059,0.059,0.059,0.059,0.00000000,1782547199999,0.00000000,0,0.00000000,0.00000000,0
2026-06-27 08:00:00,0.059,0.059,0.059,0.059,0.00000000,1782561599999,0.00000000,0,0.00000000,0.00000000,0
2026-06-27 12:00:00,0.059,0.059,0.059,0.059,0.00000000,1782575999999,0.00000000,0,0.00000000,0.00000000,0
2026-06-27 16:00:00,0.059,0.059,0.059,0.059,0.00000000,1782590399999,0.00000000,0,0.00000000,0.00000000,0
2026-06-27 20:00:00,0.059,0.059,0.059,0.059,0.00000000,1782604799999,0.00000000,0,0.00000000,0.00000000,0
2026-06-28 00:00:00,0.059,0.059,0.059,0.059,0.00000000,1782619199999,0.00000000,0,0.00000000,0.00000000,0
2026-06-28 04:00:00,0.059,0.059,0.059,0.059,0.00000000,1782633599999,0.00000000,0,0.00000000,0.00000000,0
2026-06-28 08:00:00,0.059,0.059,0.059,0.059,0.00000000,1782647999999,0.00000000,0,0.00000000,0.00000000,0
2026-06-28 12:00:00,0.059,0.059,0.059,0.059,0.00000000,1782662399999,0.00000000,0,0.00000000,0.00000000,0
2026-06-28 16:00:00,0.059,0.059,0.059,0.059,0.00000000,1782676799999,0.00000000,0,0.00000000,0.00000000,0
2026-06-28 20:00:00,0.059,0.059,0.059,0.059,0.00000000,1782691199999,0.00000000,0,0.00000000,0.00000000,0
2026-06-29 00:00:00,0.059,0.059,0.059,0.059,0.00000000,1782705599999,0.00000000,0,0.00000000,0.00000000,0
2026-06-29 04:00:00,0.059,0.059,0.059,0.059,0.00000000,1782719999999,0.00000000,0,0.00000000,0.00000000,0
2026-06-29 08:00:00,0.059,0.059,0.059,0.059,0.00000000,1782734399999,0.00000000,0,0.00000000,0.00000000,0
2026-06-29 12:00:00,0.059,0.059,0.059,0.059,0.00000000,1782748799999,0.00000000,0,0.00000000,0.00000000,0
2026-06-29 16:00:00,0.058,0.059,0.058,0.059,317.20000000,1782763199999,18.55620000,2,317.20000000,18.55620000,0
2026-06-29 20:00:00,0.059,0.059,0.059,0.059,0.00000000,1782777599999,0.00000000,0,0.00000000,0.00000000,0
2026-06-30 00:00:00,0.059,0.059,0.059,0.059,0.00000000,1782791999999,0.00000000,0,0.00000000,0.00000000,0
2026-06-30 04:00:00,0.059,0.059,0.059,0.059,0.00000000,1782806399999,0.00000000,0,0.00000000,0.00000000,0
2026-06-30 08:00:00,0.073,0.073,0.065,0.065,34.50000000,1782820799999,2.37450000,2,0.00000000,0.00000000,0
2026-06-30 12:00:00,0.059,0.059,0.059,0.059,284.40000000,1782835199999,16.77960000,1,284.40000000,16.77960000,0
2026-06-30 16:00:00,0.059,0.059,0.059,0.059,0.00000000,1782849599999,0.00000000,0,0.00000000,0.00000000,0
2026-06-30 20:00:00,0.059,0.059,0.059,0.059,0.00000000,1782863999999,0.00000000,0,0.00000000,0.00000000,0
2026-07-01 00:00:00,0.059,0.059,0.059,0.059,0.00000000,1782878399999,0.00000000,0,0.00000000,0.00000000,0
2026-07-01 04:00:00,0.059,0.059,0.059,0.059,0.00000000,1782892799999,0.00000000,0,0.00000000,0.00000000,0
2026-07-01 08:00:00,0.059,0.059,0.059,0.059,0.00000000,1782907199999,0.00000000,0,0.00000000,0.00000000,0
2026-07-01 12:00:00,0.059,0.059,0.059,0.059,0.00000000,1782921599999,0.00000000,0,0.00000000,0.00000000,0
2026-07-01 16:00:00,0.059,0.059,0.059,0.059,0.00000000,1782935999999,0.00000000,0,0.00000000,0.00000000,0
2026-07-01 20:00:00,0.059,0.059,0.059,0.059,0.00000000,1782950399999,0.00000000,0,0.00000000,0.00000000,0
2026-07-02 00:00:00,0.059,0.059,0.059,0.059,0.00000000,1782964799999,0.00000000,0,0.00000000,0.00000000,0
2026-07-02 04:00:00,0.059,0.059,0.059,0.059,0.00000000,1782979199999,0.00000000,0,0.00000000,0.00000000,0
2026-07-02 08:00:00,0.059,0.059,0.059,0.059,0.00000000,1782993599999,0.00000000,0,0.00000000,0.00000000,0
2026-07-02 12:00:00,0.059,0.059,0.059,0.059,0.00000000,1783007999999,0.00000000,0,0.00000000,0.00000000,0
2026-07-02 16:00:00,0.059,0.059,0.059,0.059,0.00000000,1783022399999,0.00000000,0,0.00000000,0.00000000,0
2026-07-02 20:00:00,0.059,0.059,0.059,0.059,0.00000000,1783036799999,0.00000000,0,0.00000000,0.00000000,0
2026-07-03 00:00:00,0.059,0.059,0.059,0.059,0.00000000,1783051199999,0.00000000,0,0.00000000,0.00000000,0
2026-07-03 04:00:00,0.059,0.059,0.059,0.059,0.00000000,1783065599999,0.00000000,0,0.00000000,0.00000000,0
2026-07-03 08:00:00,0.059,0.059,0.059,0.059,0.00000000,1783079999999,0.00000000,0,0.00000000,0.00000000,0
2026-07-03 12:00:00,0.059,0.059,0.059,0.059,0.00000000,1783094399999,0.00000000,0,0.00000000,0.00000000,0
2026-07-03 16:00:00,0.059,0.059,0.059,0.059,0.00000000,1783108799999,0.00000000,0,0.00000000,0.00000000,0
2026-07-03 20:00:00,0.059,0.059,0.059,0.059,0.00000000,1783123199999,0.00000000,0,0.00000000,0.00000000,0
2026-07-04 00:00:00,0.059,0.059,0.059,0.059,0.00000000,1783137599999,0.00000000,0,0.00000000,0.00000000,0
2026-07-04 04:00:00,0.059,0.059,0.059,0.059,0.00000000,1783151999999,0.00000000,0,0.00000000,0.00000000,0
2026-07-04 08:00:00,0.059,0.059,0.059,0.059,0.00000000,1783166399999,0.00000000,0,0.00000000,0.00000000,0
2026-07-04 12:00:00,0.059,0.059,0.059,0.059,0.00000000,1783180799999,0.00000000,0,0.00000000,0.00000000,0
2026-07-04 16:00:00,0.059,0.059,0.059,0.059,0.00000000,1783195199999,0.00000000,0,0.00000000,0.00000000,0
2026-07-04 20:00:00,0.059,0.059,0.059,0.059,0.00000000,1783209599999,0.00000000,0,0.00000000,0.00000000,0
2026-07-05 00:00:00,0.059,0.059,0.059,0.059,0.00000000,1783223999999,0.00000000,0,0.00000000,0.00000000,0
2026-07-05 04:00:00,0.059,0.059,0.059,0.059,0.00000000,1783238399999,0.00000000,0,0.00000000,0.00000000,0
2026-07-05 08:00:00,0.059,0.059,0.059,0.059,0.00000000,1783252799999,0.00000000,0,0.00000000,0.00000000,0
2026-07-05 12:00:00,0.059,0.059,0.059,0.059,0.00000000,1783267199999,0.00000000,0,0.00000000,0.00000000,0
2026-07-05 16:00:00,0.059,0.059,0.059,0.059,0.00000000,1783281599999,0.00000000,0,0.00000000,0.00000000,0
2026-07-05 20:00:00,0.059,0.059,0.059,0.059,0.00000000,1783295999999,0.00000000,0,0.00000000,0.00000000,0
2026-07-06 00:00:00,0.059,0.059,0.059,0.059,0.00000000,1783310399999,0.00000000,0,0.00000000,0.00000000,0
2026-07-06 04:00:00,0.059,0.059,0.059,0.059,0.00000000,1783324799999,0.00000000,0,0.00000000,0.00000000,0
2026-07-06 08:00:00,0.059,0.059,0.059,0.059,0.00000000,1783339199999,0.00000000,0,0.00000000,0.00000000,0
2026-07-06 12:00:00,0.059,0.059,0.059,0.059,0.00000000,1783353599999,0.00000000,0,0.00000000,0.00000000,0
2026-07-06 16:00:00,0.059,0.059,0.059,0.059,0.00000000,1783367999999,0.00000000,0,0.00000000,0.00000000,0
2026-07-06 20:00:00,0.059,0.059,0.059,0.059,0.00000000,1783382399999,0.00000000,0,0.00000000,0.00000000,0
2026-07-07 00:00:00,0.059,0.059,0.059,0.059,0.00000000,1783396799999,0.00000000,0,0.00000000,0.00000000,0
2026-07-07 04:00:00,0.059,0.059,0.059,0.059,0.00000000,1783411199999,0.00000000,0,0.00000000,0.00000000,0
2026-07-07 08:00:00,0.059,0.059,0.059,0.059,139.00000000,1783425599999,8.20100000,2,0.00000000,0.00000000,0
2026-07-07 12:00:00,0.059,0.059,0.059,0.059,0.00000000,1783439999999,0.00000000,0,0.00000000,0.00000000,0
2026-07-07 16:00:00,0.059,0.059,0.059,0.059,0.00000000,1783454399999,0.00000000,0,0.00000000,0.00000000,0
2026-07-07 20:00:00,0.059,0.059,0.059,0.059,0.00000000,1783468799999,0.00000000,0,0.00000000,0.00000000,0
2026-07-08 00:00:00,0.059,0.059,0.059,0.059,0.00000000,1783483199999,0.00000000,0,0.00000000,0.00000000,0
2026-07-08 04:00:00,0.059,0.059,0.059,0.059,0.00000000,1783497599999,0.00000000,0,0.00000000,0.00000000,0
2026-07-08 08:00:00,0.059,0.059,0.059,0.059,0.00000000,1783511999999,0.00000000,0,0.00000000,0.00000000,0
2026-07-08 12:00:00,0.059,0.059,0.059,0.059,0.00000000,1783526399999,0.00000000,0,0.00000000,0.00000000,0
2026-07-08 16:00:00,0.059,0.059,0.059,0.059,0.00000000,1783540799999,0.00000000,0,0.00000000,0.00000000,0
2026-07-08 20:00:00,0.059,0.059,0.059,0.059,0.00000000,1783555199999,0.00000000,0,0.00000000,0.00000000,0
2026-07-09 00:00:00,0.059,0.059,0.059,0.059,0.00000000,1783569599999,0.00000000,0,0.00000000,0.00000000,0
2026-07-09 04:00:00,0.059,0.059,0.059,0.059,0.00000000,1783583999999,0.00000000,0,0.00000000,0.00000000,0
2026-07-09 08:00:00,0.059,0.059,0.059,0.059,0.00000000,1783598399999,0.00000000,0,0.00000000,0.00000000,0
2026-07-09 12:00:00,0.061,0.061,0.061,0.061,49.10000000,1783612799999,2.99510000,1,49.10000000,2.99510000,0
2026-07-09 16:00:00,0.061,0.061,0.061,0.061,0.00000000,1783627199999,0.00000000,0,0.00000000,0.00000000,0
2026-07-09 20:00:00,0.061,0.061,0.061,0.061,0.00000000,1783641599999,0.00000000,0,0.00000000,0.00000000,0
2026-07-10 00:00:00,0.061,0.061,0.061,0.061,0.00000000,1783655999999,0.00000000,0,0.00000000,0.00000000,0
2026-07-10 04:00:00,0.061,0.061,0.061,0.061,0.00000000,1783670399999,0.00000000,0,0.00000000,0.00000000,0
2026-07-10 08:00:00,0.061,0.061,0.061,0.061,0.00000000,1783684799999,0.00000000,0,0.00000000,0.00000000,0
2026-07-10 12:00:00,0.061,0.061,0.061,0.061,0.00000000,1783699199999,0.00000000,0,0.00000000,0.00000000,0
2026-07-10 16:00:00,0.061,0.061,0.061,0.061,0.00000000,1783713599999,0.00000000,0,0.00000000,0.00000000,0
2026-07-10 20:00:00,0.061,0.061,0.061,0.061,0.00000000,1783727999999,0.00000000,0,0.00000000,0.00000000,0
2026-07-11 00:00:00,0.061,0.061,0.061,0.061,0.00000000,1783742399999,0.00000000,0,0.00000000,0.00000000,0
2026-07-11 04:00:00,0.06,0.06,0.058,0.058,282.00000000,1783756799999,16.68920000,2,0.00000000,0.00000000,0
2026-07-11 08:00:00,0.058,0.058,0.058,0.058,0.00000000,1783771199999,0.00000000,0,0.00000000,0.00000000,0
2026-07-11 12:00:00,0.058,0.058,0.058,0.058,0.00000000,1783785599999,0.00000000,0,0.00000000,0.00000000,0
2026-07-11 16:00:00,0.058,0.058,0.058,0.058,0.00000000,1783799999999,0.00000000,0,0.00000000,0.00000000,0
2026-07-11 20:00:00,0.058,0.058,0.058,0.058,0.00000000,1783814399999,0.00000000,0,0.00000000,0.00000000,0
2026-07-12 00:00:00,0.058,0.058,0.058,0.058,0.00000000,1783828799999,0.00000000,0,0.00000000,0.00000000,0
2026-07-12 04:00:00,0.058,0.058,0.058,0.058,0.00000000,1783843199999,0.00000000,0,0.00000000,0.00000000,0
2026-07-12 08:00:00,0.058,0.058,0.058,0.058,0.00000000,1783857599999,0.00000000,0,0.00000000,0.00000000,0
2026-07-12 12:00:00,0.058,0.058,0.058,0.058,0.00000000,1783871999999,0.00000000,0,0.00000000,0.00000000,0
2026-07-12 16:00:00,0.058,0.058,0.058,0.058,0.00000000,1783886399999,0.00000000,0,0.00000000,0.00000000,0
2026-07-12 20:00:00,0.058,0.058,0.058,0.058,0.00000000,1783900799999,0.00000000,0,0.00000000,0.00000000,0
2026-07-13 00:00:00,0.058,0.058,0.058,0.058,0.00000000,1783915199999,0.00000000,0,0.00000000,0.00000000,0
2026-07-13 04:00:00,0.058,0.058,0.058,0.058,0.00000000,1783929599999,0.00000000,0,0.00000000,0.00000000,0
2026-07-13 08:00:00,0.058,0.058,0.058,0.058,0.00000000,1783943999999,0.00000000,0,0.00000000,0.00000000,0
2026-07-13 12:00:00,0.058,0.058,0.058,0.058,0.00000000,1783958399999,0.00000000,0,0.00000000,0.00000000,0
2026-07-13 16:00:00,0.058,0.058,0.058,0.058,0.00000000,1783972799999,0.00000000,0,0.00000000,0.00000000,0
2026-07-13 20:00:00,0.058,0.058,0.058,0.058,0.00000000,1783987199999,0.00000000,0,0.00000000,0.00000000,0
2026-07-14 00:00:00,0.058,0.058,0.058,0.058,0.00000000,1784001599999,0.00000000,0,0.00000000,0.00000000,0
2026-07-14 04:00:00,0.058,0.058,0.058,0.058,0.00000000,1784015999999,0.00000000,0,0.00000000,0.00000000,0
2026-07-14 08:00:00,0.058,0.058,0.058,0.058,0.00000000,1784030399999,0.00000000,0,0.00000000,0.00000000,0
2026-07-14 12:00:00,0.058,0.058,0.058,0.058,0.00000000,1784044799999,0.00000000,0,0.00000000,0.00000000,0
2026-07-14 16:00:00,0.058,0.058,0.058,0.058,0.00000000,1784059199999,0.00000000,0,0.00000000,0.00000000,0
2026-07-14 20:00:00,0.058,0.058,0.058,0.058,0.00000000,1784073599999,0.00000000,0,0.00000000,0.00000000,0
2026-07-15 00:00:00,0.058,0.058,0.058,0.058,0.00000000,1784087999999,0.00000000,0,0.00000000,0.00000000,0
2026-07-15 04:00:00,0.058,0.058,0.058,0.058,0.00000000,1784102399999,0.00000000,0,0.00000000,0.00000000,0
2026-07-15 08:00:00,0.058,0.058,0.058,0.058,0.00000000,1784116799999,0.00000000,0,0.00000000,0.00000000,0
2026-07-15 12:00:00,0.058,0.058,0.058,0.058,0.00000000,1784131199999,0.00000000,0,0.00000000,0.00000000,0
2026-07-15 16:00:00,0.058,0.058,0.058,0.058,0.00000000,1784145599999,0.00000000,0,0.00000000,0.00000000,0
2026-07-15 20:00:00,0.058,0.058,0.058,0.058,0.00000000,1784159999999,0.00000000,0,0.00000000,0.00000000,0
2026-07-16 00:00:00,0.058,0.058,0.058,0.058,0.00000000,1784174399999,0.00000000,0,0.00000000,0.00000000,0
2026-07-16 04:00:00,0.058,0.058,0.058,0.058,0.00000000,1784188799999,0.00000000,0,0.00000000,0.00000000,0
2026-07-16 08:00:00,0.058,0.058,0.058,0.058,0.00000000,1784203199999,0.00000000,0,0.00000000,0.00000000,0
2026-07-16 12:00:00,0.058,0.058,0.058,0.058,0.00000000,1784217599999,0.00000000,0,0.00000000,0.00000000,0
2026-07-16 16:00:00,0.058,0.058,0.058,0.058,0.00000000,1784231999999,0.00000000,0,0.00000000,0.00000000,0
2026-07-16 20:00:00,0.057,0.057,0.057,0.057,352.10000000,1784246399999,20.06970000,2,0.00000000,0.00000000,0
2026-07-17 00:00:00,0.057,0.057,0.057,0.057,0.00000000,1784260799999,0.00000000,0,0.00000000,0.00000000,0
2026-07-17 04:00:00,0.057,0.057,0.057,0.057,0.00000000,1784275199999,0.00000000,0,0.00000000,0.00000000,0
2026-07-17 08:00:00,0.057,0.057,0.057,0.057,0.00000000,1784289599999,0.00000000,0,0.00000000,0.00000000,0
2026-07-17 12:00:00,0.057,0.057,0.057,0.057,0.00000000,1784303999999,0.00000000,0,0.00000000,0.00000000,0
2026-07-17 16:00:00,0.057,0.057,0.057,0.057,0.00000000,1784318399999,0.00000000,0,0.00000000,0.00000000,0
2026-07-17 20:00:00,0.057,0.057,0.057,0.057,0.00000000,1784332799999,0.00000000,0,0.00000000,0.00000000,0
2026-07-18 00:00:00,0.057,0.057,0.057,0.057,0.00000000,1784347199999,0.00000000,0,0.00000000,0.00000000,0
2026-07-18 04:00:00,0.057,0.057,0.057,0.057,0.00000000,1784361599999,0.00000000,0,0.00000000,0.00000000,0
2026-07-18 08:00:00,0.057,0.057,0.057,0.057,0.00000000,1784375999999,0.00000000,0,0.00000000,0.00000000,0
2026-07-18 12:00:00,0.057,0.057,0.057,0.057,0.00000000,1784390399999,0.00000000,0,0.00000000,0.00000000,0
2026-07-18 16:00:00,0.057,0.057,0.057,0.057,0.00000000,1784404799999,0.00000000,0,0.00000000,0.00000000,0
2026-07-18 20:00:00,0.057,0.057,0.057,0.057,0.00000000,1784419199999,0.00000000,0,0.00000000,0.00000000,0
2026-07-19 00:00:00,0.057,0.057,0.057,0.057,0.00000000,1784433599999,0.00000000,0,0.00000000,0.00000000,0
2026-07-19 04:00:00,0.057,0.057,0.057,0.057,0.00000000,1784447999999,0.00000000,0,0.00000000,0.00000000,0
2026-07-19 08:00:00,0.058,0.058,0.058,0.058,21.70000000,1784462399999,1.25860000,1,0.00000000,0.00000000,0
2026-07-19 12:00:00,0.058,0.058,0.058,0.058,0.00000000,1784476799999,0.00000000,0,0.00000000,0.00000000,0
2026-07-19 16:00:00,0.058,0.058,0.058,0.058,0.00000000,1784491199999,0.00000000,0,0.00000000,0.00000000,0
2026-07-19 20:00:00,0.058,0.058,0.058,0.058,0.00000000,1784505599999,0.00000000,0,0.00000000,0.00000000,0
2026-07-20 00:00:00,0.058,0.058,0.058,0.058,0.00000000,1784519999999,0.00000000,0,0.00000000,0.00000000,0
2026-07-20 04:00:00,0.058,0.058,0.058,0.058,0.00000000,1784534399999,0.00000000,0,0.00000000,0.00000000,0
2026-07-20 08:00:00,0.058,0.058,0.058,0.058,0.00000000,1784548799999,0.00000000,0,0.00000000,0.00000000,0
2026-07-20 12:00:00,0.058,0.058,0.058,0.058,0.00000000,1784563199999,0.00000000,0,0.00000000,0.00000000,0
2026-07-20 16:00:00,0.058,0.058,0.058,0.058,0.00000000,1784577599999,0.00000000,0,0.00000000,0.00000000,0
2026-07-20 20:00:00,0.058,0.058,0.058,0.058,0.00000000,1784591999999,0.00000000,0,0.00000000,0.00000000,0
2026-07-21 00:00:00,0.058,0.058,0.058,0.058,0.00000000,1784606399999,0.00000000,0,0.00000000,0.00000000,0
2026-07-21 04:00:00,0.058,0.058,0.058,0.058,0.00000000,1784620799999,0.00000000,0,0.00000000,0.00000000,0
2026-07-21 08:00:00,0.058,0.058,0.058,0.058,0.00000000,1784635199999,0.00000000,0,0.00000000,0.00000000,0
2026-07-21 12:00:00,0.058,0.058,0.058,0.058,0.00000000,1784649599999,0.00000000,0,0.00000000,0.00000000,0
2026-07-21 16:00:00,0.058,0.058,0.058,0.058,0.00000000,1784663999999,0.00000000,0,0.00000000,0.00000000,0
2026-07-21 20:00:00,0.058,0.058,0.058,0.058,0.00000000,1784678399999,0.00000000,0,0.00000000,0.00000000,0
2026-07-22 00:00:00,0.058,0.058,0.058,0.058,0.00000000,1784692799999,0.00000000,0,0.00000000,0.00000000,0
2026-07-22 04:00:00,0.058,0.058,0.058,0.058,0.00000000,1784707199999,0.00000000,0,0.00000000,0.00000000,0
2026-07-22 08:00:00,0.058,0.058,0.058,0.058,0.00000000,1784721599999,0.00000000,0,0.00000000,0.00000000,0
2026-07-22 12:00:00,0.058,0.058,0.058,0.058,0.00000000,1784735999999,0.00000000,0,0.00000000,0.00000000,0
2026-07-22 16:00:00,0.058,0.058,0.058,0.058,0.00000000,1784750399999,0.00000000,0,0.00000000,0.00000000,0
2026-07-22 20:00:00,0.058,0.058,0.058,0.058,0.00000000,1784764799999,0.00000000,0,0.00000000,0.00000000,0
2026-07-23 00:00:00,0.058,0.058,0.058,0.058,0.00000000,1784779199999,0.00000000,0,0.00000000,0.00000000,0
2026-07-23 04:00:00,0.058,0.058,0.058,0.058,0.00000000,1784793599999,0.00000000,0,0.00000000,0.00000000,0
2026-07-23 08:00:00,0.058,0.058,0.058,0.058,0.00000000,1784807999999,0.00000000,0,0.00000000,0.00000000,0
2026-07-23 12:00:00,0.058,0.058,0.058,0.058,0.00000000,1784822399999,0.00000000,0,0.00000000,0.00000000,0
2026-07-23 16:00:00,0.058,0.058,0.058,0.058,0.00000000,1784836799999,0.00000000,0,0.00000000,0.00000000,0
2026-07-23 20:00:00,0.058,0.058,0.058,0.058,0.00000000,1784851199999,0.00000000,0,0.00000000,0.00000000,0
2026-07-24 00:00:00,0.058,0.058,0.058,0.058,0.00000000,1784865599999,0.00000000,0,0.00000000,0.00000000,0
2026-07-24 04:00:00,0.058,0.058,0.058,0.058,0.00000000,1784879999999,0.00000000,0,0.00000000,0.00000000,0
2026-07-24 08:00:00,0.058,0.058,0.058,0.058,0.00000000,1784894399999,0.00000000,0,0.00000000,0.00000000,0
2026-07-24 12:00:00,0.058,0.058,0.058,0.058,0.00000000,1784908799999,0.00000000,0,0.00000000,0.00000000,0
2026-07-24 16:00:00,0.058,0.058,0.058,0.058,0.00000000,1784923199999,0.00000000,0,0.00000000,0.00000000,0
2026-07-24 20:00:00,0.058,0.058,0.058,0.058,0.00000000,1784937599999,0.00000000,0,0.00000000,0.00000000,0
2026-07-25 00:00:00,0.058,0.058,0.058,0.058,0.00000000,1784951999999,0.00000000,0,0.00000000,0.00000000,0
2026-07-25 04:00:00,0.058,0.058,0.058,0.058,0.00000000,1784966399999,0.00000000,0,0.00000000,0.00000000,0
2026-07-25 08:00:00,0.058,0.058,0.058,0.058,0.00000000,1784980799999,0.00000000,0,0.00000000,0.00000000,0
2026-07-25 12:00:00,0.058,0.058,0.058,0.058,0.00000000,1784995199999,0.00000000,0,0.00000000,0.00000000,0
2026-07-25 16:00:00,0.058,0.058,0.058,0.058,0.00000000,1785009599999,0.00000000,0,0.00000000,0.00000000,0
2026-07-25 20:00:00,0.058,0.058,0.058,0.058,0.00000000,1785023999999,0.00000000,0,0.00000000,0.00000000,0
2026-07-26 00:00:00,0.058,0.058,0.058,0.058,0.00000000,1785038399999,0.00000000,0,0.00000000,0.00000000,0
2026-07-26 04:00:00,0.058,0.058,0.058,0.058,0.00000000,1785052799999,0.00000000,0,0.00000000,0.00000000,0
2026-07-26 08:00:00,0.058,0.058,0.058,0.058,0.00000000,1785067199999,0.00000000,0,0.00000000,0.00000000,0
2026-07-26 12:00:00,0.058,0.058,0.058,0.058,0.00000000,1785081599999,0.00000000,0,0.00000000,0.00000000,0
2026-07-26 16:00:00,0.058,0.058,0.058,0.058,0.00000000,1785095999999,0.00000000,0,0.00000000,0.00000000,0
2026-07-26 20:00:00,0.058,0.058,0.058,0.058,0.00000000,1785110399999,0.00000000,0,0.00000000,0.00000000,0
2026-07-27 00:00:00,0.058,0.058,0.058,0.058,0.00000000,1785124799999,0.00000000,0,0.00000000,0.00000000,0
2026-07-27 04:00:00,0.058,0.058,0.058,0.058,0.00000000,1785139199999,0.00000000,0,0.00000000,0.00000000,0
2026-07-27 08:00:00,0.058,0.058,0.058,0.058,0.00000000,1785153599999,0.00000000,0,0.00000000,0.00000000,0
2026-07-27 12:00:00,0.058,0.058,0.058,0.058,137.90000000,1785167999999,7.99820000,1,0.00000000,0.00000000,0
2026-07-27 16:00:00,0.058,0.058,0.058,0.058,0.00000000,1785182399999,0.00000000,0,0.00000000,0.00000000,0
2026-07-27 20:00:00,0.058,0.058,0.058,0.058,0.00000000,1785196799999,0.00000000,0,0.00000000,0.00000000,0
2026-07-28 00:00:00,0.058,0.058,0.058,0.058,0.00000000,1785211199999,0.00000000,0,0.00000000,0.00000000,0
2026-07-28 04:00:00,0.058,0.058,0.058,0.058,0.00000000,1785225599999,0.00000000,0,0.00000000,0.00000000,0
2026-07-28 08:00:00,0.058,0.058,0.058,0.058,0.00000000,1785239999999,0.00000000,0,0.00000000,0.00000000,0
2026-07-28 12:00:00,0.056,0.056,0.056,0.056,46.90000000,1785254399999,2.62640000,1,0.00000000,0.00000000,0
2026-07-28 16:00:00,0.056,0.056,0.056,0.056,0.00000000,1785268799999,0.00000000,0,0.00000000,0.00000000,0
2026-07-28 20:00:00,0.056,0.056,0.056,0.056,0.00000000,1785283199999,0.00000000,0,0.00000000,0.00000000,0
2026-07-29 00:00:00,0.056,0.056,0.056,0.056,0.00000000,1785297599999,0.00000000,0,0.00000000,0.00000000,0
2026-07-29 04:00:00,0.056,0.056,0.056,0.056,0.00000000,1785311999999,0.00000000,0,0.00000000,0.00000000,0
2026-07-29 08:00:00,0.056,0.056,0.056,0.056,0.00000000,1785326399999,0.00000000,0,0.00000000,0.00000000,0
2026-07-29 12:00:00,0.056,0.056,0.056,0.056,0.00000000,1785340799999,0.00000000,0,0.00000000,0.00000000,0
2026-07-29 16:00:00,0.056,0.056,0.056,0.056,57560.00000000,1785355199999,3223.36000000,8,57118.00000000,3198.60800000,0
2026-07-29 20:00:00,0.056,0.056,0.056,0.056,0.00000000,1785369599999,0.00000000,0,0.00000000,0.00000000,0
2026-07-30 00:00:00,0.056,0.056,0.056,0.056,0.00000000,1785383999999,0.00000000,0,0.00000000,0.00000000,0
2026-07-30 04:00:00,0.056,0.056,0.056,0.056,0.00000000,1785398399999,0.00000000,0,0.00000000,0.00000000,0
2026-07-30 08:00:00,0.056,0.056,0.056,0.056,0.00000000,1785412799999,0.00000000,0,0.00000000,0.00000000,0
2026-07-30 12:00:00,0.056,0.056,0.056,0.056,0.00000000,1785427199999,0.00000000,0,0.00000000,0.00000000,0
2026-07-30 16:00:00,0.056,0.056,0.056,0.056,0.00000000,1785441599999,0.00000000,0,0.00000000,0.00000000,0
2026-07-30 20:00:00,0.056,0.056,0.056,0.056,0.00000000,1785455999999,0.00000000,0,0.00000000,0.00000000,0
2026-07-31 00:00:00,0.056,0.056,0.056,0.056,0.00000000,1785470399999,0.00000000,0,0.00000000,0.00000000,0
2026-07-31 04:00:00,0.056,0.056,0.056,0.056,0.00000000,1785484799999,0.00000000,0,0.00000000,0.00000000,0
2026-07-31 08:00:00,0.056,0.056,0.056,0.056,0.00000000,1785499199999,0.00000000,0,0.00000000,0.00000000,0
2026-07-31 12:00:00,0.056,0.056,0.056,0.056,0.00000000,1785513599999,0.00000000,0,0.00000000,0.00000000,0
2026-07-31 16:00:00,0.056,0.056,0.056,0.056,0.00000000,1785527999999,0.00000000,0,0.00000000,0.00000000,0
2026-07-31 20:00:00,0.056,0.056,0.056,0.056,0.00000000,1785542399999,0.00000000,0,0.00000000,0.00000000,0
2026-08-01 00:00:00,0.056,0.056,0.056,0.056,0.00000000,1785556799999,0.00000000,0,0.00000000,0.00000000,0
2026-08-01 04:00:00,0.056,0.056,0.056,0.056,0.00000000,1785571199999,0.00000000,0,0.00000000,0.00000000,0
2026-08-01 08:00:00,0.056,0.056,0.056,0.056,0.00000000,1785585599999,0.00000000,0,0.00000000,0.00000000,0
2026-08-01 12:00:00,0.056,0.056,0.056,0.056,0.00000000,1785599999999,0.00000000,0,0.00000000,0.00000000,0
2026-08-01 16:00:00,0.056,0.056,0.056,0.056,0.00000000,1785614399999,0.00000000,0,0.00000000,0.00000000,0
2026-08-01 20:00:00,0.056,0.056,0.056,0.056,0.00000000,1785628799999,0.00000000,0,0.00000000,0.00000000,0
2026-08-02 00:00:00,0.056,0.056,0.056,0.056,0.00000000,1785643199999,0.00000000,0,0.00000000,0.00000000,0
2026-08-02 04:00:00,0.056,0.056,0.056,0.056,0.00000000,1785657599999,0.00000000,0,0.00000000,0.00000000,0
2026-08-02 08:00:00,0.056,0.056,0.056,0.056,0.00000000,1785671999999,0.00000000,0,0.00000000,0.00000000,0
2026-08-02 12:00:00,0.056,0.056,0.056,0.056,0.00000000,1785686399999,0.00000000,0,0.00000000,0.00000000,0
2026-08-02 16:00:00,0.056,0.056,0.056,0.056,0.00000000,1785700799999,0.00000000,0,0.00000000,0.00000000,0
2026-08-02 20:00:00,0.056,0.056,0.056,0.056,0.00000000,1785715199999,0.00000000,0,0.00000000,0.00000000,0
2026-08-03 00:00:00,0.056,0.056,0.056,0.056,0.00000000,1785729599999,0.00000000,0,0.00000000,0.00000000,0
2026-08-03 04:00:00,0.056,0.056,0.056,0.056,0.00000000,1785743999999,0.00000000,0,0.00000000,0.00000000,0
2026-08-03 08:00:00,0.056,0.056,0.056,0.056,0.00000000,1785758399999,0.00000000,0,0.00000000,0.00000000,0
2026-08-03 12:00:00,0.056,0.056,0.056,0.056,0.00000000,1785772799999,0.00000000,0,0.00000000,0.00000000,0
2026-08-03 16:00:00,0.056,0.056,0.056,0.056,0.00000000,1785787199999,0.00000000,0,0.00000000,0.00000000,0
2026-08-03 20:00:00,0.056,0.056,0.056,0.056,0.00000000,1785801599999,0.00000000,0,0.00000000,0.00000000,0
2026-08-04 00:00:00,0.056,0.056,0.056,0.056,0.00000000,1785815999999,0.00000000,0,0.00000000,0.00000000,0
2026-08-04 04:00:00,0.056,0.056,0.056,0.056,0.00000000,1785830399999,0.00000000,0,0.00000000,0.00000000,0
2026-08-04 08:00:00,0.056,0.056,0.056,0.056,0.00000000,1785844799999,0.00000000,0,0.00000000,0.00000000,0
2026-08-04 12:00:00,0.056,0.056,0.056,0.056,0.00000000,1785859199999,0.00000000,0,0.00000000,0.00000000,0
2026-08-04 16:00:00,0.056,0.056,0.056,0.056,0.00000000,1785873599999,0.00000000,0,0.00000000,0.00000000,0
2026-08-04 20:00:00,0.056,0.056,0.056,0.056,0.00000000,1785887999999,0.00000000,0,0.00000000,0.00000000,0
2026-08-05 00:00:00,0.056,0.056,0.056,0.056,0.00000000,1785902399999,0.00000000,0,0.00000000,0.00000000,0
2026-08-05 04:00:00,0.056,0.056,0.056,0.056,0.00000000,1785916799999,0.00000000,0,0.00000000,0.00000000,0
2026-08-05 08:00:00,0.056,0.056,0.056,0.056,0.00000000,1785931199999,0.00000000,0,0.00000000,0.00000000,0
2026-08-05 12:00:00,0.056,0.056,0.056,0.056,0.00000000,1785945599999,0.00000000,0,0.00000000,0.00000000,0
2026-08-05 16:00:00,0.056,0.056,0.056,0.056,0.00000000,1785959999999,0.00000000,0,0.00000000,0.00000000,0
2026-08-05 20:00:00,0.056,0.056,0.056,0.056,0.00000000,1785974399999,0.00000000,0,0.00000000,0.00000000,0
2026-08-06 00:00:00,0.056,0.056,0.056,0.056,0.00000000,1785988799999,0.00000000,0,0.00000000,0.00000000,0
2026-08-06 04:00:00,0.056,0.056,0.056,0.056,0.00000000,1786003199999,0.00000000,0,0.00000000,0.00000000,0
2026-08-06 08:00:00,0.056,0.056,0.056,0.056,0.00000000,1786017599999,0.00000000,0,0.00000000,0.00000000,0
2026-08-06 12:00:00,0.056,0.056,0.056,0.056,0.00000000,1786031999999,0.00000000,0,0.00000000,0.00000000,0
2026-08-06 16:00:00,0.056,0.056,0.056,0.056,0.00000000,1786046399999,0.00000000,0,0.00000000,0.00000000,0
2026-08-06 20:00:00,0.056,0.056,0.056,0.056,0.00000000,1786060799999,0.00000000,0,0.00000000,0.00000000,0
2026-08-07 00:00:00,0.056,0.056,0.056,0.056,0.00000000,1786075199999,0.00000000,0,0.00000000,0.00000000,0
2026-08-07 04:00:00,0.056,0.056,0.056,0.056,0.00000000,1786089599999,0.00000000,0,0.00000000,0.00000000,0
2026-08-07 08:00:00,0.056,0.056,0.056,0.056,0.00000000,1786103999999,0.00000000,0,0.00000000,0.00000000,0
2026-08-07 12:00:00,0.056,0.056,0.056,0.056,0.00000000,1786118399999,0.00000000,0,0.00000000,0.00000000,0
2026-08-07 16:00:00,0.056,0.056,0.056,0.056,0.00000000,1786132799999,0.00000000,0,0.00000000,0.00000000,0
2026-08-07 20:00:00,0.056,0.056,0.056,0.056,0.00000000,1786147199999,0.00000000,0,0.00000000,0.00000000,0
2026-08-08 00:00:00,0.056,0.056,0.056,0.056,0.00000000,1786161599999,0.00000000,0,0.00000000,0.00000000,0
2026-08-08 04:00:00,0.056,0.056,0.056,0.056,0.00000000,1786175999999,0.00000000,0,0.00000000,0.00000000,0
2026-08-08 08:00:00,0.056,0.056,0.056,0.056,0.00000000,1786190399999,0.00000000,0,0.00000000,0.00000000,0
2026-08-08 12:00:00,0.056,0.056,0.056,0.056,0.00000000,1786204799999,0.00000000,0,0.00000000,0.00000000,0
2026-08-08 16:00:00,0.056,0.056,0.056,0.056,0.00000000,1786219199999,0.00000000,0,0.00000000,0.00000000,0
2026-08-08 20:00:00,0.056,0.056,0.056,0.056,0.00000000,1786233599999,0.00000000,0,0.00000000,0.00000000,0
2026-08-09 00:00:00,0.056,0.056,0.056,0.056,0.00000000,1786247999999,0.00000000,0,0.00000000,0.00000000,0
2026-08-09 04:00:00,0.056,0.056,0.056,0.056,0.00000000,1786262399999,0.00000000,0,0.00000000,0.00000000,0
2026-08-09 08:00:00,0.056,0.056,0.056,0.056,0.00000000,1786276799999,0.00000000,0,0.00000000,0.00000000,0
2026-08-09 12:00:00,0.056,0.056,0.056,0.056,0.00000000,1786291199999,0.00000000,0,0.00000000,0.00000000,0
2026-08-09 16:00:00,0.056,0.056,0.056,0.056,0.00000000,1786305599999,0.00000000,0,0.00000000,0.00000000,0
2026-08-09 20:00:00,0.056,0.056,0.056,0.056,0.00000000,1786319999999,0.00000000,0,0.00000000,0.00000000,0
2026-08-10 00:00:00,0.056,0.056,0.056,0.056,0.00000000,1786334399999,0.00000000,0,0.00000000,0.00000000,0
2026-08-10 04:00:00,0.056,0.056,0.056,0.056,0.00000000,1786348799999,0.00000000,0,0.00000000,0.00000000,0
2026-08-10 08:00:00,0.056,0.056,0.056,0.056,0.00000000,1786363199999,0.00000000,0,0.00000000,0.00000000,0
2026-08-10 12:00:00,0.056,0.056,0.056,0.056,0.00000000,1786377599999,0.00000000,0,0.00000000,0.00000000,0
2026-08-10 16:00:00,0.056,0.056,0.056,0.056,0.00000000,1786391999999,0.00000000,0,0.00000000,0.00000000,0
2026-08-10 20:00:00,0.056,0.056,0.056,0.056,0.00000000,1786406399999,0.00000000,0,0.00000000,0.00000000,0
2026-08-11 00:00:00,0.056,0.056,0.056,0.056,0.00000000,1786420799999,0.00000000,0,0.00000000,0.00000000,0
2026-08-11 04:00:00,0.056,0.056,0.056,0.056,0.00000000,1786435199999,0.00000000,0,0.00000000,0.00000000,0
2026-08-11 08:00:00,0.056,0.056,0.056,0.056,0.00000000,1786449599999,0.00000000,0,0.00000000,0.00000000,0
2026-08-11 12:00:00,0.056,0.056,0.056,0.056,0.00000000,1786463999999,0.00000000,0,0.00000000,0.00000000,0
2026-08-11 16:00:00,0.056,0.056,0.056,0.056,0.00000000,1786478399999,0.00000000,0,0.00000000,0.00000000,0
2026-08-11 20:00:00,0.056,0.056,0.056,0.056,0.00000000,1786492799999,0.00000000,0,0.00000000,0.00000000,0
2026-08-12 00:00:00,0.056,0.056,0.056,0.056,0.00000000,1786507199999,0.00000000,0,0.00000000,0.00000000,0
2026-08-12 04:00:00,0.056,0.056,0.056,0.056,0.00000000,1786521599999,0.00000000,0,0.00000000,0.00000000,0
2026-08-12 08:00:00,0.056,0.056,0.056,0.056,0.00000000,1786535999999,0.00000000,0,0.00000000,0.00000000,0
2026-08-12 12:00:00,0.056,0.056,0.056,0.056,0.00000000,1786550399999,0.00000000,0,0.00000000,0.00000000,0
2026-08-12 16:00:00,0.056,0.056,0.056,0.056,0.00000000,1786564799999,0.00000000,0,0.00000000,0.00000000,0
2026-08-12 20:00:00,0.056,0.056,0.056,0.056,0.00000000,1786579199999,0.00000000,0,0.00000000,0.00000000,0
2026-08-13 00:00:00,0.056,0.056,0.056,0.056,0.00000000,1786593599999,0.00000000,0,0.00000000,0.00000000,0
2026-08-13 04:00:00,0.056,0.056,0.056,0.056,0.00000000,1786607999999,0.00000000,0,0.00000000,0.00000000,0
2026-08-13 08:00:00,0.056,0.056,0.056,0.056,0.00000000,1786622399999,0.00000000,0,0.00000000,0.00000000,0
2026-08-13 12:00:00,0.056,0.056,0.056,0.056,0.00000000,1786636799999,0.00000000,0,0.00000000,0.00000000,0
2026-08-13 16:00:00,0.056,0.056,0.056,0.056,0.00000000,1786651199999,0.00000000,0,0.00000000,0.00000000,0
2026-08-13 20:00:00,0.056,0.056,0.056,0.056,0.00000000,1786665599999,0.00000000,0,0.00000000,0.00000000,0
2026-08-14 00:00:00,0.056,0.056,0.056,0.056,0.00000000,1786679999999,0.00000000,0,0.00000000,0.00000000,0
2026-08-14 04:00:00,0.056,0.056,0.056,0.056,3389.50000000,1786694399999,189.81200000,5,2320.80000000,129.96480000,0
2026-08-14 08:00:00,0.056,0.056,0.056,0.056,0.00000000,1786708799999,0.00000000,0,0.00000000,0.00000000,0
2026-08-14 12:00:00,0.056,0.056,0.056,0.056,0.00000000,1786723199999,0.00000000,0,0.00000000,0.00000000,0
2026-08-14 16:00:00,0.056,0.056,0.056,0.056,0.00000000,1786737599999,0.00000000,0,0.00000000,0.00000000,0
2026-08-14 20:00:00,0.056,0.056,0.056,0.056,0.00000000,1786751999999,0.00000000,0,0.00000000,0.00000000,0
2026-08-15 00:00:00,0.056,0.056,0.056,0.056,0.00000000,1786766399999,0.00000000,0,0.00000000,0.00000000,0
2026-08-15 04:00:00,0.056,0.056,0.056,0.056,0.00000000,1786780799999,0.00000000,0,0.00000000,0.00000000,0
2026-08-15 08:00:00,0.056,0.056,0.056,0.056,0.00000000,1786795199999,0.00000000,0,0.00000000,0.00000000,0
2026-08-15 12:00:00,0.056,0.056,0.056,0.056,0.00000000,1786809599999,0.00000000,0,0.00000000,0.00000000,0
2026-08-15 16:00:00,0.056,0.056,0.056,0.056,0.00000000,1786823999999,0.00000000,0,0.00000000,0.00000000,0
2026-08-15 20:00:00,0.056,0.056,0.056,0.056,0.00000000,1786838399999,0.00000000,0,0.00000000,0.00000000,0
2026-08-16 00:00:00,0.056,0.056,0.056,0.056,0.00000000,1786852799999,0.00000000,0,0.00000000,0.00000000,0
2026-08-16 04:00:00,0.056,0.056,0.056,0.056,0.00000000,1786867199999,0.00000000,0,0.00000000,0.00000000,0
2026-08-16 08:00:00,0.056,0.056,0.056,0.056,0.00000000,1786881599999,0.00000000,0,0.00000000,0.00000000,0
2026-08-16 12:00:00,0.056,0.056,0.056,0.056,0.00000000,1786895999999,0.00000000,0,0.00000000,0.00000000,0
2026-08-16 16:00:00,0.056,0.056,0.056,0.056,0.00000000,1786910399999,0.00000000,0,0.00000000,0.00000000,0
2026-08-16 20:00:00,0.056,0.056,0.056,0.056,0.00000000,1786924799999,0.00000000,0,0.00000000,0.00000000,0
2026-08-17 00:00:00,0.056,0.056,0.056,0.056,0.00000000,1786939199999,0.00000000,0,0.00000000,0.00000000,0
2026-08-17 04:00:00,0.056,0.056,0.056,0.056,0.00000000,1786953599999,0.00000000,0,0.00000000,0.00000000,0
2026-08-17 08:00:00,0.056,0.056,0.056,0.056,0.00000000,1786967999999,0.00000000,0,0.00000000,0.00000000,0
2026-08-17 12:00:00,0.056,0.056,0.056,0.056,0.00000000,1786982399999,0.00000000,0,0.00000000,0.00000000,0
2026-08-17 16:00:00,0.056,0.056,0.056,0.056,0.00000000,1786996799999,0.00000000,0,0.00000000,0.00000000,0
2026-08-17 20:00:00,0.056,0.056,0.056,0.056,0.00000000,1787011199999,0.00000000,0,0.00000000,0.00000000,0
2026-08-18 00:00:00,0.056,0.056,0.056,0.056,0.00000000,1787025599999,0.00000000,0,0.00000000,0.00000000,0
2026-08-18 04:00:00,0.056,0.056,0.056,0.056,0.00000000,1787039999999,0.00000000,0,0.00000000,0.00000000,0
2026-08-18 08:00:00,0.056,0.056,0.056,0.056,0.00000000,1787054399999,0.00000000,0,0.00000000,0.00000000,0
2026-08-18 12:00:00,0.056,0.056,0.056,0.056,0.00000000,1787068799999,0.00000000,0,0.00000000,0.00000000,0
2026-08-18 16:00:00,0.056,0.056,0.056,0.056,0.00000000,1787083199999,0.00000000,0,0.00000000,0.00000000,0
2026-08-18 20:00:00,0.056,0.056,0.056,0.056,0.00000000,1787097599999,0.00000000,0,0.00000000,0.00000000,0
2026-08-19 00:00:00,0.056,0.056,0.056,0.056,0.00000000,1787111999999,0.00000000,0,0.00000000,0.00000000,0
2026-08-19 04:00:00,0.056,0.056,0.056,0.056,0.00000000,1787126399999,0.00000000,0,0.00000000,0.00000000,0
2026-08-19 08:00:00,0.056,0.056,0.056,0.056,0.00000000,1787140799999,0.00000000,0,0.00000000,0.00000000,0
2026-08-19 12:00:00,0.056,0.056,0.056,0.056,0.00000000,1787155199999,0.00000000,0,0.00000000,0.00000000,0
2026-08-19 16:00:00,0.056,0.056,0.056,0.056,39.20000000,1787169599999,2.19520000,1,0.00000000,0.00000000,0
2026-08-19 20:00:00,0.056,0.056,0.056,0.056,0.00000000,1787183999999,0.00000000,0,0.00000000,0.00000000,0
2026-08-20 00:00:00,0.056,0.056,0.056,0.056,0.00000000,1787198399999,0.00000000,0,0.00000000,0.00000000,0
2026-08-20 04:00:00,0.056,0.056,0.056,0.056,0.00000000,1787212799999,0.00000000,0,0.00000000,0.00000000,0
2026-08-20 08:00:00,0.056,0.056,0.056,0.056,0.00000000,1787227199999,0.00000000,0,0.00000000,0.00000000,0
2026-08-20 12:00:00,0.056,0.056,0.056,0.056,0.00000000,1787241599999,0.00000000,0,0.00000000,0.00000000,0
2026-08-20 16:00:00,0.056,0.056,0.056,0.056,0.00000000,1787255999999,0.00000000,0,0.00000000,0.00000000,0
2026-08-20 20:00:00,0.058,0.058,0.058,0.058,1120.70000000,1787270399999,65.00060000,5,0.00000000,0.00000000,0
2026-08-21 00:00:00,0.058,0.058,0.058,0.058,0.00000000,1787284799999,0.00000000,0,0.00000000,0.00000000,0
2026-08-21 04:00:00,0.058,0.058,0.058,0.058,0.00000000,1787299199999,0.00000000,0,0.00000000,0.00000000,0
2026-08-21 08:00:00,0.058,0.058,0.058,0.058,0.00000000,1787313599999,0.00000000,0,0.00000000,0.00000000,0
2026-08-21 12:00:00,0.058,0.058,0.058,0.058,0.00000000,1787327999999,0.00000000,0,0.00000000,0.00000000,0
2026-08-21 16:00:00,0.058,0.058,0.058,0.058,0.00000000,1787342399999,0.00000000,0,0.00000000,0.00000000,0
2026-08-21 20:00:00,0.058,0.058,0.058,0.058,0.00000000,1787356799999,0.00000000,0,0.00000000,0.00000000,0
2026-08-22 00:00:00,0.058,0.058,0.058,0.058,0.00000000,1787371199999,0.00000000,0,0.00000000,0.00000000,0
2026-08-22 04:00:00,0.058,0.058,0.058,0.058,0.00000000,1787385599999,0.00000000,0,0.00000000,0.00000000,0
2026-08-22 08:00:00,0.058,0.058,0.058,0.058,0.00000000,1787399999999,0.00000000,0,0.00000000,0.00000000,0
2026-08-22 12:00:00,0.058,0.058,0.058,0.058,0.00000000,1787414399999,0.00000000,0,0.00000000,0.00000000,0
2026-08-22 16:00:00,0.058,0.058,0.058,0.058,0.00000000,1787428799999,0.00000000,0,0.00000000,0.00000000,0
2026-08-22 20:00:00,0.058,0.058,0.058,0.058,0.00000000,1787443199999,0.00000000,0,0.00000000,0.00000000,0
2026-08-23 00:00:00,0.058,0.058,0.058,0.058,0.00000000,1787457599999,0.00000000,0,0.00000000,0.00000000,0
2026-08-23 04:00:00,0.065,0.065,0.065,0.065,15.30000000,1787471999999,0.99450000,1,15.30000000,0.99450000,0
2026-08-23 08:00:00,0.065,0.065,0.065,0.065,0.00000000,1787486399999,0.00000000,0,0.00000000,0.00000000,0
2026-08-23 12:00:00,0.065,0.065,0.065,0.065,0.00000000,1787500799999,0.00000000,0,0.00000000,0.00000000,0
2026-08-23 16:00:00,0.065,0.065,0.065,0.065,0.00000000,1787515199999,0.00000000,0,0.00000000,0.00000000,0
2026-08-23 20:00:00,0.065,0.065,0.065,0.065,0.00000000,1787529599999,0.00000000,0,0.00000000,0.00000000,0
2026-08-24 00:00:00,0.064,0.064,0.064,0.064,15.60000000,1787543999999,0.99840000,1,15.60000000,0.99840000,0
2026-08-24 04:00:00,0.064,0.064,0.064,0.064,0.00000000,1787558399999,0.00000000,0,0.00000000,0.00000000,0
2026-08-24 08:00:00,0.064,0.064,0.064,0.064,0.00000000,1787572799999,0.00000000,0,0.00000000,0.00000000,0
2026-08-24 12:00:00,0.064,0.064,0.064,0.064,0.00000000,1787587199999,0.00000000,0,0.00000000,0.00000000,0
2026-08-24 16:00:00,0.064,0.064,0.064,0.064,0.00000000,1787601599999,0.00000000,0,0.00000000,0.00000000,0
2026-08-24 20:00:00,0.064,0.064,0.064,0.064,15.60000000,1787615999999,0.99840000,1,15.60000000,0.99840000,0
2026-08-25 00:00:00,0.064,0.064,0.064,0.064,0.00000000,1787630399999,0.00000000,0,0.00000000,0.00000000,0
2026-08-25 04:00:00,0.064,0.064,0.064,0.064,0.00000000,1787644799999,0.00000000,0,0.00000000,0.00000000,0
2026-08-25 08:00:00,0.064,0.064,0.064,0.064,0.00000000,1787659199999,0.00000000,0,0.00000000,0.00000000,0
2026-08-25 12:00:00,0.064,0.064,0.064,0.064,0.00000000,1787673599999,0.00000000,0,0.00000000,0.00000000,0
2026-08-25 16:00:00,0.064,0.064,0.064,0.064,0.00000000,1787687999999,0.00000000,0,0.00000000,0.00000000,0
2026-08-25 20:00:00,0.064,0.064,0.064,0.064,0.00000000,1787702399999,0.00000000,0,0.00000000,0.00000000,0
2026-08-26 00:00:00,0.064,0.064,0.064,0.064,0.00000000,1787716799999,0.00000000,0,0.00000000,0.00000000,0
2026-08-26 04:00:00,0.064,0.064,0.064,0.064,0.00000000,1787731199999,0.00000000,0,0.00000000,0.00000000,0
2026-08-26 08:00:00,0.064,0.064,0.064,0.064,0.00000000,1787745599999,0.00000000,0,0.00000000,0.00000000,0
2026-08-26 12:00:00,0.064,0.064,0.064,0.064,0.00000000,1787759999999,0.00000000,0,0.00000000,0.00000000,0
2026-08-26 16:00:00,0.064,0.064,0.064,0.064,0.00000000,1787774399999,0.00000000,0,0.00000000,0.00000000,0
2026-08-26 20:00:00,0.064,0.064,0.064,0.064,0.00000000,1787788799999,0.00000000,0,0.00000000,0.00000000,0
2026-08-27 00:00:00,0.064,0.064,0.064,0.064,0.00000000,1787803199999,0.00000000,0,0.00000000,0.00000000,0
2026-08-27 04:00:00,0.064,0.064,0.064,0.064,0.00000000,1787817599999,0.00000000,0,0.00000000,0.00000000,0
2026-08-27 08:00:00,0.064,0.064,0.064,0.064,0.00000000,1787831999999,0.00000000,0,0.00000000,0.00000000,0
2026-08-27 12:00:00,0.064,0.064,0.064,0.064,0.00000000,1787846399999,0.00000000,0,0.00000000,0.00000000,0
2026-08-27 16:00:00,0.064,0.064,0.064,0.064,0.00000000,1787860799999,0.00000000,0,0.00000000,0.00000000,0
2026-08-27 20:00:00,0.06,0.06,0.06,0.06,296.70000000,1787875199999,17.80200000,3,0.00000000,0.00000000,0
2026-08-28 00:00:00,0.06,0.06,0.06,0.06,0.00000000,1787889599999,0.00000000,0,0.00000000,0.00000000,0
2026-08-28 04:00:00,0.06,0.06,0.06,0.06,0.00000000,1787903999999,0.00000000,0,0.00000000,0.00000000,0
2026-08-28 08:00:00,0.06,0.06,0.06,0.06,0.00000000,1787918399999,0.00000000,0,0.00000000,0.00000000,0
2026-08-28 12:00:00,0.06,0.06,0.06,0.06,0.00000000,1787932799999,0.00000000,0,0.00000000,0.00000000,0
2026-08-28 16:00:00,0.059,0.059,0.059,0.059,254.30000000,1787947199999,15.00370000,1,254.30000000,15.00370000,0
2026-08-28 20:00:00,0.059,0.059,0.059,0.059,0.00000000,1787961599999,0.00000000,0,0.00000000,0.00000000,0
2026-08-29 00:00:00,0.059,0.059,0.059,0.059,0.00000000,1787975999999,0.00000000,0,0.00000000,0.00000000,0
2026-08-29 04:00:00,0.059,0.059,0.059,0.059,0.00000000,1787990399999,0.00000000,0,0.00000000,0.00000000,0
2026-08-29 08:00:00,0.059,0.059,0.059,0.059,0.00000000,1788004799999,0.00000000,0,0.00000000,0.00000000,0
2026-08-29 12:00:00,0.059,0.059,0.059,0.059,0.00000000,1788019199999,0.00000000,0,0.00000000,0.00000000,0
2026-08-29 16:00:00,0.059,0.059,0.059,0.059,0.00000000,1788033599999,0.00000000,0,0.00000000,0.00000000,0
2026-08-29 20:00:00,0.059,0.059,0.059,0.059,0.00000000,1788047999999,0.00000000,0,0.00000000,0.00000000,0
2026-08-30 00:00:00,0.059,0.059,0.059,0.059,0.00000000,1788062399999,0.00000000,0,0.00000000,0.00000000,0
2026-08-30 04:00:00,0.059,0.059,0.059,0.059,0.00000000,1788076799999,0.00000000,0,0.00000000,0.00000000,0
2026-08-30 08:00:00,0.059,0.059,0.059,0.059,0.00000000,1788091199999,0.00000000,0,0.00000000,0.00000000,0
2026-08-30 12:00:00,0.059,0.059,0.059,0.059,0.00000000,1788105599999,0.00000000,0,0.00000000,0.00000000,0
2026-08-30 16:00:00,0.059,0.059,0.059,0.059,0.00000000,1788119999999,0.00000000,0,0.00000000,0.00000000,0
2026-08-30 20:00:00,0.059,0.059,0.059,0.059,0.00000000,1788134399999,0.00000000,0,0.00000000,0.00000000,0
2026-08-31 00:00:00,0.059,0.059,0.059,0.059,0.00000000,1788148560000,0.00000000,0,0.00000000,0.00000000,0
2026-08-31 12:00:00,0.059,0.059,0.059,0.059,33.90000000,1788191999999,2.00010000,1,33.90000000,2.00010000,0
2026-08-31 16:00:00,0.059,0.059,0.059,0.059,0.00000000,1788206399999,0.00000000,0,0.00000000,0.00000000,0
2026-08-31 20:00:00,0.059,0.059,0.059,0.059,0.00000000,1788220799999,0.00000000,0,0.00000000,0.00000000,0
2026-09-01 00:00:00,0.059,0.059,0.059,0.059,0.00000000,1788235199999,0.00000000,0,0.00000000,0.00000000,0
2026-09-01 04:00:00,0.059,0.059,0.059,0.059,0.00000000,1788249599999,0.00000000,0,0.00000000,0.00000000,0
2026-09-01 08:00:00,0.059,0.059,0.059,0.059,0.00000000,1788263999999,0.00000000,0,0.00000000,0.00000000,0
2026-09-01 12:00:00,0.059,0.059,0.059,0.059,0.00000000,1788278399999,0.00000000,0,0.00000000,0.00000000,0
2026-09-01 16:00:00,0.059,0.059,0.059,0.059,0.00000000,1788292799999,0.00000000,0,0.00000000,0.00000000,0
2026-09-01 20:00:00,0.059,0.059,0.059,0.059,0.00000000,1788307199999,0.00000000,0,0.00000000,0.00000000,0
2026-09-02 00:00:00,0.059,0.059,0.059,0.059,0.00000000,1788321599999,0.00000000,0,0.00000000,0.00000000,0
2026-09-02 04:00:00,0.065,0.065,0.065,0.065,72.00000000,1788335999999,4.68000000,1,0.00000000,0.00000000,0
2026-09-02 08:00:00,0.065,0.065,0.065,0.065,0.00000000,1788350399999,0.00000000,0,0.00000000,0.00000000,0
2026-09-02 12:00:00,0.066,0.066,0.066,0.066,29.90000000,1788364799999,1.97340000,1,0.00000000,0.00000000,0
2026-09-02 16:00:00,0.066,0.066,0.066,0.066,0.00000000,1788379199999,0.00000000,0,0.00000000,0.00000000,0
2026-09-02 20:00:00,0.066,0.066,0.066,0.066,0.00000000,1788393599999,0.00000000,0,0.00000000,0.00000000,0
2026-09-03 00:00:00,0.066,0.066,0.066,0.066,0.00000000,1788407999999,0.00000000,0,0.00000000,0.00000000,0
2026-09-03 04:00:00,0.066,0.066,0.066,0.066,0.00000000,1788422399999,0.00000000,0,0.00000000,0.00000000,0
2026-09-03 08:00:00,0.066,0.066,0.066,0.066,0.00000000,1788436799999,0.00000000,0,0.00000000,0.00000000,0
2026-09-03 12:00:00,0.066,0.066,0.066,0.066,0.00000000,1788451199999,0.00000000,0,0.00000000,0.00000000,0
2026-09-03 16:00:00,0.066,0.066,0.066,0.066,0.00000000,1788465599999,0.00000000,0,0.00000000,0.00000000,0
2026-09-03 20:00:00,0.052,0.052,0.052,0.052,29.90000000,1788479999999,1.55480000,1,29.90000000,1.55480000,0
2026-09-04 00:00:00,0.052,0.052,0.052,0.052,0.00000000,1788494399999,0.00000000,0,0.00000000,0.00000000,0
2026-09-04 04:00:00,0.052,0.052,0.052,0.052,0.00000000,1788508799999,0.00000000,0,0.00000000,0.00000000,0
2026-09-04 08:00:00,0.052,0.052,0.052,0.052,0.00000000,1788523199999,0.00000000,0,0.00000000,0.00000000,0
2026-09-04 12:00:00,0.052,0.052,0.052,0.052,0.00000000,1788537599999,0.00000000,0,0.00000000,0.00000000,0
2026-09-04 16:00:00,0.052,0.052,0.052,0.052,0.00000000,1788551999999,0.00000000,0,0.00000000,0.00000000,0
2026-09-04 20:00:00,0.052,0.052,0.052,0.052,0.00000000,1788566399999,0.00000000,0,0.00000000,0.00000000,0
2026-09-05 00:00:00,0.055,0.055,0.055,0.055,38.50000000,1788580799999,2.11750000,1,0.00000000,0.00000000,0
2026-09-05 04:00:00,0.055,0.055,0.055,0.055,0.00000000,1788595199999,0.00000000,0,0.00000000,0.00000000,0
2026-09-05 08:00:00,0.055,0.055,0.055,0.055,0.00000000,1788609599999,0.00000000,0,0.00000000,0.00000000,0
2026-09-05 12:00:00,0.055,0.055,0.055,0.055,0.00000000,1788623999999,0.00000000,0,0.00000000,0.00000000,0
2026-09-05 16:00:00,0.06,0.06,0.06,0.06,192.30000000,1788638399999,11.53800000,1,192.30000000,11.53800000,0
2026-09-05 20:00:00,0.06,0.06,0.06,0.06,0.00000000,1788652799999,0.00000000,0,0.00000000,0.00000000,0
2026-09-06 00:00:00,0.06,0.06,0.06,0.06,0.00000000,1788667199999,0.00000000,0,0.00000000,0.00000000,0
2026-09-06 04:00:00,0.06,0.06,0.06,0.06,0.00000000,1788681599999,0.00000000,0,0.00000000,0.00000000,0
2026-09-06 08:00:00,0.06,0.06,0.06,0.06,0.00000000,1788695999999,0.00000000,0,0.00000000,0.00000000,0
2026-09-06 12:00:00,0.06,0.06,0.06,0.06,0.00000000,1788710399999,0.00000000,0,0.00000000,0.00000000,0
2026-09-06 16:00:00,0.06,0.06,0.06,0.06,0.00000000,1788724799999,0.00000000,0,0.00000000,0.00000000,0
2026-09-06 20:00:00,0.06,0.06,0.06,0.06,0.00000000,1788739199999,0.00000000,0,0.00000000,0.00000000,0
2026-09-07 00:00:00,0.06,0.06,0.06,0.06,0.00000000,1788753599999,0.00000000,0,0.00000000,0.00000000,0
2026-09-07 04:00:00,0.06,0.06,0.06,0.06,0.00000000,1788767999999,0.00000000,0,0.00000000,0.00000000,0
2026-09-07 08:00:00,0.06,0.06,0.06,0.06,0.00000000,1788782399999,0.00000000,0,0.00000000,0.00000000,0
2026-09-07 12:00:00,0.06,0.06,0.06,0.06,0.00000000,1788796799999,0.00000000,0,0.00000000,0.00000000,0
2026-09-07 16:00:00,0.06,0.06,0.06,0.06,0.00000000,1788811199999,0.00000000,0,0.00000000,0.00000000,0
2026-09-07 20:00:00,0.06,0.06,0.06,0.06,0.00000000,1788825599999,0.00000000,0,0.00000000,0.00000000,0
2026-09-08 00:00:00,0.06,0.06,0.06,0.06,0.00000000,1788839999999,0.00000000,0,0.00000000,0.00000000,0
2026-09-08 04:00:00,0.06,0.06,0.06,0.06,0.00000000,1788854399999,0.00000000,0,0.00000000,0.00000000,0
2026-09-08 08:00:00,0.06,0.06,0.06,0.06,0.00000000,1788868799999,0.00000000,0,0.00000000,0.00000000,0
2026-09-08 12:00:00,0.06,0.06,0.06,0.06,0.00000000,1788883199999,0.00000000,0,0.00000000,0.00000000,0
2026-09-08 16:00:00,0.06,0.06,0.06,0.06,0.00000000,1788897599999,0.00000000,0,0.00000000,0.00000000,0
2026-09-08 20:00:00,0.06,0.06,0.06,0.06,0.00000000,1788911999999,0.00000000,0,0.00000000,0.00000000,0
2026-09-09 00:00:00,0.06,0.06,0.06,0.06,0.00000000,1788926399999,0.00000000,0,0.00000000,0.00000000,0
2026-09-09 04:00:00,0.06,0.06,0.06,0.06,0.00000000,1788940799999,0.00000000,0,0.00000000,0.00000000,0
2026-09-09 08:00:00,0.06,0.06,0.06,0.06,0.00000000,1788955199999,0.00000000,0,0.00000000,0.00000000,0
2026-09-09 12:00:00,0.058,0.058,0.058,0.058,51.60000000,1788969599999,2.99280000,1,51.60000000,2.99280000,0
2026-09-09 16:00:00,0.058,0.058,0.058,0.058,0.00000000,1788983999999,0.00000000,0,0.00000000,0.00000000,0
2026-09-09 20:00:00,0.058,0.058,0.058,0.058,0.00000000,1788998399999,0.00000000,0,0.00000000,0.00000000,0
2026-09-10 00:00:00,0.058,0.058,0.058,0.058,0.00000000,1789012799999,0.00000000,0,0.00000000,0.00000000,0
2026-09-10 04:00:00,0.058,0.058,0.058,0.058,0.00000000,1789027199999,0.00000000,0,0.00000000,0.00000000,0
2026-09-10 08:00:00,0.058,0.058,0.058,0.058,0.00000000,1789041599999,0.00000000,0,0.00000000,0.00000000,0
2026-09-10 12:00:00,0.058,0.058,0.058,0.058,0.00000000,1789055999999,0.00000000,0,0.00000000,0.00000000,0
2026-09-10 16:00:00,0.058,0.058,0.058,0.058,0.00000000,1789070399999,0.00000000,0,0.00000000,0.00000000,0
2026-09-10 20:00:00,0.058,0.058,0.058,0.058,0.00000000,1789084799999,0.00000000,0,0.00000000,0.00000000,0
