ts,open,high,low,close,volume,close_time,quote_asset_volume,num_trades,taker_buy_base,taker_buy_quote,ignore
2024-09-11 20:00:00,1.549,1.554,1.547,1.547,1566.59000000,1726099199999,2424.47520000,5,28.59000000,44.41646000,0
2024-09-12 00:00:00,1.552,1.565,1.552,1.561,46.64000000,1726113599999,72.65493000,9,42.65000000,66.43392000,0
2024-09-12 04:00:00,1.563,1.567,1.538,1.544,40.26000000,1726127999999,62.27889000,13,10.01000000,15.56360000,0
2024-09-12 08:00:00,1.544,1.555,1.544,1.544,11.42000000,1726142399999,17.69658000,4,4.24000000,6.55896000,0
2024-09-12 12:00:00,1.539,1.539,1.516,1.516,425.55000000,1726156799999,649.52579000,28,228.27000000,349.08889000,0
2024-09-12 16:00:00,1.521,1.535,1.521,1.531,182.76000000,1726171199999,279.82037000,7,20.60000000,31.55035000,0
2024-09-12 20:00:00,1.53,1.538,1.523,1.536,186.62000000,1726185599999,285.83745000,7,53.05000000,81.56332000,0
2024-09-13 00:00:00,1.538,1.538,1.532,1.533,49.72000000,1726199999999,76.22430000,3,48.22000000,73.92126000,0
2024-09-13 04:00:00,1.53,1.53,1.516,1.516,13.09000000,1726214399999,19.93022000,7,3.03000000,4.60656000,0
2024-09-13 08:00:00,1.518,1.526,1.514,1.521,13.05000000,1726228799999,19.82661000,5,5.88000000,8.95359000,0
2024-09-13 12:00:00,1.516,1.546,1.509,1.544,87.21000000,1726243199999,133.26120000,21,37.09000000,56.83666000,0
2024-09-13 16:00:00,1.539,1.539,1.526,1.527,144.65000000,1726257599999,221.19695000,18,54.11000000,82.88758000,0
2024-09-13 20:00:00,1.535,1.558,1.535,1.553,406.10000000,1726271999999,630.16144000,19,395.69000000,614.03309000,0
2024-09-14 00:00:00,1.552,1.564,1.543,1.563,96.64000000,1726286399999,150.52487000,14,78.24000000,122.02782000,0
2024-09-14 04:00:00,1.566,1.566,1.543,1.543,185.72000000,1726300799999,289.41455000,15,28.56000000,44.46408000,0
2024-09-14 08:00:00,1.539,1.548,1.533,1.54,28.29000000,1726315199999,43.54317000,13,13.72000000,21.14948000,0
2024-09-14 12:00:00,1.544,1.56,1.542,1.559,22.73000000,1726329599999,35.24745000,11,9.91000000,15.37025000,0
2024-09-14 16:00:00,1.563,1.568,1.545,1.56,44.53000000,1726343999999,69.35001000,16,21.52000000,33.58922000,0
2024-09-14 20:00:00,1.563,1.563,1.56,1.56,30.19000000,1726358399999,47.10687000,3,2.46000000,3.84498000,0
2024-09-15 00:00:00,1.567,1.585,1.561,1.561,1498.83000000,1726372799999,2361.61930000,38,328.84000000,518.05454000,0
2024-09-15 04:00:00,1.559,1.562,1.556,1.56,61.21000000,1726387199999,95.34580000,7,51.50000000,80.22487000,0
2024-09-15 08:00:00,1.562,1.564,1.541,1.541,310.62000000,1726401599999,480.92659000,23,59.61000000,92.33500000,0
2024-09-15 12:00:00,1.545,1.562,1.541,1.561,190.49000000,1726415999999,297.05668000,15,184.00000000,286.99234000,0
2024-09-15 16:00:00,1.553,1.553,1.527,1.527,103.85000000,1726430399999,159.43579000,17,48.13000000,73.92090000,0
2024-09-15 20:00:00,1.526,1.526,1.472,1.477,933.66000000,1726444799999,1395.56290000,45,350.67000000,524.55205000,0
2024-09-16 00:00:00,1.474,1.475,1.434,1.457,1031.32000000,1726459199999,1499.46758000,60,564.78000000,821.47696000,0
2024-09-16 04:00:00,1.458,1.488,1.458,1.488,226.71000000,1726473599999,334.33000000,18,219.95000000,324.32904000,0
2024-09-16 08:00:00,1.489,1.5,1.455,1.455,426.89000000,1726487999999,633.77670000,27,46.26000000,68.34584000,0
2024-09-16 12:00:00,1.459,1.461,1.446,1.454,556.88000000,1726502399999,806.13993000,9,12.90000000,18.75815000,0
2024-09-16 16:00:00,1.449,1.454,1.449,1.449,139.84000000,1726516799999,202.64136000,4,2.64000000,3.83856000,0
2024-09-16 20:00:00,1.446,1.452,1.406,1.452,25284.66000000,1726531199999,36450.94738000,95,9985.87000000,14466.94958000,0
2024-09-17 00:00:00,1.453,1.458,1.441,1.441,41.07000000,1726545599999,59.65000000,11,27.51000000,40.02954000,0
2024-09-17 04:00:00,1.438,1.445,1.437,1.445,1398.07000000,1726559999999,2013.50173000,8,1398.07000000,2013.50173000,0
2024-09-17 08:00:00,1.443,1.451,1.443,1.451,2.49000000,1726574399999,3.60213000,3,0.41000000,0.59245000,0
2024-09-17 12:00:00,1.446,1.494,1.446,1.491,3751.02000000,1726588799999,5597.88114000,35,3731.63000000,5569.20931000,0
2024-09-17 16:00:00,1.497,1.497,1.446,1.446,100.73000000,1726603199999,147.11541000,22,21.70000000,31.76741000,0
2024-09-17 20:00:00,1.45,1.45,1.45,1.45,3.65000000,1726617599999,5.29250000,1,0.00000000,0.00000000,0
2024-09-18 00:00:00,1.447,1.462,1.436,1.459,131.91000000,1726631999999,190.16890000,17,63.63000000,91.85013000,0
2024-09-18 04:00:00,1.458,1.458,1.445,1.453,36.55000000,1726646399999,53.11141000,5,1.23000000,1.78719000,0
2024-09-18 08:00:00,1.453,1.453,1.419,1.434,635.68000000,1726660799999,908.76707000,26,63.35000000,90.65993000,0
2024-09-18 12:00:00,1.434,1.434,1.412,1.412,84.23000000,1726675199999,119.23465000,12,7.28000000,10.38173000,0
2024-09-18 16:00:00,1.411,1.474,1.411,1.456,318.68000000,1726689599999,460.46650000,39,181.79000000,262.04346000,0
2024-09-18 20:00:00,1.447,1.507,1.441,1.507,514.46000000,1726703999999,766.36655000,34,481.72000000,717.97935000,0
2024-09-19 00:00:00,1.506,1.566,1.506,1.555,1385.47000000,1726718399999,2137.78700000,68,1252.63000000,1934.36631000,0
2024-09-19 04:00:00,1.553,1.57,1.549,1.57,53.51000000,1726732799999,83.32819000,14,14.78000000,23.06154000,0
2024-09-19 08:00:00,1.572,1.582,1.564,1.566,262.95000000,1726747199999,412.34307000,17,57.35000000,90.50326000,0
2024-09-19 12:00:00,1.572,1.588,1.559,1.582,357.61000000,1726761599999,563.26669000,21,34.23000000,54.02839000,0
2024-09-19 16:00:00,1.586,1.647,1.586,1.625,5377.30000000,1726775999999,8702.99318000,89,5277.51000000,8540.50274000,0
2024-09-19 20:00:00,1.62,1.62,1.611,1.619,27.76000000,1726790399999,44.91409000,14,16.48000000,26.68552000,0
2024-09-20 00:00:00,1.619,1.64,1.586,1.638,1727.28000000,1726804799999,2779.46858000,68,867.04000000,1400.59693000,0
2024-09-20 04:00:00,1.642,1.687,1.642,1.681,1505.57000000,1726819199999,2510.27357000,75,701.03000000,1166.58159000,0
2024-09-20 08:00:00,1.681,1.681,1.661,1.662,190.38000000,1726833599999,318.54817000,30,145.63000000,243.71835000,0
2024-09-20 12:00:00,1.661,1.673,1.64,1.67,716.91000000,1726847999999,1183.84182000,58,128.25000000,213.16050000,0
2024-09-20 16:00:00,1.665,1.665,1.643,1.652,144.36000000,1726862399999,238.18320000,20,112.85000000,186.17200000,0
2024-09-20 20:00:00,1.653,1.677,1.653,1.677,173.85000000,1726876799999,289.65749000,26,54.18000000,90.38877000,0
2024-09-21 00:00:00,1.677,1.681,1.649,1.652,182.68000000,1726891199999,302.86627000,36,137.24000000,227.26663000,0
2024-09-21 04:00:00,1.653,1.659,1.634,1.658,198.08000000,1726905599999,326.04577000,30,52.85000000,86.91535000,0
2024-09-21 08:00:00,1.659,1.659,1.65,1.658,68.72000000,1726919999999,113.78010000,14,43.06000000,71.29800000,0
2024-09-21 12:00:00,1.659,1.713,1.656,1.704,936.41000000,1726934399999,1588.43233000,73,698.30000000,1188.76522000,0
2024-09-21 16:00:00,1.711,1.757,1.695,1.749,684.17000000,1726948799999,1182.48533000,68,369.56000000,637.32670000,0
2024-09-21 20:00:00,1.751,1.767,1.738,1.765,1283.83000000,1726963199999,2256.77180000,41,1178.45000000,2072.28609000,0
2024-09-22 00:00:00,1.767,1.811,1.711,1.717,658.28000000,1726977599999,1157.18050000,118,329.33000000,580.80997000,0
2024-09-22 04:00:00,1.719,1.73,1.712,1.717,81.32000000,1726991999999,140.01853000,19,24.10000000,41.48750000,0
2024-09-22 08:00:00,1.715,1.719,1.687,1.697,213.14000000,1727006399999,361.69843000,34,58.92000000,100.01854000,0
2024-09-22 12:00:00,1.698,1.705,1.675,1.68,65.44000000,1727020799999,110.32032000,26,40.87000000,68.84190000,0
2024-09-22 16:00:00,1.674,1.696,1.668,1.692,172.12000000,1727035199999,289.07383000,26,50.72000000,85.60891000,0
2024-09-22 20:00:00,1.692,1.705,1.65,1.691,393.58000000,1727049599999,660.71821000,67,174.75000000,294.84829000,0
2024-09-23 00:00:00,1.69,1.764,1.664,1.752,702.73000000,1727063999999,1216.88188000,94,554.11000000,961.77377000,0
2024-09-23 04:00:00,1.749,1.751,1.713,1.713,614.70000000,1727078399999,1058.18822000,44,513.74000000,883.86736000,0
2024-09-23 08:00:00,1.711,1.711,1.693,1.695,172.95000000,1727092799999,294.05427000,32,68.66000000,116.80815000,0
2024-09-23 12:00:00,1.699,1.71,1.686,1.71,298.21000000,1727107199999,506.63728000,27,142.11000000,241.57810000,0
2024-09-23 16:00:00,1.711,1.715,1.702,1.703,4285.68000000,1727121599999,7296.57239000,25,29.99000000,51.24258000,0
2024-09-23 20:00:00,1.7,1.702,1.69,1.702,16.87000000,1727135999999,28.62673000,8,6.34000000,10.76874000,0
2024-09-24 00:00:00,1.695,1.697,1.648,1.667,1481.03000000,1727150399999,2478.65584000,63,92.77000000,154.90182000,0
2024-09-24 04:00:00,1.67,1.682,1.658,1.676,609.36000000,1727164799999,1015.40763000,36,488.61000000,814.16467000,0
2024-09-24 08:00:00,1.685,1.689,1.677,1.68,66.32000000,1727179199999,111.51028000,15,25.50000000,42.89180000,0
2024-09-24 12:00:00,1.68,1.685,1.649,1.658,120.38000000,1727193599999,200.16932000,31,84.36000000,140.14346000,0
2024-09-24 16:00:00,1.661,1.716,1.661,1.716,308.86000000,1727207999999,521.82442000,53,154.62000000,262.58606000,0
2024-09-24 20:00:00,1.715,1.744,1.715,1.737,1541.88000000,1727222399999,2665.34290000,48,919.48000000,1594.25924000,0
2024-09-25 00:00:00,1.738,1.767,1.725,1.753,441.73000000,1727236799999,770.90047000,34,154.02000000,269.81151000,0
2024-09-25 04:00:00,1.747,1.747,1.706,1.714,749.34000000,1727251199999,1294.84854000,32,73.97000000,127.47021000,0
2024-09-25 08:00:00,1.716,1.732,1.713,1.732,45.78000000,1727265599999,78.88074000,12,9.60000000,16.54545000,0
2024-09-25 12:00:00,1.726,1.733,1.716,1.726,37.03000000,1727279999999,63.82913000,11,17.69000000,30.44066000,0
2024-09-25 16:00:00,1.721,1.721,1.69,1.705,245.35000000,1727294399999,417.03898000,29,102.30000000,173.82739000,0
2024-09-25 20:00:00,1.706,1.706,1.682,1.682,957.31000000,1727308799999,1614.63579000,16,26.42000000,44.60077000,0
2024-09-26 00:00:00,1.69,1.703,1.664,1.703,810.63000000,1727323199999,1367.81343000,33,662.47000000,1120.20624000,0
2024-09-26 04:00:00,1.706,1.742,1.703,1.734,599.54000000,1727337599999,1032.97623000,38,274.60000000,473.45475000,0
2024-09-26 08:00:00,1.74,1.758,1.74,1.745,340.00000000,1727351999999,594.71089000,20,88.30000000,154.65562000,0
2024-09-26 12:00:00,1.743,1.755,1.726,1.752,522.52000000,1727366399999,909.26760000,27,257.74000000,447.17381000,0
2024-09-26 16:00:00,1.758,1.776,1.739,1.743,1944.64000000,1727380799999,3399.81303000,44,273.09000000,482.96404000,0
2024-09-26 20:00:00,1.74,1.763,1.721,1.742,252.92000000,1727395199999,440.13829000,56,194.48000000,338.50802000,0
2024-09-27 00:00:00,1.747,1.78,1.747,1.779,330.99000000,1727409599999,584.23373000,45,270.10000000,476.89784000,0
2024-09-27 04:00:00,1.781,1.822,1.781,1.817,282.33000000,1727423999999,507.93823000,46,243.84000000,438.71931000,0
2024-09-27 08:00:00,1.819,1.863,1.795,1.848,8785.17000000,1727438399999,15880.55532000,88,532.38000000,978.68450000,0
2024-09-27 12:00:00,1.846,1.882,1.832,1.875,2114.47000000,1727452799999,3935.95117000,48,1052.31000000,1964.44696000,0
2024-09-27 16:00:00,1.882,1.928,1.867,1.899,1833.22000000,1727467199999,3476.58772000,110,837.94000000,1590.16961000,0
2024-09-27 20:00:00,1.899,1.912,1.898,1.903,1462.80000000,1727481599999,2784.85445000,20,45.41000000,86.57392000,0
2024-09-28 00:00:00,1.907,1.913,1.901,1.902,283.28000000,1727495999999,539.26250000,12,13.26000000,25.28693000,0
2024-09-28 04:00:00,1.901,1.905,1.865,1.867,290.02000000,1727510399999,546.12637000,43,68.00000000,127.82657000,0
2024-09-28 08:00:00,1.863,1.876,1.838,1.872,294.88000000,1727524799999,546.34669000,54,58.78000000,108.75289000,0
2024-09-28 12:00:00,1.873,1.896,1.865,1.892,193.60000000,1727539199999,364.70435000,36,62.51000000,117.88594000,0
2024-09-28 16:00:00,1.887,1.887,1.873,1.875,253.18000000,1727553599999,475.18000000,22,233.44000000,438.13166000,0
2024-09-28 20:00:00,1.878,1.878,1.853,1.873,115.88000000,1727567999999,215.96556000,34,45.64000000,85.09549000,0
2024-09-29 00:00:00,1.876,1.887,1.866,1.886,105.73000000,1727582399999,198.65313000,30,36.76000000,68.88320000,0
2024-09-29 04:00:00,1.884,1.884,1.842,1.842,186.34000000,1727596799999,347.79273000,30,73.91000000,137.58568000,0
2024-09-29 08:00:00,1.845,1.872,1.839,1.856,373.85000000,1727611199999,696.89127000,42,207.92000000,387.07138000,0
2024-09-29 12:00:00,1.855,1.862,1.84,1.862,172.02000000,1727625599999,319.42253000,30,108.15000000,200.80652000,0
2024-09-29 16:00:00,1.863,1.901,1.86,1.901,249.44000000,1727639999999,470.54418000,41,81.75000000,154.46887000,0
2024-09-29 20:00:00,1.9,1.917,1.886,1.894,162.80000000,1727654399999,310.41375000,34,116.44000000,222.32298000,0
2024-09-30 00:00:00,1.897,1.912,1.822,1.835,2378.11000000,1727668799999,4488.62384000,110,151.85000000,283.01626000,0
2024-09-30 04:00:00,1.832,1.882,1.819,1.866,402.30000000,1727683199999,747.01385000,65,265.49000000,492.87872000,0
2024-09-30 08:00:00,1.859,1.859,1.807,1.817,279.05000000,1727697599999,510.62019000,52,84.04000000,153.78096000,0
2024-09-30 12:00:00,1.819,1.834,1.772,1.772,1520.79000000,1727711999999,2720.02674000,54,225.04000000,407.57566000,0
2024-09-30 16:00:00,1.774,1.783,1.766,1.776,283.51000000,1727726399999,503.10209000,28,160.71000000,285.86554000,0
2024-09-30 20:00:00,1.784,1.794,1.741,1.752,1604.77000000,1727740799999,2866.84640000,59,1412.26000000,2528.20916000,0
2024-10-01 00:00:00,1.755,1.813,1.755,1.813,453.61000000,1727755199999,811.48370000,61,274.84000000,492.78373000,0
2024-10-01 04:00:00,1.813,1.875,1.813,1.87,709.93000000,1727769599999,1316.57124000,72,435.16000000,806.33057000,0
2024-10-01 08:00:00,1.866,1.866,1.851,1.853,96.75000000,1727783999999,179.61720000,23,64.45000000,119.65537000,0
2024-10-01 12:00:00,1.858,1.858,1.689,1.741,12795.21000000,1727798399999,22719.55896000,208,3896.86000000,6919.75390000,0
2024-10-01 16:00:00,1.732,1.735,1.608,1.66,2870.97000000,1727812799999,4787.00468000,178,1289.07000000,2148.64627000,0
2024-10-01 20:00:00,1.656,1.677,1.631,1.66,2401.47000000,1727827199999,3961.38024000,52,1225.06000000,2036.35424000,0
2024-10-02 00:00:00,1.666,1.704,1.651,1.693,299.28000000,1727841599999,503.53339000,47,155.36000000,261.45190000,0
2024-10-02 04:00:00,1.69,1.7,1.673,1.693,183.84000000,1727855999999,310.13061000,36,71.18000000,120.02614000,0
2024-10-02 08:00:00,1.69,1.691,1.649,1.665,1231.80000000,1727870399999,2039.62467000,58,148.64000000,247.82405000,0
2024-10-02 12:00:00,1.66,1.671,1.625,1.667,323.15000000,1727884799999,531.81167000,63,114.77000000,188.86079000,0
2024-10-02 16:00:00,1.673,1.684,1.572,1.594,2376.00000000,1727899199999,3840.85009000,92,920.72000000,1476.45752000,0
2024-10-02 20:00:00,1.592,1.603,1.577,1.589,1047.50000000,1727913599999,1667.26910000,39,1006.84000000,1602.64749000,0
2024-10-03 00:00:00,1.586,1.61,1.568,1.61,1137.48000000,1727927999999,1786.94313000,40,66.90000000,106.71567000,0
2024-10-03 04:00:00,1.606,1.614,1.566,1.566,132.37000000,1727942399999,210.18019000,39,80.55000000,127.88501000,0
2024-10-03 08:00:00,1.563,1.563,1.52,1.544,510.66000000,1727956799999,786.25664000,60,105.79000000,163.00702000,0
2024-10-03 12:00:00,1.545,1.545,1.477,1.504,1549.33000000,1727971199999,2343.79651000,88,151.56000000,228.46385000,0
2024-10-03 16:00:00,1.51,1.521,1.489,1.516,651.08000000,1727985599999,984.98609000,48,578.59000000,875.87655000,0
2024-10-03 20:00:00,1.516,1.525,1.509,1.523,517.79000000,1727999999999,783.63816000,21,25.78000000,39.08208000,0
2024-10-04 00:00:00,1.526,1.546,1.516,1.54,293.89000000,1728014399999,449.68702000,32,138.72000000,212.83681000,0
2024-10-04 04:00:00,1.541,1.56,1.541,1.553,133.14000000,1728028799999,206.54742000,25,81.11000000,125.84619000,0
2024-10-04 08:00:00,1.553,1.565,1.553,1.556,288.47000000,1728043199999,450.00606000,26,183.98000000,287.16290000,0
2024-10-04 12:00:00,1.557,1.577,1.549,1.577,957.91000000,1728057599999,1499.93580000,39,113.52000000,177.87342000,0
2024-10-04 16:00:00,1.579,1.622,1.579,1.619,346.65000000,1728071999999,555.81084000,47,267.00000000,428.69308000,0
2024-10-04 20:00:00,1.618,1.618,1.6,1.602,55.85000000,1728086399999,89.86253000,20,29.96000000,48.20101000,0
2024-10-05 00:00:00,1.61,1.614,1.58,1.589,85.10000000,1728100799999,135.70519000,27,51.73000000,82.34940000,0
2024-10-05 04:00:00,1.586,1.623,1.586,1.616,293.19000000,1728115199999,472.81727000,33,189.83000000,306.82866000,0
2024-10-05 08:00:00,1.621,1.636,1.616,1.627,84.73000000,1728129599999,137.59345000,21,44.94000000,73.05214000,0
2024-10-05 12:00:00,1.631,1.639,1.616,1.619,746.45000000,1728143999999,1213.52446000,34,475.13000000,769.52384000,0
2024-10-05 16:00:00,1.616,1.616,1.59,1.59,270.36000000,1728158399999,433.42546000,46,203.51000000,326.37660000,0
2024-10-05 20:00:00,1.587,1.595,1.574,1.589,218.13000000,1728172799999,345.25746000,35,65.57000000,103.91938000,0
2024-10-06 00:00:00,1.589,1.603,1.586,1.586,84.92000000,1728187199999,135.49142000,26,53.05000000,84.62017000,0
2024-10-06 04:00:00,1.584,1.589,1.579,1.584,62.03000000,1728201599999,98.17192000,18,25.01000000,39.58714000,0
2024-10-06 08:00:00,1.585,1.598,1.584,1.596,68.91000000,1728215999999,109.56975000,21,25.84000000,41.07340000,0
2024-10-06 12:00:00,1.601,1.644,1.594,1.644,1648.12000000,1728230399999,2664.20700000,51,1560.96000000,2523.14614000,0
2024-10-06 16:00:00,1.635,1.65,1.63,1.645,63.82000000,1728244799999,104.83703000,21,29.88000000,49.14145000,0
2024-10-06 20:00:00,1.644,1.681,1.64,1.678,590.25000000,1728259199999,984.59800000,41,487.67000000,814.80147000,0
2024-10-07 00:00:00,1.68,1.729,1.677,1.702,673.54000000,1728273599999,1149.65913000,84,469.61000000,800.70425000,0
2024-10-07 04:00:00,1.699,1.704,1.686,1.699,243.66000000,1728287999999,414.32735000,19,198.80000000,338.45027000,0
2024-10-07 08:00:00,1.7,1.7,1.64,1.671,703.51000000,1728302399999,1170.90034000,96,274.65000000,459.07440000,0
2024-10-07 12:00:00,1.67,1.72,1.668,1.7,739.29000000,1728316799999,1256.23339000,71,525.84000000,894.29723000,0
2024-10-07 16:00:00,1.696,1.717,1.686,1.699,975.75000000,1728331199999,1666.30079000,39,572.41000000,978.12801000,0
2024-10-07 20:00:00,1.706,1.706,1.665,1.667,243.18000000,1728345599999,407.57646000,40,41.62000000,69.86654000,0
2024-10-08 00:00:00,1.671,1.702,1.669,1.695,363.94000000,1728359999999,610.53291000,27,130.55000000,219.76597000,0
2024-10-08 04:00:00,1.7,1.702,1.633,1.639,600.09000000,1728374399999,995.43519000,107,254.03000000,423.58724000,0
2024-10-08 08:00:00,1.636,1.653,1.636,1.65,51.79000000,1728388799999,85.24509000,25,23.11000000,38.13012000,0
2024-10-08 12:00:00,1.649,1.655,1.595,1.611,886.30000000,1728403199999,1434.72072000,66,107.53000000,175.77991000,0
2024-10-08 16:00:00,1.61,1.637,1.604,1.632,267.91000000,1728417599999,432.53783000,31,58.81000000,95.61102000,0
2024-10-08 20:00:00,1.632,1.649,1.623,1.632,132.26000000,1728431999999,216.13319000,29,63.64000000,104.08034000,0
2024-10-09 00:00:00,1.635,1.664,1.629,1.645,316.61000000,1728446399999,522.57862000,49,225.27000000,372.47756000,0
2024-10-09 04:00:00,1.643,1.654,1.633,1.639,84.71000000,1728460799999,139.44982000,18,37.36000000,61.61305000,0
2024-10-09 08:00:00,1.637,1.64,1.63,1.631,63.27000000,1728475199999,103.45537000,17,30.21000000,49.41869000,0
2024-10-09 12:00:00,1.635,1.654,1.608,1.651,488.20000000,1728489599999,797.32184000,51,221.27000000,362.72354000,0
2024-10-09 16:00:00,1.642,1.642,1.549,1.557,792.03000000,1728503999999,1251.59892000,96,152.82000000,243.51996000,0
2024-10-09 20:00:00,1.544,1.544,1.521,1.533,833.35000000,1728518399999,1276.00819000,29,657.60000000,1007.63419000,0
2024-10-10 00:00:00,1.533,1.552,1.528,1.547,1253.47000000,1728532799999,1926.32713000,27,331.61000000,511.00544000,0
2024-10-10 04:00:00,1.546,1.557,1.545,1.546,89.55000000,1728547199999,138.79478000,18,65.97000000,102.27907000,0
2024-10-10 08:00:00,1.544,1.544,1.512,1.534,213.36000000,1728561599999,325.09600000,43,74.98000000,114.33232000,0
2024-10-10 12:00:00,1.535,1.537,1.505,1.515,703.55000000,1728575999999,1061.95241000,40,616.68000000,930.53241000,0
2024-10-10 16:00:00,1.516,1.53,1.491,1.512,10656.54000000,1728590399999,16101.71856000,78,9363.60000000,14157.52231000,0
2024-10-10 20:00:00,1.516,1.551,1.516,1.55,243.76000000,1728604799999,373.76118000,36,176.60000000,270.91486000,0
2024-10-11 00:00:00,1.553,1.576,1.549,1.572,2116.72000000,1728619199999,3297.28164000,41,226.42000000,353.63368000,0
2024-10-11 04:00:00,1.577,1.582,1.57,1.572,64.39000000,1728633599999,101.43732000,19,41.50000000,65.40578000,0
2024-10-11 08:00:00,1.571,1.594,1.571,1.592,166.94000000,1728647999999,265.21959000,28,135.18000000,214.95911000,0
2024-10-11 12:00:00,1.596,1.677,1.596,1.669,879.91000000,1728662399999,1441.64861000,84,638.34000000,1044.44117000,0
2024-10-11 16:00:00,1.675,1.708,1.674,1.705,9008.70000000,1728676799999,15311.52330000,84,312.15000000,528.88813000,0
2024-10-11 20:00:00,1.706,1.714,1.692,1.694,1425.55000000,1728691199999,2426.94768000,40,409.94000000,698.50949000,0
2024-10-12 00:00:00,1.7,1.716,1.697,1.706,258.80000000,1728705599999,442.67539000,29,217.43000000,372.10753000,0
2024-10-12 04:00:00,1.703,1.737,1.703,1.735,194.79000000,1728719999999,336.04016000,43,128.53000000,222.10003000,0
2024-10-12 08:00:00,1.738,1.749,1.717,1.72,313.63000000,1728734399999,544.57394000,47,220.60000000,383.56880000,0
2024-10-12 12:00:00,1.722,1.729,1.717,1.722,214.28000000,1728748799999,368.91828000,17,128.67000000,221.58294000,0
2024-10-12 16:00:00,1.726,1.726,1.709,1.713,75.62000000,1728763199999,129.80490000,17,25.29000000,43.39488000,0
2024-10-12 20:00:00,1.715,1.72,1.714,1.714,130.13000000,1728777599999,223.30674000,17,30.68000000,52.65337000,0
2024-10-13 00:00:00,1.716,1.717,1.689,1.69,773.52000000,1728791999999,1315.59171000,37,51.30000000,87.15149000,0
2024-10-13 04:00:00,1.69,1.699,1.69,1.693,57.48000000,1728806399999,97.35177000,14,25.65000000,43.46214000,0
2024-10-13 08:00:00,1.695,1.698,1.685,1.685,57.51000000,1728820799999,97.21609000,16,22.24000000,37.63708000,0
2024-10-13 12:00:00,1.69,1.695,1.663,1.663,378.48000000,1728835199999,636.77818000,35,169.66000000,286.75725000,0
2024-10-13 16:00:00,1.666,1.68,1.659,1.665,256.74000000,1728849599999,428.70746000,34,142.67000000,238.28292000,0
2024-10-13 20:00:00,1.661,1.711,1.661,1.705,344.96000000,1728863999999,584.11474000,51,212.90000000,360.26282000,0
2024-10-14 00:00:00,1.71,1.767,1.692,1.763,852.94000000,1728878399999,1472.56046000,92,635.63000000,1099.37775000,0
2024-10-14 04:00:00,1.768,1.773,1.738,1.765,204.21000000,1728892799999,358.85750000,48,96.44000000,169.90967000,0
2024-10-14 08:00:00,1.758,1.763,1.745,1.759,100.38000000,1728907199999,175.92414000,25,67.28000000,117.82943000,0
2024-10-14 12:00:00,1.763,1.801,1.754,1.796,1450.90000000,1728921599999,2568.93279000,61,889.50000000,1573.86771000,0
2024-10-14 16:00:00,1.795,1.797,1.773,1.784,131.10000000,1728935999999,234.04633000,33,67.18000000,120.14042000,0
2024-10-14 20:00:00,1.774,1.786,1.761,1.782,331.56000000,1728950399999,589.63182000,33,57.92000000,103.10016000,0
2024-10-15 00:00:00,1.786,1.791,1.751,1.773,1003.11000000,1728964799999,1792.59292000,48,923.32000000,1652.03962000,0
2024-10-15 04:00:00,1.758,1.774,1.748,1.761,238.56000000,1728979199999,420.53190000,40,143.81000000,254.11025000,0
2024-10-15 08:00:00,1.768,1.781,1.719,1.738,374.78000000,1728993599999,653.18754000,66,97.11000000,170.39616000,0
2024-10-15 12:00:00,1.743,1.814,1.693,1.73,2569.71000000,1729007999999,4487.73799000,180,1863.58000000,3260.06974000,0
2024-10-15 16:00:00,1.721,1.755,1.721,1.73,295.75000000,1729022399999,513.64193000,46,166.48000000,290.13456000,0
2024-10-15 20:00:00,1.729,1.731,1.698,1.728,678.28000000,1729036799999,1154.48309000,45,73.35000000,125.70413000,0
2024-10-16 00:00:00,1.729,1.747,1.725,1.737,230.75000000,1729051199999,401.09891000,25,108.97000000,190.10473000,0
2024-10-16 04:00:00,1.747,1.753,1.731,1.746,258.59000000,1729065599999,450.91043000,28,49.09000000,85.70457000,0
2024-10-16 08:00:00,1.747,1.774,1.722,1.756,301.52000000,1729079999999,528.06953000,58,209.93000000,368.59102000,0
2024-10-16 12:00:00,1.763,1.763,1.716,1.726,287.59000000,1729094399999,498.68501000,65,131.18000000,227.93895000,0
2024-10-16 16:00:00,1.741,1.741,1.703,1.734,271.19000000,1729108799999,466.07608000,56,129.05000000,222.85821000,0
2024-10-16 20:00:00,1.721,1.785,1.703,1.762,711.82000000,1729123199999,1247.42548000,77,287.02000000,505.96637000,0
2024-10-17 00:00:00,1.759,1.763,1.722,1.742,826.50000000,1729137599999,1442.47661000,35,36.34000000,63.54155000,0
2024-10-17 04:00:00,1.734,1.752,1.716,1.731,176.76000000,1729151999999,306.35099000,38,65.92000000,114.85762000,0
2024-10-17 08:00:00,1.721,1.744,1.682,1.695,434.65000000,1729166399999,741.93668000,65,99.91000000,172.17650000,0
2024-10-17 12:00:00,1.69,1.708,1.68,1.706,202.43000000,1729180799999,342.83408000,30,102.49000000,173.66943000,0
2024-10-17 16:00:00,1.695,1.715,1.654,1.672,795.22000000,1729195199999,1324.70299000,62,144.06000000,243.40905000,0
2024-10-17 20:00:00,1.68,1.689,1.67,1.67,66.65000000,1729209599999,111.98463000,19,44.30000000,74.51404000,0
2024-10-18 00:00:00,1.674,1.707,1.661,1.678,307.90000000,1729223999999,520.73936000,50,185.28000000,314.15470000,0
2024-10-18 04:00:00,1.685,1.706,1.683,1.704,74.60000000,1729238399999,126.45836000,22,31.38000000,53.27990000,0
2024-10-18 08:00:00,1.708,1.71,1.686,1.71,79.60000000,1729252799999,135.13531000,18,49.47000000,84.12668000,0
2024-10-18 12:00:00,1.695,1.715,1.677,1.715,237.23000000,1729267199999,402.99565000,54,170.39000000,290.19542000,0
2024-10-18 16:00:00,1.706,1.734,1.7,1.733,373.60000000,1729281599999,642.29605000,61,299.49000000,514.99505000,0
2024-10-18 20:00:00,1.731,1.731,1.7,1.716,140.38000000,1729295999999,240.49289000,40,74.97000000,128.77129000,0
2024-10-19 00:00:00,1.721,1.732,1.712,1.732,360.37000000,1729310399999,619.94093000,23,201.17000000,346.99880000,0
2024-10-19 04:00:00,1.729,1.731,1.72,1.721,176.33000000,1729324799999,303.56719000,19,154.32000000,265.61067000,0
2024-10-19 08:00:00,1.716,1.722,1.686,1.689,129.86000000,1729339199999,220.45292000,28,57.64000000,98.07096000,0
2024-10-19 12:00:00,1.694,1.7,1.689,1.697,90.79000000,1729353599999,153.93434000,17,64.62000000,109.55478000,0
2024-10-19 16:00:00,1.694,1.701,1.677,1.685,841.40000000,1729367999999,1418.10233000,33,42.95000000,72.69107000,0
2024-10-19 20:00:00,1.677,1.695,1.676,1.695,132.83000000,1729382399999,224.06755000,40,23.53000000,39.78948000,0
2024-10-20 00:00:00,1.692,1.694,1.673,1.682,164.60000000,1729396799999,277.11886000,35,99.22000000,167.06017000,0
2024-10-20 04:00:00,1.679,1.694,1.668,1.691,239.81000000,1729411199999,402.04592000,40,69.24000000,116.60022000,0
2024-10-20 08:00:00,1.691,1.701,1.685,1.701,67.37000000,1729425599999,114.18054000,20,35.99000000,61.02655000,0
2024-10-20 12:00:00,1.704,1.804,1.702,1.782,4109.58000000,1729439999999,7147.09790000,168,3713.54000000,6447.21067000,0
2024-10-20 16:00:00,1.783,1.783,1.761,1.763,126.84000000,1729454399999,224.66097000,26,41.35000000,73.28835000,0
2024-10-20 20:00:00,1.767,1.811,1.766,1.808,217.56000000,1729468799999,391.15771000,49,140.99000000,253.78964000,0
2024-10-21 00:00:00,1.808,1.832,1.796,1.796,649.19000000,1729483199999,1179.58016000,83,437.24000000,795.32627000,0
2024-10-21 04:00:00,1.793,1.813,1.789,1.793,167.91000000,1729497599999,302.57789000,37,98.49000000,177.97166000,0
2024-10-21 08:00:00,1.788,1.788,1.757,1.761,308.27000000,1729511999999,545.33972000,42,49.14000000,86.83578000,0
2024-10-21 12:00:00,1.763,1.763,1.718,1.731,1214.58000000,1729526399999,2095.56501000,73,88.54000000,153.51479000,0
2024-10-21 16:00:00,1.728,1.728,1.705,1.728,261.24000000,1729540799999,449.15300000,36,162.76000000,280.13905000,0
2024-10-21 20:00:00,1.728,1.734,1.721,1.722,47.40000000,1729555199999,81.90633000,11,27.07000000,46.79790000,0
2024-10-22 00:00:00,1.718,1.741,1.695,1.734,3788.03000000,1729569599999,6453.66046000,65,833.39000000,1417.87875000,0
2024-10-22 04:00:00,1.731,1.747,1.728,1.734,248.31000000,1729583999999,432.81308000,22,217.79000000,379.81884000,0
2024-10-22 08:00:00,1.731,1.741,1.705,1.731,178.72000000,1729598399999,308.07211000,46,78.85000000,136.15505000,0
2024-10-22 12:00:00,1.734,1.734,1.697,1.705,308.09000000,1729612799999,526.28423000,70,100.31000000,171.59436000,0
2024-10-22 16:00:00,1.704,1.705,1.678,1.699,229.81000000,1729627199999,388.80310000,44,55.98000000,94.84282000,0
2024-10-22 20:00:00,1.696,1.712,1.695,1.699,930.39000000,1729641599999,1583.89939000,21,353.78000000,604.17624000,0
2024-10-23 00:00:00,1.702,1.708,1.693,1.699,224.73000000,1729655999999,381.39725000,18,195.82000000,332.27940000,0
2024-10-23 04:00:00,1.702,1.715,1.696,1.696,3388.55000000,1729670399999,5767.40095000,35,3347.34000000,5697.28046000,0
2024-10-23 08:00:00,1.693,1.712,1.674,1.694,333.48000000,1729684799999,565.48209000,57,208.38000000,354.49153000,0
2024-10-23 12:00:00,1.699,1.728,1.69,1.702,206.96000000,1729699199999,353.96104000,58,106.86000000,183.02666000,0
2024-10-23 16:00:00,1.705,1.731,1.659,1.727,653.47000000,1729713599999,1105.99048000,122,360.67000000,614.29997000,0
2024-10-23 20:00:00,1.728,1.734,1.708,1.721,413.48000000,1729727999999,708.49491000,31,42.89000000,73.75201000,0
2024-10-24 00:00:00,1.724,1.747,1.721,1.721,411.83000000,1729742399999,714.50769000,45,347.84000000,603.73064000,0
2024-10-24 04:00:00,1.718,1.731,1.702,1.702,151.75000000,1729756799999,259.25967000,21,23.50000000,40.41481000,0
2024-10-24 08:00:00,1.699,1.7,1.672,1.694,193.88000000,1729771199999,326.84810000,44,74.10000000,124.92774000,0
2024-10-24 12:00:00,1.696,1.701,1.685,1.691,104.07000000,1729785599999,176.32488000,18,58.22000000,98.78268000,0
2024-10-24 16:00:00,1.685,1.701,1.68,1.701,313.62000000,1729799999999,528.21761000,15,42.29000000,71.54544000,0
2024-10-24 20:00:00,1.706,1.725,1.702,1.703,93.20000000,1729814399999,159.57013000,16,51.20000000,87.81421000,0
2024-10-25 00:00:00,1.711,1.737,1.701,1.73,172.21000000,1729828799999,297.06021000,25,134.61000000,232.50326000,0
2024-10-25 04:00:00,1.727,1.727,1.671,1.68,1051.26000000,1729843199999,1802.26710000,42,370.30000000,636.85363000,0
2024-10-25 08:00:00,1.675,1.725,1.67,1.716,450.21000000,1729857599999,771.81714000,35,407.75000000,699.81265000,0
2024-10-25 12:00:00,1.722,1.732,1.69,1.69,202.20000000,1729871999999,346.11827000,30,92.07000000,158.54814000,0
2024-10-25 16:00:00,1.689,1.707,1.633,1.64,4299.03000000,1729886399999,7092.24994000,89,3372.73000000,5553.40016000,0
2024-10-25 20:00:00,1.645,1.65,1.499,1.558,1405.88000000,1729900799999,2201.05526000,127,211.01000000,330.11641000,0
2024-10-26 00:00:00,1.558,1.592,1.543,1.581,665.44000000,1729915199999,1045.51257000,40,550.82000000,865.91087000,0
2024-10-26 04:00:00,1.577,1.594,1.577,1.585,53.86000000,1729929599999,85.50294000,10,39.57000000,62.89507000,0
2024-10-26 08:00:00,1.591,1.596,1.588,1.591,22.56000000,1729943999999,35.91410000,4,12.70000000,20.23740000,0
2024-10-26 12:00:00,1.596,1.596,1.541,1.548,580.23000000,1729958399999,913.39362000,31,328.82000000,521.33792000,0
2024-10-26 16:00:00,1.553,1.567,1.551,1.567,29.02000000,1729972799999,45.25697000,6,25.96000000,40.49714000,0
2024-10-26 20:00:00,1.571,1.579,1.562,1.562,50.41000000,1729987199999,79.22343000,8,28.72000000,45.22592000,0
2024-10-27 00:00:00,1.565,1.594,1.558,1.577,581.99000000,1730001599999,916.60490000,27,507.99000000,800.41088000,0
2024-10-27 04:00:00,1.572,1.582,1.572,1.582,22.62000000,1730015999999,35.67428000,5,13.42000000,21.19014000,0
2024-10-27 08:00:00,1.582,1.582,1.561,1.567,103.51000000,1730030399999,163.10069000,12,76.59000000,120.85025000,0
2024-10-27 12:00:00,1.572,1.586,1.572,1.585,82.65000000,1730044799999,130.72144000,13,65.95000000,104.34334000,0
2024-10-27 16:00:00,1.591,1.598,1.581,1.586,149.93000000,1730059199999,237.99434000,13,126.89000000,201.43321000,0
2024-10-27 20:00:00,1.581,1.604,1.581,1.596,153.18000000,1730073599999,243.21451000,12,78.48000000,124.97293000,0
2024-10-28 00:00:00,1.591,1.591,1.553,1.554,764.46000000,1730087999999,1212.20059000,26,231.40000000,367.25205000,0
2024-10-28 04:00:00,1.551,1.594,1.538,1.588,438.98000000,1730102399999,687.25909000,41,282.60000000,444.76080000,0
2024-10-28 08:00:00,1.596,1.62,1.594,1.61,129.38000000,1730116799999,207.86872000,27,92.20000000,148.22265000,0
2024-10-28 12:00:00,1.606,1.61,1.548,1.548,1485.43000000,1730131199999,2363.64196000,58,1000.48000000,1605.01422000,0
2024-10-28 16:00:00,1.547,1.567,1.539,1.562,233.05000000,1730145599999,361.93558000,38,132.28000000,205.77345000,0
2024-10-28 20:00:00,1.567,1.638,1.567,1.619,1141.65000000,1730159999999,1812.24785000,57,447.52000000,717.75397000,0
2024-10-29 00:00:00,1.616,1.68,1.616,1.67,793.03000000,1730174399999,1310.74750000,48,741.25000000,1225.18176000,0
2024-10-29 04:00:00,1.665,1.67,1.665,1.67,7.89000000,1730188799999,13.16855000,2,6.34000000,10.58780000,0
2024-10-29 08:00:00,1.675,1.706,1.675,1.691,549.13000000,1730203199999,927.11328000,30,507.54000000,856.79961000,0
2024-10-29 12:00:00,1.685,1.698,1.675,1.695,401.22000000,1730217599999,676.59072000,31,148.49000000,251.31331000,0
2024-10-29 16:00:00,1.701,1.727,1.696,1.7,467.91000000,1730231999999,801.23116000,63,266.33000000,456.38144000,0
2024-10-29 20:00:00,1.692,1.701,1.681,1.701,75.51000000,1730246399999,127.71988000,14,30.50000000,51.60418000,0
2024-10-30 00:00:00,1.696,1.711,1.677,1.706,323.22000000,1730260799999,544.71305000,26,81.69000000,138.51191000,0
2024-10-30 04:00:00,1.701,1.735,1.696,1.717,210.26000000,1730275199999,362.81150000,27,173.05000000,298.85113000,0
2024-10-30 08:00:00,1.727,1.743,1.707,1.714,179.48000000,1730289599999,309.70539000,32,95.69000000,165.71524000,0
2024-10-30 12:00:00,1.711,1.793,1.708,1.759,4026.71000000,1730303999999,7092.18129000,101,3714.53000000,6544.12155000,0
2024-10-30 16:00:00,1.753,1.753,1.732,1.736,231.41000000,1730318399999,402.42521000,21,47.21000000,82.40037000,0
2024-10-30 20:00:00,1.737,1.737,1.717,1.722,158.19000000,1730332799999,273.03856000,27,53.63000000,92.75699000,0
2024-10-31 00:00:00,1.716,1.716,1.696,1.703,257.91000000,1730347199999,439.26325000,31,41.96000000,71.55826000,0
2024-10-31 04:00:00,1.696,1.696,1.671,1.679,166.24000000,1730361599999,279.24548000,16,10.87000000,18.31634000,0
2024-10-31 08:00:00,1.67,1.675,1.662,1.67,111.57000000,1730375999999,186.17240000,17,31.83000000,53.17309000,0
2024-10-31 12:00:00,1.665,1.665,1.632,1.65,539.31000000,1730390399999,886.47670000,36,84.65000000,139.62029000,0
2024-10-31 16:00:00,1.645,1.645,1.599,1.599,1370.32000000,1730404799999,2237.32665000,39,1030.34000000,1685.94058000,0
2024-10-31 20:00:00,1.606,1.615,1.599,1.61,257.42000000,1730419199999,414.15895000,14,34.68000000,55.78580000,0
2024-11-01 00:00:00,1.615,1.616,1.583,1.606,220.58000000,1730433599999,353.00864000,36,93.13000000,149.58675000,0
2024-11-01 04:00:00,1.601,1.601,1.574,1.586,158.13000000,1730447999999,250.29821000,17,19.76000000,31.28029000,0
2024-11-01 08:00:00,1.587,1.601,1.586,1.599,33.73000000,1730462399999,53.77868000,9,18.64000000,29.74058000,0
2024-11-01 12:00:00,1.596,1.64,1.558,1.572,608.52000000,1730476799999,969.52218000,80,226.49000000,365.13147000,0
2024-11-01 16:00:00,1.577,1.591,1.55,1.553,712.25000000,1730491199999,1113.62212000,42,114.43000000,180.36082000,0
2024-11-01 20:00:00,1.548,1.553,1.511,1.52,987.29000000,1730505599999,1505.65011000,41,698.94000000,1065.18221000,0
2024-11-02 00:00:00,1.525,1.529,1.51,1.51,163.69000000,1730519999999,249.55133000,12,25.59000000,39.05578000,0
2024-11-02 04:00:00,1.508,1.508,1.493,1.506,181.18000000,1730534399999,271.37712000,17,38.34000000,57.54368000,0
2024-11-02 08:00:00,1.511,1.52,1.479,1.483,7205.63000000,1730548799999,10760.51112000,49,5637.56000000,8417.42148000,0
2024-11-02 12:00:00,1.483,1.483,1.438,1.452,405.85000000,1730563199999,590.81227000,35,53.05000000,77.05216000,0
2024-11-02 16:00:00,1.448,1.448,1.426,1.441,1430.32000000,1730577599999,2048.50566000,37,875.23000000,1253.44193000,0
2024-11-02 20:00:00,1.444,1.455,1.443,1.452,93.58000000,1730591999999,135.55682000,11,65.04000000,94.32860000,0
2024-11-03 00:00:00,1.457,1.466,1.405,1.444,492.54000000,1730606399999,702.15534000,50,144.17000000,206.87821000,0
2024-11-03 04:00:00,1.448,1.46,1.426,1.426,345.59000000,1730620799999,501.62993000,21,276.03000000,401.60022000,0
2024-11-03 08:00:00,1.431,1.435,1.412,1.412,211.19000000,1730635199999,299.48672000,17,25.29000000,36.15336000,0
2024-11-03 12:00:00,1.405,1.405,1.355,1.384,738.20000000,1730649599999,1015.50635000,63,143.10000000,196.01470000,0
2024-11-03 16:00:00,1.388,1.431,1.385,1.426,431.94000000,1730663999999,608.55551000,38,362.93000000,511.69192000,0
2024-11-03 20:00:00,1.431,1.448,1.431,1.435,88.85000000,1730678399999,127.97067000,14,54.90000000,79.09650000,0
2024-11-04 00:00:00,1.431,1.439,1.412,1.412,340.75000000,1730692799999,485.76887000,25,239.57000000,341.77141000,0
2024-11-04 04:00:00,1.411,1.411,1.378,1.378,248.11000000,1730707199999,345.98347000,22,16.65000000,23.21475000,0
2024-11-04 08:00:00,1.384,1.396,1.371,1.388,240.79000000,1730721599999,332.13668000,22,175.05000000,241.29857000,0
2024-11-04 12:00:00,1.392,1.396,1.359,1.359,253.79000000,1730735999999,348.44233000,25,49.97000000,69.31120000,0
2024-11-04 16:00:00,1.355,1.359,1.334,1.338,278.07000000,1730750399999,372.64388000,21,11.85000000,15.90725000,0
2024-11-04 20:00:00,1.342,1.346,1.313,1.342,331.45000000,1730764799999,441.99198000,33,207.48000000,277.42657000,0
2024-11-05 00:00:00,1.346,1.371,1.346,1.371,197.43000000,1730779199999,268.52191000,25,153.88000000,209.33617000,0
2024-11-05 04:00:00,1.373,1.43,1.373,1.388,899.50000000,1730793599999,1256.83328000,47,633.92000000,884.36575000,0
2024-11-05 08:00:00,1.392,1.392,1.384,1.388,42.32000000,1730807999999,58.75032000,5,16.04000000,22.29556000,0
2024-11-05 12:00:00,1.392,1.439,1.392,1.418,358.76000000,1730822399999,510.86134000,33,283.95000000,404.28407000,0
2024-11-05 16:00:00,1.426,1.431,1.396,1.396,173.50000000,1730836799999,245.31426000,17,63.73000000,90.34842000,0
2024-11-05 20:00:00,1.401,1.422,1.401,1.417,98.39000000,1730851199999,139.21945000,11,59.63000000,84.28869000,0
2024-11-06 00:00:00,1.422,1.524,1.422,1.488,852.58000000,1730865599999,1261.02167000,82,623.74000000,921.36871000,0
2024-11-06 04:00:00,1.493,1.538,1.484,1.506,563.98000000,1730879999999,854.88395000,66,359.31000000,545.98412000,0
2024-11-06 08:00:00,1.502,1.52,1.475,1.516,318.03000000,1730894399999,475.74840000,38,121.90000000,182.83998000,0
2024-11-06 12:00:00,1.525,1.548,1.518,1.534,748.79000000,1730908799999,1152.91406000,37,647.45000000,997.98734000,0
2024-11-06 16:00:00,1.539,1.573,1.539,1.572,585.54000000,1730923199999,912.56288000,35,544.29000000,848.58823000,0
2024-11-06 20:00:00,1.577,1.63,1.577,1.604,1651.24000000,1730937599999,2639.08616000,76,1329.84000000,2124.94786000,0
2024-11-07 00:00:00,1.597,1.691,1.58,1.675,1225.99000000,1730951999999,2007.64861000,130,906.72000000,1491.20724000,0
2024-11-07 04:00:00,1.67,1.67,1.61,1.625,481.81000000,1730966399999,787.65999000,58,62.78000000,102.60515000,0
2024-11-07 08:00:00,1.615,1.635,1.586,1.586,207.15000000,1730980799999,332.77689000,38,44.61000000,72.15987000,0
2024-11-07 12:00:00,1.591,1.606,1.547,1.601,727.10000000,1730995199999,1143.95817000,76,308.95000000,489.63928000,0
2024-11-07 16:00:00,1.61,1.613,1.586,1.601,639.26000000,1731009599999,1021.49162000,40,117.38000000,188.05465000,0
2024-11-07 20:00:00,1.606,1.625,1.58,1.598,397.59000000,1731023999999,636.99119000,44,200.62000000,323.52306000,0
2024-11-08 00:00:00,1.605,1.63,1.569,1.572,451.20000000,1731038399999,722.51422000,58,227.88000000,367.05828000,0
2024-11-08 04:00:00,1.581,1.586,1.558,1.577,816.95000000,1731052799999,1285.67834000,34,85.85000000,135.26692000,0
2024-11-08 08:00:00,1.572,1.581,1.558,1.566,255.49000000,1731067199999,401.25350000,33,166.58000000,261.91303000,0
2024-11-08 12:00:00,1.571,1.606,1.565,1.581,301.59000000,1731081599999,478.53711000,52,177.97000000,282.87753000,0
2024-11-08 16:00:00,1.586,1.586,1.518,1.581,2494.96000000,1731095999999,3838.90653000,88,311.70000000,485.87579000,0
2024-11-08 20:00:00,1.577,1.579,1.546,1.579,209.76000000,1731110399999,327.86306000,36,98.67000000,154.42177000,0
2024-11-09 00:00:00,1.581,1.604,1.562,1.562,334.51000000,1731124799999,530.89398000,45,199.56000000,317.66585000,0
2024-11-09 04:00:00,1.567,1.68,1.567,1.632,7480.40000000,1731139199999,11872.66369000,136,6062.25000000,9621.40703000,0
2024-11-09 08:00:00,1.635,1.65,1.627,1.65,580.97000000,1731153599999,954.74878000,35,477.09000000,784.88350000,0
2024-11-09 12:00:00,1.649,1.65,1.593,1.606,463.18000000,1731167999999,747.66092000,52,81.29000000,131.30226000,0
2024-11-09 16:00:00,1.601,1.601,1.561,1.583,1897.29000000,1731182399999,3008.07307000,73,976.45000000,1545.17130000,0
2024-11-09 20:00:00,1.586,1.658,1.586,1.645,1878.76000000,1731196799999,3041.38491000,77,1672.06000000,2705.14083000,0
2024-11-10 00:00:00,1.64,1.655,1.609,1.655,1302.14000000,1731211199999,2124.57359000,64,840.94000000,1376.78431000,0
2024-11-10 04:00:00,1.65,1.716,1.65,1.66,5604.08000000,1731225599999,9498.48482000,132,869.84000000,1471.66764000,0
2024-11-10 08:00:00,1.665,1.696,1.65,1.696,2647.47000000,1731239999999,4479.30661000,66,696.36000000,1174.20726000,0
2024-11-10 12:00:00,1.696,1.769,1.691,1.748,1833.77000000,1731254399999,3141.57594000,115,703.77000000,1214.79783000,0
2024-11-10 16:00:00,1.749,1.769,1.749,1.749,177.79000000,1731268799999,312.75549000,14,95.67000000,169.03541000,0
2024-11-10 20:00:00,1.749,1.769,1.716,1.769,2048.68000000,1731283199999,3583.78168000,28,288.91000000,509.17872000,0
2024-11-11 00:00:00,1.769,1.88,1.769,1.878,1924.23000000,1731297599999,3470.45255000,68,1845.83000000,3328.27342000,0
2024-11-11 04:00:00,1.867,1.88,1.852,1.852,669.99000000,1731311999999,1250.77102000,24,84.87000000,159.30735000,0
2024-11-11 08:00:00,1.852,1.852,1.845,1.845,84.50000000,1731326399999,156.31324000,13,43.09000000,79.75959000,0
2024-11-11 12:00:00,1.845,1.845,1.826,1.826,47.01000000,1731340799999,86.22932000,9,0.00000000,0.00000000,0
2024-11-11 16:00:00,1.835,2.08,1.734,1.748,5876.09000000,1731355199999,11201.15101000,328,3653.50000000,7021.35901000,0
2024-11-11 20:00:00,1.748,1.971,1.717,1.965,4309.68000000,1731369599999,7976.41548000,184,1866.20000000,3467.31100000,0
2024-11-12 00:00:00,1.965,1.97,1.833,1.895,1674.45000000,1731383999999,3173.70290000,149,537.23000000,1013.13830000,0
2024-11-12 04:00:00,1.895,1.895,1.765,1.791,6312.89000000,1731398399999,11256.67287000,163,1614.42000000,2888.80986000,0
2024-11-12 08:00:00,1.796,1.84,1.635,1.685,4094.63000000,1731412799999,7028.98308000,319,1389.58000000,2401.16020000,0
2024-11-12 12:00:00,1.68,1.696,1.615,1.635,2119.92000000,1731427199999,3504.28759000,178,670.65000000,1110.26739000,0
2024-11-12 16:00:00,1.635,1.687,1.62,1.66,1179.15000000,1731441599999,1952.85549000,74,276.16000000,460.55373000,0
2024-11-12 20:00:00,1.664,1.696,1.638,1.67,1557.43000000,1731455999999,2600.03964000,79,790.42000000,1325.91808000,0
2024-11-13 00:00:00,1.675,1.747,1.66,1.67,2503.78000000,1731470399999,4228.36073000,140,1748.99000000,2966.46133000,0
2024-11-13 04:00:00,1.68,1.752,1.68,1.696,866.30000000,1731484799999,1486.64317000,85,430.53000000,740.45500000,0
2024-11-13 08:00:00,1.692,1.706,1.54,1.54,2217.81000000,1731499199999,3569.41832000,158,538.92000000,876.67303000,0
2024-11-13 12:00:00,1.548,1.66,1.548,1.655,2856.36000000,1731513599999,4579.67974000,147,2252.51000000,3602.76312000,0
2024-11-13 16:00:00,1.66,1.695,1.601,1.605,6066.71000000,1731527999999,10128.70914000,163,4043.78000000,6759.61716000,0
2024-11-13 20:00:00,1.596,1.635,1.558,1.62,3115.12000000,1731542399999,5017.41440000,140,2406.64000000,3890.30246000,0
2024-11-14 00:00:00,1.625,1.666,1.61,1.655,924.81000000,1731556799999,1515.07442000,86,421.21000000,693.11829000,0
2024-11-14 04:00:00,1.652,1.704,1.65,1.684,2589.71000000,1731571199999,4361.18477000,97,1168.82000000,1965.45540000,0
2024-11-14 08:00:00,1.685,1.685,1.606,1.62,883.32000000,1731585599999,1452.33097000,71,322.34000000,529.87763000,0
2024-11-14 12:00:00,1.615,1.63,1.534,1.548,1457.69000000,1731599999999,2301.39905000,109,619.91000000,970.37114000,0
2024-11-14 16:00:00,1.549,1.606,1.539,1.568,3422.74000000,1731614399999,5432.47566000,89,3077.54000000,4887.42097000,0
2024-11-14 20:00:00,1.567,1.747,1.492,1.506,7594.67000000,1731628799999,11951.44104000,317,3908.43000000,6210.22894000,0
2024-11-15 00:00:00,1.511,1.526,1.484,1.518,617.90000000,1731643199999,931.86491000,69,245.53000000,369.96168000,0
2024-11-15 04:00:00,1.524,1.535,1.479,1.519,741.47000000,1731657599999,1124.46148000,63,326.36000000,494.79660000,0
2024-11-15 08:00:00,1.516,1.564,1.505,1.558,458.10000000,1731671999999,706.56211000,49,286.42000000,442.61437000,0
2024-11-15 12:00:00,1.558,1.567,1.495,1.502,932.11000000,1731686399999,1424.86160000,75,487.47000000,746.58733000,0
2024-11-15 16:00:00,1.506,1.555,1.502,1.548,634.10000000,1731700799999,972.64486000,61,372.87000000,572.65350000,0
2024-11-15 20:00:00,1.553,1.596,1.553,1.586,1164.32000000,1731715199999,1831.94142000,61,458.70000000,724.05913000,0
2024-11-16 00:00:00,1.581,1.618,1.568,1.617,463.53000000,1731729599999,743.67777000,39,325.44000000,523.76080000,0
2024-11-16 04:00:00,1.62,1.625,1.592,1.599,552.95000000,1731743999999,887.91523000,40,194.90000000,314.44968000,0
2024-11-16 08:00:00,1.601,1.685,1.601,1.685,2590.77000000,1731758399999,4212.92554000,87,2328.59000000,3782.91004000,0
2024-11-16 12:00:00,1.688,1.701,1.646,1.674,3792.99000000,1731772799999,6374.08427000,134,861.43000000,1449.20356000,0
2024-11-16 16:00:00,1.67,1.78,1.665,1.765,2120.21000000,1731787199999,3684.01797000,159,1147.68000000,2000.12589000,0
2024-11-16 20:00:00,1.769,1.813,1.763,1.785,2609.24000000,1731801599999,4688.36886000,111,1476.29000000,2657.71210000,0
2024-11-17 00:00:00,1.775,1.802,1.68,1.732,1836.92000000,1731815999999,3197.27822000,154,657.76000000,1139.27516000,0
2024-11-17 04:00:00,1.735,1.786,1.722,1.779,1475.93000000,1731830399999,2586.81799000,104,989.68000000,1734.95214000,0
2024-11-17 08:00:00,1.775,1.818,1.722,1.726,1378.99000000,1731844799999,2448.96712000,134,732.41000000,1306.92228000,0
2024-11-17 12:00:00,1.727,1.769,1.727,1.736,704.84000000,1731859199999,1231.85403000,79,369.14000000,644.19121000,0
2024-11-17 16:00:00,1.729,1.749,1.69,1.701,683.73000000,1731873599999,1175.11390000,65,295.86000000,510.59226000,0
2024-11-17 20:00:00,1.7,1.7,1.653,1.675,486.76000000,1731887999999,813.16472000,53,181.16000000,302.86458000,0
2024-11-18 00:00:00,1.68,1.768,1.675,1.716,2572.18000000,1731902399999,4431.82073000,160,1284.25000000,2217.06818000,0
2024-11-18 04:00:00,1.721,1.761,1.704,1.747,782.10000000,1731916799999,1359.92735000,68,452.70000000,789.05220000,0
2024-11-18 08:00:00,1.747,1.747,1.669,1.675,854.46000000,1731931199999,1459.47735000,88,361.20000000,620.79739000,0
2024-11-18 12:00:00,1.68,1.746,1.67,1.746,2017.75000000,1731945599999,3448.19534000,138,1364.34000000,2333.00262000,0
2024-11-18 16:00:00,1.737,1.801,1.706,1.737,3121.77000000,1731959999999,5505.01324000,221,1561.45000000,2764.33649000,0
2024-11-18 20:00:00,1.732,1.841,1.732,1.829,2127.69000000,1731974399999,3801.27050000,193,880.44000000,1579.41923000,0
2024-11-19 00:00:00,1.835,1.9,1.793,1.885,5661.29000000,1731988799999,10362.71358000,213,1853.27000000,3445.10512000,0
2024-11-19 04:00:00,1.885,1.89,1.885,1.89,6.53000000,1732003199999,12.31250000,2,0.69000000,1.30410000,0
2024-11-19 08:00:00,1.885,1.927,1.885,1.927,210.70000000,1732017599999,402.46009000,24,138.15000000,264.42409000,0
2024-11-19 12:00:00,1.921,1.927,1.915,1.915,38.46000000,1732031999999,73.80647000,15,20.31000000,39.01907000,0
2024-11-19 16:00:00,1.92,1.92,1.885,1.885,177.78000000,1732046399999,336.60100000,11,23.44000000,45.00480000,0
2024-11-19 20:00:00,1.895,1.925,1.87,1.89,274.31000000,1732060799999,518.54089000,42,67.36000000,128.22314000,0
2024-11-20 00:00:00,1.89,1.895,1.69,1.717,4266.74000000,1732075199999,7465.41351000,223,1623.96000000,2836.90593000,0
2024-11-20 04:00:00,1.711,1.775,1.706,1.747,1877.69000000,1732089599999,3267.41301000,81,1631.65000000,2841.56727000,0
2024-11-20 08:00:00,1.731,1.792,1.731,1.753,723.69000000,1732103999999,1275.69070000,78,335.48000000,593.27010000,0
2024-11-20 12:00:00,1.748,1.803,1.727,1.78,1464.54000000,1732118399999,2590.52347000,121,440.82000000,779.05696000,0
2024-11-20 16:00:00,1.78,1.813,1.734,1.748,612.33000000,1732132799999,1086.76074000,83,195.91000000,350.90972000,0
2024-11-20 20:00:00,1.737,1.759,1.734,1.759,39.89000000,1732147199999,69.69131000,15,27.90000000,48.87284000,0
2024-11-21 00:00:00,1.759,1.759,1.63,1.655,1330.04000000,1732161599999,2230.37173000,112,166.49000000,275.09563000,0
2024-11-21 04:00:00,1.657,1.743,1.657,1.717,1338.66000000,1732175999999,2290.12199000,146,838.13000000,1432.53455000,0
2024-11-21 08:00:00,1.714,1.73,1.668,1.696,578.43000000,1732190399999,978.43652000,82,222.31000000,377.28210000,0
2024-11-21 12:00:00,1.697,2.184,1.697,2.12,48996.91000000,1732204799999,101515.76566000,1218,35007.68000000,73078.53736000,0
2024-11-21 16:00:00,2.125,2.183,2.046,2.06,4981.34000000,1732219199999,10555.49578000,315,2230.54000000,4762.44775000,0
2024-11-21 20:00:00,2.065,2.131,2.065,2.09,6140.31000000,1732233599999,12871.89961000,187,3146.01000000,6616.24217000,0
2024-11-22 00:00:00,2.09,2.104,2.014,2.059,4597.29000000,1732247999999,9440.41085000,280,1735.17000000,3592.67854000,0
2024-11-22 04:00:00,2.058,2.123,2.04,2.07,6840.20000000,1732262399999,14205.05738000,232,4678.97000000,9764.08035000,0
2024-11-22 08:00:00,2.075,2.165,2.075,2.09,11438.61000000,1732276799999,24147.85150000,321,3865.86000000,8262.25931000,0
2024-11-22 12:00:00,2.095,2.345,2.085,2.19,14744.81000000,1732291199999,32568.87981000,1019,10380.58000000,22871.43750000,0
2024-11-22 16:00:00,2.185,2.185,2.088,2.1,4627.72000000,1732305599999,9853.27401000,209,1638.59000000,3503.68853000,0
2024-11-22 20:00:00,2.103,2.205,2.098,2.205,4378.46000000,1732319999999,9501.00249000,175,2634.07000000,5716.16796000,0
2024-11-23 00:00:00,2.206,2.297,2.167,2.224,12310.13000000,1732334399999,27091.15880000,530,9705.55000000,21312.89079000,0
2024-11-23 04:00:00,2.22,2.22,2.18,2.21,3207.94000000,1732348799999,7065.82427000,161,2697.97000000,5943.84956000,0
2024-11-23 08:00:00,2.215,2.272,2.188,2.2,11518.18000000,1732363199999,25615.31814000,245,2385.87000000,5336.90835000,0
2024-11-23 12:00:00,2.195,2.331,2.195,2.289,4016.66000000,1732377599999,9152.03684000,469,2752.58000000,6270.48572000,0
2024-11-23 16:00:00,2.295,2.305,2.159,2.22,9547.49000000,1732391999999,21232.43130000,356,5025.30000000,11204.26081000,0
2024-11-23 20:00:00,2.215,2.246,2.167,2.215,12766.20000000,1732406399999,28144.79229000,194,2259.93000000,5031.87282000,0
2024-11-24 00:00:00,2.21,2.309,2.21,2.29,3068.31000000,1732420799999,6969.27883000,239,2318.10000000,5266.59566000,0
2024-11-24 04:00:00,2.295,2.341,2.26,2.327,4120.23000000,1732435199999,9490.60849000,291,2399.53000000,5547.04402000,0
2024-11-24 08:00:00,2.325,2.335,2.14,2.143,4906.76000000,1732449599999,10973.60629000,273,737.11000000,1649.08144000,0
2024-11-24 12:00:00,2.144,2.165,2.098,2.15,1128.91000000,1732463999999,2390.89713000,93,356.23000000,761.35416000,0
2024-11-24 16:00:00,2.15,2.198,2.098,2.16,1705.04000000,1732478399999,3656.24936000,177,755.06000000,1632.47052000,0
2024-11-24 20:00:00,2.163,2.215,2.163,2.2,1028.52000000,1732492799999,2250.29634000,100,371.74000000,814.63682000,0
2024-11-25 00:00:00,2.195,2.23,2.18,2.23,772.85000000,1732507199999,1706.38013000,43,455.79000000,1012.80741000,0
2024-11-25 04:00:00,2.23,2.23,2.23,2.23,858.16000000,1732521599999,1913.69680000,11,858.16000000,1913.69680000,0
2024-11-25 08:00:00,2.229,2.375,2.227,2.272,6039.69000000,1732535999999,13796.51403000,566,4158.23000000,9478.29694000,0
2024-11-25 12:00:00,2.27,2.44,2.167,2.4,12767.84000000,1732550399999,29600.91797000,874,9809.81000000,22913.48433000,0
2024-11-25 16:00:00,2.405,2.428,2.28,2.36,10641.39000000,1732564799999,24794.00107000,941,3356.26000000,7861.23156000,0
2024-11-25 20:00:00,2.355,2.395,2.279,2.305,5512.95000000,1732579199999,12872.29843000,591,3095.01000000,7245.98677000,0
2024-11-26 00:00:00,2.3,2.356,2.246,2.271,4852.55000000,1732593599999,11149.82893000,305,2086.83000000,4818.83578000,0
2024-11-26 04:00:00,2.265,2.341,2.243,2.262,6200.69000000,1732607999999,14269.34130000,297,4794.91000000,11073.71500000,0
2024-11-26 08:00:00,2.255,2.255,2.11,2.146,4789.57000000,1732622399999,10430.82274000,373,1045.36000000,2290.68092000,0
2024-11-26 12:00:00,2.14,2.23,2.135,2.164,2495.71000000,1732636799999,5431.95518000,321,1634.62000000,3556.55012000,0
2024-11-26 16:00:00,2.163,2.223,2.125,2.17,1598.93000000,1732651199999,3471.17837000,245,702.68000000,1529.97496000,0
2024-11-26 20:00:00,2.175,2.23,2.165,2.2,1576.52000000,1732665599999,3484.46446000,160,733.13000000,1617.49291000,0
2024-11-27 00:00:00,2.195,2.241,2.165,2.225,2941.41000000,1732679999999,6544.17514000,193,2418.97000000,5397.17675000,0
2024-11-27 04:00:00,2.235,2.35,2.235,2.29,5520.77000000,1732694399999,12624.09902000,374,4183.90000000,9564.67146000,0
2024-11-27 08:00:00,2.294,2.318,2.244,2.307,3497.39000000,1732708799999,7979.45408000,166,2103.67000000,4825.11375000,0
2024-11-27 12:00:00,2.309,2.355,2.274,2.309,4114.13000000,1732723199999,9507.12757000,299,2142.37000000,4978.76447000,0
2024-11-27 16:00:00,2.31,2.353,2.289,2.335,1069.26000000,1732737599999,2483.41942000,140,669.46000000,1557.98861000,0
2024-11-27 20:00:00,2.34,2.507,2.334,2.5,29175.72000000,1732751999999,71230.04045000,475,19624.41000000,48120.65757000,0
2024-11-28 00:00:00,2.505,2.619,2.37,2.385,11757.18000000,1732766399999,29277.10539000,691,3051.01000000,7538.91495000,0
2024-11-28 04:00:00,2.39,2.453,2.383,2.4,2383.57000000,1732780799999,5748.72328000,174,1557.36000000,3754.43486000,0
2024-11-28 08:00:00,2.404,2.433,2.327,2.352,2347.15000000,1732795199999,5581.69631000,227,923.25000000,2222.90981000,0
2024-11-28 12:00:00,2.345,2.368,2.293,2.293,5505.85000000,1732809599999,12674.38450000,137,4370.82000000,10043.36400000,0
2024-11-28 16:00:00,2.3,2.331,2.292,2.331,545.12000000,1732823999999,1261.81643000,54,224.05000000,519.55283000,0
2024-11-28 20:00:00,2.332,2.375,2.315,2.357,2666.16000000,1732838399999,6294.40112000,90,2028.55000000,4793.30040000,0
2024-11-29 00:00:00,2.355,2.367,2.332,2.345,1328.85000000,1732852799999,3113.18065000,93,752.48000000,1761.40082000,0
2024-11-29 04:00:00,2.34,2.345,2.307,2.319,1924.08000000,1732867199999,4483.49469000,73,315.28000000,731.51850000,0
2024-11-29 08:00:00,2.323,2.369,2.323,2.369,1202.63000000,1732881599999,2806.04650000,65,450.97000000,1055.03709000,0
2024-11-29 12:00:00,2.37,2.408,2.346,2.375,3809.89000000,1732895999999,9072.80110000,130,2295.20000000,5461.63582000,0
2024-11-29 16:00:00,2.378,2.388,2.353,2.379,4612.60000000,1732910399999,10897.23486000,96,1878.73000000,4451.26379000,0
2024-11-29 20:00:00,2.38,2.397,2.355,2.39,1953.44000000,1732924799999,4619.94904000,63,700.76000000,1655.35899000,0
2024-11-30 00:00:00,2.381,2.433,2.352,2.433,2761.77000000,1732939199999,6631.97563000,269,1797.30000000,4321.71878000,0
2024-11-30 04:00:00,2.434,2.476,2.38,2.455,7415.60000000,1732953599999,18169.61279000,278,3963.13000000,9759.52338000,0
2024-11-30 08:00:00,2.452,2.468,2.385,2.404,1330.64000000,1732967999999,3220.26007000,123,835.45000000,2027.83439000,0
2024-11-30 12:00:00,2.41,2.439,2.399,2.439,1105.78000000,1732982399999,2687.29129000,102,832.14000000,2024.84598000,0
2024-11-30 16:00:00,2.439,2.468,2.42,2.468,2207.67000000,1732996799999,5402.24230000,83,889.06000000,2171.10814000,0
2024-11-30 20:00:00,2.469,2.49,2.45,2.46,980.14000000,1733011199999,2427.53395000,111,672.44000000,1669.49288000,0
2024-12-01 00:00:00,2.46,2.486,2.384,2.418,11000.17000000,1733025599999,26644.90053000,289,2439.75000000,5949.31970000,0
2024-12-01 04:00:00,2.41,2.442,2.38,2.431,2136.42000000,1733039999999,5150.03964000,121,1670.83000000,4032.95574000,0
2024-12-01 08:00:00,2.425,2.448,2.41,2.448,826.36000000,1733054399999,2007.82665000,66,651.89000000,1584.27934000,0
2024-12-01 12:00:00,2.45,2.542,2.439,2.512,3304.66000000,1733068799999,8174.10301000,182,2573.69000000,6364.23149000,0
2024-12-01 16:00:00,2.515,2.52,2.45,2.455,1577.89000000,1733083199999,3915.62160000,114,744.34000000,1853.96126000,0
2024-12-01 20:00:00,2.459,2.488,2.422,2.456,979.16000000,1733097599999,2406.94199000,116,423.44000000,1042.76788000,0
2024-12-02 00:00:00,2.465,2.516,2.422,2.43,3474.55000000,1733111999999,8557.40228000,277,908.96000000,2253.08961000,0
2024-12-02 04:00:00,2.425,2.455,2.369,2.41,1813.58000000,1733126399999,4375.26988000,269,823.76000000,1997.58952000,0
2024-12-02 08:00:00,2.405,2.415,2.289,2.312,3853.99000000,1733140799999,8989.59599000,327,994.43000000,2340.26203000,0
2024-12-02 12:00:00,2.31,2.471,2.31,2.471,5889.89000000,1733155199999,14283.42591000,337,4864.21000000,11814.53361000,0
2024-12-02 16:00:00,2.465,2.473,2.347,2.413,8243.08000000,1733169599999,19762.50357000,401,2457.82000000,5938.57709000,0
2024-12-02 20:00:00,2.415,2.568,2.415,2.56,9441.07000000,1733183999999,23729.72700000,333,4003.65000000,10075.69135000,0
2024-12-03 00:00:00,2.555,2.595,2.5,2.578,4809.82000000,1733198399999,12222.13817000,306,2670.79000000,6814.26133000,0
2024-12-03 04:00:00,2.585,2.592,2.518,2.54,3245.82000000,1733212799999,8301.35357000,195,1746.04000000,4479.07554000,0
2024-12-03 08:00:00,2.545,2.565,2.471,2.516,1697.04000000,1733227199999,4248.18082000,155,367.31000000,925.24933000,0
2024-12-03 12:00:00,2.515,2.52,2.327,2.445,12901.29000000,1733241599999,30793.47571000,546,2152.94000000,5226.11480000,0
2024-12-03 16:00:00,2.45,2.48,2.405,2.462,1821.01000000,1733255999999,4455.68775000,229,566.89000000,1389.04826000,0
2024-12-03 20:00:00,2.465,2.567,2.465,2.555,5834.26000000,1733270399999,14729.69186000,233,5380.51000000,13580.79783000,0
2024-12-04 00:00:00,2.56,2.647,2.533,2.564,8726.47000000,1733284799999,22646.78691000,462,5094.25000000,13224.15955000,0
2024-12-04 04:00:00,2.568,2.609,2.548,2.595,5314.90000000,1733299199999,13683.50595000,371,5046.76000000,12996.98400000,0
2024-12-04 08:00:00,2.6,2.635,2.556,2.61,1565.32000000,1733313599999,4060.63675000,155,1004.79000000,2611.57506000,0
2024-12-04 12:00:00,2.615,2.733,2.56,2.695,6906.21000000,1733327999999,18339.38362000,674,4155.15000000,11095.74608000,0
2024-12-04 16:00:00,2.69,2.725,2.59,2.647,7405.57000000,1733342399999,19610.59402000,513,5612.67000000,14855.53736000,0
2024-12-04 20:00:00,2.641,2.665,2.507,2.546,13795.63000000,1733356799999,35085.21798000,457,3814.22000000,9731.94059000,0
2024-12-05 00:00:00,2.54,2.57,2.431,2.51,13583.53000000,1733371199999,34062.10942000,456,2793.98000000,7067.32020000,0
2024-12-05 04:00:00,2.52,2.579,2.505,2.546,4880.35000000,1733385599999,12476.88478000,216,4283.04000000,10960.39472000,0
2024-12-05 08:00:00,2.554,2.601,2.546,2.587,1528.99000000,1733399999999,3949.31397000,145,1149.25000000,2973.98841000,0
2024-12-05 12:00:00,2.59,2.591,2.537,2.571,3483.07000000,1733414399999,8906.00820000,179,922.41000000,2371.83563000,0
2024-12-05 16:00:00,2.567,2.625,2.518,2.522,8329.54000000,1733428799999,21532.90540000,263,3158.41000000,8208.12948000,0
2024-12-05 20:00:00,2.515,2.549,2.42,2.5,5770.71000000,1733443199999,14394.75442000,396,1830.06000000,4591.70724000,0
2024-12-06 00:00:00,2.495,2.62,2.47,2.619,10073.07000000,1733457599999,26109.40737000,287,6835.33000000,17699.45856000,0
2024-12-06 04:00:00,2.619,2.677,2.605,2.63,6745.42000000,1733471999999,17764.70047000,204,1898.05000000,5017.37854000,0
2024-12-06 08:00:00,2.63,2.66,2.533,2.56,2552.32000000,1733486399999,6592.22980000,245,1076.95000000,2793.59309000,0
2024-12-06 12:00:00,2.57,2.715,2.505,2.664,6718.33000000,1733500799999,17531.29618000,461,4060.72000000,10634.78674000,0
2024-12-06 16:00:00,2.665,2.729,2.647,2.704,5900.99000000,1733515199999,15885.40658000,238,4587.89000000,12334.30660000,0
2024-12-06 20:00:00,2.703,2.71,2.639,2.665,1993.69000000,1733529599999,5324.63170000,139,335.58000000,896.49732000,0
2024-12-07 00:00:00,2.665,2.771,2.66,2.759,5055.77000000,1733543999999,13822.74361000,211,4729.75000000,12942.46710000,0
2024-12-07 04:00:00,2.755,2.768,2.707,2.715,1031.73000000,1733558399999,2806.42535000,91,693.90000000,1887.53653000,0
2024-12-07 08:00:00,2.717,2.721,2.67,2.718,2011.39000000,1733572799999,5416.00585000,97,223.08000000,604.13160000,0
2024-12-07 12:00:00,2.71,2.717,2.686,2.717,234.61000000,1733587199999,634.06299000,44,124.87000000,338.02628000,0
2024-12-07 16:00:00,2.71,2.71,2.655,2.68,1081.40000000,1733601599999,2901.21344000,87,652.67000000,1754.45853000,0
2024-12-07 20:00:00,2.68,2.685,2.658,2.679,287.06000000,1733615999999,767.62413000,47,137.44000000,367.91455000,0
2024-12-08 00:00:00,2.673,2.705,2.666,2.673,2213.24000000,1733630399999,5928.16843000,111,1848.77000000,4951.05012000,0
2024-12-08 04:00:00,2.67,2.678,2.618,2.67,1999.79000000,1733644799999,5271.67316000,118,290.02000000,767.98261000,0
2024-12-08 08:00:00,2.665,2.665,2.598,2.665,860.75000000,1733659199999,2266.51339000,157,411.02000000,1086.09473000,0
2024-12-08 12:00:00,2.66,2.687,2.639,2.68,1155.82000000,1733673599999,3090.44936000,99,576.34000000,1538.66843000,0
2024-12-08 16:00:00,2.675,2.675,2.626,2.64,644.42000000,1733687999999,1701.85952000,70,65.34000000,172.61378000,0
2024-12-08 20:00:00,2.645,2.675,2.635,2.675,307.89000000,1733702399999,821.45349000,34,274.87000000,733.74849000,0
2024-12-09 00:00:00,2.67,2.67,2.547,2.565,5111.00000000,1733716799999,13315.89445000,206,2538.02000000,6606.36838000,0
2024-12-09 04:00:00,2.568,2.598,2.512,2.557,2868.43000000,1733731199999,7285.20653000,144,502.90000000,1294.48989000,0
2024-12-09 08:00:00,2.55,2.55,2.442,2.445,1814.27000000,1733745599999,4499.74252000,212,458.31000000,1136.31672000,0
2024-12-09 12:00:00,2.44,2.545,2.425,2.455,2585.37000000,1733759999999,6407.93841000,297,1002.10000000,2494.26537000,0
2024-12-09 16:00:00,2.45,2.48,2.444,2.455,758.45000000,1733774399999,1869.09863000,105,310.29000000,765.88492000,0
2024-12-09 20:00:00,2.45,2.45,2.049,2.245,13149.57000000,1733788799999,29557.51720000,845,3360.27000000,7473.08402000,0
2024-12-10 00:00:00,2.24,2.288,2.117,2.214,2210.88000000,1733803199999,4903.80358000,357,1123.06000000,2506.61338000,0
2024-12-10 04:00:00,2.197,2.273,2.166,2.257,1714.78000000,1733817599999,3827.55578000,150,520.61000000,1167.51690000,0
2024-12-10 08:00:00,2.25,2.305,2.23,2.265,616.66000000,1733831999999,1398.09141000,149,314.27000000,714.00151000,0
2024-12-10 12:00:00,2.26,2.26,2.117,2.122,1566.40000000,1733846399999,3455.36581000,261,630.41000000,1397.44432000,0
2024-12-10 16:00:00,2.12,2.143,2.065,2.126,2890.37000000,1733860799999,6081.28494000,115,1339.82000000,2838.60650000,0
2024-12-10 20:00:00,2.126,2.22,2.126,2.2,486.96000000,1733875199999,1067.60950000,81,316.73000000,694.31394000,0
2024-12-11 00:00:00,2.205,2.319,2.124,2.195,7217.68000000,1733889599999,15921.43051000,418,5443.03000000,12009.16077000,0
2024-12-11 04:00:00,2.2,2.216,2.18,2.19,298.62000000,1733903999999,657.34806000,57,200.61000000,442.18306000,0
2024-12-11 08:00:00,2.19,2.258,2.19,2.247,1132.81000000,1733918399999,2523.44741000,104,469.46000000,1049.23864000,0
2024-12-11 12:00:00,2.252,2.352,2.247,2.326,22455.92000000,1733932799999,52133.45054000,295,22048.01000000,51194.10058000,0
2024-12-11 16:00:00,2.33,2.348,2.306,2.326,784.60000000,1733947199999,1825.31146000,72,116.30000000,270.80993000,0
2024-12-11 20:00:00,2.33,2.352,2.326,2.335,240.01000000,1733961599999,561.66783000,43,147.26000000,344.64391000,0
2024-12-12 00:00:00,2.331,2.481,2.321,2.465,5350.99000000,1733975999999,12727.95163000,268,2854.59000000,6869.44589000,0
2024-12-12 04:00:00,2.47,2.519,2.45,2.463,1622.79000000,1733990399999,4032.06599000,171,1048.39000000,2608.87919000,0
2024-12-12 08:00:00,2.47,2.48,2.425,2.425,637.66000000,1734004799999,1560.28968000,97,110.31000000,270.52610000,0
2024-12-12 12:00:00,2.431,2.68,2.431,2.613,11209.89000000,1734019199999,29082.79375000,838,7831.33000000,20409.88018000,0
2024-12-12 16:00:00,2.618,2.631,2.509,2.525,2408.44000000,1734033599999,6191.05757000,219,970.92000000,2504.34881000,0
2024-12-12 20:00:00,2.53,2.569,2.49,2.545,1155.63000000,1734047999999,2927.56591000,197,689.16000000,1752.67468000,0
2024-12-13 00:00:00,2.546,2.591,2.479,2.582,1655.84000000,1734062399999,4169.42029000,190,1083.89000000,2730.99500000,0
2024-12-13 04:00:00,2.587,2.608,2.501,2.525,1554.87000000,1734076799999,3980.13191000,204,472.40000000,1217.96919000,0
2024-12-13 08:00:00,2.53,2.686,2.525,2.628,9476.52000000,1734091199999,24746.05262000,494,8398.67000000,21931.41322000,0
2024-12-13 12:00:00,2.634,2.634,2.556,2.556,1414.58000000,1734105599999,3676.22959000,237,327.04000000,852.58115000,0
2024-12-13 16:00:00,2.561,2.572,2.528,2.541,437.20000000,1734119999999,1114.11449000,99,162.98000000,415.79548000,0
2024-12-13 20:00:00,2.546,2.584,2.546,2.565,807.61000000,1734134399999,2066.50179000,62,716.21000000,1832.14782000,0
2024-12-14 00:00:00,2.568,2.621,2.568,2.581,2291.86000000,1734148799999,5973.75863000,114,2101.65000000,5480.32863000,0
2024-12-14 04:00:00,2.579,2.602,2.578,2.592,1565.49000000,1734163199999,4042.71361000,32,960.75000000,2481.08288000,0
2024-12-14 08:00:00,2.597,2.652,2.597,2.603,762.55000000,1734177599999,2005.03235000,149,536.06000000,1411.23617000,0
2024-12-14 12:00:00,2.6,2.6,2.49,2.52,11595.74000000,1734191999999,29544.68713000,273,364.36000000,924.43700000,0
2024-12-14 16:00:00,2.515,2.515,2.387,2.411,2530.01000000,1734206399999,6221.18752000,210,269.50000000,658.11605000,0
2024-12-14 20:00:00,2.413,2.45,2.38,2.441,1615.78000000,1734220799999,3909.05175000,114,757.57000000,1847.66291000,0
2024-12-15 00:00:00,2.436,2.49,2.426,2.442,1415.21000000,1734235199999,3483.22183000,123,360.34000000,890.54143000,0
2024-12-15 04:00:00,2.443,2.459,2.412,2.412,455.93000000,1734249599999,1112.75539000,48,288.75000000,706.73863000,0
2024-12-15 08:00:00,2.421,2.452,2.411,2.443,149.16000000,1734263999999,361.87628000,29,52.90000000,129.14878000,0
2024-12-15 12:00:00,2.451,2.537,2.436,2.51,977.94000000,1734278399999,2452.86399000,99,878.92000000,2205.99659000,0
2024-12-15 16:00:00,2.503,2.54,2.503,2.529,114.53000000,1734292799999,289.24989000,48,78.18000000,197.82231000,0
2024-12-15 20:00:00,2.518,2.546,2.458,2.546,697.56000000,1734307199999,1742.36070000,151,366.50000000,921.73381000,0
2024-12-16 00:00:00,2.534,2.63,2.521,2.528,1508.28000000,1734321599999,3884.64635000,226,1018.42000000,2625.94905000,0
2024-12-16 04:00:00,2.521,2.571,2.521,2.559,8646.57000000,1734335999999,21880.16512000,76,8569.07000000,21682.84102000,0
2024-12-16 08:00:00,2.549,2.549,2.47,2.472,608.19000000,1734350399999,1519.65919000,129,133.59000000,334.22653000,0
2024-12-16 12:00:00,2.481,2.529,2.48,2.503,518.82000000,1734364799999,1298.63607000,172,319.49000000,800.98906000,0
2024-12-16 16:00:00,2.504,2.598,2.503,2.563,1789.35000000,1734379199999,4576.52037000,186,1028.36000000,2631.77897000,0
2024-12-16 20:00:00,2.57,2.584,2.5,2.501,538.85000000,1734393599999,1363.91725000,139,143.35000000,364.87939000,0
2024-12-17 00:00:00,2.508,2.509,2.44,2.509,659.08000000,1734407999999,1629.74746000,165,278.28000000,689.90132000,0
2024-12-17 04:00:00,2.498,2.519,2.427,2.429,438.35000000,1734422399999,1081.29039000,130,124.84000000,308.92817000,0
2024-12-17 08:00:00,2.436,2.486,2.429,2.454,318.96000000,1734436799999,785.05095000,63,176.63000000,434.35980000,0
2024-12-17 12:00:00,2.451,2.47,2.357,2.365,2695.51000000,1734451199999,6534.16356000,204,1507.07000000,3686.97476000,0
2024-12-17 16:00:00,2.356,2.411,2.349,2.378,1967.21000000,1734465599999,4706.21076000,90,1754.06000000,4201.45384000,0
2024-12-17 20:00:00,2.379,2.388,2.311,2.335,3766.65000000,1734479999999,8814.19272000,95,1403.85000000,3271.26081000,0
2024-12-18 00:00:00,2.338,2.357,2.321,2.335,163.77000000,1734494399999,382.99335000,66,82.55000000,193.40909000,0
2024-12-18 04:00:00,2.328,2.352,2.297,2.328,468.69000000,1734508799999,1087.12652000,120,191.08000000,445.08677000,0
2024-12-18 08:00:00,2.335,2.371,2.331,2.367,1778.52000000,1734523199999,4200.69496000,51,1606.86000000,3796.03815000,0
2024-12-18 12:00:00,2.364,2.364,2.3,2.342,443.44000000,1734537599999,1031.59115000,138,196.64000000,458.05514000,0
2024-12-18 16:00:00,2.335,2.388,2.282,2.282,10182.10000000,1734551999999,23912.32766000,185,1183.34000000,2772.09835000,0
2024-12-18 20:00:00,2.28,2.303,2.15,2.164,3987.51000000,1734566399999,8868.67492000,263,681.14000000,1511.73108000,0
2024-12-19 00:00:00,2.152,2.19,2.049,2.17,7515.48000000,1734580799999,16208.11180000,204,4043.54000000,8768.89832000,0
2024-12-19 04:00:00,2.17,2.179,2.165,2.172,3014.12000000,1734595199999,6540.82072000,75,22.94000000,49.97016000,0
2024-12-19 08:00:00,2.159,2.168,2.13,2.159,119.84000000,1734609599999,257.29854000,46,55.09000000,118.39352000,0
2024-12-19 12:00:00,2.152,2.152,2.049,2.09,349.00000000,1734623999999,734.42327000,127,131.85000000,278.18418000,0
2024-12-19 16:00:00,2.088,2.095,1.858,1.888,5670.64000000,1734638399999,10947.39659000,363,1111.92000000,2157.04576000,0
2024-12-19 20:00:00,1.891,1.957,1.878,1.913,1511.92000000,1734652799999,2899.36677000,119,896.81000000,1737.48028000,0
2024-12-20 00:00:00,1.919,1.987,1.878,1.953,1120.48000000,1734667199999,2180.76361000,152,622.63000000,1219.01721000,0
2024-12-20 04:00:00,1.96,1.96,1.867,1.907,955.72000000,1734681599999,1824.23170000,156,483.07000000,925.64274000,0
2024-12-20 08:00:00,1.904,1.904,1.616,1.649,3829.22000000,1734695999999,6655.06711000,329,856.70000000,1475.35575000,0
2024-12-20 12:00:00,1.628,1.8,1.623,1.783,2269.13000000,1734710399999,3928.70583000,192,1526.75000000,2666.05005000,0
2024-12-20 16:00:00,1.788,1.891,1.788,1.879,570.59000000,1734724799999,1051.22416000,120,415.18000000,765.11042000,0
2024-12-20 20:00:00,1.872,1.905,1.836,1.885,258.97000000,1734739199999,486.82802000,68,151.76000000,286.18748000,0
2024-12-21 00:00:00,1.884,1.917,1.875,1.895,1706.06000000,1734753599999,3235.12396000,65,590.38000000,1120.35816000,0
2024-12-21 04:00:00,1.902,2.01,1.902,1.977,923.64000000,1734767999999,1818.39678000,121,780.60000000,1538.21096000,0
2024-12-21 08:00:00,1.982,1.982,1.884,1.896,445.90000000,1734782399999,858.88477000,131,135.56000000,261.40706000,0
2024-12-21 12:00:00,1.89,1.89,1.768,1.806,791.84000000,1734796799999,1445.17128000,154,215.15000000,393.55691000,0
2024-12-21 16:00:00,1.8,1.81,1.734,1.743,447.18000000,1734811199999,789.19374000,115,147.51000000,261.94656000,0
2024-12-21 20:00:00,1.758,1.775,1.725,1.74,337.25000000,1734825599999,586.81304000,62,188.74000000,328.59317000,0
2024-12-22 00:00:00,1.734,1.776,1.73,1.763,260.86000000,1734839999999,457.69093000,93,87.46000000,153.77703000,0
2024-12-22 04:00:00,1.764,1.765,1.716,1.733,750.09000000,1734854399999,1297.72561000,60,323.89000000,560.62162000,0
2024-12-22 08:00:00,1.746,1.82,1.746,1.794,516.01000000,1734868799999,924.84791000,83,277.85000000,497.80180000,0
2024-12-22 12:00:00,1.791,1.818,1.746,1.758,614.49000000,1734883199999,1099.78854000,115,395.66000000,711.46530000,0
2024-12-22 16:00:00,1.759,1.794,1.733,1.733,355.40000000,1734897599999,626.43466000,110,145.00000000,256.81472000,0
2024-12-22 20:00:00,1.725,1.781,1.706,1.758,19789.78000000,1734911999999,34973.75879000,158,1644.90000000,2921.69706000,0
2024-12-23 00:00:00,1.759,1.821,1.71,1.821,907.25000000,1734926399999,1598.13173000,153,516.82000000,912.15474000,0
2024-12-23 04:00:00,1.823,1.823,1.752,1.781,2498.17000000,1734940799999,4469.86908000,105,124.59000000,222.08688000,0
2024-12-23 08:00:00,1.782,1.818,1.782,1.789,715.66000000,1734955199999,1289.14486000,57,579.15000000,1043.40408000,0
2024-12-23 12:00:00,1.8,1.821,1.766,1.766,745.50000000,1734969599999,1342.22343000,104,287.90000000,521.04472000,0
2024-12-23 16:00:00,1.776,1.84,1.776,1.812,967.66000000,1734983999999,1755.09461000,110,351.21000000,639.17359000,0
2024-12-23 20:00:00,1.815,1.958,1.815,1.919,1656.71000000,1734998399999,3163.40584000,154,875.11000000,1665.84787000,0
2024-12-24 00:00:00,1.923,1.925,1.868,1.902,324.96000000,1735012799999,616.42659000,95,133.90000000,254.15898000,0
2024-12-24 04:00:00,1.896,1.931,1.885,1.896,170.83000000,1735027199999,325.94572000,65,89.82000000,171.47293000,0
2024-12-24 08:00:00,1.89,1.908,1.884,1.907,68.68000000,1735041599999,130.18059000,29,34.01000000,64.52439000,0
2024-12-24 12:00:00,1.902,1.976,1.887,1.966,2722.90000000,1735055999999,5285.72965000,92,1573.51000000,3057.12963000,0
2024-12-24 16:00:00,1.972,1.978,1.933,1.936,4773.16000000,1735070399999,9271.84717000,114,98.03000000,191.98083000,0
2024-12-24 20:00:00,1.936,1.954,1.904,1.949,1151.16000000,1735084799999,2216.32383000,85,181.09000000,349.81637000,0
2024-12-25 00:00:00,1.948,1.96,1.932,1.932,406.59000000,1735099199999,791.02945000,37,362.33000000,704.87575000,0
2024-12-25 04:00:00,1.941,1.956,1.926,1.926,74.49000000,1735113599999,144.64828000,30,39.90000000,77.44650000,0
2024-12-25 08:00:00,1.93,1.975,1.904,1.904,372.79000000,1735127999999,722.74755000,109,171.46000000,334.18181000,0
2024-12-25 12:00:00,1.903,1.934,1.9,1.907,7531.59000000,1735142399999,14313.95837000,65,6796.06000000,12913.31488000,0
2024-12-25 16:00:00,1.912,1.918,1.885,1.918,1025.70000000,1735156799999,1946.31371000,69,133.95000000,254.01819000,0
2024-12-25 20:00:00,1.919,1.923,1.889,1.915,97.78000000,1735171199999,186.49098000,43,53.59000000,102.23912000,0
2024-12-26 00:00:00,1.918,1.931,1.874,1.874,255.83000000,1735185599999,484.70450000,79,109.33000000,207.56117000,0
2024-12-26 04:00:00,1.873,1.873,1.846,1.846,408.24000000,1735199999999,759.16872000,49,202.34000000,375.63858000,0
2024-12-26 08:00:00,1.848,1.848,1.799,1.818,452.55000000,1735214399999,822.73110000,65,130.29000000,237.42680000,0
2024-12-26 12:00:00,1.812,1.812,1.779,1.779,192.89000000,1735228799999,345.46375000,54,40.30000000,72.39046000,0
2024-12-26 16:00:00,1.787,1.795,1.766,1.782,646.97000000,1735243199999,1152.78769000,38,58.50000000,104.35819000,0
2024-12-26 20:00:00,1.776,1.788,1.758,1.771,372.37000000,1735257599999,660.76217000,42,155.84000000,277.12296000,0
2024-12-27 00:00:00,1.779,1.826,1.772,1.803,224.36000000,1735271999999,405.10519000,46,165.82000000,299.60719000,0
2024-12-27 04:00:00,1.806,1.818,1.776,1.799,240.39000000,1735286399999,432.06960000,69,139.91000000,251.76749000,0
2024-12-27 08:00:00,1.8,1.888,1.8,1.885,540.75000000,1735300799999,1002.11594000,105,388.84000000,721.64526000,0
2024-12-27 12:00:00,1.881,1.902,1.822,1.836,634.97000000,1735315199999,1187.72988000,115,210.71000000,394.82947000,0
2024-12-27 16:00:00,1.83,1.897,1.819,1.878,438.97000000,1735329599999,818.44610000,91,268.21000000,501.74950000,0
2024-12-27 20:00:00,1.872,1.884,1.842,1.854,260.26000000,1735343999999,483.30978000,74,76.21000000,141.70063000,0
2024-12-28 00:00:00,1.857,1.857,1.821,1.851,183.65000000,1735358399999,336.85645000,43,53.08000000,97.40238000,0
2024-12-28 04:00:00,1.842,1.876,1.835,1.835,200.86000000,1735372799999,372.92445000,62,132.72000000,246.63209000,0
2024-12-28 08:00:00,1.833,1.867,1.831,1.867,120.37000000,1735387199999,222.75939000,36,39.99000000,74.07683000,0
2024-12-28 12:00:00,1.868,1.897,1.854,1.87,334.30000000,1735401599999,629.56635000,66,207.57000000,391.23525000,0
2024-12-28 16:00:00,1.868,1.893,1.866,1.873,70.00000000,1735415999999,131.47855000,33,39.20000000,73.61737000,0
2024-12-28 20:00:00,1.878,1.907,1.878,1.897,476.01000000,1735430399999,905.20802000,35,345.65000000,658.10330000,0
2024-12-29 00:00:00,1.896,1.896,1.87,1.878,1612.29000000,1735444799999,3040.83433000,35,1522.69000000,2872.88077000,0
2024-12-29 04:00:00,1.873,1.884,1.86,1.884,45.54000000,1735459199999,85.22619000,20,24.39000000,45.67777000,0
2024-12-29 08:00:00,1.885,1.886,1.86,1.872,37.57000000,1735473599999,70.33609000,19,16.84000000,31.50659000,0
2024-12-29 12:00:00,1.866,1.878,1.839,1.839,148.28000000,1735487999999,275.03340000,60,74.80000000,138.88144000,0
2024-12-29 16:00:00,1.838,1.84,1.818,1.818,361.09000000,1735502399999,660.41957000,32,139.69000000,255.37952000,0
2024-12-29 20:00:00,1.817,1.818,1.795,1.812,457.92000000,1735516799999,829.53606000,40,47.56000000,85.94475000,0
2024-12-30 00:00:00,1.806,1.884,1.806,1.875,1084.83000000,1735531199999,2002.52438000,99,846.41000000,1559.36914000,0
2024-12-30 04:00:00,1.877,1.915,1.866,1.907,618.81000000,1735545599999,1179.67794000,65,433.61000000,828.02583000,0
2024-12-30 08:00:00,1.911,1.92,1.861,1.88,532.05000000,1735559999999,1004.56271000,88,215.15000000,410.38723000,0
2024-12-30 12:00:00,1.881,1.903,1.776,1.785,993.52000000,1735574399999,1803.32072000,170,206.13000000,378.22477000,0
2024-12-30 16:00:00,1.776,1.864,1.766,1.85,581.71000000,1735588799999,1058.47751000,105,304.49000000,556.16982000,0
2024-12-30 20:00:00,1.866,1.881,1.812,1.827,15096.35000000,1735603199999,28080.17533000,123,13837.72000000,25737.67161000,0
2024-12-31 00:00:00,1.823,1.823,1.785,1.794,234.36000000,1735617599999,421.52839000,59,65.19000000,117.37284000,0
2024-12-31 04:00:00,1.8,1.8,1.776,1.788,74.55000000,1735631999999,132.96352000,35,37.11000000,66.25247000,0
2024-12-31 08:00:00,1.793,1.83,1.793,1.811,124.67000000,1735646399999,226.03420000,42,74.00000000,134.16966000,0
2024-12-31 12:00:00,1.818,1.875,1.818,1.85,340.71000000,1735660799999,630.95973000,76,252.78000000,468.23415000,0
2024-12-31 16:00:00,1.847,1.849,1.782,1.788,815.20000000,1735675199999,1480.00089000,75,406.62000000,744.98040000,0
2024-12-31 20:00:00,1.786,1.786,1.74,1.756,837.79000000,1735689599999,1482.56297000,75,346.26000000,614.39843000,0
2025-01-01 00:00:00,1.758,1.785,1.758,1.764,88.45000000,1735703999999,156.78483000,39,51.62000000,91.44431000,0
2025-01-01 04:00:00,1.759,1.766,1.736,1.758,3910.45000000,1735718399999,6805.56376000,34,20.38000000,35.81311000,0
2025-01-01 08:00:00,1.755,1.77,1.738,1.77,3597.77000000,1735732799999,6313.81859000,38,44.63000000,78.20600000,0
2025-01-01 12:00:00,1.769,1.794,1.769,1.794,108.45000000,1735747199999,193.23452000,38,62.74000000,111.82331000,0
2025-01-01 16:00:00,1.797,1.835,1.776,1.835,743.26000000,1735761599999,1351.84401000,66,685.77000000,1248.30551000,0
2025-01-01 20:00:00,1.825,1.838,1.818,1.822,251.40000000,1735775999999,460.60378000,17,151.57000000,278.41705000,0
2025-01-02 00:00:00,1.812,1.848,1.812,1.836,199.16000000,1735790399999,365.64082000,40,131.99000000,243.05089000,0
2025-01-02 04:00:00,1.837,1.855,1.83,1.843,173.62000000,1735804799999,320.38807000,22,151.68000000,280.08983000,0
2025-01-02 08:00:00,1.842,1.877,1.842,1.866,141.64000000,1735819199999,264.04901000,31,108.30000000,202.05787000,0
2025-01-02 12:00:00,1.872,1.89,1.857,1.857,165.28000000,1735833599999,310.27851000,35,127.91000000,240.52356000,0
2025-01-02 16:00:00,1.855,1.89,1.855,1.875,80.16000000,1735847999999,150.29072000,29,50.66000000,95.01980000,0
2025-01-02 20:00:00,1.866,1.88,1.857,1.88,58.26000000,1735862399999,108.81229000,18,29.29000000,54.90380000,0
2025-01-03 00:00:00,1.88,1.89,1.867,1.882,109.53000000,1735876799999,205.83570000,31,39.88000000,75.06884000,0
2025-01-03 04:00:00,1.879,1.879,1.84,1.849,173.85000000,1735891199999,322.92707000,43,54.79000000,101.75712000,0
2025-01-03 08:00:00,1.848,1.896,1.848,1.894,153.13000000,1735905599999,287.79555000,39,114.39000000,215.12039000,0
2025-01-03 12:00:00,1.9,2.007,1.898,2.001,6294.41000000,1735919999999,12463.80290000,131,6152.09000000,12186.13269000,0
2025-01-03 16:00:00,2.003,2.019,1.989,2.014,323.77000000,1735934399999,645.97549000,39,60.30000000,121.20938000,0
2025-01-03 20:00:00,2.008,2.025,2.002,2.014,916.81000000,1735948799999,1851.74812000,25,486.89000000,983.48818000,0
2025-01-04 00:00:00,2.02,2.025,1.988,2.01,1261.95000000,1735963199999,2545.22574000,42,1189.85000000,2400.65928000,0
2025-01-04 04:00:00,2.008,2.05,1.994,2.044,1860.58000000,1735977599999,3761.69545000,53,1306.60000000,2655.04940000,0
2025-01-04 08:00:00,2.051,2.061,2.017,2.056,185.11000000,1735991999999,378.09225000,57,88.62000000,181.27140000,0
2025-01-04 12:00:00,2.051,2.114,2.049,2.051,2045.89000000,1736006399999,4244.91458000,146,1735.98000000,3603.77287000,0
2025-01-04 16:00:00,2.054,2.073,2.045,2.054,114.45000000,1736020799999,235.68592000,31,76.12000000,156.85031000,0
2025-01-04 20:00:00,2.076,2.084,2.063,2.067,558.56000000,1736035199999,1154.72898000,24,499.60000000,1032.83016000,0
2025-01-05 00:00:00,2.069,2.07,2.045,2.063,256.32000000,1736049599999,527.35947000,24,238.07000000,489.87822000,0
2025-01-05 04:00:00,2.064,2.092,2.064,2.092,136.92000000,1736063999999,284.71424000,52,51.81000000,107.80436000,0
2025-01-05 08:00:00,2.095,2.095,2.057,2.07,122.60000000,1736078399999,254.42341000,48,61.42000000,127.64071000,0
2025-01-05 12:00:00,2.076,2.082,2.031,2.069,186.38000000,1736092799999,382.23101000,65,78.94000000,161.96524000,0
2025-01-05 16:00:00,2.063,2.084,2.057,2.084,650.51000000,1736107199999,1349.78361000,27,135.55000000,280.90761000,0
2025-01-05 20:00:00,2.085,2.116,2.082,2.106,613.89000000,1736121599999,1288.16362000,51,312.07000000,657.10466000,0
2025-01-06 00:00:00,2.095,2.127,2.075,2.113,240.09000000,1736135999999,505.84802000,72,109.19000000,229.90804000,0
2025-01-06 04:00:00,2.113,2.125,2.082,2.095,122.19000000,1736150399999,256.34469000,42,53.80000000,112.97353000,0
2025-01-06 08:00:00,2.101,2.101,2.082,2.1,135.55000000,1736164799999,284.30409000,18,113.10000000,237.38175000,0
2025-01-06 12:00:00,2.088,2.133,2.066,2.133,396.29000000,1736179199999,832.83540000,79,247.18000000,521.98953000,0
2025-01-06 16:00:00,2.135,2.181,2.107,2.134,1935.03000000,1736193599999,4165.34434000,131,1681.11000000,3621.45741000,0
2025-01-06 20:00:00,2.127,2.127,2.095,2.107,140.63000000,1736207999999,295.83243000,38,44.48000000,93.66641000,0
2025-01-07 00:00:00,2.114,2.121,2.09,2.093,347.30000000,1736222399999,729.48691000,33,299.17000000,628.07731000,0
2025-01-07 04:00:00,2.099,2.099,2.084,2.088,130.97000000,1736236799999,273.31563000,23,16.40000000,34.30039000,0
2025-01-07 08:00:00,2.093,2.101,2.067,2.076,144.95000000,1736251199999,301.82170000,33,103.31000000,215.13744000,0
2025-01-07 12:00:00,2.082,2.091,1.952,1.977,3068.82000000,1736265599999,6116.72637000,145,195.66000000,393.83631000,0
2025-01-07 16:00:00,1.965,1.986,1.906,1.919,507.91000000,1736279999999,984.53191000,82,169.22000000,327.56511000,0
2025-01-07 20:00:00,1.906,1.913,1.885,1.896,539.01000000,1736294399999,1022.92146000,48,228.26000000,434.20507000,0
2025-01-08 00:00:00,1.902,1.92,1.854,1.86,432.73000000,1736308799999,815.54074000,84,80.75000000,152.60055000,0
2025-01-08 04:00:00,1.854,1.854,1.788,1.818,2203.33000000,1736323199999,4032.61224000,109,681.69000000,1232.24429000,0
2025-01-08 08:00:00,1.821,1.842,1.806,1.812,114.92000000,1736337599999,209.81948000,40,61.60000000,112.52139000,0
2025-01-08 12:00:00,1.818,1.844,1.812,1.818,116.69000000,1736351999999,213.25298000,32,78.84000000,144.28816000,0
2025-01-08 16:00:00,1.812,1.812,1.716,1.776,2301.53000000,1736366399999,4094.32381000,215,1331.36000000,2383.75449000,0
2025-01-08 20:00:00,1.77,1.808,1.766,1.808,10118.04000000,1736380799999,18088.35393000,62,1313.64000000,2347.54726000,0
2025-01-09 00:00:00,1.803,1.832,1.803,1.803,222.56000000,1736395199999,404.09416000,34,169.48000000,307.91455000,0
2025-01-09 04:00:00,1.8,1.806,1.758,1.761,274.27000000,1736409599999,487.29937000,66,68.03000000,121.52719000,0
2025-01-09 08:00:00,1.764,1.79,1.759,1.781,121.58000000,1736423999999,215.44046000,28,74.44000000,131.94289000,0
2025-01-09 12:00:00,1.77,1.803,1.722,1.792,10576.74000000,1736438399999,18295.46801000,147,10241.05000000,17709.11304000,0
2025-01-09 16:00:00,1.794,1.794,1.733,1.733,285.48000000,1736452799999,499.12220000,78,61.09000000,107.24054000,0
2025-01-09 20:00:00,1.736,1.759,1.714,1.752,276.84000000,1736467199999,481.28855000,59,206.26000000,358.86043000,0
2025-01-10 00:00:00,1.758,1.772,1.748,1.772,38.70000000,1736481599999,68.18303000,14,26.87000000,47.39308000,0
2025-01-10 04:00:00,1.772,1.818,1.753,1.807,661.46000000,1736495999999,1176.16321000,58,329.79000000,591.93862000,0
2025-01-10 08:00:00,1.812,1.812,1.791,1.8,286.64000000,1736510399999,514.37385000,16,12.24000000,22.10532000,0
2025-01-10 12:00:00,1.794,1.8,1.734,1.776,1136.12000000,1736524799999,2001.62141000,147,554.84000000,978.05789000,0
2025-01-10 16:00:00,1.764,1.806,1.752,1.794,189.51000000,1736539199999,337.95462000,68,119.14000000,212.51968000,0
2025-01-10 20:00:00,1.788,1.794,1.788,1.794,222.11000000,1736553599999,398.44068000,9,4.11000000,7.37334000,0
2025-01-11 00:00:00,1.794,1.794,1.782,1.782,122.02000000,1736567999999,218.80278000,4,113.79000000,204.11226000,0
2025-01-11 04:00:00,1.781,1.788,1.776,1.776,20.89000000,1736582399999,37.16128000,11,10.70000000,19.05927000,0
2025-01-11 08:00:00,1.776,1.795,1.764,1.795,102.87000000,1736596799999,182.77445000,27,25.41000000,45.30912000,0
2025-01-11 12:00:00,1.791,1.791,1.776,1.776,19.11000000,1736611199999,34.09626000,6,4.12000000,7.36656000,0
2025-01-11 16:00:00,1.781,1.787,1.781,1.787,7.54000000,1736625599999,13.43818000,5,7.54000000,13.43818000,0
2025-01-11 20:00:00,1.785,1.818,1.784,1.798,302.99000000,1736639999999,547.60244000,51,167.10000000,302.32567000,0
2025-01-12 00:00:00,1.794,1.802,1.789,1.802,128.21000000,1736654399999,230.86834000,8,114.77000000,206.78108000,0
2025-01-12 04:00:00,1.806,1.806,1.794,1.794,175.89000000,1736668799999,316.11102000,6,167.72000000,301.42956000,0
2025-01-12 08:00:00,1.79,1.79,1.778,1.778,60.57000000,1736683199999,107.86828000,11,14.55000000,25.95529000,0
2025-01-12 12:00:00,1.788,1.808,1.788,1.808,77.37000000,1736697599999,139.38995000,22,60.68000000,109.37522000,0
2025-01-12 16:00:00,1.812,1.812,1.79,1.79,229.10000000,1736711999999,411.79996000,17,52.25000000,93.63194000,0
2025-01-12 20:00:00,1.8,1.801,1.765,1.777,187.01000000,1736726399999,331.49386000,34,40.29000000,71.68724000,0
2025-01-13 00:00:00,1.782,1.824,1.736,1.744,734.16000000,1736740799999,1305.88419000,100,443.54000000,792.79606000,0
2025-01-13 04:00:00,1.746,1.758,1.691,1.71,513.47000000,1736755199999,877.33181000,53,68.43000000,117.68912000,0
2025-01-13 08:00:00,1.71,1.71,1.608,1.608,5031.19000000,1736769599999,8339.02498000,89,106.66000000,176.01474000,0
2025-01-13 12:00:00,1.604,1.677,1.592,1.674,793.11000000,1736783999999,1287.53269000,93,234.43000000,386.29227000,0
2025-01-13 16:00:00,1.659,1.668,1.614,1.65,334.00000000,1736798399999,549.34793000,82,216.22000000,356.13554000,0
2025-01-13 20:00:00,1.638,1.734,1.632,1.71,402.74000000,1736812799999,683.40309000,68,347.38000000,589.94480000,0
2025-01-14 00:00:00,1.71,1.737,1.705,1.737,304.66000000,1736827199999,520.21738000,14,28.11000000,48.61358000,0
2025-01-14 04:00:00,1.738,1.755,1.738,1.751,305.30000000,1736841599999,533.79406000,30,245.37000000,429.36783000,0
2025-01-14 08:00:00,1.743,1.79,1.741,1.756,557.14000000,1736855999999,982.40339000,46,271.32000000,479.43184000,0
2025-01-14 12:00:00,1.754,1.771,1.75,1.764,47.47000000,1736870399999,83.53673000,17,18.24000000,32.15988000,0
2025-01-14 16:00:00,1.758,1.771,1.752,1.771,2340.89000000,1736884799999,4145.34583000,20,2327.12000000,4121.09950000,0
2025-01-14 20:00:00,1.771,1.79,1.77,1.79,304.11000000,1736899199999,539.86036000,8,300.59000000,533.62996000,0
2025-01-15 00:00:00,1.789,1.794,1.776,1.781,26.05000000,1736913599999,46.44561000,18,21.91000000,39.09297000,0
2025-01-15 04:00:00,1.788,1.803,1.78,1.803,715.46000000,1736927999999,1275.50765000,14,270.41000000,481.94690000,0
2025-01-15 08:00:00,1.794,1.794,1.752,1.758,333.89000000,1736942399999,590.82638000,28,32.99000000,58.20955000,0
2025-01-15 12:00:00,1.758,1.854,1.746,1.848,744.27000000,1736956799999,1358.32486000,99,602.45000000,1100.89633000,0
2025-01-15 16:00:00,1.854,1.888,1.83,1.876,1537.72000000,1736971199999,2878.14509000,69,1266.28000000,2372.03370000,0
2025-01-15 20:00:00,1.884,1.901,1.875,1.9,287.58000000,1736985599999,544.53458000,28,236.47000000,448.41242000,0
2025-01-16 00:00:00,1.9,1.905,1.857,1.858,2043.34000000,1736999999999,3817.70474000,46,1190.63000000,2221.55226000,0
2025-01-16 04:00:00,1.866,1.879,1.859,1.873,233.10000000,1737014399999,434.89685000,13,122.49000000,229.06309000,0
2025-01-16 08:00:00,1.872,1.872,1.837,1.872,191.90000000,1737028799999,355.54208000,52,58.69000000,109.04917000,0
2025-01-16 12:00:00,1.878,1.913,1.831,1.877,941.99000000,1737043199999,1763.44548000,150,423.28000000,797.76253000,0
2025-01-16 16:00:00,1.888,1.909,1.858,1.872,503.83000000,1737057599999,951.13202000,90,314.44000000,595.88879000,0
2025-01-16 20:00:00,1.874,1.883,1.828,1.836,589.60000000,1737071999999,1081.69799000,69,69.40000000,128.53644000,0
2025-01-17 00:00:00,1.842,1.899,1.84,1.875,451.82000000,1737086399999,850.61175000,76,294.51000000,555.07394000,0
2025-01-17 04:00:00,1.884,1.907,1.884,1.903,892.50000000,1737100799999,1685.85873000,19,875.92000000,1654.36953000,0
2025-01-17 08:00:00,1.899,1.946,1.896,1.936,423.13000000,1737115199999,813.47694000,60,333.75000000,642.22104000,0
2025-01-17 12:00:00,1.931,1.937,1.912,1.913,120.82000000,1737129599999,232.25821000,51,55.70000000,107.19016000,0
2025-01-17 16:00:00,1.925,1.933,1.907,1.925,140.13000000,1737143999999,269.21208000,26,31.35000000,60.25768000,0
2025-01-17 20:00:00,1.927,1.99,1.92,1.971,1134.32000000,1737158399999,2220.60163000,90,266.28000000,522.85887000,0
2025-01-18 00:00:00,1.969,1.992,1.914,1.916,3945.22000000,1737172799999,7769.01459000,96,712.26000000,1410.53817000,0
2025-01-18 04:00:00,1.922,1.923,1.833,1.835,1276.29000000,1737187199999,2395.14396000,174,539.13000000,1019.60982000,0
2025-01-18 08:00:00,1.83,1.848,1.803,1.848,356.85000000,1737201599999,649.55290000,105,134.64000000,245.86374000,0
2025-01-18 12:00:00,1.837,1.853,1.812,1.829,1101.75000000,1737215999999,2007.88841000,68,126.13000000,231.60824000,0
2025-01-18 16:00:00,1.824,1.834,1.788,1.803,474.34000000,1737230399999,856.96592000,94,96.93000000,174.86967000,0
2025-01-18 20:00:00,1.806,1.831,1.782,1.829,267.71000000,1737244799999,482.46722000,56,97.05000000,176.02652000,0
2025-01-19 00:00:00,1.824,1.894,1.824,1.878,1404.58000000,1737259199999,2629.62199000,89,764.75000000,1436.02579000,0
2025-01-19 04:00:00,1.872,1.878,1.825,1.838,354.29000000,1737273599999,654.37959000,103,100.76000000,186.54288000,0
2025-01-19 08:00:00,1.834,1.834,1.702,1.702,2290.87000000,1737287999999,4015.22051000,250,401.60000000,707.18014000,0
2025-01-19 12:00:00,1.712,1.896,1.712,1.872,1684.33000000,1737302399999,3087.34023000,214,1394.38000000,2562.49979000,0
2025-01-19 16:00:00,1.878,1.917,1.872,1.89,377.60000000,1737316799999,715.14900000,69,191.60000000,363.96376000,0
2025-01-19 20:00:00,1.896,1.902,1.686,1.707,2244.40000000,1737331199999,3966.91215000,327,848.46000000,1491.41005000,0
2025-01-20 00:00:00,1.698,1.7,1.632,1.692,1895.54000000,1737345599999,3144.85581000,184,370.05000000,620.57042000,0
2025-01-20 04:00:00,1.692,1.854,1.686,1.807,3291.36000000,1737359999999,5789.55887000,208,2810.32000000,4938.07570000,0
2025-01-20 08:00:00,1.804,1.83,1.772,1.8,286.99000000,1737374399999,516.32175000,82,167.80000000,301.65452000,0
2025-01-20 12:00:00,1.799,1.802,1.726,1.758,1188.99000000,1737388799999,2106.32528000,157,627.90000000,1121.70010000,0
2025-01-20 16:00:00,1.768,1.778,1.658,1.732,4645.37000000,1737403199999,7976.17410000,208,597.02000000,1038.19745000,0
2025-01-20 20:00:00,1.746,1.749,1.69,1.708,457.17000000,1737417599999,786.25887000,48,185.05000000,320.84831000,0
2025-01-21 00:00:00,1.699,1.707,1.647,1.66,777.72000000,1737431999999,1292.72788000,80,145.86000000,244.87757000,0
2025-01-21 04:00:00,1.65,1.665,1.626,1.656,237.77000000,1737446399999,390.65464000,38,70.69000000,116.38706000,0
2025-01-21 08:00:00,1.65,1.74,1.65,1.725,5081.75000000,1737460799999,8776.82435000,100,4919.22000000,8501.37094000,0
2025-01-21 12:00:00,1.734,1.752,1.708,1.722,338.47000000,1737475199999,586.47994000,39,204.15000000,355.01698000,0
2025-01-21 16:00:00,1.728,1.786,1.728,1.76,663.64000000,1737489599999,1170.42055000,72,504.63000000,891.55311000,0
2025-01-21 20:00:00,1.751,1.764,1.742,1.743,112.17000000,1737503999999,196.24132000,14,74.12000000,129.81230000,0
2025-01-22 00:00:00,1.752,1.764,1.746,1.764,400.72000000,1737518399999,700.95409000,18,29.85000000,52.47870000,0
2025-01-22 04:00:00,1.752,1.763,1.738,1.738,75.82000000,1737532799999,132.31367000,19,17.35000000,30.36507000,0
2025-01-22 08:00:00,1.736,1.764,1.722,1.764,298.56000000,1737547199999,518.03384000,37,75.84000000,132.41968000,0
2025-01-22 12:00:00,1.759,1.759,1.716,1.722,208.23000000,1737561599999,360.63956000,39,82.19000000,142.34797000,0
2025-01-22 16:00:00,1.724,1.747,1.719,1.734,108.26000000,1737575999999,187.33183000,23,34.89000000,60.54074000,0
2025-01-22 20:00:00,1.732,1.732,1.708,1.709,76.36000000,1737590399999,131.26008000,19,32.59000000,56.19882000,0
2025-01-23 00:00:00,1.716,1.716,1.683,1.698,550.53000000,1737604799999,931.58888000,39,255.70000000,432.43919000,0
2025-01-23 04:00:00,1.692,1.704,1.674,1.704,141.20000000,1737619199999,238.62160000,38,91.48000000,154.73176000,0
2025-01-23 08:00:00,1.7,1.706,1.676,1.686,58.57000000,1737633599999,98.88454000,19,25.30000000,42.69336000,0
2025-01-23 12:00:00,1.68,1.722,1.662,1.71,446.42000000,1737647999999,756.00923000,77,227.60000000,387.77263000,0
2025-01-23 16:00:00,1.712,1.734,1.662,1.662,559.31000000,1737662399999,948.74697000,88,231.07000000,394.69234000,0
2025-01-23 20:00:00,1.661,1.734,1.661,1.722,601.95000000,1737676799999,1025.56309000,104,390.23000000,666.00821000,0
2025-01-24 00:00:00,1.722,1.722,1.686,1.71,204.97000000,1737691199999,349.65256000,44,68.23000000,116.12687000,0
2025-01-24 04:00:00,1.704,1.794,1.698,1.763,985.94000000,1737705599999,1737.50680000,97,802.33000000,1414.46359000,0
2025-01-24 08:00:00,1.77,1.782,1.764,1.776,42.76000000,1737719999999,75.75582000,11,23.37000000,41.47020000,0
2025-01-24 12:00:00,1.782,1.81,1.771,1.8,339.29000000,1737734399999,609.51039000,49,241.98000000,435.35927000,0
2025-01-24 16:00:00,1.794,1.794,1.77,1.771,97.97000000,1737748799999,174.28698000,19,16.24000000,28.92795000,0
2025-01-24 20:00:00,1.768,1.769,1.714,1.717,2127.49000000,1737763199999,3729.59416000,70,910.96000000,1590.13088000,0
2025-01-25 00:00:00,1.714,1.714,1.676,1.71,761.71000000,1737777599999,1297.77788000,71,400.07000000,684.04561000,0
2025-01-25 04:00:00,1.704,1.704,1.667,1.667,244.00000000,1737791999999,409.51556000,28,32.84000000,55.14029000,0
2025-01-25 08:00:00,1.666,1.674,1.644,1.674,144.34000000,1737806399999,239.10084000,40,85.13000000,140.96664000,0
2025-01-25 12:00:00,1.668,1.686,1.662,1.68,2691.33000000,1737820799999,4499.79722000,22,2344.07000000,3921.60083000,0
2025-01-25 16:00:00,1.674,1.674,1.656,1.657,76.68000000,1737835199999,127.71361000,22,23.50000000,39.11055000,0
2025-01-25 20:00:00,1.66,1.662,1.634,1.634,516.16000000,1737849599999,846.85725000,28,19.56000000,32.29693000,0
2025-01-26 00:00:00,1.633,1.656,1.631,1.656,304.06000000,1737863999999,498.28101000,20,161.90000000,266.21898000,0
2025-01-26 04:00:00,1.662,1.673,1.645,1.646,149.25000000,1737878399999,247.68603000,30,120.03000000,199.20405000,0
2025-01-26 08:00:00,1.644,1.644,1.624,1.629,50.06000000,1737892799999,81.70212000,15,9.89000000,16.13766000,0
2025-01-26 12:00:00,1.63,1.632,1.626,1.626,3.01000000,1737907199999,4.90613000,4,3.01000000,4.90613000,0
2025-01-26 16:00:00,1.622,1.644,1.513,1.644,6978.67000000,1737921599999,11182.15587000,67,1127.77000000,1836.70648000,0
2025-01-26 20:00:00,1.639,1.639,1.566,1.566,538.98000000,1737935999999,858.56986000,47,68.58000000,109.03453000,0
2025-01-27 00:00:00,1.562,1.562,1.442,1.451,4106.43000000,1737950399999,6081.45508000,130,919.68000000,1360.76692000,0
2025-01-27 04:00:00,1.439,1.442,1.327,1.379,6889.24000000,1737964799999,9420.31229000,101,1669.50000000,2266.77875000,0
2025-01-27 08:00:00,1.369,1.395,1.359,1.368,705.73000000,1737979199999,967.88808000,26,683.90000000,937.96773000,0
2025-01-27 12:00:00,1.365,1.441,1.365,1.426,258.55000000,1737993599999,366.20589000,53,177.90000000,251.73110000,0
2025-01-27 16:00:00,1.421,1.429,1.399,1.421,172.63000000,1738007999999,243.69952000,38,84.99000000,120.10378000,0
2025-01-27 20:00:00,1.428,1.501,1.428,1.449,1404.97000000,1738022399999,2068.13734000,88,384.13000000,568.05168000,0
2025-01-28 00:00:00,1.456,1.47,1.439,1.466,428.70000000,1738036799999,622.02002000,35,98.69000000,143.74944000,0
2025-01-28 04:00:00,1.465,1.471,1.455,1.455,87.60000000,1738051199999,128.24826000,11,64.44000000,94.45471000,0
2025-01-28 08:00:00,1.451,1.451,1.444,1.444,44.59000000,1738065599999,64.53020000,10,11.36000000,16.45422000,0
2025-01-28 12:00:00,1.442,1.456,1.414,1.441,5743.78000000,1738079999999,8215.34126000,50,471.82000000,680.52405000,0
2025-01-28 16:00:00,1.436,1.436,1.4,1.4,2675.94000000,1738094399999,3749.28242000,35,2519.49000000,3527.69616000,0
2025-01-28 20:00:00,1.406,1.411,1.366,1.379,77.94000000,1738108799999,108.32558000,18,24.98000000,34.78679000,0
2025-01-29 00:00:00,1.382,1.412,1.38,1.412,131.15000000,1738123199999,183.99371000,16,122.13000000,171.41726000,0
2025-01-29 04:00:00,1.412,1.494,1.412,1.483,366.23000000,1738137599999,531.73535000,56,319.53000000,464.05046000,0
2025-01-29 08:00:00,1.492,1.492,1.451,1.461,335.42000000,1738151999999,489.33428000,21,271.94000000,396.48148000,0
2025-01-29 12:00:00,1.456,1.456,1.419,1.426,157.68000000,1738166399999,226.37507000,28,54.51000000,78.47349000,0
2025-01-29 16:00:00,1.421,1.471,1.411,1.45,1499.25000000,1738180799999,2131.64016000,52,952.77000000,1355.19766000,0
2025-01-29 20:00:00,1.446,1.501,1.436,1.436,3400.21000000,1738195199999,5083.18322000,82,3260.61000000,4879.42440000,0
2025-01-30 00:00:00,1.436,1.478,1.423,1.476,368.86000000,1738209599999,537.92041000,36,260.34000000,380.83400000,0
2025-01-30 04:00:00,1.486,1.491,1.476,1.476,42.97000000,1738223999999,63.82504000,11,20.35000000,30.26659000,0
2025-01-30 08:00:00,1.481,1.5,1.475,1.489,65.32000000,1738238399999,97.42234000,11,57.83000000,86.37043000,0
2025-01-30 12:00:00,1.481,1.5,1.481,1.496,34.24000000,1738252799999,51.15569000,13,17.63000000,26.41655000,0
2025-01-30 16:00:00,1.487,1.496,1.473,1.473,749.83000000,1738267199999,1112.01771000,19,18.61000000,27.64601000,0
2025-01-30 20:00:00,1.482,1.482,1.456,1.456,77.23000000,1738281599999,113.30035000,21,22.65000000,33.31613000,0
2025-01-31 00:00:00,1.46,1.46,1.396,1.399,412.45000000,1738295999999,585.54355000,49,162.25000000,230.59570000,0
2025-01-31 04:00:00,1.391,1.442,1.384,1.421,1017.21000000,1738310399999,1428.35472000,41,235.61000000,330.09629000,0
2025-01-31 08:00:00,1.416,1.45,1.401,1.434,157.38000000,1738324799999,225.16244000,30,119.77000000,171.78597000,0
2025-01-31 12:00:00,1.451,1.488,1.435,1.486,331.28000000,1738339199999,485.98894000,67,247.74000000,364.14975000,0
2025-01-31 16:00:00,1.486,1.496,1.428,1.441,166.36000000,1738353599999,242.99791000,43,50.16000000,73.50711000,0
2025-01-31 20:00:00,1.436,1.441,1.417,1.427,100.02000000,1738367999999,142.65005000,19,32.26000000,46.20691000,0
2025-02-01 00:00:00,1.428,1.455,1.414,1.441,2183.61000000,1738382399999,3148.02152000,24,2103.24000000,3034.09642000,0
2025-02-01 04:00:00,1.431,1.448,1.421,1.421,1445.51000000,1738396799999,2069.80165000,15,12.80000000,18.38162000,0
2025-02-01 08:00:00,1.419,1.419,1.387,1.404,218.17000000,1738411199999,305.97184000,27,29.54000000,41.38381000,0
2025-02-01 12:00:00,1.402,1.421,1.39,1.392,67.19000000,1738425599999,93.98861000,9,23.77000000,33.56279000,0
2025-02-01 16:00:00,1.411,1.411,1.373,1.38,238.47000000,1738439999999,330.22518000,17,71.23000000,99.75114000,0
2025-02-01 20:00:00,1.371,1.371,1.329,1.341,781.58000000,1738454399999,1058.58042000,33,76.35000000,103.60930000,0
2025-02-02 00:00:00,1.344,1.359,1.289,1.293,901.56000000,1738468799999,1177.05981000,36,196.28000000,257.37327000,0
2025-02-02 04:00:00,1.295,1.336,1.295,1.308,206.05000000,1738483199999,272.56027000,20,185.89000000,246.05558000,0
2025-02-02 08:00:00,1.329,1.331,1.273,1.281,628.72000000,1738497599999,812.01226000,24,14.83000000,19.12527000,0
2025-02-02 12:00:00,1.286,1.3,1.27,1.285,335.75000000,1738511999999,430.92496000,12,193.40000000,250.06622000,0
2025-02-02 16:00:00,1.286,1.286,1.124,1.158,1981.71000000,1738526399999,2377.92744000,104,501.20000000,589.85023000,0
2025-02-02 20:00:00,1.159,1.19,1.051,1.112,3283.65000000,1738540799999,3772.71285000,89,2009.93000000,2355.94949000,0
2025-02-03 00:00:00,1.113,1.116,0.787,0.919,14055.39000000,1738555199999,12840.28462000,237,8428.76000000,7756.31261000,0
2025-02-03 04:00:00,0.92,1.12,0.915,1.119,3306.67000000,1738569599999,3251.41766000,134,772.58000000,793.30931000,0
2025-02-03 08:00:00,1.099,1.12,1.072,1.102,860.60000000,1738583999999,950.36190000,41,548.54000000,605.65662000,0
2025-02-03 12:00:00,1.11,1.184,1.057,1.165,2185.70000000,1738598399999,2447.42370000,107,1439.18000000,1611.20611000,0
2025-02-03 16:00:00,1.178,1.209,1.136,1.2,339.76000000,1738612799999,395.52298000,50,184.02000000,217.04763000,0
2025-02-03 20:00:00,1.185,1.19,1.167,1.18,71.78000000,1738627199999,84.56038000,12,16.69000000,19.77533000,0
2025-02-04 00:00:00,1.192,1.192,1.129,1.148,700.46000000,1738641599999,807.40971000,39,94.68000000,109.80683000,0
2025-02-04 04:00:00,1.152,1.154,1.061,1.062,2081.49000000,1738655999999,2350.93477000,43,492.14000000,546.81856000,0
2025-02-04 08:00:00,1.058,1.098,1.048,1.092,235.73000000,1738670399999,252.09052000,54,117.92000000,126.71195000,0
2025-02-04 12:00:00,1.082,1.12,1.082,1.108,322.65000000,1738684799999,357.28834000,39,96.90000000,107.09551000,0
2025-02-04 16:00:00,1.102,1.168,1.102,1.122,2899.85000000,1738699199999,3266.39957000,40,2654.75000000,2985.28737000,0
2025-02-04 20:00:00,1.112,1.126,1.078,1.108,290.78000000,1738713599999,322.54914000,25,211.20000000,234.92172000,0
2025-02-05 00:00:00,1.116,1.123,1.082,1.123,147.80000000,1738727999999,163.58578000,27,86.09000000,95.35567000,0
2025-02-05 04:00:00,1.114,1.122,1.105,1.116,67.70000000,1738742399999,75.38578000,13,54.20000000,60.33424000,0
2025-02-05 08:00:00,1.121,1.138,1.106,1.138,51.27000000,1738756799999,57.79621000,14,12.88000000,14.58936000,0
2025-02-05 12:00:00,1.125,1.134,1.112,1.119,26.31000000,1738771199999,29.49567000,8,12.68000000,14.28192000,0
2025-02-05 16:00:00,1.11,1.11,1.078,1.102,63.43000000,1738785599999,69.25797000,15,34.02000000,37.27207000,0
2025-02-05 20:00:00,1.11,1.11,1.083,1.091,33.37000000,1738799999999,36.37671000,11,14.13000000,15.50074000,0
2025-02-06 00:00:00,1.102,1.106,1.102,1.105,5.99000000,1738814399999,6.61028000,3,3.42000000,3.76884000,0
2025-02-06 04:00:00,1.112,1.127,1.102,1.119,149.49000000,1738828799999,165.49284000,14,31.41000000,35.07719000,0
2025-02-06 08:00:00,1.114,1.121,1.103,1.104,29.84000000,1738843199999,33.20738000,10,17.17000000,19.04947000,0
2025-02-06 12:00:00,1.095,1.109,1.045,1.05,291.45000000,1738857599999,312.37251000,21,169.57000000,182.41184000,0
2025-02-06 16:00:00,1.053,1.054,1.04,1.051,438.71000000,1738871999999,456.72308000,12,9.66000000,10.14878000,0
2025-02-06 20:00:00,1.047,1.047,1.028,1.028,485.11000000,1738886399999,505.82075000,11,162.09000000,167.84790000,0
2025-02-07 00:00:00,1.048,1.074,1.044,1.074,28.21000000,1738900799999,29.88456000,5,20.96000000,22.22808000,0
2025-02-07 04:00:00,1.061,1.061,1.034,1.058,85.91000000,1738915199999,89.91006000,8,28.85000000,30.40672000,0
2025-02-07 08:00:00,1.058,1.079,1.058,1.079,171.38000000,1738929599999,184.45713000,8,22.42000000,24.08638000,0
2025-02-07 12:00:00,1.066,1.113,1.064,1.083,161.50000000,1738943999999,175.66051000,22,132.88000000,144.80627000,0
2025-02-07 16:00:00,1.066,1.076,1.045,1.051,151.65000000,1738958399999,159.94884000,17,100.90000000,106.40148000,0
2025-02-07 20:00:00,1.036,1.036,0.997,1.01,614.82000000,1738972799999,622.61690000,26,325.57000000,330.92116000,0
2025-02-08 00:00:00,1.019,1.029,1.011,1.012,174.93000000,1738987199999,179.81797000,8,16.17000000,16.50129000,0
2025-02-08 04:00:00,1.007,1.021,1.007,1.021,162.44000000,1739001599999,163.61240000,5,0.00000000,0.00000000,0
2025-02-08 08:00:00,1.01,1.027,1.002,1.014,11.68000000,1739015999999,11.83743000,7,3.78000000,3.85875000,0
2025-02-08 12:00:00,1.014,1.035,1.014,1.023,121.17000000,1739030399999,125.01738000,8,108.30000000,111.82068000,0
2025-02-08 16:00:00,1.022,1.052,1.019,1.051,695.71000000,1739044799999,718.24419000,19,507.66000000,523.26329000,0
2025-02-08 20:00:00,1.052,1.067,1.052,1.067,240.79000000,1739059199999,256.44001000,13,210.67000000,224.58641000,0
2025-02-09 00:00:00,1.063,1.085,1.063,1.085,2405.38000000,1739073599999,2560.17171000,21,66.98000000,72.32306000,0
2025-02-09 04:00:00,1.074,1.08,1.069,1.08,118.53000000,1739087999999,126.99998000,10,26.68000000,28.60883000,0
2025-02-09 08:00:00,1.082,1.083,1.072,1.077,10.93000000,1739102399999,11.79251000,7,4.05000000,4.38062000,0
2025-02-09 12:00:00,1.064,1.077,1.053,1.076,50.63000000,1739116799999,53.88435000,11,8.15000000,8.61070000,0
2025-02-09 16:00:00,1.081,1.086,1.064,1.064,36.50000000,1739131199999,39.36507000,9,19.77000000,21.28749000,0
2025-02-09 20:00:00,1.063,1.082,1.023,1.082,1733.74000000,1739145599999,1850.61140000,58,1453.85000000,1553.51455000,0
2025-02-10 00:00:00,1.085,1.098,1.04,1.079,604.02000000,1739159999999,644.52618000,50,332.53000000,357.90533000,0
2025-02-10 04:00:00,1.064,1.103,1.064,1.084,316.21000000,1739174399999,344.00247000,24,289.15000000,314.76773000,0
2025-02-10 08:00:00,1.092,1.097,1.088,1.088,85.17000000,1739188799999,92.71644000,3,0.00000000,0.00000000,0
2025-02-10 12:00:00,1.084,1.109,1.08,1.089,417.45000000,1739203199999,454.87356000,17,316.17000000,344.99018000,0
2025-02-10 16:00:00,1.099,1.118,1.099,1.115,878.74000000,1739217599999,978.06208000,16,856.51000000,953.49468000,0
2025-02-10 20:00:00,1.106,1.107,1.093,1.093,12.86000000,1739231999999,14.14291000,7,5.03000000,5.50924000,0
2025-02-11 00:00:00,1.108,1.124,1.101,1.101,296.27000000,1739246399999,331.08214000,12,119.32000000,133.93625000,0
2025-02-11 04:00:00,1.104,1.138,1.101,1.133,1358.41000000,1739260799999,1524.60083000,22,185.91000000,210.64742000,0
2025-02-11 08:00:00,1.13,1.13,1.112,1.112,209.90000000,1739275199999,235.82533000,10,120.90000000,136.50715000,0
2025-02-11 12:00:00,1.106,1.106,1.074,1.092,302.20000000,1739289599999,326.40737000,26,211.92000000,228.74244000,0
2025-02-11 16:00:00,1.083,1.092,1.054,1.058,1043.24000000,1739303999999,1106.55163000,20,18.01000000,19.30308000,0
2025-02-11 20:00:00,1.066,1.076,1.064,1.071,24.62000000,1739318399999,26.33404000,8,9.92000000,10.58068000,0
2025-02-12 00:00:00,1.068,1.081,1.064,1.064,21.29000000,1739332799999,22.85613000,7,8.57000000,9.16272000,0
2025-02-12 04:00:00,1.064,1.069,1.064,1.069,3.35000000,1739347199999,3.57635000,2,2.39000000,2.55491000,0
2025-02-12 08:00:00,1.071,1.082,1.064,1.074,308.73000000,1739361599999,332.17750000,8,305.83000000,329.07160000,0
2025-02-12 12:00:00,1.081,1.088,1.029,1.056,600.48000000,1739375999999,626.37368000,36,346.66000000,361.81984000,0
2025-02-12 16:00:00,1.06,1.102,1.06,1.097,1000.66000000,1739390399999,1083.03788000,39,363.35000000,393.82311000,0
2025-02-12 20:00:00,1.098,1.148,1.098,1.127,4078.68000000,1739404799999,4517.05726000,48,943.18000000,1046.18007000,0
2025-02-13 00:00:00,1.124,1.159,1.118,1.157,359.70000000,1739419199999,412.98952000,29,80.23000000,92.20478000,0
2025-02-13 04:00:00,1.153,1.153,1.116,1.116,684.13000000,1739433599999,776.45574000,19,423.21000000,481.02556000,0
2025-02-13 08:00:00,1.114,1.119,1.105,1.105,202.34000000,1739447999999,225.40885000,9,168.09000000,187.20505000,0
2025-02-13 12:00:00,1.106,1.108,1.09,1.108,63.94000000,1739462399999,70.19466000,11,17.19000000,18.85735000,0
2025-02-13 16:00:00,1.1,1.128,1.094,1.12,60.15000000,1739476799999,66.94049000,19,25.02000000,27.76770000,0
2025-02-13 20:00:00,1.124,1.129,1.118,1.122,16.78000000,1739491199999,18.85035000,5,3.96000000,4.44312000,0
2025-02-14 00:00:00,1.124,1.147,1.114,1.144,189.80000000,1739505599999,214.62765000,19,165.72000000,187.36452000,0
2025-02-14 04:00:00,1.133,1.135,1.133,1.135,93.51000000,1739519999999,106.12303000,3,5.41000000,6.12953000,0
2025-02-14 08:00:00,1.14,1.186,1.14,1.161,373.67000000,1739534399999,433.99017000,39,125.20000000,145.75899000,0
2025-02-14 12:00:00,1.16,1.181,1.152,1.175,49.88000000,1739548799999,58.20945000,17,24.18000000,28.09063000,0
2025-02-14 16:00:00,1.186,1.202,1.169,1.178,614.09000000,1739563199999,731.56178000,22,153.27000000,182.10245000,0
2025-02-14 20:00:00,1.168,1.177,1.145,1.159,244.86000000,1739577599999,283.28423000,13,28.38000000,32.98917000,0
2025-02-15 00:00:00,1.153,1.159,1.153,1.159,7.20000000,1739591999999,8.33423000,3,7.20000000,8.33423000,0
2025-02-15 04:00:00,1.152,1.152,1.144,1.144,8.39000000,1739606399999,9.63108000,3,6.75000000,7.74180000,0
2025-02-15 08:00:00,1.151,1.151,1.142,1.143,62.32000000,1739620799999,71.20354000,5,1.55000000,1.77320000,0
2025-02-15 12:00:00,1.146,1.146,1.129,1.131,219.27000000,1739635199999,249.79415000,12,31.47000000,35.77988000,0
2025-02-15 16:00:00,1.132,1.133,1.122,1.122,503.56000000,1739649599999,569.23584000,5,0.00000000,0.00000000,0
2025-02-15 20:00:00,1.125,1.125,1.114,1.123,288.21000000,1739663999999,322.88344000,7,40.95000000,45.94992000,0
2025-02-16 00:00:00,1.129,1.129,1.113,1.113,286.48000000,1739678399999,318.95410000,5,8.23000000,9.21273000,0
2025-02-16 04:00:00,1.124,1.13,1.122,1.122,9.84000000,1739692799999,11.07192000,3,2.94000000,3.29868000,0
2025-02-16 08:00:00,1.133,1.141,1.132,1.141,97.61000000,1739707199999,111.20103000,6,22.93000000,26.15505000,0
2025-02-16 12:00:00,1.144,1.146,1.122,1.13,20.68000000,1739721599999,23.41482000,8,10.39000000,11.69150000,0
2025-02-16 16:00:00,1.131,1.135,1.107,1.109,244.85000000,1739735999999,273.43120000,11,168.82000000,188.15463000,0
2025-02-16 20:00:00,1.105,1.118,1.105,1.117,15.41000000,1739750399999,17.11313000,5,7.02000000,7.75710000,0
2025-02-17 00:00:00,1.115,1.137,1.115,1.127,44.95000000,1739764799999,50.74528000,12,13.31000000,15.10517000,0
2025-02-17 04:00:00,1.122,1.137,1.11,1.137,351.78000000,1739779199999,395.74403000,18,230.85000000,259.99841000,0
2025-02-17 08:00:00,1.135,1.169,1.135,1.162,476.55000000,1739793599999,549.48727000,22,264.08000000,303.75260000,0
2025-02-17 12:00:00,1.168,1.202,1.165,1.191,2988.67000000,1739807999999,3522.31823000,41,882.92000000,1040.81113000,0
2025-02-17 16:00:00,1.165,1.183,1.153,1.175,263.00000000,1739822399999,305.26312000,28,181.59000000,210.10170000,0
2025-02-17 20:00:00,1.181,1.206,1.177,1.196,2110.69000000,1739836799999,2527.20965000,25,1916.37000000,2294.12952000,0
2025-02-18 00:00:00,1.197,1.212,1.174,1.176,344.18000000,1739851199999,413.10511000,27,83.07000000,99.94834000,0
2025-02-18 04:00:00,1.172,1.173,1.112,1.126,345.78000000,1739865599999,396.05327000,36,280.39000000,321.40244000,0
2025-02-18 08:00:00,1.11,1.121,1.095,1.095,131.45000000,1739879999999,144.87992000,19,44.49000000,49.22513000,0
2025-02-18 12:00:00,1.097,1.117,1.069,1.072,2559.29000000,1739894399999,2751.84110000,36,422.74000000,462.83009000,0
2025-02-18 16:00:00,1.062,1.076,1.05,1.073,145.02000000,1739908799999,153.74883000,12,14.97000000,15.94082000,0
2025-02-18 20:00:00,1.067,1.086,1.064,1.079,121.07000000,1739923199999,129.60666000,10,18.87000000,20.37613000,0
2025-02-19 00:00:00,1.086,1.103,1.079,1.103,874.15000000,1739937599999,952.65389000,19,24.47000000,26.86550000,0
2025-02-19 04:00:00,1.107,1.124,1.084,1.124,578.77000000,1739951999999,634.91815000,21,20.87000000,23.05129000,0
2025-02-19 08:00:00,1.121,1.146,1.119,1.146,333.05000000,1739966399999,376.05296000,18,283.78000000,320.31704000,0
2025-02-19 12:00:00,1.143,1.143,1.122,1.13,547.50000000,1739980799999,625.54773000,8,16.53000000,18.69714000,0
2025-02-19 16:00:00,1.131,1.148,1.127,1.135,431.83000000,1739995199999,492.83380000,27,411.28000000,469.45257000,0
2025-02-19 20:00:00,1.134,1.134,1.122,1.127,40.15000000,1740009599999,45.31960000,9,23.86000000,26.87260000,0
2025-02-20 00:00:00,1.13,1.15,1.127,1.144,112.43000000,1740023999999,127.92391000,19,93.77000000,106.62723000,0
2025-02-20 04:00:00,1.153,1.172,1.14,1.141,447.53000000,1740038399999,517.81949000,26,203.24000000,235.39488000,0
2025-02-20 08:00:00,1.138,1.151,1.138,1.151,14.58000000,1740052799999,16.65727000,7,10.62000000,12.12552000,0
2025-02-20 12:00:00,1.158,1.185,1.144,1.144,180.41000000,1740067199999,209.88505000,31,100.75000000,117.49979000,0
2025-02-20 16:00:00,1.141,1.168,1.13,1.152,99.60000000,1740081599999,114.54561000,29,60.80000000,69.86801000,0
2025-02-20 20:00:00,1.16,1.166,1.158,1.162,37.21000000,1740095999999,43.21524000,5,31.64000000,36.76090000,0
2025-02-21 00:00:00,1.163,1.174,1.159,1.159,75.55000000,1740110399999,88.16118000,13,56.14000000,65.50801000,0
2025-02-21 04:00:00,1.168,1.169,1.167,1.169,18.22000000,1740124799999,21.29502000,5,18.22000000,21.29502000,0
2025-02-21 08:00:00,1.17,1.194,1.168,1.182,693.52000000,1740139199999,825.26370000,18,669.28000000,796.61358000,0
2025-02-21 12:00:00,1.176,1.197,1.129,1.151,219.32000000,1740153599999,254.40354000,41,78.41000000,90.99966000,0
2025-02-21 16:00:00,1.154,1.167,1.084,1.084,636.56000000,1740167999999,701.14208000,39,218.83000000,244.47989000,0
2025-02-21 20:00:00,1.097,1.097,1.078,1.084,95.09000000,1740182399999,103.09685000,20,54.87000000,59.53767000,0
2025-02-22 00:00:00,1.085,1.103,1.074,1.077,304.88000000,1740196799999,328.65541000,25,221.88000000,239.27263000,0
2025-02-22 04:00:00,1.082,1.097,1.082,1.087,24.67000000,1740211199999,26.85074000,6,3.82000000,4.14228000,0
2025-02-22 08:00:00,1.094,1.12,1.094,1.113,232.09000000,1740225599999,258.60402000,19,40.85000000,45.42413000,0
2025-02-22 12:00:00,1.118,1.127,1.106,1.124,37.89000000,1740239999999,42.41417000,9,26.41000000,29.58313000,0
2025-02-22 16:00:00,1.13,1.151,1.13,1.144,200.95000000,1740254399999,229.43726000,23,151.46000000,173.00768000,0
2025-02-22 20:00:00,1.147,1.151,1.144,1.149,879.13000000,1740268799999,1007.51954000,7,6.10000000,6.99670000,0
2025-02-23 00:00:00,1.144,1.154,1.142,1.142,41.20000000,1740283199999,47.24542000,9,18.40000000,21.15440000,0
2025-02-23 04:00:00,1.143,1.174,1.143,1.174,225.07000000,1740297599999,260.98636000,19,46.44000000,54.25514000,0
2025-02-23 08:00:00,1.174,1.179,1.16,1.172,56.34000000,1740311999999,65.88654000,12,15.13000000,17.78089000,0
2025-02-23 12:00:00,1.168,1.174,1.159,1.16,35.14000000,1740326399999,41.01636000,12,7.92000000,9.21096000,0
2025-02-23 16:00:00,1.168,1.191,1.167,1.191,103.38000000,1740340799999,122.57138000,12,70.65000000,84.08398000,0
2025-02-23 20:00:00,1.175,1.18,1.168,1.18,63.10000000,1740355199999,73.98288000,20,32.68000000,38.37415000,0
2025-02-24 00:00:00,1.177,1.196,1.125,1.127,563.05000000,1740369599999,661.65257000,55,406.77000000,481.54091000,0
2025-02-24 04:00:00,1.12,1.129,1.101,1.118,558.20000000,1740383999999,619.80242000,31,206.45000000,230.26509000,0
2025-02-24 08:00:00,1.111,1.114,1.09,1.102,131.49000000,1740398399999,144.25922000,23,39.03000000,42.94540000,0
2025-02-24 12:00:00,1.105,1.105,1.061,1.064,387.37000000,1740412799999,416.57508000,45,246.41000000,265.36192000,0
2025-02-24 16:00:00,1.072,1.077,1.043,1.055,2400.99000000,1740427199999,2541.33716000,30,113.21000000,120.74352000,0
2025-02-24 20:00:00,1.057,1.071,0.982,1.001,6367.18000000,1740441599999,6407.04330000,93,1485.86000000,1511.26328000,0
2025-02-25 00:00:00,1.001,1.024,0.976,1.019,4468.69000000,1740455999999,4487.13807000,63,330.16000000,331.40607000,0
2025-02-25 04:00:00,1.01,1.01,0.937,0.966,939.21000000,1740470399999,911.33702000,57,606.25000000,590.32824000,0
2025-02-25 08:00:00,0.965,0.993,0.952,0.993,314.11000000,1740484799999,303.89740000,45,163.42000000,158.72951000,0
2025-02-25 12:00:00,0.996,1.019,0.988,1.004,270.06000000,1740499199999,270.38820000,25,34.71000000,34.99637000,0
2025-02-25 16:00:00,1.014,1.069,1.014,1.069,459.30000000,1740513599999,479.70258000,27,105.94000000,111.92888000,0
2025-02-25 20:00:00,1.075,1.09,1.057,1.076,1180.44000000,1740527999999,1278.56553000,30,920.13000000,999.05378000,0
2025-02-26 00:00:00,1.077,1.086,1.068,1.086,674.33000000,1740542399999,723.60915000,13,13.05000000,13.99298000,0
2025-02-26 04:00:00,1.09,1.096,1.077,1.086,254.86000000,1740556799999,278.21187000,18,230.04000000,251.13555000,0
2025-02-26 08:00:00,1.081,1.091,1.075,1.075,33.63000000,1740571199999,36.38085000,9,13.02000000,14.05217000,0
2025-02-26 12:00:00,1.073,1.11,1.057,1.104,247.58000000,1740585599999,268.48473000,48,126.78000000,138.18213000,0
2025-02-26 16:00:00,1.108,1.13,1.075,1.097,1800.93000000,1740599999999,1997.25707000,79,1176.07000000,1304.06639000,0
2025-02-26 20:00:00,1.098,1.173,1.091,1.149,609.26000000,1740614399999,694.48167000,56,281.75000000,319.10907000,0
2025-02-27 00:00:00,1.163,1.202,1.16,1.197,2514.74000000,1740628799999,3005.77193000,44,2244.51000000,2684.90396000,0
2025-02-27 04:00:00,1.201,1.256,1.172,1.192,3979.59000000,1740643199999,4829.26437000,65,3660.23000000,4448.34238000,0
2025-02-27 08:00:00,1.189,1.189,1.163,1.163,151.53000000,1740657599999,178.21721000,23,49.55000000,58.10315000,0
2025-02-27 12:00:00,1.163,1.163,1.127,1.127,1444.08000000,1740671999999,1642.85592000,31,1234.53000000,1406.00656000,0
2025-02-27 16:00:00,1.127,1.127,1.097,1.1,328.43000000,1740686399999,365.43298000,21,277.88000000,309.37072000,0
2025-02-27 20:00:00,1.095,1.102,1.075,1.101,149.49000000,1740700799999,162.58367000,22,54.54000000,59.41275000,0
2025-02-28 00:00:00,1.107,1.111,1.057,1.057,437.46000000,1740715199999,469.89381000,48,257.59000000,276.73441000,0
2025-02-28 04:00:00,1.06,1.071,1.042,1.055,140.25000000,1740729599999,148.09364000,47,64.94000000,68.47437000,0
2025-02-28 08:00:00,1.052,1.069,1.031,1.031,303.76000000,1740743999999,316.23418000,31,241.84000000,251.36251000,0
2025-02-28 12:00:00,1.037,1.069,1.021,1.069,296.97000000,1740758399999,307.79709000,35,135.14000000,141.12899000,0
2025-02-28 16:00:00,1.085,1.096,1.075,1.093,557.15000000,1740772799999,604.33972000,17,250.64000000,272.62511000,0
2025-02-28 20:00:00,1.082,1.083,1.073,1.074,40.99000000,1740787199999,44.20254000,9,27.90000000,30.14388000,0
2025-03-01 00:00:00,1.074,1.085,1.06,1.083,529.52000000,1740801599999,565.94412000,24,182.26000000,193.81018000,0
2025-03-01 04:00:00,1.087,1.096,1.057,1.061,118.05000000,1740815999999,126.06554000,24,46.04000000,49.19775000,0
2025-03-01 08:00:00,1.061,1.061,1.029,1.033,288.70000000,1740830399999,299.80155000,21,242.39000000,251.60355000,0
2025-03-01 12:00:00,1.039,1.065,1.039,1.044,133.49000000,1740844799999,140.41789000,35,75.55000000,79.31425000,0
2025-03-01 16:00:00,1.042,1.049,1.037,1.042,24.15000000,1740859199999,25.15891000,10,19.85000000,20.65897000,0
2025-03-01 20:00:00,1.041,1.051,1.037,1.037,42.05000000,1740873599999,43.88493000,15,36.17000000,37.72239000,0
2025-03-02 00:00:00,1.042,1.046,1.032,1.045,60.40000000,1740887999999,62.76815000,12,31.53000000,32.81101000,0
2025-03-02 04:00:00,1.049,1.06,1.049,1.049,103.45000000,1740902399999,109.45413000,14,79.19000000,83.87455000,0
2025-03-02 08:00:00,1.047,1.075,1.047,1.072,59.92000000,1740916799999,63.86810000,18,13.34000000,14.19754000,0
2025-03-02 12:00:00,1.068,1.09,1.042,1.071,1924.58000000,1740931199999,2064.87190000,46,129.92000000,139.52129000,0
2025-03-02 16:00:00,1.077,1.174,1.077,1.165,931.49000000,1740945599999,1062.14574000,77,378.76000000,431.17413000,0
2025-03-02 20:00:00,1.168,1.173,1.158,1.17,347.29000000,1740959999999,405.13352000,19,134.76000000,157.77374000,0
2025-03-03 00:00:00,1.161,1.164,1.112,1.118,433.30000000,1740974399999,487.38567000,44,309.65000000,347.50730000,0
2025-03-03 04:00:00,1.123,1.137,1.092,1.113,415.29000000,1740988799999,463.75772000,27,41.58000000,46.26155000,0
2025-03-03 08:00:00,1.111,1.111,1.083,1.088,44.87000000,1741003199999,48.92115000,14,25.35000000,27.70315000,0
2025-03-03 12:00:00,1.087,1.101,1.07,1.073,529.43000000,1741017599999,570.70353000,23,206.10000000,221.60794000,0
2025-03-03 16:00:00,1.068,1.073,0.991,0.991,703.75000000,1741031999999,717.76314000,51,452.40000000,461.44482000,0
2025-03-03 20:00:00,0.999,0.999,0.965,0.988,230.28000000,1741046399999,225.66531000,35,69.07000000,67.73061000,0
2025-03-04 00:00:00,0.983,0.985,0.909,0.952,10455.07000000,1741060799999,9777.03143000,121,1410.06000000,1342.84772000,0
2025-03-04 04:00:00,0.957,0.978,0.95,0.962,288.63000000,1741075199999,278.07643000,34,50.90000000,49.01536000,0
2025-03-04 08:00:00,0.964,0.968,0.937,0.943,278.98000000,1741089599999,266.21877000,48,196.85000000,188.34776000,0
2025-03-04 12:00:00,0.937,0.972,0.911,0.93,1805.13000000,1741103999999,1680.66107000,64,1546.37000000,1433.83612000,0
2025-03-04 16:00:00,0.917,0.958,0.88,0.957,2569.43000000,1741118399999,2346.81440000,60,370.89000000,337.28103000,0
2025-03-04 20:00:00,0.96,0.983,0.931,0.931,3242.04000000,1741132799999,3108.83626000,285,860.73000000,835.83070000,0
2025-03-05 00:00:00,0.947,0.951,0.928,0.928,283.02000000,1741147199999,266.47649000,53,226.95000000,213.97647000,0
2025-03-05 04:00:00,0.935,0.954,0.932,0.954,1176.55000000,1741161599999,1113.09829000,17,24.72000000,23.49000000,0
2025-03-05 08:00:00,0.957,0.974,0.957,0.966,298.34000000,1741175999999,288.47859000,24,64.48000000,62.39555000,0
2025-03-05 12:00:00,0.965,0.975,0.953,0.965,424.08000000,1741190399999,409.64217000,55,305.94000000,296.35707000,0
2025-03-05 16:00:00,0.967,0.992,0.952,0.992,455.12000000,1741204799999,444.89123000,37,398.14000000,389.83797000,0
2025-03-05 20:00:00,0.995,1.007,0.988,0.988,625.96000000,1741219199999,624.26799000,13,443.22000000,441.54559000,0
2025-03-06 00:00:00,0.99,1.02,0.981,1.015,358.28000000,1741233599999,361.39463000,34,212.71000000,215.57527000,0
2025-03-06 04:00:00,1.018,1.041,1.001,1.008,1051.78000000,1741247999999,1081.45834000,77,381.26000000,393.92112000,0
2025-03-06 08:00:00,1.006,1.019,1.006,1.011,20.01000000,1741262399999,20.27683000,10,10.10000000,10.21774000,0
2025-03-06 12:00:00,1.004,1.004,0.982,1.001,289.30000000,1741276799999,288.21172000,22,218.22000000,217.66440000,0
2025-03-06 16:00:00,0.995,0.995,0.959,0.969,1260.97000000,1741291199999,1216.73652000,26,901.10000000,868.45783000,0
2025-03-06 20:00:00,0.963,0.974,0.952,0.952,193.58000000,1741305599999,186.01142000,50,88.19000000,85.04011000,0
2025-03-07 00:00:00,0.952,0.967,0.915,0.966,4906.12000000,1741319999999,4515.21599000,50,4395.57000000,4033.86429000,0
2025-03-07 04:00:00,0.967,0.979,0.967,0.976,1107.55000000,1741334399999,1076.69621000,14,626.36000000,608.97898000,0
2025-03-07 08:00:00,0.978,0.99,0.969,0.982,82.53000000,1741348799999,81.20080000,10,63.53000000,62.61766000,0
2025-03-07 12:00:00,0.975,0.989,0.966,0.978,156.01000000,1741363199999,151.64513000,20,26.15000000,25.64942000,0
2025-03-07 16:00:00,0.977,0.999,0.959,0.984,264.67000000,1741377599999,261.98308000,21,185.21000000,183.75908000,0
2025-03-07 20:00:00,0.979,0.984,0.952,0.952,623.42000000,1741391999999,607.30221000,35,43.67000000,42.33340000,0
2025-03-08 00:00:00,0.951,0.951,0.939,0.939,94.99000000,1741406399999,89.67992000,10,15.19000000,14.37401000,0
2025-03-08 04:00:00,0.951,0.951,0.932,0.932,309.60000000,1741420799999,290.11542000,14,32.11000000,30.10047000,0
2025-03-08 08:00:00,0.939,0.939,0.919,0.925,197.88000000,1741435199999,183.55412000,8,176.89000000,164.17888000,0
2025-03-08 12:00:00,0.92,0.944,0.92,0.936,27.14000000,1741449599999,25.42373000,6,12.30000000,11.59664000,0
2025-03-08 16:00:00,0.929,0.953,0.926,0.95,96.57000000,1741463999999,91.62182000,20,78.30000000,74.48792000,0
2025-03-08 20:00:00,0.948,0.948,0.937,0.937,32.04000000,1741478399999,30.21304000,5,10.17000000,9.58963000,0
2025-03-09 00:00:00,0.937,0.937,0.929,0.931,93.55000000,1741492799999,87.50669000,9,89.76000000,83.96500000,0
2025-03-09 04:00:00,0.929,0.94,0.926,0.936,27.71000000,1741507199999,25.78844000,13,7.37000000,6.90936000,0
2025-03-09 08:00:00,0.926,0.926,0.909,0.91,314.17000000,1741521599999,288.69170000,10,7.04000000,6.43000000,0
2025-03-09 12:00:00,0.909,0.909,0.876,0.877,366.65000000,1741535999999,326.06812000,21,233.10000000,207.93749000,0
2025-03-09 16:00:00,0.871,0.873,0.847,0.864,1006.90000000,1741550399999,860.34560000,36,218.10000000,188.13565000,0
2025-03-09 20:00:00,0.869,0.869,0.845,0.845,2391.50000000,1741564799999,2076.48050000,30,128.09000000,109.95035000,0
2025-03-10 00:00:00,0.851,0.873,0.841,0.873,596.26000000,1741579199999,512.01263000,24,557.61000000,478.92701000,0
2025-03-10 04:00:00,0.87,0.891,0.87,0.88,462.30000000,1741593599999,407.50562000,18,252.24000000,223.05598000,0
2025-03-10 08:00:00,0.884,0.923,0.876,0.923,1804.15000000,1741607999999,1627.79251000,48,315.63000000,287.27787000,0
2025-03-10 12:00:00,0.926,0.929,0.877,0.895,276.44000000,1741622399999,248.21487000,43,117.24000000,105.45097000,0
2025-03-10 16:00:00,0.883,0.883,0.804,0.828,2146.23000000,1741636799999,1770.02324000,54,447.28000000,378.07282000,0
2025-03-10 20:00:00,0.82,0.828,0.804,0.814,654.28000000,1741651199999,532.78589000,11,650.05000000,529.29360000,0
2025-03-11 00:00:00,0.802,0.802,0.747,0.793,8615.13000000,1741665599999,6652.24968000,86,1837.33000000,1451.74461000,0
2025-03-11 04:00:00,0.798,0.828,0.797,0.828,447.23000000,1741679999999,364.67601000,26,111.25000000,91.72910000,0
2025-03-11 08:00:00,0.833,0.835,0.825,0.834,261.08000000,1741694399999,217.46761000,12,33.74000000,27.98633000,0
2025-03-11 12:00:00,0.826,0.842,0.806,0.842,219.33000000,1741708799999,181.99213000,51,111.85000000,93.18505000,0
2025-03-11 16:00:00,0.847,0.878,0.838,0.878,588.70000000,1741723199999,503.95596000,43,349.90000000,297.74872000,0
2025-03-11 20:00:00,0.879,0.879,0.852,0.853,870.04000000,1741737599999,753.08734000,22,301.60000000,258.40899000,0
2025-03-12 00:00:00,0.851,0.856,0.82,0.82,697.30000000,1741751999999,578.76081000,30,234.10000000,195.04787000,0
2025-03-12 04:00:00,0.816,0.843,0.809,0.843,792.55000000,1741766399999,650.04528000,32,234.35000000,194.17621000,0
2025-03-12 08:00:00,0.845,0.866,0.837,0.852,731.87000000,1741780799999,624.81348000,34,331.42000000,282.90584000,0
2025-03-12 12:00:00,0.856,0.884,0.82,0.834,476.14000000,1741795199999,402.79964000,52,360.94000000,305.02131000,0
2025-03-12 16:00:00,0.838,0.857,0.838,0.848,2489.73000000,1741809599999,2123.31397000,21,2362.28000000,2014.94428000,0
2025-03-12 20:00:00,0.856,0.878,0.856,0.878,315.39000000,1741823999999,273.58520000,14,96.38000000,84.07755000,0
2025-03-13 00:00:00,0.879,0.884,0.871,0.871,35.69000000,1741838399999,31.25455000,10,11.12000000,9.69942000,0
2025-03-13 04:00:00,0.866,0.866,0.846,0.86,262.96000000,1741852799999,226.93630000,18,49.29000000,42.13969000,0
2025-03-13 08:00:00,0.852,0.869,0.852,0.869,5688.99000000,1741867199999,4849.57227000,23,4930.47000000,4200.85044000,0
2025-03-13 12:00:00,0.866,0.869,0.841,0.843,81.01000000,1741881599999,69.20085000,25,54.73000000,46.82322000,0
2025-03-13 16:00:00,0.839,0.839,0.825,0.826,254.36000000,1741895999999,211.64354000,11,210.95000000,175.43347000,0
2025-03-13 20:00:00,0.826,0.826,0.826,0.826,0.00000000,1741910399999,0.00000000,0,0.00000000,0.00000000,0
2025-03-14 00:00:00,0.841,0.861,0.841,0.861,59.60000000,1741924799999,50.82499000,14,20.96000000,17.88936000,0
2025-03-14 04:00:00,0.865,0.872,0.862,0.862,283.55000000,1741939199999,245.53871000,8,75.93000000,65.90586000,0
2025-03-14 08:00:00,0.867,0.873,0.864,0.864,29.10000000,1741953599999,25.30322000,7,25.36000000,22.05922000,0
2025-03-14 12:00:00,0.867,0.893,0.859,0.876,225.60000000,1741967999999,197.62432000,21,198.09000000,173.48102000,0
2025-03-14 16:00:00,0.875,0.884,0.875,0.876,29.38000000,1741982399999,25.75540000,6,11.74000000,10.29538000,0
2025-03-14 20:00:00,0.871,0.88,0.871,0.871,226.81000000,1741996799999,198.64664000,7,221.25000000,193.75940000,0
2025-03-15 00:00:00,0.867,0.874,0.865,0.873,32.50000000,1742011199999,28.20577000,8,18.61000000,16.14400000,0
2025-03-15 04:00:00,0.878,0.88,0.873,0.873,598.28000000,1742025599999,523.82304000,7,0.00000000,0.00000000,0
2025-03-15 08:00:00,0.867,0.873,0.865,0.873,32.39000000,1742039999999,28.08459000,3,11.00000000,9.58224000,0
2025-03-15 12:00:00,0.87,0.873,0.865,0.872,23.99000000,1742054399999,20.85092000,6,19.87000000,17.25416000,0
2025-03-15 16:00:00,0.875,0.88,0.87,0.87,32.50000000,1742068799999,28.44392000,8,26.94000000,23.55668000,0
2025-03-15 20:00:00,0.873,0.891,0.873,0.887,294.71000000,1742083199999,260.64604000,20,150.42000000,133.25254000,0
2025-03-16 00:00:00,0.891,0.891,0.871,0.878,86.83000000,1742097599999,76.84381000,11,75.57000000,66.95189000,0
2025-03-16 04:00:00,0.871,0.884,0.871,0.884,25.83000000,1742111999999,22.74734000,7,15.98000000,14.06774000,0
2025-03-16 08:00:00,0.876,0.876,0.841,0.841,128.01000000,1742126399999,109.56288000,20,45.43000000,38.95408000,0
2025-03-16 12:00:00,0.844,0.844,0.826,0.834,283.63000000,1742140799999,235.48595000,15,260.84000000,216.64003000,0
2025-03-16 16:00:00,0.841,0.856,0.826,0.826,153.13000000,1742155199999,128.36121000,19,37.10000000,31.18801000,0
2025-03-16 20:00:00,0.834,0.839,0.826,0.829,165.68000000,1742169599999,137.69714000,11,85.56000000,71.27356000,0
2025-03-17 00:00:00,0.833,0.863,0.833,0.863,3377.63000000,1742183999999,2914.12278000,38,20.96000000,17.88936000,0
2025-03-17 04:00:00,0.865,0.873,0.863,0.868,7301.18000000,1742198399999,6302.53405000,61,345.82000000,299.64594000,0
2025-03-17 08:00:00,0.87,0.873,0.87,0.872,639.86000000,1742212799999,556.72796000,6,6.68000000,5.83164000,0
2025-03-17 12:00:00,0.879,0.879,0.867,0.872,24.01000000,1742227199999,20.93766000,5,9.92000000,8.65644000,0
2025-03-17 16:00:00,0.881,0.912,0.876,0.912,489.49000000,1742241599999,438.46648000,43,228.10000000,204.50503000,0
2025-03-17 20:00:00,0.906,0.906,0.888,0.892,142.63000000,1742255999999,127.70003000,40,82.38000000,73.94100000,0
2025-03-18 00:00:00,0.888,0.888,0.871,0.879,48.36000000,1742270399999,42.58613000,8,20.16000000,17.71803000,0
2025-03-18 04:00:00,0.878,0.878,0.878,0.878,2.78000000,1742284799999,2.44084000,1,0.00000000,0.00000000,0
2025-03-18 08:00:00,0.88,0.884,0.862,0.867,258.63000000,1742299199999,223.69017000,11,215.15000000,185.63721000,0
2025-03-18 12:00:00,0.864,0.869,0.849,0.849,86.70000000,1742313599999,74.34183000,17,23.68000000,20.31608000,0
2025-03-18 16:00:00,0.848,0.854,0.841,0.854,38.68000000,1742327999999,32.72695000,8,8.47000000,7.17262000,0
2025-03-18 20:00:00,0.853,0.868,0.853,0.868,30.38000000,1742342399999,26.17673000,8,12.39000000,10.64203000,0
2025-03-19 00:00:00,0.873,0.886,0.871,0.886,55.90000000,1742356799999,49.13105000,13,26.52000000,23.27708000,0
2025-03-19 04:00:00,0.889,0.889,0.876,0.876,11.12000000,1742371199999,9.79950000,4,8.34000000,7.32808000,0
2025-03-19 08:00:00,0.878,0.933,0.878,0.925,667.40000000,1742385599999,607.84641000,40,205.22000000,186.24741000,0
2025-03-19 12:00:00,0.924,0.934,0.915,0.934,50.60000000,1742399999999,46.67210000,14,20.20000000,18.62695000,0
2025-03-19 16:00:00,0.926,0.926,0.897,0.91,142.53000000,1742414399999,129.10193000,22,103.85000000,94.11971000,0
2025-03-19 20:00:00,0.923,0.923,0.923,0.923,2.78000000,1742428799999,2.56594000,1,0.00000000,0.00000000,0
2025-03-20 00:00:00,0.923,0.923,0.909,0.909,162.23000000,1742443199999,149.61075000,8,162.23000000,149.61075000,0
2025-03-20 04:00:00,0.905,0.909,0.854,0.898,3375.44000000,1742457599999,3039.09374000,27,19.01000000,17.13509000,0
2025-03-20 08:00:00,0.902,0.902,0.882,0.882,60.45000000,1742471999999,53.77033000,17,30.61000000,27.25505000,0
2025-03-20 12:00:00,0.895,0.895,0.885,0.886,26.44000000,1742486399999,23.52743000,7,16.76000000,14.87160000,0
2025-03-20 16:00:00,0.882,0.882,0.871,0.878,316.66000000,1742500799999,277.97020000,10,45.48000000,39.83653000,0
2025-03-20 20:00:00,0.879,0.879,0.879,0.879,1.17000000,1742515199999,1.02843000,1,1.17000000,1.02843000,0
2025-03-21 00:00:00,0.884,0.884,0.884,0.884,2.78000000,1742529599999,2.45752000,1,0.00000000,0.00000000,0
2025-03-21 04:00:00,0.871,0.874,0.866,0.869,69.06000000,1742543999999,59.99626000,10,58.21000000,50.58931000,0
2025-03-21 08:00:00,0.873,0.873,0.848,0.849,230.46000000,1742558399999,197.99903000,16,158.41000000,136.59041000,0
2025-03-21 12:00:00,0.845,0.85,0.841,0.85,19.03000000,1742572799999,16.04593000,4,5.56000000,4.69264000,0
2025-03-21 16:00:00,0.856,0.856,0.856,0.856,3.55000000,1742587199999,3.03880000,1,0.00000000,0.00000000,0
2025-03-21 20:00:00,0.855,0.86,0.846,0.846,42.67000000,1742601599999,36.34792000,8,24.02000000,20.53618000,0
2025-03-22 00:00:00,0.853,0.855,0.853,0.855,7.16000000,1742615999999,6.11304000,2,4.38000000,3.73614000,0
2025-03-22 04:00:00,0.859,0.859,0.859,0.859,4.03000000,1742630399999,3.46177000,1,4.03000000,3.46177000,0
2025-03-22 08:00:00,0.869,0.869,0.869,0.869,7.31000000,1742644799999,6.35239000,1,7.31000000,6.35239000,0
2025-03-22 12:00:00,0.859,0.859,0.854,0.854,7.84000000,1742659199999,6.72038000,3,5.56000000,4.77326000,0
2025-03-22 16:00:00,0.859,0.868,0.859,0.868,12.23000000,1742673599999,10.57622000,4,4.01000000,3.44682000,0
2025-03-22 20:00:00,0.873,0.873,0.856,0.858,94.65000000,1742687999999,81.46917000,6,42.18000000,36.55485000,0
2025-03-23 00:00:00,0.867,0.867,0.866,0.866,9.49000000,1742702399999,8.22390000,3,0.00000000,0.00000000,0
2025-03-23 04:00:00,0.872,0.872,0.858,0.867,23.95000000,1742716799999,20.72201000,7,13.99000000,12.09549000,0
2025-03-23 08:00:00,0.862,0.87,0.862,0.87,8.21000000,1742731199999,7.12414000,2,5.89000000,5.12430000,0
2025-03-23 12:00:00,0.858,0.861,0.852,0.853,20.04000000,1742745599999,17.12095000,6,9.35000000,7.99169000,0
2025-03-23 16:00:00,0.845,0.845,0.843,0.843,4.48000000,1742759999999,3.78004000,2,4.48000000,3.78004000,0
2025-03-23 20:00:00,0.854,0.858,0.852,0.852,8.18000000,1742774399999,6.99064000,3,5.40000000,4.61652000,0
2025-03-24 00:00:00,0.86,0.873,0.848,0.87,470.17000000,1742788799999,408.26896000,19,450.00000000,390.84138000,0
2025-03-24 04:00:00,0.875,0.902,0.875,0.891,799.95000000,1742803199999,713.31916000,25,166.31000000,148.58259000,0
2025-03-24 08:00:00,0.9,0.9,0.898,0.9,16.86000000,1742817599999,15.16772000,4,1.16000000,1.04400000,0
2025-03-24 12:00:00,0.901,0.914,0.901,0.901,21.24000000,1742831999999,19.28914000,7,8.16000000,7.36884000,0
2025-03-24 16:00:00,0.899,0.906,0.899,0.906,7.17000000,1742846399999,6.45710000,2,5.56000000,4.99844000,0
2025-03-24 20:00:00,0.904,0.908,0.904,0.908,225.83000000,1742860799999,205.04630000,5,223.27000000,202.72916000,0
2025-03-25 00:00:00,0.904,0.904,0.887,0.887,14.60000000,1742875199999,13.07870000,4,14.60000000,13.07870000,0
2025-03-25 04:00:00,0.895,0.906,0.895,0.898,19.46000000,1742889599999,17.51678000,4,5.56000000,4.99288000,0
2025-03-25 08:00:00,0.903,0.913,0.903,0.91,22.95000000,1742903999999,20.84136000,9,5.82000000,5.29055000,0
2025-03-25 12:00:00,0.904,0.904,0.892,0.9,221.30000000,1742918399999,198.33761000,20,176.20000000,157.82437000,0
2025-03-25 16:00:00,0.893,0.906,0.893,0.903,27.27000000,1742932799999,24.57490000,8,20.06000000,18.05932000,0
2025-03-25 20:00:00,0.908,0.913,0.9,0.907,234.52000000,1742947199999,211.85153000,12,85.54000000,77.65778000,0
2025-03-26 00:00:00,0.9,0.913,0.898,0.898,176.65000000,1742961599999,158.86902000,9,158.20000000,142.12244000,0
2025-03-26 04:00:00,0.906,0.923,0.906,0.923,86.13000000,1742975999999,78.87472000,14,39.07000000,35.83420000,0
2025-03-26 08:00:00,0.926,0.928,0.921,0.921,8.41000000,1742990399999,7.77624000,3,2.78000000,2.56038000,0
2025-03-26 12:00:00,0.915,0.915,0.885,0.892,71.93000000,1743004799999,64.59440000,14,39.40000000,35.40137000,0
2025-03-26 16:00:00,0.9,0.9,0.877,0.889,61.93000000,1743019199999,54.84734000,12,18.29000000,16.19045000,0
2025-03-26 20:00:00,0.893,0.895,0.882,0.884,18.48000000,1743033599999,16.41358000,6,6.81000000,6.01726000,0
2025-03-27 00:00:00,0.889,0.917,0.889,0.916,93.19000000,1743047999999,84.50836000,20,53.16000000,48.28796000,0
2025-03-27 04:00:00,0.917,0.917,0.91,0.91,4.01000000,1743062399999,3.66856000,2,0.00000000,0.00000000,0
2025-03-27 08:00:00,0.914,0.914,0.895,0.895,290.70000000,1743076799999,261.91177000,9,38.16000000,34.58131000,0
2025-03-27 12:00:00,0.901,0.917,0.887,0.917,156.85000000,1743091199999,141.90116000,18,65.42000000,59.62281000,0
2025-03-27 16:00:00,0.919,0.922,0.905,0.91,437.71000000,1743105599999,397.68667000,13,112.69000000,102.86820000,0
2025-03-27 20:00:00,0.911,0.911,0.91,0.911,5.76000000,1743119999999,5.24615000,3,2.98000000,2.71357000,0
2025-03-28 00:00:00,0.904,0.906,0.898,0.898,35.51000000,1743134399999,32.02876000,7,17.21000000,15.48680000,0
2025-03-28 04:00:00,0.895,0.895,0.852,0.852,315.37000000,1743148799999,273.57600000,26,242.93000000,210.19358000,0
2025-03-28 08:00:00,0.849,0.849,0.836,0.838,107.61000000,1743163199999,90.50333000,13,22.37000000,18.81812000,0
2025-03-28 12:00:00,0.838,0.838,0.825,0.833,371.04000000,1743177599999,308.43933000,18,323.75000000,269.14495000,0
2025-03-28 16:00:00,0.826,0.829,0.826,0.829,9.63000000,1743191999999,7.96659000,3,7.97000000,6.59045000,0
2025-03-28 20:00:00,0.833,0.834,0.833,0.834,5.56000000,1743206399999,4.63426000,2,0.00000000,0.00000000,0
2025-03-29 00:00:00,0.826,0.826,0.815,0.822,102.85000000,1743220799999,84.38064000,6,10.37000000,8.51721000,0
2025-03-29 04:00:00,0.826,0.826,0.797,0.797,374.05000000,1743235199999,303.06832000,13,363.37000000,294.50296000,0
2025-03-29 08:00:00,0.808,0.808,0.78,0.783,220.63000000,1743249599999,174.80491000,13,55.21000000,44.30806000,0
2025-03-29 12:00:00,0.789,0.789,0.775,0.775,71.82000000,1743263999999,55.78367000,8,9.14000000,7.17463000,0
2025-03-29 16:00:00,0.773,0.778,0.759,0.761,268.15000000,1743278399999,206.58673000,14,246.45000000,189.99219000,0
2025-03-29 20:00:00,0.761,0.761,0.761,0.761,0.00000000,1743292799999,0.00000000,0,0.00000000,0.00000000,0
2025-03-30 00:00:00,0.766,0.778,0.766,0.771,13.89000000,1743307199999,10.71836000,6,5.62000000,4.31882000,0
2025-03-30 04:00:00,0.772,0.773,0.765,0.767,1281.64000000,1743321599999,983.07526000,10,806.20000000,618.41278000,0
2025-03-30 08:00:00,0.768,0.768,0.758,0.761,17.55000000,1743335999999,13.35530000,4,16.14000000,12.27242000,0
2025-03-30 12:00:00,0.761,0.761,0.748,0.754,1410.58000000,1743350399999,1073.10576000,14,39.87000000,30.18042000,0
2025-03-30 16:00:00,0.748,0.759,0.742,0.759,229.56000000,1743364799999,171.18800000,9,214.79000000,160.17575000,0
2025-03-30 20:00:00,0.753,0.753,0.737,0.745,43.20000000,1743379199999,32.16684000,13,21.47000000,15.95499000,0
2025-03-31 00:00:00,0.737,0.75,0.733,0.742,97.00000000,1743393599999,71.62434000,9,32.41000000,24.11487000,0
2025-03-31 04:00:00,0.75,0.75,0.73,0.732,85.75000000,1743407999999,62.92137000,9,16.56000000,12.24559000,0
2025-03-31 08:00:00,0.735,0.739,0.721,0.733,438.91000000,1743422399999,316.91041000,14,14.66000000,10.73050000,0
2025-03-31 12:00:00,0.74,0.755,0.74,0.752,75.45000000,1743436799999,56.73122000,10,12.02000000,8.97616000,0
2025-03-31 16:00:00,0.748,0.748,0.739,0.747,1334.69000000,1743451199999,997.30348000,24,11.82000000,8.79824000,0
2025-03-31 20:00:00,0.743,0.743,0.732,0.732,604.40000000,1743465599999,443.54442000,6,4.40000000,3.24442000,0
2025-04-01 00:00:00,0.748,0.754,0.734,0.754,34.42000000,1743479999999,25.55522000,9,15.83000000,11.82768000,0
2025-04-01 04:00:00,0.756,0.76,0.748,0.756,286.59000000,1743494399999,217.41454000,7,265.91000000,201.78324000,0
2025-04-01 08:00:00,0.766,0.767,0.751,0.751,12.44000000,1743508799999,9.46058000,6,7.01000000,5.29855000,0
2025-04-01 12:00:00,0.752,0.771,0.752,0.771,24.64000000,1743523199999,18.79681000,6,19.08000000,14.55175000,0
2025-04-01 16:00:00,0.768,0.768,0.762,0.762,3.54000000,1743537599999,2.70816000,2,0.00000000,0.00000000,0
2025-04-01 20:00:00,0.754,0.759,0.753,0.757,162.95000000,1743551999999,123.04442000,6,4.91000000,3.70149000,0
2025-04-02 00:00:00,0.753,0.753,0.737,0.743,201.41000000,1743566399999,149.50845000,9,84.90000000,62.94942000,0
2025-04-02 04:00:00,0.734,0.749,0.734,0.737,15.99000000,1743580799999,11.80517000,4,3.44000000,2.57656000,0
2025-04-02 08:00:00,0.755,0.759,0.731,0.737,750.62000000,1743595199999,559.16965000,87,389.99000000,295.08652000,0
2025-04-02 12:00:00,0.73,0.753,0.726,0.748,56.43000000,1743609599999,41.72864000,14,42.98000000,31.88512000,0
2025-04-02 16:00:00,0.751,0.751,0.731,0.739,93.84000000,1743623999999,69.33884000,8,83.56000000,61.66692000,0
2025-04-02 20:00:00,0.731,0.755,0.697,0.709,1058.36000000,1743638399999,758.33058000,43,280.26000000,203.23467000,0
2025-04-03 00:00:00,0.71,0.719,0.71,0.719,31.59000000,1743652799999,22.44996000,3,28.17000000,20.00070000,0
2025-04-03 04:00:00,0.722,0.724,0.704,0.709,48.52000000,1743667199999,34.67100000,10,23.04000000,16.48210000,0
2025-04-03 08:00:00,0.705,0.705,0.673,0.678,356.14000000,1743681599999,245.08678000,23,249.14000000,172.30880000,0
2025-04-03 12:00:00,0.668,0.701,0.656,0.677,1999.90000000,1743695999999,1341.47198000,37,968.35000000,647.49990000,0
2025-04-03 16:00:00,0.676,0.686,0.673,0.685,199.27000000,1743710399999,134.67384000,14,194.28000000,131.28161000,0
2025-04-03 20:00:00,0.689,0.701,0.685,0.701,592.17000000,1743724799999,409.83433000,14,351.81000000,242.96197000,0
2025-04-04 00:00:00,0.698,0.707,0.693,0.704,72.09000000,1743739199999,50.82121000,12,48.42000000,34.22232000,0
2025-04-04 04:00:00,0.699,0.713,0.699,0.71,247.83000000,1743753599999,176.61253000,8,11.94000000,8.49278000,0
2025-04-04 08:00:00,0.71,0.711,0.684,0.684,297.76000000,1743767999999,206.37746000,19,59.57000000,41.78378000,0
2025-04-04 12:00:00,0.696,0.713,0.691,0.703,176.06000000,1743782399999,123.55780000,16,152.07000000,106.73847000,0
2025-04-04 16:00:00,0.702,0.717,0.702,0.71,141.85000000,1743796799999,101.13108000,5,102.91000000,73.76610000,0
2025-04-04 20:00:00,0.71,0.71,0.71,0.71,0.00000000,1743811199999,0.00000000,0,0.00000000,0.00000000,0
2025-04-05 00:00:00,0.709,0.709,0.705,0.705,16.05000000,1743825599999,11.34829000,4,8.26000000,5.85634000,0
2025-04-05 04:00:00,0.708,0.712,0.708,0.711,9.90000000,1743839999999,7.03698000,4,0.00000000,0.00000000,0
2025-04-05 08:00:00,0.714,0.714,0.705,0.705,10.83000000,1743854399999,7.69839000,4,10.83000000,7.69839000,0
2025-04-05 12:00:00,0.703,0.703,0.689,0.689,69.08000000,1743868799999,47.92103000,6,10.20000000,7.07447000,0
2025-04-05 16:00:00,0.688,0.692,0.688,0.692,6.38000000,1743883199999,4.39884000,2,2.35000000,1.62620000,0
2025-04-05 20:00:00,0.69,0.696,0.69,0.694,149.25000000,1743897599999,103.00732000,3,144.50000000,99.70500000,0
2025-04-06 00:00:00,0.693,0.693,0.691,0.691,7.31000000,1743911999999,5.05665000,2,7.31000000,5.05665000,0
2025-04-06 04:00:00,0.692,0.692,0.686,0.686,158.36000000,1743926399999,109.25549000,4,147.65000000,101.90843000,0
2025-04-06 08:00:00,0.682,0.688,0.682,0.686,11.13000000,1743940799999,7.62238000,4,4.03000000,2.76262000,0
2025-04-06 12:00:00,0.681,0.7,0.639,0.644,1150.33000000,1743955199999,752.31360000,38,659.97000000,435.16257000,0
2025-04-06 16:00:00,0.642,0.642,0.603,0.615,1373.48000000,1743969599999,852.18985000,39,347.69000000,215.11636000,0
2025-04-06 20:00:00,0.6,0.605,0.584,0.598,257.80000000,1743983999999,153.30772000,35,90.07000000,53.69416000,0
2025-04-07 00:00:00,0.598,0.618,0.586,0.586,104.15000000,1743998399999,62.91486000,24,34.17000000,20.90368000,0
2025-04-07 04:00:00,0.6,0.626,0.563,0.57,24955.18000000,1744012799999,14844.34241000,156,903.88000000,541.56334000,0
2025-04-07 08:00:00,0.566,0.602,0.563,0.584,196.03000000,1744027199999,114.87875000,39,137.37000000,80.51686000,0
2025-04-07 12:00:00,0.584,0.628,0.584,0.616,405.44000000,1744041599999,249.39820000,38,115.15000000,70.84934000,0
2025-04-07 16:00:00,0.617,0.622,0.604,0.622,89.29000000,1744055999999,54.68317000,10,58.12000000,35.75731000,0
2025-04-07 20:00:00,0.62,0.625,0.616,0.616,489.27000000,1744070399999,303.35310000,35,6.88000000,4.25184000,0
2025-04-08 00:00:00,0.613,0.631,0.61,0.62,73.23000000,1744084799999,45.53822000,19,44.45000000,27.57804000,0
2025-04-08 04:00:00,0.622,0.622,0.601,0.601,106.70000000,1744099199999,64.89545000,18,59.42000000,36.20559000,0
2025-04-08 08:00:00,0.598,0.615,0.598,0.615,92.94000000,1744113599999,56.45375000,11,37.64000000,22.97301000,0
2025-04-08 12:00:00,0.616,0.616,0.597,0.605,189.10000000,1744127999999,114.37195000,15,151.92000000,91.98376000,0
2025-04-08 16:00:00,0.594,0.596,0.585,0.593,18542.99000000,1744142399999,11013.83351000,59,18314.15000000,10878.55419000,0
2025-04-08 20:00:00,0.588,0.594,0.585,0.59,3554.91000000,1744156799999,2091.55792000,19,247.08000000,146.52980000,0
2025-04-09 00:00:00,0.588,0.596,0.57,0.585,506.97000000,1744171199999,294.38724000,37,71.51000000,41.59453000,0
2025-04-09 04:00:00,0.591,0.603,0.588,0.603,45.84000000,1744185599999,27.24476000,12,28.58000000,16.94760000,0
2025-04-09 08:00:00,0.606,0.612,0.601,0.601,74.05000000,1744199999999,44.96126000,11,43.65000000,26.56249000,0
2025-04-09 12:00:00,0.594,0.615,0.594,0.61,44.67000000,1744214399999,26.99738000,12,13.82000000,8.39876000,0
2025-04-09 16:00:00,0.615,0.67,0.615,0.67,439.85000000,1744228799999,282.57453000,46,202.74000000,130.93767000,0
2025-04-09 20:00:00,0.671,0.675,0.663,0.663,361.84000000,1744243199999,243.09762000,21,60.87000000,40.73312000,0
2025-04-10 00:00:00,0.66,0.66,0.644,0.644,2483.21000000,1744257599999,1628.71484000,20,34.87000000,22.79821000,0
2025-04-10 04:00:00,0.65,0.655,0.649,0.651,31.03000000,1744271999999,20.22632000,9,3.43000000,2.23293000,0
2025-04-10 08:00:00,0.653,0.653,0.648,0.649,24.64000000,1744286399999,15.99707000,3,22.03000000,14.29274000,0
2025-04-10 12:00:00,0.653,0.656,0.632,0.632,110.38000000,1744300799999,70.76619000,19,47.06000000,30.19972000,0
2025-04-10 16:00:00,0.637,0.637,0.632,0.637,41.04000000,1744315199999,26.07668000,10,18.16000000,11.51058000,0
2025-04-10 20:00:00,0.64,0.641,0.64,0.641,6.31000000,1744329599999,4.04127000,2,0.00000000,0.00000000,0
2025-04-11 00:00:00,0.644,0.658,0.644,0.658,343.11000000,1744343999999,225.38631000,11,314.43000000,206.75579000,0
2025-04-11 04:00:00,0.659,0.661,0.654,0.654,24.93000000,1744358399999,16.39165000,7,14.29000000,9.37415000,0
2025-04-11 08:00:00,0.652,0.658,0.648,0.649,35.68000000,1744372799999,23.25623000,12,30.14000000,19.63321000,0
2025-04-11 12:00:00,0.648,0.661,0.648,0.661,2091.30000000,1744387199999,1366.53479000,17,2067.60000000,1350.94112000,0
2025-04-11 16:00:00,0.661,0.665,0.66,0.665,9.18000000,1744401599999,6.07602000,3,0.00000000,0.00000000,0
2025-04-11 20:00:00,0.668,0.67,0.664,0.664,34.88000000,1744415999999,23.33964000,5,29.21000000,19.54864000,0
2025-04-12 00:00:00,0.663,0.663,0.659,0.659,14.74000000,1744430399999,9.73212000,6,14.74000000,9.73212000,0
2025-04-12 04:00:00,0.662,0.668,0.662,0.668,8.30000000,1744444799999,5.52385000,3,3.44000000,2.29792000,0
2025-04-12 08:00:00,0.671,0.671,0.669,0.669,26.87000000,1744459199999,17.98865000,3,0.00000000,0.00000000,0
2025-04-12 12:00:00,0.672,0.69,0.672,0.69,52.25000000,1744473599999,35.69548000,13,20.96000000,14.34712000,0
2025-04-12 16:00:00,0.687,0.687,0.686,0.686,5.21000000,1744487999999,3.57584000,2,5.21000000,3.57584000,0
2025-04-12 20:00:00,0.689,0.689,0.689,0.689,14.52000000,1744502399999,10.00428000,1,14.52000000,10.00428000,0
2025-04-13 00:00:00,0.688,0.688,0.682,0.682,87.36000000,1744516799999,60.07184000,3,6.36000000,4.34384000,0
2025-04-13 04:00:00,0.679,0.687,0.679,0.685,17.96000000,1744531199999,12.27006000,7,4.55000000,3.08945000,0
2025-04-13 08:00:00,0.692,0.693,0.689,0.69,521.91000000,1744545599999,361.14845000,6,514.97000000,356.35991000,0
2025-04-13 12:00:00,0.688,0.688,0.675,0.675,42.22000000,1744559999999,28.75271000,8,23.77000000,16.19782000,0
2025-04-13 16:00:00,0.679,0.709,0.667,0.675,2829.28000000,1744574399999,1966.05027000,56,1471.34000000,1025.34064000,0
2025-04-13 20:00:00,0.678,0.681,0.662,0.672,119.69000000,1744588799999,79.86646000,22,34.93000000,23.31389000,0
2025-04-14 00:00:00,0.675,0.701,0.675,0.682,318.16000000,1744603199999,218.71728000,38,218.10000000,150.14009000,0
2025-04-14 04:00:00,0.68,0.683,0.665,0.666,64.74000000,1744617599999,43.62114000,16,54.05000000,36.40539000,0
2025-04-14 08:00:00,0.672,0.684,0.666,0.679,53.41000000,1744631999999,35.96300000,13,19.29000000,12.89907000,0
2025-04-14 12:00:00,0.679,0.681,0.653,0.653,1228.25000000,1744646399999,830.90124000,36,95.37000000,63.82026000,0
2025-04-14 16:00:00,0.651,0.666,0.649,0.664,167.10000000,1744660799999,110.43960000,15,107.48000000,71.42861000,0
2025-04-14 20:00:00,0.663,0.664,0.657,0.661,16.34000000,1744675199999,10.79113000,6,13.23000000,8.73542000,0
2025-04-15 00:00:00,0.657,0.663,0.657,0.662,83.16000000,1744689599999,55.08643000,7,75.18000000,49.80654000,0
2025-04-15 04:00:00,0.663,0.663,0.653,0.662,70.18000000,1744703999999,46.24438000,14,48.90000000,32.29000000,0
2025-04-15 08:00:00,0.663,0.663,0.651,0.652,23.72000000,1744718399999,15.56540000,7,18.21000000,11.91227000,0
2025-04-15 12:00:00,0.658,0.661,0.647,0.654,253.95000000,1744732799999,166.91806000,15,196.48000000,129.43648000,0
2025-04-15 16:00:00,0.651,0.651,0.643,0.644,28.80000000,1744747199999,18.59281000,6,18.13000000,11.72133000,0
2025-04-15 20:00:00,0.644,0.644,0.639,0.639,66.01000000,1744761599999,42.48180000,3,6.30000000,4.02856000,0
2025-04-16 00:00:00,0.635,0.647,0.63,0.644,270.74000000,1744775999999,171.61170000,18,43.03000000,27.30056000,0
2025-04-16 04:00:00,0.639,0.639,0.632,0.632,25.75000000,1744790399999,16.37351000,7,25.75000000,16.37351000,0
2025-04-16 08:00:00,0.632,0.641,0.625,0.632,53.66000000,1744804799999,34.00455000,12,31.82000000,20.15972000,0
2025-04-16 12:00:00,0.632,0.643,0.624,0.638,39.69000000,1744819199999,25.20708000,11,12.59000000,7.97580000,0
2025-04-16 16:00:00,0.636,0.641,0.619,0.641,143.27000000,1744833599999,90.08337000,27,55.37000000,34.94646000,0
2025-04-16 20:00:00,0.644,0.644,0.635,0.635,18.90000000,1744847999999,12.08005000,4,12.59000000,8.01641000,0
2025-04-17 00:00:00,0.64,0.64,0.636,0.636,242.92000000,1744862399999,154.97986000,3,234.49000000,149.60462000,0
2025-04-17 04:00:00,0.64,0.651,0.64,0.651,63.87000000,1744876799999,41.38039000,9,38.63000000,25.08854000,0
2025-04-17 08:00:00,0.645,0.645,0.638,0.644,27.57000000,1744891199999,17.71545000,4,22.28000000,14.34043000,0
2025-04-17 12:00:00,0.639,0.641,0.632,0.641,39.65000000,1744905599999,25.21817000,8,16.35000000,10.39262000,0
2025-04-17 16:00:00,0.644,0.652,0.643,0.645,173.25000000,1744919999999,112.20223000,11,37.77000000,24.44351000,0
2025-04-17 20:00:00,0.647,0.65,0.646,0.65,11.59000000,1744934399999,7.51127000,4,2.00000000,1.29800000,0
2025-04-18 00:00:00,0.645,0.645,0.641,0.643,24.36000000,1744948799999,15.65095000,5,18.35000000,11.79854000,0
2025-04-18 04:00:00,0.647,0.654,0.645,0.654,50.44000000,1744963199999,32.67124000,7,0.00000000,0.00000000,0
2025-04-18 08:00:00,0.656,0.662,0.656,0.658,84.19000000,1744977599999,55.52745000,11,46.25000000,30.53519000,0
2025-04-18 12:00:00,0.662,0.662,0.662,0.662,5.46000000,1744991999999,3.61452000,2,0.00000000,0.00000000,0
2025-04-18 16:00:00,0.662,0.665,0.661,0.665,10.07000000,1745006399999,6.67119000,4,0.00000000,0.00000000,0
2025-04-18 20:00:00,0.662,0.662,0.662,0.662,3.16000000,1745020799999,2.09192000,1,0.00000000,0.00000000,0
2025-04-19 00:00:00,0.666,0.675,0.666,0.673,211.54000000,1745035199999,141.14101000,8,197.94000000,131.99354000,0
2025-04-19 04:00:00,0.674,0.674,0.669,0.671,12.17000000,1745049599999,8.16504000,4,12.17000000,8.16504000,0
2025-04-19 08:00:00,0.67,0.67,0.669,0.669,11.07000000,1745063999999,7.41404000,3,11.07000000,7.41404000,0
2025-04-19 12:00:00,0.675,0.685,0.675,0.682,76.74000000,1745078399999,52.26091000,11,48.88000000,33.34224000,0
2025-04-19 16:00:00,0.684,0.707,0.684,0.701,213.19000000,1745092799999,148.49400000,33,130.97000000,91.10201000,0
2025-04-19 20:00:00,0.706,0.71,0.704,0.704,44.55000000,1745107199999,31.45290000,7,4.83000000,3.40032000,0
2025-04-20 00:00:00,0.705,0.709,0.701,0.709,129.09000000,1745121599999,91.00535000,4,123.29000000,86.91659000,0
2025-04-20 04:00:00,0.709,0.716,0.707,0.707,75.36000000,1745135999999,53.75388000,11,55.24000000,39.41764000,0
2025-04-20 08:00:00,0.706,0.706,0.702,0.702,24.82000000,1745150399999,17.44884000,2,6.30000000,4.44780000,0
2025-04-20 12:00:00,0.702,0.709,0.698,0.705,1023.21000000,1745164799999,718.31289000,10,1008.74000000,708.12176000,0
2025-04-20 16:00:00,0.709,0.713,0.708,0.713,28.70000000,1745179199999,20.39165000,9,11.53000000,8.17944000,0
2025-04-20 20:00:00,0.716,0.722,0.716,0.716,79.55000000,1745193599999,57.29069000,7,60.64000000,43.70970000,0
2025-04-21 00:00:00,0.719,0.727,0.719,0.722,56.28000000,1745207999999,40.68145000,14,44.77000000,32.37123000,0
2025-04-21 04:00:00,0.723,0.733,0.712,0.712,301.26000000,1745222399999,216.61258000,11,70.64000000,51.62783000,0
2025-04-21 08:00:00,0.729,0.729,0.726,0.726,7133.69000000,1745236799999,5179.06696000,29,14.23000000,10.33900000,0
2025-04-21 12:00:00,0.728,0.732,0.723,0.73,21.54000000,1745251199999,15.69503000,6,10.89000000,7.93085000,0
2025-04-21 16:00:00,0.723,0.723,0.708,0.711,264.13000000,1745265599999,187.98888000,17,231.84000000,165.11784000,0
2025-04-21 20:00:00,0.708,0.709,0.698,0.698,28.74000000,1745279999999,20.23593000,9,28.74000000,20.23593000,0
2025-04-22 00:00:00,0.697,0.703,0.69,0.703,44.24000000,1745294399999,30.76114000,13,24.65000000,17.07973000,0
2025-04-22 04:00:00,0.702,0.703,0.68,0.699,910.39000000,1745308799999,630.78307000,35,709.35000000,492.66386000,0
2025-04-22 08:00:00,0.699,0.702,0.689,0.694,68.32000000,1745323199999,47.47101000,15,33.78000000,23.48728000,0
2025-04-22 12:00:00,0.699,0.733,0.699,0.714,622.28000000,1745337599999,445.71915000,60,273.23000000,195.74732000,0
2025-04-22 16:00:00,0.715,0.719,0.708,0.719,78.35000000,1745351999999,55.94517000,12,54.92000000,39.25330000,0
2025-04-22 20:00:00,0.716,0.74,0.716,0.74,711.70000000,1745366399999,523.48640000,25,524.05000000,384.97447000,0
2025-04-23 00:00:00,0.74,0.757,0.735,0.749,465.07000000,1745380799999,348.81215000,82,240.40000000,180.67166000,0
2025-04-23 04:00:00,0.759,0.769,0.748,0.759,1474.09000000,1745395199999,1117.93578000,78,959.24000000,728.35316000,0
2025-04-23 08:00:00,0.757,0.762,0.752,0.754,128.99000000,1745409599999,97.75334000,19,36.55000000,27.70700000,0
2025-04-23 12:00:00,0.755,0.769,0.747,0.747,115.13000000,1745423999999,87.40138000,25,41.74000000,31.80760000,0
2025-04-23 16:00:00,0.759,0.779,0.746,0.758,2494.45000000,1745438399999,1917.62621000,200,1254.06000000,968.41121000,0
2025-04-23 20:00:00,0.764,0.776,0.763,0.767,275.24000000,1745452799999,212.28134000,37,139.49000000,107.88980000,0
2025-04-24 00:00:00,0.775,0.777,0.754,0.754,344.47000000,1745467199999,263.15819000,52,142.12000000,108.85823000,0
2025-04-24 04:00:00,0.756,0.763,0.752,0.752,591.44000000,1745481599999,447.90320000,89,281.51000000,213.74518000,0
2025-04-24 08:00:00,0.749,0.752,0.747,0.752,38.15000000,1745495999999,28.57043000,5,22.03000000,16.51891000,0
2025-04-24 12:00:00,0.751,0.786,0.751,0.786,232.01000000,1745510399999,180.19917000,23,135.85000000,105.12595000,0
2025-04-24 16:00:00,0.788,0.793,0.782,0.782,198.95000000,1745524799999,156.80244000,8,191.89000000,151.21448000,0
2025-04-24 20:00:00,0.793,0.795,0.782,0.782,773.80000000,1745539199999,610.97709000,10,18.37000000,14.54525000,0
2025-04-25 00:00:00,0.79,0.799,0.777,0.781,151.60000000,1745553599999,119.45443000,20,72.00000000,56.88620000,0
2025-04-25 04:00:00,0.781,0.809,0.781,0.808,149.58000000,1745567999999,119.97286000,19,106.21000000,85.18661000,0
2025-04-25 08:00:00,0.814,0.815,0.806,0.806,52.63000000,1745582399999,42.67459000,7,22.04000000,17.89247000,0
2025-04-25 12:00:00,0.806,0.82,0.79,0.808,207.48000000,1745596799999,168.01526000,22,146.29000000,118.88455000,0
2025-04-25 16:00:00,0.801,0.808,0.798,0.804,75.70000000,1745611199999,60.67074000,12,2.64000000,2.12548000,0
2025-04-25 20:00:00,0.803,0.82,0.803,0.809,321.44000000,1745625599999,261.45855000,27,43.20000000,35.16771000,0
2025-04-26 00:00:00,0.807,0.838,0.807,0.836,225.06000000,1745639999999,185.42452000,33,151.00000000,124.46379000,0
2025-04-26 04:00:00,0.832,0.837,0.821,0.836,44.12000000,1745654399999,36.64168000,13,22.62000000,18.80504000,0
2025-04-26 08:00:00,0.841,0.847,0.818,0.824,259.05000000,1745668799999,214.91017000,43,117.60000000,97.77281000,0
2025-04-26 12:00:00,0.827,0.834,0.817,0.834,31.05000000,1745683199999,25.59697000,6,9.91000000,8.25003000,0
2025-04-26 16:00:00,0.832,0.837,0.831,0.836,9.72000000,1745697599999,8.11520000,5,5.21000000,4.35948000,0
2025-04-26 20:00:00,0.842,0.844,0.835,0.841,57.83000000,1745711999999,48.51537000,9,39.28000000,32.93252000,0
2025-04-27 00:00:00,0.847,0.855,0.826,0.828,370.67000000,1745726399999,313.23209000,16,145.51000000,123.56127000,0
2025-04-27 04:00:00,0.826,0.844,0.814,0.816,154.24000000,1745740799999,126.50037000,11,111.62000000,91.79702000,0
2025-04-27 08:00:00,0.815,0.816,0.808,0.808,28.34000000,1745755199999,23.01690000,8,24.99000000,20.28665000,0
2025-04-27 12:00:00,0.808,0.808,0.78,0.781,2061.48000000,1745769599999,1636.78972000,302,1066.43000000,848.84483000,0
2025-04-27 16:00:00,0.785,0.787,0.775,0.787,627.81000000,1745783999999,490.12233000,105,304.70000000,238.45543000,0
2025-04-27 20:00:00,0.79,0.79,0.783,0.786,7.94000000,1745798399999,6.25013000,3,5.49000000,4.33178000,0
2025-04-28 00:00:00,0.772,0.776,0.757,0.77,422.79000000,1745812799999,325.07646000,19,367.99000000,283.18657000,0
2025-04-28 04:00:00,0.783,0.798,0.783,0.798,501.51000000,1745827199999,397.40466000,17,90.90000000,71.88477000,0
2025-04-28 08:00:00,0.801,0.801,0.784,0.785,1135.95000000,1745841599999,897.96408000,14,57.13000000,45.41706000,0
2025-04-28 12:00:00,0.783,0.792,0.765,0.765,594.58000000,1745855999999,469.07887000,28,565.74000000,446.77388000,0
2025-04-28 16:00:00,0.765,0.783,0.762,0.783,1231.25000000,1745870399999,947.24553000,10,19.44000000,15.14088000,0
2025-04-28 20:00:00,0.788,0.794,0.71,0.785,6575.92000000,1745884799999,5013.96577000,41,1428.57000000,1125.94536000,0
2025-04-29 00:00:00,0.783,0.783,0.782,0.782,6.80000000,1745899199999,5.32289000,2,6.80000000,5.32289000,0
2025-04-29 04:00:00,0.784,0.795,0.782,0.795,246.08000000,1745913599999,193.42463000,5,197.83000000,155.33605000,0
2025-04-29 08:00:00,0.795,0.795,0.786,0.786,422.57000000,1745927999999,332.35837000,6,411.21000000,323.39310000,0
2025-04-29 12:00:00,0.779,0.785,0.776,0.785,542.90000000,1745942399999,423.31090000,7,78.57000000,61.59546000,0
2025-04-29 16:00:00,0.787,0.788,0.775,0.781,210.45000000,1745956799999,164.03949000,8,139.88000000,109.34116000,0
2025-04-29 20:00:00,0.773,0.778,0.754,0.755,5634.00000000,1745971199999,4302.32358000,34,990.04000000,753.48789000,0
2025-04-30 00:00:00,0.76,0.761,0.746,0.749,331.43000000,1745985599999,249.25642000,19,282.25000000,212.43784000,0
2025-04-30 04:00:00,0.751,0.751,0.748,0.748,6.82000000,1745999999999,5.10775000,2,2.13000000,1.59963000,0
2025-04-30 08:00:00,0.749,0.76,0.749,0.76,11.67000000,1746014399999,8.82337000,5,0.00000000,0.00000000,0
2025-04-30 12:00:00,0.756,0.756,0.73,0.74,2040.01000000,1746028799999,1494.01398000,25,86.67000000,63.90673000,0
2025-04-30 16:00:00,0.729,0.742,0.725,0.725,332.20000000,1746043199999,242.84730000,17,198.97000000,144.78891000,0
2025-04-30 20:00:00,0.732,0.739,0.729,0.729,102.06000000,1746057599999,74.76579000,8,91.22000000,66.79059000,0
2025-05-01 00:00:00,0.736,0.741,0.733,0.734,138.41000000,1746071999999,102.08213000,12,41.15000000,30.29797000,0
2025-05-01 04:00:00,0.729,0.732,0.725,0.727,32.24000000,1746086399999,23.46972000,8,28.76000000,20.94672000,0
2025-05-01 08:00:00,0.731,0.739,0.731,0.737,18.04000000,1746100799999,13.25210000,6,4.25000000,3.13225000,0
2025-05-01 12:00:00,0.741,0.743,0.729,0.737,161.24000000,1746115199999,118.69316000,9,20.10000000,14.79249000,0
2025-05-01 16:00:00,0.73,0.736,0.729,0.729,9.30000000,1746129599999,6.80155000,3,2.81000000,2.06816000,0
2025-05-01 20:00:00,0.733,0.735,0.73,0.73,9.46000000,1746143999999,6.94262000,3,7.92000000,5.81842000,0
2025-05-02 00:00:00,0.732,0.746,0.732,0.746,235.21000000,1746158399999,172.63131000,13,225.27000000,165.27329000,0
2025-05-02 04:00:00,0.737,0.74,0.726,0.739,3041.06000000,1746172799999,2209.55528000,18,1448.28000000,1051.69586000,0
2025-05-02 08:00:00,0.733,0.745,0.717,0.718,347.20000000,1746187199999,250.26246000,25,225.99000000,162.86579000,0
2025-05-02 12:00:00,0.713,0.725,0.71,0.717,3836.88000000,1746201599999,2724.58003000,34,41.56000000,29.75383000,0
2025-05-02 16:00:00,0.726,0.726,0.71,0.71,2300.87000000,1746215999999,1633.82310000,42,22.12000000,15.91060000,0
2025-05-02 20:00:00,0.71,0.759,0.706,0.708,2514.64000000,1746230399999,1796.44345000,43,270.36000000,200.98473000,0
2025-05-03 00:00:00,0.715,0.722,0.709,0.709,24.05000000,1746244799999,17.21085000,4,12.02000000,8.66304000,0
2025-05-03 04:00:00,0.706,0.706,0.705,0.705,14.53000000,1746259199999,10.24508000,2,0.00000000,0.00000000,0
2025-05-03 08:00:00,0.714,0.716,0.684,0.686,309.60000000,1746273599999,216.80127000,18,117.65000000,83.19743000,0
2025-05-03 12:00:00,0.686,0.686,0.686,0.686,0.00000000,1746287999999,0.00000000,0,0.00000000,0.00000000,0
2025-05-03 16:00:00,0.684,0.684,0.669,0.681,995.85000000,1746302399999,669.20101000,23,230.46000000,156.94258000,0
2025-05-03 20:00:00,0.688,0.688,0.679,0.686,331.74000000,1746316799999,227.54283000,6,1.43000000,0.98384000,0
2025-05-04 00:00:00,0.678,0.694,0.673,0.68,659.28000000,1746331199999,450.17467000,96,326.07000000,224.07285000,0
2025-05-04 04:00:00,0.679,0.683,0.679,0.683,5.30000000,1746345599999,3.60602000,2,1.83000000,1.24989000,0
2025-05-04 08:00:00,0.678,0.692,0.674,0.689,153.66000000,1746359999999,104.41667000,24,60.32000000,41.33152000,0
2025-05-04 12:00:00,0.682,0.682,0.676,0.676,26.21000000,1746374399999,17.80856000,2,0.00000000,0.00000000,0
2025-05-04 16:00:00,0.677,0.687,0.654,0.673,4933.93000000,1746388799999,3298.80608000,183,753.18000000,507.17489000,0
2025-05-04 20:00:00,0.678,0.71,0.652,0.664,1418.21000000,1746403199999,944.19515000,137,500.31000000,339.42144000,0
2025-05-05 00:00:00,0.67,0.68,0.663,0.68,72.36000000,1746417599999,48.78198000,13,46.98000000,31.75940000,0
2025-05-05 04:00:00,0.679,0.679,0.676,0.679,78.29000000,1746431999999,53.14967000,3,78.29000000,53.14967000,0
2025-05-05 08:00:00,0.683,0.683,0.659,0.664,142.32000000,1746446399999,95.28807000,13,27.72000000,18.70752000,0
2025-05-05 12:00:00,0.659,0.66,0.65,0.65,326.19000000,1746460799999,212.27082000,11,3.59000000,2.36025000,0
2025-05-05 16:00:00,0.658,0.666,0.644,0.65,76.25000000,1746475199999,49.94948000,15,61.78000000,40.61940000,0
2025-05-05 20:00:00,0.641,0.652,0.641,0.65,1008.67000000,1746489599999,655.60279000,17,4.12000000,2.68624000,0
2025-05-06 00:00:00,0.644,0.644,0.634,0.641,85.10000000,1746503999999,54.24723000,13,42.11000000,26.98770000,0
2025-05-06 04:00:00,0.642,0.642,0.629,0.636,49.59000000,1746518399999,31.23615000,3,4.80000000,3.06324000,0
2025-05-06 08:00:00,0.628,0.638,0.609,0.612,216.38000000,1746532799999,134.13574000,45,106.81000000,66.63847000,0
2025-05-06 12:00:00,0.611,0.715,0.611,0.616,4139.86000000,1746547199999,2652.86992000,256,3120.89000000,2020.63671000,0
2025-05-06 16:00:00,0.636,0.636,0.608,0.608,3780.31000000,1746561599999,2330.43638000,155,503.24000000,315.69680000,0
2025-05-06 20:00:00,0.611,0.615,0.588,0.613,254.74000000,1746575999999,153.20884000,31,80.56000000,48.92317000,0
2025-05-07 00:00:00,0.61,0.63,0.602,0.602,1386.82000000,1746590399999,849.24487000,50,411.51000000,255.47332000,0
2025-05-07 04:00:00,0.612,0.613,0.6,0.607,180.50000000,1746604799999,110.30609000,9,159.32000000,97.54685000,0
2025-05-07 08:00:00,0.601,0.606,0.599,0.601,35.02000000,1746619199999,21.06835000,7,18.06000000,10.89235000,0
2025-05-07 12:00:00,0.597,0.602,0.585,0.585,229.08000000,1746633599999,136.70728000,17,155.22000000,93.12447000,0
2025-05-07 16:00:00,0.587,0.603,0.576,0.598,245.31000000,1746647999999,146.04736000,23,198.03000000,118.35842000,0
2025-05-07 20:00:00,0.588,0.602,0.585,0.602,196.22000000,1746662399999,116.69489000,16,141.73000000,84.73626000,0
2025-05-08 00:00:00,0.595,0.621,0.595,0.619,377.59000000,1746676799999,230.81700000,25,324.76000000,199.24615000,0
2025-05-08 04:00:00,0.62,0.63,0.615,0.63,130.36000000,1746691199999,81.39480000,12,86.92000000,54.46846000,0
2025-05-08 08:00:00,0.632,0.635,0.625,0.635,410.24000000,1746705599999,260.21103000,9,396.13000000,251.38790000,0
2025-05-08 12:00:00,0.633,0.664,0.632,0.664,6428.84000000,1746719999999,4230.14520000,93,549.72000000,355.66421000,0
2025-05-08 16:00:00,0.663,0.674,0.662,0.668,9815.83000000,1746734399999,6511.14987000,45,614.63000000,410.18822000,0
2025-05-08 20:00:00,0.675,0.696,0.67,0.69,1357.79000000,1746748799999,929.42361000,85,844.15000000,580.67100000,0
2025-05-09 00:00:00,0.691,0.724,0.69,0.713,12564.17000000,1746763199999,8902.63437000,99,11936.29000000,8460.44130000,0
2025-05-09 04:00:00,0.714,0.758,0.709,0.74,1917.36000000,1746777599999,1398.19090000,101,1561.56000000,1139.61680000,0
2025-05-09 08:00:00,0.745,0.773,0.724,0.744,6148.39000000,1746791999999,4576.10023000,156,3388.04000000,2538.81786000,0
2025-05-09 12:00:00,0.74,0.758,0.729,0.736,1832.06000000,1746806399999,1358.98328000,118,426.48000000,317.41338000,0
2025-05-09 16:00:00,0.745,0.808,0.735,0.775,7008.41000000,1746820799999,5300.50627000,233,1537.70000000,1167.76596000,0
2025-05-09 20:00:00,0.762,0.785,0.753,0.76,577.85000000,1746835199999,444.04243000,29,465.86000000,358.39903000,0
2025-05-10 00:00:00,0.761,0.78,0.755,0.76,3060.80000000,1746849599999,2340.67594000,42,2805.32000000,2146.07320000,0
2025-05-10 04:00:00,0.755,0.789,0.754,0.789,3760.30000000,1746863999999,2919.49169000,52,3564.62000000,2768.51565000,0
2025-05-10 08:00:00,0.789,0.79,0.764,0.774,3340.50000000,1746878399999,2584.12219000,53,1959.28000000,1523.04683000,0
2025-05-10 12:00:00,0.774,0.804,0.77,0.795,8646.74000000,1746892799999,6761.97497000,87,6612.72000000,5166.60894000,0
2025-05-10 16:00:00,0.786,0.823,0.786,0.815,7140.15000000,1746907199999,5751.34399000,98,1752.47000000,1413.75559000,0
2025-05-10 20:00:00,0.82,0.935,0.81,0.914,5396.00000000,1746921599999,4667.44840000,177,4163.35000000,3599.45488000,0
2025-05-11 00:00:00,0.905,0.984,0.88,0.919,5468.89000000,1746935999999,5001.61391000,218,3149.83000000,2891.90912000,0
2025-05-11 04:00:00,0.915,0.931,0.866,0.872,2534.70000000,1746950399999,2310.49295000,91,1290.72000000,1189.81285000,0
2025-05-11 08:00:00,0.876,0.882,0.866,0.866,2200.52000000,1746964799999,1913.05672000,20,120.65000000,106.19746000,0
2025-05-11 12:00:00,0.885,0.891,0.838,0.843,3727.13000000,1746979199999,3222.63604000,400,2144.40000000,1865.91135000,0
2025-05-11 16:00:00,0.856,0.881,0.833,0.875,2647.44000000,1746993599999,2274.72746000,315,1016.27000000,875.27074000,0
2025-05-11 20:00:00,0.864,0.881,0.854,0.868,1885.30000000,1747007999999,1629.50538000,65,86.74000000,75.65472000,0
2025-05-12 00:00:00,0.856,0.881,0.849,0.873,1916.67000000,1747022399999,1658.12585000,199,1228.82000000,1063.65007000,0
2025-05-12 04:00:00,0.875,0.912,0.857,0.877,5491.67000000,1747036799999,4848.49685000,101,3609.69000000,3190.04405000,0
2025-05-12 08:00:00,0.869,0.894,0.866,0.867,326.54000000,1747051199999,287.40052000,62,130.94000000,116.08453000,0
2025-05-12 12:00:00,0.87,0.892,0.841,0.85,1840.69000000,1747065599999,1610.95667000,258,1131.88000000,993.07329000,0
2025-05-12 16:00:00,0.854,0.872,0.806,0.828,1979.42000000,1747079999999,1644.63919000,84,560.94000000,469.65319000,0
2025-05-12 20:00:00,0.835,0.842,0.814,0.83,2373.97000000,1747094399999,1967.81160000,27,1621.93000000,1344.69240000,0
2025-05-13 00:00:00,0.82,0.866,0.77,0.771,11135.05000000,1747108799999,8990.94971000,329,3646.54000000,3017.13445000,0
2025-05-13 04:00:00,0.781,0.806,0.768,0.805,485.62000000,1747123199999,381.38956000,93,225.88000000,178.28805000,0
2025-05-13 08:00:00,0.795,0.812,0.795,0.81,464.16000000,1747137599999,372.92296000,26,163.20000000,131.96914000,0
2025-05-13 12:00:00,0.808,0.826,0.799,0.81,3046.21000000,1747151999999,2474.02874000,39,289.98000000,235.28948000,0
2025-05-13 16:00:00,0.82,0.895,0.82,0.887,2681.55000000,1747166399999,2315.84678000,87,2150.06000000,1857.77061000,0
2025-05-13 20:00:00,0.888,0.907,0.888,0.899,2719.43000000,1747180799999,2435.65323000,38,1434.02000000,1286.46221000,0
2025-05-14 00:00:00,0.895,0.919,0.864,0.866,3010.45000000,1747195199999,2694.71689000,107,1600.08000000,1448.78302000,0
2025-05-14 04:00:00,0.866,0.884,0.863,0.865,288.04000000,1747209599999,251.11698000,32,202.78000000,177.11342000,0
2025-05-14 08:00:00,0.861,0.861,0.836,0.846,654.53000000,1747223999999,554.39236000,47,193.31000000,164.87659000,0
2025-05-14 12:00:00,0.855,0.858,0.827,0.847,1397.94000000,1747238399999,1167.83053000,42,104.46000000,88.03497000,0
2025-05-14 16:00:00,0.842,0.846,0.827,0.831,33.86000000,1747252799999,28.21435000,6,13.57000000,11.39452000,0
2025-05-14 20:00:00,0.836,0.845,0.815,0.829,265.47000000,1747267199999,219.81097000,18,181.55000000,151.08938000,0
2025-05-15 00:00:00,0.833,0.842,0.809,0.816,597.04000000,1747281599999,491.02160000,55,303.07000000,250.87846000,0
2025-05-15 04:00:00,0.811,0.814,0.766,0.766,811.02000000,1747295999999,636.34030000,25,204.94000000,164.18708000,0
2025-05-15 08:00:00,0.769,0.791,0.766,0.788,31078.56000000,1747310399999,24538.96917000,99,389.11000000,303.37185000,0
2025-05-15 12:00:00,0.79,0.8,0.756,0.797,778.78000000,1747324799999,605.02092000,50,387.42000000,302.13653000,0
2025-05-15 16:00:00,0.797,0.81,0.756,0.769,1172.70000000,1747339199999,919.64804000,154,589.59000000,465.76106000,0
2025-05-15 20:00:00,0.767,0.771,0.73,0.743,3150.14000000,1747353599999,2371.07690000,139,1436.35000000,1083.01275000,0
2025-05-16 00:00:00,0.752,0.771,0.752,0.758,220.11000000,1747367999999,168.04631000,40,125.30000000,96.13501000,0
2025-05-16 04:00:00,0.77,0.77,0.751,0.762,46.47000000,1747382399999,35.16592000,11,26.22000000,19.94187000,0
2025-05-16 08:00:00,0.758,0.774,0.748,0.756,348.14000000,1747396799999,265.02218000,68,157.40000000,120.57032000,0
2025-05-16 12:00:00,0.754,0.768,0.742,0.744,1343.63000000,1747411199999,1001.54408000,27,275.21000000,205.30654000,0
2025-05-16 16:00:00,0.75,0.75,0.73,0.741,198.51000000,1747425599999,145.74362000,16,101.36000000,74.67947000,0
2025-05-16 20:00:00,0.733,0.733,0.704,0.711,4554.13000000,1747439999999,3225.24955000,43,2664.77000000,1878.70275000,0
2025-05-17 00:00:00,0.708,0.708,0.687,0.7,1614.20000000,1747454399999,1113.03450000,19,3.51000000,2.46804000,0
2025-05-17 04:00:00,0.703,0.705,0.698,0.701,26.77000000,1747468799999,18.75463000,9,18.77000000,13.15028000,0
2025-05-17 08:00:00,0.693,0.704,0.687,0.698,48.16000000,1747483199999,33.67776000,6,28.30000000,19.83575000,0
2025-05-17 12:00:00,0.707,0.71,0.694,0.71,574.28000000,1747497599999,405.90484000,11,551.62000000,390.01100000,0
2025-05-17 16:00:00,0.699,0.704,0.69,0.69,56.89000000,1747511999999,39.54627000,10,23.94000000,16.73294000,0
2025-05-17 20:00:00,0.7,0.706,0.695,0.695,241.01000000,1747526399999,168.42336000,9,226.44000000,158.24365000,0
2025-05-18 00:00:00,0.701,0.701,0.694,0.694,21.99000000,1747540799999,15.40351000,2,20.35000000,14.26535000,0
2025-05-18 04:00:00,0.696,0.714,0.696,0.708,99.35000000,1747555199999,70.49109000,8,95.67000000,67.89605000,0
2025-05-18 08:00:00,0.72,0.727,0.711,0.711,329.12000000,1747569599999,236.96199000,12,292.31000000,210.62423000,0
2025-05-18 12:00:00,0.708,0.746,0.705,0.745,728.64000000,1747583999999,531.93176000,25,188.27000000,137.49982000,0
2025-05-18 16:00:00,0.743,0.765,0.686,0.688,3434.66000000,1747598399999,2536.73546000,63,1730.08000000,1277.28562000,0
2025-05-18 20:00:00,0.677,0.73,0.671,0.73,894.06000000,1747612799999,622.66802000,32,806.59000000,562.44350000,0
2025-05-19 00:00:00,0.732,0.735,0.693,0.693,500.57000000,1747627199999,356.93520000,27,295.81000000,212.14784000,0
2025-05-19 04:00:00,0.689,0.695,0.686,0.69,173.00000000,1747641599999,119.02585000,9,0.00000000,0.00000000,0
2025-05-19 08:00:00,0.701,0.701,0.681,0.685,1372.39000000,1747655999999,940.07435000,15,186.47000000,128.56839000,0
2025-05-19 12:00:00,0.682,0.701,0.682,0.701,71.58000000,1747670399999,49.79941000,10,41.31000000,28.89381000,0
2025-05-19 16:00:00,0.689,0.724,0.689,0.705,145.89000000,1747684799999,103.96941000,20,104.22000000,74.51922000,0
2025-05-19 20:00:00,0.709,0.709,0.705,0.709,305.97000000,1747699199999,216.27227000,4,5.17000000,3.66187000,0
2025-05-20 00:00:00,0.712,0.735,0.708,0.727,257.56000000,1747713599999,185.65637000,13,129.50000000,94.52748000,0
2025-05-20 04:00:00,0.727,0.727,0.715,0.715,103.01000000,1747727999999,74.66939000,8,82.67000000,60.00838000,0
2025-05-20 08:00:00,0.709,0.713,0.699,0.699,621.46000000,1747742399999,440.43559000,16,13.59000000,9.58747000,0
2025-05-20 12:00:00,0.697,0.705,0.696,0.702,42.06000000,1747756799999,29.46198000,7,10.87000000,7.65300000,0
2025-05-20 16:00:00,0.705,0.714,0.698,0.714,72.48000000,1747771199999,51.27622000,14,35.66000000,25.28371000,0
2025-05-20 20:00:00,0.722,0.727,0.719,0.721,871.24000000,1747785599999,633.14541000,13,791.44000000,575.15492000,0
2025-05-21 00:00:00,0.715,0.735,0.71,0.735,52.82000000,1747799999999,38.07270000,13,40.64000000,29.30646000,0
2025-05-21 04:00:00,0.732,0.748,0.73,0.734,180.92000000,1747814399999,133.36135000,26,152.22000000,112.19398000,0
2025-05-21 08:00:00,0.732,0.743,0.719,0.739,105.43000000,1747828799999,77.11206000,15,42.73000000,31.46378000,0
2025-05-21 12:00:00,0.737,0.759,0.736,0.75,793.46000000,1747843199999,594.69130000,22,537.17000000,402.43468000,0
2025-05-21 16:00:00,0.756,0.771,0.716,0.735,1492.05000000,1747857599999,1090.67054000,45,324.87000000,244.77196000,0
2025-05-21 20:00:00,0.735,0.754,0.729,0.746,164.89000000,1747871999999,122.50120000,17,96.09000000,71.94145000,0
2025-05-22 00:00:00,0.751,0.771,0.743,0.77,857.85000000,1747886399999,647.30247000,46,317.45000000,243.43536000,0
2025-05-22 04:00:00,0.762,0.775,0.762,0.775,845.38000000,1747900799999,651.18531000,14,831.22000000,640.30886000,0
2025-05-22 08:00:00,0.776,0.793,0.773,0.781,2147.08000000,1747915199999,1675.83530000,29,2002.46000000,1562.96656000,0
2025-05-22 12:00:00,0.779,0.81,0.774,0.805,351.20000000,1747929599999,282.43087000,29,285.21000000,229.96142000,0
2025-05-22 16:00:00,0.811,0.811,0.796,0.796,135.54000000,1747943999999,108.81849000,20,89.38000000,72.07513000,0
2025-05-22 20:00:00,0.804,0.826,0.797,0.81,5935.61000000,1747958399999,4821.33721000,45,5540.63000000,4502.29112000,0
2025-05-23 00:00:00,0.814,0.838,0.814,0.832,182.21000000,1747972799999,151.57015000,20,111.22000000,92.41380000,0
2025-05-23 04:00:00,0.83,0.83,0.802,0.812,1329.08000000,1747987199999,1079.72945000,23,276.62000000,228.43975000,0
2025-05-23 08:00:00,0.807,0.82,0.777,0.777,212.77000000,1748001599999,169.03832000,25,63.80000000,51.17555000,0
2025-05-23 12:00:00,0.772,0.795,0.754,0.792,595.29000000,1748015999999,459.15679000,39,194.29000000,151.71007000,0
2025-05-23 16:00:00,0.783,0.79,0.771,0.779,1131.72000000,1748030399999,873.70058000,11,16.40000000,12.86625000,0
2025-05-23 20:00:00,0.771,0.771,0.741,0.741,122.92000000,1748044799999,92.37301000,21,36.09000000,27.24193000,0
2025-05-24 00:00:00,0.74,0.759,0.74,0.756,2011.16000000,1748059199999,1504.67416000,14,318.73000000,240.00937000,0
2025-05-24 04:00:00,0.76,0.776,0.76,0.774,56.50000000,1748073599999,43.40750000,16,16.96000000,13.10856000,0
2025-05-24 08:00:00,0.766,0.774,0.755,0.765,114.16000000,1748087999999,86.64931000,12,25.47000000,19.52250000,0
2025-05-24 12:00:00,0.766,0.768,0.761,0.768,20.21000000,1748102399999,15.46306000,5,12.97000000,9.94538000,0
2025-05-24 16:00:00,0.763,0.763,0.754,0.755,778.04000000,1748116799999,591.93959000,15,754.23000000,573.95408000,0
2025-05-24 20:00:00,0.756,0.756,0.74,0.74,474.33000000,1748131199999,355.87791000,8,195.91000000,147.95157000,0
2025-05-25 00:00:00,0.74,0.74,0.721,0.721,698.80000000,1748145599999,507.12257000,14,24.75000000,18.06377000,0
2025-05-25 04:00:00,0.731,0.731,0.724,0.724,15.13000000,1748159999999,10.99227000,2,5.45000000,3.98395000,0
2025-05-25 08:00:00,0.721,0.722,0.715,0.722,643.52000000,1748174399999,460.80961000,9,4.36000000,3.14356000,0
2025-05-25 12:00:00,0.729,0.729,0.71,0.711,162.55000000,1748188799999,116.14106000,7,12.47000000,8.91764000,0
2025-05-25 16:00:00,0.723,0.723,0.72,0.723,26.36000000,1748203199999,19.05348000,5,13.59000000,9.82557000,0
2025-05-25 20:00:00,0.725,0.746,0.723,0.74,44.57000000,1748217599999,32.72349000,10,29.42000000,21.57995000,0
2025-05-26 00:00:00,0.746,0.765,0.746,0.764,1365.91000000,1748231999999,1024.59626000,19,1341.15000000,1005.90913000,0
2025-05-26 04:00:00,0.766,0.783,0.764,0.781,441.94000000,1748246399999,340.29173000,23,317.37000000,244.78196000,0
2025-05-26 08:00:00,0.771,0.782,0.763,0.764,1387.78000000,1748260799999,1070.42075000,10,1357.27000000,1047.10762000,0
2025-05-26 12:00:00,0.766,0.767,0.754,0.767,84.57000000,1748275199999,64.03673000,9,7.65000000,5.81166000,0
2025-05-26 16:00:00,0.765,0.765,0.751,0.755,164.90000000,1748289599999,124.98900000,15,119.35000000,90.67969000,0
2025-05-26 20:00:00,0.756,0.767,0.756,0.758,46.38000000,1748303999999,35.40499000,6,33.02000000,25.22978000,0
2025-05-27 00:00:00,0.754,0.76,0.743,0.76,223.60000000,1748318399999,167.44198000,9,153.43000000,114.92271000,0
2025-05-27 04:00:00,0.752,0.776,0.749,0.773,334.28000000,1748332799999,256.86422000,19,240.53000000,185.06510000,0
2025-05-27 08:00:00,0.779,0.79,0.77,0.77,160.69000000,1748347199999,125.42715000,23,91.39000000,71.68320000,0
2025-05-27 12:00:00,0.784,0.786,0.764,0.776,185.23000000,1748361599999,143.57578000,15,77.12000000,60.29547000,0
2025-05-27 16:00:00,0.781,0.785,0.777,0.777,1211.81000000,1748375999999,948.80990000,13,1199.52000000,939.23887000,0
2025-05-27 20:00:00,0.773,0.773,0.758,0.759,88.38000000,1748390399999,68.03275000,9,19.24000000,14.68977000,0
2025-05-28 00:00:00,0.76,0.77,0.755,0.759,436.52000000,1748404799999,332.59626000,15,293.28000000,223.17884000,0
2025-05-28 04:00:00,0.76,0.76,0.751,0.751,87.89000000,1748419199999,66.17257000,7,13.84000000,10.46561000,0
2025-05-28 08:00:00,0.759,0.783,0.752,0.778,274.02000000,1748433599999,212.08855000,25,182.42000000,141.30786000,0
2025-05-28 12:00:00,0.779,0.793,0.762,0.764,1047.58000000,1748447999999,805.30209000,32,129.09000000,100.33970000,0
2025-05-28 16:00:00,0.773,0.781,0.75,0.75,177.60000000,1748462399999,136.09301000,19,69.92000000,54.09027000,0
2025-05-28 20:00:00,0.748,0.775,0.748,0.773,430.97000000,1748476799999,328.15545000,30,383.10000000,291.45844000,0
2025-05-29 00:00:00,0.771,0.819,0.771,0.813,1166.74000000,1748491199999,930.60617000,60,937.25000000,748.00495000,0
2025-05-29 04:00:00,0.807,0.808,0.782,0.782,325.54000000,1748505599999,257.06502000,18,110.94000000,87.99282000,0
2025-05-29 08:00:00,0.783,0.789,0.775,0.778,163.86000000,1748519999999,127.58809000,16,102.40000000,79.87445000,0
2025-05-29 12:00:00,0.773,0.779,0.748,0.752,2929.20000000,1748534399999,2209.35436000,36,159.69000000,121.20984000,0
2025-05-29 16:00:00,0.751,0.757,0.735,0.739,668.89000000,1748548799999,492.40787000,12,43.39000000,32.21260000,0
2025-05-29 20:00:00,0.742,0.742,0.73,0.73,206.96000000,1748563199999,153.09983000,6,134.44000000,99.41851000,0
2025-05-30 00:00:00,0.727,0.727,0.688,0.707,699.99000000,1748577599999,493.35933000,30,514.79000000,361.17037000,0
2025-05-30 04:00:00,0.702,0.707,0.682,0.683,156.55000000,1748591999999,107.74071000,13,32.59000000,22.59086000,0
2025-05-30 08:00:00,0.687,0.694,0.687,0.694,300.60000000,1748606399999,208.50749000,7,257.12000000,178.43398000,0
2025-05-30 12:00:00,0.689,0.698,0.689,0.694,11.69000000,1748620799999,8.11696000,4,0.00000000,0.00000000,0
2025-05-30 16:00:00,0.678,0.68,0.664,0.664,174.99000000,1748635199999,117.92767000,8,40.55000000,27.34893000,0
2025-05-30 20:00:00,0.66,0.669,0.624,0.624,37421.35000000,1748649599999,24131.04127000,88,218.68000000,143.44360000,0
2025-05-31 00:00:00,0.616,0.62,0.6,0.607,8135.14000000,1748663999999,4963.83250000,38,577.49000000,351.70450000,0
2025-05-31 04:00:00,0.612,0.628,0.612,0.625,137.27000000,1748678399999,85.52932000,4,137.27000000,85.52932000,0
2025-05-31 08:00:00,0.628,0.648,0.628,0.634,881.87000000,1748692799999,567.98998000,7,827.97000000,534.14078000,0
2025-05-31 12:00:00,0.634,0.634,0.634,0.634,0.00000000,1748707199999,0.00000000,0,0.00000000,0.00000000,0
2025-05-31 16:00:00,0.644,0.658,0.644,0.658,994.41000000,1748721599999,645.50784000,7,57.81000000,37.66034000,0
2025-05-31 20:00:00,0.653,0.661,0.653,0.654,1304.26000000,1748735999999,857.62183000,8,820.75000000,541.42014000,0
2025-06-01 00:00:00,0.655,0.655,0.655,0.655,85.51000000,1748750399999,56.00905000,1,85.51000000,56.00905000,0
2025-06-01 04:00:00,0.655,0.655,0.655,0.655,0.00000000,1748764799999,0.00000000,0,0.00000000,0.00000000,0
2025-06-01 08:00:00,0.645,0.645,0.639,0.639,148.39000000,1748779199999,95.43786000,5,0.00000000,0.00000000,0
2025-06-01 12:00:00,0.639,0.639,0.639,0.639,0.00000000,1748793599999,0.00000000,0,0.00000000,0.00000000,0
2025-06-01 16:00:00,0.639,0.639,0.639,0.639,500.00000000,1748807999999,319.50000000,2,0.00000000,0.00000000,0
2025-06-01 20:00:00,0.637,0.649,0.634,0.649,30186.47000000,1748822399999,19169.27766000,44,28271.60000000,17952.98524000,0
2025-06-02 00:00:00,0.645,0.651,0.639,0.642,534.44000000,1748836799999,343.07201000,6,342.74000000,219.99101000,0
2025-06-02 04:00:00,0.642,0.642,0.642,0.642,0.00000000,1748851199999,0.00000000,0,0.00000000,0.00000000,0
2025-06-02 08:00:00,0.651,0.651,0.629,0.629,499.86000000,1748865599999,324.49300000,3,0.00000000,0.00000000,0
2025-06-02 12:00:00,0.645,0.645,0.64,0.64,84.61000000,1748879999999,54.27145000,2,24.21000000,15.61545000,0
2025-06-02 16:00:00,0.645,0.649,0.638,0.638,351.04000000,1748894399999,226.08488000,3,221.04000000,143.14488000,0
2025-06-02 20:00:00,0.655,0.673,0.655,0.673,684.38000000,1748908799999,452.68828000,14,227.30000000,151.30204000,0
2025-06-03 00:00:00,0.679,0.68,0.67,0.67,313.73000000,1748923199999,213.12202000,4,293.34000000,199.46072000,0
2025-06-03 04:00:00,0.664,0.666,0.663,0.663,66.74000000,1748937599999,44.28930000,3,10.00000000,6.66000000,0
2025-06-03 08:00:00,0.66,0.663,0.66,0.663,56.88000000,1748951999999,37.57326000,2,0.00000000,0.00000000,0
2025-06-03 12:00:00,0.679,0.688,0.679,0.686,126.65000000,1748966399999,86.44766000,6,35.33000000,24.21272000,0
2025-06-03 16:00:00,0.679,0.685,0.678,0.685,49.50000000,1748980799999,33.65905000,4,12.25000000,8.39125000,0
2025-06-03 20:00:00,0.685,0.685,0.685,0.685,0.00000000,1748995199999,0.00000000,0,0.00000000,0.00000000,0
2025-06-04 00:00:00,0.664,0.674,0.664,0.674,94.68000000,1749009599999,63.70722000,5,83.97000000,56.59578000,0
2025-06-04 04:00:00,0.672,0.674,0.667,0.674,15183.58000000,1749023999999,10228.36777000,48,1358.03000000,909.94707000,0
2025-06-04 08:00:00,0.656,0.656,0.649,0.649,101.79000000,1749038399999,66.48313000,4,0.00000000,0.00000000,0
2025-06-04 12:00:00,0.644,0.657,0.643,0.654,1342.74000000,1749052799999,878.25950000,7,1307.88000000,855.83381000,0
2025-06-04 16:00:00,0.638,0.638,0.638,0.638,9.27000000,1749067199999,5.91426000,1,0.00000000,0.00000000,0
2025-06-04 20:00:00,0.629,0.629,0.629,0.629,24.47000000,1749081599999,15.39163000,1,0.00000000,0.00000000,0
2025-06-05 00:00:00,0.632,0.632,0.632,0.632,3.03000000,1749095999999,1.91496000,1,0.00000000,0.00000000,0
2025-06-05 04:00:00,0.638,0.638,0.638,0.638,15.67000000,1749110399999,9.99746000,1,15.67000000,9.99746000,0
2025-06-05 08:00:00,0.635,0.635,0.631,0.634,1032.69000000,1749124799999,653.90721000,6,945.79000000,598.88131000,0
2025-06-05 12:00:00,0.634,0.634,0.634,0.634,0.00000000,1749139199999,0.00000000,0,0.00000000,0.00000000,0
2025-06-05 16:00:00,0.636,0.636,0.606,0.606,2778.81000000,1749153599999,1752.84265000,23,2217.07000000,1405.62238000,0
2025-06-05 20:00:00,0.604,0.653,0.58,0.591,3575.73000000,1749167999999,2139.24970000,41,1796.21000000,1076.26891000,0
2025-06-06 00:00:00,0.596,0.596,0.594,0.594,533.85000000,1749182399999,317.34690000,2,0.00000000,0.00000000,0
2025-06-06 04:00:00,0.594,0.594,0.594,0.594,0.00000000,1749196799999,0.00000000,0,0.00000000,0.00000000,0
2025-06-06 08:00:00,0.599,0.599,0.599,0.599,8.72000000,1749211199999,5.22328000,1,0.00000000,0.00000000,0
2025-06-06 12:00:00,0.607,0.607,0.607,0.607,10.48000000,1749225599999,6.36136000,1,10.48000000,6.36136000,0
2025-06-06 16:00:00,0.596,0.596,0.592,0.592,42.03000000,1749239999999,24.92310000,5,26.36000000,15.60512000,0
2025-06-06 20:00:00,0.587,0.593,0.587,0.593,142.88000000,1749254399999,83.95850000,5,3.00000000,1.77900000,0
2025-06-07 00:00:00,0.595,0.617,0.595,0.617,138.49000000,1749268799999,83.82610000,6,138.49000000,83.82610000,0
2025-06-07 04:00:00,0.623,0.623,0.623,0.623,34.70000000,1749283199999,21.61810000,1,34.70000000,21.61810000,0
2025-06-07 08:00:00,0.624,0.63,0.624,0.63,74.59000000,1749297599999,46.73458000,3,35.23000000,22.17394000,0
2025-06-07 12:00:00,0.632,0.632,0.632,0.632,34.70000000,1749311999999,21.93040000,1,34.70000000,21.93040000,0
2025-06-07 16:00:00,0.625,0.625,0.625,0.625,49.83000000,1749326399999,31.14375000,1,49.83000000,31.14375000,0
2025-06-07 20:00:00,0.625,0.625,0.625,0.625,0.00000000,1749340799999,0.00000000,0,0.00000000,0.00000000,0
2025-06-08 00:00:00,0.625,0.625,0.625,0.625,0.00000000,1749355199999,0.00000000,0,0.00000000,0.00000000,0
2025-06-08 04:00:00,0.618,0.618,0.618,0.618,35.40000000,1749369599999,21.87720000,1,0.00000000,0.00000000,0
2025-06-08 08:00:00,0.614,0.614,0.614,0.614,10.67000000,1749383999999,6.55138000,1,0.00000000,0.00000000,0
2025-06-08 12:00:00,0.614,0.614,0.614,0.614,0.00000000,1749398399999,0.00000000,0,0.00000000,0.00000000,0
2025-06-08 16:00:00,0.614,0.614,0.614,0.614,0.00000000,1749412799999,0.00000000,0,0.00000000,0.00000000,0
2025-06-08 20:00:00,0.609,0.609,0.609,0.609,35.41000000,1749427199999,21.56469000,1,0.00000000,0.00000000,0
2025-06-09 00:00:00,0.613,0.613,0.604,0.604,51.60000000,1749441599999,31.39113000,3,0.00000000,0.00000000,0
2025-06-09 04:00:00,0.6,0.603,0.598,0.603,92.15000000,1749455999999,55.33269000,4,24.87000000,14.99661000,0
2025-06-09 08:00:00,0.601,0.621,0.601,0.621,127.05000000,1749470399999,77.76324000,11,124.17000000,76.03236000,0
2025-06-09 12:00:00,0.622,0.623,0.622,0.623,73.88000000,1749484799999,46.01543000,4,73.88000000,46.01543000,0
2025-06-09 16:00:00,0.625,0.632,0.625,0.632,144.59000000,1749499199999,90.64309000,6,144.59000000,90.64309000,0
2025-06-09 20:00:00,0.638,0.657,0.638,0.646,261.80000000,1749513599999,169.99518000,16,251.11000000,163.08944000,0
2025-06-10 00:00:00,0.657,0.661,0.648,0.648,220.71000000,1749527999999,145.35763000,10,91.81000000,60.57023000,0
2025-06-10 04:00:00,0.646,0.646,0.644,0.644,46.02000000,1749542399999,29.70760000,3,0.00000000,0.00000000,0
2025-06-10 08:00:00,0.645,0.702,0.645,0.702,655.21000000,1749556799999,447.11100000,24,534.70000000,364.44367000,0
2025-06-10 12:00:00,0.71,0.713,0.695,0.695,108.79000000,1749571199999,76.49754000,7,45.18000000,32.10924000,0
2025-06-10 16:00:00,0.71,0.713,0.71,0.713,45.18000000,1749585599999,32.10924000,3,45.18000000,32.10924000,0
2025-06-10 20:00:00,0.722,0.722,0.722,0.722,34.70000000,1749599999999,25.05340000,1,34.70000000,25.05340000,0
2025-06-11 00:00:00,0.724,0.73,0.706,0.712,338.81000000,1749614399999,243.34710000,8,251.17000000,181.20244000,0
2025-06-11 04:00:00,0.722,0.722,0.722,0.722,34.70000000,1749628799999,25.05340000,2,34.70000000,25.05340000,0
2025-06-11 08:00:00,0.706,0.706,0.704,0.704,37.22000000,1749643199999,26.27370000,2,0.00000000,0.00000000,0
2025-06-11 12:00:00,0.722,0.746,0.722,0.746,3730.29000000,1749657599999,2759.68933000,29,3144.52000000,2329.92124000,0
2025-06-11 16:00:00,0.742,0.742,0.708,0.708,156.73000000,1749671999999,113.03896000,12,37.60000000,27.30420000,0
2025-06-11 20:00:00,0.706,0.71,0.691,0.691,1349.73000000,1749686399999,953.72648000,7,1000.00000000,710.00000000,0
2025-06-12 00:00:00,0.696,0.696,0.695,0.695,247.62000000,1749700799999,172.11897000,2,0.00000000,0.00000000,0
2025-06-12 04:00:00,0.687,0.687,0.678,0.678,392.37000000,1749715199999,268.08119000,8,182.69000000,124.11245000,0
2025-06-12 08:00:00,0.675,0.68,0.667,0.667,9231.65000000,1749729599999,6260.68317000,39,8003.21000000,5426.18406000,0
2025-06-12 12:00:00,0.679,0.69,0.664,0.664,162.51000000,1749743999999,110.01848000,8,70.38000000,48.30211000,0
2025-06-12 16:00:00,0.679,0.679,0.651,0.653,706.63000000,1749758399999,468.08487000,10,214.20000000,141.00902000,0
2025-06-12 20:00:00,0.646,0.646,0.63,0.63,137.80000000,1749772799999,87.78046000,5,0.00000000,0.00000000,0
2025-06-13 00:00:00,0.627,0.627,0.574,0.589,12276.09000000,1749787199999,7115.77718000,48,58.49000000,35.69887000,0
2025-06-13 04:00:00,0.578,0.588,0.578,0.588,249.04000000,1749801599999,145.64582000,2,0.00000000,0.00000000,0
2025-06-13 08:00:00,0.595,0.598,0.577,0.577,136.08000000,1749815999999,79.62534000,7,45.18000000,26.91354000,0
2025-06-13 12:00:00,0.587,0.587,0.576,0.576,56.54000000,1749830399999,33.07117000,2,45.83000000,26.90221000,0
2025-06-13 16:00:00,0.589,0.589,0.562,0.562,3048.57000000,1749844799999,1723.82629000,15,14.48000000,8.50072000,0
2025-06-13 20:00:00,0.577,0.589,0.577,0.589,158.70000000,1749859199999,92.10774000,7,158.70000000,92.10774000,0
2025-06-14 00:00:00,0.589,0.589,0.589,0.589,0.00000000,1749873599999,0.00000000,0,0.00000000,0.00000000,0
2025-06-14 04:00:00,0.592,0.604,0.591,0.591,204.85000000,1749887999999,122.53426000,9,159.33000000,95.62179000,0
2025-06-14 08:00:00,0.604,0.604,0.597,0.597,115.19000000,1749902399999,69.01133000,2,34.70000000,20.95880000,0
2025-06-14 12:00:00,0.591,0.591,0.591,0.591,35.38000000,1749916799999,20.90958000,1,0.00000000,0.00000000,0
2025-06-14 16:00:00,0.589,0.589,0.589,0.589,87.92000000,1749931199999,51.78488000,1,0.00000000,0.00000000,0
2025-06-14 20:00:00,0.585,0.585,0.585,0.585,10.67000000,1749945599999,6.24195000,1,0.00000000,0.00000000,0
2025-06-15 00:00:00,0.598,0.598,0.598,0.598,10.48000000,1749959999999,6.26704000,1,10.48000000,6.26704000,0
2025-06-15 04:00:00,0.598,0.598,0.598,0.598,0.00000000,1749974399999,0.00000000,0,0.00000000,0.00000000,0
2025-06-15 08:00:00,0.598,0.598,0.598,0.598,0.00000000,1749988799999,0.00000000,0,0.00000000,0.00000000,0
2025-06-15 12:00:00,0.594,0.594,0.594,0.594,3.57000000,1750003199999,2.12058000,1,0.00000000,0.00000000,0
2025-06-15 16:00:00,0.585,0.586,0.582,0.582,2521.88000000,1750017599999,1474.73403000,39,0.00000000,0.00000000,0
2025-06-15 20:00:00,0.582,0.582,0.582,0.582,0.00000000,1750031999999,0.00000000,0,0.00000000,0.00000000,0
2025-06-16 00:00:00,0.595,0.603,0.589,0.589,166.53000000,1750046399999,99.34383000,7,140.54000000,84.03572000,0
2025-06-16 04:00:00,0.592,0.604,0.592,0.604,121.44000000,1750060799999,72.40536000,3,34.70000000,20.95880000,0
2025-06-16 08:00:00,0.607,0.607,0.597,0.603,71.41000000,1750075199999,42.97475000,4,20.45000000,12.37327000,0
2025-06-16 12:00:00,0.611,0.614,0.611,0.614,1177.21000000,1750089599999,721.69855000,7,177.21000000,108.69855000,0
2025-06-16 16:00:00,0.608,0.613,0.608,0.613,138.55000000,1750103999999,84.29417000,5,138.55000000,84.29417000,0
2025-06-16 20:00:00,0.603,0.603,0.575,0.575,1190.92000000,1750118399999,691.79143000,12,0.00000000,0.00000000,0
2025-06-17 00:00:00,0.573,0.595,0.568,0.591,4226.98000000,1750132799999,2411.92297000,21,4113.18000000,2346.75372000,0
2025-06-17 04:00:00,0.582,0.582,0.582,0.582,35.38000000,1750147199999,20.59116000,1,0.00000000,0.00000000,0
2025-06-17 08:00:00,0.576,0.576,0.573,0.573,46.11000000,1750161599999,26.45316000,3,0.00000000,0.00000000,0
2025-06-17 12:00:00,0.568,0.569,0.564,0.564,584.45000000,1750175999999,331.16228000,10,292.83000000,166.04163000,0
2025-06-17 16:00:00,0.561,0.572,0.546,0.572,3333.12000000,1750190399999,1835.56997000,31,357.64000000,200.03562000,0
2025-06-17 20:00:00,0.558,0.558,0.557,0.557,46.06000000,1750204799999,25.66612000,2,0.00000000,0.00000000,0
2025-06-18 00:00:00,0.564,0.569,0.562,0.562,421.62000000,1750219199999,237.30247000,4,421.62000000,237.30247000,0
2025-06-18 04:00:00,0.562,0.562,0.562,0.562,0.00000000,1750233599999,0.00000000,0,0.00000000,0.00000000,0
2025-06-18 08:00:00,0.557,0.557,0.536,0.543,410.21000000,1750247999999,222.64573000,11,49.18000000,26.68074000,0
2025-06-18 12:00:00,0.548,0.552,0.537,0.552,173.13000000,1750262399999,94.83894000,7,173.13000000,94.83894000,0
2025-06-18 16:00:00,0.552,0.552,0.552,0.552,362.31000000,1750276799999,199.99512000,1,0.00000000,0.00000000,0
2025-06-18 20:00:00,0.56,0.566,0.559,0.559,168.62000000,1750291199999,94.63986000,6,117.91000000,66.29297000,0
2025-06-19 00:00:00,0.569,0.57,0.561,0.561,414.94000000,1750305599999,233.51502000,4,45.18000000,25.71790000,0
2025-06-19 04:00:00,0.561,0.561,0.561,0.561,0.00000000,1750319999999,0.00000000,0,0.00000000,0.00000000,0
2025-06-19 08:00:00,0.564,0.564,0.564,0.564,1.98000000,1750334399999,1.11672000,1,0.00000000,0.00000000,0
2025-06-19 12:00:00,0.564,0.564,0.564,0.564,0.00000000,1750348799999,0.00000000,0,0.00000000,0.00000000,0
2025-06-19 16:00:00,0.558,0.558,0.557,0.557,46.02000000,1750363199999,25.64380000,2,0.00000000,0.00000000,0
2025-06-19 20:00:00,0.563,0.563,0.56,0.561,206.14000000,1750377599999,115.80384000,3,206.14000000,115.80384000,0
2025-06-20 00:00:00,0.569,0.569,0.569,0.569,34.70000000,1750391999999,19.74430000,1,34.70000000,19.74430000,0
2025-06-20 04:00:00,0.57,0.574,0.57,0.574,35.42000000,1750406399999,20.28916000,2,35.42000000,20.28916000,0
2025-06-20 08:00:00,0.577,0.577,0.577,0.577,52.07000000,1750420799999,30.04439000,2,52.07000000,30.04439000,0
2025-06-20 12:00:00,0.568,0.568,0.558,0.558,127.69000000,1750435199999,71.67337000,5,0.00000000,0.00000000,0
2025-06-20 16:00:00,0.557,0.557,0.54,0.552,194.79000000,1750449599999,107.07664000,8,45.18000000,24.93936000,0
2025-06-20 20:00:00,0.546,0.546,0.54,0.544,192.60000000,1750463999999,104.87530000,4,4.00000000,2.17600000,0
2025-06-21 00:00:00,0.544,0.552,0.544,0.55,58.19000000,1750478399999,32.04080000,4,54.19000000,29.84080000,0
2025-06-21 04:00:00,0.55,0.55,0.55,0.55,0.00000000,1750492799999,0.00000000,0,0.00000000,0.00000000,0
2025-06-21 08:00:00,0.548,0.548,0.545,0.545,38.98000000,1750507199999,21.27139000,4,5.45000000,2.98660000,0
2025-06-21 12:00:00,0.54,0.54,0.528,0.534,991.76000000,1750521599999,526.26825000,15,146.40000000,78.18560000,0
2025-06-21 16:00:00,0.535,0.535,0.52,0.527,4252.19000000,1750535999999,2215.22481000,18,2459.12000000,1280.35374000,0
2025-06-21 20:00:00,0.522,0.522,0.499,0.499,1877.24000000,1750550399999,953.96576000,31,135.54000000,68.76396000,0
2025-06-22 00:00:00,0.51,0.52,0.506,0.506,1889.89000000,1750564799999,977.98387000,13,1843.86000000,954.64666000,0
2025-06-22 04:00:00,0.506,0.506,0.506,0.506,0.00000000,1750579199999,0.00000000,0,0.00000000,0.00000000,0
2025-06-22 08:00:00,0.506,0.507,0.491,0.502,685.88000000,1750593599999,340.53929000,13,140.36000000,70.30355000,0
2025-06-22 12:00:00,0.491,0.491,0.469,0.485,4932.60000000,1750607999999,2333.67024000,27,3575.93000000,1681.80706000,0
2025-06-22 16:00:00,0.475,0.475,0.472,0.474,775.59000000,1750622399999,366.78327000,6,251.67000000,119.24955000,0
2025-06-22 20:00:00,0.474,0.488,0.461,0.488,1765.22000000,1750636799999,835.71487000,22,676.53000000,326.53287000,0
2025-06-23 00:00:00,0.488,0.488,0.488,0.488,0.00000000,1750651199999,0.00000000,0,0.00000000,0.00000000,0
2025-06-23 04:00:00,0.493,0.494,0.493,0.494,580.67000000,1750665599999,286.31549000,4,552.27000000,272.31429000,0
2025-06-23 08:00:00,0.487,0.489,0.487,0.489,75.60000000,1750679999999,36.91720000,2,0.00000000,0.00000000,0
2025-06-23 12:00:00,0.498,0.51,0.498,0.498,483.89000000,1750694399999,243.37496000,16,284.13000000,143.49902000,0
2025-06-23 16:00:00,0.491,0.526,0.488,0.52,592.88000000,1750708799999,303.60122000,25,421.01000000,216.68633000,0
2025-06-23 20:00:00,0.528,0.551,0.528,0.546,468.03000000,1750723199999,253.64553000,13,396.87000000,215.01693000,0
2025-06-24 00:00:00,0.548,0.55,0.548,0.549,50.11000000,1750737599999,27.50000000,3,50.11000000,27.50000000,0
2025-06-24 04:00:00,0.547,0.561,0.547,0.561,282.79000000,1750751999999,157.34927000,10,202.98000000,112.69500000,0
2025-06-24 08:00:00,0.552,0.552,0.549,0.549,139.14000000,1750766399999,76.63083000,5,0.00000000,0.00000000,0
2025-06-24 12:00:00,0.555,0.555,0.555,0.555,18.18000000,1750780799999,10.08990000,1,18.18000000,10.08990000,0
2025-06-24 16:00:00,0.561,0.57,0.555,0.555,336.56000000,1750795199999,189.89517000,15,254.85000000,144.23150000,0
2025-06-24 20:00:00,0.561,0.561,0.551,0.552,234.99000000,1750809599999,130.02186000,6,18.00000000,10.09800000,0
2025-06-25 00:00:00,0.558,0.559,0.555,0.559,65.52000000,1750823999999,36.51771000,3,47.52000000,26.52771000,0
2025-06-25 04:00:00,0.552,0.552,0.551,0.551,44.00000000,1750838399999,24.25364000,2,0.00000000,0.00000000,0
2025-06-25 08:00:00,0.55,0.55,0.549,0.55,122.67000000,1750852799999,67.42246000,5,0.00000000,0.00000000,0
2025-06-25 12:00:00,0.555,0.555,0.543,0.543,55.11000000,1750867199999,30.27015000,3,18.18000000,10.08990000,0
2025-06-25 16:00:00,0.54,0.552,0.54,0.541,484.78000000,1750881599999,262.46680000,8,45.18000000,24.93936000,0
2025-06-25 20:00:00,0.55,0.55,0.537,0.537,109.99000000,1750895999999,59.60447000,5,26.89000000,14.78950000,0
2025-06-26 00:00:00,0.544,0.555,0.541,0.55,174.81000000,1750910399999,95.78761000,8,89.42000000,49.20590000,0
2025-06-26 04:00:00,0.549,0.549,0.549,0.549,26.97000000,1750924799999,14.80653000,1,26.97000000,14.80653000,0
2025-06-26 08:00:00,0.544,0.544,0.534,0.534,145.97000000,1750939199999,78.76674000,7,0.00000000,0.00000000,0
2025-06-26 12:00:00,0.531,0.531,0.523,0.528,147.23000000,1750953599999,77.62042000,10,11.74000000,6.19872000,0
2025-06-26 16:00:00,0.532,0.535,0.526,0.535,591.11000000,1750967999999,312.85132000,8,326.24000000,173.52970000,0
2025-06-26 20:00:00,0.539,0.544,0.531,0.531,177.44000000,1750982399999,95.48867000,8,93.33000000,50.61899000,0
2025-06-27 00:00:00,0.533,0.535,0.528,0.533,670.07000000,1750996799999,358.25819000,7,599.53000000,320.72967000,0
2025-06-27 04:00:00,0.533,0.533,0.533,0.533,0.00000000,1751011199999,0.00000000,0,0.00000000,0.00000000,0
2025-06-27 08:00:00,0.535,0.535,0.53,0.53,35.29000000,1751025599999,18.85731000,3,27.45000000,14.68575000,0
2025-06-27 12:00:00,0.528,0.534,0.527,0.534,137.22000000,1751039999999,72.63189000,5,43.05000000,22.98870000,0
2025-06-27 16:00:00,0.539,0.539,0.525,0.528,313.44000000,1751054399999,165.25762000,12,48.89000000,26.00462000,0
2025-06-27 20:00:00,0.53,0.539,0.53,0.538,93.59000000,1751068799999,49.79160000,8,37.43000000,19.97064000,0
2025-06-28 00:00:00,0.538,0.538,0.538,0.538,0.00000000,1751083199999,0.00000000,0,0.00000000,0.00000000,0
2025-06-28 04:00:00,0.538,0.538,0.538,0.538,0.00000000,1751097599999,0.00000000,0,0.00000000,0.00000000,0
2025-06-28 08:00:00,0.537,0.537,0.537,0.537,6.11000000,1751111999999,3.28107000,1,0.00000000,0.00000000,0
2025-06-28 12:00:00,0.539,0.552,0.539,0.55,3866.27000000,1751126399999,2111.33048000,65,263.86000000,143.60684000,0
2025-06-28 16:00:00,0.55,0.55,0.541,0.541,10037.86000000,1751140799999,5520.80590000,21,1.90000000,1.04500000,0
2025-06-28 20:00:00,0.552,0.552,0.552,0.552,9.28000000,1751155199999,5.12256000,3,9.28000000,5.12256000,0
2025-06-29 00:00:00,0.555,0.566,0.549,0.566,1326.76000000,1751169599999,740.52007000,20,1316.98000000,735.15085000,0
2025-06-29 04:00:00,0.556,0.556,0.556,0.556,31.60000000,1751183999999,17.56960000,1,0.00000000,0.00000000,0
2025-06-29 08:00:00,0.558,0.558,0.558,0.558,26.49000000,1751198399999,14.78142000,1,0.00000000,0.00000000,0
2025-06-29 12:00:00,0.552,0.552,0.552,0.552,15.18000000,1751212799999,8.37936000,1,0.00000000,0.00000000,0
2025-06-29 16:00:00,0.567,0.572,0.563,0.569,1443.05000000,1751227199999,814.42754000,10,151.89000000,86.59981000,0
2025-06-29 20:00:00,0.573,0.62,0.573,0.605,1293.94000000,1751241599999,778.65361000,32,1097.83000000,659.88261000,0
2025-06-30 00:00:00,0.605,0.607,0.589,0.59,507.70000000,1751255999999,305.15603000,11,116.46000000,70.35330000,0
2025-06-30 04:00:00,0.585,0.585,0.578,0.582,338.66000000,1751270399999,196.92387000,9,138.64000000,80.96168000,0
2025-06-30 08:00:00,0.581,0.581,0.581,0.581,10.16000000,1751284799999,5.90296000,1,0.00000000,0.00000000,0
2025-06-30 12:00:00,0.576,0.576,0.565,0.565,159.28000000,1751299199999,90.68365000,9,17.54000000,9.99780000,0
2025-06-30 16:00:00,0.574,0.586,0.564,0.586,805.06000000,1751313599999,463.40722000,17,699.04000000,403.48086000,0
2025-06-30 20:00:00,0.573,0.573,0.563,0.563,1044.95000000,1751327999999,594.60294000,14,268.06000000,153.59838000,0
2025-07-01 00:00:00,0.56,0.56,0.557,0.557,95.10000000,1751342399999,53.12860000,3,0.00000000,0.00000000,0
2025-07-01 04:00:00,0.554,0.554,0.546,0.546,508.23000000,1751356799999,278.98444000,11,117.22000000,64.62432000,0
2025-07-01 08:00:00,0.548,0.548,0.548,0.548,9.04000000,1751371199999,4.95392000,1,0.00000000,0.00000000,0
2025-07-01 12:00:00,0.54,0.54,0.54,0.54,46.14000000,1751385599999,24.91560000,3,0.00000000,0.00000000,0
2025-07-01 16:00:00,0.538,0.547,0.538,0.539,274.48000000,1751399999999,148.82490000,6,168.20000000,91.61529000,0
2025-07-01 20:00:00,0.534,0.538,0.528,0.528,2071.76000000,1751414399999,1107.70494000,50,22.69000000,12.19122000,0
2025-07-02 00:00:00,0.528,0.534,0.528,0.531,702.32000000,1751428799999,372.08701000,15,183.36000000,97.37129000,0
2025-07-02 04:00:00,0.531,0.55,0.531,0.543,744.76000000,1751443199999,404.06089000,28,438.82000000,238.34103000,0
2025-07-02 08:00:00,0.542,0.542,0.539,0.539,21.25000000,1751457599999,11.49503000,3,4.00000000,2.16800000,0
2025-07-02 12:00:00,0.544,0.55,0.544,0.55,22.52000000,1751471999999,12.34106000,2,22.52000000,12.34106000,0
2025-07-02 16:00:00,0.552,0.57,0.552,0.57,925.86000000,1751486399999,521.16555000,15,374.54000000,210.88244000,0
2025-07-02 20:00:00,0.57,0.57,0.566,0.566,64.08000000,1751500799999,36.32758000,7,24.79000000,14.05015000,0
2025-07-03 00:00:00,0.564,0.572,0.564,0.572,98.85000000,1751515199999,56.30620000,8,62.32000000,35.64704000,0
2025-07-03 04:00:00,0.576,0.586,0.576,0.586,291.90000000,1751529599999,169.49219000,7,291.90000000,169.49219000,0
2025-07-03 08:00:00,0.584,0.584,0.576,0.576,565.37000000,1751543999999,327.82562000,67,48.72000000,28.16016000,0
2025-07-03 12:00:00,0.573,0.586,0.572,0.572,901.82000000,1751558399999,523.97418000,81,473.09000000,276.30769000,0
2025-07-03 16:00:00,0.567,0.572,0.56,0.572,2405.56000000,1751572799999,1352.61582000,10,3.49000000,1.99628000,0
2025-07-03 20:00:00,0.572,0.577,0.572,0.574,137.61000000,1751587199999,79.09042000,4,135.61000000,77.94242000,0
2025-07-04 00:00:00,0.578,0.578,0.578,0.578,3.26000000,1751601599999,1.88428000,1,3.26000000,1.88428000,0
2025-07-04 04:00:00,0.569,0.569,0.556,0.556,702.02000000,1751615999999,397.76441000,9,535.00000000,304.39916000,0
2025-07-04 08:00:00,0.549,0.55,0.549,0.55,48.31000000,1751630399999,26.52446000,3,0.00000000,0.00000000,0
2025-07-04 12:00:00,0.546,0.546,0.537,0.537,502.12000000,1751644799999,272.05853000,12,36.64000000,19.89552000,0
2025-07-04 16:00:00,0.531,0.531,0.526,0.528,515.48000000,1751659199999,272.35784000,8,440.58000000,232.62624000,0
2025-07-04 20:00:00,0.532,0.532,0.532,0.532,11.90000000,1751673599999,6.33080000,1,11.90000000,6.33080000,0
2025-07-05 00:00:00,0.531,0.531,0.531,0.531,3110.73000000,1751687999999,1651.79763000,7,1993.51000000,1058.55381000,0
2025-07-05 04:00:00,0.531,0.531,0.531,0.531,0.00000000,1751702399999,0.00000000,0,0.00000000,0.00000000,0
2025-07-05 08:00:00,0.528,0.53,0.528,0.53,20.76000000,1751716799999,10.98474000,2,0.00000000,0.00000000,0
2025-07-05 12:00:00,0.526,0.526,0.526,0.526,55.82000000,1751731199999,29.36132000,3,0.00000000,0.00000000,0
2025-07-05 16:00:00,0.525,0.525,0.52,0.52,84.44000000,1751745599999,44.10082000,4,0.00000000,0.00000000,0
2025-07-05 20:00:00,0.52,0.52,0.52,0.52,0.00000000,1751759999999,0.00000000,0,0.00000000,0.00000000,0
2025-07-06 00:00:00,0.52,0.52,0.52,0.52,0.00000000,1751774399999,0.00000000,0,0.00000000,0.00000000,0
2025-07-06 04:00:00,0.531,0.531,0.531,0.531,26.50000000,1751788799999,14.07150000,1,26.50000000,14.07150000,0
2025-07-06 08:00:00,0.524,0.535,0.524,0.53,504.45000000,1751803199999,264.89991000,5,499.45000000,262.24991000,0
2025-07-06 12:00:00,0.543,0.543,0.543,0.543,45.18000000,1751817599999,24.53274000,2,45.18000000,24.53274000,0
2025-07-06 16:00:00,0.543,0.543,0.543,0.543,0.00000000,1751831999999,0.00000000,0,0.00000000,0.00000000,0
2025-07-06 20:00:00,0.54,0.555,0.54,0.547,1058.58000000,1751846399999,581.60884000,8,365.33000000,202.42517000,0
2025-07-07 00:00:00,0.547,0.547,0.547,0.547,33.36000000,1751860799999,18.24792000,1,0.00000000,0.00000000,0
2025-07-07 04:00:00,0.549,0.549,0.541,0.541,68.16000000,1751875199999,37.15480000,2,35.03000000,19.23147000,0
2025-07-07 08:00:00,0.542,0.542,0.542,0.542,132.54000000,1751889599999,71.83668000,2,0.00000000,0.00000000,0
2025-07-07 12:00:00,0.54,0.54,0.54,0.54,46.05000000,1751903999999,24.86700000,2,0.00000000,0.00000000,0
2025-07-07 16:00:00,0.54,0.54,0.54,0.54,0.00000000,1751918399999,0.00000000,0,0.00000000,0.00000000,0
2025-07-07 20:00:00,0.543,0.551,0.543,0.55,446.89000000,1751932799999,243.14427000,5,446.89000000,243.14427000,0
2025-07-08 00:00:00,0.549,0.551,0.538,0.538,2062.58000000,1751947199999,1122.66836000,19,813.86000000,446.80349000,0
2025-07-08 04:00:00,0.537,0.537,0.535,0.536,1614.80000000,1751961599999,864.38636000,10,0.00000000,0.00000000,0
2025-07-08 08:00:00,0.535,0.543,0.531,0.543,1390.62000000,1751975999999,743.05880000,30,10.48000000,5.69064000,0
2025-07-08 12:00:00,0.535,0.535,0.535,0.535,2.80000000,1751990399999,1.49800000,1,0.00000000,0.00000000,0
2025-07-08 16:00:00,0.535,0.535,0.535,0.535,0.00000000,1752004799999,0.00000000,0,0.00000000,0.00000000,0
2025-07-08 20:00:00,0.535,0.535,0.535,0.535,0.00000000,1752019199999,0.00000000,0,0.00000000,0.00000000,0
2025-07-09 00:00:00,0.537,0.537,0.537,0.537,49.68000000,1752033599999,26.67816000,1,0.00000000,0.00000000,0
2025-07-09 04:00:00,0.537,0.537,0.537,0.537,0.00000000,1752047999999,0.00000000,0,0.00000000,0.00000000,0
2025-07-09 08:00:00,0.552,0.552,0.551,0.551,66.63000000,1752062399999,36.75831000,3,45.18000000,24.93936000,0
2025-07-09 12:00:00,0.561,0.561,0.561,0.561,45.18000000,1752076799999,25.34598000,2,45.18000000,25.34598000,0
2025-07-09 16:00:00,0.561,0.58,0.561,0.58,423.48000000,1752091199999,243.07145000,12,423.48000000,243.07145000,0
2025-07-09 20:00:00,0.581,0.595,0.581,0.595,2390.17000000,1752105599999,1395.15778000,49,1665.03000000,973.85144000,0
2025-07-10 00:00:00,0.582,0.582,0.582,0.582,35.39000000,1752119999999,20.59698000,1,0.00000000,0.00000000,0
2025-07-10 04:00:00,0.595,0.598,0.595,0.598,45.18000000,1752134399999,26.91354000,2,45.18000000,26.91354000,0
2025-07-10 08:00:00,0.596,0.597,0.587,0.588,826.25000000,1752148799999,485.70771000,12,12.45000000,7.40428000,0
2025-07-10 12:00:00,0.599,0.599,0.599,0.599,5.81000000,1752163199999,3.48019000,1,5.81000000,3.48019000,0
2025-07-10 16:00:00,0.593,0.618,0.593,0.615,484.70000000,1752177599999,297.19009000,19,476.75000000,292.38884000,0
2025-07-10 20:00:00,0.622,0.66,0.616,0.66,2987.13000000,1752191999999,1936.77351000,37,1366.91000000,876.05848000,0
2025-07-11 00:00:00,0.652,0.674,0.65,0.674,507.16000000,1752206399999,336.84937000,25,453.06000000,300.83455000,0
2025-07-11 04:00:00,0.679,0.696,0.667,0.672,3678.63000000,1752220799999,2507.62266000,34,3296.96000000,2249.95608000,0
2025-07-11 08:00:00,0.684,0.69,0.684,0.69,363.50000000,1752235199999,250.65678000,5,357.20000000,246.33498000,0
2025-07-11 12:00:00,0.692,0.697,0.675,0.675,244.02000000,1752249599999,167.28189000,7,114.72000000,79.65494000,0
2025-07-11 16:00:00,0.677,0.69,0.668,0.69,754.51000000,1752263999999,512.53572000,15,306.63000000,210.31662000,0
2025-07-11 20:00:00,0.675,0.675,0.651,0.651,458.53000000,1752278399999,302.97350000,13,2.00000000,1.31200000,0
2025-07-12 00:00:00,0.646,0.665,0.646,0.665,86.74000000,1752292799999,56.83676000,3,51.38000000,33.99420000,0
2025-07-12 04:00:00,0.658,0.658,0.644,0.647,140.07000000,1752307199999,90.72864000,8,77.31000000,50.00626000,0
2025-07-12 08:00:00,0.642,0.659,0.642,0.659,51.66000000,1752321599999,33.76690000,3,35.98000000,23.70034000,0
2025-07-12 12:00:00,0.653,0.653,0.627,0.629,592.49000000,1752335999999,378.34179000,8,16.58000000,10.42882000,0
2025-07-12 16:00:00,0.641,0.645,0.641,0.645,59.14000000,1752350399999,38.00650000,2,59.14000000,38.00650000,0
2025-07-12 20:00:00,0.639,0.648,0.632,0.632,8358.51000000,1752364799999,5390.92364000,15,7341.19000000,4735.11360000,0
2025-07-13 00:00:00,0.65,0.65,0.65,0.65,34.70000000,1752379199999,22.55500000,1,34.70000000,22.55500000,0
2025-07-13 04:00:00,0.653,0.66,0.653,0.66,69.62000000,1752393599999,45.75716000,3,69.62000000,45.75716000,0
2025-07-13 08:00:00,0.651,0.651,0.651,0.651,3.79000000,1752407999999,2.46729000,1,0.00000000,0.00000000,0
2025-07-13 12:00:00,0.668,0.671,0.66,0.67,611.08000000,1752422399999,409.04310000,14,568.29000000,380.65875000,0
2025-07-13 16:00:00,0.663,0.663,0.657,0.657,27.40000000,1752436799999,18.08400000,2,0.00000000,0.00000000,0
2025-07-13 20:00:00,0.67,0.67,0.649,0.649,2862.22000000,1752451199999,1863.24417000,10,1625.56000000,1055.78002000,0
2025-07-14 00:00:00,0.663,0.68,0.663,0.68,166.06000000,1752465599999,111.78966000,11,150.92000000,101.67832000,0
2025-07-14 04:00:00,0.69,0.695,0.69,0.695,280.05000000,1752479999999,193.90164000,5,280.05000000,193.90164000,0
2025-07-14 08:00:00,0.675,0.679,0.675,0.679,105.93000000,1752494399999,71.67363000,4,37.00000000,25.12300000,0
2025-07-14 12:00:00,0.69,0.69,0.664,0.664,279.51000000,1752508799999,189.28325000,12,45.18000000,31.17420000,0
2025-07-14 16:00:00,0.657,0.657,0.654,0.654,102.51000000,1752523199999,67.24621000,3,0.00000000,0.00000000,0
2025-07-14 20:00:00,0.651,0.66,0.646,0.658,284.21000000,1752537599999,185.40938000,7,34.70000000,22.90200000,0
2025-07-15 00:00:00,0.666,0.67,0.63,0.63,3525.92000000,1752551999999,2241.43175000,23,1885.15000000,1190.95742000,0
2025-07-15 04:00:00,0.646,0.654,0.646,0.654,800.55000000,1752566399999,517.71387000,7,300.55000000,194.71387000,0
2025-07-15 08:00:00,0.654,0.654,0.654,0.654,0.00000000,1752580799999,0.00000000,0,0.00000000,0.00000000,0
2025-07-15 12:00:00,0.653,0.673,0.653,0.67,376.01000000,1752595199999,248.52430000,18,274.21000000,181.54808000,0
2025-07-15 16:00:00,0.672,0.699,0.669,0.675,14489.05000000,1752609599999,10035.94795000,49,14384.91000000,9965.95059000,0
2025-07-15 20:00:00,0.69,0.702,0.69,0.702,114.54000000,1752623999999,79.77104000,6,97.36000000,67.71068000,0
2025-07-16 00:00:00,0.705,0.713,0.695,0.695,2926.43000000,1752638399999,2059.06174000,15,1714.67000000,1216.59969000,0
2025-07-16 04:00:00,0.703,0.722,0.691,0.722,609.44000000,1752652799999,425.90927000,15,180.77000000,129.10748000,0
2025-07-16 08:00:00,0.722,0.722,0.722,0.722,0.00000000,1752667199999,0.00000000,0,0.00000000,0.00000000,0
2025-07-16 12:00:00,0.722,0.736,0.713,0.717,1521.38000000,1752681599999,1096.48787000,23,1214.58000000,876.58752000,0
2025-07-16 16:00:00,0.717,0.717,0.717,0.717,697.35000000,1752695999999,499.99995000,2,0.00000000,0.00000000,0
2025-07-16 20:00:00,0.73,0.73,0.706,0.706,959.45000000,1752710399999,691.75232000,9,192.62000000,140.61260000,0
2025-07-17 00:00:00,0.715,0.721,0.687,0.687,1989.91000000,1752724799999,1385.92701000,22,1114.57000000,782.20690000,0
2025-07-17 04:00:00,0.693,0.71,0.69,0.71,163.82000000,1752739199999,114.05536000,3,143.22000000,99.84136000,0
2025-07-17 08:00:00,0.713,0.728,0.713,0.716,388.72000000,1752753599999,279.87239000,12,214.26000000,155.15396000,0
2025-07-17 12:00:00,0.708,0.719,0.706,0.719,12970.13000000,1752767999999,9324.94590000,40,0.00000000,0.00000000,0
2025-07-17 16:00:00,0.697,0.713,0.692,0.704,1394.60000000,1752782399999,984.72560000,9,241.18000000,171.07324000,0
2025-07-17 20:00:00,0.697,0.73,0.697,0.73,5212.81000000,1752796799999,3703.21144000,36,906.49000000,647.00319000,0
2025-07-18 00:00:00,0.731,0.749,0.731,0.747,2497.41000000,1752811199999,1860.45289000,29,1463.18000000,1089.24819000,0
2025-07-18 04:00:00,0.747,0.793,0.747,0.781,2338.85000000,1752825599999,1786.84570000,37,1709.81000000,1309.01851000,0
2025-07-18 08:00:00,0.774,0.786,0.759,0.786,1489.77000000,1752839999999,1148.92870000,20,52.27000000,40.77255000,0
2025-07-18 12:00:00,0.79,0.819,0.775,0.775,2195.53000000,1752854399999,1753.30280000,27,1453.43000000,1160.32731000,0
2025-07-18 16:00:00,0.773,0.773,0.757,0.757,197.02000000,1752868799999,151.14094000,4,0.00000000,0.00000000,0
2025-07-18 20:00:00,0.736,0.757,0.73,0.757,588.28000000,1752883199999,439.48132000,13,100.84000000,76.22060000,0
2025-07-19 00:00:00,0.751,0.777,0.73,0.765,658.26000000,1752897599999,500.27558000,7,618.21000000,470.01043000,0
2025-07-19 04:00:00,0.787,0.787,0.763,0.767,143.82000000,1752911999999,110.55272000,4,50.35000000,39.04305000,0
2025-07-19 08:00:00,0.748,0.748,0.745,0.745,239.86000000,1752926399999,178.78708000,3,0.00000000,0.00000000,0
2025-07-19 12:00:00,0.743,0.743,0.73,0.73,20.14000000,1752940799999,14.81637000,3,5.00000000,3.71500000,0
2025-07-19 16:00:00,0.746,0.755,0.746,0.755,2056.82000000,1752955199999,1552.62490000,7,40.46000000,30.27310000,0
2025-07-19 20:00:00,0.759,0.759,0.751,0.751,165.07000000,1752969599999,125.20717000,2,165.07000000,125.20717000,0
2025-07-20 00:00:00,0.755,0.763,0.751,0.763,19747.02000000,1752983999999,14920.79219000,234,17690.54000000,13356.75145000,0
2025-07-20 04:00:00,0.763,0.763,0.763,0.763,0.00000000,1752998399999,0.00000000,0,0.00000000,0.00000000,0
2025-07-20 08:00:00,0.771,0.784,0.771,0.784,1841.94000000,1753012799999,1438.06573000,15,1022.27000000,796.35752000,0
2025-07-20 12:00:00,0.787,0.795,0.778,0.793,319.21000000,1753027199999,251.58517000,6,181.09000000,142.53753000,0
2025-07-20 16:00:00,0.784,0.81,0.784,0.8,372.37000000,1753041599999,298.84565000,8,362.21000000,290.88021000,0
2025-07-20 20:00:00,0.793,0.793,0.793,0.793,62.83000000,1753055999999,49.82419000,1,62.83000000,49.82419000,0
2025-07-21 00:00:00,0.771,0.797,0.769,0.797,1008.71000000,1753070399999,784.61141000,19,173.39000000,137.63952000,0
2025-07-21 04:00:00,0.796,0.808,0.788,0.808,508.63000000,1753084799999,405.33035000,6,424.11000000,338.51915000,0
2025-07-21 08:00:00,0.796,0.812,0.786,0.806,14780.98000000,1753099199999,11742.57196000,100,909.48000000,718.10126000,0
2025-07-21 12:00:00,0.799,0.819,0.799,0.819,4250.17000000,1753113599999,3418.32349000,21,1349.43000000,1080.06476000,0
2025-07-21 16:00:00,0.799,0.802,0.776,0.782,2559.19000000,1753127999999,2002.48898000,27,2052.01000000,1604.87795000,0
2025-07-21 20:00:00,0.779,0.807,0.779,0.807,2829.71000000,1753142399999,2215.62580000,39,1149.85000000,900.68055000,0
2025-07-22 00:00:00,0.798,0.809,0.769,0.776,581.99000000,1753156799999,459.83846000,57,317.57000000,253.00128000,0
2025-07-22 04:00:00,0.774,0.776,0.752,0.758,16948.44000000,1753171199999,12935.13116000,89,14540.64000000,11094.28584000,0
2025-07-22 08:00:00,0.755,0.766,0.736,0.766,1373.74000000,1753185599999,1034.12033000,47,228.09000000,171.36765000,0
2025-07-22 12:00:00,0.763,0.801,0.75,0.801,4657.71000000,1753199999999,3644.54738000,107,3087.37000000,2399.56793000,0
2025-07-22 16:00:00,0.798,0.812,0.774,0.776,3247.27000000,1753214399999,2586.46821000,77,1642.28000000,1322.96699000,0
2025-07-22 20:00:00,0.776,0.8,0.776,0.8,127.12000000,1753228799999,100.53073000,21,117.71000000,93.06860000,0
2025-07-23 00:00:00,0.8,0.801,0.782,0.784,3523.49000000,1753243199999,2760.00809000,36,2254.52000000,1766.04645000,0
2025-07-23 04:00:00,0.787,0.797,0.763,0.763,1809.90000000,1753257599999,1410.89317000,34,78.88000000,62.50548000,0
2025-07-23 08:00:00,0.766,0.77,0.747,0.752,229.07000000,1753271999999,173.98150000,23,113.06000000,86.09389000,0
2025-07-23 12:00:00,0.75,0.752,0.709,0.727,6816.14000000,1753286399999,4997.73681000,86,728.92000000,525.89203000,0
2025-07-23 16:00:00,0.722,0.722,0.693,0.704,37159.08000000,1753300799999,26675.94665000,136,1922.74000000,1373.96606000,0
2025-07-23 20:00:00,0.702,0.702,0.673,0.69,903.55000000,1753315199999,617.46005000,67,365.88000000,250.81973000,0
2025-07-24 00:00:00,0.687,0.704,0.687,0.697,982.80000000,1753329599999,689.89524000,28,821.67000000,577.16250000,0
2025-07-24 04:00:00,0.694,0.694,0.652,0.669,1334.10000000,1753343999999,887.70254000,79,313.73000000,208.98344000,0
2025-07-24 08:00:00,0.671,0.693,0.671,0.693,801.65000000,1753358399999,547.27074000,42,439.35000000,301.11863000,0
2025-07-24 12:00:00,0.696,0.727,0.687,0.717,690.26000000,1753372799999,493.16770000,44,575.89000000,411.91834000,0
2025-07-24 16:00:00,0.714,0.714,0.696,0.711,899.77000000,1753387199999,638.73881000,40,213.85000000,152.01317000,0
2025-07-24 20:00:00,0.714,0.717,0.693,0.693,958.76000000,1753401599999,675.29009000,28,399.85000000,283.96072000,0
2025-07-25 00:00:00,0.69,0.69,0.665,0.675,2312.76000000,1753415999999,1574.00794000,64,201.23000000,136.71909000,0
2025-07-25 04:00:00,0.673,0.724,0.67,0.681,1813.96000000,1753430399999,1253.64738000,94,1306.53000000,905.22962000,0
2025-07-25 08:00:00,0.684,0.717,0.684,0.714,436.36000000,1753444799999,306.08449000,32,345.36000000,242.29153000,0
2025-07-25 12:00:00,0.717,0.717,0.684,0.687,387.25000000,1753459199999,271.54207000,31,117.08000000,82.63611000,0
2025-07-25 16:00:00,0.69,0.699,0.687,0.693,3879.54000000,1753473599999,2677.64045000,27,2773.50000000,1914.45152000,0
2025-07-25 20:00:00,0.699,0.721,0.699,0.718,929.52000000,1753487999999,667.02447000,21,401.86000000,288.09603000,0
2025-07-26 00:00:00,0.72,0.728,0.72,0.726,4161.96000000,1753502399999,3005.67328000,57,1094.37000000,790.88655000,0
2025-07-26 04:00:00,0.723,0.723,0.72,0.72,26.35000000,1753516799999,19.01145000,2,0.00000000,0.00000000,0
2025-07-26 08:00:00,0.723,0.726,0.719,0.72,4342.83000000,1753531199999,3139.78782000,11,4293.65000000,3104.34840000,0
2025-07-26 12:00:00,0.717,0.726,0.717,0.725,185.40000000,1753545599999,134.00005000,11,102.71000000,74.22750000,0
2025-07-26 16:00:00,0.729,0.73,0.72,0.729,130.41000000,1753559999999,94.75176000,9,90.97000000,66.23697000,0
2025-07-26 20:00:00,0.726,0.734,0.723,0.725,667.06000000,1753574399999,488.44625000,14,497.65000000,365.10380000,0
2025-07-27 00:00:00,0.724,0.736,0.721,0.732,360.89000000,1753588799999,263.74876000,12,126.71000000,92.44104000,0
2025-07-27 04:00:00,0.736,0.739,0.726,0.726,270.23000000,1753603199999,198.89204000,10,48.84000000,36.05379000,0
2025-07-27 08:00:00,0.723,0.734,0.717,0.723,1049.00000000,1753617599999,759.50211000,27,856.15000000,620.36995000,0
2025-07-27 12:00:00,0.726,0.736,0.723,0.726,1069.50000000,1753631999999,777.96823000,21,96.35000000,70.43676000,0
2025-07-27 16:00:00,0.729,0.741,0.726,0.729,479.25000000,1753646399999,353.17589000,18,392.50000000,289.91001000,0
2025-07-27 20:00:00,0.732,0.748,0.729,0.742,11314.07000000,1753660799999,8305.54404000,65,123.16000000,91.16368000,0
2025-07-28 00:00:00,0.745,0.758,0.732,0.745,4103.58000000,1753675199999,3072.40949000,52,1029.08000000,768.77622000,0
2025-07-28 04:00:00,0.742,0.847,0.742,0.818,12438.27000000,1753689599999,10060.71071000,247,8758.47000000,7080.26465000,0
2025-07-28 08:00:00,0.821,0.869,0.804,0.822,3815.52000000,1753703999999,3182.31361000,84,3062.16000000,2555.33313000,0
2025-07-28 12:00:00,0.818,0.818,0.784,0.791,1997.97000000,1753718399999,1597.73090000,33,767.03000000,613.15772000,0
2025-07-28 16:00:00,0.787,0.803,0.771,0.774,2496.99000000,1753732799999,1965.79793000,52,284.39000000,225.47269000,0
2025-07-28 20:00:00,0.771,0.771,0.748,0.755,421.17000000,1753747199999,319.83047000,25,121.47000000,92.48834000,0
2025-07-29 00:00:00,0.751,0.755,0.724,0.748,2080.73000000,1753761599999,1539.31275000,61,1312.56000000,975.32160000,0
2025-07-29 04:00:00,0.751,0.784,0.745,0.784,696.13000000,1753775999999,533.52139000,40,466.61000000,358.48043000,0
2025-07-29 08:00:00,0.781,0.781,0.755,0.757,257.61000000,1753790399999,197.83021000,17,70.21000000,53.74151000,0
2025-07-29 12:00:00,0.758,0.771,0.729,0.732,6562.30000000,1753804799999,4870.51981000,48,818.49000000,607.79556000,0
2025-07-29 16:00:00,0.729,0.732,0.714,0.723,1304.50000000,1753819199999,942.87318000,38,731.24000000,528.91794000,0
2025-07-29 20:00:00,0.723,0.732,0.714,0.726,4654.77000000,1753833599999,3365.93550000,47,139.38000000,101.08359000,0
2025-07-30 00:00:00,0.723,0.723,0.711,0.723,198.85000000,1753847999999,142.85034000,15,92.85000000,66.81072000,0
2025-07-30 04:00:00,0.72,0.721,0.711,0.711,16574.64000000,1753862399999,11882.63798000,53,12632.77000000,9070.59417000,0
2025-07-30 08:00:00,0.708,0.726,0.684,0.686,14488.26000000,1753876799999,10347.69610000,120,1368.18000000,974.97213000,0
2025-07-30 12:00:00,0.687,0.702,0.687,0.696,1725.91000000,1753891199999,1193.16089000,24,155.81000000,108.31529000,0
2025-07-30 16:00:00,0.699,0.714,0.67,0.702,45314.35000000,1753905599999,31897.44301000,75,2739.11000000,1912.65372000,0
2025-07-30 20:00:00,0.705,0.71,0.696,0.71,1001.29000000,1753919999999,704.27125000,17,919.81000000,647.23657000,0
2025-07-31 00:00:00,0.705,0.722,0.702,0.722,1810.81000000,1753934399999,1289.08709000,32,615.42000000,439.59106000,0
2025-07-31 04:00:00,0.717,0.726,0.717,0.726,233.30000000,1753948799999,168.44761000,11,153.53000000,111.01354000,0
2025-07-31 08:00:00,0.727,0.727,0.714,0.714,461.75000000,1753963199999,334.22754000,14,273.96000000,199.02079000,0
2025-07-31 12:00:00,0.711,0.711,0.684,0.693,347.84000000,1753977599999,241.84387000,23,74.61000000,51.81721000,0
2025-07-31 16:00:00,0.696,0.708,0.686,0.686,315.67000000,1753991999999,219.63111000,21,118.93000000,83.29857000,0
2025-07-31 20:00:00,0.684,0.688,0.663,0.667,1268.06000000,1754006399999,855.72575000,39,278.98000000,188.10933000,0
2025-08-01 00:00:00,0.664,0.671,0.65,0.667,7184.39000000,1754020799999,4741.66364000,71,2724.66000000,1793.46952000,0
2025-08-01 04:00:00,0.664,0.664,0.65,0.653,293.57000000,1754035199999,192.59454000,22,110.50000000,72.57460000,0
2025-08-01 08:00:00,0.65,0.656,0.643,0.656,308.75000000,1754049599999,199.56770000,15,82.35000000,53.66411000,0
2025-08-01 12:00:00,0.658,0.664,0.644,0.658,3835.64000000,1754063999999,2528.01701000,38,3277.70000000,2163.09509000,0
2025-08-01 16:00:00,0.661,0.663,0.644,0.658,765.81000000,1754078399999,496.88683000,29,125.37000000,82.35329000,0
2025-08-01 20:00:00,0.661,0.666,0.625,0.649,3973.33000000,1754092799999,2546.82885000,60,770.42000000,496.14430000,0
2025-08-02 00:00:00,0.649,0.653,0.649,0.653,5980.43000000,1754107199999,3900.14027000,25,12.30000000,8.03190000,0
2025-08-02 04:00:00,0.65,0.65,0.632,0.647,283.76000000,1754121599999,181.76675000,16,172.79000000,110.63356000,0
2025-08-02 08:00:00,0.645,0.645,0.627,0.639,13273.86000000,1754135999999,8365.98660000,39,11810.30000000,7440.80559000,0
2025-08-02 12:00:00,0.638,0.639,0.627,0.627,3080.63000000,1754150399999,1961.15218000,22,63.43000000,40.32815000,0
2025-08-02 16:00:00,0.629,0.637,0.616,0.627,2453.27000000,1754164799999,1524.39600000,40,247.20000000,154.76154000,0
2025-08-02 20:00:00,0.629,0.634,0.629,0.634,244.35000000,1754179199999,154.49455000,16,180.68000000,114.33173000,0
2025-08-03 00:00:00,0.635,0.642,0.625,0.642,166.23000000,1754193599999,105.24171000,12,127.94000000,81.14479000,0
2025-08-03 04:00:00,0.641,0.642,0.641,0.642,120.05000000,1754207999999,76.95497000,3,120.05000000,76.95497000,0
2025-08-03 08:00:00,0.64,0.65,0.64,0.65,69.85000000,1754222399999,44.97790000,4,37.38000000,24.19710000,0
2025-08-03 12:00:00,0.65,0.65,0.65,0.65,0.00000000,1754236799999,0.00000000,0,0.00000000,0.00000000,0
2025-08-03 16:00:00,0.653,0.653,0.653,0.653,12.36000000,1754251199999,8.07108000,1,12.36000000,8.07108000,0
2025-08-03 20:00:00,0.655,0.658,0.655,0.658,37.56000000,1754265599999,24.67509000,4,37.56000000,24.67509000,0
2025-08-04 00:00:00,0.661,0.666,0.661,0.666,621.96000000,1754279999999,412.79997000,11,96.08000000,63.71466000,0
2025-08-04 04:00:00,0.668,0.67,0.666,0.668,70.67000000,1754294399999,47.21790000,6,34.60000000,23.12328000,0
2025-08-04 08:00:00,0.67,0.671,0.666,0.666,96.59000000,1754308799999,64.70351000,5,72.51000000,48.64219000,0
2025-08-04 12:00:00,0.668,0.688,0.668,0.688,298.94000000,1754323199999,203.21104000,16,251.94000000,171.08686000,0
2025-08-04 16:00:00,0.69,0.714,0.69,0.7,808.11000000,1754337599999,571.69734000,34,182.41000000,128.68982000,0
2025-08-04 20:00:00,0.7,0.712,0.7,0.706,1041.15000000,1754351999999,731.41959000,13,1001.92000000,703.68122000,0
2025-08-05 00:00:00,0.704,0.704,0.69,0.69,138.03000000,1754366399999,95.95810000,10,0.00000000,0.00000000,0
2025-08-05 04:00:00,0.688,0.688,0.669,0.672,200.35000000,1754380799999,135.91431000,17,23.70000000,16.11376000,0
2025-08-05 08:00:00,0.674,0.692,0.674,0.692,391.23000000,1754395199999,268.52306000,18,364.08000000,250.02951000,0
2025-08-05 12:00:00,0.69,0.69,0.663,0.663,282.70000000,1754409599999,191.09907000,24,47.60000000,32.22262000,0
2025-08-05 16:00:00,0.666,0.67,0.658,0.658,35894.19000000,1754423999999,23689.77823000,65,23475.94000000,15497.70325000,0
2025-08-05 20:00:00,0.661,0.663,0.647,0.663,1425.24000000,1754438399999,938.46218000,29,327.54000000,215.50950000,0
2025-08-06 00:00:00,0.661,0.661,0.644,0.644,890.05000000,1754452799999,575.51703000,19,37.32000000,24.18330000,0
2025-08-06 04:00:00,0.643,0.666,0.643,0.666,3202.13000000,1754467199999,2107.55296000,31,223.68000000,147.60188000,0
2025-08-06 08:00:00,0.668,0.668,0.661,0.663,3993.11000000,1754481599999,2656.93188000,25,60.57000000,40.32729000,0
2025-08-06 12:00:00,0.661,0.674,0.656,0.674,1605.06000000,1754495999999,1058.77043000,27,167.71000000,111.80615000,0
2025-08-06 16:00:00,0.676,0.676,0.666,0.669,32827.54000000,1754510399999,22188.71633000,69,807.46000000,545.33452000,0
2025-08-06 20:00:00,0.667,0.672,0.666,0.669,121356.48000000,1754524799999,80881.25425000,411,109343.80000000,72832.85497000,0
2025-08-07 00:00:00,0.67,0.674,0.666,0.666,1583.66000000,1754539199999,1056.86906000,14,47.98000000,32.21838000,0
2025-08-07 04:00:00,0.668,0.674,0.668,0.674,632.31000000,1754553599999,423.71934000,9,208.86000000,140.00784000,0
2025-08-07 08:00:00,0.676,0.698,0.673,0.698,811.87000000,1754567999999,558.32188000,30,717.09000000,494.25760000,0
2025-08-07 12:00:00,0.7,0.705,0.694,0.694,638.20000000,1754582399999,448.87863000,13,580.66000000,408.71635000,0
2025-08-07 16:00:00,0.696,0.702,0.684,0.702,1872.24000000,1754596799999,1305.31332000,25,1424.95000000,996.71134000,0
2025-08-07 20:00:00,0.704,0.716,0.704,0.716,572.44000000,1754611199999,407.55710000,31,246.50000000,175.26940000,0
2025-08-08 00:00:00,0.716,0.732,0.708,0.73,3183.73000000,1754625599999,2288.22798000,89,1369.03000000,987.64393000,0
2025-08-08 04:00:00,0.728,0.739,0.722,0.736,320.86000000,1754639999999,233.36880000,21,236.55000000,171.89890000,0
2025-08-08 08:00:00,0.738,0.745,0.736,0.736,527.48000000,1754654399999,390.97371000,21,234.77000000,174.45636000,0
2025-08-08 12:00:00,0.734,0.75,0.73,0.74,4171.35000000,1754668799999,3096.74867000,64,849.43000000,629.22206000,0
2025-08-08 16:00:00,0.742,0.77,0.74,0.76,2451.04000000,1754683199999,1859.17611000,52,331.13000000,250.45857000,0
2025-08-08 20:00:00,0.758,0.761,0.756,0.758,1243.10000000,1754697599999,942.87101000,13,891.04000000,676.65005000,0
2025-08-09 00:00:00,0.76,0.773,0.758,0.77,520.69000000,1754711999999,399.21258000,22,378.86000000,290.57933000,0
2025-08-09 04:00:00,0.77,0.796,0.77,0.79,7826.61000000,1754726399999,6122.66732000,88,1216.26000000,946.95796000,0
2025-08-09 08:00:00,0.79,0.8,0.787,0.798,150.85000000,1754740799999,119.72998000,19,81.19000000,64.48406000,0
2025-08-09 12:00:00,0.796,0.796,0.78,0.792,1824.93000000,1754755199999,1434.75438000,26,100.94000000,79.49482000,0
2025-08-09 16:00:00,0.792,1.311,0.792,0.808,12470.27000000,1754769599999,11503.10476000,136,10518.30000000,9910.57500000,0
2025-08-09 20:00:00,0.809,0.814,0.804,0.811,1697.19000000,1754783999999,1373.23848000,39,1396.05000000,1130.56320000,0
2025-08-10 00:00:00,0.807,0.814,0.788,0.797,2137.23000000,1754798399999,1709.40179000,33,140.94000000,113.15765000,0
2025-08-10 04:00:00,0.791,0.798,0.761,0.761,2595.84000000,1754812799999,2011.24460000,36,117.54000000,92.81122000,0
2025-08-10 08:00:00,0.758,0.774,0.755,0.765,318.60000000,1754827199999,243.91565000,18,122.57000000,93.93691000,0
2025-08-10 12:00:00,0.761,0.785,0.761,0.777,1699.41000000,1754841599999,1317.02430000,37,1576.30000000,1221.90905000,0
2025-08-10 16:00:00,0.781,0.785,0.777,0.785,326.57000000,1754855999999,254.60171000,11,122.26000000,95.78440000,0
2025-08-10 20:00:00,0.781,0.787,0.774,0.787,316.23000000,1754870399999,246.43453000,14,78.37000000,61.29152000,0
2025-08-11 00:00:00,0.791,0.809,0.784,0.803,5125.11000000,1754884799999,4088.67924000,44,1634.90000000,1303.29708000,0
2025-08-11 04:00:00,0.804,0.807,0.784,0.784,868.56000000,1754899199999,684.23917000,14,72.11000000,57.82061000,0
2025-08-11 08:00:00,0.787,0.791,0.758,0.761,1990.12000000,1754913599999,1533.97231000,32,244.59000000,191.30988000,0
2025-08-11 12:00:00,0.758,0.777,0.752,0.768,2287.35000000,1754927999999,1753.28873000,33,261.93000000,200.54175000,0
2025-08-11 16:00:00,0.771,0.784,0.765,0.765,1451.22000000,1754942399999,1129.73126000,29,852.03000000,663.00747000,0
2025-08-11 20:00:00,0.767,0.771,0.745,0.752,4646.85000000,1754956799999,3530.28327000,35,2694.51000000,2052.12801000,0
2025-08-12 00:00:00,0.749,0.768,0.749,0.758,1134.92000000,1754971199999,867.41910000,21,964.92000000,738.51244000,0
2025-08-12 04:00:00,0.759,0.761,0.746,0.758,1085.43000000,1754985599999,817.38157000,17,289.44000000,219.31847000,0
2025-08-12 08:00:00,0.755,0.758,0.739,0.749,913.47000000,1754999999999,678.19379000,21,116.41000000,87.10592000,0
2025-08-12 12:00:00,0.752,0.781,0.752,0.781,4311.85000000,1755014399999,3314.08616000,65,3112.72000000,2398.91301000,0
2025-08-12 16:00:00,0.784,0.787,0.781,0.787,222.90000000,1755028799999,174.87539000,15,137.52000000,108.07425000,0
2025-08-12 20:00:00,0.791,0.799,0.787,0.787,2458.28000000,1755043199999,1950.23424000,30,2301.14000000,1826.18575000,0
2025-08-13 00:00:00,0.784,0.797,0.777,0.797,1117.78000000,1755057599999,874.12113000,17,964.06000000,753.99992000,0
2025-08-13 04:00:00,0.798,0.798,0.78,0.791,267.32000000,1755071999999,210.67968000,10,116.13000000,92.12579000,0
2025-08-13 08:00:00,0.794,0.82,0.794,0.817,2076.13000000,1755086399999,1680.48900000,43,1941.82000000,1571.93683000,0
2025-08-13 12:00:00,0.817,0.844,0.806,0.838,11221.97000000,1755100799999,9231.47446000,150,3044.55000000,2511.33562000,0
2025-08-13 16:00:00,0.838,0.864,0.827,0.835,1768.47000000,1755115199999,1495.45861000,73,955.04000000,813.69316000,0
2025-08-13 20:00:00,0.829,0.883,0.829,0.871,1850.49000000,1755129599999,1598.03991000,81,1524.98000000,1316.45724000,0
2025-08-14 00:00:00,0.868,0.868,0.841,0.853,4121.99000000,1755143999999,3497.37777000,41,1149.24000000,975.41917000,0
2025-08-14 04:00:00,0.856,0.856,0.826,0.826,1264.50000000,1755158399999,1061.41309000,38,512.10000000,431.04360000,0
2025-08-14 08:00:00,0.823,0.826,0.814,0.814,1332.72000000,1755172799999,1089.36197000,25,130.87000000,107.76373000,0
2025-08-14 12:00:00,0.817,0.817,0.758,0.777,5967.04000000,1755187199999,4666.01859000,134,1747.20000000,1365.32704000,0
2025-08-14 16:00:00,0.775,0.775,0.749,0.761,2010.73000000,1755201599999,1531.91414000,35,459.40000000,349.86095000,0
2025-08-14 20:00:00,0.758,0.758,0.742,0.756,13554.54000000,1755215999999,10101.62122000,62,11824.83000000,8812.40666000,0
2025-08-15 00:00:00,0.752,0.765,0.752,0.761,241.40000000,1755230399999,182.63533000,12,140.77000000,106.72169000,0
2025-08-15 04:00:00,0.761,0.768,0.755,0.758,1406.64000000,1755244799999,1074.13360000,14,1306.67000000,998.21787000,0
2025-08-15 08:00:00,0.761,0.761,0.75,0.752,855.55000000,1755259199999,644.39551000,12,375.46000000,283.32792000,0
2025-08-15 12:00:00,0.749,0.761,0.715,0.718,5750.92000000,1755273599999,4221.90222000,63,1358.50000000,1000.88226000,0
2025-08-15 16:00:00,0.719,0.727,0.711,0.718,862.28000000,1755287999999,619.15323000,26,461.78000000,332.63355000,0
2025-08-15 20:00:00,0.721,0.73,0.721,0.721,1659.43000000,1755302399999,1206.33667000,17,244.97000000,178.21584000,0
2025-08-16 00:00:00,0.724,0.733,0.724,0.727,994.16000000,1755316799999,723.78099000,13,296.85000000,216.71182000,0
2025-08-16 04:00:00,0.726,0.726,0.724,0.724,92.32000000,1755331199999,66.95472000,3,13.83000000,10.01292000,0
2025-08-16 08:00:00,0.722,0.722,0.715,0.721,354.10000000,1755345599999,254.07329000,9,42.39000000,30.49947000,0
2025-08-16 12:00:00,0.718,0.735,0.718,0.735,653.68000000,1755359999999,477.89689000,14,611.56000000,447.52891000,0
2025-08-16 16:00:00,0.736,0.736,0.73,0.731,11945.96000000,1755374399999,8734.63797000,40,10397.39000000,7602.60668000,0
2025-08-16 20:00:00,0.736,0.742,0.73,0.742,1041.06000000,1755388799999,769.91306000,18,922.20000000,683.03487000,0
2025-08-17 00:00:00,0.736,0.743,0.736,0.743,69.89000000,1755403199999,51.54657000,4,46.60000000,34.40513000,0
2025-08-17 04:00:00,0.736,0.761,0.736,0.761,2247.79000000,1755417599999,1686.12508000,38,1875.49000000,1407.45709000,0
2025-08-17 08:00:00,0.764,0.772,0.764,0.765,1051.28000000,1755431999999,808.69439000,15,956.82000000,736.27107000,0
2025-08-17 12:00:00,0.765,0.777,0.761,0.777,380.70000000,1755446399999,293.22807000,15,242.84000000,187.64192000,0
2025-08-17 16:00:00,0.775,0.784,0.755,0.76,3307.60000000,1755460799999,2533.55114000,28,1741.22000000,1333.75395000,0
2025-08-17 20:00:00,0.764,0.77,0.761,0.761,191.75000000,1755475199999,146.84377000,6,146.81000000,112.55479000,0
2025-08-18 00:00:00,0.758,0.765,0.724,0.73,4483.73000000,1755489599999,3326.12908000,49,262.00000000,197.79463000,0
2025-08-18 04:00:00,0.733,0.743,0.724,0.73,1120.96000000,1755503999999,824.41690000,32,818.48000000,603.74049000,0
2025-08-18 08:00:00,0.724,0.73,0.715,0.724,732.74000000,1755518399999,528.15452000,18,176.26000000,127.93748000,0
2025-08-18 12:00:00,0.727,0.739,0.718,0.727,880.97000000,1755532799999,643.18510000,26,600.33000000,439.59508000,0
2025-08-18 16:00:00,0.73,0.736,0.721,0.727,74033.46000000,1755547199999,54370.72117000,127,3065.30000000,2249.91389000,0
2025-08-18 20:00:00,0.728,0.736,0.724,0.724,1714.21000000,1755561599999,1248.23916000,19,1481.35000000,1078.99625000,0
2025-08-19 00:00:00,0.725,0.733,0.704,0.704,16719.09000000,1755575999999,12155.33443000,126,2204.78000000,1601.22894000,0
2025-08-19 04:00:00,0.712,0.712,0.712,0.712,21.05000000,1755590399999,14.98760000,1,21.05000000,14.98760000,0
2025-08-19 08:00:00,0.703,0.721,0.701,0.721,608.01000000,1755604799999,431.70789000,13,280.32000000,200.82453000,0
2025-08-19 12:00:00,0.721,0.724,0.696,0.703,1633.72000000,1755619199999,1158.87494000,34,537.54000000,386.80076000,0
2025-08-19 16:00:00,0.696,0.699,0.687,0.696,1644.75000000,1755633599999,1143.75725000,13,1014.82000000,709.17735000,0
2025-08-19 20:00:00,0.694,0.694,0.689,0.689,75.01000000,1755647999999,51.75389000,3,14.40000000,9.99360000,0
2025-08-20 00:00:00,0.691,0.7,0.686,0.7,694.84000000,1755662399999,481.81560000,9,540.65000000,375.79839000,0
2025-08-20 04:00:00,0.701,0.723,0.701,0.71,1127.62000000,1755676799999,800.40038000,19,976.56000000,692.72994000,0
2025-08-20 08:00:00,0.715,0.715,0.703,0.703,195.58000000,1755691199999,138.15716000,8,24.08000000,17.21720000,0
2025-08-20 12:00:00,0.711,0.721,0.696,0.718,1284.55000000,1755705599999,907.62603000,28,731.21000000,520.71253000,0
2025-08-20 16:00:00,0.721,0.73,0.718,0.727,816.19000000,1755719999999,590.87830000,24,639.43000000,463.39690000,0
2025-08-20 20:00:00,0.73,0.73,0.727,0.729,84.79000000,1755734399999,61.78833000,4,61.21000000,44.64567000,0
2025-08-21 00:00:00,0.728,0.732,0.721,0.727,434.59000000,1755748799999,316.17511000,18,292.71000000,213.31311000,0
2025-08-21 04:00:00,0.724,0.727,0.718,0.721,200.74000000,1755763199999,144.77158000,8,47.56000000,34.43284000,0
2025-08-21 08:00:00,0.718,0.72,0.712,0.715,103.18000000,1755777599999,73.91168000,6,26.04000000,18.70084000,0
2025-08-21 12:00:00,0.712,0.721,0.708,0.711,2530.73000000,1755791999999,1813.66648000,48,275.94000000,198.02898000,0
2025-08-21 16:00:00,0.715,0.715,0.712,0.712,48.16000000,1755806399999,34.36216000,2,24.08000000,17.21720000,0
2025-08-21 20:00:00,0.715,0.724,0.715,0.715,1077.36000000,1755820799999,777.75172000,14,484.82000000,350.22500000,0
2025-08-22 00:00:00,0.712,0.724,0.708,0.712,1653.41000000,1755835199999,1183.58263000,19,643.38000000,464.54676000,0
2025-08-22 04:00:00,0.715,0.721,0.712,0.721,404.04000000,1755849599999,289.10322000,13,168.06000000,120.52200000,0
2025-08-22 08:00:00,0.724,0.724,0.708,0.708,937.37000000,1755863999999,669.64910000,10,26.56000000,19.20720000,0
2025-08-22 12:00:00,0.697,0.758,0.688,0.753,7441.09000000,1755878399999,5358.54368000,97,5238.98000000,3804.63769000,0
2025-08-22 16:00:00,0.756,0.804,0.756,0.8,2970.82000000,1755892799999,2330.67138000,73,2521.59000000,1981.62431000,0
2025-08-22 20:00:00,0.801,0.803,0.788,0.788,1764.28000000,1755907199999,1408.47591000,19,1279.40000000,1024.82733000,0
2025-08-23 00:00:00,0.787,0.789,0.765,0.774,1429.12000000,1755921599999,1111.97358000,36,301.79000000,235.78877000,0
2025-08-23 04:00:00,0.775,0.784,0.775,0.778,188.26000000,1755935999999,146.88775000,9,117.82000000,91.94473000,0
2025-08-23 08:00:00,0.775,0.787,0.775,0.784,179.44000000,1755950399999,140.00178000,8,105.00000000,82.10054000,0
2025-08-23 12:00:00,0.787,0.796,0.787,0.794,6417.48000000,1755964799999,5105.34964000,34,1044.09000000,828.28130000,0
2025-08-23 16:00:00,0.794,0.827,0.794,0.827,2168.78000000,1755979199999,1769.84899000,43,1312.99000000,1068.34862000,0
2025-08-23 20:00:00,0.827,0.827,0.807,0.81,2961.57000000,1755993599999,2431.67036000,24,45.30000000,36.76083000,0
2025-08-24 00:00:00,0.813,0.813,0.79,0.794,748.08000000,1756007999999,598.33616000,16,260.85000000,209.84602000,0
2025-08-24 04:00:00,0.792,0.792,0.778,0.781,544.71000000,1756022399999,427.22828000,16,25.54000000,19.96474000,0
2025-08-24 08:00:00,0.778,0.784,0.768,0.774,677.75000000,1756036799999,524.88237000,16,98.57000000,76.54559000,0
2025-08-24 12:00:00,0.77,0.792,0.77,0.781,807.88000000,1756051199999,633.65703000,13,572.23000000,451.22595000,0
2025-08-24 16:00:00,0.783,0.814,0.773,0.787,3716.21000000,1756065599999,2949.05536000,73,1828.07000000,1463.65434000,0
2025-08-24 20:00:00,0.784,0.788,0.765,0.772,5175.69000000,1756079999999,4059.69454000,82,551.94000000,430.43789000,0
2025-08-25 00:00:00,0.778,0.781,0.759,0.775,16619.20000000,1756094399999,12928.66213000,60,15484.39000000,12059.77849000,0
2025-08-25 04:00:00,0.771,0.771,0.738,0.74,2019.66000000,1756108799999,1518.30334000,31,650.60000000,489.15190000,0
2025-08-25 08:00:00,0.737,0.744,0.723,0.726,784.30000000,1756123199999,574.12245000,21,146.31000000,107.52143000,0
2025-08-25 12:00:00,0.729,0.735,0.721,0.723,5901.97000000,1756137599999,4302.61949000,27,5616.93000000,4095.34779000,0
2025-08-25 16:00:00,0.72,0.726,0.702,0.702,1301.04000000,1756151999999,929.17201000,31,232.32000000,166.59995000,0
2025-08-25 20:00:00,0.701,0.701,0.68,0.686,2888.50000000,1756166399999,1990.32934000,57,1166.40000000,804.27017000,0
2025-08-26 00:00:00,0.685,0.708,0.685,0.701,1932.45000000,1756180799999,1356.87138000,43,1037.20000000,725.36784000,0
2025-08-26 04:00:00,0.702,0.705,0.694,0.7,271.50000000,1756195199999,190.03964000,12,131.06000000,91.89787000,0
2025-08-26 08:00:00,0.697,0.7,0.693,0.694,175.06000000,1756209599999,121.90185000,9,58.14000000,40.61335000,0
2025-08-26 12:00:00,0.691,0.708,0.687,0.694,1783.89000000,1756223999999,1240.97720000,50,878.28000000,614.63832000,0
2025-08-26 16:00:00,0.697,0.712,0.697,0.712,1886.71000000,1756238399999,1333.27018000,27,1698.55000000,1201.52742000,0
2025-08-26 20:00:00,0.713,0.715,0.704,0.704,59452.10000000,1756252799999,42148.35466000,139,58574.89000000,41529.90034000,0
2025-08-27 00:00:00,0.702,0.711,0.694,0.711,1897.86000000,1756267199999,1326.96605000,20,1065.77000000,747.80309000,0
2025-08-27 04:00:00,0.708,0.712,0.7,0.7,598.17000000,1756281599999,424.35381000,11,442.38000000,314.49816000,0
2025-08-27 08:00:00,0.697,0.705,0.697,0.7,898.49000000,1756295999999,628.94383000,10,487.56000000,342.29282000,0
2025-08-27 12:00:00,0.702,0.711,0.697,0.705,678.56000000,1756310399999,477.20549000,20,469.82000000,330.72637000,0
2025-08-27 16:00:00,0.702,0.711,0.7,0.705,319.69000000,1756324799999,225.21918000,14,163.46000000,115.36497000,0
2025-08-27 20:00:00,0.702,0.711,0.697,0.697,756.67000000,1756339199999,531.97605000,29,339.08000000,239.01850000,0
2025-08-28 00:00:00,0.694,0.708,0.694,0.708,261.35000000,1756353599999,183.17569000,12,182.61000000,128.24268000,0
2025-08-28 04:00:00,0.708,0.712,0.708,0.712,367.50000000,1756367999999,261.54710000,3,367.50000000,261.54710000,0
2025-08-28 08:00:00,0.713,0.72,0.713,0.718,370.67000000,1756382399999,265.77156000,15,265.20000000,190.33508000,0
2025-08-28 12:00:00,0.72,0.732,0.712,0.712,1256.67000000,1756396799999,910.31506000,34,941.08000000,683.36958000,0
2025-08-28 16:00:00,0.717,0.717,0.705,0.711,756.53000000,1756411199999,536.85938000,21,128.88000000,91.94082000,0
2025-08-28 20:00:00,0.711,0.738,0.711,0.735,2107.81000000,1756425599999,1524.48063000,26,1651.94000000,1196.45122000,0
2025-08-29 00:00:00,0.738,0.738,0.723,0.729,618.76000000,1756439999999,449.59329000,15,126.01000000,91.93350000,0
2025-08-29 04:00:00,0.726,0.729,0.702,0.702,1541.91000000,1756454399999,1101.25405000,47,84.39000000,61.15718000,0
2025-08-29 08:00:00,0.7,0.7,0.688,0.697,1217.02000000,1756468799999,848.08487000,28,226.99000000,158.40525000,0
2025-08-29 12:00:00,0.7,0.713,0.683,0.691,2455.89000000,1756483199999,1710.36729000,61,957.35000000,673.58322000,0
2025-08-29 16:00:00,0.688,0.691,0.677,0.686,1191.62000000,1756497599999,810.67208000,21,134.10000000,91.96412000,0
2025-08-29 20:00:00,0.683,0.698,0.683,0.693,742.12000000,1756511999999,512.73969000,21,617.31000000,426.78614000,0
2025-08-30 00:00:00,0.693,0.702,0.68,0.701,5118.19000000,1756526399999,3557.39353000,39,2190.90000000,1531.07299000,0
2025-08-30 04:00:00,0.702,0.722,0.702,0.722,874.97000000,1756540799999,623.80574000,15,853.37000000,608.51294000,0
2025-08-30 08:00:00,0.717,0.717,0.71,0.71,232.76000000,1756555199999,165.73357000,8,0.00000000,0.00000000,0
2025-08-30 12:00:00,0.708,0.708,0.697,0.705,478.78000000,1756569599999,335.45634000,20,109.06000000,76.67747000,0
2025-08-30 16:00:00,0.702,0.705,0.697,0.702,1092.41000000,1756583999999,764.86105000,16,146.96000000,103.18766000,0
2025-08-30 20:00:00,0.705,0.708,0.705,0.708,52.05000000,1756598399999,36.77316000,2,52.05000000,36.77316000,0
2025-08-31 00:00:00,0.71,0.717,0.71,0.717,216.65000000,1756612799999,154.26495000,6,216.65000000,154.26495000,0
2025-08-31 04:00:00,0.718,0.718,0.699,0.708,2393.77000000,1756627199999,1684.85566000,21,133.83000000,95.07264000,0
2025-08-31 08:00:00,0.71,0.711,0.694,0.705,531.39000000,1756641599999,373.66693000,16,244.87000000,172.93811000,0
2025-08-31 12:00:00,0.708,0.71,0.702,0.705,218.21000000,1756655999999,154.40827000,7,166.16000000,117.79126000,0
2025-08-31 16:00:00,0.705,0.705,0.705,0.705,8.47000000,1756670399999,5.97135000,1,8.47000000,5.97135000,0
2025-08-31 20:00:00,0.702,0.705,0.694,0.694,271.17000000,1756684799999,189.81657000,13,26.08000000,18.38640000,0
2025-09-01 00:00:00,0.691,0.691,0.677,0.677,1557.47000000,1756699199999,1061.80766000,33,53.38000000,36.72544000,0
2025-09-01 04:00:00,0.677,0.708,0.675,0.708,4199.38000000,1756713599999,2865.51211000,36,1186.54000000,825.75998000,0
2025-09-01 08:00:00,0.708,0.723,0.705,0.705,1158.52000000,1756727999999,825.64284000,42,741.06000000,528.70560000,0
2025-09-01 12:00:00,0.708,0.708,0.689,0.689,560.41000000,1756742399999,391.09807000,28,78.21000000,55.13748000,0
2025-09-01 16:00:00,0.688,0.688,0.677,0.683,656.37000000,1756756799999,449.00581000,19,26.93000000,18.39319000,0
2025-09-01 20:00:00,0.68,0.68,0.654,0.673,2831.59000000,1756771199999,1887.74616000,33,1089.25000000,730.76327000,0
2025-09-02 00:00:00,0.675,0.692,0.668,0.688,1387.60000000,1756785599999,947.77642000,19,898.03000000,614.73926000,0
2025-09-02 04:00:00,0.691,0.695,0.688,0.688,425.81000000,1756799999999,294.91992000,8,372.69000000,258.29386000,0
2025-09-02 08:00:00,0.691,0.697,0.69,0.697,162.58000000,1756814399999,112.57393000,7,104.97000000,72.82303000,0
2025-09-02 12:00:00,0.694,0.713,0.683,0.691,3477.07000000,1756828799999,2442.01348000,82,1735.72000000,1219.18395000,0
2025-09-02 16:00:00,0.694,0.697,0.69,0.694,312.39000000,1756843199999,216.22339000,16,105.89000000,73.56683000,0
2025-09-02 20:00:00,0.697,0.711,0.697,0.708,875.08000000,1756857599999,618.02563000,18,716.97000000,506.24023000,0
2025-09-03 00:00:00,0.711,0.714,0.704,0.714,2330.42000000,1756871999999,1645.88563000,14,2084.88000000,1471.13212000,0
2025-09-03 04:00:00,0.711,0.711,0.708,0.711,147.83000000,1756886399999,104.95919000,4,96.22000000,68.34206000,0
2025-09-03 08:00:00,0.714,0.717,0.706,0.717,240.34000000,1756900799999,170.80896000,8,103.01000000,73.54851000,0
2025-09-03 12:00:00,0.714,0.768,0.711,0.723,8595.45000000,1756915199999,6301.44039000,86,7971.97000000,5849.75032000,0
2025-09-03 16:00:00,0.726,0.726,0.718,0.726,660.45000000,1756929599999,476.49507000,11,292.79000000,212.32701000,0
2025-09-03 20:00:00,0.723,0.726,0.719,0.719,149.64000000,1756943999999,108.07625000,7,36.92000000,26.78074000,0
2025-09-04 00:00:00,0.722,0.722,0.707,0.707,725.04000000,1756958399999,515.01834000,14,12.13000000,8.75786000,0
2025-09-04 04:00:00,0.705,0.705,0.7,0.702,178.45000000,1756972799999,125.18395000,7,26.16000000,18.36432000,0
2025-09-04 08:00:00,0.7,0.705,0.7,0.705,135.29000000,1756987199999,95.06828000,6,78.32000000,55.13712000,0
2025-09-04 12:00:00,0.702,0.702,0.688,0.688,707.97000000,1757001599999,492.08720000,13,0.00000000,0.00000000,0
2025-09-04 16:00:00,0.687,0.691,0.681,0.686,1272.04000000,1757015999999,875.37097000,13,708.58000000,489.26787000,0
2025-09-04 20:00:00,0.688,0.697,0.688,0.691,259.09000000,1757030399999,179.46813000,12,206.20000000,142.84197000,0
2025-09-05 00:00:00,0.693,0.694,0.693,0.694,55.36000000,1757044799999,38.39098000,3,55.36000000,38.39098000,0
2025-09-05 04:00:00,0.697,0.714,0.697,0.714,1078.10000000,1757059199999,762.18305000,15,1078.10000000,762.18305000,0
2025-09-05 08:00:00,0.716,0.717,0.706,0.714,407.43000000,1757073599999,291.21916000,10,321.49000000,230.15985000,0
2025-09-05 12:00:00,0.717,0.732,0.705,0.711,2514.86000000,1757087999999,1801.93917000,54,730.86000000,527.93179000,0
2025-09-05 16:00:00,0.708,0.714,0.708,0.714,235.01000000,1757102399999,167.13356000,9,160.22000000,114.15917000,0
2025-09-05 20:00:00,0.717,0.723,0.714,0.72,352.28000000,1757116799999,253.88586000,10,291.50000000,210.25974000,0
2025-09-06 00:00:00,0.718,0.721,0.717,0.719,650.03000000,1757131199999,467.45833000,5,497.70000000,358.11093000,0
2025-09-06 04:00:00,0.714,0.717,0.714,0.714,67.14000000,1757145599999,48.01491000,3,25.65000000,18.39105000,0
2025-09-06 08:00:00,0.711,0.714,0.708,0.714,119.90000000,1757159999999,85.24603000,5,25.75000000,18.38550000,0
2025-09-06 12:00:00,0.717,0.717,0.714,0.714,289.63000000,1757174399999,207.36337000,6,250.04000000,179.05429000,0
2025-09-06 16:00:00,0.712,0.72,0.711,0.711,343.55000000,1757188799999,245.79042000,11,139.46000000,100.32509000,0
2025-09-06 20:00:00,0.714,0.714,0.714,0.714,25.75000000,1757203199999,18.38550000,1,25.75000000,18.38550000,0
2025-09-07 00:00:00,0.714,0.721,0.714,0.718,66.21000000,1757217599999,47.53364000,6,64.22000000,46.10482000,0
2025-09-07 04:00:00,0.723,0.724,0.717,0.72,437.30000000,1757231999999,316.18226000,9,381.33000000,275.95533000,0
2025-09-07 08:00:00,0.719,0.719,0.717,0.717,28.41000000,1757246399999,20.37571000,2,0.00000000,0.00000000,0
2025-09-07 12:00:00,0.72,0.72,0.717,0.717,52.47000000,1757260799999,37.70178000,3,26.93000000,19.38960000,0
2025-09-07 16:00:00,0.714,0.716,0.711,0.712,53.77000000,1757275199999,38.35686000,6,6.98000000,4.99768000,0
2025-09-07 20:00:00,0.717,0.725,0.715,0.723,144.20000000,1757289599999,103.86972000,8,107.29000000,77.37107000,0
2025-09-08 00:00:00,0.72,0.735,0.718,0.735,626.85000000,1757303999999,458.77246000,16,599.45000000,439.04840000,0
2025-09-08 04:00:00,0.732,0.732,0.723,0.723,411.03000000,1757318399999,297.81956000,13,25.33000000,18.38958000,0
2025-09-08 08:00:00,0.726,0.745,0.726,0.736,1574.85000000,1757332799999,1162.79315000,37,1094.48000000,809.56155000,0
2025-09-08 12:00:00,0.735,0.753,0.734,0.75,839.07000000,1757347199999,623.45840000,26,679.23000000,505.29169000,0
2025-09-08 16:00:00,0.753,0.757,0.75,0.75,627.16000000,1757361599999,473.56812000,16,529.68000000,400.31220000,0
2025-09-08 20:00:00,0.747,0.758,0.747,0.75,169.37000000,1757375999999,127.30286000,11,96.12000000,72.36593000,0
2025-09-09 00:00:00,0.753,0.794,0.743,0.75,27130.00000000,1757390399999,20589.31629000,155,14345.13000000,10796.60840000,0
2025-09-09 04:00:00,0.753,0.782,0.753,0.775,1441.13000000,1757404799999,1112.88643000,23,1378.54000000,1065.02872000,0
2025-09-09 08:00:00,0.781,0.787,0.779,0.784,975.42000000,1757419199999,761.49073000,15,140.61000000,110.30778000,0
2025-09-09 12:00:00,0.781,0.787,0.751,0.756,12071.89000000,1757433599999,9228.84669000,60,789.49000000,604.04393000,0
2025-09-09 16:00:00,0.756,0.759,0.75,0.759,490.07000000,1757447999999,369.13246000,15,188.66000000,142.62286000,0
2025-09-09 20:00:00,0.756,0.765,0.756,0.762,612.35000000,1757462399999,466.69022000,8,539.88000000,411.75872000,0
2025-09-10 00:00:00,0.765,0.771,0.759,0.771,845.58000000,1757476799999,648.31485000,18,593.44000000,455.76426000,0
2025-09-10 04:00:00,0.768,0.771,0.765,0.77,379.73000000,1757491199999,292.14800000,8,71.72000000,55.15248000,0
2025-09-10 08:00:00,0.768,0.774,0.768,0.768,147.04000000,1757505599999,113.18688000,5,55.28000000,42.71520000,0
2025-09-10 12:00:00,0.771,0.79,0.771,0.778,2081.46000000,1757519999999,1625.57672000,29,1362.25000000,1064.70435000,0
2025-09-10 16:00:00,0.775,0.781,0.765,0.765,659.63000000,1757534399999,509.54227000,23,51.04000000,39.76426000,0
2025-09-10 20:00:00,0.768,0.771,0.768,0.771,844.16000000,1757548799999,649.96611000,7,47.78000000,36.76656000,0
2025-09-11 00:00:00,0.775,0.794,0.775,0.794,786.32000000,1757563199999,619.47837000,16,710.29000000,560.00085000,0
2025-09-11 04:00:00,0.791,0.791,0.787,0.79,1044.63000000,1757577599999,826.16280000,6,23.27000000,18.38330000,0
2025-09-11 08:00:00,0.787,0.787,0.778,0.778,93.62000000,1757591999999,73.25630000,7,0.00000000,0.00000000,0
2025-09-11 12:00:00,0.781,0.79,0.769,0.771,1044.40000000,1757606399999,810.35286000,43,310.85000000,242.50319000,0
2025-09-11 16:00:00,0.775,0.781,0.771,0.781,488.90000000,1757620799999,380.52427000,8,300.20000000,233.88192000,0
2025-09-11 20:00:00,0.78,0.79,0.78,0.79,507.66000000,1757635199999,400.17089000,15,487.25000000,384.11789000,0
2025-09-12 00:00:00,0.794,0.806,0.781,0.781,4144.73000000,1757649599999,3307.68982000,36,2565.77000000,2056.27102000,0
2025-09-12 04:00:00,0.783,0.787,0.783,0.784,158.93000000,1757663999999,124.76923000,10,112.21000000,88.14075000,0
2025-09-12 08:00:00,0.781,0.781,0.773,0.773,732.78000000,1757678399999,568.47829000,16,35.42000000,27.45050000,0
2025-09-12 12:00:00,0.773,0.787,0.771,0.783,3012.19000000,1757692799999,2354.54587000,47,2680.12000000,2096.93651000,0
2025-09-12 16:00:00,0.783,0.804,0.783,0.804,1374.22000000,1757707199999,1089.66512000,20,1314.82000000,1042.49116000,0
2025-09-12 20:00:00,0.8,0.809,0.798,0.801,1290.10000000,1757721599999,1032.01762000,21,79.93000000,64.43067000,0
2025-09-13 00:00:00,0.8,0.807,0.797,0.807,599.75000000,1757735999999,479.89272000,17,158.12000000,127.04059000,0
2025-09-13 04:00:00,0.806,0.813,0.806,0.813,302.19000000,1757750399999,243.84892000,6,296.07000000,238.88560000,0
2025-09-13 08:00:00,0.813,0.833,0.813,0.83,34284.10000000,1757764799999,28358.62134000,132,882.86000000,724.79471000,0
2025-09-13 12:00:00,0.833,0.833,0.82,0.823,10591.81000000,1757779199999,8749.01602000,40,98.38000000,81.52732000,0
2025-09-13 16:00:00,0.82,0.838,0.808,0.823,12093.67000000,1757793599999,9922.55417000,59,1150.82000000,948.20237000,0
2025-09-13 20:00:00,0.83,0.83,0.827,0.827,847.76000000,1757807999999,703.57438000,10,22.14000000,18.37620000,0
2025-09-14 00:00:00,0.83,0.871,0.808,0.808,3409.15000000,1757822399999,2830.80988000,70,1459.10000000,1237.68526000,0
2025-09-14 04:00:00,0.808,0.813,0.807,0.807,167.31000000,1757836799999,135.29718000,8,44.83000000,36.37872000,0
2025-09-14 08:00:00,0.803,0.804,0.794,0.794,527.40000000,1757851199999,420.81833000,13,0.00000000,0.00000000,0
2025-09-14 12:00:00,0.792,0.792,0.773,0.773,911.65000000,1757865599999,712.22451000,32,23.45000000,18.38480000,0
2025-09-14 16:00:00,0.778,0.787,0.778,0.787,93.98000000,1757879999999,73.53800000,5,93.98000000,73.53800000,0
2025-09-14 20:00:00,0.79,0.794,0.787,0.787,124.93000000,1757894399999,98.71761000,5,46.45000000,36.78822000,0
2025-09-15 00:00:00,0.79,0.797,0.781,0.797,384.28000000,1757908799999,303.52585000,22,207.44000000,164.16260000,0
2025-09-15 04:00:00,0.8,0.808,0.775,0.775,1124.96000000,1757923199999,892.05047000,36,462.21000000,370.69208000,0
2025-09-15 08:00:00,0.773,0.773,0.748,0.75,1419.16000000,1757937599999,1073.60866000,38,278.67000000,209.99312000,0
2025-09-15 12:00:00,0.747,0.75,0.735,0.738,963.49000000,1757951999999,715.23071000,22,372.92000000,277.57216000,0
2025-09-15 16:00:00,0.735,0.741,0.735,0.741,176.07000000,1757966399999,129.93306000,9,101.44000000,75.00558000,0
2025-09-15 20:00:00,0.744,0.746,0.742,0.742,565.32000000,1757980799999,419.78510000,4,91.77000000,68.41100000,0
2025-09-16 00:00:00,0.742,0.742,0.741,0.741,629.32000000,1757995199999,466.93073000,8,0.00000000,0.00000000,0
2025-09-16 04:00:00,0.738,0.756,0.735,0.753,698.14000000,1758009599999,523.70145000,18,541.29000000,407.28783000,0
2025-09-16 08:00:00,0.755,0.76,0.751,0.756,1396.48000000,1758023999999,1053.62389000,12,436.64000000,329.89367000,0
2025-09-16 12:00:00,0.759,0.765,0.747,0.765,413.06000000,1758038399999,312.04377000,17,242.72000000,183.85389000,0
2025-09-16 16:00:00,0.762,0.775,0.762,0.775,617.59000000,1758052799999,474.12424000,13,509.53000000,391.78252000,0
2025-09-16 20:00:00,0.778,0.786,0.778,0.783,754.56000000,1758067199999,588.71765000,9,731.11000000,570.40320000,0
2025-09-17 00:00:00,0.778,0.781,0.765,0.778,1670.51000000,1758081599999,1300.13179000,20,1192.14000000,930.60955000,0
2025-09-17 04:00:00,0.775,0.783,0.771,0.778,310.24000000,1758095999999,240.64356000,19,96.63000000,75.16722000,0
2025-09-17 08:00:00,0.775,0.775,0.763,0.768,309.96000000,1758110399999,237.60318000,9,49.78000000,38.38608000,0
2025-09-17 12:00:00,0.765,0.768,0.762,0.762,404.12000000,1758124799999,308.22672000,6,23.94000000,18.38592000,0
2025-09-17 16:00:00,0.759,0.802,0.758,0.794,1950.95000000,1758139199999,1525.02055000,63,1604.19000000,1257.54286000,0
2025-09-17 20:00:00,0.797,0.819,0.787,0.812,2955.80000000,1758153599999,2385.83363000,70,1400.32000000,1132.94928000,0
2025-09-18 00:00:00,0.813,0.829,0.808,0.823,26757.11000000,1758167999999,22019.04964000,147,5330.70000000,4373.57503000,0
2025-09-18 04:00:00,0.82,0.823,0.807,0.812,2765.69000000,1758182399999,2247.72356000,149,152.03000000,124.17012000,0
2025-09-18 08:00:00,0.811,0.813,0.807,0.813,257.50000000,1758196799999,208.74166000,7,45.30000000,36.76083000,0
2025-09-18 12:00:00,0.817,0.827,0.813,0.823,10891.51000000,1758211199999,8883.34596000,19,8868.90000000,7232.50089000,0
2025-09-18 16:00:00,0.827,0.864,0.825,0.83,2790.70000000,1758225599999,2344.17395000,40,1882.58000000,1588.19309000,0
2025-09-18 20:00:00,0.833,0.864,0.828,0.833,5049.61000000,1758239999999,4225.48647000,34,2851.77000000,2396.16152000,0
2025-09-19 00:00:00,0.833,0.889,0.833,0.836,6444.75000000,1758254399999,5508.79973000,102,3544.87000000,3046.68643000,0
2025-09-19 04:00:00,0.835,0.836,0.823,0.833,786.36000000,1758268799999,653.20472000,25,171.86000000,142.76698000,0
2025-09-19 08:00:00,0.83,0.833,0.808,0.808,1043.23000000,1758283199999,852.77144000,20,46.20000000,38.39618000,0
2025-09-19 12:00:00,0.813,0.816,0.796,0.8,1985.43000000,1758297599999,1610.70598000,16,1502.41000000,1225.04592000,0
2025-09-19 16:00:00,0.803,0.808,0.794,0.797,828.81000000,1758311999999,659.45812000,11,68.75000000,55.15909000,0
2025-09-19 20:00:00,0.799,0.799,0.787,0.793,301.42000000,1758326399999,239.48155000,10,208.85000000,166.23658000,0
2025-09-20 00:00:00,0.794,0.797,0.787,0.794,461.40000000,1758340799999,366.67049000,10,391.89000000,311.73516000,0
2025-09-20 04:00:00,0.797,0.807,0.797,0.807,103.72000000,1758355199999,83.13509000,5,91.72000000,73.53509000,0
2025-09-20 08:00:00,0.803,0.803,0.796,0.8,1534.30000000,1758369599999,1227.00610000,27,48.30000000,38.64472000,0
2025-09-20 12:00:00,0.803,0.864,0.798,0.819,7220.01000000,1758383999999,5926.69856000,106,2712.08000000,2255.07146000,0
2025-09-20 16:00:00,0.815,0.835,0.804,0.804,2859.05000000,1758398399999,2321.51983000,55,1965.53000000,1599.49357000,0
2025-09-20 20:00:00,0.809,0.813,0.809,0.813,170.64000000,1758412799999,138.16642000,4,170.64000000,138.16642000,0
2025-09-21 00:00:00,0.813,0.816,0.807,0.816,120.13000000,1758427199999,97.44628000,9,72.36000000,58.82559000,0
2025-09-21 04:00:00,0.81,0.819,0.807,0.813,380.43000000,1758441599999,310.57637000,7,312.61000000,255.64268000,0
2025-09-21 08:00:00,0.81,0.81,0.79,0.794,1068.11000000,1758455999999,851.47068000,19,46.07000000,36.78559000,0
2025-09-21 12:00:00,0.797,0.8,0.79,0.79,139.80000000,1758470399999,111.13527000,8,46.03000000,36.75482000,0
2025-09-21 16:00:00,0.787,0.787,0.778,0.783,542.14000000,1758484799999,425.22889000,14,81.99000000,64.30290000,0
2025-09-21 20:00:00,0.786,0.786,0.775,0.775,3576.01000000,1758499199999,2777.23415000,12,2186.45000000,1696.07170000,0
2025-09-22 00:00:00,0.774,0.778,0.739,0.746,13220.94000000,1758513599999,10004.08473000,58,8787.66000000,6661.52624000,0
2025-09-22 04:00:00,0.751,0.756,0.703,0.711,2513.06000000,1758527999999,1810.27227000,74,771.28000000,556.85540000,0
2025-09-22 08:00:00,0.707,0.716,0.703,0.707,2265.77000000,1758542399999,1603.18883000,14,1606.43000000,1138.11182000,0
2025-09-22 12:00:00,0.703,0.707,0.695,0.698,622.53000000,1758556799999,435.49438000,12,38.92000000,27.38756000,0
2025-09-22 16:00:00,0.697,0.698,0.69,0.69,411.31000000,1758571199999,286.08893000,5,286.28000000,199.79320000,0
2025-09-22 20:00:00,0.691,0.703,0.691,0.703,1082.88000000,1758585599999,753.63021000,24,237.64000000,164.92924000,0
2025-09-23 00:00:00,0.703,0.703,0.691,0.699,1617.58000000,1758599999999,1126.15124000,24,357.32000000,249.08610000,0
2025-09-23 04:00:00,0.703,0.711,0.699,0.709,147.16000000,1758614399999,103.79188000,6,98.54000000,69.56770000,0
2025-09-23 08:00:00,0.707,0.707,0.7,0.7,331.49000000,1758628799999,232.60725000,5,0.00000000,0.00000000,0
2025-09-23 12:00:00,0.699,0.712,0.699,0.703,804.36000000,1758643199999,569.26906000,11,730.56000000,517.38878000,0
2025-09-23 16:00:00,0.7,0.703,0.691,0.691,1209.48000000,1758657599999,842.87132000,20,97.44000000,68.09412000,0
2025-09-23 20:00:00,0.693,0.693,0.685,0.685,818.49000000,1758671999999,562.60906000,15,143.98000000,99.77814000,0
2025-09-24 00:00:00,0.691,0.695,0.686,0.686,120.10000000,1758686399999,82.90431000,5,50.24000000,34.81596000,0
2025-09-24 04:00:00,0.682,0.703,0.675,0.703,1286.26000000,1758700799999,887.75884000,19,854.68000000,595.27513000,0
2025-09-24 08:00:00,0.699,0.707,0.699,0.707,77.61000000,1758715199999,54.54515000,4,49.34000000,34.78442000,0
2025-09-24 12:00:00,0.703,0.707,0.699,0.699,98.54000000,1758729599999,69.27306000,4,24.60000000,17.39220000,0
2025-09-24 16:00:00,0.695,0.712,0.69,0.69,1453.27000000,1758743999999,1017.18889000,35,1016.48000000,714.57158000,0
2025-09-24 20:00:00,0.694,0.694,0.681,0.681,878.52000000,1758758399999,603.34864000,16,145.75000000,101.13450000,0
2025-09-25 00:00:00,0.678,0.682,0.674,0.674,623.58000000,1758772799999,421.92709000,10,51.17000000,34.79530000,0
2025-09-25 04:00:00,0.678,0.68,0.664,0.67,826.44000000,1758787199999,555.94444000,14,378.48000000,256.90052000,0
2025-09-25 08:00:00,0.674,0.677,0.67,0.67,141.27000000,1758801599999,95.07223000,6,76.81000000,51.84551000,0
2025-09-25 12:00:00,0.666,0.677,0.658,0.67,725.22000000,1758815999999,480.99659000,19,154.48000000,103.67273000,0
2025-09-25 16:00:00,0.666,0.666,0.64,0.657,2625.53000000,1758830399999,1701.26946000,63,781.94000000,511.75212000,0
2025-09-25 20:00:00,0.657,0.662,0.636,0.636,2969.05000000,1758844799999,1920.09667000,41,581.82000000,381.71318000,0
2025-09-26 00:00:00,0.642,0.652,0.642,0.65,1232.96000000,1758859199999,798.78673000,12,1179.33000000,764.19572000,0
2025-09-26 04:00:00,0.652,0.652,0.646,0.646,418.47000000,1758873599999,271.54587000,7,206.83000000,134.74624000,0
2025-09-26 08:00:00,0.65,0.65,0.639,0.643,151.78000000,1758887999999,97.90125000,6,53.80000000,34.78051000,0
2025-09-26 12:00:00,0.639,0.654,0.638,0.654,887.51000000,1758902399999,573.16715000,12,480.53000000,312.92695000,0
2025-09-26 16:00:00,0.658,0.667,0.658,0.662,697.27000000,1758916799999,462.85089000,8,671.14000000,445.55283000,0
2025-09-26 20:00:00,0.665,0.67,0.665,0.67,257.97000000,1758931199999,171.92963000,5,257.97000000,171.92963000,0
2025-09-27 00:00:00,0.666,0.671,0.666,0.671,126.41000000,1758945599999,84.75531000,2,113.25000000,75.99075000,0
2025-09-27 04:00:00,0.666,0.67,0.666,0.67,38.78000000,1758959999999,25.93136000,2,25.97000000,17.39990000,0
2025-09-27 08:00:00,0.666,0.674,0.662,0.674,467.81000000,1758974399999,313.95270000,7,397.79000000,267.47766000,0
2025-09-27 12:00:00,0.67,0.67,0.67,0.67,25.81000000,1758988799999,17.29270000,1,0.00000000,0.00000000,0
2025-09-27 16:00:00,0.673,0.673,0.664,0.664,167.72000000,1759003199999,111.54510000,3,14.12000000,9.50276000,0
2025-09-27 20:00:00,0.67,0.679,0.67,0.674,329.62000000,1759017599999,221.75372000,7,210.56000000,141.60068000,0
2025-09-28 00:00:00,0.67,0.67,0.666,0.669,126.55000000,1759031999999,84.57976000,4,74.77000000,49.99104000,0
2025-09-28 04:00:00,0.664,0.664,0.659,0.659,62.93000000,1759046399999,41.60261000,3,0.00000000,0.00000000,0
2025-09-28 08:00:00,0.658,0.658,0.654,0.654,366.41000000,1759060799999,241.04466000,4,0.00000000,0.00000000,0
2025-09-28 12:00:00,0.654,0.662,0.654,0.662,76.59000000,1759075199999,50.40598000,4,52.74000000,34.80808000,0
2025-09-28 16:00:00,0.666,0.67,0.666,0.67,62.58000000,1759089599999,41.81360000,3,62.58000000,41.81360000,0
2025-09-28 20:00:00,0.672,0.683,0.671,0.679,1076.47000000,1759103999999,727.87469000,15,1069.36000000,723.07050000,0
2025-09-29 00:00:00,0.678,0.682,0.675,0.682,917.97000000,1759118399999,623.45128000,6,596.82000000,406.45035000,0
2025-09-29 04:00:00,0.674,0.674,0.668,0.674,103.09000000,1759132799999,69.22456000,4,25.81000000,17.39594000,0
2025-09-29 08:00:00,0.678,0.678,0.667,0.667,412.67000000,1759147199999,275.86060000,6,25.66000000,17.39748000,0
2025-09-29 12:00:00,0.666,0.685,0.659,0.674,1317.22000000,1759161599999,890.35710000,15,945.41000000,644.15114000,0
2025-09-29 16:00:00,0.67,0.67,0.664,0.67,440.98000000,1759175999999,294.25683000,7,25.97000000,17.39990000,0
2025-09-29 20:00:00,0.674,0.682,0.674,0.678,432.85000000,1759190399999,294.76110000,6,407.34000000,277.46532000,0
2025-09-30 00:00:00,0.674,0.674,0.663,0.664,570.56000000,1759204799999,380.22893000,9,0.00000000,0.00000000,0
2025-09-30 04:00:00,0.667,0.667,0.662,0.662,52.70000000,1759219199999,34.93849000,3,6.13000000,4.08871000,0
2025-09-30 08:00:00,0.662,0.67,0.659,0.659,3356.64000000,1759233599999,2225.59537000,28,1201.17000000,796.07754000,0
2025-09-30 12:00:00,0.661,0.661,0.651,0.651,596.37000000,1759247999999,391.82024000,8,0.00000000,0.00000000,0
2025-09-30 16:00:00,0.652,0.67,0.652,0.67,235.81000000,1759262399999,155.51396000,9,141.77000000,94.02578000,0
2025-09-30 20:00:00,0.673,0.674,0.67,0.67,386.58000000,1759276799999,260.08656000,4,345.69000000,232.67518000,0
2025-10-01 00:00:00,0.666,0.67,0.666,0.666,77.91000000,1759291199999,51.99194000,4,25.97000000,17.39990000,0
2025-10-01 04:00:00,0.67,0.67,0.666,0.669,66.91000000,1759305599999,44.71085000,3,40.94000000,27.41483000,0
2025-10-01 08:00:00,0.67,0.692,0.67,0.687,1117.04000000,1759319999999,764.75667000,17,1070.31000000,732.66685000,0
2025-10-01 12:00:00,0.686,0.695,0.686,0.695,375.28000000,1759334399999,258.99272000,4,350.07000000,241.69866000,0
2025-10-01 16:00:00,0.699,0.706,0.692,0.702,1392.04000000,1759348799999,969.55349000,19,1031.84000000,720.25509000,0
2025-10-01 20:00:00,0.699,0.703,0.699,0.702,1991.22000000,1759363199999,1397.78696000,4,39.04000000,27.43082000,0
2025-10-02 00:00:00,0.705,0.746,0.703,0.716,4413.70000000,1759377599999,3185.09351000,82,2896.22000000,2094.54827000,0
2025-10-02 04:00:00,0.713,0.724,0.713,0.72,419.64000000,1759391999999,303.46656000,7,381.32000000,275.97626000,0
2025-10-02 08:00:00,0.716,0.729,0.716,0.728,125.67000000,1759406399999,90.82569000,8,77.62000000,56.23077000,0
2025-10-02 12:00:00,0.729,0.745,0.711,0.72,3070.98000000,1759420799999,2236.78411000,62,1676.66000000,1231.92778000,0
2025-10-02 16:00:00,0.724,0.749,0.724,0.749,2669.51000000,1759435199999,1966.47182000,33,1780.82000000,1315.13231000,0
2025-10-02 20:00:00,0.746,0.754,0.746,0.754,5229.22000000,1759449599999,3906.42070000,9,4794.94000000,3582.14758000,0
2025-10-03 00:00:00,0.746,0.747,0.735,0.738,402.28000000,1759463999999,297.35502000,17,68.18000000,50.74963000,0
2025-10-03 04:00:00,0.742,0.742,0.73,0.73,106.17000000,1759478399999,78.04370000,7,23.44000000,17.39248000,0
2025-10-03 08:00:00,0.729,0.738,0.729,0.729,446.24000000,1759492799999,325.60805000,8,46.41000000,34.13198000,0
2025-10-03 12:00:00,0.73,1.2,0.725,0.751,10982.79000000,1759507199999,9476.24069000,170,8717.65000000,7744.04299000,0
2025-10-03 16:00:00,0.751,1.3,0.733,0.751,22088.24000000,1759521599999,19779.88885000,225,9520.12000000,10161.45187000,0
2025-10-03 20:00:00,0.746,0.787,0.746,0.75,4234.46000000,1759535999999,3204.80146000,44,3788.78000000,2866.66333000,0
2025-10-04 00:00:00,0.749,0.749,0.73,0.73,2135.90000000,1759550399999,1569.80059000,14,396.54000000,296.40789000,0
2025-10-04 04:00:00,0.737,0.738,0.733,0.733,330.28000000,1759564799999,243.34556000,3,306.68000000,226.04676000,0
2025-10-04 08:00:00,0.729,0.729,0.719,0.719,457.63000000,1759579199999,332.01293000,10,0.00000000,0.00000000,0
2025-10-04 12:00:00,0.724,0.729,0.715,0.715,235.51000000,1759593599999,170.09601000,10,114.09000000,82.89709000,0
2025-10-04 16:00:00,0.72,0.724,0.72,0.722,112.70000000,1759607999999,81.34622000,6,67.06000000,48.43592000,0
2025-10-04 20:00:00,0.723,0.724,0.723,0.723,1775.08000000,1759622399999,1283.65919000,16,0.00000000,0.00000000,0
2025-10-05 00:00:00,0.728,0.742,0.723,0.737,631.80000000,1759636799999,463.88356000,34,570.51000000,419.28772000,0
2025-10-05 04:00:00,0.741,0.753,0.741,0.753,1442.34000000,1759651199999,1076.30593000,46,1294.53000000,966.44241000,0
2025-10-05 08:00:00,0.755,0.755,0.736,0.736,379.99000000,1759665599999,282.53921000,21,39.24000000,29.45812000,0
2025-10-05 12:00:00,0.74,0.74,0.73,0.737,787.99000000,1759679999999,579.78521000,11,575.68000000,424.52890000,0
2025-10-05 16:00:00,0.737,0.737,0.715,0.715,610.26000000,1759694399999,443.61443000,21,182.21000000,134.07755000,0
2025-10-05 20:00:00,0.714,0.72,0.714,0.72,223.78000000,1759708799999,160.17446000,8,43.25000000,31.12091000,0
2025-10-06 00:00:00,0.716,0.729,0.715,0.729,950.64000000,1759723199999,686.47758000,45,309.15000000,223.69841000,0
2025-10-06 04:00:00,0.726,0.737,0.723,0.728,402.86000000,1759737599999,293.62581000,17,200.33000000,146.12702000,0
2025-10-06 08:00:00,0.732,0.741,0.732,0.738,342.99000000,1759751999999,252.26267000,9,249.60000000,183.78525000,0
2025-10-06 12:00:00,0.742,0.761,0.742,0.761,902.40000000,1759766399999,680.84426000,33,771.98000000,582.57581000,0
2025-10-06 16:00:00,0.763,0.764,0.757,0.763,663.83000000,1759780799999,504.58894000,30,460.63000000,350.46242000,0
2025-10-06 20:00:00,0.764,0.765,0.758,0.758,3385.48000000,1759795199999,2567.55538000,21,90.92000000,69.34709000,0
2025-10-07 00:00:00,0.757,0.757,0.749,0.749,215.00000000,1759809599999,161.96125000,9,0.00000000,0.00000000,0
2025-10-07 04:00:00,0.746,0.755,0.737,0.74,946.03000000,1759823999999,705.64359000,33,431.43000000,323.27791000,0
2025-10-07 08:00:00,0.737,0.744,0.73,0.743,556.20000000,1759838399999,410.46299000,30,356.20000000,263.68539000,0
2025-10-07 12:00:00,0.745,0.745,0.709,0.709,2039.60000000,1759852799999,1488.86969000,73,209.42000000,154.48608000,0
2025-10-07 16:00:00,0.708,0.716,0.704,0.71,3184.40000000,1759867199999,2266.56611000,31,533.15000000,380.09494000,0
2025-10-07 20:00:00,0.715,0.721,0.711,0.711,629.11000000,1759881599999,450.26118000,21,213.79000000,153.80310000,0
2025-10-08 00:00:00,0.715,0.723,0.706,0.706,4665.26000000,1759895999999,3335.75037000,50,921.33000000,659.75744000,0
2025-10-08 04:00:00,0.705,0.711,0.703,0.711,287.46000000,1759910399999,203.25316000,10,112.20000000,79.67580000,0
2025-10-08 08:00:00,0.713,0.719,0.713,0.718,604.70000000,1759924799999,433.15903000,9,466.97000000,334.68208000,0
2025-10-08 12:00:00,0.711,0.724,0.711,0.713,465.80000000,1759939199999,334.06061000,16,229.15000000,165.02348000,0
2025-10-08 16:00:00,0.719,0.742,0.719,0.733,868.20000000,1759953599999,635.17527000,35,754.39000000,551.60951000,0
2025-10-08 20:00:00,0.732,0.732,0.73,0.73,97.99000000,1759967999999,71.57000000,2,0.00000000,0.00000000,0
2025-10-09 00:00:00,0.729,0.729,0.708,0.716,1343.93000000,1759982399999,972.77478000,23,43.53000000,31.14828000,0
2025-10-09 04:00:00,0.719,0.721,0.707,0.707,396.93000000,1759996799999,283.94031000,10,150.11000000,108.16697000,0
2025-10-09 08:00:00,0.706,0.706,0.692,0.701,1252.67000000,1760011199999,876.49597000,18,753.23000000,527.15578000,0
2025-10-09 12:00:00,0.702,0.707,0.686,0.69,736.97000000,1760025599999,513.21097000,26,265.14000000,186.06426000,0
2025-10-09 16:00:00,0.686,0.698,0.685,0.698,249.42000000,1760039999999,172.87902000,12,204.28000000,141.93291000,0
2025-10-09 20:00:00,0.699,0.742,0.699,0.706,3755.75000000,1760054399999,2679.34903000,96,2870.35000000,2043.95594000,0
2025-10-10 00:00:00,0.711,0.726,0.704,0.726,15553.68000000,1760068799999,10962.12386000,32,9956.72000000,7021.75196000,0
2025-10-10 04:00:00,0.72,0.726,0.715,0.715,35597.80000000,1760083199999,25476.36561000,51,32448.54000000,23223.24763000,0
2025-10-10 08:00:00,0.719,0.726,0.717,0.726,318.47000000,1760097599999,230.20407000,10,248.85000000,180.17649000,0
2025-10-10 12:00:00,0.728,0.733,0.681,0.691,6300.99000000,1760111999999,4438.24407000,61,4658.71000000,3286.36517000,0
2025-10-10 16:00:00,0.69,0.69,0.661,0.666,1825.55000000,1760126399999,1231.08827000,34,559.86000000,378.34296000,0
2025-10-10 20:00:00,0.665,0.669,0.3,0.526,34119.48000000,1760140799999,17256.77098000,332,6067.08000000,2806.51576000,0
2025-10-11 00:00:00,0.526,0.529,0.473,0.48,13061.20000000,1760155199999,6655.54322000,53,649.08000000,321.14425000,0
2025-10-11 04:00:00,0.486,0.491,0.48,0.48,1930.60000000,1760169599999,934.35943000,13,1684.42000000,816.19303000,0
2025-10-11 08:00:00,0.486,0.504,0.486,0.492,4715.15000000,1760183999999,2329.62434000,17,420.78000000,208.52180000,0
2025-10-11 12:00:00,0.486,0.49,0.473,0.486,4889.82000000,1760198399999,2345.50433000,29,203.68000000,98.39322000,0
2025-10-11 16:00:00,0.48,0.49,0.455,0.466,5284.33000000,1760212799999,2528.45573000,35,1239.12000000,602.90791000,0
2025-10-11 20:00:00,0.46,0.46,0.439,0.46,1947.23000000,1760227199999,884.27485000,23,1491.42000000,682.86306000,0
2025-10-12 00:00:00,0.46,0.46,0.449,0.457,8857.11000000,1760241599999,4029.41926000,30,694.99000000,317.00376000,0
2025-10-12 04:00:00,0.461,0.467,0.461,0.467,5331.99000000,1760255999999,2488.44459000,7,1157.05000000,538.85706000,0
2025-10-12 08:00:00,0.461,0.461,0.455,0.457,1621.33000000,1760270399999,741.20358000,13,82.06000000,37.82966000,0
2025-10-12 12:00:00,0.458,0.486,0.45,0.475,11881.69000000,1760284799999,5410.76390000,65,4844.09000000,2203.07882000,0
2025-10-12 16:00:00,0.485,0.495,0.485,0.495,1238.36000000,1760299199999,604.02108000,15,456.96000000,224.26068000,0
2025-10-12 20:00:00,0.498,0.498,0.483,0.483,441.08000000,1760313599999,216.52338000,10,184.22000000,91.22910000,0
2025-10-13 00:00:00,0.48,0.487,0.48,0.48,464.29000000,1760327999999,224.76859000,8,300.17000000,145.99099000,0
2025-10-13 04:00:00,0.475,0.492,0.475,0.492,185.25000000,1760342399999,90.39623000,4,174.60000000,85.33748000,0
2025-10-13 08:00:00,0.494,0.498,0.473,0.473,940.96000000,1760356799999,454.26518000,20,92.54000000,46.04300000,0
2025-10-13 12:00:00,0.485,0.494,0.473,0.479,1607.11000000,1760371199999,776.48236000,27,847.93000000,409.45898000,0
2025-10-13 16:00:00,0.473,0.502,0.473,0.498,1922.94000000,1760385599999,941.05884000,18,1138.29000000,554.86764000,0
2025-10-13 20:00:00,0.504,0.51,0.504,0.504,639.81000000,1760399999999,324.52949000,12,360.12000000,182.97284000,0
2025-10-14 00:00:00,0.505,0.505,0.487,0.487,554.13000000,1760414399999,272.19021000,9,192.77000000,94.89493000,0
2025-10-14 04:00:00,0.486,0.486,0.454,0.458,974.41000000,1760428799999,454.66255000,25,336.56000000,155.38398000,0
2025-10-14 08:00:00,0.467,0.477,0.455,0.46,1695.74000000,1760443199999,785.58616000,23,489.26000000,228.62906000,0
2025-10-14 12:00:00,0.46,0.48,0.454,0.473,6468.83000000,1760457599999,3067.45153000,42,1613.13000000,753.75749000,0
2025-10-14 16:00:00,0.48,0.488,0.473,0.48,965.65000000,1760471999999,463.85193000,19,686.36000000,331.01732000,0
2025-10-14 20:00:00,0.485,0.486,0.483,0.483,222.41000000,1760486399999,107.99981000,5,92.54000000,44.96396000,0
2025-10-15 00:00:00,0.48,0.517,0.48,0.48,2314.63000000,1760500799999,1135.43262000,36,1331.59000000,656.43924000,0
2025-10-15 04:00:00,0.481,0.486,0.48,0.486,386.21000000,1760515199999,186.94530000,6,304.15000000,147.55650000,0
2025-10-15 08:00:00,0.488,0.493,0.474,0.474,949.60000000,1760529599999,459.34506000,19,325.46000000,159.72747000,0
2025-10-15 12:00:00,0.473,0.478,0.461,0.461,1846.30000000,1760543999999,866.52425000,14,1333.29000000,627.31704000,0
2025-10-15 16:00:00,0.462,0.462,0.462,0.462,6.47000000,1760558399999,2.98914000,1,6.47000000,2.98914000,0
2025-10-15 20:00:00,0.455,0.455,0.453,0.453,748.25000000,1760572799999,339.12137000,7,0.00000000,0.00000000,0
2025-10-16 00:00:00,0.461,0.461,0.461,0.461,82.06000000,1760587199999,37.82966000,1,82.06000000,37.82966000,0
2025-10-16 04:00:00,0.457,0.463,0.455,0.463,1055.80000000,1760601599999,481.80978000,8,85.77000000,39.54739000,0
2025-10-16 08:00:00,0.455,0.461,0.439,0.461,1387.76000000,1760615999999,628.44917000,22,723.42000000,330.52358000,0
2025-10-16 12:00:00,0.455,0.459,0.442,0.45,17556.32000000,1760630399999,7897.42765000,48,643.48000000,287.84153000,0
2025-10-16 16:00:00,0.455,0.486,0.43,0.43,66221.86000000,1760644799999,29888.70085000,174,3667.30000000,1664.60525000,0
2025-10-16 20:00:00,0.425,0.431,0.42,0.431,370.99000000,1760659199999,158.73420000,6,275.06000000,118.31938000,0
2025-10-17 00:00:00,0.428,0.428,0.428,0.428,132.00000000,1760673599999,56.49600000,1,0.00000000,0.00000000,0
2025-10-17 04:00:00,0.418,0.418,0.404,0.404,2368.12000000,1760687999999,967.42594000,10,0.00000000,0.00000000,0
2025-10-17 08:00:00,0.4,0.417,0.397,0.417,1390.22000000,1760702399999,567.35437000,18,977.44000000,401.34475000,0
2025-10-17 12:00:00,0.42,0.42,0.411,0.42,1059.51000000,1760716799999,442.58507000,10,486.98000000,204.15205000,0
2025-10-17 16:00:00,0.419,0.427,0.418,0.418,406.62000000,1760731199999,171.74154000,8,211.42000000,89.79046000,0
2025-10-17 20:00:00,0.425,0.427,0.42,0.42,183.42000000,1760745599999,77.54211000,3,96.95000000,41.22471000,0
2025-10-18 00:00:00,0.424,0.425,0.424,0.425,556.42000000,1760759999999,236.00855000,2,556.42000000,236.00855000,0
2025-10-18 04:00:00,0.425,0.425,0.42,0.425,1422.73000000,1760774399999,604.17790000,6,159.80000000,67.86500000,0
2025-10-18 08:00:00,0.421,0.429,0.421,0.429,953.43000000,1760788799999,408.83363000,3,929.95000000,398.94855000,0
2025-10-18 12:00:00,0.429,0.429,0.421,0.426,1067.52000000,1760803199999,457.46380000,4,1048.70000000,449.54058000,0
2025-10-18 16:00:00,0.42,0.425,0.42,0.425,410.85000000,1760817599999,173.46517000,4,324.38000000,137.14777000,0
2025-10-18 20:00:00,0.429,0.429,0.429,0.429,177.43000000,1760831999999,76.11747000,2,177.43000000,76.11747000,0
2025-10-19 00:00:00,0.43,0.43,0.43,0.43,86.47000000,1760846399999,37.18210000,1,86.47000000,37.18210000,0
2025-10-19 04:00:00,0.425,0.425,0.425,0.425,86.47000000,1760860799999,36.74975000,2,0.00000000,0.00000000,0
2025-10-19 08:00:00,0.43,0.438,0.421,0.434,719.29000000,1760875199999,309.84694000,13,418.09000000,181.02373000,0
2025-10-19 12:00:00,0.432,0.441,0.432,0.441,151.66000000,1760889599999,66.30320000,4,96.95000000,42.66848000,0
2025-10-19 16:00:00,0.444,0.444,0.444,0.444,448.65000000,1760903999999,199.20060000,1,448.65000000,199.20060000,0
2025-10-19 20:00:00,0.441,0.441,0.441,0.441,274.90000000,1760918399999,121.23090000,3,0.00000000,0.00000000,0
2025-10-20 00:00:00,0.439,0.45,0.432,0.45,1328.00000000,1760932799999,593.24851000,15,1230.87000000,551.02894000,0
2025-10-20 04:00:00,0.446,0.455,0.446,0.45,946.41000000,1760947199999,427.00438000,16,778.50000000,351.77064000,0
2025-10-20 08:00:00,0.447,0.447,0.447,0.447,156.71000000,1760961599999,70.04937000,1,0.00000000,0.00000000,0
2025-10-20 12:00:00,0.455,0.457,0.45,0.45,478.71000000,1760975999999,217.48155000,9,335.85000000,153.09808000,0
2025-10-20 16:00:00,0.448,0.45,0.444,0.45,493.94000000,1760990399999,220.65385000,13,86.47000000,38.91150000,0
2025-10-20 20:00:00,0.45,0.455,0.446,0.446,3658.78000000,1761004799999,1651.08950000,29,346.92000000,157.60451000,0
2025-10-21 00:00:00,0.445,0.445,0.439,0.439,4721.22000000,1761019199999,2073.22087000,18,0.00000000,0.00000000,0
2025-10-21 04:00:00,0.436,0.436,0.428,0.433,2617.52000000,1761033599999,1121.75361000,14,0.00000000,0.00000000,0
2025-10-21 08:00:00,0.431,0.435,0.431,0.435,153.75000000,1761047999999,66.74968000,3,132.32000000,57.51335000,0
2025-10-21 12:00:00,0.438,0.466,0.438,0.466,897.26000000,1761062399999,406.48192000,18,897.26000000,406.48192000,0
2025-10-21 16:00:00,0.46,0.46,0.455,0.46,339.67000000,1761076799999,155.61328000,5,86.47000000,39.77620000,0
2025-10-21 20:00:00,0.455,0.455,0.435,0.435,752.83000000,1761091199999,334.62793000,16,0.00000000,0.00000000,0
2025-10-22 00:00:00,0.432,0.432,0.43,0.43,211.97000000,1761105599999,91.28325000,3,0.00000000,0.00000000,0
2025-10-22 04:00:00,0.435,0.435,0.43,0.43,172.94000000,1761119999999,74.79655000,2,86.47000000,37.61445000,0
2025-10-22 08:00:00,0.427,0.434,0.425,0.434,203.79000000,1761134399999,87.15684000,5,96.95000000,41.73042000,0
2025-10-22 12:00:00,0.434,0.435,0.43,0.43,609.30000000,1761148799999,263.91738000,5,436.36000000,189.55318000,0
2025-10-22 16:00:00,0.425,0.428,0.42,0.42,342.92000000,1761163199999,145.03199000,7,6.98000000,2.98744000,0
2025-10-22 20:00:00,0.418,0.419,0.406,0.419,11683.14000000,1761177599999,4800.87332000,43,180.96000000,75.39915000,0
2025-10-23 00:00:00,0.42,0.422,0.418,0.418,2860.13000000,1761191999999,1204.08185000,6,176.56000000,74.31442000,0
2025-10-23 04:00:00,0.425,0.427,0.425,0.427,161.41000000,1761206399999,68.62021000,3,161.41000000,68.62021000,0
2025-10-23 08:00:00,0.43,0.43,0.428,0.428,97.79000000,1761220799999,42.02706000,2,86.47000000,37.18210000,0
2025-10-23 12:00:00,0.425,0.434,0.425,0.434,10783.42000000,1761235199999,4604.68017000,4,96.95000000,41.73042000,0
2025-10-23 16:00:00,0.435,0.436,0.435,0.436,543.90000000,1761249599999,237.05393000,2,543.90000000,237.05393000,0
2025-10-23 20:00:00,0.43,0.43,0.43,0.43,174.34000000,1761263999999,74.96620000,2,0.00000000,0.00000000,0
2025-10-24 00:00:00,0.435,0.435,0.432,0.432,124.86000000,1761278399999,54.19893000,2,86.47000000,37.61445000,0
2025-10-24 04:00:00,0.44,0.441,0.44,0.441,96.95000000,1761292799999,42.66848000,2,96.95000000,42.66848000,0
2025-10-24 08:00:00,0.444,0.444,0.44,0.44,70.89000000,1761307199999,31.45500000,2,65.85000000,29.23740000,0
2025-10-24 12:00:00,0.445,0.45,0.436,0.436,20831.60000000,1761321599999,9107.18048000,16,1856.04000000,813.14592000,0
2025-10-24 16:00:00,0.435,0.445,0.435,0.445,259.41000000,1761335999999,114.14040000,3,172.94000000,76.52595000,0
2025-10-24 20:00:00,0.445,0.445,0.445,0.445,0.00000000,1761350399999,0.00000000,0,0.00000000,0.00000000,0
2025-10-25 00:00:00,0.445,0.445,0.445,0.445,0.00000000,1761364799999,0.00000000,0,0.00000000,0.00000000,0
2025-10-25 04:00:00,0.445,0.445,0.445,0.445,0.00000000,1761379199999,0.00000000,0,0.00000000,0.00000000,0
2025-10-25 08:00:00,0.44,0.44,0.437,0.437,101.76000000,1761393599999,44.72853000,3,0.00000000,0.00000000,0
2025-10-25 12:00:00,0.445,0.445,0.445,0.445,86.47000000,1761407999999,38.47915000,1,86.47000000,38.47915000,0
2025-10-25 16:00:00,0.449,0.449,0.449,0.449,10.48000000,1761422399999,4.70552000,1,10.48000000,4.70552000,0
2025-10-25 20:00:00,0.45,0.45,0.446,0.446,106.22000000,1761436799999,47.72000000,2,86.47000000,38.91150000,0
2025-10-26 00:00:00,0.445,0.445,0.445,0.445,86.47000000,1761451199999,38.47915000,2,0.00000000,0.00000000,0
2025-10-26 04:00:00,0.445,0.445,0.445,0.445,0.00000000,1761465599999,0.00000000,0,0.00000000,0.00000000,0
2025-10-26 08:00:00,0.45,0.46,0.45,0.46,403.50000000,1761479999999,183.67652000,6,403.50000000,183.67652000,0
2025-10-26 12:00:00,0.46,0.46,0.46,0.46,0.00000000,1761494399999,0.00000000,0,0.00000000,0.00000000,0
2025-10-26 16:00:00,0.46,0.46,0.46,0.46,0.00000000,1761508799999,0.00000000,0,0.00000000,0.00000000,0
2025-10-26 20:00:00,0.465,0.47,0.464,0.465,314.15000000,1761523199999,146.51032000,6,172.94000000,80.84945000,0
2025-10-27 00:00:00,0.467,0.47,0.465,0.47,293.65000000,1761537599999,137.19368000,3,193.51000000,90.62858000,0
2025-10-27 04:00:00,0.475,0.476,0.47,0.47,180.15000000,1761551999999,85.14611000,4,93.68000000,44.50521000,0
2025-10-27 08:00:00,0.465,0.465,0.46,0.46,601.55000000,1761566399999,279.01338000,7,422.11000000,196.03436000,0
2025-10-27 12:00:00,0.455,0.455,0.455,0.455,86.47000000,1761580799999,39.34385000,1,0.00000000,0.00000000,0
2025-10-27 16:00:00,0.46,0.468,0.46,0.46,459.41000000,1761595199999,213.36095000,5,372.94000000,173.58475000,0
2025-10-27 20:00:00,0.457,0.457,0.446,0.446,992.17000000,1761609599999,445.19599000,6,36.25000000,16.34875000,0
2025-10-28 00:00:00,0.446,0.446,0.446,0.446,0.00000000,1761623999999,0.00000000,0,0.00000000,0.00000000,0
2025-10-28 04:00:00,0.455,0.46,0.448,0.455,3194.80000000,1761638399999,1447.23210000,50,2700.38000000,1224.51764000,0
2025-10-28 08:00:00,0.454,0.454,0.454,0.454,2.25000000,1761652799999,1.02150000,1,0.00000000,0.00000000,0
2025-10-28 12:00:00,0.451,0.46,0.447,0.455,498.71000000,1761667199999,226.06333000,8,172.94000000,79.12005000,0
2025-10-28 16:00:00,0.456,0.456,0.442,0.442,419.58000000,1761681599999,186.71241000,6,21.92000000,9.99552000,0
2025-10-28 20:00:00,0.44,0.44,0.428,0.435,620.89000000,1761695999999,269.60761000,18,244.24000000,106.20789000,0
2025-10-29 00:00:00,0.438,0.438,0.437,0.437,246.22000000,1761710399999,107.61628000,2,246.22000000,107.61628000,0
2025-10-29 04:00:00,0.438,0.438,0.438,0.438,455.02000000,1761724799999,199.29876000,2,455.02000000,199.29876000,0
2025-10-29 08:00:00,0.438,0.446,0.438,0.446,210.18000000,1761739199999,92.98107000,4,190.94000000,84.55395000,0
2025-10-29 12:00:00,0.448,0.448,0.44,0.44,337.67000000,1761753599999,149.88592000,6,76.58000000,34.30784000,0
2025-10-29 16:00:00,0.442,0.45,0.429,0.447,2338.29000000,1761767999999,1024.30654000,27,1040.30000000,457.07783000,0
2025-10-29 20:00:00,0.45,0.452,0.44,0.44,737.98000000,1761782399999,330.46274000,11,325.48000000,145.83897000,0
2025-10-30 00:00:00,0.442,0.445,0.441,0.445,533.49000000,1761796799999,235.83598000,3,533.49000000,235.83598000,0
2025-10-30 04:00:00,0.44,0.44,0.425,0.436,895.46000000,1761811199999,387.58679000,13,434.54000000,188.74738000,0
2025-10-30 08:00:00,0.43,0.43,0.425,0.425,237.43000000,1761825599999,101.64350000,6,58.14000000,25.00020000,0
2025-10-30 12:00:00,0.423,0.423,0.404,0.404,11299.83000000,1761839999999,4671.85512000,18,5387.48000000,2225.22765000,0
2025-10-30 16:00:00,0.4,0.401,0.387,0.391,112457.51000000,1761854399999,44090.05337000,107,45693.37000000,17838.01800000,0
2025-10-30 20:00:00,0.397,0.397,0.397,0.397,18.00000000,1761868799999,7.14600000,1,18.00000000,7.14600000,0
2025-10-31 00:00:00,0.402,0.408,0.402,0.407,1671.02000000,1761883199999,677.04681000,7,324.47000000,132.03003000,0
2025-10-31 04:00:00,0.407,0.407,0.4,0.4,568.98000000,1761897599999,230.66044000,4,430.20000000,175.09140000,0
2025-10-31 08:00:00,0.397,0.405,0.397,0.405,142.96000000,1761911999999,57.44688000,2,86.47000000,35.02035000,0
2025-10-31 12:00:00,0.4,0.405,0.4,0.405,172.94000000,1761926399999,69.60835000,2,86.47000000,35.02035000,0
2025-10-31 16:00:00,0.4,0.403,0.388,0.403,18971.81000000,1761940799999,7451.08387000,13,6747.84000000,2621.03928000,0
2025-10-31 20:00:00,0.403,0.403,0.403,0.403,0.00000000,1761955199999,0.00000000,0,0.00000000,0.00000000,0
2025-11-01 00:00:00,0.4,0.4,0.4,0.4,247.89000000,1761969599999,99.15600000,1,247.89000000,99.15600000,0
2025-11-01 04:00:00,0.394,0.405,0.394,0.405,334.35000000,1761983999999,132.68507000,3,223.79000000,89.12443000,0
2025-11-01 08:00:00,0.405,0.405,0.405,0.405,36.07000000,1761998399999,14.60835000,1,0.00000000,0.00000000,0
2025-11-01 12:00:00,0.409,0.411,0.407,0.407,402.59000000,1762012799999,164.54202000,4,202.59000000,83.14202000,0
2025-11-01 16:00:00,0.414,0.416,0.414,0.416,140.43000000,1762027199999,58.29641000,3,140.43000000,58.29641000,0
2025-11-01 20:00:00,0.416,0.416,0.409,0.415,754.23000000,1762041599999,310.79918000,5,326.61000000,135.78329000,0
2025-11-02 00:00:00,0.415,0.415,0.415,0.415,0.00000000,1762055999999,0.00000000,0,0.00000000,0.00000000,0
2025-11-02 04:00:00,0.415,0.425,0.415,0.425,686.04000000,1762070399999,288.59967000,7,190.94000000,80.66315000,0
2025-11-02 08:00:00,0.425,0.428,0.424,0.428,201.27000000,1762084799999,85.68011000,5,111.64000000,47.59464000,0
2025-11-02 12:00:00,0.429,0.43,0.41,0.415,668.20000000,1762099199999,280.09605000,15,228.77000000,97.01822000,0
2025-11-02 16:00:00,0.41,0.41,0.41,0.41,86.47000000,1762113599999,35.45270000,2,0.00000000,0.00000000,0
2025-11-02 20:00:00,0.413,0.421,0.407,0.421,1098.69000000,1762127999999,454.25976000,8,529.05000000,221.15628000,0
2025-11-03 00:00:00,0.415,0.415,0.387,0.387,782.32000000,1762142399999,315.51897000,14,0.00000000,0.00000000,0
2025-11-03 04:00:00,0.387,0.387,0.381,0.385,7128.69000000,1762156799999,2758.39373000,13,18.00000000,6.93000000,0
2025-11-03 08:00:00,0.385,0.385,0.385,0.385,62.78000000,1762171199999,24.17030000,1,62.78000000,24.17030000,0
2025-11-03 12:00:00,0.382,0.386,0.35,0.36,1544.48000000,1762185599999,562.29705000,20,298.77000000,113.60246000,0
2025-11-03 16:00:00,0.356,0.366,0.356,0.357,7018.14000000,1762199999999,2532.27700000,14,2177.39000000,785.48830000,0
2025-11-03 20:00:00,0.355,0.355,0.345,0.354,15187.37000000,1762214399999,5314.34447000,32,803.69000000,282.87704000,0
2025-11-04 00:00:00,0.36,0.361,0.354,0.361,1078.21000000,1762228799999,385.45633000,5,301.48000000,108.55680000,0
2025-11-04 04:00:00,0.366,0.366,0.343,0.344,2365.90000000,1762243199999,836.93377000,19,1662.25000000,587.00043000,0
2025-11-04 08:00:00,0.343,0.366,0.343,0.366,530.51000000,1762257599999,190.45199000,10,116.69000000,42.00840000,0
2025-11-04 12:00:00,0.357,0.368,0.357,0.357,1266.81000000,1762271999999,455.13180000,14,960.13000000,345.64704000,0
2025-11-04 16:00:00,0.351,0.351,0.308,0.338,3408.94000000,1762286399999,1140.84626000,50,1361.94000000,459.74375000,0
2025-11-04 20:00:00,0.333,0.349,0.323,0.349,10534.66000000,1762300799999,3508.10017000,47,543.51000000,183.41969000,0
2025-11-05 00:00:00,0.348,0.354,0.333,0.354,629.68000000,1762315199999,217.03177000,10,150.07000000,52.78278000,0
2025-11-05 04:00:00,0.355,0.355,0.355,0.355,70.36000000,1762329599999,24.97780000,1,70.36000000,24.97780000,0
2025-11-05 08:00:00,0.349,0.358,0.349,0.358,2589.65000000,1762343999999,908.74364000,4,254.48000000,89.14481000,0
2025-11-05 12:00:00,0.36,0.363,0.357,0.363,144.90000000,1762358399999,52.05072000,5,81.51000000,29.36097000,0
2025-11-05 16:00:00,0.365,0.375,0.365,0.375,729.43000000,1762372799999,270.07882000,9,521.70000000,192.80326000,0
2025-11-05 20:00:00,0.37,0.375,0.37,0.375,244.94000000,1762387199999,90.91640000,3,57.72000000,21.64500000,0
2025-11-06 00:00:00,0.37,0.37,0.363,0.367,450.46000000,1762401599999,164.71878000,6,57.72000000,21.35640000,0
2025-11-06 04:00:00,0.371,0.39,0.363,0.363,2128.18000000,1762415999999,792.39740000,26,1343.20000000,501.75360000,0
2025-11-06 08:00:00,0.36,0.363,0.36,0.363,180.17000000,1762430399999,65.14637000,4,108.48000000,39.32400000,0
2025-11-06 12:00:00,0.361,0.365,0.355,0.355,283.96000000,1762444799999,102.51014000,7,150.14000000,54.67868000,0
2025-11-06 16:00:00,0.353,0.365,0.35,0.365,968.37000000,1762459199999,347.43873000,17,487.75000000,175.61363000,0
2025-11-06 20:00:00,0.366,0.366,0.36,0.365,133.44000000,1762473599999,48.43500000,3,75.72000000,27.65580000,0
2025-11-07 00:00:00,0.37,0.379,0.37,0.379,227.73000000,1762487999999,85.41531000,5,227.73000000,85.41531000,0
2025-11-07 04:00:00,0.372,0.385,0.369,0.383,1351.55000000,1762502399999,511.95940000,17,583.02000000,222.27180000,0
2025-11-07 08:00:00,0.387,0.387,0.371,0.38,1219.43000000,1762516799999,465.53949000,12,794.94000000,305.76330000,0
2025-11-07 12:00:00,0.375,0.4,0.372,0.4,2427.79000000,1762531199999,933.68013000,30,1297.82000000,501.01142000,0
2025-11-07 16:00:00,0.403,0.435,0.403,0.433,2898.48000000,1762545599999,1206.74908000,40,2377.27000000,988.77878000,0
2025-11-07 20:00:00,0.435,0.435,0.425,0.425,471.39000000,1762559999999,201.48995000,10,57.72000000,25.10820000,0
2025-11-08 00:00:00,0.423,0.435,0.42,0.43,583.93000000,1762574399999,248.90187000,17,248.88000000,106.80180000,0
2025-11-08 04:00:00,0.435,0.435,0.42,0.425,719.05000000,1762588799999,308.27110000,10,190.61000000,82.26298000,0
2025-11-08 08:00:00,0.43,0.43,0.425,0.43,370.33000000,1762603199999,158.88346000,7,115.44000000,49.63920000,0
2025-11-08 12:00:00,0.434,0.434,0.412,0.419,1458.11000000,1762617599999,605.52314000,13,113.39000000,47.78041000,0
2025-11-08 16:00:00,0.42,0.424,0.42,0.424,67.72000000,1762631999999,28.48240000,2,67.72000000,28.48240000,0
2025-11-08 20:00:00,0.424,0.424,0.424,0.424,0.00000000,1762646399999,0.00000000,0,0.00000000,0.00000000,0
2025-11-09 00:00:00,0.415,0.415,0.404,0.404,262.98000000,1762660799999,107.46472000,7,0.00000000,0.00000000,0
2025-11-09 04:00:00,0.409,0.421,0.408,0.408,1410.59000000,1762675199999,579.77805000,15,1230.27000000,505.68801000,0
2025-11-09 08:00:00,0.406,0.415,0.405,0.415,176.49000000,1762689599999,72.34758000,5,115.44000000,47.61900000,0
2025-11-09 12:00:00,0.42,0.429,0.42,0.429,284.97000000,1762703999999,121.02342000,6,284.97000000,121.02342000,0
2025-11-09 16:00:00,0.43,0.434,0.43,0.434,142.38000000,1762718399999,61.42872000,3,142.38000000,61.42872000,0
2025-11-09 20:00:00,0.434,0.434,0.434,0.434,0.00000000,1762732799999,0.00000000,0,0.00000000,0.00000000,0
2025-11-10 00:00:00,0.435,0.439,0.435,0.439,285.27000000,1762747199999,125.00265000,2,285.27000000,125.00265000,0
2025-11-10 04:00:00,0.439,0.44,0.435,0.435,190.38000000,1762761599999,83.42166000,5,132.66000000,58.31346000,0
2025-11-10 08:00:00,0.439,0.44,0.435,0.44,694.05000000,1762775999999,304.37112000,6,569.20000000,249.99424000,0
2025-11-10 12:00:00,0.435,0.435,0.426,0.435,618.97000000,1762790399999,267.93223000,9,423.47000000,183.84370000,0
2025-11-10 16:00:00,0.43,0.442,0.426,0.436,306.67000000,1762804799999,133.36129000,16,156.06000000,68.31981000,0
2025-11-10 20:00:00,0.441,0.451,0.438,0.445,2504.29000000,1762819199999,1111.47064000,31,1570.03000000,699.41410000,0
2025-11-11 00:00:00,0.442,0.453,0.436,0.45,1047.45000000,1762833599999,466.09599000,22,512.95000000,230.41434000,0
2025-11-11 04:00:00,0.445,0.445,0.425,0.425,15478.30000000,1762847999999,6695.04574000,16,4171.69000000,1797.99839000,0
2025-11-11 08:00:00,0.423,0.423,0.421,0.421,23.21000000,1762862399999,9.80821000,2,0.00000000,0.00000000,0
2025-11-11 12:00:00,0.426,0.429,0.422,0.423,2313.85000000,1762876799999,985.05163000,25,849.78000000,363.09827000,0
2025-11-11 16:00:00,0.422,0.425,0.414,0.414,1726.03000000,1762891199999,725.66144000,20,723.85000000,306.90836000,0
2025-11-11 20:00:00,0.413,0.413,0.407,0.407,980.62000000,1762905599999,402.02715000,12,94.08000000,38.66688000,0
2025-11-12 00:00:00,0.405,0.412,0.404,0.412,2022.46000000,1762919999999,828.32512000,17,1158.83000000,476.40253000,0
2025-11-12 04:00:00,0.412,0.415,0.411,0.414,1808.94000000,1762934399999,746.99174000,10,742.70000000,307.21893000,0
2025-11-12 08:00:00,0.414,0.43,0.414,0.427,4400.73000000,1762948799999,1861.74856000,31,2596.72000000,1095.90296000,0
2025-11-12 12:00:00,0.429,0.433,0.41,0.41,6225.83000000,1762963199999,2657.85268000,34,2342.38000000,1006.32634000,0
2025-11-12 16:00:00,0.408,0.408,0.393,0.393,5221.98000000,1762977599999,2092.67009000,32,1308.37000000,526.85200000,0
2025-11-12 20:00:00,0.397,0.404,0.397,0.401,3404.49000000,1762991999999,1367.93711000,19,1723.41000000,691.00516000,0
2025-11-13 00:00:00,0.4,0.411,0.396,0.41,5247.89000000,1763006399999,2127.99980000,30,3402.94000000,1381.46432000,0
2025-11-13 04:00:00,0.409,0.417,0.406,0.416,4073.49000000,1763020799999,1675.43364000,25,1945.50000000,800.40776000,0
2025-11-13 08:00:00,0.415,0.418,0.411,0.415,3639.69000000,1763035199999,1512.39196000,16,1454.86000000,606.33504000,0
2025-11-13 12:00:00,0.414,0.429,0.413,0.417,10391.16000000,1763049599999,4367.39404000,46,5284.76000000,2228.17703000,0
2025-11-13 16:00:00,0.418,0.418,0.376,0.376,4913.61000000,1763063999999,1949.42588000,42,577.35000000,228.78849000,0
2025-11-13 20:00:00,0.38,0.395,0.375,0.391,8507.45000000,1763078399999,3223.18587000,29,1262.35000000,489.95240000,0
2025-11-14 00:00:00,0.394,0.394,0.384,0.384,1734.11000000,1763092799999,678.55020000,18,631.28000000,247.39138000,0
2025-11-14 04:00:00,0.382,0.392,0.366,0.392,8993.69000000,1763107199999,3394.15881000,55,1231.79000000,473.41393000,0
2025-11-14 08:00:00,0.385,0.385,0.377,0.377,775.58000000,1763121599999,295.83852000,10,0.00000000,0.00000000,0
2025-11-14 12:00:00,0.376,0.396,0.373,0.393,9423.97000000,1763135999999,3672.43672000,66,7696.70000000,3007.99703000,0
2025-11-14 16:00:00,0.393,0.393,0.386,0.39,1153.95000000,1763150399999,450.28363000,12,297.59000000,116.42697000,0
2025-11-14 20:00:00,0.393,0.393,0.374,0.38,1719.58000000,1763164799999,664.07525000,19,468.60000000,182.64615000,0
2025-11-15 00:00:00,0.381,0.395,0.381,0.395,1726.67000000,1763179199999,671.07808000,18,1490.39000000,580.79532000,0
2025-11-15 04:00:00,0.396,0.401,0.394,0.395,2712.09000000,1763193599999,1078.07422000,17,1412.83000000,561.37419000,0
2025-11-15 08:00:00,0.392,0.392,0.386,0.386,441.62000000,1763207999999,171.82767000,6,0.00000000,0.00000000,0
2025-11-15 12:00:00,0.392,0.397,0.388,0.392,2778.30000000,1763222399999,1097.49315000,15,2027.30000000,801.83222000,0
2025-11-15 16:00:00,0.392,0.397,0.392,0.394,982.34000000,1763236799999,387.50585000,9,530.05000000,209.72957000,0
2025-11-15 20:00:00,0.394,0.395,0.393,0.395,679.14000000,1763251199999,267.60160000,6,189.93000000,75.02235000,0
2025-11-16 00:00:00,0.387,0.398,0.386,0.397,1187.48000000,1763265599999,470.13917000,11,885.07000000,351.02838000,0
2025-11-16 04:00:00,0.395,0.398,0.395,0.398,1144.82000000,1763279999999,454.69315000,9,829.75000000,330.24050000,0
2025-11-16 08:00:00,0.397,0.399,0.389,0.389,1254.90000000,1763294399999,496.30490000,11,73.91000000,29.49009000,0
2025-11-16 12:00:00,0.387,0.389,0.38,0.38,387.72000000,1763308799999,149.17374000,7,0.00000000,0.00000000,0
2025-11-16 16:00:00,0.377,0.38,0.368,0.374,505.00000000,1763323199999,188.74522000,10,156.56000000,59.04112000,0
2025-11-16 20:00:00,0.372,0.385,0.372,0.385,664.40000000,1763337599999,250.19010000,8,363.91000000,138.26926000,0
2025-11-17 00:00:00,0.386,0.386,0.386,0.386,69.28000000,1763351999999,26.74208000,1,69.28000000,26.74208000,0
2025-11-17 04:00:00,0.391,0.392,0.387,0.392,1911.67000000,1763366399999,745.99695000,12,1725.87000000,673.70740000,0
2025-11-17 08:00:00,0.393,0.394,0.388,0.391,925.14000000,1763380799999,362.70320000,18,527.05000000,206.99230000,0
2025-11-17 12:00:00,0.391,0.391,0.376,0.38,927.40000000,1763395199999,356.32172000,24,228.75000000,88.52645000,0
2025-11-17 16:00:00,0.375,0.382,0.361,0.361,5496.90000000,1763409599999,2016.46091000,40,391.76000000,143.79546000,0
2025-11-17 20:00:00,0.364,0.364,0.357,0.363,244.38000000,1763423999999,88.51307000,7,40.40000000,14.62480000,0
2025-11-18 00:00:00,0.366,0.378,0.362,0.378,1045.53000000,1763438399999,387.62848000,26,708.37000000,263.11552000,0
2025-11-18 04:00:00,0.378,0.385,0.372,0.372,559.07000000,1763452799999,212.23637000,13,272.28000000,103.75556000,0
2025-11-18 08:00:00,0.371,0.377,0.371,0.376,290.46000000,1763467199999,108.80073000,9,105.52000000,39.60516000,0
2025-11-18 12:00:00,0.376,0.383,0.373,0.381,1011.98000000,1763481599999,382.67823000,26,542.39000000,205.75906000,0
2025-11-18 16:00:00,0.385,0.388,0.383,0.383,592.09000000,1763495999999,228.35398000,13,353.08000000,136.18349000,0
2025-11-18 20:00:00,0.383,0.383,0.379,0.383,1365.48000000,1763510399999,521.25067000,7,39.89000000,15.27787000,0
2025-11-19 00:00:00,0.379,0.384,0.377,0.378,311.31000000,1763524799999,118.36760000,7,132.43000000,50.61826000,0
2025-11-19 04:00:00,0.376,0.378,0.364,0.378,977.42000000,1763539199999,358.82755000,9,87.28000000,32.71472000,0
2025-11-19 08:00:00,0.38,0.384,0.379,0.383,275.32000000,1763553599999,104.93434000,6,213.72000000,81.37693000,0
2025-11-19 12:00:00,0.38,0.38,0.374,0.374,418.96000000,1763567999999,158.19551000,8,105.90000000,40.24200000,0
2025-11-19 16:00:00,0.372,0.372,0.357,0.362,15998.81000000,1763582399999,5768.88424000,41,93.11000000,33.70582000,0
2025-11-19 20:00:00,0.362,0.378,0.362,0.378,20063.79000000,1763596799999,7355.61576000,48,377.74000000,140.09548000,0
2025-11-20 00:00:00,0.377,0.377,0.377,0.377,27.64000000,1763611199999,10.42028000,1,27.64000000,10.42028000,0
2025-11-20 04:00:00,0.37,0.386,0.37,0.386,691.96000000,1763625599999,264.25467000,15,614.96000000,235.76467000,0
2025-11-20 08:00:00,0.387,0.387,0.383,0.383,66.01000000,1763639999999,25.39591000,2,28.52000000,11.03724000,0
2025-11-20 12:00:00,0.389,0.397,0.389,0.397,843.22000000,1763654399999,331.13523000,17,843.22000000,331.13523000,0
2025-11-20 16:00:00,0.387,0.387,0.355,0.362,12111.05000000,1763668799999,4572.87313000,26,10541.32000000,3997.97730000,0
2025-11-20 20:00:00,0.364,0.374,0.362,0.362,1334.75000000,1763683199999,490.69082000,15,633.59000000,235.22840000,0
2025-11-21 00:00:00,0.367,0.368,0.356,0.362,300.50000000,1763697599999,108.71410000,6,143.56000000,52.40940000,0
2025-11-21 04:00:00,0.356,0.356,0.322,0.336,12641.79000000,1763711999999,4402.92906000,47,738.82000000,245.60934000,0
2025-11-21 08:00:00,0.329,0.335,0.322,0.322,227.11000000,1763726399999,74.54591000,6,43.48000000,14.56580000,0
2025-11-21 12:00:00,0.32,0.326,0.308,0.315,1773.85000000,1763740799999,560.88622000,16,656.75000000,207.72624000,0
2025-11-21 16:00:00,0.313,0.321,0.305,0.313,49842.83000000,1763755199999,15515.65753000,20,39978.69000000,12394.27740000,0
2025-11-21 20:00:00,0.308,0.31,0.295,0.306,24697.66000000,1763769599999,7518.48114000,29,949.38000000,289.70837000,0
2025-11-22 00:00:00,0.308,0.308,0.308,0.308,324.84000000,1763783999999,100.05072000,1,324.84000000,100.05072000,0
2025-11-22 04:00:00,0.3,0.303,0.288,0.303,3397.97000000,1763798399999,1003.61472000,23,248.90000000,74.05228000,0
2025-11-22 08:00:00,0.3,0.304,0.295,0.303,11816.43000000,1763812799999,3583.19563000,7,10.93000000,3.32272000,0
2025-11-22 12:00:00,0.301,0.302,0.301,0.302,68.08000000,1763827199999,20.50008000,2,0.00000000,0.00000000,0
2025-11-22 16:00:00,0.298,0.298,0.298,0.298,89.29000000,1763841599999,26.60842000,1,0.00000000,0.00000000,0
2025-11-22 20:00:00,0.306,0.306,0.306,0.306,18.00000000,1763855999999,5.50800000,1,18.00000000,5.50800000,0
2025-11-23 00:00:00,0.304,0.306,0.304,0.305,2058.19000000,1763870399999,627.75555000,5,659.06000000,201.02090000,0
2025-11-23 04:00:00,0.309,0.309,0.309,0.309,161.26000000,1763884799999,49.82934000,1,161.26000000,49.82934000,0
2025-11-23 08:00:00,0.304,0.304,0.304,0.304,25.29000000,1763899199999,7.68816000,1,0.00000000,0.00000000,0
2025-11-23 12:00:00,0.3,0.3,0.3,0.3,1000.00000000,1763913599999,300.00000000,1,1000.00000000,300.00000000,0
2025-11-23 16:00:00,0.303,0.307,0.303,0.307,848.69000000,1763927999999,260.40151000,3,812.11000000,249.31777000,0
2025-11-23 20:00:00,0.301,0.304,0.3,0.304,8814.72000000,1763942399999,2673.10245000,26,0.00000000,0.00000000,0
2025-11-24 00:00:00,0.306,0.311,0.306,0.311,1754.20000000,1763956799999,541.80800000,5,149.70000000,46.01750000,0
2025-11-24 04:00:00,0.311,0.311,0.311,0.311,0.00000000,1763971199999,0.00000000,0,0.00000000,0.00000000,0
2025-11-24 08:00:00,0.303,0.303,0.3,0.3,63.35000000,1763985599999,19.06020000,2,0.00000000,0.00000000,0
2025-11-24 12:00:00,0.311,0.311,0.311,0.311,18.00000000,1763999999999,5.59800000,1,18.00000000,5.59800000,0
2025-11-24 16:00:00,0.316,0.324,0.314,0.324,1583.32000000,1764014399999,497.55139000,5,39.52000000,12.60648000,0
2025-11-24 20:00:00,0.317,0.32,0.317,0.32,1744.69000000,1764028799999,557.94605000,2,0.00000000,0.00000000,0
2025-11-25 00:00:00,0.314,0.314,0.314,0.314,353.25000000,1764043199999,110.92050000,1,0.00000000,0.00000000,0
2025-11-25 04:00:00,0.314,0.314,0.314,0.314,0.00000000,1764057599999,0.00000000,0,0.00000000,0.00000000,0
2025-11-25 08:00:00,0.314,0.314,0.314,0.314,47.04000000,1764071999999,14.77056000,1,0.00000000,0.00000000,0
2025-11-25 12:00:00,0.323,0.34,0.313,0.32,6412.27000000,1764086399999,2083.55376000,86,6236.80000000,2027.59377000,0
2025-11-25 16:00:00,0.321,0.321,0.321,0.321,18.00000000,1764100799999,5.77800000,1,18.00000000,5.77800000,0
2025-11-25 20:00:00,0.314,0.326,0.314,0.326,32.74000000,1764115199999,10.49636000,2,18.00000000,5.86800000,0
2025-11-26 00:00:00,0.321,0.328,0.319,0.32,4298.29000000,1764129599999,1376.56277000,36,469.37000000,153.83426000,0
2025-11-26 04:00:00,0.318,0.318,0.318,0.318,84.78000000,1764143999999,26.96004000,2,66.40000000,21.11520000,0
2025-11-26 08:00:00,0.318,0.318,0.318,0.318,0.00000000,1764158399999,0.00000000,0,0.00000000,0.00000000,0
2025-11-26 12:00:00,0.313,0.313,0.313,0.313,18.39000000,1764172799999,5.75607000,1,0.00000000,0.00000000,0
2025-11-26 16:00:00,0.321,0.328,0.321,0.328,164.22000000,1764187199999,53.25339000,4,164.22000000,53.25339000,0
2025-11-26 20:00:00,0.328,0.328,0.326,0.326,9089.08000000,1764201599999,2963.19504000,8,0.00000000,0.00000000,0
2025-11-27 00:00:00,0.326,0.326,0.326,0.326,8672.30000000,1764215999999,2827.16980000,3,0.00000000,0.00000000,0
2025-11-27 04:00:00,0.33,0.33,0.33,0.33,29.17000000,1764230399999,9.62610000,1,29.17000000,9.62610000,0
2025-11-27 08:00:00,0.331,0.331,0.331,0.331,18.00000000,1764244799999,5.95800000,1,18.00000000,5.95800000,0
2025-11-27 12:00:00,0.328,0.341,0.328,0.341,279.41000000,1764259199999,92.54542000,4,110.42000000,37.11670000,0
2025-11-27 16:00:00,0.341,0.341,0.341,0.341,0.00000000,1764273599999,0.00000000,0,0.00000000,0.00000000,0
2025-11-27 20:00:00,0.333,0.333,0.333,0.333,18.36000000,1764287999999,6.11388000,1,0.00000000,0.00000000,0
2025-11-28 00:00:00,0.333,0.333,0.333,0.333,0.00000000,1764302399999,0.00000000,0,0.00000000,0.00000000,0
2025-11-28 04:00:00,0.328,0.328,0.328,0.328,18.37000000,1764316799999,6.02536000,1,0.00000000,0.00000000,0
2025-11-28 08:00:00,0.336,0.336,0.336,0.336,18.00000000,1764331199999,6.04800000,1,18.00000000,6.04800000,0
2025-11-28 12:00:00,0.336,0.336,0.336,0.336,1028.00000000,1764345599999,345.40800000,1,1028.00000000,345.40800000,0
2025-11-28 16:00:00,0.328,0.328,0.326,0.326,50.59000000,1764359999999,16.52906000,2,0.00000000,0.00000000,0
2025-11-28 20:00:00,0.326,0.326,0.326,0.326,0.00000000,1764374399999,0.00000000,0,0.00000000,0.00000000,0
2025-11-29 00:00:00,0.326,0.326,0.326,0.326,0.00000000,1764388799999,0.00000000,0,0.00000000,0.00000000,0
2025-11-29 04:00:00,0.326,0.326,0.326,0.326,0.00000000,1764403199999,0.00000000,0,0.00000000,0.00000000,0
2025-11-29 08:00:00,0.326,0.326,0.326,0.326,0.00000000,1764417599999,0.00000000,0,0.00000000,0.00000000,0
2025-11-29 12:00:00,0.326,0.326,0.326,0.326,0.00000000,1764431999999,0.00000000,0,0.00000000,0.00000000,0
2025-11-29 16:00:00,0.323,0.323,0.323,0.323,18.37000000,1764446399999,5.93351000,1,0.00000000,0.00000000,0
2025-11-29 20:00:00,0.323,0.323,0.323,0.323,0.00000000,1764460799999,0.00000000,0,0.00000000,0.00000000,0
2025-11-30 00:00:00,0.323,0.323,0.323,0.323,0.00000000,1764475199999,0.00000000,0,0.00000000,0.00000000,0
2025-11-30 04:00:00,0.323,0.323,0.323,0.323,0.00000000,1764489599999,0.00000000,0,0.00000000,0.00000000,0
2025-11-30 08:00:00,0.323,0.323,0.323,0.323,3.39000000,1764503999999,1.09497000,1,0.00000000,0.00000000,0
2025-11-30 12:00:00,0.322,0.322,0.322,0.322,64.79000000,1764518399999,20.86238000,1,0.00000000,0.00000000,0
2025-11-30 16:00:00,0.322,0.322,0.322,0.322,0.00000000,1764532799999,0.00000000,0,0.00000000,0.00000000,0
2025-11-30 20:00:00,0.321,0.321,0.321,0.321,41.01000000,1764547199999,13.16421000,1,0.00000000,0.00000000,0
2025-12-01 00:00:00,0.318,0.318,0.293,0.293,12657.85000000,1764561599999,3833.51386000,26,40.45000000,12.21626000,0
2025-12-01 04:00:00,0.293,0.293,0.293,0.293,0.00000000,1764575999999,0.00000000,0,0.00000000,0.00000000,0
2025-12-01 08:00:00,0.299,0.299,0.29,0.29,76.87000000,1764590399999,22.63916000,2,38.54000000,11.52346000,0
2025-12-01 12:00:00,0.288,0.288,0.28,0.285,1124.15000000,1764604799999,321.62754000,10,200.00000000,57.00000000,0
2025-12-01 16:00:00,0.279,0.28,0.278,0.28,1036.38000000,1764619199999,289.14964000,4,18.00000000,5.04000000,0
2025-12-01 20:00:00,0.285,0.288,0.285,0.288,8677.73000000,1764633599999,2499.13224000,23,5054.14000000,1455.53832000,0
2025-12-02 00:00:00,0.288,0.288,0.288,0.288,0.00000000,1764647999999,0.00000000,0,0.00000000,0.00000000,0
2025-12-02 04:00:00,0.29,0.29,0.283,0.283,83.62000000,1764662399999,23.79046000,3,18.00000000,5.22000000,0
2025-12-02 08:00:00,0.281,0.29,0.281,0.29,48.04000000,1764676799999,13.66124000,2,18.00000000,5.22000000,0
2025-12-02 12:00:00,0.292,0.316,0.292,0.316,3184.18000000,1764691199999,965.47744000,11,3184.18000000,965.47744000,0
2025-12-02 16:00:00,0.321,0.321,0.321,0.321,18.00000000,1764705599999,5.77800000,1,18.00000000,5.77800000,0
2025-12-02 20:00:00,0.313,0.313,0.313,0.313,18.38000000,1764719999999,5.75294000,1,0.00000000,0.00000000,0
2025-12-03 00:00:00,0.313,0.313,0.313,0.313,0.00000000,1764734399999,0.00000000,0,0.00000000,0.00000000,0
2025-12-03 04:00:00,0.321,0.321,0.321,0.321,18.00000000,1764748799999,5.77800000,1,18.00000000,5.77800000,0
2025-12-03 08:00:00,0.321,0.321,0.321,0.321,0.00000000,1764763199999,0.00000000,0,0.00000000,0.00000000,0
2025-12-03 12:00:00,0.325,0.325,0.313,0.321,97.73000000,1764777599999,31.46957000,3,79.34000000,25.71350000,0
2025-12-03 16:00:00,0.325,0.326,0.325,0.326,46.16000000,1764791999999,15.02000000,2,46.16000000,15.02000000,0
2025-12-03 20:00:00,0.328,0.331,0.319,0.331,1403.79000000,1764806399999,451.32099000,6,245.40000000,80.55128000,0
2025-12-04 00:00:00,0.324,0.324,0.324,0.324,90.95000000,1764820799999,29.46780000,1,0.00000000,0.00000000,0
2025-12-04 04:00:00,0.324,0.324,0.324,0.324,92.59000000,1764835199999,29.99916000,2,0.00000000,0.00000000,0
2025-12-04 08:00:00,0.324,0.324,0.324,0.324,0.00000000,1764849599999,0.00000000,0,0.00000000,0.00000000,0
2025-12-04 12:00:00,0.323,0.323,0.323,0.323,18.37000000,1764863999999,5.93351000,1,0.00000000,0.00000000,0
2025-12-04 16:00:00,0.321,0.321,0.314,0.314,2028.89000000,1764878399999,646.63210000,6,0.00000000,0.00000000,0
2025-12-04 20:00:00,0.314,0.314,0.314,0.314,0.00000000,1764892799999,0.00000000,0,0.00000000,0.00000000,0
2025-12-05 00:00:00,0.314,0.314,0.314,0.314,0.00000000,1764907199999,0.00000000,0,0.00000000,0.00000000,0
2025-12-05 04:00:00,0.314,0.314,0.314,0.314,0.00000000,1764921599999,0.00000000,0,0.00000000,0.00000000,0
2025-12-05 08:00:00,0.314,0.314,0.314,0.314,6.99000000,1764935999999,2.19486000,1,0.00000000,0.00000000,0
2025-12-05 12:00:00,0.313,0.313,0.313,0.313,18.39000000,1764950399999,5.75607000,1,0.00000000,0.00000000,0
2025-12-05 16:00:00,0.309,0.309,0.295,0.295,464.78000000,1764964799999,141.48802000,8,228.20000000,70.28560000,0
2025-12-05 20:00:00,0.295,0.295,0.295,0.295,0.00000000,1764979199999,0.00000000,0,0.00000000,0.00000000,0
2025-12-06 00:00:00,0.295,0.295,0.295,0.295,0.00000000,1764993599999,0.00000000,0,0.00000000,0.00000000,0
2025-12-06 04:00:00,0.295,0.295,0.295,0.295,0.00000000,1765007999999,0.00000000,0,0.00000000,0.00000000,0
2025-12-06 08:00:00,0.298,0.298,0.298,0.298,148.13000000,1765022399999,44.14274000,2,0.00000000,0.00000000,0
2025-12-06 12:00:00,0.306,0.306,0.306,0.306,18.00000000,1765036799999,5.50800000,1,18.00000000,5.50800000,0
2025-12-06 16:00:00,0.311,0.316,0.311,0.316,36.00000000,1765051199999,11.28600000,2,36.00000000,11.28600000,0
2025-12-06 20:00:00,0.316,0.316,0.316,0.316,0.00000000,1765065599999,0.00000000,0,0.00000000,0.00000000,0
2025-12-07 00:00:00,0.316,0.316,0.316,0.316,0.00000000,1765079999999,0.00000000,0,0.00000000,0.00000000,0
2025-12-07 04:00:00,0.321,0.321,0.321,0.321,18.00000000,1765094399999,5.77800000,1,18.00000000,5.77800000,0
2025-12-07 08:00:00,0.313,0.313,0.313,0.313,18.39000000,1765108799999,5.75607000,1,0.00000000,0.00000000,0
2025-12-07 12:00:00,0.308,0.308,0.298,0.306,73.20000000,1765123199999,22.23350000,4,18.00000000,5.50800000,0
2025-12-07 16:00:00,0.311,0.311,0.308,0.308,106.33000000,1765137599999,32.80364000,2,18.00000000,5.59800000,0
2025-12-07 20:00:00,0.316,0.316,0.303,0.305,83.13000000,1765151999999,25.57102000,4,46.34000000,14.33170000,0
2025-12-08 00:00:00,0.309,0.315,0.309,0.315,457.79000000,1765166399999,143.96181000,3,457.79000000,143.96181000,0
2025-12-08 04:00:00,0.316,0.321,0.316,0.321,100.44000000,1765180799999,31.82904000,3,100.44000000,31.82904000,0
2025-12-08 08:00:00,0.326,0.326,0.326,0.326,51.78000000,1765195199999,16.88028000,2,51.78000000,16.88028000,0
2025-12-08 12:00:00,0.328,0.328,0.328,0.328,9.11000000,1765209599999,2.98808000,1,9.11000000,2.98808000,0
2025-12-08 16:00:00,0.319,0.319,0.318,0.318,609.44000000,1765223999999,194.39298000,7,0.00000000,0.00000000,0
2025-12-08 20:00:00,0.318,0.318,0.318,0.318,0.00000000,1765238399999,0.00000000,0,0.00000000,0.00000000,0
2025-12-09 00:00:00,0.318,0.318,0.318,0.318,0.00000000,1765252799999,0.00000000,0,0.00000000,0.00000000,0
2025-12-09 04:00:00,0.314,0.314,0.314,0.314,92.22000000,1765267199999,28.95708000,1,0.00000000,0.00000000,0
2025-12-09 08:00:00,0.314,0.314,0.314,0.314,0.00000000,1765281599999,0.00000000,0,0.00000000,0.00000000,0
2025-12-09 12:00:00,0.326,0.331,0.326,0.331,167.41000000,1765295999999,55.32271000,4,167.41000000,55.32271000,0
2025-12-09 16:00:00,0.335,0.348,0.335,0.341,1360.05000000,1765310399999,463.90466000,9,1305.15000000,445.00239000,0
2025-12-09 20:00:00,0.341,0.341,0.333,0.333,81.57000000,1765324799999,27.63169000,3,0.00000000,0.00000000,0
2025-12-10 00:00:00,0.333,0.333,0.333,0.333,0.00000000,1765339199999,0.00000000,0,0.00000000,0.00000000,0
2025-12-10 04:00:00,0.333,0.333,0.333,0.333,0.00000000,1765353599999,0.00000000,0,0.00000000,0.00000000,0
2025-12-10 08:00:00,0.329,0.329,0.328,0.328,317.48000000,1765367999999,104.15092000,4,183.90000000,60.31920000,0
2025-12-10 12:00:00,0.334,0.334,0.334,0.334,373.97000000,1765382399999,124.90598000,1,373.97000000,124.90598000,0
2025-12-10 16:00:00,0.335,0.336,0.335,0.336,30.00000000,1765396799999,10.06800000,2,30.00000000,10.06800000,0
2025-12-10 20:00:00,0.341,0.341,0.323,0.329,1307.70000000,1765411199999,434.10941000,16,124.42000000,41.15018000,0
2025-12-11 00:00:00,0.318,0.318,0.307,0.307,466.62000000,1765425599999,146.47627000,9,211.99000000,67.09478000,0
2025-12-11 04:00:00,0.307,0.307,0.307,0.307,0.00000000,1765439999999,0.00000000,0,0.00000000,0.00000000,0
2025-12-11 08:00:00,0.307,0.307,0.307,0.307,0.00000000,1765454399999,0.00000000,0,0.00000000,0.00000000,0
2025-12-11 12:00:00,0.303,0.303,0.3,0.3,644.02000000,1765468799999,193.55906000,11,0.00000000,0.00000000,0
2025-12-11 16:00:00,0.311,0.312,0.311,0.312,2506.28000000,1765483199999,779.49620000,12,2506.28000000,779.49620000,0
2025-12-11 20:00:00,0.316,0.321,0.313,0.313,160.46000000,1765497599999,50.84626000,4,142.07000000,45.09019000,0
2025-12-12 00:00:00,0.309,0.309,0.309,0.309,300.00000000,1765511999999,92.70000000,1,0.00000000,0.00000000,0
2025-12-12 04:00:00,0.315,0.315,0.311,0.311,20.03000000,1765526399999,6.27733000,2,12.00000000,3.78000000,0
2025-12-12 08:00:00,0.31,0.31,0.31,0.31,14.46000000,1765540799999,4.48260000,1,0.00000000,0.00000000,0
2025-12-12 12:00:00,0.321,0.321,0.302,0.302,772.92000000,1765555199999,235.00036000,8,18.00000000,5.77800000,0
2025-12-12 16:00:00,0.301,0.303,0.296,0.303,996.82000000,1765569599999,297.48724000,10,201.85000000,60.91632000,0
2025-12-12 20:00:00,0.306,0.308,0.306,0.308,72.38000000,1765583999999,22.25704000,2,72.38000000,22.25704000,0
2025-12-13 00:00:00,0.304,0.311,0.304,0.311,538.87000000,1765598399999,164.43562000,5,97.37000000,30.21962000,0
2025-12-13 04:00:00,0.311,0.311,0.311,0.311,0.00000000,1765612799999,0.00000000,0,0.00000000,0.00000000,0
2025-12-13 08:00:00,0.312,0.314,0.312,0.314,103.75000000,1765627199999,32.47876000,2,103.75000000,32.47876000,0
2025-12-13 12:00:00,0.316,0.316,0.316,0.316,18.00000000,1765641599999,5.68800000,1,18.00000000,5.68800000,0
2025-12-13 16:00:00,0.317,0.32,0.31,0.31,747.87000000,1765655999999,238.81216000,3,729.01000000,232.96556000,0
2025-12-13 20:00:00,0.317,0.317,0.317,0.317,628.96000000,1765670399999,199.38032000,1,628.96000000,199.38032000,0
2025-12-14 00:00:00,0.317,0.317,0.317,0.317,2731.27000000,1765684799999,865.81259000,5,2731.27000000,865.81259000,0
2025-12-14 04:00:00,0.308,0.308,0.304,0.304,1009.12000000,1765699199999,308.12494000,10,0.00000000,0.00000000,0
2025-12-14 08:00:00,0.304,0.304,0.303,0.303,92.08000000,1765713599999,27.92408000,3,0.00000000,0.00000000,0
2025-12-14 12:00:00,0.303,0.303,0.303,0.303,0.00000000,1765727999999,0.00000000,0,0.00000000,0.00000000,0
2025-12-14 16:00:00,0.302,0.302,0.301,0.301,223.58000000,1765742399999,67.40373000,3,0.00000000,0.00000000,0
2025-12-14 20:00:00,0.3,0.302,0.298,0.298,1444.78000000,1765756799999,434.52281000,11,19.18000000,5.79236000,0
2025-12-15 00:00:00,0.306,0.312,0.306,0.308,236.64000000,1765771199999,73.15974000,7,218.69000000,67.63114000,0
2025-12-15 04:00:00,0.314,0.314,0.314,0.314,54.38000000,1765785599999,17.07532000,1,54.38000000,17.07532000,0
2025-12-15 08:00:00,0.314,0.314,0.314,0.314,0.00000000,1765799999999,0.00000000,0,0.00000000,0.00000000,0
2025-12-15 12:00:00,0.316,0.316,0.292,0.292,1013.10000000,1765814399999,299.88847000,15,18.00000000,5.68800000,0
2025-12-15 16:00:00,0.291,0.291,0.283,0.289,998.60000000,1765828799999,286.35877000,18,285.41000000,81.05063000,0
2025-12-15 20:00:00,0.288,0.29,0.288,0.29,161.40000000,1765843199999,46.62675000,5,161.40000000,46.62675000,0
2025-12-16 00:00:00,0.29,0.29,0.29,0.29,0.00000000,1765857599999,0.00000000,0,0.00000000,0.00000000,0
2025-12-16 04:00:00,0.291,0.291,0.282,0.282,523.02000000,1765871999999,150.31801000,3,312.00000000,90.79200000,0
2025-12-16 08:00:00,0.29,0.295,0.29,0.295,133.68000000,1765886399999,39.29122000,4,133.68000000,39.29122000,0
2025-12-16 12:00:00,0.295,0.295,0.295,0.295,0.00000000,1765900799999,0.00000000,0,0.00000000,0.00000000,0
2025-12-16 16:00:00,0.299,0.299,0.289,0.299,871.39000000,1765915199999,257.81861000,5,598.69000000,179.00831000,0
2025-12-16 20:00:00,0.299,0.299,0.299,0.299,0.00000000,1765929599999,0.00000000,0,0.00000000,0.00000000,0
2025-12-17 00:00:00,0.299,0.299,0.299,0.299,0.00000000,1765943999999,0.00000000,0,0.00000000,0.00000000,0
2025-12-17 04:00:00,0.299,0.299,0.299,0.299,0.00000000,1765958399999,0.00000000,0,0.00000000,0.00000000,0
2025-12-17 08:00:00,0.288,0.288,0.287,0.287,158.71000000,1765972799999,45.61178000,4,0.00000000,0.00000000,0
2025-12-17 12:00:00,0.294,0.304,0.288,0.288,621.01000000,1765987199999,183.76191000,15,336.86000000,101.02802000,0
2025-12-17 16:00:00,0.287,0.287,0.273,0.275,809.74000000,1766001599999,224.69182000,17,311.04000000,85.24296000,0
2025-12-17 20:00:00,0.279,0.279,0.269,0.269,560.96000000,1766015999999,155.04384000,3,414.56000000,115.66224000,0
2025-12-18 00:00:00,0.27,0.27,0.27,0.27,603.21000000,1766030399999,162.86670000,3,0.00000000,0.00000000,0
2025-12-18 04:00:00,0.268,0.27,0.268,0.27,19124.98000000,1766044799999,5161.54115000,44,40.95000000,11.03355000,0
2025-12-18 08:00:00,0.271,0.271,0.271,0.271,4.78000000,1766059199999,1.29538000,1,0.00000000,0.00000000,0
2025-12-18 12:00:00,0.271,0.285,0.271,0.285,234.54000000,1766073599999,64.70246000,6,132.45000000,37.03607000,0
2025-12-18 16:00:00,0.278,0.278,0.257,0.257,829.32000000,1766087999999,220.90216000,17,211.30000000,56.75170000,0
2025-12-18 20:00:00,0.26,0.264,0.26,0.264,87.16000000,1766102399999,22.87932000,3,87.16000000,22.87932000,0
2025-12-19 00:00:00,0.257,0.269,0.257,0.269,252.96000000,1766116799999,66.66643000,5,203.03000000,53.83442000,0
2025-12-19 04:00:00,0.26,0.27,0.26,0.27,1235.93000000,1766131199999,326.81040000,6,18.00000000,4.86000000,0
2025-12-19 08:00:00,0.264,0.266,0.264,0.266,164.59000000,1766145599999,43.52714000,2,0.00000000,0.00000000,0
2025-12-19 12:00:00,0.269,0.279,0.269,0.273,597.97000000,1766159999999,163.93563000,9,505.32000000,138.64218000,0
2025-12-19 16:00:00,0.28,0.281,0.273,0.28,64.41000000,1766174399999,17.91609000,4,46.02000000,12.89562000,0
2025-12-19 20:00:00,0.28,0.28,0.28,0.28,0.00000000,1766188799999,0.00000000,0,0.00000000,0.00000000,0
2025-12-20 00:00:00,0.28,0.28,0.28,0.28,0.00000000,1766203199999,0.00000000,0,0.00000000,0.00000000,0
2025-12-20 04:00:00,0.28,0.28,0.28,0.28,0.00000000,1766217599999,0.00000000,0,0.00000000,0.00000000,0
2025-12-20 08:00:00,0.278,0.278,0.278,0.278,9.57000000,1766231999999,2.66046000,1,0.00000000,0.00000000,0
2025-12-20 12:00:00,0.278,0.278,0.278,0.278,0.00000000,1766246399999,0.00000000,0,0.00000000,0.00000000,0
2025-12-20 16:00:00,0.278,0.278,0.278,0.278,0.00000000,1766260799999,0.00000000,0,0.00000000,0.00000000,0
2025-12-20 20:00:00,0.278,0.278,0.278,0.278,0.00000000,1766275199999,0.00000000,0,0.00000000,0.00000000,0
2025-12-21 00:00:00,0.278,0.278,0.278,0.278,0.00000000,1766289599999,0.00000000,0,0.00000000,0.00000000,0
2025-12-21 04:00:00,0.275,0.28,0.274,0.28,524.63000000,1766303999999,144.13250000,5,195.00000000,53.62500000,0
2025-12-21 08:00:00,0.28,0.28,0.28,0.28,0.00000000,1766318399999,0.00000000,0,0.00000000,0.00000000,0
2025-12-21 12:00:00,0.273,0.273,0.264,0.264,136.64000000,1766332799999,36.66154000,4,0.00000000,0.00000000,0
2025-12-21 16:00:00,0.266,0.271,0.266,0.271,308.68000000,1766347199999,82.43167000,4,49.93000000,13.53103000,0
2025-12-21 20:00:00,0.268,0.269,0.265,0.265,16438.63000000,1766361599999,4387.22747000,4,10091.07000000,2704.49783000,0
2025-12-22 00:00:00,0.275,0.279,0.269,0.269,849.33000000,1766375999999,229.49139000,10,172.75000000,47.39151000,0
2025-12-22 04:00:00,0.276,0.276,0.276,0.276,103.30000000,1766390399999,28.51080000,1,103.30000000,28.51080000,0
2025-12-22 08:00:00,0.277,0.279,0.277,0.279,280.98000000,1766404799999,77.93132000,2,280.98000000,77.93132000,0
2025-12-22 12:00:00,0.276,0.276,0.276,0.276,37.28000000,1766419199999,10.28928000,1,0.00000000,0.00000000,0
2025-12-22 16:00:00,0.271,0.271,0.271,0.271,49.93000000,1766433599999,13.53103000,1,0.00000000,0.00000000,0
2025-12-22 20:00:00,0.271,0.271,0.271,0.271,0.00000000,1766447999999,0.00000000,0,0.00000000,0.00000000,0
2025-12-23 00:00:00,0.271,0.271,0.271,0.271,0.00000000,1766462399999,0.00000000,0,0.00000000,0.00000000,0
2025-12-23 04:00:00,0.268,0.268,0.268,0.268,124.57000000,1766476799999,33.38476000,3,0.00000000,0.00000000,0
2025-12-23 08:00:00,0.268,0.268,0.268,0.268,0.00000000,1766491199999,0.00000000,0,0.00000000,0.00000000,0
2025-12-23 12:00:00,0.264,0.264,0.263,0.263,176.13000000,1766505599999,46.47991000,5,0.00000000,0.00000000,0
2025-12-23 16:00:00,0.27,0.271,0.265,0.271,77.44000000,1766519999999,20.91118000,3,67.93000000,18.39103000,0
2025-12-23 20:00:00,0.271,0.271,0.271,0.271,0.00000000,1766534399999,0.00000000,0,0.00000000,0.00000000,0
2025-12-24 00:00:00,0.271,0.271,0.271,0.271,0.00000000,1766548799999,0.00000000,0,0.00000000,0.00000000,0
2025-12-24 04:00:00,0.264,0.264,0.263,0.263,68.34000000,1766563199999,18.02335000,2,0.00000000,0.00000000,0
2025-12-24 08:00:00,0.263,0.263,0.263,0.263,0.00000000,1766577599999,0.00000000,0,0.00000000,0.00000000,0
2025-12-24 12:00:00,0.263,0.263,0.263,0.263,0.00000000,1766591999999,0.00000000,0,0.00000000,0.00000000,0
2025-12-24 16:00:00,0.263,0.263,0.263,0.263,0.00000000,1766606399999,0.00000000,0,0.00000000,0.00000000,0
2025-12-24 20:00:00,0.263,0.263,0.263,0.263,0.00000000,1766620799999,0.00000000,0,0.00000000,0.00000000,0
2025-12-25 00:00:00,0.263,0.263,0.263,0.263,0.00000000,1766635199999,0.00000000,0,0.00000000,0.00000000,0
2025-12-25 04:00:00,0.263,0.263,0.263,0.263,0.00000000,1766649599999,0.00000000,0,0.00000000,0.00000000,0
2025-12-25 08:00:00,0.263,0.263,0.263,0.263,0.00000000,1766663999999,0.00000000,0,0.00000000,0.00000000,0
2025-12-25 12:00:00,0.263,0.263,0.263,0.263,200.76000000,1766678399999,52.79988000,1,200.76000000,52.79988000,0
2025-12-25 16:00:00,0.259,0.259,0.259,0.259,128.21000000,1766692799999,33.20639000,3,0.00000000,0.00000000,0
2025-12-25 20:00:00,0.264,0.264,0.252,0.252,712.82000000,1766707199999,184.43927000,11,326.88000000,86.17032000,0
2025-12-26 00:00:00,0.254,0.265,0.254,0.265,392.95000000,1766721599999,100.63260000,4,85.93000000,22.64952000,0
2025-12-26 04:00:00,0.265,0.265,0.265,0.265,0.00000000,1766735999999,0.00000000,0,0.00000000,0.00000000,0
2025-12-26 08:00:00,0.264,0.264,0.264,0.264,6.15000000,1766750399999,1.62360000,1,0.00000000,0.00000000,0
2025-12-26 12:00:00,0.27,0.272,0.263,0.263,399.00000000,1766764799999,107.19002000,8,254.44000000,68.96835000,0
2025-12-26 16:00:00,0.263,0.263,0.263,0.263,76.04000000,1766779199999,19.99852000,1,76.04000000,19.99852000,0
2025-12-26 20:00:00,0.263,0.263,0.263,0.263,0.00000000,1766793599999,0.00000000,0,0.00000000,0.00000000,0
2025-12-27 00:00:00,0.27,0.271,0.27,0.271,67.93000000,1766807999999,18.39103000,2,67.93000000,18.39103000,0
2025-12-27 04:00:00,0.271,0.271,0.271,0.271,0.00000000,1766822399999,0.00000000,0,0.00000000,0.00000000,0
2025-12-27 08:00:00,0.271,0.271,0.271,0.271,0.00000000,1766836799999,0.00000000,0,0.00000000,0.00000000,0
2025-12-27 12:00:00,0.275,0.275,0.275,0.275,81.49000000,1766851199999,22.40975000,2,81.49000000,22.40975000,0
2025-12-27 16:00:00,0.275,0.275,0.275,0.275,0.00000000,1766865599999,0.00000000,0,0.00000000,0.00000000,0
2025-12-27 20:00:00,0.276,0.279,0.276,0.279,157.69000000,1766879999999,43.67223000,2,157.69000000,43.67223000,0
2025-12-28 00:00:00,0.276,0.276,0.276,0.276,485.54000000,1766894399999,134.00904000,1,0.00000000,0.00000000,0
2025-12-28 04:00:00,0.276,0.276,0.276,0.276,0.00000000,1766908799999,0.00000000,0,0.00000000,0.00000000,0
2025-12-28 08:00:00,0.279,0.279,0.279,0.279,50.00000000,1766923199999,13.95000000,1,50.00000000,13.95000000,0
2025-12-28 12:00:00,0.279,0.279,0.279,0.279,0.00000000,1766937599999,0.00000000,0,0.00000000,0.00000000,0
2025-12-28 16:00:00,0.273,0.273,0.271,0.271,97.54000000,1766951999999,26.52856000,2,47.61000000,12.99753000,0
2025-12-28 20:00:00,0.272,0.272,0.272,0.272,295.20000000,1766966399999,80.29440000,1,295.20000000,80.29440000,0
2025-12-29 00:00:00,0.275,0.281,0.275,0.281,391.92000000,1766980799999,108.67648000,5,169.39000000,47.48073000,0
2025-12-29 04:00:00,0.281,0.281,0.281,0.281,0.00000000,1766995199999,0.00000000,0,0.00000000,0.00000000,0
2025-12-29 08:00:00,0.281,0.281,0.281,0.281,0.00000000,1767009599999,0.00000000,0,0.00000000,0.00000000,0
2025-12-29 12:00:00,0.273,0.273,0.27,0.27,73.52000000,1767023999999,19.95550000,3,0.00000000,0.00000000,0
2025-12-29 16:00:00,0.27,0.27,0.27,0.27,0.00000000,1767038399999,0.00000000,0,0.00000000,0.00000000,0
2025-12-29 20:00:00,0.269,0.273,0.269,0.273,1212.87000000,1767052799999,326.46439000,10,50.59000000,13.81107000,0
2025-12-30 00:00:00,0.27,0.27,0.268,0.268,429.42000000,1767067199999,115.86529000,4,369.70000000,99.81900000,0
2025-12-30 04:00:00,0.268,0.268,0.268,0.268,0.00000000,1767081599999,0.00000000,0,0.00000000,0.00000000,0
2025-12-30 08:00:00,0.275,0.275,0.273,0.273,120.00000000,1767095999999,32.79600000,2,18.00000000,4.95000000,0
2025-12-30 12:00:00,0.275,0.275,0.275,0.275,20.14000000,1767110399999,5.53850000,1,20.14000000,5.53850000,0
2025-12-30 16:00:00,0.272,0.272,0.272,0.272,51.04000000,1767124799999,13.88288000,1,51.04000000,13.88288000,0
2025-12-30 20:00:00,0.272,0.273,0.271,0.271,403.37000000,1767139199999,109.91212000,4,354.65000000,96.70900000,0
2025-12-31 00:00:00,0.271,0.271,0.271,0.271,341.98000000,1767153599999,92.67658000,3,0.00000000,0.00000000,0
2025-12-31 04:00:00,0.269,0.269,0.269,0.269,130.00000000,1767167999999,34.97000000,1,0.00000000,0.00000000,0
2025-12-31 08:00:00,0.269,0.269,0.269,0.269,5.46000000,1767182399999,1.46874000,1,0.00000000,0.00000000,0
2025-12-31 12:00:00,0.268,0.268,0.265,0.265,2932.63000000,1767196799999,777.20215000,3,0.00000000,0.00000000,0
2025-12-31 16:00:00,0.265,0.268,0.263,0.268,420.98000000,1767211199999,111.65058000,4,59.21000000,15.86828000,0
2025-12-31 20:00:00,0.268,0.269,0.262,0.269,1167.79000000,1767225599999,308.06739000,7,60.02000000,16.14538000,0
2026-01-01 00:00:00,0.27,0.271,0.266,0.271,2459.68000000,1767239999999,663.76718000,12,2387.92000000,644.67902000,0
2026-01-01 04:00:00,0.271,0.271,0.271,0.271,50.58000000,1767254399999,13.70718000,2,50.58000000,13.70718000,0
2026-01-01 08:00:00,0.271,0.274,0.271,0.274,259.25000000,1767268799999,70.80446000,2,259.25000000,70.80446000,0
2026-01-01 12:00:00,0.275,0.28,0.275,0.28,485.93000000,1767283199999,135.12047000,4,485.93000000,135.12047000,0
2026-01-01 16:00:00,0.285,0.29,0.282,0.29,877.15000000,1767297599999,250.57444000,11,587.47000000,168.80228000,0
2026-01-01 20:00:00,0.293,0.336,0.292,0.3,5553.73000000,1767311999999,1655.14589000,52,5198.29000000,1547.20198000,0
2026-01-02 00:00:00,0.3,0.3,0.3,0.3,0.00000000,1767326399999,0.00000000,0,0.00000000,0.00000000,0
2026-01-02 04:00:00,0.303,0.303,0.303,0.303,51.15000000,1767340799999,15.49845000,1,51.15000000,15.49845000,0
2026-01-02 08:00:00,0.303,0.303,0.303,0.303,0.00000000,1767355199999,0.00000000,0,0.00000000,0.00000000,0
2026-01-02 12:00:00,0.303,0.303,0.303,0.303,0.00000000,1767369599999,0.00000000,0,0.00000000,0.00000000,0
2026-01-02 16:00:00,0.305,0.305,0.305,0.305,388.47000000,1767383999999,118.48335000,4,388.47000000,118.48335000,0
2026-01-02 20:00:00,0.305,0.307,0.301,0.301,227.83000000,1767398399999,69.37969000,6,159.67000000,48.86353000,0
2026-01-03 00:00:00,0.307,0.307,0.307,0.307,29.07000000,1767412799999,8.92449000,1,29.07000000,8.92449000,0
2026-01-03 04:00:00,0.307,0.307,0.307,0.307,0.00000000,1767427199999,0.00000000,0,0.00000000,0.00000000,0
2026-01-03 08:00:00,0.307,0.307,0.307,0.307,0.00000000,1767441599999,0.00000000,0,0.00000000,0.00000000,0
2026-01-03 12:00:00,0.307,0.307,0.307,0.307,0.00000000,1767455999999,0.00000000,0,0.00000000,0.00000000,0
2026-01-03 16:00:00,0.305,0.305,0.305,0.305,89.29000000,1767470399999,27.23345000,1,0.00000000,0.00000000,0
2026-01-03 20:00:00,0.311,0.311,0.311,0.311,33.86000000,1767484799999,10.53046000,2,33.86000000,10.53046000,0
2026-01-04 00:00:00,0.314,0.315,0.314,0.315,199.09000000,1767499199999,62.61548000,3,199.09000000,62.61548000,0
2026-01-04 04:00:00,0.316,0.316,0.316,0.316,18.00000000,1767513599999,5.68800000,1,18.00000000,5.68800000,0
2026-01-04 08:00:00,0.318,0.318,0.318,0.318,64.90000000,1767527999999,20.63820000,1,64.90000000,20.63820000,0
2026-01-04 12:00:00,0.321,0.321,0.321,0.321,114.33000000,1767542399999,36.69993000,3,114.33000000,36.69993000,0
2026-01-04 16:00:00,0.324,0.324,0.322,0.322,1062.82000000,1767556799999,342.38214000,4,136.89000000,44.23268000,0
2026-01-04 20:00:00,0.315,0.315,0.315,0.315,64.77000000,1767571199999,20.40255000,1,0.00000000,0.00000000,0
2026-01-05 00:00:00,0.324,0.324,0.315,0.323,520.75000000,1767585599999,167.62620000,4,338.75000000,109.75500000,0
2026-01-05 04:00:00,0.314,0.314,0.314,0.314,49.93000000,1767599999999,15.67802000,1,0.00000000,0.00000000,0
2026-01-05 08:00:00,0.313,0.313,0.311,0.311,25.92000000,1767614399999,8.09790000,2,0.00000000,0.00000000,0
2026-01-05 12:00:00,0.321,0.321,0.321,0.321,67.93000000,1767628799999,21.80553000,2,67.93000000,21.80553000,0
2026-01-05 16:00:00,0.325,0.33,0.323,0.33,462.15000000,1767643199999,150.69527000,8,373.41000000,122.03225000,0
2026-01-05 20:00:00,0.33,0.331,0.33,0.331,1423.61000000,1767657599999,470.01390000,5,1423.61000000,470.01390000,0
2026-01-06 00:00:00,0.333,0.333,0.333,0.333,150.01000000,1767671999999,49.95333000,1,150.01000000,49.95333000,0
2026-01-06 04:00:00,0.324,0.324,0.324,0.324,132.13000000,1767686399999,42.81012000,1,0.00000000,0.00000000,0
2026-01-06 08:00:00,0.333,0.333,0.333,0.333,90.33000000,1767700799999,30.07989000,1,90.33000000,30.07989000,0
2026-01-06 12:00:00,0.334,0.339,0.327,0.328,407.66000000,1767715199999,135.67647000,13,157.48000000,52.77534000,0
2026-01-06 16:00:00,0.323,0.325,0.318,0.325,253.36000000,1767729599999,81.34807000,5,166.68000000,53.54219000,0
2026-01-06 20:00:00,0.326,0.331,0.326,0.331,85.93000000,1767743999999,28.25297000,3,85.93000000,28.25297000,0
2026-01-07 00:00:00,0.323,0.323,0.322,0.322,68.54000000,1767758399999,22.08825000,2,0.00000000,0.00000000,0
2026-01-07 04:00:00,0.322,0.322,0.322,0.322,0.00000000,1767772799999,0.00000000,0,0.00000000,0.00000000,0
2026-01-07 08:00:00,0.331,0.331,0.331,0.331,18.00000000,1767787199999,5.95800000,1,18.00000000,5.95800000,0
2026-01-07 12:00:00,0.332,0.332,0.314,0.314,242.14000000,1767801599999,78.30151000,6,105.53000000,34.81761000,0
2026-01-07 16:00:00,0.314,0.314,0.314,0.314,0.00000000,1767815999999,0.00000000,0,0.00000000,0.00000000,0
2026-01-07 20:00:00,0.314,0.314,0.314,0.314,0.00000000,1767830399999,0.00000000,0,0.00000000,0.00000000,0
2026-01-08 00:00:00,0.313,0.313,0.313,0.313,18.38000000,1767844799999,5.75294000,1,0.00000000,0.00000000,0
2026-01-08 04:00:00,0.313,0.313,0.313,0.313,0.00000000,1767859199999,0.00000000,0,0.00000000,0.00000000,0
2026-01-08 08:00:00,0.308,0.308,0.308,0.308,50.45000000,1767873599999,15.53860000,2,0.00000000,0.00000000,0
2026-01-08 12:00:00,0.307,0.319,0.307,0.319,315.16000000,1767887999999,99.63323000,5,265.23000000,84.30472000,0
2026-01-08 16:00:00,0.32,0.32,0.319,0.32,863.79000000,1767902399999,276.31356000,11,764.55000000,244.65600000,0
2026-01-08 20:00:00,0.32,0.32,0.32,0.32,0.00000000,1767916799999,0.00000000,0,0.00000000,0.00000000,0
2026-01-09 00:00:00,0.32,0.32,0.32,0.32,0.00000000,1767931199999,0.00000000,0,0.00000000,0.00000000,0
2026-01-09 04:00:00,0.317,0.317,0.317,0.317,153.43000000,1767945599999,48.63731000,1,153.43000000,48.63731000,0
2026-01-09 08:00:00,0.317,0.317,0.317,0.317,0.00000000,1767959999999,0.00000000,0,0.00000000,0.00000000,0
2026-01-09 12:00:00,0.311,0.321,0.309,0.321,184.39000000,1767974399999,57.99525000,5,67.93000000,21.80553000,0
2026-01-09 16:00:00,0.323,0.323,0.313,0.313,81.31000000,1767988799999,25.62996000,3,13.00000000,4.19900000,0
2026-01-09 20:00:00,0.313,0.313,0.313,0.313,0.00000000,1768003199999,0.00000000,0,0.00000000,0.00000000,0
2026-01-10 00:00:00,0.313,0.313,0.313,0.313,0.00000000,1768017599999,0.00000000,0,0.00000000,0.00000000,0
2026-01-10 04:00:00,0.313,0.313,0.313,0.313,0.00000000,1768031999999,0.00000000,0,0.00000000,0.00000000,0
2026-01-10 08:00:00,0.315,0.321,0.315,0.321,77.64000000,1768046399999,24.86418000,3,67.93000000,21.80553000,0
2026-01-10 12:00:00,0.326,0.326,0.326,0.326,324.29000000,1768060799999,105.71854000,2,324.29000000,105.71854000,0
2026-01-10 16:00:00,0.326,0.326,0.326,0.326,0.00000000,1768075199999,0.00000000,0,0.00000000,0.00000000,0
2026-01-10 20:00:00,0.318,0.318,0.318,0.318,18.38000000,1768089599999,5.84484000,1,0.00000000,0.00000000,0
2026-01-11 00:00:00,0.32,0.321,0.319,0.321,367.33000000,1768103999999,117.57149000,3,356.22000000,114.02740000,0
2026-01-11 04:00:00,0.321,0.343,0.317,0.319,23149.46000000,1768118399999,7476.42039000,79,11520.89000000,3766.35664000,0
2026-01-11 08:00:00,0.323,0.328,0.32,0.32,7227.89000000,1768132799999,2336.98354000,14,3621.19000000,1182.83954000,0
2026-01-11 12:00:00,0.319,0.319,0.318,0.318,117.62000000,1768147199999,37.50240000,2,0.00000000,0.00000000,0
2026-01-11 16:00:00,0.318,0.318,0.318,0.318,0.00000000,1768161599999,0.00000000,0,0.00000000,0.00000000,0
2026-01-11 20:00:00,0.314,0.314,0.313,0.313,861.34000000,1768175999999,270.44237000,4,0.00000000,0.00000000,0
2026-01-12 00:00:00,0.312,0.331,0.312,0.331,699.00000000,1768190399999,223.38371000,10,311.05000000,101.58266000,0
2026-01-12 04:00:00,0.323,0.323,0.319,0.319,185.51000000,1768204799999,59.40494000,4,0.00000000,0.00000000,0
2026-01-12 08:00:00,0.318,0.32,0.312,0.32,174.96000000,1768219199999,54.85357000,5,4.69000000,1.50080000,0
2026-01-12 12:00:00,0.317,0.317,0.305,0.315,368.08000000,1768233599999,114.59811000,9,123.05000000,38.74206000,0
2026-01-12 16:00:00,0.316,0.319,0.316,0.319,87.28000000,1768247999999,27.75848000,4,57.44000000,18.26936000,0
2026-01-12 20:00:00,0.308,0.308,0.308,0.308,18.39000000,1768262399999,5.66412000,1,0.00000000,0.00000000,0
2026-01-13 00:00:00,0.31,0.311,0.31,0.311,108.60000000,1768276799999,33.72030000,2,108.60000000,33.72030000,0
2026-01-13 04:00:00,0.316,0.316,0.316,0.316,18.00000000,1768291199999,5.68800000,1,18.00000000,5.68800000,0
2026-01-13 08:00:00,0.321,0.327,0.321,0.327,251.29000000,1768305599999,80.89255000,6,251.29000000,80.89255000,0
2026-01-13 12:00:00,0.329,0.343,0.329,0.343,641.85000000,1768319999999,214.92180000,19,612.01000000,205.00804000,0
2026-01-13 16:00:00,0.348,0.364,0.342,0.354,2893.17000000,1768334399999,1019.29456000,29,1925.83000000,682.93183000,0
2026-01-13 20:00:00,0.363,0.376,0.363,0.376,1664.63000000,1768348799999,613.31645000,11,1664.63000000,613.31645000,0
2026-01-14 00:00:00,0.375,0.376,0.361,0.361,987.92000000,1768363199999,367.29625000,7,801.06000000,299.41650000,0
2026-01-14 04:00:00,0.358,0.365,0.358,0.365,18316.75000000,1768377599999,6685.44533000,23,908.35000000,331.54775000,0
2026-01-14 08:00:00,0.365,0.365,0.365,0.365,45258.81000000,1768391999999,16519.46565000,3,0.00000000,0.00000000,0
2026-01-14 12:00:00,0.366,0.366,0.356,0.356,143.34000000,1768406399999,51.21513000,6,5.45000000,1.99470000,0
2026-01-14 16:00:00,0.363,0.363,0.351,0.351,194.83000000,1768420799999,69.99639000,6,50.03000000,18.16089000,0
2026-01-14 20:00:00,0.351,0.351,0.351,0.351,0.00000000,1768435199999,0.00000000,0,0.00000000,0.00000000,0
2026-01-15 00:00:00,0.353,0.353,0.348,0.348,228.61000000,1768449599999,79.86309000,7,0.00000000,0.00000000,0
2026-01-15 04:00:00,0.348,0.348,0.348,0.348,0.00000000,1768463999999,0.00000000,0,0.00000000,0.00000000,0
2026-01-15 08:00:00,0.346,0.357,0.346,0.357,165.82000000,1768478399999,57.92295000,2,49.93000000,17.82501000,0
2026-01-15 12:00:00,0.36,0.364,0.343,0.343,631.87000000,1768492799999,223.02072000,16,176.59000000,64.04377000,0
2026-01-15 16:00:00,0.347,0.347,0.338,0.338,40583.85000000,1768507199999,13798.56262000,16,40241.92000000,13682.38398000,0
2026-01-15 20:00:00,0.338,0.338,0.338,0.338,0.00000000,1768521599999,0.00000000,0,0.00000000,0.00000000,0
2026-01-16 00:00:00,0.345,0.345,0.345,0.345,287.35000000,1768535999999,99.13575000,1,287.35000000,99.13575000,0
2026-01-16 04:00:00,0.337,0.344,0.337,0.344,1738.45000000,1768550399999,594.92631000,5,1652.87000000,566.08585000,0
2026-01-16 08:00:00,0.344,0.344,0.344,0.344,0.00000000,1768564799999,0.00000000,0,0.00000000,0.00000000,0
2026-01-16 12:00:00,0.336,0.336,0.326,0.326,445.99000000,1768579199999,148.01624000,10,0.00000000,0.00000000,0
2026-01-16 16:00:00,0.326,0.326,0.326,0.326,0.00000000,1768593599999,0.00000000,0,0.00000000,0.00000000,0
2026-01-16 20:00:00,0.336,0.336,0.336,0.336,67.93000000,1768607999999,22.82448000,2,67.93000000,22.82448000,0
2026-01-17 00:00:00,0.341,0.345,0.341,0.345,183.72000000,1768622399999,63.02884000,4,183.72000000,63.02884000,0
2026-01-17 04:00:00,0.345,0.345,0.345,0.345,0.00000000,1768636799999,0.00000000,0,0.00000000,0.00000000,0
2026-01-17 08:00:00,0.348,0.351,0.348,0.351,210.91000000,1768651199999,73.92548000,3,210.91000000,73.92548000,0
2026-01-17 12:00:00,0.354,0.356,0.354,0.356,112.48000000,1768665599999,39.82916000,3,112.48000000,39.82916000,0
2026-01-17 16:00:00,0.354,0.354,0.344,0.344,857.56000000,1768679999999,296.05532000,5,5.65000000,2.00010000,0
2026-01-17 20:00:00,0.344,0.344,0.344,0.344,0.00000000,1768694399999,0.00000000,0,0.00000000,0.00000000,0
2026-01-18 00:00:00,0.344,0.344,0.343,0.343,134.75000000,1768708799999,46.30407000,3,0.00000000,0.00000000,0
2026-01-18 04:00:00,0.339,0.339,0.339,0.339,18.40000000,1768723199999,6.23760000,1,0.00000000,0.00000000,0
2026-01-18 08:00:00,0.337,0.337,0.337,0.337,5.25000000,1768737599999,1.76925000,1,0.00000000,0.00000000,0
2026-01-18 12:00:00,0.337,0.337,0.337,0.337,0.00000000,1768751999999,0.00000000,0,0.00000000,0.00000000,0
2026-01-18 16:00:00,0.337,0.337,0.337,0.337,0.00000000,1768766399999,0.00000000,0,0.00000000,0.00000000,0
2026-01-18 20:00:00,0.347,0.347,0.328,0.328,268.23000000,1768780799999,90.09672000,6,69.97000000,24.27959000,0
2026-01-19 00:00:00,0.323,0.323,0.298,0.313,1260.42000000,1768795199999,388.77961000,25,674.16000000,207.47664000,0
2026-01-19 04:00:00,0.311,0.311,0.306,0.306,287.80000000,1768809599999,88.32730000,3,0.00000000,0.00000000,0
2026-01-19 08:00:00,0.306,0.306,0.306,0.306,0.00000000,1768823999999,0.00000000,0,0.00000000,0.00000000,0
2026-01-19 12:00:00,0.306,0.306,0.306,0.306,0.00000000,1768838399999,0.00000000,0,0.00000000,0.00000000,0
2026-01-19 16:00:00,0.314,0.321,0.314,0.321,135.86000000,1768852799999,43.17155000,4,135.86000000,43.17155000,0
2026-01-19 20:00:00,0.321,0.321,0.321,0.321,0.00000000,1768867199999,0.00000000,0,0.00000000,0.00000000,0
2026-01-20 00:00:00,0.321,0.321,0.321,0.321,0.00000000,1768881599999,0.00000000,0,0.00000000,0.00000000,0
2026-01-20 04:00:00,0.314,0.314,0.313,0.313,68.32000000,1768895999999,21.43409000,2,0.00000000,0.00000000,0
2026-01-20 08:00:00,0.308,0.316,0.308,0.316,42.45000000,1768910399999,13.21860000,3,18.00000000,5.68800000,0
2026-01-20 12:00:00,0.308,0.308,0.303,0.303,150.81000000,1768924799999,45.98710000,5,0.00000000,0.00000000,0
2026-01-20 16:00:00,0.3,0.3,0.298,0.298,1187.13000000,1768939199999,356.10218000,3,1118.79000000,335.63700000,0
2026-01-20 20:00:00,0.306,0.306,0.298,0.298,36.41000000,1768953599999,10.99418000,2,18.00000000,5.50800000,0
2026-01-21 00:00:00,0.306,0.314,0.306,0.314,693.60000000,1768967999999,214.52876000,6,693.60000000,214.52876000,0
2026-01-21 04:00:00,0.313,0.313,0.313,0.313,642.19000000,1768982399999,201.00547000,2,642.19000000,201.00547000,0
2026-01-21 08:00:00,0.313,0.313,0.313,0.313,0.00000000,1768996799999,0.00000000,0,0.00000000,0.00000000,0
2026-01-21 12:00:00,0.307,0.316,0.301,0.315,1566.80000000,1769011199999,483.87211000,8,859.49000000,270.63542000,0
2026-01-21 16:00:00,0.308,0.314,0.295,0.314,1285.23000000,1769025599999,388.70541000,16,265.93000000,82.08011000,0
2026-01-21 20:00:00,0.316,0.318,0.308,0.308,1062.52000000,1769039999999,336.84916000,5,1044.13000000,331.18504000,0
2026-01-22 00:00:00,0.316,0.321,0.314,0.321,126.38000000,1769054399999,40.19483000,4,85.93000000,27.49353000,0
2026-01-22 04:00:00,0.317,0.325,0.317,0.325,424.42000000,1769068799999,135.43280000,4,134.46000000,43.51548000,0
2026-01-22 08:00:00,0.314,0.314,0.313,0.313,68.32000000,1769083199999,21.43409000,2,0.00000000,0.00000000,0
2026-01-22 12:00:00,0.313,0.313,0.304,0.304,14214.53000000,1769097599999,4443.17654000,5,13526.23000000,4233.70999000,0
2026-01-22 16:00:00,0.304,0.304,0.304,0.304,3400.00000000,1769111999999,1033.60000000,1,0.00000000,0.00000000,0
2026-01-22 20:00:00,0.305,0.305,0.305,0.305,109.99000000,1769126399999,33.54695000,2,0.00000000,0.00000000,0
2026-01-23 00:00:00,0.31,0.316,0.31,0.316,191.66000000,1769140799999,59.72232000,3,67.93000000,21.36602000,0
2026-01-23 04:00:00,0.319,0.319,0.319,0.319,599.21000000,1769155199999,191.14799000,1,599.21000000,191.14799000,0
2026-01-23 08:00:00,0.308,0.313,0.308,0.313,155.26000000,1769169599999,47.96963000,4,29.91000000,9.36183000,0
2026-01-23 12:00:00,0.307,0.307,0.303,0.303,667.55000000,1769183999999,203.06658000,3,0.00000000,0.00000000,0
2026-01-23 16:00:00,0.305,0.318,0.303,0.304,62021.78000000,1769198399999,18821.63752000,20,52920.95000000,16046.82998000,0
2026-01-23 20:00:00,0.303,0.303,0.303,0.303,18.40000000,1769212799999,5.57520000,1,0.00000000,0.00000000,0
2026-01-24 00:00:00,0.303,0.303,0.303,0.303,0.00000000,1769227199999,0.00000000,0,0.00000000,0.00000000,0
2026-01-24 04:00:00,0.303,0.303,0.303,0.303,0.00000000,1769241599999,0.00000000,0,0.00000000,0.00000000,0
2026-01-24 08:00:00,0.301,0.301,0.301,0.301,4.00000000,1769255999999,1.20400000,1,0.00000000,0.00000000,0
2026-01-24 12:00:00,0.301,0.301,0.301,0.301,0.00000000,1769270399999,0.00000000,0,0.00000000,0.00000000,0
2026-01-24 16:00:00,0.301,0.301,0.301,0.301,0.00000000,1769284799999,0.00000000,0,0.00000000,0.00000000,0
2026-01-24 20:00:00,0.301,0.301,0.301,0.301,0.00000000,1769299199999,0.00000000,0,0.00000000,0.00000000,0
2026-01-25 00:00:00,0.301,0.301,0.301,0.301,0.00000000,1769313599999,0.00000000,0,0.00000000,0.00000000,0
2026-01-25 04:00:00,0.3,0.3,0.3,0.3,49.93000000,1769327999999,14.97900000,1,0.00000000,0.00000000,0
2026-01-25 08:00:00,0.299,0.299,0.299,0.299,24.20000000,1769342399999,7.23580000,1,0.00000000,0.00000000,0
2026-01-25 12:00:00,0.299,0.299,0.299,0.299,0.00000000,1769356799999,0.00000000,0,0.00000000,0.00000000,0
2026-01-25 16:00:00,0.298,0.305,0.283,0.283,1125.30000000,1769371199999,340.53317000,8,930.98000000,283.94890000,0
2026-01-25 20:00:00,0.283,0.283,0.283,0.283,0.00000000,1769385599999,0.00000000,0,0.00000000,0.00000000,0
2026-01-26 00:00:00,0.288,0.294,0.288,0.294,186.76000000,1769399999999,54.27623000,4,186.76000000,54.27623000,0
2026-01-26 04:00:00,0.295,0.295,0.295,0.295,18.00000000,1769414399999,5.31000000,1,18.00000000,5.31000000,0
2026-01-26 08:00:00,0.297,0.297,0.297,0.297,611.00000000,1769428799999,181.46700000,1,611.00000000,181.46700000,0
2026-01-26 12:00:00,0.299,0.3,0.299,0.3,104.09000000,1769443199999,31.19084000,3,104.09000000,31.19084000,0
2026-01-26 16:00:00,0.3,0.3,0.3,0.3,0.00000000,1769457599999,0.00000000,0,0.00000000,0.00000000,0
2026-01-26 20:00:00,0.3,0.3,0.3,0.3,0.00000000,1769471999999,0.00000000,0,0.00000000,0.00000000,0
2026-01-27 00:00:00,0.302,0.302,0.302,0.302,200.00000000,1769486399999,60.40000000,1,200.00000000,60.40000000,0
2026-01-27 04:00:00,0.294,0.294,0.294,0.294,44.50000000,1769500799999,13.08300000,2,0.00000000,0.00000000,0
2026-01-27 08:00:00,0.294,0.294,0.294,0.294,0.00000000,1769515199999,0.00000000,0,0.00000000,0.00000000,0
2026-01-27 12:00:00,0.293,0.293,0.293,0.293,68.29000000,1769529599999,20.00897000,3,0.00000000,0.00000000,0
2026-01-27 16:00:00,0.3,0.3,0.293,0.293,136.22000000,1769543999999,40.38797000,6,67.93000000,20.37900000,0
2026-01-27 20:00:00,0.3,0.302,0.3,0.302,398.66000000,1769558399999,120.25946000,3,398.66000000,120.25946000,0
2026-01-28 00:00:00,0.302,0.302,0.302,0.302,0.00000000,1769572799999,0.00000000,0,0.00000000,0.00000000,0
2026-01-28 04:00:00,0.303,0.303,0.303,0.303,221.12000000,1769587199999,66.99936000,1,221.12000000,66.99936000,0
2026-01-28 08:00:00,0.295,0.295,0.295,0.295,200.00000000,1769601599999,59.00000000,2,0.00000000,0.00000000,0
2026-01-28 12:00:00,0.295,0.295,0.295,0.295,0.00000000,1769615999999,0.00000000,0,0.00000000,0.00000000,0
2026-01-28 16:00:00,0.299,0.299,0.294,0.299,547.36000000,1769630399999,162.96265000,4,447.36000000,133.56265000,0
2026-01-28 20:00:00,0.302,0.304,0.302,0.304,240.85000000,1769644799999,73.06244000,3,240.85000000,73.06244000,0
2026-01-29 00:00:00,0.293,0.293,0.288,0.288,86.64000000,1769659199999,25.29372000,5,0.00000000,0.00000000,0
2026-01-29 04:00:00,0.293,0.293,0.293,0.293,103.12000000,1769673599999,30.21416000,1,103.12000000,30.21416000,0
2026-01-29 08:00:00,0.286,0.286,0.284,0.284,660.93000000,1769687999999,187.80398000,3,0.00000000,0.00000000,0
2026-01-29 12:00:00,0.283,0.283,0.265,0.266,2481.25000000,1769702399999,659.87873000,17,0.00000000,0.00000000,0
2026-01-29 16:00:00,0.272,0.275,0.263,0.263,696.23000000,1769716799999,188.09253000,14,485.14000000,131.97261000,0
2026-01-29 20:00:00,0.261,0.271,0.261,0.271,85.53000000,1769731199999,22.98463000,3,67.93000000,18.39103000,0
2026-01-30 00:00:00,0.265,0.265,0.263,0.265,225.24000000,1769745599999,59.60187000,7,150.76000000,39.95140000,0
2026-01-30 04:00:00,0.265,0.265,0.265,0.265,0.00000000,1769759999999,0.00000000,0,0.00000000,0.00000000,0
2026-01-30 08:00:00,0.267,0.268,0.262,0.268,204.24000000,1769774399999,54.55142000,5,188.39000000,50.39872000,0
2026-01-30 12:00:00,0.268,0.268,0.268,0.268,0.00000000,1769788799999,0.00000000,0,0.00000000,0.00000000,0
2026-01-30 16:00:00,0.268,0.27,0.259,0.27,246.14000000,1769803199999,64.97016000,7,111.76000000,29.93368000,0
2026-01-30 20:00:00,0.266,0.266,0.263,0.263,68.40000000,1769817599999,18.13920000,3,50.00000000,13.30000000,0
2026-01-31 00:00:00,0.266,0.266,0.266,0.266,93.83000000,1769831999999,24.95878000,1,93.83000000,24.95878000,0
2026-01-31 04:00:00,0.259,0.259,0.257,0.257,68.28000000,1769846399999,17.58466000,5,0.00000000,0.00000000,0
2026-01-31 08:00:00,0.255,0.255,0.255,0.255,116.38000000,1769860799999,29.67690000,4,0.00000000,0.00000000,0
2026-01-31 12:00:00,0.251,0.251,0.25,0.25,268.28000000,1769875199999,67.08835000,7,0.00000000,0.00000000,0
2026-01-31 16:00:00,0.232,0.232,0.22,0.229,41361.36000000,1769889599999,9589.39281000,12,117.57000000,26.83353000,0
2026-01-31 20:00:00,0.233,0.233,0.233,0.233,18.00000000,1769903999999,4.19400000,1,18.00000000,4.19400000,0
2026-02-01 00:00:00,0.237,0.237,0.233,0.233,189.22000000,1769918399999,44.16026000,2,18.00000000,4.26600000,0
2026-02-01 04:00:00,0.239,0.24,0.234,0.234,602.23000000,1769932799999,143.43503000,6,373.58000000,89.51253000,0
2026-02-01 08:00:00,0.235,0.235,0.235,0.235,176.37000000,1769947199999,41.44695000,1,0.00000000,0.00000000,0
2026-02-01 12:00:00,0.232,0.232,0.227,0.227,83.33000000,1769961599999,19.22216000,8,0.00000000,0.00000000,0
2026-02-01 16:00:00,0.226,0.233,0.226,0.233,3232.03000000,1769975999999,730.66006000,4,3191.25000000,721.44378000,0
2026-02-01 20:00:00,0.227,0.231,0.223,0.23,2338.43000000,1769990399999,534.89427000,23,542.34000000,125.09814000,0
2026-02-02 00:00:00,0.232,0.236,0.222,0.225,2420.95000000,1770004799999,545.33421000,22,484.75000000,112.70642000,0
2026-02-02 04:00:00,0.227,0.232,0.221,0.229,1065.03000000,1770019199999,237.99491000,18,213.18000000,48.79116000,0
2026-02-02 08:00:00,0.226,0.226,0.226,0.226,5.54000000,1770033599999,1.25204000,1,0.00000000,0.00000000,0
2026-02-02 12:00:00,0.232,0.238,0.227,0.238,501.10000000,1770047999999,114.64257000,4,106.55000000,25.07972000,0
2026-02-02 16:00:00,0.238,0.238,0.238,0.238,0.00000000,1770062399999,0.00000000,0,0.00000000,0.00000000,0
2026-02-02 20:00:00,0.227,0.227,0.227,0.227,139.80000000,1770076799999,31.73460000,1,0.00000000,0.00000000,0
2026-02-03 00:00:00,0.228,0.228,0.228,0.228,438.60000000,1770091199999,100.00080000,2,0.00000000,0.00000000,0
2026-02-03 04:00:00,0.231,0.233,0.231,0.233,42364.71000000,1770105599999,9865.38081000,20,0.00000000,0.00000000,0
2026-02-03 08:00:00,0.233,0.233,0.233,0.233,0.00000000,1770119999999,0.00000000,0,0.00000000,0.00000000,0
2026-02-03 12:00:00,0.224,0.228,0.223,0.223,279.15000000,1770134399999,63.25073000,7,188.60000000,43.00080000,0
2026-02-03 16:00:00,0.221,0.223,0.208,0.211,280.41000000,1770148799999,60.40100000,10,120.32000000,26.19625000,0
2026-02-03 20:00:00,0.221,0.221,0.221,0.221,82.52000000,1770163199999,18.23692000,1,82.52000000,18.23692000,0
2026-02-04 00:00:00,0.221,0.221,0.221,0.221,0.00000000,1770177599999,0.00000000,0,0.00000000,0.00000000,0
2026-02-04 04:00:00,0.223,0.224,0.223,0.223,42459.85000000,1770191999999,9469.96806000,18,2926.39000000,652.77436000,0
2026-02-04 08:00:00,0.221,0.221,0.221,0.221,156.75000000,1770206399999,34.64175000,1,0.00000000,0.00000000,0
2026-02-04 12:00:00,0.221,0.221,0.221,0.221,0.00000000,1770220799999,0.00000000,0,0.00000000,0.00000000,0
2026-02-04 16:00:00,0.225,0.229,0.216,0.224,328.30000000,1770235199999,73.45552000,6,281.77000000,63.40504000,0
2026-02-04 20:00:00,0.217,0.222,0.215,0.222,586.59000000,1770249599999,128.38784000,8,409.10000000,90.08624000,0
2026-02-05 00:00:00,0.222,0.222,0.222,0.222,0.00000000,1770263999999,0.00000000,0,0.00000000,0.00000000,0
2026-02-05 04:00:00,0.222,0.222,0.222,0.222,0.00000000,1770278399999,0.00000000,0,0.00000000,0.00000000,0
2026-02-05 08:00:00,0.209,0.209,0.208,0.208,642.16000000,1770292799999,134.16491000,5,0.00000000,0.00000000,0
2026-02-05 12:00:00,0.2,0.2,0.187,0.187,811.53000000,1770307199999,160.61600000,7,0.00000000,0.00000000,0
2026-02-05 16:00:00,0.195,0.195,0.195,0.195,50944.12000000,1770321599999,9934.10340000,35,0.00000000,0.00000000,0
2026-02-05 20:00:00,0.187,0.188,0.181,0.181,658.26000000,1770335999999,122.34855000,8,434.73000000,81.72924000,0
2026-02-06 00:00:00,0.175,0.18,0.16,0.176,212.69000000,1770350399999,37.56263000,9,179.75000000,31.90478000,0
2026-02-06 04:00:00,0.181,0.181,0.176,0.176,195.54000000,1770364799999,34.58074000,3,33.14000000,5.99834000,0
2026-02-06 08:00:00,0.171,0.182,0.167,0.182,198.03000000,1770379199999,34.14743000,8,72.68000000,13.11046000,0
2026-02-06 12:00:00,0.184,0.191,0.182,0.191,164.91000000,1770393599999,31.09075000,5,164.91000000,31.09075000,0
2026-02-06 16:00:00,0.194,0.199,0.194,0.197,11641.57000000,1770407999999,2263.74975000,19,1647.88000000,319.98089000,0
2026-02-06 20:00:00,0.198,0.198,0.198,0.198,101.04000000,1770422399999,20.00592000,1,101.04000000,20.00592000,0
2026-02-07 00:00:00,0.197,0.199,0.197,0.199,2862.65000000,1770436799999,569.21103000,10,2862.65000000,569.21103000,0
2026-02-07 04:00:00,0.199,0.199,0.199,0.199,502.21000000,1770451199999,99.93979000,1,502.21000000,99.93979000,0
2026-02-07 08:00:00,0.199,0.199,0.199,0.199,0.00000000,1770465599999,0.00000000,0,0.00000000,0.00000000,0
2026-02-07 12:00:00,0.199,0.199,0.199,0.199,195.93000000,1770479999999,38.99007000,1,195.93000000,38.99007000,0
2026-02-07 16:00:00,0.2,0.204,0.184,0.195,3808.42000000,1770494399999,739.94371000,9,2039.24000000,410.54561000,0
2026-02-07 20:00:00,0.187,0.187,0.187,0.187,128.21000000,1770508799999,23.97527000,1,0.00000000,0.00000000,0
2026-02-08 00:00:00,0.187,0.187,0.187,0.187,0.00000000,1770523199999,0.00000000,0,0.00000000,0.00000000,0
2026-02-08 04:00:00,0.187,0.187,0.187,0.187,0.00000000,1770537599999,0.00000000,0,0.00000000,0.00000000,0
2026-02-08 08:00:00,0.192,0.192,0.192,0.192,25.27000000,1770551999999,4.85184000,1,0.00000000,0.00000000,0
2026-02-08 12:00:00,0.192,0.192,0.192,0.192,0.00000000,1770566399999,0.00000000,0,0.00000000,0.00000000,0
2026-02-08 16:00:00,0.193,0.193,0.193,0.193,88.97000000,1770580799999,17.17121000,1,88.97000000,17.17121000,0
2026-02-08 20:00:00,0.198,0.198,0.187,0.189,308.94000000,1770595199999,59.53629000,3,156.41000000,30.96918000,0
2026-02-09 00:00:00,0.189,0.189,0.189,0.189,0.00000000,1770609599999,0.00000000,0,0.00000000,0.00000000,0
2026-02-09 04:00:00,0.189,0.189,0.189,0.189,0.00000000,1770623999999,0.00000000,0,0.00000000,0.00000000,0
2026-02-09 08:00:00,0.185,0.185,0.181,0.181,123.41000000,1770638399999,22.44725000,4,0.00000000,0.00000000,0
2026-02-09 12:00:00,0.181,0.181,0.181,0.181,0.00000000,1770652799999,0.00000000,0,0.00000000,0.00000000,0
2026-02-09 16:00:00,0.181,0.181,0.181,0.181,0.00000000,1770667199999,0.00000000,0,0.00000000,0.00000000,0
2026-02-09 20:00:00,0.184,0.19,0.184,0.19,131.56000000,1770681599999,24.40906000,2,33.67000000,6.39730000,0
2026-02-10 00:00:00,0.19,0.19,0.19,0.19,0.00000000,1770695999999,0.00000000,0,0.00000000,0.00000000,0
2026-02-10 04:00:00,0.19,0.19,0.19,0.19,0.00000000,1770710399999,0.00000000,0,0.00000000,0.00000000,0
2026-02-10 08:00:00,0.19,0.19,0.19,0.19,0.00000000,1770724799999,0.00000000,0,0.00000000,0.00000000,0
2026-02-10 12:00:00,0.188,0.188,0.188,0.188,20.11000000,1770739199999,3.78068000,1,20.11000000,3.78068000,0
2026-02-10 16:00:00,0.183,0.184,0.183,0.184,17239.61000000,1770753599999,3170.38262000,13,0.00000000,0.00000000,0
2026-02-10 20:00:00,0.184,0.184,0.183,0.183,21866.77000000,1770767999999,4002.04491000,18,0.00000000,0.00000000,0
2026-02-11 00:00:00,0.184,0.184,0.184,0.184,517.11000000,1770782399999,95.14824000,4,0.00000000,0.00000000,0
2026-02-11 04:00:00,0.185,0.185,0.177,0.177,99.82000000,1770796799999,18.10054000,3,54.05000000,9.99925000,0
2026-02-11 08:00:00,0.176,0.177,0.175,0.177,395.18000000,1770811199999,69.31035000,5,44.38000000,7.85526000,0
2026-02-11 12:00:00,0.178,0.186,0.177,0.177,269.08000000,1770825599999,48.61613000,7,223.31000000,40.51484000,0
2026-02-11 16:00:00,0.178,0.178,0.178,0.178,28075.78000000,1770839999999,4997.48884000,5,0.00000000,0.00000000,0
2026-02-11 20:00:00,0.178,0.178,0.178,0.178,0.00000000,1770854399999,0.00000000,0,0.00000000,0.00000000,0
2026-02-12 00:00:00,0.183,0.183,0.172,0.172,31.92000000,1770868799999,5.67053000,2,16.39000000,2.99937000,0
2026-02-12 04:00:00,0.172,0.172,0.172,0.172,0.00000000,1770883199999,0.00000000,0,0.00000000,0.00000000,0
2026-02-12 08:00:00,0.178,0.178,0.178,0.178,43.42000000,1770897599999,7.72876000,1,0.00000000,0.00000000,0
2026-02-12 12:00:00,0.185,0.185,0.185,0.185,53.76000000,1770911999999,9.94560000,1,53.76000000,9.94560000,0
2026-02-12 16:00:00,0.185,0.185,0.185,0.185,0.00000000,1770926399999,0.00000000,0,0.00000000,0.00000000,0
2026-02-12 20:00:00,0.182,0.182,0.171,0.18,2023.68000000,1770940799999,358.38401000,7,1156.82000000,209.96132000,0
2026-02-13 00:00:00,0.18,0.18,0.18,0.18,0.00000000,1770955199999,0.00000000,0,0.00000000,0.00000000,0
2026-02-13 04:00:00,0.182,0.182,0.178,0.178,163.02000000,1770969599999,29.45708000,3,109.88000000,19.99816000,0
2026-02-13 08:00:00,0.178,0.178,0.178,0.178,300.41000000,1770983999999,53.47298000,1,300.41000000,53.47298000,0
2026-02-13 12:00:00,0.179,0.186,0.179,0.186,137.01000000,1770998399999,25.14198000,3,88.17000000,16.39962000,0
2026-02-13 16:00:00,0.19,0.192,0.15,0.179,3412.51000000,1771012799999,624.69971000,24,1796.11000000,341.89101000,0
2026-02-13 20:00:00,0.19,0.192,0.1,0.186,5545.15000000,1771027199999,980.65074000,42,3152.22000000,595.64280000,0
2026-02-14 00:00:00,0.191,0.192,0.18,0.192,1651.73000000,1771041599999,307.43674000,6,915.42000000,174.90094000,0
2026-02-14 04:00:00,0.193,0.193,0.185,0.185,1443.02000000,1771055999999,272.73078000,2,721.51000000,139.25143000,0
2026-02-14 08:00:00,0.192,0.194,0.185,0.185,1435.40000000,1771070399999,272.03350000,3,712.66000000,138.25604000,0
2026-02-14 12:00:00,0.195,0.197,0.18,0.187,4388.76000000,1771084799999,833.12972000,16,2303.99000000,449.81327000,0
2026-02-14 16:00:00,0.196,0.2,0.186,0.2,3058.34000000,1771099199999,592.71622000,13,1720.89000000,340.36463000,0
2026-02-14 20:00:00,0.202,0.202,0.192,0.193,2334.13000000,1771113599999,455.73126000,6,744.53000000,150.29871000,0
2026-02-15 00:00:00,0.197,0.198,0.187,0.187,1480.31000000,1771127999999,286.38959000,8,818.65000000,161.93571000,0
2026-02-15 04:00:00,0.187,0.187,0.187,0.187,0.00000000,1771142399999,0.00000000,0,0.00000000,0.00000000,0
2026-02-15 08:00:00,0.187,0.187,0.187,0.187,0.00000000,1771156799999,0.00000000,0,0.00000000,0.00000000,0
2026-02-15 12:00:00,0.189,0.189,0.187,0.188,585.78000000,1771171199999,110.23116000,7,264.21000000,49.93569000,0
2026-02-15 16:00:00,0.19,0.19,0.186,0.186,1170.63000000,1771185599999,219.11548000,10,84.48000000,16.05120000,0
2026-02-15 20:00:00,0.188,0.188,0.188,0.188,22.64000000,1771199999999,4.25632000,1,22.64000000,4.25632000,0
2026-02-16 00:00:00,0.188,0.188,0.188,0.188,0.00000000,1771214399999,0.00000000,0,0.00000000,0.00000000,0
2026-02-16 04:00:00,0.188,0.188,0.188,0.188,0.00000000,1771228799999,0.00000000,0,0.00000000,0.00000000,0
2026-02-16 08:00:00,0.186,0.186,0.186,0.186,9.55000000,1771243199999,1.77630000,1,0.00000000,0.00000000,0
2026-02-16 12:00:00,0.192,0.192,0.183,0.183,1589.12000000,1771257599999,297.08443000,6,882.35000000,167.67372000,0
2026-02-16 16:00:00,0.183,0.183,0.183,0.183,0.00000000,1771271999999,0.00000000,0,0.00000000,0.00000000,0
2026-02-16 20:00:00,0.183,0.183,0.183,0.183,0.00000000,1771286399999,0.00000000,0,0.00000000,0.00000000,0
2026-02-17 00:00:00,0.183,0.183,0.183,0.183,0.00000000,1771300799999,0.00000000,0,0.00000000,0.00000000,0
2026-02-17 04:00:00,0.183,0.183,0.183,0.183,0.00000000,1771315199999,0.00000000,0,0.00000000,0.00000000,0
2026-02-17 08:00:00,0.185,0.185,0.185,0.185,11.55000000,1771329599999,2.13675000,1,0.00000000,0.00000000,0
2026-02-17 12:00:00,0.185,0.185,0.185,0.185,0.00000000,1771343999999,0.00000000,0,0.00000000,0.00000000,0
2026-02-17 16:00:00,0.185,0.185,0.185,0.185,0.00000000,1771358399999,0.00000000,0,0.00000000,0.00000000,0
2026-02-17 20:00:00,0.185,0.185,0.185,0.185,0.00000000,1771372799999,0.00000000,0,0.00000000,0.00000000,0
2026-02-18 00:00:00,0.184,0.185,0.184,0.185,258.10000000,1771387199999,47.61650000,2,0.00000000,0.00000000,0
2026-02-18 04:00:00,0.185,0.185,0.185,0.185,0.00000000,1771401599999,0.00000000,0,0.00000000,0.00000000,0
2026-02-18 08:00:00,0.185,0.185,0.185,0.185,0.00000000,1771415999999,0.00000000,0,0.00000000,0.00000000,0
2026-02-18 12:00:00,0.185,0.185,0.185,0.185,0.00000000,1771430399999,0.00000000,0,0.00000000,0.00000000,0
2026-02-18 16:00:00,0.182,0.182,0.177,0.178,1684.20000000,1771444799999,303.30227000,14,0.00000000,0.00000000,0
2026-02-18 20:00:00,0.168,0.168,0.168,0.168,45.77000000,1771459199999,7.68936000,1,0.00000000,0.00000000,0
2026-02-19 00:00:00,0.159,0.159,0.159,0.159,45.77000000,1771473599999,7.27743000,2,0.00000000,0.00000000,0
2026-02-19 04:00:00,0.16,0.16,0.15,0.15,613.75000000,1771487999999,93.25972000,10,413.48000000,63.06472000,0
2026-02-19 08:00:00,0.145,0.155,0.143,0.144,47500.01000000,1771502399999,6875.39634000,53,572.55000000,85.50413000,0
2026-02-19 12:00:00,0.144,0.163,0.141,0.141,963.84000000,1771516799999,143.34778000,9,762.51000000,114.08164000,0
2026-02-19 16:00:00,0.14,0.14,0.135,0.135,4365.03000000,1771531199999,594.84455000,20,3633.35000000,495.18555000,0
2026-02-19 20:00:00,0.14,0.14,0.14,0.14,70943.54000000,1771545599999,9932.09560000,46,0.00000000,0.00000000,0
2026-02-20 00:00:00,0.158,0.158,0.13,0.131,967.84000000,1771559999999,140.97298000,13,600.39000000,91.14886000,0
2026-02-20 04:00:00,0.134,0.135,0.132,0.135,12675.82000000,1771574399999,1688.50018000,23,601.98000000,80.96647000,0
2026-02-20 08:00:00,0.127,0.127,0.127,0.127,13.26000000,1771588799999,1.68402000,1,0.00000000,0.00000000,0
2026-02-20 12:00:00,0.126,0.134,0.125,0.134,4778.31000000,1771603199999,597.76003000,6,37.18000000,4.98212000,0
2026-02-20 16:00:00,0.134,0.15,0.129,0.129,5836.16000000,1771617599999,768.92685000,24,4553.96000000,597.98125000,0
2026-02-20 20:00:00,0.128,0.138,0.128,0.128,846.88000000,1771631999999,115.63324000,4,809.02000000,110.78716000,0
2026-02-21 00:00:00,0.128,0.131,0.128,0.131,445.52000000,1771646399999,57.14124000,5,252.65000000,32.45388000,0
2026-02-21 04:00:00,0.13,0.13,0.13,0.13,8.54000000,1771660799999,1.11020000,1,0.00000000,0.00000000,0
2026-02-21 08:00:00,0.133,0.135,0.132,0.132,573.71000000,1771675199999,76.71733000,6,535.93000000,71.73037000,0
2026-02-21 12:00:00,0.13,0.13,0.13,0.13,345.11000000,1771689599999,44.86430000,2,0.00000000,0.00000000,0
2026-02-21 16:00:00,0.129,0.131,0.129,0.131,625.74000000,1771703999999,80.98944000,8,195.73000000,25.51815000,0
2026-02-21 20:00:00,0.131,0.131,0.131,0.131,0.00000000,1771718399999,0.00000000,0,0.00000000,0.00000000,0
2026-02-22 00:00:00,0.127,0.127,0.124,0.124,320.68000000,1771732799999,40.21092000,6,0.00000000,0.00000000,0
2026-02-22 04:00:00,0.124,0.124,0.124,0.124,0.00000000,1771747199999,0.00000000,0,0.00000000,0.00000000,0
2026-02-22 08:00:00,0.124,0.125,0.124,0.124,539.61000000,1771761599999,67.18217000,6,0.00000000,0.00000000,0
2026-02-22 12:00:00,0.122,0.123,0.122,0.123,237.89000000,1771775999999,29.13381000,4,111.23000000,13.68129000,0
2026-02-22 16:00:00,0.124,0.125,0.124,0.124,550.68000000,1771790399999,68.36087000,7,521.47000000,64.73883000,0
2026-02-22 20:00:00,0.122,0.122,0.121,0.122,812.36000000,1771804799999,98.99573000,12,112.98000000,13.78356000,0
2026-02-23 00:00:00,0.123,0.123,0.115,0.115,27710.21000000,1771819199999,3267.67560000,51,3103.49000000,367.36274000,0
2026-02-23 04:00:00,0.115,0.115,0.115,0.115,0.00000000,1771833599999,0.00000000,0,0.00000000,0.00000000,0
2026-02-23 08:00:00,0.115,0.115,0.115,0.115,0.00000000,1771847999999,0.00000000,0,0.00000000,0.00000000,0
2026-02-23 12:00:00,0.115,0.115,0.115,0.115,0.00000000,1771862399999,0.00000000,0,0.00000000,0.00000000,0
2026-02-23 16:00:00,0.116,0.116,0.116,0.116,26.09000000,1771876799999,3.02644000,1,0.00000000,0.00000000,0
2026-02-23 20:00:00,0.116,0.116,0.116,0.116,0.00000000,1771891199999,0.00000000,0,0.00000000,0.00000000,0
2026-02-24 00:00:00,0.116,0.116,0.116,0.116,0.00000000,1771905599999,0.00000000,0,0.00000000,0.00000000,0
2026-02-24 04:00:00,0.116,0.116,0.116,0.116,0.00000000,1771919999999,0.00000000,0,0.00000000,0.00000000,0
2026-02-24 08:00:00,0.116,0.116,0.116,0.116,30.24000000,1771934399999,3.50784000,1,0.00000000,0.00000000,0
2026-02-24 12:00:00,0.118,0.118,0.118,0.118,102.35000000,1771948799999,12.07730000,1,102.35000000,12.07730000,0
2026-02-24 16:00:00,0.115,0.115,0.115,0.115,79.89000000,1771963199999,9.18735000,1,0.00000000,0.00000000,0
2026-02-24 20:00:00,0.115,0.115,0.115,0.115,24.17000000,1771977599999,2.77955000,1,0.00000000,0.00000000,0
2026-02-25 00:00:00,0.116,0.121,0.116,0.121,507.33000000,1771991999999,59.66913000,3,204.71000000,24.56521000,0
2026-02-25 04:00:00,0.121,0.121,0.121,0.121,0.00000000,1772006399999,0.00000000,0,0.00000000,0.00000000,0
2026-02-25 08:00:00,0.119,0.119,0.11,0.117,2090.40000000,1772020799999,240.64617000,6,1022.09000000,121.62871000,0
2026-02-25 12:00:00,0.12,0.13,0.12,0.123,7262.62000000,1772035199999,886.08802000,15,6209.02000000,758.45072000,0
2026-02-25 16:00:00,0.125,0.128,0.123,0.127,1758.98000000,1772049599999,219.99166000,9,1135.60000000,142.28672000,0
2026-02-25 20:00:00,0.13,0.133,0.123,0.123,2181.04000000,1772063999999,274.17627000,9,668.81000000,88.02468000,0
2026-02-26 00:00:00,0.124,0.124,0.124,0.124,120.96000000,1772078399999,14.99904000,1,120.96000000,14.99904000,0
2026-02-26 04:00:00,0.124,0.124,0.124,0.124,0.00000000,1772092799999,0.00000000,0,0.00000000,0.00000000,0
2026-02-26 08:00:00,0.123,0.123,0.123,0.123,100000.00000000,1772107199999,12300.00000000,2,32757.66000000,4029.19218000,0
2026-02-26 12:00:00,0.122,0.125,0.121,0.122,786.33000000,1772121599999,97.03690000,4,374.29000000,46.78625000,0
2026-02-26 16:00:00,0.121,0.121,0.115,0.117,3036.31000000,1772135999999,361.92038000,22,0.00000000,0.00000000,0
2026-02-26 20:00:00,0.117,0.117,0.117,0.117,0.00000000,1772150399999,0.00000000,0,0.00000000,0.00000000,0
2026-02-27 00:00:00,0.12,0.12,0.119,0.119,1218.67000000,1772164799999,145.27111000,9,1218.67000000,145.27111000,0
2026-02-27 04:00:00,0.122,0.124,0.122,0.124,232.76000000,1772179199999,28.62948000,2,232.76000000,28.62948000,0
2026-02-27 08:00:00,0.125,0.128,0.121,0.121,3961.33000000,1772193599999,494.09361000,7,2047.08000000,261.41620000,0
2026-02-27 12:00:00,0.121,0.121,0.121,0.121,0.00000000,1772207999999,0.00000000,0,0.00000000,0.00000000,0
2026-02-27 16:00:00,0.121,0.124,0.118,0.121,457.11000000,1772222399999,55.09740000,12,30.15000000,3.70659000,0
2026-02-27 20:00:00,0.117,0.12,0.116,0.12,709.44000000,1772236799999,83.71332000,7,382.87000000,45.51411000,0
2026-02-28 00:00:00,0.12,0.12,0.12,0.12,0.00000000,1772251199999,0.00000000,0,0.00000000,0.00000000,0
2026-02-28 04:00:00,0.116,0.116,0.11,0.114,2880.52000000,1772265599999,327.33255000,17,1991.00000000,226.73318000,0
2026-02-28 08:00:00,0.11,0.112,0.109,0.112,14968.71000000,1772279999999,1668.80173000,31,0.00000000,0.00000000,0
2026-02-28 12:00:00,0.11,0.147,0.109,0.114,1053.00000000,1772294399999,119.86321000,9,22.69000000,3.33543000,0
2026-02-28 16:00:00,0.143,0.143,0.112,0.116,36.18000000,1772308799999,4.60476000,4,18.12000000,2.54556000,0
2026-02-28 20:00:00,0.138,0.138,0.138,0.138,20.39000000,1772323199999,2.81382000,1,20.39000000,2.81382000,0
2026-03-01 00:00:00,0.125,0.126,0.12,0.12,2186.80000000,1772337599999,268.65011000,7,1190.20000000,149.05811000,0
2026-03-01 04:00:00,0.125,0.125,0.121,0.121,2141.77000000,1772351999999,264.11797000,3,1240.95000000,155.11875000,0
2026-03-01 08:00:00,0.126,0.126,0.119,0.123,2254.90000000,1772366399999,276.01105000,7,1320.31000000,164.18608000,0
2026-03-01 12:00:00,0.123,0.126,0.119,0.119,2695.63000000,1772380799999,332.87268000,6,1832.48000000,228.35219000,0
2026-03-01 16:00:00,0.122,0.122,0.119,0.119,191.09000000,1772395199999,23.03971000,2,0.00000000,0.00000000,0
2026-03-01 20:00:00,0.121,0.123,0.121,0.121,3406.50000000,1772409599999,414.66090000,8,2070.01000000,252.76995000,0
2026-03-02 00:00:00,0.125,0.126,0.118,0.122,20336.18000000,1772423999999,2481.83034000,6,1028.79000000,129.42446000,0
2026-03-02 04:00:00,0.122,0.122,0.122,0.122,0.00000000,1772438399999,0.00000000,0,0.00000000,0.00000000,0
2026-03-02 08:00:00,0.121,0.121,0.121,0.121,63.52000000,1772452799999,7.68592000,1,0.00000000,0.00000000,0
2026-03-02 12:00:00,0.127,0.129,0.122,0.129,1835.00000000,1772467199999,230.05432000,5,1030.72000000,131.93216000,0
2026-03-02 16:00:00,0.13,0.13,0.115,0.121,3610.90000000,1772481599999,451.02594000,12,2046.72000000,264.57113000,0
2026-03-02 20:00:00,0.121,0.121,0.121,0.121,0.00000000,1772495999999,0.00000000,0,0.00000000,0.00000000,0
2026-03-03 00:00:00,0.121,0.121,0.121,0.121,0.00000000,1772510399999,0.00000000,0,0.00000000,0.00000000,0
2026-03-03 04:00:00,0.124,0.128,0.124,0.128,100031.25000000,1772524799999,12404.00000000,2,100031.25000000,12404.00000000,0
2026-03-03 08:00:00,0.126,0.126,0.122,0.122,1642.38000000,1772539199999,204.00122000,4,805.66000000,101.51316000,0
2026-03-03 12:00:00,0.122,0.122,0.122,0.122,0.00000000,1772553599999,0.00000000,0,0.00000000,0.00000000,0
2026-03-03 16:00:00,0.122,0.122,0.122,0.122,0.00000000,1772567999999,0.00000000,0,0.00000000,0.00000000,0
2026-03-03 20:00:00,0.122,0.122,0.122,0.122,0.00000000,1772582399999,0.00000000,0,0.00000000,0.00000000,0
2026-03-04 00:00:00,0.126,0.128,0.123,0.127,106804.71000000,1772596799999,13456.39462000,8,105805.49000000,13333.49056000,0
2026-03-04 04:00:00,0.127,0.128,0.12,0.128,81216.70000000,1772611199999,10310.69127000,10,80247.71000000,10192.47782000,0
2026-03-04 08:00:00,0.124,0.131,0.124,0.124,5188.12000000,1772625599999,658.61190000,18,2304.52000000,299.96547000,0
2026-03-04 12:00:00,0.124,0.124,0.124,0.124,0.00000000,1772639999999,0.00000000,0,0.00000000,0.00000000,0
2026-03-04 16:00:00,0.131,0.131,0.124,0.124,3133.68000000,1772654399999,400.46496000,10,1607.59000000,210.43205000,0
2026-03-04 20:00:00,0.126,0.131,0.126,0.127,1967.58000000,1772668799999,252.45888000,4,765.80000000,100.31980000,0
2026-03-05 00:00:00,0.127,0.127,0.127,0.127,0.00000000,1772683199999,0.00000000,0,0.00000000,0.00000000,0
2026-03-05 04:00:00,0.127,0.127,0.127,0.127,0.00000000,1772697599999,0.00000000,0,0.00000000,0.00000000,0
2026-03-05 08:00:00,0.128,0.13,0.12,0.129,2916.12000000,1772711999999,372.04775000,12,2191.09000000,283.79107000,0
2026-03-05 12:00:00,0.125,0.125,0.125,0.125,1135.11000000,1772726399999,141.88875000,2,0.00000000,0.00000000,0
2026-03-05 16:00:00,0.125,0.125,0.125,0.125,65.30000000,1772740799999,8.16250000,1,65.30000000,8.16250000,0
2026-03-05 20:00:00,0.125,0.125,0.125,0.125,0.00000000,1772755199999,0.00000000,0,0.00000000,0.00000000,0
2026-03-06 00:00:00,0.125,0.125,0.125,0.125,0.00000000,1772769599999,0.00000000,0,0.00000000,0.00000000,0
2026-03-06 04:00:00,0.125,0.125,0.125,0.125,0.00000000,1772783999999,0.00000000,0,0.00000000,0.00000000,0
2026-03-06 08:00:00,0.125,0.125,0.125,0.125,0.00000000,1772798399999,0.00000000,0,0.00000000,0.00000000,0
2026-03-06 12:00:00,0.121,0.121,0.12,0.12,601.97000000,1772812799999,72.58226000,5,0.00000000,0.00000000,0
2026-03-06 16:00:00,0.119,0.119,0.117,0.117,545.78000000,1772827199999,64.51588000,6,0.00000000,0.00000000,0
2026-03-06 20:00:00,0.117,0.117,0.117,0.117,0.00000000,1772841599999,0.00000000,0,0.00000000,0.00000000,0
2026-03-07 00:00:00,0.117,0.117,0.117,0.117,0.00000000,1772855999999,0.00000000,0,0.00000000,0.00000000,0
2026-03-07 04:00:00,0.117,0.117,0.117,0.117,0.00000000,1772870399999,0.00000000,0,0.00000000,0.00000000,0
2026-03-07 08:00:00,0.117,0.117,0.117,0.117,0.00000000,1772884799999,0.00000000,0,0.00000000,0.00000000,0
2026-03-07 12:00:00,0.117,0.117,0.117,0.117,0.00000000,1772899199999,0.00000000,0,0.00000000,0.00000000,0
2026-03-07 16:00:00,0.116,0.116,0.116,0.116,303.99000000,1772913599999,35.26284000,3,0.00000000,0.00000000,0
2026-03-07 20:00:00,0.116,0.116,0.116,0.116,0.00000000,1772927999999,0.00000000,0,0.00000000,0.00000000,0
2026-03-08 00:00:00,0.116,0.116,0.116,0.116,0.00000000,1772942399999,0.00000000,0,0.00000000,0.00000000,0
2026-03-08 04:00:00,0.116,0.116,0.116,0.116,0.00000000,1772956799999,0.00000000,0,0.00000000,0.00000000,0
2026-03-08 08:00:00,0.116,0.116,0.116,0.116,0.00000000,1772971199999,0.00000000,0,0.00000000,0.00000000,0
2026-03-08 12:00:00,0.116,0.117,0.116,0.117,21359.99000000,1772985599999,2494.00222000,14,0.00000000,0.00000000,0
2026-03-08 16:00:00,0.117,0.117,0.117,0.117,0.00000000,1772999999999,0.00000000,0,0.00000000,0.00000000,0
2026-03-08 20:00:00,0.117,0.117,0.117,0.117,0.00000000,1773014399999,0.00000000,0,0.00000000,0.00000000,0
2026-03-09 00:00:00,0.117,0.117,0.117,0.117,0.00000000,1773028799999,0.00000000,0,0.00000000,0.00000000,0
2026-03-09 04:00:00,0.117,0.117,0.117,0.117,0.00000000,1773043199999,0.00000000,0,0.00000000,0.00000000,0
2026-03-09 08:00:00,0.117,0.117,0.117,0.117,28.46000000,1773057599999,3.32982000,1,0.00000000,0.00000000,0
2026-03-09 12:00:00,0.117,0.117,0.117,0.117,0.00000000,1773071999999,0.00000000,0,0.00000000,0.00000000,0
2026-03-09 16:00:00,0.117,0.117,0.117,0.117,0.00000000,1773086399999,0.00000000,0,0.00000000,0.00000000,0
2026-03-09 20:00:00,0.119,0.119,0.119,0.119,1314.89000000,1773100799999,156.47191000,2,0.00000000,0.00000000,0
2026-03-10 00:00:00,0.143,0.143,0.117,0.117,2484.34000000,1773115199999,320.91081000,5,1242.17000000,174.95763000,0
2026-03-10 04:00:00,0.117,0.117,0.117,0.117,0.00000000,1773129599999,0.00000000,0,0.00000000,0.00000000,0
2026-03-10 08:00:00,0.117,0.117,0.117,0.117,7.98000000,1773143999999,0.93366000,1,0.00000000,0.00000000,0
2026-03-10 12:00:00,0.117,0.117,0.117,0.117,0.00000000,1773158399999,0.00000000,0,0.00000000,0.00000000,0
2026-03-10 16:00:00,0.123,0.123,0.115,0.117,9434.99000000,1773172799999,1151.56737000,6,8329.05000000,1023.55823000,0
2026-03-10 20:00:00,0.117,0.117,0.117,0.117,0.00000000,1773187199999,0.00000000,0,0.00000000,0.00000000,0
2026-03-11 00:00:00,0.117,0.117,0.117,0.117,0.00000000,1773201599999,0.00000000,0,0.00000000,0.00000000,0
2026-03-11 04:00:00,0.117,0.117,0.117,0.117,0.00000000,1773215999999,0.00000000,0,0.00000000,0.00000000,0
2026-03-11 08:00:00,0.118,0.118,0.118,0.118,45.37000000,1773230399999,5.35366000,1,0.00000000,0.00000000,0
2026-03-11 12:00:00,0.12,0.123,0.114,0.117,4964.45000000,1773244799999,592.46372000,15,2148.09000000,261.26820000,0
2026-03-11 16:00:00,0.117,0.117,0.117,0.117,0.00000000,1773259199999,0.00000000,0,0.00000000,0.00000000,0
2026-03-11 20:00:00,0.119,0.122,0.118,0.118,1453.40000000,1773273599999,174.28674000,4,666.07000000,81.26054000,0
2026-03-12 00:00:00,0.118,0.118,0.118,0.118,0.00000000,1773287999999,0.00000000,0,0.00000000,0.00000000,0
2026-03-12 04:00:00,0.12,0.125,0.117,0.117,1327.83000000,1773302399999,160.63234000,3,681.46000000,85.00705000,0
2026-03-12 08:00:00,0.117,0.117,0.117,0.117,0.00000000,1773316799999,0.00000000,0,0.00000000,0.00000000,0
2026-03-12 12:00:00,0.118,0.118,0.117,0.117,285.85000000,1773331199999,33.65631000,4,0.00000000,0.00000000,0
2026-03-12 16:00:00,0.117,0.117,0.117,0.117,0.00000000,1773345599999,0.00000000,0,0.00000000,0.00000000,0
2026-03-12 20:00:00,0.119,0.121,0.118,0.121,1893.93000000,1773359999999,226.79825000,11,1613.37000000,193.64606000,0
2026-03-13 00:00:00,0.115,0.123,0.11,0.119,2988.01000000,1773374399999,354.60804000,13,1635.05000000,198.74879000,0
2026-03-13 04:00:00,0.124,0.136,0.12,0.12,10264.79000000,1773388799999,1277.48292000,3,581.12000000,79.03232000,0
2026-03-13 08:00:00,0.122,0.128,0.114,0.125,3307.25000000,1773403199999,401.99399000,13,1686.26000000,213.79166000,0
2026-03-13 12:00:00,0.126,0.128,0.118,0.128,6441.69000000,1773417599999,804.86340000,13,4298.80000000,545.90549000,0
2026-03-13 16:00:00,0.126,0.127,0.12,0.123,4160.09000000,1773431999999,517.27808000,13,2374.97000000,299.58696000,0
2026-03-13 20:00:00,0.122,0.123,0.122,0.123,450.27000000,1773446399999,54.94759000,2,0.00000000,0.00000000,0
2026-03-14 00:00:00,0.123,0.123,0.123,0.123,0.00000000,1773460799999,0.00000000,0,0.00000000,0.00000000,0
2026-03-14 04:00:00,0.123,0.123,0.123,0.123,21.82000000,1773475199999,2.68386000,1,0.00000000,0.00000000,0
2026-03-14 08:00:00,0.121,0.121,0.121,0.121,10.31000000,1773489599999,1.24751000,1,0.00000000,0.00000000,0
2026-03-14 12:00:00,0.121,0.121,0.121,0.121,0.00000000,1773503999999,0.00000000,0,0.00000000,0.00000000,0
2026-03-14 16:00:00,0.121,0.121,0.121,0.121,0.00000000,1773518399999,0.00000000,0,0.00000000,0.00000000,0
2026-03-14 20:00:00,0.113,0.138,0.112,0.124,3213.02000000,1773532799999,406.33895000,9,1628.06000000,218.70828000,0
2026-03-15 00:00:00,0.122,0.127,0.122,0.127,2736.82000000,1773547199999,342.75324000,26,2290.71000000,288.26236000,0
2026-03-15 04:00:00,0.127,0.127,0.127,0.127,0.00000000,1773561599999,0.00000000,0,0.00000000,0.00000000,0
2026-03-15 08:00:00,0.126,0.126,0.126,0.126,65.23000000,1773575999999,8.21898000,1,0.00000000,0.00000000,0
2026-03-15 12:00:00,0.127,0.127,0.125,0.125,18413.34000000,1773590399999,2338.40994000,3,371.22000000,47.14494000,0
2026-03-15 16:00:00,0.125,0.125,0.125,0.125,0.00000000,1773604799999,0.00000000,0,0.00000000,0.00000000,0
2026-03-15 20:00:00,0.128,0.129,0.128,0.129,210.72000000,1773619199999,27.11166000,5,210.72000000,27.11166000,0
2026-03-16 00:00:00,0.128,0.13,0.128,0.13,589.25000000,1773633599999,75.86006000,4,138.90000000,18.05700000,0
2026-03-16 04:00:00,0.131,0.132,0.131,0.132,426.89000000,1773647999999,55.99162000,4,426.89000000,55.99162000,0
2026-03-16 08:00:00,0.132,0.132,0.132,0.132,0.00000000,1773662399999,0.00000000,0,0.00000000,0.00000000,0
2026-03-16 12:00:00,0.132,0.132,0.13,0.13,131.59000000,1773676799999,17.23730000,3,65.30000000,8.61960000,0
2026-03-16 16:00:00,0.132,0.134,0.132,0.133,2844.56000000,1773691199999,378.58101000,9,1143.91000000,152.75242000,0
2026-03-16 20:00:00,0.135,0.14,0.135,0.137,1736.93000000,1773705599999,238.31118000,15,1262.46000000,173.59545000,0
2026-03-17 00:00:00,0.137,0.137,0.135,0.135,918.88000000,1773719999999,124.65609000,6,0.00000000,0.00000000,0
2026-03-17 04:00:00,0.136,0.136,0.134,0.134,630.94000000,1773734399999,85.67920000,4,566.62000000,77.06032000,0
2026-03-17 08:00:00,0.136,0.136,0.136,0.136,64.32000000,1773748799999,8.74752000,1,64.32000000,8.74752000,0
2026-03-17 12:00:00,0.134,0.135,0.134,0.135,84.08000000,1773763199999,11.28648000,4,0.00000000,0.00000000,0
2026-03-17 16:00:00,0.135,0.135,0.135,0.135,0.00000000,1773777599999,0.00000000,0,0.00000000,0.00000000,0
2026-03-17 20:00:00,0.136,0.138,0.136,0.136,274.58000000,1773791999999,37.53346000,6,191.53000000,26.23866000,0
2026-03-18 00:00:00,0.137,0.137,0.137,0.137,72.72000000,1773806399999,9.96264000,1,72.72000000,9.96264000,0
2026-03-18 04:00:00,0.135,0.136,0.134,0.136,294.54000000,1773820799999,39.66084000,5,64.32000000,8.74752000,0
2026-03-18 08:00:00,0.134,0.134,0.129,0.132,1229.69000000,1773835199999,160.65735000,15,133.10000000,17.50239000,0
2026-03-18 12:00:00,0.13,0.13,0.126,0.127,1127.65000000,1773849599999,143.61083000,14,240.44000000,30.53588000,0
2026-03-18 16:00:00,0.128,0.128,0.128,0.128,51.35000000,1773863999999,6.57280000,1,51.35000000,6.57280000,0
2026-03-18 20:00:00,0.126,0.127,0.126,0.127,311.63000000,1773878399999,39.31078000,3,45.40000000,5.76580000,0
2026-03-19 00:00:00,0.126,0.127,0.126,0.127,58.17000000,1773892799999,7.37964000,2,58.17000000,7.37964000,0
2026-03-19 04:00:00,0.125,0.125,0.122,0.122,245.72000000,1773907199999,30.27603000,10,0.00000000,0.00000000,0
2026-03-19 08:00:00,0.123,0.123,0.123,0.123,163.56000000,1773921599999,20.11788000,3,163.56000000,20.11788000,0
2026-03-19 12:00:00,0.121,0.121,0.119,0.12,398.42000000,1773935999999,47.71052000,10,75.41000000,9.04920000,0
2026-03-19 16:00:00,0.12,0.121,0.12,0.121,351.17000000,1773950399999,42.27064000,6,351.17000000,42.27064000,0
2026-03-19 20:00:00,0.121,0.121,0.121,0.121,0.00000000,1773964799999,0.00000000,0,0.00000000,0.00000000,0
2026-03-20 00:00:00,0.122,0.122,0.122,0.122,129.62000000,1773979199999,15.81364000,2,129.62000000,15.81364000,0
2026-03-20 04:00:00,0.124,0.124,0.124,0.124,81714.85000000,1773993599999,10132.64140000,6,81714.85000000,10132.64140000,0
2026-03-20 08:00:00,0.125,0.126,0.125,0.126,198.24000000,1774007999999,24.85237000,3,198.24000000,24.85237000,0
2026-03-20 12:00:00,0.124,0.124,0.123,0.123,139.57000000,1774022399999,17.23661000,4,0.00000000,0.00000000,0
2026-03-20 16:00:00,0.123,0.123,0.123,0.123,0.00000000,1774036799999,0.00000000,0,0.00000000,0.00000000,0
2026-03-20 20:00:00,0.122,0.125,0.122,0.123,515.87000000,1774051199999,63.54597000,7,219.36000000,27.34936000,0
2026-03-21 00:00:00,0.123,0.124,0.122,0.122,500.31000000,1774065599999,61.52074000,24,217.62000000,26.98488000,0
2026-03-21 04:00:00,0.124,0.124,0.123,0.124,152.24000000,1774079999999,18.85579000,6,130.27000000,16.15348000,0
2026-03-21 08:00:00,0.122,0.122,0.122,0.122,70.64000000,1774094399999,8.61808000,1,0.00000000,0.00000000,0
2026-03-21 12:00:00,0.122,0.124,0.122,0.124,382.76000000,1774108799999,47.08115000,7,372.95000000,45.88433000,0
2026-03-21 16:00:00,0.124,0.124,0.124,0.124,0.00000000,1774123199999,0.00000000,0,0.00000000,0.00000000,0
2026-03-21 20:00:00,0.122,0.122,0.117,0.117,791.58000000,1774137599999,94.52967000,16,0.00000000,0.00000000,0
2026-03-22 00:00:00,0.117,0.119,0.115,0.119,4364.35000000,1774151999999,513.86961000,23,2129.84000000,251.31981000,0
2026-03-22 04:00:00,0.118,0.118,0.118,0.118,73.04000000,1774166399999,8.61872000,3,0.00000000,0.00000000,0
2026-03-22 08:00:00,0.117,0.117,0.116,0.116,2294.02000000,1774180799999,266.17998000,6,2146.06000000,248.94296000,0
2026-03-22 12:00:00,0.117,0.117,0.116,0.116,4387.06000000,1774195199999,513.15537000,6,4256.41000000,497.99997000,0
2026-03-22 16:00:00,0.116,0.116,0.114,0.114,726.32000000,1774209599999,83.15258000,11,0.00000000,0.00000000,0
2026-03-22 20:00:00,0.114,0.115,0.113,0.115,498.17000000,1774223999999,56.87755000,8,418.75000000,47.90309000,0
2026-03-23 00:00:00,0.116,0.116,0.116,0.116,147.41000000,1774238399999,17.09956000,2,147.41000000,17.09956000,0
2026-03-23 04:00:00,0.115,0.115,0.114,0.114,502.29000000,1774252799999,57.33600000,3,0.00000000,0.00000000,0
2026-03-23 08:00:00,0.113,0.12,0.113,0.117,2516.03000000,1774267199999,295.18798000,31,2112.83000000,248.16682000,0
2026-03-23 12:00:00,0.116,0.118,0.116,0.116,406653.18000000,1774281599999,47980.61268000,36,2638.69000000,308.80039000,0
2026-03-23 16:00:00,0.116,0.116,0.114,0.115,226.15000000,1774295999999,25.93166000,6,75.60000000,8.69400000,0
2026-03-23 20:00:00,0.114,0.115,0.113,0.113,2715.33000000,1774310399999,309.44334000,13,1316.85000000,150.93482000,0
2026-03-24 00:00:00,0.114,0.114,0.111,0.113,182582.32000000,1774324799999,20631.79204000,36,18035.15000000,2038.18760000,0
2026-03-24 04:00:00,0.113,0.114,0.113,0.114,671070.67000000,1774339199999,75831.06198000,54,76.27000000,8.69478000,0
2026-03-24 08:00:00,0.115,0.117,0.115,0.115,1563.05000000,1774353599999,180.56041000,16,736.66000000,85.45126000,0
2026-03-24 12:00:00,0.114,0.114,0.111,0.112,981.16000000,1774367999999,110.32622000,14,80.85000000,9.05520000,0
2026-03-24 16:00:00,0.112,0.112,0.11,0.112,119478.96000000,1774382399999,13322.50956000,48,73279.03000000,8149.92908000,0
2026-03-24 20:00:00,0.112,0.114,0.112,0.114,33743.94000000,1774396799999,3780.38504000,10,574.31000000,65.31021000,0
2026-03-25 00:00:00,0.114,0.114,0.113,0.114,187.64000000,1774411199999,21.31469000,4,111.37000000,12.69618000,0
2026-03-25 04:00:00,0.113,0.114,0.113,0.114,514.86000000,1774425599999,58.61777000,3,438.59000000,49.99926000,0
2026-03-25 08:00:00,0.113,0.115,0.113,0.115,1725.06000000,1774439999999,195.94823000,6,546.36000000,62.75513000,0
2026-03-25 12:00:00,0.114,0.114,0.114,0.114,75.60000000,1774454399999,8.61840000,1,0.00000000,0.00000000,0
2026-03-25 16:00:00,0.114,0.114,0.114,0.114,0.00000000,1774468799999,0.00000000,0,0.00000000,0.00000000,0
2026-03-25 20:00:00,0.113,0.114,0.113,0.114,152.54000000,1774483199999,17.31329000,2,76.27000000,8.69478000,0
2026-03-26 00:00:00,0.113,0.113,0.112,0.112,10581.32000000,1774497599999,1185.18411000,5,0.00000000,0.00000000,0
2026-03-26 04:00:00,0.111,0.111,0.11,0.11,25167.35000000,1774511999999,2793.46114000,6,25011.36000000,2776.22460000,0
2026-03-26 08:00:00,0.109,0.11,0.109,0.109,631.85000000,1774526399999,69.32610000,5,470.45000000,51.73350000,0
2026-03-26 12:00:00,0.108,0.109,0.105,0.109,2870.29000000,1774540799999,308.31590000,28,251.63000000,27.17448000,0
2026-03-26 16:00:00,0.11,0.112,0.107,0.107,14716.06000000,1774555199999,1577.47134000,28,615.02000000,67.87651000,0
2026-03-26 20:00:00,0.107,0.109,0.107,0.109,18851.84000000,1774569599999,2017.71669000,17,325.18000000,35.36407000,0
2026-03-27 00:00:00,0.109,0.109,0.109,0.109,0.00000000,1774583999999,0.00000000,0,0.00000000,0.00000000,0
2026-03-27 04:00:00,0.11,0.11,0.11,0.11,243.90000000,1774598399999,26.82900000,2,243.90000000,26.82900000,0
2026-03-27 08:00:00,0.109,0.109,0.106,0.106,61709.26000000,1774612799999,6603.04745000,65,0.00000000,0.00000000,0
2026-03-27 12:00:00,0.105,0.105,0.104,0.104,2792.50000000,1774627199999,292.10048000,11,1416.65000000,148.74825000,0
2026-03-27 16:00:00,0.104,0.104,0.103,0.104,495.88000000,1774641599999,51.40072000,8,170.80000000,17.76320000,0
2026-03-27 20:00:00,0.104,0.104,0.104,0.104,58317.36000000,1774655999999,6065.00544000,19,415.58000000,43.22032000,0
2026-03-28 00:00:00,0.104,0.104,0.103,0.103,37817.21000000,1774670399999,3932.90617000,12,0.00000000,0.00000000,0
2026-03-28 04:00:00,0.104,0.104,0.103,0.103,232.30000000,1774684799999,24.04340000,3,116.50000000,12.11600000,0
2026-03-28 08:00:00,0.104,0.104,0.104,0.104,122.62000000,1774699199999,12.75248000,1,0.00000000,0.00000000,0
2026-03-28 12:00:00,0.105,0.106,0.105,0.105,546.28000000,1774713599999,57.74073000,5,464.20000000,49.12233000,0
2026-03-28 16:00:00,0.105,0.105,0.105,0.105,0.00000000,1774727999999,0.00000000,0,0.00000000,0.00000000,0
2026-03-28 20:00:00,0.104,0.104,0.103,0.103,4624.53000000,1774742399999,476.40946000,4,0.00000000,0.00000000,0
2026-03-29 00:00:00,0.102,0.104,0.102,0.104,1008.56000000,1774756799999,103.87912000,10,547.40000000,56.75713000,0
2026-03-29 04:00:00,0.103,0.103,0.103,0.103,83.67000000,1774771199999,8.61801000,2,0.00000000,0.00000000,0
2026-03-29 08:00:00,0.102,0.102,0.102,0.102,84.49000000,1774785599999,8.61798000,2,0.00000000,0.00000000,0
2026-03-29 12:00:00,0.101,0.101,0.101,0.101,488.86000000,1774799999999,49.37486000,4,0.00000000,0.00000000,0
2026-03-29 16:00:00,0.101,0.101,0.101,0.101,39.43000000,1774814399999,3.98243000,1,0.00000000,0.00000000,0
2026-03-29 20:00:00,0.102,0.103,0.1,0.102,22080.34000000,1774828799999,2230.42344000,32,348.42000000,35.53359000,0
2026-03-30 00:00:00,0.103,0.106,0.103,0.106,1416.03000000,1774843199999,148.12127000,12,1333.16000000,139.50279000,0
2026-03-30 04:00:00,0.107,0.109,0.107,0.108,1670.66000000,1774857599999,180.63703000,14,1510.31000000,163.39978000,0
2026-03-30 08:00:00,0.107,0.108,0.107,0.108,214.64000000,1774871999999,23.04703000,4,80.55000000,8.69940000,0
2026-03-30 12:00:00,0.109,0.109,0.107,0.107,352.40000000,1774886399999,38.17070000,6,192.05000000,20.93345000,0
2026-03-30 16:00:00,0.107,0.107,0.106,0.106,359.07000000,1774900799999,38.08134000,5,0.00000000,0.00000000,0
2026-03-30 20:00:00,0.107,0.107,0.106,0.106,162.62000000,1774915199999,17.31903000,3,81.31000000,8.70017000,0
2026-03-31 00:00:00,0.106,0.108,0.106,0.108,397.42000000,1774929599999,42.36893000,3,397.42000000,42.36893000,0
2026-03-31 04:00:00,0.109,0.109,0.108,0.109,495.51000000,1774943999999,53.93079000,6,415.71000000,45.31239000,0
2026-03-31 08:00:00,0.108,0.109,0.107,0.109,1949.98000000,1774958399999,210.69049000,12,512.11000000,55.73944000,0
2026-03-31 12:00:00,0.11,0.113,0.11,0.11,2355.61000000,1774972799999,262.90024000,18,1453.44000000,163.09819000,0
2026-03-31 16:00:00,0.109,0.111,0.109,0.11,314.84000000,1774987199999,34.63168000,6,157.42000000,17.39455000,0
2026-03-31 20:00:00,0.111,0.111,0.11,0.111,358.38000000,1775001599999,39.76994000,3,348.14000000,38.64354000,0
2026-04-01 00:00:00,0.11,0.11,0.109,0.11,4655.92000000,1775015999999,507.64246000,9,79.07000000,8.69770000,0
2026-04-01 04:00:00,0.111,0.112,0.111,0.112,155.99000000,1775030399999,17.39253000,2,155.99000000,17.39253000,0
2026-04-01 08:00:00,0.113,0.113,0.111,0.111,231.54000000,1775044799999,25.93179000,5,76.95000000,8.69535000,0
2026-04-01 12:00:00,0.112,0.113,0.111,0.111,3754.32000000,1775059199999,421.83713000,8,3599.73000000,404.60069000,0
2026-04-01 16:00:00,0.112,0.112,0.111,0.111,155.28000000,1775073599999,17.31372000,3,77.64000000,8.69568000,0
2026-04-01 20:00:00,0.11,0.11,0.11,0.11,78.35000000,1775087999999,8.61850000,2,0.00000000,0.00000000,0
2026-04-02 00:00:00,0.111,0.111,0.107,0.107,1086.30000000,1775102399999,117.82807000,16,156.70000000,17.39370000,0
2026-04-02 04:00:00,0.108,0.108,0.108,0.108,80.55000000,1775116799999,8.69940000,1,80.55000000,8.69940000,0
2026-04-02 08:00:00,0.107,0.107,0.107,0.107,80.55000000,1775131199999,8.61885000,2,0.00000000,0.00000000,0
2026-04-02 12:00:00,0.106,0.107,0.104,0.106,1367.41000000,1775145599999,143.35143000,14,246.26000000,26.10200000,0
2026-04-02 16:00:00,0.107,0.107,0.107,0.107,81.31000000,1775159999999,8.70017000,1,81.31000000,8.70017000,0
2026-04-02 20:00:00,0.106,0.106,0.106,0.106,81.31000000,1775174399999,8.61886000,3,0.00000000,0.00000000,0
2026-04-03 00:00:00,0.107,0.108,0.107,0.108,161.86000000,1775188799999,17.39957000,2,161.86000000,17.39957000,0
2026-04-03 04:00:00,0.109,0.109,0.109,0.109,174.30000000,1775203199999,18.99870000,2,174.30000000,18.99870000,0
2026-04-03 08:00:00,0.11,0.111,0.11,0.111,669.68000000,1775217599999,74.25541000,4,669.68000000,74.25541000,0
2026-04-03 12:00:00,0.11,0.11,0.11,0.11,78.35000000,1775231999999,8.61850000,2,0.00000000,0.00000000,0
2026-04-03 16:00:00,0.11,0.11,0.11,0.11,0.00000000,1775246399999,0.00000000,0,0.00000000,0.00000000,0
2026-04-03 20:00:00,0.111,0.111,0.11,0.11,977.00000000,1775260799999,108.36865000,6,898.65000000,99.75015000,0
2026-04-04 00:00:00,0.111,0.111,0.111,0.111,362.49000000,1775275199999,40.23639000,2,362.49000000,40.23639000,0
2026-04-04 04:00:00,0.11,0.11,0.11,0.11,137.25000000,1775289599999,15.09750000,3,58.90000000,6.47900000,0
2026-04-04 08:00:00,0.11,0.11,0.11,0.11,367.76000000,1775303999999,40.45360000,3,367.76000000,40.45360000,0
2026-04-04 12:00:00,0.109,0.11,0.109,0.11,456.68000000,1775318399999,50.07171000,7,293.59000000,32.29490000,0
2026-04-04 16:00:00,0.111,0.111,0.111,0.111,219.78000000,1775332799999,24.39558000,2,219.78000000,24.39558000,0
2026-04-04 20:00:00,0.111,0.111,0.111,0.111,0.00000000,1775347199999,0.00000000,0,0.00000000,0.00000000,0
2026-04-05 00:00:00,0.11,0.11,0.11,0.11,78.35000000,1775361599999,8.61850000,2,0.00000000,0.00000000,0
2026-04-05 04:00:00,0.109,0.109,0.108,0.108,158.87000000,1775375999999,17.23703000,4,0.00000000,0.00000000,0
2026-04-05 08:00:00,0.108,0.108,0.106,0.107,794.49000000,1775390399999,84.44996000,8,109.08000000,11.69933000,0
2026-04-05 12:00:00,0.106,0.107,0.106,0.107,162.62000000,1775404799999,17.31903000,3,81.31000000,8.70017000,0
2026-04-05 16:00:00,0.107,0.107,0.107,0.107,106.12000000,1775419199999,11.35484000,1,106.12000000,11.35484000,0
2026-04-05 20:00:00,0.108,0.11,0.108,0.11,367.64000000,1775433599999,40.19950000,4,367.64000000,40.19950000,0
2026-04-06 00:00:00,0.111,0.112,0.111,0.112,3095.93000000,1775447999999,345.17230000,5,3095.93000000,345.17230000,0
2026-04-06 04:00:00,0.113,0.113,0.112,0.112,646.90000000,1775462399999,73.02275000,4,569.95000000,64.40435000,0
2026-04-06 08:00:00,0.113,0.114,0.113,0.114,811.71000000,1775476799999,91.79950000,5,784.38000000,88.71121000,0
2026-04-06 12:00:00,0.113,0.114,0.113,0.114,129.37000000,1775491199999,14.67191000,3,53.10000000,6.05340000,0
2026-04-06 16:00:00,0.114,0.114,0.114,0.114,0.00000000,1775505599999,0.00000000,0,0.00000000,0.00000000,0
2026-04-06 20:00:00,0.112,0.112,0.109,0.109,1983.19000000,1775519999999,217.81026000,13,270.27000000,29.99997000,0
2026-04-07 00:00:00,0.11,0.11,0.109,0.109,586.39000000,1775534399999,64.22285000,7,79.07000000,8.69770000,0
2026-04-07 04:00:00,0.11,0.11,0.11,0.11,79.07000000,1775548799999,8.69770000,1,79.07000000,8.69770000,0
2026-04-07 08:00:00,0.109,0.11,0.109,0.11,760.88000000,1775563199999,83.61773000,3,681.81000000,74.99910000,0
2026-04-07 12:00:00,0.108,0.109,0.107,0.108,2217.37000000,1775577599999,238.88071000,12,160.35000000,17.39760000,0
2026-04-07 16:00:00,0.108,0.111,0.108,0.111,661.38000000,1775591999999,72.24497000,5,408.69000000,44.95445000,0
2026-04-07 20:00:00,0.112,0.119,0.112,0.119,19375.06000000,1775606399999,2216.75559000,22,19302.02000000,2208.13687000,0
2026-04-08 00:00:00,0.118,0.12,0.118,0.12,306.48000000,1775620799999,36.55848000,6,233.44000000,27.93976000,0
2026-04-08 04:00:00,0.12,0.12,0.12,0.12,0.00000000,1775635199999,0.00000000,0,0.00000000,0.00000000,0
2026-04-08 08:00:00,0.119,0.119,0.118,0.118,145.46000000,1775649599999,17.23670000,4,0.00000000,0.00000000,0
2026-04-08 12:00:00,0.117,0.117,0.116,0.116,147.96000000,1775663999999,17.23702000,5,0.00000000,0.00000000,0
2026-04-08 16:00:00,0.116,0.117,0.114,0.115,1644.30000000,1775678399999,188.74683000,11,149.90000000,17.38710000,0
2026-04-08 20:00:00,0.116,0.116,0.115,0.115,149.88000000,1775692799999,17.31114000,3,74.94000000,8.69304000,0
2026-04-09 00:00:00,0.114,0.114,0.113,0.113,530.60000000,1775707199999,60.03340000,8,0.00000000,0.00000000,0
2026-04-09 04:00:00,0.114,0.114,0.114,0.114,76.27000000,1775721599999,8.69478000,1,76.27000000,8.69478000,0
2026-04-09 08:00:00,0.113,0.113,0.113,0.113,76.27000000,1775735999999,8.61851000,2,0.00000000,0.00000000,0
2026-04-09 12:00:00,0.112,0.114,0.112,0.114,230.17000000,1775750399999,26.00853000,5,153.22000000,17.39013000,0
2026-04-09 16:00:00,0.113,0.114,0.113,0.114,152.54000000,1775764799999,17.31329000,3,76.27000000,8.69478000,0
2026-04-09 20:00:00,0.115,0.116,0.114,0.114,88051.36000000,1775779199999,10125.90574000,20,2866.77000000,329.75349000,0
2026-04-10 00:00:00,0.115,0.116,0.114,0.114,707.86000000,1775793599999,81.36868000,4,632.26000000,72.75028000,0
2026-04-10 04:00:00,0.115,0.116,0.114,0.115,514.44000000,1775807999999,59.07342000,7,185.76000000,21.39696000,0
2026-04-10 08:00:00,0.114,0.115,0.114,0.115,461.11000000,1775822399999,52.95205000,6,75.60000000,8.69400000,0
2026-04-10 12:00:00,0.115,0.115,0.114,0.115,1018.50000000,1775836799999,117.05190000,3,942.90000000,108.43350000,0
2026-04-10 16:00:00,0.115,0.116,0.115,0.115,677.52000000,1775851199999,77.98974000,5,74.94000000,8.69304000,0
2026-04-10 20:00:00,0.115,0.115,0.115,0.115,2670.54000000,1775865599999,307.11210000,2,0.00000000,0.00000000,0
2026-04-11 00:00:00,0.114,0.114,0.113,0.114,705.77000000,1775879999999,79.94989000,6,76.27000000,8.69478000,0
2026-04-11 04:00:00,0.113,0.113,0.113,0.113,76.27000000,1775894399999,8.61851000,2,0.00000000,0.00000000,0
2026-04-11 08:00:00,0.112,0.112,0.112,0.112,87.06000000,1775908799999,9.75072000,3,0.00000000,0.00000000,0
2026-04-11 12:00:00,0.111,0.111,0.11,0.111,824.71000000,1775923199999,91.02860000,7,78.35000000,8.69685000,0
2026-04-11 16:00:00,0.112,0.116,0.112,0.116,381.40000000,1775937599999,43.47285000,5,381.40000000,43.47285000,0
2026-04-11 20:00:00,0.115,0.115,0.115,0.115,74.94000000,1775951999999,8.61810000,1,0.00000000,0.00000000,0
2026-04-12 00:00:00,0.115,0.115,0.11,0.11,1403.05000000,1775966399999,158.08101000,15,549.36000000,62.94348000,0
2026-04-12 04:00:00,0.109,0.109,0.109,0.109,350.15000000,1775980799999,38.16635000,4,0.00000000,0.00000000,0
2026-04-12 08:00:00,0.108,0.108,0.108,0.108,105.05000000,1775995199999,11.34540000,4,0.00000000,0.00000000,0
2026-04-12 12:00:00,0.109,0.109,0.108,0.108,159.60000000,1776009599999,17.31660000,3,79.80000000,8.69820000,0
2026-04-12 16:00:00,0.109,0.109,0.109,0.109,79.80000000,1776023999999,8.69820000,1,79.80000000,8.69820000,0
2026-04-12 20:00:00,0.109,0.109,0.106,0.106,2520.21000000,1776038399999,269.37336000,14,445.75000000,48.22795000,0
2026-04-13 00:00:00,0.107,0.107,0.107,0.107,16930.28000000,1776052799999,1811.53996000,3,16909.59000000,1809.32613000,0
2026-04-13 04:00:00,0.106,0.108,0.105,0.107,384.66000000,1776067199999,41.07183000,7,173.81000000,18.69017000,0
2026-04-13 08:00:00,0.106,0.107,0.106,0.107,408.03000000,1776081599999,43.55136000,5,300.18000000,32.11926000,0
2026-04-13 12:00:00,0.108,0.109,0.106,0.108,38273.95000000,1776095999999,4170.99323000,28,1042.03000000,113.42017000,0
2026-04-13 16:00:00,0.109,0.112,0.109,0.112,605.34000000,1776110399999,67.14941000,9,520.72000000,57.75659000,0
2026-04-13 20:00:00,0.111,0.117,0.111,0.116,1925.69000000,1776124799999,221.07011000,19,1424.10000000,164.12160000,0
2026-04-14 00:00:00,0.115,0.115,0.115,0.115,74.94000000,1776139199999,8.61810000,2,0.00000000,0.00000000,0
2026-04-14 04:00:00,0.114,0.114,0.114,0.114,75.60000000,1776153599999,8.61840000,2,0.00000000,0.00000000,0
2026-04-14 08:00:00,0.114,0.114,0.112,0.112,918.29000000,1776167999999,103.71383000,5,394.54000000,44.97756000,0
2026-04-14 12:00:00,0.113,0.116,0.113,0.114,2685.89000000,1776182399999,309.50889000,19,2306.73000000,266.36273000,0
2026-04-14 16:00:00,0.113,0.113,0.111,0.111,604.37000000,1776196799999,67.31456000,5,0.00000000,0.00000000,0
2026-04-14 20:00:00,0.111,0.111,0.111,0.111,0.00000000,1776211199999,0.00000000,0,0.00000000,0.00000000,0
2026-04-15 00:00:00,0.112,0.113,0.112,0.112,254.59000000,1776225599999,28.61408000,5,177.64000000,19.99568000,0
2026-04-15 04:00:00,0.113,0.113,0.112,0.112,153.90000000,1776239999999,17.31375000,3,76.95000000,8.69535000,0
2026-04-15 08:00:00,0.113,0.115,0.113,0.115,683.19000000,1776254399999,77.42794000,4,683.19000000,77.42794000,0
2026-04-15 12:00:00,0.116,0.117,0.116,0.116,1868.08000000,1776268799999,216.77158000,5,1793.78000000,208.15278000,0
2026-04-15 16:00:00,0.117,0.122,0.117,0.121,1408.44000000,1776283199999,168.78397000,20,886.70000000,106.58550000,0
2026-04-15 20:00:00,0.12,0.121,0.12,0.12,3670.62000000,1776297599999,442.02700000,7,3526.98000000,424.79020000,0
2026-04-16 00:00:00,0.119,0.121,0.118,0.121,3320.19000000,1776311999999,397.51770000,14,2415.52000000,289.93300000,0
2026-04-16 04:00:00,0.122,0.122,0.122,0.122,1634.92000000,1776326399999,199.46024000,2,1634.92000000,199.46024000,0
2026-04-16 08:00:00,0.123,0.123,0.123,0.123,810.73000000,1776340799999,99.71979000,1,810.73000000,99.71979000,0
2026-04-16 12:00:00,0.123,0.13,0.123,0.13,6866.35000000,1776355199999,857.92198000,31,5411.25000000,677.15032000,0
2026-04-16 16:00:00,0.131,0.132,0.126,0.132,1347.70000000,1776369599999,172.87661000,16,717.62000000,92.72390000,0
2026-04-16 20:00:00,0.13,0.132,0.13,0.132,132.58000000,1776383999999,17.36798000,4,66.29000000,8.75028000,0
2026-04-17 00:00:00,0.131,0.134,0.131,0.132,4026.07000000,1776398399999,531.61745000,17,1951.30000000,258.07713000,0
2026-04-17 04:00:00,0.132,0.132,0.128,0.13,508.58000000,1776412799999,66.05045000,10,221.87000000,29.15218000,0
2026-04-17 08:00:00,0.131,0.132,0.13,0.132,220.54000000,1776427199999,28.86959000,3,133.10000000,17.50239000,0
2026-04-17 12:00:00,0.133,0.136,0.133,0.133,841.04000000,1776441599999,112.76221000,9,260.20000000,34.99445000,0
2026-04-17 16:00:00,0.134,0.134,0.134,0.134,126.20000000,1776455999999,16.91080000,1,126.20000000,16.91080000,0
2026-04-17 20:00:00,0.135,0.144,0.134,0.135,28843.02000000,1776470399999,3970.41320000,40,18756.31000000,2618.03823000,0
2026-04-18 00:00:00,0.135,0.143,0.131,0.132,1567045.14000000,1776484799999,211072.90387000,811,912163.37000000,124291.01957000,0
2026-04-18 04:00:00,0.133,0.134,0.133,0.134,742.64000000,1776499199999,99.02236000,7,742.64000000,99.02236000,0
2026-04-18 08:00:00,0.132,0.132,0.128,0.128,6605.16000000,1776513599999,869.26700000,20,5535.67000000,730.06515000,0
2026-04-18 12:00:00,0.128,0.128,0.128,0.128,0.00000000,1776527999999,0.00000000,0,0.00000000,0.00000000,0
2026-04-18 16:00:00,0.129,0.13,0.127,0.127,1310.42000000,1776542399999,168.08754000,32,605.20000000,78.09122000,0
2026-04-18 20:00:00,0.126,0.127,0.126,0.126,735.09000000,1776556799999,92.66842000,4,47.08000000,5.97916000,0
2026-04-19 00:00:00,0.125,0.126,0.123,0.123,254.39000000,1776571199999,31.63498000,5,45.87000000,5.77962000,0
2026-04-19 04:00:00,0.123,0.123,0.123,0.123,0.00000000,1776585599999,0.00000000,0,0.00000000,0.00000000,0
2026-04-19 08:00:00,0.123,0.124,0.123,0.124,1958.35000000,1776599999999,240.95835000,2,81.30000000,10.08120000,0
2026-04-19 12:00:00,0.125,0.126,0.124,0.124,450.67000000,1776614399999,56.25294000,6,220.21000000,27.59575000,0
2026-04-19 16:00:00,0.123,0.124,0.122,0.123,687.35000000,1776628799999,84.72371000,9,546.64000000,67.48702000,0
2026-04-19 20:00:00,0.122,0.122,0.12,0.12,645.93000000,1776643199999,78.02298000,7,81.96000000,9.99912000,0
2026-04-20 00:00:00,0.121,0.122,0.121,0.122,248.41000000,1776657599999,30.23420000,3,248.41000000,30.23420000,0
2026-04-20 04:00:00,0.121,0.124,0.121,0.123,306.65000000,1776671999999,37.56349000,5,153.28000000,18.84144000,0
2026-04-20 08:00:00,0.122,0.122,0.122,0.122,70.64000000,1776686399999,8.61808000,1,0.00000000,0.00000000,0
2026-04-20 12:00:00,0.124,0.124,0.122,0.122,141.28000000,1776700799999,17.37744000,2,70.64000000,8.75936000,0
2026-04-20 16:00:00,0.124,0.125,0.124,0.125,262.81000000,1776715199999,32.78061000,3,262.81000000,32.78061000,0
2026-04-20 20:00:00,0.125,0.125,0.125,0.125,0.00000000,1776729599999,0.00000000,0,0.00000000,0.00000000,0
2026-04-21 00:00:00,0.124,0.124,0.123,0.123,312.10000000,1776743999999,38.63033000,2,242.03000000,30.01172000,0
2026-04-21 04:00:00,0.123,0.123,0.123,0.123,0.00000000,1776758399999,0.00000000,0,0.00000000,0.00000000,0
2026-04-21 08:00:00,0.125,0.125,0.125,0.125,70.07000000,1776772799999,8.75875000,1,70.07000000,8.75875000,0
2026-04-21 12:00:00,0.123,0.124,0.122,0.124,2135.31000000,1776787199999,262.51917000,9,70.64000000,8.75936000,0
2026-04-21 16:00:00,0.124,0.124,0.121,0.121,374.37000000,1776801599999,45.68256000,9,151.87000000,18.68942000,0
2026-04-21 20:00:00,0.122,0.122,0.122,0.122,71.23000000,1776815999999,8.69006000,1,71.23000000,8.69006000,0
2026-04-22 00:00:00,0.124,0.126,0.124,0.126,220.71000000,1776830399999,27.59811000,4,220.71000000,27.59811000,0
2026-04-22 04:00:00,0.127,0.128,0.126,0.128,1166.69000000,1776844799999,148.86538000,7,844.68000000,108.05009000,0
2026-04-22 08:00:00,0.128,0.128,0.128,0.128,0.00000000,1776859199999,0.00000000,0,0.00000000,0.00000000,0
2026-04-22 12:00:00,0.126,0.126,0.126,0.126,77.18000000,1776873599999,9.72468000,3,0.00000000,0.00000000,0
2026-04-22 16:00:00,0.128,0.128,0.125,0.125,329.52000000,1776887999999,41.46360000,6,68.40000000,8.75520000,0
2026-04-22 20:00:00,0.125,0.125,0.122,0.122,969.19000000,1776902399999,119.65025000,10,281.96000000,34.99912000,0
2026-04-23 00:00:00,0.121,0.121,0.118,0.118,1863.37000000,1776916799999,223.15179000,27,401.82000000,48.47414000,0
2026-04-23 04:00:00,0.118,0.119,0.118,0.119,874.85000000,1776931199999,103.92844000,8,772.90000000,91.89834000,0
2026-04-23 08:00:00,0.119,0.119,0.119,0.119,0.00000000,1776945599999,0.00000000,0,0.00000000,0.00000000,0
2026-04-23 12:00:00,0.12,0.122,0.12,0.122,355.69000000,1776959999999,43.17752000,4,355.69000000,43.17752000,0
2026-04-23 16:00:00,0.121,0.121,0.118,0.119,503.78000000,1776974399999,60.09106000,13,73.04000000,8.69176000,0
2026-04-23 20:00:00,0.12,0.121,0.12,0.121,279.17000000,1776988799999,33.57222000,3,279.17000000,33.57222000,0
2026-04-24 00:00:00,0.122,0.122,0.121,0.121,142.46000000,1777003199999,17.30889000,4,71.23000000,8.69006000,0
2026-04-24 04:00:00,0.122,0.122,0.121,0.121,1052.08000000,1777017599999,128.28253000,5,980.85000000,119.66370000,0
2026-04-24 08:00:00,0.122,0.123,0.122,0.123,205.57000000,1777031999999,25.21388000,2,205.57000000,25.21388000,0
2026-04-24 12:00:00,0.123,0.123,0.123,0.123,494.49000000,1777046399999,60.82227000,1,494.49000000,60.82227000,0
2026-04-24 16:00:00,0.124,0.125,0.124,0.125,909.46000000,1777060799999,113.10512000,5,909.46000000,113.10512000,0
2026-04-24 20:00:00,0.126,0.126,0.126,0.126,195.74000000,1777075199999,24.66324000,2,195.74000000,24.66324000,0
2026-04-25 00:00:00,0.127,0.128,0.127,0.127,371.28000000,1777089599999,47.22096000,3,137.35000000,17.51185000,0
2026-04-25 04:00:00,0.129,0.13,0.129,0.13,272.79000000,1777103999999,35.23682000,4,272.79000000,35.23682000,0
2026-04-25 08:00:00,0.131,0.133,0.128,0.128,1866.70000000,1777118399999,242.93759000,19,759.92000000,100.54510000,0
2026-04-25 12:00:00,0.127,0.127,0.126,0.126,275.86000000,1777132799999,34.82622000,5,0.00000000,0.00000000,0
2026-04-25 16:00:00,0.125,0.125,0.124,0.124,138.45000000,1777147199999,17.23675000,4,0.00000000,0.00000000,0
2026-04-25 20:00:00,0.124,0.124,0.124,0.124,0.00000000,1777161599999,0.00000000,0,0.00000000,0.00000000,0
2026-04-26 00:00:00,0.124,0.124,0.124,0.124,0.00000000,1777175999999,0.00000000,0,0.00000000,0.00000000,0
2026-04-26 04:00:00,0.126,0.126,0.126,0.126,403.04000000,1777190399999,50.78304000,2,403.04000000,50.78304000,0
2026-04-26 08:00:00,0.127,0.127,0.127,0.127,68.95000000,1777204799999,8.75665000,1,68.95000000,8.75665000,0
2026-04-26 12:00:00,0.125,0.126,0.125,0.126,115.65000000,1777219199999,14.50295000,3,0.00000000,0.00000000,0
2026-04-26 16:00:00,0.127,0.127,0.127,0.127,68.95000000,1777233599999,8.75665000,1,68.95000000,8.75665000,0
2026-04-26 20:00:00,0.125,0.125,0.125,0.125,1587.30000000,1777247999999,198.41250000,3,0.00000000,0.00000000,0
2026-04-27 00:00:00,0.127,0.128,0.127,0.128,137.35000000,1777262399999,17.51185000,2,137.35000000,17.51185000,0
2026-04-27 04:00:00,0.126,0.126,0.123,0.123,276.92000000,1777276799999,34.47376000,8,0.00000000,0.00000000,0
2026-04-27 08:00:00,0.122,0.122,0.121,0.122,701.21000000,1777291199999,84.98828000,6,71.23000000,8.69006000,0
2026-04-27 12:00:00,0.122,0.13,0.12,0.12,10761.72000000,1777305599999,1363.87880000,32,4716.31000000,581.76397000,0
2026-04-27 16:00:00,0.12,0.121,0.12,0.12,642.29000000,1777319999999,77.14662000,4,570.47000000,68.52822000,0
2026-04-27 20:00:00,0.121,0.122,0.121,0.122,473.02000000,1777334399999,57.63662000,4,473.02000000,57.63662000,0
2026-04-28 00:00:00,0.122,0.122,0.122,0.122,0.00000000,1777348799999,0.00000000,0,0.00000000,0.00000000,0
2026-04-28 04:00:00,0.122,0.122,0.122,0.122,0.00000000,1777363199999,0.00000000,0,0.00000000,0.00000000,0
2026-04-28 08:00:00,0.121,0.121,0.121,0.121,71.23000000,1777377599999,8.61883000,2,0.00000000,0.00000000,0
2026-04-28 12:00:00,0.121,0.121,0.121,0.121,0.00000000,1777391999999,0.00000000,0,0.00000000,0.00000000,0
2026-04-28 16:00:00,0.122,0.122,0.121,0.121,142.46000000,1777406399999,17.30889000,2,71.23000000,8.69006000,0
2026-04-28 20:00:00,0.122,0.122,0.121,0.121,142.46000000,1777420799999,17.30889000,3,71.23000000,8.69006000,0
2026-04-29 00:00:00,0.122,0.122,0.122,0.122,71.23000000,1777435199999,8.69006000,1,71.23000000,8.69006000,0
2026-04-29 04:00:00,0.124,0.124,0.124,0.124,70.64000000,1777449599999,8.75936000,1,70.64000000,8.75936000,0
2026-04-29 08:00:00,0.125,0.126,0.124,0.124,690.75000000,1777463999999,86.82543000,6,621.25000000,78.20743000,0
2026-04-29 12:00:00,0.123,0.123,0.118,0.118,1139.69000000,1777478399999,136.64154000,17,71.82000000,8.69022000,0
2026-04-29 16:00:00,0.119,0.12,0.116,0.118,1439.14000000,1777492799999,168.59022000,20,367.72000000,43.46024000,0
2026-04-29 20:00:00,0.119,0.12,0.119,0.12,576.49000000,1777507199999,68.67473000,3,145.46000000,17.38216000,0
2026-04-30 00:00:00,0.121,0.121,0.12,0.12,143.64000000,1777521599999,17.30862000,3,71.82000000,8.69022000,0
2026-04-30 04:00:00,0.119,0.12,0.119,0.12,144.84000000,1777535999999,17.30838000,3,72.42000000,8.69040000,0
2026-04-30 08:00:00,0.121,0.122,0.121,0.122,143.05000000,1777550399999,17.38028000,2,143.05000000,17.38028000,0
2026-04-30 12:00:00,0.121,0.121,0.121,0.121,71.23000000,1777564799999,8.61883000,3,0.00000000,0.00000000,0
2026-04-30 16:00:00,0.121,0.121,0.121,0.121,0.00000000,1777579199999,0.00000000,0,0.00000000,0.00000000,0
2026-04-30 20:00:00,0.12,0.12,0.12,0.12,833.50000000,1777593599999,100.02000000,2,0.00000000,0.00000000,0
2026-05-01 00:00:00,0.121,0.122,0.121,0.122,278.64000000,1777607999999,33.92226000,3,143.05000000,17.38028000,0
2026-05-01 04:00:00,0.123,0.123,0.121,0.121,614.58000000,1777622399999,75.45088000,4,543.35000000,66.83205000,0
2026-05-01 08:00:00,0.121,0.121,0.121,0.121,0.00000000,1777636799999,0.00000000,0,0.00000000,0.00000000,0
2026-05-01 12:00:00,0.122,0.122,0.122,0.122,71.23000000,1777651199999,8.69006000,1,71.23000000,8.69006000,0
2026-05-01 16:00:00,0.122,0.122,0.122,0.122,203.25000000,1777665599999,24.79650000,1,203.25000000,24.79650000,0
2026-05-01 20:00:00,0.121,0.121,0.121,0.121,71.23000000,1777679999999,8.61883000,3,0.00000000,0.00000000,0
2026-05-02 00:00:00,0.121,0.121,0.121,0.121,0.00000000,1777694399999,0.00000000,0,0.00000000,0.00000000,0
2026-05-02 04:00:00,0.12,0.12,0.12,0.12,71.82000000,1777708799999,8.61840000,2,0.00000000,0.00000000,0
2026-05-02 08:00:00,0.121,0.121,0.121,0.121,122.05000000,1777723199999,14.76805000,2,71.82000000,8.69022000,0
2026-05-02 12:00:00,0.122,0.122,0.122,0.122,71.23000000,1777737599999,8.69006000,1,71.23000000,8.69006000,0
2026-05-02 16:00:00,0.124,0.125,0.123,0.125,1810.62000000,1777751999999,226.11672000,6,1740.55000000,217.49811000,0
2026-05-02 20:00:00,0.126,0.126,0.126,0.126,69.50000000,1777766399999,8.75700000,1,69.50000000,8.75700000,0
2026-05-03 00:00:00,0.124,0.124,0.123,0.123,139.57000000,1777780799999,17.23661000,4,0.00000000,0.00000000,0
2026-05-03 04:00:00,0.122,0.122,0.122,0.122,70.64000000,1777795199999,8.61808000,2,0.00000000,0.00000000,0
2026-05-03 08:00:00,0.122,0.122,0.122,0.122,0.00000000,1777809599999,0.00000000,0,0.00000000,0.00000000,0
2026-05-03 12:00:00,0.122,0.122,0.122,0.122,0.00000000,1777823999999,0.00000000,0,0.00000000,0.00000000,0
2026-05-03 16:00:00,0.121,0.122,0.121,0.122,884.24000000,1777838399999,107.06427000,3,71.23000000,8.69006000,0
2026-05-03 20:00:00,0.124,0.124,0.124,0.124,70.64000000,1777852799999,8.75936000,1,70.64000000,8.75936000,0
2026-05-04 00:00:00,0.122,0.127,0.122,0.127,349.80000000,1777867199999,43.64984000,6,279.16000000,35.03176000,0
2026-05-04 04:00:00,0.126,0.128,0.125,0.125,574.88000000,1777881599999,72.79181000,7,212.94000000,27.25632000,0
2026-05-04 08:00:00,0.124,0.124,0.12,0.121,708.65000000,1777895999999,86.02423000,16,143.05000000,17.38028000,0
2026-05-04 12:00:00,0.122,0.125,0.122,0.123,515.42000000,1777910399999,63.53621000,7,211.94000000,26.20817000,0
2026-05-04 16:00:00,0.122,0.125,0.122,0.125,211.35000000,1777924799999,26.13619000,5,140.71000000,17.51811000,0
2026-05-04 20:00:00,0.125,0.125,0.125,0.125,0.00000000,1777939199999,0.00000000,0,0.00000000,0.00000000,0
2026-05-05 00:00:00,0.126,0.128,0.126,0.128,347.26000000,1777953599999,44.10092000,4,347.26000000,44.10092000,0
2026-05-05 04:00:00,0.128,0.128,0.128,0.128,0.00000000,1777967999999,0.00000000,0,0.00000000,0.00000000,0
2026-05-05 08:00:00,0.129,0.13,0.129,0.13,7827.23000000,1777982399999,1017.47204000,11,4319.43000000,561.45804000,0
2026-05-05 12:00:00,0.128,0.128,0.127,0.127,76.20000000,1777996799999,9.74473000,3,0.00000000,0.00000000,0
2026-05-05 16:00:00,0.127,0.127,0.127,0.127,58.99000000,1778011199999,7.49173000,2,0.00000000,0.00000000,0
2026-05-05 20:00:00,0.129,0.13,0.128,0.128,202.52000000,1778025599999,26.12508000,4,135.19000000,17.50684000,0
2026-05-06 00:00:00,0.13,0.132,0.13,0.132,614.97000000,1778039999999,80.35067000,5,405.61000000,53.13387000,0
2026-05-06 04:00:00,0.132,0.133,0.132,0.133,1959.72000000,1778054399999,258.74883000,2,1959.72000000,258.74883000,0
2026-05-06 08:00:00,0.134,0.136,0.134,0.135,10262.96000000,1778068799999,1385.50783000,6,10163.61000000,1372.09558000,0
2026-05-06 12:00:00,0.137,0.137,0.132,0.135,6118.11000000,1778083199999,825.46026000,19,716.20000000,97.49326000,0
2026-05-06 16:00:00,0.137,0.139,0.136,0.139,780.72000000,1778097599999,107.48495000,13,653.98000000,90.24831000,0
2026-05-06 20:00:00,0.141,0.148,0.139,0.142,3373.84000000,1778111999999,482.44879000,27,1802.43000000,258.26080000,0
2026-05-07 00:00:00,0.143,0.144,0.139,0.139,296.20000000,1778126399999,42.28495000,9,163.74000000,23.56870000,0
2026-05-07 04:00:00,0.141,0.152,0.141,0.144,1643.92000000,1778140799999,241.03755000,20,1018.12000000,150.44161000,0
2026-05-07 08:00:00,0.147,0.147,0.147,0.147,59.44000000,1778155199999,8.73768000,1,59.44000000,8.73768000,0
2026-05-07 12:00:00,0.149,0.149,0.143,0.145,1578.94000000,1778169599999,234.06142000,7,1399.20000000,208.23972000,0
2026-05-07 16:00:00,0.147,0.148,0.145,0.147,975.82000000,1778183999999,142.76257000,12,482.33000000,71.20652000,0
2026-05-07 20:00:00,0.145,0.147,0.145,0.147,189.44000000,1778198399999,27.58768000,3,59.44000000,8.73768000,0
2026-05-08 00:00:00,0.149,0.15,0.148,0.148,699.30000000,1778212799999,104.40753000,3,522.68000000,78.26777000,0
2026-05-08 04:00:00,0.151,0.151,0.145,0.147,2390.40000000,1778227199999,353.82289000,11,558.53000000,84.10027000,0
2026-05-08 08:00:00,0.146,0.148,0.146,0.146,337.61000000,1778241599999,49.40157000,4,0.00000000,0.00000000,0
2026-05-08 12:00:00,0.146,0.146,0.146,0.146,0.00000000,1778255999999,0.00000000,0,0.00000000,0.00000000,0
2026-05-08 16:00:00,0.151,0.166,0.146,0.148,21457.06000000,1778270399999,3410.95120000,25,6617.84000000,1050.36702000,0
2026-05-08 20:00:00,0.16,0.182,0.15,0.15,483992.84000000,1778284799999,84183.82049000,56,479174.99000000,83357.10874000,0
2026-05-09 00:00:00,0.169,0.171,0.167,0.17,1235.93000000,1778299199999,208.44429000,15,565.82000000,95.53475000,0
2026-05-09 04:00:00,0.168,0.17,0.165,0.17,2397.73000000,1778313599999,406.02893000,11,382.14000000,64.56118000,0
2026-05-09 08:00:00,0.165,0.17,0.16,0.16,22036.91000000,1778327999999,3609.68629000,16,124.74000000,21.03390000,0
2026-05-09 12:00:00,0.166,0.167,0.166,0.167,140.89000000,1778342399999,23.46641000,2,140.89000000,23.46641000,0
2026-05-09 16:00:00,0.167,0.167,0.167,0.167,36.16000000,1778356799999,6.03872000,1,36.16000000,6.03872000,0
2026-05-09 20:00:00,0.167,0.167,0.167,0.167,0.00000000,1778371199999,0.00000000,0,0.00000000,0.00000000,0
2026-05-10 00:00:00,0.163,0.163,0.161,0.163,9727.94000000,1778385599999,1585.46212000,7,65.84000000,10.66608000,0
2026-05-10 04:00:00,0.161,0.164,0.161,0.161,27100.43000000,1778399999999,4363.53406000,4,121.61000000,19.94404000,0
2026-05-10 08:00:00,0.161,0.161,0.161,0.161,23191.00000000,1778414399999,3733.75100000,2,0.00000000,0.00000000,0
2026-05-10 12:00:00,0.165,0.166,0.162,0.162,9994.95000000,1778428799999,1622.05317000,5,831.95000000,137.64717000,0
2026-05-10 16:00:00,0.164,0.165,0.164,0.165,173.40000000,1778443199999,28.52430000,2,173.40000000,28.52430000,0
2026-05-10 20:00:00,0.161,0.163,0.155,0.163,1267.31000000,1778457599999,201.78066000,13,302.90000000,49.05335000,0
2026-05-11 00:00:00,0.164,0.164,0.159,0.159,902.29000000,1778471999999,145.77710000,5,214.15000000,35.12060000,0
2026-05-11 04:00:00,0.161,0.161,0.161,0.161,94.06000000,1778486399999,15.14366000,1,94.06000000,15.14366000,0
2026-05-11 08:00:00,0.162,0.162,0.159,0.159,1267.32000000,1778500799999,205.20756000,2,1234.56000000,199.99872000,0
2026-05-11 12:00:00,0.158,0.158,0.157,0.157,5676.67000000,1778515199999,896.73471000,4,0.00000000,0.00000000,0
2026-05-11 16:00:00,0.158,0.158,0.158,0.158,12.57000000,1778529599999,1.98606000,1,12.57000000,1.98606000,0
2026-05-11 20:00:00,0.158,0.158,0.158,0.158,0.00000000,1778543999999,0.00000000,0,0.00000000,0.00000000,0
2026-05-12 00:00:00,0.158,0.158,0.151,0.156,1628.38000000,1778558399999,253.25313000,9,63.22000000,9.98876000,0
2026-05-12 04:00:00,0.156,0.156,0.156,0.156,0.00000000,1778572799999,0.00000000,0,0.00000000,0.00000000,0
2026-05-12 08:00:00,0.156,0.156,0.156,0.156,0.00000000,1778587199999,0.00000000,0,0.00000000,0.00000000,0
2026-05-12 12:00:00,0.153,0.153,0.153,0.153,125.79000000,1778601599999,19.24587000,1,125.79000000,19.24587000,0
2026-05-12 16:00:00,0.15,0.152,0.15,0.152,816.83000000,1778615999999,122.55814000,6,16.82000000,2.55664000,0
2026-05-12 20:00:00,0.152,0.152,0.152,0.152,0.00000000,1778630399999,0.00000000,0,0.00000000,0.00000000,0
2026-05-13 00:00:00,0.154,0.155,0.154,0.155,210.58000000,1778644799999,32.53461000,2,210.58000000,32.53461000,0
2026-05-13 04:00:00,0.155,0.155,0.155,0.155,0.00000000,1778659199999,0.00000000,0,0.00000000,0.00000000,0
2026-05-13 08:00:00,0.156,0.156,0.156,0.156,105.29000000,1778673599999,16.42524000,1,105.29000000,16.42524000,0
2026-05-13 12:00:00,0.151,0.151,0.145,0.145,491.71000000,1778687999999,73.18740000,11,0.00000000,0.00000000,0
2026-05-13 16:00:00,0.147,0.147,0.147,0.147,59.44000000,1778702399999,8.73768000,1,59.44000000,8.73768000,0
2026-05-13 20:00:00,0.147,0.147,0.147,0.147,0.00000000,1778716799999,0.00000000,0,0.00000000,0.00000000,0
2026-05-14 00:00:00,0.145,0.145,0.145,0.145,59.44000000,1778731199999,8.61880000,2,0.00000000,0.00000000,0
2026-05-14 04:00:00,0.147,0.147,0.147,0.147,59.44000000,1778745599999,8.73768000,1,59.44000000,8.73768000,0
2026-05-14 08:00:00,0.145,0.145,0.145,0.145,183.57000000,1778759999999,26.61765000,4,0.00000000,0.00000000,0
2026-05-14 12:00:00,0.147,0.147,0.147,0.147,59.44000000,1778774399999,8.73768000,1,59.44000000,8.73768000,0
2026-05-14 16:00:00,0.15,0.15,0.15,0.15,65.68000000,1778788799999,9.85200000,2,65.68000000,9.85200000,0
2026-05-14 20:00:00,0.145,0.145,0.145,0.145,59.44000000,1778803199999,8.61880000,2,0.00000000,0.00000000,0
2026-05-15 00:00:00,0.145,0.145,0.145,0.145,13.96000000,1778817599999,2.02420000,1,0.00000000,0.00000000,0
2026-05-15 04:00:00,0.143,0.143,0.141,0.141,321.95000000,1778831999999,45.85592000,7,0.00000000,0.00000000,0
2026-05-15 08:00:00,0.141,0.141,0.141,0.141,0.00000000,1778846399999,0.00000000,0,0.00000000,0.00000000,0
2026-05-15 12:00:00,0.139,0.139,0.135,0.135,268.12000000,1778860799999,36.69739000,10,16.00000000,2.22400000,0
2026-05-15 16:00:00,0.137,0.138,0.136,0.138,439.71000000,1778875199999,59.99114000,3,127.21000000,17.49114000,0
2026-05-15 20:00:00,0.138,0.138,0.138,0.138,584.99000000,1778889599999,80.72862000,2,584.99000000,80.72862000,0
2026-05-16 00:00:00,0.138,0.138,0.138,0.138,0.00000000,1778903999999,0.00000000,0,0.00000000,0.00000000,0
2026-05-16 04:00:00,0.136,0.136,0.132,0.134,1899.51000000,1778918399999,255.73496000,21,483.20000000,64.48364000,0
2026-05-16 08:00:00,0.132,0.132,0.132,0.132,65.29000000,1778932799999,8.61828000,3,0.00000000,0.00000000,0
2026-05-16 12:00:00,0.134,0.134,0.134,0.134,65.29000000,1778947199999,8.74886000,1,65.29000000,8.74886000,0
2026-05-16 16:00:00,0.135,0.135,0.135,0.135,64.80000000,1778961599999,8.74800000,1,64.80000000,8.74800000,0
2026-05-16 20:00:00,0.135,0.135,0.135,0.135,0.00000000,1778975999999,0.00000000,0,0.00000000,0.00000000,0
2026-05-17 00:00:00,0.133,0.133,0.132,0.132,130.09000000,1778990399999,17.23668000,5,0.00000000,0.00000000,0
2026-05-17 04:00:00,0.132,0.132,0.132,0.132,0.00000000,1779004799999,0.00000000,0,0.00000000,0.00000000,0
2026-05-17 08:00:00,0.134,0.134,0.134,0.134,65.29000000,1779019199999,8.74886000,1,65.29000000,8.74886000,0
2026-05-17 12:00:00,0.132,0.132,0.131,0.131,131.08000000,1779033599999,17.23677000,4,0.00000000,0.00000000,0
2026-05-17 16:00:00,0.131,0.131,0.131,0.131,0.00000000,1779047999999,0.00000000,0,0.00000000,0.00000000,0
2026-05-17 20:00:00,0.132,0.132,0.124,0.128,2078.81000000,1779062399999,268.14906000,26,1190.54000000,155.34981000,0
2026-05-18 00:00:00,0.128,0.129,0.128,0.129,208.48000000,1779076799999,26.75330000,2,67.86000000,8.75394000,0
2026-05-18 04:00:00,0.127,0.127,0.127,0.127,67.86000000,1779091199999,8.61822000,2,0.00000000,0.00000000,0
2026-05-18 08:00:00,0.126,0.126,0.126,0.126,35.07000000,1779105599999,4.41882000,2,0.00000000,0.00000000,0
2026-05-18 12:00:00,0.126,0.126,0.124,0.124,414.39000000,1779119999999,51.51997000,7,0.00000000,0.00000000,0
2026-05-18 16:00:00,0.126,0.127,0.126,0.127,138.45000000,1779134399999,17.51365000,2,138.45000000,17.51365000,0
2026-05-18 20:00:00,0.128,0.129,0.128,0.129,380.77000000,1779148799999,49.05093000,3,380.77000000,49.05093000,0
2026-05-19 00:00:00,0.13,0.13,0.13,0.13,46.38000000,1779163199999,6.02940000,1,46.38000000,6.02940000,0
2026-05-19 04:00:00,0.129,0.129,0.129,0.129,147.59000000,1779177599999,19.03911000,1,147.59000000,19.03911000,0
2026-05-19 08:00:00,0.129,0.129,0.129,0.129,0.00000000,1779191999999,0.00000000,0,0.00000000,0.00000000,0
2026-05-19 12:00:00,0.127,0.127,0.126,0.126,136.26000000,1779206399999,17.23662000,4,0.00000000,0.00000000,0
2026-05-19 16:00:00,0.126,0.127,0.126,0.126,89.04000000,1779220799999,11.27051000,5,0.00000000,0.00000000,0
2026-05-19 20:00:00,0.126,0.126,0.126,0.126,0.00000000,1779235199999,0.00000000,0,0.00000000,0.00000000,0
2026-05-20 00:00:00,0.126,0.126,0.126,0.126,0.00000000,1779249599999,0.00000000,0,0.00000000,0.00000000,0
2026-05-20 04:00:00,0.126,0.126,0.126,0.126,0.00000000,1779263999999,0.00000000,0,0.00000000,0.00000000,0
2026-05-20 08:00:00,0.126,0.126,0.126,0.126,0.00000000,1779278399999,0.00000000,0,0.00000000,0.00000000,0
2026-05-20 12:00:00,0.125,0.129,0.125,0.129,274.16000000,1779292799999,34.88454000,5,205.21000000,26.26579000,0
2026-05-20 16:00:00,0.13,0.13,0.13,0.13,213.25000000,1779307199999,27.72250000,2,213.25000000,27.72250000,0
2026-05-20 20:00:00,0.13,0.131,0.128,0.128,664.52000000,1779321599999,86.45176000,7,530.38000000,69.21503000,0
2026-05-21 00:00:00,0.13,0.131,0.13,0.131,134.14000000,1779335999999,17.50501000,2,134.14000000,17.50501000,0
2026-05-21 04:00:00,0.131,0.131,0.131,0.131,0.00000000,1779350399999,0.00000000,0,0.00000000,0.00000000,0
2026-05-21 08:00:00,0.129,0.129,0.128,0.128,134.14000000,1779364799999,17.23673000,4,0.00000000,0.00000000,0
2026-05-21 12:00:00,0.13,0.13,0.13,0.13,67.33000000,1779379199999,8.75290000,1,67.33000000,8.75290000,0
2026-05-21 16:00:00,0.131,0.132,0.131,0.132,133.10000000,1779393599999,17.50239000,2,133.10000000,17.50239000,0
2026-05-21 20:00:00,0.133,0.133,0.133,0.133,65.79000000,1779407999999,8.75007000,1,65.79000000,8.75007000,0
2026-05-22 00:00:00,0.131,0.133,0.13,0.133,1033.22000000,1779422399999,135.43122000,7,371.04000000,49.28203000,0
2026-05-22 04:00:00,0.134,0.134,0.132,0.134,568.02000000,1779436799999,75.64719000,11,334.43000000,44.77202000,0
2026-05-22 08:00:00,0.135,0.135,0.135,0.135,64.80000000,1779451199999,8.74800000,1,64.80000000,8.74800000,0
2026-05-22 12:00:00,0.134,0.136,0.134,0.134,870.39000000,1779465599999,116.95038000,12,159.06000000,21.60488000,0
2026-05-22 16:00:00,0.133,0.134,0.128,0.129,1676.86000000,1779479999999,221.23879000,30,97.75000000,12.95465000,0
2026-05-22 20:00:00,0.128,0.128,0.127,0.127,168.87000000,1779494399999,21.47526000,6,0.00000000,0.00000000,0
2026-05-23 00:00:00,0.126,0.128,0.125,0.128,861.96000000,1779508799999,108.49139000,14,268.62000000,34.18268000,0
2026-05-23 04:00:00,0.127,0.127,0.122,0.122,870.94000000,1779523199999,107.86415000,24,0.00000000,0.00000000,0
2026-05-23 08:00:00,0.123,0.123,0.123,0.123,61020.32000000,1779537599999,7505.49936000,15,5968.44000000,734.11812000,0
2026-05-23 12:00:00,0.122,0.126,0.122,0.126,1054.93000000,1779551999999,130.97226000,14,979.74000000,121.79908000,0
2026-05-23 16:00:00,0.127,0.131,0.127,0.13,640.95000000,1779566399999,82.65869000,15,612.62000000,78.97579000,0
2026-05-23 20:00:00,0.131,0.133,0.13,0.13,612.11000000,1779580799999,80.47068000,16,272.36000000,36.05869000,0
2026-05-24 00:00:00,0.131,0.131,0.129,0.129,573.42000000,1779595199999,74.66183000,15,378.83000000,49.50306000,0
2026-05-24 04:00:00,0.128,0.129,0.127,0.129,473.84000000,1779609599999,60.61528000,12,185.25000000,23.86825000,0
2026-05-24 08:00:00,0.128,0.128,0.128,0.128,100.47000000,1779623999999,12.86016000,5,0.00000000,0.00000000,0
2026-05-24 12:00:00,0.128,0.128,0.124,0.126,8625.03000000,1779638399999,1101.97001000,35,143.25000000,18.04950000,0
2026-05-24 16:00:00,0.127,0.127,0.127,0.127,141.76000000,1779652799999,18.00352000,3,141.76000000,18.00352000,0
2026-05-24 20:00:00,0.126,0.126,0.124,0.126,390.15000000,1779667199999,48.83291000,12,105.14000000,13.24764000,0
2026-05-25 00:00:00,0.126,0.126,0.125,0.125,173.95000000,1779681599999,21.85878000,5,115.03000000,14.49378000,0
2026-05-25 04:00:00,0.126,0.127,0.126,0.127,171.22000000,1779695999999,21.71548000,4,171.22000000,21.71548000,0
2026-05-25 08:00:00,0.128,0.129,0.127,0.129,342.39000000,1779710399999,43.86067000,6,237.27000000,30.51043000,0
2026-05-25 12:00:00,0.13,0.132,0.13,0.132,679.13000000,1779724799999,88.88852000,9,679.13000000,88.88852000,0
2026-05-25 16:00:00,0.132,0.132,0.13,0.13,240.15000000,1779739199999,31.46638000,4,123.44000000,16.29408000,0
2026-05-25 20:00:00,0.131,0.131,0.129,0.13,285.86000000,1779753599999,37.05220000,10,99.45000000,12.95683000,0
2026-05-26 00:00:00,0.129,0.129,0.128,0.128,1728.60000000,1779767999999,221.33192000,7,1561.38000000,199.85664000,0
2026-05-26 04:00:00,0.129,0.13,0.129,0.13,309.46000000,1779782399999,40.12991000,9,238.34000000,30.95543000,0
2026-05-26 08:00:00,0.131,0.135,0.131,0.134,656.95000000,1779796799999,87.46739000,15,629.47000000,83.78507000,0
2026-05-26 12:00:00,0.133,0.134,0.13,0.131,3073.57000000,1779811199999,408.20568000,38,414.10000000,55.29542000,0
2026-05-26 16:00:00,0.13,0.13,0.128,0.129,337.77000000,1779825599999,43.55120000,13,28.77000000,3.71133000,0
2026-05-26 20:00:00,0.129,0.129,0.129,0.129,506.28000000,1779839999999,65.31012000,2,506.28000000,65.31012000,0
2026-05-27 00:00:00,0.128,0.129,0.128,0.128,216.84000000,1779854399999,27.91482000,4,159.30000000,20.54970000,0
2026-05-27 04:00:00,0.127,0.128,0.126,0.128,750.05000000,1779868799999,94.91401000,13,170.21000000,21.71407000,0
2026-05-27 08:00:00,0.127,0.127,0.127,0.127,37.84000000,1779883199999,4.80568000,2,0.00000000,0.00000000,0
2026-05-27 12:00:00,0.128,0.13,0.126,0.13,793.36000000,1779897599999,101.36419000,22,550.34000000,70.71467000,0
2026-05-27 16:00:00,0.129,0.129,0.126,0.128,676.82000000,1779911999999,86.09259000,20,170.21000000,21.71407000,0
2026-05-27 20:00:00,0.127,0.127,0.123,0.124,571.72000000,1779926399999,71.21645000,20,44.65000000,5.53660000,0
2026-05-28 00:00:00,0.123,0.123,0.12,0.12,46866.93000000,1779940799999,5624.55887000,31,0.00000000,0.00000000,0
2026-05-28 04:00:00,0.12,0.12,0.116,0.118,38865.34000000,1779955199999,4571.95862000,37,258.52000000,30.39931000,0
2026-05-28 08:00:00,0.117,0.117,0.117,0.117,105.13000000,1779969599999,12.30021000,3,0.00000000,0.00000000,0
2026-05-28 12:00:00,0.116,0.117,0.114,0.115,966.33000000,1779983999999,111.44054000,21,278.06000000,32.21111000,0
2026-05-28 16:00:00,0.116,0.121,0.116,0.12,918.55000000,1779998399999,108.93579000,18,816.04000000,96.63459000,0
2026-05-28 20:00:00,0.119,0.12,0.119,0.119,532.40000000,1780012799999,63.50511000,11,233.38000000,27.92173000,0
2026-05-29 00:00:00,0.118,0.118,0.118,0.118,150.79000000,1780027199999,17.79322000,4,0.00000000,0.00000000,0
2026-05-29 04:00:00,0.117,0.119,0.117,0.119,361.05000000,1780041599999,42.64956000,8,255.92000000,30.34935000,0
2026-05-29 08:00:00,0.118,0.119,0.117,0.117,780.70000000,1780055999999,92.05019000,19,255.92000000,30.34935000,0
2026-05-29 12:00:00,0.116,0.121,0.114,0.12,1475.33000000,1780070399999,172.99397000,36,939.81000000,110.86814000,0
2026-05-29 16:00:00,0.121,0.122,0.119,0.119,649.37000000,1780084799999,78.27390000,16,249.93000000,30.38895000,0
2026-05-29 20:00:00,0.118,0.118,0.118,0.118,150.79000000,1780099199999,17.79322000,4,0.00000000,0.00000000,0
2026-05-30 00:00:00,0.119,0.123,0.119,0.122,1129.68000000,1780113599999,136.69980000,22,747.19000000,90.50024000,0
2026-05-30 04:00:00,0.121,0.121,0.12,0.121,352.44000000,1780127999999,42.49697000,10,102.51000000,12.40371000,0
2026-05-30 08:00:00,0.121,0.121,0.121,0.121,0.00000000,1780142399999,0.00000000,0,0.00000000,0.00000000,0
2026-05-30 12:00:00,0.121,0.122,0.121,0.121,573.72000000,1780156799999,69.68557000,8,472.06000000,57.38471000,0
2026-05-30 16:00:00,0.121,0.122,0.121,0.121,393.31000000,1780171199999,47.66392000,5,73.41000000,8.95602000,0
2026-05-30 20:00:00,0.122,0.122,0.121,0.121,160.34000000,1780185599999,19.45982000,6,58.68000000,7.15896000,0
2026-05-31 00:00:00,0.121,0.121,0.121,0.121,0.00000000,1780199999999,0.00000000,0,0.00000000,0.00000000,0
2026-05-31 04:00:00,0.12,0.12,0.119,0.119,297.78000000,1780214399999,35.58409000,9,0.00000000,0.00000000,0
2026-05-31 08:00:00,0.12,0.12,0.119,0.119,163.09000000,1780228799999,19.49371000,6,86.00000000,10.32000000,0
2026-05-31 12:00:00,0.119,0.119,0.117,0.118,535.38000000,1780243199999,62.92352000,11,105.13000000,12.40534000,0
2026-05-31 16:00:00,0.117,0.117,0.115,0.115,381.21000000,1780257599999,44.20280000,9,0.00000000,0.00000000,0
2026-05-31 20:00:00,0.116,0.119,0.116,0.118,682.79000000,1780271999999,80.36858000,14,532.00000000,62.57536000,0
2026-06-01 00:00:00,0.119,0.121,0.117,0.121,5671.26000000,1780286399999,665.43860000,32,860.08000000,102.37975000,0
2026-06-01 04:00:00,0.12,0.12,0.116,0.116,1182.27000000,1780300799999,139.25993000,25,367.62000000,43.40217000,0
2026-06-01 08:00:00,0.116,0.116,0.116,0.116,18.55000000,1780315199999,2.15180000,1,18.55000000,2.15180000,0
2026-06-01 12:00:00,0.115,0.116,0.115,0.116,1267.17000000,1780329599999,146.35786000,15,633.31000000,73.46396000,0
2026-06-01 16:00:00,0.117,0.124,0.117,0.124,1088.53000000,1780343999999,131.24635000,22,1043.88000000,125.75440000,0
2026-06-01 20:00:00,0.125,0.125,0.122,0.124,1065.27000000,1780358399999,131.25779000,19,522.08000000,64.84395000,0
2026-06-02 00:00:00,0.125,0.125,0.119,0.123,1577.67000000,1780372799999,191.22367000,39,677.15000000,82.48348000,0
2026-06-02 04:00:00,0.124,0.125,0.122,0.124,2182.61000000,1780387199999,268.30317000,23,813.00000000,100.98944000,0
2026-06-02 08:00:00,0.123,0.125,0.122,0.125,480.97000000,1780401599999,59.32879000,12,290.49000000,36.04558000,0
2026-06-02 12:00:00,0.124,0.126,0.116,0.116,4101.41000000,1780415999999,491.09948000,93,1227.96000000,148.76568000,0
2026-06-02 16:00:00,0.117,0.123,0.116,0.119,2608.22000000,1780430399999,310.07150000,57,1293.25000000,154.26516000,0
2026-06-02 20:00:00,0.118,0.121,0.114,0.115,1617.46000000,1780444799999,190.19658000,39,526.58000000,62.52247000,0
2026-06-03 00:00:00,0.116,0.119,0.115,0.115,1096.30000000,1780459199999,128.31818000,26,564.30000000,66.32216000,0
2026-06-03 04:00:00,0.116,0.126,0.116,0.126,1717.17000000,1780473599999,208.42178000,33,1641.98000000,199.24860000,0
2026-06-03 08:00:00,0.127,0.133,0.125,0.128,3246.58000000,1780487999999,418.47703000,64,1839.25000000,237.08915000,0
2026-06-03 12:00:00,0.127,0.129,0.125,0.126,1065.30000000,1780502399999,135.00736000,29,227.33000000,29.17919000,0
2026-06-03 16:00:00,0.125,0.125,0.122,0.123,2435.29000000,1780516799999,300.42753000,30,1407.00000000,174.28315000,0
2026-06-03 20:00:00,0.123,0.125,0.12,0.123,1314.80000000,1780531199999,160.93396000,34,585.07000000,71.97113000,0
2026-06-04 00:00:00,0.124,0.124,0.109,0.116,3721.47000000,1780545599999,425.72127000,87,1097.37000000,125.16901000,0
2026-06-04 04:00:00,0.115,0.115,0.108,0.108,10347.30000000,1780559999999,1149.47549000,51,171.65000000,19.20208000,0
2026-06-04 08:00:00,0.107,0.107,0.105,0.106,721.35000000,1780574399999,76.41713000,19,327.55000000,34.80161000,0
2026-06-04 12:00:00,0.107,0.115,0.106,0.115,1893.32000000,1780588799999,210.43725000,35,1463.79000000,163.10639000,0
2026-06-04 16:00:00,0.114,0.118,0.113,0.118,4657.88000000,1780603199999,533.73851000,46,4040.44000000,463.12442000,0
2026-06-04 20:00:00,0.117,0.117,0.11,0.112,1980.15000000,1780617599999,222.76088000,48,626.57000000,69.94197000,0
2026-06-05 00:00:00,0.111,0.112,0.108,0.108,1748.49000000,1780631999999,192.43291000,34,480.91000000,53.30263000,0
2026-06-05 04:00:00,0.109,0.11,0.102,0.107,9615.89000000,1780646399999,995.94892000,59,1030.41000000,109.34983000,0
2026-06-05 08:00:00,0.106,0.107,0.103,0.103,656.71000000,1780660799999,69.11166000,11,163.39000000,17.40065000,0
2026-06-05 12:00:00,0.102,0.104,0.099,0.099,12105.26000000,1780675199999,1213.19690000,35,508.65000000,52.21693000,0
2026-06-05 16:00:00,0.098,0.099,0.093,0.094,112185.13000000,1780689599999,10529.43737000,35,13064.52000000,1215.49350000,0
2026-06-05 20:00:00,0.097,0.097,0.097,0.097,152.68000000,1780703999999,14.80996000,1,152.68000000,14.80996000,0
2026-06-06 00:00:00,0.097,0.097,0.097,0.097,0.00000000,1780718399999,0.00000000,0,0.00000000,0.00000000,0
2026-06-06 04:00:00,0.094,0.096,0.09,0.096,4852.29000000,1780732799999,461.14940000,12,287.23000000,26.99962000,0
2026-06-06 08:00:00,0.096,0.097,0.096,0.097,582.06000000,1780747199999,55.92558000,3,0.00000000,0.00000000,0
2026-06-06 12:00:00,0.097,0.097,0.097,0.097,0.00000000,1780761599999,0.00000000,0,0.00000000,0.00000000,0
2026-06-06 16:00:00,0.097,0.097,0.097,0.097,0.00000000,1780775999999,0.00000000,0,0.00000000,0.00000000,0
2026-06-06 20:00:00,0.097,0.097,0.097,0.097,0.00000000,1780790399999,0.00000000,0,0.00000000,0.00000000,0
2026-06-07 00:00:00,0.097,0.097,0.097,0.097,0.00000000,1780804799999,0.00000000,0,0.00000000,0.00000000,0
2026-06-07 04:00:00,0.097,0.097,0.097,0.097,0.00000000,1780819199999,0.00000000,0,0.00000000,0.00000000,0
2026-06-07 08:00:00,0.097,0.097,0.096,0.097,15640.77000000,1780833599999,1517.11037000,13,135.63000000,13.15611000,0
2026-06-07 12:00:00,0.094,0.094,0.094,0.094,137.66000000,1780847999999,12.94004000,1,137.66000000,12.94004000,0
2026-06-07 16:00:00,0.094,0.094,0.094,0.094,3000.00000000,1780862399999,282.00000000,2,0.00000000,0.00000000,0
2026-06-07 20:00:00,0.096,0.096,0.096,0.096,112.87000000,1780876799999,10.83552000,1,112.87000000,10.83552000,0
2026-06-08 00:00:00,0.1,0.1,0.1,0.1,3054.20000000,1780891199999,305.42000000,2,3054.20000000,305.42000000,0
2026-06-08 04:00:00,0.1,0.1,0.1,0.1,0.00000000,1780905599999,0.00000000,0,0.00000000,0.00000000,0
2026-06-08 08:00:00,0.098,0.098,0.094,0.094,613.21000000,1780919999999,59.12883000,3,306.64000000,30.05072000,0
2026-06-08 12:00:00,0.094,0.094,0.094,0.094,0.00000000,1780934399999,0.00000000,0,0.00000000,0.00000000,0
2026-06-08 16:00:00,0.094,0.094,0.094,0.094,0.00000000,1780948799999,0.00000000,0,0.00000000,0.00000000,0
2026-06-08 20:00:00,0.094,0.094,0.094,0.094,0.00000000,1780963199999,0.00000000,0,0.00000000,0.00000000,0
2026-06-09 00:00:00,0.094,0.094,0.094,0.094,0.00000000,1780977599999,0.00000000,0,0.00000000,0.00000000,0
2026-06-09 04:00:00,0.096,0.096,0.096,0.096,76.39000000,1780991999999,7.33344000,1,76.39000000,7.33344000,0
2026-06-09 08:00:00,0.096,0.096,0.096,0.096,0.00000000,1781006399999,0.00000000,0,0.00000000,0.00000000,0
2026-06-09 12:00:00,0.096,0.096,0.096,0.096,0.00000000,1781020799999,0.00000000,0,0.00000000,0.00000000,0
2026-06-09 16:00:00,0.096,0.096,0.096,0.096,0.00000000,1781035199999,0.00000000,0,0.00000000,0.00000000,0
2026-06-09 20:00:00,0.096,0.096,0.096,0.096,0.00000000,1781049599999,0.00000000,0,0.00000000,0.00000000,0
2026-06-10 00:00:00,0.096,0.096,0.096,0.096,0.00000000,1781063999999,0.00000000,0,0.00000000,0.00000000,0
2026-06-10 04:00:00,0.096,0.096,0.096,0.096,0.00000000,1781078399999,0.00000000,0,0.00000000,0.00000000,0
2026-06-10 08:00:00,0.096,0.096,0.096,0.096,0.00000000,1781092799999,0.00000000,0,0.00000000,0.00000000,0
2026-06-10 12:00:00,0.096,0.096,0.096,0.096,0.00000000,1781107199999,0.00000000,0,0.00000000,0.00000000,0
2026-06-10 16:00:00,0.094,0.094,0.094,0.094,265.94000000,1781121599999,24.99836000,1,265.94000000,24.99836000,0
2026-06-10 20:00:00,0.09,0.091,0.088,0.091,53046.67000000,1781135999999,4774.73271000,52,8300.82000000,748.13807000,0
2026-06-11 00:00:00,0.092,0.092,0.092,0.092,100.00000000,1781150399999,9.20000000,1,100.00000000,9.20000000,0
2026-06-11 04:00:00,0.094,0.094,0.094,0.094,126.36000000,1781164799999,11.87784000,1,126.36000000,11.87784000,0
2026-06-11 08:00:00,0.094,0.094,0.094,0.094,0.00000000,1781179199999,0.00000000,0,0.00000000,0.00000000,0
2026-06-11 12:00:00,0.094,0.094,0.094,0.094,0.00000000,1781193599999,0.00000000,0,0.00000000,0.00000000,0
2026-06-11 16:00:00,0.094,0.096,0.094,0.096,900.31000000,1781207999999,84.89784000,3,900.31000000,84.89784000,0
2026-06-11 20:00:00,0.096,0.096,0.096,0.096,297.08000000,1781222399999,28.51968000,1,297.08000000,28.51968000,0
2026-06-12 00:00:00,0.096,0.096,0.096,0.096,98.46000000,1781236799999,9.45216000,1,98.46000000,9.45216000,0
2026-06-12 04:00:00,0.097,0.098,0.096,0.096,363.40000000,1781251199999,35.21804000,3,229.08000000,22.32332000,0
2026-06-12 08:00:00,0.099,0.1,0.099,0.1,189.42000000,1781265599999,18.84729000,2,189.42000000,18.84729000,0
2026-06-12 12:00:00,0.099,0.099,0.097,0.097,197.97000000,1781279999999,19.40821000,4,0.00000000,0.00000000,0
2026-06-12 16:00:00,0.101,0.101,0.1,0.101,258.54000000,1781294399999,26.02636000,4,172.36000000,17.40836000,0
2026-06-12 20:00:00,0.1,0.1,0.1,0.1,86.18000000,1781308799999,8.61800000,1,0.00000000,0.00000000,0
2026-06-13 00:00:00,0.09,0.102,0.09,0.101,841.98000000,1781323199999,82.04721000,8,360.63000000,36.69808000,0
2026-06-13 04:00:00,0.102,0.107,0.102,0.106,1394.20000000,1781337599999,145.86016000,22,1230.02000000,128.62282000,0
2026-06-13 08:00:00,0.107,0.109,0.107,0.108,1136.12000000,1781351999999,122.72999000,22,735.62000000,79.63709000,0
2026-06-13 12:00:00,0.109,0.112,0.107,0.108,2176.97000000,1781366399999,237.74420000,40,1150.87000000,126.34775000,0
2026-06-13 16:00:00,0.107,0.11,0.107,0.109,558.64000000,1781380799999,60.64938000,10,319.22000000,34.79350000,0
2026-06-13 20:00:00,0.108,0.108,0.107,0.107,171.96000000,1781395199999,18.47952000,4,0.00000000,0.00000000,0
2026-06-14 00:00:00,0.106,0.108,0.105,0.107,1363.74000000,1781409599999,145.35966000,11,723.34000000,77.79394000,0
2026-06-14 04:00:00,0.106,0.107,0.104,0.106,2251.20000000,1781423999999,238.41552000,19,1192.20000000,127.23550000,0
2026-06-14 08:00:00,0.106,0.109,0.106,0.108,2441.39000000,1781438399999,261.94119000,15,1346.84000000,145.67874000,0
2026-06-14 12:00:00,0.107,0.107,0.105,0.106,3133.64000000,1781452799999,332.50184000,17,1423.38000000,151.67400000,0
2026-06-14 16:00:00,0.105,0.106,0.105,0.106,1081.27000000,1781467199999,113.61543000,4,82.08000000,8.70048000,0
2026-06-14 20:00:00,0.107,0.109,0.107,0.108,321.46000000,1781481599999,34.71617000,5,241.66000000,26.09777000,0
2026-06-15 00:00:00,0.109,0.111,0.107,0.111,1187.59000000,1781495999999,129.90777000,19,755.93000000,83.15510000,0
2026-06-15 04:00:00,0.11,0.111,0.11,0.11,592.39000000,1781510399999,65.43179000,13,268.89000000,29.84679000,0
2026-06-15 08:00:00,0.109,0.111,0.109,0.111,171.24000000,1781524799999,18.98866000,4,161.75000000,17.95425000,0
2026-06-15 12:00:00,0.112,0.112,0.111,0.111,522.83000000,1781539199999,58.39667000,9,362.54000000,40.60448000,0
2026-06-15 16:00:00,0.111,0.111,0.109,0.11,445.54000000,1781553599999,49.07496000,8,214.21000000,23.69824000,0
2026-06-15 20:00:00,0.11,0.11,0.108,0.108,591.68000000,1781567999999,64.43505000,9,227.27000000,24.99970000,0
2026-06-16 00:00:00,0.109,0.11,0.108,0.108,1396.49000000,1781582399999,152.09814000,15,698.61000000,76.60892000,0
2026-06-16 04:00:00,0.107,0.109,0.107,0.107,5521.02000000,1781596799999,592.81602000,19,4286.64000000,459.74376000,0
2026-06-16 08:00:00,0.108,0.108,0.107,0.108,697.49000000,1781611199999,74.87221000,7,240.78000000,26.00424000,0
2026-06-16 12:00:00,0.109,0.109,0.106,0.107,716.33000000,1781625599999,76.76924000,15,240.79000000,26.00307000,0
2026-06-16 16:00:00,0.108,0.108,0.108,0.108,120.39000000,1781639999999,13.00212000,2,120.39000000,13.00212000,0
2026-06-16 20:00:00,0.109,0.11,0.109,0.109,355.63000000,1781654399999,38.88185000,7,237.45000000,26.00023000,0
2026-06-17 00:00:00,0.11,0.112,0.11,0.11,708.46000000,1781668799999,78.51918000,15,447.06000000,49.65436000,0
2026-06-17 04:00:00,0.111,0.111,0.109,0.109,1216.68000000,1781683199999,133.71671000,15,552.47000000,61.20599000,0
2026-06-17 08:00:00,0.108,0.108,0.107,0.107,308.90000000,1781697599999,33.17157000,7,0.00000000,0.00000000,0
2026-06-17 12:00:00,0.107,0.109,0.106,0.109,1003.88000000,1781711999999,107.69013000,14,398.74000000,43.06167000,0
2026-06-17 16:00:00,0.11,0.11,0.106,0.106,1656.73000000,1781726399999,179.44947000,45,668.59000000,73.05363000,0
2026-06-17 20:00:00,0.107,0.109,0.106,0.109,642.13000000,1781740799999,68.98323000,13,520.61000000,56.10211000,0
2026-06-18 00:00:00,0.108,0.108,0.107,0.107,136.91000000,1781755199999,14.76864000,4,0.00000000,0.00000000,0
2026-06-18 04:00:00,0.107,0.107,0.103,0.106,1440.90000000,1781769599999,150.60198000,29,408.98000000,42.94253000,0
2026-06-18 08:00:00,0.107,0.11,0.107,0.107,1088.37000000,1781783999999,117.71284000,24,655.06000000,70.95548000,0
2026-06-18 12:00:00,0.108,0.11,0.104,0.104,1557.93000000,1781798399999,167.35961000,40,552.58000000,60.22866000,0
2026-06-18 16:00:00,0.105,0.108,0.104,0.108,1084.22000000,1781812799999,114.86852000,20,962.35000000,102.19404000,0
2026-06-18 20:00:00,0.109,0.109,0.108,0.109,3472.07000000,1781827199999,375.22210000,12,238.54000000,26.00086000,0
2026-06-19 00:00:00,0.109,0.11,0.103,0.103,8276.24000000,1781841599999,895.62817000,58,1717.05000000,185.30297000,0
2026-06-19 04:00:00,0.102,0.102,0.101,0.101,2126.49000000,1781855999999,214.90177000,7,0.00000000,0.00000000,0
2026-06-19 08:00:00,0.101,0.101,0.101,0.101,0.00000000,1781870399999,0.00000000,0,0.00000000,0.00000000,0
2026-06-19 12:00:00,0.102,0.105,0.102,0.104,1088.72000000,1781884799999,113.14728000,18,788.20000000,81.71455000,0
2026-06-19 16:00:00,0.103,0.103,0.102,0.102,290.71000000,1781899199999,29.81685000,7,0.00000000,0.00000000,0
2026-06-19 20:00:00,0.103,0.103,0.102,0.103,278.47000000,1781913599999,28.57201000,5,168.07000000,17.31121000,0
2026-06-20 00:00:00,0.104,0.105,0.103,0.103,572.60000000,1781927999999,59.54922000,12,286.30000000,29.93845000,0
2026-06-20 04:00:00,0.104,0.105,0.104,0.104,408.17000000,1781942399999,42.61293000,9,286.30000000,29.93845000,0
2026-06-20 08:00:00,0.103,0.103,0.103,0.103,175.21000000,1781956799999,18.04663000,5,0.00000000,0.00000000,0
2026-06-20 12:00:00,0.102,0.102,0.099,0.101,869.82000000,1781971199999,87.59074000,21,210.35000000,21.20438000,0
2026-06-20 16:00:00,0.101,0.101,0.101,0.101,0.00000000,1781985599999,0.00000000,0,0.00000000,0.00000000,0
2026-06-20 20:00:00,0.102,0.105,0.102,0.104,926.06000000,1781999999999,96.14497000,15,804.19000000,83.47049000,0
2026-06-21 00:00:00,0.103,0.104,0.103,0.104,762.80000000,1782014399999,78.69145000,7,123.05000000,12.79720000,0
2026-06-21 04:00:00,0.103,0.103,0.103,0.103,123.05000000,1782028799999,12.67415000,3,0.00000000,0.00000000,0
2026-06-21 08:00:00,0.103,0.103,0.103,0.103,0.00000000,1782043199999,0.00000000,0,0.00000000,0.00000000,0
2026-06-21 12:00:00,0.103,0.103,0.103,0.103,0.00000000,1782057599999,0.00000000,0,0.00000000,0.00000000,0
2026-06-21 16:00:00,0.102,0.102,0.102,0.102,220.41000000,1782071999999,22.48182000,4,0.00000000,0.00000000,0
2026-06-21 20:00:00,0.101,0.101,0.1,0.1,1819.75000000,1782086399999,183.45599000,22,169.38000000,17.10738000,0
2026-06-22 00:00:00,0.101,0.102,0.101,0.101,424.44000000,1782100799999,42.99597000,8,296.91000000,30.11544000,0
2026-06-22 04:00:00,0.102,0.103,0.102,0.103,417.96000000,1782115199999,42.92235000,7,417.96000000,42.92235000,0
2026-06-22 08:00:00,0.102,0.103,0.102,0.103,252.56000000,1782129599999,25.88740000,6,126.28000000,13.00684000,0
2026-06-22 12:00:00,0.104,0.104,0.103,0.103,568.36000000,1782143999999,58.86334000,10,322.26000000,33.51504000,0
2026-06-22 16:00:00,0.102,0.103,0.102,0.102,378.84000000,1782158399999,38.76796000,7,126.28000000,13.00684000,0
2026-06-22 20:00:00,0.101,0.101,0.1,0.1,337.07000000,1782172799999,33.87469000,11,0.00000000,0.00000000,0
2026-06-23 00:00:00,0.101,0.101,0.101,0.101,169.38000000,1782187199999,17.10738000,3,169.38000000,17.10738000,0
2026-06-23 04:00:00,0.1,0.1,0.099,0.099,336.44000000,1782201599999,33.47694000,7,0.00000000,0.00000000,0
2026-06-23 08:00:00,0.097,0.098,0.096,0.098,28022.63000000,1782215999999,2690.52988000,19,247.25000000,24.05158000,0
2026-06-23 12:00:00,0.099,0.1,0.099,0.1,1548.65000000,1782230399999,154.19449000,6,1548.65000000,154.19449000,0
2026-06-23 16:00:00,0.099,0.099,0.099,0.099,40.97000000,1782244799999,4.05603000,1,0.00000000,0.00000000,0
2026-06-23 20:00:00,0.1,0.101,0.1,0.101,210.35000000,1782259199999,21.20438000,4,210.35000000,21.20438000,0
2026-06-24 00:00:00,0.102,0.102,0.101,0.101,255.06000000,1782273599999,25.88859000,6,127.53000000,13.00806000,0
2026-06-24 04:00:00,0.1,0.103,0.1,0.102,759.01000000,1782287999999,77.07732000,16,463.35000000,47.25876000,0
2026-06-24 08:00:00,0.103,0.103,0.101,0.101,916.94000000,1782302399999,93.85688000,16,496.69000000,51.15907000,0
2026-06-24 12:00:00,0.102,0.103,0.097,0.099,1596.67000000,1782316799999,160.08452000,33,587.11000000,59.59294000,0
2026-06-24 16:00:00,0.1,0.1,0.095,0.099,1807.34000000,1782331199999,175.61597000,25,429.80000000,42.34302000,0
2026-06-24 20:00:00,0.1,0.106,0.1,0.105,1853.49000000,1782345599999,192.58406000,30,1568.34000000,162.76518000,0
2026-06-25 00:00:00,0.105,0.106,0.105,0.106,1320.36000000,1782359999999,139.46778000,16,1075.00000000,113.70498000,0
2026-06-25 04:00:00,0.106,0.109,0.106,0.109,1263.54000000,1782374399999,136.68353000,17,984.44000000,106.62725000,0
2026-06-25 08:00:00,0.108,0.108,0.106,0.106,399.09000000,1782388799999,42.70038000,10,0.00000000,0.00000000,0
2026-06-25 12:00:00,0.105,0.107,0.098,0.103,5063.11000000,1782403199999,520.92962000,79,2048.05000000,211.49507000,0
2026-06-25 16:00:00,0.104,0.105,0.101,0.101,1549.03000000,1782417599999,160.36194000,21,949.13000000,98.87277000,0
2026-06-25 20:00:00,0.102,0.106,0.102,0.106,1158.17000000,1782431999999,121.34723000,16,1158.17000000,121.34723000,0
2026-06-26 00:00:00,0.105,0.105,0.101,0.104,2076.21000000,1782446399999,213.79726000,37,1052.66000000,108.73486000,0
2026-06-26 04:00:00,0.105,0.108,0.103,0.108,1936.41000000,1782460799999,205.51570000,36,1308.15000000,139.13155000,0
2026-06-26 08:00:00,0.107,0.107,0.103,0.103,1235.47000000,1782475199999,129.06824000,26,123.05000000,12.79720000,0
2026-06-26 12:00:00,0.102,0.106,0.102,0.105,851.23000000,1782489599999,88.81439000,19,602.27000000,63.05243000,0
2026-06-26 16:00:00,0.106,0.107,0.106,0.106,475.56000000,1782503999999,50.64072000,10,354.04000000,37.75960000,0
2026-06-26 20:00:00,0.107,0.107,0.106,0.106,429.96000000,1782518399999,45.88420000,7,308.44000000,33.00308000,0
2026-06-27 00:00:00,0.105,0.106,0.105,0.106,2470.87000000,1782532799999,259.56403000,8,122.68000000,13.00408000,0
2026-06-27 04:00:00,0.105,0.105,0.105,0.105,122.68000000,1782547199999,12.88140000,4,0.00000000,0.00000000,0
2026-06-27 08:00:00,0.104,0.104,0.103,0.103,265.15000000,1782561599999,27.50460000,9,0.00000000,0.00000000,0
2026-06-27 12:00:00,0.104,0.108,0.104,0.104,1780.89000000,1782575999999,188.01885000,36,1437.82000000,151.88772000,0
2026-06-27 16:00:00,0.103,0.103,0.101,0.101,426.78000000,1782590399999,43.49668000,8,0.00000000,0.00000000,0
2026-06-27 20:00:00,0.101,0.101,0.101,0.101,0.00000000,1782604799999,0.00000000,0,0.00000000,0.00000000,0
2026-06-28 00:00:00,0.101,0.101,0.101,0.101,0.00000000,1782619199999,0.00000000,0,0.00000000,0.00000000,0
2026-06-28 04:00:00,0.101,0.101,0.101,0.101,0.00000000,1782633599999,0.00000000,0,0.00000000,0.00000000,0
2026-06-28 08:00:00,0.1,0.1,0.099,0.1,446.13000000,1782647999999,44.37722000,6,40.97000000,4.09700000,0
2026-06-28 12:00:00,0.101,0.101,0.101,0.101,273.74000000,1782662399999,27.64774000,4,273.74000000,27.64774000,0
2026-06-28 16:00:00,0.1,0.101,0.1,0.1,508.14000000,1782676799999,50.98338000,12,169.38000000,17.10738000,0
2026-06-28 20:00:00,0.101,0.101,0.099,0.1,502.64000000,1782691199999,50.35144000,14,251.32000000,25.30138000,0
2026-06-29 00:00:00,0.099,0.102,0.099,0.102,460.79000000,1782705599999,46.42150000,11,378.85000000,38.30944000,0
2026-06-29 04:00:00,0.103,0.103,0.101,0.102,801.24000000,1782719999999,81.95477000,17,515.39000000,52.95764000,0
2026-06-29 08:00:00,0.102,0.102,0.102,0.102,0.00000000,1782734399999,0.00000000,0,0.00000000,0.00000000,0
2026-06-29 12:00:00,0.101,0.102,0.1,0.1,3109.50000000,1782748799999,312.29113000,47,950.42000000,96.11995000,0
2026-06-29 16:00:00,0.102,0.104,0.102,0.103,975.62000000,1782763199999,100.69537000,13,852.57000000,88.02122000,0
2026-06-29 20:00:00,0.102,0.102,0.101,0.101,507.91000000,1782777599999,51.42519000,9,0.00000000,0.00000000,0
2026-06-30 00:00:00,0.1,0.1,0.099,0.099,572.26000000,1782791999999,57.05085000,8,0.00000000,0.00000000,0
2026-06-30 04:00:00,0.099,0.099,0.099,0.099,0.00000000,1782806399999,0.00000000,0,0.00000000,0.00000000,0
2026-06-30 08:00:00,0.098,0.098,0.096,0.096,521.97000000,1782820799999,50.92989000,8,0.00000000,0.00000000,0
2026-06-30 12:00:00,0.097,0.097,0.096,0.096,84.52000000,1782835199999,8.15618000,2,42.26000000,4.09922000,0
2026-06-30 16:00:00,0.095,0.096,0.095,0.096,693.52000000,1782849599999,66.03417000,4,650.82000000,61.97767000,0
2026-06-30 20:00:00,0.096,0.096,0.096,0.096,0.00000000,1782863999999,0.00000000,0,0.00000000,0.00000000,0
2026-07-01 00:00:00,0.095,0.096,0.095,0.096,85.40000000,1782878399999,8.15570000,3,42.70000000,4.09920000,0
2026-07-01 04:00:00,0.097,0.097,0.094,0.094,170.37000000,1782892799999,16.26878000,10,42.26000000,4.09922000,0
2026-07-01 08:00:00,0.094,0.094,0.094,0.094,12.89000000,1782907199999,1.21166000,1,0.00000000,0.00000000,0
2026-07-01 12:00:00,0.095,0.097,0.094,0.097,387.78000000,1782921599999,36.96110000,9,213.52000000,20.49614000,0
2026-07-01 16:00:00,0.096,0.096,0.094,0.094,128.11000000,1782935999999,12.16956000,6,0.00000000,0.00000000,0
2026-07-01 20:00:00,0.095,0.097,0.095,0.095,213.07000000,1782950399999,20.41113000,7,128.11000000,12.29767000,0
2026-07-02 00:00:00,0.096,0.097,0.096,0.097,84.96000000,1782964799999,8.19842000,2,84.96000000,8.19842000,0
2026-07-02 04:00:00,0.097,0.097,0.097,0.097,0.00000000,1782979199999,0.00000000,0,0.00000000,0.00000000,0
2026-07-02 08:00:00,0.099,0.099,0.099,0.099,152.73000000,1782993599999,15.12027000,2,152.73000000,15.12027000,0
2026-07-02 12:00:00,0.1,0.114,0.098,0.098,8384.75000000,1783007999999,873.01401000,116,3799.38000000,395.63583000,0
2026-07-02 16:00:00,0.098,0.098,0.098,0.098,0.00000000,1783022399999,0.00000000,0,0.00000000,0.00000000,0
2026-07-02 20:00:00,0.098,0.098,0.098,0.098,63.29000000,1783036799999,6.20242000,4,0.00000000,0.00000000,0
2026-07-03 00:00:00,0.1,0.102,0.099,0.101,825.45000000,1783051199999,83.37815000,15,656.95000000,66.44159000,0
2026-07-03 04:00:00,0.101,0.101,0.101,0.101,0.00000000,1783065599999,0.00000000,0,0.00000000,0.00000000,0
2026-07-03 08:00:00,0.102,0.104,0.102,0.104,673.36000000,1783079999999,69.35160000,9,509.29000000,52.45239000,0
2026-07-03 12:00:00,0.105,0.105,0.105,0.105,255.52000000,1783094399999,26.82960000,4,255.52000000,26.82960000,0
2026-07-03 16:00:00,0.106,0.107,0.106,0.107,628.19000000,1783108799999,66.97213000,13,506.67000000,54.09101000,0
2026-07-03 20:00:00,0.108,0.108,0.107,0.107,316.60000000,1783123199999,34.03450000,7,158.30000000,17.09640000,0
2026-07-04 00:00:00,0.108,0.108,0.107,0.107,217.66000000,1783137599999,23.42953000,6,139.91000000,15.11028000,0
2026-07-04 04:00:00,0.108,0.109,0.107,0.107,701.08000000,1783151999999,75.67761000,14,423.51000000,45.85835000,0
2026-07-04 08:00:00,0.106,0.108,0.106,0.108,169.22000000,1783166399999,18.25392000,4,158.30000000,17.09640000,0
2026-07-04 12:00:00,0.108,0.108,0.108,0.108,0.00000000,1783180799999,0.00000000,0,0.00000000,0.00000000,0
2026-07-04 16:00:00,0.109,0.111,0.109,0.11,505.47000000,1783195199999,55.59766000,10,390.24000000,42.92236000,0
2026-07-04 20:00:00,0.109,0.109,0.108,0.108,275.01000000,1783209599999,29.81926000,7,0.00000000,0.00000000,0
2026-07-05 00:00:00,0.107,0.107,0.106,0.107,482.03000000,1783223999999,51.33479000,8,81.31000000,8.70017000,0
2026-07-05 04:00:00,0.107,0.107,0.107,0.107,0.00000000,1783238399999,0.00000000,0,0.00000000,0.00000000,0
2026-07-05 08:00:00,0.106,0.106,0.106,0.106,546.16000000,1783252799999,57.89296000,6,464.85000000,49.27410000,0
2026-07-05 12:00:00,0.107,0.107,0.107,0.107,245.30000000,1783267199999,26.24710000,3,245.30000000,26.24710000,0
2026-07-05 16:00:00,0.108,0.11,0.108,0.108,775.97000000,1783281599999,84.48899000,16,500.96000000,54.66973000,0
2026-07-05 20:00:00,0.109,0.109,0.109,0.109,119.27000000,1783295999999,13.00043000,2,119.27000000,13.00043000,0
2026-07-06 00:00:00,0.108,0.108,0.108,0.108,119.27000000,1783310399999,12.88116000,3,0.00000000,0.00000000,0
2026-07-06 04:00:00,0.107,0.107,0.107,0.107,118.46000000,1783324799999,12.67522000,3,0.00000000,0.00000000,0
2026-07-06 08:00:00,0.106,0.106,0.105,0.106,467.54000000,1783339199999,49.33590000,9,122.68000000,13.00408000,0
2026-07-06 12:00:00,0.105,0.107,0.104,0.107,2499.10000000,1783353599999,262.46311000,33,1204.58000000,127.54410000,0
2026-07-06 16:00:00,0.108,0.108,0.107,0.107,501.23000000,1783367999999,54.01438000,7,382.77000000,41.33916000,0
2026-07-06 20:00:00,0.107,0.109,0.107,0.108,493.49000000,1783382399999,53.27970000,9,237.73000000,25.79411000,0
2026-07-07 00:00:00,0.107,0.107,0.106,0.106,239.98000000,1783396799999,25.55634000,6,0.00000000,0.00000000,0
2026-07-07 04:00:00,0.105,0.106,0.105,0.105,512.27000000,1783411199999,53.91103000,10,122.68000000,13.00408000,0
2026-07-07 08:00:00,0.105,0.105,0.105,0.105,0.00000000,1783425599999,0.00000000,0,0.00000000,0.00000000,0
2026-07-07 12:00:00,0.104,0.104,0.103,0.104,1232.29000000,1783439999999,127.39969000,19,246.10000000,25.59440000,0
2026-07-07 16:00:00,0.103,0.103,0.103,0.103,123.05000000,1783454399999,12.67415000,3,0.00000000,0.00000000,0
2026-07-07 20:00:00,0.102,0.103,0.101,0.101,588.50000000,1783468799999,59.87154000,10,106.54000000,10.97362000,0
2026-07-08 00:00:00,0.102,0.103,0.098,0.1,1044.97000000,1783483199999,105.40694000,23,334.94000000,34.24838000,0
2026-07-08 04:00:00,0.099,0.099,0.099,0.099,40.97000000,1783497599999,4.05603000,2,0.00000000,0.00000000,0
2026-07-08 08:00:00,0.097,0.099,0.097,0.099,176.81000000,1783511999999,17.28481000,6,92.42000000,9.09898000,0
2026-07-08 12:00:00,0.098,0.099,0.098,0.099,659.20000000,1783526399999,64.96937000,2,659.20000000,64.96937000,0
2026-07-08 16:00:00,0.099,0.099,0.099,0.099,0.00000000,1783540799999,0.00000000,0,0.00000000,0.00000000,0
2026-07-08 20:00:00,0.099,0.099,0.099,0.099,0.00000000,1783555199999,0.00000000,0,0.00000000,0.00000000,0
2026-07-09 00:00:00,0.1,0.101,0.1,0.101,549.11000000,1783569599999,55.24976000,11,379.73000000,38.31176000,0
2026-07-09 04:00:00,0.102,0.104,0.101,0.104,1110.95000000,1783583999999,113.94017000,20,816.98000000,84.12292000,0
2026-07-09 08:00:00,0.105,0.105,0.104,0.104,536.50000000,1783598399999,55.95925000,8,403.62000000,42.13973000,0
2026-07-09 12:00:00,0.104,0.104,0.101,0.103,8463.35000000,1783612799999,862.11245000,35,4289.52000000,438.15892000,0
2026-07-09 16:00:00,0.104,0.104,0.103,0.103,246.10000000,1783627199999,25.47135000,6,123.05000000,12.79720000,0
2026-07-09 20:00:00,0.103,0.103,0.103,0.103,2649.28000000,1783641599999,272.87584000,1,2649.28000000,272.87584000,0
2026-07-10 00:00:00,0.102,0.106,0.102,0.106,1637.43000000,1783655999999,169.88754000,16,970.21000000,100.74922000,0
2026-07-10 04:00:00,0.105,0.105,0.105,0.105,122.68000000,1783670399999,12.88140000,3,0.00000000,0.00000000,0
2026-07-10 08:00:00,0.106,0.108,0.106,0.108,6414.17000000,1783684799999,686.41829000,21,707.77000000,76.07386000,0
2026-07-10 12:00:00,0.107,0.107,0.105,0.105,401.29000000,1783699199999,42.49389000,10,0.00000000,0.00000000,0
2026-07-10 16:00:00,0.104,0.104,0.104,0.104,121.87000000,1783713599999,12.67448000,3,0.00000000,0.00000000,0
2026-07-10 20:00:00,0.104,0.104,0.104,0.104,0.00000000,1783727999999,0.00000000,0,0.00000000,0.00000000,0
2026-07-11 00:00:00,0.104,0.104,0.104,0.104,66.74000000,1783742399999,6.94096000,1,0.00000000,0.00000000,0
2026-07-11 04:00:00,0.104,0.104,0.104,0.104,0.00000000,1783756799999,0.00000000,0,0.00000000,0.00000000,0
2026-07-11 08:00:00,0.104,0.104,0.104,0.104,39.40000000,1783771199999,4.09760000,1,0.00000000,0.00000000,0
2026-07-11 12:00:00,0.105,0.106,0.105,0.106,244.55000000,1783785599999,25.80043000,4,244.55000000,25.80043000,0
2026-07-11 16:00:00,0.106,0.106,0.106,0.106,0.00000000,1783799999999,0.00000000,0,0.00000000,0.00000000,0
2026-07-11 20:00:00,0.107,0.107,0.102,0.102,1081.67000000,1783814399999,113.06697000,17,119.94000000,12.83358000,0
2026-07-12 00:00:00,0.101,0.102,0.101,0.102,295.22000000,1783828799999,29.94475000,6,127.53000000,13.00806000,0
2026-07-12 04:00:00,0.101,0.101,0.101,0.101,127.53000000,1783843199999,12.88053000,3,0.00000000,0.00000000,0
2026-07-12 08:00:00,0.102,0.102,0.102,0.102,127.53000000,1783857599999,13.00806000,3,127.53000000,13.00806000,0
2026-07-12 12:00:00,0.103,0.103,0.103,0.103,106.54000000,1783871999999,10.97362000,2,106.54000000,10.97362000,0
2026-07-12 16:00:00,0.102,0.102,0.102,0.102,41.79000000,1783886399999,4.26258000,1,0.00000000,0.00000000,0
2026-07-12 20:00:00,0.101,0.101,0.099,0.1,1254.89000000,1783900799999,125.39386000,12,40.97000000,4.09700000,0
2026-07-13 00:00:00,0.101,0.101,0.099,0.099,2254.47000000,1783915199999,225.63655000,17,1766.50000000,176.98876000,0
2026-07-13 04:00:00,0.1,0.102,0.1,0.1,1209.05000000,1783929599999,122.03123000,14,912.14000000,92.21270000,0
2026-07-13 08:00:00,0.1,0.1,0.1,0.1,0.00000000,1783943999999,0.00000000,0,0.00000000,0.00000000,0
2026-07-13 12:00:00,0.099,0.099,0.099,0.099,40.97000000,1783958399999,4.05603000,1,0.00000000,0.00000000,0
2026-07-13 16:00:00,0.099,0.099,0.099,0.099,0.00000000,1783972799999,0.00000000,0,0.00000000,0.00000000,0
2026-07-13 20:00:00,0.099,0.099,0.099,0.099,0.00000000,1783987199999,0.00000000,0,0.00000000,0.00000000,0
2026-07-14 00:00:00,0.099,0.099,0.099,0.099,0.00000000,1784001599999,0.00000000,0,0.00000000,0.00000000,0
2026-07-14 04:00:00,0.1,0.1,0.1,0.1,40.97000000,1784015999999,4.09700000,1,40.97000000,4.09700000,0
2026-07-14 08:00:00,0.1,0.1,0.1,0.1,0.00000000,1784030399999,0.00000000,0,0.00000000,0.00000000,0
2026-07-14 12:00:00,0.099,0.102,0.099,0.102,378.85000000,1784044799999,38.26847000,7,337.88000000,34.21244000,0
2026-07-14 16:00:00,0.103,0.103,0.102,0.102,344.95000000,1784059199999,35.40357000,6,218.67000000,22.52301000,0
2026-07-14 20:00:00,0.101,0.101,0.101,0.101,167.69000000,1784073599999,16.93669000,4,0.00000000,0.00000000,0
2026-07-15 00:00:00,0.101,0.101,0.101,0.101,0.00000000,1784087999999,0.00000000,0,0.00000000,0.00000000,0
2026-07-15 04:00:00,0.102,0.103,0.102,0.102,4525.49000000,1784102399999,461.76549000,11,4399.21000000,448.88493000,0
2026-07-15 08:00:00,0.102,0.102,0.102,0.102,1222.21000000,1784116799999,124.66542000,5,30.12000000,3.07224000,0
2026-07-15 12:00:00,0.103,0.104,0.103,0.103,681.71000000,1784131199999,70.64758000,11,558.66000000,57.97343000,0
2026-07-15 16:00:00,0.102,0.105,0.102,0.103,6026.75000000,1784145599999,626.36103000,72,4560.79000000,474.75099000,0
2026-07-15 20:00:00,0.103,0.103,0.103,0.103,0.00000000,1784159999999,0.00000000,0,0.00000000,0.00000000,0
2026-07-16 00:00:00,0.102,0.102,0.102,0.102,103.98000000,1784174399999,10.60596000,2,0.00000000,0.00000000,0
2026-07-16 04:00:00,0.102,0.102,0.102,0.102,0.00000000,1784188799999,0.00000000,0,0.00000000,0.00000000,0
2026-07-16 08:00:00,0.101,0.101,0.101,0.101,167.69000000,1784203199999,16.93669000,3,0.00000000,0.00000000,0
2026-07-16 12:00:00,0.1,0.1,0.1,0.1,192.03000000,1784217599999,19.20300000,5,0.00000000,0.00000000,0
2026-07-16 16:00:00,0.1,0.1,0.1,0.1,0.00000000,1784231999999,0.00000000,0,0.00000000,0.00000000,0
2026-07-16 20:00:00,0.099,0.099,0.098,0.098,259.59000000,1784246399999,25.48079000,4,0.00000000,0.00000000,0
2026-07-17 00:00:00,0.098,0.098,0.098,0.098,0.00000000,1784260799999,0.00000000,0,0.00000000,0.00000000,0
2026-07-17 04:00:00,0.097,0.097,0.097,0.097,25954.86000000,1784275199999,2517.62142000,17,140.38000000,13.61686000,0
2026-07-17 08:00:00,0.096,0.097,0.096,0.097,84.52000000,1784289599999,8.15618000,2,42.26000000,4.09922000,0
2026-07-17 12:00:00,0.096,0.096,0.096,0.096,41.54000000,1784303999999,3.98784000,2,0.00000000,0.00000000,0
2026-07-17 16:00:00,0.096,0.096,0.096,0.096,0.00000000,1784318399999,0.00000000,0,0.00000000,0.00000000,0
2026-07-17 20:00:00,0.096,0.096,0.096,0.096,0.00000000,1784332799999,0.00000000,0,0.00000000,0.00000000,0
2026-07-18 00:00:00,0.096,0.096,0.096,0.096,0.00000000,1784347199999,0.00000000,0,0.00000000,0.00000000,0
2026-07-18 04:00:00,0.096,0.096,0.096,0.096,0.00000000,1784361599999,0.00000000,0,0.00000000,0.00000000,0
2026-07-18 08:00:00,0.096,0.096,0.096,0.096,0.00000000,1784375999999,0.00000000,0,0.00000000,0.00000000,0
2026-07-18 12:00:00,0.096,0.096,0.095,0.095,43.42000000,1784390399999,4.12562000,2,0.00000000,0.00000000,0
2026-07-18 16:00:00,0.094,0.096,0.094,0.096,509.03000000,1784404799999,47.99661000,7,113.03000000,10.77261000,0
2026-07-18 20:00:00,0.095,0.095,0.095,0.095,35.12000000,1784419199999,3.33640000,2,0.00000000,0.00000000,0
2026-07-19 00:00:00,0.096,0.096,0.096,0.096,255.46000000,1784433599999,24.52416000,2,255.46000000,24.52416000,0
2026-07-19 04:00:00,0.095,0.095,0.095,0.095,690.77000000,1784447999999,65.62315000,5,0.00000000,0.00000000,0
2026-07-19 08:00:00,0.095,0.095,0.095,0.095,36196.98000000,1784462399999,3438.71310000,5,0.00000000,0.00000000,0
2026-07-19 12:00:00,0.094,0.094,0.093,0.093,152.05000000,1784476799999,14.21930000,4,0.00000000,0.00000000,0
2026-07-19 16:00:00,0.095,0.095,0.093,0.094,690.55000000,1784491199999,64.96198000,9,349.03000000,33.12197000,0
2026-07-19 20:00:00,0.095,0.095,0.095,0.095,78.65000000,1784505599999,7.47175000,2,78.65000000,7.47175000,0
2026-07-20 00:00:00,0.094,0.095,0.094,0.095,16535.35000000,1784519999999,1568.15341000,12,503.92000000,47.87240000,0
2026-07-20 04:00:00,0.094,0.094,0.093,0.093,75025.77000000,1784534399999,7014.73058000,15,0.00000000,0.00000000,0
2026-07-20 08:00:00,0.093,0.093,0.093,0.093,0.00000000,1784548799999,0.00000000,0,0.00000000,0.00000000,0
2026-07-20 12:00:00,0.094,0.094,0.094,0.094,35.88000000,1784563199999,3.37272000,1,35.88000000,3.37272000,0
2026-07-20 16:00:00,0.093,0.1,0.093,0.093,2575.39000000,1784577599999,243.89350000,45,1309.94000000,124.99824000,0
2026-07-20 20:00:00,0.094,0.095,0.093,0.094,1269.32000000,1784591999999,119.98584000,17,477.74000000,45.25216000,0
2026-07-21 00:00:00,0.094,0.095,0.094,0.095,119.11000000,1784606399999,11.27499000,4,78.65000000,7.47175000,0
2026-07-21 04:00:00,0.095,0.1,0.095,0.097,22444.90000000,1784620799999,2134.84701000,31,696.74000000,68.22213000,0
2026-07-21 08:00:00,0.098,0.098,0.097,0.097,739.88000000,1784635199999,72.24273000,8,474.37000000,46.48826000,0
2026-07-21 12:00:00,0.096,0.098,0.096,0.097,751.11000000,1784649599999,72.72594000,10,327.25000000,32.00098000,0
2026-07-21 16:00:00,0.098,0.099,0.097,0.098,612.78000000,1784663999999,60.05271000,9,323.90000000,31.99730000,0
2026-07-21 20:00:00,0.097,0.1,0.097,0.1,943.51000000,1784678399999,92.64402000,16,579.00000000,57.25250000,0
2026-07-22 00:00:00,0.098,0.098,0.098,0.098,254.83000000,1784692799999,24.97334000,2,0.00000000,0.00000000,0
2026-07-22 04:00:00,0.097,0.097,0.096,0.096,110.98000000,1784707199999,10.73030000,4,0.00000000,0.00000000,0
2026-07-22 08:00:00,0.097,0.097,0.097,0.097,34.76000000,1784721599999,3.37172000,1,34.76000000,3.37172000,0
2026-07-22 12:00:00,0.096,0.098,0.096,0.098,126.43000000,1784735999999,12.24084000,4,69.16000000,6.74292000,0
2026-07-22 16:00:00,0.099,0.099,0.098,0.098,2254.40000000,1784750399999,221.00707000,9,75.87000000,7.51113000,0
2026-07-22 20:00:00,0.098,0.098,0.097,0.097,21282.54000000,1784764799999,2085.61270000,8,2784.20000000,272.85160000,0
2026-07-23 00:00:00,0.097,0.097,0.097,0.097,0.00000000,1784779199999,0.00000000,0,0.00000000,0.00000000,0
2026-07-23 04:00:00,0.096,0.096,0.096,0.096,34.76000000,1784793599999,3.33696000,1,0.00000000,0.00000000,0
2026-07-23 08:00:00,0.096,0.096,0.096,0.096,7591.00000000,1784807999999,728.73600000,4,0.00000000,0.00000000,0
2026-07-23 12:00:00,0.095,0.095,0.094,0.094,454.34000000,1784822399999,42.86443000,9,78.65000000,7.47175000,0
2026-07-23 16:00:00,0.094,0.094,0.093,0.093,20062.68000000,1784836799999,1885.85604000,5,18858.69000000,1772.71686000,0
2026-07-23 20:00:00,0.093,0.093,0.093,0.093,0.00000000,1784851199999,0.00000000,0,0.00000000,0.00000000,0
2026-07-24 00:00:00,0.094,0.094,0.094,0.094,35.88000000,1784865599999,3.37272000,1,35.88000000,3.37272000,0
2026-07-24 04:00:00,0.094,0.094,0.094,0.094,0.00000000,1784879999999,0.00000000,0,0.00000000,0.00000000,0
2026-07-24 08:00:00,0.093,0.093,0.093,0.093,35.88000000,1784894399999,3.33684000,1,0.00000000,0.00000000,0
2026-07-24 12:00:00,0.092,0.092,0.092,0.092,149.77000000,1784908799999,13.77884000,4,57.25000000,5.26700000,0
2026-07-24 16:00:00,0.092,0.092,0.092,0.092,0.00000000,1784923199999,0.00000000,0,0.00000000,0.00000000,0
2026-07-24 20:00:00,0.092,0.092,0.092,0.092,0.00000000,1784937599999,0.00000000,0,0.00000000,0.00000000,0
2026-07-25 00:00:00,0.092,0.092,0.092,0.092,0.00000000,1784951999999,0.00000000,0,0.00000000,0.00000000,0
2026-07-25 04:00:00,0.092,0.092,0.092,0.092,38076.09000000,1784966399999,3503.00028000,6,2176.63000000,200.24996000,0
2026-07-25 08:00:00,0.092,0.092,0.092,0.092,0.00000000,1784980799999,0.00000000,0,0.00000000,0.00000000,0
2026-07-25 12:00:00,0.093,0.093,0.093,0.093,36.27000000,1784995199999,3.37311000,1,36.27000000,3.37311000,0
2026-07-25 16:00:00,0.094,0.094,0.093,0.093,301.82000000,1785009599999,28.33520000,5,265.94000000,24.99836000,0
2026-07-25 20:00:00,0.093,0.093,0.093,0.093,0.00000000,1785023999999,0.00000000,0,0.00000000,0.00000000,0
2026-07-26 00:00:00,0.093,0.093,0.093,0.093,0.00000000,1785038399999,0.00000000,0,0.00000000,0.00000000,0
2026-07-26 04:00:00,0.093,0.094,0.093,0.093,455.97000000,1785052799999,42.59230000,5,420.09000000,39.25546000,0
2026-07-26 08:00:00,0.093,0.093,0.093,0.093,0.00000000,1785067199999,0.00000000,0,0.00000000,0.00000000,0
2026-07-26 12:00:00,0.093,0.093,0.093,0.093,0.00000000,1785081599999,0.00000000,0,0.00000000,0.00000000,0
2026-07-26 16:00:00,0.094,0.094,0.094,0.094,257.74000000,1785095999999,24.22756000,3,257.74000000,24.22756000,0
2026-07-26 20:00:00,0.095,0.095,0.095,0.095,78.65000000,1785110399999,7.47175000,2,78.65000000,7.47175000,0
2026-07-27 00:00:00,0.095,0.095,0.095,0.095,0.00000000,1785124799999,0.00000000,0,0.00000000,0.00000000,0
2026-07-27 04:00:00,0.095,0.095,0.095,0.095,0.00000000,1785139199999,0.00000000,0,0.00000000,0.00000000,0
2026-07-27 08:00:00,0.095,0.095,0.095,0.095,92.06000000,1785153599999,8.74570000,2,92.06000000,8.74570000,0
2026-07-27 12:00:00,0.094,0.094,0.092,0.092,194.89000000,1785167999999,18.12306000,5,0.00000000,0.00000000,0
2026-07-27 16:00:00,0.091,0.091,0.09,0.091,385.20000000,1785182399999,34.83139000,7,82.14000000,7.47474000,0
2026-07-27 20:00:00,0.09,0.09,0.087,0.089,47216.99000000,1785196799999,4108.77018000,25,171.77000000,15.32369000,0
2026-07-28 00:00:00,0.089,0.089,0.089,0.089,0.00000000,1785211199999,0.00000000,0,0.00000000,0.00000000,0
2026-07-28 04:00:00,0.088,0.088,0.088,0.088,13900.28000000,1785225599999,1223.22464000,23,0.00000000,0.00000000,0
2026-07-28 08:00:00,0.088,0.088,0.088,0.088,0.00000000,1785239999999,0.00000000,0,0.00000000,0.00000000,0
2026-07-28 12:00:00,0.086,0.086,0.086,0.086,775.83000000,1785254399999,66.72138000,2,0.00000000,0.00000000,0
2026-07-28 16:00:00,0.086,0.086,0.086,0.086,0.00000000,1785268799999,0.00000000,0,0.00000000,0.00000000,0
2026-07-28 20:00:00,0.086,0.086,0.086,0.086,0.00000000,1785283199999,0.00000000,0,0.00000000,0.00000000,0
2026-07-29 00:00:00,0.088,0.089,0.088,0.088,4539.05000000,1785297599999,399.99819000,6,0.00000000,0.00000000,0
2026-07-29 04:00:00,0.088,0.088,0.088,0.088,2272.72000000,1785311999999,199.99936000,2,0.00000000,0.00000000,0
2026-07-29 08:00:00,0.088,0.088,0.088,0.088,0.00000000,1785326399999,0.00000000,0,0.00000000,0.00000000,0
2026-07-29 12:00:00,0.088,0.088,0.088,0.088,0.00000000,1785340799999,0.00000000,0,0.00000000,0.00000000,0
2026-07-29 16:00:00,0.088,0.088,0.088,0.088,0.00000000,1785355199999,0.00000000,0,0.00000000,0.00000000,0
2026-07-29 20:00:00,0.089,0.089,0.089,0.089,280.88000000,1785369599999,24.99832000,1,280.88000000,24.99832000,0
2026-07-30 00:00:00,0.089,0.089,0.089,0.089,1123.59000000,1785383999999,99.99951000,1,0.00000000,0.00000000,0
2026-07-30 04:00:00,0.09,0.091,0.09,0.09,12392.03000000,1785398399999,1115.50492000,11,222.22000000,20.22202000,0
2026-07-30 08:00:00,0.088,0.088,0.088,0.088,222.17000000,1785412799999,19.55096000,1,0.00000000,0.00000000,0
2026-07-30 12:00:00,0.088,0.088,0.088,0.088,0.00000000,1785427199999,0.00000000,0,0.00000000,0.00000000,0
2026-07-30 16:00:00,0.088,0.088,0.088,0.088,0.00000000,1785441599999,0.00000000,0,0.00000000,0.00000000,0
2026-07-30 20:00:00,0.089,0.089,0.089,0.089,147.59000000,1785455999999,13.13551000,1,0.00000000,0.00000000,0
2026-07-31 00:00:00,0.089,0.089,0.089,0.089,0.00000000,1785470399999,0.00000000,0,0.00000000,0.00000000,0
2026-07-31 04:00:00,0.088,0.088,0.088,0.088,228.51000000,1785484799999,20.10888000,1,228.51000000,20.10888000,0
2026-07-31 08:00:00,0.086,0.086,0.086,0.086,140.34000000,1785499199999,12.06924000,2,140.34000000,12.06924000,0
2026-07-31 12:00:00,0.085,0.085,0.083,0.083,1886.54000000,1785513599999,159.56570000,9,588.23000000,49.99955000,0
2026-07-31 16:00:00,0.083,0.083,0.083,0.083,0.00000000,1785527999999,0.00000000,0,0.00000000,0.00000000,0
2026-07-31 20:00:00,0.083,0.083,0.083,0.083,0.00000000,1785542399999,0.00000000,0,0.00000000,0.00000000,0
2026-08-01 00:00:00,0.083,0.083,0.083,0.083,0.00000000,1785556799999,0.00000000,0,0.00000000,0.00000000,0
2026-08-01 04:00:00,0.083,0.083,0.083,0.083,0.00000000,1785571199999,0.00000000,0,0.00000000,0.00000000,0
2026-08-01 08:00:00,0.084,0.084,0.084,0.084,12.87000000,1785585599999,1.08108000,1,0.00000000,0.00000000,0
2026-08-01 12:00:00,0.084,0.084,0.084,0.084,0.00000000,1785599999999,0.00000000,0,0.00000000,0.00000000,0
2026-08-01 16:00:00,0.084,0.084,0.084,0.084,0.00000000,1785614399999,0.00000000,0,0.00000000,0.00000000,0
2026-08-01 20:00:00,0.084,0.084,0.084,0.084,67.07000000,1785628799999,5.63388000,1,67.07000000,5.63388000,0
2026-08-02 00:00:00,0.084,0.084,0.084,0.084,0.00000000,1785643199999,0.00000000,0,0.00000000,0.00000000,0
2026-08-02 04:00:00,0.084,0.084,0.084,0.084,0.00000000,1785657599999,0.00000000,0,0.00000000,0.00000000,0
2026-08-02 08:00:00,0.084,0.084,0.084,0.084,0.00000000,1785671999999,0.00000000,0,0.00000000,0.00000000,0
2026-08-02 12:00:00,0.084,0.084,0.084,0.084,0.00000000,1785686399999,0.00000000,0,0.00000000,0.00000000,0
2026-08-02 16:00:00,0.084,0.084,0.084,0.084,0.00000000,1785700799999,0.00000000,0,0.00000000,0.00000000,0
2026-08-02 20:00:00,0.084,0.084,0.084,0.084,0.00000000,1785715199999,0.00000000,0,0.00000000,0.00000000,0
2026-08-03 00:00:00,0.084,0.084,0.084,0.084,0.00000000,1785729599999,0.00000000,0,0.00000000,0.00000000,0
2026-08-03 04:00:00,0.084,0.084,0.084,0.084,0.00000000,1785743999999,0.00000000,0,0.00000000,0.00000000,0
2026-08-03 08:00:00,0.084,0.084,0.084,0.084,0.00000000,1785758399999,0.00000000,0,0.00000000,0.00000000,0
2026-08-03 12:00:00,0.084,0.084,0.084,0.084,0.00000000,1785772799999,0.00000000,0,0.00000000,0.00000000,0
2026-08-03 16:00:00,0.084,0.084,0.084,0.084,0.00000000,1785787199999,0.00000000,0,0.00000000,0.00000000,0
2026-08-03 20:00:00,0.084,0.084,0.084,0.084,0.00000000,1785801599999,0.00000000,0,0.00000000,0.00000000,0
2026-08-04 00:00:00,0.088,0.089,0.087,0.089,1144.39000000,1785815999999,100.53071000,8,220.39000000,19.61471000,0
2026-08-04 04:00:00,0.085,0.085,0.085,0.085,220.34000000,1785830399999,18.72890000,1,0.00000000,0.00000000,0
2026-08-04 08:00:00,0.088,0.089,0.086,0.086,1760.20000000,1785844799999,154.67897000,3,218.73000000,19.46697000,0
2026-08-04 12:00:00,0.086,0.086,0.086,0.086,0.00000000,1785859199999,0.00000000,0,0.00000000,0.00000000,0
2026-08-04 16:00:00,0.086,0.086,0.086,0.086,0.00000000,1785873599999,0.00000000,0,0.00000000,0.00000000,0
2026-08-04 20:00:00,0.09,0.09,0.088,0.089,678.18000000,1785887999999,60.39132000,4,248.31000000,22.34790000,0
2026-08-05 00:00:00,0.089,0.089,0.089,0.089,216.66000000,1785902399999,19.28274000,1,216.66000000,19.28274000,0
2026-08-05 04:00:00,0.089,0.089,0.089,0.089,0.00000000,1785916799999,0.00000000,0,0.00000000,0.00000000,0
2026-08-05 08:00:00,0.089,0.089,0.089,0.089,0.00000000,1785931199999,0.00000000,0,0.00000000,0.00000000,0
2026-08-05 12:00:00,0.085,0.085,0.085,0.085,216.61000000,1785945599999,18.41185000,1,0.00000000,0.00000000,0
2026-08-05 16:00:00,0.085,0.085,0.085,0.085,0.00000000,1785959999999,0.00000000,0,0.00000000,0.00000000,0
2026-08-05 20:00:00,0.089,0.089,0.087,0.087,6026.78000000,1785974399999,535.95776000,5,5813.95000000,517.44155000,0
2026-08-06 00:00:00,0.087,0.087,0.087,0.087,0.00000000,1785988799999,0.00000000,0,0.00000000,0.00000000,0
2026-08-06 04:00:00,0.087,0.087,0.087,0.087,0.00000000,1786003199999,0.00000000,0,0.00000000,0.00000000,0
2026-08-06 08:00:00,0.087,0.087,0.087,0.087,0.00000000,1786017599999,0.00000000,0,0.00000000,0.00000000,0
2026-08-06 12:00:00,0.087,0.087,0.087,0.087,0.00000000,1786031999999,0.00000000,0,0.00000000,0.00000000,0
2026-08-06 16:00:00,0.087,0.087,0.087,0.087,0.00000000,1786046399999,0.00000000,0,0.00000000,0.00000000,0
2026-08-06 20:00:00,0.087,0.087,0.087,0.087,0.00000000,1786060799999,0.00000000,0,0.00000000,0.00000000,0
2026-08-07 00:00:00,0.087,0.087,0.087,0.087,0.00000000,1786075199999,0.00000000,0,0.00000000,0.00000000,0
2026-08-07 04:00:00,0.087,0.087,0.087,0.087,8242.00000000,1786089599999,717.05400000,5,0.00000000,0.00000000,0
2026-08-07 08:00:00,0.087,0.087,0.087,0.087,0.00000000,1786103999999,0.00000000,0,0.00000000,0.00000000,0
2026-08-07 12:00:00,0.087,0.087,0.087,0.087,99.40000000,1786118399999,8.64780000,1,0.00000000,0.00000000,0
2026-08-07 16:00:00,0.087,0.087,0.087,0.087,0.00000000,1786132799999,0.00000000,0,0.00000000,0.00000000,0
2026-08-07 20:00:00,0.087,0.087,0.087,0.087,0.00000000,1786147199999,0.00000000,0,0.00000000,0.00000000,0
2026-08-08 00:00:00,0.087,0.087,0.087,0.087,0.00000000,1786161599999,0.00000000,0,0.00000000,0.00000000,0
2026-08-08 04:00:00,0.087,0.087,0.087,0.087,381.07000000,1786175999999,33.15309000,2,0.00000000,0.00000000,0
2026-08-08 08:00:00,0.087,0.087,0.087,0.087,0.00000000,1786190399999,0.00000000,0,0.00000000,0.00000000,0
2026-08-08 12:00:00,0.087,0.087,0.087,0.087,0.00000000,1786204799999,0.00000000,0,0.00000000,0.00000000,0
2026-08-08 16:00:00,0.087,0.087,0.087,0.087,0.00000000,1786219199999,0.00000000,0,0.00000000,0.00000000,0
2026-08-08 20:00:00,0.087,0.087,0.087,0.087,0.00000000,1786233599999,0.00000000,0,0.00000000,0.00000000,0
2026-08-09 00:00:00,0.087,0.087,0.087,0.087,0.00000000,1786247999999,0.00000000,0,0.00000000,0.00000000,0
2026-08-09 04:00:00,0.087,0.087,0.087,0.087,0.00000000,1786262399999,0.00000000,0,0.00000000,0.00000000,0
2026-08-09 08:00:00,0.087,0.087,0.087,0.087,0.00000000,1786276799999,0.00000000,0,0.00000000,0.00000000,0
2026-08-09 12:00:00,0.087,0.087,0.087,0.087,0.00000000,1786291199999,0.00000000,0,0.00000000,0.00000000,0
2026-08-09 16:00:00,0.087,0.087,0.087,0.087,0.00000000,1786305599999,0.00000000,0,0.00000000,0.00000000,0
2026-08-09 20:00:00,0.087,0.087,0.087,0.087,0.00000000,1786319999999,0.00000000,0,0.00000000,0.00000000,0
2026-08-10 00:00:00,0.087,0.087,0.087,0.087,0.00000000,1786334399999,0.00000000,0,0.00000000,0.00000000,0
2026-08-10 04:00:00,0.091,0.092,0.091,0.092,284.09000000,1786348799999,26.05414000,5,284.09000000,26.05414000,0
2026-08-10 08:00:00,0.091,0.091,0.091,0.091,92.06000000,1786363199999,8.37746000,3,0.00000000,0.00000000,0
2026-08-10 12:00:00,0.091,0.091,0.091,0.091,0.00000000,1786377599999,0.00000000,0,0.00000000,0.00000000,0
2026-08-10 16:00:00,0.092,0.092,0.092,0.092,54429.07000000,1786391999999,5007.47444000,5,11449.58000000,1053.36136000,0
2026-08-10 20:00:00,0.091,0.091,0.091,0.091,81.25000000,1786406399999,7.39375000,2,0.00000000,0.00000000,0
2026-08-11 00:00:00,0.092,0.092,0.092,0.092,81.25000000,1786420799999,7.47500000,2,81.25000000,7.47500000,0
2026-08-11 04:00:00,0.091,0.091,0.091,0.091,81.25000000,1786435199999,7.39375000,2,0.00000000,0.00000000,0
2026-08-11 08:00:00,0.091,0.091,0.091,0.091,0.00000000,1786449599999,0.00000000,0,0.00000000,0.00000000,0
2026-08-11 12:00:00,0.09,0.09,0.086,0.086,284.04000000,1786463999999,24.75600000,4,0.00000000,0.00000000,0
2026-08-11 16:00:00,0.086,0.086,0.086,0.086,0.00000000,1786478399999,0.00000000,0,0.00000000,0.00000000,0
2026-08-11 20:00:00,0.091,0.091,0.091,0.091,82.14000000,1786492799999,7.47474000,2,82.14000000,7.47474000,0
2026-08-12 00:00:00,0.092,0.092,0.092,0.092,196.37000000,1786507199999,18.06604000,3,196.37000000,18.06604000,0
2026-08-12 04:00:00,0.091,0.092,0.09,0.09,325.89000000,1786521599999,29.65510000,8,81.25000000,7.47500000,0
2026-08-12 08:00:00,0.089,0.089,0.089,0.089,196.33000000,1786535999999,17.47337000,1,0.00000000,0.00000000,0
2026-08-12 12:00:00,0.089,0.089,0.089,0.089,0.00000000,1786550399999,0.00000000,0,0.00000000,0.00000000,0
2026-08-12 16:00:00,0.089,0.089,0.089,0.089,0.00000000,1786564799999,0.00000000,0,0.00000000,0.00000000,0
2026-08-12 20:00:00,0.089,0.089,0.089,0.089,0.00000000,1786579199999,0.00000000,0,0.00000000,0.00000000,0
2026-08-13 00:00:00,0.089,0.089,0.089,0.089,0.00000000,1786593599999,0.00000000,0,0.00000000,0.00000000,0
2026-08-13 04:00:00,0.089,0.089,0.089,0.089,0.00000000,1786607999999,0.00000000,0,0.00000000,0.00000000,0
2026-08-13 08:00:00,0.089,0.089,0.089,0.089,0.00000000,1786622399999,0.00000000,0,0.00000000,0.00000000,0
2026-08-13 12:00:00,0.089,0.089,0.089,0.089,0.00000000,1786636799999,0.00000000,0,0.00000000,0.00000000,0
2026-08-13 16:00:00,0.089,0.089,0.089,0.089,0.00000000,1786651199999,0.00000000,0,0.00000000,0.00000000,0
2026-08-13 20:00:00,0.087,0.087,0.087,0.087,160.61000000,1786665599999,13.97307000,1,160.61000000,13.97307000,0
2026-08-14 00:00:00,0.087,0.087,0.087,0.087,0.00000000,1786679999999,0.00000000,0,0.00000000,0.00000000,0
2026-08-14 04:00:00,0.087,0.087,0.087,0.087,3816.85000000,1786694399999,332.06595000,2,0.00000000,0.00000000,0
2026-08-14 08:00:00,0.087,0.087,0.087,0.087,0.00000000,1786708799999,0.00000000,0,0.00000000,0.00000000,0
2026-08-14 12:00:00,0.085,0.085,0.085,0.085,1091.90000000,1786723199999,92.81150000,1,1091.90000000,92.81150000,0
2026-08-14 16:00:00,0.085,0.085,0.085,0.085,0.00000000,1786737599999,0.00000000,0,0.00000000,0.00000000,0
2026-08-14 20:00:00,0.085,0.085,0.085,0.085,0.00000000,1786751999999,0.00000000,0,0.00000000,0.00000000,0
2026-08-15 00:00:00,0.085,0.085,0.085,0.085,0.00000000,1786766399999,0.00000000,0,0.00000000,0.00000000,0
2026-08-15 04:00:00,0.085,0.085,0.085,0.085,0.00000000,1786780799999,0.00000000,0,0.00000000,0.00000000,0
2026-08-15 08:00:00,0.085,0.085,0.085,0.085,0.00000000,1786795199999,0.00000000,0,0.00000000,0.00000000,0
2026-08-15 12:00:00,0.085,0.085,0.085,0.085,0.00000000,1786809599999,0.00000000,0,0.00000000,0.00000000,0
2026-08-15 16:00:00,0.085,0.085,0.085,0.085,112.02000000,1786823999999,9.52170000,1,0.00000000,0.00000000,0
2026-08-15 20:00:00,0.085,0.085,0.085,0.085,0.00000000,1786838399999,0.00000000,0,0.00000000,0.00000000,0
2026-08-16 00:00:00,0.085,0.085,0.085,0.085,0.00000000,1786852799999,0.00000000,0,0.00000000,0.00000000,0
2026-08-16 04:00:00,0.085,0.085,0.085,0.085,0.00000000,1786867199999,0.00000000,0,0.00000000,0.00000000,0
2026-08-16 08:00:00,0.085,0.085,0.085,0.085,0.00000000,1786881599999,0.00000000,0,0.00000000,0.00000000,0
2026-08-16 12:00:00,0.085,0.085,0.085,0.085,0.00000000,1786895999999,0.00000000,0,0.00000000,0.00000000,0
2026-08-16 16:00:00,0.085,0.085,0.085,0.085,0.00000000,1786910399999,0.00000000,0,0.00000000,0.00000000,0
2026-08-16 20:00:00,0.084,0.084,0.083,0.083,13862.75000000,1786924799999,1152.39396000,15,0.00000000,0.00000000,0
2026-08-17 00:00:00,0.083,0.083,0.083,0.083,0.00000000,1786939199999,0.00000000,0,0.00000000,0.00000000,0
2026-08-17 04:00:00,0.083,0.083,0.083,0.083,0.00000000,1786953599999,0.00000000,0,0.00000000,0.00000000,0
2026-08-17 08:00:00,0.083,0.083,0.083,0.083,0.00000000,1786967999999,0.00000000,0,0.00000000,0.00000000,0
2026-08-17 12:00:00,0.083,0.083,0.083,0.083,0.00000000,1786982399999,0.00000000,0,0.00000000,0.00000000,0
2026-08-17 16:00:00,0.083,0.083,0.083,0.083,0.00000000,1786996799999,0.00000000,0,0.00000000,0.00000000,0
2026-08-17 20:00:00,0.083,0.083,0.083,0.083,0.00000000,1787011199999,0.00000000,0,0.00000000,0.00000000,0
2026-08-18 00:00:00,0.081,0.081,0.081,0.081,37.03000000,1787025599999,2.99943000,1,0.00000000,0.00000000,0
2026-08-18 04:00:00,0.081,0.081,0.081,0.081,0.00000000,1787039999999,0.00000000,0,0.00000000,0.00000000,0
2026-08-18 08:00:00,0.081,0.081,0.081,0.081,0.00000000,1787054399999,0.00000000,0,0.00000000,0.00000000,0
2026-08-18 12:00:00,0.082,0.082,0.082,0.082,1219.51000000,1787068799999,99.99982000,1,0.00000000,0.00000000,0
2026-08-18 16:00:00,0.082,0.082,0.082,0.082,0.00000000,1787083199999,0.00000000,0,0.00000000,0.00000000,0
2026-08-18 20:00:00,0.082,0.082,0.082,0.082,611.30000000,1787097599999,50.12660000,4,218.40000000,17.90880000,0
2026-08-19 00:00:00,0.082,0.082,0.082,0.082,0.00000000,1787111999999,0.00000000,0,0.00000000,0.00000000,0
2026-08-19 04:00:00,0.082,0.082,0.082,0.082,0.00000000,1787126399999,0.00000000,0,0.00000000,0.00000000,0
2026-08-19 08:00:00,0.082,0.082,0.082,0.082,0.00000000,1787140799999,0.00000000,0,0.00000000,0.00000000,0
2026-08-19 12:00:00,0.082,0.082,0.082,0.082,0.00000000,1787155199999,0.00000000,0,0.00000000,0.00000000,0
2026-08-19 16:00:00,0.082,0.082,0.082,0.082,0.00000000,1787169599999,0.00000000,0,0.00000000,0.00000000,0
2026-08-19 20:00:00,0.091,0.092,0.085,0.085,4179.82000000,1787183999999,379.33967000,11,3872.64000000,352.59865000,0
2026-08-20 00:00:00,0.091,0.091,0.087,0.089,914.95000000,1787198399999,81.51175000,10,444.53000000,40.14518000,0
2026-08-20 04:00:00,0.089,0.089,0.085,0.088,1342.25000000,1787212799999,118.47474000,5,948.94000000,84.45566000,0
2026-08-20 08:00:00,0.091,0.092,0.091,0.092,433.82000000,1787227199999,39.74805000,10,352.57000000,32.35430000,0
2026-08-20 12:00:00,0.091,0.094,0.091,0.094,373.70000000,1787241599999,34.49536000,9,197.49000000,18.36529000,0
2026-08-20 16:00:00,0.095,0.096,0.094,0.094,601.62000000,1787255999999,57.29736000,12,113.77000000,10.84327000,0
2026-08-20 20:00:00,0.095,0.098,0.095,0.098,225.63000000,1787270399999,21.72809000,6,225.63000000,21.72809000,0
2026-08-21 00:00:00,0.097,0.098,0.097,0.097,103.20000000,1787284799999,10.04480000,4,34.40000000,3.37120000,0
2026-08-21 04:00:00,0.098,0.099,0.098,0.099,12106.97000000,1787299199999,1198.55563000,6,12106.97000000,1198.55563000,0
2026-08-21 08:00:00,0.1,0.102,0.099,0.101,993.78000000,1787313599999,100.03869000,21,613.98000000,62.01433000,0
2026-08-21 12:00:00,0.102,0.105,0.101,0.105,1029.71000000,1787327999999,106.64309000,20,790.43000000,82.01396000,0
2026-08-21 16:00:00,0.104,0.105,0.101,0.103,2098.26000000,1787342399999,214.17559000,25,338.49000000,35.08704000,0
2026-08-21 20:00:00,0.103,0.108,0.103,0.107,1921.30000000,1787356799999,202.62789000,22,781.57000000,82.65696000,0
2026-08-22 00:00:00,0.108,0.12,0.108,0.117,19881.18000000,1787371199999,2254.20344000,82,19112.08000000,2166.84062000,0
2026-08-22 04:00:00,0.118,0.123,0.104,0.111,10193.74000000,1787385599999,1130.97929000,180,4819.75000000,539.08924000,0
2026-08-22 08:00:00,0.112,0.112,0.106,0.109,13871.75000000,1787399999999,1499.61067000,45,632.03000000,69.23989000,0
2026-08-22 12:00:00,0.11,0.11,0.108,0.108,712.46000000,1787414399999,77.75563000,13,405.34000000,44.50760000,0
2026-08-22 16:00:00,0.109,0.112,0.109,0.111,3680.05000000,1787428799999,402.28529000,16,3535.81000000,386.27465000,0
2026-08-22 20:00:00,0.11,0.11,0.107,0.109,1441.51000000,1787443199999,156.35754000,26,376.96000000,41.08652000,0
2026-08-23 00:00:00,0.11,0.11,0.105,0.106,864.37000000,1787457599999,92.44487000,22,110.85000000,12.06638000,0
2026-08-23 04:00:00,0.105,0.106,0.104,0.106,796.34000000,1787471999999,83.72247000,18,381.67000000,40.30307000,0
2026-08-23 08:00:00,0.107,0.111,0.107,0.11,846.23000000,1787486399999,92.42425000,18,700.67000000,76.41265000,0
2026-08-23 12:00:00,0.111,0.113,0.11,0.113,6667.43000000,1787500799999,746.23916000,28,6270.89000000,702.26204000,0
2026-08-23 16:00:00,0.112,0.113,0.112,0.113,2471.85000000,1787515199999,279.21231000,6,2365.11000000,267.25743000,0
2026-08-23 20:00:00,0.114,0.114,0.112,0.112,331.72000000,1787529599999,37.45389000,8,112.49000000,12.82386000,0
2026-08-24 00:00:00,0.111,0.111,0.108,0.109,3485.77000000,1787543999999,383.30138000,25,657.09000000,72.34566000,0
2026-08-24 04:00:00,0.11,0.11,0.109,0.109,407.18000000,1787558399999,44.63166000,6,249.04000000,27.39440000,0
2026-08-24 08:00:00,0.108,0.11,0.108,0.11,522.38000000,1787572799999,56.87168000,10,307.12000000,33.62360000,0
2026-08-24 12:00:00,0.109,0.11,0.108,0.109,691.85000000,1787587199999,75.48999000,14,306.39000000,33.62310000,0
2026-08-24 16:00:00,0.108,0.109,0.106,0.107,6101.04000000,1787601599999,661.59701000,23,5401.46000000,586.68615000,0
2026-08-24 20:00:00,0.108,0.108,0.107,0.107,80149.64000000,1787615999999,8576.16112000,15,8826.36000000,944.57016000,0
2026-08-25 00:00:00,0.108,0.109,0.108,0.108,468.84000000,1787630399999,50.79432000,10,309.24000000,33.55752000,0
2026-08-25 04:00:00,0.109,0.109,0.105,0.105,574.52000000,1787644799999,61.29527000,16,79.80000000,8.69820000,0
2026-08-25 08:00:00,0.104,0.105,0.104,0.104,461.85000000,1787659199999,48.18635000,11,153.95000000,16.16475000,0
2026-08-25 12:00:00,0.103,0.104,0.103,0.103,466.32000000,1787673599999,48.18640000,10,155.44000000,16.16576000,0
2026-08-25 16:00:00,0.103,0.103,0.103,0.103,0.00000000,1787687999999,0.00000000,0,0.00000000,0.00000000,0
2026-08-25 20:00:00,0.102,0.102,0.1,0.101,689.56000000,1787702399999,69.60264000,14,126.75000000,12.80175000,0
2026-08-26 00:00:00,0.102,0.103,0.102,0.103,361.88000000,1787716799999,37.06912000,6,361.88000000,37.06912000,0
2026-08-26 04:00:00,0.102,0.102,0.102,0.102,117.20000000,1787731199999,11.95440000,3,0.00000000,0.00000000,0
2026-08-26 08:00:00,0.101,0.103,0.101,0.103,1320.93000000,1787745599999,135.60228000,12,1078.24000000,110.97339000,0
2026-08-26 12:00:00,0.102,0.102,0.1,0.1,422.81000000,1787759999999,42.64089000,10,0.00000000,0.00000000,0
2026-08-26 16:00:00,0.099,0.099,0.099,0.099,228.89000000,1787774399999,22.66011000,3,86.91000000,8.60409000,0
2026-08-26 20:00:00,0.098,0.099,0.097,0.099,345.05000000,1787788799999,33.78050000,9,204.78000000,20.11026000,0
2026-08-27 00:00:00,0.097,0.097,0.096,0.097,209.98000000,1787803199999,20.26906000,6,34.76000000,3.37172000,0
2026-08-27 04:00:00,0.096,0.097,0.096,0.097,804.88000000,1787817599999,77.48468000,10,216.20000000,20.97140000,0
2026-08-27 08:00:00,0.097,0.099,0.097,0.097,1277.33000000,1787831999999,125.95081000,8,1042.19000000,103.14223000,0
2026-08-27 12:00:00,0.098,0.098,0.097,0.097,2580.13000000,1787846399999,250.30701000,3,34.40000000,3.37120000,0
2026-08-27 16:00:00,0.097,0.097,0.097,0.097,0.00000000,1787860799999,0.00000000,0,0.00000000,0.00000000,0
2026-08-27 20:00:00,0.097,0.097,0.097,0.097,0.00000000,1787875199999,0.00000000,0,0.00000000,0.00000000,0
2026-08-28 00:00:00,0.095,0.095,0.093,0.093,7380.60000000,1787889599999,693.82681000,11,0.00000000,0.00000000,0
2026-08-28 04:00:00,0.093,0.093,0.093,0.093,0.00000000,1787903999999,0.00000000,0,0.00000000,0.00000000,0
2026-08-28 08:00:00,0.093,0.093,0.093,0.093,0.00000000,1787918399999,0.00000000,0,0.00000000,0.00000000,0
2026-08-28 12:00:00,0.091,0.094,0.091,0.094,5171.45000000,1787932799999,471.97379000,5,560.92000000,52.41556000,0
2026-08-28 16:00:00,0.09,0.09,0.089,0.089,121.30000000,1787947199999,10.82570000,3,0.00000000,0.00000000,0
2026-08-28 20:00:00,0.09,0.09,0.09,0.09,199.10000000,1787961599999,17.91900000,1,199.10000000,17.91900000,0
2026-08-29 00:00:00,0.09,0.09,0.09,0.09,0.00000000,1787975999999,0.00000000,0,0.00000000,0.00000000,0
2026-08-29 04:00:00,0.09,0.09,0.09,0.09,286.77000000,1787990399999,25.80930000,3,286.77000000,25.80930000,0
2026-08-29 08:00:00,0.087,0.088,0.087,0.088,2509.19000000,1788004799999,220.56660000,4,2267.07000000,199.50216000,0
2026-08-29 12:00:00,0.088,0.088,0.088,0.088,6836.33000000,1788019199999,601.59704000,5,0.00000000,0.00000000,0
2026-08-29 16:00:00,0.088,0.088,0.088,0.088,0.00000000,1788033599999,0.00000000,0,0.00000000,0.00000000,0
2026-08-29 20:00:00,0.088,0.088,0.088,0.088,0.00000000,1788047999999,0.00000000,0,0.00000000,0.00000000,0
2026-08-30 00:00:00,0.088,0.088,0.088,0.088,0.00000000,1788062399999,0.00000000,0,0.00000000,0.00000000,0
2026-08-30 04:00:00,0.088,0.088,0.088,0.088,0.00000000,1788076799999,0.00000000,0,0.00000000,0.00000000,0
2026-08-30 08:00:00,0.09,0.09,0.09,0.09,7170.47000000,1788091199999,645.34230000,1,7170.47000000,645.34230000,0
2026-08-30 12:00:00,0.09,0.09,0.09,0.09,0.00000000,1788105599999,0.00000000,0,0.00000000,0.00000000,0
2026-08-30 16:00:00,0.09,0.09,0.09,0.09,0.00000000,1788119999999,0.00000000,0,0.00000000,0.00000000,0
2026-08-30 20:00:00,0.087,0.087,0.087,0.087,573.73000000,1788134399999,49.91451000,5,0.00000000,0.00000000,0
2026-08-31 00:00:00,0.087,0.087,0.087,0.087,0.00000000,1788148560000,0.00000000,0,0.00000000,0.00000000,0
2026-08-31 12:00:00,0.088,0.088,0.088,0.088,22.84000000,1788191999999,2.00992000,1,22.84000000,2.00992000,0
2026-08-31 16:00:00,0.088,0.088,0.088,0.088,0.00000000,1788206399999,0.00000000,0,0.00000000,0.00000000,0
2026-08-31 20:00:00,0.09,0.092,0.09,0.092,565.57000000,1788220799999,51.45649000,5,565.57000000,51.45649000,0
2026-09-01 00:00:00,0.095,0.098,0.095,0.095,1128.16000000,1788235199999,108.41576000,8,1117.61000000,107.41351000,0
2026-09-01 04:00:00,0.097,0.097,0.097,0.097,1294.07000000,1788249599999,125.52479000,3,1294.07000000,125.52479000,0
2026-09-01 08:00:00,0.095,0.098,0.095,0.097,1106.04000000,1788263999999,106.87889000,8,657.97000000,63.94594000,0
2026-09-01 12:00:00,0.097,0.097,0.097,0.097,0.00000000,1788278399999,0.00000000,0,0.00000000,0.00000000,0
2026-09-01 16:00:00,0.097,0.1,0.096,0.097,1184.51000000,1788292799999,114.93023000,10,525.43000000,51.47689000,0
2026-09-01 20:00:00,0.094,0.094,0.094,0.094,174.08000000,1788307199999,16.36352000,1,0.00000000,0.00000000,0
2026-09-02 00:00:00,0.096,0.096,0.096,0.096,207.94000000,1788321599999,19.96224000,2,207.94000000,19.96224000,0
2026-09-02 04:00:00,0.096,0.096,0.096,0.096,0.00000000,1788335999999,0.00000000,0,0.00000000,0.00000000,0
2026-09-02 08:00:00,0.094,0.094,0.093,0.093,538.93000000,1788350399999,50.33029000,3,0.00000000,0.00000000,0
2026-09-02 12:00:00,0.096,0.097,0.096,0.097,577.64000000,1788364799999,55.84650000,3,577.64000000,55.84650000,0
2026-09-02 16:00:00,0.098,0.098,0.097,0.098,851.67000000,1788379199999,83.14014000,6,656.99000000,64.06150000,0
2026-09-02 20:00:00,0.1,0.1,0.1,0.1,199.56000000,1788393599999,19.95600000,1,199.56000000,19.95600000,0
2026-09-03 00:00:00,0.1,0.1,0.1,0.1,0.00000000,1788407999999,0.00000000,0,0.00000000,0.00000000,0
2026-09-03 04:00:00,0.097,0.097,0.097,0.097,23.16000000,1788422399999,2.24652000,2,0.00000000,0.00000000,0
2026-09-03 08:00:00,0.097,0.097,0.097,0.097,0.00000000,1788436799999,0.00000000,0,0.00000000,0.00000000,0
2026-09-03 12:00:00,0.101,0.103,0.101,0.103,203.50000000,1788451199999,20.78118000,2,203.50000000,20.78118000,0
2026-09-03 16:00:00,0.104,0.105,0.104,0.105,311.28000000,1788465599999,32.47184000,3,311.28000000,32.47184000,0
2026-09-03 20:00:00,0.103,0.103,0.101,0.101,589.33000000,1788479999999,59.93449000,9,104.74000000,10.57874000,0
2026-09-04 00:00:00,0.1,0.1,0.099,0.1,726.54000000,1788494399999,72.38822000,7,0.00000000,0.00000000,0
2026-09-04 04:00:00,0.1,0.1,0.099,0.099,315.95000000,1788508799999,31.45480000,2,315.95000000,31.45480000,0
2026-09-04 08:00:00,0.099,0.099,0.099,0.099,0.00000000,1788523199999,0.00000000,0,0.00000000,0.00000000,0
2026-09-04 12:00:00,0.098,0.098,0.096,0.097,1642.38000000,1788537599999,159.13546000,19,317.56000000,30.80332000,0
2026-09-04 16:00:00,0.097,0.097,0.097,0.097,0.00000000,1788551999999,0.00000000,0,0.00000000,0.00000000,0
2026-09-04 20:00:00,0.098,0.098,0.098,0.098,530.55000000,1788566399999,51.99390000,5,530.55000000,51.99390000,0
2026-09-05 00:00:00,0.1,0.102,0.1,0.101,2129.33000000,1788580799999,216.89299000,3,2129.33000000,216.89299000,0
2026-09-05 04:00:00,0.1,0.1,0.1,0.1,174.43000000,1788595199999,17.44300000,1,174.43000000,17.44300000,0
2026-09-05 08:00:00,0.1,0.1,0.1,0.1,0.00000000,1788609599999,0.00000000,0,0.00000000,0.00000000,0
2026-09-05 12:00:00,0.1,0.1,0.1,0.1,0.00000000,1788623999999,0.00000000,0,0.00000000,0.00000000,0
2026-09-05 16:00:00,0.101,0.103,0.101,0.103,327.18000000,1788638399999,33.26330000,3,327.18000000,33.26330000,0
2026-09-05 20:00:00,0.105,0.111,0.104,0.108,886.39000000,1788652799999,94.73609000,7,526.94000000,56.59035000,0
2026-09-06 00:00:00,0.112,0.114,0.106,0.111,7712.46000000,1788667199999,868.17426000,24,3492.25000000,394.19317000,0
2026-09-06 04:00:00,0.109,0.109,0.108,0.109,1965.75000000,1788681599999,212.59599000,5,0.00000000,0.00000000,0
2026-09-06 08:00:00,0.109,0.109,0.109,0.109,0.00000000,1788695999999,0.00000000,0,0.00000000,0.00000000,0
2026-09-06 12:00:00,0.106,0.11,0.106,0.107,1057.55000000,1788710399999,114.21297000,8,527.62000000,57.67237000,0
2026-09-06 16:00:00,0.11,0.11,0.11,0.11,253.18000000,1788724799999,27.84980000,1,253.18000000,27.84980000,0
2026-09-06 20:00:00,0.11,0.11,0.11,0.11,0.00000000,1788739199999,0.00000000,0,0.00000000,0.00000000,0
2026-09-07 00:00:00,0.111,0.112,0.109,0.11,1025.06000000,1788753599999,113.11625000,9,688.23000000,76.16642000,0
2026-09-07 04:00:00,0.108,0.108,0.108,0.108,500.45000000,1788767999999,54.04860000,4,0.00000000,0.00000000,0
2026-09-07 08:00:00,0.11,0.11,0.11,0.11,497.12000000,1788782399999,54.68320000,2,497.12000000,54.68320000,0
2026-09-07 12:00:00,0.113,0.113,0.11,0.11,619.56000000,1788796799999,69.08958000,5,384.21000000,42.96573000,0
2026-09-07 16:00:00,0.11,0.11,0.11,0.11,0.00000000,1788811199999,0.00000000,0,0.00000000,0.00000000,0
2026-09-07 20:00:00,0.11,0.11,0.11,0.11,0.00000000,1788825599999,0.00000000,0,0.00000000,0.00000000,0
2026-09-08 00:00:00,0.11,0.11,0.11,0.11,0.00000000,1788839999999,0.00000000,0,0.00000000,0.00000000,0
2026-09-08 04:00:00,0.11,0.11,0.11,0.11,0.00000000,1788854399999,0.00000000,0,0.00000000,0.00000000,0
2026-09-08 08:00:00,0.108,0.109,0.108,0.109,622.56000000,1788868799999,67.35852000,3,0.00000000,0.00000000,0
2026-09-08 12:00:00,0.109,0.109,0.105,0.108,552.12000000,1788883199999,59.12633000,7,189.52000000,20.55990000,0
2026-09-08 16:00:00,0.106,0.106,0.106,0.106,1980.96000000,1788897599999,209.98176000,3,0.00000000,0.00000000,0
2026-09-08 20:00:00,0.106,0.106,0.106,0.106,0.00000000,1788911999999,0.00000000,0,0.00000000,0.00000000,0
2026-09-09 00:00:00,0.103,0.103,0.102,0.102,298.43000000,1788926399999,30.54981000,3,0.00000000,0.00000000,0
2026-09-09 04:00:00,0.106,0.106,0.106,0.106,9.64000000,1788940799999,1.02184000,1,9.64000000,1.02184000,0
2026-09-09 08:00:00,0.106,0.106,0.106,0.106,0.00000000,1788955199999,0.00000000,0,0.00000000,0.00000000,0
2026-09-09 12:00:00,0.102,0.102,0.101,0.101,120.85000000,1788969599999,12.21673000,2,0.00000000,0.00000000,0
2026-09-09 16:00:00,0.102,0.102,0.102,0.102,446.33000000,1788983999999,45.52566000,5,0.00000000,0.00000000,0
2026-09-09 20:00:00,0.099,0.099,0.099,0.099,345.20000000,1788998399999,34.17480000,4,0.00000000,0.00000000,0
2026-09-10 00:00:00,0.099,0.099,0.099,0.099,0.00000000,1789012799999,0.00000000,0,0.00000000,0.00000000,0
2026-09-10 04:00:00,0.098,0.098,0.098,0.098,2276.05000000,1789027199999,223.05290000,19,0.00000000,0.00000000,0
2026-09-10 08:00:00,0.098,0.098,0.098,0.098,0.00000000,1789041599999,0.00000000,0,0.00000000,0.00000000,0
2026-09-10 12:00:00,0.098,0.098,0.098,0.098,0.00000000,1789055999999,0.00000000,0,0.00000000,0.00000000,0
2026-09-10 16:00:00,0.095,0.096,0.095,0.096,665.10000000,1789070399999,63.31120000,6,126.70000000,12.16320000,0
2026-09-10 20:00:00,0.096,0.096,0.096,0.096,0.00000000,1789084799999,0.00000000,0,0.00000000,0.00000000,0
2026-09-11 00:00:00,0.096,0.096,0.096,0.096,0.00000000,1789099199999,0.00000000,0,0.00000000,0.00000000,0
2026-09-11 04:00:00,0.096,0.096,0.096,0.096,0.00000000,1789113599999,0.00000000,0,0.00000000,0.00000000,0
2026-09-11 08:00:00,0.095,0.095,0.095,0.095,62.66000000,1789127999999,5.95270000,1,0.00000000,0.00000000,0
2026-09-11 12:00:00,0.1,0.1,0.099,0.099,1309.76000000,1789142399999,129.78082000,3,114.58000000,11.45800000,0
2026-09-11 16:00:00,0.099,0.099,0.099,0.099,0.00000000,1789156799999,0.00000000,0,0.00000000,0.00000000,0
