ts,open,high,low,close,volume,close_time,quote_asset_volume,num_trades,taker_buy_base,taker_buy_quote,ignore
2024-12-05 08:00:00,2.5e-05,9.999e-05,2.152e-05,2.225e-05,1215105287.00,1733399999999,28870.92695998,175,431570006.00,11348.76880736,0
2024-12-05 12:00:00,2.225e-05,2.472e-05,2.2e-05,2.2e-05,14540907063.00,1733414399999,326780.24440754,728,2809040063.00,64545.11573043,0
2024-12-05 16:00:00,2.248e-05,2.255e-05,2.126e-05,2.126e-05,12477870979.00,1733428799999,274173.38875990,1117,2599775654.00,58032.42502117,0
2024-12-05 20:00:00,2.126e-05,2.224e-05,2.08e-05,2.151e-05,8190453263.00,1733443199999,173570.60434919,657,2264489053.00,48562.39239219,0
2024-12-06 00:00:00,2.149e-05,2.223e-05,2.066e-05,2.175e-05,2769263990.00,1733457599999,60164.60281220,459,1006734731.00,22044.58938608,0
2024-12-06 04:00:00,2.181e-05,2.211e-05,2.156e-05,2.194e-05,1732889145.00,1733471999999,37821.58095448,342,397998285.00,8722.88740625,0
2024-12-06 08:00:00,2.2e-05,2.22e-05,2.11e-05,2.11e-05,1106462175.00,1733486399999,23884.90456633,199,133808488.00,2904.71043851,0
2024-12-06 12:00:00,2.116e-05,2.19e-05,2.06e-05,2.175e-05,3345765022.00,1733500799999,69268.98262104,381,425808947.00,9066.10209764,0
2024-12-06 16:00:00,2.172e-05,2.229e-05,2.142e-05,2.228e-05,3602851405.00,1733515199999,78719.11399131,423,1427215067.00,31233.80924662,0
2024-12-06 20:00:00,2.227e-05,2.239e-05,2.17e-05,2.191e-05,984856658.00,1733529599999,21857.13613311,312,304659194.00,6779.95642648,0
2024-12-07 00:00:00,2.191e-05,2.192e-05,2.142e-05,2.15e-05,4188306206.00,1733543999999,90800.80815622,328,728344152.00,15897.77867328,0
2024-12-07 04:00:00,2.153e-05,2.173e-05,2.112e-05,2.173e-05,1746771460.00,1733558399999,37239.16218940,181,977990885.00,20788.67702204,0
2024-12-07 08:00:00,2.174e-05,2.299e-05,2.161e-05,2.262e-05,4378649331.00,1733572799999,98458.45858124,368,3759170039.00,84382.92349467,0
2024-12-07 12:00:00,2.255e-05,2.28e-05,2.207e-05,2.28e-05,2122818732.00,1733587199999,47713.54907013,319,1879808723.00,42274.01853515,0
2024-12-07 16:00:00,2.28e-05,2.704e-05,2.27e-05,2.673e-05,17334961717.00,1733601599999,423609.61571193,1165,13712738298.00,331775.32745383,0
2024-12-07 20:00:00,2.674e-05,2.7e-05,2.461e-05,2.499e-05,12546373586.00,1733615999999,326221.67208428,1338,6550506202.00,170606.37396773,0
2024-12-08 00:00:00,2.506e-05,2.649e-05,2.387e-05,2.626e-05,5758672655.00,1733630399999,146229.51643879,713,2413168803.00,60961.76970451,0
2024-12-08 04:00:00,2.62e-05,2.65e-05,2.519e-05,2.538e-05,6454412810.00,1733644799999,166178.16861828,818,2154237032.00,55810.18818761,0
2024-12-08 08:00:00,2.534e-05,2.548e-05,2.41e-05,2.513e-05,2497846142.00,1733659199999,61861.32212300,377,1059380158.00,26090.60253461,0
2024-12-08 12:00:00,2.534e-05,2.58e-05,2.475e-05,2.555e-05,4998747508.00,1733673599999,125519.34068788,534,1171057137.00,29632.68417110,0
2024-12-08 16:00:00,2.555e-05,2.704e-05,2.527e-05,2.65e-05,8212100344.00,1733687999999,214756.69012763,853,5497540238.00,143047.79690132,0
2024-12-08 20:00:00,2.652e-05,2.687e-05,2.597e-05,2.645e-05,5483485862.00,1733702399999,145074.44619605,581,1317846907.00,34864.33382047,0
2024-12-09 00:00:00,2.646e-05,2.748e-05,2.601e-05,2.66e-05,9591653390.00,1733716799999,258211.82270540,941,4284014550.00,115261.13720825,0
2024-12-09 04:00:00,2.66e-05,2.718e-05,2.562e-05,2.623e-05,3896181719.00,1733731199999,103482.46357646,636,1859050579.00,49841.61619515,0
2024-12-09 08:00:00,2.624e-05,2.631e-05,2.471e-05,2.478e-05,2239945379.00,1733745599999,56451.71396350,312,861932857.00,21700.49638804,0
2024-12-09 12:00:00,2.471e-05,2.738e-05,2.463e-05,2.7e-05,6290153766.00,1733759999999,164501.97853726,983,2354876244.00,62206.95870997,0
2024-12-09 16:00:00,2.702e-05,2.844e-05,2.67e-05,2.695e-05,6543191782.00,1733774399999,180948.81406758,1036,3728281322.00,102091.60805980,0
2024-12-09 20:00:00,2.693e-05,2.715e-05,2.32e-05,2.643e-05,21069883149.00,1733788799999,538660.02016456,1948,8837326159.00,226100.02708082,0
2024-12-10 00:00:00,2.644e-05,2.72e-05,2.25e-05,2.317e-05,11837292092.00,1733803199999,283466.39604017,1130,7778480587.00,185958.72386447,0
2024-12-10 04:00:00,2.31e-05,2.561e-05,2.235e-05,2.513e-05,2610660373.00,1733817599999,61524.21169334,623,1165283391.00,27923.37778445,0
2024-12-10 08:00:00,2.513e-05,2.623e-05,2.472e-05,2.527e-05,15468913165.00,1733831999999,397158.82033991,854,5901344323.00,148173.32310118,0
2024-12-10 12:00:00,2.526e-05,2.549e-05,2.3e-05,2.3e-05,3152624228.00,1733846399999,76218.54174094,920,535381246.00,13183.32600682,0
2024-12-10 16:00:00,2.3e-05,2.364e-05,2.2e-05,2.29e-05,5022044213.00,1733860799999,115355.97301287,943,1250025099.00,28625.71899848,0
2024-12-10 20:00:00,2.29e-05,2.395e-05,2.29e-05,2.36e-05,2083755645.00,1733875199999,49263.68182285,451,1540485295.00,36384.38257132,0
2024-12-11 00:00:00,2.369e-05,2.394e-05,2.156e-05,2.262e-05,9446724835.00,1733889599999,208893.89148277,752,7334297443.00,161711.39629527,0
2024-12-11 04:00:00,2.269e-05,2.318e-05,2.2e-05,2.254e-05,839206175.00,1733903999999,18914.76584748,390,128971512.00,2934.47157895,0
2024-12-11 08:00:00,2.254e-05,2.395e-05,2.233e-05,2.379e-05,1055881658.00,1733918399999,24733.07443859,306,545379578.00,12696.22888069,0
2024-12-11 12:00:00,2.38e-05,2.5e-05,2.343e-05,2.475e-05,2087040243.00,1733932799999,50722.01225209,712,1613628570.00,39202.26944341,0
2024-12-11 16:00:00,2.475e-05,2.55e-05,2.34e-05,2.541e-05,3445033185.00,1733947199999,85497.55625397,1110,1900013142.00,47045.77064947,0
2024-12-11 20:00:00,2.534e-05,2.54e-05,2.47e-05,2.519e-05,1585972302.00,1733961599999,39633.06204573,311,1421817077.00,35557.10613445,0
2024-12-12 00:00:00,2.519e-05,2.6e-05,2.402e-05,2.524e-05,3119387893.00,1733975999999,78669.65580301,809,2171166577.00,55160.09975962,0
2024-12-12 04:00:00,2.524e-05,2.57e-05,2.45e-05,2.499e-05,1097825022.00,1733990399999,27769.50090422,709,448311857.00,11366.61258666,0
2024-12-12 08:00:00,2.513e-05,2.52e-05,2.441e-05,2.441e-05,442060006.00,1734004799999,10896.09249094,277,127945978.00,3174.25271187,0
2024-12-12 12:00:00,2.45e-05,2.496e-05,2.4e-05,2.457e-05,3881465697.00,1734019199999,95275.11659411,263,1937645111.00,47816.58697001,0
2024-12-12 16:00:00,2.457e-05,2.471e-05,2.345e-05,2.345e-05,2332039888.00,1734033599999,56783.47977125,259,1564345608.00,38166.00480007,0
2024-12-12 20:00:00,2.352e-05,2.392e-05,2.327e-05,2.375e-05,2295304604.00,1734047999999,54394.84414455,296,327350479.00,7772.72317539,0
2024-12-13 00:00:00,2.373e-05,2.397e-05,2.338e-05,2.392e-05,2926135638.00,1734062399999,68724.80061883,286,2566409201.00,60154.93822455,0
2024-12-13 04:00:00,2.391e-05,2.392e-05,2.309e-05,2.34e-05,548030700.00,1734076799999,12864.67383155,174,158606792.00,3758.60653467,0
2024-12-13 08:00:00,2.345e-05,2.388e-05,2.335e-05,2.344e-05,281679756.00,1734091199999,6659.83105988,211,184453259.00,4380.42806352,0
2024-12-13 12:00:00,2.352e-05,2.49e-05,2.342e-05,2.397e-05,883502842.00,1734105599999,21633.46306523,330,700284074.00,17176.53800765,0
2024-12-13 16:00:00,2.397e-05,2.446e-05,2.379e-05,2.446e-05,1293225229.00,1734119999999,31495.80846327,203,1107010391.00,27058.76246621,0
2024-12-13 20:00:00,2.447e-05,2.49e-05,2.446e-05,2.489e-05,743833957.00,1734134399999,18367.19446922,207,417158916.00,10305.28378946,0
2024-12-14 00:00:00,2.489e-05,2.489e-05,2.422e-05,2.436e-05,928899978.00,1734148799999,22745.72900763,270,491034062.00,12030.83555369,0
2024-12-14 04:00:00,2.443e-05,2.49e-05,2.406e-05,2.436e-05,409636776.00,1734163199999,10039.09464071,182,316281169.00,7770.38027677,0
2024-12-14 08:00:00,2.436e-05,2.436e-05,2.367e-05,2.396e-05,1442701242.00,1734177599999,34692.38570402,686,553661565.00,13362.65203120,0
2024-12-14 12:00:00,2.396e-05,2.413e-05,2.34e-05,2.346e-05,132097817.00,1734191999999,3135.56552122,152,50482877.00,1198.98193335,0
2024-12-14 16:00:00,2.345e-05,2.355e-05,2.307e-05,2.344e-05,931803186.00,1734206399999,21845.51291778,244,80241850.00,1878.79291521,0
2024-12-14 20:00:00,2.345e-05,2.349e-05,2.278e-05,2.345e-05,312678157.00,1734220799999,7217.68966185,171,66243834.00,1542.18563243,0
2024-12-15 00:00:00,2.331e-05,2.349e-05,2.295e-05,2.327e-05,187776889.00,1734235199999,4364.58687318,121,130433022.00,3037.62938529,0
2024-12-15 04:00:00,2.326e-05,2.344e-05,2.27e-05,2.282e-05,225419465.00,1734249599999,5174.84655078,102,33679817.00,777.99229103,0
2024-12-15 08:00:00,2.282e-05,2.338e-05,2.282e-05,2.337e-05,127575702.00,1734263999999,2946.33905104,100,43791066.00,1015.93584089,0
2024-12-15 12:00:00,2.33e-05,2.393e-05,2.325e-05,2.392e-05,2227897394.00,1734278399999,53051.74442434,159,601130004.00,14319.19726852,0
2024-12-15 16:00:00,2.38e-05,2.393e-05,2.35e-05,2.38e-05,2493744891.00,1734292799999,58701.31645180,117,2280421286.00,53651.88551577,0
2024-12-15 20:00:00,2.387e-05,2.432e-05,2.295e-05,2.412e-05,1068192302.00,1734307199999,25393.50988594,307,869002284.00,20757.18002509,0
2024-12-16 00:00:00,2.415e-05,2.446e-05,2.36e-05,2.375e-05,2555759971.00,1734321599999,61541.90065321,279,1000605232.00,24020.65948774,0
2024-12-16 04:00:00,2.366e-05,2.42e-05,2.343e-05,2.387e-05,1057943063.00,1734335999999,25144.65272493,187,902770205.00,21483.13864245,0
2024-12-16 08:00:00,2.394e-05,2.394e-05,2.301e-05,2.301e-05,124113829.00,1734350399999,2896.32356530,144,16620804.00,390.79100054,0
2024-12-16 12:00:00,2.31e-05,2.343e-05,2.3e-05,2.305e-05,786834469.00,1734364799999,18279.56860575,158,35520852.00,826.77720935,0
2024-12-16 16:00:00,2.317e-05,2.444e-05,2.309e-05,2.387e-05,907448762.00,1734379199999,21803.71776238,355,549844065.00,13320.26197464,0
2024-12-16 20:00:00,2.387e-05,2.41e-05,2.352e-05,2.359e-05,2017462994.00,1734393599999,47821.12565093,306,75011923.00,1792.09118319,0
2024-12-17 00:00:00,2.355e-05,2.436e-05,2.308e-05,2.374e-05,3192688165.00,1734407999999,75698.98496137,598,1342455430.00,31934.89765260,0
2024-12-17 04:00:00,2.359e-05,2.359e-05,2.322e-05,2.322e-05,814459872.00,1734422399999,18983.44006042,142,124595442.00,2914.64376904,0
2024-12-17 08:00:00,2.322e-05,2.375e-05,2.322e-05,2.329e-05,383470286.00,1734436799999,8969.04570571,138,78057085.00,1838.31186295,0
2024-12-17 12:00:00,2.338e-05,2.377e-05,2.275e-05,2.282e-05,623930392.00,1734451199999,14397.38198849,291,180744508.00,4170.73559216,0
2024-12-17 16:00:00,2.278e-05,2.324e-05,2.255e-05,2.282e-05,285634696.00,1734465599999,6535.44927478,162,81271187.00,1870.07631656,0
2024-12-17 20:00:00,2.289e-05,2.304e-05,2.222e-05,2.255e-05,1076695091.00,1734479999999,24270.56554662,377,257531541.00,5822.87521408,0
2024-12-18 00:00:00,2.255e-05,2.255e-05,2.2e-05,2.221e-05,569068038.00,1734494399999,12691.78445079,203,120926794.00,2716.19114146,0
2024-12-18 04:00:00,2.221e-05,2.23e-05,2.143e-05,2.165e-05,4989297603.00,1734508799999,109501.39691456,266,370792654.00,8114.15334325,0
2024-12-18 08:00:00,2.155e-05,2.201e-05,2.142e-05,2.194e-05,135094774.00,1734523199999,2948.64248748,82,75999008.00,1670.74900579,0
2024-12-18 12:00:00,2.181e-05,2.201e-05,2.131e-05,2.161e-05,1529471851.00,1734537599999,33177.95297870,231,41527012.00,896.15050604,0
2024-12-18 16:00:00,2.148e-05,2.188e-05,2.11e-05,2.111e-05,1373154485.00,1734551999999,29545.43064337,378,202359318.00,4360.07869511,0
2024-12-18 20:00:00,2.11e-05,2.149e-05,1.921e-05,1.959e-05,5432746417.00,1734566399999,107820.29421481,701,2839138988.00,55933.52516678,0
2024-12-19 00:00:00,1.958e-05,1.976e-05,1.821e-05,1.947e-05,7786023723.00,1734580799999,150394.73228936,760,854748499.00,16630.04079528,0
2024-12-19 04:00:00,1.974e-05,1.997e-05,1.919e-05,1.933e-05,555473680.00,1734595199999,10894.39221342,291,209762817.00,4142.61735423,0
2024-12-19 08:00:00,1.96e-05,1.96e-05,1.902e-05,1.958e-05,503233164.00,1734609599999,9727.28904363,141,335888896.00,6520.93208897,0
2024-12-19 12:00:00,1.953e-05,1.96e-05,1.851e-05,1.865e-05,609779930.00,1734623999999,11622.78050305,185,351089346.00,6736.02732152,0
2024-12-19 16:00:00,1.886e-05,1.923e-05,1.66e-05,1.715e-05,2463998412.00,1734638399999,44539.10000798,520,302662608.00,5530.02486453,0
2024-12-19 20:00:00,1.717e-05,1.769e-05,1.655e-05,1.743e-05,1343535042.00,1734652799999,22946.39338747,146,1059310217.00,18112.79573657,0
2024-12-20 00:00:00,1.713e-05,1.783e-05,1.675e-05,1.754e-05,301121668.00,1734667199999,5218.47690061,122,134635983.00,2329.36735694,0
2024-12-20 04:00:00,1.745e-05,1.766e-05,1.65e-05,1.701e-05,781989046.00,1734681599999,13351.95252943,182,258548500.00,4523.24127676,0
2024-12-20 08:00:00,1.7e-05,1.7e-05,1.46e-05,1.46e-05,1315448245.00,1734695999999,20471.27894885,281,114599745.00,1802.31867610,0
2024-12-20 12:00:00,1.452e-05,1.659e-05,1.421e-05,1.659e-05,6138813657.00,1734710399999,92503.61383796,209,3893041830.00,57960.55432793,0
2024-12-20 16:00:00,1.656e-05,1.707e-05,1.619e-05,1.695e-05,2242374476.00,1734724799999,37020.80187996,222,374504079.00,6246.56885832,0
2024-12-20 20:00:00,1.695e-05,1.805e-05,1.661e-05,1.796e-05,3273136417.00,1734739199999,56185.72453564,223,2451217401.00,41995.82801959,0
2024-12-21 00:00:00,1.793e-05,1.86e-05,1.75e-05,1.797e-05,3289308341.00,1734753599999,60094.16734834,166,1644732888.00,29762.47050433,0
2024-12-21 04:00:00,1.8e-05,1.956e-05,1.798e-05,1.936e-05,354231944.00,1734767999999,6629.98735592,142,231469545.00,4385.45366084,0
2024-12-21 08:00:00,1.944e-05,1.944e-05,1.875e-05,1.878e-05,552055443.00,1734782399999,10506.44979130,75,178373021.00,3367.63069412,0
2024-12-21 12:00:00,1.893e-05,1.897e-05,1.73e-05,1.753e-05,489161986.00,1734796799999,8767.19133057,119,56225549.00,1003.20600398,0
2024-12-21 16:00:00,1.792e-05,1.794e-05,1.696e-05,1.719e-05,625300262.00,1734811199999,10737.27081282,71,109273591.00,1871.31659265,0
2024-12-21 20:00:00,1.73e-05,1.794e-05,1.707e-05,1.743e-05,1996995467.00,1734825599999,35106.00238290,232,543464208.00,9357.72914889,0
2024-12-22 00:00:00,1.731e-05,1.769e-05,1.721e-05,1.748e-05,116166036.00,1734839999999,2020.30728067,70,37986149.00,663.77580559,0
2024-12-22 04:00:00,1.737e-05,1.747e-05,1.669e-05,1.725e-05,3844314465.00,1734854399999,66209.00371010,149,3752829005.00,64654.34945599,0
2024-12-22 08:00:00,1.725e-05,1.805e-05,1.723e-05,1.797e-05,76400787.00,1734868799999,1343.24001084,63,43504526.00,773.93703933,0
2024-12-22 12:00:00,1.803e-05,1.815e-05,1.699e-05,1.758e-05,3149739648.00,1734883199999,53861.35878735,138,2698527106.00,46116.18257171,0
2024-12-22 16:00:00,1.75e-05,1.82e-05,1.72e-05,1.735e-05,265592613.00,1734897599999,4709.76523056,150,55272160.00,991.81496655,0
2024-12-22 20:00:00,1.736e-05,1.814e-05,1.715e-05,1.785e-05,1889959857.00,1734911999999,32997.43532236,176,1615211505.00,28180.27102599,0
2024-12-23 00:00:00,1.779e-05,1.814e-05,1.733e-05,1.814e-05,260477127.00,1734926399999,4661.00103859,103,214767007.00,3857.56263600,0
2024-12-23 04:00:00,1.815e-05,1.842e-05,1.749e-05,1.766e-05,1623306381.00,1734940799999,29417.74331831,138,210891727.00,3829.76560554,0
2024-12-23 08:00:00,1.763e-05,1.815e-05,1.763e-05,1.791e-05,45426544.00,1734955199999,815.75143934,36,19952202.00,358.46754852,0
2024-12-23 12:00:00,1.803e-05,1.82e-05,1.735e-05,1.749e-05,329231038.00,1734969599999,5858.31965648,89,80709745.00,1440.89979877,0
2024-12-23 16:00:00,1.749e-05,1.802e-05,1.749e-05,1.771e-05,1175115802.00,1734983999999,20999.71956563,89,1159934912.00,20731.07774918,0
2024-12-23 20:00:00,1.774e-05,1.893e-05,1.774e-05,1.843e-05,1740584039.00,1734998399999,32369.77445172,228,1206450678.00,22457.24924316,0
2024-12-24 00:00:00,1.851e-05,1.871e-05,1.795e-05,1.844e-05,530623387.00,1735012799999,9677.42857789,142,158745420.00,2911.18144297,0
2024-12-24 04:00:00,1.845e-05,1.845e-05,1.801e-05,1.815e-05,236834039.00,1735027199999,4315.98761448,54,6318038.00,115.12379601,0
2024-12-24 08:00:00,1.805e-05,1.845e-05,1.801e-05,1.845e-05,32561043.00,1735041599999,588.76761250,22,7887810.00,143.59608811,0
2024-12-24 12:00:00,1.845e-05,1.938e-05,1.833e-05,1.937e-05,1328540110.00,1735055999999,25216.93855679,155,1206288998.00,22889.56737933,0
2024-12-24 16:00:00,1.923e-05,1.938e-05,1.896e-05,1.896e-05,887096930.00,1735070399999,17035.62712565,89,769426059.00,14792.31915217,0
2024-12-24 20:00:00,1.895e-05,1.928e-05,1.873e-05,1.909e-05,950526251.00,1735084799999,18206.63611157,116,267305962.00,5129.57814659,0
2024-12-25 00:00:00,1.917e-05,1.926e-05,1.893e-05,1.899e-05,41556213.00,1735099199999,792.13058963,50,15683190.00,300.82272687,0
2024-12-25 04:00:00,1.898e-05,1.91e-05,1.881e-05,1.891e-05,41814362.00,1735113599999,791.98636609,50,9477686.00,179.13725202,0
2024-12-25 08:00:00,1.887e-05,1.918e-05,1.867e-05,1.867e-05,155000418.00,1735127999999,2927.18780222,94,42797320.00,817.70126718,0
2024-12-25 12:00:00,1.865e-05,1.881e-05,1.844e-05,1.869e-05,275500021.00,1735142399999,5153.50945183,44,196514606.00,3695.16546060,0
2024-12-25 16:00:00,1.872e-05,1.872e-05,1.811e-05,1.845e-05,1443280658.00,1735156799999,26333.40391249,129,960875777.00,17502.74954156,0
2024-12-25 20:00:00,1.845e-05,1.845e-05,1.817e-05,1.839e-05,86250935.00,1735171199999,1582.31224783,64,77788039.00,1427.86844722,0
2024-12-26 00:00:00,1.845e-05,1.86e-05,1.801e-05,1.81e-05,4368059719.00,1735185599999,80566.38938829,96,435389258.00,8034.28530343,0
2024-12-26 04:00:00,1.809e-05,1.809e-05,1.784e-05,1.784e-05,84383513.00,1735199999999,1516.41157259,27,11199130.00,200.79088270,0
2024-12-26 08:00:00,1.785e-05,1.785e-05,1.738e-05,1.738e-05,316966773.00,1735214399999,5590.18880132,78,249677645.00,4407.61421093,0
2024-12-26 12:00:00,1.749e-05,1.749e-05,1.714e-05,1.731e-05,1349124889.00,1735228799999,23270.95160196,71,1274307001.00,21982.33436120,0
2024-12-26 16:00:00,1.732e-05,1.752e-05,1.696e-05,1.751e-05,400564529.00,1735243199999,6930.73300104,97,49022848.00,854.24097509,0
2024-12-26 20:00:00,1.749e-05,1.751e-05,1.692e-05,1.725e-05,255269419.00,1735257599999,4376.11327241,84,116292424.00,1995.41966430,0
2024-12-27 00:00:00,1.73e-05,1.769e-05,1.723e-05,1.769e-05,258444965.00,1735271999999,4542.52535050,70,185567423.00,3277.41229099,0
2024-12-27 04:00:00,1.769e-05,1.77e-05,1.737e-05,1.743e-05,25404821.00,1735286399999,444.82455994,50,10532995.00,185.34161494,0
2024-12-27 08:00:00,1.749e-05,1.83e-05,1.749e-05,1.803e-05,98858156.00,1735300799999,1774.98368547,72,72287762.00,1297.68966490,0
2024-12-27 12:00:00,1.809e-05,1.815e-05,1.738e-05,1.756e-05,208602547.00,1735315199999,3647.76213039,74,10215039.00,182.65424953,0
2024-12-27 16:00:00,1.759e-05,1.813e-05,1.74e-05,1.787e-05,3435698339.00,1735329599999,61014.66160912,164,288278265.00,5120.42498770,0
2024-12-27 20:00:00,1.814e-05,1.815e-05,1.773e-05,1.797e-05,82979871.00,1735343999999,1489.67233943,70,43528638.00,784.31052768,0
2024-12-28 00:00:00,1.785e-05,1.814e-05,1.769e-05,1.803e-05,370431027.00,1735358399999,6599.00374718,67,354441255.00,6313.67986879,0
2024-12-28 04:00:00,1.805e-05,1.833e-05,1.78e-05,1.818e-05,169865689.00,1735372799999,3068.91228782,56,35791596.00,651.20000566,0
2024-12-28 08:00:00,1.818e-05,1.827e-05,1.798e-05,1.815e-05,115902245.00,1735387199999,2096.91289479,28,99980728.00,1808.06751294,0
2024-12-28 12:00:00,1.809e-05,1.918e-05,1.785e-05,1.862e-05,741250481.00,1735401599999,13758.58561389,181,597824727.00,11128.51600865,0
2024-12-28 16:00:00,1.863e-05,1.899e-05,1.792e-05,1.856e-05,618670080.00,1735415999999,11442.23077695,248,279164375.00,5172.66526637,0
2024-12-28 20:00:00,1.865e-05,1.886e-05,1.856e-05,1.886e-05,12669441.00,1735430399999,238.20642267,22,9920979.00,186.75658612,0
2024-12-29 00:00:00,1.876e-05,1.886e-05,1.839e-05,1.839e-05,137220943.00,1735444799999,2564.99244774,75,57121229.00,1074.05507390,0
2024-12-29 04:00:00,1.839e-05,1.875e-05,1.835e-05,1.863e-05,30727747.00,1735459199999,569.58465557,47,22393927.00,415.51976319,0
2024-12-29 08:00:00,1.864e-05,1.909e-05,1.864e-05,1.893e-05,208767202.00,1735473599999,3920.85695647,61,206636925.00,3880.65155569,0
2024-12-29 12:00:00,1.893e-05,1.9e-05,1.847e-05,1.853e-05,392313806.00,1735487999999,7339.88587919,65,54412369.00,1027.08014338,0
2024-12-29 16:00:00,1.845e-05,1.847e-05,1.775e-05,1.813e-05,3573516205.00,1735502399999,64027.80442174,134,3426298366.00,61359.97738786,0
2024-12-29 20:00:00,1.811e-05,1.811e-05,1.759e-05,1.802e-05,1253728969.00,1735516799999,22389.65745372,128,155986364.00,2772.74883669,0
2024-12-30 00:00:00,1.797e-05,1.825e-05,1.771e-05,1.803e-05,678996800.00,1735531199999,12203.93734509,93,541783897.00,9748.08698798,0
2024-12-30 04:00:00,1.815e-05,1.852e-05,1.777e-05,1.825e-05,1340714718.00,1735545599999,24416.17059272,113,245485690.00,4486.80485839,0
2024-12-30 08:00:00,1.831e-05,1.888e-05,1.831e-05,1.857e-05,83110139.00,1735559999999,1550.98079641,95,65146622.00,1217.83396712,0
2024-12-30 12:00:00,1.853e-05,1.857e-05,1.739e-05,1.749e-05,380143990.00,1735574399999,6723.87351890,121,87442151.00,1552.18810699,0
2024-12-30 16:00:00,1.759e-05,1.848e-05,1.739e-05,1.84e-05,567431388.00,1735588799999,10184.90090379,140,188159107.00,3363.65772452,0
2024-12-30 20:00:00,1.849e-05,1.857e-05,1.788e-05,1.819e-05,2529299405.00,1735603199999,45618.26238199,162,1592499370.00,28755.72893001,0
2024-12-31 00:00:00,1.833e-05,1.833e-05,1.772e-05,1.812e-05,194344622.00,1735617599999,3502.58118431,155,63982424.00,1164.65908779,0
2024-12-31 04:00:00,1.788e-05,1.914e-05,1.766e-05,1.884e-05,5249784582.00,1735631999999,98178.71034355,353,4470470180.00,84205.47888462,0
2024-12-31 08:00:00,1.885e-05,2e-05,1.85e-05,1.965e-05,1290279860.00,1735646399999,25326.16214219,261,1097743452.00,21593.68784264,0
2024-12-31 12:00:00,1.965e-05,2.127e-05,1.959e-05,2.11e-05,8704761915.00,1735660799999,182352.56156696,632,2333836273.00,48031.86562220,0
2024-12-31 16:00:00,2.104e-05,2.189e-05,2.021e-05,2.084e-05,4514389004.00,1735675199999,94626.17993557,661,2026261668.00,42761.55215417,0
2024-12-31 20:00:00,2.055e-05,2.1e-05,1.984e-05,2.013e-05,1963422162.00,1735689599999,39974.68133536,333,491917686.00,10140.30291078,0
2025-01-01 00:00:00,2.009e-05,2.066e-05,2.007e-05,2.066e-05,1689377995.00,1735703999999,34542.04939566,309,1034408757.00,21220.20050904,0
2025-01-01 04:00:00,2.065e-05,2.065e-05,1.991e-05,2.025e-05,590572209.00,1735718399999,11878.69831562,224,49111371.00,998.82122061,0
2025-01-01 08:00:00,2.007e-05,2.025e-05,1.912e-05,1.947e-05,346204482.00,1735732799999,6761.40311821,182,18303234.00,358.64387955,0
2025-01-01 12:00:00,1.941e-05,1.959e-05,1.905e-05,1.947e-05,1187425363.00,1735747199999,23078.58705129,171,122278822.00,2379.32221226,0
2025-01-01 16:00:00,1.95e-05,1.97e-05,1.916e-05,1.934e-05,1032589511.00,1735761599999,19989.97838099,250,716958469.00,13914.95175441,0
2025-01-01 20:00:00,1.95e-05,1.984e-05,1.935e-05,1.982e-05,1331574989.00,1735775999999,26128.62529491,331,278822533.00,5495.56871213,0
2025-01-02 00:00:00,1.983e-05,2.001e-05,1.936e-05,1.998e-05,2267565138.00,1735790399999,44435.60556591,348,456005864.00,9009.95021847,0
2025-01-02 04:00:00,2e-05,2.085e-05,1.968e-05,2.036e-05,6144548801.00,1735804799999,123302.68208779,401,983401243.00,20044.86987167,0
2025-01-02 08:00:00,2.036e-05,2.085e-05,2.02e-05,2.085e-05,2319474785.00,1735819199999,47306.96067274,316,2144544446.00,43739.96533978,0
2025-01-02 12:00:00,2.085e-05,2.104e-05,2.02e-05,2.047e-05,2789523631.00,1735833599999,57863.21923294,397,1320448842.00,27646.12567151,0
2025-01-02 16:00:00,2.031e-05,2.071e-05,2.02e-05,2.055e-05,1190717534.00,1735847999999,24467.36699107,256,405605521.00,8341.18418228,0
2025-01-02 20:00:00,2.026e-05,2.055e-05,2.006e-05,2.049e-05,887761119.00,1735862399999,18049.04477664,193,235130572.00,4811.89062383,0
2025-01-03 00:00:00,2.031e-05,2.05e-05,1.995e-05,2.013e-05,3255980092.00,1735876799999,66235.48019969,224,2861816124.00,58309.07917159,0
2025-01-03 04:00:00,2.026e-05,2.036e-05,2.001e-05,2.025e-05,25208985.00,1735891199999,510.91846304,37,12279564.00,249.78786851,0
2025-01-03 08:00:00,2.001e-05,2.059e-05,2.001e-05,2.045e-05,664508784.00,1735905599999,13538.81247890,76,193623676.00,3959.07801658,0
2025-01-03 12:00:00,2.05e-05,2.129e-05,2.038e-05,2.116e-05,1573763888.00,1735919999999,32711.29822234,229,781446326.00,16377.24060086,0
2025-01-03 16:00:00,2.116e-05,2.158e-05,2.097e-05,2.157e-05,925094246.00,1735934399999,19753.06304151,200,520013694.00,11164.08454339,0
2025-01-03 20:00:00,2.157e-05,2.157e-05,2.119e-05,2.13e-05,1245486457.00,1735948799999,26487.75890353,151,740344328.00,15763.16721675,0
2025-01-04 00:00:00,2.157e-05,2.17e-05,2.104e-05,2.116e-05,1643114218.00,1735963199999,35163.57846542,148,815593008.00,17583.24859446,0
2025-01-04 04:00:00,2.116e-05,2.133e-05,2.105e-05,2.133e-05,685412817.00,1735977599999,14493.05892203,55,656470716.00,13882.29228585,0
2025-01-04 08:00:00,2.123e-05,2.123e-05,2.08e-05,2.116e-05,214470254.00,1735991999999,4509.44694782,101,14940170.00,315.08909012,0
2025-01-04 12:00:00,2.116e-05,2.129e-05,2.055e-05,2.077e-05,314445415.00,1736006399999,6560.70627210,117,16021308.00,338.52209361,0
2025-01-04 16:00:00,2.064e-05,2.092e-05,2.055e-05,2.092e-05,55589177.00,1736020799999,1154.94151788,59,26387908.00,551.33544146,0
2025-01-04 20:00:00,2.085e-05,2.123e-05,2.074e-05,2.102e-05,86899307.00,1736035199999,1828.63880342,97,52415437.00,1105.16968587,0
2025-01-05 00:00:00,2.104e-05,2.133e-05,2.082e-05,2.116e-05,482638307.00,1736049599999,10234.03741692,97,384069077.00,8158.60554346,0
2025-01-05 04:00:00,2.123e-05,2.127e-05,2.081e-05,2.102e-05,422728407.00,1736063999999,8829.29002972,70,10936676.00,232.01299350,0
2025-01-05 08:00:00,2.101e-05,2.101e-05,2.055e-05,2.077e-05,430504511.00,1736078399999,8876.09333158,84,22292823.00,464.25986685,0
2025-01-05 12:00:00,2.067e-05,2.076e-05,2.029e-05,2.066e-05,711331331.00,1736092799999,14628.21907878,91,38328804.00,787.07138914,0
2025-01-05 16:00:00,2.066e-05,2.076e-05,2.02e-05,2.052e-05,1279097215.00,1736107199999,26191.69429402,128,118118433.00,2443.41200585,0
2025-01-05 20:00:00,2.045e-05,2.096e-05,2.039e-05,2.091e-05,5746665774.00,1736121599999,118177.31272864,128,5668502315.00,116565.07611388,0
2025-01-06 00:00:00,2.079e-05,2.096e-05,2.028e-05,2.096e-05,703770416.00,1736135999999,14621.98134984,155,141225234.00,2933.53854444,0
2025-01-06 04:00:00,2.096e-05,2.101e-05,2.055e-05,2.084e-05,326593817.00,1736150399999,6824.91853387,95,62791031.00,1313.69985760,0
2025-01-06 08:00:00,2.073e-05,2.073e-05,2.035e-05,2.067e-05,205459781.00,1736164799999,4192.97543388,67,61305941.00,1253.84639669,0
2025-01-06 12:00:00,2.056e-05,2.108e-05,2.038e-05,2.09e-05,723329844.00,1736179199999,15009.66631156,136,370978959.00,7707.78407889,0
2025-01-06 16:00:00,2.097e-05,2.129e-05,2.07e-05,2.086e-05,2267819032.00,1736193599999,47613.61170446,208,826006818.00,17385.48663933,0
2025-01-06 20:00:00,2.09e-05,2.101e-05,2.06e-05,2.077e-05,172492903.00,1736207999999,3577.35527616,61,47800270.00,992.94014832,0
2025-01-07 00:00:00,2.064e-05,2.085e-05,2.036e-05,2.056e-05,280106746.00,1736222399999,5764.71436769,121,68121556.00,1396.22376422,0
2025-01-07 04:00:00,2.049e-05,2.056e-05,2.035e-05,2.056e-05,93000450.00,1736236799999,1906.67696192,59,74086909.00,1521.37278482,0
2025-01-07 08:00:00,2.056e-05,2.064e-05,2.013e-05,2.013e-05,346452321.00,1736251199999,7056.13185182,100,34901989.00,717.37957049,0
2025-01-07 12:00:00,2.025e-05,2.036e-05,1.886e-05,1.909e-05,7375509227.00,1736265599999,143570.69270630,395,5512533257.00,107027.97049032,0
2025-01-07 16:00:00,1.909e-05,1.923e-05,1.857e-05,1.857e-05,1052678921.00,1736279999999,19847.48925249,195,28009394.00,530.35912256,0
2025-01-07 20:00:00,1.857e-05,1.88e-05,1.837e-05,1.868e-05,801770377.00,1736294399999,14886.03399055,131,617487315.00,11490.78112665,0
2025-01-08 00:00:00,1.869e-05,1.88e-05,1.823e-05,1.854e-05,254250861.00,1736308799999,4713.68681012,130,90668094.00,1696.68736099,0
2025-01-08 04:00:00,1.845e-05,1.854e-05,1.791e-05,1.815e-05,186037365.00,1736323199999,3389.32171100,103,57435580.00,1061.31267099,0
2025-01-08 08:00:00,1.81e-05,1.837e-05,1.794e-05,1.803e-05,68856329.00,1736337599999,1251.83971278,79,36656901.00,670.17430834,0
2025-01-08 12:00:00,1.797e-05,1.831e-05,1.788e-05,1.815e-05,700865643.00,1736351999999,12609.20212723,104,118286245.00,2150.86261097,0
2025-01-08 16:00:00,1.815e-05,1.819e-05,1.705e-05,1.785e-05,1786822664.00,1736366399999,31666.62740405,262,1315352241.00,23380.45859586,0
2025-01-08 20:00:00,1.762e-05,1.795e-05,1.735e-05,1.792e-05,244784935.00,1736380799999,4341.30620721,144,174903848.00,3115.18427892,0
2025-01-09 00:00:00,1.785e-05,1.797e-05,1.755e-05,1.79e-05,81519173.00,1736395199999,1457.21246823,93,45380075.00,812.95480995,0
2025-01-09 04:00:00,1.767e-05,1.796e-05,1.733e-05,1.733e-05,143266250.00,1736409599999,2535.81330680,70,69195809.00,1242.02926483,0
2025-01-09 08:00:00,1.737e-05,1.765e-05,1.737e-05,1.755e-05,53581887.00,1736423999999,944.29112128,32,50956331.00,898.39413211,0
2025-01-09 12:00:00,1.752e-05,1.791e-05,1.665e-05,1.774e-05,1007815442.00,1736438399999,17329.20125995,263,550969770.00,9515.79542248,0
2025-01-09 16:00:00,1.789e-05,1.789e-05,1.68e-05,1.68e-05,801593356.00,1736452799999,13904.63822858,117,131121739.00,2270.04384881,0
2025-01-09 20:00:00,1.68e-05,1.714e-05,1.665e-05,1.707e-05,1408907471.00,1736467199999,23613.46829571,147,300645468.00,5081.97060733,0
2025-01-10 00:00:00,1.713e-05,1.729e-05,1.695e-05,1.72e-05,586219845.00,1736481599999,10065.27718762,101,450215346.00,7725.46428303,0
2025-01-10 04:00:00,1.729e-05,1.9e-05,1.717e-05,1.77e-05,2652557296.00,1736495999999,46760.52383692,332,1133095744.00,20209.80065141,0
2025-01-10 08:00:00,1.773e-05,1.781e-05,1.74e-05,1.781e-05,185482796.00,1736510399999,3294.60222152,27,161686470.00,2878.78260794,0
2025-01-10 12:00:00,1.782e-05,1.782e-05,1.5e-05,1.745e-05,1821611861.00,1736524799999,30624.60412189,337,313691720.00,5419.55177708,0
2025-01-10 16:00:00,1.737e-05,1.781e-05,1.706e-05,1.773e-05,888050863.00,1736539199999,15673.35411639,156,503842519.00,8874.65631555,0
2025-01-10 20:00:00,1.767e-05,1.767e-05,1.745e-05,1.767e-05,120294305.00,1736553599999,2115.33987107,42,59950952.00,1057.17684950,0
2025-01-11 00:00:00,1.755e-05,1.767e-05,1.745e-05,1.767e-05,24272987.00,1736567999999,426.45502371,38,12576495.00,221.99840472,0
2025-01-11 04:00:00,1.749e-05,1.776e-05,1.744e-05,1.776e-05,22023180.00,1736582399999,386.96440911,24,6154010.00,108.70362635,0
2025-01-11 08:00:00,1.761e-05,1.8e-05,1.745e-05,1.8e-05,88156994.00,1736596799999,1563.69328264,60,59595736.00,1064.46028119,0
2025-01-11 12:00:00,1.797e-05,1.804e-05,1.764e-05,1.804e-05,67021213.00,1736611199999,1201.88361683,49,36132533.00,651.11418185,0
2025-01-11 16:00:00,1.791e-05,1.791e-05,1.758e-05,1.785e-05,40184481.00,1736625599999,712.75699114,42,2970595.00,52.91518594,0
2025-01-11 20:00:00,1.779e-05,1.837e-05,1.768e-05,1.803e-05,458172243.00,1736639999999,8286.65477585,159,359412970.00,6506.71777925,0
2025-01-12 00:00:00,1.806e-05,1.806e-05,1.767e-05,1.773e-05,209269445.00,1736654399999,3720.21759568,92,14041588.00,252.13487104,0
2025-01-12 04:00:00,1.785e-05,1.8e-05,1.758e-05,1.785e-05,100734621.00,1736668799999,1794.76074786,46,13542049.00,243.12442929,0
2025-01-12 08:00:00,1.785e-05,1.785e-05,1.744e-05,1.75e-05,626153560.00,1736683199999,10962.78086693,42,570869551.00,9995.61576073,0
2025-01-12 12:00:00,1.75e-05,1.796e-05,1.75e-05,1.769e-05,216952861.00,1736697599999,3804.35745464,35,113635033.00,1995.18396990,0
2025-01-12 16:00:00,1.785e-05,1.797e-05,1.753e-05,1.785e-05,95149815.00,1736711999999,1689.67045496,54,22450241.00,402.17962361,0
2025-01-12 20:00:00,1.785e-05,1.785e-05,1.751e-05,1.776e-05,484814576.00,1736726399999,8557.75664794,38,40736514.00,726.42208459,0
2025-01-13 00:00:00,1.761e-05,1.818e-05,1.717e-05,1.742e-05,2151871252.00,1736740799999,38091.30213151,152,1534239837.00,27319.98200304,0
2025-01-13 04:00:00,1.725e-05,1.737e-05,1.681e-05,1.681e-05,167757014.00,1736755199999,2857.24151254,57,22316535.00,378.26541918,0
2025-01-13 08:00:00,1.684e-05,1.7e-05,1.6e-05,1.613e-05,1675901626.00,1736769599999,27622.57735913,122,1028912230.00,16961.13177528,0
2025-01-13 12:00:00,1.599e-05,1.664e-05,1.564e-05,1.659e-05,2474050601.00,1736783999999,40078.59103679,154,1217264859.00,19892.76571144,0
2025-01-13 16:00:00,1.639e-05,1.654e-05,1.58e-05,1.622e-05,228349414.00,1736798399999,3690.88446134,103,91765596.00,1489.40783589,0
2025-01-13 20:00:00,1.614e-05,1.698e-05,1.605e-05,1.679e-05,279964293.00,1736812799999,4662.84406493,97,245856941.00,4096.05283218,0
2025-01-14 00:00:00,1.689e-05,1.714e-05,1.679e-05,1.708e-05,137354135.00,1736827199999,2335.15739521,53,99341785.00,1689.82549659,0
2025-01-14 04:00:00,1.712e-05,1.73e-05,1.708e-05,1.719e-05,65505614.00,1736841599999,1127.53503426,31,60240508.00,1037.46876829,0
2025-01-14 08:00:00,1.71e-05,1.76e-05,1.701e-05,1.73e-05,1312379459.00,1736855999999,22763.72840928,82,73544931.00,1284.20319327,0
2025-01-14 12:00:00,1.731e-05,1.747e-05,1.707e-05,1.73e-05,171995297.00,1736870399999,2962.21847355,59,67146454.00,1167.07799198,0
2025-01-14 16:00:00,1.725e-05,1.747e-05,1.709e-05,1.735e-05,1538720572.00,1736884799999,26631.33685645,86,1392783608.00,24122.86198937,0
2025-01-14 20:00:00,1.737e-05,1.755e-05,1.73e-05,1.749e-05,75372192.00,1736899199999,1315.76520756,46,66327505.00,1158.50184031,0
2025-01-15 00:00:00,1.737e-05,1.76e-05,1.718e-05,1.737e-05,235102007.00,1736913599999,4077.72916330,108,134775214.00,2345.69522056,0
2025-01-15 04:00:00,1.738e-05,1.746e-05,1.718e-05,1.738e-05,127657839.00,1736927999999,2218.49977139,58,114542713.00,1992.60868885,0
2025-01-15 08:00:00,1.744e-05,1.744e-05,1.689e-05,1.704e-05,103382986.00,1736942399999,1771.24867547,73,11360500.00,194.57989265,0
2025-01-15 12:00:00,1.702e-05,1.848e-05,1.688e-05,1.818e-05,789952050.00,1736956799999,14186.40700438,238,538308362.00,9685.78024911,0
2025-01-15 16:00:00,1.829e-05,1.866e-05,1.804e-05,1.866e-05,408911287.00,1736971199999,7502.19381675,105,238331549.00,4392.07274645,0
2025-01-15 20:00:00,1.866e-05,1.919e-05,1.857e-05,1.903e-05,689048964.00,1736985599999,12947.82123690,151,434058784.00,8202.18123144,0
2025-01-16 00:00:00,1.911e-05,1.921e-05,1.829e-05,1.832e-05,553231099.00,1736999999999,10358.68408783,173,294210942.00,5554.16679906,0
2025-01-16 04:00:00,1.839e-05,1.869e-05,1.832e-05,1.864e-05,99674014.00,1737014399999,1836.78737552,36,29289145.00,544.18791395,0
2025-01-16 08:00:00,1.864e-05,1.864e-05,1.815e-05,1.859e-05,533033028.00,1737028799999,9702.91274800,68,445758312.00,8111.66130291,0
2025-01-16 12:00:00,1.85e-05,1.888e-05,1.799e-05,1.833e-05,649555202.00,1737043199999,11916.06647483,148,151674275.00,2806.67337699,0
2025-01-16 16:00:00,1.837e-05,1.855e-05,1.824e-05,1.833e-05,644224566.00,1737057599999,11849.48752577,108,372959699.00,6863.51008988,0
2025-01-16 20:00:00,1.845e-05,1.846e-05,1.8e-05,1.809e-05,313050778.00,1737071999999,5697.25853037,77,127653077.00,2324.23885104,0
2025-01-17 00:00:00,1.815e-05,1.881e-05,1.811e-05,1.857e-05,452028704.00,1737086399999,8391.81613623,119,424984307.00,7893.07756399,0
2025-01-17 04:00:00,1.857e-05,1.881e-05,1.847e-05,1.881e-05,285219692.00,1737100799999,5314.28631478,66,257479733.00,4800.96647693,0
2025-01-17 08:00:00,1.887e-05,2.004e-05,1.881e-05,1.99e-05,1127982412.00,1737115199999,21996.83454471,255,1033479012.00,20142.23746305,0
2025-01-17 12:00:00,1.997e-05,2.011e-05,1.959e-05,1.983e-05,2078503131.00,1737129599999,41210.39409549,187,1957493379.00,38817.88287986,0
2025-01-17 16:00:00,1.992e-05,2.027e-05,1.976e-05,2.018e-05,7084663637.00,1737143999999,141666.16465682,535,5408302847.00,108215.19461930,0
2025-01-17 20:00:00,2.018e-05,2.051e-05,2.007e-05,2.036e-05,727091138.00,1737158399999,14711.87588655,443,308159783.00,6248.53907164,0
2025-01-18 00:00:00,2.032e-05,2.099e-05,1.959e-05,1.973e-05,2651004942.00,1737172799999,54100.36535428,399,1647899744.00,33833.61122148,0
2025-01-18 04:00:00,1.965e-05,1.983e-05,1.857e-05,1.857e-05,2852460375.00,1737187199999,55698.85675710,305,1549409328.00,30489.99079631,0
2025-01-18 08:00:00,1.854e-05,1.889e-05,1.836e-05,1.889e-05,198577194.00,1737201599999,3703.66767311,91,53690880.00,1009.07429220,0
2025-01-18 12:00:00,1.891e-05,1.912e-05,1.867e-05,1.875e-05,1958414144.00,1737215999999,37374.59518303,107,61843227.00,1171.54232669,0
2025-01-18 16:00:00,1.881e-05,1.887e-05,1.812e-05,1.84e-05,2907405757.00,1737230399999,53477.65638900,181,182735702.00,3373.48882504,0
2025-01-18 20:00:00,1.839e-05,1.845e-05,1.818e-05,1.845e-05,675668750.00,1737244799999,12376.81201143,80,160568448.00,2944.59086788,0
2025-01-19 00:00:00,1.845e-05,1.898e-05,1.834e-05,1.86e-05,1152698680.00,1737259199999,21536.78158728,181,341677331.00,6405.78177333,0
2025-01-19 04:00:00,1.865e-05,1.865e-05,1.764e-05,1.772e-05,1756479159.00,1737273599999,31945.12358269,201,35143922.00,634.85597669,0
2025-01-19 08:00:00,1.767e-05,1.767e-05,1.525e-05,1.55e-05,1224257466.00,1737287999999,20171.32078335,425,187588513.00,3085.46204773,0
2025-01-19 12:00:00,1.55e-05,1.785e-05,1.55e-05,1.73e-05,3791618394.00,1737302399999,64563.29606560,481,1764969061.00,30483.98455774,0
2025-01-19 16:00:00,1.72e-05,1.791e-05,1.714e-05,1.778e-05,1165187023.00,1737316799999,20391.22285550,206,922193499.00,16180.57579827,0
2025-01-19 20:00:00,1.782e-05,1.8e-05,1.576e-05,1.604e-05,2789429862.00,1737331199999,45945.36779171,513,430199338.00,7264.29484676,0
2025-01-20 00:00:00,1.596e-05,1.608e-05,1.532e-05,1.575e-05,1971235019.00,1737345599999,30860.11517319,503,382375599.00,6014.66452562,0
2025-01-20 04:00:00,1.572e-05,1.757e-05,1.565e-05,1.696e-05,920186153.00,1737359999999,15219.33316487,334,612137516.00,10224.19609313,0
2025-01-20 08:00:00,1.703e-05,1.722e-05,1.659e-05,1.69e-05,484630081.00,1737374399999,8200.13524806,138,267737639.00,4534.68877711,0
2025-01-20 12:00:00,1.693e-05,1.699e-05,1.604e-05,1.612e-05,1612171764.00,1737388799999,26356.79792278,260,1119198006.00,18326.42165074,0
2025-01-20 16:00:00,1.62e-05,1.659e-05,1.536e-05,1.603e-05,2502711947.00,1737403199999,39438.75075252,338,792476601.00,12674.48072570,0
2025-01-20 20:00:00,1.598e-05,1.622e-05,1.542e-05,1.575e-05,789848564.00,1737417599999,12499.43254927,150,479901297.00,7626.36515061,0
2025-01-21 00:00:00,1.584e-05,1.586e-05,1.506e-05,1.533e-05,6736686730.00,1737431999999,103226.22570469,207,3180247011.00,48855.37188861,0
2025-01-21 04:00:00,1.536e-05,1.537e-05,1.479e-05,1.512e-05,492760985.00,1737446399999,7433.94505437,125,158859613.00,2422.19182183,0
2025-01-21 08:00:00,1.497e-05,1.59e-05,1.478e-05,1.559e-05,625989944.00,1737460799999,9539.23211440,189,360014805.00,5533.40001321,0
2025-01-21 12:00:00,1.557e-05,1.579e-05,1.535e-05,1.554e-05,330317382.00,1737475199999,5121.50359020,113,74758399.00,1170.46768188,0
2025-01-21 16:00:00,1.554e-05,1.636e-05,1.554e-05,1.614e-05,1267015812.00,1737489599999,20373.58703669,397,768752463.00,12349.91349370,0
2025-01-21 20:00:00,1.609e-05,1.618e-05,1.58e-05,1.599e-05,579024012.00,1737503999999,9296.61967474,94,237515951.00,3831.51065704,0
2025-01-22 00:00:00,1.59e-05,1.616e-05,1.566e-05,1.599e-05,950472854.00,1737518399999,15099.62852951,142,525037386.00,8347.79336294,0
2025-01-22 04:00:00,1.604e-05,1.607e-05,1.571e-05,1.571e-05,533104074.00,1737532799999,8486.94633648,73,162992798.00,2595.59815890,0
2025-01-22 08:00:00,1.571e-05,1.598e-05,1.548e-05,1.576e-05,1170555074.00,1737547199999,18412.45896252,96,665254414.00,10486.24274254,0
2025-01-22 12:00:00,1.6e-05,1.602e-05,1.539e-05,1.554e-05,2438742444.00,1737561599999,38184.68884266,125,520399906.00,8238.86776969,0
2025-01-22 16:00:00,1.549e-05,1.566e-05,1.525e-05,1.543e-05,184551434.00,1737575999999,2844.61153526,79,81834470.00,1266.62232827,0
2025-01-22 20:00:00,1.547e-05,1.552e-05,1.503e-05,1.511e-05,1521601393.00,1737590399999,23325.12646630,100,1263547811.00,19401.12105739,0
2025-01-23 00:00:00,1.51e-05,1.521e-05,1.474e-05,1.48e-05,2825072651.00,1737604799999,42356.96948158,131,79006460.00,1183.26596916,0
2025-01-23 04:00:00,1.476e-05,1.503e-05,1.465e-05,1.503e-05,760146158.00,1737619199999,11232.35216427,91,494842269.00,7318.65993598,0
2025-01-23 08:00:00,1.497e-05,1.498e-05,1.47e-05,1.485e-05,78564296.00,1737633599999,1164.52483055,41,9405360.00,139.20247168,0
2025-01-23 12:00:00,1.484e-05,1.537e-05,1.461e-05,1.52e-05,959738853.00,1737647999999,14195.63288850,148,162484106.00,2447.53467059,0
2025-01-23 16:00:00,1.518e-05,1.555e-05,1.432e-05,1.441e-05,791508535.00,1737662399999,11645.65250774,195,156808310.00,2354.21053369,0
2025-01-23 20:00:00,1.444e-05,1.535e-05,1.435e-05,1.535e-05,796829582.00,1737676799999,11797.41896986,184,326795712.00,4932.01850785,0
2025-01-24 00:00:00,1.536e-05,1.536e-05,1.452e-05,1.482e-05,362067672.00,1737691199999,5400.94999249,134,80539077.00,1203.93348619,0
2025-01-24 04:00:00,1.486e-05,1.571e-05,1.479e-05,1.548e-05,806910001.00,1737705599999,12447.81692813,140,661385060.00,10237.80386796,0
2025-01-24 08:00:00,1.548e-05,1.582e-05,1.542e-05,1.576e-05,456940126.00,1737719999999,7151.34832322,51,179834411.00,2835.54675668,0
2025-01-24 12:00:00,1.578e-05,1.614e-05,1.557e-05,1.568e-05,511828893.00,1737734399999,8135.96090192,137,337553078.00,5390.04419908,0
2025-01-24 16:00:00,1.576e-05,1.586e-05,1.554e-05,1.554e-05,663459889.00,1737748799999,10503.07156230,53,578670737.00,9173.00396336,0
2025-01-24 20:00:00,1.561e-05,1.567e-05,1.485e-05,1.497e-05,1600019092.00,1737763199999,24363.51745573,158,1300791569.00,19802.07873248,0
2025-01-25 00:00:00,1.491e-05,1.519e-05,1.459e-05,1.514e-05,1046100523.00,1737777599999,15544.20505029,103,347057458.00,5123.38531563,0
2025-01-25 04:00:00,1.51e-05,1.511e-05,1.489e-05,1.497e-05,252379529.00,1737791999999,3782.82232515,33,238869733.00,3580.90039519,0
2025-01-25 08:00:00,1.497e-05,1.518e-05,1.486e-05,1.518e-05,231473996.00,1737806399999,3472.46753527,30,200062644.00,3003.25064728,0
2025-01-25 12:00:00,1.51e-05,1.536e-05,1.507e-05,1.536e-05,1143273217.00,1737820799999,17280.12869584,45,1121484941.00,16950.37135473,0
2025-01-25 16:00:00,1.529e-05,1.535e-05,1.507e-05,1.529e-05,1145126381.00,1737835199999,17446.94000962,29,52072416.00,798.14704775,0
2025-01-25 20:00:00,1.535e-05,1.538e-05,1.506e-05,1.506e-05,287808323.00,1737849599999,4383.01964938,40,144683895.00,2214.76343629,0
2025-01-26 00:00:00,1.507e-05,1.523e-05,1.479e-05,1.509e-05,386486887.00,1737863999999,5761.56481058,60,138961412.00,2071.91993574,0
2025-01-26 04:00:00,1.493e-05,1.519e-05,1.493e-05,1.493e-05,111605324.00,1737878399999,1679.39645188,30,70065116.00,1055.63332717,0
2025-01-26 08:00:00,1.495e-05,1.504e-05,1.48e-05,1.502e-05,107364060.00,1737892799999,1596.24301131,22,18873626.00,282.09865678,0
2025-01-26 12:00:00,1.484e-05,1.504e-05,1.482e-05,1.485e-05,252654775.00,1737907199999,3769.40940397,34,56481486.00,846.10732997,0
2025-01-26 16:00:00,1.484e-05,1.505e-05,1.484e-05,1.505e-05,83063946.00,1737921599999,1239.80603001,30,57710310.00,862.69373490,0
2025-01-26 20:00:00,1.505e-05,1.505e-05,1.4e-05,1.405e-05,1962197125.00,1737935999999,28077.90552661,198,969602974.00,13756.72602757,0
2025-01-27 00:00:00,1.407e-05,1.407e-05,1.308e-05,1.319e-05,2854080161.00,1737950399999,38256.94645338,140,1193071055.00,16213.48945313,0
2025-01-27 04:00:00,1.319e-05,1.319e-05,1.222e-05,1.267e-05,1227927930.00,1737964799999,15893.96013082,146,480708880.00,6236.95822411,0
2025-01-27 08:00:00,1.247e-05,1.257e-05,1.214e-05,1.253e-05,424462226.00,1737979199999,5287.00121494,71,263689965.00,3302.03372886,0
2025-01-27 12:00:00,1.248e-05,1.304e-05,1.239e-05,1.3e-05,1468351761.00,1737993599999,18900.05896924,94,395702791.00,5096.74121707,0
2025-01-27 16:00:00,1.297e-05,1.298e-05,1.236e-05,1.24e-05,861644770.00,1738007999999,10756.58074696,61,47477234.00,599.21591975,0
2025-01-27 20:00:00,1.255e-05,1.333e-05,1.255e-05,1.307e-05,1228030362.00,1738022399999,16050.56512919,100,461300912.00,6011.11518548,0
2025-01-28 00:00:00,1.32e-05,1.327e-05,1.29e-05,1.315e-05,1831021797.00,1738036799999,24041.48441637,76,1081129042.00,14189.40746843,0
2025-01-28 04:00:00,1.321e-05,1.334e-05,1.3e-05,1.305e-05,259195030.00,1738051199999,3410.91423366,48,105337382.00,1390.24334572,0
2025-01-28 08:00:00,1.309e-05,1.309e-05,1.277e-05,1.29e-05,302695054.00,1738065599999,3924.82643725,45,34351214.00,444.55543791,0
2025-01-28 12:00:00,1.288e-05,1.303e-05,1.261e-05,1.273e-05,856516808.00,1738079999999,10866.83332906,50,218926481.00,2774.09502102,0
2025-01-28 16:00:00,1.272e-05,1.272e-05,1.218e-05,1.231e-05,1506351895.00,1738094399999,18751.22266681,72,194947624.00,2450.08032685,0
2025-01-28 20:00:00,1.235e-05,1.242e-05,1.139e-05,1.139e-05,4027244605.00,1738108799999,47702.26744185,128,1322052841.00,15889.29569878,0
2025-01-29 00:00:00,1.159e-05,1.238e-05,1.151e-05,1.227e-05,358915444.00,1738123199999,4328.50690977,81,332748875.00,4019.50597114,0
2025-01-29 04:00:00,1.227e-05,1.278e-05,1.212e-05,1.26e-05,642276363.00,1738137599999,8037.90248940,66,509717880.00,6405.74387193,0
2025-01-29 08:00:00,1.27e-05,1.276e-05,1.248e-05,1.276e-05,353217226.00,1738151999999,4443.07957023,40,133501131.00,1678.66464744,0
2025-01-29 12:00:00,1.272e-05,1.274e-05,1.221e-05,1.239e-05,59387060.00,1738166399999,740.26448555,41,22796357.00,285.08115991,0
2025-01-29 16:00:00,1.229e-05,1.278e-05,1.197e-05,1.265e-05,1398104340.00,1738180799999,17403.32686551,118,317748781.00,3976.55289879,0
2025-01-29 20:00:00,1.255e-05,1.33e-05,1.24e-05,1.24e-05,1128276758.00,1738195199999,14560.14371502,150,568685401.00,7404.77935327,0
2025-01-30 00:00:00,1.245e-05,1.293e-05,1.227e-05,1.293e-05,1199452291.00,1738209599999,15220.03767156,84,984880571.00,12515.18128426,0
2025-01-30 04:00:00,1.295e-05,1.299e-05,1.272e-05,1.273e-05,353284312.00,1738223999999,4536.21722199,29,304106157.00,3908.83873448,0
2025-01-30 08:00:00,1.273e-05,1.314e-05,1.264e-05,1.305e-05,295282353.00,1738238399999,3849.81629476,59,262633292.00,3425.94350303,0
2025-01-30 12:00:00,1.313e-05,1.341e-05,1.287e-05,1.319e-05,109128433.00,1738252799999,1437.24155505,56,86771715.00,1144.43339680,0
2025-01-30 16:00:00,1.315e-05,1.339e-05,1.305e-05,1.305e-05,329836992.00,1738267199999,4344.97153674,44,36578299.00,482.29505583,0
2025-01-30 20:00:00,1.306e-05,1.316e-05,1.291e-05,1.297e-05,1086780290.00,1738281599999,14201.27364609,30,40731813.00,532.21636157,0
2025-01-31 00:00:00,1.297e-05,1.317e-05,1.28e-05,1.28e-05,729393852.00,1738295999999,9480.75007330,43,208051198.00,2725.22778489,0
2025-01-31 04:00:00,1.278e-05,1.3e-05,1.278e-05,1.288e-05,532805134.00,1738310399999,6897.79096796,20,519758012.00,6730.83287082,0
2025-01-31 08:00:00,1.291e-05,1.353e-05,1.278e-05,1.353e-05,142147274.00,1738324799999,1872.44933445,56,87431542.00,1158.97217567,0
2025-01-31 12:00:00,1.352e-05,1.475e-05,1.343e-05,1.475e-05,2113020858.00,1738339199999,30094.34073682,217,1754159645.00,25005.25769293,0
2025-01-31 16:00:00,1.472e-05,1.472e-05,1.379e-05,1.414e-05,932867614.00,1738353599999,13405.92068899,122,173873464.00,2510.28951170,0
2025-01-31 20:00:00,1.406e-05,1.407e-05,1.371e-05,1.38e-05,643702173.00,1738367999999,8903.06655477,62,257032692.00,3564.18838614,0
2025-02-01 00:00:00,1.382e-05,1.427e-05,1.37e-05,1.381e-05,320422536.00,1738382399999,4486.95865859,74,246493855.00,3460.17514762,0
2025-02-01 04:00:00,1.385e-05,1.394e-05,1.346e-05,1.346e-05,2152260386.00,1738396799999,29832.73957216,64,361786343.00,4979.85947854,0
2025-02-01 08:00:00,1.344e-05,1.348e-05,1.308e-05,1.315e-05,471084916.00,1738411199999,6222.82338698,80,223263359.00,2933.62452378,0
2025-02-01 12:00:00,1.316e-05,1.346e-05,1.316e-05,1.346e-05,69969732.00,1738425599999,929.02454865,38,44795738.00,596.64709624,0
2025-02-01 16:00:00,1.335e-05,1.34e-05,1.275e-05,1.288e-05,1161728516.00,1738439999999,15401.74203130,73,166253365.00,2198.06225889,0
2025-02-01 20:00:00,1.28e-05,1.28e-05,1.211e-05,1.231e-05,360069764.00,1738454399999,4439.96345277,103,84418764.00,1046.53441865,0
2025-02-02 00:00:00,1.234e-05,1.248e-05,1.19e-05,1.214e-05,445866989.00,1738468799999,5361.92776564,68,275295995.00,3309.58561781,0
2025-02-02 04:00:00,1.205e-05,1.231e-05,1.205e-05,1.227e-05,1833639585.00,1738483199999,22324.59023485,41,1381194609.00,16813.95597666,0
2025-02-02 08:00:00,1.218e-05,1.228e-05,1.177e-05,1.179e-05,80383800.00,1738497599999,964.20429054,39,13679070.00,166.53445666,0
2025-02-02 12:00:00,1.19e-05,1.22e-05,1.186e-05,1.206e-05,182669212.00,1738511999999,2196.67590541,48,76544336.00,925.22624932,0
2025-02-02 16:00:00,1.195e-05,1.195e-05,1.063e-05,1.107e-05,1856114711.00,1738526399999,20669.12323463,205,755010986.00,8356.15634389,0
2025-02-02 20:00:00,1.091e-05,1.114e-05,1.007e-05,1.085e-05,1008069452.00,1738540799999,10813.24577258,212,396750348.00,4265.32899711,0
2025-02-03 00:00:00,1.07e-05,1.07e-05,8.01e-06,9.07e-06,10715170683.00,1738555199999,97744.45436707,390,4527316209.00,41057.45094052,0
2025-02-03 04:00:00,9.05e-06,9.81e-06,8.67e-06,9.81e-06,916089316.00,1738569599999,8567.77003006,103,329761116.00,3067.25651366,0
2025-02-03 08:00:00,9.62e-06,9.92e-06,9.4e-06,9.65e-06,457000372.00,1738583999999,4384.24609657,75,330971999.00,3174.04817959,0
2025-02-03 12:00:00,9.67e-06,1.035e-05,9.12e-06,1.027e-05,5945366831.00,1738598399999,58917.81006175,139,5467130744.00,54223.42863921,0
2025-02-03 16:00:00,1.027e-05,1.075e-05,1.006e-05,1.075e-05,1460364769.00,1738612799999,15406.56280965,94,1336533785.00,14111.55934292,0
2025-02-03 20:00:00,1.073e-05,1.144e-05,1.042e-05,1.104e-05,1313087399.00,1738627199999,14601.17426985,181,876629278.00,9798.81375994,0
2025-02-04 00:00:00,1.109e-05,1.111e-05,1.054e-05,1.062e-05,961547108.00,1738641599999,10431.51065271,77,60773466.00,654.77641414,0
2025-02-04 04:00:00,1.068e-05,1.076e-05,9.72e-06,9.72e-06,4292993365.00,1738655999999,42852.04685744,121,379295000.00,3850.36625470,0
2025-02-04 08:00:00,9.71e-06,1.028e-05,9.7e-06,1.025e-05,212789555.00,1738670399999,2092.57600405,50,45727146.00,458.17054532,0
2025-02-04 12:00:00,1.018e-05,1.059e-05,1.016e-05,1.039e-05,1075532483.00,1738684799999,11124.94947058,74,141131545.00,1464.54690367,0
2025-02-04 16:00:00,1.032e-05,1.069e-05,1.021e-05,1.021e-05,342586331.00,1738699199999,3552.87479976,60,150769779.00,1570.75174969,0
2025-02-04 20:00:00,1.021e-05,1.026e-05,9.5e-06,1.023e-05,2947927093.00,1738713599999,29172.64016994,108,1513734400.00,15125.70250464,0
2025-02-05 00:00:00,1.017e-05,1.025e-05,1.002e-05,1.011e-05,704258061.00,1738727999999,7205.63950676,24,678005566.00,6942.02478312,0
2025-02-05 04:00:00,1.015e-05,1.035e-05,1.006e-05,1.014e-05,313525364.00,1738742399999,3187.57498256,27,135885298.00,1384.23934533,0
2025-02-05 08:00:00,1.015e-05,1.042e-05,1.008e-05,1.035e-05,69601438.00,1738756799999,714.89328105,24,34712465.00,358.84463604,0
2025-02-05 12:00:00,1.035e-05,1.04e-05,1.012e-05,1.014e-05,2519896524.00,1738771199999,25685.39571622,40,44321863.00,455.69994311,0
2025-02-05 16:00:00,1.024e-05,1.024e-05,9.81e-06,9.96e-06,121064863.00,1738785599999,1207.15220611,43,25584871.00,257.25421152,0
2025-02-05 20:00:00,1.012e-05,1.012e-05,9.78e-06,9.95e-06,328133768.00,1738799999999,3267.82111496,45,150259402.00,1497.40574244,0
2025-02-06 00:00:00,1.007e-05,1.026e-05,9.98e-06,1.023e-05,315091330.00,1738814399999,3192.42486310,36,105173349.00,1064.84303927,0
2025-02-06 04:00:00,1.028e-05,1.037e-05,1.015e-05,1.015e-05,408060818.00,1738828799999,4183.58783675,27,346607812.00,3557.46583775,0
2025-02-06 08:00:00,1.02e-05,1.031e-05,9.85e-06,1.002e-05,101966465.00,1738843199999,1025.46903293,66,16519822.00,169.11925602,0
2025-02-06 12:00:00,9.95e-06,9.98e-06,9.4e-06,9.4e-06,602173277.00,1738857599999,5846.19188035,78,426371082.00,4139.28613707,0
2025-02-06 16:00:00,9.4e-06,9.53e-06,9.2e-06,9.28e-06,1879000725.00,1738871999999,17585.57215803,23,30413041.00,283.66549342,0
2025-02-06 20:00:00,9.19e-06,9.43e-06,9.13e-06,9.17e-06,452927692.00,1738886399999,4218.43836340,45,142118939.00,1324.08406488,0
2025-02-07 00:00:00,9.33e-06,9.5e-06,9.19e-06,9.48e-06,287800183.00,1738900799999,2690.71849551,64,155854795.00,1460.91632748,0
2025-02-07 04:00:00,9.48e-06,9.48e-06,9.01e-06,9.33e-06,797122594.00,1738915199999,7359.54216933,35,414952416.00,3896.70792080,0
2025-02-07 08:00:00,9.24e-06,9.62e-06,9.24e-06,9.56e-06,1981262105.00,1738929599999,18986.65473154,21,1957383863.00,18765.08816834,0
2025-02-07 12:00:00,9.51e-06,9.81e-06,9.41e-06,9.54e-06,150905574.00,1738943999999,1443.58659271,57,53298853.00,516.74227734,0
2025-02-07 16:00:00,9.4e-06,9.5e-06,9.19e-06,9.38e-06,202430636.00,1738958399999,1894.28847699,54,45061162.00,421.47769274,0
2025-02-07 20:00:00,9.32e-06,9.32e-06,8.45e-06,8.9e-06,1587278785.00,1738972799999,13792.20285966,97,185578795.00,1632.30230360,0
2025-02-08 00:00:00,8.9e-06,9.2e-06,8.9e-06,9.07e-06,3516953730.00,1738987199999,31818.01031452,47,1518792827.00,13834.90390751,0
2025-02-08 04:00:00,9.03e-06,9.2e-06,8.98e-06,9.2e-06,28828593.00,1739001599999,262.10473130,24,18386744.00,168.02188949,0
2025-02-08 08:00:00,9.14e-06,9.16e-06,9.11e-06,9.16e-06,29702692.00,1739015999999,270.84439433,3,7701205.00,70.41084776,0
2025-02-08 12:00:00,9.29e-06,9.43e-06,9.29e-06,9.41e-06,67770070.00,1739030399999,631.67390384,13,65637656.00,611.84245364,0
2025-02-08 16:00:00,9.37e-06,9.71e-06,9.27e-06,9.71e-06,288694562.00,1739044799999,2763.36812345,35,178138459.00,1704.38477737,0
2025-02-08 20:00:00,9.62e-06,9.72e-06,9.46e-06,9.51e-06,3125653872.00,1739059199999,30062.76027560,42,990363782.00,9551.86889806,0
2025-02-09 00:00:00,9.53e-06,9.81e-06,9.5e-06,9.78e-06,1689821206.00,1739073599999,16166.98791637,45,1592217910.00,15236.73185408,0
2025-02-09 04:00:00,9.73e-06,9.73e-06,9.52e-06,9.66e-06,95180617.00,1739087999999,910.53606014,24,14919275.00,143.57114866,0
2025-02-09 08:00:00,9.65e-06,9.73e-06,9.56e-06,9.63e-06,1032228465.00,1739102399999,9959.57192614,15,20039483.00,193.39540622,0
2025-02-09 12:00:00,9.61e-06,9.63e-06,9.26e-06,9.46e-06,95013741.00,1739116799999,897.97995747,53,30592844.00,291.93140063,0
2025-02-09 16:00:00,9.61e-06,9.7e-06,9.37e-06,9.37e-06,62524203.00,1739131199999,595.30367611,25,31208190.00,298.98507745,0
2025-02-09 20:00:00,9.38e-06,9.56e-06,8.95e-06,9.46e-06,450976435.00,1739145599999,4102.60004354,51,306107613.00,2771.84229738,0
2025-02-10 00:00:00,9.58e-06,9.73e-06,9.17e-06,9.43e-06,506748545.00,1739159999999,4812.70406435,50,205817629.00,1964.62191968,0
2025-02-10 04:00:00,9.53e-06,9.65e-06,9.45e-06,9.45e-06,61631493.00,1739174399999,587.45073022,15,37987896.00,363.67853270,0
2025-02-10 08:00:00,9.59e-06,9.77e-06,9.5e-06,9.7e-06,44295279.00,1739188799999,425.33389542,16,20744084.00,201.01527442,0
2025-02-10 12:00:00,9.46e-06,9.91e-06,9.46e-06,9.54e-06,102431736.00,1739203199999,994.77586136,30,71109924.00,693.93100779,0
2025-02-10 16:00:00,9.76e-06,9.77e-06,9.62e-06,9.68e-06,20797982.00,1739217599999,202.07722610,11,11198509.00,109.15058227,0
2025-02-10 20:00:00,9.66e-06,9.8e-06,9.53e-06,9.59e-06,226981227.00,1739231999999,2182.09608893,20,54684142.00,531.32097531,0
2025-02-11 00:00:00,9.58e-06,1.008e-05,9.58e-06,9.84e-06,135212018.00,1739246399999,1335.19297156,51,94024904.00,929.12481571,0
2025-02-11 04:00:00,9.78e-06,1.048e-05,9.78e-06,1.029e-05,324872497.00,1739260799999,3324.91335761,68,258102849.00,2642.89666510,0
2025-02-11 08:00:00,1.033e-05,1.055e-05,1.019e-05,1.045e-05,85750405.00,1739275199999,890.24847462,31,32367766.00,339.35118521,0
2025-02-11 12:00:00,1.028e-05,1.028e-05,9.82e-06,9.94e-06,133114968.00,1739289599999,1334.73036842,47,45287094.00,452.77247799,0
2025-02-11 16:00:00,1.004e-05,1.004e-05,9.41e-06,9.41e-06,474546239.00,1739303999999,4607.68945378,60,316518206.00,3097.37537660,0
2025-02-11 20:00:00,9.53e-06,9.72e-06,9.44e-06,9.61e-06,347998972.00,1739318399999,3369.07290302,26,327303373.00,3172.15874719,0
2025-02-12 00:00:00,9.6e-06,9.64e-06,9.28e-06,9.51e-06,207339503.00,1739332799999,1956.31407999,43,15677442.00,147.65136311,0
2025-02-12 04:00:00,9.5e-06,9.61e-06,9.41e-06,9.54e-06,797075522.00,1739347199999,7593.38248353,74,722717608.00,6891.86675720,0
2025-02-12 08:00:00,9.56e-06,9.63e-06,9.43e-06,9.63e-06,48876350.00,1739361599999,468.45719804,19,38987866.00,375.05297340,0
2025-02-12 12:00:00,9.64e-06,9.78e-06,9.08e-06,9.36e-06,1754434975.00,1739375999999,16780.75554591,128,1622999391.00,15557.94039617,0
2025-02-12 16:00:00,9.33e-06,9.78e-06,9.17e-06,9.78e-06,208087293.00,1739390399999,1987.44269570,72,101009876.00,965.96038145,0
2025-02-12 20:00:00,9.69e-06,1.028e-05,9.69e-06,1.009e-05,1016717766.00,1739404799999,9997.12447535,94,967652830.00,9512.19600623,0
2025-02-13 00:00:00,1.012e-05,1.03e-05,1.004e-05,1.018e-05,2161599210.00,1739419199999,21776.57530028,71,1531105669.00,15407.21999850,0
2025-02-13 04:00:00,1.014e-05,1.014e-05,9.79e-06,9.84e-06,294014070.00,1739433599999,2952.26649354,40,25600336.00,253.02722684,0
2025-02-13 08:00:00,9.78e-06,9.85e-06,9.68e-06,9.76e-06,300728642.00,1739447999999,2954.51452613,26,260249908.00,2560.68754108,0
2025-02-13 12:00:00,9.74e-06,9.78e-06,9.59e-06,9.66e-06,91145466.00,1739462399999,884.50435885,23,11459844.00,111.51164989,0
2025-02-13 16:00:00,9.64e-06,9.74e-06,9.48e-06,9.55e-06,397975209.00,1739476799999,3828.91445155,51,82696564.00,795.57594109,0
2025-02-13 20:00:00,9.54e-06,9.72e-06,9.54e-06,9.71e-06,561827918.00,1739491199999,5435.26365664,26,483467210.00,4683.10340412,0
2025-02-14 00:00:00,9.62e-06,9.92e-06,9.61e-06,9.92e-06,562175112.00,1739505599999,5420.36594106,42,158997886.00,1540.13066477,0
2025-02-14 04:00:00,9.81e-06,9.96e-06,9.79e-06,9.94e-06,410732254.00,1739519999999,4049.06253259,33,303400663.00,2994.62969895,0
2025-02-14 08:00:00,9.97e-06,1.039e-05,9.97e-06,1.016e-05,306884693.00,1739534399999,3123.33597497,90,150152656.00,1521.49045349,0
2025-02-14 12:00:00,1.015e-05,1.045e-05,1.011e-05,1.042e-05,2302997239.00,1739548799999,23846.26072532,72,1825918726.00,18971.63656998,0
2025-02-14 16:00:00,1.041e-05,1.072e-05,1.025e-05,1.044e-05,237973353.00,1739563199999,2503.77402617,92,149439710.00,1577.99343562,0
2025-02-14 20:00:00,1.046e-05,1.048e-05,1.004e-05,1.028e-05,363509752.00,1739577599999,3733.18254442,89,138125991.00,1417.89250429,0
2025-02-15 00:00:00,1.029e-05,1.035e-05,1.014e-05,1.029e-05,408997743.00,1739591999999,4185.64793467,38,372810383.00,3816.33822046,0
2025-02-15 04:00:00,1.026e-05,1.031e-05,1.004e-05,1.007e-05,147768231.00,1739606399999,1508.16111700,40,104575086.00,1069.47305322,0
2025-02-15 08:00:00,1.018e-05,1.019e-05,9.99e-06,1.006e-05,342075736.00,1739620799999,3467.05518001,26,237830119.00,2418.60350978,0
2025-02-15 12:00:00,1.011e-05,1.011e-05,9.9e-06,9.93e-06,297953315.00,1739635199999,2975.83719229,25,138813214.00,1381.70399212,0
2025-02-15 16:00:00,9.98e-06,1.006e-05,9.88e-06,9.89e-06,321181279.00,1739649599999,3190.21253049,25,72725384.00,728.18426061,0
2025-02-15 20:00:00,9.9e-06,9.93e-06,9.85e-06,9.87e-06,1090909020.00,1739663999999,10798.33190480,14,1037386487.00,10270.28912040,0
2025-02-16 00:00:00,9.9e-06,1.002e-05,9.8e-06,9.8e-06,73945446.00,1739678399999,731.69649963,22,46760292.00,464.79365005,0
2025-02-16 04:00:00,9.81e-06,1.001e-05,9.81e-06,9.87e-06,163384846.00,1739692799999,1625.51458676,17,142044607.00,1414.30100102,0
2025-02-16 08:00:00,9.89e-06,9.98e-06,9.8e-06,9.98e-06,57943544.00,1739707199999,573.62927404,19,24390662.00,243.22242109,0
2025-02-16 12:00:00,9.98e-06,9.98e-06,9.74e-06,9.77e-06,27949923.00,1739721599999,274.26861327,19,9915050.00,97.35502106,0
2025-02-16 16:00:00,9.86e-06,9.9e-06,9.61e-06,9.71e-06,125234020.00,1739735999999,1220.20715150,31,12495574.00,122.69763693,0
2025-02-16 20:00:00,9.72e-06,9.74e-06,9.61e-06,9.71e-06,407463818.00,1739750399999,3936.26889937,20,46417892.00,451.06159412,0
2025-02-17 00:00:00,9.64e-06,9.87e-06,9.63e-06,9.71e-06,55191455.00,1739764799999,538.79983224,24,27459899.00,269.36199041,0
2025-02-17 04:00:00,9.71e-06,9.77e-06,9.55e-06,9.55e-06,86226599.00,1739779199999,830.28771231,33,17187918.00,167.29961447,0
2025-02-17 08:00:00,9.65e-06,9.93e-06,9.62e-06,9.93e-06,84635364.00,1739793599999,827.42548539,25,84111014.00,822.38123839,0
2025-02-17 12:00:00,9.95e-06,1.062e-05,9.95e-06,1.011e-05,840481692.00,1739807999999,8732.49894897,142,635024422.00,6629.64822461,0
2025-02-17 16:00:00,1.011e-05,1.011e-05,9.69e-06,9.89e-06,697847707.00,1739822399999,6970.81313869,73,542061394.00,5432.74047041,0
2025-02-17 20:00:00,9.8e-06,1.031e-05,9.8e-06,1.011e-05,963313518.00,1739836799999,9779.90799348,58,958805985.00,9734.93355460,0
2025-02-18 00:00:00,1.011e-05,1.012e-05,9.81e-06,9.81e-06,866178302.00,1739851199999,8753.95792431,55,812495153.00,8221.03216356,0
2025-02-18 04:00:00,9.85e-06,9.89e-06,9.4e-06,9.55e-06,194131652.00,1739865599999,1863.04741140,57,7234060.00,69.97548454,0
2025-02-18 08:00:00,9.56e-06,9.6e-06,5e-06,9.5e-06,2421707790.00,1739879999999,21731.39671587,221,108695776.00,984.44661516,0
2025-02-18 12:00:00,9.49e-06,9.68e-06,9.17e-06,9.17e-06,226847306.00,1739894399999,2147.88062873,92,142033139.00,1348.34379715,0
2025-02-18 16:00:00,9.27e-06,9.27e-06,8.93e-06,9.15e-06,2106240966.00,1739908799999,19274.69524897,69,613729584.00,5617.61444802,0
2025-02-18 20:00:00,9.16e-06,9.29e-06,9.05e-06,9.22e-06,267078749.00,1739923199999,2448.01923637,20,92131753.00,844.91480204,0
2025-02-19 00:00:00,9.19e-06,9.37e-06,9.16e-06,9.27e-06,42535093.00,1739937599999,395.45244937,28,34239281.00,319.08402914,0
2025-02-19 04:00:00,9.3e-06,9.44e-06,9.13e-06,9.44e-06,1053870462.00,1739951999999,9820.62237736,49,714987215.00,6715.33021194,0
2025-02-19 08:00:00,9.44e-06,9.55e-06,9.38e-06,9.55e-06,137286860.00,1739966399999,1308.17156888,20,128757407.00,1228.16529974,0
2025-02-19 12:00:00,9.55e-06,9.55e-06,9.24e-06,9.34e-06,94179209.00,1739980799999,883.96961026,35,63956048.00,602.46361428,0
2025-02-19 16:00:00,9.35e-06,9.43e-06,9.26e-06,9.26e-06,625519711.00,1739995199999,5895.25329740,19,619875439.00,5842.92676574,0
2025-02-19 20:00:00,9.36e-06,9.42e-06,9.26e-06,9.41e-06,839124333.00,1740009599999,7835.11866465,35,335199644.00,3128.00353719,0
2025-02-20 00:00:00,9.39e-06,9.57e-06,9.27e-06,9.49e-06,486928739.00,1740023999999,4581.35321335,84,60960896.00,577.88407360,0
2025-02-20 04:00:00,9.56e-06,9.61e-06,9.43e-06,9.44e-06,1024204258.00,1740038399999,9684.60710317,31,350916499.00,3334.48230351,0
2025-02-20 08:00:00,9.46e-06,9.53e-06,9.4e-06,9.53e-06,25045242.00,1740052799999,236.86276486,9,14391622.00,136.65696500,0
2025-02-20 12:00:00,9.52e-06,9.58e-06,9.35e-06,9.41e-06,565913178.00,1740067199999,5414.24089667,27,543777892.00,5206.34533325,0
2025-02-20 16:00:00,9.34e-06,9.63e-06,9.33e-06,9.63e-06,50512879.00,1740081599999,479.16271125,37,39972974.00,378.99216813,0
2025-02-20 20:00:00,9.62e-06,9.68e-06,9.47e-06,9.65e-06,82765240.00,1740095999999,790.81743334,39,29905217.00,288.04924186,0
2025-02-21 00:00:00,9.64e-06,9.65e-06,9.51e-06,9.65e-06,32976242.00,1740110399999,315.86495993,22,26140192.00,250.56135981,0
2025-02-21 04:00:00,9.66e-06,9.78e-06,9.62e-06,9.69e-06,402696536.00,1740124799999,3912.89335712,28,258722168.00,2517.92786276,0
2025-02-21 08:00:00,9.77e-06,1.002e-05,9.7e-06,9.91e-06,293234969.00,1740139199999,2907.47840589,63,254695821.00,2526.63395700,0
2025-02-21 12:00:00,9.84e-06,1.012e-05,9.47e-06,9.65e-06,227627830.00,1740153599999,2246.70045549,108,93174599.00,932.82609610,0
2025-02-21 16:00:00,9.55e-06,9.76e-06,9.08e-06,9.08e-06,782212931.00,1740167999999,7338.23600474,96,84208817.00,799.77553999,0
2025-02-21 20:00:00,9.18e-06,9.24e-06,9.05e-06,9.12e-06,1788612257.00,1740182399999,16341.48630479,45,17944202.00,164.76860774,0
2025-02-22 00:00:00,9.1e-06,9.25e-06,9.08e-06,9.18e-06,90623189.00,1740196799999,833.12048795,28,63528324.00,585.49853750,0
2025-02-22 04:00:00,9.09e-06,9.24e-06,9.09e-06,9.22e-06,26148048.00,1740211199999,240.27919675,12,22419805.00,206.38946788,0
2025-02-22 08:00:00,9.25e-06,9.5e-06,9.25e-06,9.5e-06,76915303.00,1740225599999,722.39427458,68,65232798.00,613.46919781,0
2025-02-22 12:00:00,9.44e-06,9.66e-06,9.43e-06,9.66e-06,339126817.00,1740239999999,3251.21917355,32,336107929.00,3222.72792031,0
2025-02-22 16:00:00,9.67e-06,9.7e-06,9.58e-06,9.63e-06,129164113.00,1740254399999,1241.19659784,30,48483548.00,467.17044034,0
2025-02-22 20:00:00,9.63e-06,9.72e-06,9.59e-06,9.6e-06,133889664.00,1740268799999,1291.26840954,18,84455441.00,817.14357590,0
2025-02-23 00:00:00,9.62e-06,9.62e-06,9.43e-06,9.43e-06,94145714.00,1740283199999,894.84986634,45,16493202.00,157.60686247,0
2025-02-23 04:00:00,9.44e-06,9.78e-06,9.44e-06,9.73e-06,518176207.00,1740297599999,4988.31723029,41,500590447.00,4818.76933819,0
2025-02-23 08:00:00,9.68e-06,9.68e-06,9.42e-06,9.42e-06,34932848.00,1740311999999,333.13850254,33,1931043.00,18.46077108,0
2025-02-23 12:00:00,9.41e-06,9.41e-06,9.22e-06,9.22e-06,73652077.00,1740326399999,689.50897692,32,46305747.00,434.72102715,0
2025-02-23 16:00:00,9.28e-06,9.37e-06,9.2e-06,9.2e-06,127267246.00,1740340799999,1180.39638454,26,24495389.00,228.59660006,0
2025-02-23 20:00:00,9.3e-06,9.38e-06,9.2e-06,9.38e-06,8009072.00,1740355199999,74.31366597,15,6073842.00,56.49310437,0
2025-02-24 00:00:00,9.39e-06,9.39e-06,8.95e-06,9.07e-06,568939795.00,1740369599999,5158.20543410,70,69475952.00,639.10939437,0
2025-02-24 04:00:00,9.02e-06,9.09e-06,8.87e-06,9.09e-06,30980623.00,1740383999999,277.69473421,24,19559948.00,176.21272535,0
2025-02-24 08:00:00,9.09e-06,9.09e-06,8.73e-06,8.91e-06,255996706.00,1740398399999,2270.90287315,57,24374090.00,220.32679226,0
2025-02-24 12:00:00,8.92e-06,8.96e-06,8.58e-06,8.68e-06,88445357.00,1740412799999,768.81949082,29,19178849.00,166.98047982,0
2025-02-24 16:00:00,8.7e-06,8.79e-06,8.31e-06,8.43e-06,486473254.00,1740427199999,4112.98611799,54,34939842.00,301.26453716,0
2025-02-24 20:00:00,8.44e-06,8.54e-06,7.68e-06,7.79e-06,2587589662.00,1740441599999,21080.65240187,96,189346549.00,1542.81460904,0
2025-02-25 00:00:00,7.82e-06,7.99e-06,7.63e-06,7.99e-06,453722784.00,1740455999999,3547.19581210,57,235701927.00,1855.14586430,0
2025-02-25 04:00:00,7.83e-06,7.98e-06,7.32e-06,7.62e-06,680695821.00,1740470399999,5100.12208608,56,72498888.00,560.97407649,0
2025-02-25 08:00:00,7.52e-06,7.81e-06,7.43e-06,7.81e-06,866264547.00,1740484799999,6585.87782563,44,659826807.00,5029.06661076,0
2025-02-25 12:00:00,7.71e-06,7.99e-06,7.64e-06,7.99e-06,341496839.00,1740499199999,2676.17808101,40,172050723.00,1360.73518537,0
2025-02-25 16:00:00,8.06e-06,8.23e-06,7.96e-06,8.23e-06,2109966331.00,1740513599999,16882.22940198,17,2063667291.00,16512.09681007,0
2025-02-25 20:00:00,8.23e-06,8.44e-06,8.07e-06,8.2e-06,173667781.00,1740527999999,1442.02375821,44,140135159.00,1166.06034413,0
2025-02-26 00:00:00,8.24e-06,8.49e-06,8.14e-06,8.39e-06,115119737.00,1740542399999,968.63410185,28,102216324.00,861.42860063,0
2025-02-26 04:00:00,8.39e-06,8.43e-06,8.24e-06,8.29e-06,76808961.00,1740556799999,640.45342712,23,71446529.00,595.90070599,0
2025-02-26 08:00:00,8.19e-06,8.34e-06,8.18e-06,8.18e-06,126935838.00,1740571199999,1039.48031446,18,90968793.00,744.66122964,0
2025-02-26 12:00:00,8.19e-06,8.38e-06,8e-06,8.36e-06,331461035.00,1740585599999,2716.97937402,33,232174951.00,1920.45567438,0
2025-02-26 16:00:00,8.23e-06,8.29e-06,7.84e-06,7.96e-06,510290493.00,1740599999999,4080.71014818,43,444371548.00,3550.65956943,0
2025-02-26 20:00:00,7.88e-06,8.44e-06,7.88e-06,8.29e-06,1066434222.00,1740614399999,8825.34549561,64,850226089.00,7047.72169209,0
2025-02-27 00:00:00,8.37e-06,8.44e-06,8.18e-06,8.44e-06,498941107.00,1740628799999,4190.16575200,28,450979933.00,3795.52654817,0
2025-02-27 04:00:00,8.45e-06,8.59e-06,8.31e-06,8.56e-06,106892691.00,1740643199999,901.49710215,35,60462669.00,513.85232744,0
2025-02-27 08:00:00,8.49e-06,8.54e-06,8.39e-06,8.54e-06,442321482.00,1740657599999,3741.48198038,12,3935268.00,33.57103921,0
2025-02-27 12:00:00,8.43e-06,8.48e-06,8.28e-06,8.44e-06,36406907.00,1740671999999,303.88722522,20,15582879.00,130.31801678,0
2025-02-27 16:00:00,8.45e-06,8.45e-06,8.21e-06,8.21e-06,20045983.00,1740686399999,167.87671257,17,13052812.00,110.02207355,0
2025-02-27 20:00:00,8.19e-06,8.25e-06,8.08e-06,8.17e-06,102017269.00,1740700799999,828.29525897,18,20166611.00,165.42818473,0
2025-02-28 00:00:00,8.22e-06,8.22e-06,7.45e-06,7.45e-06,734129185.00,1740715199999,5644.85592431,52,24339119.00,189.13310904,0
2025-02-28 04:00:00,7.43e-06,7.5e-06,7.33e-06,7.4e-06,167140917.00,1740729599999,1232.84515263,20,48276016.00,357.78851374,0
2025-02-28 08:00:00,7.43e-06,7.51e-06,7.27e-06,7.48e-06,315444046.00,1740743999999,2327.43615281,21,281771031.00,2081.13615178,0
2025-02-28 12:00:00,7.48e-06,7.96e-06,7.48e-06,7.96e-06,81967620.00,1740758399999,635.66781379,29,80086929.00,621.33694837,0
2025-02-28 16:00:00,7.96e-06,8.07e-06,7.91e-06,7.98e-06,9242958123.00,1740772799999,73901.38680996,33,2284551192.00,18234.46410740,0
2025-02-28 20:00:00,8.01e-06,8.01e-06,7.99e-06,7.99e-06,42152728.00,1740787199999,337.59585128,3,33585986.00,268.97624786,0
2025-03-01 00:00:00,7.85e-06,7.99e-06,7.79e-06,7.97e-06,800819794.00,1740801599999,6289.58947325,23,452489399.00,3565.57937240,0
2025-03-01 04:00:00,7.91e-06,7.95e-06,7.81e-06,7.81e-06,19587800.00,1740815999999,153.91990995,14,6171474.00,48.81232413,0
2025-03-01 08:00:00,7.81e-06,7.81e-06,7.49e-06,7.49e-06,54488565.00,1740830399999,419.95864185,19,8162545.00,62.96537961,0
2025-03-01 12:00:00,7.48e-06,7.51e-06,7.29e-06,7.41e-06,216081010.00,1740844799999,1603.22491535,34,65028818.00,483.74454076,0
2025-03-01 16:00:00,7.42e-06,7.56e-06,7.42e-06,7.56e-06,1222463882.00,1740859199999,9240.60367619,16,271095841.00,2048.73371497,0
2025-03-01 20:00:00,7.54e-06,7.62e-06,7.48e-06,7.58e-06,968114846.00,1740873599999,7287.31365747,23,375388427.00,2823.35097562,0
2025-03-02 00:00:00,7.55e-06,7.75e-06,7.55e-06,7.74e-06,340764708.00,1740887999999,2620.29940502,20,201833945.00,1556.31751603,0
2025-03-02 04:00:00,7.67e-06,7.76e-06,7.65e-06,7.72e-06,132575028.00,1740902399999,1022.14221465,9,14749752.00,113.87090931,0
2025-03-02 08:00:00,7.73e-06,7.77e-06,7.65e-06,7.77e-06,154068512.00,1740916799999,1190.13395598,10,141718802.00,1095.52630640,0
2025-03-02 12:00:00,7.77e-06,7.94e-06,7.53e-06,7.78e-06,527457973.00,1740931199999,4106.96911413,32,268544597.00,2114.10593749,0
2025-03-02 16:00:00,7.83e-06,8.96e-06,7.83e-06,8.84e-06,12135102958.00,1740945599999,104491.76629131,215,11672211714.00,100687.37927705,0
2025-03-02 20:00:00,8.79e-06,8.92e-06,8.7e-06,8.74e-06,1485435546.00,1740959999999,13105.70783022,59,1191613600.00,10537.79102331,0
2025-03-03 00:00:00,8.78e-06,8.78e-06,8.38e-06,8.41e-06,82327328.00,1740974399999,703.61887988,40,21080313.00,180.87378429,0
2025-03-03 04:00:00,8.49e-06,8.65e-06,8.24e-06,8.39e-06,15389260485.00,1740988799999,132842.73493056,133,3422582600.00,29516.93799860,0
2025-03-03 08:00:00,8.42e-06,8.42e-06,8.12e-06,8.27e-06,486055980.00,1741003199999,4077.14914325,16,434463902.00,3657.69327768,0
2025-03-03 12:00:00,8.33e-06,8.46e-06,7.98e-06,7.98e-06,287751325.00,1741017599999,2329.20942747,44,38948628.00,319.16363083,0
2025-03-03 16:00:00,7.98e-06,7.99e-06,7.22e-06,7.36e-06,262388285.00,1741031999999,1997.53224355,65,43220295.00,326.20480800,0
2025-03-03 20:00:00,7.36e-06,7.36e-06,7.08e-06,7.16e-06,787427740.00,1741046399999,5733.44768359,39,143431858.00,1045.40923160,0
2025-03-04 00:00:00,7.21e-06,7.24e-06,6.4e-06,6.9e-06,6252108122.00,1741060799999,41641.14383850,115,304058998.00,2055.75483344,0
2025-03-04 04:00:00,6.9e-06,7.05e-06,6.85e-06,6.9e-06,1377077215.00,1741075199999,9517.13198661,19,43654504.00,303.40648749,0
2025-03-04 08:00:00,6.89e-06,6.99e-06,6.87e-06,6.9e-06,117811392.00,1741089599999,810.79633061,12,3206507.00,22.22333413,0
2025-03-04 12:00:00,6.86e-06,7.13e-06,6.64e-06,6.82e-06,134995498.00,1741103999999,926.21551665,39,82469169.00,567.73619020,0
2025-03-04 16:00:00,6.83e-06,7.04e-06,6.31e-06,7.03e-06,817625213.00,1741118399999,5563.29299253,53,402935755.00,2767.67015559,0
2025-03-04 20:00:00,6.86e-06,7.08e-06,6.78e-06,7.04e-06,845769331.00,1741132799999,5941.23778057,22,18982011.00,132.68879739,0
2025-03-05 00:00:00,6.95e-06,7.06e-06,6.95e-06,7.04e-06,311287857.00,1741147199999,2169.95913881,16,297932503.00,2076.47252117,0
2025-03-05 04:00:00,6.91e-06,6.96e-06,6.9e-06,6.9e-06,16465347.00,1741161599999,113.65757599,3,0.00,0.00000000,0
2025-03-05 08:00:00,7.08e-06,7.35e-06,6.98e-06,7.11e-06,852370347.00,1741175999999,6174.53113299,66,330550954.00,2400.71465137,0
2025-03-05 12:00:00,7.12e-06,7.21e-06,6.9e-06,7.02e-06,714299493.00,1741190399999,5016.64956741,27,106142800.00,752.86719490,0
2025-03-05 16:00:00,6.99e-06,7.1e-06,6.82e-06,7.1e-06,1694860820.00,1741204799999,11888.68391601,57,54706248.00,384.24826689,0
2025-03-05 20:00:00,7.11e-06,7.16e-06,6.99e-06,7.02e-06,624270775.00,1741219199999,4433.45456121,44,142041112.00,1013.15354072,0
2025-03-06 00:00:00,7.02e-06,7.23e-06,7.02e-06,7.19e-06,18517491.00,1741233599999,131.32133414,7,14889044.00,105.59564491,0
2025-03-06 04:00:00,7.19e-06,7.31e-06,7.19e-06,7.25e-06,74094652.00,1741247999999,538.09820667,13,63684437.00,463.04055652,0
2025-03-06 08:00:00,7.21e-06,7.21e-06,7.11e-06,7.19e-06,47479157.00,1741262399999,340.06434712,6,22465559.00,161.47317772,0
2025-03-06 12:00:00,7.19e-06,7.19e-06,6.93e-06,7.13e-06,41915403.00,1741276799999,297.63758279,26,10614063.00,75.53418369,0
2025-03-06 16:00:00,7.12e-06,7.12e-06,6.78e-06,6.91e-06,79613876.00,1741291199999,553.43207413,33,56040168.00,391.64620316,0
2025-03-06 20:00:00,6.87e-06,6.96e-06,6.87e-06,6.96e-06,36224731.00,1741305599999,250.55569121,8,27179057.00,188.41191083,0
2025-03-07 00:00:00,6.97e-06,6.97e-06,6.47e-06,6.71e-06,270186828.00,1741319999999,1836.76507894,40,70606422.00,483.32679194,0
2025-03-07 04:00:00,6.66e-06,6.85e-06,6.66e-06,6.84e-06,93789331.00,1741334399999,638.45724604,11,77798946.00,531.90865030,0
2025-03-07 08:00:00,6.87e-06,7.26e-06,6.87e-06,7.26e-06,858475487.00,1741348799999,5985.14205812,42,666109083.00,4647.41364045,0
2025-03-07 12:00:00,7.18e-06,7.3e-06,7.08e-06,7.11e-06,340191276.00,1741363199999,2470.56214381,20,314041714.00,2284.20912495,0
2025-03-07 16:00:00,7.16e-06,7.33e-06,7.03e-06,7.26e-06,26030824.00,1741377599999,187.23854162,15,15154760.00,110.05589914,0
2025-03-07 20:00:00,7.22e-06,7.25e-06,6.95e-06,6.95e-06,1389522744.00,1741391999999,9793.04846095,96,416349132.00,2952.48878213,0
2025-03-08 00:00:00,7.09e-06,7.09e-06,6.83e-06,6.95e-06,14379041.00,1741406399999,99.12138665,11,2314281.00,16.21580446,0
2025-03-08 04:00:00,6.96e-06,6.96e-06,6.78e-06,6.8e-06,194556036.00,1741420799999,1325.44824908,26,26725752.00,183.80141348,0
2025-03-08 08:00:00,6.81e-06,6.81e-06,6.67e-06,6.67e-06,35733524.00,1741435199999,241.36698787,8,293686.00,2.00000166,0
2025-03-08 12:00:00,6.66e-06,6.76e-06,6.66e-06,6.67e-06,103150669.00,1741449599999,694.90825180,20,11727746.00,79.18088227,0
2025-03-08 16:00:00,6.64e-06,6.82e-06,6.64e-06,6.82e-06,43941746.00,1741463999999,296.57071658,10,35125169.00,237.32936490,0
2025-03-08 20:00:00,6.82e-06,6.82e-06,6.64e-06,6.65e-06,37486345.00,1741478399999,250.53132554,10,4863670.00,32.39318592,0
2025-03-09 00:00:00,6.75e-06,6.75e-06,6.54e-06,6.62e-06,133963020.00,1741492799999,894.45777733,45,55047604.00,369.92935180,0
2025-03-09 04:00:00,6.56e-06,6.72e-06,6.45e-06,6.51e-06,404918082.00,1741507199999,2653.75776828,36,311858931.00,2044.12357565,0
2025-03-09 08:00:00,6.51e-06,6.51e-06,6.27e-06,6.27e-06,183845748.00,1741521599999,1156.42814938,19,2927722.00,18.87088312,0
2025-03-09 12:00:00,6.23e-06,6.26e-06,6.07e-06,6.1e-06,134701091.00,1741535999999,830.80665980,54,38863750.00,240.22645094,0
2025-03-09 16:00:00,6.11e-06,6.11e-06,5.77e-06,5.93e-06,1075297046.00,1741550399999,6324.69052907,64,335868585.00,1974.29958983,0
2025-03-09 20:00:00,5.95e-06,6e-06,5.85e-06,5.85e-06,1406329402.00,1741564799999,8326.17965721,33,18914051.00,112.84400663,0
2025-03-10 00:00:00,5.86e-06,6.08e-06,5.81e-06,5.9e-06,230965262.00,1741579199999,1369.38409679,42,48790187.00,294.17540826,0
2025-03-10 04:00:00,6e-06,6.2e-06,6e-06,6.2e-06,351430972.00,1741593599999,2131.38369889,27,347341511.00,2106.47099007,0
2025-03-10 08:00:00,6.23e-06,9.22e-06,6.17e-06,6.41e-06,1866443480.00,1741607999999,12969.32848754,404,1694105765.00,11847.11929863,0
2025-03-10 12:00:00,6.41e-06,6.56e-06,6.11e-06,6.24e-06,93717344.00,1741622399999,592.04839256,54,35755755.00,226.57689826,0
2025-03-10 16:00:00,6.22e-06,6.22e-06,5.67e-06,5.89e-06,756036464.00,1741636799999,4443.95695726,131,177360643.00,1053.64600456,0
2025-03-10 20:00:00,5.89e-06,5.89e-06,5.7e-06,5.7e-06,919497525.00,1741651199999,5351.01493188,46,545955362.00,3175.45975792,0
2025-03-11 00:00:00,5.67e-06,5.75e-06,5.29e-06,5.75e-06,1434240018.00,1741665599999,7795.12578870,88,92357913.00,507.20328751,0
2025-03-11 04:00:00,5.71e-06,5.98e-06,5.71e-06,5.88e-06,368000269.00,1741679999999,2118.95213748,29,331065747.00,1904.47986381,0
2025-03-11 08:00:00,5.89e-06,5.98e-06,5.82e-06,5.98e-06,136001095.00,1741694399999,810.24277503,10,108536425.00,648.68709351,0
2025-03-11 12:00:00,5.88e-06,6.01e-06,5.65e-06,6.01e-06,124111502.00,1741708799999,724.59724886,62,62661621.00,369.78538114,0
2025-03-11 16:00:00,6.04e-06,6.47e-06,6.01e-06,6.47e-06,960124482.00,1741723199999,6059.54603531,115,605929538.00,3823.72221769,0
2025-03-11 20:00:00,6.47e-06,6.51e-06,6.3e-06,6.3e-06,1555072209.00,1741737599999,10027.45187480,23,1545701688.00,9967.73124623,0
2025-03-12 00:00:00,6.36e-06,6.53e-06,6.23e-06,6.23e-06,180476044.00,1741751999999,1153.56270513,38,131695668.00,844.05830329,0
2025-03-12 04:00:00,6.22e-06,6.41e-06,6.17e-06,6.41e-06,547429618.00,1741766399999,3409.12710548,27,530440721.00,3303.13863367,0
2025-03-12 08:00:00,6.43e-06,6.47e-06,6.33e-06,6.47e-06,35473993.00,1741780799999,226.95100194,14,24734391.00,158.92153755,0
2025-03-12 12:00:00,6.51e-06,6.84e-06,6.33e-06,6.5e-06,1310957031.00,1741795199999,8733.05954081,109,255285856.00,1690.19393544,0
2025-03-12 16:00:00,6.51e-06,6.7e-06,6.45e-06,6.64e-06,2208110004.00,1741809599999,14596.73059906,40,2069044809.00,13677.77348720,0
2025-03-12 20:00:00,6.71e-06,6.93e-06,6.65e-06,6.93e-06,245970429.00,1741823999999,1667.26994272,37,171561622.00,1159.51287033,0
2025-03-13 00:00:00,6.96e-06,7.36e-06,6.96e-06,7.21e-06,1040922160.00,1741838399999,7446.56733389,84,708895035.00,5079.55433814,0
2025-03-13 04:00:00,7.29e-06,7.31e-06,6.94e-06,7.2e-06,258265409.00,1741852799999,1824.33551722,34,45432418.00,327.05491519,0
2025-03-13 08:00:00,7.2e-06,7.42e-06,7.01e-06,7.22e-06,158761416.00,1741867199999,1148.11303239,41,67657805.00,491.05617023,0
2025-03-13 12:00:00,7.24e-06,7.24e-06,6.85e-06,6.85e-06,331358168.00,1741881599999,2336.13578455,41,76829148.00,542.42587158,0
2025-03-13 16:00:00,6.96e-06,6.96e-06,6.57e-06,6.58e-06,222906545.00,1741895999999,1492.31449098,41,122880496.00,822.00267877,0
2025-03-13 20:00:00,6.54e-06,6.76e-06,6.52e-06,6.76e-06,189748149.00,1741910399999,1240.21469452,18,17199967.00,114.60045673,0
2025-03-14 00:00:00,6.78e-06,6.86e-06,6.76e-06,6.86e-06,253456613.00,1741924799999,1733.00816137,14,11709395.00,79.79427605,0
2025-03-14 04:00:00,6.88e-06,7.15e-06,6.84e-06,7.09e-06,564658378.00,1741939199999,3962.84219980,49,531997649.00,3737.91505289,0
2025-03-14 08:00:00,7.08e-06,7.15e-06,7.01e-06,7.1e-06,312616025.00,1741953599999,2208.48741189,17,18957774.00,134.78142243,0
2025-03-14 12:00:00,7.07e-06,7.31e-06,6.95e-06,7.31e-06,665157547.00,1741967999999,4695.20783103,39,406744021.00,2874.87194333,0
2025-03-14 16:00:00,7.19e-06,7.23e-06,7.06e-06,7.17e-06,293113247.00,1741982399999,2078.87089277,26,251358663.00,1779.80277865,0
2025-03-14 20:00:00,7.14e-06,7.19e-06,7.09e-06,7.19e-06,59842697.00,1741996799999,426.13884668,9,52837874.00,376.38439924,0
2025-03-15 00:00:00,7.13e-06,7.13e-06,6.97e-06,7.07e-06,111369756.00,1742011199999,781.59780732,15,47391754.00,333.60602033,0
2025-03-15 04:00:00,7.15e-06,7.22e-06,7.01e-06,7.07e-06,340645793.00,1742025599999,2402.29070677,29,43635322.00,312.25985994,0
2025-03-15 08:00:00,7.02e-06,7.07e-06,7.01e-06,7.07e-06,10442152.00,1742039999999,73.29584547,3,282486.00,1.99717602,0
2025-03-15 12:00:00,7.1e-06,7.2e-06,7.05e-06,7.2e-06,11115645.00,1742054399999,79.52376520,6,9732012.00,69.76915255,0
2025-03-15 16:00:00,7.2e-06,7.23e-06,7.06e-06,7.15e-06,126666181.00,1742068799999,908.82586038,21,74357999.00,535.64916009,0
2025-03-15 20:00:00,7.17e-06,7.36e-06,7.09e-06,7.13e-06,78194040.00,1742083199999,565.92011873,35,40880145.00,298.07178638,0
2025-03-16 00:00:00,7.1e-06,7.18e-06,7.04e-06,7.09e-06,15034434021.00,1742097599999,106826.73410741,38,11551364551.00,82131.83096476,0
2025-03-16 04:00:00,7.14e-06,7.16e-06,7.05e-06,7.16e-06,17286151.00,1742111999999,123.53474023,8,15174723.00,108.57662651,0
2025-03-16 08:00:00,7.07e-06,7.07e-06,6.68e-06,6.68e-06,219298570.00,1742126399999,1512.04985451,39,44377061.00,305.94407277,0
2025-03-16 12:00:00,6.76e-06,6.76e-06,6.64e-06,6.7e-06,74545791.00,1742140799999,498.49103499,14,23976282.00,160.72495352,0
2025-03-16 16:00:00,6.76e-06,6.81e-06,6.49e-06,6.5e-06,474921207.00,1742155199999,3191.26123728,56,343860799.00,2327.08591485,0
2025-03-16 20:00:00,6.58e-06,6.59e-06,6.47e-06,6.59e-06,273504634.00,1742169599999,1778.19084445,18,251384306.00,1635.02061461,0
2025-03-17 00:00:00,6.61e-06,6.75e-06,6.61e-06,6.75e-06,66279690.00,1742183999999,443.74055770,16,53345759.00,357.80375524,0
2025-03-17 04:00:00,6.76e-06,6.88e-06,6.72e-06,6.88e-06,51789946.00,1742198399999,352.79329006,19,45815243.00,312.55673006,0
2025-03-17 08:00:00,6.9e-06,7.16e-06,6.89e-06,7.12e-06,89838550.00,1742212799999,627.51891261,38,72741495.00,508.75289886,0
2025-03-17 12:00:00,7.15e-06,7.16e-06,7e-06,7.02e-06,64965611.00,1742227199999,458.56261353,12,18837929.00,134.71017092,0
2025-03-17 16:00:00,7.11e-06,7.57e-06,7.1e-06,7.42e-06,611001714.00,1742241599999,4531.22620757,87,533538492.00,3960.68237413,0
2025-03-17 20:00:00,7.44e-06,7.47e-06,7.3e-06,7.41e-06,261560413.00,1742255999999,1931.37378547,30,234901011.00,1735.67471819,0
2025-03-18 00:00:00,7.32e-06,7.32e-06,7.16e-06,7.27e-06,216248305.00,1742270399999,1563.61614103,24,43602902.00,316.32062717,0
2025-03-18 04:00:00,7.27e-06,7.27e-06,6.97e-06,7e-06,74501691.00,1742284799999,527.84979658,31,24605644.00,174.92194769,0
2025-03-18 08:00:00,7.03e-06,7.03e-06,6.75e-06,6.81e-06,110178446.00,1742299199999,757.26907723,41,17835169.00,124.78323683,0
2025-03-18 12:00:00,6.87e-06,6.93e-06,6.75e-06,6.75e-06,833747217.00,1742313599999,5687.45744317,45,475192487.00,3250.81390391,0
2025-03-18 16:00:00,6.71e-06,6.91e-06,6.71e-06,6.91e-06,48843552.00,1742327999999,334.52380757,38,44735419.00,306.82934958,0
2025-03-18 20:00:00,6.9e-06,7.29e-06,6.81e-06,7.29e-06,101413444.00,1742342399999,718.15033653,43,78259957.00,554.89656606,0
2025-03-19 00:00:00,7.23e-06,7.31e-06,7.16e-06,7.16e-06,52039977.00,1742356799999,375.98398919,13,30602402.00,222.00665057,0
2025-03-19 04:00:00,7.17e-06,7.27e-06,7.17e-06,7.19e-06,243894508.00,1742371199999,1759.40058438,21,116501977.00,839.84903556,0
2025-03-19 08:00:00,7.23e-06,7.53e-06,7.23e-06,7.46e-06,81310016.00,1742385599999,599.28810655,30,57621201.00,425.68574254,0
2025-03-19 12:00:00,7.42e-06,7.49e-06,7.29e-06,7.39e-06,299414625.00,1742399999999,2195.16880940,27,18781891.00,139.04052178,0
2025-03-19 16:00:00,7.39e-06,7.46e-06,7.17e-06,7.31e-06,662701844.00,1742414399999,4841.60795853,71,227163005.00,1677.98600116,0
2025-03-19 20:00:00,7.36e-06,7.49e-06,7.28e-06,7.49e-06,286450588.00,1742428799999,2107.09806992,25,228784011.00,1683.22612643,0
2025-03-20 00:00:00,7.52e-06,7.6e-06,7.31e-06,7.4e-06,367166355.00,1742443199999,2712.01187077,49,240956017.00,1785.70396029,0
2025-03-20 04:00:00,7.42e-06,7.71e-06,7.42e-06,7.57e-06,71415067.00,1742457599999,540.13873628,33,65788087.00,497.82136190,0
2025-03-20 08:00:00,7.56e-06,7.84e-06,7.39e-06,7.51e-06,734382508.00,1742471999999,5622.53212789,88,666147413.00,5108.67861133,0
2025-03-20 12:00:00,7.55e-06,7.79e-06,7.5e-06,7.56e-06,419618989.00,1742486399999,3203.10567912,73,49049842.00,376.76539747,0
2025-03-20 16:00:00,7.56e-06,7.71e-06,7.39e-06,7.53e-06,94615129.00,1742500799999,713.18636930,68,33792427.00,255.99506272,0
2025-03-20 20:00:00,7.53e-06,7.7e-06,7.53e-06,7.57e-06,448307014.00,1742515199999,3397.76099756,33,74455531.00,563.91630915,0
2025-03-21 00:00:00,7.6e-06,7.86e-06,7.6e-06,7.64e-06,78200701.00,1742529599999,605.18594772,79,58244586.00,452.09416026,0
2025-03-21 04:00:00,7.63e-06,7.63e-06,7.37e-06,7.42e-06,74528211.00,1742543999999,556.99441616,40,4803495.00,36.08938279,0
2025-03-21 08:00:00,7.44e-06,7.5e-06,7.23e-06,7.24e-06,89248859.00,1742558399999,658.28875421,34,35708243.00,267.42630438,0
2025-03-21 12:00:00,7.24e-06,7.27e-06,7.17e-06,7.17e-06,77108654.00,1742572799999,558.36920738,25,42739131.00,310.23968298,0
2025-03-21 16:00:00,7.22e-06,7.31e-06,7.19e-06,7.27e-06,256102269.00,1742587199999,1864.77527775,27,215365478.00,1569.99102696,0
2025-03-21 20:00:00,7.26e-06,7.35e-06,7.19e-06,7.19e-06,1217896022.00,1742601599999,8816.17188433,27,96013638.00,700.06487844,0
2025-03-22 00:00:00,7.2e-06,7.33e-06,7.2e-06,7.33e-06,15170504.00,1742615999999,111.08809564,9,15020385.00,110.00723884,0
2025-03-22 04:00:00,7.27e-06,7.38e-06,7.27e-06,7.35e-06,181384868.00,1742630399999,1320.76324941,12,14191379.00,104.55044589,0
2025-03-22 08:00:00,7.31e-06,7.36e-06,7.31e-06,7.31e-06,19856811.00,1742644799999,145.61948521,12,12776071.00,93.85927581,0
2025-03-22 12:00:00,7.3e-06,7.3e-06,7.15e-06,7.16e-06,214163625.00,1742659199999,1544.94024790,20,2446265.00,17.67803248,0
2025-03-22 16:00:00,7.22e-06,7.32e-06,7.22e-06,7.24e-06,33521597.00,1742673599999,243.93626694,15,26485710.00,193.00497822,0
2025-03-22 20:00:00,7.22e-06,7.22e-06,7.04e-06,7.04e-06,264408013.00,1742687999999,1896.91518293,27,220307468.00,1584.02220145,0
2025-03-23 00:00:00,7.08e-06,7.33e-06,7.01e-06,7.3e-06,76473370.00,1742702399999,554.17652780,37,61974837.00,450.49929121,0
2025-03-23 04:00:00,7.3e-06,7.3e-06,7.23e-06,7.23e-06,330365851.00,1742716799999,2389.25268091,16,14783683.00,107.19312062,0
2025-03-23 08:00:00,7.22e-06,7.38e-06,7.17e-06,7.38e-06,11465117.00,1742731199999,83.08199888,15,4635212.00,33.95602991,0
2025-03-23 12:00:00,7.24e-06,7.3e-06,7.24e-06,7.29e-06,27019352.00,1742745599999,196.37813501,5,12145479.00,88.54460576,0
2025-03-23 16:00:00,7.24e-06,7.27e-06,7.17e-06,7.18e-06,16263121.00,1742759999999,117.39319646,10,11311729.00,81.69970441,0
2025-03-23 20:00:00,7.17e-06,7.29e-06,7.16e-06,7.29e-06,20341708.00,1742774399999,146.65045209,8,10486312.00,76.07942422,0
2025-03-24 00:00:00,7.33e-06,7.4e-06,7.21e-06,7.38e-06,27576058.00,1742788799999,202.23798185,21,17666539.00,130.28831427,0
2025-03-24 04:00:00,7.42e-06,7.65e-06,7.42e-06,7.57e-06,275344170.00,1742803199999,2090.88797211,47,262426729.00,1994.00171633,0
2025-03-24 08:00:00,7.6e-06,7.62e-06,7.55e-06,7.62e-06,2976014.00,1742817599999,22.53871720,3,1134450.00,8.63490900,0
2025-03-24 12:00:00,7.62e-06,7.93e-06,7.55e-06,7.93e-06,335290956.00,1742831999999,2597.20045274,49,282431802.00,2189.76988126,0
2025-03-24 16:00:00,7.96e-06,8.16e-06,7.87e-06,8.05e-06,1166362267.00,1742846399999,9341.46368376,51,866787346.00,6965.74331096,0
2025-03-24 20:00:00,8.03e-06,8.13e-06,7.88e-06,7.94e-06,1302557041.00,1742860799999,10354.80491471,34,1185598608.00,9414.26315567,0
2025-03-25 00:00:00,8.01e-06,8.08e-06,7.86e-06,7.86e-06,328282463.00,1742875199999,2615.56297325,23,209684370.00,1675.83343028,0
2025-03-25 04:00:00,7.86e-06,8.02e-06,7.86e-06,7.96e-06,23929527.00,1742889599999,190.51992452,8,19401370.00,154.92861050,0
2025-03-25 08:00:00,7.94e-06,7.95e-06,7.9e-06,7.92e-06,116592681.00,1742903999999,924.38813802,5,65189083.00,517.92558368,0
2025-03-25 12:00:00,7.89e-06,8.1e-06,7.89e-06,8.05e-06,2901536003.00,1742918399999,22926.87744198,21,2896764781.00,22889.03240348,0
2025-03-25 16:00:00,7.99e-06,8.11e-06,7.94e-06,8.1e-06,132594251.00,1742932799999,1061.10740085,54,120355983.00,963.42047886,0
2025-03-25 20:00:00,8.12e-06,8.23e-06,7.98e-06,8.05e-06,610113471.00,1742947199999,4938.33224561,61,594377247.00,4811.04996477,0
2025-03-26 00:00:00,7.97e-06,8.12e-06,7.97e-06,8.03e-06,45624204.00,1742961599999,367.50595074,12,28103927.00,227.19492163,0
2025-03-26 04:00:00,8.14e-06,8.74e-06,8.14e-06,8.69e-06,239691237.00,1742975999999,2020.14920018,120,172999709.00,1455.03899094,0
2025-03-26 08:00:00,8.75e-06,9.24e-06,8.66e-06,9.08e-06,440145505.00,1742990399999,3947.68340667,102,384641060.00,3453.80218264,0
2025-03-26 12:00:00,9.01e-06,9.1e-06,8.57e-06,8.65e-06,624990183.00,1743004799999,5568.76694866,88,300345133.00,2721.57264570,0
2025-03-26 16:00:00,8.69e-06,8.82e-06,8.43e-06,8.57e-06,527215453.00,1743019199999,4551.66596982,100,354204243.00,3083.78161420,0
2025-03-26 20:00:00,8.58e-06,8.66e-06,8.43e-06,8.49e-06,134652463.00,1743033599999,1148.62502711,59,86859971.00,741.08147461,0
2025-03-27 00:00:00,8.52e-06,8.67e-06,8.46e-06,8.67e-06,566295416.00,1743047999999,4871.29509998,48,488677844.00,4208.86582091,0
2025-03-27 04:00:00,8.67e-06,8.67e-06,8.43e-06,8.57e-06,116517386.00,1743062399999,992.22106176,35,30395098.00,261.34691425,0
2025-03-27 08:00:00,8.56e-06,8.63e-06,8.33e-06,8.33e-06,57595943.00,1743076799999,488.95667250,32,18102744.00,155.82292656,0
2025-03-27 12:00:00,8.31e-06,8.57e-06,8.23e-06,8.49e-06,124951662.00,1743091199999,1050.92101118,47,76015823.00,645.73185958,0
2025-03-27 16:00:00,8.46e-06,8.57e-06,8.43e-06,8.57e-06,47376667.00,1743105599999,403.54032321,43,39921805.00,340.47461568,0
2025-03-27 20:00:00,8.44e-06,8.61e-06,8.4e-06,8.4e-06,49511348.00,1743119999999,419.29099109,28,5233452.00,44.84863734,0
2025-03-28 00:00:00,8.4e-06,8.49e-06,8.28e-06,8.28e-06,141005532.00,1743134399999,1181.79037580,38,38812834.00,327.62853192,0
2025-03-28 04:00:00,8.27e-06,8.27e-06,7.91e-06,7.91e-06,126552845.00,1743148799999,1016.09396502,49,3097893.00,24.99999651,0
2025-03-28 08:00:00,7.9e-06,7.9e-06,7.76e-06,7.77e-06,373903133.00,1743163199999,2917.89455196,54,103840301.00,809.18256032,0
2025-03-28 12:00:00,7.8e-06,7.8e-06,7.66e-06,7.67e-06,174486413.00,1743177599999,1347.67415252,24,2411364.00,18.68807100,0
2025-03-28 16:00:00,7.75e-06,7.79e-06,7.73e-06,7.73e-06,448496548.00,1743191999999,3483.52667920,14,293259522.00,2279.28531090,0
2025-03-28 20:00:00,7.69e-06,7.78e-06,7.62e-06,7.77e-06,40631011.00,1743206399999,313.18972557,15,13210001.00,102.09300821,0
2025-03-29 00:00:00,7.82e-06,7.86e-06,7.62e-06,7.82e-06,47792884.00,1743220799999,371.02019515,30,34143977.00,266.16871076,0
2025-03-29 04:00:00,7.74e-06,7.77e-06,7.55e-06,7.56e-06,21796290.00,1743235199999,166.50594503,19,2881479.00,22.09101134,0
2025-03-29 08:00:00,7.54e-06,7.55e-06,7.28e-06,7.28e-06,55933193.00,1743249599999,416.16327299,25,0.00,0.00000000,0
2025-03-29 12:00:00,7.38e-06,7.49e-06,7.3e-06,7.3e-06,60290834.00,1743263999999,445.01294080,17,31080993.00,229.82887072,0
2025-03-29 16:00:00,7.29e-06,7.29e-06,7.14e-06,7.15e-06,116148775.00,1743278399999,837.04187516,27,11317813.00,81.63747504,0
2025-03-29 20:00:00,7.14e-06,7.2e-06,7.03e-06,7.2e-06,527521993.00,1743292799999,3740.05249351,21,4865876.00,34.92601262,0
2025-03-30 00:00:00,7.22e-06,7.31e-06,7.22e-06,7.31e-06,30919520.00,1743307199999,224.31772533,10,30919520.00,224.31772533,0
2025-03-30 04:00:00,7.28e-06,7.28e-06,7.18e-06,7.18e-06,49541093.00,1743321599999,359.94258275,6,45633456.00,331.84021113,0
2025-03-30 08:00:00,7.25e-06,7.25e-06,7.05e-06,7.05e-06,55371865.00,1743335999999,393.10301037,12,4773573.00,34.60840425,0
2025-03-30 12:00:00,7.11e-06,7.11e-06,6.96e-06,7.08e-06,108854162.00,1743350399999,761.40494893,14,4795660.00,33.76633116,0
2025-03-30 16:00:00,6.97e-06,7.11e-06,6.89e-06,7.11e-06,246227901.00,1743364799999,1721.61601140,22,213570855.00,1495.43059249,0
2025-03-30 20:00:00,7.1e-06,7.1e-06,6.79e-06,6.93e-06,1869871477.00,1743379199999,13087.48462737,28,33003425.00,232.12284860,0
2025-03-31 00:00:00,6.97e-06,7.08e-06,6.78e-06,6.92e-06,883880722.00,1743393599999,6216.02273023,42,671971272.00,4719.33301205,0
2025-03-31 04:00:00,6.89e-06,7.08e-06,6.87e-06,6.97e-06,39604806.00,1743407999999,274.64319216,16,13481292.00,94.74731884,0
2025-03-31 08:00:00,7.06e-06,7.06e-06,6.84e-06,7.04e-06,30483542.00,1743422399999,211.55646116,18,11676407.00,81.76098511,0
2025-03-31 12:00:00,7.06e-06,7.27e-06,6.94e-06,7.25e-06,671035411.00,1743436799999,4794.62329600,44,536479471.00,3823.10409743,0
2025-03-31 16:00:00,7.29e-06,7.31e-06,7e-06,7.02e-06,505459851.00,1743451199999,3607.06985076,118,419741445.00,2997.50209128,0
2025-03-31 20:00:00,7.15e-06,7.22e-06,7.08e-06,7.22e-06,59282972.00,1743465599999,425.44069870,10,31745036.00,229.01293018,0
2025-04-01 00:00:00,7.22e-06,7.42e-06,7.22e-06,7.3e-06,1877526734.00,1743479999999,13868.39703235,36,1859908288.00,13740.74540644,0
2025-04-01 04:00:00,7.3e-06,7.41e-06,7.29e-06,7.36e-06,14752838.00,1743494399999,108.50558449,6,13109609.00,96.51322150,0
2025-04-01 08:00:00,7.38e-06,7.72e-06,7.38e-06,7.54e-06,1303243985.00,1743508799999,9832.88706572,58,1266073511.00,9550.54194733,0
2025-04-01 12:00:00,7.59e-06,7.84e-06,7.41e-06,7.84e-06,116362721.00,1743523199999,892.67293791,63,95087966.00,734.01749780,0
2025-04-01 16:00:00,7.75e-06,7.81e-06,7.65e-06,7.65e-06,1513763297.00,1743537599999,11648.35883736,20,1323977717.00,10183.10080534,0
2025-04-01 20:00:00,7.64e-06,7.75e-06,7.54e-06,7.74e-06,958866716.00,1743551999999,7322.89472129,41,84609238.00,648.60035395,0
2025-04-02 00:00:00,7.73e-06,7.73e-06,7.44e-06,7.58e-06,307109472.00,1743566399999,2342.26591229,44,254133495.00,1941.18246082,0
2025-04-02 04:00:00,7.53e-06,7.53e-06,7.25e-06,7.37e-06,170698442.00,1743580799999,1257.87527663,60,45831979.00,339.06883382,0
2025-04-02 08:00:00,7.42e-06,7.51e-06,7.37e-06,7.37e-06,76524618.00,1743595199999,571.20747656,17,51278526.00,383.38071386,0
2025-04-02 12:00:00,7.33e-06,7.94e-06,7.3e-06,7.82e-06,965316298.00,1743609599999,7373.85846514,70,731478203.00,5641.79171107,0
2025-04-02 16:00:00,7.82e-06,7.85e-06,7.55e-06,7.71e-06,65159058.00,1743623999999,500.74903093,37,17635871.00,135.85924113,0
2025-04-02 20:00:00,7.62e-06,8.03e-06,6.92e-06,7.1e-06,1058854441.00,1743638399999,7933.94354775,188,280524362.00,2130.70972631,0
2025-04-03 00:00:00,7.1e-06,7.23e-06,7.08e-06,7.22e-06,1337424000.00,1743652799999,9536.71269325,24,499341268.00,3573.83205066,0
2025-04-03 04:00:00,7.18e-06,7.28e-06,7.18e-06,7.18e-06,503324881.00,1743667199999,3636.99599352,15,240272612.00,1726.01584385,0
2025-04-03 08:00:00,7.21e-06,7.22e-06,6.8e-06,6.82e-06,371566309.00,1743681599999,2549.83940663,40,236732019.00,1613.70423991,0
2025-04-03 12:00:00,6.81e-06,6.81e-06,6.4e-06,6.6e-06,719024800.00,1743695999999,4736.36567890,66,104835555.00,692.28394129,0
2025-04-03 16:00:00,6.61e-06,6.62e-06,6.5e-06,6.59e-06,329527358.00,1743710399999,2159.50445162,19,75560948.00,496.75440379,0
2025-04-03 20:00:00,6.63e-06,6.71e-06,6.62e-06,6.71e-06,325494726.00,1743724799999,2171.71304129,22,16280079.00,108.76420402,0
2025-04-04 00:00:00,6.72e-06,6.82e-06,6.62e-06,6.73e-06,52789131.00,1743739199999,354.27369250,22,33451906.00,225.63185726,0
2025-04-04 04:00:00,6.76e-06,7.07e-06,6.72e-06,7.07e-06,53578019.00,1743753599999,370.02881665,33,45378402.00,313.28289765,0
2025-04-04 08:00:00,7.08e-06,7.11e-06,6.68e-06,6.83e-06,348884689.00,1743767999999,2403.83688813,35,81417743.00,563.94879374,0
2025-04-04 12:00:00,6.82e-06,7.18e-06,6.82e-06,7.15e-06,700749531.00,1743782399999,4894.17866267,66,375568303.00,2655.56342941,0
2025-04-04 16:00:00,7.05e-06,7.24e-06,7.05e-06,7.08e-06,300149644.00,1743796799999,2156.93590922,24,265724361.00,1913.48999966,0
2025-04-04 20:00:00,7.05e-06,7.24e-06,7.05e-06,7.2e-06,227021618.00,1743811199999,1603.31343677,13,224499835.00,1585.26197053,0
2025-04-05 00:00:00,7.27e-06,7.35e-06,7.22e-06,7.22e-06,222901765.00,1743825599999,1626.64178106,27,198513664.00,1449.20599877,0
2025-04-05 04:00:00,7.27e-06,7.28e-06,7.19e-06,7.25e-06,81818840.00,1743839999999,593.26382911,12,67774160.00,492.21102418,0
2025-04-05 08:00:00,7.24e-06,7.24e-06,7.14e-06,7.14e-06,29052330.00,1743854399999,208.89158328,9,10549723.00,76.37999452,0
2025-04-05 12:00:00,7.11e-06,7.11e-06,6.95e-06,6.95e-06,107167092.00,1743868799999,749.81958643,27,21008176.00,148.21433039,0
2025-04-05 16:00:00,6.99e-06,7.08e-06,6.98e-06,6.98e-06,8978623.00,1743883199999,62.96675681,7,5467241.00,38.43174135,0
2025-04-05 20:00:00,7e-06,7.04e-06,7e-06,7.04e-06,2570817.00,1743897599999,18.07571900,3,2570817.00,18.07571900,0
2025-04-06 00:00:00,7.01e-06,7.08e-06,6.97e-06,6.97e-06,21310290.00,1743911999999,150.06947222,8,12397047.00,87.44950287,0
2025-04-06 04:00:00,7.06e-06,7.06e-06,7.06e-06,7.06e-06,726395.00,1743926399999,5.12834870,1,726395.00,5.12834870,0
2025-04-06 08:00:00,6.97e-06,7.03e-06,6.95e-06,7.03e-06,84831060.00,1743940799999,593.76698773,8,2121131.00,14.86475445,0
2025-04-06 12:00:00,6.92e-06,6.92e-06,6.74e-06,6.87e-06,1517852860.00,1743955199999,10374.55274923,74,307525618.00,2113.95870980,0
2025-04-06 16:00:00,6.85e-06,6.85e-06,6.36e-06,6.36e-06,211315453.00,1743969599999,1371.64106346,76,12498304.00,82.38600540,0
2025-04-06 20:00:00,6.34e-06,6.38e-06,6.2e-06,6.34e-06,284532892.00,1743983999999,1789.52708524,31,83683452.00,530.67012109,0
2025-04-07 00:00:00,6.35e-06,6.49e-06,6.02e-06,6.11e-06,253535461.00,1743998399999,1608.59977276,61,182172986.00,1162.17959463,0
2025-04-07 04:00:00,6.16e-06,6.23e-06,5.76e-06,5.89e-06,2875479103.00,1744012799999,17294.16606086,78,150763631.00,923.98112795,0
2025-04-07 08:00:00,5.89e-06,6.16e-06,5.88e-06,5.99e-06,237768522.00,1744027199999,1447.86461974,36,199004474.00,1214.81204511,0
2025-04-07 12:00:00,6.03e-06,6.75e-06,6.02e-06,6.49e-06,817213674.00,1744041599999,5306.46660439,107,679415522.00,4428.91314329,0
2025-04-07 16:00:00,6.38e-06,6.54e-06,6.33e-06,6.46e-06,45763504.00,1744055999999,295.84893152,13,10707373.00,69.47003106,0
2025-04-07 20:00:00,6.55e-06,6.61e-06,6.43e-06,6.43e-06,704994831.00,1744070399999,4584.98877037,51,422473215.00,2735.43708477,0
2025-04-08 00:00:00,6.43e-06,6.61e-06,6.37e-06,6.47e-06,541200228.00,1744084799999,3509.57026716,43,13118862.00,85.88721134,0
2025-04-08 04:00:00,6.46e-06,6.48e-06,6.27e-06,6.28e-06,46044580.00,1744099199999,295.22985303,16,23839740.00,154.40213396,0
2025-04-08 08:00:00,6.26e-06,6.39e-06,6.21e-06,6.39e-06,277560116.00,1744113599999,1736.81638682,24,21301868.00,133.78960177,0
2025-04-08 12:00:00,6.37e-06,6.37e-06,6.13e-06,6.2e-06,299504467.00,1744127999999,1863.61617703,47,28999580.00,182.66528344,0
2025-04-08 16:00:00,6.2e-06,6.2e-06,5.97e-06,6.03e-06,435020623.00,1744142399999,2643.21380426,36,385922628.00,2344.07466621,0
2025-04-08 20:00:00,6.07e-06,6.07e-06,5.94e-06,5.98e-06,31503471.00,1744156799999,189.00726511,18,11294839.00,68.22313444,0
2025-04-09 00:00:00,6.07e-06,6.1e-06,5.83e-06,5.97e-06,1000532095.00,1744171199999,5922.74887693,59,142080451.00,841.66010297,0
2025-04-09 04:00:00,6.06e-06,6.3e-06,6.06e-06,6.3e-06,305186155.00,1744185599999,1889.95565539,38,33975875.00,210.83277114,0
2025-04-09 08:00:00,6.31e-06,6.4e-06,6.26e-06,6.33e-06,65301122.00,1744199999999,412.77524946,18,47635823.00,301.16681536,0
2025-04-09 12:00:00,6.34e-06,6.47e-06,6.34e-06,6.41e-06,4718632556.00,1744214399999,30252.06174099,123,2239390160.00,14346.65328999,0
2025-04-09 16:00:00,6.42e-06,7.13e-06,6.42e-06,6.92e-06,2628263615.00,1744228799999,18162.13114286,147,2123635519.00,14634.42919351,0
2025-04-09 20:00:00,6.92e-06,7.04e-06,6.92e-06,6.97e-06,189982741.00,1744243199999,1324.90424647,11,184275435.00,1285.32446171,0
2025-04-10 00:00:00,6.93e-06,6.93e-06,6.67e-06,6.72e-06,306861173.00,1744257599999,2090.08576240,39,83077665.00,563.51284095,0
2025-04-10 04:00:00,6.73e-06,6.8e-06,6.68e-06,6.7e-06,219664007.00,1744271999999,1478.38847820,11,198305398.00,1334.68059928,0
2025-04-10 08:00:00,6.74e-06,6.74e-06,6.7e-06,6.73e-06,46846858.00,1744286399999,315.44639118,3,7786652.00,52.18060274,0
2025-04-10 12:00:00,6.79e-06,6.88e-06,6.51e-06,6.57e-06,1948239921.00,1744300799999,12918.31986870,266,98565235.00,664.44130946,0
2025-04-10 16:00:00,6.6e-06,6.64e-06,6.52e-06,6.6e-06,718598005.00,1744315199999,4724.19508165,44,158480751.00,1044.57533856,0
2025-04-10 20:00:00,6.63e-06,6.74e-06,6.62e-06,6.74e-06,2242505396.00,1744329599999,14875.53070272,22,12727578.00,85.20612383,0
2025-04-11 00:00:00,6.65e-06,6.83e-06,6.65e-06,6.81e-06,28035905.00,1744343999999,190.66818165,13,26806626.00,182.40657614,0
2025-04-11 04:00:00,6.77e-06,6.82e-06,6.76e-06,6.81e-06,84434822.00,1744358399999,575.56724456,6,80362251.00,547.94929389,0
2025-04-11 08:00:00,6.84e-06,6.94e-06,6.79e-06,6.83e-06,64615151.00,1744372799999,442.41148509,17,46933931.00,321.99236903,0
2025-04-11 12:00:00,6.83e-06,6.88e-06,6.83e-06,6.88e-06,590197925.00,1744387199999,4031.18762407,5,74533425.00,509.19908907,0
2025-04-11 16:00:00,6.86e-06,6.99e-06,6.86e-06,6.93e-06,48657228.00,1744401599999,337.10653208,16,33547256.00,231.95178120,0
2025-04-11 20:00:00,6.92e-06,7.02e-06,6.91e-06,6.91e-06,188659607.00,1744415999999,1313.44126044,22,29377381.00,205.09162172,0
2025-04-12 00:00:00,6.94e-06,6.94e-06,6.84e-06,6.84e-06,24494299.00,1744430399999,168.77640122,17,2291384.00,15.77927228,0
2025-04-12 04:00:00,6.89e-06,7.09e-06,6.89e-06,7.09e-06,113653081.00,1744444799999,797.54605083,28,78657339.00,552.65797324,0
2025-04-12 08:00:00,7.09e-06,7.15e-06,6.97e-06,6.97e-06,2159808078.00,1744459199999,15314.75657984,31,2068974838.00,14674.16631596,0
2025-04-12 12:00:00,7.06e-06,7.29e-06,7.06e-06,7.2e-06,284151344.00,1744473599999,2055.83333595,33,82268087.00,592.59123576,0
2025-04-12 16:00:00,7.27e-06,7.55e-06,7.27e-06,7.39e-06,1175192878.00,1744487999999,8794.75925543,82,921350426.00,6909.62973067,0
2025-04-12 20:00:00,7.4e-06,7.5e-06,7.38e-06,7.46e-06,1088477991.00,1744502399999,8079.27607655,22,234162741.00,1739.44473225,0
2025-04-13 00:00:00,7.38e-06,7.54e-06,7.33e-06,7.34e-06,177290121.00,1744516799999,1302.94707395,28,11528472.00,86.40106649,0
2025-04-13 04:00:00,7.34e-06,7.34e-06,7.27e-06,7.27e-06,25329363.00,1744531199999,184.69173546,12,4801475.00,34.90947051,0
2025-04-13 08:00:00,7.28e-06,7.37e-06,7.26e-06,7.37e-06,24415403.00,1744545599999,177.77909631,7,14367112.00,104.62460933,0
2025-04-13 12:00:00,7.25e-06,7.25e-06,7.13e-06,7.15e-06,35869860.00,1744559999999,258.09265704,22,2043304.00,14.75164536,0
2025-04-13 16:00:00,7.23e-06,7.74e-06,7.23e-06,7.3e-06,469190328.00,1744574399999,3538.12809184,150,395311106.00,2986.71210293,0
2025-04-13 20:00:00,7.37e-06,7.49e-06,7.14e-06,7.28e-06,264257213.00,1744588799999,1924.40303513,71,57155798.00,417.86167751,0
2025-04-14 00:00:00,7.29e-06,7.69e-06,7.29e-06,7.56e-06,539704616.00,1744603199999,4054.23304744,82,412375146.00,3083.91683438,0
2025-04-14 04:00:00,7.53e-06,7.65e-06,7.37e-06,7.37e-06,50188324.00,1744617599999,376.13279141,33,11410317.00,86.85057972,0
2025-04-14 08:00:00,7.46e-06,7.67e-06,7.35e-06,7.59e-06,90616324.00,1744631999999,682.23428252,40,48586363.00,367.08012663,0
2025-04-14 12:00:00,7.59e-06,7.69e-06,7.32e-06,7.32e-06,326897847.00,1744646399999,2456.94930688,75,44671308.00,340.37642482,0
2025-04-14 16:00:00,7.36e-06,7.46e-06,7.3e-06,7.46e-06,105004347.00,1744660799999,780.46429405,17,95374203.00,709.67350791,0
2025-04-14 20:00:00,7.38e-06,7.42e-06,7.27e-06,7.35e-06,172173697.00,1744675199999,1261.55632180,27,75031877.00,548.80873771,0
2025-04-15 00:00:00,7.3e-06,7.4e-06,7.25e-06,7.38e-06,492005161.00,1744689599999,3595.65775837,36,19469410.00,143.31622784,0
2025-04-15 04:00:00,7.4e-06,7.49e-06,7.31e-06,7.45e-06,570257815.00,1744703999999,4224.24084210,49,212840916.00,1558.96052204,0
2025-04-15 08:00:00,7.41e-06,7.46e-06,7.28e-06,7.3e-06,76237375.00,1744718399999,559.88059943,30,18506251.00,135.92747137,0
2025-04-15 12:00:00,7.33e-06,7.46e-06,7.08e-06,7.08e-06,1751386185.00,1744732799999,12511.01735334,90,23950007.00,176.26477001,0
2025-04-15 16:00:00,7.12e-06,7.18e-06,6.97e-06,7e-06,181321798.00,1744747199999,1274.15146302,30,128842413.00,906.51534361,0
2025-04-15 20:00:00,6.96e-06,7.01e-06,6.91e-06,6.99e-06,238276348.00,1744761599999,1663.65542783,24,8933998.00,62.35681332,0
2025-04-16 00:00:00,6.99e-06,7.18e-06,6.99e-06,7.06e-06,822419048.00,1744775999999,5811.72526381,37,616775250.00,4351.21118181,0
2025-04-16 04:00:00,7.05e-06,7.08e-06,7e-06,7.04e-06,21288798.00,1744790399999,149.73411175,20,8618312.00,60.80806522,0
2025-04-16 08:00:00,7.03e-06,7.13e-06,7.02e-06,7.12e-06,217732570.00,1744804799999,1549.35371631,26,193970382.00,1381.01956341,0
2025-04-16 12:00:00,7.15e-06,7.27e-06,7.09e-06,7.17e-06,864205214.00,1744819199999,6180.56330582,61,474800789.00,3386.31789147,0
2025-04-16 16:00:00,7.14e-06,7.28e-06,6.95e-06,7.24e-06,420511949.00,1744833599999,3007.76301847,114,251960221.00,1817.10145470,0
2025-04-16 20:00:00,7.25e-06,7.3e-06,7.13e-06,7.13e-06,671174610.00,1744847999999,4859.55513771,51,282752595.00,2054.75067654,0
2025-04-17 00:00:00,7.13e-06,7.14e-06,7.08e-06,7.08e-06,192839259.00,1744862399999,1372.81984871,12,182709682.00,1300.89482281,0
2025-04-17 04:00:00,7.11e-06,7.37e-06,7.11e-06,7.35e-06,1603278442.00,1744876799999,11810.93696889,54,1597453048.00,11768.43786423,0
2025-04-17 08:00:00,7.32e-06,7.38e-06,7.23e-06,7.3e-06,15216318.00,1744891199999,110.64058806,21,1745283.00,12.73844138,0
2025-04-17 12:00:00,7.27e-06,7.29e-06,7.07e-06,7.2e-06,71948569.00,1744905599999,515.04172529,47,5156826.00,36.92513351,0
2025-04-17 16:00:00,7.21e-06,7.42e-06,7.21e-06,7.21e-06,1194508912.00,1744919999999,8784.26924566,69,611144788.00,4498.65167205,0
2025-04-17 20:00:00,7.25e-06,7.34e-06,7.2e-06,7.22e-06,247569175.00,1744934399999,1804.43175666,27,14060137.00,102.59339524,0
2025-04-18 00:00:00,7.26e-06,7.26e-06,7.01e-06,7.01e-06,1769728207.00,1744948799999,12576.86289792,54,143286936.00,1029.09164356,0
2025-04-18 04:00:00,7.05e-06,7.15e-06,7.02e-06,7.15e-06,266746780.00,1744963199999,1884.97477464,17,136712951.00,968.23174140,0
2025-04-18 08:00:00,7.17e-06,7.27e-06,7.11e-06,7.13e-06,42258328.00,1744977599999,303.90765014,29,21208960.00,153.37830714,0
2025-04-18 12:00:00,7.17e-06,7.17e-06,7.17e-06,7.17e-06,20527160.00,1744991999999,147.17973720,2,647353.00,4.64152101,0
2025-04-18 16:00:00,7.21e-06,7.27e-06,7.19e-06,7.27e-06,19803143.00,1745006399999,143.49634996,18,19662496.00,142.48509803,0
2025-04-18 20:00:00,7.26e-06,7.33e-06,7.26e-06,7.33e-06,8046704.00,1745020799999,58.77637833,7,5574175.00,40.70219134,0
2025-04-19 00:00:00,7.33e-06,7.38e-06,7.3e-06,7.34e-06,176881424.00,1745035199999,1296.90627621,24,122414826.00,899.27499281,0
2025-04-19 04:00:00,7.33e-06,7.33e-06,7.25e-06,7.25e-06,10999777.00,1745049599999,80.23049882,10,5256123.00,38.40173582,0
2025-04-19 08:00:00,7.29e-06,7.3e-06,7.18e-06,7.18e-06,58329887.00,1745063999999,421.94424635,26,11534986.00,83.74552867,0
2025-04-19 12:00:00,7.19e-06,7.34e-06,7.18e-06,7.3e-06,987760757.00,1745078399999,7105.69367275,23,299766133.00,2157.11571245,0
2025-04-19 16:00:00,7.34e-06,7.38e-06,7.32e-06,7.33e-06,713061035.00,1745092799999,5223.97435368,22,294180867.00,2156.93815741,0
2025-04-19 20:00:00,7.38e-06,7.59e-06,7.37e-06,7.48e-06,2753074138.00,1745107199999,20638.51097428,86,2081828623.00,15613.40077823,0
2025-04-20 00:00:00,7.48e-06,7.55e-06,7.48e-06,7.55e-06,95033440.00,1745121599999,711.00352472,7,820535.00,6.15989844,0
2025-04-20 04:00:00,7.52e-06,7.53e-06,7.47e-06,7.52e-06,242283774.00,1745135999999,1819.97347318,7,144225212.00,1084.61348785,0
2025-04-20 08:00:00,7.47e-06,7.47e-06,7.27e-06,7.27e-06,141085777.00,1745150399999,1042.36474340,30,671980.00,4.91102928,0
2025-04-20 12:00:00,7.34e-06,7.49e-06,7.34e-06,7.49e-06,96939791.00,1745164799999,717.93075542,25,53886343.00,399.06585979,0
2025-04-20 16:00:00,7.5e-06,7.67e-06,7.5e-06,7.58e-06,1421569716.00,1745179199999,10716.27906219,50,106701739.00,810.45188204,0
2025-04-20 20:00:00,7.58e-06,7.6e-06,7.48e-06,7.51e-06,6771329.00,1745193599999,50.80020674,15,1639159.00,12.35129118,0
2025-04-21 00:00:00,7.54e-06,7.83e-06,7.54e-06,7.76e-06,2528921122.00,1745207999999,19600.70476977,72,1960013168.00,15215.31341679,0
2025-04-21 04:00:00,7.79e-06,7.93e-06,7.79e-06,7.85e-06,52447423.00,1745222399999,412.24404745,40,28040845.00,220.61014923,0
2025-04-21 08:00:00,7.84e-06,7.88e-06,7.81e-06,7.83e-06,137626170.00,1745236799999,1077.96752180,10,5361890.00,42.23398840,0
2025-04-21 12:00:00,7.85e-06,8.02e-06,7.85e-06,7.85e-06,3524867408.00,1745251199999,27800.38905993,71,1703815366.00,13465.19936725,0
2025-04-21 16:00:00,7.89e-06,7.9e-06,7.69e-06,7.83e-06,669622616.00,1745265599999,5194.29328242,54,57457484.00,449.97824679,0
2025-04-21 20:00:00,7.79e-06,7.8e-06,7.69e-06,7.75e-06,154121145.00,1745279999999,1196.97664913,29,78838380.00,613.35505869,0
2025-04-22 00:00:00,7.72e-06,8.1e-06,7.62e-06,8.02e-06,4949707495.00,1745294399999,39495.63527983,144,2377343864.00,19016.51573161,0
2025-04-22 04:00:00,7.97e-06,8.09e-06,7.83e-06,8.07e-06,701444637.00,1745308799999,5550.81650594,95,271965277.00,2163.87134735,0
2025-04-22 08:00:00,8.1e-06,8.18e-06,8.06e-06,8.18e-06,144365719.00,1745323199999,1169.66034838,36,77863934.00,632.12609111,0
2025-04-22 12:00:00,8.14e-06,9.24e-06,8.12e-06,8.38e-06,14437058049.00,1745337599999,120319.78732924,558,6349714106.00,53016.40645036,0
2025-04-22 16:00:00,8.45e-06,8.48e-06,8.35e-06,8.42e-06,206704773.00,1745351999999,1736.96114746,34,43304156.00,366.49964663,0
2025-04-22 20:00:00,8.43e-06,8.86e-06,8.43e-06,8.81e-06,4309128054.00,1745366399999,37536.70846146,142,1804797783.00,15811.46814733,0
2025-04-23 00:00:00,8.82e-06,9.26e-06,8.82e-06,9.18e-06,8567707906.00,1745380799999,77126.74092866,269,4520820742.00,40682.84676775,0
2025-04-23 04:00:00,9.17e-06,9.17e-06,9.03e-06,9.03e-06,5935032634.00,1745395199999,54288.30104322,63,5688613250.00,52030.83713870,0
2025-04-23 08:00:00,9.09e-06,9.29e-06,9.07e-06,9.12e-06,3660829693.00,1745409599999,33725.54843868,112,1499603840.00,13859.13459194,0
2025-04-23 12:00:00,9.17e-06,9.25e-06,8.68e-06,8.84e-06,808520509.00,1745423999999,7249.42947265,137,82052093.00,735.13784127,0
2025-04-23 16:00:00,8.78e-06,9.01e-06,8.7e-06,8.81e-06,680013434.00,1745438399999,6016.88415746,81,584175985.00,5166.13806049,0
2025-04-23 20:00:00,8.85e-06,8.89e-06,8.77e-06,8.85e-06,1048973217.00,1745452799999,9264.44900027,68,593541742.00,5251.72098168,0
2025-04-24 00:00:00,8.85e-06,8.86e-06,8.46e-06,8.46e-06,586426017.00,1745467199999,5097.45026662,93,107056949.00,944.20677177,0
2025-04-24 04:00:00,8.52e-06,8.61e-06,8.48e-06,8.48e-06,72874901.00,1745481599999,622.38612037,20,37913519.00,325.01260976,0
2025-04-24 08:00:00,8.53e-06,8.54e-06,8.34e-06,8.51e-06,244956280.00,1745495999999,2068.02016796,56,102860337.00,871.04281600,0
2025-04-24 12:00:00,8.52e-06,8.73e-06,8.52e-06,8.65e-06,551853449.00,1745510399999,4769.25959814,42,199135497.00,1715.01629543,0
2025-04-24 16:00:00,8.67e-06,8.73e-06,8.5e-06,8.62e-06,147981007.00,1745524799999,1279.22862691,59,73545952.00,637.04628464,0
2025-04-24 20:00:00,8.68e-06,8.77e-06,8.53e-06,8.75e-06,112303297.00,1745539199999,975.24409985,52,84336279.00,733.63197940,0
2025-04-25 00:00:00,8.76e-06,8.89e-06,8.58e-06,8.64e-06,305916140.00,1745553599999,2682.13558209,61,268775830.00,2358.76574933,0
2025-04-25 04:00:00,8.69e-06,8.85e-06,8.69e-06,8.81e-06,826594194.00,1745567999999,7281.07120954,35,41471895.00,364.01891442,0
2025-04-25 08:00:00,8.78e-06,9e-06,8.78e-06,8.92e-06,201221601.00,1745582399999,1795.35303541,45,158239380.00,1414.25461253,0
2025-04-25 12:00:00,8.89e-06,9.02e-06,8.68e-06,8.84e-06,1327906045.00,1745596799999,11666.25915056,91,672190601.00,5885.11598958,0
2025-04-25 16:00:00,8.85e-06,8.91e-06,8.69e-06,8.75e-06,427495159.00,1745611199999,3753.04289897,52,21898177.00,193.00131281,0
2025-04-25 20:00:00,8.81e-06,9.27e-06,8.81e-06,9.04e-06,5088750185.00,1745625599999,45733.52662964,134,4849473988.00,43562.21656315,0
2025-04-26 00:00:00,9.09e-06,9.78e-06,9.09e-06,9.53e-06,9998618725.00,1745639999999,96412.91469311,313,4013262994.00,38594.52831520,0
2025-04-26 04:00:00,9.52e-06,9.6e-06,9.4e-06,9.56e-06,466555917.00,1745654399999,4437.12386998,111,117826229.00,1121.60909408,0
2025-04-26 08:00:00,9.55e-06,9.57e-06,9.15e-06,9.2e-06,582072314.00,1745668799999,5398.83981609,94,13459193.00,125.95377300,0
2025-04-26 12:00:00,9.21e-06,9.22e-06,9.03e-06,9.22e-06,479334223.00,1745683199999,4397.59269342,56,333991995.00,3074.52251254,0
2025-04-26 16:00:00,9.22e-06,9.22e-06,9.09e-06,9.09e-06,656342601.00,1745697599999,6031.97753227,23,194786082.00,1787.89557679,0
2025-04-26 20:00:00,9.08e-06,9.19e-06,9.07e-06,9.16e-06,19541379.00,1745711999999,177.93565451,12,16691049.00,151.87064159,0
2025-04-27 00:00:00,9.13e-06,9.19e-06,8.92e-06,9.12e-06,769077603.00,1745726399999,6923.47775053,132,133089609.00,1210.45122430,0
2025-04-27 04:00:00,9.09e-06,9.09e-06,8.92e-06,9.04e-06,26567679.00,1745740799999,238.38109762,26,10847740.00,97.47893713,0
2025-04-27 08:00:00,9.05e-06,9.07e-06,8.99e-06,8.99e-06,102867401.00,1745755199999,927.03913088,8,6352799.00,57.44256686,0
2025-04-27 12:00:00,8.97e-06,8.97e-06,8.74e-06,8.84e-06,697605556.00,1745769599999,6188.86293344,83,62999857.00,560.17433805,0
2025-04-27 16:00:00,8.81e-06,8.91e-06,8.77e-06,8.89e-06,1533975804.00,1745783999999,13657.81170672,32,934340809.00,8316.41204545,0
2025-04-27 20:00:00,8.9e-06,8.9e-06,8.75e-06,8.81e-06,17995146.00,1745798399999,158.67769817,13,787703.00,6.94228487,0
2025-04-28 00:00:00,8.77e-06,8.83e-06,8.62e-06,8.83e-06,280998068.00,1745812799999,2461.35529703,87,154807298.00,1360.80268629,0
2025-04-28 04:00:00,8.83e-06,9.06e-06,8.81e-06,9.06e-06,78453511.00,1745827199999,702.18700077,42,68644138.00,615.56732762,0
2025-04-28 08:00:00,9.07e-06,9.18e-06,8.98e-06,9.16e-06,146205048.00,1745841599999,1325.78278488,58,55695244.00,508.02347238,0
2025-04-28 12:00:00,9.09e-06,9.09e-06,8.6e-06,8.6e-06,252217274.00,1745855999999,2216.32493324,148,44483151.00,395.47637881,0
2025-04-28 16:00:00,8.67e-06,8.97e-06,8.58e-06,8.97e-06,267183667.00,1745870399999,2335.30336114,62,161083533.00,1411.60525370,0
2025-04-28 20:00:00,8.97e-06,9.07e-06,8.89e-06,8.95e-06,181318097.00,1745884799999,1633.74418363,39,140914285.00,1271.53577242,0
2025-04-29 00:00:00,8.95e-06,8.99e-06,8.84e-06,8.9e-06,267594838.00,1745899199999,2387.53520730,47,17168855.00,153.85297715,0
2025-04-29 04:00:00,8.85e-06,9.05e-06,8.81e-06,9.04e-06,267519194.00,1745913599999,2364.22189998,47,27422457.00,245.56760710,0
2025-04-29 08:00:00,9.06e-06,9.07e-06,8.95e-06,8.95e-06,39193889.00,1745927999999,353.09242791,10,32067874.00,289.06744008,0
2025-04-29 12:00:00,8.98e-06,9.05e-06,8.85e-06,8.96e-06,45485627.00,1745942399999,406.71066800,42,25160672.00,225.94184520,0
2025-04-29 16:00:00,9.05e-06,9.15e-06,9.01e-06,9.1e-06,633261055.00,1745956799999,5754.70041209,58,252231083.00,2299.18398325,0
2025-04-29 20:00:00,9.09e-06,9.09e-06,8.73e-06,8.84e-06,132128956.00,1745971199999,1178.76375656,85,42408698.00,378.84062393,0
2025-04-30 00:00:00,8.85e-06,8.92e-06,8.77e-06,8.89e-06,61858478.00,1745985599999,546.31938562,28,22493046.00,199.43233360,0
2025-04-30 04:00:00,8.91e-06,8.95e-06,8.81e-06,8.82e-06,381016761.00,1745999999999,3397.47752027,40,140369043.00,1250.35240580,0
2025-04-30 08:00:00,8.85e-06,9.11e-06,8.85e-06,9.11e-06,36970137.00,1746014399999,332.25058070,35,28225686.00,254.13533513,0
2025-04-30 12:00:00,9.11e-06,9.11e-06,8.48e-06,8.73e-06,3927870399.00,1746028799999,33845.85141020,253,1264043111.00,10927.04774889,0
2025-04-30 16:00:00,8.69e-06,8.87e-06,8.62e-06,8.85e-06,315181916.00,1746043199999,2776.64507046,82,139734505.00,1228.98196848,0
2025-04-30 20:00:00,8.86e-06,8.95e-06,8.85e-06,8.85e-06,2691341871.00,1746057599999,24009.69468906,39,1017690691.00,9094.73499169,0
2025-05-01 00:00:00,8.89e-06,9e-06,8.86e-06,8.89e-06,125841314.00,1746071999999,1129.62109167,23,105581986.00,949.35110586,0
2025-05-01 04:00:00,8.9e-06,8.93e-06,8.86e-06,8.89e-06,62030150.00,1746086399999,551.90499847,7,56635188.00,504.06872715,0
2025-05-01 08:00:00,8.92e-06,9.06e-06,8.92e-06,8.97e-06,32860837.00,1746100799999,295.19092897,20,20683459.00,186.54302516,0
2025-05-01 12:00:00,9e-06,9.01e-06,8.81e-06,8.84e-06,1275611704.00,1746115199999,11351.83593752,62,365218408.00,3240.26548014,0
2025-05-01 16:00:00,8.89e-06,8.93e-06,8.73e-06,8.73e-06,471617882.00,1746129599999,4160.00509790,52,11891518.00,104.87685343,0
2025-05-01 20:00:00,8.77e-06,8.81e-06,8.68e-06,8.7e-06,525032936.00,1746143999999,4592.60941104,50,226664855.00,1990.57987560,0
2025-05-02 00:00:00,8.73e-06,8.88e-06,8.69e-06,8.87e-06,317387765.00,1746158399999,2806.89628606,80,151403342.00,1337.81488993,0
2025-05-02 04:00:00,8.87e-06,8.87e-06,8.68e-06,8.68e-06,1419032266.00,1746172799999,12526.17930747,55,1024905777.00,9088.07472685,0
2025-05-02 08:00:00,8.67e-06,8.73e-06,8.63e-06,8.66e-06,87129466.00,1746187199999,754.93718447,20,60023927.00,519.90315038,0
2025-05-02 12:00:00,8.69e-06,8.82e-06,8.55e-06,8.7e-06,4213488671.00,1746201599999,36174.21366322,74,985404252.00,8481.53483179,0
2025-05-02 16:00:00,8.77e-06,8.9e-06,8.62e-06,8.62e-06,3595192259.00,1746215999999,31609.31836033,73,1069189170.00,9448.06296487,0
2025-05-02 20:00:00,8.61e-06,8.69e-06,8.57e-06,8.69e-06,196357951.00,1746230399999,1688.75437754,25,177949919.00,1530.76154779,0
2025-05-03 00:00:00,8.68e-06,8.7e-06,8.48e-06,8.59e-06,434053757.00,1746244799999,3694.16464050,61,42260195.00,362.74848617,0
2025-05-03 04:00:00,8.53e-06,8.53e-06,8.48e-06,8.48e-06,986691723.00,1746259199999,8386.94013728,10,1554740.00,13.22297308,0
2025-05-03 08:00:00,8.49e-06,8.52e-06,8.33e-06,8.34e-06,253693371.00,1746273599999,2138.44883061,45,98877579.00,839.89458447,0
2025-05-03 12:00:00,8.37e-06,8.44e-06,8.37e-06,8.44e-06,14278355.00,1746287999999,119.97604439,9,5846161.00,49.25113429,0
2025-05-03 16:00:00,8.37e-06,8.37e-06,8.09e-06,8.26e-06,271268107.00,1746302399999,2225.74769101,87,80736980.00,659.40141508,0
2025-05-03 20:00:00,8.27e-06,8.28e-06,8.17e-06,8.17e-06,28787840.00,1746316799999,237.57313129,22,7855036.00,64.97508361,0
2025-05-04 00:00:00,8.21e-06,8.25e-06,8.09e-06,8.13e-06,266924345.00,1746331199999,2192.70333089,58,121794425.00,1004.46073726,0
2025-05-04 04:00:00,8.09e-06,8.23e-06,8.09e-06,8.23e-06,20734483.00,1746345599999,168.84257195,13,19600593.00,159.62426937,0
2025-05-04 08:00:00,8.2e-06,8.23e-06,8.11e-06,8.23e-06,134626305.00,1746359999999,1103.02472516,18,126415194.00,1036.30912209,0
2025-05-04 12:00:00,8.25e-06,8.27e-06,8.15e-06,8.15e-06,28610898.00,1746374399999,235.00797584,29,8177529.00,67.47464276,0
2025-05-04 16:00:00,8.16e-06,8.16e-06,8.01e-06,8.09e-06,421722576.00,1746388799999,3400.06074660,59,259322023.00,2091.38622765,0
2025-05-04 20:00:00,8.06e-06,8.17e-06,8.03e-06,8.09e-06,1140274214.00,1746403199999,9204.98315565,62,983906361.00,7940.69578834,0
2025-05-05 00:00:00,8.13e-06,8.28e-06,8.06e-06,8.28e-06,726294802.00,1746417599999,5954.60363616,83,561677353.00,4618.84109958,0
2025-05-05 04:00:00,8.28e-06,8.34e-06,8.26e-06,8.31e-06,33679473.00,1746431999999,279.27407196,16,17784549.00,147.86029522,0
2025-05-05 08:00:00,8.29e-06,8.29e-06,8.03e-06,8.03e-06,165909988.00,1746446399999,1339.42958488,58,7584802.00,61.85770506,0
2025-05-05 12:00:00,8.01e-06,8.02e-06,7.84e-06,7.84e-06,183056719.00,1746460799999,1457.27374307,49,15185651.00,121.33115691,0
2025-05-05 16:00:00,7.83e-06,8.03e-06,7.83e-06,7.97e-06,289639650.00,1746475199999,2304.42211962,18,15639740.00,124.80280754,0
2025-05-05 20:00:00,7.93e-06,8.02e-06,7.8e-06,7.97e-06,204822476.00,1746489599999,1625.25934335,48,173317164.00,1377.68875633,0
2025-05-06 00:00:00,7.93e-06,7.98e-06,7.74e-06,7.89e-06,3390544440.00,1746503999999,26339.22977556,62,186921391.00,1481.51302363,0
2025-05-06 04:00:00,7.89e-06,8.01e-06,7.89e-06,7.97e-06,145458746.00,1746518399999,1153.12353378,26,139973485.00,1109.68492311,0
2025-05-06 08:00:00,7.93e-06,7.93e-06,7.6e-06,7.6e-06,268732799.00,1746532799999,2094.37902640,57,65754374.00,508.59415726,0
2025-05-06 12:00:00,7.65e-06,7.86e-06,7.65e-06,7.86e-06,318138057.00,1746547199999,2455.76820931,32,309105007.00,2385.94372033,0
2025-05-06 16:00:00,7.81e-06,7.94e-06,7.76e-06,7.93e-06,502327623.00,1746561599999,3943.98311553,28,165804726.00,1290.15750129,0
2025-05-06 20:00:00,7.9e-06,8.01e-06,7.67e-06,8.01e-06,667742727.00,1746575999999,5292.24538006,69,448850118.00,3550.29003586,0
2025-05-07 00:00:00,8.02e-06,8.11e-06,7.96e-06,8.02e-06,362089997.00,1746590399999,2904.87054614,48,60948089.00,491.18793654,0
2025-05-07 04:00:00,8.02e-06,8.17e-06,8.01e-06,8.17e-06,47550409.00,1746604799999,384.35156656,25,43841067.00,354.55943790,0
2025-05-07 08:00:00,8.13e-06,8.2e-06,8.09e-06,8.16e-06,30498396.00,1746619199999,248.46516994,22,16588181.00,135.54951775,0
2025-05-07 12:00:00,8.17e-06,8.2e-06,8.07e-06,8.09e-06,96583046.00,1746633599999,784.24676746,30,38520489.00,314.79407566,0
2025-05-07 16:00:00,8.08e-06,8.29e-06,8.05e-06,8.23e-06,241714807.00,1746647999999,1971.65266001,69,205241702.00,1673.36413364,0
2025-05-07 20:00:00,8.18e-06,8.28e-06,8.15e-06,8.27e-06,110560365.00,1746662399999,910.44671978,21,13971877.00,115.21290737,0
2025-05-08 00:00:00,8.27e-06,8.74e-06,8.22e-06,8.69e-06,1275967678.00,1746676799999,10810.27468248,186,724367489.00,6144.90054407,0
2025-05-08 04:00:00,8.73e-06,8.98e-06,8.65e-06,8.98e-06,1054597215.00,1746691199999,9270.88634347,127,770519750.00,6804.40539162,0
2025-05-08 08:00:00,8.93e-06,9.28e-06,8.93e-06,9.09e-06,436071222.00,1746705599999,3984.52174192,124,264104704.00,2406.72141029,0
2025-05-08 12:00:00,9.09e-06,1.006e-05,9.09e-06,9.86e-06,6049881300.00,1746719999999,58081.51769219,501,2741229270.00,26030.31222795,0
2025-05-08 16:00:00,9.89e-06,1.063e-05,9.89e-06,1.06e-05,8336933720.00,1746734399999,86038.78379878,458,3776861256.00,39215.26326109,0
2025-05-08 20:00:00,1.062e-05,1.175e-05,1.057e-05,1.114e-05,10906919130.00,1746748799999,120722.44184817,730,5674405057.00,62647.40118226,0
2025-05-09 00:00:00,1.109e-05,1.109e-05,1.068e-05,1.071e-05,1204697589.00,1746763199999,13193.23799063,195,686335219.00,7520.76708826,0
2025-05-09 04:00:00,1.067e-05,1.216e-05,1.066e-05,1.191e-05,8386786174.00,1746777599999,94008.35884473,510,6922795744.00,77133.81981226,0
2025-05-09 08:00:00,1.192e-05,1.393e-05,1.192e-05,1.264e-05,6521017117.00,1746791999999,84882.65992816,1733,2540985624.00,33096.59087917,0
2025-05-09 12:00:00,1.262e-05,1.297e-05,1.213e-05,1.25e-05,3324653196.00,1746806399999,41562.54874602,598,1459519421.00,18295.68547944,0
2025-05-09 16:00:00,1.251e-05,1.251e-05,1.198e-05,1.233e-05,3613232981.00,1746820799999,44777.07530708,303,752776046.00,9354.70166711,0
2025-05-09 20:00:00,1.234e-05,1.245e-05,1.218e-05,1.235e-05,1524173944.00,1746835199999,18784.90156051,157,283782846.00,3498.08339735,0
2025-05-10 00:00:00,1.237e-05,1.277e-05,1.219e-05,1.266e-05,1435902561.00,1746849599999,18046.96474000,370,840723943.00,10577.74748081,0
2025-05-10 04:00:00,1.261e-05,1.337e-05,1.248e-05,1.322e-05,3198112708.00,1746863999999,41318.53487097,500,1798132299.00,23124.52708445,0
2025-05-10 08:00:00,1.321e-05,1.358e-05,1.264e-05,1.274e-05,4249646398.00,1746878399999,56603.16477206,400,784975425.00,10180.19588441,0
2025-05-10 12:00:00,1.275e-05,1.306e-05,1.274e-05,1.285e-05,1101547074.00,1746892799999,14214.46404240,144,638451736.00,8244.03885463,0
2025-05-10 16:00:00,1.285e-05,1.387e-05,1.281e-05,1.333e-05,4006709450.00,1746907199999,53604.79528299,502,2083127086.00,27947.35776782,0
2025-05-10 20:00:00,1.336e-05,1.403e-05,1.312e-05,1.364e-05,3845088678.00,1746921599999,52159.94941365,357,1194641108.00,16202.05329994,0
2025-05-11 00:00:00,1.369e-05,1.377e-05,1.291e-05,1.308e-05,2990999034.00,1746935999999,39343.28364079,378,1965652600.00,25836.65589236,0
2025-05-11 04:00:00,1.309e-05,1.322e-05,1.261e-05,1.28e-05,1990420959.00,1746950399999,25419.03406056,242,214331428.00,2779.04652631,0
2025-05-11 08:00:00,1.281e-05,1.324e-05,1.276e-05,1.322e-05,360434429.00,1746964799999,4681.20346440,104,268525834.00,3494.01377553,0
2025-05-11 12:00:00,1.325e-05,1.365e-05,1.307e-05,1.33e-05,2685547130.00,1746979199999,35735.12481709,295,1302687799.00,17380.23553779,0
2025-05-11 16:00:00,1.332e-05,1.422e-05,1.308e-05,1.354e-05,2853552192.00,1746993599999,39145.73690000,535,2135861031.00,29403.45439622,0
2025-05-11 20:00:00,1.354e-05,1.38e-05,1.337e-05,1.36e-05,1396745803.00,1747007999999,18927.52933567,206,260655722.00,3560.25993326,0
2025-05-12 00:00:00,1.359e-05,1.477e-05,1.359e-05,1.437e-05,7314295516.00,1747022399999,104085.54604393,751,2977539051.00,42580.84892066,0
2025-05-12 04:00:00,1.441e-05,1.5e-05,1.385e-05,1.462e-05,2571198441.00,1747036799999,37280.46058853,625,801685638.00,11619.51858974,0
2025-05-12 08:00:00,1.465e-05,1.537e-05,1.44e-05,1.44e-05,2843322840.00,1747051199999,42606.37222685,523,675102443.00,10129.76027064,0
2025-05-12 12:00:00,1.437e-05,1.518e-05,1.369e-05,1.373e-05,2703079340.00,1747065599999,38715.65611407,634,1386608516.00,19946.11628461,0
2025-05-12 16:00:00,1.377e-05,1.399e-05,1.28e-05,1.326e-05,3056032375.00,1747079999999,40223.12134673,351,735657287.00,9851.32494556,0
2025-05-12 20:00:00,1.325e-05,1.373e-05,1.324e-05,1.365e-05,1131256472.00,1747094399999,15302.37940856,107,741124717.00,10037.29825501,0
2025-05-13 00:00:00,1.361e-05,1.361e-05,1.276e-05,1.297e-05,358745164.00,1747108799999,4744.78648759,191,141415386.00,1877.45369073,0
2025-05-13 04:00:00,1.292e-05,1.366e-05,1.292e-05,1.349e-05,255143963.00,1747123199999,3396.53463382,141,152431651.00,2033.16895731,0
2025-05-13 08:00:00,1.353e-05,1.423e-05,1.353e-05,1.405e-05,468061511.00,1747137599999,6517.63960262,211,364688373.00,5080.43178572,0
2025-05-13 12:00:00,1.402e-05,1.427e-05,1.368e-05,1.418e-05,660365235.00,1747151999999,9233.63784942,432,245929911.00,3422.96823260,0
2025-05-13 16:00:00,1.418e-05,1.506e-05,1.418e-05,1.477e-05,1865124107.00,1747166399999,27405.67194459,720,1145192190.00,16846.28660993,0
2025-05-13 20:00:00,1.477e-05,1.487e-05,1.44e-05,1.448e-05,592981138.00,1747180799999,8697.81142832,380,367965518.00,5398.75987430,0
2025-05-14 00:00:00,1.444e-05,1.447e-05,1.386e-05,1.401e-05,636777707.00,1747195199999,9005.72749494,206,95199592.00,1339.73082429,0
2025-05-14 04:00:00,1.402e-05,1.445e-05,1.397e-05,1.413e-05,894083896.00,1747209599999,12722.60336498,164,404941837.00,5735.21065780,0
2025-05-14 08:00:00,1.409e-05,1.429e-05,1.382e-05,1.421e-05,157904576.00,1747223999999,2218.70218563,169,67244259.00,949.21681197,0
2025-05-14 12:00:00,1.423e-05,1.429e-05,1.367e-05,1.393e-05,524609045.00,1747238399999,7250.37964057,283,211648544.00,2935.36533713,0
2025-05-14 16:00:00,1.392e-05,1.4e-05,1.353e-05,1.394e-05,5258480822.00,1747252799999,72775.50154059,290,4662904598.00,64564.49845094,0
2025-05-14 20:00:00,1.393e-05,1.398e-05,1.377e-05,1.395e-05,1364471543.00,1747267199999,18914.45736056,141,571007172.00,7936.22534570,0
2025-05-15 00:00:00,1.397e-05,1.412e-05,1.35e-05,1.359e-05,3007410399.00,1747281599999,41348.34012856,202,1305731544.00,17999.08458593,0
2025-05-15 04:00:00,1.364e-05,1.377e-05,1.308e-05,1.308e-05,2538066849.00,1747295999999,34126.58444892,217,335101028.00,4576.96529507,0
2025-05-15 08:00:00,1.321e-05,1.375e-05,1.321e-05,1.366e-05,536874989.00,1747310399999,7217.40313601,192,425287386.00,5710.16872541,0
2025-05-15 12:00:00,1.361e-05,1.394e-05,1.293e-05,1.361e-05,1455552939.00,1747324799999,19172.79585478,309,616778054.00,8104.99014957,0
2025-05-15 16:00:00,1.365e-05,1.407e-05,1.309e-05,1.325e-05,427421196.00,1747339199999,5806.01811340,238,128685917.00,1770.88425963,0
2025-05-15 20:00:00,1.329e-05,1.33e-05,1.27e-05,1.3e-05,1050391797.00,1747353599999,13772.44045243,139,530152567.00,7011.39631044,0
2025-05-16 00:00:00,1.304e-05,1.346e-05,1.301e-05,1.345e-05,934436838.00,1747367999999,12352.60555150,109,501568077.00,6617.16397206,0
2025-05-16 04:00:00,1.349e-05,1.361e-05,1.333e-05,1.348e-05,125512175.00,1747382399999,1689.14555568,71,44977817.00,607.79537179,0
2025-05-16 08:00:00,1.341e-05,1.358e-05,1.317e-05,1.344e-05,150587052.00,1747396799999,2020.24884044,78,112537062.00,1510.56953345,0
2025-05-16 12:00:00,1.349e-05,1.377e-05,1.337e-05,1.365e-05,201067843.00,1747411199999,2740.67833010,116,165359412.00,2258.40785045,0
2025-05-16 16:00:00,1.369e-05,1.373e-05,1.328e-05,1.339e-05,278396859.00,1747425599999,3720.95020439,74,29428564.00,395.89688275,0
2025-05-16 20:00:00,1.337e-05,1.337e-05,1.255e-05,1.26e-05,435946499.00,1747439999999,5576.44050288,123,209744228.00,2676.92828999,0
2025-05-17 00:00:00,1.261e-05,1.273e-05,1.226e-05,1.252e-05,551247842.00,1747454399999,6862.68203313,447,283696713.00,3533.79746564,0
2025-05-17 04:00:00,1.249e-05,1.266e-05,1.236e-05,1.236e-05,602435484.00,1747468799999,7490.72491499,309,307943733.00,3833.06537888,0
2025-05-17 08:00:00,1.245e-05,1.25e-05,1.229e-05,1.238e-05,19743224.00,1747483199999,243.51450362,9,2678354.00,33.36446050,0
2025-05-17 12:00:00,1.228e-05,1.253e-05,1.215e-05,1.243e-05,33970128.00,1747497599999,417.74528904,23,11208337.00,139.33995714,0
2025-05-17 16:00:00,1.236e-05,1.236e-05,1.203e-05,1.213e-05,1011209238.00,1747511999999,12307.67854062,38,210638107.00,2556.88493141,0
2025-05-17 20:00:00,1.208e-05,1.231e-05,1.197e-05,1.217e-05,548230611.00,1747526399999,6646.14524505,94,52618988.00,644.20387056,0
2025-05-18 00:00:00,1.22e-05,1.238e-05,1.216e-05,1.234e-05,190563574.00,1747540799999,2343.11031866,48,135650108.00,1666.18532772,0
2025-05-18 04:00:00,1.235e-05,1.291e-05,1.235e-05,1.291e-05,354937796.00,1747555199999,4478.98782213,109,241061002.00,3046.53483754,0
2025-05-18 08:00:00,1.291e-05,1.343e-05,1.291e-05,1.324e-05,169970060.00,1747569599999,2240.67164112,162,147063851.00,1938.85710169,0
2025-05-18 12:00:00,1.321e-05,1.407e-05,1.316e-05,1.405e-05,4371266400.00,1747583999999,60492.90518261,268,2553202018.00,35336.04287861,0
2025-05-18 16:00:00,1.406e-05,1.422e-05,1.285e-05,1.295e-05,4092073812.00,1747598399999,55178.68234872,553,1037298011.00,14192.38132763,0
2025-05-18 20:00:00,1.29e-05,1.393e-05,1.263e-05,1.379e-05,4162572237.00,1747612799999,54998.77448635,524,2075795566.00,27466.61502313,0
2025-05-19 00:00:00,1.385e-05,1.415e-05,1.286e-05,1.296e-05,2980150603.00,1747627199999,40003.50140660,554,910732170.00,12264.79918072,0
2025-05-19 04:00:00,1.301e-05,1.313e-05,1.256e-05,1.291e-05,1499888257.00,1747641599999,19253.70551691,155,675640485.00,8692.99523278,0
2025-05-19 08:00:00,1.29e-05,1.29e-05,1.263e-05,1.274e-05,1021738972.00,1747655999999,13025.22898873,54,370572489.00,4725.16828848,0
2025-05-19 12:00:00,1.268e-05,1.327e-05,1.252e-05,1.316e-05,2047404262.00,1747670399999,26432.50680678,204,1232375990.00,15969.44367232,0
2025-05-19 16:00:00,1.316e-05,1.364e-05,1.304e-05,1.324e-05,1965525760.00,1747684799999,26135.49376976,369,1028800914.00,13699.61888708,0
2025-05-19 20:00:00,1.328e-05,1.334e-05,1.312e-05,1.328e-05,746408802.00,1747699199999,9862.59888554,104,426160243.00,5642.26589702,0
2025-05-20 00:00:00,1.329e-05,1.364e-05,1.317e-05,1.335e-05,1736940686.00,1747713599999,23275.02956468,325,896404523.00,12029.21967509,0
2025-05-20 04:00:00,1.328e-05,1.353e-05,1.305e-05,1.312e-05,1143538309.00,1747727999999,15187.91792460,159,297259501.00,3967.76062024,0
2025-05-20 08:00:00,1.313e-05,1.313e-05,1.268e-05,1.279e-05,845241404.00,1747742399999,10914.44925135,87,262156394.00,3390.42601965,0
2025-05-20 12:00:00,1.28e-05,1.286e-05,1.266e-05,1.286e-05,863747254.00,1747756799999,10992.52573135,49,502210660.00,6400.73102074,0
2025-05-20 16:00:00,1.287e-05,1.317e-05,1.274e-05,1.317e-05,2104469170.00,1747771199999,27173.77397232,165,1564591245.00,20213.05938798,0
2025-05-20 20:00:00,1.307e-05,1.324e-05,1.289e-05,1.316e-05,1093718248.00,1747785599999,14299.24118485,88,584689013.00,7657.63669558,0
2025-05-21 00:00:00,1.318e-05,1.36e-05,1.306e-05,1.348e-05,1782498805.00,1747799999999,23767.07474215,183,640002501.00,8505.63992968,0
2025-05-21 04:00:00,1.353e-05,1.411e-05,1.349e-05,1.356e-05,2237034764.00,1747814399999,30996.37012713,413,1054982622.00,14622.10861266,0
2025-05-21 08:00:00,1.359e-05,1.373e-05,1.329e-05,1.369e-05,517500870.00,1747828799999,6966.13527408,168,284635281.00,3845.73198930,0
2025-05-21 12:00:00,1.362e-05,1.408e-05,1.357e-05,1.394e-05,1969355328.00,1747843199999,27403.29189010,338,1343049246.00,18694.31104063,0
2025-05-21 16:00:00,1.398e-05,1.458e-05,1.283e-05,1.347e-05,6366594068.00,1747857599999,85882.05136217,850,3593403010.00,48353.37124572,0
2025-05-21 20:00:00,1.341e-05,1.393e-05,1.319e-05,1.365e-05,2703512214.00,1747871999999,36622.09260130,257,1787404677.00,24320.13591387,0
2025-05-22 00:00:00,1.368e-05,1.422e-05,1.364e-05,1.411e-05,3900167395.00,1747886399999,54155.81741468,335,2602939929.00,36129.19091089,0
2025-05-22 04:00:00,1.411e-05,1.447e-05,1.369e-05,1.44e-05,4255827158.00,1747900799999,59900.51901059,353,1762825913.00,24877.29721001,0
2025-05-22 08:00:00,1.435e-05,1.475e-05,1.428e-05,1.452e-05,1392750254.00,1747915199999,20202.45176469,255,908344371.00,13188.21987590,0
2025-05-22 12:00:00,1.451e-05,1.468e-05,1.431e-05,1.442e-05,2225127274.00,1747929599999,32388.00184812,250,858723995.00,12528.79244566,0
2025-05-22 16:00:00,1.444e-05,1.452e-05,1.421e-05,1.423e-05,627907648.00,1747943999999,9034.81588568,134,509948354.00,7341.94788734,0
2025-05-22 20:00:00,1.425e-05,1.55e-05,1.417e-05,1.547e-05,8562296466.00,1747958399999,126523.67936149,479,5425585820.00,80646.40562756,0
2025-05-23 00:00:00,1.549e-05,1.629e-05,1.521e-05,1.604e-05,2772002242.00,1747972799999,43562.56748576,742,1422923024.00,22515.27888863,0
2025-05-23 04:00:00,1.601e-05,1.602e-05,1.533e-05,1.548e-05,256516202.00,1747987199999,4018.53503384,266,70848467.00,1111.23325347,0
2025-05-23 08:00:00,1.551e-05,1.588e-05,1.48e-05,1.485e-05,986845316.00,1748001599999,15173.12550265,306,219810076.00,3422.78298867,0
2025-05-23 12:00:00,1.487e-05,1.516e-05,1.433e-05,1.48e-05,4840255436.00,1748015999999,71512.23156347,463,1070381461.00,15949.16378674,0
2025-05-23 16:00:00,1.477e-05,1.521e-05,1.46e-05,1.481e-05,1548608206.00,1748030399999,23144.04554885,232,619138599.00,9227.55294013,0
2025-05-23 20:00:00,1.481e-05,1.481e-05,1.357e-05,1.379e-05,1662039894.00,1748044799999,23694.94014566,291,474421609.00,6693.04657523,0
2025-05-24 00:00:00,1.374e-05,1.415e-05,1.359e-05,1.401e-05,5053386933.00,1748059199999,70105.96526317,255,1555903128.00,21681.44055443,0
2025-05-24 04:00:00,1.413e-05,1.421e-05,1.381e-05,1.382e-05,1068064136.00,1748073599999,14946.24504656,166,706019087.00,9855.90968871,0
2025-05-24 08:00:00,1.387e-05,1.412e-05,1.369e-05,1.399e-05,233241203.00,1748087999999,3248.34093833,95,172489894.00,2405.07737948,0
2025-05-24 12:00:00,1.405e-05,1.405e-05,1.378e-05,1.38e-05,84572191.00,1748102399999,1177.51317599,57,51413578.00,716.91729455,0
2025-05-24 16:00:00,1.379e-05,1.405e-05,1.37e-05,1.387e-05,973901128.00,1748116799999,13479.22507684,91,208442461.00,2883.59048765,0
2025-05-24 20:00:00,1.386e-05,1.394e-05,1.365e-05,1.374e-05,268607281.00,1748131199999,3702.95121246,47,193819242.00,2674.74889388,0
2025-05-25 00:00:00,1.379e-05,1.399e-05,1.327e-05,1.389e-05,721847808.00,1748145599999,9777.65818098,216,198808629.00,2723.96132653,0
2025-05-25 04:00:00,1.379e-05,1.379e-05,1.346e-05,1.365e-05,543013064.00,1748159999999,7393.47419355,60,404105271.00,5502.00220188,0
2025-05-25 08:00:00,1.353e-05,1.353e-05,1.288e-05,1.306e-05,1050010812.00,1748174399999,13660.51593396,114,28776734.00,379.43502959,0
2025-05-25 12:00:00,1.296e-05,1.323e-05,1.266e-05,1.286e-05,332446929.00,1748188799999,4290.48575801,96,190265311.00,2454.22761820,0
2025-05-25 16:00:00,1.282e-05,1.317e-05,1.278e-05,1.313e-05,397168474.00,1748203199999,5138.61762075,66,305707076.00,3956.22230252,0
2025-05-25 20:00:00,1.307e-05,1.37e-05,1.29e-05,1.36e-05,1164050783.00,1748217599999,15509.27833318,160,277308827.00,3719.33128654,0
2025-05-26 00:00:00,1.362e-05,1.417e-05,1.353e-05,1.405e-05,1650949045.00,1748231999999,22942.07855445,179,1025288259.00,14192.43512340,0
2025-05-26 04:00:00,1.4e-05,1.444e-05,1.393e-05,1.442e-05,1650975881.00,1748246399999,23694.86215915,367,1021365513.00,14648.61662912,0
2025-05-26 08:00:00,1.443e-05,1.445e-05,1.387e-05,1.395e-05,4301934854.00,1748260799999,61470.16151990,202,3747328603.00,53569.18528462,0
2025-05-26 12:00:00,1.396e-05,1.409e-05,1.366e-05,1.395e-05,724508934.00,1748275199999,10006.99441862,131,292043993.00,4048.12841103,0
2025-05-26 16:00:00,1.407e-05,1.41e-05,1.351e-05,1.37e-05,1908683993.00,1748289599999,26168.78746377,144,896594289.00,12434.39593492,0
2025-05-26 20:00:00,1.363e-05,1.397e-05,1.362e-05,1.384e-05,365945416.00,1748303999999,5046.43622842,115,225006022.00,3106.86652347,0
2025-05-27 00:00:00,1.386e-05,1.395e-05,1.335e-05,1.376e-05,1452971157.00,1748318399999,19935.12735283,164,99838136.00,1366.68344482,0
2025-05-27 04:00:00,1.381e-05,1.405e-05,1.361e-05,1.402e-05,149303239.00,1748332799999,2070.93249908,75,114971872.00,1597.94012718,0
2025-05-27 08:00:00,1.406e-05,1.427e-05,1.396e-05,1.402e-05,2016193714.00,1748347199999,28390.99744605,205,1143644607.00,16099.55189709,0
2025-05-27 12:00:00,1.407e-05,1.43e-05,1.378e-05,1.399e-05,620702943.00,1748361599999,8735.75084981,162,187756276.00,2648.67807734,0
2025-05-27 16:00:00,1.4e-05,1.423e-05,1.385e-05,1.398e-05,1907808916.00,1748375999999,26666.58332752,188,349261034.00,4906.94356576,0
2025-05-27 20:00:00,1.397e-05,1.405e-05,1.377e-05,1.39e-05,1668239185.00,1748390399999,23068.35660849,106,991154500.00,13703.28930193,0
2025-05-28 00:00:00,1.389e-05,1.409e-05,1.365e-05,1.389e-05,839364271.00,1748404799999,11659.79684100,190,747974930.00,10391.28604525,0
2025-05-28 04:00:00,1.386e-05,1.393e-05,1.37e-05,1.376e-05,61452777.00,1748419199999,850.06779418,41,42161200.00,583.81428613,0
2025-05-28 08:00:00,1.37e-05,1.387e-05,1.355e-05,1.385e-05,505189704.00,1748433599999,6893.65239546,87,88294265.00,1215.24571456,0
2025-05-28 12:00:00,1.387e-05,1.415e-05,1.343e-05,1.362e-05,1058433619.00,1748447999999,14638.60055965,173,274614694.00,3793.35777805,0
2025-05-28 16:00:00,1.354e-05,1.38e-05,1.338e-05,1.345e-05,180746500.00,1748462399999,2447.72854000,75,39306193.00,540.58250503,0
2025-05-28 20:00:00,1.343e-05,1.405e-05,1.343e-05,1.401e-05,1972143010.00,1748476799999,27336.14058861,106,882817293.00,12149.20830877,0
2025-05-29 00:00:00,1.4e-05,1.508e-05,1.4e-05,1.469e-05,4711405121.00,1748491199999,69002.59867456,604,2470732427.00,36148.14860362,0
2025-05-29 04:00:00,1.473e-05,1.478e-05,1.433e-05,1.443e-05,2501001813.00,1748505599999,36315.13949668,266,1223332262.00,17793.26425536,0
2025-05-29 08:00:00,1.441e-05,1.453e-05,1.435e-05,1.441e-05,539278844.00,1748519999999,7792.66959712,89,247872739.00,3589.93227008,0
2025-05-29 12:00:00,1.442e-05,1.442e-05,1.37e-05,1.371e-05,2597507536.00,1748534399999,36255.46987626,322,717296836.00,10017.95653028,0
2025-05-29 16:00:00,1.37e-05,1.389e-05,1.355e-05,1.364e-05,1544319777.00,1748548799999,21184.08074022,147,875514071.00,12023.85633492,0
2025-05-29 20:00:00,1.369e-05,1.385e-05,1.338e-05,1.338e-05,2094932604.00,1748563199999,28438.13319937,115,271800039.00,3741.74732233,0
2025-05-30 00:00:00,1.342e-05,1.353e-05,1.268e-05,1.301e-05,3498945124.00,1748577599999,45880.01627653,306,1370039511.00,18056.43384118,0
2025-05-30 04:00:00,1.299e-05,1.312e-05,1.269e-05,1.285e-05,2278954623.00,1748591999999,29483.16267129,135,1506949882.00,19531.79247070,0
2025-05-30 08:00:00,1.282e-05,1.307e-05,1.259e-05,1.305e-05,1589860113.00,1748606399999,20447.06342223,138,910360051.00,11737.97617076,0
2025-05-30 12:00:00,1.307e-05,1.311e-05,1.274e-05,1.288e-05,2357472086.00,1748620799999,30460.89755893,168,783844465.00,10171.54398340,0
2025-05-30 16:00:00,1.288e-05,1.295e-05,1.237e-05,1.279e-05,2513467607.00,1748635199999,31622.08943251,247,948948800.00,11988.47859658,0
2025-05-30 20:00:00,1.278e-05,1.285e-05,1.156e-05,1.158e-05,2516409948.00,1748649599999,31093.43483855,319,548217989.00,6820.08535884,0
2025-05-31 00:00:00,1.169e-05,1.169e-05,1.096e-05,1.12e-05,1072921041.00,1748663999999,12133.56535933,169,806830885.00,9124.68333751,0
2025-05-31 04:00:00,1.12e-05,1.14e-05,1.112e-05,1.136e-05,265035121.00,1748678399999,2971.21502168,31,130769904.00,1474.54278608,0
2025-05-31 08:00:00,1.135e-05,1.14e-05,1.113e-05,1.122e-05,103053550.00,1748692799999,1163.80063672,20,57995127.00,659.14366868,0
2025-05-31 12:00:00,1.119e-05,1.181e-05,1.119e-05,1.156e-05,422459265.00,1748707199999,4897.35260471,153,229430236.00,2662.18360664,0
2025-05-31 16:00:00,1.154e-05,1.182e-05,1.153e-05,1.178e-05,96811189.00,1748721599999,1134.16006073,36,87245284.00,1023.09904139,0
2025-05-31 20:00:00,1.179e-05,1.185e-05,1.164e-05,1.167e-05,376853273.00,1748735999999,4441.95221171,73,265291531.00,3129.33793541,0
2025-06-01 00:00:00,1.16e-05,1.17e-05,1.142e-05,1.154e-05,217872737.00,1748750399999,2528.08192781,50,108783870.00,1261.70623508,0
2025-06-01 04:00:00,1.159e-05,1.179e-05,1.153e-05,1.153e-05,99526264.00,1748764799999,1161.48171348,59,72321122.00,844.38636661,0
2025-06-01 08:00:00,1.149e-05,1.149e-05,1.13e-05,1.135e-05,42536052.00,1748779199999,483.40107237,19,12300396.00,139.93952274,0
2025-06-01 12:00:00,1.137e-05,1.172e-05,1.137e-05,1.167e-05,639226224.00,1748793599999,7428.88585255,44,49662075.00,574.02224519,0
2025-06-01 16:00:00,1.173e-05,1.201e-05,1.157e-05,1.172e-05,315433394.00,1748807999999,3744.96312781,167,113639133.00,1343.26244578,0
2025-06-01 20:00:00,1.173e-05,1.192e-05,1.173e-05,1.179e-05,406928213.00,1748822399999,4815.27294590,101,379580384.00,4491.76030951,0
2025-06-02 00:00:00,1.176e-05,1.186e-05,1.145e-05,1.156e-05,194249917.00,1748836799999,2264.46501466,58,111691581.00,1308.22177911,0
2025-06-02 04:00:00,1.158e-05,1.174e-05,1.151e-05,1.169e-05,206250279.00,1748851199999,2390.48822676,29,190226949.00,2205.32759540,0
2025-06-02 08:00:00,1.158e-05,1.158e-05,1.141e-05,1.142e-05,375869004.00,1748865599999,4315.66835125,84,139883357.00,1605.64789367,0
2025-06-02 12:00:00,1.144e-05,1.182e-05,1.144e-05,1.176e-05,155658431.00,1748879999999,1809.10353450,62,82787180.00,965.77659043,0
2025-06-02 16:00:00,1.169e-05,1.195e-05,1.169e-05,1.177e-05,91649824.00,1748894399999,1083.21030631,46,37045897.00,439.51794177,0
2025-06-02 20:00:00,1.179e-05,1.241e-05,1.179e-05,1.237e-05,1349669699.00,1748908799999,16442.08857875,218,751843190.00,9187.44948472,0
2025-06-03 00:00:00,1.237e-05,1.287e-05,1.228e-05,1.264e-05,2033316130.00,1748923199999,25581.05484481,226,1363592053.00,17150.10012260,0
2025-06-03 04:00:00,1.265e-05,1.267e-05,1.25e-05,1.257e-05,658858805.00,1748937599999,8292.16660336,51,286396220.00,3612.38483387,0
2025-06-03 08:00:00,1.256e-05,1.266e-05,1.242e-05,1.258e-05,847301236.00,1748951999999,10642.30470764,128,522903043.00,6582.45020642,0
2025-06-03 12:00:00,1.258e-05,1.33e-05,1.251e-05,1.279e-05,4425146075.00,1748966399999,56788.00548135,438,2969548720.00,38232.15899817,0
2025-06-03 16:00:00,1.275e-05,1.278e-05,1.258e-05,1.274e-05,1063702059.00,1748980799999,13498.01237787,220,469081022.00,5961.69218977,0
2025-06-03 20:00:00,1.27e-05,1.27e-05,1.221e-05,1.223e-05,1229860073.00,1748995199999,15237.75817762,152,299469130.00,3705.43044695,0
2025-06-04 00:00:00,1.231e-05,1.247e-05,1.216e-05,1.243e-05,798040028.00,1749009599999,9850.33586464,93,473250605.00,5853.98161450,0
2025-06-04 04:00:00,1.244e-05,1.246e-05,1.236e-05,1.242e-05,137858545.00,1749023999999,1709.65576518,23,73419244.00,912.58605743,0
2025-06-04 08:00:00,1.247e-05,1.252e-05,1.235e-05,1.238e-05,427165052.00,1749038399999,5314.18829976,68,162510498.00,2028.10456618,0
2025-06-04 12:00:00,1.239e-05,1.262e-05,1.221e-05,1.258e-05,1171396350.00,1749052799999,14513.17839141,120,415103761.00,5149.89515865,0
2025-06-04 16:00:00,1.252e-05,1.253e-05,1.217e-05,1.217e-05,819495486.00,1749067199999,10100.65231973,81,279210028.00,3440.23415752,0
2025-06-04 20:00:00,1.217e-05,1.217e-05,1.175e-05,1.188e-05,1354325416.00,1749081599999,16162.40762264,174,1000973049.00,11913.71567927,0
2025-06-05 00:00:00,1.184e-05,1.206e-05,1.184e-05,1.196e-05,250074120.00,1749095999999,2990.96673810,40,138205163.00,1655.70809117,0
2025-06-05 04:00:00,1.203e-05,1.205e-05,1.168e-05,1.173e-05,147153395.00,1749110399999,1760.51267297,50,66808505.00,801.44569918,0
2025-06-05 08:00:00,1.178e-05,1.182e-05,1.156e-05,1.168e-05,113208243.00,1749124799999,1324.58705414,61,31321260.00,367.32625172,0
2025-06-05 12:00:00,1.166e-05,1.202e-05,1.141e-05,1.157e-05,818629720.00,1749139199999,9661.83826039,126,605894403.00,7184.72355318,0
2025-06-05 16:00:00,1.152e-05,1.152e-05,1.059e-05,1.086e-05,758432940.00,1749153599999,8427.64905492,303,89702967.00,1001.29158112,0
2025-06-05 20:00:00,1.08e-05,1.08e-05,1.039e-05,1.068e-05,5082389185.00,1749167999999,54524.94400955,229,900351536.00,9646.67612561,0
2025-06-06 00:00:00,1.066e-05,1.09e-05,1.057e-05,1.09e-05,131227110.00,1749182399999,1409.16990502,31,81747695.00,881.16281678,0
2025-06-06 04:00:00,1.078e-05,1.111e-05,1.077e-05,1.111e-05,578432057.00,1749196799999,6300.35709888,44,415742557.00,4528.95995832,0
2025-06-06 08:00:00,1.108e-05,1.113e-05,1.107e-05,1.107e-05,69661446.00,1749211199999,771.97317764,7,57046890.00,631.69931492,0
2025-06-06 12:00:00,1.111e-05,1.147e-05,1.107e-05,1.122e-05,2379521098.00,1749225599999,26836.08155205,93,2187276943.00,24677.56599391,0
2025-06-06 16:00:00,1.125e-05,1.125e-05,1.099e-05,1.105e-05,395992578.00,1749239999999,4389.97401215,64,279032174.00,3102.76808412,0
2025-06-06 20:00:00,1.11e-05,1.113e-05,1.107e-05,1.109e-05,137678791.00,1749254399999,1528.35781734,32,23449775.00,260.24128115,0
2025-06-07 00:00:00,1.107e-05,1.142e-05,1.097e-05,1.14e-05,124578777.00,1749268799999,1399.96296025,33,83681630.00,944.69369283,0
2025-06-07 04:00:00,1.14e-05,1.161e-05,1.133e-05,1.15e-05,3044994796.00,1749283199999,34739.33005811,148,2600452834.00,29656.59235578,0
2025-06-07 08:00:00,1.146e-05,1.148e-05,1.137e-05,1.148e-05,42461895.00,1749297599999,486.26453117,10,30978433.00,355.36427882,0
2025-06-07 12:00:00,1.15e-05,1.157e-05,1.144e-05,1.146e-05,140926730.00,1749311999999,1617.29133628,27,51568187.00,593.74699924,0
2025-06-07 16:00:00,1.148e-05,1.154e-05,1.134e-05,1.148e-05,205336281.00,1749326399999,2358.36297732,27,191857343.00,2204.15510262,0
2025-06-07 20:00:00,1.147e-05,1.158e-05,1.145e-05,1.152e-05,449958052.00,1749340799999,5186.99184174,31,419118473.00,4831.92727258,0
2025-06-08 00:00:00,1.149e-05,1.165e-05,1.146e-05,1.15e-05,633118806.00,1749355199999,7326.21562198,29,296914490.00,3429.50342411,0
2025-06-08 04:00:00,1.147e-05,1.163e-05,1.144e-05,1.144e-05,22105617.00,1749369599999,255.70914331,13,16344582.00,189.37598117,0
2025-06-08 08:00:00,1.15e-05,1.159e-05,1.131e-05,1.153e-05,32292348.00,1749383999999,370.88962028,23,22580041.00,260.37672240,0
2025-06-08 12:00:00,1.15e-05,1.173e-05,1.15e-05,1.16e-05,275918267.00,1749398399999,3197.93804981,27,121050172.00,1407.20230803,0
2025-06-08 16:00:00,1.164e-05,1.178e-05,1.163e-05,1.175e-05,184237848.00,1749412799999,2157.60089728,124,49572244.00,581.27755088,0
2025-06-08 20:00:00,1.178e-05,1.204e-05,1.165e-05,1.165e-05,526447660.00,1749427199999,6276.63030718,120,266289437.00,3176.55365114,0
2025-06-09 00:00:00,1.164e-05,1.164e-05,1.144e-05,1.153e-05,574307743.00,1749441599999,6650.31560257,42,64427768.00,749.57436378,0
2025-06-09 04:00:00,1.156e-05,1.156e-05,1.141e-05,1.149e-05,121458144.00,1749455999999,1402.09248648,48,120867037.00,1395.34616783,0
2025-06-09 08:00:00,1.15e-05,1.201e-05,1.148e-05,1.198e-05,828628081.00,1749470399999,9755.59872456,91,678342476.00,7983.96911652,0
2025-06-09 12:00:00,1.191e-05,1.2e-05,1.171e-05,1.182e-05,196326446.00,1749484799999,2343.15353840,49,104532228.00,1250.77656487,0
2025-06-09 16:00:00,1.182e-05,1.211e-05,1.182e-05,1.197e-05,517832931.00,1749499199999,6224.26913648,99,311749672.00,3753.50716978,0
2025-06-09 20:00:00,1.2e-05,1.268e-05,1.193e-05,1.267e-05,3068653565.00,1749513599999,38151.85818558,284,2273958407.00,28245.28936180,0
2025-06-10 00:00:00,1.269e-05,1.289e-05,1.242e-05,1.251e-05,740890492.00,1749527999999,9387.80982091,137,222936279.00,2848.05309633,0
2025-06-10 04:00:00,1.255e-05,1.282e-05,1.248e-05,1.277e-05,232197468.00,1749542399999,2958.53285008,63,205393013.00,2617.14500619,0
2025-06-10 08:00:00,1.276e-05,1.359e-05,1.265e-05,1.337e-05,2968943888.00,1749556799999,39309.65527384,381,2213145886.00,29465.38623609,0
2025-06-10 12:00:00,1.331e-05,1.345e-05,1.253e-05,1.276e-05,6848234184.00,1749571199999,89823.73016634,373,2000845713.00,26310.65423350,0
2025-06-10 16:00:00,1.278e-05,1.309e-05,1.254e-05,1.289e-05,3185047613.00,1749585599999,40353.58016629,166,2941835064.00,37269.78468221,0
2025-06-10 20:00:00,1.285e-05,1.313e-05,1.268e-05,1.309e-05,272464126.00,1749599999999,3521.10354744,146,118369050.00,1532.87481389,0
2025-06-11 00:00:00,1.309e-05,1.312e-05,1.27e-05,1.282e-05,1019151087.00,1749614399999,13301.45222230,103,926193101.00,12108.82121116,0
2025-06-11 04:00:00,1.278e-05,1.299e-05,1.271e-05,1.289e-05,214131417.00,1749628799999,2745.25417470,144,113304395.00,1453.49875798,0
2025-06-11 08:00:00,1.297e-05,1.297e-05,1.26e-05,1.27e-05,241908564.00,1749643199999,3098.28900901,127,197158260.00,2527.74047737,0
2025-06-11 12:00:00,1.267e-05,1.341e-05,1.265e-05,1.335e-05,9431026056.00,1749657599999,123705.01755760,292,8320745262.00,109146.93333890,0
2025-06-11 16:00:00,1.341e-05,1.343e-05,1.267e-05,1.27e-05,1010189316.00,1749671999999,13184.67638505,240,425283016.00,5578.44942481,0
2025-06-11 20:00:00,1.266e-05,1.278e-05,1.221e-05,1.25e-05,324849804.00,1749686399999,4040.76681296,159,65125249.00,812.38428938,0
2025-06-12 00:00:00,1.24e-05,1.247e-05,1.223e-05,1.237e-05,163158408.00,1749700799999,2012.23983186,47,114151897.00,1410.22397494,0
2025-06-12 04:00:00,1.229e-05,1.256e-05,1.227e-05,1.241e-05,380052602.00,1749715199999,4722.36330095,63,163129065.00,2030.49291984,0
2025-06-12 08:00:00,1.237e-05,1.244e-05,1.217e-05,1.223e-05,252806015.00,1749729599999,3106.58434686,51,11529265.00,142.11229540,0
2025-06-12 12:00:00,1.217e-05,1.25e-05,1.182e-05,1.192e-05,1949637914.00,1749743999999,23789.46901785,140,1115824852.00,13733.38814218,0
2025-06-12 16:00:00,1.193e-05,1.237e-05,1.166e-05,1.173e-05,1849153226.00,1749758399999,22152.48301809,196,636402241.00,7706.09271406,0
2025-06-12 20:00:00,1.177e-05,1.179e-05,1.136e-05,1.155e-05,1447865363.00,1749772799999,16753.41084742,83,574689555.00,6680.97003080,0
2025-06-13 00:00:00,1.139e-05,1.139e-05,1.047e-05,1.076e-05,2477486606.00,1749787199999,26657.95511623,206,772209328.00,8240.67383195,0
2025-06-13 04:00:00,1.069e-05,1.075e-05,1.049e-05,1.075e-05,991818390.00,1749801599999,10569.49931749,25,803561036.00,8590.21011261,0
2025-06-13 08:00:00,1.078e-05,1.089e-05,1.058e-05,1.078e-05,478945234.00,1749815999999,5101.02390949,28,237684535.00,2540.96484205,0
2025-06-13 12:00:00,1.084e-05,1.089e-05,1.059e-05,1.084e-05,365109907.00,1749830399999,3914.43597844,42,201650415.00,2181.54690865,0
2025-06-13 16:00:00,1.092e-05,1.109e-05,1.069e-05,1.076e-05,547989751.00,1749844799999,5971.91539753,103,371366704.00,4066.15844367,0
2025-06-13 20:00:00,1.087e-05,1.121e-05,1.087e-05,1.121e-05,136090888.00,1749859199999,1506.89557649,54,128785566.00,1426.13351070,0
2025-06-14 00:00:00,1.121e-05,1.128e-05,1.111e-05,1.117e-05,198862771.00,1749873599999,2218.41345291,35,81846167.00,914.90842449,0
2025-06-14 04:00:00,1.118e-05,1.121e-05,1.105e-05,1.119e-05,52187969.00,1749887999999,583.51988619,19,26211537.00,293.60839510,0
2025-06-14 08:00:00,1.109e-05,1.115e-05,1.109e-05,1.115e-05,36592769.00,1749902399999,406.94503390,5,5805938.00,64.66310167,0
2025-06-14 12:00:00,1.106e-05,1.116e-05,1.088e-05,1.088e-05,393190170.00,1749916799999,4296.44961576,31,9325914.00,103.31504183,0
2025-06-14 16:00:00,1.101e-05,1.101e-05,1.078e-05,1.094e-05,161963490.00,1749931199999,1770.13430756,44,95499450.00,1043.63914013,0
2025-06-14 20:00:00,1.08e-05,1.097e-05,1.071e-05,1.097e-05,79845633.00,1749945599999,867.59954036,20,72718830.00,791.04952279,0
2025-06-15 00:00:00,1.099e-05,1.111e-05,1.097e-05,1.109e-05,186011608.00,1749959999999,2050.19768105,31,141005669.00,1554.33393309,0
2025-06-15 04:00:00,1.109e-05,1.13e-05,1.109e-05,1.111e-05,791652578.00,1749974399999,8804.17850741,53,686357978.00,7624.29968708,0
2025-06-15 08:00:00,1.109e-05,1.11e-05,1.1e-05,1.109e-05,39818876.00,1749988799999,440.36952764,16,10129600.00,111.97318206,0
2025-06-15 12:00:00,1.119e-05,1.131e-05,1.111e-05,1.121e-05,1271357892.00,1750003199999,14228.17749446,41,1097001933.00,12278.61925354,0
2025-06-15 16:00:00,1.113e-05,1.118e-05,1.096e-05,1.099e-05,1142739966.00,1750017599999,12707.14997119,36,116056420.00,1292.05901780,0
2025-06-15 20:00:00,1.099e-05,1.115e-05,1.083e-05,1.111e-05,1112819833.00,1750031999999,12349.31557032,78,1056348111.00,11732.20979913,0
2025-06-16 00:00:00,1.106e-05,1.128e-05,1.092e-05,1.118e-05,1146540151.00,1750046399999,12654.39639746,65,111371841.00,1242.57343410,0
2025-06-16 04:00:00,1.118e-05,1.148e-05,1.118e-05,1.142e-05,1415336760.00,1750060799999,16011.39692666,65,104879824.00,1195.04946056,0
2025-06-16 08:00:00,1.138e-05,1.143e-05,1.125e-05,1.125e-05,117260449.00,1750075199999,1333.18213752,25,30260794.00,343.06004154,0
2025-06-16 12:00:00,1.142e-05,1.155e-05,1.125e-05,1.125e-05,78380661.00,1750089599999,893.84201745,36,64683810.00,738.86056542,0
2025-06-16 16:00:00,1.124e-05,1.139e-05,1.115e-05,1.128e-05,275266393.00,1750103999999,3097.30420657,54,154334479.00,1742.94294436,0
2025-06-16 20:00:00,1.127e-05,1.129e-05,1.057e-05,1.057e-05,505122826.00,1750118399999,5515.85353758,160,187646828.00,2085.44871995,0
2025-06-17 00:00:00,1.056e-05,1.075e-05,1.024e-05,1.067e-05,1088654557.00,1750132799999,11388.62120036,124,690083697.00,7215.68005953,0
2025-06-17 04:00:00,1.06e-05,1.063e-05,1.055e-05,1.055e-05,186320673.00,1750147199999,1975.13901010,8,18781400.00,199.64628200,0
2025-06-17 08:00:00,1.054e-05,1.054e-05,1.035e-05,1.039e-05,142283099.00,1750161599999,1485.16256610,21,959385.00,9.96801015,0
2025-06-17 12:00:00,1.044e-05,1.049e-05,9.71e-06,9.88e-06,1925898125.00,1750175999999,19494.63642035,161,281116749.00,2872.78869716,0
2025-06-17 16:00:00,9.87e-06,1.025e-05,9.66e-06,1.025e-05,477622092.00,1750190399999,4724.25017098,95,221837392.00,2219.16246657,0
2025-06-17 20:00:00,1.018e-05,1.019e-05,1.005e-05,1.019e-05,196221522.00,1750204799999,1990.31507566,63,92849800.00,941.31539317,0
2025-06-18 00:00:00,1.015e-05,1.029e-05,1.011e-05,1.021e-05,101044876.00,1750219199999,1031.22241719,54,67593932.00,690.47376470,0
2025-06-18 04:00:00,1.018e-05,1.028e-05,1.018e-05,1.024e-05,267293425.00,1750233599999,2736.35827310,57,186342997.00,1910.83825327,0
2025-06-18 08:00:00,1.024e-05,1.029e-05,9.95e-06,1.014e-05,241415748.00,1750247999999,2459.06514514,54,36658184.00,373.48173548,0
2025-06-18 12:00:00,1.012e-05,1.016e-05,9.76e-06,1.008e-05,226467126.00,1750262399999,2249.22942954,116,81620003.00,820.52029914,0
2025-06-18 16:00:00,1.007e-05,1.025e-05,9.98e-06,1.013e-05,1571118096.00,1750276799999,15859.98864952,232,433880477.00,4397.07292011,0
2025-06-18 20:00:00,1.006e-05,1.041e-05,9.99e-06,1.026e-05,545988608.00,1750291199999,5582.57745877,129,367332657.00,3772.61277523,0
2025-06-19 00:00:00,1.034e-05,1.046e-05,1.026e-05,1.036e-05,188901555.00,1750305599999,1949.06797156,35,109146475.00,1129.95652436,0
2025-06-19 04:00:00,1.036e-05,1.042e-05,1.024e-05,1.036e-05,1021740963.00,1750319999999,10571.07843101,85,893425997.00,9250.07926329,0
2025-06-19 08:00:00,1.038e-05,1.047e-05,1.037e-05,1.038e-05,148997334.00,1750334399999,1549.46784935,25,96447287.00,1004.20587408,0
2025-06-19 12:00:00,1.044e-05,1.047e-05,1.022e-05,1.027e-05,254702207.00,1750348799999,2623.68842953,42,103695673.00,1073.00902318,0
2025-06-19 16:00:00,1.028e-05,1.041e-05,1.015e-05,1.031e-05,371251534.00,1750363199999,3824.07430544,58,177369203.00,1832.43043039,0
2025-06-19 20:00:00,1.034e-05,1.041e-05,1.02e-05,1.033e-05,240428045.00,1750377599999,2482.56097464,30,134029416.00,1387.93774865,0
2025-06-20 00:00:00,1.027e-05,1.027e-05,1.013e-05,1.018e-05,70953026.00,1750391999999,724.56233871,43,10849016.00,110.95002294,0
2025-06-20 04:00:00,1.013e-05,1.037e-05,1.007e-05,1.037e-05,89086684.00,1750406399999,909.87808722,37,34395403.00,352.35032077,0
2025-06-20 08:00:00,1.038e-05,1.051e-05,1.031e-05,1.037e-05,1655679428.00,1750420799999,17150.61970389,44,1184898276.00,12269.06618122,0
2025-06-20 12:00:00,1.037e-05,1.044e-05,9.92e-06,1e-05,232276078.00,1750435199999,2377.45150560,84,52927014.00,546.25080522,0
2025-06-20 16:00:00,9.94e-06,9.95e-06,9.44e-06,9.69e-06,1618264506.00,1750449599999,15669.31684723,143,95508421.00,925.16548278,0
2025-06-20 20:00:00,9.76e-06,9.94e-06,9.73e-06,9.86e-06,969767962.00,1750463999999,9510.08776374,65,212865156.00,2096.77288865,0
2025-06-21 00:00:00,9.88e-06,1.01e-05,9.88e-06,1.01e-05,52402512.00,1750478399999,522.73067121,37,52402512.00,522.73067121,0
2025-06-21 04:00:00,1.003e-05,1.005e-05,1.003e-05,1.005e-05,29538771.00,1750492799999,296.42455157,6,0.00,0.00000000,0
2025-06-21 08:00:00,1.007e-05,1.007e-05,1.001e-05,1.001e-05,34772157.00,1750507199999,348.12347655,6,237090.00,2.38749630,0
2025-06-21 12:00:00,1.003e-05,1.003e-05,9.54e-06,9.54e-06,227055831.00,1750521599999,2210.77183741,120,14846467.00,144.60775175,0
2025-06-21 16:00:00,9.68e-06,9.71e-06,9.46e-06,9.51e-06,212593080.00,1750535999999,2028.22050568,27,37549651.00,362.94952204,0
2025-06-21 20:00:00,9.6e-06,9.62e-06,9.03e-06,9.32e-06,2662852669.00,1750550399999,24676.15011094,171,464042700.00,4325.48886643,0
2025-06-22 00:00:00,9.32e-06,9.46e-06,9.15e-06,9.19e-06,1608189994.00,1750564799999,14966.43234158,65,1361246947.00,12676.27479231,0
2025-06-22 04:00:00,9.18e-06,9.33e-06,9.18e-06,9.18e-06,233659851.00,1750579199999,2154.32783155,17,206490797.00,1903.81582040,0
2025-06-22 08:00:00,9.17e-06,9.18e-06,8.96e-06,9.1e-06,210579231.00,1750593599999,1910.07437024,45,24230436.00,221.24731069,0
2025-06-22 12:00:00,9.03e-06,9.11e-06,8.48e-06,8.65e-06,2802366919.00,1750607999999,24114.49489932,111,64562650.00,563.22986800,0
2025-06-22 16:00:00,8.66e-06,8.83e-06,8.56e-06,8.56e-06,269245145.00,1750622399999,2342.41775472,26,183668275.00,1602.38955892,0
2025-06-22 20:00:00,8.54e-06,9.08e-06,8.32e-06,8.88e-06,2514409562.00,1750636799999,21925.19558928,110,2370042544.00,20701.82450234,0
2025-06-23 00:00:00,8.88e-06,8.98e-06,8.8e-06,8.85e-06,544454011.00,1750651199999,4821.68853664,30,269750071.00,2397.93964356,0
2025-06-23 04:00:00,8.84e-06,8.99e-06,8.84e-06,8.88e-06,53352856.00,1750665599999,477.19419613,11,18627086.00,166.49573363,0
2025-06-23 08:00:00,8.89e-06,8.89e-06,8.78e-06,8.78e-06,156744102.00,1750679999999,1391.69896600,14,86042588.00,763.66506653,0
2025-06-23 12:00:00,8.86e-06,9.26e-06,8.85e-06,9.01e-06,282088360.00,1750694399999,2556.37018758,76,208232680.00,1892.89281336,0
2025-06-23 16:00:00,9e-06,9.33e-06,8.68e-06,9.22e-06,481999252.00,1750708799999,4318.68668785,103,66544856.00,610.31361233,0
2025-06-23 20:00:00,9.29e-06,9.98e-06,9.29e-06,9.94e-06,891667222.00,1750723199999,8634.80786089,140,533122812.00,5172.16913311,0
2025-06-24 00:00:00,9.98e-06,1e-05,9.86e-06,9.93e-06,51221899.00,1750737599999,508.24975527,16,44558318.00,442.39052200,0
2025-06-24 04:00:00,9.91e-06,1.025e-05,9.89e-06,9.93e-06,364967420.00,1750751999999,3668.24393279,70,152294931.00,1536.85352645,0
2025-06-24 08:00:00,9.91e-06,1.009e-05,9.83e-06,9.91e-06,66769834.00,1750766399999,663.82332531,28,27366911.00,273.26624659,0
2025-06-24 12:00:00,9.82e-06,1.005e-05,9.82e-06,9.91e-06,473300621.00,1750780799999,4724.08830917,58,133913691.00,1341.36655186,0
2025-06-24 16:00:00,1e-05,1.021e-05,9.78e-06,9.81e-06,143503354.00,1750795199999,1440.63720055,66,91159231.00,919.67519893,0
2025-06-24 20:00:00,9.83e-06,1.004e-05,9.83e-06,1.004e-05,211210256.00,1750809599999,2092.31407671,37,57834528.00,575.25020298,0
2025-06-25 00:00:00,1.004e-05,1.018e-05,1.002e-05,1.014e-05,296491491.00,1750823999999,2993.00356683,75,264611100.00,2672.23638686,0
2025-06-25 04:00:00,1.009e-05,1.015e-05,1.001e-05,1.011e-05,217815497.00,1750838399999,2205.78465230,24,209619240.00,2122.98294671,0
2025-06-25 08:00:00,1.005e-05,1.005e-05,9.91e-06,9.97e-06,311001245.00,1750852799999,3113.05561874,27,65005933.00,649.82424480,0
2025-06-25 12:00:00,9.95e-06,1.014e-05,9.68e-06,9.68e-06,251073257.00,1750867199999,2494.39979049,46,91372891.00,914.01320311,0
2025-06-25 16:00:00,9.67e-06,9.71e-06,9.56e-06,9.68e-06,69939148.00,1750881599999,673.88062446,32,50854523.00,490.68026314,0
2025-06-25 20:00:00,9.66e-06,9.66e-06,9.4e-06,9.4e-06,154001119.00,1750895999999,1459.21619916,30,38028998.00,364.15513269,0
2025-06-26 00:00:00,9.44e-06,9.75e-06,9.44e-06,9.61e-06,1247278482.00,1750910399999,12063.14781465,68,1243407593.00,12026.12168081,0
2025-06-26 04:00:00,9.59e-06,9.59e-06,9.48e-06,9.57e-06,15293121.00,1750924799999,145.87496955,13,11520344.00,109.93522668,0
2025-06-26 08:00:00,9.47e-06,9.47e-06,9.35e-06,9.35e-06,29859054.00,1750939199999,280.49633850,18,0.00,0.00000000,0
2025-06-26 12:00:00,9.39e-06,9.39e-06,9.15e-06,9.26e-06,70423224.00,1750953599999,652.58656856,92,41611163.00,386.56346058,0
2025-06-26 16:00:00,9.24e-06,9.33e-06,9.23e-06,9.33e-06,130207922.00,1750967999999,1207.60852366,25,19131845.00,178.09697506,0
2025-06-26 20:00:00,9.35e-06,9.41e-06,9.11e-06,9.17e-06,130308600.00,1750982399999,1197.45293699,41,83480373.00,766.56193626,0
2025-06-27 00:00:00,9.17e-06,9.3e-06,9.16e-06,9.3e-06,3350648536.00,1750996799999,30843.55718291,57,231473341.00,2141.82962069,0
2025-06-27 04:00:00,9.26e-06,9.33e-06,9.19e-06,9.22e-06,185190026.00,1751011199999,1709.40610765,33,75809795.00,698.73277321,0
2025-06-27 08:00:00,9.22e-06,9.3e-06,9.22e-06,9.27e-06,153390956.00,1751025599999,1418.72810578,8,93695275.00,863.89933870,0
2025-06-27 12:00:00,9.18e-06,9.23e-06,9.03e-06,9.23e-06,607127809.00,1751039999999,5496.41787272,35,16172490.00,147.43194861,0
2025-06-27 16:00:00,9.22e-06,9.38e-06,8.96e-06,9.04e-06,243323256.00,1751054399999,2229.72338563,62,143901562.00,1320.43608926,0
2025-06-27 20:00:00,9.05e-06,9.18e-06,9.05e-06,9.14e-06,527555836.00,1751068799999,4811.57418102,25,504446024.00,4600.79906968,0
2025-06-28 00:00:00,9.16e-06,9.26e-06,9.16e-06,9.22e-06,78077094.00,1751083199999,722.62061576,13,77082417.00,713.44969382,0
2025-06-28 04:00:00,9.23e-06,9.32e-06,9.23e-06,9.32e-06,17741099.00,1751097599999,165.00695292,11,16170552.00,150.46368770,0
2025-06-28 08:00:00,9.27e-06,9.42e-06,9.26e-06,9.42e-06,297579979.00,1751111999999,2768.80365574,19,35567839.00,333.22305618,0
2025-06-28 12:00:00,9.37e-06,9.39e-06,9.33e-06,9.33e-06,56216890.00,1751126399999,525.70104860,8,23819306.00,222.78363820,0
2025-06-28 16:00:00,9.43e-06,9.56e-06,9.34e-06,9.54e-06,187003509.00,1751140799999,1767.65592281,45,126014272.00,1195.01037321,0
2025-06-28 20:00:00,9.52e-06,9.6e-06,9.46e-06,9.56e-06,972575559.00,1751155199999,9306.82944835,38,261909091.00,2507.34020824,0
2025-06-29 00:00:00,9.56e-06,9.58e-06,9.48e-06,9.5e-06,399431222.00,1751169599999,3790.87250726,13,40616445.00,388.56994910,0
2025-06-29 04:00:00,9.49e-06,9.51e-06,9.46e-06,9.51e-06,5164233021.00,1751183999999,48957.80259454,133,93181174.00,883.98071349,0
2025-06-29 08:00:00,9.56e-06,9.62e-06,9.54e-06,9.59e-06,2086046681.00,1751198399999,19963.14633992,40,2015166275.00,19285.60811532,0
2025-06-29 12:00:00,9.64e-06,9.72e-06,9.58e-06,9.58e-06,5613974665.00,1751212799999,54284.99899229,88,5429445410.00,52504.19548933,0
2025-06-29 16:00:00,9.66e-06,9.66e-06,9.6e-06,9.64e-06,312621885.00,1751227199999,3002.33412737,13,264006587.00,2534.58265464,0
2025-06-29 20:00:00,9.65e-06,1.046e-05,9.58e-06,1.044e-05,447004208.00,1751241599999,4550.88232785,159,254843061.00,2579.67760729,0
2025-06-30 00:00:00,1.043e-05,1.043e-05,1.005e-05,1.006e-05,445672609.00,1751255999999,4565.60760657,62,117928844.00,1208.35088823,0
2025-06-30 04:00:00,1.008e-05,1.01e-05,9.76e-06,9.88e-06,748571072.00,1751270399999,7460.87260668,76,146947611.00,1473.99667943,0
2025-06-30 08:00:00,9.91e-06,9.91e-06,9.83e-06,9.83e-06,73749151.00,1751284799999,727.13785022,8,43245016.00,426.67212047,0
2025-06-30 12:00:00,9.82e-06,9.88e-06,9.6e-06,9.84e-06,289479542.00,1751299199999,2827.49548498,62,161670603.00,1575.27712468,0
2025-06-30 16:00:00,9.81e-06,9.91e-06,9.76e-06,9.91e-06,228014984.00,1751313599999,2251.51787843,24,81734329.00,806.47228873,0
2025-06-30 20:00:00,9.92e-06,9.96e-06,9.73e-06,9.73e-06,33374056.00,1751327999999,328.14074450,19,31710778.00,311.88834995,0
2025-07-01 00:00:00,9.76e-06,9.81e-06,9.64e-06,9.68e-06,370890213.00,1751342399999,3618.24763340,22,228977286.00,2246.01924219,0
2025-07-01 04:00:00,9.63e-06,9.63e-06,9.47e-06,9.59e-06,260642369.00,1751356799999,2485.24551447,81,148111251.00,1413.70189326,0
2025-07-01 08:00:00,9.58e-06,9.58e-06,9.41e-06,9.41e-06,261580280.00,1751371199999,2477.01191482,57,99955846.00,953.62511275,0
2025-07-01 12:00:00,9.4e-06,9.43e-06,9.36e-06,9.39e-06,1135379467.00,1751385599999,10649.92446514,20,395470646.00,3720.73749155,0
2025-07-01 16:00:00,9.38e-06,9.42e-06,9.18e-06,9.21e-06,306755139.00,1751399999999,2859.82243765,55,229929053.00,2146.23740858,0
2025-07-01 20:00:00,9.17e-06,9.26e-06,9.17e-06,9.26e-06,22794228.00,1751414399999,210.11752388,5,21927002.00,202.15385124,0
2025-07-02 00:00:00,9.25e-06,9.35e-06,9.2e-06,9.31e-06,542080643.00,1751428799999,5015.73747256,26,149678837.00,1387.52666420,0
2025-07-02 04:00:00,9.32e-06,9.51e-06,9.32e-06,9.43e-06,163456223.00,1751443199999,1543.73598564,26,66774049.00,630.73868162,0
2025-07-02 08:00:00,9.5e-06,9.6e-06,9.49e-06,9.54e-06,4100208121.00,1751457599999,39115.56590518,131,115641837.00,1098.74081270,0
2025-07-02 12:00:00,9.54e-06,9.75e-06,9.46e-06,9.71e-06,8452409273.00,1751471999999,81634.53526630,156,6083168939.00,58905.41472705,0
2025-07-02 16:00:00,9.73e-06,1.031e-05,9.73e-06,1.017e-05,783675610.00,1751486399999,7903.76367160,171,346020460.00,3483.34029309,0
2025-07-02 20:00:00,1.022e-05,1.035e-05,1.005e-05,1.005e-05,2280519644.00,1751500799999,23191.08596258,83,1127872380.00,11512.57371785,0
2025-07-03 00:00:00,1.017e-05,1.03e-05,1.014e-05,1.019e-05,85312316.00,1751515199999,869.60870808,27,27362870.00,279.79626942,0
2025-07-03 04:00:00,1.021e-05,1.066e-05,1.021e-05,1.06e-05,1344789660.00,1751529599999,14158.53083989,106,493450757.00,5192.21126473,0
2025-07-03 08:00:00,1.069e-05,1.075e-05,1.039e-05,1.039e-05,215456510.00,1751543999999,2296.93699945,58,139390563.00,1490.97449686,0
2025-07-03 12:00:00,1.048e-05,1.065e-05,9.88e-06,9.88e-06,1644739879.00,1751558399999,17057.96061013,149,1074731443.00,11164.92804138,0
2025-07-03 16:00:00,9.92e-06,1.01e-05,9.92e-06,1.008e-05,321341231.00,1751572799999,3210.96784610,25,273513076.00,2733.50472272,0
2025-07-03 20:00:00,1.006e-05,1.018e-05,1.006e-05,1.01e-05,1232973837.00,1751587199999,12500.87939202,44,1074612978.00,10903.71080113,0
2025-07-04 00:00:00,1.012e-05,1.024e-05,9.83e-06,9.93e-06,2078421448.00,1751601599999,20946.75119565,80,405147386.00,4074.78593916,0
2025-07-04 04:00:00,9.92e-06,9.94e-06,9.69e-06,9.72e-06,194799431.00,1751615999999,1910.53908697,113,140878983.00,1381.46418091,0
2025-07-04 08:00:00,9.68e-06,9.85e-06,9.68e-06,9.84e-06,138912087.00,1751630399999,1349.65374298,12,119312683.00,1158.68979508,0
2025-07-04 12:00:00,9.78e-06,9.78e-06,9.52e-06,9.52e-06,1209189830.00,1751644799999,11669.06056351,101,931328905.00,8990.75925893,0
2025-07-04 16:00:00,9.51e-06,9.63e-06,9.43e-06,9.55e-06,1348504429.00,1751659199999,12910.36834299,42,505412629.00,4840.88421529,0
2025-07-04 20:00:00,9.6e-06,9.7e-06,9.55e-06,9.64e-06,545048559.00,1751673599999,5230.96582665,29,175613761.00,1694.06800881,0
2025-07-05 00:00:00,9.67e-06,9.79e-06,9.62e-06,9.75e-06,116397629.00,1751687999999,1131.10306112,31,32541501.00,315.38694910,0
2025-07-05 04:00:00,9.74e-06,9.91e-06,9.7e-06,9.91e-06,378911989.00,1751702399999,3726.91094343,30,152934960.00,1500.03624629,0
2025-07-05 08:00:00,9.79e-06,9.81e-06,9.74e-06,9.74e-06,341122324.00,1751716799999,3339.12161923,12,63566395.00,623.05260779,0
2025-07-05 12:00:00,9.72e-06,9.72e-06,9.63e-06,9.7e-06,1074055289.00,1751731199999,10418.00587327,25,1069795849.00,10376.80338633,0
2025-07-05 16:00:00,9.66e-06,9.67e-06,9.53e-06,9.6e-06,46342013.00,1751745599999,445.54108127,21,15756183.00,151.16969513,0
2025-07-05 20:00:00,9.68e-06,9.73e-06,9.68e-06,9.68e-06,62781202.00,1751759999999,607.76512603,12,5823112.00,56.39770763,0
2025-07-06 00:00:00,9.67e-06,9.68e-06,9.58e-06,9.61e-06,952256327.00,1751774399999,9195.00225665,15,26620343.00,256.22569385,0
2025-07-06 04:00:00,9.65e-06,9.73e-06,9.58e-06,9.73e-06,162302234.00,1751788799999,1559.27375494,11,82637608.00,792.89725358,0
2025-07-06 08:00:00,9.71e-06,9.79e-06,9.69e-06,9.79e-06,56683666.00,1751803199999,550.26059173,17,16235530.00,157.96805456,0
2025-07-06 12:00:00,9.82e-06,1.017e-05,9.79e-06,1.002e-05,3193873255.00,1751817599999,31764.62822685,137,2326746696.00,23225.59670927,0
2025-07-06 16:00:00,1.006e-05,1.006e-05,9.89e-06,9.89e-06,2143020966.00,1751831999999,21441.91775010,122,83622966.00,839.36843255,0
2025-07-06 20:00:00,1.001e-05,1.032e-05,9.99e-06,1.004e-05,1327691395.00,1751846399999,13470.37642314,146,754445441.00,7724.54210344,0
2025-07-07 00:00:00,1.005e-05,1.026e-05,1.001e-05,1.02e-05,426369050.00,1751860799999,4357.99234467,28,419954546.00,4293.38818890,0
2025-07-07 04:00:00,1.017e-05,1.017e-05,1e-05,1.009e-05,1259481144.00,1751875199999,12795.66045617,44,1152275672.00,11718.19015139,0
2025-07-07 08:00:00,1.012e-05,1.016e-05,9.98e-06,9.98e-06,1303953676.00,1751889599999,13193.92772135,24,489958.00,4.97797328,0
2025-07-07 12:00:00,1.001e-05,1.006e-05,9.83e-06,9.83e-06,171468791.00,1751903999999,1709.29822739,49,73479434.00,733.17561794,0
2025-07-07 16:00:00,9.93e-06,1.012e-05,9.88e-06,9.99e-06,338761833.00,1751918399999,3371.56789185,50,52339147.00,521.61304045,0
2025-07-07 20:00:00,9.95e-06,1.007e-05,9.74e-06,9.9e-06,432115356.00,1751932799999,4249.55605806,97,152979014.00,1508.63083140,0
2025-07-08 00:00:00,9.9e-06,9.98e-06,9.77e-06,9.85e-06,1345115402.00,1751947199999,13219.08789775,51,113182529.00,1118.54136546,0
2025-07-08 04:00:00,9.76e-06,9.95e-06,9.73e-06,9.88e-06,1331194213.00,1751961599999,13149.37394313,59,23282445.00,230.12032277,0
2025-07-08 08:00:00,9.95e-06,1.007e-05,9.91e-06,1e-05,1417765966.00,1751975999999,14218.40003370,37,1350355941.00,13545.59431640,0
2025-07-08 12:00:00,1.003e-05,1.014e-05,9.94e-06,9.97e-06,1931186563.00,1751990399999,19444.99882820,92,1097724790.00,11031.26941866,0
2025-07-08 16:00:00,9.96e-06,1.028e-05,9.92e-06,1.025e-05,464912962.00,1752004799999,4728.02549771,79,340098949.00,3458.62632017,0
2025-07-08 20:00:00,1.023e-05,1.023e-05,1.013e-05,1.013e-05,92599464.00,1752019199999,943.21846242,22,46376348.00,473.09001160,0
2025-07-09 00:00:00,1.015e-05,1.016e-05,1.001e-05,1.002e-05,1365834574.00,1752033599999,13726.01119135,65,11809812.00,119.68122658,0
2025-07-09 04:00:00,1.006e-05,1.025e-05,1.006e-05,1.019e-05,1209344501.00,1752047999999,12200.81479309,32,90815444.00,925.74210336,0
2025-07-09 08:00:00,1.021e-05,1.029e-05,1.018e-05,1.028e-05,68064926.00,1752062399999,695.33502163,24,41129953.00,420.95895311,0
2025-07-09 12:00:00,1.021e-05,1.053e-05,1.017e-05,1.023e-05,1223130683.00,1752076799999,12660.73115136,142,484387568.00,5054.80444285,0
2025-07-09 16:00:00,1.029e-05,1.098e-05,1.025e-05,1.083e-05,3067182066.00,1752091199999,32616.34630982,179,2310273119.00,24691.70490706,0
2025-07-09 20:00:00,1.083e-05,1.136e-05,1.071e-05,1.107e-05,1149119091.00,1752105599999,12739.64435530,171,430707890.00,4769.24751042,0
2025-07-10 00:00:00,1.109e-05,1.114e-05,1.09e-05,1.104e-05,1619170347.00,1752119999999,17742.03062907,62,1525268854.00,16709.24184456,0
2025-07-10 04:00:00,1.101e-05,1.115e-05,1.095e-05,1.108e-05,571909926.00,1752134399999,6324.50445579,68,119180066.00,1317.89864687,0
2025-07-10 08:00:00,1.109e-05,1.121e-05,1.107e-05,1.121e-05,393259293.00,1752148799999,4386.61882189,20,358075869.00,3995.42717705,0
2025-07-10 12:00:00,1.107e-05,1.121e-05,1.1e-05,1.1e-05,2598296774.00,1752163199999,28827.38961836,59,1088949956.00,12129.11129024,0
2025-07-10 16:00:00,1.102e-05,1.172e-05,1.102e-05,1.161e-05,3255957699.00,1752177599999,37395.70222028,249,1693662849.00,19469.36045822,0
2025-07-10 20:00:00,1.163e-05,1.253e-05,1.163e-05,1.236e-05,1812289559.00,1752191999999,22052.72812179,282,1517439487.00,18449.11172464,0
2025-07-11 00:00:00,1.234e-05,1.294e-05,1.211e-05,1.281e-05,4422551909.00,1752206399999,55133.33538356,258,1329784915.00,16741.88772778,0
2025-07-11 04:00:00,1.278e-05,1.308e-05,1.249e-05,1.276e-05,3235076153.00,1752220799999,41410.55203266,309,1884452658.00,24158.95869442,0
2025-07-11 08:00:00,1.267e-05,1.288e-05,1.265e-05,1.272e-05,2008206222.00,1752235199999,25696.38867036,84,200947948.00,2571.53158121,0
2025-07-11 12:00:00,1.275e-05,1.296e-05,1.242e-05,1.242e-05,2826413616.00,1752249599999,35896.23670405,201,461472320.00,5937.42447167,0
2025-07-11 16:00:00,1.263e-05,1.324e-05,1.242e-05,1.3e-05,3521467745.00,1752263999999,45767.50774561,276,3094091503.00,40295.19470769,0
2025-07-11 20:00:00,1.296e-05,1.297e-05,1.203e-05,1.238e-05,1388596397.00,1752278399999,17418.84673056,234,99762648.00,1250.87046419,0
2025-07-12 00:00:00,1.24e-05,1.255e-05,1.21e-05,1.253e-05,880254468.00,1752292799999,10934.55719397,86,722766589.00,8980.72884125,0
2025-07-12 04:00:00,1.252e-05,1.252e-05,1.217e-05,1.245e-05,355208661.00,1752307199999,4397.94177831,63,73283958.00,910.85863914,0
2025-07-12 08:00:00,1.252e-05,1.253e-05,1.244e-05,1.244e-05,91364439.00,1752321599999,1139.17696176,13,24066398.00,301.25965080,0
2025-07-12 12:00:00,1.232e-05,1.232e-05,1.186e-05,1.193e-05,396587022.00,1752335999999,4797.67902810,156,130315326.00,1580.15165444,0
2025-07-12 16:00:00,1.203e-05,1.228e-05,1.193e-05,1.226e-05,101324472.00,1752350399999,1231.00678169,48,62329937.00,759.90040356,0
2025-07-12 20:00:00,1.226e-05,1.229e-05,1.204e-05,1.224e-05,24747643.00,1752364799999,300.66368749,27,12607387.00,153.73121069,0
2025-07-13 00:00:00,1.224e-05,1.239e-05,1.219e-05,1.229e-05,246514208.00,1752379199999,3023.41341976,37,146746037.00,1803.91535863,0
2025-07-13 04:00:00,1.228e-05,1.241e-05,1.223e-05,1.223e-05,42662485.00,1752393599999,526.24792697,17,17536334.00,216.73566828,0
2025-07-13 08:00:00,1.221e-05,1.238e-05,1.211e-05,1.238e-05,34981463.00,1752407999999,426.45627760,21,4941788.00,61.08235460,0
2025-07-13 12:00:00,1.235e-05,1.263e-05,1.231e-05,1.231e-05,916862461.00,1752422399999,11411.65732004,114,317697069.00,3971.26984654,0
2025-07-13 16:00:00,1.231e-05,1.266e-05,1.213e-05,1.248e-05,283876969.00,1752436799999,3521.95044960,136,172796636.00,2141.64454172,0
2025-07-13 20:00:00,1.245e-05,1.257e-05,1.213e-05,1.23e-05,698190442.00,1752451199999,8580.83898191,95,101058403.00,1242.70500632,0
2025-07-14 00:00:00,1.227e-05,1.301e-05,1.225e-05,1.291e-05,3418750996.00,1752465599999,43432.89447984,255,1986414342.00,25056.06422249,0
2025-07-14 04:00:00,1.295e-05,1.335e-05,1.27e-05,1.294e-05,975672802.00,1752479999999,12734.36631663,376,459758567.00,6017.38428721,0
2025-07-14 08:00:00,1.282e-05,1.282e-05,1.245e-05,1.251e-05,476915842.00,1752494399999,6005.64258621,93,258785066.00,3265.34323362,0
2025-07-14 12:00:00,1.255e-05,1.268e-05,1.214e-05,1.214e-05,564321104.00,1752508799999,7010.02702731,92,387266477.00,4819.59023395,0
2025-07-14 16:00:00,1.223e-05,1.24e-05,1.214e-05,1.218e-05,416605636.00,1752523199999,5110.53656040,58,109854487.00,1345.17832233,0
2025-07-14 20:00:00,1.22e-05,1.226e-05,1.203e-05,1.22e-05,620660986.00,1752537599999,7558.64525599,53,324404761.00,3961.03141116,0
2025-07-15 00:00:00,1.216e-05,1.23e-05,1.175e-05,1.178e-05,1800776810.00,1752551999999,21242.79826560,179,91006271.00,1093.94798850,0
2025-07-15 04:00:00,1.175e-05,1.223e-05,1.175e-05,1.198e-05,857425014.00,1752566399999,10119.97468153,87,92808455.00,1122.47867381,0
2025-07-15 08:00:00,1.198e-05,1.221e-05,1.195e-05,1.218e-05,102815186.00,1752580799999,1244.84417472,26,25734624.00,312.48709078,0
2025-07-15 12:00:00,1.222e-05,1.25e-05,1.197e-05,1.234e-05,829609617.00,1752595199999,10230.40064473,235,258525037.00,3164.53438416,0
2025-07-15 16:00:00,1.244e-05,1.288e-05,1.227e-05,1.227e-05,956523137.00,1752609599999,12071.84859283,310,321153443.00,4051.70773528,0
2025-07-15 20:00:00,1.24e-05,1.288e-05,1.239e-05,1.283e-05,957755984.00,1752623999999,12112.12402901,810,298016892.00,3759.60542219,0
2025-07-16 00:00:00,1.279e-05,1.306e-05,1.26e-05,1.263e-05,6757632247.00,1752638399999,86034.53358828,333,3873369043.00,49232.08487494,0
2025-07-16 04:00:00,1.267e-05,1.309e-05,1.25e-05,1.304e-05,444928766.00,1752652799999,5710.14319751,139,348530057.00,4477.78315344,0
2025-07-16 08:00:00,1.3e-05,1.306e-05,1.284e-05,1.3e-05,409133538.00,1752667199999,5312.17313012,84,291497926.00,3787.08497709,0
2025-07-16 12:00:00,1.303e-05,1.349e-05,1.297e-05,1.315e-05,1227010489.00,1752681599999,16156.24247574,370,746459183.00,9837.18113630,0
2025-07-16 16:00:00,1.32e-05,1.389e-05,1.316e-05,1.374e-05,1587765915.00,1752695999999,21634.48428766,325,873868850.00,11936.71638492,0
2025-07-16 20:00:00,1.381e-05,1.409e-05,1.342e-05,1.354e-05,10790659713.00,1752710399999,148804.11992009,441,5049329281.00,69777.19511211,0
2025-07-17 00:00:00,1.356e-05,1.383e-05,1.306e-05,1.316e-05,4254545515.00,1752724799999,56655.28488797,561,2052549258.00,27354.16635428,0
2025-07-17 04:00:00,1.312e-05,1.37e-05,1.312e-05,1.362e-05,1859587725.00,1752739199999,24899.60624829,341,1095389150.00,14696.46277426,0
2025-07-17 08:00:00,1.363e-05,1.382e-05,1.348e-05,1.363e-05,922140536.00,1752753599999,12571.98615125,123,487577955.00,6664.13886457,0
2025-07-17 12:00:00,1.368e-05,1.377e-05,1.326e-05,1.35e-05,1573827916.00,1752767999999,21320.11831621,192,753446323.00,10245.27041298,0
2025-07-17 16:00:00,1.346e-05,1.346e-05,1.3e-05,1.303e-05,1814960560.00,1752782399999,24094.92412472,251,887753608.00,11853.68082169,0
2025-07-17 20:00:00,1.304e-05,1.363e-05,1.283e-05,1.337e-05,3266047822.00,1752796799999,43325.00411365,378,1805128256.00,23973.30752784,0
2025-07-18 00:00:00,1.339e-05,1.394e-05,1.319e-05,1.371e-05,3590396710.00,1752811199999,49291.10000504,436,1905275425.00,26187.03534024,0
2025-07-18 04:00:00,1.371e-05,1.432e-05,1.368e-05,1.372e-05,1607040799.00,1752825599999,22555.76710119,369,1207900557.00,17005.03664002,0
2025-07-18 08:00:00,1.372e-05,1.391e-05,1.337e-05,1.346e-05,755300199.00,1752839999999,10327.95015568,247,86928061.00,1193.21026482,0
2025-07-18 12:00:00,1.346e-05,1.396e-05,1.313e-05,1.331e-05,2066920680.00,1752854399999,27953.82659948,328,125843645.00,1715.74734803,0
2025-07-18 16:00:00,1.333e-05,1.35e-05,1.306e-05,1.316e-05,844937958.00,1752868799999,11237.09295586,163,207918433.00,2786.13175173,0
2025-07-18 20:00:00,1.312e-05,1.316e-05,1.269e-05,1.293e-05,1384908384.00,1752883199999,17922.15464119,240,503935763.00,6534.70726065,0
2025-07-19 00:00:00,1.3e-05,1.34e-05,1.267e-05,1.337e-05,1096913028.00,1752897599999,14364.24415806,188,323721577.00,4257.46906451,0
2025-07-19 04:00:00,1.337e-05,1.35e-05,1.318e-05,1.325e-05,372152737.00,1752911999999,5000.86768770,69,327638611.00,4409.54003128,0
2025-07-19 08:00:00,1.316e-05,1.325e-05,1.301e-05,1.304e-05,315447287.00,1752926399999,4129.78157701,95,16405747.00,215.80860696,0
2025-07-19 12:00:00,1.3e-05,1.313e-05,1.287e-05,1.305e-05,450108951.00,1752940799999,5850.98329841,102,254483786.00,3314.14378686,0
2025-07-19 16:00:00,1.3e-05,1.335e-05,1.295e-05,1.335e-05,734374026.00,1752955199999,9599.19502350,131,492846145.00,6453.87707541,0
2025-07-19 20:00:00,1.329e-05,1.347e-05,1.315e-05,1.347e-05,510186547.00,1752969599999,6792.15917609,88,398106815.00,5312.26756374,0
2025-07-20 00:00:00,1.342e-05,1.375e-05,1.333e-05,1.363e-05,615943034.00,1752983999999,8310.17882995,187,307677589.00,4165.55540168,0
2025-07-20 04:00:00,1.366e-05,1.376e-05,1.346e-05,1.371e-05,1335742622.00,1752998399999,18171.51390654,80,422180851.00,5744.83931230,0
2025-07-20 08:00:00,1.368e-05,1.395e-05,1.368e-05,1.389e-05,160211518.00,1753012799999,2215.19643061,92,75278821.00,1043.56647729,0
2025-07-20 12:00:00,1.385e-05,1.421e-05,1.377e-05,1.421e-05,2121765688.00,1753027199999,29586.04719715,208,1605564726.00,22414.24064902,0
2025-07-20 16:00:00,1.421e-05,1.459e-05,1.406e-05,1.441e-05,3030740731.00,1753041599999,43295.56556704,451,2355364901.00,33615.19860331,0
2025-07-20 20:00:00,1.437e-05,1.437e-05,1.375e-05,1.403e-05,2449526096.00,1753055999999,34462.68511564,252,68208488.00,962.17036600,0
2025-07-21 00:00:00,1.399e-05,1.433e-05,1.372e-05,1.43e-05,2183416318.00,1753070399999,30586.17203578,219,2120526410.00,29710.49681894,0
2025-07-21 04:00:00,1.425e-05,1.446e-05,1.416e-05,1.434e-05,392910909.00,1753084799999,5620.17783907,118,277980449.00,3974.72871243,0
2025-07-21 08:00:00,1.432e-05,1.453e-05,1.403e-05,1.407e-05,1877318379.00,1753099199999,26603.74528250,236,1443808388.00,20443.60349277,0
2025-07-21 12:00:00,1.406e-05,1.442e-05,1.394e-05,1.421e-05,2707401379.00,1753113599999,38503.85080506,295,1709439229.00,24355.43795720,0
2025-07-21 16:00:00,1.417e-05,1.419e-05,1.365e-05,1.381e-05,2824109565.00,1753127999999,39393.89830806,262,596322889.00,8356.07011036,0
2025-07-21 20:00:00,1.382e-05,1.424e-05,1.376e-05,1.413e-05,6789415436.00,1753142399999,96077.41279520,196,3235747360.00,45672.37354994,0
2025-07-22 00:00:00,1.413e-05,1.473e-05,1.369e-05,1.412e-05,2483537732.00,1753156799999,35883.70105086,583,1786974647.00,25910.53743653,0
2025-07-22 04:00:00,1.407e-05,1.418e-05,1.359e-05,1.368e-05,3462841345.00,1753171199999,47847.99912166,294,1974851895.00,27343.01862008,0
2025-07-22 08:00:00,1.367e-05,1.397e-05,1.349e-05,1.397e-05,1749021213.00,1753185599999,23787.24459004,187,1050816707.00,14274.69501050,0
2025-07-22 12:00:00,1.389e-05,1.397e-05,1.353e-05,1.382e-05,577249875.00,1753199999999,7968.21392658,249,264423241.00,3667.93089705,0
2025-07-22 16:00:00,1.376e-05,1.396e-05,1.354e-05,1.359e-05,1731523953.00,1753214399999,23919.63057169,369,259721048.00,3599.61458127,0
2025-07-22 20:00:00,1.353e-05,1.417e-05,1.353e-05,1.416e-05,763621715.00,1753228799999,10670.18640094,241,652452139.00,9122.13904609,0
2025-07-23 00:00:00,1.412e-05,1.416e-05,1.384e-05,1.405e-05,1423964104.00,1753243199999,20060.39306734,111,850429618.00,11987.17419309,0
2025-07-23 04:00:00,1.407e-05,1.416e-05,1.374e-05,1.383e-05,2455416329.00,1753257599999,34184.22951691,171,204028142.00,2853.01971412,0
2025-07-23 08:00:00,1.385e-05,1.394e-05,1.357e-05,1.37e-05,1045226740.00,1753271999999,14338.72661097,139,263838963.00,3618.61282451,0
2025-07-23 12:00:00,1.368e-05,1.372e-05,1.288e-05,1.323e-05,2855274079.00,1753286399999,37933.77250073,448,1141821703.00,15275.39178973,0
2025-07-23 16:00:00,1.318e-05,1.318e-05,1.256e-05,1.281e-05,859161428.00,1753300799999,11021.51754659,239,148468367.00,1904.72735226,0
2025-07-23 20:00:00,1.276e-05,1.285e-05,1.221e-05,1.275e-05,2407567971.00,1753315199999,30334.56374380,300,841977977.00,10661.98305900,0
2025-07-24 00:00:00,1.271e-05,1.297e-05,1.271e-05,1.285e-05,1700597901.00,1753329599999,21885.67294577,175,981966315.00,12655.45684846,0
2025-07-24 04:00:00,1.285e-05,1.291e-05,1.189e-05,1.236e-05,4630787245.00,1753343999999,58204.19479299,477,2206133173.00,27750.44995352,0
2025-07-24 08:00:00,1.236e-05,1.264e-05,1.229e-05,1.264e-05,453195684.00,1753358399999,5670.44298065,163,387834034.00,4856.53660375,0
2025-07-24 12:00:00,1.265e-05,1.303e-05,1.238e-05,1.285e-05,1217101999.00,1753372799999,15624.69824706,274,583979294.00,7495.64403501,0
2025-07-24 16:00:00,1.281e-05,1.286e-05,1.251e-05,1.271e-05,320393990.00,1753387199999,4056.23897321,181,100817571.00,1286.98714492,0
2025-07-24 20:00:00,1.271e-05,1.281e-05,1.236e-05,1.236e-05,254914411.00,1753401599999,3225.70132325,116,12816813.00,162.23106736,0
2025-07-25 00:00:00,1.236e-05,1.236e-05,1.177e-05,1.192e-05,497294312.00,1753415999999,5969.97545036,183,84811340.00,1021.56745996,0
2025-07-25 04:00:00,1.188e-05,1.217e-05,1.179e-05,1.205e-05,259763163.00,1753430399999,3104.39385325,101,151500755.00,1811.26329637,0
2025-07-25 08:00:00,1.201e-05,1.238e-05,1.2e-05,1.231e-05,128184040.00,1753444799999,1563.17989577,104,78603466.00,960.11301013,0
2025-07-25 12:00:00,1.227e-05,1.239e-05,1.182e-05,1.196e-05,493730232.00,1753459199999,5944.87758636,159,78731171.00,966.39918652,0
2025-07-25 16:00:00,1.199e-05,1.222e-05,1.196e-05,1.218e-05,174461889.00,1753473599999,2099.75206588,71,54952470.00,666.97956464,0
2025-07-25 20:00:00,1.222e-05,1.256e-05,1.222e-05,1.256e-05,1560970347.00,1753487999999,19515.55072511,115,1331647420.00,16658.18730247,0
2025-07-26 00:00:00,1.252e-05,1.265e-05,1.247e-05,1.258e-05,241293549.00,1753502399999,3027.56909205,68,134361518.00,1686.64254327,0
2025-07-26 04:00:00,1.253e-05,1.258e-05,1.25e-05,1.258e-05,204782075.00,1753516799999,2567.13667634,11,163452205.00,2050.47831422,0
2025-07-26 08:00:00,1.262e-05,1.272e-05,1.258e-05,1.258e-05,92613057.00,1753531199999,1170.82759811,41,30657657.00,388.41577456,0
2025-07-26 12:00:00,1.256e-05,1.269e-05,1.247e-05,1.259e-05,725776768.00,1753545599999,9151.93035234,80,110261697.00,1390.08063846,0
2025-07-26 16:00:00,1.261e-05,1.267e-05,1.248e-05,1.265e-05,249934529.00,1753559999999,3148.45886187,38,124035291.00,1558.88117038,0
2025-07-26 20:00:00,1.262e-05,1.276e-05,1.236e-05,1.24e-05,151124988.00,1753574399999,1905.12440617,94,94890071.00,1199.49359696,0
2025-07-27 00:00:00,1.244e-05,1.266e-05,1.243e-05,1.261e-05,399652044.00,1753588799999,5004.72166285,44,36370728.00,456.99895527,0
2025-07-27 04:00:00,1.262e-05,1.269e-05,1.253e-05,1.256e-05,141261299.00,1753603199999,1788.96780812,27,121808096.00,1544.95852516,0
2025-07-27 08:00:00,1.253e-05,1.278e-05,1.244e-05,1.259e-05,133123907.00,1753617599999,1675.92765714,88,48626494.00,614.39512876,0
2025-07-27 12:00:00,1.267e-05,1.278e-05,1.253e-05,1.259e-05,311067406.00,1753631999999,3907.88763588,65,26667250.00,336.48570769,0
2025-07-27 16:00:00,1.259e-05,1.285e-05,1.259e-05,1.265e-05,261338952.00,1753646399999,3322.25830207,124,199852041.00,2543.64783051,0
2025-07-27 20:00:00,1.267e-05,1.295e-05,1.253e-05,1.272e-05,459910712.00,1753660799999,5902.25581517,142,308691520.00,3974.40663402,0
2025-07-28 00:00:00,1.275e-05,1.3e-05,1.259e-05,1.297e-05,1849852649.00,1753675199999,23796.38636385,313,1398201563.00,17999.15596465,0
2025-07-28 04:00:00,1.301e-05,1.314e-05,1.289e-05,1.291e-05,616507270.00,1753689599999,8046.15681083,116,401938201.00,5262.61422531,0
2025-07-28 08:00:00,1.299e-05,1.3e-05,1.279e-05,1.289e-05,296280313.00,1753703999999,3821.68769693,71,112859378.00,1461.29146044,0
2025-07-28 12:00:00,1.287e-05,1.299e-05,1.23e-05,1.238e-05,3228129098.00,1753718399999,40572.96349848,337,622815024.00,7771.76875751,0
2025-07-28 16:00:00,1.238e-05,1.239e-05,1.2e-05,1.205e-05,1976718720.00,1753732799999,24246.94987690,124,474729471.00,5803.46900711,0
2025-07-28 20:00:00,1.207e-05,1.207e-05,1.183e-05,1.188e-05,404566729.00,1753747199999,4837.50539355,67,255523294.00,3057.51177776,0
2025-07-29 00:00:00,1.189e-05,1.204e-05,1.168e-05,1.192e-05,1210113887.00,1753761599999,14335.41935964,126,466433287.00,5542.00979851,0
2025-07-29 04:00:00,1.194e-05,1.213e-05,1.183e-05,1.213e-05,621107223.00,1753775999999,7410.11967421,53,249327813.00,2976.99668264,0
2025-07-29 08:00:00,1.204e-05,1.204e-05,1.173e-05,1.175e-05,523616000.00,1753790399999,6204.76199516,83,53443487.00,635.54419244,0
2025-07-29 12:00:00,1.184e-05,1.195e-05,1.141e-05,1.15e-05,1190703303.00,1753804799999,13829.47335667,175,455772577.00,5295.77931339,0
2025-07-29 16:00:00,1.146e-05,1.158e-05,1.13e-05,1.145e-05,1274234205.00,1753819199999,14633.36004724,131,347744911.00,3997.42639965,0
2025-07-29 20:00:00,1.138e-05,1.154e-05,1.126e-05,1.151e-05,1196888779.00,1753833599999,13649.81477479,76,1095207231.00,12486.86383120,0
2025-07-30 00:00:00,1.146e-05,1.159e-05,1.134e-05,1.154e-05,268347822.00,1753847999999,3088.92945868,52,86694632.00,997.15163705,0
2025-07-30 04:00:00,1.158e-05,1.161e-05,1.144e-05,1.147e-05,398206850.00,1753862399999,4590.60049177,34,260789004.00,3013.28208157,0
2025-07-30 08:00:00,1.15e-05,1.154e-05,1.109e-05,1.114e-05,312474555.00,1753876799999,3501.00942135,81,22569463.00,254.85423630,0
2025-07-30 12:00:00,1.114e-05,1.147e-05,1.106e-05,1.138e-05,123962183.00,1753891199999,1396.03661755,68,59047899.00,668.79175089,0
2025-07-30 16:00:00,1.142e-05,1.154e-05,1.075e-05,1.127e-05,370694308.00,1753905599999,4160.64140819,213,119865168.00,1347.36523633,0
2025-07-30 20:00:00,1.128e-05,1.134e-05,1.114e-05,1.134e-05,307590735.00,1753919999999,3456.10594668,41,105709336.00,1187.84985025,0
2025-07-31 00:00:00,1.134e-05,1.154e-05,1.134e-05,1.154e-05,98159116.00,1753934399999,1121.54168323,63,72869162.00,832.47846849,0
2025-07-31 04:00:00,1.153e-05,1.159e-05,1.15e-05,1.158e-05,1644375455.00,1753948799999,18988.45686082,34,1245677644.00,14387.88672021,0
2025-07-31 08:00:00,1.155e-05,1.163e-05,1.15e-05,1.15e-05,699292935.00,1753963199999,8095.27049296,34,305190014.00,3545.39068107,0
2025-07-31 12:00:00,1.146e-05,1.162e-05,1.104e-05,1.118e-05,692389187.00,1753977599999,7727.68293556,266,550444337.00,6132.39688046,0
2025-07-31 16:00:00,1.119e-05,1.14e-05,1.101e-05,1.101e-05,134027651.00,1753991999999,1504.37491666,84,54457699.00,609.73840825,0
2025-07-31 20:00:00,1.1e-05,1.104e-05,1.071e-05,1.081e-05,2335285707.00,1754006399999,25436.63931105,135,440662738.00,4764.67839139,0
2025-08-01 00:00:00,1.075e-05,1.208e-05,1.045e-05,1.075e-05,1988547602.00,1754020799999,21456.50658723,615,1054868121.00,11511.55190648,0
2025-08-01 04:00:00,1.073e-05,1.073e-05,1.05e-05,1.055e-05,258923979.00,1754035199999,2749.94944266,84,27514450.00,293.63227874,0
2025-08-01 08:00:00,1.052e-05,1.059e-05,1.036e-05,1.059e-05,146522943.00,1754049599999,1538.99966724,67,100121686.00,1054.07294714,0
2025-08-01 12:00:00,1.055e-05,1.071e-05,1.029e-05,1.066e-05,219821392.00,1754063999999,2318.35167527,124,90956232.00,962.83924395,0
2025-08-01 16:00:00,1.066e-05,1.074e-05,1.04e-05,1.067e-05,229598500.00,1754078399999,2429.45563126,107,71397390.00,758.91950667,0
2025-08-01 20:00:00,1.067e-05,1.067e-05,1.007e-05,1.041e-05,506891332.00,1754092799999,5234.03385515,257,142766264.00,1494.26533369,0
2025-08-02 00:00:00,1.041e-05,1.055e-05,1.041e-05,1.055e-05,161540823.00,1754107199999,1700.61175057,41,127653674.00,1343.90664946,0
2025-08-02 04:00:00,1.055e-05,1.061e-05,1.031e-05,1.058e-05,738803569.00,1754121599999,7816.91265175,59,609121112.00,6448.50266598,0
2025-08-02 08:00:00,1.059e-05,1.059e-05,1.029e-05,1.037e-05,160170261.00,1754135999999,1668.52484518,45,20867853.00,218.39867391,0
2025-08-02 12:00:00,1.033e-05,1.04e-05,1.017e-05,1.017e-05,283562524.00,1754150399999,2913.48969089,46,42234248.00,436.61808972,0
2025-08-02 16:00:00,1.02e-05,1.027e-05,9.87e-06,1.004e-05,848192709.00,1754164799999,8510.18444838,230,508014804.00,5101.93290912,0
2025-08-02 20:00:00,1.007e-05,1.021e-05,1.003e-05,1.015e-05,249155836.00,1754179199999,2519.53020212,67,89953931.00,911.96979810,0
2025-08-03 00:00:00,1.011e-05,1.031e-05,9.98e-06,1.03e-05,95573808.00,1754193599999,967.15486901,57,38222168.00,390.87727210,0
2025-08-03 04:00:00,1.031e-05,1.037e-05,1.031e-05,1.037e-05,527123204.00,1754207999999,5440.09442677,21,15729494.00,162.71248598,0
2025-08-03 08:00:00,1.033e-05,1.053e-05,1.033e-05,1.047e-05,88123235.00,1754222399999,921.60600275,44,37790456.00,395.76056053,0
2025-08-03 12:00:00,1.045e-05,1.052e-05,1.043e-05,1.046e-05,823581769.00,1754236799999,8605.62446974,35,29798157.00,312.28291207,0
2025-08-03 16:00:00,1.045e-05,1.052e-05,1.042e-05,1.048e-05,220047163.00,1754251199999,2309.98289393,44,214958367.00,2256.69640273,0
2025-08-03 20:00:00,1.047e-05,1.052e-05,1.043e-05,1.043e-05,1152510809.00,1754265599999,12071.97041990,43,1074648293.00,11256.33690064,0
2025-08-04 00:00:00,1.046e-05,1.067e-05,1.046e-05,1.054e-05,1037000280.00,1754279999999,10914.68291076,56,1004760505.00,10573.39067989,0
2025-08-04 04:00:00,1.055e-05,1.055e-05,1.042e-05,1.052e-05,538014263.00,1754294399999,5656.58845024,25,377566976.00,3977.89403421,0
2025-08-04 08:00:00,1.054e-05,1.058e-05,1.037e-05,1.038e-05,403227776.00,1754308799999,4219.18032883,23,10694931.00,113.11507590,0
2025-08-04 12:00:00,1.04e-05,1.066e-05,1.04e-05,1.051e-05,138514597.00,1754323199999,1456.29491224,56,121823941.00,1280.58013842,0
2025-08-04 16:00:00,1.055e-05,1.08e-05,1.049e-05,1.049e-05,350659707.00,1754337599999,3741.65899464,63,239565853.00,2562.50147221,0
2025-08-04 20:00:00,1.055e-05,1.079e-05,1.055e-05,1.077e-05,376724302.00,1754351999999,4050.81211499,49,220682411.00,2373.42096160,0
2025-08-05 00:00:00,1.075e-05,1.077e-05,1.05e-05,1.05e-05,279568629.00,1754366399999,2976.66820307,91,126772914.00,1362.35655788,0
2025-08-05 04:00:00,1.049e-05,1.059e-05,1.033e-05,1.033e-05,232749334.00,1754380799999,2437.88789273,62,18825993.00,198.36200085,0
2025-08-05 08:00:00,1.037e-05,1.067e-05,1.037e-05,1.067e-05,182016722.00,1754395199999,1919.01117706,44,104120599.00,1104.27381478,0
2025-08-05 12:00:00,1.063e-05,1.063e-05,1.006e-05,1.013e-05,1852082745.00,1754409599999,18850.09473935,148,34697136.00,359.44988592,0
2025-08-05 16:00:00,1.015e-05,1.022e-05,1.006e-05,1.006e-05,93644177.00,1754423999999,951.46500188,40,71553885.00,727.99820245,0
2025-08-05 20:00:00,1.011e-05,1.021e-05,1.001e-05,1.021e-05,56460334.00,1754438399999,570.70344811,37,26227593.00,265.74759868,0
2025-08-06 00:00:00,1.02e-05,1.02e-05,9.99e-06,9.99e-06,113151130.00,1754452799999,1136.11244854,60,19542757.00,198.38654499,0
2025-08-06 04:00:00,9.99e-06,1.027e-05,9.97e-06,1.026e-05,316849891.00,1754467199999,3199.64468406,54,126635442.00,1278.92766310,0
2025-08-06 08:00:00,1.022e-05,1.034e-05,1.018e-05,1.029e-05,68567776.00,1754481599999,704.11035977,28,37012129.00,379.66836673,0
2025-08-06 12:00:00,1.032e-05,1.055e-05,1.024e-05,1.055e-05,1551184288.00,1754495999999,16040.07867456,68,1391181250.00,14374.11861363,0
2025-08-06 16:00:00,1.056e-05,1.058e-05,1.043e-05,1.049e-05,237995399.00,1754510399999,2496.76557574,22,75586709.00,793.50903566,0
2025-08-06 20:00:00,1.052e-05,1.057e-05,1.047e-05,1.053e-05,39421589.00,1754524799999,414.16808948,9,6723166.00,70.95284360,0
2025-08-07 00:00:00,1.053e-05,1.059e-05,1.045e-05,1.047e-05,330025670.00,1754539199999,3453.39956959,27,23117079.00,243.37170391,0
2025-08-07 04:00:00,1.052e-05,1.055e-05,1.046e-05,1.053e-05,69017805.00,1754553599999,724.16395985,16,30792618.00,324.00367699,0
2025-08-07 08:00:00,1.055e-05,1.089e-05,1.049e-05,1.089e-05,269310363.00,1754567999999,2902.10797247,61,244062171.00,2633.19609516,0
2025-08-07 12:00:00,1.089e-05,1.097e-05,1.081e-05,1.09e-05,512046400.00,1754582399999,5568.62067817,44,439700931.00,4781.89787464,0
2025-08-07 16:00:00,1.086e-05,1.094e-05,1.058e-05,1.09e-05,910114535.00,1754596799999,9857.45943734,140,207025812.00,2248.38305110,0
2025-08-07 20:00:00,1.09e-05,1.171e-05,1.09e-05,1.113e-05,1893181759.00,1754611199999,21043.83590217,284,1799433180.00,20001.69909748,0
2025-08-08 00:00:00,1.11e-05,1.124e-05,1.099e-05,1.11e-05,487621088.00,1754625599999,5400.10086708,107,180591285.00,1998.34427789,0
2025-08-08 04:00:00,1.106e-05,1.13e-05,1.097e-05,1.13e-05,286081408.00,1754639999999,3201.97109053,60,248805193.00,2791.92781405,0
2025-08-08 08:00:00,1.128e-05,1.137e-05,1.109e-05,1.12e-05,324401425.00,1754654399999,3626.66211920,102,102426663.00,1147.94092313,0
2025-08-08 12:00:00,1.12e-05,1.145e-05,1.105e-05,1.123e-05,456287052.00,1754668799999,5121.56705769,186,292876297.00,3292.22703309,0
2025-08-08 16:00:00,1.125e-05,1.196e-05,1.123e-05,1.192e-05,787628424.00,1754683199999,9280.00082922,208,736754067.00,8689.94247240,0
2025-08-08 20:00:00,1.195e-05,1.203e-05,1.179e-05,1.183e-05,449167784.00,1754697599999,5350.17529520,99,371129357.00,4423.61779787,0
2025-08-09 00:00:00,1.183e-05,1.183e-05,1.166e-05,1.166e-05,548239884.00,1754711999999,6448.10579341,41,54892049.00,642.55529328,0
2025-08-09 04:00:00,1.165e-05,1.236e-05,1.164e-05,1.228e-05,2320308634.00,1754726399999,28224.18640694,247,602195428.00,7293.79657240,0
2025-08-09 08:00:00,1.231e-05,1.243e-05,1.227e-05,1.24e-05,1324918278.00,1754740799999,16383.26457253,59,1293751148.00,15998.91307971,0
2025-08-09 12:00:00,1.24e-05,1.266e-05,1.221e-05,1.23e-05,525211669.00,1754755199999,6532.23100313,368,248323172.00,3091.71296721,0
2025-08-09 16:00:00,1.236e-05,1.246e-05,1.222e-05,1.24e-05,173783829.00,1754769599999,2149.34403342,75,159794832.00,1976.83387391,0
2025-08-09 20:00:00,1.241e-05,1.257e-05,1.235e-05,1.24e-05,165477595.00,1754783999999,2053.31004218,76,31151931.00,388.42072193,0
2025-08-10 00:00:00,1.244e-05,1.263e-05,1.236e-05,1.261e-05,2407990632.00,1754798399999,29981.83396756,157,296478803.00,3727.35409767,0
2025-08-10 04:00:00,1.258e-05,1.262e-05,1.201e-05,1.201e-05,761726536.00,1754812799999,9370.14993978,144,129792090.00,1623.66997342,0
2025-08-10 08:00:00,1.199e-05,1.211e-05,1.186e-05,1.196e-05,287405950.00,1754827199999,3438.89631137,92,45042054.00,540.35801169,0
2025-08-10 12:00:00,1.193e-05,1.205e-05,1.181e-05,1.198e-05,1314399808.00,1754841599999,15737.38639034,67,438278265.00,5242.83388316,0
2025-08-10 16:00:00,1.201e-05,1.217e-05,1.199e-05,1.217e-05,208679205.00,1754855999999,2529.44291463,40,203995346.00,2473.19106888,0
2025-08-10 20:00:00,1.209e-05,1.21e-05,1.19e-05,1.208e-05,1667172829.00,1754870399999,19995.85019210,54,1610583148.00,19315.70445727,0
2025-08-11 00:00:00,1.208e-05,1.239e-05,1.205e-05,1.231e-05,1845863028.00,1754884799999,22697.46770858,102,1504953134.00,18505.80050638,0
2025-08-11 04:00:00,1.236e-05,1.24e-05,1.198e-05,1.198e-05,57059275.00,1754899199999,695.07676742,70,17609054.00,216.59969743,0
2025-08-11 08:00:00,1.2e-05,1.211e-05,1.156e-05,1.161e-05,871647671.00,1754913599999,10281.85647874,142,31495191.00,374.77537848,0
2025-08-11 12:00:00,1.163e-05,1.174e-05,1.146e-05,1.174e-05,664658527.00,1754927999999,7701.90038643,128,85844302.00,996.62493002,0
2025-08-11 16:00:00,1.175e-05,1.185e-05,1.139e-05,1.14e-05,304059077.00,1754942399999,3531.49672454,156,215171076.00,2500.50096829,0
2025-08-11 20:00:00,1.143e-05,1.145e-05,1.115e-05,1.125e-05,211046611.00,1754956799999,2390.91734987,90,39711438.00,451.41281632,0
2025-08-12 00:00:00,1.122e-05,1.138e-05,1.122e-05,1.124e-05,208880365.00,1754971199999,2354.55343672,39,21941881.00,247.85661860,0
2025-08-12 04:00:00,1.122e-05,1.134e-05,1.114e-05,1.134e-05,236084950.00,1754985599999,2647.55852325,85,24301484.00,274.27639329,0
2025-08-12 08:00:00,1.127e-05,1.135e-05,1.11e-05,1.123e-05,691570128.00,1754999999999,7786.75949855,57,15889280.00,179.40511556,0
2025-08-12 12:00:00,1.125e-05,1.2e-05,1.125e-05,1.198e-05,1120723084.00,1755014399999,13034.62719663,364,1024921861.00,11920.28983610,0
2025-08-12 16:00:00,1.2e-05,1.218e-05,1.188e-05,1.215e-05,948876823.00,1755028799999,11463.52342814,123,245037875.00,2969.54068781,0
2025-08-12 20:00:00,1.218e-05,1.233e-05,1.215e-05,1.222e-05,839660000.00,1755043199999,10267.75109489,155,412335584.00,5055.99300289,0
2025-08-13 00:00:00,1.219e-05,1.239e-05,1.205e-05,1.231e-05,1005510670.00,1755057599999,12286.83778204,157,655640217.00,8048.78143077,0
2025-08-13 04:00:00,1.236e-05,1.245e-05,1.199e-05,1.217e-05,667392287.00,1755071999999,8162.62922244,165,542020521.00,6643.21563574,0
2025-08-13 08:00:00,1.218e-05,1.249e-05,1.218e-05,1.235e-05,3927981297.00,1755086399999,48502.62920341,151,3081136256.00,38072.58010984,0
2025-08-13 12:00:00,1.234e-05,1.243e-05,1.198e-05,1.217e-05,1401877908.00,1755100799999,17142.50545012,227,82970775.00,1016.57131669,0
2025-08-13 16:00:00,1.214e-05,1.226e-05,1.203e-05,1.222e-05,599388569.00,1755115199999,7309.57781878,83,572909632.00,6988.31181177,0
2025-08-13 20:00:00,1.223e-05,1.238e-05,1.213e-05,1.227e-05,291291137.00,1755129599999,3579.48915817,121,238858724.00,2937.96928811,0
2025-08-14 00:00:00,1.226e-05,1.269e-05,1.211e-05,1.256e-05,3575446387.00,1755143999999,44670.82544602,325,3282745308.00,41033.17473705,0
2025-08-14 04:00:00,1.254e-05,1.254e-05,1.197e-05,1.209e-05,237846296.00,1755158399999,2905.02934291,207,71105972.00,867.84212187,0
2025-08-14 08:00:00,1.205e-05,1.205e-05,1.174e-05,1.176e-05,595801450.00,1755172799999,7044.37584290,95,210876022.00,2499.19382067,0
2025-08-14 12:00:00,1.184e-05,1.187e-05,1.099e-05,1.122e-05,4381646019.00,1755187199999,49010.37536019,361,1604867013.00,17978.17995471,0
2025-08-14 16:00:00,1.12e-05,1.12e-05,1.094e-05,1.105e-05,733369868.00,1755201599999,8125.43084539,89,294784081.00,3272.23157637,0
2025-08-14 20:00:00,1.102e-05,1.11e-05,1.082e-05,1.106e-05,1034665480.00,1755215999999,11385.62626205,85,662062099.00,7281.24589665,0
2025-08-15 00:00:00,1.108e-05,1.119e-05,1.099e-05,1.119e-05,941566590.00,1755230399999,10486.44185862,50,658314416.00,7360.78817026,0
2025-08-15 04:00:00,1.118e-05,1.125e-05,1.103e-05,1.114e-05,62582932.00,1755244799999,699.05894815,40,48562423.00,543.38352001,0
2025-08-15 08:00:00,1.118e-05,1.118e-05,1.104e-05,1.11e-05,1159456457.00,1755259199999,12826.91655187,31,25878828.00,288.13552761,0
2025-08-15 12:00:00,1.106e-05,1.121e-05,1.062e-05,1.07e-05,505678310.00,1755273599999,5512.07129961,163,104228535.00,1147.41441904,0
2025-08-15 16:00:00,1.063e-05,1.078e-05,1.054e-05,1.067e-05,531267506.00,1755287999999,5687.36618390,81,144074501.00,1545.47271424,0
2025-08-15 20:00:00,1.064e-05,1.094e-05,1.059e-05,1.08e-05,2340045602.00,1755302399999,25083.34863152,62,1718320249.00,18447.29917275,0
2025-08-16 00:00:00,1.08e-05,1.094e-05,1.08e-05,1.091e-05,211025651.00,1755316799999,2301.63290315,17,185387991.00,2022.38399175,0
2025-08-16 04:00:00,1.087e-05,1.09e-05,1.082e-05,1.082e-05,280566868.00,1755331199999,3046.41600238,10,1580449.00,17.21864368,0
2025-08-16 08:00:00,1.082e-05,1.09e-05,1.082e-05,1.086e-05,44662297.00,1755345599999,485.19273320,14,7008740.00,76.22869294,0
2025-08-16 12:00:00,1.09e-05,1.105e-05,1.089e-05,1.104e-05,870214486.00,1755359999999,9594.10031407,78,127876804.00,1402.94799014,0
2025-08-16 16:00:00,1.105e-05,1.108e-05,1.096e-05,1.099e-05,111068985.00,1755374399999,1222.58761597,32,51598920.00,569.26274199,0
2025-08-16 20:00:00,1.098e-05,1.11e-05,1.098e-05,1.109e-05,385565378.00,1755388799999,4258.68611867,57,383258617.00,4233.28258357,0
2025-08-17 00:00:00,1.104e-05,1.115e-05,1.102e-05,1.112e-05,129334021.00,1755403199999,1438.42255595,20,97241179.00,1083.85271415,0
2025-08-17 04:00:00,1.118e-05,1.127e-05,1.117e-05,1.126e-05,302465146.00,1755417599999,3394.03879427,41,131596415.00,1480.98960750,0
2025-08-17 08:00:00,1.128e-05,1.131e-05,1.12e-05,1.122e-05,223941877.00,1755431999999,2511.42877804,26,26111400.00,295.08134042,0
2025-08-17 12:00:00,1.122e-05,1.144e-05,1.122e-05,1.144e-05,148441115.00,1755446399999,1673.18239253,32,83553800.00,943.29121802,0
2025-08-17 16:00:00,1.145e-05,1.155e-05,1.107e-05,1.114e-05,1573633822.00,1755460799999,17812.50311065,140,268937757.00,3090.96071857,0
2025-08-17 20:00:00,1.118e-05,1.128e-05,1.11e-05,1.113e-05,504597868.00,1755475199999,5637.99370570,38,366454868.00,4095.32190352,0
2025-08-18 00:00:00,1.111e-05,1.113e-05,1.063e-05,1.075e-05,797786626.00,1755489599999,8642.36142325,161,416705786.00,4524.49590534,0
2025-08-18 04:00:00,1.075e-05,1.084e-05,1.062e-05,1.068e-05,288730082.00,1755503999999,3112.14325908,46,248859143.00,2683.89981027,0
2025-08-18 08:00:00,1.066e-05,1.145e-05,1.056e-05,1.067e-05,1955836474.00,1755518399999,21171.25323690,286,1662011664.00,18044.81734517,0
2025-08-18 12:00:00,1.071e-05,1.078e-05,1.064e-05,1.076e-05,478045404.00,1755532799999,5125.42805242,43,245270126.00,2638.44655638,0
2025-08-18 16:00:00,1.076e-05,1.086e-05,1.064e-05,1.08e-05,798926485.00,1755547199999,8601.87568573,53,467954680.00,5054.01577654,0
2025-08-18 20:00:00,1.076e-05,1.087e-05,1.069e-05,1.069e-05,944324556.00,1755561599999,10150.16846331,71,346421939.00,3735.51273507,0
2025-08-19 00:00:00,1.073e-05,1.083e-05,1.041e-05,1.048e-05,2035589949.00,1755575999999,21637.00012241,131,431909395.00,4645.59623509,0
2025-08-19 04:00:00,1.047e-05,1.056e-05,1.04e-05,1.048e-05,432140928.00,1755590399999,4537.10216728,36,285505161.00,2998.20363592,0
2025-08-19 08:00:00,1.052e-05,1.076e-05,1.052e-05,1.076e-05,807624762.00,1755604799999,8598.34417397,41,768008683.00,8179.95080077,0
2025-08-19 12:00:00,1.076e-05,1.082e-05,1.036e-05,1.044e-05,1284599361.00,1755619199999,13624.13650159,182,317109758.00,3389.07764334,0
2025-08-19 16:00:00,1.043e-05,1.049e-05,1.02e-05,1.033e-05,1675272796.00,1755633599999,17352.53012163,140,668379513.00,6950.07942438,0
2025-08-19 20:00:00,1.029e-05,1.04e-05,1.02e-05,1.02e-05,534978955.00,1755647999999,5506.80643974,88,49940616.00,516.61328040,0
2025-08-20 00:00:00,1.026e-05,1.04e-05,1.015e-05,1.036e-05,92159699.00,1755662399999,946.98288718,58,41704871.00,430.32008917,0
2025-08-20 04:00:00,1.04e-05,1.041e-05,1.036e-05,1.036e-05,886369878.00,1755676799999,9223.97189158,21,815714167.00,8491.28408761,0
2025-08-20 08:00:00,1.04e-05,1.043e-05,1.026e-05,1.033e-05,454468523.00,1755691199999,4729.99793218,20,403425665.00,4201.75690207,0
2025-08-20 12:00:00,1.037e-05,1.05e-05,1.004e-05,1.044e-05,1370346699.00,1755705599999,14187.96123725,140,1291516486.00,13386.24389679,0
2025-08-20 16:00:00,1.048e-05,1.069e-05,1.045e-05,1.069e-05,117555811.00,1755719999999,1244.00179763,65,102476833.00,1085.73854123,0
2025-08-20 20:00:00,1.069e-05,1.071e-05,1.064e-05,1.064e-05,858479095.00,1755734399999,9184.96917613,23,850513919.00,9100.17984306,0
2025-08-21 00:00:00,1.06e-05,1.073e-05,1.055e-05,1.063e-05,78484264.00,1755748799999,837.38889507,36,27417431.00,292.70916876,0
2025-08-21 04:00:00,1.063e-05,1.07e-05,1.054e-05,1.054e-05,340443495.00,1755763199999,3614.42997663,20,6226767.00,66.18065128,0
2025-08-21 08:00:00,1.059e-05,1.062e-05,1.039e-05,1.039e-05,202775382.00,1755777599999,2118.19307008,36,33975013.00,358.03874935,0
2025-08-21 12:00:00,1.038e-05,1.048e-05,1.021e-05,1.026e-05,1708244899.00,1755791999999,17797.28449563,91,329899946.00,3425.93693955,0
2025-08-21 16:00:00,1.029e-05,1.044e-05,1.026e-05,1.033e-05,59859864.00,1755806399999,620.50373217,28,45026742.00,467.72822072,0
2025-08-21 20:00:00,1.029e-05,1.044e-05,1.029e-05,1.037e-05,78915823.00,1755820799999,820.59338532,23,48134917.00,500.74552986,0
2025-08-22 00:00:00,1.04e-05,1.05e-05,1.033e-05,1.033e-05,58240433.00,1755835199999,607.90384214,39,32606741.00,341.32417158,0
2025-08-22 04:00:00,1.037e-05,1.044e-05,1.037e-05,1.044e-05,31683939.00,1755849599999,329.46193094,17,14511839.00,151.05789714,0
2025-08-22 08:00:00,1.047e-05,1.047e-05,1.016e-05,1.016e-05,76794065.00,1755863999999,788.34839445,52,2107302.00,21.80631490,0
2025-08-22 12:00:00,1.015e-05,1.096e-05,9.83e-06,1.089e-05,1352976888.00,1755878399999,14298.07684471,436,1105445706.00,11784.76088249,0
2025-08-22 16:00:00,1.094e-05,1.141e-05,1.094e-05,1.14e-05,2195632429.00,1755892799999,24577.94260515,236,1719794966.00,19284.84007887,0
2025-08-22 20:00:00,1.137e-05,1.169e-05,1.135e-05,1.158e-05,2617751890.00,1755907199999,30104.24249956,283,1387342617.00,16074.49198745,0
2025-08-23 00:00:00,1.156e-05,1.156e-05,1.1e-05,1.11e-05,785461373.00,1755921599999,8918.40407798,180,153931686.00,1754.44250109,0
2025-08-23 04:00:00,1.11e-05,1.16e-05,1.11e-05,1.143e-05,1303996644.00,1755935999999,14886.53459419,151,361100617.00,4083.32524993,0
2025-08-23 08:00:00,1.146e-05,1.15e-05,1.126e-05,1.126e-05,1277759137.00,1755950399999,14480.57465595,63,333874500.00,3779.14881034,0
2025-08-23 12:00:00,1.128e-05,1.134e-05,1.121e-05,1.13e-05,144253248.00,1755964799999,1628.19536481,43,108328010.00,1223.88193524,0
2025-08-23 16:00:00,1.126e-05,1.132e-05,1.121e-05,1.132e-05,640475497.00,1755979199999,7224.40592269,20,326576020.00,3693.14444150,0
2025-08-23 20:00:00,1.129e-05,1.129e-05,1.122e-05,1.127e-05,1007444833.00,1755993599999,11355.31570328,19,11233684.00,126.79989979,0
2025-08-24 00:00:00,1.124e-05,1.135e-05,1.117e-05,1.119e-05,163628855.00,1756007999999,1847.58369742,74,16400889.00,185.06377426,0
2025-08-24 04:00:00,1.122e-05,1.124e-05,1.088e-05,1.102e-05,1113793149.00,1756022399999,12256.12655638,115,19251820.00,213.22090552,0
2025-08-24 08:00:00,1.098e-05,1.101e-05,1.07e-05,1.07e-05,323651148.00,1756036799999,3489.53163108,66,8974429.00,97.02540434,0
2025-08-24 12:00:00,1.078e-05,1.094e-05,1.075e-05,1.08e-05,125471933.00,1756051199999,1357.56996324,38,48115222.00,519.98536332,0
2025-08-24 16:00:00,1.085e-05,1.147e-05,1.073e-05,1.098e-05,4614369074.00,1756065599999,51182.45689003,395,3682497628.00,40849.29032143,0
2025-08-24 20:00:00,1.1e-05,1.1e-05,1.069e-05,1.083e-05,3413179881.00,1756079999999,37087.31088563,153,1342743409.00,14662.52053757,0
2025-08-25 00:00:00,1.086e-05,1.105e-05,1.055e-05,1.089e-05,2766682656.00,1756094399999,30106.98001961,157,1837032199.00,20142.76558426,0
2025-08-25 04:00:00,1.088e-05,1.088e-05,1.028e-05,1.028e-05,931740179.00,1756108799999,9768.05632828,160,90008261.00,949.43529137,0
2025-08-25 08:00:00,1.027e-05,1.037e-05,1.011e-05,1.021e-05,217642711.00,1756123199999,2229.34463892,64,74783525.00,770.51750105,0
2025-08-25 12:00:00,1.022e-05,1.028e-05,1.014e-05,1.014e-05,173246186.00,1756137599999,1769.15828948,26,83699900.00,855.46306455,0
2025-08-25 16:00:00,1.011e-05,1.024e-05,9.91e-06,9.91e-06,1100459070.00,1756151999999,11131.78254464,107,175697803.00,1790.79848576,0
2025-08-25 20:00:00,9.9e-06,9.9e-06,9.58e-06,9.76e-06,1862996875.00,1756166399999,18030.83703766,190,477172857.00,4632.83274860,0
2025-08-26 00:00:00,9.76e-06,9.94e-06,9.72e-06,9.79e-06,804385910.00,1756180799999,7928.17506338,72,206675175.00,2036.53272910,0
2025-08-26 04:00:00,9.79e-06,9.97e-06,9.76e-06,9.97e-06,156284430.00,1756195199999,1538.28291245,59,63493074.00,627.84625524,0
2025-08-26 08:00:00,9.93e-06,1.008e-05,9.9e-06,9.95e-06,1608246432.00,1756209599999,16021.39400247,58,1471479322.00,14656.93100453,0
2025-08-26 12:00:00,9.95e-06,1.01e-05,9.88e-06,9.97e-06,520159709.00,1756223999999,5181.97950921,106,91940265.00,921.65714702,0
2025-08-26 16:00:00,9.95e-06,1.014e-05,9.95e-06,1.014e-05,294234889.00,1756238399999,2964.28898670,51,289596101.00,2917.72611566,0
2025-08-26 20:00:00,1.012e-05,1.017e-05,1.009e-05,1.012e-05,190973365.00,1756252799999,1932.59540297,29,35073328.00,355.77300681,0
2025-08-27 00:00:00,1.007e-05,1.023e-05,9.99e-06,1.023e-05,156904137.00,1756267199999,1587.55771616,63,92203444.00,938.23801331,0
2025-08-27 04:00:00,1.024e-05,1.028e-05,1.011e-05,1.011e-05,707111255.00,1756281599999,7203.23283900,56,339376246.00,3456.34272471,0
2025-08-27 08:00:00,1.012e-05,1.023e-05,1.009e-05,1.015e-05,1087121515.00,1756295999999,11066.69937303,93,131568515.00,1339.22712997,0
2025-08-27 12:00:00,1.018e-05,1.021e-05,1.006e-05,1.012e-05,115187105.00,1756310399999,1168.30505337,43,32254623.00,328.26741534,0
2025-08-27 16:00:00,1.014e-05,1.018e-05,9.99e-06,1.007e-05,56056007.00,1756324799999,565.12392132,67,18727719.00,189.30436554,0
2025-08-27 20:00:00,1.005e-05,1.018e-05,9.98e-06,1.003e-05,1463430190.00,1756339199999,14828.73902717,96,1390724682.00,14098.90564094,0
2025-08-28 00:00:00,1.005e-05,1.016e-05,9.98e-06,1.012e-05,481446840.00,1756353599999,4853.05680308,47,16661316.00,168.35585274,0
2025-08-28 04:00:00,1.012e-05,1.021e-05,1.011e-05,1.011e-05,63572994.00,1756367999999,646.06425010,40,46535119.00,473.49471003,0
2025-08-28 08:00:00,1.018e-05,1.024e-05,1.011e-05,1.018e-05,104647789.00,1756382399999,1060.83822282,19,26190873.00,267.24478425,0
2025-08-28 12:00:00,1.018e-05,1.023e-05,1.008e-05,1.008e-05,143719840.00,1756396799999,1466.88473956,26,115877642.00,1184.68261695,0
2025-08-28 16:00:00,1.015e-05,1.017e-05,9.94e-06,9.97e-06,341510144.00,1756411199999,3422.85694432,69,40130765.00,404.55185600,0
2025-08-28 20:00:00,9.96e-06,1.023e-05,9.95e-06,1.018e-05,55194850.00,1756425599999,560.20263453,47,49258015.00,500.74792008,0
2025-08-29 00:00:00,1.022e-05,1.024e-05,1.011e-05,1.021e-05,55467974.00,1756439999999,565.78074673,24,46666977.00,476.52777991,0
2025-08-29 04:00:00,1.018e-05,1.018e-05,9.85e-06,9.86e-06,309515553.00,1756454399999,3097.89203900,90,36145308.00,361.96333370,0
2025-08-29 08:00:00,9.84e-06,9.84e-06,9.67e-06,9.84e-06,357834077.00,1756468799999,3475.78315121,65,77621952.00,755.20877024,0
2025-08-29 12:00:00,9.82e-06,1.003e-05,9.61e-06,9.67e-06,615298054.00,1756483199999,5997.99324566,142,289955328.00,2840.29268570,0
2025-08-29 16:00:00,9.64e-06,9.69e-06,9.5e-06,9.69e-06,1548313905.00,1756497599999,14847.92633673,96,988357583.00,9473.19003136,0
2025-08-29 20:00:00,9.63e-06,9.77e-06,9.63e-06,9.77e-06,51841400.00,1756511999999,501.88515554,19,17404340.00,169.26774246,0
2025-08-30 00:00:00,9.77e-06,1.004e-05,9.77e-06,1.004e-05,73036156.00,1756526399999,723.89181083,60,68550937.00,679.06049765,0
2025-08-30 04:00:00,1.001e-05,1.001e-05,9.96e-06,1e-05,607418264.00,1756540799999,6057.92466358,15,123616743.00,1234.38096812,0
2025-08-30 08:00:00,9.99e-06,9.99e-06,9.93e-06,9.93e-06,10588796.00,1756555199999,105.40996626,3,2000000.00,19.98000000,0
2025-08-30 12:00:00,9.94e-06,9.94e-06,9.8e-06,9.87e-06,108828553.00,1756569599999,1073.05608021,60,77426970.00,763.59014236,0
2025-08-30 16:00:00,9.87e-06,9.87e-06,9.79e-06,9.83e-06,69741305.00,1756583999999,683.59683782,27,18386658.00,180.75882663,0
2025-08-30 20:00:00,9.84e-06,9.86e-06,9.78e-06,9.82e-06,197875973.00,1756598399999,1947.72171641,27,183146108.00,1803.17493121,0
2025-08-31 00:00:00,9.85e-06,1.001e-05,9.85e-06,9.98e-06,186504363.00,1756612799999,1857.11251779,30,167017236.00,1662.95956292,0
2025-08-31 04:00:00,9.97e-06,9.97e-06,9.93e-06,9.93e-06,4855684.00,1756627199999,48.35406160,4,0.00,0.00000000,0
2025-08-31 08:00:00,9.96e-06,9.97e-06,9.9e-06,9.92e-06,10041718.00,1756641599999,99.79727356,6,1714391.00,17.07814357,0
2025-08-31 12:00:00,9.86e-06,9.87e-06,9.78e-06,9.83e-06,431587359.00,1756655999999,4222.57794356,26,402001389.00,3932.58637699,0
2025-08-31 16:00:00,9.83e-06,9.86e-06,9.77e-06,9.79e-06,171240990.00,1756670399999,1681.53820624,21,120266784.00,1182.58848093,0
2025-08-31 20:00:00,9.83e-06,9.86e-06,9.65e-06,9.65e-06,100139901.00,1756684799999,980.63058247,35,42793757.00,420.33834191,0
2025-09-01 00:00:00,9.64e-06,9.66e-06,9.41e-06,9.5e-06,1365070877.00,1756699199999,13068.47061330,103,26536900.00,254.94693794,0
2025-09-01 04:00:00,9.5e-06,9.71e-06,9.38e-06,9.71e-06,66876440.00,1756713599999,639.70665077,52,63962520.00,612.33076794,0
2025-09-01 08:00:00,9.74e-06,9.93e-06,9.69e-06,9.73e-06,755452765.00,1756727999999,7374.76299284,75,721238677.00,7039.87340981,0
2025-09-01 12:00:00,9.78e-06,9.78e-06,9.54e-06,9.54e-06,115442063.00,1756742399999,1110.49616915,39,5624505.00,54.61896798,0
2025-09-01 16:00:00,9.53e-06,9.58e-06,9.42e-06,9.58e-06,508619439.00,1756756799999,4825.80702292,47,23457035.00,223.92862862,0
2025-09-01 20:00:00,9.59e-06,9.59e-06,9.16e-06,9.44e-06,587602883.00,1756771199999,5499.82326504,140,76528391.00,717.26920372,0
2025-09-02 00:00:00,9.44e-06,9.63e-06,9.4e-06,9.6e-06,337448617.00,1756785599999,3204.52699459,59,273904136.00,2605.17620328,0
2025-09-02 04:00:00,9.64e-06,9.71e-06,9.59e-06,9.71e-06,155052950.00,1756799999999,1496.87135503,23,153616025.00,1483.07620633,0
2025-09-02 08:00:00,9.71e-06,9.72e-06,9.6e-06,9.6e-06,255808308.00,1756814399999,2465.42911072,8,105771427.00,1022.93746609,0
2025-09-02 12:00:00,9.57e-06,9.78e-06,9.39e-06,9.52e-06,1538524756.00,1756828799999,14913.40765821,128,1254524438.00,12189.69567707,0
2025-09-02 16:00:00,9.56e-06,9.71e-06,9.56e-06,9.67e-06,1334923004.00,1756843199999,12889.78458162,33,887087406.00,8578.09133210,0
2025-09-02 20:00:00,9.64e-06,9.79e-06,9.64e-06,9.77e-06,833739737.00,1756857599999,8078.72594481,38,478450116.00,4617.47197546,0
2025-09-03 00:00:00,9.76e-06,9.84e-06,9.7e-06,9.78e-06,371379928.00,1756871999999,3633.75959822,38,126548240.00,1243.26684929,0
2025-09-03 04:00:00,9.8e-06,9.82e-06,9.74e-06,9.8e-06,97221273.00,1756886399999,953.73243661,12,97110162.00,952.65021547,0
2025-09-03 08:00:00,9.83e-06,9.83e-06,9.76e-06,9.76e-06,48056672.00,1756900799999,469.48366023,4,11639120.00,114.00490932,0
2025-09-03 12:00:00,9.75e-06,9.96e-06,9.75e-06,9.87e-06,1992074117.00,1756915199999,19658.71083308,68,1813021331.00,17887.79574033,0
2025-09-03 16:00:00,9.86e-06,9.9e-06,9.81e-06,9.9e-06,78063274.00,1756929599999,767.56295019,17,18390419.00,181.83733904,0
2025-09-03 20:00:00,9.93e-06,1e-05,9.86e-06,9.86e-06,522480115.00,1756943999999,5165.77001391,32,100981363.00,1008.57342977,0
2025-09-04 00:00:00,9.9e-06,9.93e-06,9.72e-06,9.72e-06,123503198.00,1756958399999,1216.80865387,40,53564423.00,530.15164977,0
2025-09-04 04:00:00,9.73e-06,9.76e-06,9.58e-06,9.64e-06,829023631.00,1756972799999,8011.38598850,49,498715857.00,4826.29636103,0
2025-09-04 08:00:00,9.58e-06,9.62e-06,9.58e-06,9.6e-06,1033487002.00,1756987199999,9941.58306943,14,443596660.00,4267.39986920,0
2025-09-04 12:00:00,9.6e-06,9.65e-06,9.44e-06,9.44e-06,294746424.00,1757001599999,2820.99673317,45,140620377.00,1350.96563068,0
2025-09-04 16:00:00,9.44e-06,9.46e-06,9.39e-06,9.39e-06,523504094.00,1757015999999,4931.39533146,38,134026775.00,1262.55089082,0
2025-09-04 20:00:00,9.39e-06,9.55e-06,9.39e-06,9.51e-06,95412454.00,1757030399999,903.06942399,17,20041773.00,190.28833908,0
2025-09-05 00:00:00,9.44e-06,9.53e-06,9.42e-06,9.53e-06,75393399.00,1757044799999,715.97468775,7,387371.00,3.67998781,0
2025-09-05 04:00:00,9.5e-06,9.69e-06,9.5e-06,9.69e-06,59726398.00,1757059199999,572.68140253,28,50312535.00,483.24970403,0
2025-09-05 08:00:00,9.63e-06,9.68e-06,9.62e-06,9.65e-06,31588665.00,1757073599999,304.60712573,5,2771048.00,26.81419119,0
2025-09-05 12:00:00,9.7e-06,9.86e-06,9.51e-06,9.64e-06,1557594550.00,1757087999999,15194.62517237,98,813101059.00,7968.11184073,0
2025-09-05 16:00:00,9.6e-06,9.69e-06,9.6e-06,9.68e-06,95968063.00,1757102399999,925.27108369,22,34773412.00,335.20123833,0
2025-09-05 20:00:00,9.69e-06,9.81e-06,9.69e-06,9.78e-06,215015734.00,1757116799999,2097.21913335,29,36594389.00,357.84276983,0
2025-09-06 00:00:00,9.77e-06,9.79e-06,9.75e-06,9.78e-06,17772915.00,1757131199999,173.49845141,5,5070199.00,49.57598723,0
2025-09-06 04:00:00,9.72e-06,9.72e-06,9.64e-06,9.64e-06,223998551.00,1757145599999,2174.15825228,12,208411655.00,2023.70629270,0
2025-09-06 08:00:00,9.68e-06,9.68e-06,9.59e-06,9.59e-06,21209016.00,1757159999999,204.08833851,14,14556798.00,140.11376842,0
2025-09-06 12:00:00,9.65e-06,9.67e-06,9.59e-06,9.59e-06,33281699.00,1757174399999,319.73204644,10,4137065.00,39.93195345,0
2025-09-06 16:00:00,9.58e-06,9.64e-06,9.56e-06,9.56e-06,639626145.00,1757188799999,6127.59508064,10,2188477.00,21.04999443,0
2025-09-06 20:00:00,9.59e-06,9.66e-06,9.59e-06,9.65e-06,157506337.00,1757203199999,1519.89018469,4,157506337.00,1519.89018469,0
2025-09-07 00:00:00,9.71e-06,9.75e-06,9.71e-06,9.74e-06,13330144.00,1757217599999,129.68766726,9,8383708.00,81.65777370,0
2025-09-07 04:00:00,9.76e-06,9.8e-06,9.76e-06,9.8e-06,11662021.00,1757231999999,114.04925352,10,11662021.00,114.04925352,0
2025-09-07 08:00:00,9.76e-06,9.87e-06,9.76e-06,9.87e-06,94610991.00,1757246399999,928.89305555,16,22199585.00,218.67651523,0
2025-09-07 12:00:00,9.87e-06,9.93e-06,9.83e-06,9.92e-06,198873640.00,1757260799999,1967.21884915,29,173061118.00,1713.04825653,0
2025-09-07 16:00:00,9.86e-06,9.89e-06,9.78e-06,9.8e-06,51886377.00,1757275199999,510.16572724,18,42611135.00,419.23179260,0
2025-09-07 20:00:00,9.78e-06,9.93e-06,9.78e-06,9.9e-06,150691066.00,1757289599999,1488.66690643,15,113597675.00,1124.64305269,0
2025-09-08 00:00:00,9.89e-06,1.007e-05,9.84e-06,9.99e-06,546579543.00,1757303999999,5462.06816806,50,521322525.00,5210.92501540,0
2025-09-08 04:00:00,9.97e-06,1.007e-05,9.93e-06,1.001e-05,1520077413.00,1757318399999,15195.24721070,29,312769748.00,3135.85250191,0
2025-09-08 08:00:00,1.007e-05,1.02e-05,1.007e-05,1.011e-05,656199397.00,1757332799999,6664.25385435,41,335768503.00,3420.81941523,0
2025-09-08 12:00:00,1.007e-05,1.035e-05,1.007e-05,1.031e-05,3044958164.00,1757347199999,31210.95000078,116,2931843897.00,30051.00297296,0
2025-09-08 16:00:00,1.033e-05,1.034e-05,1.018e-05,1.018e-05,107240108.00,1757361599999,1104.98892534,19,10117089.00,104.37835333,0
2025-09-08 20:00:00,1.02e-05,1.033e-05,1.014e-05,1.029e-05,45145179.00,1757375999999,460.35078445,33,32995645.00,336.46549676,0
2025-09-09 00:00:00,1.034e-05,1.04e-05,1.017e-05,1.033e-05,484072335.00,1757390399999,4972.74495295,95,284230865.00,2922.60684702,0
2025-09-09 04:00:00,1.029e-05,1.064e-05,1.029e-05,1.059e-05,2491559740.00,1757404799999,26324.03416691,132,848468640.00,8942.23066198,0
2025-09-09 08:00:00,1.063e-05,1.082e-05,1.063e-05,1.067e-05,455593739.00,1757419199999,4881.66712639,66,128001623.00,1373.56878597,0
2025-09-09 12:00:00,1.071e-05,1.079e-05,1.015e-05,1.021e-05,835868099.00,1757433599999,8819.52875346,179,402589024.00,4305.96074234,0
2025-09-09 16:00:00,1.022e-05,1.03e-05,1.016e-05,1.026e-05,321630503.00,1757447999999,3283.50919438,35,159345950.00,1632.07992647,0
2025-09-09 20:00:00,1.027e-05,1.033e-05,1.026e-05,1.029e-05,235626986.00,1757462399999,2420.15644367,14,230459874.00,2367.02831450,0
2025-09-10 00:00:00,1.03e-05,1.052e-05,1.025e-05,1.052e-05,1520565624.00,1757476799999,15757.50424730,66,642225728.00,6672.80801107,0
2025-09-10 04:00:00,1.048e-05,1.052e-05,1.034e-05,1.044e-05,40334920.00,1757491199999,419.48074477,42,21199367.00,220.79960009,0
2025-09-10 08:00:00,1.045e-05,1.049e-05,1.036e-05,1.038e-05,1089964747.00,1757505599999,11344.66452850,26,14123076.00,146.92772525,0
2025-09-10 12:00:00,1.04e-05,1.065e-05,1.04e-05,1.055e-05,784814088.00,1757519999999,8278.86752843,72,134421774.00,1413.13449721,0
2025-09-10 16:00:00,1.052e-05,1.056e-05,1.036e-05,1.038e-05,1391686482.00,1757534399999,14552.63425983,57,406414620.00,4220.89493816,0
2025-09-10 20:00:00,1.04e-05,1.054e-05,1.04e-05,1.049e-05,535575163.00,1757548799999,5634.49119952,21,528208428.00,5557.32696707,0
2025-09-11 00:00:00,1.049e-05,1.065e-05,1.048e-05,1.065e-05,595007895.00,1757563199999,6253.81072755,49,36042151.00,381.40150982,0
2025-09-11 04:00:00,1.064e-05,1.064e-05,1.059e-05,1.063e-05,753074116.00,1757577599999,7997.73015475,33,751735398.00,7983.55313113,0
2025-09-11 08:00:00,1.06e-05,1.061e-05,1.051e-05,1.051e-05,181582970.00,1757591999999,1924.88854268,11,109944870.00,1165.99997638,0
2025-09-11 12:00:00,1.051e-05,1.067e-05,1.037e-05,1.041e-05,331507670.00,1757606399999,3499.61268319,88,219226357.00,2324.32417973,0
2025-09-11 16:00:00,1.045e-05,1.056e-05,1.044e-05,1.056e-05,310309780.00,1757620799999,3243.52243311,25,307051265.00,3209.50353651,0
2025-09-11 20:00:00,1.055e-05,1.069e-05,1.055e-05,1.065e-05,443844296.00,1757635199999,4707.97243931,42,205073681.00,2181.88026574,0
2025-09-12 00:00:00,1.064e-05,1.078e-05,1.059e-05,1.059e-05,1579558517.00,1757649599999,16816.35904931,76,291670395.00,3116.24099984,0
2025-09-12 04:00:00,1.063e-05,1.071e-05,1.06e-05,1.06e-05,1462962223.00,1757663999999,15511.92126323,17,545974084.00,5788.35527594,0
2025-09-12 08:00:00,1.06e-05,1.061e-05,1.048e-05,1.048e-05,577829017.00,1757678399999,6098.70915414,43,413621806.00,4366.37446614,0
2025-09-12 12:00:00,1.047e-05,1.058e-05,1.041e-05,1.052e-05,649046592.00,1757692799999,6787.02589924,46,275753831.00,2889.83604662,0
2025-09-12 16:00:00,1.055e-05,1.159e-05,1.055e-05,1.154e-05,2564937399.00,1757707199999,28344.22844421,387,1337333405.00,14843.00107731,0
2025-09-12 20:00:00,1.15e-05,1.166e-05,1.124e-05,1.154e-05,2581305967.00,1757721599999,29177.35778692,206,2205729222.00,24909.45940659,0
2025-09-13 00:00:00,1.155e-05,1.217e-05,1.148e-05,1.201e-05,2911498307.00,1757735999999,34715.93041823,325,2105248769.00,25197.67045669,0
2025-09-13 04:00:00,1.201e-05,1.229e-05,1.193e-05,1.216e-05,519837962.00,1757750399999,6255.47078646,113,311105614.00,3744.42337493,0
2025-09-13 08:00:00,1.218e-05,1.246e-05,1.216e-05,1.234e-05,795854741.00,1757764799999,9792.10423351,179,441619056.00,5453.12038734,0
2025-09-13 12:00:00,1.234e-05,1.268e-05,1.196e-05,1.207e-05,4828294643.00,1757779199999,59335.29187241,430,1477660562.00,18302.54094814,0
2025-09-13 16:00:00,1.205e-05,1.215e-05,1.171e-05,1.184e-05,372552931.00,1757793599999,4411.71366959,125,109839868.00,1302.14647941,0
2025-09-13 20:00:00,1.188e-05,1.2e-05,1.187e-05,1.192e-05,1279900101.00,1757807999999,15212.19680429,66,128039161.00,1532.57760294,0
2025-09-14 00:00:00,1.196e-05,1.197e-05,1.167e-05,1.171e-05,841794987.00,1757822399999,9906.54148310,136,604010485.00,7105.21358027,0
2025-09-14 04:00:00,1.17e-05,1.177e-05,1.158e-05,1.163e-05,518964376.00,1757836799999,6080.07370346,68,74826334.00,875.32132056,0
2025-09-14 08:00:00,1.167e-05,1.176e-05,1.143e-05,1.146e-05,141092743.00,1757851199999,1642.45479198,67,21558892.00,251.98510811,0
2025-09-14 12:00:00,1.15e-05,1.156e-05,1.115e-05,1.116e-05,249957640.00,1757865599999,2829.92483491,105,98556058.00,1119.74864181,0
2025-09-14 16:00:00,1.122e-05,1.177e-05,1.12e-05,1.153e-05,333102068.00,1757879999999,3841.89218197,157,231423946.00,2686.05311943,0
2025-09-14 20:00:00,1.155e-05,1.166e-05,1.149e-05,1.154e-05,68097261.00,1757894399999,787.84749246,54,38528977.00,445.73004796,0
2025-09-15 00:00:00,1.15e-05,1.165e-05,1.145e-05,1.158e-05,172184608.00,1757908799999,1991.12327597,57,69647283.00,806.18745143,0
2025-09-15 04:00:00,1.154e-05,1.161e-05,1.096e-05,1.103e-05,311977798.00,1757923199999,3484.61929368,159,51498943.00,581.12584657,0
2025-09-15 08:00:00,1.098e-05,1.098e-05,1.074e-05,1.084e-05,517144718.00,1757937599999,5603.43616999,106,382912708.00,4149.48639168,0
2025-09-15 12:00:00,1.082e-05,1.082e-05,1.058e-05,1.066e-05,854163668.00,1757951999999,9149.87478294,88,49402403.00,529.05602810,0
2025-09-15 16:00:00,1.067e-05,1.07e-05,1.059e-05,1.07e-05,441442174.00,1757966399999,4704.66564445,50,179187950.00,1906.64530461,0
2025-09-15 20:00:00,1.067e-05,1.078e-05,1.067e-05,1.078e-05,83143695.00,1757980799999,892.52782384,31,42695844.00,458.23631690,0
2025-09-16 00:00:00,1.075e-05,1.084e-05,1.075e-05,1.075e-05,39214820.00,1757995199999,422.52107487,27,30081644.00,324.29665716,0
2025-09-16 04:00:00,1.071e-05,1.078e-05,1.061e-05,1.076e-05,68521712.00,1758009599999,735.09348601,42,37853251.00,407.17038816,0
2025-09-16 08:00:00,1.078e-05,1.084e-05,1.075e-05,1.078e-05,66216962.00,1758023999999,715.67701174,22,28015858.00,303.06807520,0
2025-09-16 12:00:00,1.075e-05,1.088e-05,1.066e-05,1.087e-05,298162789.00,1758038399999,3221.43682088,75,240399634.00,2600.41639922,0
2025-09-16 16:00:00,1.088e-05,1.1e-05,1.082e-05,1.093e-05,153541020.00,1758052799999,1684.50476567,49,143771907.00,1577.86711935,0
2025-09-16 20:00:00,1.098e-05,1.108e-05,1.094e-05,1.106e-05,285974747.00,1758067199999,3140.19128474,56,106338352.00,1172.01189124,0
2025-09-17 00:00:00,1.108e-05,1.118e-05,1.104e-05,1.106e-05,113871197.00,1758081599999,1264.31400621,113,95640914.00,1062.33121482,0
2025-09-17 04:00:00,1.105e-05,1.106e-05,1.086e-05,1.093e-05,229319615.00,1758095999999,2514.86958476,79,116425698.00,1275.60934726,0
2025-09-17 08:00:00,1.086e-05,1.089e-05,1.075e-05,1.089e-05,4974241114.00,1758110399999,53759.58519653,97,12310702.00,133.41037095,0
2025-09-17 12:00:00,1.09e-05,1.094e-05,1.084e-05,1.088e-05,2894190346.00,1758124799999,31546.46344628,70,267609742.00,2917.66564887,0
2025-09-17 16:00:00,1.083e-05,1.119e-05,1.074e-05,1.113e-05,6074852958.00,1758139199999,66046.88949315,267,131391581.00,1441.81951164,0
2025-09-17 20:00:00,1.118e-05,1.188e-05,1.095e-05,1.14e-05,10897031259.00,1758153599999,123224.11101448,729,6433535698.00,72814.15799388,0
2025-09-18 00:00:00,1.141e-05,1.164e-05,1.134e-05,1.164e-05,1108122092.00,1758167999999,12627.91369997,106,828574674.00,9449.70138708,0
2025-09-18 04:00:00,1.163e-05,1.163e-05,1.134e-05,1.142e-05,1013609059.00,1758182399999,11524.30222937,96,46299058.00,535.11441834,0
2025-09-18 08:00:00,1.138e-05,1.146e-05,1.126e-05,1.128e-05,675144111.00,1758196799999,7718.41382769,36,391391437.00,4482.38504280,0
2025-09-18 12:00:00,1.126e-05,1.154e-05,1.123e-05,1.154e-05,210789915.00,1758211199999,2405.32980665,88,76109270.00,871.47468588,0
2025-09-18 16:00:00,1.154e-05,1.162e-05,1.132e-05,1.142e-05,669527290.00,1758225599999,7666.25430841,180,197509928.00,2281.51263430,0
2025-09-18 20:00:00,1.146e-05,1.149e-05,1.132e-05,1.146e-05,844936473.00,1758239999999,9606.05467057,25,827530931.00,9407.38208994,0
2025-09-19 00:00:00,1.138e-05,1.143e-05,1.114e-05,1.114e-05,325049876.00,1758254399999,3683.88075713,52,284409408.00,3226.27433396,0
2025-09-19 04:00:00,1.113e-05,1.117e-05,1.1e-05,1.105e-05,90754823.00,1758268799999,1006.12540192,55,14004621.00,156.02227505,0
2025-09-19 08:00:00,1.108e-05,1.109e-05,1.092e-05,1.095e-05,103211493.00,1758283199999,1134.48980762,37,30423716.00,334.51554417,0
2025-09-19 12:00:00,1.093e-05,1.094e-05,1.075e-05,1.086e-05,93895278.00,1758297599999,1017.98494950,57,36655681.00,399.10315278,0
2025-09-19 16:00:00,1.088e-05,1.089e-05,1.074e-05,1.08e-05,47000415.00,1758311999999,508.85020705,29,35547986.00,385.22048500,0
2025-09-19 20:00:00,1.082e-05,1.086e-05,1.069e-05,1.073e-05,53677924.00,1758326399999,578.01271323,32,30552903.00,330.21732406,0
2025-09-20 00:00:00,1.075e-05,1.078e-05,1.068e-05,1.074e-05,29251604.00,1758340799999,313.70726464,15,13258377.00,142.42230729,0
2025-09-20 04:00:00,1.075e-05,1.084e-05,1.075e-05,1.078e-05,11139172.00,1758355199999,120.26416068,9,6605216.00,71.35703401,0
2025-09-20 08:00:00,1.075e-05,1.076e-05,1.055e-05,1.058e-05,3028005346.00,1758369599999,32106.98155877,85,2149503533.00,22790.58816197,0
2025-09-20 12:00:00,1.063e-05,1.082e-05,1.059e-05,1.078e-05,50989583.00,1758383999999,547.18492918,35,44903669.00,482.37954629,0
2025-09-20 16:00:00,1.078e-05,1.079e-05,1.061e-05,1.067e-05,35114021.00,1758398399999,375.77942974,28,9084783.00,97.27793749,0
2025-09-20 20:00:00,1.067e-05,1.075e-05,1.067e-05,1.07e-05,207425891.00,1758412799999,2216.05720112,16,197631387.00,2111.26040799,0
2025-09-21 00:00:00,1.071e-05,1.077e-05,1.065e-05,1.07e-05,245582893.00,1758427199999,2626.07933170,27,32670381.00,350.84245791,0
2025-09-21 04:00:00,1.071e-05,1.076e-05,1.071e-05,1.076e-05,273808656.00,1758441599999,2943.61007416,8,22792387.00,245.18518241,0
2025-09-21 08:00:00,1.071e-05,1.071e-05,1.046e-05,1.058e-05,190098554.00,1758455999999,2010.53707190,88,53428213.00,565.45513921,0
2025-09-21 12:00:00,1.054e-05,1.062e-05,1.054e-05,1.054e-05,26291448.00,1758470399999,277.57884020,7,2507106.00,26.60387552,0
2025-09-21 16:00:00,1.052e-05,1.059e-05,1.046e-05,1.052e-05,34526111.00,1758484799999,362.56367125,24,14333262.00,150.48486939,0
2025-09-21 20:00:00,1.053e-05,1.053e-05,1.039e-05,1.04e-05,245387674.00,1758499199999,2565.72434542,99,107080342.00,1120.69174406,0
2025-09-22 00:00:00,1.042e-05,1.049e-05,9.97e-06,1.007e-05,884583892.00,1758513599999,8968.52726755,189,355596155.00,3604.38096074,0
2025-09-22 04:00:00,1.006e-05,1.011e-05,9.41e-06,9.69e-06,813846980.00,1758527999999,7948.41869753,194,103200978.00,997.59814286,0
2025-09-22 08:00:00,9.69e-06,9.79e-06,9.64e-06,9.67e-06,3040214462.00,1758542399999,29460.79851444,172,13883872.00,135.40413800,0
2025-09-22 12:00:00,9.7e-06,9.76e-06,9.55e-06,9.55e-06,181066545.00,1758556799999,1751.04412977,35,84807963.00,822.69589643,0
2025-09-22 16:00:00,9.55e-06,9.63e-06,9.49e-06,9.49e-06,292613406.00,1758571199999,2796.32999469,46,73151021.00,702.45644424,0
2025-09-22 20:00:00,9.49e-06,9.67e-06,9.49e-06,9.6e-06,205807475.00,1758585599999,1976.26487002,24,144630366.00,1392.65709525,0
2025-09-23 00:00:00,9.63e-06,9.65e-06,9.44e-06,9.65e-06,88444509.00,1758599999999,849.85904915,39,62273294.00,600.65155629,0
2025-09-23 04:00:00,9.63e-06,9.7e-06,9.62e-06,9.64e-06,60951946.00,1758614399999,586.78183355,15,56193999.00,540.93151414,0
2025-09-23 08:00:00,9.71e-06,9.75e-06,9.7e-06,9.75e-06,901530329.00,1758628799999,8780.78319833,63,281270614.00,2733.51731987,0
2025-09-23 12:00:00,9.68e-06,9.77e-06,9.65e-06,9.72e-06,148347041.00,1758643199999,1438.19764402,17,5045021.00,49.23732508,0
2025-09-23 16:00:00,9.75e-06,9.81e-06,9.56e-06,9.56e-06,639683056.00,1758657599999,6172.53197638,49,285650931.00,2745.22152948,0
2025-09-23 20:00:00,9.6e-06,9.67e-06,9.56e-06,9.56e-06,113698275.00,1758671999999,1090.60310219,14,42857324.00,413.06362721,0
2025-09-24 00:00:00,9.65e-06,9.68e-06,9.41e-06,9.47e-06,90780979.00,1758686399999,861.79688605,37,14772453.00,142.59714817,0
2025-09-24 04:00:00,9.46e-06,9.66e-06,9.37e-06,9.66e-06,116759820.00,1758700799999,1105.75721523,48,49285854.00,469.03630787,0
2025-09-24 08:00:00,9.64e-06,9.74e-06,9.64e-06,9.71e-06,54192974.00,1758715199999,524.91919014,22,32341289.00,313.46883799,0
2025-09-24 12:00:00,9.71e-06,9.83e-06,9.68e-06,9.73e-06,222930400.00,1758729599999,2176.34339389,37,104628364.00,1020.29844423,0
2025-09-24 16:00:00,9.7e-06,9.72e-06,9.62e-06,9.62e-06,243159183.00,1758743999999,2357.28582015,28,31424887.00,305.36549580,0
2025-09-24 20:00:00,9.69e-06,9.72e-06,9.57e-06,9.62e-06,2576629689.00,1758758399999,25024.89966263,43,199719695.00,1931.66431074,0
2025-09-25 00:00:00,9.57e-06,9.63e-06,9.45e-06,9.45e-06,137948626.00,1758772799999,1311.14613970,44,16549886.00,158.74645422,0
2025-09-25 04:00:00,9.53e-06,9.62e-06,9.41e-06,9.47e-06,479709990.00,1758787199999,4568.11138793,86,88630239.00,842.89533222,0
2025-09-25 08:00:00,9.47e-06,9.51e-06,9.35e-06,9.35e-06,98184325.00,1758801599999,925.21897821,38,45162850.00,427.29598946,0
2025-09-25 12:00:00,9.35e-06,9.53e-06,9.22e-06,9.35e-06,502595947.00,1758815999999,4703.38757435,94,175228295.00,1646.33596080,0
2025-09-25 16:00:00,9.34e-06,9.34e-06,8.88e-06,9.14e-06,3510739866.00,1758830399999,31995.02133295,229,2518024727.00,22942.02192987,0
2025-09-25 20:00:00,9.15e-06,9.15e-06,8.98e-06,9.04e-06,99094021.00,1758844799999,898.62380770,31,84441721.00,766.39199310,0
2025-09-26 00:00:00,9.09e-06,9.23e-06,9.09e-06,9.23e-06,125760998.00,1758859199999,1145.80234930,25,27022301.00,247.96305157,0
2025-09-26 04:00:00,9.24e-06,9.24e-06,9.14e-06,9.14e-06,7673338.00,1758873599999,70.56504926,5,6178999.00,56.90679080,0
2025-09-26 08:00:00,9.2e-06,9.2e-06,9.07e-06,9.14e-06,66556484.00,1758887999999,610.05039291,16,13879018.00,127.16152728,0
2025-09-26 12:00:00,9.09e-06,9.3e-06,9.07e-06,9.25e-06,27169776.00,1758902399999,250.62024143,28,16656160.00,154.03768427,0
2025-09-26 16:00:00,9.25e-06,9.46e-06,9.25e-06,9.33e-06,288503686.00,1758916799999,2705.73044497,50,79448640.00,743.59823354,0
2025-09-26 20:00:00,9.38e-06,9.46e-06,9.34e-06,9.39e-06,252169833.00,1758931199999,2361.54918997,21,80838879.00,759.60045495,0
2025-09-27 00:00:00,9.38e-06,9.42e-06,9.33e-06,9.42e-06,37226262.00,1758945599999,348.60693653,8,5178695.00,48.63982803,0
2025-09-27 04:00:00,9.43e-06,9.43e-06,9.36e-06,9.36e-06,9816324.00,1758959999999,92.17481704,5,3173582.00,29.89508138,0
2025-09-27 08:00:00,9.32e-06,9.32e-06,9.22e-06,9.26e-06,358335654.00,1758974399999,3314.42352441,25,0.00,0.00000000,0
2025-09-27 12:00:00,9.31e-06,9.31e-06,9.22e-06,9.31e-06,395718754.00,1758988799999,3660.09657261,14,4053136.00,37.72369616,0
2025-09-27 16:00:00,9.25e-06,9.27e-06,9.22e-06,9.22e-06,7879686.00,1759003199999,72.77603894,6,1403118.00,12.98528224,0
2025-09-27 20:00:00,9.23e-06,9.33e-06,9.23e-06,9.25e-06,128944234.00,1759017599999,1195.42003494,16,106905766.00,990.56594571,0
2025-09-28 00:00:00,9.2e-06,9.2e-06,9.13e-06,9.14e-06,236004996.00,1759031999999,2158.60987033,29,213879553.00,1956.13460850,0
2025-09-28 04:00:00,9.16e-06,9.16e-06,9.09e-06,9.09e-06,11824351.00,1759046399999,107.82559036,12,2052625.00,18.80204500,0
2025-09-28 08:00:00,9.1e-06,9.12e-06,9.06e-06,9.08e-06,206973495.00,1759060799999,1881.84150766,14,139112802.00,1265.92869842,0
2025-09-28 12:00:00,9.05e-06,9.2e-06,9.05e-06,9.17e-06,25092010.00,1759075199999,230.25880565,10,4090924.00,37.51671829,0
2025-09-28 16:00:00,9.2e-06,9.28e-06,9.2e-06,9.27e-06,93426708.00,1759089599999,863.19061961,13,92604373.00,855.59224421,0
2025-09-28 20:00:00,9.28e-06,9.45e-06,9.28e-06,9.44e-06,79787567.00,1759103999999,745.66202044,41,74853996.00,699.71444591,0
2025-09-29 00:00:00,9.36e-06,9.37e-06,9.36e-06,9.37e-06,17043634.00,1759118399999,159.68425843,3,15584419.00,146.02600603,0
2025-09-29 04:00:00,9.4e-06,9.4e-06,9.31e-06,9.31e-06,22722116.00,1759132799999,212.86905988,5,21255064.00,199.21080576,0
2025-09-29 08:00:00,9.28e-06,9.28e-06,9.17e-06,9.18e-06,153931129.00,1759147199999,1417.79327283,26,326797.00,2.99999646,0
2025-09-29 12:00:00,9.16e-06,9.42e-06,9.12e-06,9.33e-06,92508911.00,1759161599999,856.01086416,48,39573032.00,368.02918270,0
2025-09-29 16:00:00,9.32e-06,9.32e-06,9.2e-06,9.32e-06,366646645.00,1759175999999,3393.96392332,39,191163748.00,1772.49013610,0
2025-09-29 20:00:00,9.35e-06,9.5e-06,9.35e-06,9.38e-06,327006382.00,1759190399999,3073.71725827,46,102560926.00,968.11928118,0
2025-09-30 00:00:00,9.44e-06,9.44e-06,9.21e-06,9.25e-06,468342738.00,1759204799999,4337.92429941,50,243835685.00,2260.93401575,0
2025-09-30 04:00:00,9.31e-06,9.34e-06,9.2e-06,9.2e-06,181388645.00,1759219199999,1688.76758022,42,137511813.00,1282.70165338,0
2025-09-30 08:00:00,9.18e-06,9.2e-06,9.13e-06,9.16e-06,49228667.00,1759233599999,451.29056128,23,13913043.00,127.99999560,0
2025-09-30 12:00:00,9.16e-06,9.2e-06,8.98e-06,9.03e-06,453071553.00,1759247999999,4135.34994759,48,22071881.00,201.63867170,0
2025-09-30 16:00:00,9.07e-06,9.24e-06,9.03e-06,9.24e-06,80187862.00,1759262399999,729.98094632,28,39097057.00,357.33607145,0
2025-09-30 20:00:00,9.25e-06,9.36e-06,9.25e-06,9.31e-06,642239182.00,1759276799999,5966.80354254,28,114633604.00,1065.40678564,0
2025-10-01 00:00:00,9.36e-06,9.36e-06,9.29e-06,9.3e-06,127503793.00,1759291199999,1193.12635393,7,126036741.00,1179.46809981,0
2025-10-01 04:00:00,9.25e-06,9.33e-06,9.25e-06,9.31e-06,10684526.00,1759305599999,99.44201228,8,8133844.00,75.78375694,0
2025-10-01 08:00:00,9.28e-06,9.67e-06,9.28e-06,9.64e-06,232750089.00,1759319999999,2232.09391418,70,184150733.00,1766.13741121,0
2025-10-01 12:00:00,9.65e-06,9.76e-06,9.58e-06,9.65e-06,527687197.00,1759334399999,5091.59147230,66,318778732.00,3077.50107605,0
2025-10-01 16:00:00,9.7e-06,9.77e-06,9.67e-06,9.77e-06,196592141.00,1759348799999,1901.96085034,16,11132761.00,108.39907342,0
2025-10-01 20:00:00,9.75e-06,9.76e-06,9.7e-06,9.76e-06,12562901.00,1759363199999,122.40097135,10,11154834.00,108.74272145,0
2025-10-02 00:00:00,9.78e-06,1.003e-05,9.75e-06,9.98e-06,1456593900.00,1759377599999,14490.91843732,128,1422588429.00,14154.77391043,0
2025-10-02 04:00:00,9.93e-06,1.018e-05,9.93e-06,1.008e-05,3282708872.00,1759391999999,32993.84798497,116,3274951216.00,32915.87623590,0
2025-10-02 08:00:00,1.012e-05,1.012e-05,9.97e-06,1.002e-05,188193723.00,1759406399999,1892.34004854,26,113061560.00,1136.90153657,0
2025-10-02 12:00:00,1.003e-05,1.003e-05,9.77e-06,9.98e-06,365443396.00,1759420799999,3616.81783254,124,149408960.00,1489.06463239,0
2025-10-02 16:00:00,1.001e-05,1.031e-05,9.97e-06,1.031e-05,949997284.00,1759435199999,9660.61874609,137,329583541.00,3368.70167376,0
2025-10-02 20:00:00,1.03e-05,1.031e-05,1.019e-05,1.027e-05,199744839.00,1759449599999,2046.64385902,30,181294325.00,1857.81400970,0
2025-10-03 00:00:00,1.018e-05,1.018e-05,1.001e-05,1.003e-05,76212446.00,1759463999999,768.42758606,63,10255290.00,103.46260071,0
2025-10-03 04:00:00,1.002e-05,1.01e-05,9.88e-06,9.89e-06,155429057.00,1759478399999,1555.71703310,49,78014385.00,784.82066110,0
2025-10-03 08:00:00,9.87e-06,9.96e-06,9.87e-06,9.91e-06,18014543.00,1759492799999,178.40511939,8,9584049.00,95.03706654,0
2025-10-03 12:00:00,9.94e-06,1.024e-05,9.86e-06,1.024e-05,289611031.00,1759507199999,2900.61129545,123,170624088.00,1719.23473653,0
2025-10-03 16:00:00,1.024e-05,1.037e-05,9.99e-06,1.013e-05,334484888.00,1759521599999,3391.64910923,183,162223908.00,1650.60930840,0
2025-10-03 20:00:00,1.01e-05,1.02e-05,1.01e-05,1.01e-05,48801253.00,1759535999999,494.24199115,13,16485369.00,167.77735091,0
2025-10-04 00:00:00,1.016e-05,1.016e-05,9.88e-06,9.93e-06,298167771.00,1759550399999,2962.88811765,63,230817631.00,2290.66278876,0
2025-10-04 04:00:00,9.97e-06,1.021e-05,9.93e-06,1.01e-05,153588990.00,1759564799999,1541.65268622,79,78395412.00,790.39440191,0
2025-10-04 08:00:00,1.008e-05,1.008e-05,9.86e-06,9.91e-06,209579273.00,1759579199999,2080.88621349,59,101721259.00,1007.04347791,0
2025-10-04 12:00:00,9.85e-06,9.93e-06,9.65e-06,9.68e-06,159428474.00,1759593599999,1554.71182982,74,10441849.00,102.73502413,0
2025-10-04 16:00:00,9.65e-06,9.68e-06,9.58e-06,9.68e-06,255115725.00,1759607999999,2463.15946420,35,213684919.00,2064.88390563,0
2025-10-04 20:00:00,9.69e-06,9.76e-06,9.69e-06,9.76e-06,1102944377.00,1759622399999,10720.55518736,33,17738384.00,172.56625797,0
2025-10-05 00:00:00,9.7e-06,1.001e-05,9.7e-06,9.98e-06,211469756.00,1759636799999,2082.33029422,81,85889215.00,850.01078990,0
2025-10-05 04:00:00,9.95e-06,1.015e-05,9.91e-06,1.015e-05,393139686.00,1759651199999,3949.01197979,78,365805741.00,3675.12212271,0
2025-10-05 08:00:00,1.015e-05,1.016e-05,9.95e-06,9.99e-06,137805730.00,1759665599999,1385.01836793,68,47624099.00,480.74990231,0
2025-10-05 12:00:00,9.99e-06,1.007e-05,9.95e-06,9.99e-06,1196233384.00,1759679999999,11947.79336841,30,226183268.00,2257.01133189,0
2025-10-05 16:00:00,1.003e-05,1.004e-05,9.72e-06,9.73e-06,283223147.00,1759694399999,2806.78578927,101,115341586.00,1148.99073649,0
2025-10-05 20:00:00,9.71e-06,9.84e-06,9.71e-06,9.84e-06,35776804.00,1759708799999,349.56859530,14,28989149.00,283.66046525,0
2025-10-06 00:00:00,9.78e-06,9.89e-06,9.67e-06,9.86e-06,434601084.00,1759723199999,4225.00177670,106,63397140.00,622.04439992,0
2025-10-06 04:00:00,9.79e-06,9.91e-06,9.75e-06,9.83e-06,62223475.00,1759737599999,612.10269647,34,38574960.00,380.36031807,0
2025-10-06 08:00:00,9.88e-06,1.002e-05,9.88e-06,1.002e-05,79181659.00,1759751999999,786.56733141,35,52196010.00,519.56679640,0
2025-10-06 12:00:00,1e-05,1.03e-05,1e-05,1.03e-05,839519304.00,1759766399999,8448.07797971,120,246923221.00,2510.43133847,0
2025-10-06 16:00:00,1.03e-05,1.036e-05,1.023e-05,1.029e-05,484306736.00,1759780799999,4973.32186958,83,287804866.00,2956.71430511,0
2025-10-06 20:00:00,1.029e-05,1.034e-05,1.019e-05,1.02e-05,87656917.00,1759795199999,897.84049427,21,66560034.00,682.22506971,0
2025-10-07 00:00:00,1.018e-05,1.024e-05,1.013e-05,1.013e-05,533714227.00,1759809599999,5442.86883956,33,63107462.00,642.71032431,0
2025-10-07 04:00:00,1.013e-05,1.024e-05,9.94e-06,9.94e-06,140254569.00,1759823999999,1413.88360996,87,40030649.00,406.29774094,0
2025-10-07 08:00:00,9.93e-06,1.004e-05,9.86e-06,1.004e-05,203380860.00,1759838399999,2019.24932340,45,46300760.00,461.23464535,0
2025-10-07 12:00:00,1.001e-05,1.011e-05,9.57e-06,9.61e-06,448482960.00,1759852799999,4417.31436850,156,73813183.00,725.51041579,0
2025-10-07 16:00:00,9.56e-06,9.67e-06,9.52e-06,9.52e-06,667659219.00,1759867199999,6416.73545694,60,556941200.00,5360.10885656,0
2025-10-07 20:00:00,9.58e-06,9.62e-06,9.45e-06,9.45e-06,681935854.00,1759881599999,6454.78514962,30,37151042.00,355.36025753,0
2025-10-08 00:00:00,9.5e-06,9.55e-06,9.31e-06,9.34e-06,861359403.00,1759895999999,8150.06566315,75,16954707.00,160.20507751,0
2025-10-08 04:00:00,9.34e-06,9.4e-06,9.25e-06,9.31e-06,402292007.00,1759910399999,3744.09384645,51,329886187.00,3071.10841910,0
2025-10-08 08:00:00,9.34e-06,9.37e-06,9.29e-06,9.34e-06,627661253.00,1759924799999,5868.77527074,19,13879304.00,129.73996768,0
2025-10-08 12:00:00,9.34e-06,9.45e-06,9.27e-06,9.36e-06,1774186575.00,1759939199999,16570.52570761,56,418623365.00,3910.85457338,0
2025-10-08 16:00:00,9.36e-06,9.73e-06,9.34e-06,9.63e-06,165433843.00,1759953599999,1575.69065350,98,123288236.00,1179.80139397,0
2025-10-08 20:00:00,9.54e-06,9.58e-06,9.54e-06,9.55e-06,16925277.00,1759967999999,161.76014852,6,11502602.00,109.84984910,0
2025-10-09 00:00:00,9.53e-06,9.57e-06,9.27e-06,9.33e-06,146612703.00,1759982399999,1375.37579480,94,25920856.00,244.71450416,0
2025-10-09 04:00:00,9.35e-06,9.42e-06,9.28e-06,9.32e-06,47067385.00,1759996799999,438.28120672,20,13129898.00,123.27187366,0
2025-10-09 08:00:00,9.27e-06,9.27e-06,9.13e-06,9.18e-06,146249944.00,1760011199999,1346.68679345,61,1494339.00,13.74791880,0
2025-10-09 12:00:00,9.23e-06,9.3e-06,9.01e-06,9.07e-06,406847320.00,1760025599999,3725.74267888,99,106151852.00,977.04355763,0
2025-10-09 16:00:00,9.06e-06,9.18e-06,9.02e-06,9.18e-06,30496758.00,1760039999999,278.07688327,24,23513367.00,214.97179388,0
2025-10-09 20:00:00,9.13e-06,9.28e-06,9.13e-06,9.27e-06,67856670.00,1760054399999,623.47019507,25,36315571.00,334.49361825,0
2025-10-10 00:00:00,9.28e-06,9.37e-06,9.24e-06,9.37e-06,141988145.00,1760068799999,1317.42371203,33,70917244.00,658.57411035,0
2025-10-10 04:00:00,9.37e-06,9.37e-06,9.24e-06,9.24e-06,22753830.00,1760083199999,211.87500700,16,15787570.00,147.25762382,0
2025-10-10 08:00:00,9.22e-06,9.31e-06,9.21e-06,9.31e-06,28947549.00,1760097599999,267.28460068,11,1822708.00,16.96941148,0
2025-10-10 12:00:00,9.32e-06,9.38e-06,8.71e-06,8.78e-06,423990642.00,1760111999999,3791.50695757,155,73552337.00,668.32571253,0
2025-10-10 16:00:00,8.77e-06,8.86e-06,8.31e-06,8.61e-06,1654396431.00,1760126399999,14202.36277584,265,549742838.00,4736.77175014,0
2025-10-10 20:00:00,8.61e-06,8.87e-06,6.33e-06,7.01e-06,2350417397.00,1760140799999,18358.55549486,738,976796349.00,7573.48651542,0
2025-10-11 00:00:00,7.01e-06,7.65e-06,6.84e-06,6.85e-06,1665777670.00,1760155199999,11552.06339450,163,534296367.00,3745.20046692,0
2025-10-11 04:00:00,6.88e-06,7.11e-06,6.88e-06,7e-06,669066705.00,1760169599999,4690.79349175,35,618243727.00,4335.83309455,0
2025-10-11 08:00:00,7.01e-06,7.36e-06,7.01e-06,7.22e-06,368639233.00,1760183999999,2656.11577597,52,328783005.00,2367.88196833,0
2025-10-11 12:00:00,7.09e-06,7.14e-06,6.95e-06,7.11e-06,859304591.00,1760198399999,6079.64096286,85,505470761.00,3594.30425087,0
2025-10-11 16:00:00,7.14e-06,7.15e-06,6.74e-06,6.74e-06,2138004351.00,1760212799999,15212.26861810,78,1224448046.00,8720.92990070,0
2025-10-11 20:00:00,6.74e-06,6.83e-06,6.49e-06,6.68e-06,1135399610.00,1760227199999,7568.86331706,55,196534587.00,1298.07188703,0
2025-10-12 00:00:00,6.68e-06,6.73e-06,6.55e-06,6.7e-06,240960704.00,1760241599999,1605.06865764,20,57439368.00,384.74200694,0
2025-10-12 04:00:00,6.69e-06,6.84e-06,6.69e-06,6.83e-06,289579491.00,1760255999999,1951.46153977,18,257117324.00,1732.44326582,0
2025-10-12 08:00:00,6.84e-06,6.85e-06,6.68e-06,6.76e-06,171014491.00,1760270399999,1151.66315039,20,70675069.00,478.80299473,0
2025-10-12 12:00:00,6.78e-06,7.33e-06,6.71e-06,7.28e-06,1252761389.00,1760284799999,8821.95201022,163,1048340014.00,7380.39888796,0
2025-10-12 16:00:00,7.29e-06,7.65e-06,7.28e-06,7.65e-06,825206504.00,1760299199999,6208.22594869,118,759724933.00,5723.43540248,0
2025-10-12 20:00:00,7.65e-06,7.68e-06,7.41e-06,7.48e-06,2074493931.00,1760313599999,15832.09724167,191,1094132763.00,8347.84803518,0
2025-10-13 00:00:00,7.47e-06,7.58e-06,7.36e-06,7.5e-06,462507825.00,1760327999999,3449.76992493,74,51026644.00,379.73702231,0
2025-10-13 04:00:00,7.49e-06,7.75e-06,7.47e-06,7.62e-06,455262877.00,1760342399999,3468.20173944,95,164019132.00,1233.89887171,0
2025-10-13 08:00:00,7.61e-06,7.67e-06,7.31e-06,7.52e-06,656169733.00,1760356799999,4979.14000227,128,94028954.00,717.55798089,0
2025-10-13 12:00:00,7.49e-06,7.84e-06,7.44e-06,7.77e-06,978107860.00,1760371199999,7428.51969418,244,295295107.00,2256.13709626,0
2025-10-13 16:00:00,7.74e-06,7.96e-06,7.74e-06,7.84e-06,969183306.00,1760385599999,7613.63733951,124,788946182.00,6199.46344755,0
2025-10-13 20:00:00,7.88e-06,7.94e-06,7.82e-06,7.82e-06,168962414.00,1760399999999,1334.72658585,34,142596974.00,1127.15790808,0
2025-10-14 00:00:00,7.87e-06,7.88e-06,7.64e-06,7.64e-06,312229787.00,1760414399999,2414.26642632,44,56985805.00,443.31799307,0
2025-10-14 04:00:00,7.68e-06,7.68e-06,7.16e-06,7.24e-06,1242331014.00,1760428799999,9127.93649916,122,15071138.00,112.01653803,0
2025-10-14 08:00:00,7.25e-06,7.31e-06,7.12e-06,7.3e-06,547534008.00,1760443199999,3979.96918770,39,474896479.00,3453.81481382,0
2025-10-14 12:00:00,7.21e-06,7.43e-06,7.09e-06,7.43e-06,958799368.00,1760457599999,6968.27654266,79,553968737.00,4009.81499242,0
2025-10-14 16:00:00,7.45e-06,7.55e-06,7.3e-06,7.4e-06,215091105.00,1760471999999,1604.57101953,58,94336688.00,706.49415457,0
2025-10-14 20:00:00,7.45e-06,7.54e-06,7.45e-06,7.54e-06,1042676815.00,1760486399999,7779.46054965,82,32676815.00,244.46054965,0
2025-10-15 00:00:00,7.5e-06,7.54e-06,7.4e-06,7.41e-06,466116894.00,1760500799999,3455.04102490,52,3982470.00,29.89152688,0
2025-10-15 04:00:00,7.41e-06,7.54e-06,7.41e-06,7.5e-06,838819604.00,1760515199999,6264.59379477,40,494275447.00,3706.32076793,0
2025-10-15 08:00:00,7.54e-06,7.64e-06,7.45e-06,7.45e-06,67091724.00,1760529599999,506.51942486,41,29832168.00,226.33724022,0
2025-10-15 12:00:00,7.45e-06,7.46e-06,7.16e-06,7.19e-06,1395821697.00,1760543999999,10242.43024677,114,631768030.00,4592.33140083,0
2025-10-15 16:00:00,7.18e-06,7.25e-06,7.15e-06,7.2e-06,735283293.00,1760558399999,5296.00457509,28,426898491.00,3087.37960793,0
2025-10-15 20:00:00,7.16e-06,7.2e-06,7.05e-06,7.19e-06,1063703214.00,1760572799999,7564.85831317,99,10423525.00,74.64451071,0
2025-10-16 00:00:00,7.19e-06,7.24e-06,7.17e-06,7.22e-06,33882258.00,1760587199999,244.02539522,13,28785163.00,207.42825312,0
2025-10-16 04:00:00,7.16e-06,7.28e-06,7.13e-06,7.19e-06,46250258.00,1760601599999,334.46638203,13,21143074.00,153.57837589,0
2025-10-16 08:00:00,7.16e-06,7.25e-06,6.81e-06,7.23e-06,216119658.00,1760615999999,1510.84280134,74,49017093.00,350.98205347,0
2025-10-16 12:00:00,7.26e-06,7.3e-06,6.95e-06,6.95e-06,421658959.00,1760630399999,3003.01653399,58,343691512.00,2444.90332098,0
2025-10-16 16:00:00,6.93e-06,7.07e-06,6.78e-06,6.87e-06,302715913.00,1760644799999,2097.78160407,67,138536228.00,971.42647045,0
2025-10-16 20:00:00,6.86e-06,6.88e-06,6.78e-06,6.84e-06,581135237.00,1760659199999,3969.97348817,36,8549708.00,58.59187601,0
2025-10-17 00:00:00,6.89e-06,6.94e-06,6.88e-06,6.89e-06,31398515.00,1760673599999,216.39515121,6,16628508.00,114.64364455,0
2025-10-17 04:00:00,6.89e-06,6.89e-06,6.44e-06,6.44e-06,1377435672.00,1760687999999,9076.71508390,84,2945788.00,19.11816412,0
2025-10-17 08:00:00,6.38e-06,6.61e-06,6.32e-06,6.61e-06,315444361.00,1760702399999,2032.49371262,38,269077066.00,1735.55149726,0
2025-10-17 12:00:00,6.59e-06,6.67e-06,6.5e-06,6.67e-06,220997167.00,1760716799999,1453.01087539,23,62660667.00,413.59216452,0
2025-10-17 16:00:00,6.68e-06,6.75e-06,6.63e-06,6.67e-06,95805983.00,1760731199999,640.98370795,18,64537437.00,432.16386977,0
2025-10-17 20:00:00,6.67e-06,6.74e-06,6.65e-06,6.65e-06,53262020.00,1760745599999,357.96114089,13,46882074.00,315.37145919,0
2025-10-18 00:00:00,6.73e-06,6.74e-06,6.69e-06,6.72e-06,13825296.00,1760759999999,93.11162573,6,2956645.00,19.91594179,0
2025-10-18 04:00:00,6.69e-06,6.84e-06,6.66e-06,6.76e-06,60273443.00,1760774399999,406.15927887,21,34588286.00,233.91493527,0
2025-10-18 08:00:00,6.74e-06,6.78e-06,6.7e-06,6.78e-06,10368061.00,1760788799999,69.63151506,4,2962579.00,20.01478566,0
2025-10-18 12:00:00,6.74e-06,6.74e-06,6.69e-06,6.71e-06,872379853.00,1760803199999,5862.41456447,13,867611501.00,5830.40120161,0
2025-10-18 16:00:00,6.75e-06,6.78e-06,6.68e-06,6.74e-06,1746798986.00,1760817599999,11687.19214471,26,1712378203.00,11456.76806754,0
2025-10-18 20:00:00,6.78e-06,6.79e-06,6.74e-06,6.77e-06,37766715.00,1760831999999,255.35118486,7,3017059.00,20.44973304,0
2025-10-19 00:00:00,6.74e-06,6.8e-06,6.71e-06,6.77e-06,73694350.00,1760846399999,498.55646653,9,16418576.00,110.87855082,0
2025-10-19 04:00:00,6.78e-06,6.78e-06,6.74e-06,6.76e-06,1046632214.00,1760860799999,7075.93594698,8,1007979009.00,6813.93810084,0
2025-10-19 08:00:00,6.78e-06,6.93e-06,6.68e-06,6.9e-06,74428743.00,1760875199999,503.86159515,28,29934290.00,205.19658403,0
2025-10-19 12:00:00,6.83e-06,7.11e-06,6.83e-06,7.02e-06,631464216.00,1760889599999,4434.32185155,40,220156243.00,1551.64072789,0
2025-10-19 16:00:00,7e-06,7.12e-06,7e-06,7.07e-06,317569853.00,1760903999999,2248.65715243,16,12270987.00,87.19882925,0
2025-10-19 20:00:00,7.12e-06,7.13e-06,6.98e-06,6.98e-06,700702992.00,1760918399999,4943.81431923,28,94450833.00,670.18382960,0
2025-10-20 00:00:00,6.96e-06,7.15e-06,6.85e-06,7.15e-06,475005248.00,1760932799999,3281.69476255,62,33122246.00,232.51601438,0
2025-10-20 04:00:00,7.16e-06,7.25e-06,7.16e-06,7.24e-06,92903947.00,1760947199999,669.36104929,15,57183841.00,413.56186267,0
2025-10-20 08:00:00,7.2e-06,7.32e-06,7.19e-06,7.21e-06,22629867.00,1760961599999,163.75821792,18,7612255.00,55.45529744,0
2025-10-20 12:00:00,7.19e-06,7.25e-06,7.17e-06,7.24e-06,74317339.00,1760975999999,534.57672676,40,14983458.00,108.37889168,0
2025-10-20 16:00:00,7.14e-06,7.18e-06,7.04e-06,7.18e-06,1390228662.00,1760990399999,9871.87164923,52,19563052.00,140.24840442,0
2025-10-20 20:00:00,7.21e-06,7.21e-06,7.15e-06,7.15e-06,67364516.00,1761004799999,481.97133464,4,62969084.00,450.54399584,0
2025-10-21 00:00:00,7.15e-06,7.15e-06,7e-06,7e-06,209057472.00,1761019199999,1469.75817405,41,9470572.00,66.97800804,0
2025-10-21 04:00:00,6.98e-06,6.98e-06,6.87e-06,6.95e-06,90347441.00,1761033599999,625.79961973,34,32567509.00,226.04238782,0
2025-10-21 08:00:00,6.95e-06,6.95e-06,6.95e-06,6.95e-06,0.00,1761047999999,0.00000000,0,0.00,0.00000000,0
2025-10-21 12:00:00,6.94e-06,7.32e-06,6.91e-06,7.3e-06,200076840.00,1761062399999,1430.72641193,61,55096567.00,397.13447912,0
2025-10-21 16:00:00,7.29e-06,7.37e-06,7.15e-06,7.24e-06,102540189.00,1761076799999,748.21424812,32,20985846.00,153.95685081,0
2025-10-21 20:00:00,7.13e-06,7.13e-06,6.9e-06,6.9e-06,2510191718.00,1761091199999,17450.34691198,71,541808180.00,3787.85320757,0
2025-10-22 00:00:00,6.88e-06,6.94e-06,6.87e-06,6.87e-06,1330558290.00,1761105599999,9193.25485070,12,1301119042.00,8990.76450125,0
2025-10-22 04:00:00,6.97e-06,6.97e-06,6.8e-06,6.82e-06,337716973.00,1761119999999,2325.56423261,17,262395977.00,1807.77926939,0
2025-10-22 08:00:00,6.81e-06,6.81e-06,6.72e-06,6.8e-06,1040878983.00,1761134399999,7086.02063111,27,19381732.00,131.79577760,0
2025-10-22 12:00:00,6.84e-06,6.92e-06,6.76e-06,6.85e-06,98183726.00,1761148799999,668.57178381,21,20043791.00,137.33794091,0
2025-10-22 16:00:00,6.85e-06,6.85e-06,6.74e-06,6.74e-06,99844844.00,1761163199999,677.96805499,9,5584794.00,38.18829508,0
2025-10-22 20:00:00,6.77e-06,6.77e-06,6.48e-06,6.7e-06,126438578.00,1761177599999,838.30279538,71,12430560.00,83.21473738,0
2025-10-23 00:00:00,6.7e-06,6.78e-06,6.7e-06,6.78e-06,874188617.00,1761191999999,5891.58513622,18,870516470.00,5866.98175132,0
2025-10-23 04:00:00,6.73e-06,6.87e-06,6.73e-06,6.84e-06,112020941.00,1761206399999,762.96323221,10,82932908.00,567.06378382,0
2025-10-23 08:00:00,6.88e-06,6.91e-06,6.8e-06,6.81e-06,115231871.00,1761220799999,787.08500414,10,19093073.00,131.49694020,0
2025-10-23 12:00:00,6.86e-06,6.86e-06,6.86e-06,6.86e-06,3630118.00,1761235199999,24.90260948,1,3630118.00,24.90260948,0
2025-10-23 16:00:00,6.92e-06,7.01e-06,6.92e-06,6.92e-06,363041311.00,1761249599999,2540.90578740,15,323100885.00,2261.45539763,0
2025-10-23 20:00:00,6.94e-06,6.96e-06,6.84e-06,6.92e-06,10209737.00,1761263999999,70.49398054,9,2315540.00,16.07293074,0
2025-10-24 00:00:00,6.92e-06,7.01e-06,6.92e-06,6.99e-06,91469086.00,1761278399999,640.38009717,36,84006381.00,588.33760637,0
2025-10-24 04:00:00,7.02e-06,7.16e-06,7.02e-06,7.15e-06,46168178.00,1761292799999,328.17758436,22,43277789.00,307.67014910,0
2025-10-24 08:00:00,7.12e-06,7.17e-06,7.03e-06,7.03e-06,304478159.00,1761307199999,2156.22339787,15,7727243.00,55.06542666,0
2025-10-24 12:00:00,7.16e-06,7.22e-06,6.97e-06,7.09e-06,663630857.00,1761321599999,4694.15792844,58,27981866.00,200.49206940,0
2025-10-24 16:00:00,7e-06,7.16e-06,7e-06,7.15e-06,55671050.00,1761335999999,395.66452240,14,38482882.00,274.28037024,0
2025-10-24 20:00:00,7.16e-06,7.2e-06,7.16e-06,7.17e-06,90543146.00,1761350399999,650.82946407,12,79057580.00,568.50587193,0
2025-10-25 00:00:00,7.17e-06,7.18e-06,7.13e-06,7.14e-06,385513157.00,1761364799999,2761.82181726,7,10649719.00,76.42328635,0
2025-10-25 04:00:00,7.14e-06,7.14e-06,7.14e-06,7.14e-06,6300000.00,1761379199999,44.98200000,1,6300000.00,44.98200000,0
2025-10-25 08:00:00,7.13e-06,7.14e-06,7.09e-06,7.13e-06,21719076.00,1761393599999,154.90715836,5,10231160.00,73.05048240,0
2025-10-25 12:00:00,7.14e-06,7.16e-06,7.12e-06,7.16e-06,174903846.00,1761407999999,1249.25368097,57,163512542.00,1168.13368345,0
2025-10-25 16:00:00,7.15e-06,7.21e-06,7.12e-06,7.2e-06,98853396.00,1761422399999,708.64024237,14,80918137.00,580.79282026,0
2025-10-25 20:00:00,7.17e-06,7.2e-06,7.17e-06,7.18e-06,8509603.00,1761436799999,61.22684214,3,7455775.00,53.67089538,0
2025-10-26 00:00:00,7.14e-06,7.17e-06,7.02e-06,7.06e-06,193234406.00,1761451199999,1364.60394697,46,156519845.00,1105.97514674,0
2025-10-26 04:00:00,7.04e-06,7.14e-06,7.04e-06,7.14e-06,614164228.00,1761465599999,4331.86629512,7,37739106.00,268.10798540,0
2025-10-26 08:00:00,7.16e-06,7.36e-06,7.16e-06,7.35e-06,129895663.00,1761479999999,942.93179071,40,123960457.00,900.09760669,0
2025-10-26 12:00:00,7.37e-06,7.4e-06,7.28e-06,7.34e-06,200217318.00,1761494399999,1470.00401076,14,42813668.00,315.18016014,0
2025-10-26 16:00:00,7.31e-06,7.32e-06,7.26e-06,7.3e-06,191883717.00,1761508799999,1398.78206206,18,158742378.00,1157.57175346,0
2025-10-26 20:00:00,7.26e-06,7.43e-06,7.22e-06,7.33e-06,139101567.00,1761523199999,1021.58616138,44,87411033.00,645.02225640,0
2025-10-27 00:00:00,7.33e-06,7.39e-06,7.31e-06,7.31e-06,109787150.00,1761537599999,806.80806385,15,38754708.00,284.11296858,0
2025-10-27 04:00:00,7.3e-06,7.4e-06,7.23e-06,7.23e-06,140414688.00,1761551999999,1023.54332959,20,1468320.00,10.77484609,0
2025-10-27 08:00:00,7.23e-06,7.23e-06,7.14e-06,7.21e-06,101706592.00,1761566399999,727.93569761,34,7652875.00,54.99434474,0
2025-10-27 12:00:00,7.16e-06,7.23e-06,7.11e-06,7.22e-06,901829573.00,1761580799999,6501.94707165,99,30398371.00,219.51961396,0
2025-10-27 16:00:00,7.24e-06,7.34e-06,7.23e-06,7.23e-06,45725560.00,1761595199999,333.31757991,21,22022583.00,160.62870478,0
2025-10-27 20:00:00,7.21e-06,7.21e-06,7.07e-06,7.1e-06,123063658.00,1761609599999,876.35500402,62,15982022.00,114.61262275,0
2025-10-28 00:00:00,7.14e-06,7.18e-06,7.08e-06,7.08e-06,196943046.00,1761623999999,1403.41730364,52,15807381.00,113.32780092,0
2025-10-28 04:00:00,7.1e-06,7.22e-06,7.06e-06,7.19e-06,61049214.00,1761638399999,434.06761694,35,8376890.00,59.82068337,0
2025-10-28 08:00:00,7.19e-06,7.24e-06,7.15e-06,7.24e-06,37634919.00,1761652799999,270.51734028,23,12661340.00,91.34957165,0
2025-10-28 12:00:00,7.25e-06,7.31e-06,7.09e-06,7.2e-06,47630880.00,1761667199999,342.79584348,43,17199703.00,124.87938791,0
2025-10-28 16:00:00,7.23e-06,7.26e-06,7.06e-06,7.06e-06,118438195.00,1761681599999,853.09954187,33,81942922.00,593.27181592,0
2025-10-28 20:00:00,7.05e-06,7.05e-06,6.84e-06,6.99e-06,108471072.00,1761695999999,753.51734922,103,18968819.00,131.84177459,0
2025-10-29 00:00:00,6.99e-06,6.99e-06,6.92e-06,6.92e-06,41039032.00,1761710399999,286.15487732,7,35237005.00,245.73413355,0
2025-10-29 04:00:00,6.94e-06,6.96e-06,6.94e-06,6.96e-06,677431.00,1761724799999,4.70599650,2,446163.00,3.09637122,0
2025-10-29 08:00:00,6.93e-06,7.08e-06,6.91e-06,7.07e-06,22626591.00,1761739199999,158.32441102,24,15167885.00,106.78475256,0
2025-10-29 12:00:00,7.06e-06,7.1e-06,6.94e-06,6.94e-06,41723305.00,1761753599999,293.51286265,22,6800344.00,48.05473472,0
2025-10-29 16:00:00,6.93e-06,7.16e-06,6.81e-06,7.06e-06,126908252.00,1761767999999,887.41998522,106,38710991.00,273.29912724,0
2025-10-29 20:00:00,7.14e-06,7.22e-06,6.98e-06,6.99e-06,1009674032.00,1761782399999,7178.39494911,66,206863683.00,1478.62952822,0
2025-10-30 00:00:00,7e-06,7.06e-06,6.98e-06,7.02e-06,14356790.00,1761796799999,100.53204684,9,5976245.00,41.91556178,0
2025-10-30 04:00:00,6.99e-06,6.99e-06,6.72e-06,6.98e-06,107821817.00,1761811199999,736.83999625,75,22228113.00,153.46709690,0
2025-10-30 08:00:00,6.9e-06,6.9e-06,6.76e-06,6.77e-06,47037288.00,1761825599999,319.42903827,27,11535694.00,78.35665843,0
2025-10-30 12:00:00,6.75e-06,6.78e-06,6.44e-06,6.44e-06,4608814176.00,1761839999999,30298.96274773,128,4207509663.00,27662.88907523,0
2025-10-30 16:00:00,6.44e-06,6.49e-06,6.28e-06,6.28e-06,881675266.00,1761854399999,5646.14166461,83,58530356.00,374.06319926,0
2025-10-30 20:00:00,6.34e-06,6.42e-06,6.34e-06,6.42e-06,75177843.00,1761868799999,479.57491237,17,73678920.00,470.07174055,0
2025-10-31 00:00:00,6.43e-06,6.54e-06,6.43e-06,6.51e-06,326919420.00,1761883199999,2130.66446646,15,245928026.00,1603.58731796,0
2025-10-31 04:00:00,6.55e-06,6.63e-06,6.55e-06,6.59e-06,33209453.00,1761897599999,218.76357363,17,31639595.00,208.40251083,0
2025-10-31 08:00:00,6.58e-06,6.59e-06,6.53e-06,6.53e-06,31778977.00,1761911999999,207.89012412,4,1512105.00,9.95172798,0
2025-10-31 12:00:00,6.64e-06,6.65e-06,6.53e-06,6.62e-06,32914427.00,1761926399999,217.91597627,12,32356039.00,214.26276329,0
2025-10-31 16:00:00,6.55e-06,6.6e-06,6.44e-06,6.52e-06,606173048.00,1761940799999,3927.49482970,34,9676708.00,63.52246711,0
2025-10-31 20:00:00,6.59e-06,6.59e-06,6.54e-06,6.54e-06,38369687.00,1761955199999,251.44679112,5,3036833.00,19.95199281,0
2025-11-01 00:00:00,6.56e-06,6.56e-06,6.56e-06,6.56e-06,4560976.00,1761969599999,29.92000256,1,4560976.00,29.92000256,0
2025-11-01 04:00:00,6.63e-06,6.63e-06,6.58e-06,6.58e-06,161544876.00,1761983999999,1063.29205298,3,161544876.00,1063.29205298,0
2025-11-01 08:00:00,6.63e-06,6.68e-06,6.6e-06,6.66e-06,800090545.00,1761998399999,5304.71795331,12,781898562.00,5184.23462085,0
2025-11-01 12:00:00,6.69e-06,6.7e-06,6.63e-06,6.68e-06,23241886.00,1762012799999,155.21461391,7,20237965.00,135.25203383,0
2025-11-01 16:00:00,6.69e-06,6.7e-06,6.66e-06,6.67e-06,199155539.00,1762027199999,1331.15883410,9,139398168.00,932.60210614,0
2025-11-01 20:00:00,6.71e-06,6.71e-06,6.64e-06,6.68e-06,141799189.00,1762041599999,946.53347242,7,137201675.00,915.93124111,0
2025-11-02 00:00:00,6.69e-06,6.69e-06,6.64e-06,6.69e-06,480849228.00,1762055999999,3197.41749859,4,893514.00,5.97760866,0
2025-11-02 04:00:00,6.73e-06,6.75e-06,6.7e-06,6.72e-06,65105609.00,1762070399999,438.42667432,9,63233213.00,425.84417320,0
2025-11-02 08:00:00,6.74e-06,6.74e-06,6.71e-06,6.71e-06,16068940.00,1762084799999,108.12258740,2,10000000.00,67.40000000,0
2025-11-02 12:00:00,6.64e-06,6.64e-06,6.55e-06,6.59e-06,179147813.00,1762099199999,1187.64698120,10,172029865.00,1140.79793866,0
2025-11-02 16:00:00,6.55e-06,6.59e-06,6.51e-06,6.59e-06,1027127062.00,1762113599999,6728.04339545,59,8648561.00,56.95268281,0
2025-11-02 20:00:00,6.55e-06,6.7e-06,6.54e-06,6.7e-06,23620473.00,1762127999999,155.93358061,11,17014572.00,112.52284783,0
2025-11-03 00:00:00,6.63e-06,6.66e-06,6.21e-06,6.21e-06,947470670.00,1762142399999,6042.10552565,223,31255999.00,200.35397671,0
2025-11-03 04:00:00,6.2e-06,6.25e-06,6.1e-06,6.2e-06,1250069326.00,1762156799999,7753.76567242,34,1131947612.00,7019.50594565,0
2025-11-03 08:00:00,6.13e-06,6.23e-06,6.06e-06,6.06e-06,139890999.00,1762171199999,858.60660533,29,46517167.00,287.39594735,0
2025-11-03 12:00:00,6.12e-06,6.15e-06,5.55e-06,5.72e-06,1619455864.00,1762185599999,9500.55181423,285,668835814.00,3967.28584555,0
2025-11-03 16:00:00,5.74e-06,5.97e-06,5.7e-06,5.85e-06,229216406.00,1762199999999,1328.56627638,67,151438870.00,883.39761152,0
2025-11-03 20:00:00,5.77e-06,5.79e-06,5.65e-06,5.77e-06,261476122.00,1762214399999,1486.03380642,27,17675955.00,101.78506676,0
2025-11-04 00:00:00,5.78e-06,5.81e-06,5.76e-06,5.81e-06,82303497.00,1762228799999,475.42017073,9,39096823.00,226.54972849,0
2025-11-04 04:00:00,5.85e-06,5.85e-06,5.47e-06,5.5e-06,644657501.00,1762243199999,3643.12825598,105,286590327.00,1590.30139821,0
2025-11-04 08:00:00,5.53e-06,5.78e-06,5.53e-06,5.78e-06,346467661.00,1762257599999,1959.32582619,21,320383278.00,1811.91697457,0
2025-11-04 12:00:00,5.7e-06,5.82e-06,5.63e-06,5.68e-06,300560567.00,1762271999999,1708.00462784,17,254664749.00,1446.76797354,0
2025-11-04 16:00:00,5.67e-06,5.67e-06,5.33e-06,5.56e-06,4338214642.00,1762286399999,23842.93822130,131,3906598091.00,21486.75080671,0
2025-11-04 20:00:00,5.48e-06,5.64e-06,5.23e-06,5.6e-06,494918542.00,1762300799999,2692.91160972,79,247283358.00,1360.41641904,0
2025-11-05 00:00:00,5.58e-06,5.69e-06,5.31e-06,5.67e-06,2664333034.00,1762315199999,14733.21450697,48,86464906.00,482.53420548,0
2025-11-05 04:00:00,5.7e-06,5.7e-06,5.65e-06,5.66e-06,538238117.00,1762329599999,3055.52201959,7,337428062.00,1919.93154079,0
2025-11-05 08:00:00,5.66e-06,5.66e-06,5.55e-06,5.64e-06,191124560.00,1762343999999,1069.33695145,9,2206172.00,12.47814576,0
2025-11-05 12:00:00,5.67e-06,5.75e-06,5.61e-06,5.75e-06,223937288.00,1762358399999,1264.79296455,18,156148107.00,884.29265717,0
2025-11-05 16:00:00,5.73e-06,5.79e-06,5.69e-06,5.79e-06,825557177.00,1762372799999,4737.32357551,36,824231803.00,4729.72918249,0
2025-11-05 20:00:00,5.75e-06,5.8e-06,5.73e-06,5.8e-06,37291321.00,1762387199999,214.63427432,12,15422127.00,88.92949931,0
2025-11-06 00:00:00,5.76e-06,5.84e-06,5.66e-06,5.74e-06,127284709.00,1762401599999,730.17501722,35,31283059.00,179.34036993,0
2025-11-06 04:00:00,5.66e-06,5.68e-06,5.63e-06,5.68e-06,10733321.00,1762415999999,60.55102926,19,526810.00,2.99228080,0
2025-11-06 08:00:00,5.64e-06,5.64e-06,5.61e-06,5.63e-06,356248601.00,1762430399999,2005.20407069,17,39231548.00,220.08898428,0
2025-11-06 12:00:00,5.59e-06,5.59e-06,5.39e-06,5.39e-06,571214988.00,1762444799999,3098.33447718,64,422068903.00,2279.21826976,0
2025-11-06 16:00:00,5.37e-06,5.56e-06,5.28e-06,5.54e-06,180942951.00,1762459199999,980.19238896,114,62230442.00,342.18012197,0
2025-11-06 20:00:00,5.52e-06,5.57e-06,5.49e-06,5.51e-06,101685760.00,1762473599999,558.90327365,6,10803907.00,59.81065860,0
2025-11-07 00:00:00,5.59e-06,5.65e-06,5.56e-06,5.63e-06,845042796.00,1762487999999,4757.18951890,24,840169099.00,4729.88146955,0
2025-11-07 04:00:00,5.64e-06,5.76e-06,5.61e-06,5.76e-06,26772326.00,1762502399999,152.74435399,14,26101191.00,148.97928664,0
2025-11-07 08:00:00,5.77e-06,5.77e-06,5.59e-06,5.59e-06,498094389.00,1762516799999,2843.09958503,15,378270296.00,2156.14068720,0
2025-11-07 12:00:00,5.57e-06,5.8e-06,5.55e-06,5.8e-06,3422340585.00,1762531199999,19659.54435998,149,343923159.00,1941.66487419,0
2025-11-07 16:00:00,5.79e-06,6.25e-06,5.79e-06,6.2e-06,8689497639.00,1762545599999,53168.88256137,110,6787657520.00,41526.10616766,0
2025-11-07 20:00:00,6.25e-06,6.33e-06,6.2e-06,6.2e-06,1283419356.00,1762559999999,8007.56901735,22,614466082.00,3813.28694302,0
2025-11-08 00:00:00,6.2e-06,6.25e-06,6.13e-06,6.24e-06,2347761852.00,1762574399999,14648.01927090,14,2183343397.00,13623.27105824,0
2025-11-08 04:00:00,6.16e-06,6.16e-06,6.07e-06,6.07e-06,18097920.00,1762588799999,109.98013304,6,0.00,0.00000000,0
2025-11-08 08:00:00,6.1e-06,6.16e-06,6.1e-06,6.16e-06,27220716.00,1762603199999,166.25186946,2,0.00,0.00000000,0
2025-11-08 12:00:00,6.1e-06,6.14e-06,5.96e-06,5.98e-06,209618285.00,1762617599999,1276.17830206,26,19058173.00,115.86282218,0
2025-11-08 16:00:00,5.97e-06,6.07e-06,5.97e-06,6.06e-06,25853204.00,1762631999999,156.10240047,13,18699237.00,113.10348483,0
2025-11-08 20:00:00,6e-06,6.11e-06,5.98e-06,6.1e-06,144563431.00,1762646399999,877.60421650,21,140359729.00,852.38200450,0
2025-11-09 00:00:00,6.04e-06,6.04e-06,5.84e-06,5.84e-06,1006097417.00,1762660799999,5899.48600986,32,6018758.00,36.25492286,0
2025-11-09 04:00:00,5.91e-06,6e-06,5.91e-06,6e-06,120311805.00,1762675199999,713.30323410,14,105705210.00,626.96475721,0
2025-11-09 08:00:00,5.98e-06,6e-06,5.9e-06,6e-06,98315181.00,1762689599999,581.78165386,7,3968494.00,23.66875888,0
2025-11-09 12:00:00,6.02e-06,6.15e-06,6.02e-06,6.14e-06,336038410.00,1762703999999,2047.19790649,57,231788569.00,1412.32851742,0
2025-11-09 16:00:00,6.1e-06,6.15e-06,6.02e-06,6.15e-06,197066031.00,1762718399999,1204.45488591,11,3793185.00,23.16260546,0
2025-11-09 20:00:00,6.16e-06,6.18e-06,6.06e-06,6.07e-06,138027778.00,1762732799999,843.05625181,37,42179191.00,259.12436638,0
2025-11-10 00:00:00,6.06e-06,6.18e-06,5.98e-06,6.14e-06,271575091.00,1762747199999,1666.56905011,66,223610090.00,1375.00568839,0
2025-11-10 04:00:00,6.14e-06,6.17e-06,6.12e-06,6.14e-06,624788503.00,1762761599999,3844.23443085,30,443606249.00,2731.87801911,0
2025-11-10 08:00:00,6.08e-06,6.24e-06,6.08e-06,6.2e-06,89731311.00,1762775999999,553.02182621,12,51957175.00,321.82774422,0
2025-11-10 12:00:00,6.18e-06,6.26e-06,6.05e-06,6.17e-06,722635491.00,1762790399999,4437.51920674,51,98848608.00,617.48879928,0
2025-11-10 16:00:00,6.14e-06,6.25e-06,6.13e-06,6.25e-06,251518204.00,1762804799999,1547.16562679,18,240768863.00,1481.08277062,0
2025-11-10 20:00:00,6.16e-06,6.3e-06,6.14e-06,6.28e-06,49224355.00,1762819199999,307.68718822,15,40693444.00,255.23439038,0
2025-11-11 00:00:00,6.21e-06,6.34e-06,6.15e-06,6.25e-06,128662204.00,1762833599999,794.83691228,28,103399059.00,638.45398600,0
2025-11-11 04:00:00,6.3e-06,6.31e-06,6.01e-06,6.01e-06,370090291.00,1762847999999,2271.20689718,97,45622168.00,284.36263264,0
2025-11-11 08:00:00,6e-06,6.09e-06,5.98e-06,5.98e-06,393900580.00,1762862399999,2381.86377094,12,2132416.00,12.98641344,0
2025-11-11 12:00:00,5.98e-06,6.03e-06,5.93e-06,6e-06,57736416.00,1762876799999,343.62332144,26,3324208.00,19.98684111,0
2025-11-11 16:00:00,6e-06,6e-06,5.91e-06,5.91e-06,391367471.00,1762891199999,2333.93896999,42,54430483.00,325.55826334,0
2025-11-11 20:00:00,5.9e-06,5.94e-06,5.86e-06,5.9e-06,78427641.00,1762905599999,462.51027244,11,17980399.00,106.63550283,0
2025-11-12 00:00:00,5.85e-06,5.89e-06,5.81e-06,5.87e-06,474508705.00,1762919999999,2778.10574590,10,848133.00,4.99550337,0
2025-11-12 04:00:00,5.8e-06,5.92e-06,5.8e-06,5.92e-06,9234310.00,1762934399999,53.91561743,5,2115397.00,12.50827499,0
2025-11-12 08:00:00,5.94e-06,6e-06,5.91e-06,6e-06,130865480.00,1762948799999,777.59522398,24,16025379.00,95.75386942,0
2025-11-12 12:00:00,6.02e-06,6.11e-06,5.86e-06,5.86e-06,879930659.00,1762963199999,5227.28579664,84,23154376.00,140.28112750,0
2025-11-12 16:00:00,5.83e-06,5.83e-06,5.67e-06,5.74e-06,633035083.00,1762977599999,3627.75484802,53,205741144.00,1180.36363207,0
2025-11-12 20:00:00,5.74e-06,5.77e-06,5.69e-06,5.69e-06,142970628.00,1762991999999,819.78701841,4,124230912.00,713.15803437,0
2025-11-13 00:00:00,5.72e-06,5.88e-06,5.71e-06,5.85e-06,2599990400.00,1763006399999,15055.40482473,85,2286861957.00,13256.85835540,0
2025-11-13 04:00:00,5.86e-06,5.92e-06,5.86e-06,5.92e-06,946092587.00,1763020799999,5599.58011010,10,936627365.00,5543.94895820,0
2025-11-13 08:00:00,5.89e-06,5.91e-06,5.84e-06,5.91e-06,217538776.00,1763035199999,1272.34330050,5,25590279.00,151.20459305,0
2025-11-13 12:00:00,5.88e-06,5.95e-06,5.81e-06,5.81e-06,224460337.00,1763049599999,1322.26508281,13,115484391.00,684.84533615,0
2025-11-13 16:00:00,5.82e-06,5.84e-06,5.35e-06,5.35e-06,2057382882.00,1763063999999,11631.62144592,257,16799216.00,94.17348987,0
2025-11-13 20:00:00,5.33e-06,5.5e-06,5.27e-06,5.46e-06,1171574643.00,1763078399999,6354.72907557,81,465931960.00,2534.58136612,0
2025-11-14 00:00:00,5.42e-06,5.47e-06,5.32e-06,5.33e-06,1392058128.00,1763092799999,7533.03631626,84,86739670.00,471.43741522,0
2025-11-14 04:00:00,5.33e-06,5.42e-06,5.1e-06,5.37e-06,839236740.00,1763107199999,4406.09729986,87,339044701.00,1797.10204956,0
2025-11-14 08:00:00,5.38e-06,5.38e-06,5.18e-06,5.18e-06,151934394.00,1763121599999,797.93721360,24,27316976.00,144.87536874,0
2025-11-14 12:00:00,5.18e-06,5.26e-06,5.09e-06,5.2e-06,500667871.00,1763135999999,2592.18282369,118,269261945.00,1401.96011947,0
2025-11-14 16:00:00,5.2e-06,5.26e-06,5.04e-06,5.17e-06,3990823088.00,1763150399999,20470.60756068,101,918480067.00,4704.94810600,0
2025-11-14 20:00:00,5.17e-06,5.17e-06,4.81e-06,4.94e-06,4200387173.00,1763164799999,21115.93199767,228,390053505.00,1949.07138165,0
2025-11-15 00:00:00,4.88e-06,5.09e-06,4.88e-06,5.09e-06,746012648.00,1763179199999,3731.68242416,47,599593894.00,3010.03843311,0
2025-11-15 04:00:00,5.07e-06,5.12e-06,5.07e-06,5.11e-06,91719437.00,1763193599999,467.38751800,16,89461659.00,455.94058354,0
2025-11-15 08:00:00,5.04e-06,5.04e-06,4.96e-06,5.03e-06,172838050.00,1763207999999,864.14400699,44,6974187.00,35.08016061,0
2025-11-15 12:00:00,5.04e-06,5.04e-06,5e-06,5.02e-06,208397219.00,1763222399999,1042.21239220,5,202917641.00,1014.70491064,0
2025-11-15 16:00:00,5.07e-06,5.12e-06,5.02e-06,5.1e-06,596133408.00,1763236799999,3026.33420411,40,90735618.00,460.45364909,0
2025-11-15 20:00:00,5.01e-06,5.02e-06,4.96e-06,5e-06,133761804.00,1763251199999,669.99872054,46,39840637.00,199.99999774,0
2025-11-16 00:00:00,4.96e-06,5e-06,4.8e-06,5e-06,2748486839.00,1763265599999,13376.08172151,172,218296738.00,1079.48909619,0
2025-11-16 04:00:00,4.97e-06,5.03e-06,4.97e-06,5.01e-06,2168913000.00,1763279999999,10835.80279884,31,2097050160.00,10476.99551023,0
2025-11-16 08:00:00,5e-06,5.05e-06,4.91e-06,4.91e-06,1184424429.00,1763294399999,5850.32302705,19,90942211.00,449.41689251,0
2025-11-16 12:00:00,4.89e-06,4.93e-06,4.76e-06,4.81e-06,1422165700.00,1763308799999,6925.53618360,67,577516861.00,2820.02327895,0
2025-11-16 16:00:00,4.77e-06,4.84e-06,4.69e-06,4.8e-06,2287679672.00,1763323199999,10891.20714056,157,434834033.00,2079.82577173,0
2025-11-16 20:00:00,4.84e-06,4.89e-06,4.75e-06,4.88e-06,728037131.00,1763337599999,3499.28326621,87,324196671.00,1564.42874563,0
2025-11-17 00:00:00,4.85e-06,4.96e-06,4.85e-06,4.92e-06,1710486045.00,1763351999999,8317.29947153,54,1599099267.00,7769.64225823,0
2025-11-17 04:00:00,4.93e-06,4.98e-06,4.92e-06,4.95e-06,702385182.00,1763366399999,3462.99727853,17,623911338.00,3074.93337833,0
2025-11-17 08:00:00,4.98e-06,5.01e-06,4.98e-06,4.98e-06,29327386.00,1763380799999,146.13284049,6,3020152.00,15.12281517,0
2025-11-17 12:00:00,4.95e-06,5.07e-06,4.84e-06,4.85e-06,4091925710.00,1763395199999,20259.97982314,103,1110366046.00,5576.71418070,0
2025-11-17 16:00:00,4.81e-06,4.95e-06,4.62e-06,4.64e-06,2457391459.00,1763409599999,11598.16332466,117,376373646.00,1802.29376138,0
2025-11-17 20:00:00,4.64e-06,4.73e-06,4.64e-06,4.72e-06,123390607.00,1763423999999,577.49035031,39,15491102.00,72.75849537,0
2025-11-18 00:00:00,4.62e-06,4.83e-06,4.62e-06,4.83e-06,707835954.00,1763438399999,3344.66388440,56,193338145.00,924.93580424,0
2025-11-18 04:00:00,4.78e-06,4.87e-06,4.75e-06,4.8e-06,1592567843.00,1763452799999,7645.91710014,29,1109523867.00,5332.73779728,0
2025-11-18 08:00:00,4.81e-06,4.85e-06,4.8e-06,4.83e-06,176173756.00,1763467199999,848.31697659,9,101677489.00,490.01237664,0
2025-11-18 12:00:00,4.81e-06,4.89e-06,4.75e-06,4.89e-06,261991570.00,1763481599999,1260.20218211,17,173508352.00,839.74184253,0
2025-11-18 16:00:00,4.87e-06,4.94e-06,4.87e-06,4.92e-06,730370998.00,1763495999999,3588.35275636,28,375524703.00,1844.38842557,0
2025-11-18 20:00:00,4.91e-06,4.92e-06,4.85e-06,4.85e-06,110807385.00,1763510399999,540.04912763,7,30549322.00,149.99999879,0
2025-11-19 00:00:00,4.86e-06,4.86e-06,4.86e-06,4.86e-06,513116938.00,1763524799999,2493.74831868,4,500000000.00,2430.00000000,0
2025-11-19 04:00:00,4.81e-06,4.81e-06,4.72e-06,4.81e-06,759845815.00,1763539199999,3618.12545630,23,593647538.00,2824.75144789,0
2025-11-19 08:00:00,4.82e-06,4.88e-06,4.78e-06,4.81e-06,685300884.00,1763553599999,3304.05394631,39,514056093.00,2478.31154431,0
2025-11-19 12:00:00,4.8e-06,4.82e-06,4.67e-06,4.67e-06,3681449951.00,1763567999999,17461.85583002,26,130938651.00,627.35627031,0
2025-11-19 16:00:00,4.66e-06,4.66e-06,4.47e-06,4.51e-06,2499726057.00,1763582399999,11380.87762655,165,137745284.00,626.59996849,0
2025-11-19 20:00:00,4.56e-06,4.76e-06,4.56e-06,4.76e-06,1971948091.00,1763596799999,9266.13940603,37,1969755109.00,9255.74467135,0
2025-11-20 00:00:00,4.76e-06,4.85e-06,4.76e-06,4.82e-06,1572831795.00,1763611199999,7575.02458238,28,1476312127.00,7111.69725616,0
2025-11-20 04:00:00,4.86e-06,4.9e-06,4.85e-06,4.9e-06,1522688002.00,1763625599999,7435.44095136,21,1522688002.00,7435.44095136,0
2025-11-20 08:00:00,4.81e-06,4.82e-06,4.81e-06,4.82e-06,34803170.00,1763639999999,167.50127940,3,0.00,0.00000000,0
2025-11-20 12:00:00,4.88e-06,4.95e-06,4.83e-06,4.83e-06,40647812.00,1763654399999,198.79383811,20,10841181.00,53.27670634,0
2025-11-20 16:00:00,4.82e-06,4.82e-06,4.44e-06,4.53e-06,4900836795.00,1763668799999,22345.17576121,186,64074592.00,288.15028365,0
2025-11-20 20:00:00,4.5e-06,4.63e-06,4.43e-06,4.43e-06,3975720381.00,1763683199999,17994.78474188,248,94294495.00,430.82008428,0
2025-11-21 00:00:00,4.47e-06,4.55e-06,4.45e-06,4.49e-06,167298113.00,1763697599999,753.64690384,26,92333235.00,417.68717025,0
2025-11-21 04:00:00,4.49e-06,4.51e-06,4.16e-06,4.28e-06,178111024.00,1763711999999,775.31998831,95,62662636.00,271.51540260,0
2025-11-21 08:00:00,4.25e-06,4.32e-06,4.11e-06,4.14e-06,139143071.00,1763726399999,583.78155794,71,64035243.00,271.51854044,0
2025-11-21 12:00:00,4.11e-06,4.32e-06,4.02e-06,4.17e-06,555275336.00,1763740799999,2336.39869117,109,205048118.00,876.22171170,0
2025-11-21 16:00:00,4.16e-06,4.29e-06,4.11e-06,4.17e-06,1050236759.00,1763755199999,4411.89398754,49,1035051943.00,4348.60959937,0
2025-11-21 20:00:00,4.15e-06,4.19e-06,3.97e-06,4.13e-06,1303125884.00,1763769599999,5199.07881720,69,1047457122.00,4171.99592340,0
2025-11-22 00:00:00,4.13e-06,4.17e-06,4.08e-06,4.11e-06,496797136.00,1763783999999,2048.17204119,22,273613557.00,1137.47178636,0
2025-11-22 04:00:00,4.08e-06,4.1e-06,3.97e-06,4.1e-06,101340097.00,1763798399999,407.35225916,48,23702105.00,95.92542816,0
2025-11-22 08:00:00,4.05e-06,4.1e-06,3.96e-06,4.1e-06,938199683.00,1763812799999,3796.99418211,36,636776747.00,2582.50591026,0
2025-11-22 12:00:00,4.08e-06,4.08e-06,3.98e-06,4.05e-06,148120453.00,1763827199999,595.24279391,32,50581990.00,204.99496774,0
2025-11-22 16:00:00,4.05e-06,4.12e-06,4.05e-06,4.11e-06,88068924.00,1763841599999,357.58885828,15,15805743.00,64.83428773,0
2025-11-22 20:00:00,4.06e-06,4.19e-06,4.06e-06,4.13e-06,91243912.00,1763855999999,378.01560266,20,37971991.00,156.35136678,0
2025-11-23 00:00:00,4.11e-06,4.18e-06,4.1e-06,4.17e-06,538000896.00,1763870399999,2230.76643791,39,413517418.00,1715.92916292,0
2025-11-23 04:00:00,4.19e-06,4.22e-06,4.14e-06,4.14e-06,87277818.00,1763884799999,366.42330868,10,81800995.00,343.62202369,0
2025-11-23 08:00:00,4.16e-06,4.17e-06,4.14e-06,4.15e-06,380240230.00,1763899199999,1578.49345494,6,5869199.00,24.43784279,0
2025-11-23 12:00:00,4.19e-06,4.19e-06,4.15e-06,4.19e-06,191113496.00,1763913599999,796.51351212,7,3654052.00,15.31047788,0
2025-11-23 16:00:00,4.18e-06,4.23e-06,4.15e-06,4.19e-06,1205360734.00,1763927999999,5038.47807566,46,4112669.00,17.30536938,0
2025-11-23 20:00:00,4.21e-06,4.24e-06,4.16e-06,4.17e-06,1629385709.00,1763942399999,6873.65591327,72,1439780475.00,6075.63254259,0
2025-11-24 00:00:00,4.14e-06,4.33e-06,4.11e-06,4.32e-06,2739825369.00,1763956799999,11744.59898992,40,1834366175.00,7897.22298837,0
2025-11-24 04:00:00,4.32e-06,4.37e-06,4.25e-06,4.26e-06,3203243965.00,1763971199999,13725.59257662,53,1551856616.00,6668.47052340,0
2025-11-24 08:00:00,4.25e-06,4.25e-06,4.15e-06,4.21e-06,60067613.00,1763985599999,250.59908416,16,4993012.00,20.94541561,0
2025-11-24 12:00:00,4.22e-06,4.31e-06,4.19e-06,4.31e-06,255253196.00,1763999999999,1081.65972863,36,50708615.00,216.85985904,0
2025-11-24 16:00:00,4.32e-06,4.55e-06,4.32e-06,4.55e-06,4113261625.00,1764014399999,18339.66421158,71,4099528087.00,18278.10391041,0
2025-11-24 20:00:00,4.55e-06,4.64e-06,4.55e-06,4.56e-06,625731632.00,1764028799999,2868.21677881,41,585258658.00,2682.44564022,0
2025-11-25 00:00:00,4.54e-06,4.56e-06,4.46e-06,4.56e-06,1575947748.00,1764043199999,7129.37694219,31,1023238712.00,4625.99400262,0
2025-11-25 04:00:00,4.52e-06,4.54e-06,4.47e-06,4.5e-06,599068489.00,1764057599999,2697.62546384,12,530768547.00,2389.66720775,0
2025-11-25 08:00:00,4.45e-06,4.47e-06,4.4e-06,4.43e-06,72683060.00,1764071999999,323.34121409,14,3436656.00,15.33950253,0
2025-11-25 12:00:00,4.45e-06,4.45e-06,4.36e-06,4.39e-06,3610284604.00,1764086399999,15906.10316249,23,13748295.00,60.85284272,0
2025-11-25 16:00:00,4.43e-06,4.52e-06,4.42e-06,4.42e-06,1046954402.00,1764100799999,4631.54756050,19,1045894292.00,4626.83516017,0
2025-11-25 20:00:00,4.48e-06,4.64e-06,4.46e-06,4.58e-06,143951357.00,1764115199999,649.77691479,29,74288436.00,339.08028713,0
2025-11-26 00:00:00,4.62e-06,4.63e-06,4.54e-06,4.54e-06,2282002597.00,1764129599999,10403.14880801,10,2011691225.00,9164.06088542,0
2025-11-26 04:00:00,4.54e-06,4.59e-06,4.54e-06,4.56e-06,3797557442.00,1764143999999,17284.09636923,7,3797557442.00,17284.09636923,0
2025-11-26 08:00:00,4.53e-06,4.53e-06,4.49e-06,4.49e-06,32373416.00,1764158399999,146.11686642,8,0.00,0.00000000,0
2025-11-26 12:00:00,4.48e-06,4.48e-06,4.45e-06,4.45e-06,64178716.00,1764172799999,286.06456955,11,18246182.00,81.58943280,0
2025-11-26 16:00:00,4.52e-06,4.71e-06,4.52e-06,4.7e-06,10993935799.00,1764187199999,51670.59558525,114,86735369.00,404.62226798,0
2025-11-26 20:00:00,4.71e-06,4.73e-06,4.69e-06,4.69e-06,32471475.00,1764201599999,152.70385231,8,11194880.00,52.91662176,0
2025-11-27 00:00:00,4.69e-06,4.69e-06,4.65e-06,4.65e-06,6903938.00,1764215999999,32.33724918,7,1701916.00,7.98198604,0
2025-11-27 04:00:00,4.68e-06,4.7e-06,4.65e-06,4.7e-06,5190627.00,1764230399999,24.29991195,4,3824154.00,17.94581250,0
2025-11-27 08:00:00,4.65e-06,4.68e-06,4.65e-06,4.67e-06,70253732.00,1764244799999,327.18876833,17,16864536.00,78.88635340,0
2025-11-27 12:00:00,4.64e-06,4.7e-06,4.63e-06,4.7e-06,117726613.00,1764259199999,547.00377547,7,28688978.00,134.67698645,0
2025-11-27 16:00:00,4.64e-06,4.76e-06,4.63e-06,4.76e-06,70777374.00,1764273599999,333.30393233,20,41411649.00,196.40731446,0
2025-11-27 20:00:00,4.78e-06,4.85e-06,4.7e-06,4.7e-06,165477544.00,1764287999999,790.23936310,22,94786312.00,457.78035759,0
2025-11-28 00:00:00,4.77e-06,4.77e-06,4.61e-06,4.62e-06,27092572.00,1764302399999,126.93197856,16,12358302.00,58.41548104,0
2025-11-28 04:00:00,4.67e-06,4.67e-06,4.59e-06,4.66e-06,49601487.00,1764316799999,229.69717275,19,25429231.00,118.64721264,0
2025-11-28 08:00:00,4.67e-06,4.78e-06,4.65e-06,4.66e-06,42250037.00,1764331199999,198.22579641,18,15408205.00,73.04427595,0
2025-11-28 12:00:00,4.68e-06,4.88e-06,4.68e-06,4.81e-06,43927145.00,1764345599999,210.63252906,25,36731050.00,176.38029049,0
2025-11-28 16:00:00,4.77e-06,4.77e-06,4.6e-06,4.65e-06,228636319.00,1764359999999,1064.87572366,31,119134843.00,554.23111053,0
2025-11-28 20:00:00,4.65e-06,4.65e-06,4.65e-06,4.65e-06,0.00,1764374399999,0.00000000,0,0.00,0.00000000,0
2025-11-29 00:00:00,4.65e-06,4.65e-06,4.61e-06,4.62e-06,163629623.00,1764388799999,755.43447412,5,483710.00,2.24925150,0
2025-11-29 04:00:00,4.59e-06,4.59e-06,4.57e-06,4.57e-06,47394358.00,1764403199999,217.18733891,10,4506042.00,20.59261194,0
2025-11-29 08:00:00,4.56e-06,4.56e-06,4.54e-06,4.54e-06,13096910.00,1764417599999,59.51378008,7,0.00,0.00000000,0
2025-11-29 12:00:00,4.54e-06,4.62e-06,4.54e-06,4.58e-06,120135488.00,1764431999999,553.38117191,6,104526254.00,482.08295067,0
2025-11-29 16:00:00,4.55e-06,4.55e-06,4.53e-06,4.53e-06,24965697.00,1764446399999,113.49479195,3,0.00,0.00000000,0
2025-11-29 20:00:00,4.53e-06,4.59e-06,4.53e-06,4.54e-06,40820237.00,1764460799999,185.66713972,5,12063480.00,55.32784037,0
2025-11-30 00:00:00,4.54e-06,4.6e-06,4.54e-06,4.6e-06,27488336.00,1764475199999,126.35353659,8,26488336.00,121.81353659,0
2025-11-30 04:00:00,4.6e-06,4.6e-06,4.55e-06,4.57e-06,42925597.00,1764489599999,196.19929183,7,12802694.00,58.74900458,0
2025-11-30 08:00:00,4.62e-06,4.63e-06,4.59e-06,4.59e-06,7829036.00,1764503999999,36.01957614,3,2645268.00,12.22608102,0
2025-11-30 12:00:00,4.57e-06,4.64e-06,4.57e-06,4.58e-06,23040207.00,1764518399999,105.54369778,5,3480361.00,16.14887504,0
2025-11-30 16:00:00,4.66e-06,4.71e-06,4.64e-06,4.64e-06,30578750.00,1764532799999,143.09593359,12,30091769.00,140.83634175,0
2025-11-30 20:00:00,4.61e-06,4.61e-06,4.54e-06,4.54e-06,13421404.00,1764547199999,61.42042999,12,0.00,0.00000000,0
2025-12-01 00:00:00,4.53e-06,4.53e-06,4.25e-06,4.26e-06,347556420.00,1764561599999,1496.41340899,51,46650167.00,201.92018798,0
2025-12-01 04:00:00,4.21e-06,4.22e-06,4.16e-06,4.2e-06,137117085.00,1764575999999,573.54092137,16,5177935.00,21.79449331,0
2025-12-01 08:00:00,4.15e-06,4.15e-06,4.14e-06,4.14e-06,42395807.00,1764590399999,175.93703458,4,0.00,0.00000000,0
2025-12-01 12:00:00,4.13e-06,4.14e-06,3.99e-06,3.99e-06,99810930.00,1764604799999,408.24538609,20,15771292.00,65.25412452,0
2025-12-01 16:00:00,3.98e-06,4.04e-06,3.97e-06,4.02e-06,168489003.00,1764619199999,671.83309495,9,76843904.00,307.97193042,0
2025-12-01 20:00:00,4.03e-06,4.09e-06,4.03e-06,4.08e-06,36664677.00,1764633599999,149.45918093,11,36664677.00,149.45918093,0
2025-12-02 00:00:00,4.07e-06,4.07e-06,4.01e-06,4.01e-06,141056647.00,1764647999999,572.57919934,6,4921988.00,20.03249116,0
2025-12-02 04:00:00,4e-06,4.06e-06,4e-06,4e-06,238139812.00,1764662399999,958.51992746,14,38177991.00,155.00264346,0
2025-12-02 08:00:00,4e-06,4.07e-06,4e-06,4.04e-06,44534428.00,1764676799999,179.09386027,4,611618.00,2.48928526,0
2025-12-02 12:00:00,4.11e-06,4.5e-06,4.11e-06,4.5e-06,376919356.00,1764691199999,1649.49503620,49,376919356.00,1649.49503620,0
2025-12-02 16:00:00,4.5e-06,4.54e-06,4.5e-06,4.53e-06,134844282.00,1764705599999,608.35863409,11,134844282.00,608.35863409,0
2025-12-02 20:00:00,4.48e-06,4.66e-06,4.48e-06,4.57e-06,89698455.00,1764719999999,411.94373537,23,66524255.00,308.07501457,0
2025-12-03 00:00:00,4.56e-06,4.66e-06,4.54e-06,4.59e-06,209811888.00,1764734399999,973.02675656,19,189707279.00,881.42500717,0
2025-12-03 04:00:00,4.65e-06,4.77e-06,4.65e-06,4.69e-06,1073261655.00,1764748799999,5081.75127930,31,39754552.00,187.45739495,0
2025-12-03 08:00:00,4.7e-06,4.81e-06,4.69e-06,4.75e-06,279076069.00,1764763199999,1323.74117728,14,29324423.00,138.70795556,0
2025-12-03 12:00:00,4.79e-06,4.79e-06,4.64e-06,4.64e-06,62957441.00,1764777599999,298.17462839,21,49050958.00,233.29605687,0
2025-12-03 16:00:00,4.71e-06,4.83e-06,4.71e-06,4.72e-06,10768051395.00,1764791999999,50826.48596715,19,10763060175.00,50802.92222310,0
2025-12-03 20:00:00,4.72e-06,4.86e-06,4.72e-06,4.86e-06,43730963.00,1764806399999,211.38428581,19,43306335.00,209.38004165,0
2025-12-04 00:00:00,4.85e-06,4.86e-06,4.79e-06,4.84e-06,82298427.00,1764820799999,399.36740785,13,77889953.00,378.20331147,0
2025-12-04 04:00:00,4.84e-06,4.89e-06,4.79e-06,4.81e-06,42811682.00,1764835199999,208.20794569,12,41380799.00,201.34381732,0
2025-12-04 08:00:00,4.88e-06,4.88e-06,4.81e-06,4.81e-06,6725886.00,1764849599999,32.44420866,4,508959.00,2.48371992,0
2025-12-04 12:00:00,4.85e-06,4.92e-06,4.79e-06,4.92e-06,47180613.00,1764863999999,228.81212554,10,42773320.00,207.70119207,0
2025-12-04 16:00:00,4.9e-06,4.9e-06,4.69e-06,4.8e-06,2193520516.00,1764878399999,10727.62428023,96,107100280.00,512.00305652,0
2025-12-04 20:00:00,4.79e-06,4.8e-06,4.72e-06,4.72e-06,2949115.00,1764892799999,14.07312411,5,2083333.00,9.98144742,0
2025-12-05 00:00:00,4.8e-06,4.8e-06,4.71e-06,4.71e-06,5436387.00,1764907199999,25.66223826,4,516491.00,2.47915680,0
2025-12-05 04:00:00,4.69e-06,4.76e-06,4.66e-06,4.7e-06,88441880.00,1764921599999,416.53608262,21,57638044.00,271.85453623,0
2025-12-05 08:00:00,4.69e-06,4.69e-06,4.61e-06,4.61e-06,20149135.00,1764935999999,93.56167470,15,0.00,0.00000000,0
2025-12-05 12:00:00,4.6e-06,4.61e-06,4.52e-06,4.53e-06,365073303.00,1764950399999,1664.26484334,23,4334940.00,19.90233560,0
2025-12-05 16:00:00,4.52e-06,4.52e-06,4.33e-06,4.4e-06,168682874.00,1764964799999,737.60478571,36,30506533.00,135.12379504,0
2025-12-05 20:00:00,4.36e-06,4.36e-06,4.35e-06,4.36e-06,55823060.00,1764979199999,243.22819167,5,0.00,0.00000000,0
2025-12-06 00:00:00,4.41e-06,4.41e-06,4.4e-06,4.41e-06,21830182.00,1764993599999,96.10478572,6,21830182.00,96.10478572,0
2025-12-06 04:00:00,4.4e-06,4.4e-06,4.36e-06,4.36e-06,7268867.00,1765007999999,31.90258512,2,5258125.00,23.13575000,0
2025-12-06 08:00:00,4.34e-06,4.34e-06,4.34e-06,4.34e-06,6845246.00,1765022399999,29.70836764,1,0.00,0.00000000,0
2025-12-06 12:00:00,4.42e-06,4.47e-06,4.42e-06,4.46e-06,7458514.00,1765036799999,33.11994799,7,7458514.00,33.11994799,0
2025-12-06 16:00:00,4.48e-06,4.5e-06,4.48e-06,4.5e-06,225446722.00,1765051199999,1012.27810616,6,117281399.00,525.53415266,0
2025-12-06 20:00:00,4.51e-06,4.55e-06,4.47e-06,4.52e-06,5998143.00,1765065599999,27.00450936,6,3693996.00,16.70497227,0
2025-12-07 00:00:00,4.55e-06,4.59e-06,4.55e-06,4.59e-06,6298974.00,1765079999999,28.82682028,7,6298974.00,28.82682028,0
2025-12-07 04:00:00,4.52e-06,4.57e-06,4.52e-06,4.57e-06,67818071.00,1765094399999,309.61779954,9,67318162.00,307.35821086,0
2025-12-07 08:00:00,4.49e-06,4.55e-06,4.44e-06,4.5e-06,2397749602.00,1765108799999,10780.73090759,85,268205858.00,1219.36336430,0
2025-12-07 12:00:00,4.51e-06,4.51e-06,4.3e-06,4.36e-06,54880754.00,1765123199999,239.56800592,34,20442783.00,90.13653487,0
2025-12-07 16:00:00,4.43e-06,4.57e-06,4.36e-06,4.57e-06,87100258.00,1765137599999,394.15808368,25,81462819.00,369.36393451,0
2025-12-07 20:00:00,4.49e-06,4.49e-06,4.36e-06,4.44e-06,136784856.00,1765151999999,608.77196036,21,3333333.00,14.78923855,0
2025-12-08 00:00:00,4.47e-06,4.55e-06,4.47e-06,4.55e-06,359408086.00,1765166399999,1628.37686393,11,359408086.00,1628.37686393,0
2025-12-08 04:00:00,4.56e-06,4.66e-06,4.56e-06,4.64e-06,2208175381.00,1765180799999,10242.26436577,27,2183241746.00,10127.84908671,0
2025-12-08 08:00:00,4.67e-06,4.76e-06,4.67e-06,4.71e-06,910667903.00,1765195199999,4298.97595212,25,891337057.00,4207.93708905,0
2025-12-08 12:00:00,4.71e-06,4.88e-06,4.71e-06,4.83e-06,2536343769.00,1765209599999,12014.87192825,32,1312625694.00,6225.83030972,0
2025-12-08 16:00:00,4.84e-06,5e-06,4.76e-06,4.83e-06,364460435.00,1765223999999,1769.37428490,54,217091315.00,1065.45491868,0
2025-12-08 20:00:00,4.8e-06,4.83e-06,4.71e-06,4.79e-06,61779629.00,1765238399999,295.07473277,12,31784258.00,153.02533272,0
2025-12-09 00:00:00,4.79e-06,4.79e-06,4.65e-06,4.65e-06,89103323.00,1765252799999,418.84905429,16,55297313.00,260.85897161,0
2025-12-09 04:00:00,4.64e-06,4.64e-06,4.57e-06,4.63e-06,96122710.00,1765267199999,441.13170768,21,9907454.00,45.81899564,0
2025-12-09 08:00:00,4.62e-06,4.62e-06,4.57e-06,4.57e-06,39773790.00,1765281599999,183.23603975,3,0.00,0.00000000,0
2025-12-09 12:00:00,4.64e-06,4.84e-06,4.64e-06,4.81e-06,54928708.00,1765295999999,260.64877558,36,46467301.00,220.78357729,0
2025-12-09 16:00:00,4.85e-06,5.05e-06,4.85e-06,5.03e-06,409689855.00,1765310399999,2036.69521441,50,303249081.00,1507.83107300,0
2025-12-09 20:00:00,4.97e-06,5e-06,4.86e-06,5e-06,288160364.00,1765324799999,1412.96497649,28,90847890.00,449.41975733,0
2025-12-10 00:00:00,4.93e-06,4.93e-06,4.84e-06,4.89e-06,7156152.00,1765339199999,34.84749306,8,2066115.00,10.10330235,0
2025-12-10 04:00:00,4.82e-06,4.82e-06,4.76e-06,4.76e-06,70545262.00,1765353599999,337.73777254,11,0.00,0.00000000,0
2025-12-10 08:00:00,4.73e-06,4.8e-06,4.7e-06,4.7e-06,90827583.00,1765367999999,427.97703086,21,2617330.00,12.54217560,0
2025-12-10 12:00:00,4.69e-06,4.72e-06,4.68e-06,4.72e-06,232704246.00,1765382399999,1097.93983506,8,219727890.00,1037.11564080,0
2025-12-10 16:00:00,4.73e-06,4.88e-06,4.7e-06,4.87e-06,290465304.00,1765396799999,1396.51902744,42,148989349.00,715.89124064,0
2025-12-10 20:00:00,4.88e-06,4.92e-06,4.61e-06,4.74e-06,3360236754.00,1765411199999,16430.79880642,114,48818681.00,227.42682284,0
2025-12-11 00:00:00,4.65e-06,4.65e-06,4.42e-06,4.49e-06,370969099.00,1765425599999,1674.09421091,47,60252288.00,271.75723366,0
2025-12-11 04:00:00,4.45e-06,4.49e-06,4.45e-06,4.49e-06,226940035.00,1765439999999,1009.97199311,2,226940035.00,1009.97199311,0
2025-12-11 08:00:00,4.48e-06,4.48e-06,4.42e-06,4.44e-06,903050095.00,1765454399999,4009.58040574,33,6458797.00,28.93541056,0
2025-12-11 12:00:00,4.44e-06,4.45e-06,4.36e-06,4.45e-06,57294034.00,1765468799999,251.70929532,23,3892372.00,17.28835468,0
2025-12-11 16:00:00,4.45e-06,4.52e-06,4.45e-06,4.52e-06,25431324.00,1765483199999,113.44693705,11,9940249.00,44.51165330,0
2025-12-11 20:00:00,4.55e-06,4.69e-06,4.52e-06,4.6e-06,1040564798.00,1765497599999,4782.88102518,35,1035266991.00,4758.79719336,0
2025-12-12 00:00:00,4.58e-06,4.66e-06,4.54e-06,4.63e-06,35579984.00,1765511999999,163.92640846,9,16601098.00,77.25876081,0
2025-12-12 04:00:00,4.63e-06,4.63e-06,4.57e-06,4.57e-06,9461561.00,1765526399999,43.31868863,2,1322581.00,6.12355003,0
2025-12-12 08:00:00,4.56e-06,4.61e-06,4.55e-06,4.61e-06,41253412.00,1765540799999,189.30818062,3,26670013.00,122.94875993,0
2025-12-12 12:00:00,4.54e-06,4.61e-06,4.25e-06,4.27e-06,1272081069.00,1765555199999,5566.09732802,49,25703746.00,116.43796938,0
2025-12-12 16:00:00,4.31e-06,4.34e-06,4.25e-06,4.26e-06,139873645.00,1765569599999,595.27051871,11,7481968.00,32.42615158,0
2025-12-12 20:00:00,4.31e-06,4.33e-06,4.31e-06,4.32e-06,61104381.00,1765583999999,264.26749011,4,31336406.00,135.66983811,0
2025-12-13 00:00:00,4.33e-06,4.37e-06,4.33e-06,4.34e-06,175689401.00,1765598399999,761.66369558,9,9260252.00,40.37421020,0
2025-12-13 04:00:00,4.39e-06,4.42e-06,4.39e-06,4.42e-06,4030533.00,1765612799999,17.78761892,5,4030533.00,17.78761892,0
2025-12-13 08:00:00,4.42e-06,4.42e-06,4.42e-06,4.42e-06,0.00,1765627199999,0.00000000,0,0.00,0.00000000,0
2025-12-13 12:00:00,4.37e-06,4.37e-06,4.34e-06,4.37e-06,14247472.00,1765641599999,62.07538889,3,0.00,0.00000000,0
2025-12-13 16:00:00,4.36e-06,4.36e-06,4.36e-06,4.36e-06,972825.00,1765655999999,4.24151700,1,0.00,0.00000000,0
2025-12-13 20:00:00,4.36e-06,4.36e-06,4.36e-06,4.36e-06,0.00,1765670399999,0.00000000,0,0.00,0.00000000,0
2025-12-14 00:00:00,4.35e-06,4.41e-06,4.35e-06,4.36e-06,108108402.00,1765684799999,471.33229997,8,677598.00,2.98820718,0
2025-12-14 04:00:00,4.35e-06,4.38e-06,4.32e-06,4.38e-06,170572297.00,1765699199999,739.33370128,9,31556797.00,138.21877086,0
2025-12-14 08:00:00,4.29e-06,4.29e-06,4.26e-06,4.26e-06,22680092.00,1765713599999,96.93030775,11,0.00,0.00000000,0
2025-12-14 12:00:00,4.28e-06,4.28e-06,4.16e-06,4.22e-06,278861618.00,1765727999999,1170.30831729,22,11534109.00,48.67393998,0
2025-12-14 16:00:00,4.22e-06,4.22e-06,4.22e-06,4.22e-06,2369668.00,1765742399999,9.99999896,1,2369668.00,9.99999896,0
2025-12-14 20:00:00,4.18e-06,4.18e-06,4.12e-06,4.18e-06,27653648.00,1765756799999,115.19277770,8,13117097.00,54.82946546,0
2025-12-15 00:00:00,4.19e-06,4.36e-06,4.19e-06,4.36e-06,101811305.00,1765771199999,433.31837102,32,75866591.00,323.87821960,0
2025-12-15 04:00:00,4.3e-06,4.3e-06,4.3e-06,4.3e-06,23360655.00,1765785599999,100.45081650,3,0.00,0.00000000,0
2025-12-15 08:00:00,4.29e-06,4.34e-06,4.27e-06,4.34e-06,85771011.00,1765799999999,368.30330243,5,27897472.00,121.07502848,0
2025-12-15 12:00:00,4.27e-06,4.27e-06,4.09e-06,4.12e-06,480566906.00,1765814399999,1984.72608220,35,108785850.00,448.19770200,0
2025-12-15 16:00:00,4.12e-06,4.12e-06,3.95e-06,4.06e-06,179791670.00,1765828799999,724.46834873,33,92684704.00,376.03502863,0
2025-12-15 20:00:00,4e-06,4.07e-06,4e-06,4.05e-06,38531414.00,1765843199999,156.71503795,8,4049052.00,16.46976090,0
2025-12-16 00:00:00,4.07e-06,4.07e-06,4.01e-06,4.01e-06,202360619.00,1765857599999,822.97584343,7,0.00,0.00000000,0
2025-12-16 04:00:00,4.04e-06,4.04e-06,3.95e-06,4.02e-06,2638774208.00,1765871999999,10603.19504384,77,41424510.00,166.85750798,0
2025-12-16 08:00:00,4.01e-06,4.07e-06,4.01e-06,4.07e-06,106392362.00,1765886399999,427.73627100,9,44497500.00,178.91892576,0
2025-12-16 12:00:00,4.07e-06,4.1e-06,4.01e-06,4.1e-06,131281860.00,1765900799999,533.11499954,16,69468388.00,281.57086894,0
2025-12-16 16:00:00,4.11e-06,4.14e-06,4.06e-06,4.06e-06,90277644.00,1765915199999,370.97324487,9,66845821.00,275.84004349,0
2025-12-16 20:00:00,4.07e-06,4.13e-06,4.06e-06,4.06e-06,189430345.00,1765929599999,775.67157781,7,93726492.00,387.09041196,0
2025-12-17 00:00:00,4.06e-06,4.06e-06,4.06e-06,4.06e-06,0.00,1765943999999,0.00000000,0,0.00,0.00000000,0
2025-12-17 04:00:00,4.05e-06,4.05e-06,4.03e-06,4.03e-06,7073314.00,1765958399999,28.57764250,4,0.00,0.00000000,0
2025-12-17 08:00:00,4.09e-06,4.09e-06,4.01e-06,4.01e-06,37474079.00,1765972799999,150.89346239,5,2444987.00,9.99999683,0
2025-12-17 12:00:00,4.06e-06,4.25e-06,4.01e-06,4.03e-06,177398456.00,1765987199999,726.51897285,41,131343426.00,537.93208407,0
2025-12-17 16:00:00,4.1e-06,4.1e-06,3.86e-06,3.93e-06,121556607.00,1766001599999,477.85529942,34,61667680.00,242.70613107,0
2025-12-17 20:00:00,3.94e-06,3.96e-06,3.9e-06,3.94e-06,325302961.00,1766015999999,1280.97220556,12,102301126.00,403.68129270,0
2025-12-18 00:00:00,3.89e-06,3.91e-06,3.86e-06,3.91e-06,74881608.00,1766030399999,291.86487411,10,52160838.00,203.94887658,0
2025-12-18 04:00:00,3.91e-06,3.91e-06,3.82e-06,3.9e-06,367130367.00,1766044799999,1416.10841682,17,56314832.00,219.87587195,0
2025-12-18 08:00:00,3.9e-06,3.9e-06,3.9e-06,3.9e-06,0.00,1766059199999,0.00000000,0,0.00,0.00000000,0
2025-12-18 12:00:00,3.82e-06,3.99e-06,3.82e-06,3.99e-06,27654742.00,1766073599999,108.47083840,11,19209456.00,75.97424379,0
2025-12-18 16:00:00,3.98e-06,3.98e-06,3.65e-06,3.65e-06,873267671.00,1766087999999,3273.89622441,51,230704132.00,870.07474187,0
2025-12-18 20:00:00,3.71e-06,3.77e-06,3.65e-06,3.74e-06,135088788.00,1766102399999,503.46377023,49,20741975.00,77.53858010,0
2025-12-19 00:00:00,3.74e-06,3.83e-06,3.68e-06,3.83e-06,31328290.00,1766116799999,117.93376824,14,25578789.00,96.41944018,0
2025-12-19 04:00:00,3.84e-06,3.91e-06,3.84e-06,3.91e-06,44435564.00,1766131199999,171.17885714,9,44435564.00,171.17885714,0
2025-12-19 08:00:00,3.9e-06,3.91e-06,3.87e-06,3.87e-06,85388287.00,1766145599999,332.67802009,6,29667519.00,115.70332410,0
2025-12-19 12:00:00,3.88e-06,4.09e-06,3.88e-06,4.04e-06,947393281.00,1766159999999,3684.28307727,29,42353237.00,169.91782075,0
2025-12-19 16:00:00,4.07e-06,4.18e-06,3.99e-06,4.18e-06,306894411.00,1766174399999,1231.91067357,26,55580922.00,229.15761898,0
2025-12-19 20:00:00,4.1e-06,4.15e-06,4.1e-06,4.15e-06,24382896.00,1766188799999,100.55353385,2,11673205.00,48.44380075,0
2025-12-20 00:00:00,4.09e-06,4.09e-06,4.09e-06,4.09e-06,599709.00,1766203199999,2.45280981,2,0.00,0.00000000,0
2025-12-20 04:00:00,4.05e-06,4.1e-06,4.04e-06,4.1e-06,262710392.00,1766217599999,1062.72799365,10,13798060.00,56.57204600,0
2025-12-20 08:00:00,4.11e-06,4.11e-06,4.08e-06,4.08e-06,5074281.00,1766231999999,20.72116278,3,603210.00,2.47919310,0
2025-12-20 12:00:00,4.08e-06,4.08e-06,4.08e-06,4.08e-06,539374026.00,1766246399999,2200.64602608,1,539374026.00,2200.64602608,0
2025-12-20 16:00:00,4.11e-06,4.12e-06,4.11e-06,4.12e-06,24697832.00,1766260799999,101.75020117,2,24697832.00,101.75020117,0
2025-12-20 20:00:00,4.12e-06,4.12e-06,4.06e-06,4.1e-06,21158813.00,1766275199999,86.29116132,3,9485608.00,38.89794902,0
2025-12-21 00:00:00,4.05e-06,4.1e-06,4.02e-06,4.04e-06,84223444.00,1766289599999,340.25520303,10,3056490.00,12.53160900,0
2025-12-21 04:00:00,4.08e-06,4.11e-06,4.04e-06,4.09e-06,4866190.00,1766303999999,19.82264409,10,1044765.00,4.29398415,0
2025-12-21 08:00:00,4.1e-06,4.1e-06,4.06e-06,4.1e-06,44179639.00,1766318399999,179.64719750,3,6946579.00,28.48097390,0
2025-12-21 12:00:00,4.05e-06,4.05e-06,3.97e-06,4.02e-06,45530323.00,1766332799999,180.98436545,11,2518891.00,10.12594182,0
2025-12-21 16:00:00,4.02e-06,4.06e-06,3.99e-06,4.06e-06,4591472.00,1766347199999,18.39090436,5,1560616.00,6.29778892,0
2025-12-21 20:00:00,3.97e-06,4.06e-06,3.96e-06,4.05e-06,55557551.00,1766361599999,222.88746394,13,31932961.00,129.06758378,0
2025-12-22 00:00:00,4.07e-06,4.11e-06,3.96e-06,3.96e-06,118402688.00,1766375999999,472.64975223,30,31407823.00,127.16269009,0
2025-12-22 04:00:00,4.03e-06,4.05e-06,3.99e-06,4.02e-06,17915252.00,1766390399999,72.27571896,6,16188436.00,65.38572312,0
2025-12-22 08:00:00,3.99e-06,4.01e-06,3.98e-06,3.98e-06,2287456.00,1766404799999,9.13216036,3,496278.00,1.99007478,0
2025-12-22 12:00:00,4.04e-06,4.04e-06,4.04e-06,4.04e-06,3704452.00,1766419199999,14.96598608,1,3704452.00,14.96598608,0
2025-12-22 16:00:00,4.06e-06,4.16e-06,3.95e-06,3.95e-06,162463905.00,1766433599999,651.43526704,32,42232602.00,172.93470264,0
2025-12-22 20:00:00,3.93e-06,4.03e-06,3.92e-06,4.03e-06,65851695.00,1766447999999,264.33727621,9,62746181.00,252.15742008,0
2025-12-23 00:00:00,4.03e-06,4.06e-06,4.03e-06,4.04e-06,36899814.00,1766462399999,149.35947660,8,36899814.00,149.35947660,0
2025-12-23 04:00:00,4.01e-06,4.01e-06,3.95e-06,3.95e-06,25474286.00,1766476799999,100.80648477,4,488933.00,1.96062133,0
2025-12-23 08:00:00,3.94e-06,3.94e-06,3.94e-06,3.94e-06,3146403.00,1766491199999,12.39682782,1,0.00,0.00000000,0
2025-12-23 12:00:00,3.93e-06,3.93e-06,3.87e-06,3.87e-06,20624016.00,1766505599999,80.57425078,7,2557840.00,9.94999760,0
2025-12-23 16:00:00,3.95e-06,3.97e-06,3.95e-06,3.96e-06,32569859.00,1766519999999,129.01255776,10,32569859.00,129.01255776,0
2025-12-23 20:00:00,3.99e-06,4.02e-06,3.87e-06,3.96e-06,51608517.00,1766534399999,203.65660319,18,9885162.00,39.45415328,0
2025-12-24 00:00:00,3.92e-06,3.94e-06,3.89e-06,3.94e-06,106469227.00,1766548799999,417.60818757,6,13386701.00,52.74360194,0
2025-12-24 04:00:00,3.87e-06,3.87e-06,3.83e-06,3.83e-06,34328850.00,1766563199999,132.24169724,9,0.00,0.00000000,0
2025-12-24 08:00:00,3.84e-06,3.91e-06,3.84e-06,3.91e-06,1027691.00,1766577599999,3.99075166,3,634546.00,2.48107486,0
2025-12-24 12:00:00,3.91e-06,3.94e-06,3.86e-06,3.94e-06,50844836.00,1766591999999,199.02232766,40,39803278.00,156.11265543,0
2025-12-24 16:00:00,3.95e-06,3.95e-06,3.92e-06,3.92e-06,65100067.00,1766606399999,255.57160253,4,12644663.00,49.94641885,0
2025-12-24 20:00:00,3.96e-06,4e-06,3.96e-06,4e-06,14838097.00,1766620799999,58.99801381,12,14838097.00,58.99801381,0
2025-12-25 00:00:00,3.97e-06,4.05e-06,3.97e-06,4.04e-06,55314369.00,1766635199999,222.05418132,19,40975991.00,165.13082066,0
2025-12-25 04:00:00,4.01e-06,4.04e-06,4.01e-06,4.04e-06,28060692.00,1766649599999,113.00571490,5,13089616.00,52.88204864,0
2025-12-25 08:00:00,4.04e-06,4.04e-06,4.04e-06,4.04e-06,0.00,1766663999999,0.00000000,0,0.00,0.00000000,0
2025-12-25 12:00:00,3.97e-06,4e-06,3.95e-06,4e-06,24874971.00,1766678399999,98.85284179,10,10540101.00,42.16040400,0
2025-12-25 16:00:00,4.02e-06,4.03e-06,3.98e-06,4e-06,52307639.00,1766692799999,208.52798231,6,7427192.00,29.85688761,0
2025-12-25 20:00:00,3.97e-06,3.98e-06,3.87e-06,3.87e-06,25004424.00,1766707199999,97.91911838,16,2666586.00,10.61301228,0
2025-12-26 00:00:00,3.88e-06,4.08e-06,3.88e-06,4.03e-06,121998500.00,1766721599999,480.28992467,25,52642683.00,210.02271266,0
2025-12-26 04:00:00,4.01e-06,4.01e-06,4.01e-06,4.01e-06,611674.00,1766735999999,2.45281274,1,0.00,0.00000000,0
2025-12-26 08:00:00,4.03e-06,4.03e-06,4.02e-06,4.02e-06,4812563.00,1766750399999,19.37436735,2,2786409.00,11.22922827,0
2025-12-26 12:00:00,4.04e-06,4.04e-06,3.92e-06,4e-06,46507898.00,1766764799999,185.04379497,17,7791240.00,31.06547678,0
2025-12-26 16:00:00,3.96e-06,4.01e-06,3.93e-06,4.01e-06,11238270.00,1766779199999,44.64959111,5,3567417.00,14.29290959,0
2025-12-26 20:00:00,4.03e-06,4.04e-06,4.01e-06,4.04e-06,29295482.00,1766793599999,118.02834851,8,19669356.00,79.32832767,0
2025-12-27 00:00:00,4.01e-06,4.05e-06,3.99e-06,4.04e-06,18430973.00,1766807999999,74.14087187,7,10018590.00,40.48498014,0
2025-12-27 04:00:00,4.01e-06,4.01e-06,4.01e-06,4.01e-06,7077433.00,1766822399999,28.38050633,3,0.00,0.00000000,0
2025-12-27 08:00:00,4.01e-06,4.01e-06,4.01e-06,4.01e-06,853745.00,1766836799999,3.42351745,1,0.00,0.00000000,0
2025-12-27 12:00:00,4.06e-06,4.07e-06,4.06e-06,4.07e-06,4291910.00,1766851199999,17.46070475,3,4291910.00,17.46070475,0
2025-12-27 16:00:00,4.1e-06,4.16e-06,4.1e-06,4.1e-06,118343368.00,1766865599999,488.84989332,30,102341633.00,423.19347747,0
2025-12-27 20:00:00,4.14e-06,4.19e-06,4.1e-06,4.14e-06,49557023.00,1766879999999,205.19954599,7,13148826.00,54.95741529,0
2025-12-28 00:00:00,4.2e-06,4.2e-06,4.14e-06,4.19e-06,34305149.00,1766894399999,142.27045819,7,4515641.00,18.94189507,0
2025-12-28 04:00:00,4.14e-06,4.14e-06,4.14e-06,4.14e-06,29870554.00,1766908799999,123.66409356,1,0.00,0.00000000,0
2025-12-28 08:00:00,4.14e-06,4.14e-06,4.14e-06,4.14e-06,2903145.00,1766923199999,12.01902030,1,0.00,0.00000000,0
2025-12-28 12:00:00,4.18e-06,4.24e-06,4.18e-06,4.24e-06,71296270.00,1766937599999,301.73035128,7,71296270.00,301.73035128,0
2025-12-28 16:00:00,4.17e-06,4.17e-06,4.13e-06,4.13e-06,1243093736.00,1766951999999,5144.45607274,5,1045541490.00,4328.54176860,0
2025-12-28 20:00:00,4.13e-06,4.17e-06,4.13e-06,4.17e-06,7805850.00,1766966399999,32.25959886,2,535959.00,2.23494903,0
2025-12-29 00:00:00,4.19e-06,4.31e-06,4.19e-06,4.3e-06,1106684866.00,1766980799999,4731.66307515,43,487182813.00,2080.50240342,0
2025-12-29 04:00:00,4.3e-06,4.3e-06,4.21e-06,4.25e-06,52786753.00,1766995199999,226.68788990,5,50288146.00,216.04461995,0
2025-12-29 08:00:00,4.2e-06,4.2e-06,4.13e-06,4.13e-06,34369457.00,1767009599999,144.15522097,7,0.00,0.00000000,0
2025-12-29 12:00:00,4.12e-06,4.14e-06,4.06e-06,4.07e-06,399137325.00,1767023999999,1633.66029336,35,5821761.00,23.94487281,0
2025-12-29 16:00:00,4.14e-06,4.14e-06,4.14e-06,4.14e-06,12111636.00,1767038399999,50.14217304,1,12111636.00,50.14217304,0
2025-12-29 20:00:00,4.14e-06,4.14e-06,4.06e-06,4.06e-06,9340985.00,1767052799999,38.48048653,3,7102059.00,29.39044697,0
2025-12-30 00:00:00,4.12e-06,4.14e-06,4e-06,4.06e-06,107459569.00,1767067199999,436.24952903,18,47868605.00,195.94426455,0
2025-12-30 04:00:00,4.07e-06,4.07e-06,4.02e-06,4.02e-06,8301218.00,1767081599999,33.46941292,4,2310607.00,9.38715670,0
2025-12-30 08:00:00,4.11e-06,4.13e-06,4.1e-06,4.1e-06,2491992647.00,1767095999999,10217.35860341,78,16909099.00,69.51605661,0
2025-12-30 12:00:00,4.1e-06,4.16e-06,4.07e-06,4.1e-06,23397804.00,1767110399999,96.27131020,10,3544747.00,14.68124217,0
2025-12-30 16:00:00,4.19e-06,4.21e-06,4.12e-06,4.14e-06,56890317.00,1767124799999,236.92019082,10,26933437.00,112.98922943,0
2025-12-30 20:00:00,4.16e-06,4.16e-06,4.13e-06,4.13e-06,41230138.00,1767139199999,170.79216075,7,9689227.00,40.22228246,0
2025-12-31 00:00:00,4.15e-06,4.16e-06,4.12e-06,4.13e-06,6446594111.00,1767153599999,26575.16480591,14,4373176510.00,18018.30456211,0
2025-12-31 04:00:00,4.12e-06,4.13e-06,4.12e-06,4.13e-06,36587237.00,1767167999999,151.06597039,5,32655395.00,134.86678135,0
2025-12-31 08:00:00,4.11e-06,4.12e-06,4.09e-06,4.12e-06,41815961.00,1767182399999,171.40598319,5,6068102.00,25.00058024,0
2025-12-31 12:00:00,4.12e-06,4.12e-06,4.08e-06,4.08e-06,16184042.00,1767196799999,66.12764660,3,4175962.00,17.13468020,0
2025-12-31 16:00:00,4.06e-06,4.06e-06,3.99e-06,3.99e-06,397376240.00,1767211199999,1593.49142391,19,5459399.00,22.05597196,0
2025-12-31 20:00:00,4.03e-06,4.03e-06,3.99e-06,3.99e-06,35735816.00,1767225599999,142.91100338,7,14509791.00,58.21916363,0
2026-01-01 00:00:00,3.99e-06,4.06e-06,3.99e-06,4e-06,26718271.00,1767239999999,106.70406362,3,1231774.00,5.00100244,0
2026-01-01 04:00:00,4.07e-06,4.11e-06,4.06e-06,4.06e-06,5759322.00,1767254399999,23.44003809,5,1826357.00,7.47220019,0
2026-01-01 08:00:00,4.11e-06,4.15e-06,4.1e-06,4.1e-06,47019770.00,1767268799999,193.44638653,6,23909198.00,98.69304133,0
2026-01-01 12:00:00,4.1e-06,4.26e-06,4.1e-06,4.18e-06,191452437.00,1767283199999,812.60154340,9,187519876.00,796.28148314,0
2026-01-01 16:00:00,4.27e-06,4.64e-06,4.22e-06,4.64e-06,1539980346.00,1767297599999,7049.06769548,47,1234621771.00,5654.92731676,0
2026-01-01 20:00:00,4.68e-06,4.96e-06,4.66e-06,4.96e-06,973999854.00,1767311999999,4716.30362418,49,609104702.00,2929.70242023,0
2026-01-02 00:00:00,4.96e-06,5.14e-06,4.83e-06,5.07e-06,3824658201.00,1767326399999,18743.20190181,89,3536377647.00,17335.73815775,0
2026-01-02 04:00:00,5.14e-06,5.23e-06,5.06e-06,5.06e-06,144577268.00,1767340799999,745.66022503,23,132000250.00,681.34840411,0
2026-01-02 08:00:00,5.06e-06,5.34e-06,5.04e-06,5.28e-06,894260118.00,1767355199999,4637.46304664,39,855050711.00,4435.66700686,0
2026-01-02 12:00:00,5.27e-06,5.87e-06,5.27e-06,5.56e-06,4129793212.00,1767369599999,23054.57280929,153,2057674425.00,11579.05961235,0
2026-01-02 16:00:00,5.52e-06,6.05e-06,5.52e-06,5.87e-06,1975419217.00,1767383999999,11462.68173661,76,905509152.00,5212.04284473,0
2026-01-02 20:00:00,5.94e-06,6.14e-06,5.87e-06,6.02e-06,211670906.00,1767398399999,1269.44731687,36,190052865.00,1140.24191582,0
2026-01-03 00:00:00,6.05e-06,6.27e-06,5.97e-06,6.26e-06,1716301865.00,1767412799999,10478.08895850,52,593037324.00,3654.13438368,0
2026-01-03 04:00:00,6.16e-06,6.18e-06,5.77e-06,5.89e-06,160673717.00,1767427199999,959.30059923,45,14172216.00,85.92881552,0
2026-01-03 08:00:00,5.81e-06,6.2e-06,5.78e-06,6.05e-06,190058135.00,1767441599999,1150.25266567,42,151680168.00,919.49996051,0
2026-01-03 12:00:00,6.05e-06,6.12e-06,6.05e-06,6.12e-06,50157830.00,1767455999999,305.65062486,9,406489.00,2.47958290,0
2026-01-03 16:00:00,6.14e-06,6.27e-06,6.03e-06,6.15e-06,205720468.00,1767470399999,1253.78998719,20,23529556.00,146.10096010,0
2026-01-03 20:00:00,6.16e-06,6.19e-06,6.03e-06,6.19e-06,64026876.00,1767484799999,394.68765359,14,57134523.00,352.92885374,0
2026-01-04 00:00:00,6.2e-06,6.6e-06,6.17e-06,6.44e-06,197440308.00,1767499199999,1269.51735038,53,69776885.00,447.43226447,0
2026-01-04 04:00:00,6.44e-06,6.53e-06,6.32e-06,6.45e-06,5241679453.00,1767513599999,33554.96294005,34,680685712.00,4364.59450139,0
2026-01-04 08:00:00,6.51e-06,7.09e-06,6.51e-06,7.09e-06,964447080.00,1767527999999,6662.35766518,68,819501005.00,5671.57307737,0
2026-01-04 12:00:00,7.09e-06,7.14e-06,6.87e-06,6.97e-06,1821308827.00,1767542399999,12645.17164365,57,660199425.00,4602.05342313,0
2026-01-04 16:00:00,7.03e-06,7.16e-06,6.74e-06,6.98e-06,388024228.00,1767556799999,2673.78203243,143,191622870.00,1327.78785119,0
2026-01-04 20:00:00,7e-06,7.24e-06,6.95e-06,7.14e-06,379503104.00,1767571199999,2686.05699695,58,315434572.00,2229.65490819,0
2026-01-05 00:00:00,7.16e-06,7.18e-06,6.94e-06,6.99e-06,135413408.00,1767585599999,960.18889891,58,76441251.00,542.65522645,0
2026-01-05 04:00:00,6.98e-06,7.11e-06,6.86e-06,6.91e-06,1033870958.00,1767599999999,7152.86739247,41,49912879.00,349.50235702,0
2026-01-05 08:00:00,6.97e-06,6.97e-06,6.64e-06,6.82e-06,3238794313.00,1767614399999,22106.91497233,61,506153929.00,3439.68344796,0
2026-01-05 12:00:00,6.72e-06,6.92e-06,6.69e-06,6.8e-06,647395109.00,1767628799999,4354.93056153,17,609182938.00,4097.75158869,0
2026-01-05 16:00:00,6.79e-06,6.96e-06,6.79e-06,6.86e-06,3058122595.00,1767643199999,21074.41835959,50,1517493688.00,10365.28947120,0
2026-01-05 20:00:00,6.94e-06,7.01e-06,6.84e-06,6.94e-06,2354510156.00,1767657599999,16237.69267723,46,6351945.00,44.38154063,0
2026-01-06 00:00:00,6.96e-06,7.09e-06,6.85e-06,7.06e-06,249127951.00,1767671999999,1751.42325872,42,136833413.00,965.62360939,0
2026-01-06 04:00:00,6.95e-06,6.95e-06,6.7e-06,6.7e-06,2484163094.00,1767686399999,16730.71412799,25,0.00,0.00000000,0
2026-01-06 08:00:00,6.83e-06,6.98e-06,6.8e-06,6.83e-06,84837512.00,1767700799999,578.28845059,17,11202555.00,77.31825583,0
2026-01-06 12:00:00,6.83e-06,6.83e-06,6.62e-06,6.62e-06,28002662.00,1767715199999,189.33117944,22,1369134.00,9.35118522,0
2026-01-06 16:00:00,6.61e-06,6.64e-06,6.38e-06,6.56e-06,5711464959.00,1767729599999,36572.48493792,78,4420086724.00,28250.45549641,0
2026-01-06 20:00:00,6.59e-06,6.74e-06,6.52e-06,6.67e-06,637477895.00,1767743999999,4236.87276820,33,209742840.00,1395.02811456,0
2026-01-07 00:00:00,6.64e-06,6.69e-06,6.53e-06,6.69e-06,511116496.00,1767758399999,3366.55480092,19,24386181.00,160.87758489,0
2026-01-07 04:00:00,6.69e-06,6.88e-06,6.65e-06,6.84e-06,306525665.00,1767772799999,2055.09267250,32,282710226.00,1894.69719721,0
2026-01-07 08:00:00,6.89e-06,7.07e-06,6.7e-06,6.7e-06,496177433.00,1767787199999,3396.07186886,58,188940053.00,1329.29216356,0
2026-01-07 12:00:00,6.69e-06,6.72e-06,6.49e-06,6.59e-06,62375583.00,1767801599999,412.49997433,40,17830342.00,118.16507632,0
2026-01-07 16:00:00,6.69e-06,6.8e-06,6.55e-06,6.66e-06,1505169653.00,1767815999999,10193.89607838,29,1374749268.00,9332.52327188,0
2026-01-07 20:00:00,6.66e-06,6.66e-06,6.48e-06,6.53e-06,473528203.00,1767830399999,3134.02767558,12,299450064.00,1994.31487554,0
2026-01-08 00:00:00,6.52e-06,6.66e-06,6.43e-06,6.45e-06,115455820.00,1767844799999,747.42576779,22,10471396.00,69.47367507,0
2026-01-08 04:00:00,6.54e-06,6.59e-06,6.36e-06,6.46e-06,187348199.00,1767859199999,1202.00885894,16,17928371.00,117.82692085,0
2026-01-08 08:00:00,6.37e-06,6.41e-06,6.17e-06,6.27e-06,413559324.00,1767873599999,2631.73264229,24,141073072.00,902.45314666,0
2026-01-08 12:00:00,6.17e-06,6.25e-06,6.02e-06,6.25e-06,1680803556.00,1767887999999,10213.57731001,50,332354012.00,2018.95274186,0
2026-01-08 16:00:00,6.16e-06,6.21e-06,6.08e-06,6.15e-06,966668280.00,1767902399999,5991.78366907,31,24861018.00,153.39229762,0
2026-01-08 20:00:00,6.07e-06,6.2e-06,6.07e-06,6.11e-06,119490817.00,1767916799999,736.39815780,15,7720508.00,47.42760073,0
2026-01-09 00:00:00,6.1e-06,6.14e-06,5.96e-06,6.14e-06,984558428.00,1767931199999,5928.30233598,33,867351090.00,5219.58321058,0
2026-01-09 04:00:00,6.15e-06,6.18e-06,6.15e-06,6.18e-06,165105857.00,1767945599999,1015.45597404,8,2504231.00,15.45597414,0
2026-01-09 08:00:00,6.06e-06,6.15e-06,6.06e-06,6.1e-06,89565112.00,1767959999999,548.79017414,5,49183622.00,302.47927530,0
2026-01-09 12:00:00,6.06e-06,6.25e-06,6.02e-06,6.16e-06,1408708807.00,1767974399999,8671.07866910,56,530112386.00,3280.24503214,0
2026-01-09 16:00:00,6.16e-06,6.41e-06,6.1e-06,6.1e-06,261586630.00,1767988799999,1625.10841319,35,155404053.00,972.19151550,0
2026-01-09 20:00:00,6.13e-06,6.15e-06,6.07e-06,6.09e-06,239657291.00,1768003199999,1457.35850158,13,20425025.00,125.05908796,0
2026-01-10 00:00:00,6.07e-06,6.07e-06,5.97e-06,6.01e-06,102118298.00,1768017599999,613.06861520,13,2172844.00,13.05879244,0
2026-01-10 04:00:00,5.98e-06,6.02e-06,5.89e-06,5.93e-06,814486333.00,1768031999999,4818.15412646,25,5731191.00,34.20934039,0
2026-01-10 08:00:00,5.97e-06,6e-06,5.95e-06,5.99e-06,20458528.00,1768046399999,122.16557049,8,11290437.00,67.61542904,0
2026-01-10 12:00:00,5.98e-06,5.98e-06,5.95e-06,5.98e-06,13777580.00,1768060799999,82.37546207,4,13295369.00,79.50630662,0
2026-01-10 16:00:00,5.99e-06,6e-06,5.98e-06,6e-06,27534641.00,1768075199999,164.83132721,3,8325990.00,49.95594000,0
2026-01-10 20:00:00,6.01e-06,6.01e-06,5.89e-06,5.93e-06,504612956.00,1768089599999,2975.72787262,13,4493287.00,26.93638526,0
2026-01-11 00:00:00,5.98e-06,6e-06,5.95e-06,5.97e-06,108177042.00,1768103999999,644.00831110,8,9769275.00,58.44503455,0
2026-01-11 04:00:00,5.93e-06,6.48e-06,5.9e-06,5.99e-06,321311355.00,1768118399999,1948.77092690,74,299576840.00,1820.32137704,0
2026-01-11 08:00:00,5.99e-06,5.99e-06,5.99e-06,5.99e-06,14086293.00,1768132799999,84.37689507,1,0.00,0.00000000,0
2026-01-11 12:00:00,6.03e-06,6.05e-06,5.88e-06,5.88e-06,403349020.00,1768147199999,2398.52525317,27,18965551.00,114.47703954,0
2026-01-11 16:00:00,5.88e-06,5.88e-06,5.88e-06,5.88e-06,0.00,1768161599999,0.00000000,0,0.00,0.00000000,0
2026-01-11 20:00:00,5.88e-06,5.94e-06,5.73e-06,5.83e-06,2608537370.00,1768175999999,15040.46626532,57,2316343734.00,13349.03723857,0
2026-01-12 00:00:00,5.75e-06,6e-06,5.75e-06,5.94e-06,229317023.00,1768190399999,1356.31187060,23,203107922.00,1202.40257793,0
2026-01-12 04:00:00,5.91e-06,6.02e-06,5.9e-06,5.9e-06,48932326.00,1768204799999,290.16491103,11,12481583.00,74.86993927,0
2026-01-12 08:00:00,5.86e-06,5.89e-06,5.77e-06,5.84e-06,2367698821.00,1768219199999,13837.61855741,61,3759180.00,22.07316140,0
2026-01-12 12:00:00,5.83e-06,5.9e-06,5.75e-06,5.9e-06,2561589780.00,1768233599999,14909.98663183,44,2261816973.00,13176.11906418,0
2026-01-12 16:00:00,5.91e-06,5.96e-06,5.86e-06,5.92e-06,61239473.00,1768247999999,362.85010920,8,30991765.00,183.47320559,0
2026-01-12 20:00:00,5.9e-06,5.9e-06,5.73e-06,5.73e-06,652796014.00,1768262399999,3764.88129388,26,28658055.00,166.53707227,0
2026-01-13 00:00:00,5.73e-06,5.77e-06,5.72e-06,5.77e-06,11165114.00,1768276799999,64.03296844,4,3346620.00,19.24999740,0
2026-01-13 04:00:00,5.77e-06,5.88e-06,5.75e-06,5.84e-06,54816438.00,1768291199999,315.78423134,8,7238043.00,42.10335143,0
2026-01-13 08:00:00,5.87e-06,5.96e-06,5.87e-06,5.92e-06,380305434.00,1768305599999,2247.19531233,16,108337993.00,637.02285171,0
2026-01-13 12:00:00,5.9e-06,6.24e-06,5.87e-06,6.03e-06,2216618835.00,1768319999999,13214.50176197,77,262082436.00,1568.69637525,0
2026-01-13 16:00:00,6.05e-06,6.16e-06,6.01e-06,6.16e-06,50118770.00,1768334399999,304.69641355,26,17987781.00,109.92981326,0
2026-01-13 20:00:00,6.18e-06,6.62e-06,6.08e-06,6.5e-06,4226567976.00,1768348799999,27013.99743014,159,2624797111.00,17046.39092744,0
2026-01-14 00:00:00,6.6e-06,6.86e-06,6.6e-06,6.84e-06,3357061429.00,1768363199999,22210.68060130,76,2354320120.00,15565.74450898,0
2026-01-14 04:00:00,6.84e-06,6.84e-06,6.61e-06,6.69e-06,351899191.00,1768377599999,2377.74521618,30,256512443.00,1743.41249710,0
2026-01-14 08:00:00,6.68e-06,6.68e-06,6.52e-06,6.52e-06,850282164.00,1768391999999,5647.06309299,30,392773823.00,2606.96207587,0
2026-01-14 12:00:00,6.54e-06,6.57e-06,6.35e-06,6.35e-06,2628818120.00,1768406399999,17209.06864247,79,80465286.00,527.72961509,0
2026-01-14 16:00:00,6.43e-06,6.53e-06,6.17e-06,6.27e-06,3686021690.00,1768420799999,23140.58830904,100,1316075186.00,8206.99453423,0
2026-01-14 20:00:00,6.3e-06,6.33e-06,6.21e-06,6.21e-06,7734794740.00,1768435199999,48499.69081592,152,96035048.00,604.34945124,0
2026-01-15 00:00:00,6.21e-06,6.22e-06,6.06e-06,6.06e-06,9476059191.00,1768449599999,58335.07983463,44,4865266426.00,29984.35186430,0
2026-01-15 04:00:00,6.11e-06,6.13e-06,6.08e-06,6.08e-06,76360945.00,1768463999999,465.99554817,11,76360945.00,465.99554817,0
2026-01-15 08:00:00,6.05e-06,6.11e-06,5.99e-06,5.99e-06,1107833185.00,1768478399999,6673.09197338,18,1655629.00,10.11589319,0
2026-01-15 12:00:00,6.03e-06,6.04e-06,5.9e-06,5.9e-06,7884322776.00,1768492799999,47540.33614883,371,16081062.00,97.12961448,0
2026-01-15 16:00:00,5.98e-06,5.98e-06,5.87e-06,5.88e-06,790905700.00,1768507199999,4650.83024632,17,781669704.00,4596.47319715,0
2026-01-15 20:00:00,5.93e-06,5.93e-06,5.91e-06,5.92e-06,787147566.00,1768521599999,4652.11175881,26,787147566.00,4652.11175881,0
2026-01-16 00:00:00,5.91e-06,5.91e-06,5.81e-06,5.83e-06,123685638.00,1768535999999,729.31334414,13,3913707.00,22.85616981,0
2026-01-16 04:00:00,5.88e-06,5.91e-06,5.76e-06,5.91e-06,7975132574.00,1768550399999,46033.10799587,20,6703762985.00,38683.21633257,0
2026-01-16 08:00:00,5.95e-06,5.99e-06,5.92e-06,5.92e-06,22072281.00,1768564799999,131.11550122,5,6632478.00,39.71186746,0
2026-01-16 12:00:00,5.97e-06,5.97e-06,5.74e-06,5.79e-06,175463641.00,1768579199999,1031.46481691,16,143836290.00,848.97886113,0
2026-01-16 16:00:00,5.81e-06,5.85e-06,5.81e-06,5.81e-06,23631381.00,1768593599999,137.31528889,3,18458967.00,107.26356355,0
2026-01-16 20:00:00,5.85e-06,5.96e-06,5.85e-06,5.92e-06,246088978.00,1768607999999,1454.03932237,19,152977026.00,903.83816223,0
2026-01-17 00:00:00,5.88e-06,5.9e-06,5.86e-06,5.86e-06,40448126.00,1768622399999,238.14489589,8,26286065.00,154.91778350,0
2026-01-17 04:00:00,5.83e-06,5.83e-06,5.83e-06,5.83e-06,368300.00,1768636799999,2.14718900,1,0.00,0.00000000,0
2026-01-17 08:00:00,5.82e-06,5.82e-06,5.82e-06,5.82e-06,12900314.00,1768651199999,75.07982748,1,0.00,0.00000000,0
2026-01-17 12:00:00,5.88e-06,5.95e-06,5.88e-06,5.92e-06,869042743.00,1768665599999,5112.18416194,21,417902.00,2.48651690,0
2026-01-17 16:00:00,5.92e-06,5.92e-06,5.82e-06,5.89e-06,657802196.00,1768679999999,3847.39717085,13,293078605.00,1718.57864282,0
2026-01-17 20:00:00,5.88e-06,5.88e-06,5.76e-06,5.76e-06,73870531.00,1768694399999,430.71294305,13,15758738.00,92.18148700,0
2026-01-18 00:00:00,5.79e-06,5.82e-06,5.75e-06,5.81e-06,21412324.00,1768708799999,123.91136595,11,13881857.00,80.56594503,0
2026-01-18 04:00:00,5.81e-06,5.82e-06,5.76e-06,5.76e-06,692211324.00,1768723199999,3987.65750352,12,3325828.00,19.34775712,0
2026-01-18 08:00:00,5.77e-06,5.79e-06,5.75e-06,5.79e-06,287547921.00,1768737599999,1664.10107685,6,17296343.00,99.79989911,0
2026-01-18 12:00:00,5.75e-06,5.75e-06,5.67e-06,5.7e-06,8076226664.00,1768751999999,46235.82999952,133,19145689.00,109.37015009,0
2026-01-18 16:00:00,5.68e-06,5.75e-06,5.68e-06,5.75e-06,25039920.00,1768766399999,143.26676517,8,0.00,0.00000000,0
2026-01-18 20:00:00,5.74e-06,5.77e-06,5.48e-06,5.48e-06,1007458622.00,1768780799999,5710.22038505,49,834992413.00,4750.13495954,0
2026-01-19 00:00:00,5.46e-06,5.46e-06,4.87e-06,5.24e-06,11701229430.00,1768795199999,60924.00818528,167,1332318241.00,6967.67860137,0
2026-01-19 04:00:00,5.25e-06,5.26e-06,5.17e-06,5.17e-06,88014250.00,1768809599999,461.56819143,14,32963910.00,172.67676576,0
2026-01-19 08:00:00,5.18e-06,5.18e-06,5.18e-06,5.18e-06,19441442.00,1768823999999,100.70666956,1,0.00,0.00000000,0
2026-01-19 12:00:00,5.18e-06,5.26e-06,5.16e-06,5.17e-06,61159156.00,1768838399999,317.75302084,12,34850036.00,181.73962395,0
2026-01-19 16:00:00,5.23e-06,5.29e-06,5.23e-06,5.29e-06,251482769.00,1768852799999,1318.52659363,16,154511594.00,809.42792488,0
2026-01-19 20:00:00,5.29e-06,5.31e-06,5.24e-06,5.24e-06,19153149.00,1768867199999,101.42878723,9,19153149.00,101.42878723,0
2026-01-20 00:00:00,5.24e-06,5.24e-06,5.21e-06,5.21e-06,1722228.00,1768881599999,8.99567734,4,952997.00,4.98798383,0
2026-01-20 04:00:00,5.21e-06,5.26e-06,5.16e-06,5.16e-06,117400513.00,1768895999999,609.13735306,9,3920466.00,20.47731760,0
2026-01-20 08:00:00,5.14e-06,5.14e-06,5.1e-06,5.12e-06,47144381.00,1768910399999,241.49729826,6,0.00,0.00000000,0
2026-01-20 12:00:00,5.08e-06,5.19e-06,5.05e-06,5.13e-06,32068246.00,1768924799999,163.79273496,12,17046875.00,87.62196934,0
2026-01-20 16:00:00,5.13e-06,5.13e-06,5e-06,5.05e-06,55392632.00,1768939199999,278.85421572,15,9795484.00,49.87597706,0
2026-01-20 20:00:00,5.03e-06,5.11e-06,5e-06,5e-06,23411825.00,1768953599999,119.01596485,9,19919174.00,101.54781402,0
2026-01-21 00:00:00,4.97e-06,5.13e-06,4.97e-06,5.09e-06,39827310.00,1768967999999,201.79307030,12,27548241.00,140.69427655,0
2026-01-21 04:00:00,5.03e-06,5.08e-06,5.01e-06,5.08e-06,11448932.00,1768982399999,57.66363683,7,1668411.00,8.46372002,0
2026-01-21 08:00:00,5.08e-06,5.08e-06,4.97e-06,4.97e-06,18661675.00,1768996799999,94.21318810,5,8192574.00,41.61827592,0
2026-01-21 12:00:00,4.95e-06,5.19e-06,4.84e-06,5.19e-06,249050640.00,1769011199999,1276.25885881,41,212510386.00,1095.75775725,0
2026-01-21 16:00:00,5.11e-06,5.14e-06,4.83e-06,5.14e-06,184110506.00,1769025599999,913.73456261,55,58570431.00,297.24435215,0
2026-01-21 20:00:00,5.15e-06,5.33e-06,5.08e-06,5.14e-06,134439400.00,1769039999999,702.99767610,50,49065681.00,257.96665336,0
2026-01-22 00:00:00,5.21e-06,5.24e-06,5.21e-06,5.22e-06,170489794.00,1769054399999,889.94253704,9,127387281.00,664.94741918,0
2026-01-22 04:00:00,5.18e-06,5.18e-06,5.13e-06,5.13e-06,34305102.00,1769068799999,177.00978426,8,6580037.00,33.95299092,0
2026-01-22 08:00:00,5.12e-06,5.12e-06,5.08e-06,5.08e-06,6449028.00,1769083199999,32.93788750,3,0.00,0.00000000,0
2026-01-22 12:00:00,5.08e-06,5.16e-06,4.88e-06,4.89e-06,115552900.00,1769097599999,575.87200284,28,4017375.00,20.30020731,0
2026-01-22 16:00:00,4.94e-06,5e-06,4.92e-06,5e-06,211972907.00,1769111999999,1048.48603062,11,206018131.00,1019.14873918,0
2026-01-22 20:00:00,4.98e-06,5e-06,4.94e-06,4.95e-06,2161763693.00,1769126399999,10723.87541234,34,2090465148.00,10370.38302734,0
2026-01-23 00:00:00,4.93e-06,5e-06,4.93e-06,4.95e-06,26441858.00,1769140799999,131.47453473,8,6525905.00,32.46829982,0
2026-01-23 04:00:00,5.03e-06,5.04e-06,5.03e-06,5.04e-06,11540087.00,1769155199999,58.05060585,4,11540087.00,58.05060585,0
2026-01-23 08:00:00,4.99e-06,4.99e-06,4.99e-06,4.99e-06,4547872.00,1769169599999,22.69388128,1,0.00,0.00000000,0
2026-01-23 12:00:00,5.01e-06,5.03e-06,4.88e-06,5.03e-06,455685135.00,1769183999999,2230.49713902,20,34681722.00,173.40170609,0
2026-01-23 16:00:00,5.04e-06,5.29e-06,5.02e-06,5.08e-06,3302581222.00,1769198399999,16689.68601558,107,162160536.00,827.57288186,0
2026-01-23 20:00:00,5.07e-06,5.07e-06,4.98e-06,5.04e-06,143912050.00,1769212799999,725.74663602,14,4338489.00,21.99220222,0
2026-01-24 00:00:00,5.04e-06,5.08e-06,5.04e-06,5.08e-06,15316289.00,1769227199999,77.46868134,7,2374450.00,11.98297600,0
2026-01-24 04:00:00,5.08e-06,5.11e-06,5.07e-06,5.07e-06,15595565.00,1769241599999,79.18828531,3,15595565.00,79.18828531,0
2026-01-24 08:00:00,5.03e-06,5.03e-06,5.03e-06,5.03e-06,25714202.00,1769255999999,129.34243606,1,0.00,0.00000000,0
2026-01-24 12:00:00,5.01e-06,5.01e-06,5e-06,5.01e-06,10650512.00,1769270399999,53.32903443,3,0.00,0.00000000,0
2026-01-24 16:00:00,4.98e-06,5.03e-06,4.97e-06,5.01e-06,48511816.00,1769284799999,243.33429080,6,46167507.00,231.66456721,0
2026-01-24 20:00:00,5.02e-06,5.02e-06,5.02e-06,5.02e-06,9455056.00,1769299199999,47.46438112,4,9455056.00,47.46438112,0
2026-01-25 00:00:00,5.02e-06,5.02e-06,4.94e-06,4.96e-06,59417559.00,1769313599999,296.42973014,6,38378520.00,192.12095522,0
2026-01-25 04:00:00,4.99e-06,5.02e-06,4.98e-06,4.99e-06,38361593.00,1769327999999,191.54109101,5,20014796.00,100.17404195,0
2026-01-25 08:00:00,4.93e-06,5.04e-06,4.92e-06,5.04e-06,1028943661.00,1769342399999,5134.05605635,15,907737828.00,4530.04637461,0
2026-01-25 12:00:00,4.97e-06,4.97e-06,4.89e-06,4.89e-06,14739231.00,1769356799999,72.55224511,6,0.00,0.00000000,0
2026-01-25 16:00:00,4.87e-06,4.87e-06,4.65e-06,4.65e-06,629091420.00,1769371199999,2978.55023835,54,10998330.00,52.95746919,0
2026-01-25 20:00:00,4.71e-06,4.73e-06,4.64e-06,4.7e-06,343216615.00,1769385599999,1617.37942398,20,312130975.00,1472.18445878,0
2026-01-26 00:00:00,4.75e-06,4.88e-06,4.71e-06,4.83e-06,134953058.00,1769399999999,647.44342307,29,98758369.00,476.43600928,0
2026-01-26 04:00:00,4.88e-06,4.88e-06,4.88e-06,4.88e-06,828157.00,1769414399999,4.04140616,1,828157.00,4.04140616,0
2026-01-26 08:00:00,4.92e-06,4.92e-06,4.85e-06,4.88e-06,33717878.00,1769428799999,164.43313351,9,15853729.00,77.47824528,0
2026-01-26 12:00:00,4.9e-06,5.01e-06,4.87e-06,4.93e-06,323064328.00,1769443199999,1581.06607417,38,30278163.00,150.00912023,0
2026-01-26 16:00:00,4.99e-06,5e-06,4.9e-06,4.97e-06,13015451.00,1769457599999,64.74953075,6,2495332.00,12.45666204,0
2026-01-26 20:00:00,4.98e-06,5.01e-06,4.93e-06,4.96e-06,15292953.00,1769471999999,76.33130933,11,12470787.00,62.37080878,0
2026-01-27 00:00:00,5.03e-06,5.25e-06,5.03e-06,5.11e-06,167214640.00,1769486399999,860.00447075,30,106811252.00,551.22330820,0
2026-01-27 04:00:00,5.08e-06,5.08e-06,5e-06,5.04e-06,16948359387.00,1769500799999,86096.29184644,183,16603782493.00,84346.74640097,0
2026-01-27 08:00:00,5.02e-06,5.02e-06,4.97e-06,4.98e-06,27628466.00,1769515199999,138.38367022,5,21603461.00,108.41939537,0
2026-01-27 12:00:00,4.97e-06,4.97e-06,4.93e-06,4.93e-06,21222609.00,1769529599999,104.87331774,4,4019310.00,19.97597070,0
2026-01-27 16:00:00,5e-06,5.08e-06,4.84e-06,4.96e-06,59847356.00,1769543999999,294.95423064,27,19773014.00,98.90227336,0
2026-01-27 20:00:00,5e-06,5.1e-06,5e-06,5.05e-06,424417645.00,1769558399999,2148.53197734,26,222597462.00,1127.52380775,0
2026-01-28 00:00:00,5.01e-06,5.05e-06,4.96e-06,4.99e-06,22128340.00,1769572799999,110.66094276,10,15214182.00,76.21819666,0
2026-01-28 04:00:00,5.06e-06,5.08e-06,5.06e-06,5.08e-06,1381843.00,1769587199999,6.99999958,2,1381843.00,6.99999958,0
2026-01-28 08:00:00,5.04e-06,5.1e-06,4.99e-06,5.07e-06,23094148.00,1769601599999,115.69128266,6,4028522.00,20.47464137,0
2026-01-28 12:00:00,5.06e-06,5.06e-06,4.9e-06,4.95e-06,285005874.00,1769615999999,1427.56272352,24,10988804.00,55.19870890,0
2026-01-28 16:00:00,5e-06,5.01e-06,4.97e-06,5e-06,213303027.00,1769630399999,1063.79071130,5,4495537.00,22.47768500,0
2026-01-28 20:00:00,5.02e-06,5.04e-06,4.97e-06,4.98e-06,59146744.00,1769644799999,295.92346616,10,52588787.00,263.31777553,0
2026-01-29 00:00:00,4.93e-06,4.93e-06,4.8e-06,4.82e-06,55739024.00,1769659199999,270.49385654,15,2083333.00,10.04166506,0
2026-01-29 04:00:00,4.87e-06,4.87e-06,4.81e-06,4.87e-06,3800780.00,1769673599999,18.47812128,4,3409999.00,16.59846467,0
2026-01-29 08:00:00,4.85e-06,4.85e-06,4.81e-06,4.84e-06,32836012.00,1769687999999,159.10870699,5,30610073.00,148.40194040,0
2026-01-29 12:00:00,4.79e-06,4.84e-06,4.64e-06,4.71e-06,111274156.00,1769702399999,525.02947338,19,43547889.00,205.24485460,0
2026-01-29 16:00:00,4.68e-06,4.83e-06,4.59e-06,4.64e-06,132483981.00,1769716799999,622.12350417,34,36033844.00,171.38921777,0
2026-01-29 20:00:00,4.68e-06,4.85e-06,4.65e-06,4.73e-06,288663434.00,1769731199999,1366.27646981,28,274127894.00,1297.99256697,0
2026-01-30 00:00:00,4.69e-06,4.71e-06,4.57e-06,4.61e-06,132861356.00,1769745599999,617.10288136,21,4305179.00,20.21817723,0
2026-01-30 04:00:00,4.64e-06,4.66e-06,4.51e-06,4.63e-06,813897110.00,1769759999999,3743.36228256,21,4878712.00,22.63722289,0
2026-01-30 08:00:00,4.6e-06,4.64e-06,4.52e-06,4.64e-06,71524047.00,1769774399999,325.70428456,12,19910096.00,91.89706407,0
2026-01-30 12:00:00,4.57e-06,4.64e-06,4.54e-06,4.64e-06,776015056.00,1769788799999,3562.76525019,27,63258575.00,292.42495225,0
2026-01-30 16:00:00,4.66e-06,4.8e-06,4.53e-06,4.71e-06,743737742.00,1769803199999,3499.39961984,31,56135031.00,263.61848119,0
2026-01-30 20:00:00,4.71e-06,4.71e-06,4.61e-06,4.63e-06,106821976.00,1769817599999,495.00889109,14,7010941.00,32.79841876,0
2026-01-31 00:00:00,4.59e-06,4.71e-06,4.57e-06,4.61e-06,181981566.00,1769831999999,838.46037037,18,160889655.00,741.79007222,0
2026-01-31 04:00:00,4.57e-06,4.59e-06,4.45e-06,4.49e-06,64938285.00,1769846399999,292.05540299,28,7665444.00,34.92557465,0
2026-01-31 08:00:00,4.42e-06,4.42e-06,4.41e-06,4.41e-06,27995634.00,1769860799999,123.46838540,4,0.00,0.00000000,0
2026-01-31 12:00:00,4.41e-06,4.41e-06,4.18e-06,4.29e-06,10445084692.00,1769875199999,45862.74923948,58,528143243.00,2251.93487309,0
2026-01-31 16:00:00,4.24e-06,4.34e-06,3.86e-06,4.05e-06,2812738244.00,1769889599999,11542.57790860,127,2126178185.00,8748.65365126,0
2026-01-31 20:00:00,4.07e-06,4.17e-06,4.02e-06,4.14e-06,5658969940.00,1769903999999,23134.28588783,65,5643719837.00,23072.28648840,0
2026-02-01 00:00:00,4.19e-06,4.19e-06,4.13e-06,4.19e-06,520824443.00,1769918399999,2168.58324140,11,520230542.00,2166.13043027,0
2026-02-01 04:00:00,4.19e-06,4.28e-06,4.19e-06,4.28e-06,217498400.00,1769932799999,919.69058344,21,125029265.00,532.19552509,0
2026-02-01 08:00:00,4.27e-06,4.27e-06,4.21e-06,4.26e-06,62196460.00,1769947199999,264.95695618,5,2916733.00,12.45444991,0
2026-02-01 12:00:00,4.24e-06,4.31e-06,4.14e-06,4.14e-06,9441043562.00,1769961599999,40191.98063423,101,15772875.00,67.58014905,0
2026-02-01 16:00:00,4.23e-06,4.3e-06,4.12e-06,4.19e-06,211725670.00,1769975999999,897.65512845,30,129494506.00,554.87211062,0
2026-02-01 20:00:00,4.21e-06,4.24e-06,4.09e-06,4.17e-06,5417502882.00,1769990399999,22227.88142896,85,119845064.00,504.02781588,0
2026-02-02 00:00:00,4.16e-06,4.23e-06,3.98e-06,4.15e-06,5775933356.00,1770004799999,23709.27529836,99,478827958.00,1993.43623990,0
2026-02-02 04:00:00,4.14e-06,4.19e-06,4e-06,4.09e-06,149254174.00,1770019199999,611.36370628,41,109761359.00,451.42970150,0
2026-02-02 08:00:00,4.1e-06,4.21e-06,4.08e-06,4.21e-06,286558698.00,1770033599999,1186.68346813,12,270665943.00,1121.56671358,0
2026-02-02 12:00:00,4.18e-06,4.37e-06,4.18e-06,4.36e-06,158496518.00,1770047999999,686.50496652,32,102442975.00,444.21183747,0
2026-02-02 16:00:00,4.35e-06,4.36e-06,4.24e-06,4.24e-06,9160819273.00,1770062399999,39021.98827138,25,3924340858.00,16719.04486546,0
2026-02-02 20:00:00,4.26e-06,4.27e-06,4.25e-06,4.27e-06,54750980.00,1770076799999,233.02399335,5,54750980.00,233.02399335,0
2026-02-03 00:00:00,4.22e-06,4.27e-06,4.18e-06,4.25e-06,5288395799.00,1770091199999,22444.02289020,67,5238215130.00,22232.69544754,0
2026-02-03 04:00:00,4.27e-06,4.28e-06,4.23e-06,4.23e-06,56602571.00,1770105599999,241.15304029,5,39956367.00,170.73959737,0
2026-02-03 08:00:00,4.21e-06,4.21e-06,4.16e-06,4.2e-06,291280302.00,1770119999999,1221.80098603,10,241512838.00,1014.35391960,0
2026-02-03 12:00:00,4.23e-06,4.4e-06,4.21e-06,4.4e-06,1512673385.00,1770134399999,6473.48000407,37,1509686924.00,6460.73873404,0
2026-02-03 16:00:00,4.33e-06,4.33e-06,4e-06,4.18e-06,9984044496.00,1770148799999,40304.67417033,115,384253533.00,1565.27169304,0
2026-02-03 20:00:00,4.2e-06,4.37e-06,4.09e-06,4.09e-06,672920865.00,1770163199999,2850.68257140,48,578696176.00,2458.26978330,0
2026-02-04 00:00:00,4.15e-06,4.28e-06,4.12e-06,4.28e-06,246657490.00,1770177599999,1033.25159136,23,43098064.00,182.67832798,0
2026-02-04 04:00:00,4.23e-06,4.23e-06,4.23e-06,4.23e-06,22967688.00,1770191999999,97.15332024,1,0.00,0.00000000,0
2026-02-04 08:00:00,4.23e-06,4.23e-06,4.19e-06,4.19e-06,38627889.00,1770206399999,162.87844697,6,0.00,0.00000000,0
2026-02-04 12:00:00,4.18e-06,4.22e-06,4e-06,4e-06,114327817.00,1770220799999,470.33857546,23,54193118.00,224.53150713,0
2026-02-04 16:00:00,4.07e-06,4.32e-06,4.05e-06,4.29e-06,385825218.00,1770235199999,1634.72412294,38,377250187.00,1599.44062248,0
2026-02-04 20:00:00,4.32e-06,4.32e-06,4.17e-06,4.24e-06,95930616.00,1770249599999,404.20508511,19,67718286.00,285.96101805,0
2026-02-05 00:00:00,4.19e-06,4.2e-06,4.06e-06,4.11e-06,1931909213.00,1770263999999,7900.38736923,88,33865645.00,141.24384194,0
2026-02-05 04:00:00,4.13e-06,4.13e-06,4.01e-06,4.01e-06,60801860.00,1770278399999,248.27934067,14,35918846.00,147.92872801,0
2026-02-05 08:00:00,4.07e-06,4.07e-06,3.86e-06,3.93e-06,187663130.00,1770292799999,747.54978731,21,55747583.00,224.16827323,0
2026-02-05 12:00:00,3.89e-06,3.95e-06,3.63e-06,3.76e-06,3918453613.00,1770307199999,14875.49678073,79,1015104732.00,3983.94919305,0
2026-02-05 16:00:00,3.72e-06,3.78e-06,3.62e-06,3.64e-06,1406443192.00,1770321599999,5199.23213790,57,976293197.00,3593.68258065,0
2026-02-05 20:00:00,3.61e-06,3.64e-06,3.42e-06,3.42e-06,11502113882.00,1770335999999,40992.15512482,159,8810229239.00,31295.67672255,0
2026-02-06 00:00:00,3.41e-06,3.54e-06,3.17e-06,3.47e-06,12283171683.00,1770350399999,41575.66298108,120,12129601112.00,41077.12593874,0
2026-02-06 04:00:00,3.49e-06,3.73e-06,3.49e-06,3.6e-06,100823976.00,1770364799999,367.02538697,26,75035810.00,273.68367903,0
2026-02-06 08:00:00,3.61e-06,3.7e-06,3.56e-06,3.7e-06,87826888.00,1770379199999,314.97296694,8,19746590.00,71.95641641,0
2026-02-06 12:00:00,3.68e-06,3.79e-06,3.68e-06,3.78e-06,490636996.00,1770393599999,1809.98545441,19,71142571.00,266.05152602,0
2026-02-06 16:00:00,3.77e-06,3.95e-06,3.77e-06,3.89e-06,12149044253.00,1770407999999,47317.74657444,119,817444986.00,3188.11970906,0
2026-02-06 20:00:00,3.86e-06,3.95e-06,3.84e-06,3.93e-06,11392361528.00,1770422399999,44592.46133708,81,10055060736.00,39423.97144448,0
2026-02-07 00:00:00,3.89e-06,3.95e-06,3.86e-06,3.91e-06,10048502055.00,1770436799999,39243.57057270,97,267422282.00,1045.17088089,0
2026-02-07 04:00:00,3.93e-06,3.93e-06,3.74e-06,3.74e-06,4322093237.00,1770451199999,16498.04102725,41,143379863.00,563.44972747,0
2026-02-07 08:00:00,3.78e-06,3.78e-06,3.75e-06,3.75e-06,1044546002.00,1770465599999,3937.38120812,34,2673796.00,10.10694888,0
2026-02-07 12:00:00,3.77e-06,3.87e-06,3.75e-06,3.82e-06,76492258.00,1770479999999,290.75692195,22,26292792.00,101.04184825,0
2026-02-07 16:00:00,3.86e-06,3.93e-06,3.81e-06,3.89e-06,3854440879.00,1770494399999,15134.70467838,62,251216824.00,983.05028939,0
2026-02-07 20:00:00,3.85e-06,3.9e-06,3.85e-06,3.87e-06,24727750.00,1770508799999,96.07663981,6,24727750.00,96.07663981,0
2026-02-08 00:00:00,3.87e-06,3.87e-06,3.79e-06,3.79e-06,82620415.00,1770523199999,317.29542837,8,58305728.00,224.58020208,0
2026-02-08 04:00:00,3.79e-06,3.81e-06,3.79e-06,3.81e-06,141119470.00,1770537599999,534.97388784,3,6554827.00,24.97389087,0
2026-02-08 08:00:00,3.87e-06,3.88e-06,3.79e-06,3.88e-06,87585285.00,1770551999999,335.57980191,10,52573510.00,201.66774626,0
2026-02-08 12:00:00,3.87e-06,3.87e-06,3.85e-06,3.85e-06,7812907.00,1770566399999,30.18404889,2,2595060.00,9.99098100,0
2026-02-08 16:00:00,3.8e-06,3.8e-06,3.74e-06,3.8e-06,54217482.00,1770580799999,204.01976171,14,1438024.00,5.44499120,0
2026-02-08 20:00:00,3.75e-06,3.93e-06,3.74e-06,3.76e-06,6066341231.00,1770595199999,22793.07569965,103,500512293.00,1918.70138536,0
2026-02-09 00:00:00,3.79e-06,3.82e-06,3.78e-06,3.82e-06,13833512.00,1770609599999,52.46110878,3,2945788.00,11.25291016,0
2026-02-09 04:00:00,3.79e-06,3.79e-06,3.79e-06,3.79e-06,2631578.00,1770623999999,9.97368062,2,2631578.00,9.97368062,0
2026-02-09 08:00:00,3.74e-06,3.74e-06,3.64e-06,3.64e-06,73718888.00,1770638399999,271.43443657,23,3803476.00,14.05113950,0
2026-02-09 12:00:00,3.65e-06,3.76e-06,3.65e-06,3.76e-06,794761093.00,1770652799999,2975.71358512,15,774503480.00,2900.73297131,0
2026-02-09 16:00:00,3.78e-06,3.85e-06,3.77e-06,3.85e-06,309464979.00,1770667199999,1176.96084140,12,282871877.00,1076.59615122,0
2026-02-09 20:00:00,3.81e-06,3.84e-06,3.76e-06,3.84e-06,9983700.00,1770681599999,37.95654108,4,6006624.00,23.00273532,0
2026-02-10 00:00:00,3.76e-06,3.76e-06,3.74e-06,3.76e-06,8700338.00,1770695999999,32.65324534,3,5699061.00,21.42846936,0
2026-02-10 04:00:00,3.78e-06,3.78e-06,3.68e-06,3.68e-06,47474405.00,1770710399999,177.30490958,6,17456827.00,65.98680606,0
2026-02-10 08:00:00,3.69e-06,3.71e-06,3.64e-06,3.64e-06,39489441.00,1770724799999,144.81694017,8,3509174.00,12.97575222,0
2026-02-10 12:00:00,3.64e-06,3.68e-06,3.63e-06,3.63e-06,1087795174.00,1770739199999,3982.39728293,14,1077285493.00,3944.18905886,0
2026-02-10 16:00:00,3.62e-06,3.71e-06,3.6e-06,3.66e-06,3980572438.00,1770753599999,14476.43293393,68,976962049.00,3574.07650595,0
2026-02-10 20:00:00,3.68e-06,3.68e-06,3.68e-06,3.68e-06,1355014.00,1770767999999,4.98645152,1,1355014.00,4.98645152,0
2026-02-11 00:00:00,3.7e-06,3.7e-06,3.66e-06,3.68e-06,4850931.00,1770782399999,17.89941288,3,4304483.00,15.89941320,0
2026-02-11 04:00:00,3.62e-06,3.63e-06,3.53e-06,3.55e-06,6012948675.00,1770796799999,21525.86732298,32,5779562304.00,20690.62491199,0
2026-02-11 08:00:00,3.55e-06,3.56e-06,3.52e-06,3.52e-06,649466964.00,1770811199999,2305.43336790,15,143741622.00,510.29680304,0
2026-02-11 12:00:00,3.56e-06,3.73e-06,3.47e-06,3.5e-06,1196641845.00,1770825599999,4220.53297336,38,1057087391.00,3726.23457850,0
2026-02-11 16:00:00,3.57e-06,3.63e-06,3.57e-06,3.62e-06,501297809.00,1770839999999,1815.38135882,13,498674393.00,1805.94508834,0
2026-02-11 20:00:00,3.58e-06,3.66e-06,3.54e-06,3.54e-06,210356049.00,1770854399999,761.91616680,18,162808660.00,592.27410859,0
2026-02-12 00:00:00,3.58e-06,3.94e-06,3.58e-06,3.62e-06,1109531772.00,1770868799999,4030.65884833,53,1075930200.00,3909.30228435,0
2026-02-12 04:00:00,3.64e-06,3.71e-06,3.61e-06,3.68e-06,724891321.00,1770883199999,2640.83929512,17,156736282.00,577.64618493,0
2026-02-12 08:00:00,3.72e-06,3.76e-06,3.7e-06,3.74e-06,145974004.00,1770897599999,544.62659800,19,71745355.00,268.17678861,0
2026-02-12 12:00:00,3.74e-06,3.74e-06,3.74e-06,3.74e-06,5347592.00,1770911999999,19.99999408,2,5347592.00,19.99999408,0
2026-02-12 16:00:00,3.68e-06,3.7e-06,3.6e-06,3.7e-06,73848428.00,1770926399999,268.89179513,18,25201656.00,92.08579763,0
2026-02-12 20:00:00,3.64e-06,3.73e-06,3.62e-06,3.73e-06,124113741.00,1770940799999,454.27395893,15,99113741.00,363.77395893,0
2026-02-13 00:00:00,3.68e-06,3.72e-06,3.68e-06,3.72e-06,55919701.00,1770955199999,207.34416189,5,43032656.00,159.91983629,0
2026-02-13 04:00:00,3.67e-06,3.67e-06,3.64e-06,3.64e-06,99071528.00,1770969599999,361.76901807,11,13448356.00,49.35546652,0
2026-02-13 08:00:00,3.68e-06,3.72e-06,3.68e-06,3.69e-06,56601538.00,1770983999999,209.14612917,5,15425598.00,57.28052991,0
2026-02-13 12:00:00,3.66e-06,3.8e-06,3.66e-06,3.8e-06,6590546701.00,1770998399999,25041.64873932,83,44823075.00,168.42725706,0
2026-02-13 16:00:00,3.73e-06,3.83e-06,3.73e-06,3.79e-06,48921716.00,1771012799999,185.94360855,16,30334544.00,115.45649094,0
2026-02-13 20:00:00,3.85e-06,3.85e-06,3.79e-06,3.81e-06,11044563.00,1771027199999,42.01535415,5,5232345.00,19.98704793,0
2026-02-14 00:00:00,3.8e-06,3.87e-06,3.8e-06,3.86e-06,59339764.00,1771041599999,228.15785242,13,35601423.00,137.23381195,0
2026-02-14 04:00:00,3.8e-06,3.81e-06,3.79e-06,3.79e-06,17226616.00,1771055999999,65.34126319,7,6563409.00,24.92770866,0
2026-02-14 08:00:00,3.81e-06,3.95e-06,3.81e-06,3.95e-06,84984457.00,1771070399999,330.35877126,14,50395269.00,197.71432296,0
2026-02-14 12:00:00,3.92e-06,4.19e-06,3.91e-06,4.19e-06,185778317.00,1771084799999,748.55436442,35,107305299.00,436.66591241,0
2026-02-14 16:00:00,4.21e-06,4.73e-06,4.2e-06,4.73e-06,1403781053.00,1771099199999,6473.36245721,86,1343500791.00,6207.48400667,0
2026-02-14 20:00:00,4.78e-06,5e-06,4.64e-06,4.86e-06,4320896879.00,1771113599999,20292.09274960,99,3841587720.00,18006.19121953,0
2026-02-15 00:00:00,4.89e-06,5e-06,4.75e-06,4.93e-06,10345939779.00,1771127999999,49292.92220607,96,10015308461.00,47715.26636468,0
2026-02-15 04:00:00,4.95e-06,5.07e-06,4.83e-06,4.9e-06,2115234208.00,1771142399999,10376.89859659,67,269335239.00,1341.82393256,0
2026-02-15 08:00:00,4.88e-06,4.89e-06,4.64e-06,4.74e-06,103426440.00,1771156799999,490.66978419,28,17101858.00,81.31964118,0
2026-02-15 12:00:00,4.69e-06,4.73e-06,4.53e-06,4.69e-06,1219824490.00,1771171199999,5645.55490180,34,909415703.00,4219.48796353,0
2026-02-15 16:00:00,4.67e-06,4.67e-06,4.39e-06,4.39e-06,304794225.00,1771185599999,1359.60129051,18,8600212.00,40.16299004,0
2026-02-15 20:00:00,4.42e-06,4.45e-06,4.36e-06,4.45e-06,130473991.00,1771199999999,573.62873122,18,69517720.00,306.18203191,0
2026-02-16 00:00:00,4.41e-06,4.46e-06,4.41e-06,4.46e-06,114813862.00,1771214399999,510.48373141,14,113121674.00,503.01035000,0
2026-02-16 04:00:00,4.47e-06,4.54e-06,4.45e-06,4.47e-06,46722731.00,1771228799999,209.09909639,6,37641033.00,168.68554029,0
2026-02-16 08:00:00,4.54e-06,4.54e-06,4.45e-06,4.45e-06,3381161235.00,1771243199999,15181.21792056,37,10164931.00,46.09462509,0
2026-02-16 12:00:00,4.54e-06,4.54e-06,4.37e-06,4.45e-06,3392881609.00,1771257599999,15350.86155399,55,25114232.00,112.50683072,0
2026-02-16 16:00:00,4.45e-06,4.45e-06,4.45e-06,4.45e-06,561797.00,1771271999999,2.49999665,2,0.00,0.00000000,0
2026-02-16 20:00:00,4.47e-06,4.51e-06,4.46e-06,4.46e-06,14946751.00,1771286399999,67.05134739,7,12278295.00,55.15003363,0
2026-02-17 00:00:00,4.46e-06,4.48e-06,4.43e-06,4.44e-06,126235747.00,1771300799999,560.50623933,6,1277371.00,5.70196502,0
2026-02-17 04:00:00,4.4e-06,4.47e-06,4.37e-06,4.37e-06,73384137.00,1771315199999,321.72435006,10,11385952.00,50.70212543,0
2026-02-17 08:00:00,4.35e-06,4.38e-06,4.27e-06,4.38e-06,260681343.00,1771329599999,1122.03437970,31,17508515.00,76.31395718,0
2026-02-17 12:00:00,4.42e-06,4.45e-06,4.37e-06,4.41e-06,42831439.00,1771343999999,189.00824111,13,14998680.00,66.65575236,0
2026-02-17 16:00:00,4.45e-06,4.5e-06,4.38e-06,4.43e-06,290275317.00,1771358399999,1280.87198563,19,32011060.00,143.05487799,0
2026-02-17 20:00:00,4.4e-06,4.41e-06,4.4e-06,4.41e-06,34817444.00,1771372799999,153.50660375,8,32118802.00,141.63257895,0
2026-02-18 00:00:00,4.42e-06,4.42e-06,4.37e-06,4.41e-06,13071409.00,1771387199999,57.28577018,3,2745995.00,12.10983795,0
2026-02-18 04:00:00,4.38e-06,4.42e-06,4.38e-06,4.42e-06,3858187.00,1771401599999,16.94400578,2,1128668.00,4.98871256,0
2026-02-18 08:00:00,4.42e-06,4.42e-06,4.33e-06,4.33e-06,46076192.00,1771415999999,201.22958033,9,28151739.00,123.45178256,0
2026-02-18 12:00:00,4.34e-06,4.4e-06,4.31e-06,4.36e-06,54763422.00,1771430399999,237.74188429,11,21914343.00,95.18720186,0
2026-02-18 16:00:00,4.4e-06,4.41e-06,4.22e-06,4.26e-06,78427443.00,1771444799999,337.03023547,23,31107691.00,135.95887097,0
2026-02-18 20:00:00,4.24e-06,4.26e-06,4.2e-06,4.23e-06,259773235.00,1771459199999,1091.72298752,19,14637894.00,62.07186098,0
2026-02-19 00:00:00,4.2e-06,4.31e-06,4.2e-06,4.25e-06,39592636.00,1771473599999,168.34371161,10,33263073.00,141.64380688,0
2026-02-19 04:00:00,4.23e-06,4.23e-06,4.18e-06,4.21e-06,852271723.00,1771487999999,3579.47561470,30,41238121.00,174.02958455,0
2026-02-19 08:00:00,4.19e-06,4.19e-06,4.16e-06,4.19e-06,167154110.00,1771502399999,697.71651838,11,2416177.00,10.12378163,0
2026-02-19 12:00:00,4.18e-06,4.24e-06,4.18e-06,4.24e-06,3339777.00,1771516799999,14.02241178,4,1193317.00,4.98806506,0
2026-02-19 16:00:00,4.14e-06,4.18e-06,4.14e-06,4.18e-06,4059505.00,1771531199999,16.90100762,3,2366423.00,9.89164814,0
2026-02-19 20:00:00,4.26e-06,4.26e-06,4.19e-06,4.21e-06,2885247.00,1771545599999,12.18543785,3,1170960.00,4.98828960,0
2026-02-20 00:00:00,4.19e-06,4.28e-06,4.19e-06,4.28e-06,111200886.00,1771559999999,468.35131734,7,19332749.00,82.54191409,0
2026-02-20 04:00:00,4.19e-06,4.24e-06,4.18e-06,4.24e-06,80564723.00,1771574399999,337.27768252,24,1892211.00,7.98003024,0
2026-02-20 08:00:00,4.21e-06,4.22e-06,4.18e-06,4.18e-06,58345914.00,1771588799999,245.82108614,11,41572040.00,175.40055978,0
2026-02-20 12:00:00,4.18e-06,4.29e-06,4.08e-06,4.29e-06,1120935150.00,1771603199999,4685.96386529,63,75050687.00,318.02970660,0
2026-02-20 16:00:00,4.32e-06,4.45e-06,4.17e-06,4.27e-06,1099821227.00,1771617599999,4689.66741660,61,1001866642.00,4274.21049988,0
2026-02-20 20:00:00,4.26e-06,4.27e-06,4.2e-06,4.27e-06,197794512.00,1771631999999,841.52587124,8,184409821.00,785.17034687,0
2026-02-21 00:00:00,4.32e-06,4.32e-06,4.32e-06,4.32e-06,867644.00,1771646399999,3.74822208,1,867644.00,3.74822208,0
2026-02-21 04:00:00,4.2e-06,4.31e-06,4.2e-06,4.28e-06,46079391.00,1771660799999,194.27545213,4,3474938.00,14.96538185,0
2026-02-21 08:00:00,4.33e-06,4.4e-06,4.29e-06,4.29e-06,143265416.00,1771675199999,621.18239699,19,40411124.00,176.49488665,0
2026-02-21 12:00:00,4.28e-06,4.35e-06,4.19e-06,4.19e-06,280055160.00,1771689599999,1192.99402374,54,19489928.00,84.26546808,0
2026-02-21 16:00:00,4.19e-06,4.19e-06,4.19e-06,4.19e-06,13358884.00,1771703999999,55.97372396,1,0.00,0.00000000,0
2026-02-21 20:00:00,4.18e-06,4.21e-06,4.14e-06,4.14e-06,6971850.00,1771718399999,29.19809998,8,4761193.00,20.01366768,0
2026-02-22 00:00:00,4.16e-06,4.19e-06,4.06e-06,4.06e-06,643027746.00,1771732799999,2650.32748918,25,416794595.00,1721.09851532,0
2026-02-22 04:00:00,4.11e-06,4.13e-06,4.1e-06,4.11e-06,62113150.00,1771747199999,255.09100984,4,62113150.00,255.09100984,0
2026-02-22 08:00:00,4.08e-06,4.11e-06,4.08e-06,4.11e-06,15413441.00,1771761599999,62.95478639,4,2738126.00,11.23950119,0
2026-02-22 12:00:00,4.05e-06,4.09e-06,4.04e-06,4.09e-06,15282122.00,1771775999999,62.32607535,5,0.00,0.00000000,0
2026-02-22 16:00:00,4.09e-06,4.09e-06,4.09e-06,4.09e-06,2749950.00,1771790399999,11.24729550,1,2749950.00,11.24729550,0
2026-02-22 20:00:00,4.04e-06,4.06e-06,4e-06,4e-06,261169309.00,1771804799999,1048.97334279,15,4965677.00,20.03638415,0
2026-02-23 00:00:00,3.99e-06,4e-06,3.87e-06,3.91e-06,223368784.00,1771819199999,882.57913997,46,34433366.00,135.82774211,0
2026-02-23 04:00:00,3.91e-06,4.05e-06,3.91e-06,4.05e-06,2361502203.00,1771833599999,9532.44177833,32,2356337073.00,9512.24612003,0
2026-02-23 08:00:00,4.01e-06,4.11e-06,4.01e-06,4.11e-06,205942857.00,1771847999999,839.96312418,7,197648050.00,806.70094811,0
2026-02-23 12:00:00,4.12e-06,4.21e-06,4.03e-06,4.03e-06,245960491.00,1771862399999,1017.75123932,23,138102873.00,577.09409349,0
2026-02-23 16:00:00,4e-06,4.02e-06,3.98e-06,4.01e-06,86380254.00,1771876799999,346.85493242,6,2480348.00,9.94619548,0
2026-02-23 20:00:00,3.98e-06,4.04e-06,3.98e-06,3.99e-06,39357896.00,1771891199999,156.98455700,5,9360309.00,37.34290446,0
2026-02-24 00:00:00,3.99e-06,4e-06,3.9e-06,3.9e-06,5765524230.00,1771905599999,22498.25870516,131,174555566.00,692.85807258,0
2026-02-24 04:00:00,3.9e-06,3.99e-06,3.9e-06,3.9e-06,6631695823.00,1771919999999,25863.72620970,40,1250000.00,4.98750000,0
2026-02-24 08:00:00,3.9e-06,3.95e-06,3.9e-06,3.92e-06,4506639795.00,1771934399999,17575.97160681,13,3062739.00,12.02108841,0
2026-02-24 12:00:00,3.87e-06,3.95e-06,3.87e-06,3.95e-06,31195575.00,1771948799999,121.90775351,6,10442779.00,41.24897705,0
2026-02-24 16:00:00,4.01e-06,4.01e-06,3.9e-06,3.96e-06,42336362.00,1771963199999,167.27690473,10,23841428.00,94.82904312,0
2026-02-24 20:00:00,3.91e-06,3.99e-06,3.91e-06,3.93e-06,156008939.00,1771977599999,614.77396539,15,47868722.00,189.93636868,0
2026-02-25 00:00:00,3.93e-06,4.15e-06,3.93e-06,4e-06,751448986.00,1771991999999,3074.80825736,35,665674311.00,2732.50126537,0
2026-02-25 04:00:00,4e-06,4e-06,3.92e-06,3.92e-06,638242134.00,1772006399999,2519.62086170,50,148475933.00,586.55622149,0
2026-02-25 08:00:00,4e-06,4.03e-06,3.97e-06,3.98e-06,226011075.00,1772020799999,903.14744841,12,106452997.00,427.51053178,0
2026-02-25 12:00:00,4.04e-06,4.19e-06,4.04e-06,4.15e-06,759803637.00,1772035199999,3119.11389610,26,749995611.00,3078.43116846,0
2026-02-25 16:00:00,4.21e-06,4.38e-06,4.18e-06,4.37e-06,1004004997.00,1772049599999,4334.41066305,34,843763401.00,3645.80930649,0
2026-02-25 20:00:00,4.36e-06,4.45e-06,4.09e-06,4.09e-06,17155842649.00,1772063999999,73167.16427331,196,16407435098.00,69980.90789233,0
2026-02-26 00:00:00,4.07e-06,4.1e-06,4.05e-06,4.09e-06,25843126.00,1772078399999,105.18473324,6,4666451.00,19.10776637,0
2026-02-26 04:00:00,4.08e-06,4.14e-06,4.03e-06,4.03e-06,25178761.00,1772092799999,102.25299846,8,11353717.00,46.43833942,0
2026-02-26 08:00:00,4.04e-06,4.04e-06,3.93e-06,3.93e-06,404743868.00,1772107199999,1631.36907220,12,0.00,0.00000000,0
2026-02-26 12:00:00,3.97e-06,3.99e-06,3.88e-06,3.9e-06,110449955.00,1772121599999,433.52456302,17,33455263.00,132.63112964,0
2026-02-26 16:00:00,3.89e-06,3.92e-06,3.79e-06,3.86e-06,213422082.00,1772135999999,820.03305451,26,44899371.00,173.90230088,0
2026-02-26 20:00:00,3.82e-06,3.83e-06,3.8e-06,3.83e-06,33716179.00,1772150399999,129.05660445,5,32489034.00,124.39345345,0
2026-02-27 00:00:00,3.84e-06,3.84e-06,3.82e-06,3.82e-06,1952050.00,1772164799999,7.48277368,2,1297134.00,4.98099456,0
2026-02-27 04:00:00,3.88e-06,3.9e-06,3.88e-06,3.89e-06,164675381.00,1772179199999,639.05560649,6,20232913.00,78.61883065,0
2026-02-27 08:00:00,3.84e-06,3.86e-06,3.74e-06,3.74e-06,12360866507.00,1772193599999,46972.58236768,133,34828896.00,134.09124960,0
2026-02-27 12:00:00,3.72e-06,3.78e-06,3.68e-06,3.68e-06,4613117268.00,1772207999999,17093.12656193,62,781686667.00,2893.07865977,0
2026-02-27 16:00:00,3.68e-06,3.7e-06,3.65e-06,3.66e-06,116714020.00,1772222399999,428.19687902,11,83530573.00,306.36918788,0
2026-02-27 20:00:00,3.67e-06,3.72e-06,3.62e-06,3.7e-06,103049504.00,1772236799999,381.20620045,11,83261348.00,309.11007523,0
2026-02-28 00:00:00,3.67e-06,3.7e-06,3.63e-06,3.66e-06,77265761.00,1772251199999,283.30824455,20,57951624.00,212.41963288,0
2026-02-28 04:00:00,3.67e-06,3.67e-06,3.45e-06,3.5e-06,35298626103.00,1772265599999,123658.02459695,201,24895753034.00,86280.99527328,0
2026-02-28 08:00:00,3.46e-06,3.48e-06,3.44e-06,3.48e-06,13902589305.00,1772279999999,47952.53901542,117,1341572534.00,4616.75682007,0
2026-02-28 12:00:00,3.44e-06,3.58e-06,3.44e-06,3.52e-06,855298922.00,1772294399999,3019.64818116,19,821240936.00,2900.60475470,0
2026-02-28 16:00:00,3.54e-06,3.66e-06,3.52e-06,3.62e-06,425400485.00,1772308799999,1512.43255997,23,394735766.00,1403.45924250,0
2026-02-28 20:00:00,3.61e-06,3.68e-06,3.61e-06,3.64e-06,556545024.00,1772323199999,2022.90652460,14,120786182.00,444.36997254,0
2026-03-01 00:00:00,3.67e-06,3.76e-06,3.67e-06,3.68e-06,104458761.00,1772337599999,385.95238566,14,90718456.00,335.12221426,0
2026-03-01 04:00:00,3.69e-06,3.7e-06,3.61e-06,3.61e-06,4968477660.00,1772351999999,18008.10471817,45,4304384558.00,15604.16992228,0
2026-03-01 08:00:00,3.6e-06,3.6e-06,3.56e-06,3.56e-06,899676893.00,1772366399999,3237.63667714,12,9571638.00,34.18781104,0
2026-03-01 12:00:00,3.55e-06,3.58e-06,3.5e-06,3.56e-06,241978929.00,1772380799999,852.19760272,14,26776137.00,95.46875660,0
2026-03-01 16:00:00,3.5e-06,3.58e-06,3.42e-06,3.45e-06,4687487854.00,1772395199999,16178.87692235,58,68120506.00,237.69981848,0
2026-03-01 20:00:00,3.44e-06,3.48e-06,3.38e-06,3.48e-06,12827119661.00,1772409599999,43613.06837234,147,34483290.00,118.86541554,0
2026-03-02 00:00:00,3.49e-06,3.53e-06,3.46e-06,3.49e-06,730059339.00,1772423999999,2541.19756560,19,718492927.00,2500.52795952,0
2026-03-02 04:00:00,3.44e-06,3.46e-06,3.39e-06,3.39e-06,103137220.00,1772438399999,355.47791488,8,80217892.00,277.06018703,0
2026-03-02 08:00:00,3.38e-06,3.47e-06,3.38e-06,3.47e-06,38780098.00,1772452799999,133.16619472,6,4991272.00,17.14326424,0
2026-03-02 12:00:00,3.46e-06,3.66e-06,3.46e-06,3.66e-06,99657510.00,1772467199999,355.06417295,17,96697865.00,344.82380125,0
2026-03-02 16:00:00,3.68e-06,3.69e-06,3.53e-06,3.6e-06,25623441421.00,1772481599999,92621.59381281,108,19882864518.00,71984.86786860,0
2026-03-02 20:00:00,3.55e-06,3.58e-06,3.51e-06,3.51e-06,632883061.00,1772495999999,2253.01516448,12,30971980.00,110.87968840,0
2026-03-03 00:00:00,3.57e-06,3.57e-06,3.47e-06,3.5e-06,82685173.00,1772510399999,290.07545997,13,28734468.00,101.37544405,0
2026-03-03 04:00:00,3.49e-06,3.49e-06,3.47e-06,3.49e-06,16505478.00,1772524799999,57.45995850,4,6574381.00,22.94458969,0
2026-03-03 08:00:00,3.45e-06,3.45e-06,3.37e-06,3.38e-06,13648586856.00,1772539199999,46361.34376945,62,4800529872.00,16273.79626608,0
2026-03-03 12:00:00,3.45e-06,3.47e-06,3.35e-06,3.45e-06,131904777.00,1772553599999,449.84536511,16,72772137.00,250.41749079,0
2026-03-03 16:00:00,3.48e-06,3.54e-06,3.42e-06,3.49e-06,83895290.00,1772567999999,290.85559880,14,56824934.00,198.09719317,0
2026-03-03 20:00:00,3.48e-06,3.48e-06,3.48e-06,3.48e-06,287356321.00,1772582399999,999.99999708,1,287356321.00,999.99999708,0
2026-03-04 00:00:00,3.41e-06,3.41e-06,3.41e-06,3.41e-06,7225433.00,1772596799999,24.63872653,1,0.00,0.00000000,0
2026-03-04 04:00:00,3.43e-06,3.45e-06,3.4e-06,3.45e-06,2158413577.00,1772611199999,7339.17904231,18,12182604.00,41.90199546,0
2026-03-04 08:00:00,3.5e-06,3.6e-06,3.5e-06,3.56e-06,126106855.00,1772625599999,448.89932426,15,60425625.00,214.22470572,0
2026-03-04 12:00:00,3.61e-06,3.73e-06,3.59e-06,3.73e-06,14177986833.00,1772639999999,51469.15751766,70,7937287938.00,28877.78429735,0
2026-03-04 16:00:00,3.64e-06,3.76e-06,3.63e-06,3.75e-06,303276998.00,1772654399999,1127.27961868,11,32641261.00,122.28703636,0
2026-03-04 20:00:00,3.68e-06,3.68e-06,3.64e-06,3.66e-06,147710604.00,1772668799999,540.26156175,8,40764316.00,149.19739656,0
2026-03-05 00:00:00,3.62e-06,3.63e-06,3.6e-06,3.6e-06,604709137.00,1772683199999,2177.09511431,10,114856857.00,413.56683909,0
2026-03-05 04:00:00,3.6e-06,3.6e-06,3.53e-06,3.53e-06,41437553.00,1772697599999,147.99961414,7,12000000.00,43.20000000,0
2026-03-05 08:00:00,3.53e-06,3.62e-06,3.53e-06,3.59e-06,112309398.00,1772711999999,399.89257328,7,48481219.00,173.85555971,0
2026-03-05 12:00:00,3.56e-06,3.56e-06,3.49e-06,3.5e-06,486504528.00,1772726399999,1720.17332265,15,39962199.00,140.97380434,0
2026-03-05 16:00:00,3.48e-06,3.5e-06,3.41e-06,3.49e-06,1319186485.00,1772740799999,4518.08117457,28,58545858.00,202.35498316,0
2026-03-05 20:00:00,3.51e-06,3.51e-06,3.47e-06,3.48e-06,161311411.00,1772755199999,563.00884803,7,145787032.00,509.08971599,0
2026-03-06 00:00:00,3.48e-06,3.48e-06,3.48e-06,3.48e-06,1000021.00,1772769599999,3.48007308,1,0.00,0.00000000,0
2026-03-06 04:00:00,3.49e-06,3.49e-06,3.48e-06,3.48e-06,3149114605.00,1772783999999,10960.16271106,3,3000000.00,10.44000000,0
2026-03-06 08:00:00,3.46e-06,3.46e-06,3.43e-06,3.43e-06,149098622.00,1772798399999,515.26519337,5,0.00,0.00000000,0
2026-03-06 12:00:00,3.4e-06,3.4e-06,3.33e-06,3.4e-06,27973536436.00,1772812799999,95108.19180925,126,6526181.00,22.16401678,0
2026-03-06 16:00:00,3.33e-06,3.38e-06,3.31e-06,3.37e-06,14848770077.00,1772827199999,49604.03114996,60,5287935473.00,17521.43094869,0
2026-03-06 20:00:00,3.36e-06,3.4e-06,3.36e-06,3.4e-06,23920262.00,1772841599999,81.13500668,6,20543293.00,69.78839084,0
2026-03-07 00:00:00,3.4e-06,3.4e-06,3.39e-06,3.39e-06,9838227.00,1772855999999,33.38090426,3,6770899.00,22.98266234,0
2026-03-07 04:00:00,3.38e-06,3.38e-06,3.35e-06,3.35e-06,6979793718.00,1772870399999,23452.03402041,49,6830718542.00,22951.14142905,0
2026-03-07 08:00:00,3.34e-06,3.34e-06,3.34e-06,3.34e-06,70233520.00,1772884799999,234.57995680,1,0.00,0.00000000,0
2026-03-07 12:00:00,3.37e-06,3.37e-06,3.24e-06,3.28e-06,9463449904.00,1772899199999,31258.11115536,68,65453772.00,215.14085830,0
2026-03-07 16:00:00,3.28e-06,3.32e-06,3.24e-06,3.32e-06,125038160.00,1772913599999,408.11353950,8,65858604.00,216.06325490,0
2026-03-07 20:00:00,3.26e-06,3.26e-06,3.22e-06,3.25e-06,41710147.00,1772927999999,135.00193298,8,9983134.00,32.51365885,0
2026-03-08 00:00:00,3.24e-06,3.24e-06,3.18e-06,3.2e-06,1666127355.00,1772942399999,5299.88991902,14,48892507.00,156.70829710,0
2026-03-08 04:00:00,3.2e-06,3.21e-06,3.2e-06,3.21e-06,131442201.00,1772956799999,420.79966497,4,131442201.00,420.79966497,0
2026-03-08 08:00:00,3.24e-06,3.28e-06,3.24e-06,3.28e-06,30559673.00,1772971199999,99.25584520,2,6062617.00,19.88538376,0
2026-03-08 12:00:00,3.19e-06,3.2e-06,3.17e-06,3.18e-06,132052306.00,1772985599999,420.56119833,8,37138313.00,118.15388940,0
2026-03-08 16:00:00,3.15e-06,3.19e-06,3.13e-06,3.19e-06,39359420.00,1772999999999,124.11472438,25,10896120.00,34.50113796,0
2026-03-08 20:00:00,3.2e-06,3.22e-06,3.12e-06,3.17e-06,243821868.00,1773014399999,777.41968345,14,230107790.00,734.12820153,0
2026-03-09 00:00:00,3.22e-06,3.28e-06,3.21e-06,3.24e-06,237735437.00,1773028799999,768.69385678,20,37545649.00,121.78318296,0
2026-03-09 04:00:00,3.25e-06,3.3e-06,3.25e-06,3.3e-06,13977783932.00,1773043199999,45430.35869994,21,9832922920.00,31959.56041094,0
2026-03-09 08:00:00,3.25e-06,3.28e-06,3.23e-06,3.25e-06,1074057860.00,1773057599999,3501.15613679,12,45887398.00,149.59008034,0
2026-03-09 12:00:00,3.32e-06,3.32e-06,3.32e-06,3.32e-06,12241793.00,1773071999999,40.64275276,2,3055214.00,10.14331048,0
2026-03-09 16:00:00,3.3e-06,3.36e-06,3.3e-06,3.36e-06,306578468.00,1773086399999,1014.00631067,12,59374596.00,198.01766773,0
2026-03-09 20:00:00,3.32e-06,3.32e-06,3.26e-06,3.26e-06,119063813.00,1773100799999,394.34028471,8,87255118.00,289.66260884,0
2026-03-10 00:00:00,3.29e-06,3.35e-06,3.27e-06,3.31e-06,16963986574.00,1773115199999,56273.28618375,105,14351653329.00,47655.20772356,0
2026-03-10 04:00:00,3.31e-06,3.33e-06,3.29e-06,3.33e-06,8863544150.00,1773129599999,29164.97184474,67,204029002.00,673.51466642,0
2026-03-10 08:00:00,3.35e-06,3.39e-06,3.35e-06,3.39e-06,79212932.00,1773143999999,266.08641339,8,22953248.00,77.28681131,0
2026-03-10 12:00:00,3.36e-06,3.49e-06,3.32e-06,3.49e-06,129258345.00,1773158399999,439.58169531,19,74658742.00,256.41257786,0
2026-03-10 16:00:00,3.46e-06,3.51e-06,3.32e-06,3.32e-06,1521555804.00,1773172799999,5201.71058797,47,267839172.00,933.45933384,0
2026-03-10 20:00:00,3.32e-06,3.32e-06,3.29e-06,3.29e-06,429463307.00,1773187199999,1413.47433904,10,26224534.00,86.71375466,0
2026-03-11 00:00:00,3.28e-06,3.3e-06,3.26e-06,3.3e-06,520501012.00,1773201599999,1707.14251096,14,289059079.00,948.12592098,0
2026-03-11 04:00:00,3.3e-06,3.3e-06,3.3e-06,3.3e-06,1510574.00,1773215999999,4.98489420,1,1510574.00,4.98489420,0
2026-03-11 08:00:00,3.27e-06,3.27e-06,3.26e-06,3.26e-06,29517703.00,1773230399999,96.24296402,2,1525224.00,4.98748248,0
2026-03-11 12:00:00,3.28e-06,3.42e-06,3.28e-06,3.34e-06,9148348800.00,1773244799999,30617.05837041,152,3501321828.00,11751.30793090,0
2026-03-11 16:00:00,3.38e-06,3.39e-06,3.36e-06,3.36e-06,2144464917.00,1773259199999,7247.89017636,8,8721409.00,29.50782030,0
2026-03-11 20:00:00,3.36e-06,3.36e-06,3.36e-06,3.36e-06,0.00,1773273599999,0.00000000,0,0.00,0.00000000,0
2026-03-12 00:00:00,3.34e-06,3.34e-06,3.29e-06,3.29e-06,4709784616.00,1773287999999,15727.98899088,38,4690737075.00,15665.23256962,0
2026-03-12 04:00:00,3.29e-06,3.29e-06,3.28e-06,3.28e-06,4605424.00,1773302399999,15.14272819,2,911677.00,2.99030056,0
2026-03-12 08:00:00,3.27e-06,3.34e-06,3.26e-06,3.34e-06,25749141.00,1773316799999,85.26379999,5,17882901.00,59.57951821,0
2026-03-12 12:00:00,3.28e-06,3.31e-06,3.26e-06,3.29e-06,22177134305.00,1773331199999,72298.92746355,157,31420753.00,103.55327078,0
2026-03-12 16:00:00,3.3e-06,3.35e-06,3.29e-06,3.35e-06,2154518569.00,1773345599999,7110.73475760,8,2144563480.00,7077.98251479,0
2026-03-12 20:00:00,3.34e-06,3.37e-06,3.28e-06,3.33e-06,694089281.00,1773359999999,2329.52266890,26,19827163.00,66.47700466,0
2026-03-13 00:00:00,3.32e-06,3.45e-06,3.32e-06,3.42e-06,101273889.00,1773374399999,346.26860049,19,73704604.00,252.87720300,0
2026-03-13 04:00:00,3.46e-06,3.47e-06,3.4e-06,3.45e-06,525652638.00,1773388799999,1811.53469477,13,472664332.00,1630.84169841,0
2026-03-13 08:00:00,3.48e-06,3.61e-06,3.42e-06,3.6e-06,2048453087.00,1773403199999,7157.38902323,30,52834137.00,186.85584333,0
2026-03-13 12:00:00,3.54e-06,3.64e-06,3.46e-06,3.49e-06,594855090.00,1773417599999,2101.58085442,27,38388548.00,138.34440441,0
2026-03-13 16:00:00,3.46e-06,3.46e-06,3.4e-06,3.41e-06,2093946206.00,1773431999999,7181.95000238,40,6324197.00,21.70323655,0
2026-03-13 20:00:00,3.41e-06,3.41e-06,3.28e-06,3.36e-06,2245747667.00,1773446399999,7546.68176541,26,1916813088.00,6437.63992688,0
2026-03-14 00:00:00,3.36e-06,3.43e-06,3.36e-06,3.43e-06,3277603725.00,1773460799999,11112.05843659,30,3184762485.00,10797.67047262,0
2026-03-14 04:00:00,3.41e-06,3.43e-06,3.32e-06,3.32e-06,195585937.00,1773475199999,656.33382388,17,32616127.00,111.22374962,0
2026-03-14 08:00:00,3.35e-06,3.35e-06,3.32e-06,3.35e-06,139488442.00,1773489599999,465.94837242,12,27403849.00,91.76439464,0
2026-03-14 12:00:00,3.33e-06,3.39e-06,3.33e-06,3.39e-06,23271372.00,1773503999999,78.16529743,9,17047202.00,57.43881133,0
2026-03-14 16:00:00,3.36e-06,3.36e-06,3.33e-06,3.34e-06,86496813.00,1773518399999,290.60201744,6,86496813.00,290.60201744,0
2026-03-14 20:00:00,3.33e-06,3.38e-06,3.32e-06,3.38e-06,71253480.00,1773532799999,240.31604574,9,67608122.00,228.20106275,0
2026-03-15 00:00:00,3.33e-06,3.4e-06,3.33e-06,3.4e-06,2860746421.00,1773547199999,9640.32600863,28,2852259854.00,9612.01200918,0
2026-03-15 04:00:00,3.35e-06,3.37e-06,3.34e-06,3.34e-06,18285722.00,1773561599999,61.25859737,8,11882301.00,39.86804168,0
2026-03-15 08:00:00,3.37e-06,3.37e-06,3.37e-06,3.37e-06,11796042.00,1773575999999,39.75266154,1,0.00,0.00000000,0
2026-03-15 12:00:00,3.4e-06,3.41e-06,3.34e-06,3.34e-06,7286294363.00,1773590399999,24767.96995065,19,5418396921.00,18422.33770875,0
2026-03-15 16:00:00,3.34e-06,3.34e-06,3.34e-06,3.34e-06,0.00,1773604799999,0.00000000,0,0.00,0.00000000,0
2026-03-15 20:00:00,3.36e-06,3.47e-06,3.36e-06,3.46e-06,15486254694.00,1773619199999,53506.26009312,66,11505216721.00,39692.81775876,0
2026-03-16 00:00:00,3.5e-06,3.61e-06,3.48e-06,3.59e-06,392857643.00,1773633599999,1386.81074133,23,372919881.00,1316.55720471,0
2026-03-16 04:00:00,3.63e-06,4.03e-06,3.62e-06,4.02e-06,23291232744.00,1773647999999,89463.66710420,176,22564485598.00,86647.88509170,0
2026-03-16 08:00:00,4.04e-06,4.07e-06,3.89e-06,3.9e-06,9640009402.00,1773662399999,38732.70985786,111,1924767034.00,7654.56187186,0
2026-03-16 12:00:00,3.96e-06,4.08e-06,3.88e-06,3.9e-06,1220388294.00,1773676799999,4915.93554237,63,745330423.00,3009.40512467,0
2026-03-16 16:00:00,3.9e-06,4.01e-06,3.89e-06,4.01e-06,340302998.00,1773691199999,1345.08147318,15,176659178.00,706.60168997,0
2026-03-16 20:00:00,4.01e-06,4.05e-06,3.95e-06,4.04e-06,100064111.00,1773705599999,399.60578146,26,60439634.00,242.47886773,0
2026-03-17 00:00:00,3.96e-06,4.01e-06,3.92e-06,3.92e-06,2666234580.00,1773719999999,10520.86087230,26,988194843.00,3874.14004617,0
2026-03-17 04:00:00,3.94e-06,3.94e-06,3.79e-06,3.8e-06,6492877838.00,1773734399999,24993.10370014,73,6105922429.00,23507.53398925,0
2026-03-17 08:00:00,3.8e-06,3.81e-06,3.72e-06,3.73e-06,342122981.00,1773748799999,1292.99176890,15,8975321.00,33.61139368,0
2026-03-17 12:00:00,3.7e-06,3.72e-06,3.65e-06,3.66e-06,357371697.00,1773763199999,1312.81234204,12,254940015.00,932.43153730,0
2026-03-17 16:00:00,3.7e-06,3.74e-06,3.69e-06,3.69e-06,7345490217.00,1773777599999,27356.34870996,51,13931227.00,51.76409648,0
2026-03-17 20:00:00,3.69e-06,3.75e-06,3.69e-06,3.75e-06,5342055.00,1773791999999,20.02252707,2,5172402.00,19.39650750,0
2026-03-18 00:00:00,3.65e-06,3.78e-06,3.65e-06,3.78e-06,114645726.00,1773806399999,426.72207894,12,92213987.00,344.69393439,0
2026-03-18 04:00:00,3.68e-06,3.73e-06,3.64e-06,3.64e-06,310118242.00,1773820799999,1149.82115714,11,188910614.00,704.63659022,0
2026-03-18 08:00:00,3.65e-06,3.65e-06,3.56e-06,3.59e-06,63374371.00,1773835199999,229.97616434,7,3389587.00,12.16861733,0
2026-03-18 12:00:00,3.54e-06,3.63e-06,3.2e-06,3.49e-06,9317724389.00,1773849599999,31764.10547660,72,1878316919.00,6157.88545158,0
2026-03-18 16:00:00,3.46e-06,3.51e-06,3.44e-06,3.51e-06,46953385.00,1773863999999,162.99540388,8,40652452.00,141.18837640,0
2026-03-18 20:00:00,3.51e-06,3.53e-06,3.48e-06,3.52e-06,55297968.00,1773878399999,194.41577270,9,50320096.00,176.98504453,0
2026-03-19 00:00:00,3.5e-06,3.56e-06,3.5e-06,3.52e-06,281264889.00,1773892799999,989.36844559,47,15609419.00,55.27937868,0
2026-03-19 04:00:00,3.49e-06,3.49e-06,3.44e-06,3.44e-06,18186622.00,1773907199999,63.30485970,9,861758.00,2.99099519,0
2026-03-19 08:00:00,3.47e-06,3.47e-06,3.47e-06,3.47e-06,14383488.00,1773921599999,49.91070336,1,0.00,0.00000000,0
2026-03-19 12:00:00,3.44e-06,3.44e-06,3.34e-06,3.39e-06,1725473159.00,1773935999999,5827.96914174,29,1518000266.00,5123.99931386,0
2026-03-19 16:00:00,3.38e-06,3.41e-06,3.34e-06,3.4e-06,369252495.00,1773950399999,1238.58192377,8,22140915.00,75.21551264,0
2026-03-19 20:00:00,3.42e-06,3.42e-06,3.4e-06,3.4e-06,8058298043.00,1773964799999,27455.72885821,43,5587430496.00,19053.16351477,0
2026-03-20 00:00:00,3.42e-06,3.45e-06,3.42e-06,3.44e-06,72212302.00,1773979199999,247.89085427,6,71857211.00,246.67289214,0
2026-03-20 04:00:00,3.42e-06,3.46e-06,3.42e-06,3.46e-06,1554833805.00,1773993599999,5379.48574038,11,0.00,0.00000000,0
2026-03-20 08:00:00,3.48e-06,3.48e-06,3.42e-06,3.42e-06,26108820.00,1774007999999,89.35533886,3,1440505.00,4.98970156,0
2026-03-20 12:00:00,3.43e-06,3.43e-06,3.4e-06,3.41e-06,61751031.00,1774022399999,210.26994968,4,18130800.00,61.84351722,0
2026-03-20 16:00:00,3.4e-06,3.45e-06,3.38e-06,3.38e-06,169908797.00,1774036799999,582.14850693,7,152072874.00,521.67652704,0
2026-03-20 20:00:00,3.39e-06,3.39e-06,3.39e-06,3.39e-06,793936.00,1774051199999,2.69144304,1,793936.00,2.69144304,0
2026-03-21 00:00:00,3.42e-06,3.42e-06,3.42e-06,3.42e-06,2013874.00,1774065599999,6.88744908,1,0.00,0.00000000,0
2026-03-21 04:00:00,3.43e-06,3.45e-06,3.41e-06,3.43e-06,13090808.00,1774079999999,44.82743561,5,1401609.00,4.83555105,0
2026-03-21 08:00:00,3.42e-06,3.42e-06,3.42e-06,3.42e-06,15050217.00,1774094399999,51.47174214,3,3726356.00,12.74413752,0
2026-03-21 12:00:00,3.43e-06,3.43e-06,3.43e-06,3.43e-06,2906706.00,1774108799999,9.97000158,1,2906706.00,9.97000158,0
2026-03-21 16:00:00,3.45e-06,3.45e-06,3.45e-06,3.45e-06,3183957.00,1774123199999,10.98465165,2,3183957.00,10.98465165,0
2026-03-21 20:00:00,3.38e-06,3.38e-06,3.3e-06,3.3e-06,719588721.00,1774137599999,2381.97893791,9,0.00,0.00000000,0
2026-03-22 00:00:00,3.28e-06,3.35e-06,3.26e-06,3.35e-06,224646209.00,1774151999999,737.76037456,14,44501133.00,148.11993086,0
2026-03-22 04:00:00,3.35e-06,3.35e-06,3.35e-06,3.35e-06,0.00,1774166399999,0.00000000,0,0.00,0.00000000,0
2026-03-22 08:00:00,3.32e-06,3.32e-06,3.29e-06,3.29e-06,83109106.00,1774180799999,273.65486234,2,7530120.00,24.99999840,0
2026-03-22 12:00:00,3.3e-06,3.32e-06,3.29e-06,3.32e-06,38993776.00,1774195199999,128.69883461,4,13061148.00,43.36301136,0
2026-03-22 16:00:00,3.3e-06,3.3e-06,3.27e-06,3.27e-06,3468629773.00,1774209599999,11446.38821112,23,0.00,0.00000000,0
2026-03-22 20:00:00,3.24e-06,3.32e-06,3.24e-06,3.28e-06,14543357871.00,1774223999999,47266.83303556,40,48009259.00,156.98183261,0
2026-03-23 00:00:00,3.28e-06,3.34e-06,3.28e-06,3.34e-06,1382182288.00,1774238399999,4587.48675234,20,1368263034.00,4541.83159922,0
2026-03-23 04:00:00,3.34e-06,3.34e-06,3.34e-06,3.34e-06,0.00,1774252799999,0.00000000,0,0.00,0.00000000,0
2026-03-23 08:00:00,3.27e-06,3.47e-06,3.25e-06,3.42e-06,1070062458.00,1774267199999,3483.92912089,18,41041250.00,137.71453769,0
2026-03-23 12:00:00,3.38e-06,3.57e-06,3.38e-06,3.57e-06,315743961.00,1774281599999,1093.19827210,11,36115319.00,125.47325470,0
2026-03-23 16:00:00,3.44e-06,3.53e-06,3.44e-06,3.5e-06,115070828.00,1774295999999,401.62514514,12,66698935.00,233.49280759,0
2026-03-23 20:00:00,3.5e-06,3.52e-06,3.43e-06,3.43e-06,3582536677.00,1774310399999,12538.71844963,79,3284313714.00,11495.12701188,0
2026-03-24 00:00:00,3.46e-06,3.46e-06,3.4e-06,3.43e-06,2467074720.00,1774324799999,8388.31470339,22,10560028.00,36.16475059,0
2026-03-24 04:00:00,3.46e-06,3.46e-06,3.46e-06,3.46e-06,7168094.00,1774339199999,24.80160524,1,7168094.00,24.80160524,0
2026-03-24 08:00:00,3.45e-06,3.45e-06,3.41e-06,3.41e-06,76282556.00,1774353599999,260.24787504,3,0.00,0.00000000,0
2026-03-24 12:00:00,3.42e-06,3.44e-06,3.42e-06,3.44e-06,424978641.00,1774367999999,1455.99671966,5,423984641.00,1452.59723966,0
2026-03-24 16:00:00,3.38e-06,3.44e-06,3.38e-06,3.44e-06,4908820.00,1774382399999,16.70638406,3,1909541.00,6.56882104,0
2026-03-24 20:00:00,3.45e-06,3.51e-06,3.45e-06,3.51e-06,9056429.00,1774396799999,31.48472439,3,5891576.00,20.50268448,0
2026-03-25 00:00:00,3.55e-06,3.58e-06,3.49e-06,3.5e-06,344409392.00,1774411199999,1225.84579974,20,120543136.00,427.40514624,0
2026-03-25 04:00:00,3.58e-06,3.6e-06,3.58e-06,3.6e-06,149792385.00,1774425599999,539.15208714,4,149792385.00,539.15208714,0
2026-03-25 08:00:00,3.55e-06,3.55e-06,3.52e-06,3.55e-06,18431468.00,1774439999999,65.01246593,3,1406563.00,4.99329865,0
2026-03-25 12:00:00,3.6e-06,3.6e-06,3.5e-06,3.5e-06,367998820.00,1774454399999,1291.96044932,12,16865725.00,59.72998674,0
2026-03-25 16:00:00,3.52e-06,3.56e-06,3.52e-06,3.54e-06,138930754.00,1774468799999,492.91826328,5,89623552.00,318.37076820,0
2026-03-25 20:00:00,3.51e-06,3.53e-06,3.51e-06,3.52e-06,524430109.00,1774483199999,1846.25230291,7,45281199.00,159.78565243,0
2026-03-26 00:00:00,3.51e-06,3.52e-06,3.51e-06,3.52e-06,472132948.00,1774497599999,1661.89369125,5,0.00,0.00000000,0
2026-03-26 04:00:00,3.49e-06,3.49e-06,3.43e-06,3.43e-06,7820151.00,1774511999999,26.99887478,5,3489239.00,12.11386445,0
2026-03-26 08:00:00,3.42e-06,3.42e-06,3.39e-06,3.39e-06,83306287.00,1774526399999,283.27003045,3,0.00,0.00000000,0
2026-03-26 12:00:00,3.41e-06,3.42e-06,3.38e-06,3.38e-06,17962707.00,1774540799999,60.98326118,4,2982788.00,10.20113496,0
2026-03-26 16:00:00,3.38e-06,3.39e-06,3.37e-06,3.39e-06,349845220.00,1774555199999,1179.31085288,6,15559506.00,52.74672534,0
2026-03-26 20:00:00,3.43e-06,3.43e-06,3.41e-06,3.41e-06,26606973.00,1774569599999,90.82977793,4,0.00,0.00000000,0
2026-03-27 00:00:00,3.41e-06,3.41e-06,3.41e-06,3.41e-06,5255618.00,1774583999999,17.92165738,1,0.00,0.00000000,0
2026-03-27 04:00:00,3.39e-06,3.4e-06,3.37e-06,3.4e-06,31552727.00,1774598399999,106.87151157,4,776704.00,2.64079360,0
2026-03-27 08:00:00,3.4e-06,3.4e-06,3.27e-06,3.27e-06,10855284800.00,1774612799999,36458.48514022,67,10023296.00,33.84720640,0
2026-03-27 12:00:00,3.28e-06,3.31e-06,3.28e-06,3.31e-06,11157511.00,1774627199999,36.83937912,3,9125104.00,30.17308416,0
2026-03-27 16:00:00,3.3e-06,3.3e-06,3.26e-06,3.28e-06,4511759842.00,1774641599999,14726.88389717,17,2844984130.00,9274.79826380,0
2026-03-27 20:00:00,3.3e-06,3.3e-06,3.28e-06,3.28e-06,53482456.00,1774655999999,175.76082426,4,38191936.00,125.60791866,0
2026-03-28 00:00:00,3.28e-06,3.29e-06,3.25e-06,3.25e-06,345879759.00,1774670399999,1129.62885869,12,25980583.00,85.42611807,0
2026-03-28 04:00:00,3.27e-06,3.31e-06,3.27e-06,3.31e-06,17784176.00,1774684799999,58.68895438,3,15837550.00,52.24562232,0
2026-03-28 08:00:00,3.34e-06,3.36e-06,3.34e-06,3.36e-06,27009517.00,1774699199999,90.30080756,3,7396827.00,24.79442296,0
2026-03-28 12:00:00,3.31e-06,3.39e-06,3.31e-06,3.37e-06,93233651.00,1774713599999,313.73130553,6,4607509.00,15.60283830,0
2026-03-28 16:00:00,3.37e-06,3.37e-06,3.37e-06,3.37e-06,0.00,1774727999999,0.00000000,0,0.00,0.00000000,0
2026-03-28 20:00:00,3.34e-06,3.34e-06,3.29e-06,3.29e-06,101283175.00,1774742399999,333.66652644,3,0.00,0.00000000,0
2026-03-29 00:00:00,3.3e-06,3.33e-06,3.3e-06,3.33e-06,113383942.00,1774756799999,376.59841900,7,101053789.00,335.78561257,0
2026-03-29 04:00:00,3.33e-06,3.33e-06,3.33e-06,3.33e-06,0.00,1774771199999,0.00000000,0,0.00,0.00000000,0
2026-03-29 08:00:00,3.33e-06,3.33e-06,3.33e-06,3.33e-06,0.00,1774785599999,0.00000000,0,0.00,0.00000000,0
2026-03-29 12:00:00,3.27e-06,3.27e-06,3.25e-06,3.25e-06,29250066.00,1774799999999,95.36842497,6,9375856.00,30.56529056,0
2026-03-29 16:00:00,3.25e-06,3.25e-06,3.25e-06,3.25e-06,5547183.00,1774814399999,18.02834475,1,0.00,0.00000000,0
2026-03-29 20:00:00,3.29e-06,3.29e-06,3.17e-06,3.28e-06,9575813702.00,1774828799999,30830.55689983,21,4716874490.00,15283.51246145,0
2026-03-30 00:00:00,3.29e-06,3.37e-06,3.29e-06,3.36e-06,6635759970.00,1774843199999,22043.70610144,16,4750488343.00,15782.33847978,0
2026-03-30 04:00:00,3.37e-06,3.39e-06,3.35e-06,3.39e-06,57015161.00,1774857599999,191.89893698,8,32535486.00,109.73842465,0
2026-03-30 08:00:00,3.39e-06,3.39e-06,3.39e-06,3.39e-06,0.00,1774871999999,0.00000000,0,0.00,0.00000000,0
2026-03-30 12:00:00,3.37e-06,3.37e-06,3.36e-06,3.37e-06,858886775.00,1774886399999,2885.93947261,10,830601372.00,2790.90051853,0
2026-03-30 16:00:00,3.39e-06,3.39e-06,3.32e-06,3.32e-06,30193607.00,1774900799999,100.31574667,3,27193229.00,90.35449171,0
2026-03-30 20:00:00,3.32e-06,3.33e-06,3.31e-06,3.33e-06,572289703.00,1774915199999,1903.05153151,9,30120482.00,100.00000024,0
2026-03-31 00:00:00,3.33e-06,3.39e-06,3.33e-06,3.39e-06,154269579.00,1774929599999,516.42026533,6,154269579.00,516.42026533,0
2026-03-31 04:00:00,3.37e-06,3.37e-06,3.35e-06,3.37e-06,27183600.00,1774943999999,91.53815214,4,22220288.00,74.88237056,0
2026-03-31 08:00:00,3.32e-06,3.32e-06,3.28e-06,3.31e-06,160023985.00,1774958399999,528.64363683,8,62564764.00,207.04468800,0
2026-03-31 12:00:00,3.33e-06,3.33e-06,3.31e-06,3.31e-06,6108318550.00,1774972799999,20340.65680286,43,0.00,0.00000000,0
2026-03-31 16:00:00,3.39e-06,3.41e-06,3.39e-06,3.39e-06,7307082705.00,1774987199999,24771.15685656,22,173625908.00,588.73831473,0
2026-03-31 20:00:00,3.43e-06,3.43e-06,3.38e-06,3.38e-06,4951890.00,1775001599999,16.81005560,2,4951890.00,16.81005560,0
2026-04-01 00:00:00,3.41e-06,3.41e-06,3.39e-06,3.39e-06,43143262.00,1775015999999,147.04577576,6,36564703.00,124.68563723,0
2026-04-01 04:00:00,3.43e-06,3.51e-06,3.42e-06,3.51e-06,86446635.00,1775030399999,301.79225817,9,56671177.00,198.01377088,0
2026-04-01 08:00:00,3.51e-06,3.51e-06,3.42e-06,3.44e-06,77798738.00,1775044799999,266.66368035,7,30498880.00,104.77989262,0
2026-04-01 12:00:00,3.45e-06,3.45e-06,3.45e-06,3.45e-06,18830720.00,1775059199999,64.96598400,3,4337967.00,14.96598615,0
2026-04-01 16:00:00,3.46e-06,3.51e-06,3.44e-06,3.44e-06,612608540.00,1775073599999,2149.54224215,14,601757700.00,2112.05064035,0
2026-04-01 20:00:00,3.47e-06,3.47e-06,3.4e-06,3.4e-06,2099588.00,1775087999999,7.23909043,2,1435589.00,4.98149383,0
2026-04-02 00:00:00,3.44e-06,3.44e-06,3.28e-06,3.31e-06,28318648990.00,1775102399999,94304.35797205,61,21908288017.00,72959.26536757,0
2026-04-02 04:00:00,3.28e-06,3.33e-06,3.27e-06,3.33e-06,976090890.00,1775116799999,3220.03505440,37,702662140.00,2323.50297033,0
2026-04-02 08:00:00,3.32e-06,3.32e-06,3.29e-06,3.29e-06,753656126.00,1775131199999,2493.22084244,28,669957534.00,2216.04524590,0
2026-04-02 12:00:00,3.29e-06,3.34e-06,3.27e-06,3.34e-06,1157143171.00,1775145599999,3831.43448287,51,936453167.00,3101.89817028,0
2026-04-02 16:00:00,3.33e-06,3.38e-06,3.31e-06,3.33e-06,891996701.00,1775159999999,2980.69461531,36,644938561.00,2156.57679494,0
2026-04-02 20:00:00,3.34e-06,3.35e-06,3.33e-06,3.34e-06,302373154.00,1775174399999,1008.62128944,15,298801896.00,996.72900030,0
2026-04-03 00:00:00,3.33e-06,3.37e-06,3.31e-06,3.37e-06,633774280.00,1775188799999,2125.58463070,28,332130870.00,1115.04806916,0
2026-04-03 04:00:00,3.38e-06,3.48e-06,3.36e-06,3.47e-06,1257979424.00,1775203199999,4325.08673244,44,901398587.00,3095.27592539,0
2026-04-03 08:00:00,3.46e-06,3.5e-06,3.46e-06,3.49e-06,1085481244.00,1775217599999,3778.76803275,44,1042242959.00,3628.87538222,0
2026-04-03 12:00:00,3.47e-06,3.49e-06,3.43e-06,3.44e-06,617054341.00,1775231999999,2141.77792217,29,383655330.00,1333.55284283,0
2026-04-03 16:00:00,3.43e-06,3.45e-06,3.41e-06,3.42e-06,418649631.00,1775246399999,1438.09670044,19,177344316.00,609.21289020,0
2026-04-03 20:00:00,3.42e-06,3.44e-06,3.41e-06,3.42e-06,267973566.00,1775260799999,917.34789268,12,180423768.00,617.34789813,0
2026-04-04 00:00:00,3.42e-06,3.42e-06,3.36e-06,3.38e-06,930144278.00,1775275199999,3153.17700390,25,101999147.00,343.74267970,0
2026-04-04 04:00:00,3.38e-06,3.38e-06,3.37e-06,3.37e-06,315401659.00,1775289599999,1064.69347391,16,226556473.00,764.69348113,0
2026-04-04 08:00:00,3.39e-06,3.4e-06,3.36e-06,3.37e-06,5934929438.00,1775303999999,20115.48164450,51,203579619.00,689.98568921,0
2026-04-04 12:00:00,3.36e-06,3.39e-06,3.35e-06,3.38e-06,1204467517.00,1775318399999,4040.92971027,22,1026267893.00,3443.83869073,0
2026-04-04 16:00:00,3.38e-06,3.45e-06,3.38e-06,3.42e-06,205575428.00,1775332799999,699.83120647,12,136031371.00,462.11523833,0
2026-04-04 20:00:00,3.41e-06,3.41e-06,3.39e-06,3.4e-06,333812778.00,1775347199999,1136.57405359,12,154899051.00,527.57775182,0
2026-04-05 00:00:00,3.38e-06,3.39e-06,3.38e-06,3.39e-06,3881285.00,1775361599999,13.12756336,2,882006.00,2.99000034,0
2026-04-05 04:00:00,3.38e-06,3.38e-06,3.32e-06,3.33e-06,78578028.00,1775375999999,263.21421511,6,5427249.00,18.14641517,0
2026-04-05 08:00:00,3.33e-06,3.33e-06,3.33e-06,3.33e-06,12446946.00,1775390399999,41.44833018,1,0.00,0.00000000,0
2026-04-05 12:00:00,3.3e-06,3.35e-06,3.3e-06,3.35e-06,723504390.00,1775404799999,2388.10863471,9,12277403.00,41.05957761,0
2026-04-05 16:00:00,3.33e-06,3.36e-06,3.32e-06,3.34e-06,48502175.00,1775419199999,161.50611250,4,19792747.00,66.16486318,0
2026-04-05 20:00:00,3.33e-06,3.45e-06,3.33e-06,3.45e-06,28858015.00,1775433599999,97.11882429,6,27996165.00,94.17129729,0
2026-04-06 00:00:00,3.49e-06,3.63e-06,3.49e-06,3.53e-06,16580583436.00,1775447999999,59434.08659381,333,14018701216.00,50387.40358624,0
2026-04-06 04:00:00,3.54e-06,3.55e-06,3.5e-06,3.5e-06,80459155.00,1775462399999,283.44028573,10,12514167.00,44.18586550,0
2026-04-06 08:00:00,3.49e-06,3.54e-06,3.49e-06,3.5e-06,94014648.00,1775476799999,330.74428439,8,41176438.00,145.33066256,0
2026-04-06 12:00:00,3.5e-06,3.5e-06,3.5e-06,3.5e-06,163843750.00,1775491199999,573.45312500,3,135288778.00,473.51072300,0
2026-04-06 16:00:00,3.48e-06,3.48e-06,3.45e-06,3.45e-06,360243376.00,1775505599999,1245.46200526,9,112085135.00,389.09626577,0
2026-04-06 20:00:00,3.44e-06,3.44e-06,3.32e-06,3.32e-06,15679480.00,1775519999999,53.00618596,7,3824464.00,12.96493296,0
2026-04-07 00:00:00,3.33e-06,3.35e-06,3.33e-06,3.33e-06,6882067.00,1775534399999,22.97843517,3,3057603.00,10.24297005,0
2026-04-07 04:00:00,3.34e-06,3.37e-06,3.34e-06,3.34e-06,7990183903.00,1775548799999,26846.78286430,63,153696503.00,516.43499950,0
2026-04-07 08:00:00,3.37e-06,3.41e-06,3.37e-06,3.41e-06,17157028.00,1775563199999,58.11666292,3,8909858.00,30.32370002,0
2026-04-07 12:00:00,3.34e-06,3.37e-06,3.32e-06,3.37e-06,45469619.00,1775577599999,152.17369758,6,31940332.00,107.25646474,0
2026-04-07 16:00:00,3.37e-06,3.45e-06,3.37e-06,3.45e-06,41488726.00,1775591999999,141.73818183,8,37732242.00,128.91913823,0
2026-04-07 20:00:00,3.49e-06,3.76e-06,3.49e-06,3.74e-06,8196059286.00,1775606399999,29513.92347213,453,8114625198.00,29223.69022010,0
2026-04-08 00:00:00,3.74e-06,3.74e-06,3.66e-06,3.71e-06,145282718.00,1775620799999,541.02226602,32,116627981.00,435.92882202,0
2026-04-08 04:00:00,3.72e-06,3.74e-06,3.68e-06,3.71e-06,54929534.00,1775635199999,204.51003947,8,49120861.00,183.01507523,0
2026-04-08 08:00:00,3.62e-06,3.64e-06,3.62e-06,3.64e-06,8535618.00,1775649599999,31.00958230,3,5532257.00,20.13741548,0
2026-04-08 12:00:00,3.61e-06,3.67e-06,3.61e-06,3.66e-06,275935510.00,1775663999999,1006.59383918,6,257129912.00,938.70563040,0
2026-04-08 16:00:00,3.57e-06,3.6e-06,3.54e-06,3.54e-06,6796546389.00,1775678399999,24398.41072736,59,5655916.00,20.19228354,0
2026-04-08 20:00:00,3.55e-06,3.58e-06,3.53e-06,3.55e-06,31175849.00,1775692799999,110.88916941,9,25603524.00,91.20280836,0
2026-04-09 00:00:00,3.55e-06,3.55e-06,3.5e-06,3.5e-06,72434442.00,1775707199999,254.58766650,6,20810219.00,73.83079825,0
2026-04-09 04:00:00,3.48e-06,3.49e-06,3.48e-06,3.49e-06,2288083.00,1775721599999,7.97109789,2,2288083.00,7.97109789,0
2026-04-09 08:00:00,3.46e-06,3.48e-06,3.44e-06,3.48e-06,5938043274.00,1775735999999,20427.92624588,50,44638538.00,154.42195404,0
2026-04-09 12:00:00,3.46e-06,3.53e-06,3.46e-06,3.53e-06,54075772.00,1775750399999,188.02730653,7,29559536.00,103.02841322,0
2026-04-09 16:00:00,3.49e-06,3.53e-06,3.49e-06,3.53e-06,9050426.00,1775764799999,31.81202646,2,9050426.00,31.81202646,0
2026-04-09 20:00:00,3.54e-06,3.67e-06,3.54e-06,3.56e-06,750994610.00,1775779199999,2705.41274080,18,23865825.00,86.33721010,0
2026-04-10 00:00:00,3.5e-06,3.5e-06,3.49e-06,3.5e-06,41327916.00,1775793599999,144.63103934,5,36655663.00,128.29482050,0
2026-04-10 04:00:00,3.52e-06,3.55e-06,3.49e-06,3.49e-06,64409746.00,1775807999999,226.99723803,9,17747724.00,62.58415214,0
2026-04-10 08:00:00,3.49e-06,3.51e-06,3.47e-06,3.47e-06,59027439.00,1775822399999,206.44857425,4,41858492.00,146.63749038,0
2026-04-10 12:00:00,3.55e-06,3.59e-06,3.54e-06,3.55e-06,498004954.00,1775836799999,1787.56870867,8,4917563.00,17.53163778,0
2026-04-10 16:00:00,3.6e-06,3.71e-06,3.57e-06,3.71e-06,1691076517.00,1775851199999,6087.07851473,30,1514899104.00,5453.66486545,0
2026-04-10 20:00:00,3.64e-06,3.65e-06,3.64e-06,3.64e-06,1236803034.00,1775865599999,4501.99035337,11,1231308529.00,4481.99035517,0
2026-04-11 00:00:00,3.62e-06,3.63e-06,3.59e-06,3.59e-06,494398332.00,1775879999999,1792.25204288,11,61659826.00,221.48782555,0
2026-04-11 04:00:00,3.6e-06,3.6e-06,3.57e-06,3.57e-06,15277265.00,1775894399999,54.58131945,2,1382780.00,4.97800800,0
2026-04-11 08:00:00,3.59e-06,3.59e-06,3.58e-06,3.58e-06,10954425.00,1775908799999,39.31251804,2,1386771.00,4.96464018,0
2026-04-11 12:00:00,3.56e-06,3.57e-06,3.56e-06,3.56e-06,12841824.00,1775923199999,45.72526712,3,9837368.00,35.02940376,0
2026-04-11 16:00:00,3.64e-06,3.76e-06,3.59e-06,3.76e-06,615114657.00,1775937599999,2293.14465856,20,609192640.00,2271.66571649,0
2026-04-11 20:00:00,3.8e-06,3.86e-06,3.63e-06,3.63e-06,7271598429.00,1775951999999,27634.31030041,213,7093931843.00,26977.13141957,0
2026-04-12 00:00:00,3.62e-06,3.65e-06,3.49e-06,3.49e-06,2975669026.00,1775966399999,10419.92303148,32,64923332.00,228.86865248,0
2026-04-12 04:00:00,3.5e-06,3.5e-06,3.5e-06,3.5e-06,1422430.00,1775980799999,4.97850500,1,1422430.00,4.97850500,0
2026-04-12 08:00:00,3.49e-06,3.51e-06,3.49e-06,3.51e-06,19421072.00,1775995199999,67.92153576,2,7099724.00,24.92003124,0
2026-04-12 12:00:00,3.47e-06,3.47e-06,3.43e-06,3.47e-06,12395059.00,1776009599999,42.88088030,5,8396144.00,29.13461968,0
2026-04-12 16:00:00,3.45e-06,3.51e-06,3.44e-06,3.51e-06,930411441.00,1776023999999,3203.49274288,7,30453377.00,106.34120149,0
2026-04-12 20:00:00,3.49e-06,3.49e-06,3.45e-06,3.45e-06,43336208.00,1776038399999,150.49821932,5,0.00,0.00000000,0
2026-04-13 00:00:00,3.51e-06,3.51e-06,3.5e-06,3.5e-06,9754490.00,1776052799999,34.20051705,2,9754490.00,34.20051705,0
2026-04-13 04:00:00,3.48e-06,3.48e-06,3.46e-06,3.46e-06,5182244.00,1776067199999,17.95917634,2,1430605.00,4.97850540,0
2026-04-13 08:00:00,3.47e-06,3.47e-06,3.47e-06,3.47e-06,25892584.00,1776081599999,89.84726648,3,0.00,0.00000000,0
2026-04-13 12:00:00,3.51e-06,3.51e-06,3.51e-06,3.51e-06,4800000.00,1776095999999,16.84800000,1,0.00,0.00000000,0
2026-04-13 16:00:00,3.52e-06,3.58e-06,3.48e-06,3.58e-06,65128266.00,1776110399999,228.03624360,14,7528266.00,26.67624360,0
2026-04-13 20:00:00,3.64e-06,3.76e-06,3.57e-06,3.76e-06,267170740.00,1776124799999,970.31599847,16,198105376.00,723.10852469,0
2026-04-14 00:00:00,3.74e-06,3.74e-06,3.69e-06,3.73e-06,83482203.00,1776139199999,309.09057706,9,13268306.00,49.56975457,0
2026-04-14 04:00:00,3.71e-06,3.71e-06,3.68e-06,3.68e-06,11050290.00,1776153599999,40.87952573,3,8047987.00,29.83105069,0
2026-04-14 08:00:00,3.68e-06,3.68e-06,3.68e-06,3.68e-06,6963256.00,1776167999999,25.62478208,1,0.00,0.00000000,0
2026-04-14 12:00:00,3.7e-06,3.76e-06,3.68e-06,3.68e-06,80300978.00,1776182399999,300.35321952,7,77298676.00,289.30474816,0
2026-04-14 16:00:00,3.66e-06,3.66e-06,3.54e-06,3.57e-06,299764956.00,1776196799999,1079.11348813,10,14164871.00,50.79314280,0
2026-04-14 20:00:00,3.56e-06,3.56e-06,3.56e-06,3.56e-06,641420264.00,1776211199999,2283.45613984,2,0.00,0.00000000,0
2026-04-15 00:00:00,3.61e-06,3.61e-06,3.56e-06,3.6e-06,537556269.00,1776225599999,1935.15186324,7,6338354.00,22.87315736,0
2026-04-15 04:00:00,3.59e-06,3.59e-06,3.53e-06,3.53e-06,114450898.00,1776239999999,410.76124378,3,5570398.00,19.94202484,0
2026-04-15 08:00:00,3.58e-06,3.58e-06,3.55e-06,3.55e-06,33503525.00,1776254399999,119.20059293,4,1699716.00,6.08498328,0
2026-04-15 12:00:00,3.64e-06,3.67e-06,3.6e-06,3.67e-06,66225524.00,1776268799999,240.43977261,6,37863961.00,136.43706238,0
2026-04-15 16:00:00,3.65e-06,3.79e-06,3.65e-06,3.79e-06,92092007.00,1776283199999,345.21330448,16,63962229.00,241.67893397,0
2026-04-15 20:00:00,3.72e-06,3.78e-06,3.7e-06,3.78e-06,14561544.00,1776297599999,54.17351042,8,801448.00,3.02947344,0
2026-04-16 00:00:00,3.77e-06,4.09e-06,3.77e-06,3.95e-06,1070387296.00,1776311999999,4167.83715290,31,1052307093.00,4097.10587726,0
2026-04-16 04:00:00,3.97e-06,4.09e-06,3.82e-06,3.82e-06,1744295513.00,1776326399999,6842.62736732,31,611092041.00,2467.07969440,0
2026-04-16 08:00:00,3.86e-06,3.86e-06,3.74e-06,3.78e-06,2737991454.00,1776340799999,10511.33969481,37,2591293998.00,9949.81968987,0
2026-04-16 12:00:00,3.82e-06,4.09e-06,3.74e-06,3.82e-06,627277439.00,1776355199999,2444.72576751,27,587707338.00,2293.40014291,0
2026-04-16 16:00:00,3.87e-06,4.03e-06,3.84e-06,4.03e-06,145083362.00,1776369599999,567.44744124,18,58611270.00,230.18633336,0
2026-04-16 20:00:00,4.03e-06,4.03e-06,3.96e-06,3.99e-06,824529830.00,1776383999999,3290.65120843,16,276061266.00,1102.97201455,0
2026-04-17 00:00:00,3.97e-06,4e-06,3.92e-06,3.92e-06,212145497.00,1776398399999,834.76945554,12,33977918.00,135.07315754,0
2026-04-17 04:00:00,3.91e-06,3.91e-06,3.85e-06,3.89e-06,401782600.00,1776412799999,1556.04400952,12,103652649.00,401.78688875,0
2026-04-17 08:00:00,3.9e-06,3.94e-06,3.9e-06,3.94e-06,26874469.00,1776427199999,104.92826062,3,13091387.00,51.17424082,0
2026-04-17 12:00:00,3.93e-06,4.09e-06,3.93e-06,4.06e-06,453133124.00,1776441599999,1818.25573596,18,202832158.00,819.96033422,0
2026-04-17 16:00:00,4.06e-06,4.09e-06,4.02e-06,4.05e-06,403030389.00,1776455999999,1632.84097438,8,2217640.00,8.98880359,0
2026-04-17 20:00:00,4.02e-06,4.04e-06,3.97e-06,3.97e-06,193809886.00,1776470399999,774.00392642,12,167017809.00,666.41997172,0
2026-04-18 00:00:00,3.94e-06,3.99e-06,3.92e-06,3.92e-06,337591760.00,1776484799999,1344.33396657,6,315559188.00,1257.62805995,0
2026-04-18 04:00:00,3.93e-06,3.97e-06,3.93e-06,3.97e-06,31460018.00,1776499199999,124.64260710,2,31460018.00,124.64260710,0
2026-04-18 08:00:00,3.97e-06,3.97e-06,3.85e-06,3.85e-06,310930435.00,1776513599999,1210.88566862,8,63770526.00,249.38802432,0
2026-04-18 12:00:00,3.8e-06,3.85e-06,3.8e-06,3.81e-06,107151001.00,1776527999999,409.01106093,7,15623928.00,60.04549028,0
2026-04-18 16:00:00,3.82e-06,3.82e-06,3.77e-06,3.77e-06,5591587110.00,1776542399999,21358.11513948,48,5589612113.00,21350.58040091,0
2026-04-18 20:00:00,3.78e-06,3.8e-06,3.78e-06,3.79e-06,142895609.00,1776556799999,540.23888767,6,134973266.00,510.26057704,0
2026-04-19 00:00:00,3.77e-06,3.77e-06,3.74e-06,3.76e-06,20691395.00,1776571199999,77.86284120,6,16165112.00,60.88879263,0
2026-04-19 04:00:00,3.77e-06,3.77e-06,3.76e-06,3.76e-06,37867114.00,1776585599999,142.48056194,4,30672911.00,115.37171450,0
2026-04-19 08:00:00,3.73e-06,3.73e-06,3.71e-06,3.71e-06,33551835.00,1776599999999,124.53073957,3,2671586.00,9.96501578,0
2026-04-19 12:00:00,3.78e-06,3.82e-06,3.74e-06,3.74e-06,22081648.00,1776614399999,83.22640988,5,11080371.00,42.00163390,0
2026-04-19 16:00:00,3.81e-06,3.81e-06,3.7e-06,3.73e-06,214869435.00,1776628799999,796.76418544,65,39120313.00,145.59815190,0
2026-04-19 20:00:00,3.7e-06,3.7e-06,3.64e-06,3.64e-06,88712495.00,1776643199999,323.73500857,8,80380482.00,292.96660651,0
2026-04-20 00:00:00,3.68e-06,3.71e-06,3.68e-06,3.69e-06,57645325.00,1776657599999,213.63139281,4,54953227.00,203.72447217,0
2026-04-20 04:00:00,3.7e-06,3.76e-06,3.69e-06,3.76e-06,274998873.00,1776671999999,1019.19932592,9,19910906.00,73.87906516,0
2026-04-20 08:00:00,3.76e-06,3.77e-06,3.76e-06,3.77e-06,14447163.00,1776686399999,54.34792862,2,2659574.00,10.02659398,0
2026-04-20 12:00:00,3.76e-06,3.76e-06,3.76e-06,3.76e-06,28337766.00,1776700799999,106.55000016,2,1605758.00,6.03765008,0
2026-04-20 16:00:00,3.79e-06,3.82e-06,3.76e-06,3.81e-06,14411129.00,1776715199999,54.83721219,5,10109978.00,38.53270358,0
2026-04-20 20:00:00,3.82e-06,3.82e-06,3.82e-06,3.82e-06,1303013.00,1776729599999,4.97750966,1,1303013.00,4.97750966,0
2026-04-21 00:00:00,3.74e-06,3.75e-06,3.74e-06,3.75e-06,260413707.00,1776743999999,976.11670275,4,0.00,0.00000000,0
2026-04-21 04:00:00,3.75e-06,3.8e-06,3.75e-06,3.79e-06,58612686.00,1776758399999,221.97749425,7,55830652.00,211.48922607,0
2026-04-21 08:00:00,3.79e-06,3.82e-06,3.79e-06,3.81e-06,49796002.00,1776772799999,188.86767504,3,2945788.00,11.25291016,0
2026-04-21 12:00:00,3.81e-06,3.81e-06,3.8e-06,3.8e-06,575880047.00,1776787199999,2188.34817936,6,400076.00,1.52428956,0
2026-04-21 16:00:00,3.82e-06,3.82e-06,3.73e-06,3.77e-06,47101848.00,1776801599999,176.22380202,7,34789634.00,130.26923103,0
2026-04-21 20:00:00,3.75e-06,3.8e-06,3.75e-06,3.8e-06,15016713.00,1776815999999,56.61688770,3,2604279.00,9.89626020,0
2026-04-22 00:00:00,3.82e-06,3.94e-06,3.81e-06,3.94e-06,393997602.00,1776830399999,1544.09333053,13,372562423.00,1461.32187726,0
2026-04-22 04:00:00,3.86e-06,3.9e-06,3.84e-06,3.9e-06,29270639.00,1776844799999,113.34503621,5,7677952.00,29.89286918,0
2026-04-22 08:00:00,3.92e-06,3.96e-06,3.92e-06,3.96e-06,343123924.00,1776859199999,1355.50730111,7,322413006.00,1273.49206583,0
2026-04-22 12:00:00,3.92e-06,3.94e-06,3.9e-06,3.91e-06,5005132083.00,1776873599999,19620.34692706,48,138570685.00,543.46262363,0
2026-04-22 16:00:00,3.91e-06,3.91e-06,3.84e-06,3.84e-06,14153846.00,1776887999999,54.81233402,4,5734694.00,22.42265354,0
2026-04-22 20:00:00,3.9e-06,3.9e-06,3.77e-06,3.8e-06,97131717.00,1776902399999,377.14851781,10,88011743.00,342.52945821,0
2026-04-23 00:00:00,3.79e-06,3.79e-06,3.74e-06,3.74e-06,36714908.00,1776916799999,138.90306132,5,31306108.00,118.65014932,0
2026-04-23 04:00:00,3.77e-06,3.82e-06,3.77e-06,3.79e-06,143917396.00,1776931199999,545.52454430,6,9736212.00,36.95879642,0
2026-04-23 08:00:00,3.8e-06,3.8e-06,3.74e-06,3.78e-06,58793853.00,1776945599999,220.99493444,8,42677121.00,160.71835676,0
2026-04-23 12:00:00,3.79e-06,3.83e-06,3.79e-06,3.83e-06,6452025714.00,1776959999999,24453.30777274,79,8207536.00,31.19493508,0
2026-04-23 16:00:00,3.85e-06,3.85e-06,3.74e-06,3.76e-06,18476733.00,1776974399999,69.54428399,7,776313.00,2.98880505,0
2026-04-23 20:00:00,3.81e-06,3.83e-06,3.81e-06,3.81e-06,16645068.00,1776988799999,63.55813300,4,8494090.00,32.50290682,0
2026-04-24 00:00:00,3.88e-06,3.88e-06,3.87e-06,3.87e-06,25731678.00,1777003199999,99.71041826,3,25731678.00,99.71041826,0
2026-04-24 04:00:00,3.82e-06,3.82e-06,3.79e-06,3.79e-06,160391660.00,1777017599999,608.48281364,6,2635335.00,10.06697970,0
2026-04-24 08:00:00,3.8e-06,3.84e-06,3.8e-06,3.84e-06,46908983.00,1777031999999,178.72195556,3,1100870.00,4.22734080,0
2026-04-24 12:00:00,3.88e-06,3.88e-06,3.84e-06,3.86e-06,466053280.00,1777046399999,1789.92297932,7,244756423.00,940.14304844,0
2026-04-24 16:00:00,3.84e-06,3.89e-06,3.84e-06,3.89e-06,91486798.00,1777060799999,352.70373064,5,7059936.00,27.41177470,0
2026-04-24 20:00:00,3.9e-06,3.9e-06,3.87e-06,3.87e-06,6456261666.00,1777075199999,25175.44501532,89,6386483271.00,24904.75663184,0
2026-04-25 00:00:00,3.86e-06,3.88e-06,3.86e-06,3.86e-06,137356207.00,1777089599999,532.79856386,5,2582127.00,9.96701022,0
2026-04-25 04:00:00,3.89e-06,3.89e-06,3.86e-06,3.87e-06,50214181.00,1777103999999,195.04325952,11,41560571.00,161.59330161,0
2026-04-25 08:00:00,3.86e-06,3.86e-06,3.86e-06,3.86e-06,12450693.00,1777118399999,48.05967498,1,0.00,0.00000000,0
2026-04-25 12:00:00,3.84e-06,3.85e-06,3.84e-06,3.84e-06,4588822.00,1777132799999,17.62884038,3,776390.00,2.98910150,0
2026-04-25 16:00:00,3.82e-06,3.82e-06,3.8e-06,3.81e-06,749111954.00,1777147199999,2854.63962832,12,744849622.00,2838.43440320,0
2026-04-25 20:00:00,3.82e-06,3.85e-06,3.82e-06,3.84e-06,166988394.00,1777161599999,641.12664818,9,18014701.00,69.10895424,0
2026-04-26 00:00:00,3.84e-06,3.84e-06,3.84e-06,3.84e-06,2595316.00,1777175999999,9.96601344,1,2595316.00,9.96601344,0
2026-04-26 04:00:00,3.82e-06,3.89e-06,3.82e-06,3.89e-06,5676523.00,1777190399999,21.98011386,7,5064660.00,19.64279720,0
2026-04-26 08:00:00,3.88e-06,3.95e-06,3.88e-06,3.92e-06,33528559.00,1777204799999,130.66280868,8,6320211.00,24.91028501,0
2026-04-26 12:00:00,3.91e-06,3.92e-06,3.89e-06,3.9e-06,49783308.00,1777219199999,194.47372495,10,21117768.00,82.49620830,0
2026-04-26 16:00:00,3.91e-06,3.92e-06,3.91e-06,3.92e-06,13944848.00,1777233599999,54.52741690,2,306122.00,1.19999824,0
2026-04-26 20:00:00,3.93e-06,3.94e-06,3.85e-06,3.91e-06,312208532.00,1777247999999,1222.36670832,36,122663878.00,482.47527955,0
2026-04-27 00:00:00,3.9e-06,4.01e-06,3.9e-06,4e-06,1774405500.00,1777262399999,7029.84910798,36,119268506.00,473.59116235,0
2026-04-27 04:00:00,3.99e-06,3.99e-06,3.84e-06,3.84e-06,66023140.00,1777276799999,256.60835345,12,11278195.00,44.99999805,0
2026-04-27 08:00:00,3.84e-06,3.84e-06,3.84e-06,3.84e-06,17883833.00,1777291199999,68.67391872,1,17883833.00,68.67391872,0
2026-04-27 12:00:00,3.84e-06,3.89e-06,3.77e-06,3.8e-06,441114711.00,1777305599999,1672.21183974,20,6538376.00,25.09303159,0
2026-04-27 16:00:00,3.79e-06,3.82e-06,3.78e-06,3.82e-06,201625112.00,1777319999999,762.17590152,5,1625112.00,6.17590152,0
2026-04-27 20:00:00,3.81e-06,3.92e-06,3.81e-06,3.9e-06,1277709323.00,1777334399999,4872.60356767,18,97148366.00,374.42089254,0
2026-04-28 00:00:00,3.91e-06,3.91e-06,3.85e-06,3.85e-06,61773495.00,1777348799999,238.74985364,9,10426598.00,40.76799818,0
2026-04-28 04:00:00,3.87e-06,3.89e-06,3.84e-06,3.86e-06,53747660.00,1777363199999,207.70612155,9,40297526.00,155.66664825,0
2026-04-28 08:00:00,3.87e-06,3.87e-06,3.82e-06,3.82e-06,45261345.00,1777377599999,173.71667778,5,418176.00,1.61834112,0
2026-04-28 12:00:00,3.84e-06,3.85e-06,3.83e-06,3.85e-06,7216664.00,1777391999999,27.77382266,3,6909065.00,26.59571849,0
2026-04-28 16:00:00,3.87e-06,3.9e-06,3.87e-06,3.9e-06,3471196.00,1777406399999,13.51033407,4,1189795.00,4.61287017,0
2026-04-28 20:00:00,3.88e-06,3.89e-06,3.87e-06,3.89e-06,53938430.00,1777420799999,208.77632688,4,418176.00,1.62670464,0
2026-04-29 00:00:00,3.87e-06,3.9e-06,3.87e-06,3.9e-06,7737281.00,1777435199999,30.01580484,4,2556971.00,9.96800514,0
2026-04-29 04:00:00,3.91e-06,3.95e-06,3.91e-06,3.93e-06,164238676.00,1777449599999,646.96070805,15,142233068.00,560.48703213,0
2026-04-29 08:00:00,3.96e-06,4.14e-06,3.96e-06,4.11e-06,477805889.00,1777463999999,1955.96883641,27,159971488.00,654.40085125,0
2026-04-29 12:00:00,4.05e-06,4.05e-06,3.82e-06,3.82e-06,1974748960.00,1777478399999,7648.25305823,35,2518180.00,9.97199280,0
2026-04-29 16:00:00,3.83e-06,3.87e-06,3.74e-06,3.78e-06,238774352.00,1777492799999,909.23284282,25,102546063.00,392.83157923,0
2026-04-29 20:00:00,3.8e-06,3.97e-06,3.8e-06,3.85e-06,515630503.00,1777507199999,2014.69937577,25,506956143.00,1981.47463161,0
2026-04-30 00:00:00,3.86e-06,3.94e-06,3.84e-06,3.87e-06,125815042.00,1777521599999,492.29401752,28,79940838.00,313.44501893,0
2026-04-30 04:00:00,3.84e-06,3.93e-06,3.82e-06,3.91e-06,386602965.00,1777535999999,1481.76745688,20,87350621.00,337.41935394,0
2026-04-30 08:00:00,3.91e-06,3.94e-06,3.9e-06,3.91e-06,36260396.00,1777550399999,142.51405632,6,27358254.00,107.78733900,0
2026-04-30 12:00:00,3.89e-06,3.89e-06,3.86e-06,3.89e-06,76789080.00,1777564799999,298.33114796,7,26134654.00,101.40663928,0
2026-04-30 16:00:00,3.89e-06,3.9e-06,3.87e-06,3.89e-06,5000877.00,1777579199999,19.45541477,5,4582701.00,17.83707365,0
2026-04-30 20:00:00,3.89e-06,3.89e-06,3.87e-06,3.87e-06,53287982.00,1777593599999,206.27590422,3,2570694.00,9.99999966,0
2026-05-01 00:00:00,3.89e-06,3.98e-06,3.89e-06,3.96e-06,314531855.00,1777607999999,1247.76514411,19,299227085.00,1187.27125999,0
2026-05-01 04:00:00,3.96e-06,3.96e-06,3.93e-06,3.93e-06,10945953.00,1777622399999,43.33342860,2,10527777.00,41.68999692,0
2026-05-01 08:00:00,3.91e-06,3.93e-06,3.91e-06,3.93e-06,33782975.00,1777636799999,132.19100129,8,4978452.00,19.56531636,0
2026-05-01 12:00:00,3.96e-06,4.03e-06,3.91e-06,4e-06,67865181.00,1777651199999,270.76382800,31,28969598.00,115.92693953,0
2026-05-01 16:00:00,4.01e-06,4.01e-06,3.97e-06,3.99e-06,134063609.00,1777665599999,534.91212657,22,111719802.00,445.98484295,0
2026-05-01 20:00:00,3.96e-06,3.99e-06,3.92e-06,3.94e-06,415233722.00,1777679999999,1636.87729499,17,63844414.00,254.13904989,0
2026-05-02 00:00:00,3.93e-06,3.95e-06,3.93e-06,3.94e-06,6908075.00,1777694399999,27.21247207,8,5310442.00,20.93377438,0
2026-05-02 04:00:00,3.91e-06,3.94e-06,3.9e-06,3.94e-06,10424978.00,1777708799999,40.83736988,8,3556249.00,13.99132678,0
2026-05-02 08:00:00,3.93e-06,3.93e-06,3.93e-06,3.93e-06,14422700.00,1777723199999,56.68121100,2,5075423.00,19.94641239,0
2026-05-02 12:00:00,3.96e-06,3.99e-06,3.96e-06,3.99e-06,146704383.00,1777737599999,581.35456882,7,146704383.00,581.35456882,0
2026-05-02 16:00:00,3.99e-06,4.01e-06,3.96e-06,3.97e-06,4598255.00,1777751999999,18.32942511,8,2893000.00,11.55956276,0
2026-05-02 20:00:00,3.99e-06,4e-06,3.97e-06,4e-06,105395272.00,1777766399999,420.58545995,6,93841793.00,374.67813063,0
2026-05-03 00:00:00,4e-06,4e-06,3.93e-06,3.93e-06,53364705.00,1777780799999,210.51806421,7,29116116.00,115.18765536,0
2026-05-03 04:00:00,3.94e-06,3.95e-06,3.93e-06,3.95e-06,59494564.00,1777795199999,233.92752708,3,8857917.00,34.92550437,0
2026-05-03 08:00:00,3.92e-06,3.96e-06,3.92e-06,3.96e-06,24334663.00,1777809599999,95.40860600,3,418176.00,1.65597696,0
2026-05-03 12:00:00,3.96e-06,3.96e-06,3.96e-06,3.96e-06,0.00,1777823999999,0.00000000,0,0.00,0.00000000,0
2026-05-03 16:00:00,3.97e-06,3.98e-06,3.94e-06,3.98e-06,256487310.00,1777838399999,1018.28733312,6,252604737.00,1002.98999550,0
2026-05-03 20:00:00,3.99e-06,4e-06,3.95e-06,3.96e-06,673840882.00,1777852799999,2683.22330968,12,672586354.00,2678.24701528,0
2026-05-04 00:00:00,3.93e-06,4.09e-06,3.93e-06,4.04e-06,8861219021.00,1777867199999,35652.90239767,75,2275994932.00,9267.27442965,0
2026-05-04 04:00:00,4.09e-06,4.11e-06,4.05e-06,4.05e-06,114764313.00,1777881599999,466.57038375,4,24270073.00,99.75000003,0
2026-05-04 08:00:00,3.99e-06,3.99e-06,3.96e-06,3.97e-06,242551324.00,1777895999999,967.65831783,7,235180965.00,938.36786859,0
2026-05-04 12:00:00,3.98e-06,4.07e-06,3.98e-06,4e-06,131114445.00,1777910399999,527.87465909,13,45146437.00,182.43721705,0
2026-05-04 16:00:00,3.98e-06,4.07e-06,3.98e-06,4.05e-06,59533786.00,1777924799999,241.27115288,11,39248064.00,158.94457564,0
2026-05-04 20:00:00,3.99e-06,4.03e-06,3.98e-06,3.99e-06,31394380.00,1777939199999,125.50318683,6,18159759.00,72.73135481,0
2026-05-05 00:00:00,3.98e-06,4.04e-06,3.98e-06,4.04e-06,24584457.00,1777953599999,98.14891481,6,4277693.00,17.26515268,0
2026-05-05 04:00:00,4.03e-06,4.1e-06,4.02e-06,4.09e-06,341950057.00,1777967999999,1393.73562323,23,286962899.00,1171.15274171,0
2026-05-05 08:00:00,4.07e-06,4.1e-06,4.05e-06,4.05e-06,221887168.00,1777982399999,902.21415924,8,3439446.00,14.06172148,0
2026-05-05 12:00:00,4.08e-06,4.14e-06,4.08e-06,4.1e-06,273929061.00,1777996799999,1125.27485124,21,217167990.00,892.63896915,0
2026-05-05 16:00:00,4.1e-06,4.1e-06,4.08e-06,4.1e-06,26233121.00,1778011199999,107.06560004,3,1723318.00,7.06560380,0
2026-05-05 20:00:00,4.13e-06,4.21e-06,4.07e-06,4.1e-06,8134993455.00,1778025599999,33758.52459863,50,5087377792.00,21117.35956616,0
2026-05-06 00:00:00,4.1e-06,4.23e-06,4.1e-06,4.2e-06,347762638.00,1778039999999,1447.18935886,27,251433902.00,1049.36819818,0
2026-05-06 04:00:00,4.23e-06,4.23e-06,4.21e-06,4.21e-06,120612682.00,1778054399999,510.14345740,2,118203309.00,499.99999707,0
2026-05-06 08:00:00,4.22e-06,4.29e-06,4.22e-06,4.24e-06,5533707720.00,1778068799999,23624.48284955,42,1118369696.00,4774.63798374,0
2026-05-06 12:00:00,4.25e-06,4.25e-06,4.12e-06,4.14e-06,61289657.00,1778083199999,255.24352512,13,40225270.00,166.58270898,0
2026-05-06 16:00:00,4.17e-06,4.17e-06,4.13e-06,4.15e-06,172454050.00,1778097599999,715.88738363,12,149981976.00,622.71499115,0
2026-05-06 20:00:00,4.15e-06,4.19e-06,4.14e-06,4.16e-06,119536485.00,1778111999999,498.80857682,13,102176223.00,426.83470908,0
2026-05-07 00:00:00,4.14e-06,4.14e-06,4.08e-06,4.09e-06,212556501.00,1778126399999,869.65422526,25,40028859.00,164.90324224,0
2026-05-07 04:00:00,4.09e-06,4.24e-06,4.09e-06,4.24e-06,91723643.00,1778140799999,382.05711192,20,23375216.00,98.42674916,0
2026-05-07 08:00:00,4.24e-06,4.24e-06,4.18e-06,4.18e-06,21988593.00,1778155199999,92.40047019,4,7702830.00,32.65999920,0
2026-05-07 12:00:00,4.21e-06,4.27e-06,4.11e-06,4.15e-06,169948750.00,1778169599999,721.30334238,26,140036355.00,595.32223850,0
2026-05-07 16:00:00,4.11e-06,4.19e-06,4.11e-06,4.16e-06,239335300.00,1778183999999,995.93980159,16,157760613.00,656.63552601,0
2026-05-07 20:00:00,4.14e-06,4.16e-06,4.14e-06,4.16e-06,51618586.00,1778198399999,213.71414078,3,50958849.00,210.98282960,0
2026-05-08 00:00:00,4.14e-06,4.15e-06,4.11e-06,4.15e-06,79701259.00,1778212799999,328.88231328,8,34904656.00,143.87903656,0
2026-05-08 04:00:00,4.15e-06,4.16e-06,4.1e-06,4.12e-06,97331684.00,1778227199999,402.88475420,36,53495361.00,222.01073652,0
2026-05-08 08:00:00,4.16e-06,4.21e-06,4.16e-06,4.2e-06,122475450.00,1778241599999,512.54335313,39,67949812.00,284.89201785,0
2026-05-08 12:00:00,4.2e-06,4.29e-06,4.16e-06,4.29e-06,1406121218.00,1778255999999,5895.91092197,43,1385225835.00,5808.06359605,0
2026-05-08 16:00:00,4.29e-06,4.37e-06,4.23e-06,4.32e-06,442884711.00,1778270399999,1916.08577410,50,239750761.00,1042.12902816,0
2026-05-08 20:00:00,4.33e-06,4.35e-06,4.29e-06,4.31e-06,2193184031.00,1778284799999,9537.95444908,20,1369991954.00,5959.40266242,0
2026-05-09 00:00:00,4.33e-06,4.36e-06,4.32e-06,4.35e-06,224353318.00,1778299199999,976.09667525,15,87669435.00,381.75417770,0
2026-05-09 04:00:00,4.36e-06,4.36e-06,4.31e-06,4.33e-06,14608281.00,1778313599999,63.54861478,8,10281089.00,44.80022871,0
2026-05-09 08:00:00,4.31e-06,4.31e-06,4.28e-06,4.31e-06,18424734.00,1778327999999,78.97318458,7,636669.00,2.74404339,0
2026-05-09 12:00:00,4.3e-06,4.3e-06,4.25e-06,4.26e-06,65791279.00,1778342399999,280.81898997,11,29235465.00,125.25430672,0
2026-05-09 16:00:00,4.24e-06,4.29e-06,4.23e-06,4.29e-06,718644161.00,1778356799999,3041.20070109,8,12968858.00,55.58893715,0
2026-05-09 20:00:00,4.28e-06,4.28e-06,4.23e-06,4.23e-06,143221331.00,1778371199999,608.08790265,8,7238696.00,30.93916606,0
2026-05-10 00:00:00,4.24e-06,4.24e-06,4.2e-06,4.24e-06,2120248604.00,1778385599999,8906.20779348,36,1976007149.00,8299.91326117,0
2026-05-10 04:00:00,4.25e-06,4.25e-06,4.22e-06,4.24e-06,22567347.00,1778399999999,95.52436747,5,13570826.00,57.55904885,0
2026-05-10 08:00:00,4.26e-06,4.26e-06,4.25e-06,4.25e-06,27363821.00,1778414399999,116.49995359,4,644177.00,2.74419402,0
2026-05-10 12:00:00,4.29e-06,4.32e-06,4.28e-06,4.32e-06,40826245.00,1778428799999,175.77045128,5,27993099.00,120.84458640,0
2026-05-10 16:00:00,4.33e-06,4.57e-06,4.32e-06,4.48e-06,12931039735.00,1778443199999,58525.02961308,125,12834088790.00,58092.45997950,0
2026-05-10 20:00:00,4.51e-06,4.51e-06,4.29e-06,4.42e-06,334765152.00,1778457599999,1473.38167388,45,125900240.00,556.02593891,0
2026-05-11 00:00:00,4.4e-06,4.4e-06,4.28e-06,4.28e-06,147850752.00,1778471999999,640.11179408,33,116405723.00,503.49307122,0
2026-05-11 04:00:00,4.29e-06,4.34e-06,4.29e-06,4.3e-06,435482742.00,1778486399999,1886.45466616,15,357421418.00,1551.04702680,0
2026-05-11 08:00:00,4.32e-06,4.36e-06,4.31e-06,4.32e-06,57196262.00,1778500799999,248.02853350,16,33141397.00,144.05629033,0
2026-05-11 12:00:00,4.33e-06,4.35e-06,4.26e-06,4.34e-06,7280269893.00,1778515199999,31307.57472411,93,76831740.00,333.28701944,0
2026-05-11 16:00:00,4.35e-06,4.37e-06,4.35e-06,4.37e-06,7803629.00,1778529599999,33.99847793,7,6800278.00,29.61383406,0
2026-05-11 20:00:00,4.38e-06,4.38e-06,4.35e-06,4.35e-06,13644903.00,1778543999999,59.53119310,7,11431874.00,49.90451695,0
2026-05-12 00:00:00,4.33e-06,4.33e-06,4.25e-06,4.3e-06,191323907.00,1778558399999,818.70410689,21,16708797.00,71.67827871,0
2026-05-12 04:00:00,4.28e-06,4.28e-06,4.27e-06,4.27e-06,115709337.00,1778572799999,495.14555251,3,9040985.00,38.60500595,0
2026-05-12 08:00:00,4.26e-06,4.26e-06,4.19e-06,4.21e-06,1248482228.00,1778587199999,5300.80906458,54,37360176.00,158.03900722,0
2026-05-12 12:00:00,4.21e-06,4.21e-06,4.08e-06,4.08e-06,7222321511.00,1778601599999,29651.22389055,109,226615912.00,938.43334433,0
2026-05-12 16:00:00,4.11e-06,4.16e-06,4.08e-06,4.16e-06,197528472.00,1778615999999,811.93925201,24,89094779.00,367.40559270,0
2026-05-12 20:00:00,4.17e-06,4.18e-06,4.16e-06,4.16e-06,41881381.00,1778630399999,174.80828266,4,41881381.00,174.80828266,0
2026-05-13 00:00:00,4.15e-06,4.2e-06,4.15e-06,4.18e-06,557992337.00,1778644799999,2334.33545626,14,268641991.00,1122.54107845,0
2026-05-13 04:00:00,4.21e-06,4.22e-06,4.18e-06,4.19e-06,150202275.00,1778659199999,629.74332883,9,138796003.00,582.04213650,0
2026-05-13 08:00:00,4.2e-06,4.25e-06,4.16e-06,4.16e-06,1122264779.00,1778673599999,4714.56222947,23,382230170.00,1618.53894544,0
2026-05-13 12:00:00,4.14e-06,4.14e-06,4.01e-06,4.01e-06,772674507.00,1778687999999,3147.83720030,54,50976351.00,207.90675332,0
2026-05-13 16:00:00,4.02e-06,4.09e-06,4.02e-06,4.07e-06,346051837.00,1778702399999,1410.43244451,16,335718688.00,1368.56976938,0
2026-05-13 20:00:00,4.05e-06,4.06e-06,4.03e-06,4.06e-06,109528434.00,1778716799999,442.99040558,13,18078457.00,73.32675942,0
2026-05-14 00:00:00,4.07e-06,4.09e-06,4.02e-06,4.02e-06,164523074.00,1778731199999,669.19900105,14,152864018.00,622.21433349,0
2026-05-14 04:00:00,4.04e-06,4.08e-06,4.04e-06,4.05e-06,138363348.00,1778745599999,563.06769075,9,6243268.00,25.38726527,0
2026-05-14 08:00:00,4.04e-06,4.04e-06,4.02e-06,4.02e-06,36673194.00,1778759999999,147.97381115,6,0.00,0.00000000,0
2026-05-14 12:00:00,4.01e-06,4.12e-06,4.01e-06,4.12e-06,172969658.00,1778774399999,710.05007372,20,161773687.00,664.82302362,0
2026-05-14 16:00:00,4.13e-06,4.21e-06,4.1e-06,4.16e-06,84249142.00,1778788799999,349.59562677,36,37890822.00,158.12938208,0
2026-05-14 20:00:00,4.14e-06,4.15e-06,4.1e-06,4.1e-06,32203624.00,1778803199999,133.20860926,12,19781234.00,82.01946120,0
2026-05-15 00:00:00,4.12e-06,4.12e-06,4.07e-06,4.08e-06,36007625.00,1778817599999,147.65331984,11,30381899.00,124.66675464,0
2026-05-15 04:00:00,4.08e-06,4.08e-06,3.98e-06,4.05e-06,81430219.00,1778831999999,326.23385790,24,42841637.00,171.58396911,0
2026-05-15 08:00:00,4.04e-06,4.05e-06,4e-06,4.04e-06,134615574.00,1778846399999,542.40127542,23,17331076.00,69.92611074,0
2026-05-15 12:00:00,4.02e-06,4.02e-06,3.84e-06,3.88e-06,709525200.00,1778860799999,2756.37922044,82,282239387.00,1094.62936142,0
2026-05-15 16:00:00,3.86e-06,3.94e-06,3.86e-06,3.92e-06,236020820.00,1778875199999,923.58610696,18,221375199.00,866.94846852,0
2026-05-15 20:00:00,3.91e-06,3.91e-06,3.89e-06,3.91e-06,46755491.00,1778889599999,182.63717179,12,36263224.00,141.78920584,0
2026-05-16 00:00:00,3.91e-06,3.93e-06,3.9e-06,3.9e-06,470294102.00,1778903999999,1839.18742084,14,456766312.00,1786.42485808,0
2026-05-16 04:00:00,3.89e-06,3.89e-06,3.74e-06,3.78e-06,226682636.00,1778918399999,853.18450801,42,32672259.00,123.38778858,0
2026-05-16 08:00:00,3.78e-06,3.78e-06,3.71e-06,3.74e-06,191821904.00,1778932799999,714.54332536,19,32511878.00,121.87502847,0
2026-05-16 12:00:00,3.75e-06,3.79e-06,3.73e-06,3.79e-06,29648029.00,1778947199999,111.43069200,13,27381228.00,102.97552427,0
2026-05-16 16:00:00,3.79e-06,3.79e-06,3.79e-06,3.79e-06,7368307.00,1778961599999,27.92588353,2,7368307.00,27.92588353,0
2026-05-16 20:00:00,3.79e-06,3.79e-06,3.77e-06,3.77e-06,183222371.00,1778975999999,691.12644465,8,155743329.00,587.53045631,0
2026-05-17 00:00:00,3.76e-06,3.76e-06,3.72e-06,3.76e-06,176125789.00,1778990399999,659.98192973,17,32520562.00,121.95206824,0
2026-05-17 04:00:00,3.77e-06,3.8e-06,3.77e-06,3.78e-06,17675352.00,1779004799999,66.81600415,7,17257176.00,65.23529887,0
2026-05-17 08:00:00,3.77e-06,3.8e-06,3.77e-06,3.78e-06,39599988.00,1779019199999,149.42383137,6,4256495.00,16.09791462,0
2026-05-17 12:00:00,3.78e-06,3.78e-06,3.74e-06,3.75e-06,59667343.00,1779033599999,225.37288610,7,55953693.00,211.44673745,0
2026-05-17 16:00:00,3.76e-06,3.77e-06,3.69e-06,3.77e-06,223699681.00,1779047999999,833.24018966,64,132130511.00,493.04325339,0
2026-05-17 20:00:00,3.75e-06,3.75e-06,3.55e-06,3.67e-06,501921184.00,1779062399999,1802.79288991,53,45378656.00,165.83727072,0
2026-05-18 00:00:00,3.65e-06,3.69e-06,3.65e-06,3.67e-06,9032586.00,1779076799999,33.13441864,6,4516293.00,16.61237225,0
2026-05-18 04:00:00,3.66e-06,3.66e-06,3.61e-06,3.63e-06,55095754.00,1779091199999,200.39236608,13,4319563.00,15.71307153,0
2026-05-18 08:00:00,3.64e-06,3.67e-06,3.62e-06,3.67e-06,27369205.00,1779105599999,100.18615158,9,5210716.00,19.06364475,0
2026-05-18 12:00:00,3.65e-06,3.65e-06,3.61e-06,3.63e-06,15956108.00,1779119999999,57.86675412,13,5333342.00,19.36003146,0
2026-05-18 16:00:00,3.64e-06,3.69e-06,3.61e-06,3.69e-06,25604823.00,1779134399999,93.11832726,16,14265229.00,52.06226788,0
2026-05-18 20:00:00,3.7e-06,3.71e-06,3.66e-06,3.71e-06,686258018.00,1779148799999,2518.01605426,17,184108954.00,676.12286794,0
2026-05-19 00:00:00,3.72e-06,3.72e-06,3.68e-06,3.69e-06,107657017.00,1779163199999,397.01201814,7,105050161.00,387.38533758,0
2026-05-19 04:00:00,3.7e-06,3.71e-06,3.69e-06,3.71e-06,53484172.00,1779177599999,197.65930835,4,28402703.00,105.10868774,0
2026-05-19 08:00:00,3.69e-06,3.69e-06,3.67e-06,3.67e-06,165379158.00,1779191999999,606.97888314,6,0.00,0.00000000,0
2026-05-19 12:00:00,3.65e-06,3.7e-06,3.63e-06,3.65e-06,133051254.00,1779206399999,490.49078940,19,111268719.00,411.01061879,0
2026-05-19 16:00:00,3.64e-06,3.67e-06,3.64e-06,3.64e-06,27238915.00,1779220799999,99.25514844,7,2637446.00,9.67942682,0
2026-05-19 20:00:00,3.67e-06,3.67e-06,3.59e-06,3.63e-06,240117801.00,1779235199999,870.96885659,25,11170230.00,40.88370454,0
2026-05-20 00:00:00,3.63e-06,3.66e-06,3.63e-06,3.63e-06,51975890.00,1779249599999,189.95167828,8,43523912.00,159.27099814,0
2026-05-20 04:00:00,3.65e-06,3.7e-06,3.65e-06,3.7e-06,10149507.00,1779263999999,37.30873845,7,7218995.00,26.61236965,0
2026-05-20 08:00:00,3.7e-06,3.7e-06,3.7e-06,3.7e-06,6628498.00,1779278399999,24.52544260,2,6628498.00,24.52544260,0
2026-05-20 12:00:00,3.67e-06,3.73e-06,3.65e-06,3.73e-06,51566683.00,1779292799999,190.34997446,16,32873785.00,121.93134471,0
2026-05-20 16:00:00,3.74e-06,3.75e-06,3.71e-06,3.74e-06,146465450.00,1779307199999,547.26755297,24,132203190.00,494.29454789,0
2026-05-20 20:00:00,3.72e-06,3.73e-06,3.7e-06,3.7e-06,22376403.00,1779321599999,83.31713201,6,11048630.00,41.20794904,0
2026-05-21 00:00:00,3.72e-06,3.78e-06,3.72e-06,3.78e-06,71177957.00,1779335999999,266.71917136,19,26600080.00,99.93179570,0
2026-05-21 04:00:00,3.78e-06,3.78e-06,3.74e-06,3.78e-06,20452205.00,1779350399999,77.18649282,10,15101364.00,57.06476827,0
2026-05-21 08:00:00,3.79e-06,3.8e-06,3.71e-06,3.73e-06,333716250.00,1779364799999,1261.07128839,20,3445891.00,12.96428450,0
2026-05-21 12:00:00,3.74e-06,3.77e-06,3.72e-06,3.77e-06,38081180.00,1779379199999,142.53676194,21,23595448.00,88.51232381,0
2026-05-21 16:00:00,3.78e-06,3.83e-06,3.74e-06,3.82e-06,171283112.00,1779393599999,652.15938057,28,130887333.00,498.73430049,0
2026-05-21 20:00:00,3.82e-06,3.83e-06,3.79e-06,3.79e-06,132367932.00,1779407999999,502.90338921,11,2805397.00,10.71823808,0
2026-05-22 00:00:00,3.78e-06,3.81e-06,3.76e-06,3.81e-06,13156062.00,1779422399999,49.75482526,13,9015316.00,34.14451529,0
2026-05-22 04:00:00,3.8e-06,3.81e-06,3.78e-06,3.8e-06,134146530.00,1779436799999,509.89053342,7,133005785.00,505.57851732,0
2026-05-22 08:00:00,3.81e-06,3.82e-06,3.78e-06,3.79e-06,87314334.00,1779451199999,331.10895272,10,83052467.00,314.92450368,0
2026-05-22 12:00:00,3.81e-06,3.82e-06,3.74e-06,3.77e-06,169551251.00,1779465599999,644.71891909,20,156216302.00,594.56082366,0
2026-05-22 16:00:00,3.78e-06,3.78e-06,3.63e-06,3.67e-06,123055515.00,1779479999999,458.16883091,42,36766651.00,136.89055757,0
2026-05-22 20:00:00,3.68e-06,3.7e-06,3.57e-06,3.6e-06,357820409.00,1779494399999,1294.81300894,40,41911781.00,151.33311344,0
2026-05-23 00:00:00,3.61e-06,3.62e-06,3.59e-06,3.62e-06,84661838.00,1779508799999,305.26338750,8,63886214.00,230.67889734,0
2026-05-23 04:00:00,3.59e-06,3.59e-06,3.44e-06,3.48e-06,120650441.00,1779523199999,422.02740735,26,1671309.00,5.99999931,0
2026-05-23 08:00:00,3.49e-06,3.5e-06,3.48e-06,3.49e-06,65987413.00,1779537599999,230.14984392,14,27663762.00,96.78353844,0
2026-05-23 12:00:00,3.48e-06,3.58e-06,3.48e-06,3.57e-06,44378755.00,1779551999999,156.55602146,18,22747723.00,80.51432541,0
2026-05-23 16:00:00,3.58e-06,3.61e-06,3.57e-06,3.61e-06,32521120.00,1779566399999,117.20132010,12,6974919.00,25.10044565,0
2026-05-23 20:00:00,3.62e-06,3.74e-06,3.62e-06,3.63e-06,53268033.00,1779580799999,195.52321711,32,36996987.00,135.76473178,0
2026-05-24 00:00:00,3.65e-06,3.65e-06,3.62e-06,3.62e-06,30287523.00,1779595199999,110.40609275,6,24624657.00,89.87999805,0
2026-05-24 04:00:00,3.62e-06,3.62e-06,3.62e-06,3.62e-06,0.00,1779609599999,0.00000000,0,0.00,0.00000000,0
2026-05-24 08:00:00,3.61e-06,3.64e-06,3.61e-06,3.64e-06,119877407.00,1779623999999,434.03705682,6,6873318.00,24.98320219,0
2026-05-24 12:00:00,3.61e-06,3.61e-06,3.54e-06,3.57e-06,29781427.00,1779638399999,106.40276691,11,771557.00,2.75445849,0
2026-05-24 16:00:00,3.58e-06,3.59e-06,3.57e-06,3.57e-06,15060618.00,1779652799999,53.91092008,8,4560513.00,16.35360203,0
2026-05-24 20:00:00,3.54e-06,3.58e-06,3.52e-06,3.58e-06,63987189.00,1779667199999,227.94467511,11,59604811.00,212.48373978,0
2026-05-25 00:00:00,3.59e-06,3.59e-06,3.54e-06,3.54e-06,45379864.00,1779681599999,162.78050714,8,41655383.00,149.51494793,0
2026-05-25 04:00:00,3.57e-06,3.61e-06,3.57e-06,3.61e-06,42712564.00,1779695999999,153.74193347,7,42712564.00,153.74193347,0
2026-05-25 08:00:00,3.59e-06,3.62e-06,3.59e-06,3.62e-06,32097585.00,1779710399999,115.47536252,7,4343576.00,15.69692985,0
2026-05-25 12:00:00,3.62e-06,3.64e-06,3.62e-06,3.64e-06,40869509.00,1779724799999,148.11637382,6,7932900.00,28.80268047,0
2026-05-25 16:00:00,3.65e-06,3.65e-06,3.62e-06,3.62e-06,26029869.00,1779739199999,94.68899942,8,20391704.00,74.25232234,0
2026-05-25 20:00:00,3.61e-06,3.61e-06,3.57e-06,3.59e-06,14673258.00,1779753599999,52.59775942,9,2696549.00,9.68061091,0
2026-05-26 00:00:00,3.57e-06,3.57e-06,3.53e-06,3.53e-06,14404834.00,1779767999999,51.05500110,6,0.00,0.00000000,0
2026-05-26 04:00:00,3.57e-06,3.57e-06,3.57e-06,3.57e-06,2724920.00,1779782399999,9.72796440,2,2724920.00,9.72796440,0
2026-05-26 08:00:00,3.54e-06,3.63e-06,3.54e-06,3.63e-06,22819438.00,1779796799999,81.64529036,10,15786264.00,56.74785440,0
2026-05-26 12:00:00,3.61e-06,3.64e-06,3.54e-06,3.57e-06,150214735.00,1779811199999,540.78125642,34,71167462.00,257.93753423,0
2026-05-26 16:00:00,3.58e-06,3.58e-06,3.5e-06,3.52e-06,22724479.00,1779825599999,80.02491578,19,10800858.00,38.11295643,0
2026-05-26 20:00:00,3.52e-06,3.52e-06,3.49e-06,3.52e-06,26611018.00,1779839999999,93.43223386,7,4893521.00,17.20543641,0
2026-05-27 00:00:00,3.53e-06,3.55e-06,3.51e-06,3.52e-06,21618309.00,1779854399999,76.49125929,7,18877875.00,66.86457654,0
2026-05-27 04:00:00,3.5e-06,3.54e-06,3.43e-06,3.54e-06,70913500.00,1779868799999,246.38917205,29,43740673.00,152.53034256,0
2026-05-27 08:00:00,3.53e-06,3.53e-06,3.51e-06,3.53e-06,74426336.00,1779883199999,262.23726932,10,39030298.00,137.77695194,0
2026-05-27 12:00:00,3.53e-06,3.59e-06,3.49e-06,3.55e-06,77992954.00,1779897599999,274.90366393,26,20768702.00,73.78103108,0
2026-05-27 16:00:00,3.59e-06,3.59e-06,3.5e-06,3.53e-06,19850559.00,1779911999999,70.10814325,18,5245377.00,18.59289715,0
2026-05-27 20:00:00,3.54e-06,3.54e-06,3.43e-06,3.47e-06,44596960.00,1779926399999,154.51087543,19,26727822.00,92.58053537,0
2026-05-28 00:00:00,3.45e-06,3.48e-06,3.38e-06,3.38e-06,68456640.00,1779940799999,234.52601633,21,9199448.00,31.63848214,0
2026-05-28 04:00:00,3.37e-06,3.37e-06,3.3e-06,3.36e-06,135092688.00,1779955199999,451.12761537,15,47640119.00,159.63457229,0
2026-05-28 08:00:00,3.35e-06,3.35e-06,3.34e-06,3.34e-06,79246874.00,1779969599999,264.72297760,3,0.00,0.00000000,0
2026-05-28 12:00:00,3.3e-06,3.34e-06,3.29e-06,3.29e-06,2874621332.00,1779983999999,9530.39357102,20,144128284.00,481.38846856,0
2026-05-28 16:00:00,3.39e-06,3.42e-06,3.38e-06,3.38e-06,15645284.00,1779998399999,53.24377894,9,10265668.00,35.00404932,0
2026-05-28 20:00:00,3.4e-06,3.42e-06,3.37e-06,3.37e-06,647868779.00,1780012799999,2199.60113283,13,7387037.00,25.21002914,0
2026-05-29 00:00:00,3.4e-06,3.4e-06,3.38e-06,3.38e-06,9116296.00,1780027199999,30.94245285,5,8308216.00,28.21114245,0
2026-05-29 04:00:00,3.4e-06,3.4e-06,3.4e-06,3.4e-06,808080.00,1780041599999,2.74747200,1,808080.00,2.74747200,0
2026-05-29 08:00:00,3.38e-06,3.4e-06,3.38e-06,3.38e-06,48009767.00,1780055999999,162.37765680,6,24441181.00,82.62735338,0
2026-05-29 12:00:00,3.32e-06,3.45e-06,3.32e-06,3.41e-06,232458603.00,1780070399999,793.50187657,25,207476987.00,709.21037996,0
2026-05-29 16:00:00,3.43e-06,3.45e-06,3.38e-06,3.4e-06,77010442.00,1780084799999,263.06137779,15,40264952.00,138.69240129,0
2026-05-29 20:00:00,3.38e-06,3.4e-06,3.38e-06,3.38e-06,48279712.00,1780099199999,163.20303240,6,880292.00,2.99299280,0
2026-05-30 00:00:00,3.4e-06,3.45e-06,3.4e-06,3.45e-06,18168967.00,1780113599999,62.28083133,10,18168967.00,62.28083133,0
2026-05-30 04:00:00,3.43e-06,3.43e-06,3.39e-06,3.43e-06,54882190.00,1780127999999,187.65220466,12,49039787.00,167.71599782,0
2026-05-30 08:00:00,3.41e-06,3.42e-06,3.41e-06,3.42e-06,2982524.00,1780142399999,10.19633449,2,0.00,0.00000000,0
2026-05-30 12:00:00,3.43e-06,3.43e-06,3.42e-06,3.42e-06,265748788.00,1780156799999,908.88995111,4,265748788.00,908.88995111,0
2026-05-30 16:00:00,3.43e-06,3.43e-06,3.43e-06,3.43e-06,38178934.00,1780171199999,130.95374362,2,0.00,0.00000000,0
2026-05-30 20:00:00,3.41e-06,3.41e-06,3.41e-06,3.41e-06,8877940.00,1780185599999,30.27377540,3,7318901.00,24.95745241,0
2026-05-31 00:00:00,3.43e-06,3.46e-06,3.43e-06,3.46e-06,4751433.00,1780199999999,16.36211989,5,4751433.00,16.36211989,0
2026-05-31 04:00:00,3.46e-06,3.46e-06,3.43e-06,3.43e-06,466343389.00,1780214399999,1613.46110116,6,464405954.00,1606.81569911,0
2026-05-31 08:00:00,3.42e-06,3.45e-06,3.42e-06,3.43e-06,376526404.00,1780228799999,1287.78018252,7,1447970.00,4.99549650,0
2026-05-31 12:00:00,3.43e-06,3.43e-06,3.38e-06,3.41e-06,149749399.00,1780243199999,513.30768542,11,1894728.00,6.49008944,0
2026-05-31 16:00:00,3.37e-06,3.38e-06,3.36e-06,3.36e-06,10975349.00,1780257599999,37.00633607,9,6459006.00,21.82581612,0
2026-05-31 20:00:00,3.37e-06,3.43e-06,3.37e-06,3.41e-06,28042804.00,1780271999999,95.76154315,17,7409140.00,25.21390025,0
2026-06-01 00:00:00,3.43e-06,3.44e-06,3.38e-06,3.43e-06,18377972.00,1780286399999,62.83957679,14,13065997.00,44.79308834,0
2026-06-01 04:00:00,3.42e-06,3.42e-06,3.34e-06,3.34e-06,43180156.00,1780300799999,146.66303350,17,6514796.00,21.95486252,0
2026-06-01 08:00:00,3.35e-06,3.37e-06,3.35e-06,3.36e-06,192493200.00,1780315199999,645.02144399,8,178685274.00,598.62681263,0
2026-06-01 12:00:00,3.35e-06,3.36e-06,3.32e-06,3.33e-06,42598904.00,1780329599999,142.49986440,20,7469113.00,25.04130510,0
2026-06-01 16:00:00,3.36e-06,3.41e-06,3.36e-06,3.41e-06,22940703.00,1780343999999,77.83215791,18,14192052.00,48.14625640,0
2026-06-01 20:00:00,3.41e-06,3.41e-06,3.37e-06,3.41e-06,12202211.00,1780358399999,41.49085648,10,4105016.00,13.96919771,0
2026-06-02 00:00:00,3.4e-06,3.4e-06,3.34e-06,3.4e-06,49120668.00,1780372799999,166.13263271,21,18778848.00,63.45519154,0
2026-06-02 04:00:00,3.41e-06,3.41e-06,3.3e-06,3.34e-06,264294645.00,1780387199999,877.97138325,25,12948657.00,43.41314784,0
2026-06-02 08:00:00,3.32e-06,3.34e-06,3.32e-06,3.32e-06,37222103.00,1780401599999,123.92958672,9,2001627.00,6.68543418,0
2026-06-02 12:00:00,3.34e-06,3.34e-06,3.15e-06,3.19e-06,28956084449.00,1780415999999,94082.85027394,210,89258193.00,289.59990602,0
2026-06-02 16:00:00,3.2e-06,3.25e-06,3.1e-06,3.17e-06,468891381.00,1780430399999,1508.16595330,66,149266772.00,477.53642845,0
2026-06-02 20:00:00,3.16e-06,3.19e-06,3.07e-06,3.11e-06,293560743.00,1780444799999,915.57865593,65,197317240.00,617.69542926,0
2026-06-03 00:00:00,3.12e-06,3.12e-06,3.05e-06,3.08e-06,21041098.00,1780459199999,64.91181970,15,12403358.00,38.33021164,0
2026-06-03 04:00:00,3.09e-06,3.23e-06,3.09e-06,3.23e-06,217635877.00,1780473599999,679.72908479,31,214482427.00,669.79639629,0
2026-06-03 08:00:00,3.21e-06,3.24e-06,3.2e-06,3.23e-06,35952369.00,1780487999999,115.39069928,11,10677287.00,34.47218313,0
2026-06-03 12:00:00,3.21e-06,3.21e-06,3.17e-06,3.17e-06,30479325.00,1780502399999,97.38049490,13,2083198.00,6.68706558,0
2026-06-03 16:00:00,3.16e-06,3.19e-06,3.1e-06,3.14e-06,456673418.00,1780516799999,1422.15964660,39,19686461.00,62.24958614,0
2026-06-03 20:00:00,3.15e-06,3.19e-06,3.09e-06,3.14e-06,32099295.00,1780531199999,100.90690783,32,15768629.00,49.77133180,0
2026-06-04 00:00:00,3.12e-06,3.12e-06,2.83e-06,3.11e-06,1172393411.00,1780545599999,3510.10643109,117,1019994347.00,3055.62272336,0
2026-06-04 04:00:00,3.09e-06,3.09e-06,3e-06,3e-06,462845805.00,1780559999999,1420.46282614,37,7647332.00,23.36686060,0
2026-06-04 08:00:00,3e-06,3e-06,2.9e-06,2.9e-06,63859068.00,1780574399999,188.84144446,9,4482738.00,13.26890448,0
2026-06-04 12:00:00,2.98e-06,3.04e-06,2.98e-06,3.02e-06,516145339.00,1780588799999,1541.07946565,22,11327174.00,34.16209648,0
2026-06-04 16:00:00,3e-06,3.03e-06,2.96e-06,3e-06,304994132.00,1780603199999,906.74181490,24,19705745.00,59.40021158,0
2026-06-04 20:00:00,2.97e-06,2.97e-06,2.89e-06,2.94e-06,141051776.00,1780617599999,410.49818333,15,29667804.00,87.13630608,0
2026-06-05 00:00:00,2.96e-06,2.96e-06,2.87e-06,2.87e-06,368975401.00,1780631999999,1068.62712307,31,71621156.00,207.10546660,0
2026-06-05 04:00:00,2.89e-06,2.91e-06,2.7e-06,2.8e-06,514818238.00,1780646399999,1452.92665354,74,413529578.00,1171.37341335,0
2026-06-05 08:00:00,2.78e-06,2.81e-06,2.75e-06,2.78e-06,51109744.00,1780660799999,142.15913832,19,19560833.00,54.68070944,0
2026-06-05 12:00:00,2.77e-06,2.81e-06,2.68e-06,2.69e-06,148900497.00,1780675199999,404.69067811,51,74267932.00,201.95209352,0
2026-06-05 16:00:00,2.67e-06,2.78e-06,2.61e-06,2.69e-06,411940070.00,1780689599999,1112.62387108,94,268649223.00,729.37904027,0
2026-06-05 20:00:00,2.7e-06,2.77e-06,2.66e-06,2.69e-06,185356252.00,1780703999999,504.05083177,35,84985181.00,231.67850249,0
2026-06-06 00:00:00,2.7e-06,2.75e-06,2.66e-06,2.67e-06,81726052.00,1780718399999,221.03061421,23,62251215.00,168.59677656,0
2026-06-06 04:00:00,2.66e-06,2.69e-06,2.53e-06,2.69e-06,262201441.00,1780732799999,684.36464497,64,182562111.00,478.79969036,0
2026-06-06 08:00:00,2.7e-06,2.77e-06,2.62e-06,2.67e-06,242361325.00,1780747199999,654.22921396,36,202609298.00,547.71456490,0
2026-06-06 12:00:00,2.66e-06,2.72e-06,2.66e-06,2.67e-06,230794352.00,1780761599999,626.51098944,18,203212623.00,552.29909383,0
2026-06-06 16:00:00,2.66e-06,2.67e-06,2.64e-06,2.66e-06,27866327.00,1780775999999,74.14370341,14,11736551.00,31.31790774,0
2026-06-06 20:00:00,2.64e-06,2.68e-06,2.63e-06,2.67e-06,53003034.00,1780790399999,140.44542877,12,15685237.00,41.88696450,0
2026-06-07 00:00:00,2.69e-06,2.75e-06,2.69e-06,2.75e-06,581582096.00,1780804799999,1597.51246689,25,55236844.00,150.58954164,0
2026-06-07 04:00:00,2.72e-06,2.77e-06,2.72e-06,2.77e-06,15696398.00,1780819199999,43.26563484,8,12089397.00,33.40078385,0
2026-06-07 08:00:00,2.75e-06,2.81e-06,2.75e-06,2.78e-06,122214935.00,1780833599999,341.90422165,23,45955051.00,128.35048275,0
2026-06-07 12:00:00,2.75e-06,2.77e-06,2.73e-06,2.77e-06,346817538.00,1780847999999,949.90158254,21,80543254.00,222.93691504,0
2026-06-07 16:00:00,2.77e-06,2.78e-06,2.69e-06,2.72e-06,243028943.00,1780862399999,662.74568172,17,228846405.00,624.10932224,0
2026-06-07 20:00:00,2.73e-06,2.88e-06,2.73e-06,2.81e-06,71426864.00,1780876799999,201.41650022,28,35435619.00,99.51125821,0
2026-06-08 00:00:00,2.83e-06,2.84e-06,2.77e-06,2.81e-06,79589296.00,1780891199999,222.06019172,21,14819665.00,41.77314986,0
2026-06-08 04:00:00,2.82e-06,2.82e-06,2.76e-06,2.8e-06,2089378447.00,1780905599999,5809.65076978,27,1864237290.00,5183.75680902,0
2026-06-08 08:00:00,2.79e-06,2.83e-06,2.79e-06,2.81e-06,27985956.00,1780919999999,78.57966720,9,12025061.00,33.93277015,0
2026-06-08 12:00:00,2.83e-06,2.86e-06,2.81e-06,2.84e-06,97496672.00,1780934399999,276.79169139,15,88220864.00,250.59930148,0
2026-06-08 16:00:00,2.83e-06,2.84e-06,2.82e-06,2.84e-06,35849681.00,1780948799999,101.14838763,3,1742907.00,4.94985588,0
2026-06-08 20:00:00,2.84e-06,2.86e-06,2.81e-06,2.81e-06,231849681.00,1780963199999,656.04070854,13,206714430.00,584.93058185,0
2026-06-09 00:00:00,2.8e-06,2.8e-06,2.77e-06,2.77e-06,652552198.00,1780977599999,1808.59315896,13,100835876.00,280.28609959,0
2026-06-09 04:00:00,2.8e-06,2.84e-06,2.8e-06,2.81e-06,191084823.00,1780991999999,535.37790485,10,187586604.00,525.51305132,0
2026-06-09 08:00:00,2.8e-06,2.81e-06,2.8e-06,2.8e-06,12336475.00,1781006399999,34.55974581,4,1761581.00,4.95004261,0
2026-06-09 12:00:00,2.81e-06,2.83e-06,2.74e-06,2.76e-06,58216452.00,1781020799999,160.64918826,13,11098708.00,30.89607315,0
2026-06-09 16:00:00,2.73e-06,2.78e-06,2.7e-06,2.78e-06,42761895.00,1781035199999,116.63442071,20,21056900.00,57.80771286,0
2026-06-09 20:00:00,2.8e-06,2.81e-06,2.77e-06,2.77e-06,7689462.00,1781049599999,21.50073946,6,4147222.00,11.63588723,0
2026-06-10 00:00:00,2.78e-06,2.79e-06,2.73e-06,2.75e-06,109105705.00,1781063999999,299.32335102,9,48403005.00,133.56910784,0
2026-06-10 04:00:00,2.73e-06,2.75e-06,2.72e-06,2.75e-06,48585499.00,1781078399999,132.60817173,9,21893022.00,59.80408504,0
2026-06-10 08:00:00,2.73e-06,2.73e-06,2.7e-06,2.7e-06,17963976.00,1781092799999,48.72041159,8,3640216.00,9.91952144,0
2026-06-10 12:00:00,2.72e-06,2.8e-06,2.72e-06,2.77e-06,26970011.00,1781107199999,74.45757295,8,25189352.00,69.52514752,0
2026-06-10 16:00:00,2.75e-06,2.75e-06,2.7e-06,2.7e-06,13904990.00,1781121599999,37.82037560,7,1826824.00,4.96896128,0
2026-06-10 20:00:00,2.69e-06,2.69e-06,2.65e-06,2.69e-06,27044182.00,1781135999999,72.39389559,15,10477057.00,28.07874027,0
2026-06-11 00:00:00,2.7e-06,2.78e-06,2.7e-06,2.78e-06,90913801.00,1781150399999,247.47143340,18,68034504.00,185.66106366,0
2026-06-11 04:00:00,2.76e-06,2.78e-06,2.75e-06,2.76e-06,97803053.00,1781164799999,269.98925110,11,7215311.00,20.00439661,0
2026-06-11 08:00:00,2.75e-06,2.78e-06,2.74e-06,2.78e-06,12250552.00,1781179199999,33.81942141,5,5403717.00,15.00439717,0
2026-06-11 12:00:00,2.75e-06,2.78e-06,2.74e-06,2.78e-06,305645687.00,1781193599999,839.73592486,11,102505165.00,283.04062553,0
2026-06-11 16:00:00,2.75e-06,2.83e-06,2.75e-06,2.81e-06,78228107.00,1781207999999,216.08611480,15,70906984.00,195.65909773,0
2026-06-11 20:00:00,2.8e-06,2.81e-06,2.78e-06,2.78e-06,17827048.00,1781222399999,49.81144983,6,8208867.00,23.00244341,0
2026-06-12 00:00:00,2.81e-06,2.82e-06,2.81e-06,2.82e-06,179066545.00,1781236799999,504.95004109,3,179066545.00,504.95004109,0
2026-06-12 04:00:00,2.82e-06,2.82e-06,2.77e-06,2.78e-06,30826909.00,1781251199999,85.79622811,7,14693933.00,40.86341434,0
2026-06-12 08:00:00,2.8e-06,2.84e-06,2.8e-06,2.83e-06,112131398.00,1781265599999,318.00904784,9,12414085.00,35.06063823,0
2026-06-12 12:00:00,2.81e-06,2.86e-06,2.8e-06,2.81e-06,68061991.00,1781279999999,191.76502660,19,36916510.00,104.32998038,0
2026-06-12 16:00:00,2.8e-06,2.84e-06,2.8e-06,2.83e-06,48512775.00,1781294399999,137.53034659,11,41510068.00,117.80063945,0
2026-06-12 20:00:00,2.81e-06,2.82e-06,2.8e-06,2.8e-06,8822919.00,1781308799999,24.82784684,3,5306026.00,14.96299332,0
2026-06-13 00:00:00,2.81e-06,2.83e-06,2.81e-06,2.83e-06,19635210.00,1781323199999,55.53241268,5,19635210.00,55.53241268,0
2026-06-13 04:00:00,2.81e-06,2.84e-06,2.8e-06,2.84e-06,19212548.00,1781337599999,54.14204833,11,11349181.00,31.98741453,0
2026-06-13 08:00:00,2.83e-06,2.84e-06,2.83e-06,2.84e-06,14704123.00,1781351999999,41.63716430,6,2096264.00,5.95338976,0
2026-06-13 12:00:00,2.85e-06,2.88e-06,2.85e-06,2.88e-06,25664936.00,1781366399999,73.21052649,8,3603171.00,10.33069569,0
2026-06-13 16:00:00,2.85e-06,2.86e-06,2.85e-06,2.86e-06,34966364.00,1781380799999,99.81148005,5,15734265.00,44.99999790,0
2026-06-13 20:00:00,2.88e-06,2.88e-06,2.86e-06,2.86e-06,26851073.00,1781395199999,77.08157092,5,25126449.00,72.14914628,0
2026-06-14 00:00:00,2.83e-06,2.86e-06,2.83e-06,2.84e-06,56615264.00,1781409599999,161.36611861,5,38206766.00,109.08948814,0
2026-06-14 04:00:00,2.84e-06,2.84e-06,2.82e-06,2.83e-06,94012501.00,1781423999999,265.66533015,8,57191893.00,161.81729037,0
2026-06-14 08:00:00,2.84e-06,2.84e-06,2.8e-06,2.83e-06,114786582.00,1781438399999,324.35840473,12,52227348.00,148.25526777,0
2026-06-14 12:00:00,2.81e-06,2.81e-06,2.79e-06,2.79e-06,275611010.00,1781452799999,770.32790407,9,204293003.00,570.61993135,0
2026-06-14 16:00:00,2.77e-06,2.77e-06,2.77e-06,2.77e-06,4790254.00,1781467199999,13.26900358,2,0.00,0.00000000,0
2026-06-14 20:00:00,2.8e-06,2.92e-06,2.8e-06,2.92e-06,40011201.00,1781481599999,114.67482608,20,23576166.00,67.44462691,0
2026-06-15 00:00:00,2.91e-06,2.94e-06,2.89e-06,2.9e-06,94185197.00,1781495999999,273.21843803,11,85722961.00,248.67463096,0
2026-06-15 04:00:00,2.91e-06,2.93e-06,2.91e-06,2.91e-06,179453712.00,1781510399999,522.49793987,5,173429102.00,504.96632477,0
2026-06-15 08:00:00,2.9e-06,2.99e-06,2.9e-06,2.99e-06,32656172.00,1781524799999,97.01855568,11,30247197.00,89.98507062,0
2026-06-15 12:00:00,2.99e-06,3.04e-06,2.97e-06,3.04e-06,123808506.00,1781539199999,371.92500462,19,67748183.00,203.94747632,0
2026-06-15 16:00:00,3.05e-06,3.13e-06,2.99e-06,2.99e-06,2649906227.00,1781553599999,8128.69371437,56,2585809676.00,7933.87529721,0
2026-06-15 20:00:00,2.97e-06,2.97e-06,2.93e-06,2.94e-06,20678495.00,1781567999999,60.97196083,12,7198292.00,21.20804744,0
2026-06-16 00:00:00,2.93e-06,2.94e-06,2.91e-06,2.94e-06,58723597.00,1781582399999,172.41728757,10,50655444.00,148.84156229,0
2026-06-16 04:00:00,2.93e-06,2.96e-06,2.93e-06,2.95e-06,46816071.00,1781596799999,137.78188048,7,23359774.00,68.78721152,0
2026-06-16 08:00:00,2.97e-06,2.99e-06,2.96e-06,2.96e-06,66679532.00,1781611199999,198.65501456,7,6272897.00,18.69317695,0
2026-06-16 12:00:00,2.97e-06,3e-06,2.91e-06,2.95e-06,27237183.00,1781625599999,80.06219682,15,15847647.00,46.62162163,0
2026-06-16 16:00:00,2.93e-06,2.99e-06,2.93e-06,2.96e-06,31570620.00,1781639999999,93.59075579,14,18022252.00,53.52148168,0
2026-06-16 20:00:00,2.97e-06,2.98e-06,2.96e-06,2.96e-06,4017283.00,1781654399999,11.92151254,3,2350923.00,6.98908694,0
2026-06-17 00:00:00,2.97e-06,3.01e-06,2.96e-06,2.99e-06,10956376.00,1781668799999,32.68588451,7,7640375.00,22.82103232,0
2026-06-17 04:00:00,2.97e-06,2.97e-06,2.96e-06,2.96e-06,3327109.00,1781683199999,9.86485013,2,0.00,0.00000000,0
2026-06-17 08:00:00,2.94e-06,2.94e-06,2.92e-06,2.93e-06,1922135743.00,1781697599999,5631.10119744,31,1838077130.00,5385.58282512,0
2026-06-17 12:00:00,2.94e-06,2.99e-06,2.93e-06,2.99e-06,16356251.00,1781711999999,48.38851133,9,12995133.00,38.52365863,0
2026-06-17 16:00:00,3.01e-06,3.01e-06,2.89e-06,2.89e-06,2690259018.00,1781726399999,7887.11335874,41,1391878550.00,4120.14128489,0
2026-06-17 20:00:00,2.91e-06,2.94e-06,2.89e-06,2.94e-06,3479769835.00,1781740799999,10117.26378129,39,1634754008.00,4785.07050060,0
2026-06-18 00:00:00,2.96e-06,2.96e-06,2.91e-06,2.91e-06,15250588.00,1781755199999,44.75121720,7,4935631.00,14.54551607,0
2026-06-18 04:00:00,2.89e-06,2.89e-06,2.86e-06,2.89e-06,15667460.00,1781769599999,45.11557404,10,5803446.00,16.75471270,0
2026-06-18 08:00:00,2.91e-06,2.91e-06,2.88e-06,2.88e-06,7783957.00,1781783999999,22.52530256,8,1706722.00,4.96656102,0
2026-06-18 12:00:00,2.89e-06,2.9e-06,2.8e-06,2.8e-06,65023416.00,1781798399999,184.98602955,27,33456495.00,95.05112860,0
2026-06-18 16:00:00,2.8e-06,2.83e-06,2.78e-06,2.83e-06,1263335183.00,1781812799999,3512.36133543,13,10769879.00,30.22593637,0
2026-06-18 20:00:00,2.84e-06,2.85e-06,2.84e-06,2.85e-06,117505905.00,1781827199999,334.87440018,3,47330467.00,134.87440188,0
2026-06-19 00:00:00,2.85e-06,2.87e-06,2.81e-06,2.82e-06,64228460.00,1781841599999,181.77520943,10,37944044.00,107.52196795,0
2026-06-19 04:00:00,2.8e-06,2.81e-06,2.79e-06,2.8e-06,12427600.00,1781855999999,34.74346724,6,8904438.00,24.87861364,0
2026-06-19 08:00:00,2.78e-06,2.78e-06,2.77e-06,2.77e-06,84086167.00,1781870399999,233.25533115,4,0.00,0.00000000,0
2026-06-19 12:00:00,2.8e-06,2.83e-06,2.8e-06,2.83e-06,23185111.00,1781884799999,65.52521274,5,23185111.00,65.52521274,0
2026-06-19 16:00:00,2.81e-06,2.83e-06,2.81e-06,2.81e-06,5265936.00,1781899199999,14.83238640,3,1755312.00,4.96753296,0
2026-06-19 20:00:00,2.82e-06,2.83e-06,2.8e-06,2.83e-06,16332079.00,1781913599999,45.91357153,5,9190651.00,25.91757313,0
2026-06-20 00:00:00,2.83e-06,2.84e-06,2.83e-06,2.83e-06,28497567.00,1781927999999,80.66554368,4,26754660.00,75.73311687,0
2026-06-20 04:00:00,2.84e-06,2.86e-06,2.84e-06,2.86e-06,3479677.00,1781942399999,9.91701808,2,3479677.00,9.91701808,0
2026-06-20 08:00:00,2.84e-06,2.85e-06,2.83e-06,2.84e-06,26548256.00,1781956799999,75.41817380,7,8978390.00,25.57098243,0
2026-06-20 12:00:00,2.83e-06,2.84e-06,2.8e-06,2.84e-06,14005414.00,1781971199999,39.54699447,8,7002707.00,19.81728733,0
2026-06-20 16:00:00,2.84e-06,2.84e-06,2.81e-06,2.83e-06,15115875.00,1781985599999,42.76042564,6,7560563.00,21.41399892,0
2026-06-20 20:00:00,2.83e-06,2.84e-06,2.81e-06,2.84e-06,36497950.00,1781999999999,103.35593339,10,21924510.00,62.17738391,0
2026-06-21 00:00:00,2.83e-06,2.84e-06,2.83e-06,2.84e-06,110324285.00,1782014399999,312.23515562,4,1742907.00,4.94985588,0
2026-06-21 04:00:00,2.83e-06,2.84e-06,2.83e-06,2.83e-06,12819382.00,1782028799999,36.29628013,7,5276475.00,14.94985332,0
2026-06-21 08:00:00,2.83e-06,2.84e-06,2.83e-06,2.83e-06,7488611.00,1782043199999,21.24553388,4,1742907.00,4.94985588,0
2026-06-21 12:00:00,2.84e-06,2.84e-06,2.84e-06,2.84e-06,1742907.00,1782057599999,4.94985588,1,1742907.00,4.94985588,0
2026-06-21 16:00:00,2.85e-06,2.85e-06,2.83e-06,2.85e-06,32562045.00,1782071999999,92.74954104,5,30819138.00,87.81711423,0
2026-06-21 20:00:00,2.83e-06,2.83e-06,2.8e-06,2.8e-06,25316395.00,1782086399999,71.13869647,6,18295014.00,51.40898934,0
2026-06-22 00:00:00,2.81e-06,2.86e-06,2.81e-06,2.82e-06,1605508558.00,1782100799999,4565.95422480,24,1282457987.00,3654.88202104,0
2026-06-22 04:00:00,2.82e-06,2.84e-06,2.82e-06,2.84e-06,8835105.00,1782115199999,24.94985424,4,5289006.00,14.94985506,0
2026-06-22 08:00:00,2.84e-06,2.86e-06,2.83e-06,2.86e-06,69729999.00,1782129599999,198.03437698,6,1736770.00,4.96716220,0
2026-06-22 12:00:00,2.88e-06,2.89e-06,2.86e-06,2.86e-06,20615528.00,1782143999999,59.35535464,11,6383060.00,18.40033928,0
2026-06-22 16:00:00,2.84e-06,2.84e-06,2.82e-06,2.82e-06,6488141.00,1782158399999,18.34872209,4,0.00,0.00000000,0
2026-06-22 20:00:00,2.81e-06,2.81e-06,2.79e-06,2.81e-06,67040565.00,1782172799999,187.44893363,11,11537148.00,32.41938588,0
2026-06-23 00:00:00,2.81e-06,2.82e-06,2.8e-06,2.81e-06,859749024.00,1782187199999,2407.45768459,13,10698628.00,30.08105233,0
2026-06-23 04:00:00,2.81e-06,2.81e-06,2.72e-06,2.74e-06,100957196.00,1782201599999,282.17328989,14,80309449.00,225.26107299,0
2026-06-23 08:00:00,2.72e-06,2.73e-06,2.67e-06,2.73e-06,181776253.00,1782215999999,489.30277867,23,127200953.00,341.67903576,0
2026-06-23 12:00:00,2.72e-06,2.75e-06,2.72e-06,2.72e-06,14793789.00,1782230399999,40.42791269,7,5670220.00,15.55683716,0
2026-06-23 16:00:00,2.7e-06,2.71e-06,2.69e-06,2.7e-06,42531094.00,1782244799999,114.64876861,7,38870654.00,104.78391677,0
2026-06-23 20:00:00,2.69e-06,2.7e-06,2.69e-06,2.7e-06,21908947.00,1782259199999,58.97173975,5,3667232.00,9.90152640,0
2026-06-24 00:00:00,2.71e-06,2.71e-06,2.69e-06,2.69e-06,7331883.00,1782273599999,19.83273061,2,5498267.00,14.90030357,0
2026-06-24 04:00:00,2.67e-06,2.69e-06,2.65e-06,2.65e-06,146995308.00,1782287999999,392.32585339,15,104805894.00,280.09127263,0
2026-06-24 08:00:00,2.67e-06,2.68e-06,2.63e-06,2.67e-06,46725231.00,1782302399999,123.61532136,18,16961720.00,45.08049336,0
2026-06-24 12:00:00,2.66e-06,2.66e-06,2.53e-06,2.53e-06,1024404402.00,1782316799999,2614.47455769,56,133500658.00,345.03990965,0
2026-06-24 16:00:00,2.52e-06,2.54e-06,2.42e-06,2.48e-06,311546420.00,1782331199999,767.71333950,26,52221682.00,128.09627404,0
2026-06-24 20:00:00,2.51e-06,2.56e-06,2.51e-06,2.55e-06,241487131.00,1782345599999,614.72000148,24,231420346.00,589.27091863,0
2026-06-25 00:00:00,2.53e-06,2.53e-06,2.53e-06,2.53e-06,1949576.00,1782359999999,4.93242728,1,0.00,0.00000000,0
2026-06-25 04:00:00,2.54e-06,2.56e-06,2.54e-06,2.54e-06,5833376.00,1782374399999,14.85561304,5,3891476.00,9.92318704,0
2026-06-25 08:00:00,2.53e-06,2.53e-06,2.5e-06,2.5e-06,222845338.00,1782388799999,558.43503555,11,106094992.00,266.27442992,0
2026-06-25 12:00:00,2.49e-06,2.49e-06,2.32e-06,2.35e-06,537130913.00,1782403199999,1311.65329406,29,374373196.00,923.54587224,0
2026-06-25 16:00:00,2.35e-06,2.36e-06,2.33e-06,2.33e-06,62630107.00,1782417599999,146.40114033,10,2643481.00,6.23861516,0
2026-06-25 20:00:00,2.36e-06,2.36e-06,2.36e-06,2.36e-06,9781575.00,1782431999999,23.08451700,2,1308674.00,3.08847064,0
2026-06-26 00:00:00,2.31e-06,2.33e-06,2.29e-06,2.33e-06,130111480.00,1782446399999,298.57566315,28,46597124.00,107.26759693,0
2026-06-26 04:00:00,2.36e-06,2.39e-06,2.36e-06,2.39e-06,26724745.00,1782460799999,63.55332778,4,26046242.00,61.95206070,0
2026-06-26 08:00:00,2.35e-06,2.36e-06,2.31e-06,2.31e-06,95555628.00,1782475199999,222.05736370,5,2586206.00,6.10344616,0
2026-06-26 12:00:00,2.35e-06,2.36e-06,2.35e-06,2.36e-06,4799221.00,1782489599999,11.30762723,2,4799221.00,11.30762723,0
2026-06-26 16:00:00,2.4e-06,2.4e-06,2.39e-06,2.39e-06,6627543.00,1782503999999,15.86928565,2,2945788.00,7.06989120,0
2026-06-26 20:00:00,2.4e-06,2.4e-06,2.4e-06,2.4e-06,988902.00,1782518399999,2.37336480,1,988902.00,2.37336480,0
2026-06-27 00:00:00,2.4e-06,2.4e-06,2.4e-06,2.4e-06,0.00,1782532799999,0.00000000,0,0.00,0.00000000,0
2026-06-27 04:00:00,2.44e-06,2.44e-06,2.41e-06,2.41e-06,18490250.00,1782547199999,44.90576477,5,11475409.00,27.99999796,0
2026-06-27 08:00:00,2.4e-06,2.44e-06,2.4e-06,2.41e-06,387837761.00,1782561599999,938.78728923,8,39796482.00,96.71329791,0
2026-06-27 12:00:00,2.4e-06,2.45e-06,2.4e-06,2.45e-06,23080754.00,1782575999999,55.46416530,3,988704.00,2.42232480,0
2026-06-27 16:00:00,2.4e-06,2.4e-06,2.39e-06,2.39e-06,37125122.00,1782590399999,89.07021865,3,0.00,0.00000000,0
2026-06-27 20:00:00,2.39e-06,2.77e-06,2.36e-06,2.36e-06,595505468.00,1782604799999,1480.85558725,75,542485794.00,1355.27223511,0
2026-06-28 00:00:00,2.37e-06,2.37e-06,2.37e-06,2.37e-06,32256174.00,1782619199999,76.44713238,1,32256174.00,76.44713238,0
2026-06-28 04:00:00,2.37e-06,2.37e-06,2.37e-06,2.37e-06,0.00,1782633599999,0.00000000,0,0.00,0.00000000,0
2026-06-28 08:00:00,2.39e-06,2.39e-06,2.39e-06,2.39e-06,993429.00,1782647999999,2.37429531,1,0.00,0.00000000,0
2026-06-28 12:00:00,2.4e-06,2.4e-06,2.4e-06,2.4e-06,42136145.00,1782662399999,101.12674800,3,0.00,0.00000000,0
2026-06-28 16:00:00,2.35e-06,2.35e-06,2.35e-06,2.35e-06,913342.00,1782676799999,2.14635370,1,0.00,0.00000000,0
2026-06-28 20:00:00,2.35e-06,2.35e-06,2.35e-06,2.35e-06,2095122.00,1782691199999,4.92353670,2,0.00,0.00000000,0
2026-06-29 00:00:00,2.35e-06,2.35e-06,2.35e-06,2.35e-06,0.00,1782705599999,0.00000000,0,0.00,0.00000000,0
2026-06-29 04:00:00,2.38e-06,2.38e-06,2.35e-06,2.37e-06,62614850.00,1782719999999,147.34432024,8,11183030.00,26.47954324,0
2026-06-29 08:00:00,2.35e-06,2.35e-06,2.35e-06,2.35e-06,87017631.00,1782734399999,204.49143285,10,15246479.00,35.82922565,0
2026-06-29 12:00:00,2.35e-06,2.35e-06,2.35e-06,2.35e-06,0.00,1782748799999,0.00000000,0,0.00,0.00000000,0
2026-06-29 16:00:00,2.34e-06,2.4e-06,2.32e-06,2.4e-06,9647468.00,1782763199999,22.70182240,3,2945788.00,7.06989120,0
2026-06-29 20:00:00,2.4e-06,2.4e-06,2.35e-06,2.35e-06,551948112.00,1782777599999,1317.46948384,25,26844143.00,64.42594320,0
2026-06-30 00:00:00,2.36e-06,2.4e-06,2.36e-06,2.4e-06,21784936.00,1782791999999,51.52792731,4,21784936.00,51.52792731,0
2026-06-30 04:00:00,2.4e-06,2.4e-06,2.4e-06,2.4e-06,0.00,1782806399999,0.00000000,0,0.00,0.00000000,0
2026-06-30 08:00:00,2.4e-06,2.4e-06,2.4e-06,2.4e-06,0.00,1782820799999,0.00000000,0,0.00,0.00000000,0
2026-06-30 12:00:00,2.31e-06,2.31e-06,2.3e-06,2.3e-06,4763200.00,1782835199999,10.98545549,2,0.00,0.00000000,0
2026-06-30 16:00:00,2.3e-06,2.34e-06,2.3e-06,2.34e-06,67308796.00,1782849599999,156.64421352,4,15391998.00,36.01727532,0
2026-06-30 20:00:00,2.34e-06,2.34e-06,2.34e-06,2.34e-06,0.00,1782863999999,0.00000000,0,0.00,0.00000000,0
2026-07-01 00:00:00,2.31e-06,2.35e-06,2.27e-06,2.35e-06,305399356.00,1782878399999,705.45534845,26,83656930.00,193.52901750,0
2026-07-01 04:00:00,2.27e-06,2.27e-06,2.25e-06,2.25e-06,36050321.00,1782892799999,81.17343571,3,0.00,0.00000000,0
2026-07-01 08:00:00,2.27e-06,2.29e-06,2.27e-06,2.29e-06,19065380.00,1782907199999,43.36895062,2,4526901.00,10.36660329,0
2026-07-01 12:00:00,2.32e-06,2.36e-06,2.32e-06,2.36e-06,10088759.00,1782921599999,23.56572423,7,10088759.00,23.56572423,0
2026-07-01 16:00:00,2.33e-06,2.33e-06,2.33e-06,2.33e-06,910352140.00,1782935999999,2121.12048620,5,695660791.00,1620.88964303,0
2026-07-01 20:00:00,2.31e-06,2.39e-06,2.31e-06,2.39e-06,40106777.00,1782950399999,95.10411853,7,37097228.00,88.15206034,0
2026-07-02 00:00:00,2.31e-06,2.36e-06,2.31e-06,2.35e-06,10482238.00,1782964799999,24.54233522,5,2945788.00,6.95205968,0
2026-07-02 04:00:00,2.37e-06,2.37e-06,2.37e-06,2.37e-06,3582749.00,1782979199999,8.49111513,1,0.00,0.00000000,0
2026-07-02 08:00:00,2.4e-06,2.44e-06,2.4e-06,2.44e-06,51625326.00,1782993599999,124.55655423,13,20501485.00,49.54809742,0
2026-07-02 12:00:00,2.43e-06,2.48e-06,2.41e-06,2.48e-06,192658937.00,1783007999999,472.00160336,13,99579311.00,245.85995318,0
2026-07-02 16:00:00,2.48e-06,2.48e-06,2.43e-06,2.43e-06,83635432.00,1783022399999,207.26555136,6,49475807.00,122.70000136,0
2026-07-02 20:00:00,2.43e-06,2.43e-06,2.43e-06,2.43e-06,0.00,1783036799999,0.00000000,0,0.00,0.00000000,0
2026-07-03 00:00:00,2.44e-06,2.48e-06,2.44e-06,2.47e-06,40145780.00,1783051199999,98.91608722,8,40145780.00,98.91608722,0
2026-07-03 04:00:00,2.47e-06,2.47e-06,2.47e-06,2.47e-06,0.00,1783065599999,0.00000000,0,0.00,0.00000000,0
2026-07-03 08:00:00,2.48e-06,2.57e-06,2.48e-06,2.56e-06,505628225.00,1783079999999,1272.98282486,33,501273184.00,1261.98417204,0
2026-07-03 12:00:00,2.57e-06,2.59e-06,2.53e-06,2.57e-06,584831033.00,1783094399999,1488.01719243,44,100709960.00,258.36724462,0
2026-07-03 16:00:00,2.57e-06,2.62e-06,2.57e-06,2.62e-06,28459720.00,1783108799999,74.34671052,19,28459720.00,74.34671052,0
2026-07-03 20:00:00,2.63e-06,2.83e-06,2.63e-06,2.77e-06,1857121865.00,1783123199999,5140.48173166,132,1285871281.00,3566.35909408,0
2026-07-04 00:00:00,2.78e-06,2.83e-06,2.75e-06,2.83e-06,774115723.00,1783137599999,2188.57780893,50,757563135.00,2142.66259757,0
2026-07-04 04:00:00,2.84e-06,2.86e-06,2.73e-06,2.73e-06,1580834743.00,1783151999999,4399.86101378,45,379389701.00,1055.76278600,0
2026-07-04 08:00:00,2.72e-06,2.72e-06,2.66e-06,2.7e-06,458298236.00,1783166399999,1233.19317057,23,19569682.00,52.66078074,0
2026-07-04 12:00:00,2.71e-06,2.76e-06,2.7e-06,2.76e-06,94994408.00,1783180799999,257.75870632,17,24424710.00,66.81795352,0
2026-07-04 16:00:00,2.77e-06,2.78e-06,2.75e-06,2.75e-06,43154051.00,1783195199999,119.80664443,16,35543485.00,98.76124879,0
2026-07-04 20:00:00,2.73e-06,2.73e-06,2.73e-06,2.73e-06,1806749.00,1783209599999,4.93242477,1,0.00,0.00000000,0
2026-07-05 00:00:00,2.72e-06,2.73e-06,2.7e-06,2.7e-06,233420648.00,1783223999999,634.56634509,11,156518515.00,425.74849472,0
2026-07-05 04:00:00,2.72e-06,2.72e-06,2.65e-06,2.65e-06,227977163.00,1783238399999,608.28107721,17,7407407.00,20.14814704,0
2026-07-05 08:00:00,2.66e-06,2.66e-06,2.66e-06,2.66e-06,4000000.00,1783252799999,10.64000000,1,0.00,0.00000000,0
2026-07-05 12:00:00,2.68e-06,2.74e-06,2.68e-06,2.69e-06,61349263.00,1783267199999,165.78234942,18,46875431.00,126.68507134,0
2026-07-05 16:00:00,2.7e-06,2.71e-06,2.7e-06,2.71e-06,38598322.00,1783281599999,104.58311646,2,38598322.00,104.58311646,0
2026-07-05 20:00:00,2.69e-06,2.8e-06,2.69e-06,2.75e-06,1574028326.00,1783295999999,4386.66456273,66,1229155200.00,3437.81014458,0
2026-07-06 00:00:00,2.76e-06,2.77e-06,2.74e-06,2.75e-06,56671616.00,1783310399999,155.86171441,10,18631810.00,51.29516786,0
2026-07-06 04:00:00,2.73e-06,2.73e-06,2.66e-06,2.71e-06,82296216.00,1783324799999,222.36802873,22,58091862.00,157.33304273,0
2026-07-06 08:00:00,2.69e-06,2.7e-06,2.69e-06,2.69e-06,9852138.00,1783339199999,26.52058738,5,1833616.00,4.95076320,0
2026-07-06 12:00:00,2.66e-06,2.73e-06,2.62e-06,2.73e-06,83293122.00,1783353599999,221.11320627,26,36860123.00,98.62191877,0
2026-07-06 16:00:00,2.74e-06,2.77e-06,2.73e-06,2.74e-06,67079713.00,1783367999999,183.93185252,15,39066037.00,107.37961056,0
2026-07-06 20:00:00,2.75e-06,2.96e-06,2.74e-06,2.76e-06,1018243818.00,1783382399999,2838.05667916,68,983818395.00,2742.52420160,0
2026-07-07 00:00:00,2.74e-06,2.74e-06,2.68e-06,2.69e-06,353411959.00,1783396799999,950.08226247,38,273644450.00,733.99135051,0
2026-07-07 04:00:00,2.7e-06,2.7e-06,2.7e-06,2.7e-06,1833616.00,1783411199999,4.95076320,1,1833616.00,4.95076320,0
2026-07-07 08:00:00,2.69e-06,2.72e-06,2.69e-06,2.69e-06,29418171.00,1783425599999,79.49473899,11,5487264.00,14.88128620,0
2026-07-07 12:00:00,2.72e-06,2.72e-06,2.65e-06,2.71e-06,616827360.00,1783439999999,1657.69929876,53,255743597.00,691.50502764,0
2026-07-07 16:00:00,2.73e-06,2.75e-06,2.69e-06,2.7e-06,96006651.00,1783454399999,260.43555813,26,25886788.00,70.36410904,0
2026-07-07 20:00:00,2.7e-06,2.7e-06,2.65e-06,2.65e-06,11698357.00,1783468799999,31.37499555,12,4444444.00,11.99999880,0
2026-07-08 00:00:00,2.68e-06,2.68e-06,2.6e-06,2.61e-06,69916500.00,1783483199999,184.24376745,28,9567493.00,25.30609131,0
2026-07-08 04:00:00,2.61e-06,2.61e-06,2.6e-06,2.61e-06,19317852.00,1783497599999,50.40062285,5,9397087.00,24.52639707,0
2026-07-08 08:00:00,2.6e-06,2.6e-06,2.56e-06,2.59e-06,224690699.00,1783511999999,583.56627818,25,7834023.00,20.26905990,0
2026-07-08 12:00:00,2.57e-06,2.61e-06,2.56e-06,2.57e-06,28217937.00,1783526399999,73.21046312,10,21479181.00,55.80703960,0
2026-07-08 16:00:00,2.59e-06,2.62e-06,2.59e-06,2.6e-06,27024998.00,1783540799999,70.42359674,10,9813538.00,25.55874525,0
2026-07-08 20:00:00,2.59e-06,2.63e-06,2.58e-06,2.6e-06,28280843.00,1783555199999,73.66397101,17,19942592.00,52.03731171,0
2026-07-09 00:00:00,2.59e-06,2.62e-06,2.57e-06,2.57e-06,12007380.00,1783569599999,31.15410843,8,4382237.00,11.42440183,0
2026-07-09 04:00:00,2.59e-06,2.67e-06,2.59e-06,2.63e-06,35218099.00,1783583999999,92.83928252,12,31474309.00,82.97443139,0
2026-07-09 08:00:00,2.61e-06,2.61e-06,2.61e-06,2.61e-06,1611125.00,1783598399999,4.20503625,1,0.00,0.00000000,0
2026-07-09 12:00:00,2.61e-06,2.61e-06,2.6e-06,2.6e-06,2175780.00,1783612799999,5.65981493,2,0.00,0.00000000,0
2026-07-09 16:00:00,2.59e-06,2.64e-06,2.59e-06,2.64e-06,20097304.00,1783627199999,52.54536179,12,13293149.00,34.90362947,0
2026-07-09 20:00:00,2.62e-06,2.62e-06,2.62e-06,2.62e-06,40000000.00,1783641599999,104.80000000,1,0.00,0.00000000,0
2026-07-10 00:00:00,2.61e-06,2.68e-06,2.6e-06,2.66e-06,105135040.00,1783655999999,279.25653961,16,10368621.00,27.43825475,0
2026-07-10 04:00:00,2.67e-06,2.67e-06,2.64e-06,2.66e-06,13432536.00,1783670399999,35.76574129,9,10274629.00,27.39178089,0
2026-07-10 08:00:00,2.67e-06,2.7e-06,2.67e-06,2.7e-06,94539323.00,1783684799999,253.51555474,9,89802665.00,240.77394472,0
2026-07-10 12:00:00,2.72e-06,2.76e-06,2.72e-06,2.75e-06,125088411.00,1783699199999,342.78062104,23,104929889.00,287.73866928,0
2026-07-10 16:00:00,2.76e-06,2.87e-06,2.74e-06,2.83e-06,232191560.00,1783713599999,648.06512719,78,144316823.00,402.66068218,0
2026-07-10 20:00:00,2.81e-06,2.84e-06,2.8e-06,2.82e-06,35677925.00,1783727999999,100.58433000,19,21629027.00,61.14246903,0
2026-07-11 00:00:00,2.8e-06,2.82e-06,2.77e-06,2.77e-06,26728295.00,1783742399999,74.56631151,12,7304790.00,20.54640691,0
2026-07-11 04:00:00,2.77e-06,2.78e-06,2.77e-06,2.77e-06,184621190.00,1783756799999,511.41850289,3,1780659.00,4.95023202,0
2026-07-11 08:00:00,2.77e-06,2.81e-06,2.77e-06,2.78e-06,1086964703.00,1783771199999,3039.09509482,25,435779288.00,1215.97776662,0
2026-07-11 12:00:00,2.78e-06,2.83e-06,2.78e-06,2.8e-06,12296780.00,1783785599999,34.59632689,8,8236935.00,23.22206681,0
2026-07-11 16:00:00,2.81e-06,2.83e-06,2.78e-06,2.78e-06,14094750.00,1783799999999,39.67687816,10,7071494.00,19.97709640,0
2026-07-11 20:00:00,2.79e-06,2.84e-06,2.71e-06,2.71e-06,1719662392.00,1783814399999,4732.48610032,54,45401654.00,128.13867549,0
2026-07-12 00:00:00,2.71e-06,2.73e-06,2.68e-06,2.73e-06,1877511368.00,1783828799999,5087.13402635,47,35337113.00,95.47018761,0
2026-07-12 04:00:00,2.72e-06,2.72e-06,2.7e-06,2.7e-06,11060241.00,1783843199999,29.89891854,4,0.00,0.00000000,0
2026-07-12 08:00:00,2.7e-06,2.73e-06,2.7e-06,2.73e-06,12104189.00,1783857599999,32.77224854,3,3640216.00,9.91952144,0
2026-07-12 12:00:00,2.75e-06,2.81e-06,2.75e-06,2.78e-06,4588167050.00,1783871999999,12891.05238445,44,4568309811.00,12835.74505205,0
2026-07-12 16:00:00,2.78e-06,2.81e-06,2.77e-06,2.81e-06,17210503.00,1783886399999,48.16243022,6,5316494.00,14.86818583,0
2026-07-12 20:00:00,2.8e-06,2.83e-06,2.75e-06,2.78e-06,30950011.00,1783900799999,86.88345585,12,19151414.00,54.07816376,0
2026-07-13 00:00:00,2.78e-06,2.8e-06,2.72e-06,2.72e-06,2831193868.00,1783915199999,7774.20871870,49,578010587.00,1601.41209131,0
2026-07-13 04:00:00,2.73e-06,2.77e-06,2.72e-06,2.73e-06,11024501.00,1783929599999,30.19372187,6,7404360.00,20.32887086,0
2026-07-13 08:00:00,2.75e-06,2.75e-06,2.75e-06,2.75e-06,1806749.00,1783943999999,4.96855975,1,1806749.00,4.96855975,0
2026-07-13 12:00:00,2.73e-06,2.78e-06,2.73e-06,2.75e-06,19989428.00,1783958399999,55.10708517,8,16389070.00,45.24223565,0
2026-07-13 16:00:00,2.73e-06,2.73e-06,2.67e-06,2.7e-06,132288609.00,1783972799999,355.43726782,26,24660825.00,66.83461073,0
2026-07-13 20:00:00,2.69e-06,2.72e-06,2.66e-06,2.72e-06,40501558.00,1783987199999,109.26040757,20,33132679.00,89.53069896,0
2026-07-14 00:00:00,2.73e-06,2.75e-06,2.72e-06,2.72e-06,94799194.00,1784001599999,258.64314111,14,69149460.00,188.85779714,0
2026-07-14 04:00:00,2.73e-06,2.75e-06,2.73e-06,2.75e-06,18117740.00,1784015999999,49.78751716,5,18117740.00,49.78751716,0
2026-07-14 08:00:00,2.73e-06,2.73e-06,2.73e-06,2.73e-06,141626033.00,1784030399999,386.63907009,2,0.00,0.00000000,0
2026-07-14 12:00:00,2.75e-06,2.89e-06,2.75e-06,2.86e-06,3971391448.00,1784044799999,11235.54660427,82,3072604622.00,8648.50997568,0
2026-07-14 16:00:00,2.84e-06,2.84e-06,2.8e-06,2.81e-06,22368391.00,1784059199999,63.09682349,10,8904438.00,25.16432792,0
2026-07-14 20:00:00,2.83e-06,2.87e-06,2.81e-06,2.81e-06,17617590.00,1784073599999,49.89299064,12,7055712.00,20.05695840,0
2026-07-15 00:00:00,2.83e-06,2.84e-06,2.78e-06,2.8e-06,47481675.00,1784087999999,132.38454730,12,5433825.00,15.27256956,0
2026-07-15 04:00:00,2.78e-06,2.81e-06,2.77e-06,2.77e-06,13553496.00,1784102399999,37.75520729,7,3535835.00,9.91795381,0
2026-07-15 08:00:00,2.78e-06,2.78e-06,2.77e-06,2.77e-06,26161360.00,1784116799999,72.60175070,2,0.00,0.00000000,0
2026-07-15 12:00:00,2.8e-06,2.94e-06,2.8e-06,2.87e-06,174372697.00,1784131199999,504.91229623,36,95479655.00,277.90003129,0
2026-07-15 16:00:00,2.86e-06,2.86e-06,2.77e-06,2.8e-06,52431369.00,1784145599999,146.87232179,20,16912679.00,47.27458019,0
2026-07-15 20:00:00,2.8e-06,2.8e-06,2.78e-06,2.78e-06,304730422.00,1784159999999,851.03947680,12,191302797.00,535.64783160,0
2026-07-16 00:00:00,2.76e-06,2.8e-06,2.76e-06,2.78e-06,22494629.00,1784174399999,62.50736822,5,3597122.00,10.07194160,0
2026-07-16 04:00:00,2.78e-06,2.78e-06,2.72e-06,2.72e-06,78244103.00,1784188799999,216.16509354,13,40211276.00,111.59703388,0
2026-07-16 08:00:00,2.71e-06,2.73e-06,2.7e-06,2.73e-06,35437988.00,1784203199999,96.37111135,20,14608917.00,39.86407517,0
2026-07-16 12:00:00,2.72e-06,2.76e-06,2.72e-06,2.75e-06,40148245.00,1784217599999,110.06030203,18,12673361.00,34.85157599,0
2026-07-16 16:00:00,2.73e-06,2.74e-06,2.72e-06,2.74e-06,16354779.00,1784231999999,44.66689795,5,9098275.00,24.91113958,0
2026-07-16 20:00:00,2.74e-06,2.75e-06,2.72e-06,2.72e-06,9076525.00,1784246399999,24.83341066,4,5456384.00,14.96855965,0
2026-07-17 00:00:00,2.73e-06,2.77e-06,2.72e-06,2.75e-06,16482796.00,1784260799999,45.30850148,7,14669404.00,40.37607524,0
2026-07-17 04:00:00,2.73e-06,2.73e-06,2.7e-06,2.7e-06,5675199.00,1784275199999,15.41807229,4,0.00,0.00000000,0
2026-07-17 08:00:00,2.72e-06,2.76e-06,2.72e-06,2.73e-06,32860536.00,1784289599999,90.27664827,9,12813213.00,35.18264500,0
2026-07-17 12:00:00,2.72e-06,2.73e-06,2.67e-06,2.7e-06,35543392.00,1784303999999,95.67905268,16,17359126.00,46.82852545,0
2026-07-17 16:00:00,2.72e-06,2.76e-06,2.72e-06,2.76e-06,13894078.00,1784318399999,38.07960876,5,13894078.00,38.07960876,0
2026-07-17 20:00:00,2.76e-06,2.76e-06,2.76e-06,2.76e-06,0.00,1784332799999,0.00000000,0,0.00,0.00000000,0
2026-07-18 00:00:00,2.76e-06,2.76e-06,2.76e-06,2.76e-06,0.00,1784347199999,0.00000000,0,0.00,0.00000000,0
2026-07-18 04:00:00,2.73e-06,2.73e-06,2.72e-06,2.72e-06,26593956.00,1784361599999,72.58336596,5,0.00,0.00000000,0
2026-07-18 08:00:00,2.71e-06,2.73e-06,2.7e-06,2.73e-06,9996676.00,1784375999999,27.12379471,5,3640216.00,9.91952144,0
2026-07-18 12:00:00,2.72e-06,2.75e-06,2.72e-06,2.75e-06,40021046.00,1784390399999,109.25732272,7,5433533.00,14.86968007,0
2026-07-18 16:00:00,2.73e-06,2.77e-06,2.73e-06,2.77e-06,10807743.00,1784404799999,29.82904317,3,9000994.00,24.89661840,0
2026-07-18 20:00:00,2.77e-06,2.77e-06,2.77e-06,2.77e-06,52252211.00,1784419199999,144.73862447,3,52252211.00,144.73862447,0
2026-07-19 00:00:00,2.76e-06,2.76e-06,2.76e-06,2.76e-06,7616279.00,1784433599999,21.02093004,1,7616279.00,21.02093004,0
2026-07-19 04:00:00,2.76e-06,2.83e-06,2.76e-06,2.8e-06,45574887.00,1784447999999,127.43604809,16,39983164.00,111.76167057,0
2026-07-19 08:00:00,2.81e-06,2.84e-06,2.81e-06,2.83e-06,45767901.00,1784462399999,129.76918939,16,17622597.00,49.90624231,0
2026-07-19 12:00:00,2.84e-06,2.88e-06,2.84e-06,2.86e-06,50804659.00,1784476799999,145.04392847,15,35665862.00,101.86314280,0
2026-07-19 16:00:00,2.85e-06,2.85e-06,2.81e-06,2.84e-06,52075189.00,1784491199999,147.38277401,11,15057883.00,42.74683460,0
2026-07-19 20:00:00,2.83e-06,2.84e-06,2.83e-06,2.84e-06,3485814.00,1784505599999,9.88228269,2,1742907.00,4.94985588,0
2026-07-20 00:00:00,2.84e-06,2.93e-06,2.84e-06,2.89e-06,83871794.00,1784519999999,241.97981257,35,51464291.00,148.68421848,0
2026-07-20 04:00:00,2.88e-06,2.88e-06,2.8e-06,2.82e-06,37222054.00,1784534399999,105.74265363,15,13172311.00,37.37262371,0
2026-07-20 08:00:00,2.82e-06,2.93e-06,2.82e-06,2.92e-06,143590767.00,1784548799999,407.70183529,19,28787712.00,82.87491306,0
2026-07-20 12:00:00,2.91e-06,2.93e-06,2.86e-06,2.93e-06,896600075.00,1784563199999,2607.84224679,24,351654842.00,1023.92426054,0
2026-07-20 16:00:00,2.93e-06,2.93e-06,2.88e-06,2.88e-06,7931250.00,1784577599999,23.03954242,5,2255940.00,6.60990420,0
2026-07-20 20:00:00,2.89e-06,2.94e-06,2.88e-06,2.91e-06,50205940.00,1784591999999,146.05680293,9,8818005.00,25.69034188,0
2026-07-21 00:00:00,2.9e-06,2.94e-06,2.9e-06,2.94e-06,120264040.00,1784606399999,351.26205121,13,47894001.00,140.77434818,0
2026-07-21 04:00:00,2.93e-06,2.93e-06,2.93e-06,2.93e-06,1683422.00,1784620799999,4.93242646,1,0.00,0.00000000,0
2026-07-21 08:00:00,2.91e-06,2.97e-06,2.91e-06,2.93e-06,1063224281.00,1784635199999,3136.33153313,19,1053261223.00,3107.11997795,0
2026-07-21 12:00:00,2.94e-06,2.94e-06,2.89e-06,2.89e-06,531576845.00,1784649599999,1557.18196318,11,521969086.00,1529.38163983,0
2026-07-21 16:00:00,2.89e-06,2.89e-06,2.87e-06,2.89e-06,23375652.00,1784663999999,67.44442592,5,8657092.00,25.01899588,0
2026-07-21 20:00:00,2.88e-06,2.88e-06,2.88e-06,2.88e-06,1712648.00,1784678399999,4.93242624,1,0.00,0.00000000,0
2026-07-22 00:00:00,2.89e-06,2.89e-06,2.88e-06,2.88e-06,47981466.00,1784692799999,138.63218378,5,44556170.00,128.76733130,0
2026-07-22 04:00:00,2.86e-06,2.86e-06,2.84e-06,2.84e-06,3461394.00,1784707199999,9.86485144,2,0.00,0.00000000,0
2026-07-22 08:00:00,2.85e-06,2.85e-06,2.84e-06,2.84e-06,74933753.00,1784721599999,212.83953467,2,0.00,0.00000000,0
2026-07-22 12:00:00,2.86e-06,2.88e-06,2.85e-06,2.88e-06,47158525.00,1784735999999,134.53988763,6,45433901.00,129.60746299,0
2026-07-22 16:00:00,2.89e-06,2.91e-06,2.86e-06,2.86e-06,11837740.00,1784750399999,34.07810656,6,3419370.00,9.91611374,0
2026-07-22 20:00:00,2.86e-06,2.89e-06,2.86e-06,2.88e-06,9153996.00,1784764799999,26.30055344,4,3437272.00,9.91646984,0
2026-07-23 00:00:00,2.89e-06,2.9e-06,2.86e-06,2.86e-06,7038640.00,1784779199999,20.29169160,4,3601368.00,10.42684072,0
2026-07-23 04:00:00,2.84e-06,2.84e-06,2.84e-06,2.84e-06,1736770.00,1784793599999,4.93242680,1,0.00,0.00000000,0
2026-07-23 08:00:00,2.86e-06,2.87e-06,2.86e-06,2.86e-06,13583058.00,1784807999999,38.86494029,3,3476211.00,9.95935787,0
2026-07-23 12:00:00,2.84e-06,2.84e-06,2.77e-06,2.77e-06,52500129.00,1784822399999,147.38979779,17,13991275.00,39.49039902,0
2026-07-23 16:00:00,2.77e-06,2.77e-06,2.77e-06,2.77e-06,0.00,1784836799999,0.00000000,0,0.00,0.00000000,0
2026-07-23 20:00:00,2.79e-06,2.79e-06,2.78e-06,2.78e-06,263456127.00,1784851199999,732.62439638,5,209304502.00,582.08287888,0
2026-07-24 00:00:00,2.78e-06,2.78e-06,2.78e-06,2.78e-06,0.00,1784865599999,0.00000000,0,0.00,0.00000000,0
2026-07-24 04:00:00,2.78e-06,2.81e-06,2.78e-06,2.8e-06,23218562.00,1784879999999,64.67116649,7,3535835.00,9.91795381,0
2026-07-24 08:00:00,2.78e-06,2.78e-06,2.77e-06,2.77e-06,4020043.00,1784894399999,11.15326165,2,0.00,0.00000000,0
2026-07-24 12:00:00,2.76e-06,2.76e-06,2.7e-06,2.72e-06,33455507.00,1784908799999,91.15100094,12,12970286.00,35.27917792,0
2026-07-24 16:00:00,2.71e-06,2.71e-06,2.69e-06,2.71e-06,213548342.00,1784923199999,578.58711821,6,205885984.00,557.87706859,0
2026-07-24 20:00:00,2.72e-06,2.72e-06,2.72e-06,2.72e-06,38841343.00,1784937599999,105.64845296,8,38841343.00,105.64845296,0
2026-07-25 00:00:00,2.73e-06,2.73e-06,2.72e-06,2.72e-06,23919693.00,1784951999999,65.13476533,6,23919693.00,65.13476533,0
2026-07-25 04:00:00,2.71e-06,2.71e-06,2.66e-06,2.68e-06,25354639.00,1784966399999,67.97251046,13,13281242.00,35.66360639,0
2026-07-25 08:00:00,2.67e-06,2.67e-06,2.67e-06,2.67e-06,5288324.00,1784980799999,14.11982508,1,0.00,0.00000000,0
2026-07-25 12:00:00,2.69e-06,2.72e-06,2.69e-06,2.72e-06,5507791.00,1784995199999,14.88909867,6,5507791.00,14.88909867,0
2026-07-25 16:00:00,2.73e-06,2.81e-06,2.73e-06,2.78e-06,80832740.00,1785009599999,223.28735315,31,63608464.00,175.41764643,0
2026-07-25 20:00:00,2.77e-06,2.77e-06,2.74e-06,2.76e-06,47039133.00,1785023999999,130.07843392,4,45147761.00,124.87813855,0
2026-07-26 00:00:00,2.75e-06,2.91e-06,2.75e-06,2.91e-06,70387861.00,1785038399999,198.92441524,33,36752892.00,104.42769715,0
2026-07-26 04:00:00,2.92e-06,3.04e-06,2.89e-06,2.99e-06,188047562.00,1785052799999,557.65262093,43,132867762.00,395.92257225,0
2026-07-26 08:00:00,3.01e-06,3.01e-06,2.96e-06,3.01e-06,36265032.00,1785067199999,108.52046306,14,24921071.00,74.82923327,0
2026-07-26 12:00:00,3.03e-06,3.04e-06,2.9e-06,2.93e-06,126583315.00,1785081599999,381.93343277,22,84269905.00,255.93159763,0
2026-07-26 16:00:00,2.94e-06,2.95e-06,2.91e-06,2.91e-06,129969862.00,1785095999999,383.21986964,10,124399415.00,366.93744588,0
2026-07-26 20:00:00,2.91e-06,2.99e-06,2.91e-06,2.99e-06,112866789.00,1785110399999,334.95426053,24,108837504.00,323.02757693,0
2026-07-27 00:00:00,2.99e-06,2.99e-06,2.93e-06,2.94e-06,20263513.00,1785124799999,59.76086014,11,8532590.00,25.20327819,0
2026-07-27 04:00:00,2.95e-06,3.11e-06,2.95e-06,3.02e-06,74062958.00,1785139199999,225.11208903,49,49341400.00,149.97715542,0
2026-07-27 08:00:00,3.01e-06,3.01e-06,2.93e-06,2.96e-06,34990568.00,1785153599999,103.74316594,19,11165041.00,33.24699717,0
2026-07-27 12:00:00,2.94e-06,3.01e-06,2.92e-06,2.96e-06,44462395.00,1785167999999,131.66500192,26,11681924.00,34.71045832,0
2026-07-27 16:00:00,2.94e-06,2.96e-06,2.89e-06,2.92e-06,17148029.00,1785182399999,50.18699717,13,8291890.00,24.30296859,0
2026-07-27 20:00:00,2.9e-06,2.9e-06,2.82e-06,2.82e-06,33461122.00,1785196799999,95.93333416,11,0.00,0.00000000,0
2026-07-28 00:00:00,2.81e-06,2.81e-06,2.77e-06,2.81e-06,353332589.00,1785211199999,992.38799593,17,341190348.00,958.54888025,0
2026-07-28 04:00:00,2.82e-06,2.84e-06,2.81e-06,2.81e-06,15891991.00,1785225599999,44.97101819,8,12393772.00,35.10616466,0
2026-07-28 08:00:00,2.81e-06,2.82e-06,2.81e-06,2.82e-06,547407496.00,1785239999999,1543.61314754,6,542027568.00,1528.49554986,0
2026-07-28 12:00:00,2.8e-06,2.84e-06,2.77e-06,2.83e-06,21628133.00,1785254399999,60.71257177,10,11641819.00,32.87531760,0
2026-07-28 16:00:00,2.81e-06,2.81e-06,2.78e-06,2.81e-06,8826982.00,1785268799999,24.71523345,8,3535835.00,9.91795381,0
2026-07-28 20:00:00,2.8e-06,2.81e-06,2.78e-06,2.8e-06,214403643.00,1785283199999,598.25168627,13,3535835.00,9.91795381,0
2026-07-29 00:00:00,2.81e-06,2.81e-06,2.74e-06,2.74e-06,19587387.00,1785297599999,54.30600472,8,3535835.00,9.91795381,0
2026-07-29 04:00:00,2.73e-06,2.75e-06,2.72e-06,2.75e-06,20804601.00,1785311999999,56.73493404,10,9221685.00,25.21133503,0
2026-07-29 08:00:00,2.74e-06,2.74e-06,2.74e-06,2.74e-06,12423139.00,1785326399999,34.03940086,1,0.00,0.00000000,0
2026-07-29 12:00:00,2.73e-06,2.75e-06,2.71e-06,2.72e-06,96292378.00,1785340799999,262.74941954,12,86569191.00,236.26216879,0
2026-07-29 16:00:00,2.72e-06,2.78e-06,2.72e-06,2.72e-06,127591498.00,1785355199999,350.90206197,13,102920312.00,283.14263909,0
2026-07-29 20:00:00,2.7e-06,2.73e-06,2.67e-06,2.73e-06,46844532.00,1785369599999,126.44618883,19,27607046.00,74.64972188,0
2026-07-30 00:00:00,2.72e-06,2.75e-06,2.72e-06,2.75e-06,9060317.00,1785383999999,24.73453255,8,5433533.00,14.86968007,0
2026-07-30 04:00:00,2.75e-06,2.75e-06,2.73e-06,2.75e-06,151918276.00,1785398399999,416.71719972,78,77459008.00,213.00594853,0
2026-07-30 08:00:00,2.75e-06,2.75e-06,2.74e-06,2.74e-06,16685884.00,1785412799999,45.76845669,6,4913453.00,13.51199575,0
2026-07-30 12:00:00,2.76e-06,2.79e-06,2.75e-06,2.78e-06,56729328.00,1785427199999,157.41113814,29,32925644.00,91.49415954,0
2026-07-30 16:00:00,2.78e-06,2.78e-06,2.77e-06,2.77e-06,10277144.00,1785441599999,28.53963132,2,7194244.00,19.99999832,0
2026-07-30 20:00:00,2.78e-06,2.79e-06,2.77e-06,2.77e-06,170662575.00,1785455999999,474.67809908,9,53426698.00,148.79522864,0
2026-07-31 00:00:00,2.78e-06,2.8e-06,2.72e-06,2.73e-06,2316475988.00,1785470399999,6302.57406818,27,14850294.00,41.02456110,0
2026-07-31 04:00:00,2.75e-06,2.75e-06,2.73e-06,2.75e-06,75079993.00,1785484799999,206.43384577,7,73273244.00,201.50142100,0
2026-07-31 08:00:00,2.73e-06,2.73e-06,2.72e-06,2.73e-06,9087154.00,1785499199999,24.75326029,6,1813392.00,4.95056016,0
2026-07-31 12:00:00,2.75e-06,2.75e-06,2.73e-06,2.73e-06,16335920.00,1785513599999,44.76042080,8,12722422.00,34.89557126,0
2026-07-31 16:00:00,2.72e-06,2.82e-06,2.72e-06,2.75e-06,34993236.00,1785527999999,97.20077425,15,21405918.00,59.64585520,0
2026-07-31 20:00:00,2.74e-06,2.76e-06,2.74e-06,2.76e-06,13302499.00,1785542399999,36.63704942,3,9410108.00,25.97189808,0
2026-08-01 00:00:00,2.78e-06,2.8e-06,2.78e-06,2.78e-06,7126582.00,1785556799999,19.88307234,4,5352328.00,14.95064622,0
2026-08-01 04:00:00,2.8e-06,2.8e-06,2.8e-06,2.8e-06,1774254.00,1785571199999,4.96791120,1,1774254.00,4.96791120,0
2026-08-01 08:00:00,2.78e-06,2.79e-06,2.75e-06,2.75e-06,12769251.00,1785585599999,35.45330713,5,3422232.00,9.54802728,0
2026-08-01 12:00:00,2.78e-06,2.8e-06,2.78e-06,2.8e-06,3567863.00,1785599999999,9.95414422,3,3567863.00,9.95414422,0
2026-08-01 16:00:00,2.81e-06,2.81e-06,2.73e-06,2.75e-06,206291300.00,1785614399999,565.95425285,19,14414467.00,39.83587299,0
2026-08-01 20:00:00,2.75e-06,2.78e-06,2.75e-06,2.77e-06,75784218.00,1785628799999,208.48567451,4,74520881.00,204.98623102,0
2026-08-02 00:00:00,2.8e-06,2.89e-06,2.8e-06,2.88e-06,90916543.00,1785643199999,259.68975623,26,38650220.00,110.30617241,0
2026-08-02 04:00:00,2.89e-06,2.94e-06,2.89e-06,2.94e-06,110592672.00,1785657599999,323.61617899,18,24779642.00,72.34172490,0
2026-08-02 08:00:00,2.93e-06,2.93e-06,2.91e-06,2.91e-06,7607543.00,1785671999999,22.17161857,4,0.00,0.00000000,0
2026-08-02 12:00:00,2.89e-06,2.94e-06,2.88e-06,2.9e-06,930751494.00,1785686399999,2686.98263155,21,5085136.00,14.88214826,0
2026-08-02 16:00:00,2.89e-06,2.91e-06,2.89e-06,2.91e-06,10275152.00,1785700799999,29.86655788,5,8568430.00,24.93413130,0
2026-08-02 20:00:00,2.93e-06,2.93e-06,2.89e-06,2.91e-06,12368664.00,1785715199999,35.93662465,10,8936887.00,25.98488928,0
2026-08-03 00:00:00,2.89e-06,2.89e-06,2.86e-06,2.86e-06,11891070.00,1785729599999,34.16138558,6,1737016.00,4.98523592,0
2026-08-03 04:00:00,2.84e-06,2.84e-06,2.83e-06,2.83e-06,10521930.00,1785743999999,29.86485213,3,7042253.00,19.99999852,0
2026-08-03 08:00:00,2.84e-06,2.84e-06,2.83e-06,2.84e-06,20297919.00,1785758399999,57.60979859,8,16668782.00,47.33934088,0
2026-08-03 12:00:00,2.86e-06,2.91e-06,2.86e-06,2.9e-06,111687858.00,1785772799999,323.49200542,19,10300134.00,29.76630680,0
2026-08-03 16:00:00,2.92e-06,2.95e-06,2.92e-06,2.95e-06,100331678.00,1785787199999,295.24637661,15,89238424.00,262.85407493,0
2026-08-03 20:00:00,2.93e-06,2.94e-06,2.91e-06,2.91e-06,10388598.00,1785801599999,30.38509312,7,1683422.00,4.94926068,0
2026-08-04 00:00:00,2.91e-06,2.94e-06,2.89e-06,2.94e-06,16110990.00,1785815999999,46.91452864,11,10232801.00,29.84466708,0
2026-08-04 04:00:00,2.96e-06,2.98e-06,2.9e-06,2.9e-06,29799749.00,1785830399999,87.72043279,14,11375402.00,33.71288722,0
2026-08-04 08:00:00,2.89e-06,2.91e-06,2.89e-06,2.91e-06,13366145.00,1785844799999,38.73149764,6,8627137.00,25.03576452,0
2026-08-04 12:00:00,2.89e-06,2.9e-06,2.87e-06,2.89e-06,13245560.00,1785859199999,38.20255452,7,5122096.00,14.83695192,0
2026-08-04 16:00:00,2.91e-06,2.93e-06,2.91e-06,2.93e-06,6893377.00,1785873599999,20.16346017,12,6893377.00,20.16346017,0
2026-08-04 20:00:00,2.91e-06,2.93e-06,2.89e-06,2.89e-06,37988472.00,1785887999999,110.78524458,10,15364488.00,44.98358558,0
2026-08-05 00:00:00,2.88e-06,2.89e-06,2.85e-06,2.86e-06,26148985.00,1785902399999,75.08984307,15,14023475.00,40.30080633,0
2026-08-05 04:00:00,2.86e-06,2.86e-06,2.86e-06,2.86e-06,0.00,1785916799999,0.00000000,0,0.00,0.00000000,0
2026-08-05 08:00:00,2.88e-06,2.88e-06,2.87e-06,2.87e-06,157446492.00,1785931199999,452.04444242,8,156201075.00,448.47009563,0
2026-08-05 12:00:00,2.89e-06,2.89e-06,2.84e-06,2.84e-06,25917870.00,1785945599999,74.10542049,12,9426201.00,27.01031430,0
2026-08-05 16:00:00,2.88e-06,2.89e-06,2.88e-06,2.88e-06,12241978.00,1785959999999,35.29114960,9,5149920.00,14.86602256,0
2026-08-05 20:00:00,2.88e-06,2.89e-06,2.88e-06,2.88e-06,17394961.00,1785974399999,50.11461416,7,11682313.00,33.66218792,0
2026-08-06 00:00:00,2.88e-06,2.89e-06,2.86e-06,2.86e-06,29429042.00,1785988799999,84.73827496,8,3790678.00,10.93427912,0
2026-08-06 04:00:00,2.84e-06,2.86e-06,2.82e-06,2.84e-06,16655086.00,1786003199999,47.26976991,8,7123483.00,20.30186518,0
2026-08-06 08:00:00,2.83e-06,2.83e-06,2.78e-06,2.8e-06,105982477.00,1786017599999,295.87864135,12,12640841.00,35.28568893,0
2026-08-06 12:00:00,2.79e-06,2.81e-06,2.79e-06,2.81e-06,99295235.00,1786031999999,277.06893727,4,1761581.00,4.95004261,0
2026-08-06 16:00:00,2.8e-06,2.81e-06,2.8e-06,2.8e-06,5284743.00,1786046399999,14.81489621,4,1761581.00,4.95004261,0
2026-08-06 20:00:00,2.81e-06,2.81e-06,2.81e-06,2.81e-06,1761581.00,1786060799999,4.95004261,2,1761581.00,4.95004261,0
2026-08-07 00:00:00,2.8e-06,2.81e-06,2.8e-06,2.8e-06,5284743.00,1786075199999,14.81489621,3,1761581.00,4.95004261,0
2026-08-07 04:00:00,2.81e-06,2.81e-06,2.8e-06,2.81e-06,5284743.00,1786089599999,14.83251202,6,3523162.00,9.90008522,0
2026-08-07 08:00:00,2.82e-06,2.83e-06,2.82e-06,2.83e-06,67864831.00,1786103999999,191.39637654,4,1755312.00,4.96753296,0
2026-08-07 12:00:00,2.84e-06,2.86e-06,2.81e-06,2.81e-06,12809141.00,1786118399999,36.35312289,7,7574152.00,21.55584256,0
2026-08-07 16:00:00,2.83e-06,2.84e-06,2.8e-06,2.84e-06,114163966.00,1786132799999,323.79959245,9,105272205.00,298.88510853,0
2026-08-07 20:00:00,2.83e-06,2.83e-06,2.81e-06,2.81e-06,3498219.00,1786147199999,9.86485353,2,0.00,0.00000000,0
2026-08-08 00:00:00,2.81e-06,2.86e-06,2.81e-06,2.86e-06,17391225.00,1786161599999,49.18392504,5,17391225.00,49.18392504,0
2026-08-08 04:00:00,2.87e-06,2.87e-06,2.87e-06,2.87e-06,4311354.00,1786175999999,12.37358598,2,4311354.00,12.37358598,0
2026-08-08 08:00:00,2.87e-06,2.87e-06,2.87e-06,2.87e-06,0.00,1786190399999,0.00000000,0,0.00,0.00000000,0
2026-08-08 12:00:00,2.88e-06,2.88e-06,2.88e-06,2.88e-06,6332389.00,1786204799999,18.23728032,2,6332389.00,18.23728032,0
2026-08-08 16:00:00,2.88e-06,2.89e-06,2.87e-06,2.87e-06,617331252.00,1786219199999,1771.93404117,13,66098542.00,189.73706850,0
2026-08-08 20:00:00,2.86e-06,2.87e-06,2.85e-06,2.85e-06,121424440.00,1786233599999,347.32806406,5,13430503.00,38.54554361,0
2026-08-09 00:00:00,2.85e-06,2.85e-06,2.85e-06,2.85e-06,0.00,1786247999999,0.00000000,0,0.00,0.00000000,0
2026-08-09 04:00:00,2.85e-06,2.85e-06,2.85e-06,2.85e-06,0.00,1786262399999,0.00000000,0,0.00,0.00000000,0
2026-08-09 08:00:00,2.88e-06,2.89e-06,2.88e-06,2.89e-06,499644167.00,1786276799999,1438.97954124,7,499644167.00,1438.97954124,0
2026-08-09 12:00:00,2.89e-06,2.89e-06,2.88e-06,2.88e-06,2567665.00,1786291199999,7.40766140,2,1278620.00,3.69521180,0
2026-08-09 16:00:00,2.91e-06,2.93e-06,2.91e-06,2.93e-06,9999075.00,1786305599999,29.26315531,7,9999075.00,29.26315531,0
2026-08-09 20:00:00,2.94e-06,2.94e-06,2.88e-06,2.89e-06,28446443.00,1786319999999,82.82867122,11,8627866.00,25.01870384,0
2026-08-10 00:00:00,2.89e-06,2.94e-06,2.89e-06,2.91e-06,1066246898.00,1786334399999,3082.27542269,24,84712122.00,245.33039168,0
2026-08-10 04:00:00,2.89e-06,2.9e-06,2.88e-06,2.9e-06,11992753.00,1786348799999,34.65833760,4,8579309.00,24.81055166,0
2026-08-10 08:00:00,2.88e-06,2.89e-06,2.88e-06,2.89e-06,1718574.00,1786363199999,4.96661960,2,1712648.00,4.94955272,0
2026-08-10 12:00:00,2.88e-06,2.89e-06,2.86e-06,2.86e-06,11566662.00,1786377599999,33.24757962,5,1712648.00,4.94955272,0
2026-08-10 16:00:00,2.88e-06,2.89e-06,2.86e-06,2.86e-06,7633076.00,1786391999999,21.97347820,5,4195804.00,12.10862732,0
2026-08-10 20:00:00,2.88e-06,2.88e-06,2.88e-06,2.88e-06,1724624.00,1786406399999,4.96691712,1,1724624.00,4.96691712,0
2026-08-11 00:00:00,2.89e-06,2.89e-06,2.88e-06,2.88e-06,33116065.00,1786420799999,95.68830137,3,1712648.00,4.94955272,0
2026-08-11 04:00:00,2.86e-06,2.87e-06,2.86e-06,2.87e-06,3810104.00,1786435199999,10.91775224,3,2085480.00,5.98532760,0
2026-08-11 08:00:00,2.87e-06,2.87e-06,2.87e-06,2.87e-06,0.00,1786449599999,0.00000000,0,0.00,0.00000000,0
2026-08-11 12:00:00,2.84e-06,2.86e-06,2.78e-06,2.78e-06,68657943.00,1786463999999,193.78971929,15,25175339.00,71.70776326,0
2026-08-11 16:00:00,2.8e-06,2.8e-06,2.8e-06,2.8e-06,4388860.00,1786478399999,12.28880800,3,4388860.00,12.28880800,0
2026-08-11 20:00:00,2.81e-06,2.84e-06,2.81e-06,2.83e-06,253468834.00,1786492799999,717.20663672,9,10601392.00,29.98426219,0
2026-08-12 00:00:00,2.84e-06,2.86e-06,2.84e-06,2.84e-06,8497789.00,1786507199999,24.16845616,4,3479677.00,9.91701808,0
2026-08-12 04:00:00,2.84e-06,2.84e-06,2.83e-06,2.83e-06,11147295.00,1786521599999,31.64088873,2,0.00,0.00000000,0
2026-08-12 08:00:00,2.84e-06,2.84e-06,2.84e-06,2.84e-06,1742907.00,1786535999999,4.94985588,1,1742907.00,4.94985588,0
2026-08-12 12:00:00,2.85e-06,2.85e-06,2.8e-06,2.8e-06,9485152.00,1786550399999,26.83953353,4,4225352.00,12.04225320,0
2026-08-12 16:00:00,2.79e-06,2.79e-06,2.77e-06,2.77e-06,7072277.00,1786564799999,19.62940325,3,1072671.00,2.99275209,0
2026-08-12 20:00:00,2.79e-06,2.79e-06,2.63e-06,2.67e-06,64179449.00,1786579199999,173.41264066,23,27981337.00,75.93505123,0
2026-08-13 00:00:00,2.68e-06,2.72e-06,2.67e-06,2.72e-06,47258509.00,1786593599999,127.17937973,13,45268892.00,121.86710234,0
2026-08-13 04:00:00,2.73e-06,2.73e-06,2.72e-06,2.72e-06,16804936.00,1786607999999,45.77363749,6,6421157.00,17.52975861,0
2026-08-13 08:00:00,2.7e-06,2.7e-06,2.69e-06,2.7e-06,5494056.00,1786622399999,14.81561504,5,1833616.00,4.95076320,0
2026-08-13 12:00:00,2.69e-06,2.7e-06,2.67e-06,2.67e-06,19550145.00,1786636799999,52.32724027,7,9324252.00,24.95076132,0
2026-08-13 16:00:00,2.66e-06,2.68e-06,2.64e-06,2.68e-06,44700820.00,1786651199999,119.63046814,8,40978181.00,109.76561526,0
2026-08-13 20:00:00,2.67e-06,2.67e-06,2.67e-06,2.67e-06,2663334.00,1786665599999,7.11110178,1,0.00,0.00000000,0
2026-08-14 00:00:00,2.69e-06,2.7e-06,2.68e-06,2.68e-06,33859576.00,1786679999999,90.84300804,8,3680967.00,9.92013739,0
2026-08-14 04:00:00,2.67e-06,2.67e-06,2.66e-06,2.66e-06,35274443.00,1786694399999,93.84849189,3,0.00,0.00000000,0
2026-08-14 08:00:00,2.67e-06,2.67e-06,2.64e-06,2.64e-06,13152692.00,1786708799999,34.81582168,5,9430053.00,24.95096880,0
2026-08-14 12:00:00,2.63e-06,2.65e-06,2.62e-06,2.65e-06,34155870.00,1786723199999,89.60913687,6,31474284.00,82.55656569,0
2026-08-14 16:00:00,2.66e-06,2.67e-06,2.66e-06,2.66e-06,29375133.00,1786737599999,78.16306215,5,26854296.00,71.45097032,0
2026-08-14 20:00:00,2.64e-06,2.66e-06,2.64e-06,2.66e-06,3736686.00,1786751999999,9.90221790,2,1868343.00,4.96979238,0
2026-08-15 00:00:00,2.66e-06,2.67e-06,2.66e-06,2.66e-06,6540281.00,1786766399999,17.41569042,3,1854296.00,4.95097032,0
2026-08-15 04:00:00,2.67e-06,2.67e-06,2.66e-06,2.66e-06,3726955.00,1786780799999,9.93242689,3,1872659.00,4.99999953,0
2026-08-15 08:00:00,2.64e-06,2.64e-06,2.64e-06,2.64e-06,1868343.00,1786795199999,4.93242552,1,0.00,0.00000000,0
2026-08-15 12:00:00,2.65e-06,2.65e-06,2.64e-06,2.64e-06,4163211.00,1786809599999,11.00968604,2,1880900.00,4.98438500,0
2026-08-15 16:00:00,2.64e-06,2.64e-06,2.64e-06,2.64e-06,0.00,1786823999999,0.00000000,0,0.00,0.00000000,0
2026-08-15 20:00:00,2.65e-06,2.65e-06,2.63e-06,2.63e-06,44687651.00,1786838399999,118.30606085,5,42812204.00,113.37363524,0
2026-08-16 00:00:00,2.61e-06,2.61e-06,2.6e-06,2.61e-06,5683992.00,1786852799999,14.81624825,4,1897087.00,4.95139707,0
2026-08-16 04:00:00,2.61e-06,2.61e-06,2.6e-06,2.6e-06,17605899.00,1786867199999,45.93242552,2,15708812.00,40.99999932,0
2026-08-16 08:00:00,2.6e-06,2.6e-06,2.6e-06,2.6e-06,0.00,1786881599999,0.00000000,0,0.00,0.00000000,0
2026-08-16 12:00:00,2.61e-06,2.61e-06,2.61e-06,2.61e-06,1897087.00,1786895999999,4.95139707,1,1897087.00,4.95139707,0
2026-08-16 16:00:00,2.6e-06,2.6e-06,2.59e-06,2.59e-06,11511440.00,1786910399999,29.83360047,4,0.00,0.00000000,0
2026-08-16 20:00:00,2.57e-06,2.57e-06,2.54e-06,2.57e-06,208368841.00,1786924799999,535.22839007,19,150857644.00,387.68472608,0
2026-08-17 00:00:00,2.57e-06,2.61e-06,2.56e-06,2.61e-06,63355068.00,1786939199999,163.72294856,11,39906269.00,103.47880242,0
2026-08-17 04:00:00,2.61e-06,2.61e-06,2.61e-06,2.61e-06,0.00,1786953599999,0.00000000,0,0.00,0.00000000,0
2026-08-17 08:00:00,2.6e-06,2.6e-06,2.59e-06,2.59e-06,11285413.00,1786967999999,29.24819054,3,7483914.00,19.38333726,0
2026-08-17 12:00:00,2.57e-06,2.6e-06,2.57e-06,2.6e-06,80770752.00,1786982399999,209.17690716,8,3823644.00,9.92228208,0
2026-08-17 16:00:00,2.59e-06,2.59e-06,2.59e-06,2.59e-06,1904412.00,1786996799999,4.93242708,1,0.00,0.00000000,0
2026-08-17 20:00:00,2.57e-06,2.61e-06,2.57e-06,2.58e-06,26635617.00,1787011199999,68.73443418,12,5720731.00,14.87367915,0
2026-08-18 00:00:00,2.59e-06,2.59e-06,2.55e-06,2.56e-06,36811039.00,1787025599999,94.74354737,14,21067390.00,54.46759474,0
2026-08-18 04:00:00,2.57e-06,2.57e-06,2.55e-06,2.55e-06,3308040.00,1787039999999,8.45879238,2,1164519.00,2.99281383,0
2026-08-18 08:00:00,2.57e-06,2.57e-06,2.57e-06,2.57e-06,762210.00,1787054399999,1.95887970,1,762210.00,1.95887970,0
2026-08-18 12:00:00,2.57e-06,2.6e-06,2.56e-06,2.6e-06,49950382.00,1787068799999,129.31698596,11,11522575.00,29.84676770,0
2026-08-18 16:00:00,2.61e-06,2.61e-06,2.6e-06,2.61e-06,5691261.00,1787083199999,14.83522034,6,3794174.00,9.90279414,0
2026-08-18 20:00:00,2.6e-06,2.6e-06,2.59e-06,2.59e-06,3801499.00,1787097599999,9.86485328,2,0.00,0.00000000,0
2026-08-19 00:00:00,2.59e-06,2.59e-06,2.59e-06,2.59e-06,0.00,1787111999999,0.00000000,0,0.00,0.00000000,0
2026-08-19 04:00:00,2.6e-06,2.6e-06,2.59e-06,2.6e-06,5713236.00,1787126399999,14.83536948,5,3808824.00,9.90294240,0
2026-08-19 08:00:00,2.59e-06,2.6e-06,2.59e-06,2.6e-06,3808824.00,1787140799999,9.88389828,4,1904412.00,4.95147120,0
2026-08-19 12:00:00,2.61e-06,2.75e-06,2.6e-06,2.7e-06,241337411.00,1787155199999,657.34874033,37,218440977.00,595.19742519,0
2026-08-19 16:00:00,2.69e-06,2.72e-06,2.69e-06,2.71e-06,154442951.00,1787169599999,418.37537177,11,18372680.00,49.75322256,0
2026-08-19 20:00:00,2.72e-06,2.91e-06,2.72e-06,2.88e-06,494940233.00,1787183999999,1399.47427677,40,461605710.00,1304.15256168,0
2026-08-20 00:00:00,2.89e-06,2.94e-06,2.89e-06,2.91e-06,367481576.00,1787198399999,1070.71620403,21,111304751.00,325.10534185,0
2026-08-20 04:00:00,2.93e-06,2.97e-06,2.89e-06,2.96e-06,7312888285.00,1787212799999,21137.77780116,94,7282926149.00,21050.04746527,0
2026-08-20 08:00:00,2.96e-06,3.2e-06,2.96e-06,3.15e-06,8135555548.00,1787227199999,25230.48613480,174,5652005786.00,17530.77544476,0
2026-08-20 12:00:00,3.15e-06,3.22e-06,3.1e-06,3.22e-06,817898897.00,1787241599999,2570.11109015,68,394474490.00,1241.93784446,0
2026-08-20 16:00:00,3.2e-06,3.22e-06,3.11e-06,3.11e-06,55324123.00,1787255999999,176.04834462,15,35856064.00,114.87486464,0
2026-08-20 20:00:00,3.13e-06,3.26e-06,3.13e-06,3.22e-06,71584795.00,1787270399999,230.46986931,34,47129118.00,151.87829718,0
2026-08-21 00:00:00,3.2e-06,3.25e-06,3.17e-06,3.24e-06,265045074.00,1787284799999,853.85949309,34,147763481.00,477.81573582,0
2026-08-21 04:00:00,3.25e-06,3.49e-06,3.25e-06,3.44e-06,538843677.00,1787299199999,1821.97801155,62,482691444.00,1632.78559835,0
2026-08-21 08:00:00,3.46e-06,3.7e-06,3.44e-06,3.52e-06,381706279.00,1787313599999,1347.94678430,84,117334190.00,417.42582307,0
2026-08-21 12:00:00,3.53e-06,3.76e-06,3.53e-06,3.7e-06,2122349700.00,1787327999999,7735.26397223,50,2082588375.00,7588.49222785,0
2026-08-21 16:00:00,3.68e-06,4.08e-06,3.65e-06,3.79e-06,1728585190.00,1787342399999,6754.15026394,166,985334722.00,3857.07704028,0
2026-08-21 20:00:00,3.8e-06,4.22e-06,3.8e-06,4.12e-06,14183753190.00,1787356799999,56225.37525133,209,6588418621.00,26870.70580757,0
2026-08-22 00:00:00,4.14e-06,4.34e-06,4.05e-06,4.24e-06,4498114739.00,1787371199999,18519.35625055,101,1661337790.00,6885.37429775,0
2026-08-22 04:00:00,4.22e-06,4.54e-06,3.64e-06,4.16e-06,14237677310.00,1787385599999,56515.13786453,375,7135772016.00,27335.54615776,0
2026-08-22 08:00:00,4.14e-06,4.18e-06,3.92e-06,3.98e-06,1844682592.00,1787399999999,7355.32296829,76,75233334.00,304.03340392,0
2026-08-22 12:00:00,4e-06,4.08e-06,3.96e-06,3.99e-06,79944605.00,1787414399999,320.71026943,39,50772032.00,203.97626095,0
2026-08-22 16:00:00,4.02e-06,4.18e-06,4.02e-06,4.14e-06,8550151067.00,1787428799999,35289.82779576,154,5218981124.00,21533.28548651,0
2026-08-22 20:00:00,4.16e-06,4.16e-06,4e-06,4.08e-06,11383978337.00,1787443199999,46485.31107514,91,7968058928.00,32645.32380028,0
2026-08-23 00:00:00,4.08e-06,4.15e-06,3.98e-06,4e-06,1262225660.00,1787457599999,5197.54017843,41,30655391.00,124.53420986,0
2026-08-23 04:00:00,4e-06,4.06e-06,3.84e-06,3.9e-06,118459864.00,1787471999999,468.72441491,54,67270613.00,266.36142016,0
2026-08-23 08:00:00,3.92e-06,4.08e-06,3.92e-06,4.08e-06,57065382.00,1787486399999,227.72841634,29,41325670.00,164.77663350,0
2026-08-23 12:00:00,4.06e-06,4.14e-06,4e-06,4.1e-06,186855789.00,1787500799999,765.53008539,48,146130049.00,598.82657175,0
2026-08-23 16:00:00,4.12e-06,4.15e-06,4.06e-06,4.08e-06,855796238.00,1787515199999,3488.12287967,36,212032153.00,867.64524054,0
2026-08-23 20:00:00,4.08e-06,4.26e-06,4.08e-06,4.1e-06,129366020.00,1787529599999,539.38435137,50,85505298.00,357.03678381,0
2026-08-24 00:00:00,4.08e-06,4.08e-06,3.96e-06,4e-06,54796259.00,1787543999999,220.65094926,35,20015744.00,80.50734770,0
2026-08-24 04:00:00,4.02e-06,4.06e-06,4e-06,4.02e-06,31800654.00,1787558399999,127.91151486,17,14809361.00,59.65608542,0
2026-08-24 08:00:00,4e-06,4.12e-06,3.98e-06,4.08e-06,24583056.00,1787572799999,99.45805582,18,12240304.00,49.56906110,0
2026-08-24 12:00:00,4.06e-06,4.18e-06,4.02e-06,4.08e-06,1206072805.00,1787587199999,4966.48838559,76,755842801.00,3106.66226220,0
2026-08-24 16:00:00,4.1e-06,4.18e-06,3.96e-06,4e-06,95084404.00,1787601599999,383.20116406,32,70618315.00,284.33823778,0
2026-08-24 20:00:00,4e-06,4.04e-06,4e-06,4.04e-06,194088657.00,1787615999999,779.62880631,13,95579565.00,383.67185625,0
2026-08-25 00:00:00,4.05e-06,4.3e-06,4.02e-06,4.2e-06,310180924.00,1787630399999,1278.07014734,76,255288763.00,1047.92004550,0
2026-08-25 04:00:00,4.22e-06,4.26e-06,4.05e-06,4.05e-06,625255309.00,1787644799999,2547.82694568,37,34841308.00,147.39825193,0
2026-08-25 08:00:00,4.08e-06,4.09e-06,4.02e-06,4.04e-06,211014633.00,1787659199999,852.70134968,11,207351881.00,837.90407338,0
2026-08-25 12:00:00,4.02e-06,4.02e-06,3.92e-06,3.98e-06,71907094.00,1787673599999,286.26470257,32,52905056.00,210.88221338,0
2026-08-25 16:00:00,3.96e-06,3.97e-06,3.92e-06,3.94e-06,260855979.00,1787687999999,1029.53239278,18,253321815.00,999.82277522,0
2026-08-25 20:00:00,3.92e-06,3.92e-06,3.78e-06,3.82e-06,77428776.00,1787702399999,298.68423303,39,55394097.00,213.93187945,0
2026-08-26 00:00:00,3.84e-06,3.86e-06,3.84e-06,3.86e-06,2575697.00,1787716799999,9.91636620,2,2575697.00,9.91636620,0
2026-08-26 04:00:00,3.86e-06,3.87e-06,3.82e-06,3.82e-06,19736363.00,1787731199999,75.94701362,11,10399634.00,40.10376935,0
2026-08-26 08:00:00,3.83e-06,3.83e-06,3.76e-06,3.78e-06,20898399.00,1787745599999,79.08016108,13,4175792.00,15.87556632,0
2026-08-26 12:00:00,3.8e-06,3.8e-06,3.68e-06,3.7e-06,52549437.00,1787759999999,195.19382484,24,14841449.00,55.70200248,0
2026-08-26 16:00:00,3.71e-06,3.72e-06,3.66e-06,3.72e-06,2555728922.00,1787774399999,9392.13232385,22,846715070.00,3129.87188361,0
2026-08-26 20:00:00,3.7e-06,3.86e-06,3.7e-06,3.86e-06,83680597.00,1787788799999,317.37928736,16,78239639.00,296.72910864,0
2026-08-27 00:00:00,3.84e-06,3.85e-06,3.8e-06,3.8e-06,72385093.00,1787803199999,276.57869703,14,10354965.00,39.73717441,0
2026-08-27 04:00:00,3.78e-06,3.82e-06,3.77e-06,3.82e-06,10150496.00,1787817599999,38.47632187,9,4204485.00,16.00300314,0
2026-08-27 08:00:00,3.84e-06,3.98e-06,3.84e-06,3.92e-06,118230033.00,1787831999999,466.88140078,37,24493511.00,96.04000119,0
2026-08-27 12:00:00,3.9e-06,4e-06,3.9e-06,3.92e-06,39250812.00,1787846399999,155.27586174,26,22231364.00,88.23376224,0
2026-08-27 16:00:00,3.93e-06,3.94e-06,3.86e-06,3.92e-06,62619632.00,1787860799999,245.53718828,21,51208822.00,201.01021608,0
2026-08-27 20:00:00,3.91e-06,3.92e-06,3.88e-06,3.9e-06,244357462.00,1787875199999,953.56261872,13,182302442.00,711.46383496,0
2026-08-28 00:00:00,3.88e-06,3.96e-06,3.82e-06,3.82e-06,319953591.00,1787889599999,1249.29007694,33,114077121.00,446.76931504,0
2026-08-28 04:00:00,3.8e-06,3.84e-06,3.78e-06,3.78e-06,11607785.00,1787903999999,44.20905437,12,4433416.00,16.98637083,0
2026-08-28 08:00:00,3.8e-06,3.83e-06,3.78e-06,3.8e-06,85803357.00,1787918399999,328.32921258,10,79794199.00,305.52050966,0
2026-08-28 12:00:00,3.82e-06,3.84e-06,3.73e-06,3.74e-06,74912287.00,1787932799999,284.06664898,44,17915019.00,68.14541416,0
2026-08-28 16:00:00,3.73e-06,4.5e-06,3.62e-06,3.69e-06,706760586.00,1787947199999,2658.20863295,142,627159607.00,2360.59104757,0
2026-08-28 20:00:00,3.68e-06,3.69e-06,3.65e-06,3.69e-06,59590635.00,1787961599999,218.18231394,13,26095701.00,95.85342394,0
2026-08-29 00:00:00,3.7e-06,3.7e-06,3.64e-06,3.64e-06,17391683.00,1787975999999,63.81556214,11,4746826.00,17.53585890,0
2026-08-29 04:00:00,3.64e-06,3.66e-06,3.62e-06,3.62e-06,12726441.00,1787990399999,46.21960812,7,3958135.00,14.42643596,0
2026-08-29 08:00:00,3.62e-06,3.62e-06,3.61e-06,3.61e-06,8664604.00,1788004799999,31.30720036,7,0.00,0.00000000,0
2026-08-29 12:00:00,3.62e-06,3.66e-06,3.62e-06,3.64e-06,1600975410.00,1788019199999,5798.95241060,12,2989867.00,10.91293218,0
2026-08-29 16:00:00,3.64e-06,3.66e-06,3.63e-06,3.66e-06,113186227.00,1788033599999,410.92492240,4,58041100.00,210.74811139,0
2026-08-29 20:00:00,3.66e-06,3.67e-06,3.66e-06,3.67e-06,11156879.00,1788047999999,40.89123664,3,11156879.00,40.89123664,0
2026-08-30 00:00:00,3.65e-06,3.65e-06,3.64e-06,3.65e-06,90388855.00,1788062399999,329.60199126,7,30532571.00,111.32028446,0
2026-08-30 04:00:00,3.64e-06,3.65e-06,3.63e-06,3.63e-06,108816613.00,1788076799999,395.60611625,5,4789364.00,17.44692989,0
2026-08-30 08:00:00,3.63e-06,3.63e-06,3.63e-06,3.63e-06,1666243.00,1788091199999,6.04846209,1,0.00,0.00000000,0
2026-08-30 12:00:00,3.69e-06,3.69e-06,3.66e-06,3.66e-06,20908694.00,1788105599999,76.60801182,2,2739726.00,10.10958894,0
2026-08-30 16:00:00,3.7e-06,3.8e-06,3.7e-06,3.75e-06,419140851.00,1788119999999,1576.16434047,34,390619961.00,1469.18361871,0
2026-08-30 20:00:00,3.72e-06,3.72e-06,3.38e-06,3.43e-06,236633082.00,1788134399999,837.34183634,37,126792754.00,455.11712044,0
2026-08-31 00:00:00,3.41e-06,3.45e-06,3.39e-06,3.45e-06,629000980.00,1788148560000,2146.71911638,13,188526410.00,646.53762958,0
2026-08-31 12:00:00,3.56e-06,3.6e-06,3.48e-06,3.54e-06,647935775.00,1788191999999,2291.65711036,12,10192067.00,36.48431560,0
2026-08-31 16:00:00,3.58e-06,3.58e-06,3.55e-06,3.56e-06,685666284.00,1788206399999,2447.47231758,14,324442915.00,1158.28905905,0
2026-08-31 20:00:00,3.57e-06,3.57e-06,3.57e-06,3.57e-06,11235954.00,1788220799999,40.11235578,2,11235954.00,40.11235578,0
2026-09-01 00:00:00,3.55e-06,3.58e-06,3.55e-06,3.55e-06,8379273.00,1788235199999,29.88785794,5,4807997.00,17.20982814,0
2026-09-01 04:00:00,3.54e-06,3.54e-06,3.54e-06,3.54e-06,3994633089.00,1788249599999,14141.00113506,6,0.00,0.00000000,0
2026-09-01 08:00:00,3.54e-06,3.54e-06,3.47e-06,3.51e-06,99013411.00,1788263999999,349.99815334,10,97632907.00,345.17870434,0
2026-09-01 12:00:00,3.52e-06,3.55e-06,3.49e-06,3.54e-06,108573701.00,1788278399999,379.23481981,5,4258351.00,15.03149266,0
2026-09-01 16:00:00,3.51e-06,3.51e-06,3.46e-06,3.46e-06,388493753.00,1788292799999,1361.45272860,8,354032124.00,1242.10597116,0
2026-09-01 20:00:00,3.47e-06,3.49e-06,3.46e-06,3.49e-06,1625461581.00,1788307199999,5640.37515861,17,1447058394.00,5021.33548044,0
2026-09-02 00:00:00,3.46e-06,3.48e-06,3.46e-06,3.47e-06,15510016.00,1788321599999,53.80879043,5,5762788.00,20.05450224,0
2026-09-02 04:00:00,3.48e-06,3.48e-06,3.46e-06,3.46e-06,9134887.00,1788335999999,31.64338248,3,9134887.00,31.64338248,0
2026-09-02 08:00:00,3.43e-06,3.43e-06,3.38e-06,3.38e-06,147905421.00,1788350399999,504.93513072,5,0.00,0.00000000,0
2026-09-02 12:00:00,3.43e-06,3.43e-06,3.41e-06,3.41e-06,26557072.00,1788364799999,90.73777544,6,20697014.00,70.75497766,0
2026-09-02 16:00:00,3.4e-06,3.4e-06,3.4e-06,3.4e-06,1470588.00,1788379199999,4.99999920,1,0.00,0.00000000,0
2026-09-02 20:00:00,3.41e-06,3.42e-06,3.41e-06,3.42e-06,3210706.00,1788393599999,10.97766198,2,2915452.00,9.97084584,0
2026-09-03 00:00:00,3.42e-06,3.45e-06,3.4e-06,3.45e-06,107903170.00,1788407999999,371.05867319,24,5337032.00,18.38652447,0
2026-09-03 04:00:00,3.41e-06,3.45e-06,3.41e-06,3.45e-06,9101932.00,1788422399999,31.21962676,2,4550966.00,15.70083270,0
2026-09-03 08:00:00,3.49e-06,3.49e-06,3.45e-06,3.45e-06,6825663.00,1788436799999,23.72499155,3,4411355.00,15.39562895,0
2026-09-03 12:00:00,3.49e-06,3.85e-06,3.49e-06,3.85e-06,267216979.00,1788451199999,972.75161383,36,206832773.00,745.62644847,0
2026-09-03 16:00:00,3.83e-06,3.87e-06,3.79e-06,3.87e-06,284286834.00,1788465599999,1093.23641978,15,234118853.00,900.89530316,0
2026-09-03 20:00:00,3.72e-06,3.72e-06,3.65e-06,3.67e-06,34310271.00,1788479999999,126.14472712,10,19027695.00,69.91191068,0
2026-09-04 00:00:00,3.67e-06,3.68e-06,3.66e-06,3.68e-06,43759797.00,1788494399999,160.74242628,4,814632.00,2.99784576,0
2026-09-04 04:00:00,3.63e-06,3.63e-06,3.63e-06,3.63e-06,11273712.00,1788508799999,40.92357456,2,821420.00,2.98175460,0
2026-09-04 08:00:00,3.65e-06,3.69e-06,3.65e-06,3.69e-06,23860325.00,1788523199999,87.30809581,3,6881567.00,25.33562911,0
2026-09-04 12:00:00,3.64e-06,3.64e-06,3.52e-06,3.54e-06,332550071.00,1788537599999,1184.14675855,31,194648706.00,692.84153523,0
2026-09-04 16:00:00,3.56e-06,3.56e-06,3.56e-06,3.56e-06,845070.00,1788551999999,3.00844920,1,0.00,0.00000000,0
2026-09-04 20:00:00,3.59e-06,3.59e-06,3.51e-06,3.51e-06,101563981.00,1788566399999,363.94828324,5,100721755.00,360.99206998,0
2026-09-05 00:00:00,3.52e-06,3.52e-06,3.46e-06,3.47e-06,502498702.00,1788580799999,1744.61008566,12,485446895.00,1685.44031537,0
2026-09-05 04:00:00,3.49e-06,3.49e-06,3.49e-06,3.49e-06,4471519.00,1788595199999,15.60560131,2,4471519.00,15.60560131,0
2026-09-05 08:00:00,3.52e-06,3.52e-06,3.52e-06,3.52e-06,1523471.00,1788609599999,5.36261792,1,0.00,0.00000000,0
2026-09-05 12:00:00,3.57e-06,3.57e-06,3.57e-06,3.57e-06,1085922.00,1788623999999,3.87674154,1,0.00,0.00000000,0
2026-09-05 16:00:00,3.58e-06,3.66e-06,3.58e-06,3.61e-06,76709968.00,1788638399999,276.97988162,5,23074161.00,83.64677551,0
2026-09-05 20:00:00,3.62e-06,3.62e-06,3.62e-06,3.62e-06,52219031.00,1788652799999,189.03289222,1,52219031.00,189.03289222,0
2026-09-06 00:00:00,3.62e-06,3.66e-06,3.61e-06,3.65e-06,164452158.00,1788667199999,599.85591373,10,83662623.00,305.69332784,0
2026-09-06 04:00:00,3.64e-06,3.64e-06,3.64e-06,3.64e-06,489351.00,1788681599999,1.78123764,1,489351.00,1.78123764,0
2026-09-06 08:00:00,3.63e-06,3.65e-06,3.63e-06,3.64e-06,199850232.00,1788695999999,727.84627591,4,198685617.00,723.61872346,0
2026-09-06 12:00:00,3.62e-06,3.62e-06,3.59e-06,3.59e-06,34818747.00,1788710399999,125.67451395,4,0.00,0.00000000,0
2026-09-06 16:00:00,3.6e-06,3.61e-06,3.59e-06,3.61e-06,62859599.00,1788724799999,226.38761820,4,15197196.00,54.86187756,0
2026-09-06 20:00:00,3.65e-06,3.65e-06,3.61e-06,3.61e-06,6021999.00,1788739199999,21.95802687,2,5465262.00,19.94820630,0
2026-09-07 00:00:00,3.67e-06,3.67e-06,3.62e-06,3.63e-06,10272479.00,1788753599999,37.20453898,3,10272479.00,37.20453898,0
2026-09-07 04:00:00,3.63e-06,3.63e-06,3.63e-06,3.63e-06,0.00,1788767999999,0.00000000,0,0.00,0.00000000,0
2026-09-07 08:00:00,3.61e-06,3.61e-06,3.58e-06,3.61e-06,6823481967.00,1788782399999,24500.10182478,37,2679392334.00,9620.08810062,0
2026-09-07 12:00:00,3.68e-06,3.68e-06,3.59e-06,3.59e-06,244744218.00,1788796799999,885.56118170,8,3707988.00,13.45999644,0
2026-09-07 16:00:00,3.6e-06,3.63e-06,3.6e-06,3.62e-06,58229233.00,1788811199999,210.89391126,4,18717112.00,67.86003324,0
2026-09-07 20:00:00,3.61e-06,3.61e-06,3.61e-06,3.61e-06,2244095365.00,1788825599999,8101.18426765,2,0.00,0.00000000,0
2026-09-08 00:00:00,3.61e-06,3.65e-06,3.61e-06,3.65e-06,43690518.00,1788839999999,158.57013208,3,1364656.00,4.98099440,0
2026-09-08 04:00:00,3.65e-06,3.65e-06,3.65e-06,3.65e-06,0.00,1788854399999,0.00000000,0,0.00,0.00000000,0
2026-09-08 08:00:00,3.65e-06,3.65e-06,3.61e-06,3.61e-06,4664067413.00,1788868799999,16985.93376648,26,976060214.00,3561.74338670,0
2026-09-08 12:00:00,3.65e-06,3.65e-06,3.65e-06,3.65e-06,432708.00,1788883199999,1.57938420,1,0.00,0.00000000,0
2026-09-08 16:00:00,3.65e-06,3.65e-06,3.65e-06,3.65e-06,0.00,1788897599999,0.00000000,0,0.00,0.00000000,0
2026-09-08 20:00:00,3.63e-06,3.63e-06,3.63e-06,3.63e-06,8938570.00,1788911999999,32.44700910,1,0.00,0.00000000,0
2026-09-09 00:00:00,3.66e-06,3.75e-06,3.66e-06,3.67e-06,370257987.00,1788926399999,1363.39088615,7,213424225.00,787.86607603,0
2026-09-09 04:00:00,3.67e-06,3.67e-06,3.67e-06,3.67e-06,0.00,1788940799999,0.00000000,0,0.00,0.00000000,0
2026-09-09 08:00:00,3.71e-06,3.71e-06,3.71e-06,3.71e-06,14559527.00,1788955199999,54.01584517,2,0.00,0.00000000,0
2026-09-09 12:00:00,3.68e-06,3.68e-06,3.6e-06,3.6e-06,179609534.00,1788969599999,658.60557280,3,0.00,0.00000000,0
2026-09-09 16:00:00,3.58e-06,3.64e-06,3.53e-06,3.53e-06,178693529.00,1788983999999,633.44556922,9,16650941.00,60.40327126,0
2026-09-09 20:00:00,3.5e-06,3.54e-06,3.42e-06,3.46e-06,771904210.00,1788998399999,2689.62362513,16,637412417.00,2219.66619679,0
2026-09-10 00:00:00,3.47e-06,3.5e-06,3.45e-06,3.47e-06,71664010.00,1789012799999,249.01747012,7,66077109.00,229.68538587,0
2026-09-10 04:00:00,3.48e-06,3.48e-06,3.47e-06,3.48e-06,40962739.00,1789027199999,142.51128096,5,32887931.00,114.44999988,0
2026-09-10 08:00:00,3.41e-06,3.42e-06,3.41e-06,3.42e-06,8019055.00,1789041599999,27.37912460,2,0.00,0.00000000,0
2026-09-10 12:00:00,3.4e-06,3.4e-06,3.28e-06,3.28e-06,1130478364.00,1789055999999,3757.94528124,71,522534103.00,1750.83329463,0
2026-09-10 16:00:00,3.26e-06,3.32e-06,3.23e-06,3.32e-06,134892152.00,1789070399999,444.01919346,9,105898910.00,349.45251374,0
2026-09-10 20:00:00,3.3e-06,3.3e-06,3.3e-06,3.3e-06,609268.00,1789084799999,2.01058440,1,0.00,0.00000000,0
