ts,open,high,low,close,volume,close_time,quote_asset_volume,num_trades,taker_buy_base,taker_buy_quote,ignore
2025-01-16 12:00:00,0.4778,0.491,0.4686,0.4788,28172.50000000,1737043199999,13479.66983000,36,28144.80000000,13466.65810000,0
2025-01-16 16:00:00,0.4765,0.484,0.4664,0.4788,6457.40000000,1737057599999,3100.44232000,24,4232.00000000,2034.87361000,0
2025-01-16 20:00:00,0.4772,0.4772,0.4662,0.4681,2495.60000000,1737071999999,1178.02765000,12,1580.90000000,750.90600000,0
2025-01-17 00:00:00,0.476,0.4892,0.4697,0.4811,30673.80000000,1737086399999,14631.98338000,44,16612.90000000,7951.38754000,0
2025-01-17 04:00:00,0.4815,0.498,0.4812,0.498,48564.10000000,1737100799999,23687.58611000,143,43022.10000000,21020.77571000,0
2025-01-17 08:00:00,0.4996,0.5128,0.4996,0.5125,8070.20000000,1737115199999,4070.02331000,30,7894.70000000,3980.23751000,0
2025-01-17 12:00:00,0.51,0.51,0.5019,0.502,5063.20000000,1737129599999,2563.81590000,27,720.30000000,364.98313000,0
2025-01-17 16:00:00,0.5038,0.5038,0.4957,0.5026,12436.20000000,1737143999999,6253.59913000,15,0.00000000,0.00000000,0
2025-01-17 20:00:00,0.5049,0.513,0.4965,0.5053,13550.50000000,1737158399999,6842.86952000,94,8961.10000000,4536.24868000,0
2025-01-18 00:00:00,0.5085,0.511,0.4932,0.4932,14897.60000000,1737172799999,7504.20640000,50,5971.90000000,3040.06158000,0
2025-01-18 04:00:00,0.5005,0.5005,0.4752,0.4752,4476.60000000,1737187199999,2171.43022000,41,371.50000000,181.54733000,0
2025-01-18 08:00:00,0.4761,0.4878,0.4727,0.4878,2290.20000000,1737201599999,1088.66574000,16,732.40000000,351.56768000,0
2025-01-18 12:00:00,0.4878,0.4886,0.476,0.4795,13810.10000000,1737215999999,6679.48723000,16,9116.60000000,4423.59637000,0
2025-01-18 16:00:00,0.4821,0.4821,0.4707,0.473,34534.90000000,1737230399999,16405.63983000,77,19434.50000000,9243.85782000,0
2025-01-18 20:00:00,0.4718,0.4827,0.4704,0.4827,13861.70000000,1737244799999,6604.56403000,47,5378.80000000,2580.65982000,0
2025-01-19 00:00:00,0.4833,0.4938,0.4797,0.4831,8997.40000000,1737259199999,4375.91272000,29,5346.00000000,2612.37218000,0
2025-01-19 04:00:00,0.4786,0.4856,0.4686,0.4686,261419.10000000,1737273599999,124287.85055000,138,168289.80000000,79710.91776000,0
2025-01-19 08:00:00,0.4686,0.4746,0.4448,0.4448,20539.50000000,1737287999999,9425.86796000,54,7154.30000000,3375.39038000,0
2025-01-19 12:00:00,0.4549,0.4883,0.4456,0.4785,97716.50000000,1737302399999,45077.97759000,98,16591.30000000,7715.96491000,0
2025-01-19 16:00:00,0.488,0.4891,0.4761,0.4804,21724.50000000,1737316799999,10463.08658000,47,2924.10000000,1428.30604000,0
2025-01-19 20:00:00,0.4804,0.4877,0.436,0.4464,43868.40000000,1737331199999,20031.76989000,146,18240.90000000,8261.14094000,0
2025-01-20 00:00:00,0.4463,0.452,0.4327,0.4477,22847.50000000,1737345599999,10062.62671000,75,9834.80000000,4391.78645000,0
2025-01-20 04:00:00,0.4479,0.4885,0.4404,0.4791,24105.60000000,1737359999999,11054.93854000,95,13553.70000000,6235.07900000,0
2025-01-20 08:00:00,0.4828,0.4828,0.4637,0.4637,3220.00000000,1737374399999,1507.78486000,17,294.30000000,141.82200000,0
2025-01-20 12:00:00,0.464,0.4669,0.4517,0.464,7952.90000000,1737388799999,3641.33627000,45,316.70000000,147.56198000,0
2025-01-20 16:00:00,0.4552,0.4602,0.4349,0.4396,42244.60000000,1737403199999,18980.81022000,113,29085.70000000,13113.48677000,0
2025-01-20 20:00:00,0.4498,0.4521,0.4371,0.4456,8646.00000000,1737417599999,3805.41016000,27,324.50000000,145.07449000,0
2025-01-21 00:00:00,0.4371,0.4453,0.4305,0.445,80481.40000000,1737431999999,35237.19704000,57,7863.30000000,3442.39512000,0
2025-01-21 04:00:00,0.4337,0.439,0.4304,0.439,4227.70000000,1737446399999,1839.56731000,27,2371.90000000,1040.11200000,0
2025-01-21 08:00:00,0.4393,0.4533,0.4393,0.4445,5718.50000000,1737460799999,2555.59819000,31,4306.90000000,1933.72695000,0
2025-01-21 12:00:00,0.4445,0.4581,0.4433,0.4433,1040.50000000,1737475199999,462.90301000,11,97.50000000,44.48321000,0
2025-01-21 16:00:00,0.456,0.4671,0.449,0.4507,5781.40000000,1737489599999,2645.04715000,28,4524.60000000,2076.88614000,0
2025-01-21 20:00:00,0.4512,0.4603,0.45,0.4564,87437.30000000,1737503999999,39444.51750000,33,72754.10000000,32812.83491000,0
2025-01-22 00:00:00,0.4503,0.4593,0.4461,0.455,10767.40000000,1737518399999,4849.61664000,42,2124.80000000,964.80566000,0
2025-01-22 04:00:00,0.4503,0.4598,0.4464,0.4483,2435.40000000,1737532799999,1105.17962000,15,1531.50000000,699.17171000,0
2025-01-22 08:00:00,0.4466,0.4515,0.4445,0.4515,1977.40000000,1737547199999,882.66318000,11,148.20000000,66.91230000,0
2025-01-22 12:00:00,0.4493,0.4493,0.4444,0.4472,728.10000000,1737561599999,326.77288000,8,91.00000000,40.76030000,0
2025-01-22 16:00:00,0.447,0.4495,0.4404,0.4437,79233.10000000,1737575999999,35031.03582000,47,66991.10000000,29613.22753000,0
2025-01-22 20:00:00,0.4442,0.4516,0.4404,0.4404,4151.30000000,1737590399999,1835.36505000,19,623.30000000,276.92906000,0
2025-01-23 00:00:00,0.4404,0.4427,0.4328,0.4364,10990.90000000,1737604799999,4806.32289000,37,6368.60000000,2779.38640000,0
2025-01-23 04:00:00,0.4364,0.4405,0.4332,0.4382,920.20000000,1737619199999,400.75075000,12,123.60000000,54.30997000,0
2025-01-23 08:00:00,0.4382,0.4393,0.4327,0.4333,1660.60000000,1737633599999,720.64454000,10,159.90000000,69.93227000,0
2025-01-23 12:00:00,0.4332,0.443,0.4304,0.4428,4325.10000000,1737647999999,1903.05749000,24,4046.70000000,1782.58980000,0
2025-01-23 16:00:00,0.4406,0.4459,0.4333,0.4333,3439.60000000,1737662399999,1508.45381000,20,1115.70000000,495.68913000,0
2025-01-23 20:00:00,0.4332,0.4431,0.4304,0.4336,994.30000000,1737676799999,432.94155000,17,250.40000000,110.33193000,0
2025-01-24 00:00:00,0.4408,0.4408,0.4277,0.433,3246.40000000,1737691199999,1401.28560000,27,325.30000000,141.29827000,0
2025-01-24 04:00:00,0.4334,0.4426,0.4254,0.4426,7763.70000000,1737705599999,3406.21241000,26,5782.00000000,2547.97280000,0
2025-01-24 08:00:00,0.4424,0.4464,0.4358,0.4358,7293.40000000,1737719999999,3228.04902000,39,3351.70000000,1487.42519000,0
2025-01-24 12:00:00,0.4404,0.4486,0.4391,0.4473,12179.50000000,1737734399999,5427.76309000,26,9724.80000000,4349.23379000,0
2025-01-24 16:00:00,0.437,0.4451,0.437,0.4408,6984.90000000,1737748799999,3075.53431000,18,2349.00000000,1034.95912000,0
2025-01-24 20:00:00,0.4366,0.4424,0.4304,0.4304,2950.90000000,1737763199999,1281.45207000,16,1078.80000000,469.63980000,0
2025-01-25 00:00:00,0.4303,0.4354,0.4279,0.4354,6328.60000000,1737777599999,2739.11965000,22,3924.10000000,1702.17761000,0
2025-01-25 04:00:00,0.4328,0.4398,0.4291,0.4291,438.60000000,1737791999999,189.37559000,10,194.90000000,84.70683000,0
2025-01-25 08:00:00,0.433,0.433,0.4299,0.4316,1135.30000000,1737806399999,488.89525000,9,359.20000000,155.15004000,0
2025-01-25 12:00:00,0.4338,0.4349,0.43,0.43,8293.70000000,1737820799999,3567.81787000,8,8029.20000000,3452.89610000,0
2025-01-25 16:00:00,0.4364,0.4364,0.4278,0.4315,4415.60000000,1737835199999,1905.32888000,22,781.70000000,341.12128000,0
2025-01-25 20:00:00,0.4357,0.438,0.4284,0.4285,12828.30000000,1737849599999,5559.00891000,22,9246.90000000,4009.15567000,0
2025-01-26 00:00:00,0.4347,0.4386,0.4296,0.4386,4965.10000000,1737863999999,2154.30039000,18,2439.30000000,1063.36077000,0
2025-01-26 04:00:00,0.4348,0.4407,0.4314,0.4353,2618.00000000,1737878399999,1142.20165000,16,821.30000000,360.98275000,0
2025-01-26 08:00:00,0.4337,0.4372,0.4316,0.4359,3358.10000000,1737892799999,1456.34548000,9,2273.10000000,986.26170000,0
2025-01-26 12:00:00,0.4349,0.4409,0.4347,0.436,1495.20000000,1737907199999,651.15498000,6,136.00000000,59.96240000,0
2025-01-26 16:00:00,0.4383,0.4446,0.4333,0.4446,15339.00000000,1737921599999,6679.65364000,27,1454.00000000,642.61767000,0
2025-01-26 20:00:00,0.4454,0.4466,0.4336,0.4336,16414.50000000,1737935999999,7267.11890000,112,8128.10000000,3614.68649000,0
2025-01-27 00:00:00,0.4336,0.437,0.4201,0.4201,32100.90000000,1737950399999,13659.38119000,107,3937.10000000,1702.41603000,0
2025-01-27 04:00:00,0.4214,0.4214,0.3916,0.4018,28547.20000000,1737964799999,11684.38978000,99,4422.80000000,1806.20458000,0
2025-01-27 08:00:00,0.3976,0.4017,0.393,0.398,17031.20000000,1737979199999,6776.69376000,39,14807.00000000,5893.20402000,0
2025-01-27 12:00:00,0.398,0.4146,0.396,0.4107,17990.80000000,1737993599999,7344.04287000,68,7593.10000000,3101.30658000,0
2025-01-27 16:00:00,0.4122,0.4122,0.3977,0.4031,5922.70000000,1738007999999,2395.14273000,36,718.90000000,286.81346000,0
2025-01-27 20:00:00,0.4035,0.4193,0.4003,0.4129,12106.70000000,1738022399999,4983.40617000,72,4330.70000000,1773.78595000,0
2025-01-28 00:00:00,0.4175,0.418,0.4088,0.4135,10006.70000000,1738036799999,4106.56990000,28,8137.40000000,3338.82312000,0
2025-01-28 04:00:00,0.4131,0.4161,0.411,0.4155,12467.10000000,1738051199999,5132.66580000,20,6267.50000000,2580.45137000,0
2025-01-28 08:00:00,0.4115,0.4115,0.4085,0.4085,2366.70000000,1738065599999,971.31268000,12,448.90000000,184.32436000,0
2025-01-28 12:00:00,0.4087,0.4102,0.4051,0.4062,9612.20000000,1738079999999,3928.42980000,35,5327.80000000,2184.06260000,0
2025-01-28 16:00:00,0.4069,0.4069,0.4001,0.4001,4345.70000000,1738094399999,1753.65856000,26,589.90000000,238.52347000,0
2025-01-28 20:00:00,0.4001,0.4001,0.3863,0.3882,13491.70000000,1738108799999,5325.21251000,64,2125.10000000,829.48018000,0
2025-01-29 00:00:00,0.3919,0.3989,0.3878,0.3987,4140.70000000,1738123199999,1637.29191000,31,4065.50000000,1607.84327000,0
2025-01-29 04:00:00,0.3991,0.402,0.3984,0.4019,2121.80000000,1738137599999,851.93492000,16,1439.30000000,577.63817000,0
2025-01-29 08:00:00,0.403,0.4031,0.3959,0.3959,389.80000000,1738151999999,155.54530000,8,114.90000000,46.28448000,0
2025-01-29 12:00:00,0.3958,0.3958,0.391,0.3913,8829.50000000,1738166399999,3462.21020000,11,7648.50000000,2999.74170000,0
2025-01-29 16:00:00,0.3902,0.398,0.3841,0.3974,10233.80000000,1738180799999,3977.17215000,48,1282.70000000,505.83354000,0
2025-01-29 20:00:00,0.3968,0.4031,0.3957,0.3957,3270.80000000,1738195199999,1304.76780000,29,722.30000000,288.30654000,0
2025-01-30 00:00:00,0.3944,0.41,0.3926,0.4076,15043.30000000,1738209599999,6069.72154000,56,14543.20000000,5871.78193000,0
2025-01-30 04:00:00,0.406,0.406,0.4026,0.4026,10324.10000000,1738223999999,4174.92857000,12,9014.70000000,3644.66115000,0
2025-01-30 08:00:00,0.4036,0.4088,0.4036,0.4088,444.10000000,1738238399999,179.96756000,8,61.10000000,24.92332000,0
2025-01-30 12:00:00,0.4079,0.4179,0.4079,0.4178,10047.70000000,1738252799999,4122.61938000,34,9927.70000000,4072.96338000,0
2025-01-30 16:00:00,0.4155,0.4172,0.413,0.413,8852.70000000,1738267199999,3670.96472000,17,2701.20000000,1119.32901000,0
2025-01-30 20:00:00,0.4131,0.4153,0.4114,0.4114,753.90000000,1738281599999,311.43718000,12,429.30000000,177.33582000,0
2025-01-31 00:00:00,0.4114,0.4135,0.4051,0.407,8197.80000000,1738295999999,3336.06083000,25,254.60000000,104.27151000,0
2025-01-31 04:00:00,0.405,0.4117,0.405,0.4117,3180.90000000,1738310399999,1289.70090000,13,2685.30000000,1087.80473000,0
2025-01-31 08:00:00,0.4132,0.4167,0.4132,0.4167,713.70000000,1738324799999,296.38133000,11,649.00000000,269.58906000,0
2025-01-31 12:00:00,0.4167,0.4206,0.4149,0.419,3308.40000000,1738339199999,1380.89134000,22,1681.00000000,703.18325000,0
2025-01-31 16:00:00,0.4194,0.4194,0.408,0.4107,3225.60000000,1738353599999,1332.35693000,27,192.90000000,79.14670000,0
2025-01-31 20:00:00,0.4086,0.4086,0.4027,0.4051,1921.40000000,1738367999999,779.02328000,27,1446.40000000,586.59334000,0
2025-02-01 00:00:00,0.4074,0.4102,0.4051,0.4076,930.10000000,1738382399999,379.65831000,13,674.50000000,275.51654000,0
2025-02-01 04:00:00,0.4076,0.4102,0.4045,0.4075,32245.70000000,1738396799999,13111.33410000,47,30040.60000000,12214.95769000,0
2025-02-01 08:00:00,0.4057,0.4057,0.3984,0.4012,10873.10000000,1738411199999,4384.57563000,40,9308.00000000,3754.72445000,0
2025-02-01 12:00:00,0.4019,0.4029,0.3861,0.3946,14770.00000000,1738425599999,5833.59439000,73,8534.20000000,3384.10677000,0
2025-02-01 16:00:00,0.3959,0.396,0.3854,0.3854,4012.80000000,1738439999999,1579.44284000,19,1023.70000000,404.68796000,0
2025-02-01 20:00:00,0.3852,0.3852,0.3716,0.3722,7628.60000000,1738454399999,2893.50171000,51,399.50000000,151.17166000,0
2025-02-02 00:00:00,0.3744,0.3841,0.367,0.368,9924.60000000,1738468799999,3742.49469000,65,5763.80000000,2188.62770000,0
2025-02-02 04:00:00,0.3693,0.3767,0.3693,0.3723,2104.00000000,1738483199999,785.29413000,21,1384.50000000,517.59644000,0
2025-02-02 08:00:00,0.3748,0.3767,0.3644,0.3645,7239.70000000,1738497599999,2688.12769000,24,187.50000000,70.09665000,0
2025-02-02 12:00:00,0.3666,0.3699,0.3621,0.363,54584.70000000,1738511999999,19884.46414000,49,40659.60000000,14816.01013000,0
2025-02-02 16:00:00,0.3653,0.3653,0.3269,0.3453,107814.90000000,1738526399999,37289.03183000,186,28162.30000000,9801.12285000,0
2025-02-02 20:00:00,0.3475,0.3508,0.3195,0.3316,23542.70000000,1738540799999,7817.68151000,96,8245.20000000,2800.32021000,0
2025-02-03 00:00:00,0.3321,0.3321,0.2456,0.2921,188202.90000000,1738555199999,52070.49232000,288,120145.50000000,33083.69572000,0
2025-02-03 04:00:00,0.2918,0.311,0.279,0.311,12349.50000000,1738569599999,3616.51252000,68,7899.80000000,2352.16784000,0
2025-02-03 08:00:00,0.3093,0.3133,0.301,0.3133,6786.00000000,1738583999999,2060.73053000,19,2108.30000000,651.68014000,0
2025-02-03 12:00:00,0.3154,0.3263,0.2994,0.3261,8207.90000000,1738598399999,2555.75069000,44,7183.40000000,2241.90620000,0
2025-02-03 16:00:00,0.3264,0.3334,0.3227,0.3334,8708.10000000,1738612799999,2838.58177000,26,5857.00000000,1917.81690000,0
2025-02-03 20:00:00,0.334,0.3442,0.3318,0.3409,7091.40000000,1738627199999,2397.42037000,35,2137.00000000,723.27321000,0
2025-02-04 00:00:00,0.3409,0.3409,0.323,0.3267,17359.50000000,1738641599999,5720.83317000,42,4528.60000000,1517.60563000,0
2025-02-04 04:00:00,0.3308,0.3315,0.3072,0.3072,7715.20000000,1738655999999,2452.37411000,38,1361.80000000,449.79924000,0
2025-02-04 08:00:00,0.3072,0.3173,0.3072,0.314,3224.60000000,1738670399999,1011.72176000,15,1637.80000000,517.69183000,0
2025-02-04 12:00:00,0.3126,0.3212,0.3126,0.3133,1601.40000000,1738684799999,506.87330000,12,805.10000000,257.78509000,0
2025-02-04 16:00:00,0.3193,0.3222,0.3128,0.3133,43873.80000000,1738699199999,14035.00670000,46,29298.00000000,9438.41797000,0
2025-02-04 20:00:00,0.3134,0.3156,0.3028,0.3156,73587.00000000,1738713599999,22630.17997000,60,65986.20000000,20292.28560000,0
2025-02-05 00:00:00,0.3127,0.3172,0.3103,0.3117,3154.70000000,1738727999999,987.78316000,19,1415.20000000,447.11248000,0
2025-02-05 04:00:00,0.3173,0.3205,0.3133,0.3205,37237.00000000,1738742399999,11676.73326000,18,30638.10000000,9601.27000000,0
2025-02-05 08:00:00,0.3194,0.3222,0.3159,0.3222,6086.80000000,1738756799999,1937.96969000,15,5103.50000000,1624.63211000,0
2025-02-05 12:00:00,0.323,0.3238,0.3169,0.3188,450.10000000,1738771199999,143.47515000,7,43.70000000,14.10968000,0
2025-02-05 16:00:00,0.3159,0.3159,0.3079,0.3156,10230.30000000,1738785599999,3197.87601000,40,7922.20000000,2474.62210000,0
2025-02-05 20:00:00,0.3154,0.3162,0.3094,0.3103,4485.60000000,1738799999999,1413.77457000,10,4274.80000000,1348.54315000,0
2025-02-06 00:00:00,0.3114,0.3148,0.3114,0.3148,294.80000000,1738814399999,92.60862000,8,269.10000000,84.57738000,0
2025-02-06 04:00:00,0.3163,0.3196,0.3161,0.3191,435.40000000,1738828799999,137.95893000,7,379.70000000,120.15721000,0
2025-02-06 08:00:00,0.3136,0.3171,0.3111,0.3111,1131.00000000,1738843199999,354.33252000,6,125.30000000,39.73263000,0
2025-02-06 12:00:00,0.3132,0.3132,0.297,0.297,6269.50000000,1738857599999,1908.77663000,41,0.00000000,0.00000000,0
2025-02-06 16:00:00,0.3006,0.3006,0.2964,0.2964,574.80000000,1738871999999,172.45832000,7,568.50000000,170.59100000,0
2025-02-06 20:00:00,0.2994,0.2994,0.2944,0.2944,3468.80000000,1738886399999,1024.33427000,20,195.00000000,58.23810000,0
2025-02-07 00:00:00,0.2958,0.3039,0.2958,0.3018,1892.40000000,1738900799999,569.94003000,16,1752.40000000,528.52803000,0
2025-02-07 04:00:00,0.2987,0.3019,0.2949,0.3019,7999.30000000,1738915199999,2385.74565000,20,402.30000000,121.24787000,0
2025-02-07 08:00:00,0.3019,0.3094,0.3019,0.3094,5763.20000000,1738929599999,1747.07543000,42,5647.40000000,1712.03435000,0
2025-02-07 12:00:00,0.3109,0.318,0.3093,0.3093,885.20000000,1738943999999,277.52877000,21,594.30000000,186.44861000,0
2025-02-07 16:00:00,0.3092,0.3108,0.3017,0.3017,44806.20000000,1738958399999,13710.06518000,39,38117.50000000,11672.30748000,0
2025-02-07 20:00:00,0.3009,0.3009,0.2899,0.2971,37380.90000000,1738972799999,11072.49439000,74,24371.20000000,7214.33198000,0
2025-02-08 00:00:00,0.2974,0.3014,0.2967,0.3004,2454.30000000,1738987199999,737.61597000,15,2369.70000000,712.50843000,0
2025-02-08 04:00:00,0.2956,0.3012,0.2956,0.3012,1774.30000000,1739001599999,532.41626000,9,1570.60000000,472.20254000,0
2025-02-08 08:00:00,0.301,0.301,0.2974,0.2974,673.70000000,1739015999999,201.83270000,4,425.90000000,127.86440000,0
2025-02-08 12:00:00,0.2984,0.3032,0.2984,0.3032,378.90000000,1739030399999,114.06564000,9,321.30000000,96.87780000,0
2025-02-08 16:00:00,0.2999,0.3082,0.2998,0.3082,3432.70000000,1739044799999,1040.05457000,18,3086.00000000,936.06501000,0
2025-02-08 20:00:00,0.3048,0.3097,0.3047,0.3097,3355.00000000,1739059199999,1033.51234000,12,327.90000000,101.18880000,0
2025-02-09 00:00:00,0.3068,0.3156,0.3068,0.3156,1332.20000000,1739073599999,413.41847000,18,654.70000000,205.12793000,0
2025-02-09 04:00:00,0.3104,0.3131,0.3092,0.3092,553.80000000,1739087999999,172.08696000,3,156.00000000,48.84360000,0
2025-02-09 08:00:00,0.3114,0.3148,0.3092,0.3148,316.40000000,1739102399999,98.29664000,3,79.40000000,24.99512000,0
2025-02-09 12:00:00,0.3088,0.31,0.3056,0.31,937.10000000,1739116799999,287.64655000,6,715.90000000,219.46804000,0
2025-02-09 16:00:00,0.31,0.3114,0.304,0.304,1873.30000000,1739131199999,576.12251000,15,775.20000000,240.29152000,0
2025-02-09 20:00:00,0.3058,0.3058,0.2949,0.3032,5247.00000000,1739145599999,1579.25084000,39,1796.40000000,538.26535000,0
2025-02-10 00:00:00,0.305,0.3063,0.2928,0.3039,8214.60000000,1739159999999,2486.74195000,44,5795.10000000,1770.10533000,0
2025-02-10 04:00:00,0.2975,0.3067,0.2975,0.3067,1876.10000000,1739174399999,560.50934000,8,1876.10000000,560.50934000,0
2025-02-10 08:00:00,0.3076,0.31,0.3059,0.3075,953.30000000,1739188799999,293.97788000,17,817.50000000,252.31154000,0
2025-02-10 12:00:00,0.3039,0.3107,0.3039,0.3053,205.70000000,1739203199999,63.08072000,9,174.60000000,53.58155000,0
2025-02-10 16:00:00,0.3047,0.31,0.3047,0.3072,1427.30000000,1739217599999,438.07312000,15,881.60000000,270.88519000,0
2025-02-10 20:00:00,0.3101,0.3119,0.3101,0.3111,3528.10000000,1739231999999,1095.46149000,13,3515.20000000,1091.44830000,0
2025-02-11 00:00:00,0.3119,0.3163,0.3105,0.3136,469.80000000,1739246399999,147.68682000,18,399.50000000,125.73576000,0
2025-02-11 04:00:00,0.3141,0.3271,0.3106,0.327,2067.50000000,1739260799999,662.86721000,44,1691.70000000,543.80119000,0
2025-02-11 08:00:00,0.3262,0.3262,0.3214,0.3214,252.70000000,1739275199999,81.60451000,7,108.70000000,34.95478000,0
2025-02-11 12:00:00,0.3189,0.3192,0.3113,0.3139,2780.70000000,1739289599999,873.48187000,22,1337.60000000,421.13061000,0
2025-02-11 16:00:00,0.3139,0.3139,0.3049,0.3059,1348.50000000,1739303999999,414.25038000,25,363.70000000,111.54610000,0
2025-02-11 20:00:00,0.3048,0.3099,0.3032,0.3099,3135.20000000,1739318399999,960.71469000,16,1335.80000000,413.75474000,0
2025-02-12 00:00:00,0.3078,0.3099,0.3041,0.3078,1509.10000000,1739332799999,464.44664000,17,165.00000000,50.92889000,0
2025-02-12 04:00:00,0.3081,0.3083,0.307,0.307,44.90000000,1739347199999,13.82084000,4,44.90000000,13.82084000,0
2025-02-12 08:00:00,0.3095,0.3105,0.3063,0.3078,716.20000000,1739361599999,221.72781000,9,693.60000000,214.78068000,0
2025-02-12 12:00:00,0.3109,0.3109,0.2998,0.3078,14370.70000000,1739375999999,4398.39431000,39,1983.70000000,606.90477000,0
2025-02-12 16:00:00,0.3095,0.3212,0.3081,0.3212,2279.60000000,1739390399999,715.69655000,37,1537.90000000,483.34192000,0
2025-02-12 20:00:00,0.3145,0.331,0.3145,0.327,2820.30000000,1739404799999,915.10840000,33,1528.10000000,497.93845000,0
2025-02-13 00:00:00,0.327,0.3297,0.3255,0.3294,530.50000000,1739419199999,173.95171000,14,368.30000000,121.03882000,0
2025-02-13 04:00:00,0.3291,0.3291,0.3153,0.3153,2504.70000000,1739433599999,807.51675000,24,509.50000000,164.81827000,0
2025-02-13 08:00:00,0.3186,0.3241,0.3153,0.3241,587.10000000,1739447999999,186.47635000,11,148.40000000,47.33496000,0
2025-02-13 12:00:00,0.3166,0.3247,0.3133,0.3161,120292.50000000,1739462399999,38294.79533000,70,117711.90000000,37481.56474000,0
2025-02-13 16:00:00,0.3161,0.3192,0.3114,0.3165,6187.40000000,1739476799999,1936.64314000,18,458.20000000,143.92400000,0
2025-02-13 20:00:00,0.3182,0.3182,0.312,0.3152,2299.40000000,1739491199999,719.53038000,5,221.30000000,70.41766000,0
2025-02-14 00:00:00,0.3152,0.3213,0.3117,0.3213,4951.20000000,1739505599999,1566.01363000,21,4623.80000000,1461.86808000,0
2025-02-14 04:00:00,0.3204,0.3204,0.3167,0.3184,1179.80000000,1739519999999,376.81239000,11,508.00000000,162.25443000,0
2025-02-14 08:00:00,0.3216,0.3251,0.3188,0.3225,845.80000000,1739534399999,272.43582000,12,537.60000000,173.45522000,0
2025-02-14 12:00:00,0.3241,0.3242,0.321,0.323,10290.10000000,1739548799999,3323.56467000,8,290.10000000,93.56467000,0
2025-02-14 16:00:00,0.3207,0.3289,0.3203,0.3263,2497.40000000,1739563199999,811.12009000,20,1653.50000000,537.42847000,0
2025-02-14 20:00:00,0.3231,0.3262,0.3198,0.3239,6200.20000000,1739577599999,1987.81673000,18,94.60000000,30.67297000,0
2025-02-15 00:00:00,0.3213,0.3268,0.3198,0.3238,1516.40000000,1739591999999,491.63905000,12,1082.20000000,352.12029000,0
2025-02-15 04:00:00,0.3252,0.3254,0.3252,0.3254,71.20000000,1739606399999,23.15652000,2,0.00000000,0.00000000,0
2025-02-15 08:00:00,0.3251,0.3251,0.3196,0.3206,1761.30000000,1739620799999,565.69727000,8,234.50000000,76.00345000,0
2025-02-15 12:00:00,0.3236,0.3239,0.3188,0.3188,1890.10000000,1739635199999,607.83425000,10,850.00000000,275.07131000,0
2025-02-15 16:00:00,0.3181,0.3198,0.3173,0.3198,1574.10000000,1739649599999,500.52845000,5,1098.00000000,349.30152000,0
2025-02-15 20:00:00,0.3163,0.3182,0.3153,0.3182,739.70000000,1739663999999,233.54577000,3,258.70000000,81.88647000,0
2025-02-16 00:00:00,0.318,0.3208,0.3152,0.3155,1781.60000000,1739678399999,562.15031000,13,1201.10000000,379.06261000,0
2025-02-16 04:00:00,0.3177,0.3177,0.3175,0.3175,174.90000000,1739692799999,55.53273000,2,9.90000000,3.14523000,0
2025-02-16 08:00:00,0.3159,0.3312,0.3159,0.3241,3716.00000000,1739707199999,1208.94218000,25,3583.60000000,1166.85202000,0
2025-02-16 12:00:00,0.3252,0.3267,0.3221,0.3265,7894.60000000,1739721599999,2563.94395000,11,88.40000000,28.86260000,0
2025-02-16 16:00:00,0.33,0.33,0.3234,0.3245,307.90000000,1739735999999,100.47184000,8,262.00000000,85.43041000,0
2025-02-16 20:00:00,0.3221,0.3275,0.3221,0.3243,1426.10000000,1739750399999,463.02237000,10,278.90000000,90.59539000,0
2025-02-17 00:00:00,0.3262,0.3283,0.325,0.325,2982.90000000,1739764799999,969.84859000,8,2916.90000000,948.26353000,0
2025-02-17 04:00:00,0.325,0.325,0.3203,0.3237,6304.90000000,1739779199999,2031.81694000,14,4248.80000000,1372.34443000,0
2025-02-17 08:00:00,0.3264,0.328,0.3254,0.3263,824.00000000,1739793599999,268.92446000,6,711.30000000,232.16868000,0
2025-02-17 12:00:00,0.3279,0.3333,0.3229,0.3229,3259.70000000,1739807999999,1074.80954000,23,2753.60000000,910.03773000,0
2025-02-17 16:00:00,0.3222,0.3222,0.3133,0.3133,5877.30000000,1739822399999,1865.39508000,26,3361.80000000,1067.93289000,0
2025-02-17 20:00:00,0.3177,0.3234,0.3177,0.3189,2518.80000000,1739836799999,810.02338000,14,1806.70000000,581.06437000,0
2025-02-18 00:00:00,0.3151,0.3181,0.3151,0.3165,4114.30000000,1739851199999,1304.16783000,8,37.80000000,12.00803000,0
2025-02-18 04:00:00,0.3156,0.3185,0.3038,0.3038,2696.00000000,1739865599999,837.46885000,31,1102.90000000,346.48845000,0
2025-02-18 08:00:00,0.3027,0.3056,0.3009,0.3017,3520.00000000,1739879999999,1069.75326000,14,1274.30000000,385.81754000,0
2025-02-18 12:00:00,0.3067,0.3073,0.2977,0.2977,3932.50000000,1739894399999,1179.73208000,12,82.30000000,25.24429000,0
2025-02-18 16:00:00,0.2968,0.2968,0.2896,0.2896,116006.90000000,1739908799999,33670.00154000,61,106608.40000000,30895.33035000,0
2025-02-18 20:00:00,0.2921,0.3016,0.2921,0.3016,2638.90000000,1739923199999,778.64066000,16,689.00000000,205.86924000,0
2025-02-19 00:00:00,0.3015,0.3045,0.2984,0.3033,7328.80000000,1739937599999,2215.37294000,26,5088.70000000,1538.99358000,0
2025-02-19 04:00:00,0.2991,0.3067,0.2979,0.3067,2482.00000000,1739951999999,748.77414000,10,2067.20000000,624.79326000,0
2025-02-19 08:00:00,0.3069,0.3072,0.3055,0.3056,357.30000000,1739966399999,109.31939000,5,143.10000000,43.81105000,0
2025-02-19 12:00:00,0.3056,0.3056,0.2992,0.2992,8157.70000000,1739980799999,2467.85174000,11,2950.20000000,889.80643000,0
2025-02-19 16:00:00,0.2994,0.3019,0.2979,0.3019,1537.70000000,1739995199999,461.94901000,11,922.20000000,278.00601000,0
2025-02-19 20:00:00,0.3027,0.3027,0.294,0.3005,13896.20000000,1740009599999,4151.16878000,23,308.20000000,93.06056000,0
2025-02-20 00:00:00,0.3005,0.3043,0.2979,0.3013,8131.10000000,1740023999999,2448.97231000,31,6483.80000000,1957.29131000,0
2025-02-20 04:00:00,0.3037,0.3048,0.3005,0.3005,109446.40000000,1740038399999,33003.12351000,13,97423.50000000,29353.71446000,0
2025-02-20 08:00:00,0.3009,0.3044,0.2998,0.3044,360.20000000,1740052799999,108.47811000,5,119.70000000,36.30508000,0
2025-02-20 12:00:00,0.302,0.3082,0.2995,0.2995,1358.60000000,1740067199999,412.71469000,17,731.90000000,223.57729000,0
2025-02-20 16:00:00,0.2994,0.3062,0.2991,0.3042,2089.70000000,1740081599999,627.26285000,14,143.90000000,43.98934000,0
2025-02-20 20:00:00,0.3061,0.3079,0.304,0.3079,42871.30000000,1740095999999,13121.51658000,26,29585.10000000,9056.35068000,0
2025-02-21 00:00:00,0.3083,0.309,0.3035,0.304,56819.60000000,1740110399999,17378.02771000,32,2168.70000000,663.48909000,0
2025-02-21 04:00:00,0.3057,0.3096,0.3052,0.3096,734.80000000,1740124799999,225.66686000,6,247.90000000,76.74158000,0
2025-02-21 08:00:00,0.3097,0.3144,0.3097,0.3128,2133.00000000,1740139199999,663.50035000,15,836.60000000,261.09102000,0
2025-02-21 12:00:00,0.3128,0.317,0.3054,0.3054,233784.40000000,1740153599999,73155.22703000,309,13957.00000000,4393.55742000,0
2025-02-21 16:00:00,0.3052,0.3059,0.2905,0.2905,8602.70000000,1740167999999,2570.00690000,125,218.70000000,66.90033000,0
2025-02-21 20:00:00,0.297,0.297,0.2885,0.2911,56282.70000000,1740182399999,16324.16950000,30,32237.00000000,9358.06141000,0
2025-02-22 00:00:00,0.2948,0.2951,0.2927,0.2937,906.40000000,1740196799999,266.44566000,7,841.20000000,247.28990000,0
2025-02-22 04:00:00,0.2949,0.2986,0.2928,0.2951,5943.80000000,1740211199999,1761.41004000,30,4508.00000000,1338.40538000,0
2025-02-22 08:00:00,0.2938,0.2953,0.2937,0.294,1066.20000000,1740225599999,313.55442000,7,198.70000000,58.66111000,0
2025-02-22 12:00:00,0.2932,0.2953,0.2932,0.2943,892.40000000,1740239999999,262.40861000,4,15.60000000,4.60668000,0
2025-02-22 16:00:00,0.295,0.2974,0.2943,0.2943,1307.40000000,1740254399999,386.18255000,8,278.90000000,82.66212000,0
2025-02-22 20:00:00,0.2945,0.2989,0.2945,0.2989,2795.60000000,1740268799999,826.74982000,6,66.90000000,19.99641000,0
2025-02-23 00:00:00,0.298,0.2993,0.2925,0.294,2049.10000000,1740283199999,604.06941000,17,255.10000000,76.03624000,0
2025-02-23 04:00:00,0.2929,0.2997,0.2923,0.2928,786.30000000,1740297599999,230.80405000,8,125.80000000,37.54390000,0
2025-02-23 08:00:00,0.2995,0.2995,0.2922,0.2982,333.50000000,1740311999999,99.05720000,7,188.90000000,56.37476000,0
2025-02-23 12:00:00,0.2958,0.2962,0.2908,0.2908,176.10000000,1740326399999,52.01850000,5,148.40000000,43.94530000,0
2025-02-23 16:00:00,0.2906,0.2966,0.2906,0.2907,482.80000000,1740340799999,141.24512000,7,161.80000000,47.81905000,0
2025-02-23 20:00:00,0.2933,0.2949,0.2933,0.2944,264.40000000,1740355199999,77.71803000,4,247.90000000,72.86043000,0
2025-02-24 00:00:00,0.2974,0.2974,0.2861,0.2868,5490.80000000,1740369599999,1591.72078000,30,1907.30000000,552.64609000,0
2025-02-24 04:00:00,0.2852,0.2893,0.2827,0.2829,980.70000000,1740383999999,278.88167000,13,48.20000000,13.94426000,0
2025-02-24 08:00:00,0.2846,0.2869,0.2807,0.2854,1900.20000000,1740398399999,540.54713000,16,1510.20000000,430.32612000,0
2025-02-24 12:00:00,0.2827,0.2877,0.28,0.28,8308.10000000,1740412799999,2337.10420000,15,2678.80000000,760.02300000,0
2025-02-24 16:00:00,0.2795,0.2867,0.2762,0.2778,3101.00000000,1740427199999,863.12808000,22,98.20000000,27.93614000,0
2025-02-24 20:00:00,0.2791,0.2816,0.2646,0.2666,5868.30000000,1740441599999,1602.58499000,46,1159.50000000,320.90075000,0
2025-02-25 00:00:00,0.2674,0.271,0.2612,0.2695,3860.00000000,1740455999999,1024.36881000,32,1087.40000000,289.79586000,0
2025-02-25 04:00:00,0.2652,0.2661,0.25,0.2562,18705.40000000,1740470399999,4790.95431000,59,2646.40000000,667.42287000,0
2025-02-25 08:00:00,0.2582,0.2633,0.2521,0.2633,2236.60000000,1740484799999,575.60465000,27,1232.80000000,320.49707000,0
2025-02-25 12:00:00,0.2639,0.2796,0.2557,0.2665,9329.00000000,1740499199999,2459.18704000,78,6093.40000000,1605.34821000,0
2025-02-25 16:00:00,0.2622,0.2695,0.2589,0.2695,3758.00000000,1740513599999,992.43306000,35,1156.90000000,308.78834000,0
2025-02-25 20:00:00,0.2712,0.2745,0.2712,0.2745,392.40000000,1740527999999,106.86787000,10,392.40000000,106.86787000,0
2025-02-26 00:00:00,0.2716,0.2811,0.2716,0.2799,6495.20000000,1740542399999,1794.18075000,24,1852.50000000,512.78027000,0
2025-02-26 04:00:00,0.2761,0.2799,0.2759,0.2799,2406.70000000,1740556799999,667.82010000,12,920.40000000,257.38414000,0
2025-02-26 08:00:00,0.2774,0.2822,0.2774,0.2822,1271.30000000,1740571199999,357.38895000,7,1112.00000000,313.19913000,0
2025-02-26 12:00:00,0.2747,0.2797,0.2686,0.2793,6675.40000000,1740585599999,1813.80074000,33,2224.90000000,614.28647000,0
2025-02-26 16:00:00,0.2789,0.2789,0.2646,0.2675,3951.00000000,1740599999999,1065.45774000,32,154.20000000,42.35020000,0
2025-02-26 20:00:00,0.2698,0.2784,0.2668,0.2718,11444.80000000,1740614399999,3165.43007000,24,11387.00000000,3149.97453000,0
2025-02-27 00:00:00,0.2744,0.2768,0.2719,0.2768,8231.50000000,1740628799999,2239.73248000,12,707.20000000,193.83957000,0
2025-02-27 04:00:00,0.2795,0.2823,0.2786,0.2823,5319.10000000,1740643199999,1493.42282000,25,5319.10000000,1493.42282000,0
2025-02-27 08:00:00,0.2819,0.2871,0.2819,0.287,7082.30000000,1740657599999,2024.95095000,19,7011.00000000,2004.80870000,0
2025-02-27 12:00:00,0.2806,0.2815,0.2762,0.2773,9330.40000000,1740671999999,2595.94915000,14,6111.60000000,1694.82165000,0
2025-02-27 16:00:00,0.2764,0.2832,0.2747,0.2747,10699.00000000,1740686399999,2961.27676000,12,134.60000000,37.95669000,0
2025-02-27 20:00:00,0.2735,0.2767,0.2703,0.2767,472.40000000,1740700799999,129.08057000,13,98.70000000,27.13557000,0
2025-02-28 00:00:00,0.2775,0.2775,0.2612,0.263,6702.20000000,1740715199999,1785.56964000,41,1600.00000000,421.61242000,0
2025-02-28 04:00:00,0.2604,0.2618,0.2572,0.26,2804.80000000,1740729599999,729.84695000,21,1079.70000000,281.82248000,0
2025-02-28 08:00:00,0.2578,0.2633,0.2561,0.2603,1552.90000000,1740743999999,402.41445000,13,353.50000000,92.61025000,0
2025-02-28 12:00:00,0.2586,0.2693,0.2583,0.2693,5736.10000000,1740758399999,1522.77074000,33,5718.80000000,1518.29915000,0
2025-02-28 16:00:00,0.2693,0.2725,0.2693,0.2724,1566.00000000,1740772799999,423.36382000,12,1566.00000000,423.36382000,0
2025-02-28 20:00:00,0.2694,0.2694,0.2693,0.2693,565.50000000,1740787199999,152.29075000,4,512.40000000,137.98932000,0
2025-03-01 00:00:00,0.2703,0.2744,0.2703,0.2719,257.00000000,1740801599999,70.19254000,8,181.40000000,49.62590000,0
2025-03-01 04:00:00,0.2734,0.2753,0.2678,0.2708,1694.20000000,1740815999999,464.77244000,13,1290.60000000,354.57009000,0
2025-03-01 08:00:00,0.268,0.2722,0.268,0.2696,288.40000000,1740830399999,77.59366000,3,129.40000000,34.98166000,0
2025-03-01 12:00:00,0.2681,0.2722,0.2664,0.2695,5987.80000000,1740844799999,1605.86584000,9,5949.40000000,1595.61188000,0
2025-03-01 16:00:00,0.2659,0.2775,0.2658,0.2775,36774.30000000,1740859199999,10181.09315000,25,33737.30000000,9360.93735000,0
2025-03-01 20:00:00,0.2793,0.2849,0.2787,0.2838,874.40000000,1740873599999,246.69204000,17,822.60000000,232.25538000,0
2025-03-02 00:00:00,0.2821,0.2822,0.2791,0.2819,329.00000000,1740887999999,92.29571000,8,144.00000000,40.58006000,0
2025-03-02 04:00:00,0.2809,0.2809,0.2795,0.28,1840.10000000,1740902399999,515.15814000,8,70.90000000,19.86268000,0
2025-03-02 08:00:00,0.2777,0.2797,0.2763,0.2797,2335.10000000,1740916799999,651.99911000,9,1975.30000000,552.32056000,0
2025-03-02 12:00:00,0.2785,0.2902,0.2773,0.2878,4167.50000000,1740931199999,1186.01781000,28,2293.80000000,651.27727000,0
2025-03-02 16:00:00,0.2926,0.3108,0.2926,0.3056,36693.30000000,1740945599999,11157.48931000,96,28303.10000000,8611.66713000,0
2025-03-02 20:00:00,0.3039,0.3039,0.302,0.3033,37292.80000000,1740959999999,11274.08817000,26,21783.60000000,6578.86561000,0
2025-03-03 00:00:00,0.301,0.301,0.2903,0.2903,3803.30000000,1740974399999,1119.44346000,35,169.30000000,50.23560000,0
2025-03-03 04:00:00,0.2903,0.2919,0.2818,0.2848,35350.90000000,1740988799999,10269.92130000,39,31384.60000000,9129.79210000,0
2025-03-03 08:00:00,0.2868,0.2868,0.2798,0.2845,1065.50000000,1741003199999,301.42141000,8,751.30000000,213.20821000,0
2025-03-03 12:00:00,0.2843,0.2843,0.2747,0.2765,4412.40000000,1741017599999,1230.54959000,29,2140.70000000,601.75374000,0
2025-03-03 16:00:00,0.276,0.277,0.2507,0.251,20568.60000000,1741031999999,5368.00457000,76,3980.60000000,1053.84230000,0
2025-03-03 20:00:00,0.2531,0.2566,0.25,0.2566,81690.50000000,1741046399999,20572.94755000,56,71479.30000000,18002.94115000,0
2025-03-04 00:00:00,0.2564,0.2564,0.2337,0.2387,12374.90000000,1741060799999,3012.67208000,67,7968.80000000,1930.02544000,0
2025-03-04 04:00:00,0.2449,0.2477,0.2448,0.2453,1565.00000000,1741075199999,384.45061000,13,1565.00000000,384.45061000,0
2025-03-04 08:00:00,0.2422,0.2449,0.2402,0.2438,937.10000000,1741089599999,226.67005000,9,133.20000000,32.44442000,0
2025-03-04 12:00:00,0.2396,0.2477,0.235,0.2387,7727.90000000,1741103999999,1853.98762000,50,3505.20000000,846.19800000,0
2025-03-04 16:00:00,0.237,0.2478,0.2294,0.2478,5223.00000000,1741118399999,1239.09137000,42,3921.60000000,936.32277000,0
2025-03-04 20:00:00,0.2433,0.2515,0.2433,0.2515,3609.50000000,1741132799999,890.57456000,26,1205.40000000,301.61974000,0
2025-03-05 00:00:00,0.2484,0.251,0.2466,0.25,2819.30000000,1741147199999,703.01306000,9,1192.60000000,296.45843000,0
2025-03-05 04:00:00,0.2484,0.2492,0.2456,0.2492,3044.10000000,1741161599999,753.80813000,8,2093.30000000,519.93508000,0
2025-03-05 08:00:00,0.2511,0.2564,0.2502,0.2557,1649.90000000,1741175999999,417.18282000,21,1426.60000000,361.31316000,0
2025-03-05 12:00:00,0.2531,0.2531,0.2487,0.2492,15794.30000000,1741190399999,3989.66809000,13,14751.80000000,3729.12266000,0
2025-03-05 16:00:00,0.2518,0.2531,0.2478,0.2531,36997.00000000,1741204799999,9352.95943000,22,35971.50000000,9098.33241000,0
2025-03-05 20:00:00,0.2551,0.2577,0.2526,0.2526,1868.40000000,1741219199999,478.36298000,12,564.80000000,144.69444000,0
2025-03-06 00:00:00,0.2573,0.2583,0.2507,0.2583,242.60000000,1741233599999,62.21824000,4,235.20000000,60.36306000,0
2025-03-06 04:00:00,0.2564,0.2598,0.2564,0.2572,3105.80000000,1741247999999,805.69362000,13,1018.20000000,263.86818000,0
2025-03-06 08:00:00,0.2565,0.2594,0.2564,0.2586,1226.00000000,1741262399999,314.75801000,7,136.30000000,35.27894000,0
2025-03-06 12:00:00,0.2557,0.2574,0.2495,0.2517,1672.60000000,1741276799999,420.27444000,13,121.20000000,31.01026000,0
2025-03-06 16:00:00,0.2494,0.2494,0.2456,0.2456,393.20000000,1741291199999,96.78462000,8,0.00000000,0.00000000,0
2025-03-06 20:00:00,0.2458,0.2525,0.2458,0.2525,2250.80000000,1741305599999,565.47493000,11,2242.30000000,563.38563000,0
2025-03-07 00:00:00,0.2476,0.2476,0.2366,0.2437,23189.70000000,1741319999999,5609.83273000,89,11382.10000000,2743.78760000,0
2025-03-07 04:00:00,0.2445,0.2445,0.2423,0.2423,2073.90000000,1741334399999,504.94665000,6,8.20000000,2.00490000,0
2025-03-07 08:00:00,0.2441,0.2488,0.2441,0.2451,3699.30000000,1741348799999,916.04275000,15,3466.10000000,859.09363000,0
2025-03-07 12:00:00,0.2453,0.2515,0.2453,0.2466,3785.70000000,1741363199999,940.58884000,8,237.00000000,59.57490000,0
2025-03-07 16:00:00,0.2459,0.2486,0.2412,0.2481,13245.00000000,1741377599999,3253.12601000,25,7175.70000000,1776.62468000,0
2025-03-07 20:00:00,0.2467,0.2467,0.2403,0.2403,312.60000000,1741391999999,75.75455000,6,0.00000000,0.00000000,0
2025-03-08 00:00:00,0.2402,0.2418,0.2375,0.2395,4981.40000000,1741406399999,1192.76192000,21,1018.80000000,242.67116000,0
2025-03-08 04:00:00,0.2366,0.2424,0.2366,0.2368,4172.10000000,1741420799999,1001.63835000,9,2931.80000000,707.34754000,0
2025-03-08 08:00:00,0.2382,0.2407,0.2382,0.2407,459.30000000,1741435199999,109.66476000,2,103.80000000,24.98466000,0
2025-03-08 12:00:00,0.2425,0.2426,0.2391,0.2391,3003.90000000,1741449599999,727.75979000,4,2801.90000000,679.46159000,0
2025-03-08 16:00:00,0.2413,0.244,0.2413,0.2433,1372.10000000,1741463999999,333.33777000,9,1010.10000000,245.97237000,0
2025-03-08 20:00:00,0.2447,0.2461,0.2406,0.2417,438.80000000,1741478399999,106.80274000,8,46.30000000,11.36335000,0
2025-03-09 00:00:00,0.2466,0.2466,0.2415,0.2415,227.90000000,1741492799999,55.53645000,9,161.50000000,39.39220000,0
2025-03-09 04:00:00,0.2433,0.244,0.2433,0.244,404.80000000,1741507199999,98.50212000,3,404.80000000,98.50212000,0
2025-03-09 08:00:00,0.2401,0.2401,0.2374,0.2374,3169.90000000,1741521599999,757.47609000,12,104.50000000,24.97550000,0
2025-03-09 12:00:00,0.2391,0.2391,0.2322,0.2322,4864.10000000,1741535999999,1137.88939000,21,241.90000000,57.41195000,0
2025-03-09 16:00:00,0.2315,0.2315,0.22,0.2216,21910.80000000,1741550399999,4944.81146000,48,11187.90000000,2525.23909000,0
2025-03-09 20:00:00,0.2255,0.2255,0.22,0.2226,16018.20000000,1741564799999,3548.32628000,19,11858.20000000,2630.38612000,0
2025-03-10 00:00:00,0.221,0.2247,0.2179,0.2238,4255.60000000,1741579199999,948.41602000,22,3609.00000000,806.16654000,0
2025-03-10 04:00:00,0.2255,0.2275,0.2255,0.2275,2328.20000000,1741593599999,527.82569000,10,2328.20000000,527.82569000,0
2025-03-10 08:00:00,0.2252,0.2313,0.2218,0.2269,15967.70000000,1741607999999,3629.98350000,29,4915.80000000,1120.88670000,0
2025-03-10 12:00:00,0.2297,0.2302,0.2163,0.2216,16975.30000000,1741622399999,3765.75493000,33,10204.10000000,2255.71811000,0
2025-03-10 16:00:00,0.2165,0.2165,0.2,0.2098,30435.40000000,1741636799999,6385.87742000,67,13277.30000000,2766.48396000,0
2025-03-10 20:00:00,0.2095,0.2098,0.2042,0.2042,13470.10000000,1741651199999,2809.13682000,9,6338.60000000,1327.87886000,0
2025-03-11 00:00:00,0.2043,0.2061,0.191,0.2023,47236.20000000,1741665599999,9315.42488000,73,15830.00000000,3099.19942000,0
2025-03-11 04:00:00,0.2041,0.2101,0.204,0.2101,6148.80000000,1741679999999,1273.96746000,23,5128.50000000,1063.82133000,0
2025-03-11 08:00:00,0.2112,0.2119,0.2091,0.2115,2107.80000000,1741694399999,442.46723000,6,452.70000000,95.87338000,0
2025-03-11 12:00:00,0.212,0.2133,0.2041,0.2101,14125.90000000,1741708799999,2942.03778000,29,6665.70000000,1390.87356000,0
2025-03-11 16:00:00,0.212,0.2172,0.2097,0.2163,8430.50000000,1741723199999,1784.56642000,18,7456.50000000,1577.13350000,0
2025-03-11 20:00:00,0.2164,0.22,0.2146,0.2146,38875.80000000,1741737599999,8426.75117000,21,30285.70000000,6566.41603000,0
2025-03-12 00:00:00,0.2141,0.2153,0.2103,0.2103,5691.30000000,1741751999999,1217.03863000,22,281.00000000,60.30957000,0
2025-03-12 04:00:00,0.2099,0.2148,0.2099,0.2148,120.70000000,1741766399999,25.59258000,4,57.70000000,12.32576000,0
2025-03-12 08:00:00,0.2152,0.2195,0.2144,0.2195,13718.80000000,1741780799999,2967.49695000,21,11485.70000000,2485.74398000,0
2025-03-12 12:00:00,0.22,0.2235,0.2114,0.2114,12386.50000000,1741795199999,2692.66857000,33,1963.80000000,437.18647000,0
2025-03-12 16:00:00,0.2141,0.2166,0.2136,0.2139,6513.80000000,1741809599999,1405.01973000,12,6482.10000000,1398.24654000,0
2025-03-12 20:00:00,0.2157,0.2171,0.2151,0.2158,6806.50000000,1741823999999,1466.37984000,8,1075.20000000,232.64268000,0
2025-03-13 00:00:00,0.2165,0.2173,0.2157,0.2169,5831.60000000,1741838399999,1262.87928000,8,5831.60000000,1262.87928000,0
2025-03-13 04:00:00,0.2155,0.2159,0.2139,0.2139,2323.80000000,1741852799999,499.26059000,9,184.00000000,39.64566000,0
2025-03-13 08:00:00,0.2161,0.2187,0.2146,0.218,2200.30000000,1741867199999,475.81114000,8,1908.30000000,412.80012000,0
2025-03-13 12:00:00,0.2195,0.2202,0.2126,0.2126,2919.80000000,1741881599999,625.04348000,15,274.80000000,60.21958000,0
2025-03-13 16:00:00,0.2123,0.2123,0.2065,0.2065,668.10000000,1741895999999,140.21789000,13,94.80000000,19.95874000,0
2025-03-13 20:00:00,0.2085,0.212,0.2064,0.212,4932.30000000,1741910399999,1034.22461000,9,4656.30000000,977.12867000,0
2025-03-14 00:00:00,0.211,0.2138,0.2105,0.2138,3403.60000000,1741924799999,725.38094000,10,3390.20000000,722.56024000,0
2025-03-14 04:00:00,0.2135,0.2144,0.2135,0.2144,210.40000000,1741939199999,44.94137000,2,23.30000000,4.99552000,0
2025-03-14 08:00:00,0.215,0.2162,0.2147,0.2147,1228.70000000,1741953599999,264.67641000,7,1002.80000000,216.04482000,0
2025-03-14 12:00:00,0.2126,0.2185,0.2117,0.2167,6102.80000000,1741967999999,1308.10372000,16,2367.60000000,512.92298000,0
2025-03-14 16:00:00,0.2163,0.2171,0.215,0.2171,2204.40000000,1741982399999,477.17276000,5,509.00000000,110.50390000,0
2025-03-14 20:00:00,0.2153,0.2153,0.215,0.215,3116.60000000,1741996799999,670.23516000,4,0.00000000,0.00000000,0
2025-03-15 00:00:00,0.2153,0.2172,0.2142,0.2172,6054.00000000,1742011199999,1303.10735000,15,6054.00000000,1303.10735000,0
2025-03-15 04:00:00,0.2174,0.2174,0.217,0.217,1843.70000000,1742025599999,400.32443000,5,242.00000000,52.59976000,0
2025-03-15 08:00:00,0.2148,0.2159,0.2148,0.215,1287.30000000,1742039999999,276.69667000,3,115.70000000,24.97963000,0
2025-03-15 12:00:00,0.2138,0.2172,0.2138,0.2162,1560.90000000,1742054399999,335.38093000,17,201.00000000,43.60278000,0
2025-03-15 16:00:00,0.2165,0.2165,0.215,0.215,251.90000000,1742068799999,54.44382000,4,184.20000000,39.87930000,0
2025-03-15 20:00:00,0.2162,0.2187,0.2162,0.2177,1405.20000000,1742083199999,306.45075000,4,720.50000000,157.50241000,0
2025-03-16 00:00:00,0.2185,0.2185,0.214,0.2176,3603.10000000,1742097599999,780.78266000,9,2794.40000000,606.39280000,0
2025-03-16 04:00:00,0.2169,0.2192,0.2169,0.2192,63.10000000,1742111999999,13.79242000,2,46.10000000,10.10512000,0
2025-03-16 08:00:00,0.2188,0.2188,0.2114,0.2114,5480.40000000,1742126399999,1161.87689000,8,75.00000000,16.41000000,0
2025-03-16 12:00:00,0.211,0.2129,0.2098,0.211,1009.80000000,1742140799999,213.14489000,12,608.30000000,128.52110000,0
2025-03-16 16:00:00,0.2134,0.2144,0.2067,0.2067,2884.40000000,1742155199999,614.08031000,8,1425.60000000,304.22304000,0
2025-03-16 20:00:00,0.2081,0.2094,0.2076,0.2094,804.30000000,1742169599999,168.11111000,5,748.20000000,156.46475000,0
2025-03-17 00:00:00,0.2101,0.2153,0.2101,0.2153,5109.30000000,1742183999999,1085.97955000,14,5109.30000000,1085.97955000,0
2025-03-17 04:00:00,0.2153,0.2153,0.2153,0.2153,0.00000000,1742198399999,0.00000000,0,0.00000000,0.00000000,0
2025-03-17 08:00:00,0.2162,0.2172,0.2162,0.2168,367.10000000,1742212799999,79.50494000,5,288.80000000,62.52950000,0
2025-03-17 12:00:00,0.2177,0.2195,0.2138,0.2138,2089.90000000,1742227199999,450.01821000,9,281.70000000,61.72283000,0
2025-03-17 16:00:00,0.2146,0.2176,0.2129,0.2176,1946.90000000,1742241599999,420.16471000,7,1561.10000000,337.29109000,0
2025-03-17 20:00:00,0.2164,0.2175,0.2158,0.2171,617.70000000,1742255999999,133.84490000,5,541.20000000,117.30845000,0
2025-03-18 00:00:00,0.2132,0.2132,0.2103,0.2103,10303.10000000,1742270399999,2175.66226000,22,1071.00000000,226.66509000,0
2025-03-18 04:00:00,0.2094,0.2109,0.2088,0.2088,13859.50000000,1742284799999,2913.66660000,8,771.00000000,162.59964000,0
2025-03-18 08:00:00,0.2106,0.2106,0.2077,0.2077,1809.00000000,1742299199999,377.95498000,7,47.40000000,9.98244000,0
2025-03-18 12:00:00,0.2078,0.208,0.2035,0.2058,9228.70000000,1742313599999,1901.13629000,26,5353.40000000,1101.40979000,0
2025-03-18 16:00:00,0.2047,0.2047,0.204,0.204,88.10000000,1742327999999,17.98710000,2,21.00000000,4.29870000,0
2025-03-18 20:00:00,0.2075,0.211,0.2066,0.211,6217.60000000,1742342399999,1295.72445000,12,6173.80000000,1286.67537000,0
2025-03-19 00:00:00,0.2112,0.2135,0.2108,0.2117,2590.80000000,1742356799999,547.61303000,13,615.90000000,131.17710000,0
2025-03-19 04:00:00,0.211,0.2122,0.2087,0.2122,2840.90000000,1742371199999,596.82419000,5,259.10000000,54.98102000,0
2025-03-19 08:00:00,0.212,0.2166,0.2104,0.2166,2203.20000000,1742385599999,470.27325000,9,1818.70000000,389.37445000,0
2025-03-19 12:00:00,0.2166,0.2185,0.2149,0.2161,2999.50000000,1742399999999,648.06164000,24,301.70000000,65.40137000,0
2025-03-19 16:00:00,0.2144,0.2167,0.2137,0.2164,2897.10000000,1742414399999,620.60519000,5,2747.10000000,588.44519000,0
2025-03-19 20:00:00,0.2164,0.2202,0.2164,0.2199,18848.20000000,1742428799999,4079.78440000,15,18848.20000000,4079.78440000,0
2025-03-20 00:00:00,0.2199,0.2199,0.2164,0.2164,10334.30000000,1742443199999,2256.25510000,10,5652.70000000,1242.58590000,0
2025-03-20 04:00:00,0.2178,0.2178,0.2178,0.2178,544.60000000,1742457599999,118.61388000,1,544.60000000,118.61388000,0
2025-03-20 08:00:00,0.2166,0.2167,0.2138,0.2167,411.10000000,1742471999999,88.60801000,5,45.90000000,9.94653000,0
2025-03-20 12:00:00,0.2127,0.2132,0.2122,0.2122,57804.60000000,1742486399999,12301.56072000,17,55400.40000000,11789.20512000,0
2025-03-20 16:00:00,0.2123,0.2126,0.2098,0.2126,16218.50000000,1742500799999,3412.89958000,19,210.80000000,44.73177000,0
2025-03-20 20:00:00,0.212,0.2127,0.2113,0.2113,631.80000000,1742515199999,133.65952000,5,631.80000000,133.65952000,0
2025-03-21 00:00:00,0.211,0.2125,0.211,0.2125,3638.80000000,1742529599999,773.01739000,4,2974.90000000,632.00974000,0
2025-03-21 04:00:00,0.2088,0.2088,0.2088,0.2088,6.40000000,1742543999999,1.33632000,1,0.00000000,0.00000000,0
2025-03-21 08:00:00,0.2088,0.2088,0.2057,0.2057,5191.70000000,1742558399999,1077.07824000,12,48.30000000,9.98361000,0
2025-03-21 12:00:00,0.2054,0.2058,0.2049,0.2058,1646.90000000,1742572799999,338.72467000,7,1364.50000000,280.79214000,0
2025-03-21 16:00:00,0.2053,0.2073,0.2048,0.2073,15829.70000000,1742587199999,3256.64250000,14,3608.70000000,744.67460000,0
2025-03-21 20:00:00,0.209,0.209,0.2048,0.2065,1487.80000000,1742601599999,305.73931000,16,667.60000000,137.46142000,0
2025-03-22 00:00:00,0.2071,0.2071,0.2064,0.2064,957.00000000,1742615999999,197.74816000,5,860.40000000,177.80026000,0
2025-03-22 04:00:00,0.209,0.2101,0.209,0.2101,3856.00000000,1742630399999,807.32311000,7,3856.00000000,807.32311000,0
2025-03-22 08:00:00,0.2067,0.2124,0.2067,0.2106,1600.80000000,1742644799999,337.13028000,10,739.50000000,155.93081000,0
2025-03-22 12:00:00,0.2091,0.2091,0.2086,0.2086,66.80000000,1742659199999,13.95833000,2,66.80000000,13.95833000,0
2025-03-22 16:00:00,0.2098,0.211,0.2095,0.2107,5088.90000000,1742673599999,1066.54234000,12,3681.10000000,771.32685000,0
2025-03-22 20:00:00,0.2076,0.2079,0.2076,0.2079,372.50000000,1742687999999,77.42667000,2,0.00000000,0.00000000,0
2025-03-23 00:00:00,0.2105,0.2109,0.2095,0.2109,283.30000000,1742702399999,59.47098000,4,48.10000000,10.12505000,0
2025-03-23 04:00:00,0.2087,0.2122,0.2087,0.2109,1323.80000000,1742716799999,277.40339000,6,1295.70000000,271.51912000,0
2025-03-23 08:00:00,0.2121,0.2129,0.2098,0.2098,1666.40000000,1742731199999,353.90704000,9,1320.20000000,280.82690000,0
2025-03-23 12:00:00,0.2098,0.2123,0.2098,0.2123,76.50000000,1742745599999,16.10845000,2,23.50000000,4.98905000,0
2025-03-23 16:00:00,0.2104,0.2104,0.2082,0.2089,5227.20000000,1742759999999,1094.07230000,6,1180.10000000,248.25734000,0
2025-03-23 20:00:00,0.2124,0.2124,0.212,0.212,15.70000000,1742774399999,3.33216000,2,9.40000000,1.99656000,0
2025-03-24 00:00:00,0.2129,0.2132,0.2096,0.2096,6536.50000000,1742788799999,1381.24987000,13,1309.60000000,279.04374000,0
2025-03-24 04:00:00,0.2131,0.2186,0.2131,0.2176,4961.60000000,1742803199999,1060.86552000,22,4695.80000000,1003.57553000,0
2025-03-24 08:00:00,0.2186,0.22,0.2163,0.2163,672.20000000,1742817599999,146.56748000,8,213.10000000,46.77319000,0
2025-03-24 12:00:00,0.2196,0.2206,0.2188,0.2188,22942.40000000,1742831999999,5019.87586000,39,22942.40000000,5019.87586000,0
2025-03-24 16:00:00,0.2196,0.2196,0.2154,0.2154,5165.80000000,1742846399999,1122.48615000,6,0.00000000,0.00000000,0
2025-03-24 20:00:00,0.222,0.2221,0.2171,0.2182,3249.30000000,1742860799999,718.21128000,6,3211.10000000,709.90354000,0
2025-03-25 00:00:00,0.221,0.221,0.2186,0.2186,725.10000000,1742875199999,159.87720000,3,725.10000000,159.87720000,0
2025-03-25 04:00:00,0.2186,0.2186,0.2186,0.2186,203.00000000,1742889599999,44.37580000,1,0.00000000,0.00000000,0
2025-03-25 08:00:00,0.222,0.2234,0.2186,0.2234,2604.80000000,1742903999999,578.49385000,19,1857.20000000,413.60381000,0
2025-03-25 12:00:00,0.2241,0.2255,0.2237,0.2237,5412.70000000,1742918399999,1213.94055000,11,3930.50000000,882.37241000,0
2025-03-25 16:00:00,0.225,0.228,0.225,0.228,24608.30000000,1742932799999,5590.37140000,13,24337.20000000,5529.27893000,0
2025-03-25 20:00:00,0.2281,0.229,0.2279,0.2279,705.60000000,1742947199999,160.83322000,4,705.60000000,160.83322000,0
2025-03-26 00:00:00,0.2297,0.2335,0.2285,0.2309,19972.00000000,1742961599999,4628.72062000,23,15403.90000000,3566.12821000,0
2025-03-26 04:00:00,0.2321,0.2437,0.2321,0.2435,31373.60000000,1742975999999,7464.52988000,40,31361.30000000,7461.58280000,0
2025-03-26 08:00:00,0.244,0.2455,0.2402,0.2455,3093.70000000,1742990399999,754.47044000,10,2583.70000000,631.04061000,0
2025-03-26 12:00:00,0.241,0.245,0.2309,0.234,116094.50000000,1743004799999,27665.29568000,44,46390.40000000,11069.74140000,0
2025-03-26 16:00:00,0.2313,0.234,0.2303,0.234,18646.50000000,1743019199999,4361.89209000,35,18520.70000000,4332.81635000,0
2025-03-26 20:00:00,0.234,0.2362,0.2325,0.2327,84841.50000000,1743033599999,19923.58298000,53,83960.20000000,19717.50157000,0
2025-03-27 00:00:00,0.2326,0.2381,0.2326,0.2381,68675.10000000,1743047999999,16215.49113000,80,42650.70000000,10072.61643000,0
2025-03-27 04:00:00,0.2383,0.2417,0.2375,0.2387,5131.70000000,1743062399999,1226.64088000,58,3517.20000000,842.14900000,0
2025-03-27 08:00:00,0.2385,0.239,0.2312,0.2323,12958.10000000,1743076799999,3040.16738000,39,5293.70000000,1244.60104000,0
2025-03-27 12:00:00,0.2328,0.2353,0.2303,0.2345,20556.90000000,1743091199999,4745.69859000,26,16585.10000000,3825.82517000,0
2025-03-27 16:00:00,0.2339,0.2339,0.2296,0.2318,20139.80000000,1743105599999,4668.90496000,11,10109.80000000,2356.01696000,0
2025-03-27 20:00:00,0.2323,0.2323,0.2314,0.2314,116.00000000,1743119999999,26.85014000,2,8.60000000,1.99778000,0
2025-03-28 00:00:00,0.23,0.23,0.2267,0.228,11605.20000000,1743134399999,2663.90768000,20,10532.90000000,2419.43571000,0
2025-03-28 04:00:00,0.2252,0.2252,0.214,0.214,38699.80000000,1743148799999,8494.41041000,51,13060.00000000,2881.17177000,0
2025-03-28 08:00:00,0.214,0.214,0.2116,0.2133,10894.30000000,1743163199999,2322.00350000,12,4950.00000000,1056.90240000,0
2025-03-28 12:00:00,0.2121,0.2131,0.2093,0.2107,47780.00000000,1743177599999,10083.87397000,24,31320.20000000,6614.31552000,0
2025-03-28 16:00:00,0.2088,0.2092,0.2075,0.2092,9576.00000000,1743191999999,1999.96640000,15,4881.70000000,1020.79281000,0
2025-03-28 20:00:00,0.2103,0.213,0.2092,0.213,1016.20000000,1743206399999,214.49506000,9,906.00000000,191.40538000,0
2025-03-29 00:00:00,0.2114,0.2118,0.2074,0.2079,26662.80000000,1743220799999,5618.53339000,11,9930.00000000,2103.17400000,0
2025-03-29 04:00:00,0.2088,0.2088,0.2048,0.2048,4152.20000000,1743235199999,855.88160000,14,114.00000000,23.59606000,0
2025-03-29 08:00:00,0.2043,0.2043,0.2006,0.2006,3171.80000000,1743249599999,642.71285000,15,1369.90000000,278.91164000,0
2025-03-29 12:00:00,0.2013,0.2046,0.2013,0.2038,9102.60000000,1743263999999,1853.34983000,13,8364.50000000,1704.59746000,0
2025-03-29 16:00:00,0.2008,0.2008,0.1977,0.199,9669.90000000,1743278399999,1928.94842000,19,3944.80000000,785.53193000,0
2025-03-29 20:00:00,0.1997,0.2024,0.1997,0.2024,163.30000000,1743292799999,32.71795000,5,35.40000000,7.11795000,0
2025-03-30 00:00:00,0.2025,0.2056,0.2017,0.2056,2734.20000000,1743307199999,554.27333000,9,2711.80000000,549.75525000,0
2025-03-30 04:00:00,0.2066,0.2066,0.2049,0.2049,261.30000000,1743321599999,53.86616000,3,207.70000000,42.88352000,0
2025-03-30 08:00:00,0.2053,0.2055,0.2023,0.2023,11754.10000000,1743335999999,2390.78483000,5,2645.90000000,543.73245000,0
2025-03-30 12:00:00,0.2021,0.2037,0.2017,0.2023,2068.40000000,1743350399999,418.05383000,6,82.70000000,16.77137000,0
2025-03-30 16:00:00,0.2011,0.2022,0.201,0.2022,2499.00000000,1743364799999,502.44295000,4,0.00000000,0.00000000,0
2025-03-30 20:00:00,0.2036,0.205,0.203,0.2037,165.40000000,1743379199999,33.72467000,4,114.00000000,23.29047000,0
2025-03-31 00:00:00,0.2032,0.2054,0.1999,0.2016,8273.50000000,1743393599999,1681.58494000,16,7141.60000000,1452.46573000,0
2025-03-31 04:00:00,0.2017,0.2042,0.2,0.2002,2375.70000000,1743407999999,480.32300000,18,367.60000000,74.19304000,0
2025-03-31 08:00:00,0.2,0.2,0.1993,0.1993,2339.10000000,1743422399999,467.29405000,5,0.00000000,0.00000000,0
2025-03-31 12:00:00,0.2055,0.2087,0.2035,0.2075,2951.50000000,1743436799999,608.78918000,14,2376.50000000,489.20128000,0
2025-03-31 16:00:00,0.2068,0.2068,0.202,0.202,866.10000000,1743451199999,176.22130000,5,176.50000000,36.27574000,0
2025-03-31 20:00:00,0.2014,0.2028,0.2001,0.2022,9107.50000000,1743465599999,1829.68628000,18,1583.90000000,321.11939000,0
2025-04-01 00:00:00,0.2028,0.2035,0.2028,0.2035,1838.70000000,1743479999999,373.80131000,4,1838.70000000,373.80131000,0
2025-04-01 04:00:00,0.2036,0.206,0.2028,0.2028,3600.00000000,1743494399999,739.52794000,14,3555.10000000,730.42222000,0
2025-04-01 08:00:00,0.2036,0.2066,0.2036,0.205,1764.30000000,1743508799999,364.01867000,5,1568.90000000,323.99667000,0
2025-04-01 12:00:00,0.2051,0.2058,0.201,0.2058,513925.30000000,1743523199999,104583.54991000,87,513721.60000000,104542.41381000,0
2025-04-01 16:00:00,0.2028,0.2046,0.1995,0.1995,15722.30000000,1743537599999,3174.26444000,49,13275.60000000,2681.96436000,0
2025-04-01 20:00:00,0.2,0.2017,0.199,0.2013,8304.40000000,1743551999999,1665.27661000,9,6247.30000000,1254.06733000,0
2025-04-02 00:00:00,0.2012,0.2012,0.1949,0.1972,6723.20000000,1743566399999,1324.36465000,19,1205.10000000,238.36878000,0
2025-04-02 04:00:00,0.1979,0.1979,0.195,0.195,1626.50000000,1743580799999,321.78426000,5,1626.50000000,321.78426000,0
2025-04-02 08:00:00,0.197,0.197,0.1943,0.1943,1170.40000000,1743595199999,230.00099000,2,0.00000000,0.00000000,0
2025-04-02 12:00:00,0.196,0.1993,0.196,0.1981,2199.50000000,1743609599999,431.66348000,7,2160.50000000,423.89078000,0
2025-04-02 16:00:00,0.196,0.196,0.1949,0.1949,138.80000000,1743623999999,27.19237000,2,127.50000000,24.99000000,0
2025-04-02 20:00:00,0.1944,0.1965,0.1839,0.1848,29926.10000000,1743638399999,5774.40244000,37,1832.90000000,337.88004000,0
2025-04-03 00:00:00,0.1854,0.1911,0.1854,0.1896,8048.60000000,1743652799999,1513.35827000,25,6475.00000000,1215.50654000,0
2025-04-03 04:00:00,0.1867,0.1867,0.1841,0.1841,4011.20000000,1743667199999,746.44884000,9,32.20000000,5.98806000,0
2025-04-03 08:00:00,0.1839,0.1839,0.181,0.181,3420.80000000,1743681599999,626.29088000,8,0.00000000,0.00000000,0
2025-04-03 12:00:00,0.1824,0.1825,0.1786,0.1806,6609.80000000,1743695999999,1195.84383000,23,6159.10000000,1114.46941000,0
2025-04-03 16:00:00,0.1828,0.1874,0.1828,0.1874,2837.20000000,1743710399999,521.20880000,21,2837.20000000,521.20880000,0
2025-04-03 20:00:00,0.1874,0.1898,0.1874,0.1898,439.20000000,1743724799999,82.87514000,14,392.90000000,74.15222000,0
2025-04-04 00:00:00,0.1898,0.1898,0.1879,0.1879,2274.20000000,1743739199999,430.05740000,5,531.40000000,100.48774000,0
2025-04-04 04:00:00,0.1903,0.1912,0.1903,0.191,193.10000000,1743753599999,36.80116000,5,193.10000000,36.80116000,0
2025-04-04 08:00:00,0.1906,0.1906,0.1865,0.1865,3086.30000000,1743767999999,582.69785000,8,2131.50000000,403.21192000,0
2025-04-04 12:00:00,0.1894,0.1917,0.189,0.1912,318096.40000000,1743782399999,60939.67925000,76,315263.70000000,60400.07068000,0
2025-04-04 16:00:00,0.1894,0.1909,0.1894,0.1899,1849.70000000,1743796799999,351.25267000,4,52.70000000,9.99192000,0
2025-04-04 20:00:00,0.191,0.191,0.1893,0.1893,2256.80000000,1743811199999,430.38854000,4,2236.60000000,426.56468000,0
2025-04-05 00:00:00,0.1896,0.19,0.1881,0.19,485.20000000,1743825599999,91.94620000,4,142.00000000,26.98000000,0
2025-04-05 04:00:00,0.1909,0.1909,0.1909,0.1909,21.00000000,1743839999999,4.00890000,1,21.00000000,4.00890000,0
2025-04-05 08:00:00,0.1908,0.1908,0.1904,0.1904,125.90000000,1743854399999,23.97380000,2,6.10000000,1.16388000,0
2025-04-05 12:00:00,0.1897,0.1897,0.1864,0.1878,5144.30000000,1743868799999,962.92695000,10,1119.00000000,211.75218000,0
2025-04-05 16:00:00,0.1878,0.1878,0.1878,0.1878,0.00000000,1743883199999,0.00000000,0,0.00000000,0.00000000,0
2025-04-05 20:00:00,0.1864,0.1864,0.1864,0.1864,21.70000000,1743897599999,4.04488000,1,0.00000000,0.00000000,0
2025-04-06 00:00:00,0.1861,0.1861,0.1852,0.1852,4612.20000000,1743911999999,855.16350000,8,0.00000000,0.00000000,0
2025-04-06 04:00:00,0.1859,0.1859,0.1851,0.1851,46.10000000,1743926399999,8.55031000,2,21.50000000,3.99685000,0
2025-04-06 08:00:00,0.1845,0.1849,0.1844,0.1849,524.80000000,1743940799999,96.87880000,4,161.70000000,29.89833000,0
2025-04-06 12:00:00,0.1834,0.1848,0.1809,0.1848,4160.80000000,1743955199999,764.49445000,17,3290.60000000,605.89065000,0
2025-04-06 16:00:00,0.1813,0.1813,0.1692,0.1728,53419.70000000,1743969599999,9454.94235000,61,21037.80000000,3696.73531000,0
2025-04-06 20:00:00,0.1704,0.1716,0.1675,0.1714,24268.30000000,1743983999999,4110.94447000,42,12937.10000000,2198.27083000,0
2025-04-07 00:00:00,0.1702,0.171,0.1629,0.1629,22285.00000000,1743998399999,3722.05938000,47,9508.70000000,1597.87518000,0
2025-04-07 04:00:00,0.1644,0.166,0.1532,0.1575,33183.80000000,1744012799999,5387.69695000,50,18842.90000000,3071.88217000,0
2025-04-07 08:00:00,0.1579,0.163,0.1579,0.1609,14727.90000000,1744027199999,2354.88364000,23,11053.20000000,1765.30653000,0
2025-04-07 12:00:00,0.1639,0.1779,0.1638,0.171,27572.80000000,1744041599999,4709.91404000,86,13758.10000000,2351.81055000,0
2025-04-07 16:00:00,0.1719,0.1742,0.1697,0.1712,8425.00000000,1744055999999,1454.94357000,15,7135.00000000,1234.05852000,0
2025-04-07 20:00:00,0.1723,0.1752,0.1723,0.1752,2603.90000000,1744070399999,451.06357000,13,700.50000000,122.23738000,0
2025-04-08 00:00:00,0.1761,0.1789,0.1757,0.1765,4759.00000000,1744084799999,840.60442000,15,3177.20000000,561.42708000,0
2025-04-08 04:00:00,0.178,0.1781,0.1735,0.1735,3458.40000000,1744099199999,606.14318000,13,64.80000000,11.46424000,0
2025-04-08 08:00:00,0.173,0.1762,0.1724,0.1762,4858.80000000,1744113599999,852.51888000,9,4030.60000000,709.65994000,0
2025-04-08 12:00:00,0.1773,0.1794,0.1749,0.1761,12786.80000000,1744127999999,2264.85757000,19,1153.00000000,204.65873000,0
2025-04-08 16:00:00,0.1738,0.1738,0.167,0.1677,9846.40000000,1744142399999,1663.85451000,29,1673.20000000,284.48442000,0
2025-04-08 20:00:00,0.1677,0.1677,0.1655,0.1655,2526.40000000,1744156799999,421.86021000,8,17.90000000,2.99646000,0
2025-04-09 00:00:00,0.1679,0.169,0.1621,0.167,25523.10000000,1744171199999,4216.97577000,52,12154.40000000,2037.67689000,0
2025-04-09 04:00:00,0.167,0.173,0.167,0.1719,7732.90000000,1744185599999,1307.49736000,27,7106.40000000,1200.27009000,0
2025-04-09 08:00:00,0.1736,0.1736,0.1683,0.1683,1210.90000000,1744199999999,206.25187000,8,31.20000000,5.41632000,0
2025-04-09 12:00:00,0.1677,0.1723,0.1669,0.1723,4091.20000000,1744214399999,693.34488000,10,2506.90000000,427.32469000,0
2025-04-09 16:00:00,0.1701,0.187,0.1699,0.185,16995.00000000,1744228799999,2949.05814000,58,7653.20000000,1358.74879000,0
2025-04-09 20:00:00,0.1858,0.1886,0.1858,0.1858,5003.30000000,1744243199999,939.20363000,11,3952.70000000,743.71467000,0
2025-04-10 00:00:00,0.1856,0.1864,0.1823,0.1823,5514.30000000,1744257599999,1007.65938000,9,196.20000000,36.57168000,0
2025-04-10 04:00:00,0.1829,0.1848,0.1816,0.1819,935.70000000,1744271999999,170.89407000,10,141.10000000,25.91088000,0
2025-04-10 08:00:00,0.1823,0.1823,0.1778,0.1778,6398.70000000,1744286399999,1148.95657000,18,54.30000000,9.74142000,0
2025-04-10 12:00:00,0.1804,0.1816,0.1759,0.1759,3638.60000000,1744300799999,652.98586000,13,1860.10000000,337.29696000,0
2025-04-10 16:00:00,0.1782,0.1794,0.177,0.1794,9526.10000000,1744315199999,1693.64153000,8,9526.10000000,1693.64153000,0
2025-04-10 20:00:00,0.1801,0.182,0.1788,0.1806,13226.00000000,1744329599999,2398.99024000,11,13199.10000000,2394.16000000,0
2025-04-11 00:00:00,0.182,0.1842,0.1814,0.182,971.50000000,1744343999999,177.74131000,10,751.50000000,137.72081000,0
2025-04-11 04:00:00,0.1837,0.1837,0.1821,0.1821,58.70000000,1744358399999,10.72399000,2,21.70000000,3.98629000,0
2025-04-11 08:00:00,0.1816,0.1863,0.1816,0.1835,1356.70000000,1744372799999,250.28101000,10,1031.00000000,190.91084000,0
2025-04-11 12:00:00,0.1837,0.1851,0.1833,0.1841,14359.30000000,1744387199999,2642.02229000,14,3130.40000000,577.41591000,0
2025-04-11 16:00:00,0.1846,0.1859,0.1846,0.1859,6139.80000000,1744401599999,1135.90192000,8,2044.70000000,379.66656000,0
2025-04-11 20:00:00,0.1847,0.1859,0.1816,0.1816,4305.90000000,1744415999999,788.59733000,11,682.40000000,126.01187000,0
2025-04-12 00:00:00,0.1818,0.1831,0.1813,0.1813,1048.50000000,1744430399999,190.75094000,5,894.60000000,162.84887000,0
2025-04-12 04:00:00,0.183,0.1838,0.1818,0.1818,2353.40000000,1744444799999,431.28276000,8,1758.90000000,323.12526000,0
2025-04-12 08:00:00,0.1845,0.1853,0.1833,0.1853,3517.70000000,1744459199999,649.17553000,9,3186.70000000,588.50323000,0
2025-04-12 12:00:00,0.1857,0.1924,0.1857,0.1912,2290.90000000,1744473599999,433.72631000,24,2182.80000000,413.31256000,0
2025-04-12 16:00:00,0.189,0.1906,0.1881,0.1881,652.70000000,1744487999999,123.18395000,6,104.90000000,19.99394000,0
2025-04-12 20:00:00,0.1897,0.1909,0.1891,0.1891,52184.00000000,1744502399999,9942.00989000,8,52052.80000000,9917.19997000,0
2025-04-13 00:00:00,0.1891,0.1891,0.1891,0.1891,0.00000000,1744516799999,0.00000000,0,0.00000000,0.00000000,0
2025-04-13 04:00:00,0.1879,0.1905,0.1879,0.1905,317.40000000,1744531199999,60.06810000,3,168.90000000,32.16495000,0
2025-04-13 08:00:00,0.1916,0.193,0.1904,0.1904,918.10000000,1744545599999,175.61368000,7,370.70000000,71.28982000,0
2025-04-13 12:00:00,0.1906,0.1906,0.1856,0.1864,7469.40000000,1744559999999,1413.70324000,17,223.20000000,41.59399000,0
2025-04-13 16:00:00,0.188,0.1905,0.1833,0.1847,13712.50000000,1744574399999,2569.52774000,24,7505.00000000,1410.05779000,0
2025-04-13 20:00:00,0.1858,0.187,0.181,0.181,6845.90000000,1744588799999,1261.38016000,17,3379.30000000,626.71433000,0
2025-04-14 00:00:00,0.1826,0.187,0.1826,0.1838,9160.50000000,1744603199999,1688.12812000,16,4069.90000000,748.15745000,0
2025-04-14 04:00:00,0.1834,0.1834,0.1802,0.1806,4199.50000000,1744617599999,760.99213000,11,1746.10000000,315.53018000,0
2025-04-14 08:00:00,0.1826,0.1859,0.1814,0.1848,5977.10000000,1744631999999,1097.13518000,13,5836.50000000,1071.25872000,0
2025-04-14 12:00:00,0.1835,0.1867,0.1813,0.1813,6598.50000000,1744646399999,1209.13106000,15,2091.70000000,386.06626000,0
2025-04-14 16:00:00,0.1803,0.1838,0.1802,0.1838,2315.90000000,1744660799999,420.49419000,7,2113.30000000,383.93712000,0
2025-04-14 20:00:00,0.1834,0.1838,0.1818,0.1838,195.90000000,1744675199999,35.85126000,4,136.00000000,24.96144000,0
2025-04-15 00:00:00,0.1814,0.1814,0.1813,0.1813,1814.00000000,1744689599999,329.04421000,2,0.00000000,0.00000000,0
2025-04-15 04:00:00,0.1837,0.1848,0.1832,0.1848,4032.80000000,1744703999999,742.65594000,9,3653.90000000,673.24146000,0
2025-04-15 08:00:00,0.1857,0.1859,0.1846,0.1846,433.80000000,1744718399999,80.51105000,4,362.70000000,67.38599000,0
2025-04-15 12:00:00,0.186,0.186,0.1823,0.1827,1253.60000000,1744732799999,229.24357000,6,948.30000000,173.41996000,0
2025-04-15 16:00:00,0.1817,0.1817,0.1803,0.1803,2398.20000000,1744747199999,432.83238000,6,0.00000000,0.00000000,0
2025-04-15 20:00:00,0.1802,0.1803,0.1792,0.1792,8566.00000000,1744761599999,1542.60472000,6,6748.10000000,1216.01612000,0
2025-04-16 00:00:00,0.1792,0.1846,0.1791,0.1826,6317.20000000,1744775999999,1151.33728000,17,4012.00000000,732.48328000,0
2025-04-16 04:00:00,0.1813,0.1813,0.1797,0.1806,768.40000000,1744790399999,138.43286000,5,28.10000000,5.07726000,0
2025-04-16 08:00:00,0.1791,0.1816,0.1789,0.1802,3717.90000000,1744804799999,670.78657000,10,1875.60000000,339.74336000,0
2025-04-16 12:00:00,0.1791,0.1816,0.1791,0.1816,1953.10000000,1744819199999,351.42264000,6,1467.30000000,263.88224000,0
2025-04-16 16:00:00,0.1793,0.1816,0.1753,0.1804,14829.30000000,1744833599999,2643.46208000,28,5088.70000000,918.39180000,0
2025-04-16 20:00:00,0.178,0.1801,0.1779,0.1799,2016.60000000,1744847999999,362.55822000,9,1745.80000000,314.33302000,0
2025-04-17 00:00:00,0.1788,0.1788,0.1782,0.1782,399.40000000,1744862399999,71.31258000,3,399.40000000,71.31258000,0
2025-04-17 04:00:00,0.1795,0.181,0.1795,0.1808,1889.50000000,1744876799999,339.64735000,5,1883.50000000,338.56255000,0
2025-04-17 08:00:00,0.1808,0.1808,0.1808,0.1808,0.00000000,1744891199999,0.00000000,0,0.00000000,0.00000000,0
2025-04-17 12:00:00,0.1798,0.1811,0.178,0.1804,1280.90000000,1744905599999,230.01842000,7,708.70000000,127.41910000,0
2025-04-17 16:00:00,0.1816,0.184,0.1816,0.1829,1728.40000000,1744919999999,316.26540000,12,1370.70000000,251.02176000,0
2025-04-17 20:00:00,0.1837,0.1837,0.1837,0.1837,91.10000000,1744934399999,16.73507000,1,91.10000000,16.73507000,0
2025-04-18 00:00:00,0.1815,0.1815,0.1815,0.1815,81.70000000,1744948799999,14.82855000,1,0.00000000,0.00000000,0
2025-04-18 04:00:00,0.1848,0.1867,0.1848,0.1867,613.10000000,1744963199999,113.72756000,8,613.10000000,113.72756000,0
2025-04-18 08:00:00,0.187,0.1889,0.1864,0.1889,710.20000000,1744977599999,133.58018000,7,676.30000000,127.26122000,0
2025-04-18 12:00:00,0.1891,0.1894,0.1881,0.1881,395.40000000,1744991999999,74.63200000,5,343.70000000,64.87121000,0
2025-04-18 16:00:00,0.1885,0.1901,0.1884,0.1892,2370.80000000,1745006399999,448.17415000,11,1649.80000000,312.10870000,0
2025-04-18 20:00:00,0.1901,0.1901,0.1883,0.1883,2702.40000000,1745020799999,511.25109000,5,112.90000000,21.46229000,0
2025-04-19 00:00:00,0.1891,0.1921,0.1886,0.1921,1928.80000000,1745035199999,367.14410000,13,1183.30000000,226.06695000,0
2025-04-19 04:00:00,0.1909,0.1917,0.1892,0.1892,1367.10000000,1745049599999,261.57075000,6,1281.10000000,245.29955000,0
2025-04-19 08:00:00,0.1892,0.1892,0.189,0.189,277.60000000,1745063999999,52.49238000,3,0.00000000,0.00000000,0
2025-04-19 12:00:00,0.189,0.189,0.189,0.189,0.00000000,1745078399999,0.00000000,0,0.00000000,0.00000000,0
2025-04-19 16:00:00,0.1912,0.1916,0.1912,0.1913,8985.80000000,1745092799999,1720.97555000,6,554.50000000,106.18893000,0
2025-04-19 20:00:00,0.1901,0.1923,0.1901,0.1909,568.60000000,1745107199999,108.38050000,5,26.00000000,4.99980000,0
2025-04-20 00:00:00,0.1909,0.1909,0.1909,0.1909,0.00000000,1745121599999,0.00000000,0,0.00000000,0.00000000,0
2025-04-20 04:00:00,0.1912,0.1912,0.1892,0.1892,120.70000000,1745135999999,22.91607000,4,26.90000000,5.12865000,0
2025-04-20 08:00:00,0.189,0.189,0.1873,0.1873,359.00000000,1745150399999,67.64403000,4,0.00000000,0.00000000,0
2025-04-20 12:00:00,0.1873,0.1873,0.1873,0.1873,0.00000000,1745164799999,0.00000000,0,0.00000000,0.00000000,0
2025-04-20 16:00:00,0.1905,0.1905,0.1905,0.1905,147.90000000,1745179199999,28.17495000,1,147.90000000,28.17495000,0
2025-04-20 20:00:00,0.1905,0.1916,0.1905,0.1906,521.30000000,1745193599999,99.66133000,5,521.30000000,99.66133000,0
2025-04-21 00:00:00,0.1912,0.1927,0.1912,0.1927,2487.40000000,1745207999999,476.09521000,7,2439.70000000,466.96066000,0
2025-04-21 04:00:00,0.1938,0.1955,0.1938,0.1955,997.90000000,1745222399999,194.32131000,9,997.90000000,194.32131000,0
2025-04-21 08:00:00,0.1958,0.1978,0.1934,0.1978,24534.30000000,1745236799999,4808.47917000,24,13408.70000000,2639.68822000,0
2025-04-21 12:00:00,0.1986,0.204,0.1986,0.2006,1639.60000000,1745251199999,329.76657000,20,1486.00000000,298.95296000,0
2025-04-21 16:00:00,0.2034,0.2046,0.1983,0.1994,6291.90000000,1745265599999,1269.54221000,15,2226.50000000,446.67312000,0
2025-04-21 20:00:00,0.2007,0.2007,0.1985,0.1986,473.30000000,1745279999999,94.32935000,8,135.10000000,27.08757000,0
2025-04-22 00:00:00,0.1989,0.2034,0.196,0.2034,27339.80000000,1745294399999,5429.17890000,38,11690.70000000,2337.99956000,0
2025-04-22 04:00:00,0.2035,0.2178,0.2033,0.2178,21580.80000000,1745308799999,4424.65766000,60,14205.00000000,2920.94619000,0
2025-04-22 08:00:00,0.2158,0.2211,0.2131,0.2179,33605.50000000,1745323199999,7280.39644000,50,13736.50000000,3012.10949000,0
2025-04-22 12:00:00,0.2158,0.2186,0.213,0.2143,2366.70000000,1745337599999,510.31720000,18,925.00000000,200.91817000,0
2025-04-22 16:00:00,0.2165,0.218,0.2148,0.215,1002.10000000,1745351999999,216.60289000,6,961.10000000,207.78979000,0
2025-04-22 20:00:00,0.2153,0.2207,0.2153,0.2201,3313.60000000,1745366399999,727.78601000,13,3072.50000000,674.88817000,0
2025-04-23 00:00:00,0.2211,0.2211,0.2187,0.2192,1817.60000000,1745380799999,398.00501000,6,416.80000000,91.60481000,0
2025-04-23 04:00:00,0.2192,0.223,0.2177,0.2177,4468.80000000,1745395199999,988.34694000,19,3027.20000000,672.27224000,0
2025-04-23 08:00:00,0.2176,0.224,0.2176,0.2219,8628.90000000,1745409599999,1903.44431000,15,4487.70000000,992.66587000,0
2025-04-23 12:00:00,0.2219,0.2239,0.2208,0.2239,2246.30000000,1745423999999,499.57909000,6,1665.40000000,371.24506000,0
2025-04-23 16:00:00,0.2241,0.227,0.2222,0.2222,4911.00000000,1745438399999,1105.18368000,15,3907.10000000,880.21769000,0
2025-04-23 20:00:00,0.2212,0.2266,0.2205,0.2205,2441.00000000,1745452799999,539.80531000,5,176.30000000,39.94958000,0
2025-04-24 00:00:00,0.2212,0.2212,0.2156,0.2156,8645.70000000,1745467199999,1887.29674000,20,3808.60000000,834.71658000,0
2025-04-24 04:00:00,0.2153,0.2229,0.2153,0.2229,2261.00000000,1745481599999,494.02890000,28,2210.30000000,483.09315000,0
2025-04-24 08:00:00,0.2229,0.2409,0.2229,0.2409,35213.20000000,1745495999999,8127.91753000,55,29575.90000000,6801.98978000,0
2025-04-24 12:00:00,0.2408,0.2665,0.2381,0.2497,56831.10000000,1745510399999,14462.68132000,105,30396.30000000,7764.82051000,0
2025-04-24 16:00:00,0.2502,0.2524,0.2454,0.2477,5668.10000000,1745524799999,1409.05525000,14,3287.80000000,821.72284000,0
2025-04-24 20:00:00,0.2512,0.2535,0.2467,0.2494,3173.20000000,1745539199999,794.64217000,13,3158.20000000,790.90117000,0
2025-04-25 00:00:00,0.2465,0.2465,0.2385,0.2385,9602.00000000,1745553599999,2305.38807000,23,2793.50000000,670.68765000,0
2025-04-25 04:00:00,0.2434,0.2489,0.2434,0.2476,6705.20000000,1745567999999,1654.82029000,19,4010.10000000,987.88650000,0
2025-04-25 08:00:00,0.2482,0.2512,0.2436,0.2437,3371.00000000,1745582399999,833.98703000,13,2625.70000000,652.14664000,0
2025-04-25 12:00:00,0.2469,0.2469,0.2412,0.2428,774.80000000,1745596799999,189.78021000,8,434.60000000,107.26854000,0
2025-04-25 16:00:00,0.2449,0.247,0.242,0.247,254.10000000,1745611199999,62.03386000,3,67.50000000,16.67250000,0
2025-04-25 20:00:00,0.2493,0.2512,0.2493,0.2512,273.80000000,1745625599999,68.50721000,4,273.80000000,68.50721000,0
2025-04-26 00:00:00,0.2534,0.2534,0.2472,0.2472,136.50000000,1745639999999,34.32250000,2,93.50000000,23.69290000,0
2025-04-26 04:00:00,0.2472,0.2507,0.2471,0.2471,1911.30000000,1745654399999,472.49891000,4,10.00000000,2.50700000,0
2025-04-26 08:00:00,0.2449,0.2478,0.2436,0.2436,634.30000000,1745668799999,155.25710000,6,40.30000000,9.98634000,0
2025-04-26 12:00:00,0.2474,0.2513,0.2474,0.2513,3498.70000000,1745683199999,871.12451000,7,3498.70000000,871.12451000,0
2025-04-26 16:00:00,0.245,0.2457,0.245,0.2457,97.00000000,1745697599999,23.80140000,2,45.00000000,11.02500000,0
2025-04-26 20:00:00,0.2459,0.2459,0.2444,0.2458,2457.80000000,1745711999999,604.02976000,8,2334.90000000,573.99300000,0
2025-04-27 00:00:00,0.2445,0.2445,0.2403,0.2422,3024.00000000,1745726399999,735.01403000,13,1753.70000000,426.81609000,0
2025-04-27 04:00:00,0.2451,0.2503,0.2447,0.2447,2001.80000000,1745740799999,495.91162000,13,1839.80000000,456.14892000,0
2025-04-27 08:00:00,0.2435,0.2435,0.2435,0.2435,104.80000000,1745755199999,25.51880000,1,0.00000000,0.00000000,0
2025-04-27 12:00:00,0.2433,0.2433,0.2381,0.2382,1412.60000000,1745769599999,337.14049000,5,16.60000000,3.99396000,0
2025-04-27 16:00:00,0.2377,0.2381,0.2368,0.2372,698.00000000,1745783999999,165.50004000,5,21.00000000,5.00010000,0
2025-04-27 20:00:00,0.2401,0.2401,0.24,0.24,1227.50000000,1745798399999,294.60459000,2,1227.50000000,294.60459000,0
2025-04-28 00:00:00,0.2403,0.2403,0.2315,0.2368,6152.50000000,1745812799999,1445.78790000,15,3690.30000000,866.79081000,0
2025-04-28 04:00:00,0.2387,0.2421,0.235,0.2421,11870.10000000,1745827199999,2792.69905000,11,11870.10000000,2792.69905000,0
2025-04-28 08:00:00,0.2393,0.2466,0.2383,0.2454,1240.90000000,1745841599999,301.20698000,13,777.70000000,189.70134000,0
2025-04-28 12:00:00,0.244,0.2453,0.2377,0.2377,6577.30000000,1745855999999,1587.77057000,12,1252.80000000,307.25796000,0
2025-04-28 16:00:00,0.2386,0.2427,0.2365,0.2365,2567.10000000,1745870399999,612.68683000,4,2567.10000000,612.68683000,0
2025-04-28 20:00:00,0.2414,0.2426,0.2367,0.2372,1101.20000000,1745884799999,261.03273000,7,55.10000000,13.35788000,0
2025-04-29 00:00:00,0.2368,0.2397,0.2358,0.238,901.90000000,1745899199999,214.34604000,6,20.80000000,4.98576000,0
2025-04-29 04:00:00,0.2402,0.2436,0.238,0.2436,3195.70000000,1745913599999,769.13148000,14,2815.00000000,678.10758000,0
2025-04-29 08:00:00,0.2417,0.2417,0.2417,0.2417,82.00000000,1745927999999,19.81940000,1,0.00000000,0.00000000,0
2025-04-29 12:00:00,0.2375,0.2393,0.2371,0.2382,6690.00000000,1745942399999,1589.81930000,8,1392.90000000,333.32097000,0
2025-04-29 16:00:00,0.2369,0.2369,0.2369,0.2369,107.70000000,1745956799999,25.51413000,1,0.00000000,0.00000000,0
2025-04-29 20:00:00,0.2385,0.2403,0.235,0.236,10617.80000000,1745971199999,2506.60651000,14,2002.80000000,474.34057000,0
2025-04-30 00:00:00,0.236,0.236,0.236,0.236,0.00000000,1745985599999,0.00000000,0,0.00000000,0.00000000,0
2025-04-30 04:00:00,0.2373,0.2373,0.2358,0.2358,40.10000000,1745999999999,9.47133000,2,40.10000000,9.47133000,0
2025-04-30 08:00:00,0.2345,0.2425,0.2345,0.2425,6795.90000000,1746014399999,1635.32946000,10,6734.50000000,1620.93116000,0
2025-04-30 12:00:00,0.2381,0.2381,0.2267,0.2325,23905.80000000,1746028799999,5520.00241000,30,6135.80000000,1418.00353000,0
2025-04-30 16:00:00,0.2323,0.2362,0.2314,0.2362,11077.70000000,1746043199999,2574.06412000,15,5741.90000000,1334.76183000,0
2025-04-30 20:00:00,0.2368,0.2389,0.2368,0.2376,562.40000000,1746057599999,133.51664000,6,562.40000000,133.51664000,0
2025-05-01 00:00:00,0.2376,0.2416,0.2376,0.2411,1495.80000000,1746071999999,357.45305000,8,1495.80000000,357.45305000,0
2025-05-01 04:00:00,0.2406,0.2406,0.238,0.2388,479.40000000,1746086399999,114.87181000,8,85.30000000,20.41755000,0
2025-05-01 08:00:00,0.2409,0.2409,0.2396,0.2396,1761.30000000,1746100799999,423.68604000,2,0.00000000,0.00000000,0
2025-05-01 12:00:00,0.2421,0.2476,0.2409,0.2409,4751.90000000,1746115199999,1157.33517000,12,3557.40000000,866.73660000,0
2025-05-01 16:00:00,0.244,0.244,0.2425,0.2432,5980.00000000,1746129599999,1452.95968000,6,1743.30000000,424.05064000,0
2025-05-01 20:00:00,0.2432,0.244,0.2393,0.244,20666.00000000,1746143999999,5039.56306000,9,14093.70000000,3435.96839000,0
2025-05-02 00:00:00,0.24,0.2469,0.2393,0.2418,49455.80000000,1746158399999,12162.14535000,25,21967.60000000,5422.11973000,0
2025-05-02 04:00:00,0.2406,0.2414,0.2403,0.2414,1408.40000000,1746172799999,339.94516000,4,1408.40000000,339.94516000,0
2025-05-02 08:00:00,0.241,0.241,0.2395,0.2395,552.20000000,1746187199999,132.97445000,4,0.00000000,0.00000000,0
2025-05-02 12:00:00,0.2377,0.239,0.2362,0.2385,3337.30000000,1746201599999,794.70683000,7,1352.10000000,323.11985000,0
2025-05-02 16:00:00,0.2358,0.2358,0.2337,0.2345,424.40000000,1746215999999,99.79484000,6,0.00000000,0.00000000,0
2025-05-02 20:00:00,0.2381,0.2381,0.2375,0.2375,67.30000000,1746230399999,16.02149000,2,67.30000000,16.02149000,0
2025-05-03 00:00:00,0.2375,0.2375,0.2375,0.2375,0.00000000,1746244799999,0.00000000,0,0.00000000,0.00000000,0
2025-05-03 04:00:00,0.2403,0.2403,0.235,0.2364,15959.20000000,1746259199999,3791.21616000,7,15901.10000000,3777.56266000,0
2025-05-03 08:00:00,0.2339,0.2342,0.2315,0.2315,2237.30000000,1746273599999,520.76561000,12,0.00000000,0.00000000,0
2025-05-03 12:00:00,0.2315,0.2347,0.2315,0.2329,1407.80000000,1746287999999,327.94316000,3,1373.30000000,319.95641000,0
2025-05-03 16:00:00,0.2307,0.2308,0.2277,0.2308,23769.60000000,1746302399999,5431.18828000,26,2469.70000000,568.49720000,0
2025-05-03 20:00:00,0.2296,0.2298,0.2292,0.2292,132.10000000,1746316799999,30.31292000,3,73.80000000,16.95056000,0
2025-05-04 00:00:00,0.2278,0.2314,0.2278,0.2307,6433.20000000,1746331199999,1479.74500000,7,6433.20000000,1479.74500000,0
2025-05-04 04:00:00,0.2314,0.2328,0.2311,0.2328,1220.80000000,1746345599999,282.93942000,10,1220.80000000,282.93942000,0
2025-05-04 08:00:00,0.2328,0.2328,0.2328,0.2328,0.00000000,1746359999999,0.00000000,0,0.00000000,0.00000000,0
2025-05-04 12:00:00,0.2286,0.2322,0.2286,0.2322,3254.50000000,1746374399999,749.73226000,6,1552.50000000,360.49050000,0
2025-05-04 16:00:00,0.2285,0.2317,0.2285,0.2312,16387.10000000,1746388799999,3773.08903000,9,16221.20000000,3735.11806000,0
2025-05-04 20:00:00,0.2307,0.2307,0.2285,0.2285,300.10000000,1746403199999,69.13046000,5,108.10000000,24.87170000,0
2025-05-05 00:00:00,0.228,0.2311,0.2271,0.2303,6193.20000000,1746417599999,1418.32042000,15,3060.10000000,700.64347000,0
2025-05-05 04:00:00,0.2296,0.2332,0.2296,0.2332,1664.30000000,1746431999999,386.00561000,8,1664.30000000,386.00561000,0
2025-05-05 08:00:00,0.2346,0.2347,0.228,0.228,7366.00000000,1746446399999,1687.78034000,27,109.50000000,25.69097000,0
2025-05-05 12:00:00,0.2274,0.2274,0.2244,0.226,8707.70000000,1746460799999,1968.38157000,14,7045.30000000,1593.78382000,0
2025-05-05 16:00:00,0.2246,0.2268,0.2244,0.2268,4335.70000000,1746475199999,976.49372000,9,2181.30000000,492.72257000,0
2025-05-05 20:00:00,0.2236,0.2251,0.2212,0.2243,5583.20000000,1746489599999,1246.83043000,12,2297.20000000,512.83987000,0
2025-05-06 00:00:00,0.2219,0.2219,0.218,0.2211,11770.40000000,1746503999999,2590.12328000,21,4664.00000000,1029.16396000,0
2025-05-06 04:00:00,0.2208,0.2208,0.2208,0.2208,11.30000000,1746518399999,2.49504000,1,11.30000000,2.49504000,0
2025-05-06 08:00:00,0.2183,0.2186,0.2157,0.2157,7744.00000000,1746532799999,1683.03622000,12,2027.30000000,442.38118000,0
2025-05-06 12:00:00,0.2156,0.2186,0.2146,0.2151,3606.40000000,1746547199999,780.21490000,14,2653.60000000,573.77874000,0
2025-05-06 16:00:00,0.2143,0.2143,0.2114,0.2118,2322.60000000,1746561599999,492.34066000,7,687.50000000,145.61250000,0
2025-05-06 20:00:00,0.2121,0.2179,0.208,0.2179,20252.50000000,1746575999999,4346.59824000,38,8591.30000000,1827.74694000,0
2025-05-07 00:00:00,0.2184,0.2195,0.2159,0.2183,5713.50000000,1746590399999,1249.92278000,14,5571.40000000,1219.18003000,0
2025-05-07 04:00:00,0.2195,0.2209,0.2194,0.2209,905.10000000,1746604799999,199.42921000,8,905.10000000,199.42921000,0
2025-05-07 08:00:00,0.2201,0.2201,0.2181,0.219,2868.30000000,1746619199999,629.52958000,6,1387.20000000,303.95856000,0
2025-05-07 12:00:00,0.2194,0.2205,0.2176,0.2199,10728.30000000,1746633599999,2346.74838000,15,4677.40000000,1022.09779000,0
2025-05-07 16:00:00,0.2176,0.2195,0.2156,0.2166,19927.40000000,1746647999999,4327.30060000,26,9477.30000000,2059.75641000,0
2025-05-07 20:00:00,0.2155,0.2192,0.2155,0.2186,4425.20000000,1746662399999,961.52252000,7,4393.70000000,954.63662000,0
2025-05-08 00:00:00,0.2198,0.2251,0.2194,0.2251,1028.20000000,1746676799999,228.10480000,15,885.20000000,196.60430000,0
2025-05-08 04:00:00,0.2253,0.2273,0.2253,0.227,516.40000000,1746691199999,116.99230000,8,432.20000000,97.88802000,0
2025-05-08 08:00:00,0.2281,0.2317,0.2281,0.2307,3743.90000000,1746705599999,862.96387000,12,2135.70000000,492.26154000,0
2025-05-08 12:00:00,0.2298,0.2368,0.2287,0.2338,21151.80000000,1746719999999,4932.70957000,30,9980.50000000,2325.23650000,0
2025-05-08 16:00:00,0.2358,0.2544,0.2358,0.2506,106465.30000000,1746734399999,26706.85245000,94,90099.00000000,22677.28734000,0
2025-05-08 20:00:00,0.2496,0.256,0.2489,0.2491,19422.80000000,1746748799999,4871.76888000,43,12148.40000000,3054.40832000,0
2025-05-09 00:00:00,0.2513,0.2524,0.2471,0.2471,19810.00000000,1746763199999,4935.47704000,25,14508.50000000,3612.70129000,0
2025-05-09 04:00:00,0.2484,0.2578,0.2468,0.2538,7305.00000000,1746777599999,1832.12678000,21,6374.00000000,1600.68173000,0
2025-05-09 08:00:00,0.2568,0.2616,0.2508,0.2569,34658.30000000,1746791999999,8860.36148000,63,16901.40000000,4313.60377000,0
2025-05-09 12:00:00,0.2552,0.2569,0.25,0.2527,47121.90000000,1746806399999,11802.80595000,29,38341.20000000,9602.06574000,0
2025-05-09 16:00:00,0.2527,0.2527,0.2516,0.2516,802.90000000,1746820799999,202.87570000,3,802.90000000,202.87570000,0
2025-05-09 20:00:00,0.2525,0.2538,0.2512,0.2526,3645.70000000,1746835199999,919.48787000,9,1481.80000000,374.50128000,0
2025-05-10 00:00:00,0.2537,0.2582,0.2531,0.2581,23891.90000000,1746849599999,6106.74609000,23,18272.30000000,4680.64738000,0
2025-05-10 04:00:00,0.2584,0.2616,0.2527,0.2616,2799.30000000,1746863999999,725.32167000,14,2247.30000000,583.51532000,0
2025-05-10 08:00:00,0.2613,0.2613,0.255,0.255,2123.40000000,1746878399999,545.09313000,9,723.60000000,186.49564000,0
2025-05-10 12:00:00,0.256,0.2609,0.2542,0.2542,1260.60000000,1746892799999,326.52963000,6,1246.30000000,322.89457000,0
2025-05-10 16:00:00,0.2576,0.2648,0.2576,0.2648,10266.20000000,1746907199999,2689.43295000,30,7957.30000000,2086.33621000,0
2025-05-10 20:00:00,0.2633,0.275,0.2623,0.2738,42412.10000000,1746921599999,11215.30063000,62,35070.80000000,9250.89023000,0
2025-05-11 00:00:00,0.2755,0.276,0.2662,0.2698,42075.80000000,1746935999999,11490.96266000,61,8316.20000000,2246.81408000,0
2025-05-11 04:00:00,0.2712,0.2716,0.2604,0.2604,8377.70000000,1746950399999,2230.87021000,40,2944.00000000,796.11149000,0
2025-05-11 08:00:00,0.26,0.2646,0.26,0.2611,3135.60000000,1746964799999,818.44147000,13,2278.80000000,594.99108000,0
2025-05-11 12:00:00,0.2606,0.2606,0.2542,0.2542,10169.30000000,1746979199999,2612.69147000,25,5211.70000000,1340.48671000,0
2025-05-11 16:00:00,0.2563,0.2593,0.2542,0.2593,1324.80000000,1746993599999,338.43625000,12,323.80000000,83.08115000,0
2025-05-11 20:00:00,0.2566,0.2584,0.2531,0.2531,14100.60000000,1747007999999,3598.92951000,48,637.50000000,162.57977000,0
2025-05-12 00:00:00,0.2531,0.2587,0.2531,0.2572,17006.10000000,1747022399999,4358.21941000,24,6063.30000000,1567.51634000,0
2025-05-12 04:00:00,0.2585,0.267,0.256,0.267,23101.30000000,1747036799999,5968.81602000,25,19112.60000000,4943.33579000,0
2025-05-12 08:00:00,0.2621,0.2686,0.2621,0.2622,29750.50000000,1747051199999,7880.04979000,26,23382.00000000,6195.20525000,0
2025-05-12 12:00:00,0.2651,0.27,0.2576,0.2591,8225.20000000,1747065599999,2161.44575000,26,4179.30000000,1100.18245000,0
2025-05-12 16:00:00,0.2588,0.2646,0.2468,0.2524,25812.30000000,1747079999999,6578.75687000,37,10055.30000000,2553.77097000,0
2025-05-12 20:00:00,0.2556,0.2567,0.2529,0.2529,1296.00000000,1747094399999,330.44479000,5,897.70000000,229.46070000,0
2025-05-13 00:00:00,0.2524,0.2524,0.2442,0.2442,7749.10000000,1747108799999,1910.73886000,16,275.10000000,69.42435000,0
2025-05-13 04:00:00,0.247,0.2488,0.2467,0.2475,3737.60000000,1747123199999,923.85989000,6,2629.30000000,650.42503000,0
2025-05-13 08:00:00,0.2481,0.2509,0.2481,0.2504,2696.40000000,1747137599999,671.63762000,5,2477.10000000,617.19838000,0
2025-05-13 12:00:00,0.2521,0.2521,0.2501,0.2516,841.60000000,1747151999999,212.06306000,3,801.60000000,202.05906000,0
2025-05-13 16:00:00,0.2538,0.2631,0.2507,0.2608,19699.50000000,1747166399999,5048.32461000,44,14550.70000000,3749.89093000,0
2025-05-13 20:00:00,0.2593,0.2604,0.2575,0.2577,757.70000000,1747180799999,196.00687000,9,192.60000000,49.98865000,0
2025-05-14 00:00:00,0.2604,0.2604,0.2569,0.2569,89.80000000,1747195199999,23.23962000,4,0.00000000,0.00000000,0
2025-05-14 04:00:00,0.2585,0.2634,0.2585,0.2634,47.50000000,1747209599999,12.46446000,2,47.50000000,12.46446000,0
2025-05-14 08:00:00,0.2586,0.2586,0.2517,0.254,3849.20000000,1747223999999,986.08995000,12,1180.80000000,300.09140000,0
2025-05-14 12:00:00,0.2532,0.2554,0.2491,0.2493,7071.90000000,1747238399999,1783.87323000,18,2349.30000000,593.67770000,0
2025-05-14 16:00:00,0.2526,0.2526,0.2472,0.2486,7623.00000000,1747252799999,1906.70732000,14,4610.80000000,1161.20519000,0
2025-05-14 20:00:00,0.2492,0.2514,0.2486,0.2486,4592.50000000,1747267199999,1148.81791000,20,1443.60000000,362.26447000,0
2025-05-15 00:00:00,0.2478,0.2487,0.2457,0.2457,5705.70000000,1747281599999,1410.01290000,20,8.00000000,1.98800000,0
2025-05-15 04:00:00,0.2471,0.2473,0.236,0.236,7209.70000000,1747295999999,1741.49760000,20,190.10000000,47.00971000,0
2025-05-15 08:00:00,0.2393,0.2402,0.2345,0.2345,1942.70000000,1747310399999,462.04671000,7,1185.60000000,283.82478000,0
2025-05-15 12:00:00,0.2361,0.2387,0.232,0.2337,8314.00000000,1747324799999,1949.98036000,18,5310.80000000,1250.61682000,0
2025-05-15 16:00:00,0.2365,0.2435,0.2365,0.237,1151.10000000,1747339199999,277.08082000,8,692.10000000,167.63886000,0
2025-05-15 20:00:00,0.2364,0.2428,0.2317,0.2428,53956.40000000,1747353599999,12655.58840000,29,11662.50000000,2737.79893000,0
2025-05-16 00:00:00,0.2354,0.2414,0.2353,0.2414,3526.30000000,1747367999999,836.13360000,5,737.30000000,177.97576000,0
2025-05-16 04:00:00,0.2413,0.2432,0.2395,0.2432,4350.60000000,1747382399999,1050.52036000,13,2474.70000000,599.59048000,0
2025-05-16 08:00:00,0.24,0.2432,0.24,0.2421,3280.90000000,1747396799999,793.97861000,6,2659.40000000,644.74553000,0
2025-05-16 12:00:00,0.2413,0.2446,0.2404,0.2429,2582.10000000,1747411199999,627.68399000,10,2089.50000000,509.21001000,0
2025-05-16 16:00:00,0.2398,0.2398,0.2398,0.2398,171.80000000,1747425599999,41.19764000,1,0.00000000,0.00000000,0
2025-05-16 20:00:00,0.2388,0.241,0.2361,0.237,1145.80000000,1747439999999,274.29461000,7,621.30000000,149.32904000,0
2025-05-17 00:00:00,0.2382,0.2382,0.2275,0.2306,4336.00000000,1747454399999,998.28641000,14,1273.30000000,295.72725000,0
2025-05-17 04:00:00,0.2337,0.234,0.2337,0.234,4153.30000000,1747468799999,971.72070000,4,515.60000000,120.49890000,0
2025-05-17 08:00:00,0.234,0.234,0.234,0.234,0.00000000,1747483199999,0.00000000,0,0.00000000,0.00000000,0
2025-05-17 12:00:00,0.2311,0.2326,0.2301,0.2326,387.40000000,1747497599999,89.64129000,4,286.30000000,66.37818000,0
2025-05-17 16:00:00,0.2296,0.2296,0.2296,0.2296,75.90000000,1747511999999,17.42664000,2,0.00000000,0.00000000,0
2025-05-17 20:00:00,0.2296,0.2296,0.2296,0.2296,0.00000000,1747526399999,0.00000000,0,0.00000000,0.00000000,0
2025-05-18 00:00:00,0.2336,0.2336,0.2336,0.2336,47.20000000,1747540799999,11.02592000,1,47.20000000,11.02592000,0
2025-05-18 04:00:00,0.2335,0.2384,0.2335,0.2384,290.00000000,1747555199999,68.02716000,6,150.80000000,35.49612000,0
2025-05-18 08:00:00,0.239,0.239,0.239,0.239,51.30000000,1747569599999,12.26070000,2,0.00000000,0.00000000,0
2025-05-18 12:00:00,0.2384,0.2434,0.2384,0.2433,1190.90000000,1747583999999,288.29955000,8,1190.90000000,288.29955000,0
2025-05-18 16:00:00,0.243,0.243,0.2327,0.2327,443.70000000,1747598399999,104.20318000,7,25.40000000,5.99186000,0
2025-05-18 20:00:00,0.2313,0.2375,0.2277,0.237,15896.70000000,1747612799999,3692.31446000,18,2402.30000000,562.38077000,0
2025-05-19 00:00:00,0.2415,0.2415,0.232,0.232,5014.20000000,1747627199999,1196.13240000,8,4468.20000000,1067.96628000,0
2025-05-19 04:00:00,0.2328,0.2328,0.2328,0.2328,10.70000000,1747641599999,2.49096000,1,10.70000000,2.49096000,0
2025-05-19 08:00:00,0.2306,0.2306,0.2297,0.2304,1358.20000000,1747655999999,312.91535000,4,21.70000000,5.00402000,0
2025-05-19 12:00:00,0.2268,0.2282,0.2268,0.2282,609.60000000,1747670399999,138.97128000,2,0.00000000,0.00000000,0
2025-05-19 16:00:00,0.2337,0.2337,0.2309,0.2309,107.60000000,1747684799999,25.00612000,2,57.60000000,13.46112000,0
2025-05-19 20:00:00,0.232,0.232,0.2307,0.2307,1085.10000000,1747699199999,250.35129000,2,14.40000000,3.34080000,0
2025-05-20 00:00:00,0.2338,0.2374,0.2312,0.2374,1554.20000000,1747713599999,363.55029000,7,1537.40000000,359.66613000,0
2025-05-20 04:00:00,0.2322,0.2343,0.2317,0.2317,1535.90000000,1747727999999,358.91540000,6,1248.90000000,292.26504000,0
2025-05-20 08:00:00,0.2314,0.2317,0.2287,0.2287,1593.20000000,1747742399999,367.72711000,5,0.00000000,0.00000000,0
2025-05-20 12:00:00,0.2277,0.2295,0.2252,0.2295,1070.50000000,1747756799999,242.71456000,8,13.00000000,2.98350000,0
2025-05-20 16:00:00,0.2317,0.2317,0.2265,0.2301,919.60000000,1747771199999,210.75148000,7,719.60000000,165.45148000,0
2025-05-20 20:00:00,0.2314,0.2321,0.2314,0.2321,138.10000000,1747785599999,31.97748000,2,138.10000000,31.97748000,0
2025-05-21 00:00:00,0.2286,0.2339,0.2284,0.2317,13719.90000000,1747799999999,3163.91172000,16,5297.00000000,1221.65875000,0
2025-05-21 04:00:00,0.2314,0.2341,0.2314,0.2321,6613.60000000,1747814399999,1534.92012000,14,6525.20000000,1514.38942000,0
2025-05-21 08:00:00,0.2298,0.2298,0.2287,0.2288,1578.60000000,1747828799999,361.94011000,3,796.00000000,182.92080000,0
2025-05-21 12:00:00,0.2356,0.2357,0.2345,0.2345,67.20000000,1747843199999,15.81864000,3,52.70000000,12.41839000,0
2025-05-21 16:00:00,0.2366,0.2452,0.233,0.2367,6772.70000000,1747857599999,1608.84158000,32,4163.70000000,986.88661000,0
2025-05-21 20:00:00,0.2392,0.2413,0.2388,0.2413,2183.40000000,1747871999999,522.79409000,4,1639.70000000,392.35228000,0
2025-05-22 00:00:00,0.2413,0.248,0.2408,0.248,7166.30000000,1747886399999,1770.80045000,14,7027.70000000,1736.91132000,0
2025-05-22 04:00:00,0.2475,0.25,0.2469,0.2471,2639.30000000,1747900799999,654.88995000,14,1001.90000000,249.55635000,0
2025-05-22 08:00:00,0.25,0.2532,0.2494,0.2494,4080.40000000,1747915199999,1023.88054000,14,3412.50000000,856.35669000,0
2025-05-22 12:00:00,0.2491,0.2511,0.2473,0.2511,3763.60000000,1747929599999,938.62193000,15,1760.20000000,440.73841000,0
2025-05-22 16:00:00,0.2479,0.2506,0.247,0.2502,136.60000000,1747943999999,34.12076000,5,114.30000000,28.60726000,0
2025-05-22 20:00:00,0.2491,0.2508,0.2479,0.2508,11904.90000000,1747958399999,2951.85493000,5,11691.20000000,2898.27260000,0
2025-05-23 00:00:00,0.2517,0.2571,0.2511,0.2569,5342.80000000,1747972799999,1360.27882000,41,3578.00000000,911.60370000,0
2025-05-23 04:00:00,0.2556,0.2556,0.2496,0.2496,2550.50000000,1747987199999,640.89372000,18,0.00000000,0.00000000,0
2025-05-23 08:00:00,0.251,0.2523,0.2429,0.2429,15365.80000000,1748001599999,3815.00720000,30,2501.80000000,619.56344000,0
2025-05-23 12:00:00,0.2427,0.2459,0.2375,0.244,11806.60000000,1748015999999,2849.32247000,29,8810.40000000,2127.72227000,0
2025-05-23 16:00:00,0.2421,0.2443,0.2421,0.2421,308.70000000,1748030399999,74.82603000,4,263.30000000,63.83469000,0
2025-05-23 20:00:00,0.2393,0.2393,0.2334,0.2335,5995.60000000,1748044799999,1413.06813000,19,3579.30000000,840.90631000,0
2025-05-24 00:00:00,0.234,0.2396,0.2329,0.2395,1715.50000000,1748059199999,405.16744000,11,894.90000000,213.51566000,0
2025-05-24 04:00:00,0.2377,0.2377,0.2377,0.2377,869.40000000,1748073599999,206.65638000,1,869.40000000,206.65638000,0
2025-05-24 08:00:00,0.2369,0.2369,0.2369,0.2369,291.30000000,1748087999999,69.00897000,1,0.00000000,0.00000000,0
2025-05-24 12:00:00,0.2363,0.2363,0.2363,0.2363,2972.00000000,1748102399999,702.28360000,1,2972.00000000,702.28360000,0
2025-05-24 16:00:00,0.2346,0.2346,0.2337,0.2337,23.00000000,1748116799999,5.38581000,2,11.90000000,2.79174000,0
2025-05-24 20:00:00,0.2348,0.2348,0.2314,0.2318,5335.30000000,1748131199999,1242.21712000,14,66.90000000,15.60467000,0
2025-05-25 00:00:00,0.2333,0.2373,0.2296,0.2302,374.90000000,1748145599999,86.59228000,6,79.10000000,18.59923000,0
2025-05-25 04:00:00,0.2307,0.2308,0.2289,0.2308,112.10000000,1748159999999,25.78715000,4,43.40000000,10.01672000,0
2025-05-25 08:00:00,0.2289,0.2324,0.2257,0.2324,6352.10000000,1748174399999,1450.90029000,14,726.10000000,165.66297000,0
2025-05-25 12:00:00,0.2323,0.2323,0.228,0.2303,1371.20000000,1748188799999,312.90427000,5,1289.80000000,294.16685000,0
2025-05-25 16:00:00,0.2283,0.2306,0.2283,0.2306,2497.20000000,1748203199999,575.26587000,8,2360.90000000,544.14357000,0
2025-05-25 20:00:00,0.2288,0.2359,0.2288,0.2359,1017.30000000,1748217599999,237.00668000,9,697.30000000,162.77382000,0
2025-05-26 00:00:00,0.2375,0.2386,0.2348,0.2348,2007.30000000,1748231999999,478.04517000,7,1932.10000000,460.38077000,0
2025-05-26 04:00:00,0.2348,0.2348,0.2348,0.2348,0.00000000,1748246399999,0.00000000,0,0.00000000,0.00000000,0
2025-05-26 08:00:00,0.2363,0.2367,0.2357,0.2357,73.70000000,1748260799999,17.41289000,3,8.80000000,2.08296000,0
2025-05-26 12:00:00,0.2378,0.2378,0.2322,0.2322,2754.60000000,1748275199999,644.57621000,7,793.80000000,188.72334000,0
2025-05-26 16:00:00,0.2317,0.2317,0.2287,0.2306,18207.80000000,1748289599999,4194.26919000,15,12903.50000000,2968.54093000,0
2025-05-26 20:00:00,0.2312,0.2312,0.2302,0.2304,1426.30000000,1748303999999,329.50034000,3,1426.30000000,329.50034000,0
2025-05-27 00:00:00,0.2284,0.2306,0.2269,0.2306,457.00000000,1748318399999,104.67923000,4,366.80000000,84.14520000,0
2025-05-27 04:00:00,0.2314,0.2325,0.231,0.2323,2837.50000000,1748332799999,658.20693000,7,1007.70000000,233.28115000,0
2025-05-27 08:00:00,0.2322,0.2346,0.2309,0.2312,21916.90000000,1748347199999,5079.65033000,35,3127.40000000,730.32602000,0
2025-05-27 12:00:00,0.2326,0.2333,0.2306,0.2306,12014.90000000,1748361599999,2784.51172000,10,2449.20000000,571.39836000,0
2025-05-27 16:00:00,0.2336,0.2336,0.2326,0.2335,1770.70000000,1748375999999,411.92713000,5,1770.70000000,411.92713000,0
2025-05-27 20:00:00,0.2304,0.2326,0.2285,0.2294,2823.10000000,1748390399999,650.49005000,18,352.00000000,81.17718000,0
2025-05-28 00:00:00,0.2298,0.231,0.2281,0.2292,4610.20000000,1748404799999,1056.55377000,11,2129.20000000,490.04448000,0
2025-05-28 04:00:00,0.2304,0.2304,0.2284,0.2284,29.60000000,1748419199999,6.80384000,2,21.60000000,4.97664000,0
2025-05-28 08:00:00,0.2288,0.231,0.228,0.231,7036.70000000,1748433599999,1622.95573000,11,5304.30000000,1224.43830000,0
2025-05-28 12:00:00,0.2316,0.2328,0.2256,0.2264,10180.30000000,1748447999999,2331.02481000,29,2946.80000000,678.41672000,0
2025-05-28 16:00:00,0.2261,0.2261,0.2232,0.2232,3006.00000000,1748462399999,674.85832000,9,0.00000000,0.00000000,0
2025-05-28 20:00:00,0.2255,0.2286,0.2255,0.2286,4418.20000000,1748476799999,1001.71703000,8,4418.20000000,1001.71703000,0
2025-05-29 00:00:00,0.2295,0.2351,0.2295,0.234,1580.20000000,1748491199999,369.23739000,15,1425.10000000,333.17541000,0
2025-05-29 04:00:00,0.234,0.234,0.2299,0.2299,396.80000000,1748505599999,92.29043000,7,21.40000000,4.99904000,0
2025-05-29 08:00:00,0.2303,0.2303,0.2303,0.2303,143.60000000,1748519999999,33.07108000,1,0.00000000,0.00000000,0
2025-05-29 12:00:00,0.2293,0.2293,0.2273,0.2273,1387.40000000,1748534399999,318.08409000,6,0.00000000,0.00000000,0
2025-05-29 16:00:00,0.2279,0.2279,0.2254,0.2254,3701.60000000,1748548799999,841.33967000,9,0.00000000,0.00000000,0
2025-05-29 20:00:00,0.2273,0.2273,0.2247,0.2247,825.60000000,1748563199999,186.92567000,6,464.30000000,105.00463000,0
2025-05-30 00:00:00,0.2268,0.2269,0.2143,0.2208,25003.40000000,1748577599999,5507.44561000,47,7490.20000000,1648.27744000,0
2025-05-30 04:00:00,0.2204,0.2204,0.2181,0.2181,379.90000000,1748591999999,82.90817000,3,22.60000000,4.98104000,0
2025-05-30 08:00:00,0.2194,0.222,0.2181,0.2206,4615.20000000,1748606399999,1015.01509000,11,2837.70000000,623.54304000,0
2025-05-30 12:00:00,0.2192,0.2203,0.219,0.2197,2124.40000000,1748620799999,466.79835000,10,1609.70000000,353.53532000,0
2025-05-30 16:00:00,0.2195,0.2197,0.2113,0.2146,60242.80000000,1748635199999,13150.37603000,41,13122.10000000,2863.68964000,0
2025-05-30 20:00:00,0.2133,0.2133,0.2049,0.2061,10086.70000000,1748649599999,2083.92082000,21,5113.70000000,1051.85751000,0
2025-05-31 00:00:00,0.206,0.206,0.2018,0.2018,10616.50000000,1748663999999,2166.49144000,28,2822.80000000,579.75945000,0
2025-05-31 04:00:00,0.2035,0.2069,0.2035,0.2069,3182.40000000,1748678399999,651.10710000,13,2521.10000000,516.12449000,0
2025-05-31 08:00:00,0.2069,0.2082,0.2056,0.2072,2601.50000000,1748692799999,540.16627000,9,2010.90000000,418.24657000,0
2025-05-31 12:00:00,0.2083,0.2121,0.2083,0.2114,3729.00000000,1748707199999,783.58034000,15,2143.30000000,448.73346000,0
2025-05-31 16:00:00,0.2131,0.2146,0.2128,0.2146,3171.70000000,1748721599999,677.82166000,9,3171.70000000,677.82166000,0
2025-05-31 20:00:00,0.2141,0.2174,0.2141,0.2143,4053.80000000,1748735999999,874.31738000,13,1221.90000000,263.68431000,0
2025-06-01 00:00:00,0.2139,0.2143,0.2123,0.2123,1587.50000000,1748750399999,339.60921000,9,1101.40000000,235.96874000,0
2025-06-01 04:00:00,0.2139,0.2159,0.2139,0.2144,3296.20000000,1748764799999,709.56836000,11,2975.40000000,640.74364000,0
2025-06-01 08:00:00,0.2136,0.2136,0.2105,0.2133,8767.70000000,1748779199999,1860.83070000,37,1701.30000000,359.05113000,0
2025-06-01 12:00:00,0.2115,0.2134,0.2112,0.2128,4324.30000000,1748793599999,915.43061000,7,3912.00000000,827.71471000,0
2025-06-01 16:00:00,0.2145,0.2154,0.2139,0.2142,1623.30000000,1748807999999,348.33742000,7,1543.20000000,331.16495000,0
2025-06-01 20:00:00,0.2138,0.2167,0.2138,0.2162,1333.40000000,1748822399999,287.56685000,12,1328.20000000,286.44937000,0
2025-06-02 00:00:00,0.2147,0.2152,0.2117,0.2117,1824.60000000,1748836799999,390.59973000,10,0.00000000,0.00000000,0
2025-06-02 04:00:00,0.2123,0.2154,0.2123,0.2154,585.00000000,1748851199999,125.05442000,4,313.90000000,67.49989000,0
2025-06-02 08:00:00,0.2159,0.2159,0.2117,0.2125,10515.60000000,1748865599999,2233.86713000,23,3287.30000000,699.87109000,0
2025-06-02 12:00:00,0.2124,0.2154,0.2124,0.2143,7568.10000000,1748879999999,1616.10046000,13,7559.60000000,1614.27891000,0
2025-06-02 16:00:00,0.2149,0.2159,0.213,0.213,86214.70000000,1748894399999,18369.55997000,19,81048.80000000,17267.40290000,0
2025-06-02 20:00:00,0.2159,0.2192,0.2159,0.2181,4012.20000000,1748908799999,871.09062000,15,2424.60000000,526.45451000,0
2025-06-03 00:00:00,0.2193,0.2204,0.2174,0.2187,1531.70000000,1748923199999,336.00625000,15,1374.00000000,301.50951000,0
2025-06-03 04:00:00,0.217,0.217,0.2168,0.2168,548.70000000,1748937599999,119.03330000,3,0.00000000,0.00000000,0
2025-06-03 08:00:00,0.2156,0.2173,0.2155,0.2173,701.80000000,1748951999999,152.02569000,5,394.70000000,85.76831000,0
2025-06-03 12:00:00,0.2172,0.2196,0.2165,0.2181,597.10000000,1748966399999,130.42610000,7,172.10000000,37.60982000,0
2025-06-03 16:00:00,0.2181,0.2181,0.2181,0.2181,0.00000000,1748980799999,0.00000000,0,0.00000000,0.00000000,0
2025-06-03 20:00:00,0.2165,0.2165,0.213,0.2135,7844.10000000,1748995199999,1691.38947000,25,3676.30000000,795.43280000,0
2025-06-04 00:00:00,0.2147,0.2172,0.2147,0.2163,6610.10000000,1749009599999,1431.04295000,9,4099.90000000,888.10477000,0
2025-06-04 04:00:00,0.2164,0.2176,0.2162,0.2176,521.30000000,1749023999999,112.83122000,3,0.00000000,0.00000000,0
2025-06-04 08:00:00,0.2174,0.2194,0.2162,0.2164,1728.60000000,1749038399999,377.71453000,12,1671.80000000,365.36848000,0
2025-06-04 12:00:00,0.2156,0.2186,0.2143,0.2186,2445.80000000,1749052799999,532.37708000,10,1960.90000000,427.59636000,0
2025-06-04 16:00:00,0.2183,0.2186,0.2156,0.2156,2613.60000000,1749067199999,566.97229000,10,214.20000000,46.67106000,0
2025-06-04 20:00:00,0.2143,0.2152,0.2124,0.213,517.80000000,1749081599999,110.66891000,8,88.50000000,18.96581000,0
2025-06-05 00:00:00,0.2145,0.2162,0.2145,0.2162,1573.10000000,1749095999999,337.88616000,6,1573.10000000,337.88616000,0
2025-06-05 04:00:00,0.2159,0.2159,0.2159,0.2159,185.20000000,1749110399999,39.98468000,1,185.20000000,39.98468000,0
2025-06-05 08:00:00,0.215,0.2155,0.2123,0.2128,2019.00000000,1749124799999,430.38398000,8,0.00000000,0.00000000,0
2025-06-05 12:00:00,0.2117,0.2123,0.2105,0.2123,3870.20000000,1749139199999,820.95634000,8,338.00000000,71.72360000,0
2025-06-05 16:00:00,0.2099,0.2102,0.2019,0.2053,30532.70000000,1749153599999,6214.46131000,37,6801.40000000,1395.08084000,0
2025-06-05 20:00:00,0.2044,0.2046,0.1957,0.199,34281.40000000,1749167999999,6817.87854000,76,12872.00000000,2564.00774000,0
2025-06-06 00:00:00,0.2004,0.2022,0.2004,0.2022,2397.30000000,1749182399999,482.62345000,9,2357.40000000,474.62350000,0
2025-06-06 04:00:00,0.2033,0.2059,0.2033,0.2059,2878.80000000,1749196799999,590.70058000,13,2878.80000000,590.70058000,0
2025-06-06 08:00:00,0.2065,0.2077,0.2065,0.2077,1224.00000000,1749211199999,253.37889000,9,1060.80000000,219.67809000,0
2025-06-06 12:00:00,0.2083,0.2241,0.2083,0.215,25640.20000000,1749225599999,5589.46645000,75,14547.80000000,3173.06372000,0
2025-06-06 16:00:00,0.2159,0.2162,0.2132,0.2133,7850.40000000,1749239999999,1689.60040000,17,4890.80000000,1055.07339000,0
2025-06-06 20:00:00,0.2157,0.2164,0.2139,0.2139,2172.90000000,1749254399999,465.77519000,9,541.70000000,116.81076000,0
2025-06-07 00:00:00,0.2161,0.2161,0.2128,0.2159,5669.50000000,1749268799999,1219.24261000,13,2625.70000000,565.33987000,0
2025-06-07 04:00:00,0.2171,0.2184,0.2171,0.2184,2751.90000000,1749283199999,598.37445000,4,2751.90000000,598.37445000,0
2025-06-07 08:00:00,0.2169,0.217,0.2158,0.216,510.90000000,1749297599999,110.56993000,4,429.90000000,93.09013000,0
2025-06-07 12:00:00,0.2159,0.2176,0.2147,0.2176,810.50000000,1749311999999,174.16991000,6,34.00000000,7.37562000,0
2025-06-07 16:00:00,0.2153,0.2153,0.2143,0.2143,562.00000000,1749326399999,120.67700000,5,213.80000000,45.99396000,0
2025-06-07 20:00:00,0.2137,0.2137,0.213,0.213,233.30000000,1749340799999,49.74272000,4,41.90000000,8.95403000,0
2025-06-08 00:00:00,0.2129,0.2136,0.2117,0.2118,1603.70000000,1749355199999,340.84181000,8,117.10000000,24.95628000,0
2025-06-08 04:00:00,0.2117,0.2117,0.2095,0.2095,2522.30000000,1749369599999,533.55207000,8,0.00000000,0.00000000,0
2025-06-08 08:00:00,0.2101,0.2108,0.2085,0.2108,1878.70000000,1749383999999,392.19750000,9,71.30000000,14.99679000,0
2025-06-08 12:00:00,0.2108,0.2108,0.2108,0.2108,0.00000000,1749398399999,0.00000000,0,0.00000000,0.00000000,0
2025-06-08 16:00:00,0.2121,0.2121,0.2111,0.2116,1258.70000000,1749412799999,265.92834000,5,250.60000000,53.09576000,0
2025-06-08 20:00:00,0.2119,0.2119,0.2104,0.2104,1380.80000000,1749427199999,292.49907000,3,1380.80000000,292.49907000,0
2025-06-09 00:00:00,0.2103,0.2107,0.2092,0.2092,458.10000000,1749441599999,96.01933000,4,286.10000000,59.99447000,0
2025-06-09 04:00:00,0.208,0.2094,0.207,0.2092,759.90000000,1749455999999,157.64844000,6,89.40000000,18.71599000,0
2025-06-09 08:00:00,0.2082,0.2133,0.2082,0.2133,3184.60000000,1749470399999,673.97464000,13,2778.40000000,589.25490000,0
2025-06-09 12:00:00,0.2129,0.2129,0.2129,0.2129,94.40000000,1749484799999,20.09776000,1,94.40000000,20.09776000,0
2025-06-09 16:00:00,0.2134,0.2138,0.2124,0.2132,6096.70000000,1749499199999,1299.73111000,7,6079.70000000,1296.12031000,0
2025-06-09 20:00:00,0.2139,0.2186,0.2131,0.2186,2256.60000000,1749513599999,486.79757000,29,1765.90000000,381.73987000,0
2025-06-10 00:00:00,0.219,0.2199,0.2158,0.2158,68357.60000000,1749527999999,14903.99093000,34,50917.90000000,11101.41312000,0
2025-06-10 04:00:00,0.2158,0.2158,0.2153,0.2156,1718.40000000,1749542399999,370.69079000,10,0.00000000,0.00000000,0
2025-06-10 08:00:00,0.215,0.2211,0.215,0.2211,5613.80000000,1749556799999,1220.75340000,14,5602.60000000,1218.34540000,0
2025-06-10 12:00:00,0.2219,0.2258,0.219,0.2214,6264.40000000,1749571199999,1389.38719000,28,1518.70000000,338.43628000,0
2025-06-10 16:00:00,0.221,0.2265,0.2207,0.2237,2495.90000000,1749585599999,562.00330000,17,2401.30000000,541.06106000,0
2025-06-10 20:00:00,0.2245,0.2267,0.2243,0.2246,7428.50000000,1749599999999,1668.57856000,11,7352.70000000,1651.51443000,0
2025-06-11 00:00:00,0.2251,0.2271,0.2234,0.2256,7879.70000000,1749614399999,1772.07028000,19,4444.60000000,1002.55315000,0
2025-06-11 04:00:00,0.2236,0.2254,0.2232,0.2253,2326.10000000,1749628799999,522.07196000,6,1222.30000000,275.37135000,0
2025-06-11 08:00:00,0.2237,0.2237,0.2195,0.2196,8264.70000000,1749643199999,1835.45039000,24,1342.40000000,297.93104000,0
2025-06-11 12:00:00,0.2206,0.239,0.2199,0.2337,35147.60000000,1749657599999,8137.88823000,82,24476.60000000,5645.07333000,0
2025-06-11 16:00:00,0.2352,0.2392,0.2287,0.2289,30287.20000000,1749671999999,7087.25977000,60,14451.40000000,3381.94838000,0
2025-06-11 20:00:00,0.2293,0.2324,0.2255,0.2307,9380.60000000,1749686399999,2140.18372000,30,5751.80000000,1316.28676000,0
2025-06-12 00:00:00,0.2307,0.2325,0.2267,0.228,5692.30000000,1749700799999,1314.24497000,12,4062.70000000,943.14713000,0
2025-06-12 04:00:00,0.2254,0.2254,0.2201,0.2201,5458.40000000,1749715199999,1214.83688000,18,1425.30000000,318.04127000,0
2025-06-12 08:00:00,0.2208,0.2212,0.2179,0.2181,7018.40000000,1749729599999,1538.96171000,21,3010.00000000,660.73668000,0
2025-06-12 12:00:00,0.2179,0.2211,0.2172,0.2181,6210.70000000,1749743999999,1359.39442000,14,2622.80000000,575.69416000,0
2025-06-12 16:00:00,0.2172,0.2178,0.213,0.213,16980.20000000,1749758399999,3670.55964000,15,15119.50000000,3270.38220000,0
2025-06-12 20:00:00,0.2126,0.2129,0.2082,0.2118,116172.60000000,1749772799999,24387.60365000,60,78209.30000000,16422.38157000,0
2025-06-13 00:00:00,0.2092,0.2092,0.1911,0.201,52045.80000000,1749787199999,10312.77282000,117,22701.10000000,4501.33018000,0
2025-06-13 04:00:00,0.1983,0.201,0.198,0.201,373.00000000,1749801599999,74.31651000,4,140.10000000,28.16010000,0
2025-06-13 08:00:00,0.2015,0.2021,0.2011,0.2011,326.70000000,1749815999999,65.88894000,6,202.30000000,40.85234000,0
2025-06-13 12:00:00,0.2002,0.2046,0.1991,0.2039,487758.00000000,1749830399999,97530.18905000,100,473310.10000000,94634.90417000,0
2025-06-13 16:00:00,0.2058,0.2058,0.2006,0.2023,7160.40000000,1749844799999,1451.53747000,18,870.60000000,177.04433000,0
2025-06-13 20:00:00,0.2022,0.2041,0.2022,0.2041,190.00000000,1749859199999,38.66792000,3,182.60000000,37.17164000,0
2025-06-14 00:00:00,0.2041,0.2041,0.2025,0.2028,129346.30000000,1749873599999,26252.33647000,38,24226.80000000,4913.63647000,0
2025-06-14 04:00:00,0.2023,0.2023,0.2013,0.2018,6094.60000000,1749887999999,1229.62753000,13,394.90000000,79.82898000,0
2025-06-14 08:00:00,0.201,0.2021,0.2009,0.2021,1839.90000000,1749902399999,369.73519000,3,49.40000000,9.98374000,0
2025-06-14 12:00:00,0.2009,0.2019,0.1993,0.1993,3113.10000000,1749916799999,625.72505000,10,1594.90000000,321.00466000,0
2025-06-14 16:00:00,0.1994,0.1994,0.197,0.197,1538.20000000,1749931199999,304.51895000,12,356.60000000,70.71717000,0
2025-06-14 20:00:00,0.1972,0.1998,0.196,0.1991,4717.00000000,1749945599999,930.42531000,46,400.60000000,79.73429000,0
2025-06-15 00:00:00,0.1987,0.1997,0.1977,0.198,4001.70000000,1749959999999,796.31288000,12,3112.40000000,620.39658000,0
2025-06-15 04:00:00,0.1998,0.2009,0.1987,0.1988,1216.60000000,1749974399999,242.40400000,4,470.00000000,94.05458000,0
2025-06-15 08:00:00,0.1976,0.1976,0.1973,0.1973,1538.10000000,1749988799999,303.54306000,3,0.00000000,0.00000000,0
2025-06-15 12:00:00,0.1992,0.2003,0.1992,0.1999,3532.40000000,1750003199999,704.21828000,9,3524.30000000,702.59585000,0
2025-06-15 16:00:00,0.1992,0.2002,0.1972,0.1972,7460.30000000,1750017599999,1481.68000000,17,1807.80000000,361.82882000,0
2025-06-15 20:00:00,0.1971,0.1986,0.1953,0.1986,6253.10000000,1750031999999,1233.03381000,16,3161.70000000,626.75278000,0
2025-06-16 00:00:00,0.1982,0.201,0.1968,0.1997,10635.60000000,1750046399999,2116.90889000,23,7300.20000000,1456.46733000,0
2025-06-16 04:00:00,0.2005,0.2035,0.2005,0.203,1594.50000000,1750060799999,321.45064000,18,1493.00000000,300.87189000,0
2025-06-16 08:00:00,0.2046,0.2046,0.2039,0.2039,173.20000000,1750075199999,35.42552000,3,157.20000000,32.16312000,0
2025-06-16 12:00:00,0.204,0.2063,0.2039,0.2063,231603.00000000,1750089599999,47662.62928000,40,229756.30000000,47284.03850000,0
2025-06-16 16:00:00,0.2056,0.2071,0.2056,0.2071,525.00000000,1750103999999,108.58095000,6,423.10000000,87.59531000,0
2025-06-16 20:00:00,0.2075,0.2075,0.2,0.2,1109.00000000,1750118399999,224.65703000,18,118.90000000,24.57236000,0
2025-06-17 00:00:00,0.2002,0.2026,0.1959,0.2014,7477.20000000,1750132799999,1487.39927000,41,5194.40000000,1038.31023000,0
2025-06-17 04:00:00,0.2001,0.2001,0.1994,0.1994,145.10000000,1750147199999,28.93651000,2,0.00000000,0.00000000,0
2025-06-17 08:00:00,0.1989,0.199,0.1974,0.1975,3396.70000000,1750161599999,672.62759000,15,50.20000000,9.98980000,0
2025-06-17 12:00:00,0.1974,0.1991,0.1948,0.1964,123307.70000000,1750175999999,24531.82890000,52,117907.00000000,23470.16634000,0
2025-06-17 16:00:00,0.1955,0.1986,0.1929,0.1986,6894.10000000,1750190399999,1347.63360000,19,4899.40000000,960.99243000,0
2025-06-17 20:00:00,0.1968,0.1968,0.1936,0.1936,5416.10000000,1750204799999,1055.21013000,12,417.10000000,81.78858000,0
2025-06-18 00:00:00,0.1937,0.1959,0.1936,0.1947,1754.50000000,1750219199999,340.10923000,8,232.80000000,45.36886000,0
2025-06-18 04:00:00,0.1963,0.1973,0.1956,0.1956,959.40000000,1750233599999,188.39535000,6,772.50000000,151.74827000,0
2025-06-18 08:00:00,0.1944,0.1944,0.189,0.1916,13554.00000000,1750247999999,2590.23952000,24,7147.40000000,1360.42192000,0
2025-06-18 12:00:00,0.189,0.1915,0.1874,0.1905,4177.60000000,1750262399999,792.82567000,18,3329.10000000,633.14376000,0
2025-06-18 16:00:00,0.188,0.188,0.182,0.185,14473.90000000,1750276799999,2682.94590000,41,3602.60000000,668.90279000,0
2025-06-18 20:00:00,0.1859,0.1916,0.1859,0.1897,5278.90000000,1750291199999,1001.96472000,22,5139.10000000,975.94794000,0
2025-06-19 00:00:00,0.1915,0.1915,0.1888,0.1888,5403.10000000,1750305599999,1025.87754000,9,1181.40000000,224.69807000,0
2025-06-19 04:00:00,0.1897,0.1917,0.189,0.189,399.30000000,1750319999999,75.74124000,5,28.20000000,5.40448000,0
2025-06-19 08:00:00,0.1894,0.1916,0.1894,0.1915,183.70000000,1750334399999,35.15253000,3,147.20000000,28.20352000,0
2025-06-19 12:00:00,0.1891,0.1891,0.1856,0.1856,3040.80000000,1750348799999,569.15980000,10,31.90000000,6.00358000,0
2025-06-19 16:00:00,0.1853,0.1887,0.1852,0.1881,4767.80000000,1750363199999,893.69258000,15,3807.50000000,713.11906000,0
2025-06-19 20:00:00,0.1881,0.1892,0.1868,0.1868,1332.70000000,1750377599999,250.28130000,3,1003.00000000,188.69334000,0
2025-06-20 00:00:00,0.1867,0.1888,0.1867,0.187,2359.40000000,1750391999999,441.93711000,7,2359.40000000,441.93711000,0
2025-06-20 04:00:00,0.1862,0.1901,0.1862,0.1901,2117.70000000,1750406399999,397.00023000,5,740.30000000,140.52835000,0
2025-06-20 08:00:00,0.1905,0.1905,0.1897,0.1897,1836.20000000,1750420799999,349.05718000,4,147.90000000,28.17495000,0
2025-06-20 12:00:00,0.1915,0.1916,0.1868,0.1868,1850.80000000,1750435199999,352.78556000,8,1384.10000000,265.06986000,0
2025-06-20 16:00:00,0.1871,0.1871,0.1801,0.1819,10473.50000000,1750449599999,1914.25774000,30,2743.30000000,505.24632000,0
2025-06-20 20:00:00,0.1842,0.1847,0.1813,0.1813,5240.30000000,1750463999999,960.41157000,9,3642.10000000,670.36172000,0
2025-06-21 00:00:00,0.1837,0.1848,0.1837,0.1848,1730.70000000,1750478399999,318.11267000,3,1730.70000000,318.11267000,0
2025-06-21 04:00:00,0.1856,0.1859,0.1851,0.1859,6265.40000000,1750492799999,1162.89580000,6,853.50000000,158.45916000,0
2025-06-21 08:00:00,0.1865,0.1881,0.1865,0.1867,424.30000000,1750507199999,79.47994000,5,333.50000000,62.52758000,0
2025-06-21 12:00:00,0.1857,0.1857,0.1823,0.1823,4494.90000000,1750521599999,827.68668000,11,594.40000000,109.98478000,0
2025-06-21 16:00:00,0.1823,0.1823,0.1749,0.1749,16754.70000000,1750535999999,3022.89707000,32,1686.90000000,304.83635000,0
2025-06-21 20:00:00,0.1745,0.1754,0.1675,0.173,29607.20000000,1750550399999,5070.09807000,66,14509.20000000,2490.40000000,0
2025-06-22 00:00:00,0.174,0.1742,0.1711,0.1711,9258.60000000,1750564799999,1596.25989000,14,3603.30000000,621.99373000,0
2025-06-22 04:00:00,0.1718,0.1742,0.1718,0.1735,6847.10000000,1750579199999,1185.45994000,6,2812.60000000,485.47419000,0
2025-06-22 08:00:00,0.1723,0.1742,0.1718,0.1742,11871.90000000,1750593599999,2057.05969000,12,10038.30000000,1740.68211000,0
2025-06-22 12:00:00,0.1745,0.1745,0.1667,0.1685,21713.80000000,1750607999999,3673.69345000,42,7151.80000000,1212.69015000,0
2025-06-22 16:00:00,0.1678,0.169,0.1667,0.1683,8125.50000000,1750622399999,1363.70149000,15,4258.70000000,716.18500000,0
2025-06-22 20:00:00,0.1667,0.1725,0.1638,0.1718,11260.70000000,1750636799999,1882.58558000,34,5460.20000000,925.64079000,0
2025-06-23 00:00:00,0.1727,0.1734,0.1722,0.1734,1619.00000000,1750651199999,279.70325000,7,333.00000000,57.63697000,0
2025-06-23 04:00:00,0.1735,0.1754,0.1728,0.1748,3536.90000000,1750665599999,617.38530000,11,3457.70000000,603.65918000,0
2025-06-23 08:00:00,0.1744,0.1744,0.1728,0.1728,2498.10000000,1750679999999,435.29356000,8,0.00000000,0.00000000,0
2025-06-23 12:00:00,0.1719,0.1752,0.1707,0.1709,7010.20000000,1750694399999,1207.81877000,18,2082.60000000,360.51049000,0
2025-06-23 16:00:00,0.1707,0.1743,0.1672,0.1737,132711.50000000,1750708799999,22505.32431000,70,27687.50000000,4748.00813000,0
2025-06-23 20:00:00,0.1752,0.1827,0.1752,0.1813,11710.40000000,1750723199999,2077.22065000,41,10126.30000000,1796.67804000,0
2025-06-24 00:00:00,0.1816,0.1819,0.1802,0.1805,6782.30000000,1750737599999,1230.28186000,13,5273.40000000,957.97188000,0
2025-06-24 04:00:00,0.1819,0.1848,0.1819,0.1823,2676.40000000,1750751999999,489.48315000,15,2523.30000000,461.57302000,0
2025-06-24 08:00:00,0.1815,0.1825,0.1796,0.1825,4349.70000000,1750766399999,786.18770000,13,274.00000000,49.95436000,0
2025-06-24 12:00:00,0.1803,0.1817,0.1802,0.1816,6803.80000000,1750780799999,1233.85664000,10,2847.60000000,515.88439000,0
2025-06-24 16:00:00,0.1805,0.1838,0.1805,0.1813,3949.80000000,1750795199999,721.53524000,10,3780.20000000,690.79932000,0
2025-06-24 20:00:00,0.1813,0.1838,0.181,0.1838,5187.50000000,1750809599999,946.71789000,12,2781.10000000,509.73213000,0
2025-06-25 00:00:00,0.1833,0.1841,0.1829,0.1841,1423.30000000,1750823999999,260.55495000,4,230.40000000,42.37354000,0
2025-06-25 04:00:00,0.1818,0.1825,0.1813,0.1825,299.00000000,1750838399999,54.34084000,5,54.80000000,9.98456000,0
2025-06-25 08:00:00,0.183,0.183,0.1818,0.1818,1440.30000000,1750852799999,261.95442000,2,0.00000000,0.00000000,0
2025-06-25 12:00:00,0.1838,0.1845,0.1789,0.1789,3982.00000000,1750867199999,720.41252000,16,218.10000000,40.13214000,0
2025-06-25 16:00:00,0.1783,0.1784,0.1778,0.1778,488.30000000,1750881599999,87.00079000,6,8.30000000,1.48072000,0
2025-06-25 20:00:00,0.1785,0.1792,0.1769,0.1781,788.00000000,1750895999999,140.16607000,7,589.40000000,104.98324000,0
2025-06-26 00:00:00,0.1767,0.1805,0.1767,0.1805,1970.10000000,1750910399999,353.33364000,7,1953.10000000,350.31648000,0
2025-06-26 04:00:00,0.1781,0.1782,0.178,0.1782,842.30000000,1750924799999,150.00427000,4,63.20000000,11.26224000,0
2025-06-26 08:00:00,0.1786,0.1786,0.175,0.175,5303.00000000,1750939199999,940.58638000,21,80.90000000,14.32232000,0
2025-06-26 12:00:00,0.1749,0.1749,0.1709,0.1731,52596.40000000,1750953599999,9128.75652000,27,1524.50000000,263.50561000,0
2025-06-26 16:00:00,0.1727,0.1738,0.172,0.1738,4025.10000000,1750967999999,697.73190000,7,3886.70000000,673.79390000,0
2025-06-26 20:00:00,0.1741,0.1754,0.1728,0.1728,3512.20000000,1750982399999,611.30645000,10,2142.40000000,374.48418000,0
2025-06-27 00:00:00,0.1718,0.1752,0.1718,0.1752,1826.10000000,1750996799999,317.64011000,8,1663.60000000,289.72261000,0
2025-06-27 04:00:00,0.1741,0.1741,0.1729,0.1729,1393.90000000,1751011199999,241.64719000,4,573.20000000,99.73680000,0
2025-06-27 08:00:00,0.175,0.175,0.175,0.175,12.80000000,1751025599999,2.24000000,1,0.00000000,0.00000000,0
2025-06-27 12:00:00,0.1733,0.1741,0.1721,0.1741,472.50000000,1751039999999,81.79450000,8,143.50000000,24.97835000,0
2025-06-27 16:00:00,0.1744,0.1763,0.1726,0.1726,3135.30000000,1751054399999,544.02828000,20,526.40000000,92.35739000,0
2025-06-27 20:00:00,0.1743,0.1743,0.1738,0.1738,556.50000000,1751068799999,96.90554000,4,166.60000000,29.03838000,0
2025-06-28 00:00:00,0.1737,0.175,0.1737,0.175,241.50000000,1751083199999,42.24560000,2,228.50000000,39.98750000,0
2025-06-28 04:00:00,0.1751,0.1752,0.1751,0.1752,194.90000000,1751097599999,34.14307000,2,194.90000000,34.14307000,0
2025-06-28 08:00:00,0.1743,0.1745,0.1743,0.1745,988.50000000,1751111999999,172.29719000,2,0.00000000,0.00000000,0
2025-06-28 12:00:00,0.1758,0.1762,0.1755,0.1762,2182.10000000,1751126399999,383.56032000,6,2170.80000000,381.57717000,0
2025-06-28 16:00:00,0.1768,0.1773,0.176,0.1773,4845.40000000,1751140799999,858.44694000,9,3916.50000000,694.38590000,0
2025-06-28 20:00:00,0.1779,0.1784,0.1779,0.1784,1625.20000000,1751155199999,289.47728000,6,1625.20000000,289.47728000,0
2025-06-29 00:00:00,0.1781,0.1781,0.1781,0.1781,718.60000000,1751169599999,127.98266000,1,718.60000000,127.98266000,0
2025-06-29 04:00:00,0.1779,0.1779,0.1779,0.1779,2810.80000000,1751183999999,500.04132000,6,0.00000000,0.00000000,0
2025-06-29 08:00:00,0.1775,0.1804,0.1775,0.1803,16213.80000000,1751198399999,2886.35062000,11,15912.50000000,2832.12881000,0
2025-06-29 12:00:00,0.1787,0.1788,0.178,0.178,1385.80000000,1751212799999,247.29021000,7,11.10000000,1.98468000,0
2025-06-29 16:00:00,0.1771,0.1782,0.177,0.1782,35965.80000000,1751227199999,6374.04828000,46,289.40000000,51.44898000,0
2025-06-29 20:00:00,0.1803,0.1865,0.1795,0.1848,15966.30000000,1751241599999,2927.83711000,28,15166.20000000,2779.70660000,0
2025-06-30 00:00:00,0.1844,0.185,0.1828,0.1846,2903.50000000,1751255999999,532.81012000,11,1449.90000000,265.90352000,0
2025-06-30 04:00:00,0.185,0.185,0.1813,0.1813,680.40000000,1751270399999,124.58092000,6,270.10000000,49.96850000,0
2025-06-30 08:00:00,0.1825,0.1832,0.1818,0.182,3689.20000000,1751284799999,672.03030000,8,955.00000000,173.69502000,0
2025-06-30 12:00:00,0.1837,0.1859,0.1822,0.1859,7581.50000000,1751299199999,1388.74993000,8,3630.70000000,668.78266000,0
2025-06-30 16:00:00,0.1865,0.1921,0.1865,0.1921,2827.60000000,1751313599999,533.58644000,35,2208.10000000,416.67202000,0
2025-06-30 20:00:00,0.1917,0.1927,0.1883,0.1883,5887.60000000,1751327999999,1125.39223000,16,2717.50000000,521.32921000,0
2025-07-01 00:00:00,0.1886,0.1886,0.1845,0.1845,3703.20000000,1751342399999,688.93408000,16,393.50000000,72.92199000,0
2025-07-01 04:00:00,0.1834,0.1834,0.1823,0.1825,1119.60000000,1751356799999,204.41171000,9,54.40000000,9.96608000,0
2025-07-01 08:00:00,0.1814,0.1838,0.1809,0.1826,3149.00000000,1751371199999,574.56526000,9,1421.10000000,261.07139000,0
2025-07-01 12:00:00,0.1833,0.1852,0.1833,0.1852,2127.20000000,1751385599999,392.55846000,3,2127.20000000,392.55846000,0
2025-07-01 16:00:00,0.1826,0.1826,0.1759,0.1765,4252.30000000,1751399999999,755.43873000,21,82.10000000,14.93646000,0
2025-07-01 20:00:00,0.1776,0.1776,0.1764,0.1764,157.20000000,1751414399999,27.80880000,4,123.20000000,21.80100000,0
2025-07-02 00:00:00,0.175,0.1783,0.1749,0.1783,2529.50000000,1751428799999,445.44961000,7,457.60000000,81.27642000,0
2025-07-02 04:00:00,0.1791,0.1804,0.1791,0.1802,953.20000000,1751443199999,171.58372000,5,408.60000000,73.44680000,0
2025-07-02 08:00:00,0.179,0.1816,0.179,0.1814,423.40000000,1751457599999,76.34493000,5,226.90000000,41.17143000,0
2025-07-02 12:00:00,0.1802,0.1838,0.1786,0.1834,12136.40000000,1751471999999,2207.03125000,22,11344.50000000,2064.86709000,0
2025-07-02 16:00:00,0.1841,0.1894,0.1841,0.1894,2057.60000000,1751486399999,386.86151000,20,1945.00000000,365.88692000,0
2025-07-02 20:00:00,0.1899,0.1908,0.1879,0.1879,10630.30000000,1751500799999,2022.15291000,15,240.20000000,45.76102000,0
2025-07-03 00:00:00,0.1896,0.1901,0.1892,0.1899,418.10000000,1751515199999,79.33412000,6,351.00000000,66.63532000,0
2025-07-03 04:00:00,0.1904,0.1923,0.1904,0.1923,1850.90000000,1751529599999,352.72047000,7,1844.50000000,351.49871000,0
2025-07-03 08:00:00,0.1912,0.1919,0.1892,0.1892,1741.80000000,1751543999999,333.32603000,10,1487.30000000,284.92459000,0
2025-07-03 12:00:00,0.1892,0.1892,0.186,0.186,15881.90000000,1751558399999,2962.89878000,13,1109.40000000,209.49650000,0
2025-07-03 16:00:00,0.1868,0.187,0.1863,0.187,1004.60000000,1751572799999,187.19619000,4,0.00000000,0.00000000,0
2025-07-03 20:00:00,0.1881,0.1888,0.1872,0.1874,3854.60000000,1751587199999,723.66194000,9,662.10000000,124.70143000,0
2025-07-04 00:00:00,0.1878,0.1878,0.1866,0.187,334.60000000,1751601599999,62.64420000,5,95.80000000,17.99124000,0
2025-07-04 04:00:00,0.1862,0.1862,0.1813,0.1813,4266.10000000,1751615999999,780.37069000,25,26.80000000,4.99016000,0
2025-07-04 08:00:00,0.1813,0.1828,0.1813,0.1828,2189.40000000,1751630399999,399.69030000,6,2017.00000000,368.39743000,0
2025-07-04 12:00:00,0.1806,0.1814,0.1792,0.1793,2104.90000000,1751644799999,379.70177000,16,194.30000000,35.05621000,0
2025-07-04 16:00:00,0.1791,0.1791,0.1773,0.1773,810.10000000,1751659199999,144.44469000,11,281.80000000,50.22010000,0
2025-07-04 20:00:00,0.18,0.18,0.18,0.18,3413.60000000,1751673599999,614.44800000,3,3413.60000000,614.44800000,0
2025-07-05 00:00:00,0.18,0.181,0.1786,0.1786,4165.10000000,1751687999999,749.09925000,11,3585.60000000,645.52172000,0
2025-07-05 04:00:00,0.1792,0.1799,0.1792,0.1793,592.50000000,1751702399999,106.19041000,3,44.50000000,7.98881000,0
2025-07-05 08:00:00,0.1793,0.1793,0.1789,0.1789,104.30000000,1751716799999,18.69527000,2,0.00000000,0.00000000,0
2025-07-05 12:00:00,0.1802,0.1802,0.1795,0.1795,1782.00000000,1751731199999,320.02953000,3,0.00000000,0.00000000,0
2025-07-05 16:00:00,0.1809,0.183,0.1809,0.183,2285.50000000,1751745599999,415.23922000,8,2285.50000000,415.23922000,0
2025-07-05 20:00:00,0.183,0.183,0.183,0.183,0.00000000,1751759999999,0.00000000,0,0.00000000,0.00000000,0
2025-07-06 00:00:00,0.1813,0.1813,0.1813,0.1813,101.40000000,1751774399999,18.38382000,2,0.00000000,0.00000000,0
2025-07-06 04:00:00,0.1811,0.1811,0.1809,0.1809,176.90000000,1751788799999,32.03107000,2,27.60000000,4.99284000,0
2025-07-06 08:00:00,0.181,0.182,0.1808,0.1814,85.20000000,1751803199999,15.45100000,4,63.90000000,11.59996000,0
2025-07-06 12:00:00,0.1832,0.184,0.1832,0.1838,326009.90000000,1751817599999,59920.47158000,193,9644.90000000,1772.58458000,0
2025-07-06 16:00:00,0.1842,0.1847,0.1838,0.1845,195.80000000,1751831999999,36.09017000,4,195.80000000,36.09017000,0
2025-07-06 20:00:00,0.1842,0.1853,0.1841,0.1841,4940.40000000,1751846399999,913.43816000,13,518.80000000,95.79110000,0
2025-07-07 00:00:00,0.1836,0.1858,0.1836,0.1858,1686.80000000,1751860799999,312.25789000,8,1266.80000000,234.64189000,0
2025-07-07 04:00:00,0.1854,0.1856,0.1837,0.1837,1663.30000000,1751875199999,306.42027000,5,515.60000000,95.58778000,0
2025-07-07 08:00:00,0.1844,0.185,0.1844,0.185,1018.40000000,1751889599999,187.93492000,15,0.00000000,0.00000000,0
2025-07-07 12:00:00,0.1859,0.187,0.1844,0.1844,558.50000000,1751903999999,103.84637000,6,401.70000000,74.91732000,0
2025-07-07 16:00:00,0.1839,0.1842,0.1825,0.1826,10447.80000000,1751918399999,1907.19197000,10,855.90000000,156.41808000,0
2025-07-07 20:00:00,0.1847,0.1847,0.1834,0.1843,229.30000000,1751932799999,42.25823000,7,70.40000000,12.98871000,0
2025-07-08 00:00:00,0.1841,0.1851,0.1832,0.1832,18492.70000000,1751947199999,3419.48515000,24,17471.20000000,3231.71536000,0
2025-07-08 04:00:00,0.1846,0.1864,0.1845,0.1864,317543.40000000,1751961599999,58587.71802000,80,317543.40000000,58587.71802000,0
2025-07-08 08:00:00,0.1863,0.1882,0.1856,0.1882,962.30000000,1751975999999,179.86584000,11,675.80000000,126.61389000,0
2025-07-08 12:00:00,0.1877,0.1888,0.1861,0.1871,2543.90000000,1751990399999,477.27001000,13,1141.80000000,214.96343000,0
2025-07-08 16:00:00,0.1872,0.1894,0.1872,0.1883,1245.50000000,1752004799999,234.98994000,8,889.10000000,167.96804000,0
2025-07-08 20:00:00,0.1898,0.1953,0.1887,0.1924,51160.70000000,1752019199999,9716.59206000,34,8436.70000000,1607.14864000,0
2025-07-09 00:00:00,0.1922,0.1962,0.1915,0.1957,6109.70000000,1752033599999,1190.38847000,17,5399.30000000,1053.68241000,0
2025-07-09 04:00:00,0.1947,0.2011,0.1946,0.2011,33610.40000000,1752047999999,6723.46867000,47,30820.60000000,6170.53789000,0
2025-07-09 08:00:00,0.2011,0.2063,0.2003,0.2023,10005.00000000,1752062399999,2038.12161000,38,1998.40000000,407.37975000,0
2025-07-09 12:00:00,0.2018,0.2028,0.1995,0.1996,2685.80000000,1752076799999,540.69392000,18,351.20000000,71.07508000,0
2025-07-09 16:00:00,0.2009,0.2077,0.1995,0.2072,304841.90000000,1752091199999,62770.80474000,169,41002.90000000,8419.65239000,0
2025-07-09 20:00:00,0.2052,0.2078,0.2052,0.2075,3155.00000000,1752105599999,651.68021000,14,177.20000000,36.73115000,0
2025-07-10 00:00:00,0.2083,0.2094,0.2048,0.207,31179.60000000,1752119999999,6405.89076000,37,3385.80000000,703.25501000,0
2025-07-10 04:00:00,0.206,0.2108,0.206,0.2108,14124.70000000,1752134399999,2944.31412000,24,9848.10000000,2057.81940000,0
2025-07-10 08:00:00,0.2109,0.2111,0.21,0.2109,1020.20000000,1752148799999,214.68424000,5,473.00000000,99.77224000,0
2025-07-10 12:00:00,0.2081,0.2081,0.2043,0.2043,6173.80000000,1752163199999,1280.30941000,15,0.00000000,0.00000000,0
2025-07-10 16:00:00,0.2071,0.2132,0.207,0.2125,11665.00000000,1752177599999,2454.30098000,37,7510.70000000,1575.28115000,0
2025-07-10 20:00:00,0.2125,0.2241,0.2123,0.2191,43554.00000000,1752191999999,9463.83751000,105,32252.60000000,6971.52937000,0
2025-07-11 00:00:00,0.22,0.2259,0.2175,0.2257,61998.00000000,1752206399999,13942.77637000,48,27938.90000000,6280.06522000,0
2025-07-11 04:00:00,0.2228,0.2274,0.2226,0.2255,12736.50000000,1752220799999,2865.90641000,39,4463.40000000,1008.85833000,0
2025-07-11 08:00:00,0.2252,0.2324,0.2252,0.2271,8858.80000000,1752235199999,2026.69816000,41,5876.90000000,1348.22912000,0
2025-07-11 12:00:00,0.2287,0.2397,0.2265,0.2302,45251.70000000,1752249599999,10592.79643000,108,24041.30000000,5635.89437000,0
2025-07-11 16:00:00,0.2301,0.2383,0.2299,0.2383,9264.10000000,1752263999999,2177.16847000,25,8410.80000000,1977.19432000,0
2025-07-11 20:00:00,0.2353,0.2353,0.2244,0.2275,26796.10000000,1752278399999,6158.12370000,45,14773.90000000,3430.20111000,0
2025-07-12 00:00:00,0.2272,0.2327,0.2269,0.2327,9214.80000000,1752292799999,2108.21381000,16,3811.10000000,879.09792000,0
2025-07-12 04:00:00,0.2324,0.2344,0.2296,0.2344,2946.30000000,1752307199999,682.14051000,15,841.70000000,195.14585000,0
2025-07-12 08:00:00,0.2324,0.2364,0.2324,0.2336,4447.90000000,1752321599999,1043.83141000,9,2789.00000000,657.28988000,0
2025-07-12 12:00:00,0.2342,0.2345,0.2232,0.2232,13849.70000000,1752335999999,3197.15350000,32,4074.30000000,953.51418000,0
2025-07-12 16:00:00,0.2238,0.2294,0.2238,0.2294,3299.60000000,1752350399999,753.19221000,11,3299.60000000,753.19221000,0
2025-07-12 20:00:00,0.2292,0.2292,0.2215,0.225,3642.60000000,1752364799999,814.31833000,14,319.40000000,72.69633000,0
2025-07-13 00:00:00,0.2254,0.2283,0.2254,0.2261,5110.70000000,1752379199999,1160.33217000,15,5078.40000000,1153.02914000,0
2025-07-13 04:00:00,0.2259,0.2318,0.2256,0.2318,6064.00000000,1752393599999,1384.56222000,16,3109.20000000,717.01474000,0
2025-07-13 08:00:00,0.2305,0.2313,0.2298,0.2313,5734.00000000,1752407999999,1319.64091000,9,30.20000000,6.96801000,0
2025-07-13 12:00:00,0.2326,0.2339,0.2322,0.2338,2879.40000000,1752422399999,671.84888000,12,2767.10000000,645.64841000,0
2025-07-13 16:00:00,0.2347,0.2347,0.2315,0.2345,3029.10000000,1752436799999,708.80266000,13,2579.80000000,604.54140000,0
2025-07-13 20:00:00,0.235,0.235,0.2303,0.2307,1512.40000000,1752451199999,350.72626000,8,408.50000000,95.99750000,0
2025-07-14 00:00:00,0.2326,0.2443,0.2326,0.2432,104957.10000000,1752465599999,24549.86619000,71,96894.60000000,22654.71671000,0
2025-07-14 04:00:00,0.2435,0.2446,0.2361,0.239,14523.90000000,1752479999999,3506.19704000,66,3109.80000000,757.78274000,0
2025-07-14 08:00:00,0.2381,0.2391,0.236,0.236,1166.90000000,1752494399999,277.84105000,5,105.00000000,25.10550000,0
2025-07-14 12:00:00,0.2362,0.2401,0.2312,0.2312,55700.30000000,1752508799999,13268.72013000,47,51501.10000000,12282.83342000,0
2025-07-14 16:00:00,0.2307,0.2333,0.229,0.229,5762.50000000,1752523199999,1334.56604000,10,3061.80000000,713.34720000,0
2025-07-14 20:00:00,0.2294,0.2303,0.2275,0.2288,4013.10000000,1752537599999,916.54574000,15,615.40000000,141.25093000,0
2025-07-15 00:00:00,0.2277,0.2277,0.2195,0.2195,190037.80000000,1752551999999,42408.77532000,187,1285.40000000,289.62894000,0
2025-07-15 04:00:00,0.2225,0.2249,0.2217,0.2249,2060.70000000,1752566399999,460.73091000,9,629.00000000,140.51166000,0
2025-07-15 08:00:00,0.2263,0.2263,0.2249,0.2255,576.10000000,1752580799999,129.71273000,4,168.80000000,38.11096000,0
2025-07-15 12:00:00,0.2237,0.2271,0.2211,0.2237,4048.90000000,1752595199999,900.19667000,12,1181.90000000,264.91298000,0
2025-07-15 16:00:00,0.2269,0.2305,0.2231,0.2231,6373.80000000,1752609599999,1452.21375000,21,4287.60000000,982.36182000,0
2025-07-15 20:00:00,0.2229,0.2324,0.2229,0.2324,1441.70000000,1752623999999,328.56153000,11,1125.70000000,256.02436000,0
2025-07-16 00:00:00,0.2339,0.2349,0.2292,0.2292,182001.20000000,1752638399999,42385.74196000,67,180563.00000000,42052.91670000,0
2025-07-16 04:00:00,0.2292,0.2321,0.2287,0.2311,1734.70000000,1752652799999,401.85751000,6,1682.70000000,389.88711000,0
2025-07-16 08:00:00,0.231,0.2329,0.229,0.229,1566.30000000,1752667199999,361.99536000,8,504.20000000,116.75206000,0
2025-07-16 12:00:00,0.2297,0.2362,0.2297,0.2307,9791.70000000,1752681599999,2300.07314000,22,8058.20000000,1896.30206000,0
2025-07-16 16:00:00,0.232,0.2373,0.232,0.2339,4525.10000000,1752695999999,1066.32778000,20,3404.70000000,803.31520000,0
2025-07-16 20:00:00,0.2352,0.2383,0.2322,0.2322,8384.10000000,1752710399999,1973.16672000,29,5725.00000000,1351.48818000,0
2025-07-17 00:00:00,0.2333,0.2356,0.2254,0.2254,7094.10000000,1752724799999,1630.71646000,32,959.20000000,223.80220000,0
2025-07-17 04:00:00,0.229,0.2326,0.2289,0.2317,128.10000000,1752739199999,29.50957000,5,84.80000000,19.44627000,0
2025-07-17 08:00:00,0.2339,0.2389,0.2339,0.2347,34899.10000000,1752753599999,8247.47946000,33,31114.20000000,7354.56478000,0
2025-07-17 12:00:00,0.2347,0.2374,0.2305,0.2342,14140.70000000,1752767999999,3306.74580000,38,5562.60000000,1300.65309000,0
2025-07-17 16:00:00,0.2323,0.235,0.2301,0.2347,3411.60000000,1752782399999,798.31015000,12,2589.20000000,606.83019000,0
2025-07-17 20:00:00,0.231,0.2383,0.2287,0.2372,17108.40000000,1752796799999,4033.35392000,27,13939.90000000,3300.98808000,0
2025-07-18 00:00:00,0.2392,0.2468,0.237,0.2458,27419.30000000,1752811199999,6632.29000000,73,20810.20000000,5027.45860000,0
2025-07-18 04:00:00,0.2469,0.2534,0.245,0.245,25202.30000000,1752825599999,6306.94152000,65,16948.80000000,4251.48916000,0
2025-07-18 08:00:00,0.2444,0.2473,0.2426,0.2426,7215.80000000,1752839999999,1771.13288000,15,512.90000000,126.47373000,0
2025-07-18 12:00:00,0.2433,0.2481,0.2367,0.2367,8846.10000000,1752854399999,2129.08215000,31,1121.90000000,274.72223000,0
2025-07-18 16:00:00,0.2397,0.2437,0.2366,0.2383,8682.10000000,1752868799999,2091.13459000,15,491.20000000,119.55095000,0
2025-07-18 20:00:00,0.2369,0.2375,0.2314,0.2314,13147.50000000,1752883199999,3085.08776000,27,4613.20000000,1092.54426000,0
2025-07-19 00:00:00,0.2315,0.2392,0.2307,0.2392,8518.00000000,1752897599999,2004.63252000,17,5774.00000000,1369.43559000,0
2025-07-19 04:00:00,0.2396,0.2396,0.2359,0.2359,553.90000000,1752911999999,131.46215000,8,169.40000000,40.57361000,0
2025-07-19 08:00:00,0.2348,0.2348,0.2345,0.2345,339.60000000,1752926399999,79.68102000,2,0.00000000,0.00000000,0
2025-07-19 12:00:00,0.2339,0.236,0.2322,0.2322,6310.20000000,1752940799999,1473.13788000,12,131.80000000,31.09209000,0
2025-07-19 16:00:00,0.2327,0.2386,0.2327,0.2386,46025.90000000,1752955199999,10881.72581000,21,20650.60000000,4882.99646000,0
2025-07-19 20:00:00,0.2344,0.2405,0.2332,0.2375,24239.80000000,1752969599999,5724.63049000,26,9009.90000000,2147.82152000,0
2025-07-20 00:00:00,0.2347,0.2426,0.2347,0.2412,6465.80000000,1752983999999,1549.17828000,19,3252.10000000,782.93396000,0
2025-07-20 04:00:00,0.2412,0.2439,0.2406,0.2439,1534.60000000,1752998399999,371.23275000,7,1515.40000000,366.61323000,0
2025-07-20 08:00:00,0.2447,0.2487,0.243,0.2487,11934.50000000,1753012799999,2936.25558000,17,11016.80000000,2712.14608000,0
2025-07-20 12:00:00,0.2487,0.2505,0.2458,0.2484,5019.70000000,1753027199999,1248.72270000,26,2816.10000000,703.30446000,0
2025-07-20 16:00:00,0.2484,0.2555,0.2484,0.2555,14026.00000000,1753041599999,3545.85533000,42,12366.90000000,3127.20938000,0
2025-07-20 20:00:00,0.2517,0.2553,0.2482,0.2496,10021.00000000,1753055999999,2520.98661000,21,1464.50000000,372.02493000,0
2025-07-21 00:00:00,0.2468,0.2548,0.2468,0.2543,45998.20000000,1753070399999,11686.70048000,33,5344.90000000,1354.50164000,0
2025-07-21 04:00:00,0.2535,0.2577,0.2512,0.2568,16778.90000000,1753084799999,4302.84394000,37,15336.60000000,3937.02256000,0
2025-07-21 08:00:00,0.2577,0.2611,0.2542,0.2587,17087.00000000,1753099199999,4421.21745000,37,14760.90000000,3822.34688000,0
2025-07-21 12:00:00,0.2571,0.2637,0.2563,0.2578,9400.50000000,1753113599999,2461.20008000,35,7831.50000000,2054.04261000,0
2025-07-21 16:00:00,0.2578,0.2595,0.2527,0.255,6275.70000000,1753127999999,1605.58640000,27,2135.80000000,547.57225000,0
2025-07-21 20:00:00,0.2574,0.2574,0.2573,0.2573,192.00000000,1753142399999,49.40392000,3,192.00000000,49.40392000,0
2025-07-22 00:00:00,0.2556,0.2567,0.2484,0.2501,26279.50000000,1753156799999,6675.72916000,30,18336.90000000,4677.07896000,0
2025-07-22 04:00:00,0.2501,0.2509,0.2459,0.2509,9457.50000000,1753171199999,2354.81916000,14,5813.30000000,1456.26083000,0
2025-07-22 08:00:00,0.2469,0.2489,0.2434,0.2452,6880.40000000,1753185599999,1698.29798000,12,3663.60000000,909.19494000,0
2025-07-22 12:00:00,0.246,0.2533,0.2449,0.2533,2701.20000000,1753199999999,670.63217000,15,1464.00000000,366.42834000,0
2025-07-22 16:00:00,0.2534,0.2544,0.2468,0.2488,7408.40000000,1753214399999,1851.52687000,17,2576.50000000,646.70869000,0
2025-07-22 20:00:00,0.2467,0.2547,0.2465,0.2547,2481.70000000,1753228799999,620.79685000,13,1798.20000000,450.45778000,0
2025-07-23 00:00:00,0.2543,0.2543,0.2477,0.2506,1158.00000000,1753243199999,289.20752000,11,238.50000000,60.37299000,0
2025-07-23 04:00:00,0.2506,0.2542,0.248,0.2505,25587.40000000,1753257599999,6375.81115000,28,5281.60000000,1332.99013000,0
2025-07-23 08:00:00,0.252,0.252,0.2433,0.2433,9744.40000000,1753271999999,2433.18113000,14,0.00000000,0.00000000,0
2025-07-23 12:00:00,0.2434,0.2434,0.2322,0.241,13042.60000000,1753286399999,3088.86653000,30,7762.50000000,1837.42613000,0
2025-07-23 16:00:00,0.2373,0.2373,0.231,0.2332,64085.10000000,1753300799999,15021.34325000,33,22473.10000000,5262.49573000,0
2025-07-23 20:00:00,0.2307,0.2327,0.225,0.231,119733.00000000,1753315199999,27600.56866000,39,106312.70000000,24550.09345000,0
2025-07-24 00:00:00,0.2319,0.2368,0.2319,0.2322,3895.40000000,1753329599999,908.76107000,11,991.00000000,234.18543000,0
2025-07-24 04:00:00,0.2293,0.2305,0.2171,0.2238,19051.60000000,1753343999999,4265.07287000,37,2348.60000000,525.05041000,0
2025-07-24 08:00:00,0.2271,0.2305,0.2269,0.2305,333.70000000,1753358399999,75.88101000,6,73.90000000,16.91051000,0
2025-07-24 12:00:00,0.2302,0.236,0.2264,0.236,8823.50000000,1753372799999,2063.93377000,15,8639.40000000,2022.16926000,0
2025-07-24 16:00:00,0.2296,0.2339,0.2287,0.2332,2600.90000000,1753387199999,597.15762000,8,46.00000000,10.75940000,0
2025-07-24 20:00:00,0.2346,0.2346,0.2291,0.2291,5901.60000000,1753401599999,1372.97153000,5,226.10000000,53.03154000,0
2025-07-25 00:00:00,0.2288,0.2298,0.2254,0.2267,4517.10000000,1753415999999,1027.53235000,10,1520.00000000,345.93409000,0
2025-07-25 04:00:00,0.2249,0.2294,0.2249,0.227,14468.80000000,1753430399999,3299.23525000,20,6123.70000000,1396.51776000,0
2025-07-25 08:00:00,0.2287,0.237,0.2287,0.237,675.40000000,1753444799999,155.36874000,9,109.60000000,25.56412000,0
2025-07-25 12:00:00,0.2343,0.2343,0.2252,0.2252,7353.70000000,1753459199999,1686.73249000,17,3437.10000000,791.02152000,0
2025-07-25 16:00:00,0.2285,0.2297,0.2274,0.2275,871.70000000,1753473599999,198.26950000,6,26.20000000,6.00230000,0
2025-07-25 20:00:00,0.229,0.2339,0.2246,0.2339,4873.40000000,1753487999999,1134.55403000,8,4783.50000000,1114.29209000,0
2025-07-26 00:00:00,0.2337,0.2337,0.2337,0.2337,130.90000000,1753502399999,30.59133000,2,42.60000000,9.95562000,0
2025-07-26 04:00:00,0.2363,0.2363,0.2324,0.2352,30.40000000,1753516799999,7.15940000,3,25.40000000,5.99740000,0
2025-07-26 08:00:00,0.2326,0.236,0.2326,0.236,599.00000000,1753531199999,139.52256000,3,57.40000000,13.54640000,0
2025-07-26 12:00:00,0.2337,0.2357,0.2331,0.2331,4471.60000000,1753545599999,1053.56498000,10,4332.40000000,1021.01746000,0
2025-07-26 16:00:00,0.2355,0.2392,0.2342,0.2364,4412.70000000,1753559999999,1044.53408000,15,1742.50000000,414.34800000,0
2025-07-26 20:00:00,0.2367,0.2387,0.2366,0.2366,427.70000000,1753574399999,101.29119000,4,44.00000000,10.50280000,0
2025-07-27 00:00:00,0.2365,0.2397,0.2356,0.236,1341.30000000,1753588799999,317.74125000,5,1321.30000000,313.02745000,0
2025-07-27 04:00:00,0.2357,0.2386,0.235,0.2386,3211.90000000,1753603199999,756.29549000,7,20.90000000,4.98674000,0
2025-07-27 08:00:00,0.2391,0.2391,0.2374,0.2374,1068.30000000,1753617599999,255.34065000,7,779.10000000,186.28281000,0
2025-07-27 12:00:00,0.2385,0.2393,0.2347,0.2347,1843.80000000,1753631999999,439.36492000,14,1173.10000000,279.94601000,0
2025-07-27 16:00:00,0.2395,0.2422,0.2395,0.2404,3377.10000000,1753646399999,809.63093000,8,3349.40000000,802.99678000,0
2025-07-27 20:00:00,0.2388,0.24,0.2385,0.24,3463.20000000,1753660799999,826.64582000,5,0.00000000,0.00000000,0
2025-07-28 00:00:00,0.2401,0.2425,0.2385,0.2425,8473.40000000,1753675199999,2034.98489000,22,6498.10000000,1560.72560000,0
2025-07-28 04:00:00,0.2415,0.2441,0.2414,0.2429,5238.80000000,1753689599999,1273.90951000,13,5038.40000000,1225.27418000,0
2025-07-28 08:00:00,0.2398,0.2398,0.2383,0.2383,546.40000000,1753703999999,130.21867000,2,7.70000000,1.84646000,0
2025-07-28 12:00:00,0.2384,0.2384,0.2304,0.2318,8440.60000000,1753718399999,1961.91506000,25,339.20000000,78.81718000,0
2025-07-28 16:00:00,0.2293,0.2293,0.2239,0.2286,3470.90000000,1753732799999,786.43934000,10,1220.50000000,277.94709000,0
2025-07-28 20:00:00,0.2271,0.2279,0.2268,0.2268,171.80000000,1753747199999,39.07204000,5,171.80000000,39.07204000,0
2025-07-29 00:00:00,0.2237,0.2298,0.2237,0.2298,1991.90000000,1753761599999,449.98950000,12,1448.00000000,327.91680000,0
2025-07-29 04:00:00,0.2284,0.2305,0.2284,0.2301,474.50000000,1753775999999,109.31986000,5,463.70000000,106.83686000,0
2025-07-29 08:00:00,0.2304,0.2304,0.2287,0.2287,1809.90000000,1753790399999,415.75421000,17,0.00000000,0.00000000,0
2025-07-29 12:00:00,0.2255,0.2255,0.2209,0.2209,2769.20000000,1753804799999,616.93068000,15,418.50000000,93.28365000,0
2025-07-29 16:00:00,0.2209,0.2225,0.2181,0.2183,4523.30000000,1753819199999,999.49204000,22,2261.60000000,501.79515000,0
2025-07-29 20:00:00,0.2181,0.2218,0.2181,0.2218,3890.50000000,1753833599999,856.10224000,11,3043.50000000,670.67468000,0
2025-07-30 00:00:00,0.2181,0.2225,0.2181,0.2225,494.60000000,1753847999999,109.18305000,4,366.60000000,81.26625000,0
2025-07-30 04:00:00,0.223,0.223,0.2195,0.2195,1471.70000000,1753862399999,323.25171000,8,22.40000000,4.99520000,0
2025-07-30 08:00:00,0.2184,0.2213,0.2143,0.2143,4795.50000000,1753876799999,1039.44086000,14,45.00000000,9.95850000,0
2025-07-30 12:00:00,0.2136,0.2198,0.213,0.2184,3557.30000000,1753891199999,765.36671000,16,1844.90000000,399.28362000,0
2025-07-30 16:00:00,0.2197,0.2197,0.2075,0.2151,8974.70000000,1753905599999,1901.59481000,33,2167.10000000,462.49102000,0
2025-07-30 20:00:00,0.2158,0.2159,0.2148,0.2148,3958.10000000,1753919999999,852.75954000,7,2513.40000000,542.30385000,0
2025-07-31 00:00:00,0.2171,0.2204,0.2167,0.2204,615.70000000,1753934399999,134.44381000,10,456.10000000,99.66998000,0
2025-07-31 04:00:00,0.221,0.2213,0.221,0.2213,527.60000000,1753948799999,116.61691000,4,527.60000000,116.61691000,0
2025-07-31 08:00:00,0.2203,0.2224,0.2203,0.2224,129.40000000,1753963199999,28.62001000,2,53.90000000,11.98736000,0
2025-07-31 12:00:00,0.2183,0.2183,0.2081,0.2099,5718.10000000,1753977599999,1220.98890000,30,1398.80000000,295.53984000,0
2025-07-31 16:00:00,0.212,0.2159,0.2093,0.2093,12772.50000000,1753991999999,2713.02494000,28,5917.30000000,1262.27848000,0
2025-07-31 20:00:00,0.2092,0.2092,0.2047,0.2047,2446.00000000,1754006399999,505.08595000,14,14.50000000,2.99425000,0
2025-08-01 00:00:00,0.2043,0.2052,0.1983,0.2017,8329.90000000,1754020799999,1680.62416000,63,2234.90000000,454.82391000,0
2025-08-01 04:00:00,0.2038,0.2038,0.2006,0.2026,245.90000000,1754035199999,49.44229000,9,39.30000000,7.99158000,0
2025-08-01 08:00:00,0.202,0.2021,0.1976,0.2021,5183.60000000,1754049599999,1030.82591000,21,1586.40000000,318.36546000,0
2025-08-01 12:00:00,0.2034,0.2034,0.1983,0.2025,335395.20000000,1754063999999,67654.39333000,70,294761.30000000,59541.68983000,0
2025-08-01 16:00:00,0.2035,0.2039,0.1983,0.2007,34689.00000000,1754078399999,6952.12148000,27,6024.90000000,1205.27937000,0
2025-08-01 20:00:00,0.1991,0.2005,0.1929,0.198,52943.80000000,1754092799999,10460.78247000,50,12384.10000000,2440.68121000,0
2025-08-02 00:00:00,0.1968,0.1993,0.1968,0.197,4386.30000000,1754107199999,870.16213000,11,4003.50000000,794.79769000,0
2025-08-02 04:00:00,0.1997,0.2005,0.1947,0.1986,44514.00000000,1754121599999,8798.85166000,26,2711.90000000,535.10200000,0
2025-08-02 08:00:00,0.1967,0.1979,0.1959,0.1979,4831.80000000,1754135999999,952.98858000,8,2618.70000000,518.24073000,0
2025-08-02 12:00:00,0.1967,0.1967,0.194,0.194,54169.90000000,1754150399999,10552.69831000,20,1076.20000000,211.60979000,0
2025-08-02 16:00:00,0.1936,0.1957,0.1904,0.1914,25014.10000000,1754164799999,4820.50805000,32,10199.30000000,1980.53700000,0
2025-08-02 20:00:00,0.1914,0.1945,0.1913,0.1921,8796.30000000,1754179199999,1700.07091000,15,6967.70000000,1350.01842000,0
2025-08-03 00:00:00,0.1915,0.1969,0.1913,0.1969,3638.20000000,1754193599999,703.74808000,12,1964.10000000,383.18845000,0
2025-08-03 04:00:00,0.1948,0.1987,0.1948,0.1987,1090.20000000,1754207999999,214.89774000,10,722.90000000,143.18725000,0
2025-08-03 08:00:00,0.1982,0.201,0.1967,0.201,1656.00000000,1754222399999,330.20164000,10,675.00000000,135.00742000,0
2025-08-03 12:00:00,0.201,0.201,0.201,0.201,0.00000000,1754236799999,0.00000000,0,0.00000000,0.00000000,0
2025-08-03 16:00:00,0.2008,0.2024,0.1993,0.2024,4987.40000000,1754251199999,1008.47815000,8,4960.90000000,1003.19670000,0
2025-08-03 20:00:00,0.2019,0.2031,0.201,0.201,3074.20000000,1754265599999,620.24746000,6,2075.20000000,419.44846000,0
2025-08-04 00:00:00,0.2033,0.2039,0.203,0.203,4876.40000000,1754279999999,993.37014000,5,4876.40000000,993.37014000,0
2025-08-04 04:00:00,0.2016,0.2021,0.1994,0.2021,9884.50000000,1754294399999,1983.86439000,11,3062.10000000,614.62562000,0
2025-08-04 08:00:00,0.2012,0.2026,0.2012,0.2026,446.30000000,1754308799999,90.20646000,2,293.50000000,59.46310000,0
2025-08-04 12:00:00,0.2003,0.2071,0.2003,0.205,11209.00000000,1754323199999,2289.87427000,26,1951.50000000,398.95156000,0
2025-08-04 16:00:00,0.2069,0.2095,0.2049,0.2067,6551.20000000,1754337599999,1357.30046000,18,4816.70000000,997.95195000,0
2025-08-04 20:00:00,0.2089,0.2134,0.2086,0.2104,12455.20000000,1754351999999,2623.14305000,19,11168.50000000,2353.75727000,0
2025-08-05 00:00:00,0.2116,0.2117,0.2093,0.2106,2992.60000000,1754366399999,630.69403000,8,1549.00000000,327.76793000,0
2025-08-05 04:00:00,0.2133,0.2172,0.2117,0.2135,5277.60000000,1754380799999,1125.78786000,23,2065.40000000,441.78032000,0
2025-08-05 08:00:00,0.2105,0.2261,0.2105,0.2236,9013.20000000,1754395199999,1946.05429000,38,7264.00000000,1570.35830000,0
2025-08-05 12:00:00,0.2235,0.2236,0.2117,0.2117,19843.30000000,1754409599999,4324.37133000,38,8324.40000000,1811.98988000,0
2025-08-05 16:00:00,0.2145,0.2146,0.2104,0.2104,3314.80000000,1754423999999,704.47368000,7,1736.20000000,371.94300000,0
2025-08-05 20:00:00,0.2092,0.2134,0.208,0.2134,928.10000000,1754438399999,195.37802000,8,525.80000000,111.46974000,0
2025-08-06 00:00:00,0.2113,0.2113,0.2071,0.2088,2021.60000000,1754452799999,423.64559000,12,372.70000000,78.00974000,0
2025-08-06 04:00:00,0.2099,0.2193,0.2099,0.2193,5495.80000000,1754467199999,1170.28203000,17,5263.40000000,1120.29279000,0
2025-08-06 08:00:00,0.2192,0.2205,0.2158,0.2198,1793.00000000,1754481599999,391.31706000,19,987.70000000,216.68167000,0
2025-08-06 12:00:00,0.2192,0.2268,0.2167,0.2268,3062.00000000,1754495999999,676.85395000,18,940.40000000,210.13885000,0
2025-08-06 16:00:00,0.227,0.227,0.2228,0.2228,16830.80000000,1754510399999,3754.00379000,11,2835.20000000,634.17797000,0
2025-08-06 20:00:00,0.2228,0.2261,0.2228,0.2257,39919.00000000,1754524799999,8894.90194000,22,522.90000000,117.45086000,0
2025-08-07 00:00:00,0.224,0.2326,0.224,0.2315,7805.30000000,1754539199999,1783.82672000,29,5206.20000000,1191.37842000,0
2025-08-07 04:00:00,0.2315,0.2399,0.2286,0.2399,7979.50000000,1754553599999,1868.44898000,29,4618.30000000,1089.07083000,0
2025-08-07 08:00:00,0.2391,0.2395,0.2363,0.2395,505.40000000,1754567999999,120.11056000,6,253.60000000,60.60896000,0
2025-08-07 12:00:00,0.2359,0.2372,0.2359,0.2372,1137.60000000,1754582399999,269.33028000,4,0.00000000,0.00000000,0
2025-08-07 16:00:00,0.239,0.239,0.2327,0.2349,4543.50000000,1754596799999,1062.75318000,12,1394.50000000,327.81910000,0
2025-08-07 20:00:00,0.2369,0.2369,0.2324,0.2367,5244.00000000,1754611199999,1223.23743000,8,518.90000000,122.79832000,0
2025-08-08 00:00:00,0.2365,0.2407,0.2322,0.2407,30504.30000000,1754625599999,7199.01218000,57,17610.60000000,4173.79254000,0
2025-08-08 04:00:00,0.2363,0.2384,0.2332,0.2336,922.50000000,1754639999999,215.99517000,6,20.90000000,4.98256000,0
2025-08-08 08:00:00,0.237,0.2407,0.2355,0.2407,1627.20000000,1754654399999,388.99921000,9,1149.70000000,276.35158000,0
2025-08-08 12:00:00,0.2393,0.2482,0.238,0.2395,30799.60000000,1754668799999,7483.49444000,44,27317.50000000,6630.00967000,0
2025-08-08 16:00:00,0.2438,0.2446,0.2428,0.2446,713.20000000,1754683199999,174.19094000,7,713.20000000,174.19094000,0
2025-08-08 20:00:00,0.2446,0.2451,0.2417,0.2417,2394.40000000,1754697599999,583.80985000,6,1516.00000000,370.85910000,0
2025-08-09 00:00:00,0.2467,0.2488,0.2435,0.2488,2613.40000000,1754711999999,642.27788000,8,1600.80000000,395.68911000,0
2025-08-09 04:00:00,0.249,0.2516,0.2474,0.2474,3375.20000000,1754726399999,839.96705000,19,2830.30000000,705.15879000,0
2025-08-09 08:00:00,0.2508,0.2512,0.2479,0.2512,1379.40000000,1754740799999,344.25369000,7,735.90000000,184.72854000,0
2025-08-09 12:00:00,0.2481,0.2481,0.2461,0.247,1354.90000000,1754755199999,334.06666000,8,344.50000000,84.96773000,0
2025-08-09 16:00:00,0.2489,0.2507,0.247,0.2479,3414.00000000,1754769599999,849.84368000,16,1738.70000000,434.13508000,0
2025-08-09 20:00:00,0.2496,0.2507,0.2484,0.2484,2218.20000000,1754783999999,553.42388000,6,2096.40000000,523.02260000,0
2025-08-10 00:00:00,0.2496,0.2507,0.2468,0.2477,4455.10000000,1754798399999,1114.15249000,14,81.00000000,20.26620000,0
2025-08-10 04:00:00,0.2481,0.2507,0.2427,0.2427,984.10000000,1754812799999,242.28127000,8,224.10000000,55.81970000,0
2025-08-10 08:00:00,0.2422,0.2451,0.2392,0.2412,3650.00000000,1754827199999,883.30876000,10,45.40000000,10.96686000,0
2025-08-10 12:00:00,0.2393,0.2445,0.2387,0.2405,4881.30000000,1754841599999,1176.44265000,15,2098.60000000,507.66037000,0
2025-08-10 16:00:00,0.2441,0.2441,0.2387,0.2419,5272.80000000,1754855999999,1270.39697000,14,1778.20000000,433.46664000,0
2025-08-10 20:00:00,0.2398,0.2411,0.2382,0.2408,2122.30000000,1754870399999,508.75613000,10,95.30000000,22.95859000,0
2025-08-11 00:00:00,0.2408,0.2468,0.2401,0.2457,3117.80000000,1754884799999,761.51656000,20,1751.30000000,428.79204000,0
2025-08-11 04:00:00,0.2473,0.2473,0.2448,0.2448,133.30000000,1754899199999,32.81872000,4,80.20000000,19.81984000,0
2025-08-11 08:00:00,0.2448,0.2448,0.2358,0.2358,1805.40000000,1754913599999,433.87595000,10,245.40000000,60.07392000,0
2025-08-11 12:00:00,0.2398,0.2517,0.2357,0.239,48467.10000000,1754927999999,11657.77159000,42,40821.70000000,9833.37585000,0
2025-08-11 16:00:00,0.242,0.2437,0.239,0.2391,25167.20000000,1754942399999,6080.05225000,20,12502.60000000,3031.14625000,0
2025-08-11 20:00:00,0.239,0.239,0.2345,0.2375,24309.90000000,1754956799999,5737.79181000,31,8417.90000000,1987.99475000,0
2025-08-12 00:00:00,0.2375,0.2405,0.2375,0.2375,75396.30000000,1754971199999,18067.61966000,143,16448.80000000,3938.78509000,0
2025-08-12 04:00:00,0.2384,0.2385,0.236,0.2375,9805.10000000,1754985599999,2320.88839000,13,5587.00000000,1325.24148000,0
2025-08-12 08:00:00,0.2361,0.2361,0.2315,0.233,20730.20000000,1754999999999,4845.21566000,23,4065.40000000,947.22096000,0
2025-08-12 12:00:00,0.234,0.2437,0.234,0.2437,45709.50000000,1755014399999,10934.89035000,45,34662.10000000,8291.17188000,0
2025-08-12 16:00:00,0.2447,0.2482,0.2429,0.2482,19156.00000000,1755028799999,4722.15761000,20,7511.30000000,1847.75094000,0
2025-08-12 20:00:00,0.249,0.2495,0.2446,0.2486,1778.20000000,1755043199999,442.34199000,9,1395.80000000,347.43955000,0
2025-08-13 00:00:00,0.2486,0.2513,0.2467,0.2492,4968.50000000,1755057599999,1233.06694000,23,2545.40000000,633.69491000,0
2025-08-13 04:00:00,0.2495,0.2495,0.2465,0.2465,115.20000000,1755071999999,28.48275000,4,20.00000000,4.99000000,0
2025-08-13 08:00:00,0.2516,0.2546,0.2516,0.2546,5494.40000000,1755086399999,1389.82374000,28,4904.00000000,1241.22006000,0
2025-08-13 12:00:00,0.2544,0.2544,0.2465,0.2465,18879.10000000,1755100799999,4662.84485000,6,15.70000000,3.99408000,0
2025-08-13 16:00:00,0.2514,0.2517,0.2494,0.2504,2372.20000000,1755115199999,594.34635000,8,1963.40000000,491.77261000,0
2025-08-13 20:00:00,0.2507,0.2566,0.2506,0.2566,12135.40000000,1755129599999,3101.64319000,33,10695.00000000,2738.36256000,0
2025-08-14 00:00:00,0.2552,0.2602,0.2542,0.2588,19968.90000000,1755143999999,5157.95375000,56,17056.30000000,4410.70813000,0
2025-08-14 04:00:00,0.2577,0.2587,0.2541,0.2544,4847.50000000,1755158399999,1233.10416000,11,19.30000000,4.99291000,0
2025-08-14 08:00:00,0.2539,0.2546,0.2491,0.2506,2656.30000000,1755172799999,669.82108000,14,49.10000000,12.50086000,0
2025-08-14 12:00:00,0.2548,0.2548,0.2356,0.2381,62585.30000000,1755187199999,15021.39804000,47,38360.00000000,9201.53373000,0
2025-08-14 16:00:00,0.2357,0.2386,0.2332,0.2381,4001.00000000,1755201599999,940.88130000,14,1743.60000000,413.31900000,0
2025-08-14 20:00:00,0.2348,0.2386,0.2322,0.2386,1109.10000000,1755215999999,262.24064000,7,874.70000000,207.60201000,0
2025-08-15 00:00:00,0.239,0.2407,0.2363,0.2407,2888.80000000,1755230399999,692.56346000,7,2787.20000000,668.53368000,0
2025-08-15 04:00:00,0.2395,0.241,0.2391,0.2405,9086.70000000,1755244799999,2176.47942000,8,8596.20000000,2058.91667000,0
2025-08-15 08:00:00,0.239,0.2418,0.237,0.2396,5940.60000000,1755259199999,1421.81652000,11,3735.20000000,894.96234000,0
2025-08-15 12:00:00,0.2388,0.2434,0.2306,0.2306,8869.50000000,1755273599999,2069.58161000,18,3915.60000000,923.63881000,0
2025-08-15 16:00:00,0.229,0.2323,0.2277,0.2279,81120.70000000,1755287999999,18541.66535000,29,76839.90000000,17565.73232000,0
2025-08-15 20:00:00,0.2326,0.2339,0.2313,0.2339,3421.50000000,1755302399999,797.63406000,6,3421.50000000,797.63406000,0
2025-08-16 00:00:00,0.234,0.235,0.2331,0.235,1151.90000000,1755316799999,270.14099000,6,659.60000000,154.77382000,0
2025-08-16 04:00:00,0.2317,0.2317,0.2317,0.2317,34.20000000,1755331199999,7.92414000,1,0.00000000,0.00000000,0
2025-08-16 08:00:00,0.2306,0.2345,0.2306,0.2317,1885.60000000,1755345599999,437.05473000,4,0.00000000,0.00000000,0
2025-08-16 12:00:00,0.2346,0.2403,0.2324,0.2367,47069.40000000,1755359999999,11100.30704000,17,45772.80000000,10798.32890000,0
2025-08-16 16:00:00,0.2358,0.2367,0.2352,0.2367,7008.30000000,1755374399999,1654.25500000,4,3975.70000000,940.94716000,0
2025-08-16 20:00:00,0.2355,0.2373,0.2355,0.2366,24256.60000000,1755388799999,5725.17917000,13,219.20000000,51.96042000,0
2025-08-17 00:00:00,0.2357,0.2381,0.2353,0.2381,5614.90000000,1755403199999,1335.00658000,5,5519.10000000,1312.45228000,0
2025-08-17 04:00:00,0.2395,0.241,0.2395,0.241,7383.80000000,1755417599999,1773.13927000,7,7333.80000000,1761.13927000,0
2025-08-17 08:00:00,0.2425,0.244,0.2425,0.244,7937.70000000,1755431999999,1931.14540000,8,6997.20000000,1702.81495000,0
2025-08-17 12:00:00,0.2444,0.2538,0.2444,0.2538,19336.30000000,1755446399999,4792.84375000,22,19307.00000000,4785.62716000,0
2025-08-17 16:00:00,0.2545,0.255,0.2464,0.2485,7338.60000000,1755460799999,1836.54932000,24,2582.40000000,653.31095000,0
2025-08-17 20:00:00,0.246,0.2479,0.2446,0.2466,6254.60000000,1755475199999,1541.02328000,5,6083.90000000,1498.94866000,0
2025-08-18 00:00:00,0.2475,0.2529,0.2411,0.242,8441.50000000,1755489599999,2086.28628000,26,936.20000000,232.21683000,0
2025-08-18 04:00:00,0.2453,0.2453,0.2451,0.2451,162.50000000,1755503999999,39.83689000,2,162.50000000,39.83689000,0
2025-08-18 08:00:00,0.2444,0.2499,0.2415,0.2499,10528.90000000,1755518399999,2582.73093000,25,7628.60000000,1874.69452000,0
2025-08-18 12:00:00,0.2449,0.2573,0.2449,0.2573,6734.00000000,1755532799999,1710.49111000,25,5470.90000000,1394.13459000,0
2025-08-18 16:00:00,0.2596,0.2601,0.2501,0.2522,8103.80000000,1755547199999,2052.48275000,20,3275.90000000,837.86101000,0
2025-08-18 20:00:00,0.2516,0.2603,0.2491,0.2571,19579.90000000,1755561599999,5008.05525000,24,17645.20000000,4521.12258000,0
2025-08-19 00:00:00,0.2551,0.267,0.2527,0.2527,21551.40000000,1755575999999,5604.58822000,60,12182.40000000,3189.89624000,0
2025-08-19 04:00:00,0.2506,0.2582,0.2473,0.2566,7669.90000000,1755590399999,1943.39230000,19,6415.10000000,1628.77992000,0
2025-08-19 08:00:00,0.2522,0.2526,0.2502,0.2502,1914.00000000,1755604799999,482.50563000,6,38.80000000,9.78536000,0
2025-08-19 12:00:00,0.2502,0.2502,0.2444,0.2466,2168.80000000,1755619199999,539.06803000,7,658.80000000,162.46008000,0
2025-08-19 16:00:00,0.2454,0.2454,0.2336,0.2342,16781.90000000,1755633599999,3976.08586000,26,6477.30000000,1517.33554000,0
2025-08-19 20:00:00,0.2352,0.2388,0.2322,0.2322,1534.40000000,1755647999999,358.95376000,5,220.90000000,52.66546000,0
2025-08-20 00:00:00,0.2343,0.2375,0.2327,0.237,46634.40000000,1755662399999,11048.52923000,21,45351.90000000,10746.11321000,0
2025-08-20 04:00:00,0.2357,0.2388,0.2332,0.2332,1212.60000000,1755676799999,286.02224000,6,132.10000000,31.50774000,0
2025-08-20 08:00:00,0.2367,0.2492,0.2356,0.2378,60446.90000000,1755691199999,14660.81852000,36,50210.00000000,12227.83253000,0
2025-08-20 12:00:00,0.238,0.2445,0.2327,0.2445,51525.40000000,1755705599999,12255.12661000,34,34691.00000000,8295.54996000,0
2025-08-20 16:00:00,0.2447,0.2456,0.241,0.2435,29206.20000000,1755719999999,7100.75743000,35,12396.40000000,3024.57942000,0
2025-08-20 20:00:00,0.2449,0.2467,0.2441,0.2452,8841.70000000,1755734399999,2164.66177000,13,4272.10000000,1049.11796000,0
2025-08-21 00:00:00,0.2425,0.246,0.2425,0.243,8940.80000000,1755748799999,2189.87308000,10,4938.30000000,1212.31368000,0
2025-08-21 04:00:00,0.2428,0.2428,0.241,0.241,9985.80000000,1755763199999,2416.49791000,9,0.00000000,0.00000000,0
2025-08-21 08:00:00,0.242,0.242,0.238,0.24,17504.80000000,1755777599999,4190.01054000,17,8342.30000000,2001.60134000,0
2025-08-21 12:00:00,0.2385,0.2422,0.238,0.2397,40052.00000000,1755791999999,9601.26428000,38,18290.10000000,4396.39416000,0
2025-08-21 16:00:00,0.24,0.24,0.2366,0.2366,27831.90000000,1755806399999,6627.54696000,32,9042.50000000,2165.23997000,0
2025-08-21 20:00:00,0.2371,0.239,0.2356,0.2356,17451.20000000,1755820799999,4138.41485000,123,6422.70000000,1529.86841000,0
2025-08-22 00:00:00,0.2375,0.238,0.2351,0.2351,22880.90000000,1755835199999,5413.89270000,26,9599.60000000,2282.34980000,0
2025-08-22 04:00:00,0.2362,0.238,0.2355,0.238,19651.20000000,1755849599999,4658.13758000,15,16801.30000000,3986.44365000,0
2025-08-22 08:00:00,0.2371,0.2371,0.2336,0.2336,19658.30000000,1755863999999,4632.04987000,23,0.00000000,0.00000000,0
2025-08-22 12:00:00,0.2323,0.2498,0.2312,0.2498,141333.20000000,1755878399999,33966.80660000,135,85516.30000000,20707.17693000,0
2025-08-22 16:00:00,0.2494,0.255,0.2494,0.2539,41501.40000000,1755892799999,10483.38250000,57,31069.50000000,7853.42245000,0
2025-08-22 20:00:00,0.2548,0.2569,0.2527,0.2569,11431.80000000,1755907199999,2914.23276000,26,11228.80000000,2862.93466000,0
2025-08-23 00:00:00,0.2532,0.2532,0.2453,0.2453,44775.60000000,1755921599999,11198.92989000,45,24961.60000000,6250.20008000,0
2025-08-23 04:00:00,0.2497,0.252,0.2478,0.2515,30897.50000000,1755935999999,7706.50087000,38,10212.70000000,2555.20055000,0
2025-08-23 08:00:00,0.2478,0.2514,0.2478,0.2514,297.50000000,1755950399999,73.90050000,3,50.00000000,12.57000000,0
2025-08-23 12:00:00,0.2478,0.2478,0.2463,0.2463,30583.80000000,1755964799999,7578.29664000,5,28824.50000000,7142.71110000,0
2025-08-23 16:00:00,0.247,0.2509,0.2463,0.2471,1058.70000000,1755979199999,261.92319000,8,156.90000000,39.36621000,0
2025-08-23 20:00:00,0.2513,0.2513,0.2512,0.2512,103.50000000,1755993599999,26.00477000,3,103.50000000,26.00477000,0
2025-08-24 00:00:00,0.2508,0.252,0.2484,0.2492,8208.10000000,1756007999999,2061.02615000,12,7242.40000000,1820.92011000,0
2025-08-24 04:00:00,0.2483,0.2483,0.2467,0.2467,6248.60000000,1756022399999,1549.92846000,9,0.00000000,0.00000000,0
2025-08-24 08:00:00,0.2464,0.2465,0.2443,0.2443,5045.00000000,1756036799999,1237.14463000,10,80.90000000,19.94185000,0
2025-08-24 12:00:00,0.243,0.2462,0.243,0.2457,333.50000000,1756051199999,81.36956000,6,107.90000000,26.54876000,0
2025-08-24 16:00:00,0.2479,0.2633,0.2444,0.2547,59748.20000000,1756065599999,15243.08046000,113,38857.80000000,9907.87866000,0
2025-08-24 20:00:00,0.2569,0.2569,0.2501,0.2555,34790.10000000,1756079999999,8814.39687000,67,18441.90000000,4693.74734000,0
2025-08-25 00:00:00,0.2522,0.2531,0.2478,0.2531,20869.10000000,1756094399999,5234.14092000,35,9588.10000000,2406.76938000,0
2025-08-25 04:00:00,0.2484,0.2484,0.2425,0.2425,13494.60000000,1756108799999,3324.49798000,22,40.40000000,9.97476000,0
2025-08-25 08:00:00,0.2412,0.2412,0.24,0.24,2464.90000000,1756123199999,593.46184000,4,0.00000000,0.00000000,0
2025-08-25 12:00:00,0.2424,0.2444,0.2411,0.2411,6879.60000000,1756137599999,1673.00492000,8,4513.00000000,1102.39736000,0
2025-08-25 16:00:00,0.2408,0.2444,0.2345,0.2345,90477.60000000,1756151999999,21720.83798000,48,59159.90000000,14302.73524000,0
2025-08-25 20:00:00,0.2353,0.2355,0.23,0.233,112878.90000000,1756166399999,26221.66997000,98,32071.30000000,7471.91607000,0
2025-08-26 00:00:00,0.2324,0.2345,0.2315,0.2338,28298.40000000,1756180799999,6596.23546000,26,17720.60000000,4142.85585000,0
2025-08-26 04:00:00,0.2358,0.2364,0.2345,0.236,27831.00000000,1756195199999,6551.29246000,20,16162.00000000,3813.53488000,0
2025-08-26 08:00:00,0.2356,0.2362,0.2356,0.236,568.90000000,1756209599999,134.28698000,3,0.00000000,0.00000000,0
2025-08-26 12:00:00,0.2346,0.241,0.2345,0.24,97880.50000000,1756223999999,23269.32571000,74,61892.90000000,14756.56471000,0
2025-08-26 16:00:00,0.2416,0.2461,0.2406,0.2461,43345.30000000,1756238399999,10530.93588000,71,34108.20000000,8306.70943000,0
2025-08-26 20:00:00,0.2462,0.248,0.2444,0.2444,14442.80000000,1756252799999,3563.48787000,38,9561.00000000,2363.54548000,0
2025-08-27 00:00:00,0.2443,0.2448,0.2405,0.2415,8903.70000000,1756267199999,2165.75990000,23,504.30000000,122.81442000,0
2025-08-27 04:00:00,0.2444,0.2456,0.2444,0.2456,2087.00000000,1756281599999,510.56618000,4,2016.10000000,493.16732000,0
2025-08-27 08:00:00,0.2403,0.2408,0.2402,0.2408,204.70000000,1756295999999,49.21214000,3,0.00000000,0.00000000,0
2025-08-27 12:00:00,0.2405,0.2461,0.2405,0.2461,14631.50000000,1756310399999,3591.54087000,9,13288.20000000,3261.50762000,0
2025-08-27 16:00:00,0.2463,0.2463,0.2405,0.2443,8233.80000000,1756324799999,1995.83286000,18,63.70000000,15.65931000,0
2025-08-27 20:00:00,0.2403,0.2441,0.2391,0.2429,24709.60000000,1756339199999,5971.65598000,31,16970.00000000,4108.41516000,0
2025-08-28 00:00:00,0.2424,0.2424,0.2382,0.2413,6277.40000000,1756353599999,1504.79128000,17,792.40000000,191.92582000,0
2025-08-28 04:00:00,0.2425,0.2445,0.2425,0.2439,4752.40000000,1756367999999,1155.08838000,9,4752.40000000,1155.08838000,0
2025-08-28 08:00:00,0.2447,0.2447,0.2447,0.2447,19.50000000,1756382399999,4.77165000,1,19.50000000,4.77165000,0
2025-08-28 12:00:00,0.2447,0.248,0.244,0.248,60076.70000000,1756396799999,14703.81104000,22,59544.20000000,14573.77454000,0
2025-08-28 16:00:00,0.2425,0.243,0.2405,0.243,47849.20000000,1756411199999,11589.27960000,22,22693.00000000,5500.58117000,0
2025-08-28 20:00:00,0.2427,0.2483,0.2416,0.2483,10646.30000000,1756425599999,2611.64046000,14,9940.50000000,2440.08454000,0
2025-08-29 00:00:00,0.2491,0.2607,0.2464,0.2607,39748.20000000,1756439999999,10092.33766000,69,31563.50000000,8011.09020000,0
2025-08-29 04:00:00,0.2583,0.2626,0.2437,0.2459,36601.10000000,1756454399999,9277.80315000,66,4364.10000000,1123.28153000,0
2025-08-29 08:00:00,0.2469,0.2476,0.2425,0.2445,6186.00000000,1756468799999,1519.64791000,14,5511.20000000,1355.67609000,0
2025-08-29 12:00:00,0.2445,0.2514,0.2421,0.2449,74486.70000000,1756483199999,18229.75788000,66,11799.40000000,2912.07201000,0
2025-08-29 16:00:00,0.2431,0.2453,0.2365,0.2395,39202.10000000,1756497599999,9354.10766000,33,21554.80000000,5143.71084000,0
2025-08-29 20:00:00,0.2404,0.243,0.2374,0.2411,30508.50000000,1756511999999,7385.59722000,16,8028.20000000,1942.47582000,0
2025-08-30 00:00:00,0.2392,0.2427,0.2374,0.2427,13953.60000000,1756526399999,3341.68417000,18,5432.70000000,1311.68379000,0
2025-08-30 04:00:00,0.2427,0.2427,0.2427,0.2427,0.00000000,1756540799999,0.00000000,0,0.00000000,0.00000000,0
2025-08-30 08:00:00,0.2444,0.2447,0.2428,0.2428,2187.10000000,1756555199999,534.24029000,3,2004.10000000,489.80789000,0
2025-08-30 12:00:00,0.2418,0.2552,0.2395,0.2552,21356.20000000,1756569599999,5288.88645000,66,19192.60000000,4768.12427000,0
2025-08-30 16:00:00,0.252,0.2568,0.2511,0.2552,15473.30000000,1756583999999,3919.23608000,27,6043.60000000,1542.23020000,0
2025-08-30 20:00:00,0.2551,0.2589,0.2524,0.2557,8536.60000000,1756598399999,2186.28791000,22,6068.10000000,1562.96348000,0
2025-08-31 00:00:00,0.2546,0.2661,0.2529,0.2661,18092.00000000,1756612799999,4734.90341000,52,14659.70000000,3847.77636000,0
2025-08-31 04:00:00,0.2666,0.276,0.2639,0.2725,55489.90000000,1756627199999,15022.83367000,99,38786.50000000,10502.90462000,0
2025-08-31 08:00:00,0.2766,0.2847,0.2719,0.2814,46302.10000000,1756641599999,12890.14532000,91,28973.60000000,8108.39177000,0
2025-08-31 12:00:00,0.2836,0.2953,0.2765,0.2812,76437.00000000,1756655999999,21903.63307000,123,51298.70000000,14744.15236000,0
2025-08-31 16:00:00,0.2809,0.2853,0.2806,0.2853,9632.60000000,1756670399999,2731.10334000,48,6383.20000000,1815.97936000,0
2025-08-31 20:00:00,0.2863,0.2887,0.2783,0.2783,38566.40000000,1756684799999,11025.91514000,68,25167.40000000,7238.78012000,0
2025-09-01 00:00:00,0.278,0.2848,0.2714,0.2813,75889.00000000,1756699199999,21132.80270000,95,61058.10000000,17013.09839000,0
2025-09-01 04:00:00,0.2782,0.2807,0.2718,0.2807,78670.80000000,1756713599999,21865.37080000,61,64907.10000000,18078.56705000,0
2025-09-01 08:00:00,0.2821,0.2833,0.2772,0.2772,12285.50000000,1756727999999,3444.70247000,19,4630.30000000,1307.72749000,0
2025-09-01 12:00:00,0.2827,0.2837,0.2765,0.2783,7479.80000000,1756742399999,2090.00756000,9,3962.00000000,1113.63910000,0
2025-09-01 16:00:00,0.2753,0.2774,0.273,0.2736,4483.40000000,1756756799999,1232.09145000,14,257.80000000,70.99650000,0
2025-09-01 20:00:00,0.2754,0.276,0.2685,0.2711,7994.30000000,1756771199999,2163.88724000,20,2381.30000000,646.89429000,0
2025-09-02 00:00:00,0.2723,0.2825,0.2723,0.2816,13823.60000000,1756785599999,3832.39626000,13,13606.60000000,3771.28906000,0
2025-09-02 04:00:00,0.28,0.2874,0.2783,0.2861,18411.50000000,1756799999999,5206.07654000,36,11833.20000000,3363.77095000,0
2025-09-02 08:00:00,0.2845,0.2904,0.2829,0.2847,44771.10000000,1756814399999,12758.42541000,55,14258.30000000,4102.22862000,0
2025-09-02 12:00:00,0.2843,0.2912,0.2802,0.2862,43238.00000000,1756828799999,12363.69586000,46,16519.00000000,4750.59236000,0
2025-09-02 16:00:00,0.2882,0.2882,0.2844,0.2871,3946.20000000,1756843199999,1129.07290000,11,1883.40000000,541.54262000,0
2025-09-02 20:00:00,0.2891,0.2934,0.2875,0.2894,28262.40000000,1756857599999,8223.36979000,48,18303.90000000,5334.98493000,0
2025-09-03 00:00:00,0.2884,0.2967,0.2841,0.2898,36932.00000000,1756871999999,10724.18553000,79,19818.50000000,5784.04285000,0
2025-09-03 04:00:00,0.2871,0.2892,0.2853,0.287,6612.50000000,1756886399999,1895.65916000,14,1268.00000000,364.42618000,0
2025-09-03 08:00:00,0.2851,0.29,0.2827,0.287,40704.50000000,1756900799999,11655.74813000,39,8746.40000000,2516.76608000,0
2025-09-03 12:00:00,0.287,0.2892,0.2848,0.2849,24358.70000000,1756915199999,6983.56303000,32,713.80000000,206.10687000,0
2025-09-03 16:00:00,0.2852,0.2855,0.2812,0.2844,5957.70000000,1756929599999,1688.38071000,22,938.70000000,266.56027000,0
2025-09-03 20:00:00,0.2815,0.2834,0.2811,0.282,1259.80000000,1756943999999,356.19140000,12,979.20000000,277.19878000,0
2025-09-04 00:00:00,0.2806,0.2812,0.2726,0.2726,44730.20000000,1756958399999,12473.37104000,40,35953.40000000,10048.70348000,0
2025-09-04 04:00:00,0.2748,0.2748,0.2718,0.2718,1945.50000000,1756972799999,530.12339000,6,36.30000000,9.97524000,0
2025-09-04 08:00:00,0.2759,0.2827,0.2749,0.2827,45607.80000000,1756987199999,12761.58329000,24,45455.60000000,12719.74351000,0
2025-09-04 12:00:00,0.2842,0.286,0.2785,0.2785,16603.60000000,1757001599999,4677.95195000,25,2563.60000000,731.00017000,0
2025-09-04 16:00:00,0.2776,0.2808,0.2729,0.2729,156008.10000000,1757015999999,43162.26940000,50,62166.60000000,17221.27919000,0
2025-09-04 20:00:00,0.2751,0.2827,0.2742,0.2823,10409.00000000,1757030399999,2905.52569000,17,10293.30000000,2873.57664000,0
2025-09-05 00:00:00,0.2795,0.2859,0.2794,0.2844,7172.00000000,1757044799999,2015.05686000,14,2925.90000000,828.24391000,0
2025-09-05 04:00:00,0.2863,0.2883,0.2857,0.2859,11727.90000000,1757059199999,3370.04769000,13,7685.20000000,2210.11620000,0
2025-09-05 08:00:00,0.2891,0.2907,0.2836,0.2836,12990.80000000,1757073599999,3723.22475000,29,5342.60000000,1538.17920000,0
2025-09-05 12:00:00,0.2853,0.2883,0.2775,0.2775,7638.10000000,1757087999999,2146.50831000,32,107.60000000,31.01398000,0
2025-09-05 16:00:00,0.2799,0.2821,0.277,0.2818,11212.20000000,1757102399999,3126.34835000,25,4423.40000000,1245.05939000,0
2025-09-05 20:00:00,0.2827,0.2827,0.2797,0.2797,4959.90000000,1757116799999,1392.73934000,13,1715.90000000,485.08493000,0
2025-09-06 00:00:00,0.2786,0.2824,0.2786,0.2822,36700.60000000,1757131199999,10355.33667000,50,446.30000000,125.96352000,0
2025-09-06 04:00:00,0.2802,0.2802,0.2785,0.2785,2856.20000000,1757145599999,795.79485000,8,0.00000000,0.00000000,0
2025-09-06 08:00:00,0.2791,0.2791,0.2765,0.2765,2212.90000000,1757159999999,612.47426000,8,214.60000000,59.73387000,0
2025-09-06 12:00:00,0.275,0.2771,0.2745,0.2771,2386.40000000,1757174399999,655.87759000,5,249.80000000,69.18304000,0
2025-09-06 16:00:00,0.2739,0.2783,0.2728,0.2728,5883.00000000,1757188799999,1617.56606000,12,4381.00000000,1207.65208000,0
2025-09-06 20:00:00,0.2761,0.2767,0.2734,0.2734,2926.70000000,1757203199999,807.85343000,7,2844.40000000,785.35261000,0
2025-09-07 00:00:00,0.2729,0.2786,0.2729,0.2786,3235.10000000,1757217599999,900.81365000,4,3177.70000000,885.14919000,0
2025-09-07 04:00:00,0.2779,0.2807,0.2779,0.2788,3278.50000000,1757231999999,918.96091000,6,3001.80000000,841.96851000,0
2025-09-07 08:00:00,0.2785,0.2799,0.2785,0.2799,482.20000000,1757246399999,134.54204000,3,178.10000000,49.85019000,0
2025-09-07 12:00:00,0.2796,0.2796,0.2765,0.2765,5491.50000000,1757260799999,1518.76490000,5,3392.80000000,938.43731000,0
2025-09-07 16:00:00,0.2772,0.2772,0.2735,0.2751,4267.80000000,1757275199999,1172.00394000,12,72.10000000,19.94268000,0
2025-09-07 20:00:00,0.2749,0.2791,0.2749,0.2791,7518.30000000,1757289599999,2077.13627000,8,2824.70000000,786.86563000,0
2025-09-08 00:00:00,0.277,0.2782,0.2749,0.277,16100.50000000,1757303999999,4460.48418000,20,3193.70000000,887.13356000,0
2025-09-08 04:00:00,0.2753,0.2759,0.2747,0.2747,137.70000000,1757318399999,37.87557000,3,0.00000000,0.00000000,0
2025-09-08 08:00:00,0.2774,0.2793,0.2774,0.2793,186.40000000,1757332799999,51.78431000,2,0.00000000,0.00000000,0
2025-09-08 12:00:00,0.2758,0.28,0.2757,0.279,2845.90000000,1757347199999,792.49289000,11,439.60000000,122.94806000,0
2025-09-08 16:00:00,0.2762,0.2775,0.2745,0.2745,9846.50000000,1757361599999,2723.28658000,14,3307.30000000,917.44682000,0
2025-09-08 20:00:00,0.2754,0.2777,0.2715,0.275,4179.10000000,1757375999999,1141.77951000,24,616.60000000,169.93942000,0
2025-09-09 00:00:00,0.275,0.275,0.2695,0.2713,16066.00000000,1757390399999,4359.68341000,27,10914.20000000,2960.93516000,0
2025-09-09 04:00:00,0.2726,0.2785,0.2726,0.277,6887.50000000,1757404799999,1895.81332000,17,6880.10000000,1893.76130000,0
2025-09-09 08:00:00,0.2786,0.2807,0.2754,0.2763,20154.30000000,1757419199999,5605.54481000,44,3707.50000000,1036.70212000,0
2025-09-09 12:00:00,0.2768,0.2776,0.2691,0.2721,42704.10000000,1757433599999,11613.67902000,64,2292.10000000,631.71625000,0
2025-09-09 16:00:00,0.2717,0.2724,0.2672,0.2701,8696.30000000,1757447999999,2343.57166000,42,5278.30000000,1422.78739000,0
2025-09-09 20:00:00,0.27,0.2703,0.2673,0.2673,180.20000000,1757462399999,48.41136000,4,85.00000000,22.96440000,0
2025-09-10 00:00:00,0.2671,0.2698,0.2664,0.2693,6153.90000000,1757476799999,1642.87551000,16,131.50000000,35.34864000,0
2025-09-10 04:00:00,0.2668,0.2701,0.2665,0.2701,961.50000000,1757491199999,258.63395000,5,600.00000000,161.88000000,0
2025-09-10 08:00:00,0.2676,0.2691,0.2657,0.2657,2424.50000000,1757505599999,645.24643000,10,40.80000000,10.97928000,0
2025-09-10 12:00:00,0.2696,0.2725,0.265,0.2725,38035.20000000,1757519999999,10327.30630000,17,37181.70000000,10100.24570000,0
2025-09-10 16:00:00,0.2687,0.2725,0.2641,0.2665,67397.70000000,1757534399999,18032.30055000,34,11283.80000000,3058.86990000,0
2025-09-10 20:00:00,0.2704,0.2705,0.2704,0.2705,2733.30000000,1757548799999,739.26364000,7,2733.30000000,739.26364000,0
2025-09-11 00:00:00,0.2706,0.2733,0.2697,0.2719,13703.30000000,1757563199999,3711.20351000,9,12497.50000000,3384.59371000,0
2025-09-11 04:00:00,0.2751,0.2753,0.2745,0.2745,2387.60000000,1757577599999,656.92172000,6,2324.40000000,639.57332000,0
2025-09-11 08:00:00,0.2745,0.2745,0.2745,0.2745,0.00000000,1757591999999,0.00000000,0,0.00000000,0.00000000,0
2025-09-11 12:00:00,0.2714,0.2714,0.2673,0.2683,7668.20000000,1757606399999,2062.45772000,18,22.10000000,5.97805000,0
2025-09-11 16:00:00,0.2678,0.2707,0.2677,0.2704,1352.10000000,1757620799999,364.47225000,20,1145.50000000,309.14961000,0
2025-09-11 20:00:00,0.2701,0.2714,0.265,0.2713,80210.70000000,1757635199999,21366.26569000,27,42865.10000000,11389.72144000,0
2025-09-12 00:00:00,0.2725,0.2749,0.2707,0.2707,11309.00000000,1757649599999,3080.51248000,35,4908.80000000,1342.91042000,0
2025-09-12 04:00:00,0.2709,0.2721,0.2709,0.272,2002.20000000,1757663999999,543.28189000,16,312.70000000,84.93115000,0
2025-09-12 08:00:00,0.2723,0.2723,0.2686,0.271,1540.90000000,1757678399999,416.42822000,16,70.10000000,19.00400000,0
2025-09-12 12:00:00,0.2704,0.271,0.2679,0.2686,6397.60000000,1757692799999,1723.40593000,48,2615.10000000,708.17373000,0
2025-09-12 16:00:00,0.2681,0.271,0.2679,0.271,4823.30000000,1757707199999,1306.18197000,40,4823.30000000,1306.18197000,0
2025-09-12 20:00:00,0.2703,0.2742,0.2696,0.2727,6616.90000000,1757721599999,1805.52853000,21,5135.30000000,1404.31353000,0
2025-09-13 00:00:00,0.2692,0.279,0.2692,0.2778,5111.50000000,1757735999999,1414.82991000,22,4819.30000000,1335.27867000,0
2025-09-13 04:00:00,0.2778,0.2813,0.2756,0.2804,8872.80000000,1757750399999,2483.89352000,16,7498.80000000,2103.04443000,0
2025-09-13 08:00:00,0.2826,0.2859,0.2812,0.2832,4242.10000000,1757764799999,1202.72630000,19,3793.00000000,1075.60283000,0
2025-09-13 12:00:00,0.2859,0.2871,0.2813,0.2813,8383.40000000,1757779199999,2381.62830000,34,2866.40000000,820.80389000,0
2025-09-13 16:00:00,0.2831,0.2831,0.2778,0.2808,17663.50000000,1757793599999,4929.87292000,33,3759.40000000,1056.82482000,0
2025-09-13 20:00:00,0.2843,0.2856,0.2818,0.2818,575.60000000,1757807999999,163.31661000,5,419.90000000,119.43767000,0
2025-09-14 00:00:00,0.2829,0.2848,0.2798,0.2824,10795.20000000,1757822399999,3041.02799000,35,5869.50000000,1658.86942000,0
2025-09-14 04:00:00,0.2806,0.2806,0.2789,0.2796,1303.00000000,1757836799999,364.70060000,5,800.00000000,224.06180000,0
2025-09-14 08:00:00,0.2787,0.2787,0.2756,0.276,5399.20000000,1757851199999,1493.40171000,13,0.00000000,0.00000000,0
2025-09-14 12:00:00,0.2751,0.2775,0.2696,0.2723,9655.30000000,1757865599999,2630.27618000,28,187.00000000,51.44739000,0
2025-09-14 16:00:00,0.2726,0.2726,0.2706,0.2723,885.50000000,1757879999999,240.04055000,7,160.60000000,43.74197000,0
2025-09-14 20:00:00,0.2731,0.2743,0.2712,0.2712,3023.00000000,1757894399999,827.62532000,16,1532.80000000,420.18480000,0
2025-09-15 00:00:00,0.272,0.2724,0.27,0.2707,645.90000000,1757908799999,174.62733000,7,73.50000000,20.02140000,0
2025-09-15 04:00:00,0.2736,0.2739,0.2671,0.2671,6597.50000000,1757923199999,1785.68718000,9,2470.70000000,676.30516000,0
2025-09-15 08:00:00,0.2668,0.2672,0.2603,0.2627,10560.80000000,1757937599999,2797.85118000,23,992.00000000,262.36900000,0
2025-09-15 12:00:00,0.2654,0.2654,0.2584,0.2584,3263.80000000,1757951999999,848.67986000,12,299.10000000,79.13130000,0
2025-09-15 16:00:00,0.2567,0.2567,0.2548,0.2548,2982.60000000,1757966399999,760.51575000,8,19.40000000,4.97998000,0
2025-09-15 20:00:00,0.256,0.256,0.256,0.256,66.00000000,1757980799999,16.89600000,1,0.00000000,0.00000000,0
2025-09-16 00:00:00,0.2548,0.257,0.2542,0.2566,604.50000000,1757995199999,154.94530000,7,50.50000000,12.95830000,0
2025-09-16 04:00:00,0.2572,0.2575,0.2572,0.2575,122.10000000,1758009599999,31.41612000,2,122.10000000,31.41612000,0
2025-09-16 08:00:00,0.2587,0.2609,0.2587,0.2609,193.30000000,1758023999999,50.14553000,2,63.10000000,16.46279000,0
2025-09-16 12:00:00,0.2572,0.2572,0.2536,0.2546,18900.60000000,1758038399999,4810.60234000,8,194.40000000,49.99968000,0
2025-09-16 16:00:00,0.2536,0.2609,0.2534,0.2574,2507.80000000,1758052799999,649.79057000,10,2225.80000000,578.20665000,0
2025-09-16 20:00:00,0.2578,0.2629,0.2578,0.2599,1884.50000000,1758067199999,493.86743000,6,1798.40000000,471.62201000,0
2025-09-17 00:00:00,0.2574,0.2577,0.2555,0.2557,3084.60000000,1758081599999,792.49551000,14,96.80000000,24.94536000,0
2025-09-17 04:00:00,0.2569,0.2569,0.2567,0.2567,2176.70000000,1758095999999,558.97063000,3,2176.70000000,558.97063000,0
2025-09-17 08:00:00,0.2533,0.2537,0.2498,0.2522,3195.20000000,1758110399999,806.02560000,9,23.80000000,6.00836000,0
2025-09-17 12:00:00,0.2499,0.2554,0.2499,0.2521,505.90000000,1758124799999,127.38921000,7,356.50000000,89.94573000,0
2025-09-17 16:00:00,0.2514,0.2551,0.2514,0.2551,269.30000000,1758139199999,68.17071000,3,157.40000000,40.00548000,0
2025-09-17 20:00:00,0.2584,0.2642,0.2537,0.2625,19124.50000000,1758153599999,5014.01200000,27,9506.20000000,2483.86081000,0
2025-09-18 00:00:00,0.2625,0.2642,0.2583,0.2638,5060.00000000,1758167999999,1326.43768000,32,2684.90000000,705.10322000,0
2025-09-18 04:00:00,0.2641,0.2642,0.2572,0.2609,7795.50000000,1758182399999,2030.64945000,33,453.10000000,118.94235000,0
2025-09-18 08:00:00,0.2596,0.2615,0.2596,0.2599,826.00000000,1758196799999,215.08861000,17,141.40000000,36.87124000,0
2025-09-18 12:00:00,0.2599,0.2619,0.2572,0.2601,2899.00000000,1758211199999,751.99333000,12,1555.70000000,405.82809000,0
2025-09-18 16:00:00,0.2623,0.2652,0.2576,0.2576,6758.50000000,1758225599999,1783.12826000,41,6639.90000000,1752.03398000,0
2025-09-18 20:00:00,0.2622,0.2622,0.2601,0.2601,1024.60000000,1758239999999,267.83325000,4,15.30000000,3.97953000,0
2025-09-19 00:00:00,0.2559,0.2636,0.2559,0.2575,1614.00000000,1758254399999,420.64884000,10,326.20000000,85.78240000,0
2025-09-19 04:00:00,0.2573,0.2573,0.2555,0.2555,190.30000000,1758268799999,48.66183000,4,43.10000000,11.05223000,0
2025-09-19 08:00:00,0.2574,0.2574,0.2546,0.2546,1403.50000000,1758283199999,358.61324000,7,73.90000000,18.96858000,0
2025-09-19 12:00:00,0.2527,0.2557,0.2501,0.2509,1976.50000000,1758297599999,496.73342000,10,185.30000000,47.24048000,0
2025-09-19 16:00:00,0.2559,0.2559,0.2483,0.2483,879.30000000,1758311999999,219.85334000,9,98.10000000,24.91837000,0
2025-09-19 20:00:00,0.2497,0.2532,0.2497,0.2502,10182.60000000,1758326399999,2555.01863000,14,6178.80000000,1552.74305000,0
2025-09-20 00:00:00,0.2496,0.2557,0.2486,0.2486,1534.90000000,1758340799999,382.35243000,14,42.90000000,10.96953000,0
2025-09-20 04:00:00,0.2502,0.2543,0.2502,0.2543,878.30000000,1758355199999,221.88433000,4,867.50000000,219.18217000,0
2025-09-20 08:00:00,0.2501,0.2501,0.2488,0.2501,4130.40000000,1758369599999,1032.91346000,6,0.00000000,0.00000000,0
2025-09-20 12:00:00,0.2524,0.2537,0.2502,0.2502,358.50000000,1758383999999,90.36846000,4,249.60000000,63.09914000,0
2025-09-20 16:00:00,0.2506,0.2506,0.2506,0.2506,159.50000000,1758398399999,39.97070000,1,159.50000000,39.97070000,0
2025-09-20 20:00:00,0.2492,0.2522,0.2492,0.2501,4738.40000000,1758412799999,1184.35166000,14,198.50000000,49.88305000,0
2025-09-21 00:00:00,0.2505,0.2505,0.2503,0.2503,87.70000000,1758427199999,21.96487000,2,87.70000000,21.96487000,0
2025-09-21 04:00:00,0.2498,0.2514,0.2484,0.2484,2361.30000000,1758441599999,590.11914000,6,39.70000000,9.98058000,0
2025-09-21 08:00:00,0.2512,0.2512,0.2473,0.2473,3170.00000000,1758455999999,789.43427000,9,796.10000000,199.98032000,0
2025-09-21 12:00:00,0.2477,0.2496,0.2473,0.2496,242.40000000,1758470399999,60.04499000,3,40.10000000,10.00896000,0
2025-09-21 16:00:00,0.2463,0.2499,0.2453,0.2482,6903.50000000,1758484799999,1704.89687000,13,2502.90000000,620.26460000,0
2025-09-21 20:00:00,0.2494,0.2494,0.245,0.245,20119.70000000,1758499199999,4930.01780000,11,18890.10000000,4628.16250000,0
2025-09-22 00:00:00,0.2447,0.2447,0.2317,0.237,3073.90000000,1758513599999,741.72939000,17,259.50000000,61.48509000,0
2025-09-22 04:00:00,0.2378,0.2378,0.2194,0.2278,5089.50000000,1758527999999,1151.64570000,40,1189.30000000,270.64729000,0
2025-09-22 08:00:00,0.2279,0.2289,0.2279,0.2289,65.80000000,1758542399999,15.03952000,2,43.70000000,10.00293000,0
2025-09-22 12:00:00,0.2226,0.2289,0.2226,0.2265,215.90000000,1758556799999,48.73611000,4,32.50000000,7.40025000,0
2025-09-22 16:00:00,0.2265,0.2265,0.2259,0.2262,5823.40000000,1758571199999,1316.45778000,9,4600.40000000,1039.55148000,0
2025-09-22 20:00:00,0.225,0.2288,0.2249,0.2264,18377.00000000,1758585599999,4140.89133000,16,1851.20000000,423.22076000,0
2025-09-23 00:00:00,0.2264,0.2275,0.2225,0.226,783.00000000,1758599999999,176.43728000,7,472.90000000,107.10697000,0
2025-09-23 04:00:00,0.2221,0.228,0.2221,0.228,88.50000000,1758614399999,19.73373000,2,13.20000000,3.00960000,0
2025-09-23 08:00:00,0.2282,0.2282,0.2282,0.2282,996.80000000,1758628799999,227.46976000,3,0.00000000,0.00000000,0
2025-09-23 12:00:00,0.2286,0.2286,0.2261,0.2261,19.80000000,1758643199999,4.50861000,3,14.30000000,3.26506000,0
2025-09-23 16:00:00,0.2262,0.2265,0.2202,0.2216,513.90000000,1758657599999,115.01551000,7,135.20000000,30.44884000,0
2025-09-23 20:00:00,0.2245,0.2284,0.224,0.2249,287.70000000,1758671999999,65.00288000,8,162.90000000,36.92780000,0
2025-09-24 00:00:00,0.2281,0.2285,0.2235,0.2253,327.40000000,1758686399999,74.46078000,7,277.40000000,63.23190000,0
2025-09-24 04:00:00,0.2201,0.2271,0.2201,0.2246,701.10000000,1758700799999,157.32036000,6,470.00000000,106.32880000,0
2025-09-24 08:00:00,0.2249,0.2286,0.2249,0.2286,334.60000000,1758715199999,75.74660000,3,133.80000000,30.58668000,0
2025-09-24 12:00:00,0.2273,0.2275,0.2273,0.2275,372.70000000,1758729599999,84.77611000,3,372.70000000,84.77611000,0
2025-09-24 16:00:00,0.228,0.228,0.226,0.226,11499.70000000,1758743999999,2615.64819000,9,168.00000000,38.14114000,0
2025-09-24 20:00:00,0.2241,0.2256,0.2221,0.2238,18402.90000000,1758758399999,4146.49134000,12,16887.40000000,3808.75929000,0
2025-09-25 00:00:00,0.2243,0.2266,0.2201,0.2224,1600.30000000,1758772799999,356.27646000,9,293.70000000,66.50136000,0
2025-09-25 04:00:00,0.2196,0.2208,0.216,0.22,10108.90000000,1758787199999,2211.94888000,25,4668.90000000,1021.20413000,0
2025-09-25 08:00:00,0.22,0.2218,0.2198,0.2209,6033.20000000,1758801599999,1331.87353000,15,5294.10000000,1168.70376000,0
2025-09-25 12:00:00,0.2172,0.2216,0.2158,0.2216,307.70000000,1758815999999,66.84706000,3,45.10000000,9.99416000,0
2025-09-25 16:00:00,0.2189,0.2197,0.2123,0.2197,107831.20000000,1758830399999,23356.57575000,44,5912.80000000,1283.60985000,0
2025-09-25 20:00:00,0.2158,0.2178,0.2151,0.2151,2882.20000000,1758844799999,622.39819000,5,1101.60000000,236.99691000,0
2025-09-26 00:00:00,0.2185,0.2185,0.2185,0.2185,105.20000000,1758859199999,22.98620000,2,54.90000000,11.99565000,0
2025-09-26 04:00:00,0.2169,0.2169,0.2143,0.2155,9697.20000000,1758873599999,2090.22154000,19,392.30000000,84.97903000,0
2025-09-26 08:00:00,0.2175,0.2175,0.213,0.213,314.80000000,1758887999999,67.26156000,3,13.00000000,2.82750000,0
2025-09-26 12:00:00,0.2132,0.2201,0.2132,0.2201,1508.80000000,1758902399999,323.58560000,4,318.00000000,69.70704000,0
2025-09-26 16:00:00,0.2199,0.2244,0.2199,0.2241,7793.30000000,1758916799999,1730.07862000,12,7793.30000000,1730.07862000,0
2025-09-26 20:00:00,0.2196,0.22,0.2157,0.2197,11398.80000000,1758931199999,2500.85611000,9,8579.50000000,1887.05323000,0
2025-09-27 00:00:00,0.2222,0.2228,0.2222,0.2227,2159.00000000,1758945599999,479.79623000,4,2159.00000000,479.79623000,0
2025-09-27 04:00:00,0.2224,0.2224,0.2224,0.2224,33.00000000,1758959999999,7.33920000,2,0.00000000,0.00000000,0
2025-09-27 08:00:00,0.2234,0.2235,0.2234,0.2235,157.30000000,1758974399999,35.14171000,2,157.30000000,35.14171000,0
2025-09-27 12:00:00,0.223,0.224,0.2224,0.224,275.50000000,1758988799999,61.34710000,4,89.50000000,19.98070000,0
2025-09-27 16:00:00,0.2242,0.2242,0.2143,0.2189,1610.00000000,1759003199999,351.25176000,9,118.60000000,26.50962000,0
2025-09-27 20:00:00,0.2197,0.2197,0.2197,0.2197,10.10000000,1759017599999,2.21897000,1,0.00000000,0.00000000,0
2025-09-28 00:00:00,0.2228,0.2232,0.2206,0.2232,188.70000000,1759031999999,42.05952000,4,169.70000000,37.86812000,0
2025-09-28 04:00:00,0.2247,0.2248,0.2247,0.2248,57.70000000,1759046399999,12.96963000,2,57.70000000,12.96963000,0
2025-09-28 08:00:00,0.2266,0.2266,0.2266,0.2266,57.30000000,1759060799999,12.98418000,1,57.30000000,12.98418000,0
2025-09-28 12:00:00,0.2217,0.2252,0.2206,0.2252,2889.60000000,1759075199999,640.80647000,5,221.60000000,49.90432000,0
2025-09-28 16:00:00,0.2253,0.2253,0.2253,0.2253,27.90000000,1759089599999,6.28587000,1,27.90000000,6.28587000,0
2025-09-28 20:00:00,0.226,0.2287,0.2215,0.2274,3415.10000000,1759103999999,774.20724000,17,3267.80000000,741.35123000,0
2025-09-29 00:00:00,0.2287,0.2302,0.2262,0.2276,14026.90000000,1759118399999,3190.67325000,22,9522.00000000,2164.83571000,0
2025-09-29 04:00:00,0.2274,0.2295,0.2274,0.2274,1239.60000000,1759132799999,282.01885000,5,69.10000000,15.84715000,0
2025-09-29 08:00:00,0.2268,0.2284,0.2267,0.2284,310.50000000,1759147199999,70.76386000,3,218.20000000,49.83688000,0
2025-09-29 12:00:00,0.2259,0.2279,0.2252,0.2256,475.50000000,1759161599999,107.53816000,4,109.30000000,24.90947000,0
2025-09-29 16:00:00,0.2245,0.2261,0.224,0.2261,366.60000000,1759175999999,82.56671000,6,146.10000000,32.99327000,0
2025-09-29 20:00:00,0.2274,0.2282,0.2238,0.2238,1437.00000000,1759190399999,326.68016000,5,162.40000000,37.05968000,0
2025-09-30 00:00:00,0.2281,0.2281,0.2244,0.2244,2338.40000000,1759204799999,524.81873000,3,22.10000000,5.04101000,0
2025-09-30 04:00:00,0.225,0.225,0.225,0.225,8.00000000,1759219199999,1.80000000,1,8.00000000,1.80000000,0
2025-09-30 08:00:00,0.2234,0.2234,0.2228,0.2228,109.90000000,1759233599999,24.51512000,3,0.00000000,0.00000000,0
2025-09-30 12:00:00,0.2227,0.2252,0.222,0.2252,1663.30000000,1759247999999,371.11590000,5,310.80000000,69.99216000,0
2025-09-30 16:00:00,0.2252,0.2252,0.2239,0.2239,99.20000000,1759262399999,22.26288000,2,59.20000000,13.25488000,0
2025-09-30 20:00:00,0.2249,0.2263,0.2225,0.2225,4322.20000000,1759276799999,972.51946000,8,4217.00000000,948.94488000,0
2025-10-01 00:00:00,0.2234,0.226,0.222,0.226,804.40000000,1759291199999,179.86948000,7,182.90000000,41.14896000,0
2025-10-01 04:00:00,0.223,0.223,0.223,0.223,50.00000000,1759305599999,11.15000000,1,0.00000000,0.00000000,0
2025-10-01 08:00:00,0.2265,0.2353,0.2265,0.2347,3303.90000000,1759319999999,759.82607000,13,3295.00000000,757.81022000,0
2025-10-01 12:00:00,0.235,0.2355,0.233,0.2355,1211.40000000,1759334399999,282.85811000,7,221.30000000,51.97359000,0
2025-10-01 16:00:00,0.2352,0.2371,0.2351,0.2371,582.70000000,1759348799999,137.61235000,10,442.50000000,104.63311000,0
2025-10-01 20:00:00,0.2357,0.2382,0.2357,0.2382,355.40000000,1759363199999,84.42454000,9,209.40000000,49.83144000,0
2025-10-02 00:00:00,0.2406,0.2406,0.2299,0.2401,235.10000000,1759377599999,54.96796000,6,34.40000000,8.27259000,0
2025-10-02 04:00:00,0.2388,0.2406,0.2367,0.2405,328.70000000,1759391999999,78.49403000,6,201.60000000,48.40946000,0
2025-10-02 08:00:00,0.2387,0.2404,0.2387,0.2404,94.30000000,1759406399999,22.52352000,3,8.30000000,1.99532000,0
2025-10-02 12:00:00,0.2407,0.2414,0.2405,0.2406,4523.60000000,1759420799999,1088.00355000,4,4523.60000000,1088.00355000,0
2025-10-02 16:00:00,0.2383,0.2426,0.2342,0.242,396.70000000,1759435199999,95.26270000,8,97.00000000,23.39485000,0
2025-10-02 20:00:00,0.2424,0.2424,0.2363,0.2409,1591.30000000,1759449599999,381.64291000,7,699.30000000,168.46861000,0
2025-10-03 00:00:00,0.2408,0.2408,0.2363,0.2368,169.50000000,1759463999999,40.57824000,4,124.60000000,29.96397000,0
2025-10-03 04:00:00,0.2376,0.2376,0.2374,0.2374,1113.70000000,1759478399999,264.61192000,2,0.00000000,0.00000000,0
2025-10-03 08:00:00,0.2386,0.2386,0.237,0.237,292.00000000,1759492799999,69.30366000,4,126.30000000,30.03276000,0
2025-10-03 12:00:00,0.239,0.2394,0.2356,0.2387,4332.20000000,1759507199999,1033.90333000,11,147.10000000,35.19850000,0
2025-10-03 16:00:00,0.2431,0.245,0.2375,0.2428,6368.70000000,1759521599999,1549.64387000,20,4419.90000000,1076.56639000,0
2025-10-03 20:00:00,0.243,0.243,0.24,0.2402,3098.70000000,1759535999999,746.48979000,6,1071.50000000,259.44705000,0
2025-10-04 00:00:00,0.24,0.24,0.24,0.24,1036.20000000,1759550399999,248.68800000,2,20.70000000,4.96800000,0
2025-10-04 04:00:00,0.2379,0.241,0.237,0.237,198.00000000,1759564799999,47.25536000,6,81.10000000,19.45979000,0
2025-10-04 08:00:00,0.236,0.2427,0.2352,0.2352,379.60000000,1759579199999,89.81662000,5,41.00000000,9.95070000,0
2025-10-04 12:00:00,0.2347,0.2347,0.2347,0.2347,3931.40000000,1759593599999,922.69958000,2,0.00000000,0.00000000,0
2025-10-04 16:00:00,0.2375,0.2375,0.237,0.237,103.90000000,1759607999999,24.63480000,3,103.90000000,24.63480000,0
2025-10-04 20:00:00,0.2381,0.2381,0.2381,0.2381,46.90000000,1759622399999,11.16689000,1,46.90000000,11.16689000,0
2025-10-05 00:00:00,0.2376,0.24,0.236,0.236,2258.60000000,1759636799999,537.22490000,8,2156.60000000,513.14872000,0
2025-10-05 04:00:00,0.2396,0.2445,0.2396,0.2445,11831.80000000,1759651199999,2858.58326000,12,6342.60000000,1534.09285000,0
2025-10-05 08:00:00,0.245,0.245,0.239,0.239,435.20000000,1759665599999,104.20439000,3,3.50000000,0.85750000,0
2025-10-05 12:00:00,0.2396,0.2452,0.239,0.2452,5750.60000000,1759679999999,1384.68617000,11,3120.00000000,755.72966000,0
2025-10-05 16:00:00,0.2395,0.2406,0.235,0.2363,5116.10000000,1759694399999,1221.18636000,15,56.60000000,13.53920000,0
2025-10-05 20:00:00,0.2367,0.2446,0.2367,0.2446,41912.10000000,1759708799999,10005.34160000,13,13134.30000000,3176.40734000,0
2025-10-06 00:00:00,0.2363,0.2373,0.2363,0.2373,168.90000000,1759723199999,39.98337000,2,0.00000000,0.00000000,0
2025-10-06 04:00:00,0.2396,0.2396,0.2389,0.2389,51.40000000,1759737599999,12.29402000,2,20.80000000,4.98368000,0
2025-10-06 08:00:00,0.2398,0.2449,0.2398,0.2449,1775.90000000,1759751999999,430.83170000,5,1426.50000000,346.40388000,0
2025-10-06 12:00:00,0.2457,0.2473,0.2454,0.2473,614.70000000,1759766399999,151.78480000,10,614.70000000,151.78480000,0
2025-10-06 16:00:00,0.2462,0.2528,0.2455,0.2491,18864.90000000,1759780799999,4705.75118000,34,16378.90000000,4088.11912000,0
2025-10-06 20:00:00,0.2482,0.2516,0.2482,0.2499,3424.10000000,1759795199999,855.57775000,53,1400.10000000,350.86206000,0
2025-10-07 00:00:00,0.2503,0.2508,0.2473,0.2484,3714.10000000,1759809599999,920.76688000,37,540.40000000,135.17068000,0
2025-10-07 04:00:00,0.2473,0.2499,0.2439,0.2457,13443.10000000,1759823999999,3306.00458000,33,3462.70000000,855.92513000,0
2025-10-07 08:00:00,0.2438,0.2482,0.2428,0.2482,4538.10000000,1759838399999,1114.39661000,57,817.00000000,201.55666000,0
2025-10-07 12:00:00,0.2478,0.2502,0.2375,0.2375,6671.50000000,1759852799999,1617.78383000,73,2864.50000000,697.12055000,0
2025-10-07 16:00:00,0.2394,0.2394,0.2388,0.2392,93.30000000,1759867199999,22.32244000,5,93.30000000,22.32244000,0
2025-10-07 20:00:00,0.2387,0.2412,0.2377,0.2388,787.40000000,1759881599999,189.19334000,8,700.40000000,168.46468000,0
2025-10-08 00:00:00,0.2369,0.2387,0.2355,0.2355,43692.90000000,1759895999999,10365.84430000,14,41855.90000000,9932.56497000,0
2025-10-08 04:00:00,0.2373,0.2373,0.2345,0.2345,205.10000000,1759910399999,48.21383000,3,0.00000000,0.00000000,0
2025-10-08 08:00:00,0.2365,0.2399,0.2343,0.2399,2624.90000000,1759924799999,623.80363000,5,2375.00000000,565.12270000,0
2025-10-08 12:00:00,0.2396,0.2398,0.2377,0.2398,511.40000000,1759939199999,122.15341000,3,511.40000000,122.15341000,0
2025-10-08 16:00:00,0.2398,0.2436,0.2398,0.2425,14190.20000000,1759953599999,3421.16611000,20,13782.60000000,3322.32621000,0
2025-10-08 20:00:00,0.244,0.2443,0.2405,0.2405,4548.20000000,1759967999999,1103.93210000,9,245.90000000,59.93601000,0
2025-10-09 00:00:00,0.2416,0.2416,0.2357,0.2388,1656.10000000,1759982399999,394.63305000,11,1136.80000000,271.60794000,0
2025-10-09 04:00:00,0.2399,0.2399,0.235,0.2383,124.80000000,1759996799999,29.68488000,5,38.20000000,9.12418000,0
2025-10-09 08:00:00,0.2377,0.2419,0.2368,0.2419,41757.40000000,1760011199999,9948.88744000,12,3183.10000000,757.22500000,0
2025-10-09 12:00:00,0.2404,0.2404,0.2343,0.2343,5322.60000000,1760025599999,1253.69459000,6,946.60000000,226.04808000,0
2025-10-09 16:00:00,0.2349,0.2357,0.2328,0.2357,3144.80000000,1760039999999,737.00531000,10,1663.10000000,389.99055000,0
2025-10-09 20:00:00,0.2329,0.2383,0.2326,0.2355,10363.30000000,1760054399999,2440.85256000,17,2102.40000000,500.05448000,0
2025-10-10 00:00:00,0.2378,0.2413,0.2348,0.2413,5589.90000000,1760068799999,1329.16946000,9,5321.90000000,1266.24306000,0
2025-10-10 04:00:00,0.2408,0.2409,0.2408,0.2409,1249.10000000,1760083199999,300.83161000,3,1249.10000000,300.83161000,0
2025-10-10 08:00:00,0.2363,0.2364,0.2358,0.2358,1593.40000000,1760097599999,376.34462000,4,0.00000000,0.00000000,0
2025-10-10 12:00:00,0.2383,0.2417,0.2264,0.2264,2703.60000000,1760111999999,632.92559000,28,175.80000000,41.67594000,0
2025-10-10 16:00:00,0.229,0.274,0.2229,0.224,64988.00000000,1760126399999,15792.53115000,134,55930.00000000,13736.53135000,0
2025-10-10 20:00:00,0.2223,0.2223,0.1108,0.184,136561.90000000,1760140799999,24036.51779000,330,46180.30000000,8120.91426000,0
2025-10-11 00:00:00,0.1855,0.2011,0.1855,0.1911,40342.10000000,1760155199999,7735.12258000,85,29803.00000000,5709.87679000,0
2025-10-11 04:00:00,0.1924,0.193,0.1891,0.1926,4145.10000000,1760169599999,789.03967000,12,1724.80000000,331.26449000,0
2025-10-11 08:00:00,0.193,0.1963,0.1926,0.193,6902.10000000,1760183999999,1335.28836000,14,2825.90000000,549.23874000,0
2025-10-11 12:00:00,0.1932,0.1954,0.1896,0.194,4336.90000000,1760198399999,827.44117000,18,558.60000000,108.11030000,0
2025-10-11 16:00:00,0.1939,0.1953,0.1852,0.1852,2847.20000000,1760212799999,544.24314000,30,983.20000000,191.01554000,0
2025-10-11 20:00:00,0.1827,0.1872,0.18,0.1843,10513.60000000,1760227199999,1929.69418000,27,2962.80000000,545.67261000,0
2025-10-12 00:00:00,0.1838,0.1868,0.1805,0.1868,4965.30000000,1760241599999,915.59404000,17,1735.90000000,323.38902000,0
2025-10-12 04:00:00,0.1869,0.1904,0.1869,0.1904,1819.20000000,1760255999999,341.92017000,6,1819.20000000,341.92017000,0
2025-10-12 08:00:00,0.1883,0.1883,0.1883,0.1883,2664.00000000,1760270399999,501.63120000,5,0.00000000,0.00000000,0
2025-10-12 12:00:00,0.1896,0.1973,0.1864,0.1967,63677.20000000,1760284799999,12079.58362000,51,10669.60000000,2043.34658000,0
2025-10-12 16:00:00,0.1972,0.2018,0.1972,0.2002,26284.90000000,1760299199999,5254.63633000,61,11722.80000000,2343.52072000,0
2025-10-12 20:00:00,0.2017,0.2035,0.1984,0.1986,8421.60000000,1760313599999,1694.76456000,25,4765.80000000,964.03844000,0
2025-10-13 00:00:00,0.1985,0.2009,0.1971,0.1988,4320.40000000,1760327999999,863.03296000,8,2492.30000000,499.96651000,0
2025-10-13 04:00:00,0.199,0.204,0.1985,0.203,7463.30000000,1760342399999,1507.82362000,13,5357.60000000,1088.72022000,0
2025-10-13 08:00:00,0.2036,0.2052,0.1983,0.2017,26323.00000000,1760356799999,5346.96216000,34,17766.20000000,3618.39319000,0
2025-10-13 12:00:00,0.2015,0.2059,0.2005,0.2059,21328.50000000,1760371199999,4341.04629000,45,11875.90000000,2426.31862000,0
2025-10-13 16:00:00,0.2059,0.2111,0.2049,0.2101,31838.70000000,1760385599999,6600.51490000,69,19283.80000000,4007.60826000,0
2025-10-13 20:00:00,0.2101,0.212,0.2101,0.2102,2473.70000000,1760399999999,519.96574000,9,2325.60000000,488.81498000,0
2025-10-14 00:00:00,0.2093,0.2102,0.2033,0.2033,6849.10000000,1760414399999,1414.42206000,32,321.90000000,66.84646000,0
2025-10-14 04:00:00,0.204,0.2041,0.1919,0.1971,7869.60000000,1760428799999,1545.74185000,41,1681.00000000,328.30560000,0
2025-10-14 08:00:00,0.1955,0.1957,0.1922,0.1957,1757.40000000,1760443199999,341.04490000,12,683.10000000,133.39595000,0
2025-10-14 12:00:00,0.197,0.199,0.1901,0.199,24618.50000000,1760457599999,4763.87227000,32,16820.70000000,3247.67686000,0
2025-10-14 16:00:00,0.1969,0.2025,0.1969,0.2022,8194.70000000,1760471999999,1644.88216000,37,5887.80000000,1184.80831000,0
2025-10-14 20:00:00,0.2007,0.2034,0.1999,0.2012,1760.00000000,1760486399999,354.77490000,8,147.40000000,29.98116000,0
2025-10-15 00:00:00,0.2002,0.2018,0.1997,0.1997,371.70000000,1760500799999,74.50454000,4,123.50000000,24.92230000,0
2025-10-15 04:00:00,0.2025,0.2025,0.2004,0.2004,337.10000000,1760515199999,67.80669000,5,39.50000000,7.98385000,0
2025-10-15 08:00:00,0.2005,0.206,0.1983,0.1983,14687.90000000,1760529599999,2984.87997000,39,10343.80000000,2110.05987000,0
2025-10-15 12:00:00,0.2001,0.2001,0.1949,0.1949,5104.30000000,1760543999999,1005.51695000,22,395.90000000,78.47081000,0
2025-10-15 16:00:00,0.195,0.1968,0.1939,0.1968,1079.50000000,1760558399999,210.31150000,11,66.00000000,12.97503000,0
2025-10-15 20:00:00,0.1942,0.1952,0.1924,0.1952,18817.60000000,1760572799999,3640.03406000,30,6484.70000000,1263.71864000,0
2025-10-16 00:00:00,0.1956,0.1975,0.194,0.194,1300.00000000,1760587199999,254.29774000,5,1269.40000000,248.34706000,0
2025-10-16 04:00:00,0.1953,0.1953,0.1953,0.1953,25.50000000,1760601599999,4.98015000,1,25.50000000,4.98015000,0
2025-10-16 08:00:00,0.1944,0.1982,0.1907,0.1981,7350.00000000,1760615999999,1426.78901000,22,3348.90000000,656.08800000,0
2025-10-16 12:00:00,0.1983,0.1983,0.1899,0.1899,6615.40000000,1760630399999,1286.29319000,34,1449.20000000,285.28749000,0
2025-10-16 16:00:00,0.1878,0.193,0.1862,0.1862,17317.40000000,1760644799999,3254.85348000,31,3795.20000000,721.93441000,0
2025-10-16 20:00:00,0.1853,0.1878,0.1845,0.1875,3152.40000000,1760659199999,589.19166000,7,2742.90000000,513.32049000,0
2025-10-17 00:00:00,0.1902,0.1912,0.1898,0.1912,1678.40000000,1760673599999,319.22666000,6,1660.00000000,315.71368000,0
2025-10-17 04:00:00,0.1927,0.1927,0.1795,0.1795,11143.90000000,1760687999999,2060.29794000,38,2447.20000000,440.28721000,0
2025-10-17 08:00:00,0.1798,0.1852,0.177,0.1852,182676.50000000,1760702399999,32691.81340000,86,9968.50000000,1802.98023000,0
2025-10-17 12:00:00,0.1847,0.1857,0.1806,0.1845,7851.50000000,1760716799999,1438.48766000,26,3088.20000000,567.89560000,0
2025-10-17 16:00:00,0.1852,0.1878,0.1841,0.1863,10231.00000000,1760731199999,1897.65351000,36,4204.10000000,783.47328000,0
2025-10-17 20:00:00,0.1876,0.1892,0.1861,0.1861,6759.90000000,1760745599999,1263.46926000,16,2508.70000000,470.87869000,0
2025-10-18 00:00:00,0.1866,0.1891,0.186,0.186,2666.10000000,1760759999999,500.42185000,5,1163.40000000,219.99894000,0
2025-10-18 04:00:00,0.1883,0.1904,0.1881,0.1904,6317.80000000,1760774399999,1194.73602000,14,3386.00000000,642.47795000,0
2025-10-18 08:00:00,0.1907,0.1907,0.1885,0.19,406.60000000,1760788799999,76.82081000,5,94.60000000,17.98499000,0
2025-10-18 12:00:00,0.191,0.191,0.1861,0.1861,6891.90000000,1760803199999,1295.23151000,17,4216.50000000,791.43310000,0
2025-10-18 16:00:00,0.1869,0.1896,0.1867,0.1882,1335.80000000,1760817599999,249.81280000,5,710.40000000,133.05062000,0
2025-10-18 20:00:00,0.1863,0.1901,0.1863,0.1895,3099.00000000,1760831999999,587.31356000,6,3065.90000000,581.08516000,0
2025-10-19 00:00:00,0.1883,0.19,0.1873,0.1897,5181.50000000,1760846399999,975.14659000,19,917.10000000,173.63458000,0
2025-10-19 04:00:00,0.1897,0.1899,0.1887,0.1887,3394.40000000,1760860799999,643.76368000,6,1073.20000000,203.75544000,0
2025-10-19 08:00:00,0.19,0.1923,0.1861,0.1915,12280.00000000,1760875199999,2332.80528000,26,6948.60000000,1325.06935000,0
2025-10-19 12:00:00,0.1913,0.1947,0.1913,0.1947,15702.60000000,1760889599999,3036.45283000,17,14049.30000000,2719.28348000,0
2025-10-19 16:00:00,0.1947,0.1957,0.1947,0.1954,532.80000000,1760903999999,104.08723000,6,110.90000000,21.64797000,0
2025-10-19 20:00:00,0.1963,0.1981,0.1946,0.1948,42585.00000000,1760918399999,8331.25799000,72,2229.20000000,438.52720000,0
2025-10-20 00:00:00,0.1948,0.1999,0.1913,0.1992,23268.20000000,1760932799999,4548.02941000,95,7982.50000000,1572.45942000,0
2025-10-20 04:00:00,0.1992,0.2025,0.1984,0.201,7017.80000000,1760947199999,1411.19286000,41,4907.00000000,989.90323000,0
2025-10-20 08:00:00,0.2009,0.2029,0.2004,0.2007,1248.30000000,1760961599999,252.25872000,20,731.80000000,148.29796000,0
2025-10-20 12:00:00,0.2026,0.2026,0.2007,0.2007,2883.70000000,1760975999999,579.33274000,10,9.90000000,2.00574000,0
2025-10-20 16:00:00,0.2003,0.2025,0.1981,0.2006,3878.30000000,1760990399999,774.77495000,21,1429.30000000,287.08830000,0
2025-10-20 20:00:00,0.2,0.2023,0.2,0.2023,1677.40000000,1761004799999,336.72581000,17,154.20000000,31.10597000,0
2025-10-21 00:00:00,0.2,0.2027,0.1971,0.1971,2864.90000000,1761019199999,572.67842000,11,348.90000000,69.75748000,0
2025-10-21 04:00:00,0.1967,0.1967,0.1932,0.1953,2787.90000000,1761033599999,542.83073000,20,235.40000000,45.93214000,0
2025-10-21 08:00:00,0.1957,0.1959,0.1951,0.1951,1590.90000000,1761047999999,311.35273000,4,1561.40000000,305.59728000,0
2025-10-21 12:00:00,0.1959,0.2047,0.1959,0.203,14301.70000000,1761062399999,2883.30700000,33,11151.80000000,2250.30567000,0
2025-10-21 16:00:00,0.204,0.204,0.2003,0.2008,4167.80000000,1761076799999,839.33322000,24,49.00000000,9.99600000,0
2025-10-21 20:00:00,0.1998,0.1998,0.1933,0.1933,4002.20000000,1761091199999,786.18038000,21,0.00000000,0.00000000,0
2025-10-22 00:00:00,0.1931,0.195,0.1928,0.1945,449.80000000,1761105599999,87.17760000,6,208.00000000,40.49956000,0
2025-10-22 04:00:00,0.1957,0.196,0.1919,0.1919,2210.70000000,1761119999999,426.04457000,12,305.20000000,59.77912000,0
2025-10-22 08:00:00,0.1919,0.1945,0.1904,0.1945,3062.20000000,1761134399999,590.10634000,10,56.80000000,11.02700000,0
2025-10-22 12:00:00,0.1946,0.1956,0.1917,0.1917,1819.30000000,1761148799999,353.44288000,5,1503.70000000,292.94236000,0
2025-10-22 16:00:00,0.1919,0.1924,0.19,0.19,2156.60000000,1761163199999,410.67883000,14,37.50000000,7.20690000,0
2025-10-22 20:00:00,0.1899,0.1901,0.1846,0.1896,8614.80000000,1761177599999,1618.03418000,30,5432.10000000,1020.33828000,0
2025-10-23 00:00:00,0.19,0.1913,0.1885,0.1885,13680.50000000,1761191999999,2584.33102000,10,2671.20000000,508.38633000,0
2025-10-23 04:00:00,0.1913,0.1927,0.1888,0.1927,1139.00000000,1761206399999,217.84852000,6,1110.30000000,212.42996000,0
2025-10-23 08:00:00,0.1919,0.1919,0.188,0.188,2220.40000000,1761220799999,421.30922000,3,0.00000000,0.00000000,0
2025-10-23 12:00:00,0.1902,0.1902,0.1896,0.1896,2133.00000000,1761235199999,405.15828000,4,0.00000000,0.00000000,0
2025-10-23 16:00:00,0.1929,0.1935,0.1929,0.1935,1428.10000000,1761249599999,275.50024000,4,1428.10000000,275.50024000,0
2025-10-23 20:00:00,0.193,0.193,0.1911,0.1911,1505.90000000,1761263999999,290.13618000,7,8.00000000,1.54160000,0
2025-10-24 00:00:00,0.1946,0.1946,0.192,0.192,125.60000000,1761278399999,24.15512000,3,21.60000000,4.18712000,0
2025-10-24 04:00:00,0.1949,0.1952,0.1928,0.1952,1223.40000000,1761292799999,238.77508000,5,1215.00000000,237.15556000,0
2025-10-24 08:00:00,0.1942,0.1942,0.1934,0.1934,2193.20000000,1761307199999,425.62404000,4,0.00000000,0.00000000,0
2025-10-24 12:00:00,0.1954,0.1975,0.1916,0.1916,6540.50000000,1761321599999,1276.99603000,20,3662.40000000,718.90974000,0
2025-10-24 16:00:00,0.1926,0.1926,0.1906,0.1909,186.90000000,1761335999999,35.66991000,3,15.60000000,3.00456000,0
2025-10-24 20:00:00,0.195,0.1957,0.1946,0.1956,1123.70000000,1761350399999,219.41708000,7,1113.80000000,217.49054000,0
2025-10-25 00:00:00,0.1947,0.1971,0.194,0.1957,10772.40000000,1761364799999,2103.31011000,18,5624.50000000,1099.98763000,0
2025-10-25 04:00:00,0.1935,0.1935,0.1935,0.1935,116.40000000,1761379199999,22.52340000,1,0.00000000,0.00000000,0
2025-10-25 08:00:00,0.1936,0.1936,0.193,0.1935,2851.80000000,1761393599999,551.96881000,5,1052.30000000,203.62005000,0
2025-10-25 12:00:00,0.192,0.1939,0.192,0.1939,383.30000000,1761407999999,74.26829000,2,0.00000000,0.00000000,0
2025-10-25 16:00:00,0.1953,0.1957,0.1949,0.1951,169.30000000,1761422399999,33.07681000,5,132.10000000,25.82209000,0
2025-10-25 20:00:00,0.1969,0.1975,0.1944,0.1944,5012.30000000,1761436799999,976.17284000,10,70.50000000,13.91325000,0
2025-10-26 00:00:00,0.1951,0.1951,0.1942,0.1942,234.40000000,1761451199999,45.56504000,6,26.20000000,5.10202000,0
2025-10-26 04:00:00,0.1951,0.197,0.1944,0.196,1518.00000000,1761465599999,295.76820000,8,655.30000000,128.05932000,0
2025-10-26 08:00:00,0.1949,0.2004,0.1949,0.2004,15714.40000000,1761479999999,3113.30240000,16,15008.30000000,2974.60151000,0
2025-10-26 12:00:00,0.1995,0.2018,0.1982,0.2018,8419.60000000,1761494399999,1688.70583000,22,7331.00000000,1471.44735000,0
2025-10-26 16:00:00,0.2012,0.2025,0.2008,0.2014,2451.40000000,1761508799999,494.35972000,10,672.30000000,135.58885000,0
2025-10-26 20:00:00,0.2004,0.2038,0.2004,0.2027,22320.00000000,1761523199999,4484.23112000,55,2026.60000000,412.09876000,0
2025-10-27 00:00:00,0.2028,0.2048,0.2023,0.2045,8658.90000000,1761537599999,1765.26761000,14,6714.50000000,1369.82908000,0
2025-10-27 04:00:00,0.2039,0.2064,0.2031,0.2031,4450.00000000,1761551999999,910.75201000,26,2239.00000000,460.78873000,0
2025-10-27 08:00:00,0.2028,0.2028,0.1987,0.1987,9157.30000000,1761566399999,1844.20959000,28,66.60000000,13.37620000,0
2025-10-27 12:00:00,0.1991,0.1992,0.1971,0.1992,14120.10000000,1761580799999,2808.66965000,18,11302.50000000,2250.83367000,0
2025-10-27 16:00:00,0.2009,0.2058,0.2005,0.2009,16253.20000000,1761595199999,3301.36745000,39,8052.60000000,1639.30661000,0
2025-10-27 20:00:00,0.2003,0.203,0.1985,0.1987,1241.40000000,1761609599999,247.80667000,7,106.70000000,21.56320000,0
2025-10-28 00:00:00,0.1989,0.1989,0.1984,0.1984,1224.80000000,1761623999999,243.50532000,6,0.00000000,0.00000000,0
2025-10-28 04:00:00,0.2018,0.2018,0.1983,0.2009,2596.10000000,1761638399999,520.87258000,7,2468.30000000,495.43128000,0
2025-10-28 08:00:00,0.1999,0.1999,0.1999,0.1999,147.20000000,1761652799999,29.42528000,1,0.00000000,0.00000000,0
2025-10-28 12:00:00,0.1987,0.2009,0.1971,0.2003,4328.00000000,1761667199999,863.07052000,11,1614.20000000,323.54070000,0
2025-10-28 16:00:00,0.2004,0.2007,0.1948,0.1948,3609.80000000,1761681599999,707.25516000,24,0.00000000,0.00000000,0
2025-10-28 20:00:00,0.1944,0.1944,0.1911,0.1944,3579.50000000,1761695999999,690.71867000,20,1364.10000000,264.57785000,0
2025-10-29 00:00:00,0.1947,0.1954,0.1934,0.1948,1288.80000000,1761710399999,250.25935000,9,716.30000000,139.50703000,0
2025-10-29 04:00:00,0.1942,0.1953,0.1932,0.1944,76.80000000,1761724799999,14.93764000,4,66.60000000,12.96700000,0
2025-10-29 08:00:00,0.1937,0.1957,0.1937,0.1957,185.30000000,1761739199999,36.10450000,3,108.50000000,21.22834000,0
2025-10-29 12:00:00,0.1983,0.1986,0.1957,0.1957,780.30000000,1761753599999,154.73485000,6,722.90000000,143.50167000,0
2025-10-29 16:00:00,0.196,0.1998,0.193,0.1998,7971.00000000,1761767999999,1570.56751000,30,4978.40000000,980.25979000,0
2025-10-29 20:00:00,0.1996,0.2006,0.1957,0.1957,1428.20000000,1761782399999,281.16952000,11,270.10000000,54.03065000,0
2025-10-30 00:00:00,0.1965,0.1975,0.1965,0.1975,520.70000000,1761796799999,102.33455000,2,520.70000000,102.33455000,0
2025-10-30 04:00:00,0.193,0.1933,0.19,0.1933,1264.90000000,1761811199999,241.80709000,14,197.40000000,38.08420000,0
2025-10-30 08:00:00,0.1917,0.1938,0.1917,0.1919,2558.30000000,1761825599999,492.83664000,15,1133.80000000,219.14429000,0
2025-10-30 12:00:00,0.1926,0.1927,0.1842,0.1857,6543.90000000,1761839999999,1232.10366000,41,2651.80000000,504.91989000,0
2025-10-30 16:00:00,0.1842,0.1872,0.1799,0.1825,7413.50000000,1761854399999,1359.94607000,36,2737.90000000,508.22400000,0
2025-10-30 20:00:00,0.18,0.1836,0.18,0.1836,5007.00000000,1761868799999,908.81429000,16,3820.50000000,695.20349000,0
2025-10-31 00:00:00,0.1849,0.1866,0.1849,0.1855,1039.90000000,1761883199999,192.92965000,14,151.40000000,28.11290000,0
2025-10-31 04:00:00,0.1874,0.1877,0.1874,0.1877,95.80000000,1761897599999,17.97153000,3,95.80000000,17.97153000,0
2025-10-31 08:00:00,0.1865,0.1883,0.1865,0.1882,406.00000000,1761911999999,76.23827000,5,338.50000000,63.60481000,0
2025-10-31 12:00:00,0.1891,0.1901,0.1876,0.1876,1433.10000000,1761926399999,270.92596000,17,625.40000000,118.77011000,0
2025-10-31 16:00:00,0.1876,0.1899,0.1803,0.1852,1631.70000000,1761940799999,299.19129000,34,110.70000000,20.59572000,0
2025-10-31 20:00:00,0.1838,0.1853,0.1828,0.1853,451.90000000,1761955199999,82.89407000,5,108.50000000,20.10505000,0
2025-11-01 00:00:00,0.183,0.183,0.183,0.183,130.00000000,1761969599999,23.79000000,1,0.00000000,0.00000000,0
2025-11-01 04:00:00,0.1858,0.1862,0.1833,0.1851,876.90000000,1761983999999,162.86349000,6,837.80000000,155.63634000,0
2025-11-01 08:00:00,0.1878,0.19,0.1878,0.19,1591.50000000,1761998399999,301.04372000,5,1307.50000000,247.59492000,0
2025-11-01 12:00:00,0.1902,0.1903,0.1873,0.1903,3283.70000000,1762012799999,619.84472000,25,1297.30000000,246.87409000,0
2025-11-01 16:00:00,0.1903,0.1918,0.1903,0.1918,2461.30000000,1762027199999,469.93335000,7,2461.30000000,469.93335000,0
2025-11-01 20:00:00,0.1918,0.1921,0.1918,0.1921,1316.60000000,1762041599999,252.54366000,4,1316.60000000,252.54366000,0
2025-11-02 00:00:00,0.1901,0.1901,0.1891,0.1891,211.60000000,1762055999999,40.21656000,2,0.00000000,0.00000000,0
2025-11-02 04:00:00,0.1917,0.1955,0.1916,0.1944,12409.90000000,1762070399999,2411.22690000,17,11141.60000000,2164.28443000,0
2025-11-02 08:00:00,0.1939,0.1945,0.1926,0.194,9384.90000000,1762084799999,1819.29504000,43,0.00000000,0.00000000,0
2025-11-02 12:00:00,0.1917,0.1917,0.1887,0.1901,4337.60000000,1762099199999,824.73124000,21,1094.60000000,208.19644000,0
2025-11-02 16:00:00,0.1883,0.1903,0.1868,0.1903,6293.30000000,1762113599999,1193.15928000,15,5263.00000000,999.40580000,0
2025-11-02 20:00:00,0.1884,0.1924,0.1884,0.1924,6832.20000000,1762127999999,1301.39571000,15,4429.00000000,848.54728000,0
2025-11-03 00:00:00,0.1911,0.1911,0.1808,0.1808,8059.40000000,1762142399999,1513.75726000,48,0.00000000,0.00000000,0
2025-11-03 04:00:00,0.1802,0.1828,0.1797,0.1813,9076.20000000,1762156799999,1640.95556000,33,4049.10000000,734.96940000,0
2025-11-03 08:00:00,0.1809,0.1809,0.1799,0.1799,637.20000000,1762171199999,114.67478000,2,594.70000000,106.98653000,0
2025-11-03 12:00:00,0.1827,0.1829,0.1685,0.1733,7487.90000000,1762185599999,1313.00292000,48,876.90000000,157.90757000,0
2025-11-03 16:00:00,0.1698,0.174,0.1685,0.1728,9219.60000000,1762199999999,1577.74094000,31,2406.70000000,416.46750000,0
2025-11-03 20:00:00,0.1684,0.1684,0.1647,0.1681,10186.20000000,1762214399999,1700.12739000,33,3766.70000000,630.16951000,0
2025-11-04 00:00:00,0.1692,0.173,0.1692,0.1709,17315.30000000,1762228799999,2967.83457000,39,4457.50000000,764.33048000,0
2025-11-04 04:00:00,0.1727,0.1727,0.1638,0.164,19463.20000000,1762243199999,3250.79222000,44,8246.00000000,1382.75657000,0
2025-11-04 08:00:00,0.1639,0.1687,0.1638,0.1683,4707.10000000,1762257599999,784.15855000,11,2819.60000000,474.49969000,0
2025-11-04 12:00:00,0.1675,0.1708,0.1659,0.1676,5753.40000000,1762271999999,972.29991000,22,4296.70000000,728.49312000,0
2025-11-04 16:00:00,0.1678,0.1679,0.1579,0.1593,17778.40000000,1762286399999,2902.39026000,95,5078.10000000,828.87322000,0
2025-11-04 20:00:00,0.1579,0.1634,0.1531,0.1634,18113.00000000,1762300799999,2874.91049000,77,11364.80000000,1807.41221000,0
2025-11-05 00:00:00,0.1629,0.1649,0.1547,0.1649,8002.10000000,1762315199999,1286.38558000,41,5330.20000000,863.82653000,0
2025-11-05 04:00:00,0.1651,0.1657,0.165,0.1657,236.80000000,1762329599999,39.17167000,4,236.80000000,39.17167000,0
2025-11-05 08:00:00,0.1642,0.1642,0.1617,0.1629,3973.50000000,1762343999999,645.33933000,38,67.10000000,11.01520000,0
2025-11-05 12:00:00,0.1659,0.1683,0.1642,0.1682,4803.80000000,1762358399999,796.64100000,16,2833.70000000,472.76474000,0
2025-11-05 16:00:00,0.1673,0.1702,0.1672,0.1702,358.60000000,1762372799999,60.68319000,6,358.60000000,60.68319000,0
2025-11-05 20:00:00,0.1701,0.1701,0.1684,0.1684,3750.70000000,1762387199999,636.13084000,10,1382.30000000,235.04976000,0
2025-11-06 00:00:00,0.1676,0.1703,0.1659,0.1692,4188.50000000,1762401599999,703.38746000,29,3170.40000000,533.60345000,0
2025-11-06 04:00:00,0.1706,0.1711,0.1666,0.1666,3091.30000000,1762415999999,518.88115000,13,46.60000000,7.96451000,0
2025-11-06 08:00:00,0.166,0.166,0.165,0.1654,493.70000000,1762430399999,81.63702000,4,0.00000000,0.00000000,0
2025-11-06 12:00:00,0.167,0.1672,0.1615,0.1615,3026.30000000,1762444799999,498.45117000,36,1286.60000000,212.46871000,0
2025-11-06 16:00:00,0.1615,0.1646,0.16,0.1646,2586.30000000,1762459199999,418.94727000,14,527.80000000,86.85316000,0
2025-11-06 20:00:00,0.1663,0.1819,0.1624,0.1641,40640.90000000,1762473599999,6892.33212000,81,29092.40000000,4991.40498000,0
2025-11-07 00:00:00,0.1663,0.1688,0.1652,0.1679,8077.00000000,1762487999999,1348.62714000,14,3191.30000000,531.52243000,0
2025-11-07 04:00:00,0.1684,0.1713,0.1673,0.1713,945.40000000,1762502399999,160.83010000,9,824.40000000,140.58680000,0
2025-11-07 08:00:00,0.1729,0.1731,0.1664,0.1666,4235.90000000,1762516799999,720.03587000,33,1758.00000000,302.80843000,0
2025-11-07 12:00:00,0.1672,0.1713,0.1642,0.17,7095.40000000,1762531199999,1185.92499000,66,4461.20000000,749.95983000,0
2025-11-07 16:00:00,0.1736,0.1863,0.1736,0.1816,23468.60000000,1762545599999,4272.64099000,56,17772.40000000,3234.80951000,0
2025-11-07 20:00:00,0.181,0.1844,0.181,0.1844,5976.50000000,1762559999999,1083.88711000,15,558.30000000,102.42252000,0
2025-11-08 00:00:00,0.1826,0.1879,0.1808,0.1846,23088.10000000,1762574399999,4287.87858000,50,8472.00000000,1568.60524000,0
2025-11-08 04:00:00,0.1846,0.1874,0.1784,0.1784,5198.00000000,1762588799999,944.67654000,30,222.60000000,41.36691000,0
2025-11-08 08:00:00,0.1807,0.1844,0.1807,0.1844,8345.40000000,1762603199999,1525.30661000,18,7520.70000000,1374.64018000,0
2025-11-08 12:00:00,0.1811,0.1811,0.1761,0.1761,10823.70000000,1762617599999,1928.62718000,29,91.30000000,16.41076000,0
2025-11-08 16:00:00,0.1778,0.1784,0.1766,0.1766,549.50000000,1762631999999,97.54993000,5,549.50000000,97.54993000,0
2025-11-08 20:00:00,0.1784,0.1784,0.1774,0.1774,56.90000000,1762646399999,10.12376000,2,29.70000000,5.29848000,0
2025-11-09 00:00:00,0.1764,0.1765,0.1725,0.175,4115.80000000,1762660799999,716.14188000,20,257.80000000,45.28750000,0
2025-11-09 04:00:00,0.1758,0.176,0.1714,0.1748,4334.90000000,1762675199999,752.93775000,88,2744.90000000,478.87502000,0
2025-11-09 08:00:00,0.1759,0.1776,0.1731,0.1776,3663.60000000,1762689599999,641.81991000,21,2359.80000000,413.97332000,0
2025-11-09 12:00:00,0.176,0.1801,0.176,0.1797,10722.40000000,1762703999999,1915.01773000,28,7561.20000000,1353.38302000,0
2025-11-09 16:00:00,0.1802,0.1808,0.1765,0.1808,6111.00000000,1762718399999,1094.47111000,16,1351.10000000,244.14365000,0
2025-11-09 20:00:00,0.1819,0.1819,0.1792,0.1792,127.80000000,1762732799999,23.12273000,5,57.80000000,10.51163000,0
2025-11-10 00:00:00,0.182,0.1831,0.1816,0.183,12287.80000000,1762747199999,2242.47222000,12,11432.90000000,2086.81440000,0
2025-11-10 04:00:00,0.1826,0.1829,0.1796,0.1803,4195.00000000,1762761599999,756.27760000,13,2133.80000000,384.50204000,0
2025-11-10 08:00:00,0.1794,0.1841,0.1794,0.181,2586.70000000,1762775999999,472.11549000,9,2328.30000000,425.73837000,0
2025-11-10 12:00:00,0.1822,0.1841,0.1793,0.1794,9095.80000000,1762790399999,1649.80606000,21,1439.10000000,264.83123000,0
2025-11-10 16:00:00,0.1813,0.1813,0.177,0.1808,8655.30000000,1762804799999,1553.50469000,22,3788.90000000,684.87703000,0
2025-11-10 20:00:00,0.1788,0.185,0.1785,0.185,67588.00000000,1762819199999,12452.28732000,58,18946.50000000,3492.49770000,0
2025-11-11 00:00:00,0.1834,0.1855,0.1803,0.1832,16592.70000000,1762833599999,3038.18909000,38,6864.90000000,1265.12092000,0
2025-11-11 04:00:00,0.1853,0.1853,0.1776,0.1776,4732.90000000,1762847999999,849.00835000,19,1339.00000000,239.15060000,0
2025-11-11 08:00:00,0.1793,0.1794,0.1775,0.1794,1488.30000000,1762862399999,266.71446000,3,1343.40000000,240.99471000,0
2025-11-11 12:00:00,0.1802,0.1802,0.1761,0.1773,3645.00000000,1762876799999,643.77093000,18,977.60000000,173.32204000,0
2025-11-11 16:00:00,0.1767,0.177,0.1734,0.1744,2857.80000000,1762891199999,498.34432000,19,1427.40000000,248.28784000,0
2025-11-11 20:00:00,0.1733,0.1736,0.1712,0.1716,2572.80000000,1762905599999,442.92228000,18,1057.50000000,181.81142000,0
2025-11-12 00:00:00,0.1711,0.1743,0.1711,0.173,11863.50000000,1762919999999,2052.34967000,21,541.00000000,93.60400000,0
2025-11-12 04:00:00,0.1755,0.1755,0.1742,0.1749,78.30000000,1762934399999,13.68210000,3,78.30000000,13.68210000,0
2025-11-12 08:00:00,0.1747,0.1767,0.1747,0.1766,3714.40000000,1762948799999,652.68879000,11,2323.30000000,407.62141000,0
2025-11-12 12:00:00,0.1769,0.1784,0.1723,0.1723,13442.40000000,1762963199999,2367.90584000,35,7183.00000000,1270.20706000,0
2025-11-12 16:00:00,0.1722,0.1725,0.1676,0.1688,13405.50000000,1762977599999,2274.11202000,54,4209.90000000,713.99234000,0
2025-11-12 20:00:00,0.1697,0.1707,0.1697,0.1707,798.10000000,1762991999999,135.55557000,3,798.10000000,135.55557000,0
2025-11-13 00:00:00,0.1668,0.174,0.1668,0.1732,14335.60000000,1763006399999,2462.15744000,35,7633.10000000,1315.74229000,0
2025-11-13 04:00:00,0.1739,0.1761,0.1732,0.175,11907.90000000,1763020799999,2080.95475000,23,4812.90000000,839.88642000,0
2025-11-13 08:00:00,0.1754,0.1764,0.1737,0.1754,14322.20000000,1763035199999,2504.13044000,26,4860.50000000,851.41715000,0
2025-11-13 12:00:00,0.1742,0.1764,0.1729,0.1735,29880.20000000,1763049599999,5219.32752000,47,13824.50000000,2419.50177000,0
2025-11-13 16:00:00,0.1724,0.1728,0.1624,0.1624,29711.10000000,1763063999999,4907.55383000,70,14220.20000000,2341.91363000,0
2025-11-13 20:00:00,0.1624,0.1666,0.1613,0.1665,20625.90000000,1763078399999,3369.54753000,32,17360.90000000,2836.57319000,0
2025-11-14 00:00:00,0.166,0.1671,0.1642,0.1642,5713.50000000,1763092799999,943.60824000,17,2001.50000000,331.22601000,0
2025-11-14 04:00:00,0.1639,0.166,0.1586,0.166,15566.80000000,1763107199999,2523.37750000,48,10482.10000000,1704.05374000,0
2025-11-14 08:00:00,0.1636,0.1654,0.1601,0.1609,8753.90000000,1763121599999,1426.03770000,20,334.70000000,54.93953000,0
2025-11-14 12:00:00,0.1638,0.1638,0.1567,0.162,574994.60000000,1763135999999,92250.51542000,369,549311.90000000,88132.29173000,0
2025-11-14 16:00:00,0.1631,0.1631,0.1554,0.1564,16711.20000000,1763150399999,2643.65830000,56,4024.00000000,634.28480000,0
2025-11-14 20:00:00,0.1549,0.1549,0.148,0.1527,24747.20000000,1763164799999,3763.34354000,79,14539.30000000,2218.15741000,0
2025-11-15 00:00:00,0.1518,0.1568,0.1517,0.1568,11271.50000000,1763179199999,1735.30211000,35,9360.40000000,1443.63377000,0
2025-11-15 04:00:00,0.157,0.157,0.1552,0.1554,8633.50000000,1763193599999,1346.94037000,15,3188.20000000,498.82000000,0
2025-11-15 08:00:00,0.1548,0.1553,0.1528,0.1553,7302.40000000,1763207999999,1123.38155000,16,1883.10000000,289.97654000,0
2025-11-15 12:00:00,0.1554,0.1572,0.1545,0.1572,13484.30000000,1763222399999,2100.34517000,18,9861.60000000,1535.02189000,0
2025-11-15 16:00:00,0.1553,0.1579,0.1553,0.1571,9625.70000000,1763236799999,1508.84272000,18,7172.70000000,1127.74264000,0
2025-11-15 20:00:00,0.1571,0.1571,0.1552,0.1559,1889.70000000,1763251199999,296.07218000,9,320.00000000,49.96276000,0
2025-11-16 00:00:00,0.1553,0.1575,0.1534,0.1566,2728.20000000,1763265599999,424.66352000,21,1027.70000000,160.79181000,0
2025-11-16 04:00:00,0.157,0.1571,0.1558,0.1565,654.70000000,1763279999999,102.35836000,10,362.10000000,56.70562000,0
2025-11-16 08:00:00,0.157,0.1571,0.154,0.154,1137.90000000,1763294399999,177.61009000,11,104.80000000,16.46408000,0
2025-11-16 12:00:00,0.1544,0.1544,0.1503,0.1503,3417.60000000,1763308799999,521.04427000,19,1221.60000000,187.27668000,0
2025-11-16 16:00:00,0.15,0.1517,0.148,0.15,10176.40000000,1763323199999,1521.79334000,38,3671.90000000,548.37406000,0
2025-11-16 20:00:00,0.1501,0.1504,0.1473,0.1504,20903.10000000,1763337599999,3100.28266000,22,19992.50000000,2965.61607000,0
2025-11-17 00:00:00,0.1473,0.1627,0.1473,0.1522,12835.40000000,1763351999999,1933.85064000,40,9434.60000000,1422.32476000,0
2025-11-17 04:00:00,0.1518,0.1518,0.1498,0.1511,1224.10000000,1763366399999,184.45773000,13,345.10000000,52.11252000,0
2025-11-17 08:00:00,0.1523,0.1524,0.1512,0.1523,3333.20000000,1763380799999,506.99070000,4,2724.40000000,414.94014000,0
2025-11-17 12:00:00,0.1508,0.1538,0.1484,0.1516,10557.00000000,1763395199999,1585.28243000,39,3218.90000000,481.84042000,0
2025-11-17 16:00:00,0.1483,0.1502,0.1428,0.1432,20326.70000000,1763409599999,2977.24914000,56,7624.20000000,1129.09028000,0
2025-11-17 20:00:00,0.1424,0.1438,0.1409,0.1429,7491.80000000,1763423999999,1068.38136000,22,4810.00000000,687.88670000,0
2025-11-18 00:00:00,0.1451,0.1477,0.1419,0.1477,4743.30000000,1763438399999,691.51863000,14,3887.50000000,569.93444000,0
2025-11-18 04:00:00,0.1473,0.149,0.1434,0.1434,4394.50000000,1763452799999,643.43404000,15,1281.20000000,189.57825000,0
2025-11-18 08:00:00,0.1449,0.1449,0.1449,0.1449,172.10000000,1763467199999,24.93729000,1,0.00000000,0.00000000,0
2025-11-18 12:00:00,0.1472,0.1472,0.1453,0.1453,233.00000000,1763481599999,34.05783000,3,233.00000000,34.05783000,0
2025-11-18 16:00:00,0.1493,0.153,0.1493,0.1509,7711.80000000,1763495999999,1165.07165000,29,3487.60000000,528.79837000,0
2025-11-18 20:00:00,0.1517,0.1517,0.1489,0.1498,2348.00000000,1763510399999,351.12795000,8,19.70000000,2.98849000,0
2025-11-19 00:00:00,0.1492,0.1507,0.1475,0.1494,8209.30000000,1763524799999,1218.96357000,18,2732.50000000,407.96656000,0
2025-11-19 04:00:00,0.1484,0.1496,0.1441,0.1477,8632.90000000,1763539199999,1256.42799000,23,1704.60000000,248.58472000,0
2025-11-19 08:00:00,0.1478,0.1483,0.146,0.146,706.20000000,1763553599999,104.03452000,6,164.40000000,24.33202000,0
2025-11-19 12:00:00,0.1456,0.1483,0.1428,0.1438,2528.30000000,1763567999999,366.33998000,14,266.60000000,39.30418000,0
2025-11-19 16:00:00,0.1447,0.1447,0.14,0.141,5879.10000000,1763582399999,829.14497000,23,1791.70000000,254.40081000,0
2025-11-19 20:00:00,0.1417,0.1456,0.1392,0.1456,3392.20000000,1763596799999,484.01249000,11,3261.80000000,465.86081000,0
2025-11-20 00:00:00,0.1459,0.1465,0.145,0.1465,985.10000000,1763611199999,143.77793000,9,782.80000000,114.42443000,0
2025-11-20 04:00:00,0.1472,0.1486,0.147,0.1486,2945.70000000,1763625599999,436.12840000,10,2117.30000000,314.32120000,0
2025-11-20 08:00:00,0.148,0.1483,0.148,0.1483,810.40000000,1763639999999,120.16414000,2,0.00000000,0.00000000,0
2025-11-20 12:00:00,0.1497,0.1517,0.1455,0.1517,11900.90000000,1763654399999,1770.99101000,17,7114.30000000,1073.18401000,0
2025-11-20 16:00:00,0.1448,0.147,0.1401,0.1416,23807.40000000,1763668799999,3389.75333000,38,12326.50000000,1736.79919000,0
2025-11-20 20:00:00,0.1419,0.1453,0.1416,0.1453,2183.00000000,1763683199999,314.84963000,12,2112.40000000,304.78913000,0
2025-11-21 00:00:00,0.1403,0.1454,0.1382,0.1402,2751.60000000,1763697599999,388.03279000,20,459.80000000,66.33324000,0
2025-11-21 04:00:00,0.1406,0.1417,0.1261,0.1345,4781.50000000,1763711999999,644.81396000,32,1533.10000000,209.89960000,0
2025-11-21 08:00:00,0.1331,0.1331,0.1237,0.1237,8903.40000000,1763726399999,1150.20993000,30,1561.00000000,203.83960000,0
2025-11-21 12:00:00,0.1289,0.1355,0.1289,0.1319,14144.00000000,1763740799999,1861.17484000,31,8942.80000000,1172.65076000,0
2025-11-21 16:00:00,0.1326,0.1359,0.1315,0.1356,8289.90000000,1763755199999,1107.26218000,21,6998.80000000,934.92319000,0
2025-11-21 20:00:00,0.1342,0.1355,0.1295,0.1328,17281.20000000,1763769599999,2286.23023000,35,9798.20000000,1301.20974000,0
2025-11-22 00:00:00,0.1328,0.1338,0.1291,0.1322,5259.70000000,1763783999999,698.01781000,12,5040.70000000,669.12267000,0
2025-11-22 04:00:00,0.1318,0.134,0.1314,0.1314,4709.80000000,1763798399999,620.40183000,14,436.50000000,57.85662000,0
2025-11-22 08:00:00,0.1303,0.1322,0.1285,0.1322,4704.10000000,1763812799999,613.58806000,20,439.30000000,57.90102000,0
2025-11-22 12:00:00,0.1327,0.1327,0.1326,0.1326,2618.60000000,1763827199999,347.36138000,2,2618.60000000,347.36138000,0
2025-11-22 16:00:00,0.1327,0.1327,0.132,0.132,2839.90000000,1763841599999,375.90026000,3,1341.40000000,178.00378000,0
2025-11-22 20:00:00,0.1308,0.1346,0.1301,0.1346,4070.10000000,1763855999999,541.68876000,9,3018.60000000,404.75306000,0
2025-11-23 00:00:00,0.134,0.1362,0.1329,0.1362,5299.50000000,1763870399999,715.34602000,15,4800.80000000,647.95000000,0
2025-11-23 04:00:00,0.1362,0.1368,0.1339,0.1347,2701.30000000,1763884799999,365.08516000,11,744.80000000,101.69589000,0
2025-11-23 08:00:00,0.1339,0.1339,0.1338,0.1338,884.80000000,1763899199999,118.43652000,3,0.00000000,0.00000000,0
2025-11-23 12:00:00,0.1358,0.1363,0.1324,0.135,526.40000000,1763913599999,70.94791000,9,52.60000000,7.14238000,0
2025-11-23 16:00:00,0.1367,0.1367,0.1361,0.1361,377.30000000,1763927999999,51.47419000,2,377.30000000,51.47419000,0
2025-11-23 20:00:00,0.1341,0.1362,0.134,0.1357,2093.50000000,1763942399999,281.32917000,8,1947.70000000,261.75117000,0
2025-11-24 00:00:00,0.1332,0.1332,0.1323,0.1323,9729.50000000,1763956799999,1291.28946000,26,0.00000000,0.00000000,0
2025-11-24 04:00:00,0.1361,0.1365,0.135,0.1365,2321.90000000,1763971199999,313.59729000,6,99.70000000,13.60029000,0
2025-11-24 08:00:00,0.1326,0.1363,0.1326,0.1363,167.20000000,1763985599999,22.45972000,4,112.20000000,15.16672000,0
2025-11-24 12:00:00,0.1316,0.1321,0.1316,0.1321,612.70000000,1763999999999,80.87657000,4,0.00000000,0.00000000,0
2025-11-24 16:00:00,0.1361,0.1384,0.1348,0.1384,27735.00000000,1764014399999,3756.89672000,13,3377.10000000,461.61733000,0
2025-11-24 20:00:00,0.1393,0.1408,0.1369,0.1369,2328.90000000,1764028799999,321.05737000,14,128.90000000,17.91256000,0
2025-11-25 00:00:00,0.1377,0.1377,0.1351,0.1351,610.50000000,1764043199999,83.43465000,9,0.00000000,0.00000000,0
2025-11-25 04:00:00,0.1373,0.1376,0.1352,0.1365,2015.40000000,1764057599999,272.79019000,7,165.40000000,22.65642000,0
2025-11-25 08:00:00,0.1348,0.1379,0.1337,0.1379,1188.10000000,1764071999999,159.75044000,8,72.40000000,9.98396000,0
2025-11-25 12:00:00,0.1336,0.1336,0.1331,0.1331,500.00000000,1764086399999,66.66187000,4,0.00000000,0.00000000,0
2025-11-25 16:00:00,0.1342,0.1342,0.1342,0.1342,111.50000000,1764100799999,14.96330000,2,37.00000000,4.96540000,0
2025-11-25 20:00:00,0.1346,0.1352,0.1333,0.1336,1637.30000000,1764115199999,220.33351000,6,1566.10000000,210.83457000,0
2025-11-26 00:00:00,0.1372,0.1374,0.1352,0.1356,15306.40000000,1764129599999,2075.92998000,5,218.90000000,30.06958000,0
2025-11-26 04:00:00,0.1344,0.1345,0.1342,0.1345,24840.90000000,1764143999999,3335.50094000,7,59.20000000,7.96240000,0
2025-11-26 08:00:00,0.137,0.1399,0.1329,0.1341,1043.20000000,1764158399999,140.23895000,8,493.20000000,66.91883000,0
2025-11-26 12:00:00,0.1376,0.1377,0.1324,0.1344,2084.70000000,1764172799999,285.60087000,8,2071.50000000,283.85319000,0
2025-11-26 16:00:00,0.1417,0.1417,0.1364,0.137,318.30000000,1764187199999,44.35707000,17,229.90000000,32.25635000,0
2025-11-26 20:00:00,0.1376,0.1411,0.1355,0.138,14118.00000000,1764201599999,1948.45708000,8,132.80000000,18.51408000,0
2025-11-27 00:00:00,0.1374,0.1383,0.1371,0.1371,240.30000000,1764215999999,33.15971000,7,164.50000000,22.74110000,0
2025-11-27 04:00:00,0.1377,0.1379,0.1366,0.1376,22987.10000000,1764230399999,3166.93424000,15,22594.10000000,3113.22314000,0
2025-11-27 08:00:00,0.137,0.138,0.1367,0.138,1498.20000000,1764244799999,206.47182000,4,1401.10000000,193.19825000,0
2025-11-27 12:00:00,0.1371,0.138,0.1359,0.1379,3536.80000000,1764259199999,484.30903000,18,3231.80000000,442.77487000,0
2025-11-27 16:00:00,0.1388,0.1396,0.1382,0.139,1860.70000000,1764273599999,258.98981000,10,1340.50000000,186.76557000,0
2025-11-27 20:00:00,0.1393,0.1393,0.1379,0.1379,1340.50000000,1764287999999,186.17751000,6,44.90000000,6.20327000,0
2025-11-28 00:00:00,0.1381,0.1381,0.1363,0.1368,1886.20000000,1764302399999,258.62893000,12,261.60000000,36.04830000,0
2025-11-28 04:00:00,0.1371,0.1376,0.1361,0.1367,882.10000000,1764316799999,120.44013000,10,175.90000000,24.11541000,0
2025-11-28 08:00:00,0.1363,0.1388,0.1363,0.1371,4003.50000000,1764331199999,550.68557000,16,3492.40000000,480.06170000,0
2025-11-28 12:00:00,0.1368,0.138,0.1363,0.1375,713.30000000,1764345599999,97.87167000,13,253.50000000,34.68735000,0
2025-11-28 16:00:00,0.1387,0.1387,0.1316,0.1349,22017.20000000,1764359999999,2960.24232000,48,4997.00000000,672.78912000,0
2025-11-28 20:00:00,0.1339,0.1339,0.1339,0.1339,2354.80000000,1764374399999,315.30772000,3,0.00000000,0.00000000,0
2025-11-29 00:00:00,0.1353,0.1368,0.1339,0.1357,3144.10000000,1764388799999,425.63258000,13,3024.20000000,409.45798000,0
2025-11-29 04:00:00,0.1359,0.1365,0.1348,0.1348,5339.70000000,1764403199999,720.96562000,7,1521.40000000,205.46355000,0
2025-11-29 08:00:00,0.1338,0.1348,0.1338,0.1348,223.40000000,1764417599999,29.96502000,3,74.10000000,9.98868000,0
2025-11-29 12:00:00,0.1346,0.1445,0.1346,0.135,22556.00000000,1764431999999,3085.75413000,51,17970.70000000,2458.75365000,0
2025-11-29 16:00:00,0.1361,0.1391,0.134,0.1353,2185.80000000,1764446399999,294.69434000,16,720.10000000,98.15565000,0
2025-11-29 20:00:00,0.1338,0.1348,0.1308,0.1348,1360.70000000,1764460799999,181.46050000,9,1160.40000000,155.09506000,0
2025-11-30 00:00:00,0.1335,0.1345,0.1333,0.1333,2931.20000000,1764475199999,391.61358000,9,269.70000000,35.99553000,0
2025-11-30 04:00:00,0.1344,0.1344,0.134,0.134,59.30000000,1764489599999,7.95508000,2,59.30000000,7.95508000,0
2025-11-30 08:00:00,0.1331,0.1345,0.133,0.1345,2033.90000000,1764503999999,271.58477000,5,1931.90000000,258.01115000,0
2025-11-30 12:00:00,0.1348,0.1348,0.1348,0.1348,74.20000000,1764518399999,10.00216000,1,74.20000000,10.00216000,0
2025-11-30 16:00:00,0.1341,0.1344,0.1308,0.1344,2599.10000000,1764532799999,348.71107000,7,2525.40000000,339.04842000,0
2025-11-30 20:00:00,0.1348,0.1349,0.1333,0.1333,1675.10000000,1764547199999,225.75502000,8,1626.10000000,219.19803000,0
2025-12-01 00:00:00,0.1326,0.1326,0.1237,0.1238,9978.50000000,1764561599999,1256.29591000,24,431.80000000,55.03944000,0
2025-12-01 04:00:00,0.1247,0.1247,0.1211,0.1243,7314.60000000,1764575999999,904.44000000,11,64.00000000,7.96075000,0
2025-12-01 08:00:00,0.1245,0.1245,0.1242,0.1242,439.90000000,1764590399999,54.74340000,2,0.00000000,0.00000000,0
2025-12-01 12:00:00,0.1235,0.1246,0.1171,0.1223,3416.60000000,1764604799999,411.74792000,12,455.00000000,56.54892000,0
2025-12-01 16:00:00,0.1239,0.1239,0.1171,0.1171,4381.30000000,1764619199999,514.38569000,11,1130.50000000,133.40978000,0
2025-12-01 20:00:00,0.119,0.125,0.1173,0.125,3088.70000000,1764633599999,368.00923000,10,1937.30000000,230.84159000,0
2025-12-02 00:00:00,0.1181,0.128,0.1173,0.1179,2582.30000000,1764647999999,309.55317000,11,712.90000000,89.55917000,0
2025-12-02 04:00:00,0.1167,0.1205,0.1167,0.1195,827.20000000,1764662399999,97.39215000,7,66.50000000,7.96321000,0
2025-12-02 08:00:00,0.1175,0.1175,0.1175,0.1175,95.30000000,1764676799999,11.19775000,1,0.00000000,0.00000000,0
2025-12-02 12:00:00,0.1236,0.1314,0.1223,0.1314,2338.50000000,1764691199999,288.63363000,11,2210.10000000,272.54511000,0
2025-12-02 16:00:00,0.1324,0.1364,0.127,0.1315,3570.40000000,1764705599999,469.69063000,4,3482.80000000,458.13667000,0
2025-12-02 20:00:00,0.1298,0.1343,0.1284,0.1294,705.00000000,1764719999999,92.38963000,8,523.50000000,69.06457000,0
2025-12-03 00:00:00,0.1287,0.1305,0.1287,0.1305,390.20000000,1764734399999,50.56110000,3,190.20000000,24.82110000,0
2025-12-03 04:00:00,0.129,0.1326,0.129,0.1299,975.80000000,1764748799999,126.64203000,5,576.30000000,74.74698000,0
2025-12-03 08:00:00,0.1294,0.1294,0.1293,0.1293,600.30000000,1764763199999,77.62896000,2,0.00000000,0.00000000,0
2025-12-03 12:00:00,0.1302,0.1302,0.1265,0.1292,1959.90000000,1764777599999,249.61535000,6,1728.80000000,220.02859000,0
2025-12-03 16:00:00,0.1276,0.1287,0.1219,0.128,1358.30000000,1764791999999,171.01806000,12,203.50000000,25.93861000,0
2025-12-03 20:00:00,0.1261,0.1331,0.1261,0.1273,1599.70000000,1764806399999,206.17244000,6,154.80000000,20.31052000,0
2025-12-04 00:00:00,0.1305,0.1305,0.1271,0.1271,234.00000000,1764820799999,30.18843000,7,115.50000000,14.95650000,0
2025-12-04 04:00:00,0.1285,0.133,0.1278,0.133,323.60000000,1764835199999,41.89942000,6,323.60000000,41.89942000,0
2025-12-04 08:00:00,0.1284,0.1347,0.127,0.1347,176.60000000,1764849599999,22.83714000,5,99.40000000,13.03211000,0
2025-12-04 12:00:00,0.1258,0.1258,0.1233,0.124,681.90000000,1764863999999,84.66341000,5,205.50000000,25.42035000,0
2025-12-04 16:00:00,0.1271,0.1317,0.1242,0.1242,15572.40000000,1764878399999,1967.07028000,10,7828.10000000,993.62557000,0
2025-12-04 20:00:00,0.1266,0.1266,0.1266,0.1266,315.00000000,1764892799999,39.87900000,2,315.00000000,39.87900000,0
2025-12-05 00:00:00,0.1262,0.1262,0.1262,0.1262,118.30000000,1764907199999,14.92946000,1,118.30000000,14.92946000,0
2025-12-05 04:00:00,0.1239,0.1253,0.1239,0.1253,296.20000000,1764921599999,36.97436000,3,296.20000000,36.97436000,0
2025-12-05 08:00:00,0.1254,0.1254,0.1254,0.1254,23.80000000,1764935999999,2.98452000,1,23.80000000,2.98452000,0
2025-12-05 12:00:00,0.1323,0.1323,0.1215,0.122,14568.00000000,1764950399999,1772.05504000,4,14210.80000000,1728.64584000,0
2025-12-05 16:00:00,0.1214,0.1306,0.1161,0.121,2558.30000000,1764964799999,308.53239000,11,276.60000000,34.13606000,0
2025-12-05 20:00:00,0.117,0.1202,0.1162,0.1202,4326.20000000,1764979199999,517.74766000,8,3828.50000000,459.41152000,0
2025-12-06 00:00:00,0.1185,0.1207,0.1185,0.1207,5566.70000000,1764993599999,668.57743000,11,5545.70000000,666.08893000,0
2025-12-06 04:00:00,0.1223,0.1223,0.1181,0.1181,96.60000000,1765007999999,11.65976000,4,57.10000000,6.98333000,0
2025-12-06 08:00:00,0.1169,0.1223,0.1169,0.1207,684.80000000,1765022399999,82.85526000,4,155.10000000,18.96873000,0
2025-12-06 12:00:00,0.121,0.121,0.121,0.121,20357.20000000,1765036799999,2463.22120000,1,20357.20000000,2463.22120000,0
2025-12-06 16:00:00,0.1226,0.124,0.1226,0.124,703.70000000,1765051199999,86.85882000,3,703.70000000,86.85882000,0
2025-12-06 20:00:00,0.1223,0.1235,0.1223,0.123,7103.90000000,1765065599999,872.51438000,10,74.20000000,9.16370000,0
2025-12-07 00:00:00,0.1249,0.1249,0.1241,0.1241,428.80000000,1765079999999,53.30724000,6,428.80000000,53.30724000,0
2025-12-07 04:00:00,0.1233,0.1236,0.1231,0.1231,4410.40000000,1765094399999,543.10848000,6,249.80000000,30.86316000,0
2025-12-07 08:00:00,0.1226,0.1239,0.1211,0.1239,2177.80000000,1765108799999,265.17982000,5,80.30000000,9.94917000,0
2025-12-07 12:00:00,0.1213,0.1213,0.1188,0.12,6582.30000000,1765123199999,791.49142000,14,1564.70000000,188.66432000,0
2025-12-07 16:00:00,0.1216,0.1241,0.1211,0.1241,7297.70000000,1765137599999,900.29495000,15,7091.70000000,875.10655000,0
2025-12-07 20:00:00,0.1248,0.1248,0.1198,0.12,1832.30000000,1765151999999,220.45680000,9,76.40000000,9.43304000,0
2025-12-08 00:00:00,0.1197,0.1231,0.1197,0.1212,5135.20000000,1765166399999,624.69676000,14,4456.80000000,542.17984000,0
2025-12-08 04:00:00,0.1213,0.1245,0.1213,0.1245,2704.50000000,1765180799999,335.24821000,9,2626.10000000,325.72105000,0
2025-12-08 08:00:00,0.1251,0.1254,0.1233,0.1249,961.40000000,1765195199999,119.37800000,4,467.30000000,58.45547000,0
2025-12-08 12:00:00,0.1225,0.1252,0.1225,0.1228,769.20000000,1765209599999,95.71244000,5,608.70000000,76.01352000,0
2025-12-08 16:00:00,0.1244,0.125,0.1234,0.1236,4127.40000000,1765223999999,510.91435000,14,431.90000000,53.96830000,0
2025-12-08 20:00:00,0.1233,0.1248,0.1233,0.1248,143.60000000,1765238399999,17.88603000,3,120.10000000,14.98848000,0
2025-12-09 00:00:00,0.1229,0.1229,0.1229,0.1229,112.20000000,1765252799999,13.78938000,1,0.00000000,0.00000000,0
2025-12-09 04:00:00,0.1222,0.1232,0.122,0.1232,382.90000000,1765267199999,46.75404000,4,8.30000000,1.02256000,0
2025-12-09 08:00:00,0.122,0.122,0.122,0.122,39.90000000,1765281599999,4.86780000,1,0.00000000,0.00000000,0
2025-12-09 12:00:00,0.1232,0.1267,0.1232,0.1267,11978.90000000,1765295999999,1501.00851000,24,11779.10000000,1476.21333000,0
2025-12-09 16:00:00,0.1291,0.1303,0.1279,0.1279,1246.70000000,1765310399999,161.04533000,11,1157.90000000,149.61821000,0
2025-12-09 20:00:00,0.1268,0.1278,0.1255,0.1255,24163.20000000,1765324799999,3040.10836000,19,14505.10000000,1821.10869000,0
2025-12-10 00:00:00,0.1297,0.1299,0.1297,0.1299,370.30000000,1765339199999,48.06691000,2,370.30000000,48.06691000,0
2025-12-10 04:00:00,0.1287,0.1287,0.1287,0.1287,776.10000000,1765353599999,99.88407000,1,776.10000000,99.88407000,0
2025-12-10 08:00:00,0.1241,0.1273,0.1236,0.1263,3640.10000000,1765367999999,451.68823000,9,117.80000000,14.95644000,0
2025-12-10 12:00:00,0.1257,0.1257,0.1234,0.1234,356.40000000,1765382399999,44.20930000,3,95.40000000,11.99178000,0
2025-12-10 16:00:00,0.1265,0.1267,0.1245,0.1267,1791.60000000,1765396799999,226.49912000,6,1754.70000000,221.90507000,0
2025-12-10 20:00:00,0.1262,0.1262,0.1242,0.1242,1873.70000000,1765411199999,235.24016000,9,0.00000000,0.00000000,0
2025-12-11 00:00:00,0.1258,0.1258,0.1183,0.1202,12532.00000000,1765425599999,1506.44124000,25,10983.10000000,1318.35121000,0
2025-12-11 04:00:00,0.1216,0.1216,0.1216,0.1216,410.20000000,1765439999999,49.88032000,1,410.20000000,49.88032000,0
2025-12-11 08:00:00,0.1202,0.1231,0.1198,0.1231,329.00000000,1765454399999,39.99516000,3,161.60000000,19.89296000,0
2025-12-11 12:00:00,0.1221,0.1515,0.1191,0.1191,21128.80000000,1765468799999,2705.26101000,43,15560.70000000,2037.10671000,0
2025-12-11 16:00:00,0.1186,0.1186,0.1181,0.1181,211.40000000,1765483199999,24.97884000,2,0.00000000,0.00000000,0
2025-12-11 20:00:00,0.1181,0.1181,0.1181,0.1181,0.00000000,1765497599999,0.00000000,0,0.00000000,0.00000000,0
2025-12-12 00:00:00,0.1205,0.1235,0.1205,0.1235,1141.50000000,1765511999999,140.15046000,5,1034.70000000,127.28106000,0
2025-12-12 04:00:00,0.12,0.12,0.1198,0.1198,82.40000000,1765526399999,9.87992000,2,0.00000000,0.00000000,0
2025-12-12 08:00:00,0.1204,0.1204,0.1204,0.1204,361.30000000,1765540799999,43.50052000,2,0.00000000,0.00000000,0
2025-12-12 12:00:00,0.1225,0.1232,0.1172,0.1172,4030.50000000,1765555199999,479.48988000,10,414.50000000,50.82924000,0
2025-12-12 16:00:00,0.1178,0.12,0.116,0.1168,2313.20000000,1765569599999,269.79114000,13,80.60000000,9.55554000,0
2025-12-12 20:00:00,0.1186,0.1194,0.1158,0.1194,9863.00000000,1765583999999,1158.08511000,12,2820.00000000,335.95862000,0
2025-12-13 00:00:00,0.1194,0.1194,0.1194,0.1194,0.00000000,1765598399999,0.00000000,0,0.00000000,0.00000000,0
2025-12-13 04:00:00,0.1194,0.1194,0.1194,0.1194,0.00000000,1765612799999,0.00000000,0,0.00000000,0.00000000,0
2025-12-13 08:00:00,0.1215,0.1217,0.121,0.121,3627.20000000,1765627199999,441.08848000,6,3627.20000000,441.08848000,0
2025-12-13 12:00:00,0.1211,0.1211,0.119,0.119,238.90000000,1765641599999,28.86128000,2,205.80000000,24.92238000,0
2025-12-13 16:00:00,0.1183,0.1211,0.1183,0.1209,1800.80000000,1765655999999,216.05284000,3,1154.50000000,139.59555000,0
2025-12-13 20:00:00,0.1208,0.121,0.1185,0.1185,1653.10000000,1765670399999,199.67996000,3,1625.50000000,196.40936000,0
2025-12-14 00:00:00,0.12,0.12,0.12,0.12,572.00000000,1765684799999,68.64000000,1,572.00000000,68.64000000,0
2025-12-14 04:00:00,0.1176,0.1195,0.1173,0.1195,8787.10000000,1765699199999,1037.86138000,42,947.70000000,112.02824000,0
2025-12-14 08:00:00,0.1195,0.1195,0.1195,0.1195,0.00000000,1765713599999,0.00000000,0,0.00000000,0.00000000,0
2025-12-14 12:00:00,0.1181,0.1181,0.1181,0.1181,800.00000000,1765727999999,94.48000000,1,800.00000000,94.48000000,0
2025-12-14 16:00:00,0.1173,0.1174,0.1173,0.1174,231.40000000,1765742399999,27.15170000,2,84.80000000,9.95552000,0
2025-12-14 20:00:00,0.1174,0.1178,0.1173,0.1178,3105.60000000,1765756799999,364.69334000,6,3105.60000000,364.69334000,0
2025-12-15 00:00:00,0.1186,0.12,0.1186,0.12,4969.90000000,1765771199999,590.38603000,7,4969.90000000,590.38603000,0
2025-12-15 04:00:00,0.1212,0.1212,0.1212,0.1212,103.30000000,1765785599999,12.51996000,1,103.30000000,12.51996000,0
2025-12-15 08:00:00,0.1212,0.1212,0.1212,0.1212,0.00000000,1765799999999,0.00000000,0,0.00000000,0.00000000,0
2025-12-15 12:00:00,0.1186,0.1186,0.1146,0.1147,8630.20000000,1765814399999,1007.15926000,25,323.00000000,37.24889000,0
2025-12-15 16:00:00,0.1142,0.1144,0.111,0.1116,15009.10000000,1765828799999,1680.66697000,23,9163.80000000,1023.01668000,0
2025-12-15 20:00:00,0.1111,0.1129,0.1111,0.1129,963.80000000,1765843199999,108.28218000,7,963.80000000,108.28218000,0
2025-12-16 00:00:00,0.1139,0.1139,0.1118,0.1118,4551.10000000,1765857599999,508.92935000,6,4551.10000000,508.92935000,0
2025-12-16 04:00:00,0.1111,0.1123,0.11,0.1111,3714.30000000,1765871999999,410.86089000,15,1357.70000000,151.29682000,0
2025-12-16 08:00:00,0.1126,0.1127,0.1119,0.1127,431.50000000,1765886399999,48.57102000,3,264.70000000,29.80522000,0
2025-12-16 12:00:00,0.1141,0.1143,0.1117,0.1117,9046.40000000,1765900799999,1023.03175000,19,4404.70000000,502.21420000,0
2025-12-16 16:00:00,0.1141,0.1141,0.1116,0.1134,2484.70000000,1765915199999,280.39749000,9,1565.40000000,177.03893000,0
2025-12-16 20:00:00,0.1134,0.1142,0.1132,0.1137,8600.20000000,1765929599999,978.45692000,7,8148.00000000,927.26788000,0
2025-12-17 00:00:00,0.1126,0.1143,0.1103,0.1128,7807.70000000,1765943999999,877.79391000,10,4072.90000000,459.22133000,0
2025-12-17 04:00:00,0.1124,0.1124,0.1118,0.1119,52371.60000000,1765958399999,5859.82858000,12,52371.60000000,5859.82858000,0
2025-12-17 08:00:00,0.1119,0.1119,0.1104,0.1114,6482.00000000,1765972799999,724.71597000,9,6090.70000000,681.34378000,0
2025-12-17 12:00:00,0.1108,0.115,0.1102,0.1107,18625.00000000,1765987199999,2075.18254000,25,4641.70000000,524.64155000,0
2025-12-17 16:00:00,0.1102,0.1102,0.1065,0.1095,2993.90000000,1766001599999,327.95818000,14,831.80000000,90.73933000,0
2025-12-17 20:00:00,0.1086,0.109,0.1064,0.1064,908.20000000,1766015999999,97.19477000,4,118.60000000,12.92740000,0
2025-12-18 00:00:00,0.1086,0.1091,0.1064,0.1083,4185.40000000,1766030399999,452.15766000,8,3104.60000000,337.15872000,0
2025-12-18 04:00:00,0.1062,0.1086,0.1057,0.1065,6211.30000000,1766044799999,658.82816000,10,4626.90000000,490.68162000,0
2025-12-18 08:00:00,0.1067,0.1083,0.1062,0.1073,4705.20000000,1766059199999,503.76706000,4,1429.40000000,152.56082000,0
2025-12-18 12:00:00,0.1082,0.1121,0.1082,0.1119,7843.40000000,1766073599999,856.52279000,13,6865.10000000,748.32281000,0
2025-12-18 16:00:00,0.1088,0.1088,0.1026,0.1026,14511.50000000,1766087999999,1533.32540000,24,1462.40000000,155.74560000,0
2025-12-18 20:00:00,0.1056,0.1057,0.1046,0.1046,2159.30000000,1766102399999,226.34088000,4,2159.30000000,226.34088000,0
2025-12-19 00:00:00,0.1026,0.1063,0.102,0.106,10146.70000000,1766116799999,1061.19381000,12,7059.40000000,745.35963000,0
2025-12-19 04:00:00,0.1064,0.1068,0.1048,0.1068,16337.30000000,1766131199999,1720.44978000,8,4957.50000000,527.57398000,0
2025-12-19 08:00:00,0.106,0.106,0.1055,0.1055,2255.90000000,1766145599999,238.99315000,3,0.00000000,0.00000000,0
2025-12-19 12:00:00,0.1075,0.1096,0.1053,0.1088,9253.80000000,1766159999999,1005.57854000,22,5344.70000000,582.33489000,0
2025-12-19 16:00:00,0.1095,0.1097,0.1076,0.1076,6499.40000000,1766174399999,707.94934000,11,5007.30000000,547.30038000,0
2025-12-19 20:00:00,0.11,0.1103,0.1089,0.1089,14363.10000000,1766188799999,1580.32971000,16,14300.70000000,1573.53435000,0
2025-12-20 00:00:00,0.1098,0.1102,0.1071,0.1102,19310.50000000,1766203199999,2113.48066000,12,13875.80000000,1528.76575000,0
2025-12-20 04:00:00,0.1094,0.111,0.109,0.111,10625.40000000,1766217599999,1167.61927000,31,9863.00000000,1084.22072000,0
2025-12-20 08:00:00,0.1121,0.1121,0.1115,0.1115,223.30000000,1766231999999,24.95135000,2,89.00000000,9.97690000,0
2025-12-20 12:00:00,0.1105,0.1105,0.1105,0.1105,62.80000000,1766246399999,6.93940000,1,0.00000000,0.00000000,0
2025-12-20 16:00:00,0.1124,0.1124,0.1073,0.1109,440.60000000,1766260799999,49.00651000,4,360.00000000,40.31550000,0
2025-12-20 20:00:00,0.1103,0.1106,0.1103,0.1106,1849.00000000,1766275199999,204.38572000,3,16.00000000,1.76480000,0
2025-12-21 00:00:00,0.1118,0.1118,0.1099,0.1099,909.10000000,1766289599999,100.93185000,5,909.10000000,100.93185000,0
2025-12-21 04:00:00,0.1069,0.1069,0.1069,0.1069,3678.20000000,1766303999999,393.19958000,1,0.00000000,0.00000000,0
2025-12-21 08:00:00,0.1101,0.1107,0.1092,0.1092,1061.40000000,1766318399999,116.52650000,6,512.40000000,56.46590000,0
2025-12-21 12:00:00,0.1067,0.1096,0.1065,0.1096,7242.60000000,1766332799999,776.12897000,13,462.20000000,50.65712000,0
2025-12-21 16:00:00,0.1067,0.1067,0.1067,0.1067,46.60000000,1766347199999,4.97222000,1,46.60000000,4.97222000,0
2025-12-21 20:00:00,0.1091,0.1096,0.1062,0.1096,51485.10000000,1766361599999,5469.87590000,5,32583.40000000,3462.51536000,0
2025-12-22 00:00:00,0.1093,0.1093,0.1062,0.1062,4547.10000000,1766375999999,491.04603000,6,2627.10000000,287.14203000,0
2025-12-22 04:00:00,0.1073,0.1092,0.1058,0.1074,25718.00000000,1766390399999,2757.18780000,18,22897.40000000,2457.84808000,0
2025-12-22 08:00:00,0.1087,0.1087,0.1075,0.1075,281.40000000,1766404799999,30.57150000,2,267.50000000,29.07725000,0
2025-12-22 12:00:00,0.1097,0.11,0.1088,0.1088,5969.20000000,1766419199999,650.07754000,9,318.50000000,35.01970000,0
2025-12-22 16:00:00,0.1094,0.1095,0.1078,0.1078,4983.70000000,1766433599999,541.51047000,12,0.00000000,0.00000000,0
2025-12-22 20:00:00,0.1072,0.109,0.1072,0.108,419.50000000,1766447999999,45.52603000,6,409.30000000,44.43259000,0
2025-12-23 00:00:00,0.1104,0.1104,0.1104,0.1104,172.90000000,1766462399999,19.08816000,1,172.90000000,19.08816000,0
2025-12-23 04:00:00,0.1088,0.1089,0.106,0.1066,11639.80000000,1766476799999,1260.85276000,12,9283.60000000,1009.12171000,0
2025-12-23 08:00:00,0.1066,0.108,0.1054,0.108,584.30000000,1766491199999,61.89396000,6,174.90000000,18.70423000,0
2025-12-23 12:00:00,0.1054,0.1064,0.104,0.104,1044.20000000,1766505599999,109.48448000,8,95.20000000,10.12928000,0
2025-12-23 16:00:00,0.1058,0.107,0.1037,0.1068,4317.80000000,1766519999999,459.32176000,12,3595.50000000,382.81491000,0
2025-12-23 20:00:00,0.1071,0.1077,0.1071,0.1077,1774.00000000,1766534399999,190.52749000,4,1774.00000000,190.52749000,0
2025-12-24 00:00:00,0.1071,0.1091,0.1057,0.1057,482.00000000,1766548799999,51.78194000,3,228.90000000,24.97299000,0
2025-12-24 04:00:00,0.1055,0.1066,0.105,0.105,4388.80000000,1766563199999,463.41784000,9,456.40000000,48.65224000,0
2025-12-24 08:00:00,0.1049,0.106,0.1048,0.106,239.50000000,1766577599999,25.16860000,3,56.60000000,5.99960000,0
2025-12-24 12:00:00,0.1047,0.1062,0.1044,0.1062,1637.60000000,1766591999999,171.43503000,5,25.10000000,2.66562000,0
2025-12-24 16:00:00,0.1062,0.1062,0.1062,0.1062,0.00000000,1766606399999,0.00000000,0,0.00000000,0.00000000,0
2025-12-24 20:00:00,0.1056,0.1072,0.1039,0.1066,7908.40000000,1766620799999,835.24241000,14,3013.70000000,321.03897000,0
2025-12-25 00:00:00,0.1066,0.107,0.1055,0.1059,9033.10000000,1766635199999,962.11937000,12,7722.00000000,823.72248000,0
2025-12-25 04:00:00,0.1069,0.1069,0.1062,0.1062,380.50000000,1766649599999,40.63821000,3,327.30000000,34.98837000,0
2025-12-25 08:00:00,0.1059,0.1059,0.1052,0.1059,4114.40000000,1766663999999,434.65914000,6,94.20000000,9.97578000,0
2025-12-25 12:00:00,0.1061,0.1061,0.1046,0.1049,4183.70000000,1766678399999,440.00889000,17,624.30000000,65.57343000,0
2025-12-25 16:00:00,0.1064,0.1064,0.1057,0.1062,617.90000000,1766692799999,65.46301000,6,617.90000000,65.46301000,0
2025-12-25 20:00:00,0.105,0.1057,0.1026,0.1026,5912.00000000,1766707199999,617.79964000,19,51.60000000,5.44772000,0
2025-12-26 00:00:00,0.1041,0.1061,0.1023,0.1061,4252.00000000,1766721599999,447.55285000,7,3668.50000000,387.86080000,0
2025-12-26 04:00:00,0.1049,0.1049,0.1049,0.1049,419.60000000,1766735999999,44.01604000,1,0.00000000,0.00000000,0
2025-12-26 08:00:00,0.104,0.104,0.104,0.104,39.70000000,1766750399999,4.12880000,1,0.00000000,0.00000000,0
2025-12-26 12:00:00,0.1058,0.1058,0.1026,0.1026,3648.00000000,1766764799999,378.59107000,16,432.50000000,45.38344000,0
2025-12-26 16:00:00,0.1045,0.1056,0.1027,0.103,579.60000000,1766779199999,60.05183000,5,303.10000000,31.63119000,0
2025-12-26 20:00:00,0.104,0.105,0.104,0.105,2995.50000000,1766793599999,311.62338000,5,114.30000000,11.97858000,0
2025-12-27 00:00:00,0.105,0.1063,0.1043,0.1043,2755.10000000,1766807999999,289.75930000,4,2739.60000000,288.14265000,0
2025-12-27 04:00:00,0.1047,0.1047,0.1046,0.1046,85.30000000,1766822399999,8.92659000,3,0.00000000,0.00000000,0
2025-12-27 08:00:00,0.1056,0.1056,0.1038,0.1048,266.40000000,1766836799999,27.88730000,5,144.10000000,15.15926000,0
2025-12-27 12:00:00,0.1048,0.1048,0.1048,0.1048,0.00000000,1766851199999,0.00000000,0,0.00000000,0.00000000,0
2025-12-27 16:00:00,0.1045,0.1051,0.1045,0.105,175.90000000,1766865599999,18.44586000,3,122.90000000,12.90736000,0
2025-12-27 20:00:00,0.1052,0.1075,0.1052,0.1075,9778.80000000,1766879999999,1042.53569000,19,8505.40000000,906.82151000,0
2025-12-28 00:00:00,0.1077,0.1084,0.1076,0.1083,726.00000000,1766894399999,78.55449000,6,257.40000000,27.90216000,0
2025-12-28 04:00:00,0.1079,0.1092,0.1079,0.108,2127.50000000,1766908799999,229.97315000,8,202.20000000,22.06164000,0
2025-12-28 08:00:00,0.1083,0.1083,0.1083,0.1083,164.50000000,1766923199999,17.81535000,1,0.00000000,0.00000000,0
2025-12-28 12:00:00,0.1083,0.1083,0.1077,0.1077,4130.80000000,1766937599999,445.73635000,5,0.00000000,0.00000000,0
2025-12-28 16:00:00,0.1087,0.1087,0.1063,0.1063,3132.90000000,1766951999999,336.71040000,7,341.00000000,36.86356000,0
2025-12-28 20:00:00,0.1067,0.1071,0.1062,0.1071,603.20000000,1766966399999,64.47719000,6,483.70000000,51.74994000,0
2025-12-29 00:00:00,0.1075,0.1086,0.1075,0.1086,737.20000000,1766980799999,79.47760000,5,621.60000000,66.94804000,0
2025-12-29 04:00:00,0.1095,0.1097,0.1086,0.1089,2127.60000000,1766995199999,231.89852000,9,1323.80000000,144.51198000,0
2025-12-29 08:00:00,0.1071,0.1075,0.107,0.107,724.50000000,1767009599999,77.64877000,5,0.00000000,0.00000000,0
2025-12-29 12:00:00,0.1061,0.1065,0.1054,0.1065,2698.70000000,1767023999999,286.15336000,10,1190.30000000,125.93836000,0
2025-12-29 16:00:00,0.1059,0.1059,0.1048,0.1048,263.60000000,1767038399999,27.85941000,4,230.30000000,24.36957000,0
2025-12-29 20:00:00,0.1044,0.107,0.1038,0.1049,2464.40000000,1767052799999,256.88881000,12,1825.60000000,190.55315000,0
2025-12-30 00:00:00,0.1037,0.104,0.1032,0.1032,3624.70000000,1767067199999,375.66152000,8,225.00000000,23.39565000,0
2025-12-30 04:00:00,0.103,0.104,0.103,0.104,118.30000000,1767081599999,12.28100000,3,0.00000000,0.00000000,0
2025-12-30 08:00:00,0.1034,0.1034,0.1034,0.1034,136.30000000,1767095999999,14.09342000,1,0.00000000,0.00000000,0
2025-12-30 12:00:00,0.1034,0.1034,0.1034,0.1034,0.00000000,1767110399999,0.00000000,0,0.00000000,0.00000000,0
2025-12-30 16:00:00,0.103,0.103,0.1029,0.103,120.20000000,1767124799999,12.37944000,3,97.00000000,9.99100000,0
2025-12-30 20:00:00,0.1031,0.1034,0.1023,0.1034,6052.10000000,1767139199999,619.41835000,8,3629.80000000,371.55611000,0
2025-12-31 00:00:00,0.104,0.104,0.1029,0.1029,17459.20000000,1767153599999,1796.81491000,2,239.30000000,24.88720000,0
2025-12-31 04:00:00,0.1025,0.1034,0.1025,0.1034,2030.00000000,1767167999999,208.40987000,6,96.70000000,9.99878000,0
2025-12-31 08:00:00,0.1035,0.1035,0.1035,0.1035,704.30000000,1767182399999,72.89505000,2,0.00000000,0.00000000,0
2025-12-31 12:00:00,0.1024,0.1024,0.1019,0.1019,345.80000000,1767196799999,35.38193000,3,0.00000000,0.00000000,0
2025-12-31 16:00:00,0.1017,0.1017,0.1,0.1005,13267.20000000,1767211199999,1331.05383000,28,2303.90000000,233.28248000,0
2025-12-31 20:00:00,0.1001,0.1012,0.1001,0.1001,28909.70000000,1767225599999,2896.66399000,8,2548.20000000,257.87784000,0
2026-01-01 00:00:00,0.1009,0.101,0.0909,0.0991,25553.70000000,1767239999999,2556.88145000,20,15015.20000000,1506.30678000,0
2026-01-01 04:00:00,0.0991,0.0993,0.0984,0.0993,7642.50000000,1767254399999,755.22585000,14,5084.70000000,501.84465000,0
2026-01-01 08:00:00,0.1005,0.1005,0.1005,0.1005,497.80000000,1767268799999,50.02890000,1,497.80000000,50.02890000,0
2026-01-01 12:00:00,0.1012,0.1027,0.0988,0.1027,4302.10000000,1767283199999,434.17068000,11,2082.00000000,212.48173000,0
2026-01-01 16:00:00,0.1032,0.1047,0.1032,0.1047,8011.90000000,1767297599999,830.26097000,6,362.60000000,37.79349000,0
2026-01-01 20:00:00,0.105,0.1065,0.1043,0.1064,142045.40000000,1767311999999,14990.50496000,59,67431.30000000,7147.41397000,0
2026-01-02 00:00:00,0.1067,0.1074,0.106,0.1074,41590.80000000,1767326399999,4431.97482000,34,29518.30000000,3149.92488000,0
2026-01-02 04:00:00,0.1074,0.1074,0.1074,0.1074,0.00000000,1767340799999,0.00000000,0,0.00000000,0.00000000,0
2026-01-02 08:00:00,0.1084,0.1101,0.1064,0.1101,3744.00000000,1767355199999,404.54606000,10,2374.40000000,258.80936000,0
2026-01-02 12:00:00,0.1102,0.1107,0.1102,0.1107,6241.60000000,1767369599999,690.69884000,4,6169.30000000,682.69523000,0
2026-01-02 16:00:00,0.1124,0.1149,0.1106,0.1109,3511.50000000,1767383999999,393.50553000,11,230.80000000,26.35017000,0
2026-01-02 20:00:00,0.1141,0.1144,0.1113,0.1133,1404.60000000,1767398399999,158.67333000,7,498.00000000,56.84892000,0
2026-01-03 00:00:00,0.1134,0.1161,0.1134,0.1161,2185.00000000,1767412799999,252.05066000,7,1404.50000000,162.92710000,0
2026-01-03 04:00:00,0.1171,0.1171,0.1125,0.1125,8456.10000000,1767427199999,961.43507000,16,512.20000000,59.97862000,0
2026-01-03 08:00:00,0.1114,0.1146,0.1114,0.1146,23356.10000000,1767441599999,2657.28190000,19,21289.70000000,2421.95694000,0
2026-01-03 12:00:00,0.1138,0.1138,0.1138,0.1138,7934.80000000,1767455999999,902.98024000,1,7934.80000000,902.98024000,0
2026-01-03 16:00:00,0.1159,0.116,0.1155,0.116,2895.60000000,1767470399999,334.53697000,4,2895.60000000,334.53697000,0
2026-01-03 20:00:00,0.1147,0.116,0.1127,0.1159,4997.90000000,1767484799999,575.55780000,10,4433.30000000,511.88022000,0
2026-01-04 00:00:00,0.116,0.1187,0.116,0.1163,10595.50000000,1767499199999,1230.90246000,13,4043.20000000,469.42778000,0
2026-01-04 04:00:00,0.1192,0.1192,0.1181,0.1187,5708.40000000,1767513599999,676.96406000,8,3907.50000000,464.27777000,0
2026-01-04 08:00:00,0.1164,0.1214,0.1164,0.1204,2024.10000000,1767527999999,240.56729000,10,1342.40000000,159.92751000,0
2026-01-04 12:00:00,0.1205,0.1208,0.1205,0.1208,1700.30000000,1767542399999,204.95752000,5,1700.30000000,204.95752000,0
2026-01-04 16:00:00,0.1215,0.1226,0.1199,0.1203,2357.30000000,1767556799999,285.56238000,7,1419.30000000,173.05618000,0
2026-01-04 20:00:00,0.1197,0.1225,0.1196,0.1225,771.30000000,1767571199999,93.17234000,6,313.50000000,38.38621000,0
2026-01-05 00:00:00,0.1225,0.1245,0.1208,0.1245,3170.10000000,1767585599999,390.99906000,10,1556.90000000,191.76634000,0
2026-01-05 04:00:00,0.1245,0.1355,0.1194,0.1201,42831.80000000,1767599999999,5281.04042000,63,24639.80000000,3065.12629000,0
2026-01-05 08:00:00,0.1192,0.1192,0.1192,0.1192,9.30000000,1767614399999,1.10856000,1,0.00000000,0.00000000,0
2026-01-05 12:00:00,0.1192,0.1226,0.1192,0.1225,5917.70000000,1767628799999,722.88171000,8,5900.90000000,720.87915000,0
2026-01-05 16:00:00,0.1231,0.1257,0.1196,0.1218,5672.30000000,1767643199999,697.34515000,15,4195.90000000,517.46078000,0
2026-01-05 20:00:00,0.1226,0.1259,0.1226,0.1238,15917.10000000,1767657599999,1976.23404000,9,1794.80000000,224.87806000,0
2026-01-06 00:00:00,0.1271,0.1271,0.1271,0.1271,94.30000000,1767671999999,11.98553000,1,94.30000000,11.98553000,0
2026-01-06 04:00:00,0.1269,0.127,0.1233,0.1233,2156.20000000,1767686399999,273.17711000,6,1949.10000000,247.37582000,0
2026-01-06 08:00:00,0.1238,0.1282,0.1238,0.1282,1385.30000000,1767700799999,173.83768000,5,468.00000000,59.94272000,0
2026-01-06 12:00:00,0.1251,0.1323,0.1251,0.1298,1074.40000000,1767715199999,137.94026000,8,763.10000000,98.54202000,0
2026-01-06 16:00:00,0.1291,0.1296,0.1234,0.1264,10126.30000000,1767729599999,1289.38179000,24,333.70000000,42.99504000,0
2026-01-06 20:00:00,0.1264,0.1294,0.1248,0.1294,13106.00000000,1767743999999,1669.68673000,20,11656.40000000,1487.46869000,0
2026-01-07 00:00:00,0.1261,0.1287,0.1256,0.1256,7941.10000000,1767758399999,1000.86812000,14,195.50000000,25.16085000,0
2026-01-07 04:00:00,0.1252,0.1282,0.1252,0.1282,161.60000000,1767772799999,20.48312000,2,83.60000000,10.71752000,0
2026-01-07 08:00:00,0.1288,0.1304,0.127,0.1278,12358.60000000,1767787199999,1587.89059000,19,7119.40000000,921.00960000,0
2026-01-07 12:00:00,0.1281,0.1302,0.125,0.1286,8265.60000000,1767801599999,1048.11309000,16,1720.40000000,218.48098000,0
2026-01-07 16:00:00,0.1283,0.1283,0.1247,0.126,5269.00000000,1767815999999,672.37026000,9,4749.80000000,607.56746000,0
2026-01-07 20:00:00,0.1248,0.1305,0.1248,0.1298,12228.90000000,1767830399999,1567.98103000,17,5300.40000000,681.79601000,0
2026-01-08 00:00:00,0.1298,0.1298,0.1278,0.1278,4075.40000000,1767844799999,521.33990000,5,189.80000000,24.63604000,0
2026-01-08 04:00:00,0.1286,0.1306,0.1254,0.1283,5669.50000000,1767859199999,718.27487000,15,393.70000000,51.08758000,0
2026-01-08 08:00:00,0.1284,0.1308,0.1272,0.1308,10161.00000000,1767873599999,1318.73248000,11,10148.50000000,1317.14248000,0
2026-01-08 12:00:00,0.1266,0.1338,0.1266,0.1314,3151.50000000,1767887999999,412.41104000,14,2401.70000000,316.53500000,0
2026-01-08 16:00:00,0.1348,0.1381,0.1304,0.1377,25281.90000000,1767902399999,3390.69956000,49,17301.40000000,2338.59603000,0
2026-01-08 20:00:00,0.1347,0.1377,0.1344,0.1358,7471.60000000,1767916799999,1008.57564000,15,2455.80000000,333.96087000,0
2026-01-09 00:00:00,0.1382,0.1412,0.1366,0.1402,20247.80000000,1767931199999,2831.14527000,23,17752.90000000,2483.58864000,0
2026-01-09 04:00:00,0.1412,0.1511,0.1412,0.1491,74445.60000000,1767945599999,10737.20100000,77,66893.40000000,9617.53336000,0
2026-01-09 08:00:00,0.1508,0.1508,0.142,0.1476,23868.90000000,1767959999999,3490.20926000,66,10156.90000000,1488.40917000,0
2026-01-09 12:00:00,0.144,0.1597,0.1425,0.1597,78708.50000000,1767974399999,11967.38431000,161,53937.40000000,8237.70287000,0
2026-01-09 16:00:00,0.1601,0.1608,0.1509,0.152,28149.70000000,1767988799999,4385.97710000,74,6637.10000000,1041.16000000,0
2026-01-09 20:00:00,0.1533,0.1586,0.1531,0.158,26413.20000000,1768003199999,4108.02915000,40,24243.10000000,3767.08244000,0
2026-01-10 00:00:00,0.1555,0.1615,0.1547,0.1615,43221.60000000,1768017599999,6843.96813000,67,23290.10000000,3710.23767000,0
2026-01-10 04:00:00,0.1614,0.1741,0.1594,0.1716,132999.90000000,1768031999999,22080.32581000,137,97759.50000000,16271.28025000,0
2026-01-10 08:00:00,0.1682,0.1772,0.1663,0.1737,51796.30000000,1768046399999,8880.85568000,83,26835.00000000,4629.53245000,0
2026-01-10 12:00:00,0.1732,0.1786,0.1717,0.1774,36282.80000000,1768060799999,6372.80709000,48,23019.30000000,4059.70728000,0
2026-01-10 16:00:00,0.1776,0.1866,0.1754,0.1857,96188.20000000,1768075199999,17378.37600000,108,34254.30000000,6187.77571000,0
2026-01-10 20:00:00,0.1845,0.1859,0.175,0.175,71014.30000000,1768089599999,13051.89182000,90,12580.50000000,2317.74088000,0
2026-01-11 00:00:00,0.1755,0.1801,0.1719,0.1782,83791.60000000,1768103999999,14843.62576000,72,52701.30000000,9342.08472000,0
2026-01-11 04:00:00,0.1782,0.1855,0.1742,0.1796,52224.40000000,1768118399999,9419.06560000,105,26569.90000000,4809.19240000,0
2026-01-11 08:00:00,0.1796,0.1806,0.171,0.1742,16365.80000000,1768132799999,2883.60538000,30,2047.00000000,367.98155000,0
2026-01-11 12:00:00,0.171,0.171,0.1633,0.1635,16148.90000000,1768147199999,2697.15796000,35,251.40000000,42.23488000,0
2026-01-11 16:00:00,0.1628,0.1721,0.1624,0.172,16349.70000000,1768161599999,2752.77940000,29,11082.90000000,1861.91023000,0
2026-01-11 20:00:00,0.1682,0.1682,0.1637,0.1658,17975.10000000,1768175999999,2963.40964000,22,214.00000000,35.78147000,0
2026-01-12 00:00:00,0.1621,0.1644,0.1589,0.1591,9661.40000000,1768190399999,1552.98777000,25,528.70000000,86.55247000,0
2026-01-12 04:00:00,0.1589,0.1609,0.1522,0.1563,14225.90000000,1768204799999,2216.88374000,42,2468.70000000,380.79972000,0
2026-01-12 08:00:00,0.1579,0.1599,0.1518,0.1518,25509.60000000,1768219199999,3996.44498000,40,12636.10000000,1995.92846000,0
2026-01-12 12:00:00,0.1543,0.1557,0.1513,0.1557,13741.90000000,1768233599999,2113.57825000,26,9263.90000000,1433.52811000,0
2026-01-12 16:00:00,0.1569,0.1574,0.1528,0.1546,8306.80000000,1768247999999,1275.63884000,18,961.20000000,150.21664000,0
2026-01-12 20:00:00,0.1527,0.1559,0.1502,0.1518,7833.90000000,1768262399999,1194.62276000,18,3604.90000000,553.96267000,0
2026-01-13 00:00:00,0.1502,0.1518,0.1498,0.15,10917.20000000,1768276799999,1639.99977000,9,9396.50000000,1412.01228000,0
2026-01-13 04:00:00,0.1489,0.1541,0.1489,0.1498,3415.40000000,1768291199999,513.93610000,11,730.40000000,112.30520000,0
2026-01-13 08:00:00,0.1493,0.154,0.1493,0.154,707.50000000,1768305599999,108.61157000,3,648.20000000,99.75808000,0
2026-01-13 12:00:00,0.1493,0.1548,0.1488,0.1548,8790.70000000,1768319999999,1343.40474000,14,6022.40000000,930.79105000,0
2026-01-13 16:00:00,0.1552,0.1618,0.1533,0.1612,28353.80000000,1768334399999,4487.88559000,49,16645.40000000,2645.82740000,0
2026-01-13 20:00:00,0.1607,0.161,0.1566,0.1584,10687.10000000,1768348799999,1687.34805000,17,3126.40000000,499.28217000,0
2026-01-14 00:00:00,0.1561,0.1609,0.1561,0.1581,15816.80000000,1768363199999,2509.56311000,19,7732.30000000,1231.52346000,0
2026-01-14 04:00:00,0.1575,0.1663,0.1575,0.1645,26974.40000000,1768377599999,4384.67141000,47,16513.60000000,2668.98574000,0
2026-01-14 08:00:00,0.1655,0.1655,0.1558,0.1558,9530.50000000,1768391999999,1525.45538000,30,1570.40000000,255.40267000,0
2026-01-14 12:00:00,0.1579,0.1592,0.1566,0.1588,6244.90000000,1768406399999,990.63511000,12,6179.90000000,980.35711000,0
2026-01-14 16:00:00,0.1602,0.1606,0.1575,0.1579,12249.00000000,1768420799999,1942.74166000,23,4092.20000000,653.57584000,0
2026-01-14 20:00:00,0.1564,0.1572,0.1546,0.1546,4439.90000000,1768435199999,690.54819000,11,63.60000000,9.99792000,0
2026-01-15 00:00:00,0.1569,0.161,0.1558,0.1564,20594.60000000,1768449599999,3253.82512000,33,11468.30000000,1811.10578000,0
2026-01-15 04:00:00,0.1562,0.1562,0.1522,0.1551,10153.00000000,1768463999999,1570.01949000,27,5079.60000000,783.96508000,0
2026-01-15 08:00:00,0.1526,0.1558,0.1523,0.154,12370.60000000,1768478399999,1890.67954000,12,1635.50000000,254.08499000,0
2026-01-15 12:00:00,0.1554,0.1581,0.1505,0.1532,33947.70000000,1768492799999,5243.52083000,59,18129.10000000,2800.22062000,0
2026-01-15 16:00:00,0.1531,0.1531,0.1503,0.1503,8519.10000000,1768507199999,1289.32721000,14,2832.40000000,431.41901000,0
2026-01-15 20:00:00,0.1521,0.1521,0.146,0.1482,24661.40000000,1768521599999,3684.80569000,46,14071.10000000,2114.00330000,0
2026-01-16 00:00:00,0.149,0.149,0.1485,0.1485,6146.30000000,1768535999999,914.11520000,5,0.00000000,0.00000000,0
2026-01-16 04:00:00,0.1476,0.1486,0.1463,0.1486,15684.10000000,1768550399999,2319.74107000,22,6013.20000000,891.95518000,0
2026-01-16 08:00:00,0.147,0.1476,0.145,0.1455,10664.20000000,1768564799999,1554.94120000,16,97.90000000,14.30640000,0
2026-01-16 12:00:00,0.1445,0.1451,0.1392,0.1392,98077.00000000,1768579199999,14010.00792000,98,43550.90000000,6244.75534000,0
2026-01-16 16:00:00,0.1391,0.1411,0.1391,0.1411,8991.70000000,1768593599999,1263.86844000,16,7946.90000000,1118.34152000,0
2026-01-16 20:00:00,0.1415,0.1458,0.1415,0.1457,8766.10000000,1768607999999,1253.37609000,20,8525.90000000,1218.63686000,0
2026-01-17 00:00:00,0.1462,0.1463,0.1438,0.1438,2847.60000000,1768622399999,416.36560000,8,2261.20000000,330.59453000,0
2026-01-17 04:00:00,0.1464,0.1464,0.1442,0.1442,45.60000000,1768636799999,6.60566000,2,13.70000000,2.00568000,0
2026-01-17 08:00:00,0.147,0.1487,0.146,0.148,6147.30000000,1768651199999,904.59686000,15,2810.60000000,414.25961000,0
2026-01-17 12:00:00,0.147,0.1475,0.146,0.146,6397.10000000,1768665599999,936.84829000,13,67.70000000,9.98575000,0
2026-01-17 16:00:00,0.1473,0.1473,0.1453,0.1468,2375.90000000,1768679999999,348.99932000,7,2121.10000000,311.70538000,0
2026-01-17 20:00:00,0.1474,0.1474,0.1449,0.1454,616.90000000,1768694399999,89.62300000,6,215.00000000,31.33600000,0
2026-01-18 00:00:00,0.1462,0.1464,0.144,0.1444,5226.00000000,1768708799999,759.83815000,10,3749.60000000,546.94127000,0
2026-01-18 04:00:00,0.1436,0.1436,0.1426,0.1426,9168.10000000,1768723199999,1314.74148000,20,83.40000000,11.97068000,0
2026-01-18 08:00:00,0.1424,0.1425,0.1417,0.1417,631.50000000,1768737599999,89.72230000,10,298.90000000,42.52777000,0
2026-01-18 12:00:00,0.142,0.1442,0.142,0.1442,10540.90000000,1768751999999,1512.19507000,11,6129.90000000,876.53138000,0
2026-01-18 16:00:00,0.144,0.144,0.143,0.143,5066.50000000,1768766399999,727.50703000,15,371.30000000,53.23534000,0
2026-01-18 20:00:00,0.1441,0.1441,0.1382,0.1382,12659.10000000,1768780799999,1800.77935000,34,1951.70000000,279.47178000,0
2026-01-19 00:00:00,0.1378,0.1388,0.129,0.1388,34961.70000000,1768795199999,4647.18547000,63,12669.00000000,1708.39180000,0
2026-01-19 04:00:00,0.1385,0.1401,0.1385,0.1391,1474.00000000,1768809599999,204.77018000,5,517.70000000,72.32263000,0
2026-01-19 08:00:00,0.137,0.137,0.1353,0.1358,4231.40000000,1768823999999,574.52831000,12,294.80000000,39.98174000,0
2026-01-19 12:00:00,0.1353,0.136,0.1341,0.1359,4629.40000000,1768838399999,625.81738000,18,629.50000000,85.33875000,0
2026-01-19 16:00:00,0.1362,0.138,0.1362,0.1363,5393.60000000,1768852799999,735.65120000,15,2605.40000000,355.52590000,0
2026-01-19 20:00:00,0.1373,0.1373,0.1373,0.1373,72.80000000,1768867199999,9.99544000,1,72.80000000,9.99544000,0
2026-01-20 00:00:00,0.1377,0.1377,0.1357,0.1358,2189.50000000,1768881599999,298.03491000,6,2022.70000000,275.26599000,0
2026-01-20 04:00:00,0.1347,0.1347,0.1338,0.1345,3036.50000000,1768895999999,407.17055000,12,106.20000000,14.26150000,0
2026-01-20 08:00:00,0.1327,0.133,0.131,0.1317,2450.30000000,1768910399999,324.73608000,11,475.10000000,62.99600000,0
2026-01-20 12:00:00,0.132,0.1343,0.1318,0.1343,119.90000000,1768924799999,15.91756000,4,119.90000000,15.91756000,0
2026-01-20 16:00:00,0.1325,0.1334,0.1301,0.1301,9198.80000000,1768939199999,1199.43680000,20,5512.20000000,718.87802000,0
2026-01-20 20:00:00,0.1319,0.1319,0.13,0.1308,3555.80000000,1768953599999,464.43409000,10,2027.40000000,265.74209000,0
2026-01-21 00:00:00,0.1318,0.135,0.1318,0.135,10247.40000000,1768967999999,1364.56518000,15,9959.40000000,1326.12505000,0
2026-01-21 04:00:00,0.1355,0.1384,0.1323,0.1323,12636.50000000,1768982399999,1697.21984000,25,5555.60000000,756.18001000,0
2026-01-21 08:00:00,0.1318,0.1318,0.1318,0.1318,58.10000000,1768996799999,7.65758000,1,0.00000000,0.00000000,0
2026-01-21 12:00:00,0.1322,0.1394,0.1322,0.1394,13853.80000000,1769011199999,1881.71061000,27,11244.70000000,1529.32210000,0
2026-01-21 16:00:00,0.1401,0.1401,0.1327,0.1362,19437.40000000,1769025599999,2620.72107000,30,7309.70000000,990.12026000,0
2026-01-21 20:00:00,0.138,0.1392,0.1352,0.1352,13230.10000000,1769039999999,1810.81960000,32,6929.60000000,957.28897000,0
2026-01-22 00:00:00,0.133,0.1375,0.133,0.1369,151.10000000,1769054399999,20.51124000,4,88.60000000,12.17374000,0
2026-01-22 04:00:00,0.1378,0.1378,0.1376,0.1376,419.60000000,1769068799999,57.74842000,2,419.60000000,57.74842000,0
2026-01-22 08:00:00,0.1344,0.1348,0.1343,0.1348,1435.20000000,1769083199999,193.10236000,3,0.00000000,0.00000000,0
2026-01-22 12:00:00,0.1327,0.1353,0.1293,0.1293,11943.60000000,1769097599999,1572.60340000,28,906.70000000,120.88311000,0
2026-01-22 16:00:00,0.1297,0.1338,0.1297,0.1335,10963.30000000,1769111999999,1457.03200000,11,9930.90000000,1321.97632000,0
2026-01-22 20:00:00,0.1339,0.1339,0.1326,0.1326,505.20000000,1769126399999,67.22462000,6,505.20000000,67.22462000,0
2026-01-23 00:00:00,0.1342,0.1342,0.132,0.134,7217.50000000,1769140799999,963.83376000,6,7034.70000000,939.68250000,0
2026-01-23 04:00:00,0.134,0.134,0.134,0.134,0.00000000,1769155199999,0.00000000,0,0.00000000,0.00000000,0
2026-01-23 08:00:00,0.1325,0.1336,0.1312,0.1336,363.80000000,1769169599999,48.10193000,3,223.90000000,29.74705000,0
2026-01-23 12:00:00,0.1346,0.135,0.1279,0.1295,13768.30000000,1769183999999,1785.81445000,33,2555.60000000,333.76426000,0
2026-01-23 16:00:00,0.1307,0.132,0.1288,0.1288,5819.00000000,1769198399999,763.71786000,12,5141.30000000,675.91033000,0
2026-01-23 20:00:00,0.128,0.128,0.1269,0.127,4821.20000000,1769212799999,615.98508000,8,0.00000000,0.00000000,0
2026-01-24 00:00:00,0.127,0.127,0.127,0.127,0.00000000,1769227199999,0.00000000,0,0.00000000,0.00000000,0
2026-01-24 04:00:00,0.1292,0.1292,0.1271,0.1271,180.50000000,1769241599999,23.08572000,3,158.10000000,20.23868000,0
2026-01-24 08:00:00,0.1269,0.1275,0.1268,0.1268,2760.60000000,1769255999999,350.63074000,6,360.60000000,45.97650000,0
2026-01-24 12:00:00,0.1271,0.1271,0.1271,0.1271,392.80000000,1769270399999,49.92488000,1,392.80000000,49.92488000,0
2026-01-24 16:00:00,0.1258,0.1267,0.1251,0.1251,11329.00000000,1769284799999,1429.84539000,18,5553.00000000,703.48612000,0
2026-01-24 20:00:00,0.1272,0.1272,0.126,0.126,440.00000000,1769299199999,55.91112000,2,392.60000000,49.93872000,0
2026-01-25 00:00:00,0.1262,0.1262,0.1262,0.1262,33.70000000,1769313599999,4.25294000,1,33.70000000,4.25294000,0
2026-01-25 04:00:00,0.1252,0.1252,0.1245,0.1245,6814.40000000,1769327999999,851.14707000,17,175.70000000,21.98644000,0
2026-01-25 08:00:00,0.1238,0.1247,0.1234,0.1247,2406.30000000,1769342399999,297.52462000,4,1022.40000000,126.75136000,0
2026-01-25 12:00:00,0.1233,0.1233,0.1221,0.1221,2320.70000000,1769356799999,285.42549000,7,284.90000000,34.81509000,0
2026-01-25 16:00:00,0.1208,0.1208,0.117,0.117,7793.50000000,1769371199999,932.73789000,32,1486.60000000,177.25109000,0
2026-01-25 20:00:00,0.117,0.12,0.117,0.1184,2376.80000000,1769385599999,281.40022000,9,2198.00000000,260.47812000,0
2026-01-26 00:00:00,0.1187,0.1215,0.1187,0.1215,7221.10000000,1769399999999,870.25520000,8,7221.10000000,870.25520000,0
2026-01-26 04:00:00,0.1204,0.1219,0.1204,0.1219,2032.20000000,1769414399999,247.28117000,3,2032.20000000,247.28117000,0
2026-01-26 08:00:00,0.1226,0.1226,0.121,0.121,343.60000000,1769428799999,41.83220000,4,51.00000000,6.25260000,0
2026-01-26 12:00:00,0.1228,0.1233,0.1211,0.1211,7709.70000000,1769443199999,935.65628000,14,758.60000000,93.10147000,0
2026-01-26 16:00:00,0.1211,0.1216,0.1194,0.1194,12574.50000000,1769457599999,1513.36824000,23,5486.90000000,656.99401000,0
2026-01-26 20:00:00,0.12,0.12,0.1193,0.1193,246.80000000,1769471999999,29.49868000,2,167.60000000,19.99468000,0
2026-01-27 00:00:00,0.1199,0.1199,0.1186,0.1186,4010.90000000,1769486399999,476.45530000,12,474.20000000,56.76358000,0
2026-01-27 04:00:00,0.1198,0.1204,0.1181,0.1187,2080.50000000,1769500799999,247.72662000,10,1448.90000000,173.13466000,0
2026-01-27 08:00:00,0.1179,0.1179,0.1169,0.1179,4069.70000000,1769515199999,479.46986000,8,3313.50000000,390.52156000,0
2026-01-27 12:00:00,0.1165,0.1167,0.1152,0.116,15280.00000000,1769529599999,1774.66355000,38,7314.40000000,849.52903000,0
2026-01-27 16:00:00,0.1164,0.1197,0.1146,0.1197,17463.80000000,1769543999999,2039.70928000,28,12351.30000000,1449.72467000,0
2026-01-27 20:00:00,0.1197,0.1208,0.1186,0.1189,1073.00000000,1769558399999,128.77142000,5,653.80000000,78.80986000,0
2026-01-28 00:00:00,0.1202,0.1202,0.1188,0.119,1157.90000000,1769572799999,138.21883000,17,667.20000000,79.80982000,0
2026-01-28 04:00:00,0.1186,0.1187,0.118,0.1187,263.20000000,1769587199999,31.12652000,5,206.80000000,24.46616000,0
2026-01-28 08:00:00,0.1189,0.121,0.1178,0.121,15803.80000000,1769601599999,1887.44705000,11,15025.30000000,1795.06452000,0
2026-01-28 12:00:00,0.1215,0.1216,0.1164,0.1164,10208.70000000,1769615999999,1202.61247000,23,1552.00000000,183.64284000,0
2026-01-28 16:00:00,0.1175,0.1176,0.1157,0.117,11004.00000000,1769630399999,1288.33584000,19,10279.00000000,1203.96128000,0
2026-01-28 20:00:00,0.117,0.1194,0.1168,0.1185,9053.20000000,1769644799999,1068.19509000,14,6205.80000000,735.54120000,0
2026-01-29 00:00:00,0.1184,0.1185,0.1161,0.1171,39158.20000000,1769659199999,4582.10846000,50,2508.70000000,293.75430000,0
2026-01-29 04:00:00,0.1151,0.1183,0.1151,0.1176,9701.10000000,1769673599999,1135.43584000,18,7615.50000000,892.59963000,0
2026-01-29 08:00:00,0.1169,0.1169,0.1161,0.1161,3952.40000000,1769687999999,460.93145000,6,2490.70000000,291.16283000,0
2026-01-29 12:00:00,0.1163,0.1163,0.1113,0.1115,25541.40000000,1769702399999,2903.25456000,37,4140.60000000,469.59606000,0
2026-01-29 16:00:00,0.1121,0.1132,0.1096,0.1115,22240.00000000,1769716799999,2465.94688000,39,14125.80000000,1567.90644000,0
2026-01-29 20:00:00,0.112,0.1128,0.1118,0.1118,5448.00000000,1769731199999,611.34256000,6,5439.10000000,610.34754000,0
2026-01-30 00:00:00,0.1129,0.1131,0.1094,0.1106,15180.30000000,1769745599999,1682.94425000,42,5118.60000000,572.21277000,0
2026-01-30 04:00:00,0.1115,0.1115,0.1092,0.1102,4503.10000000,1769759999999,500.89633000,8,4366.20000000,485.82575000,0
2026-01-30 08:00:00,0.1101,0.1119,0.1098,0.1119,15205.90000000,1769774399999,1690.39228000,22,4942.60000000,551.81629000,0
2026-01-30 12:00:00,0.1125,0.1125,0.1089,0.1109,12101.00000000,1769788799999,1341.70661000,20,6667.10000000,740.81149000,0
2026-01-30 16:00:00,0.112,0.1129,0.1092,0.1129,21008.70000000,1769803199999,2342.44645000,25,13515.60000000,1511.61534000,0
2026-01-30 20:00:00,0.1122,0.113,0.1115,0.1121,10892.70000000,1769817599999,1218.25796000,19,2630.80000000,294.25334000,0
2026-01-31 00:00:00,0.1119,0.1119,0.1114,0.1114,1191.10000000,1769831999999,133.26544000,5,194.70000000,21.77893000,0
2026-01-31 04:00:00,0.112,0.112,0.1097,0.1097,6418.30000000,1769846399999,710.87345000,10,1487.90000000,166.64480000,0
2026-01-31 08:00:00,0.1104,0.1104,0.108,0.108,8763.80000000,1769860799999,953.38185000,18,3176.10000000,348.49306000,0
2026-01-31 12:00:00,0.1074,0.1074,0.1028,0.1039,31290.90000000,1769875199999,3266.45152000,55,9713.50000000,1011.74387000,0
2026-01-31 16:00:00,0.1032,0.1048,0.095,0.0996,67611.60000000,1769889599999,6762.27406000,136,33711.00000000,3394.14803000,0
2026-01-31 20:00:00,0.1,0.1044,0.1,0.1044,2963.50000000,1769903999999,303.60080000,9,1490.50000000,150.55676000,0
2026-02-01 00:00:00,0.1044,0.1069,0.1043,0.1068,15566.90000000,1769918399999,1637.14833000,15,12089.20000000,1267.58215000,0
2026-02-01 04:00:00,0.1073,0.1077,0.1067,0.1077,454.70000000,1769932799999,48.67109000,4,345.70000000,37.02479000,0
2026-02-01 08:00:00,0.108,0.108,0.105,0.1059,7593.60000000,1769947199999,802.04811000,16,341.00000000,36.18939000,0
2026-02-01 12:00:00,0.1047,0.1047,0.1019,0.1033,8548.60000000,1769961599999,884.54469000,24,4206.30000000,435.67793000,0
2026-02-01 16:00:00,0.1027,0.1054,0.1025,0.1036,15345.80000000,1769975999999,1588.14818000,23,8148.50000000,846.22835000,0
2026-02-01 20:00:00,0.103,0.1049,0.101,0.1026,9009.90000000,1769990399999,927.33428000,28,2466.60000000,256.44998000,0
2026-02-02 00:00:00,0.1022,0.1067,0.1001,0.1032,39509.20000000,1770004799999,4118.86096000,64,26100.70000000,2722.19418000,0
2026-02-02 04:00:00,0.1016,0.1035,0.0993,0.1016,20401.40000000,1770019199999,2067.40237000,35,10925.80000000,1109.76640000,0
2026-02-02 08:00:00,0.1006,0.1039,0.1006,0.1039,6176.60000000,1770033599999,637.35243000,14,2453.80000000,253.89108000,0
2026-02-02 12:00:00,0.104,0.111,0.1035,0.1098,14052.80000000,1770047999999,1531.58766000,22,11531.10000000,1255.91649000,0
2026-02-02 16:00:00,0.1099,0.1161,0.1084,0.1142,34264.40000000,1770062399999,3826.17502000,39,14540.70000000,1635.14001000,0
2026-02-02 20:00:00,0.1135,0.114,0.1129,0.1139,8642.40000000,1770076799999,979.54945000,21,1433.00000000,163.36200000,0
2026-02-03 00:00:00,0.1149,0.1149,0.11,0.1134,14709.40000000,1770091199999,1651.11587000,25,4471.10000000,503.94550000,0
2026-02-03 04:00:00,0.1132,0.1141,0.1106,0.1141,11311.50000000,1770105599999,1272.49326000,13,7718.30000000,875.01208000,0
2026-02-03 08:00:00,0.1147,0.1187,0.1146,0.1165,30812.60000000,1770119999999,3598.90491000,37,17552.30000000,2057.36039000,0
2026-02-03 12:00:00,0.1159,0.1179,0.1106,0.1122,36169.40000000,1770134399999,4123.29825000,58,12809.80000000,1464.40655000,0
2026-02-03 16:00:00,0.1136,0.1136,0.106,0.1101,31075.60000000,1770148799999,3378.71208000,57,15038.80000000,1632.67244000,0
2026-02-03 20:00:00,0.1119,0.1136,0.1081,0.1081,19624.10000000,1770163199999,2180.14104000,35,7897.80000000,883.34506000,0
2026-02-04 00:00:00,0.108,0.1093,0.107,0.1093,7146.80000000,1770177599999,774.69693000,14,4021.20000000,437.50204000,0
2026-02-04 04:00:00,0.1083,0.1113,0.1083,0.1111,8858.00000000,1770191999999,975.09053000,10,7507.70000000,825.07220000,0
2026-02-04 08:00:00,0.1097,0.1108,0.1087,0.1087,9065.30000000,1770206399999,992.09586000,14,1549.80000000,171.18288000,0
2026-02-04 12:00:00,0.1084,0.1084,0.1052,0.1065,15602.90000000,1770220799999,1662.97713000,25,3985.80000000,424.97327000,0
2026-02-04 16:00:00,0.1059,0.1088,0.1055,0.1088,21089.00000000,1770235199999,2256.56905000,21,19425.30000000,2080.66592000,0
2026-02-04 20:00:00,0.1088,0.1088,0.1064,0.1083,23738.70000000,1770249599999,2559.52357000,33,10991.70000000,1193.87546000,0
2026-02-05 00:00:00,0.1086,0.11,0.1066,0.1066,19099.20000000,1770263999999,2064.38485000,34,8010.50000000,872.52287000,0
2026-02-05 04:00:00,0.1081,0.1081,0.1047,0.1054,30457.50000000,1770278399999,3238.68639000,41,13388.90000000,1429.93308000,0
2026-02-05 08:00:00,0.1058,0.1076,0.1015,0.1051,40819.00000000,1770292799999,4215.44753000,43,29272.60000000,3020.27920000,0
2026-02-05 12:00:00,0.1026,0.1039,0.0972,0.0984,26200.80000000,1770307199999,2602.84272000,36,7096.40000000,711.81762000,0
2026-02-05 16:00:00,0.0984,0.0995,0.0932,0.0938,100135.40000000,1770321599999,9545.01062000,101,37898.30000000,3634.39652000,0
2026-02-05 20:00:00,0.0928,0.0952,0.087,0.0922,79159.80000000,1770335999999,7148.08264000,125,37892.60000000,3437.25802000,0
2026-02-06 00:00:00,0.0912,0.0948,0.0865,0.0913,46048.60000000,1770350399999,4225.02245000,93,23955.50000000,2201.39595000,0
2026-02-06 04:00:00,0.0911,0.1032,0.0906,0.0982,48276.30000000,1770364799999,4701.45005000,111,31899.00000000,3068.00277000,0
2026-02-06 08:00:00,0.0972,0.0976,0.0939,0.0958,18207.30000000,1770379199999,1752.49845000,35,8608.90000000,827.87314000,0
2026-02-06 12:00:00,0.0958,0.0983,0.0952,0.0965,19738.60000000,1770393599999,1903.36755000,36,9234.50000000,894.67605000,0
2026-02-06 16:00:00,0.0975,0.0997,0.0936,0.0977,30085.00000000,1770407999999,2931.41708000,59,16559.60000000,1621.28065000,0
2026-02-06 20:00:00,0.0968,0.0992,0.0967,0.0967,13085.90000000,1770422399999,1275.40522000,24,8303.00000000,810.62340000,0
2026-02-07 00:00:00,0.0967,0.0968,0.0951,0.0966,18179.30000000,1770436799999,1744.87115000,38,9155.70000000,883.37381000,0
2026-02-07 04:00:00,0.0965,0.0965,0.0938,0.0953,12646.80000000,1770451199999,1203.30637000,28,4811.30000000,457.17206000,0
2026-02-07 08:00:00,0.0951,0.096,0.095,0.096,11602.20000000,1770465599999,1108.20051000,14,6115.10000000,584.14548000,0
2026-02-07 12:00:00,0.0968,0.0984,0.0964,0.0977,57357.80000000,1770479999999,5624.50771000,33,5896.70000000,572.42363000,0
2026-02-07 16:00:00,0.0976,0.0993,0.0962,0.0974,16881.80000000,1770494399999,1649.72064000,32,9322.70000000,912.31833000,0
2026-02-07 20:00:00,0.0976,0.0983,0.0965,0.0978,8273.80000000,1770508799999,803.55552000,12,2804.90000000,274.62995000,0
2026-02-08 00:00:00,0.0975,0.0977,0.0962,0.0962,5125.80000000,1770523199999,496.54883000,19,2936.70000000,285.74861000,0
2026-02-08 04:00:00,0.0959,0.0975,0.0958,0.0958,1105.30000000,1770537599999,106.02072000,6,912.10000000,87.51078000,0
2026-02-08 08:00:00,0.0969,0.0978,0.0964,0.0978,8600.40000000,1770551999999,835.69153000,10,7672.20000000,745.96411000,0
2026-02-08 12:00:00,0.0977,0.0983,0.0966,0.0966,6822.90000000,1770566399999,665.55793000,20,4049.10000000,395.51778000,0
2026-02-08 16:00:00,0.0967,0.0975,0.0945,0.0963,14929.20000000,1770580799999,1432.56123000,106,6316.10000000,608.31459000,0
2026-02-08 20:00:00,0.0967,0.0967,0.095,0.0955,4553.40000000,1770595199999,437.57122000,16,3205.20000000,308.16042000,0
2026-02-09 00:00:00,0.0957,0.0971,0.0955,0.0963,8683.80000000,1770609599999,832.65040000,16,2471.20000000,236.67774000,0
2026-02-09 04:00:00,0.0956,0.0972,0.0949,0.0952,3676.10000000,1770623999999,352.32896000,15,532.60000000,51.14038000,0
2026-02-09 08:00:00,0.0944,0.0944,0.0919,0.0926,6755.40000000,1770638399999,627.42884000,21,4195.20000000,390.35549000,0
2026-02-09 12:00:00,0.0928,0.0942,0.091,0.0932,19095.30000000,1770652799999,1766.47820000,35,11598.10000000,1079.38300000,0
2026-02-09 16:00:00,0.0933,0.0955,0.0933,0.0953,13329.70000000,1770667199999,1255.55086000,20,6553.40000000,615.80835000,0
2026-02-09 20:00:00,0.0941,0.0945,0.0935,0.0944,9517.60000000,1770681599999,895.26102000,25,3580.10000000,337.72607000,0
2026-02-10 00:00:00,0.0946,0.0956,0.0942,0.0947,8853.80000000,1770695999999,840.86820000,12,7243.50000000,688.25175000,0
2026-02-10 04:00:00,0.0944,0.0944,0.0927,0.0927,3741.60000000,1770710399999,350.98933000,6,1297.50000000,120.28465000,0
2026-02-10 08:00:00,0.093,0.093,0.0922,0.0922,1475.90000000,1770724799999,137.15082000,6,107.80000000,10.00384000,0
2026-02-10 12:00:00,0.0923,0.0928,0.0919,0.0922,4927.10000000,1770739199999,454.67158000,16,2092.60000000,192.93401000,0
2026-02-10 16:00:00,0.0922,0.0932,0.0901,0.0902,20859.50000000,1770753599999,1906.79588000,25,10907.00000000,1003.10148000,0
2026-02-10 20:00:00,0.0911,0.0915,0.0909,0.0909,3687.80000000,1770767999999,336.26706000,4,2601.00000000,237.47694000,0
2026-02-11 00:00:00,0.0915,0.0925,0.091,0.091,10489.40000000,1770782399999,959.20257000,14,5615.40000000,514.71012000,0
2026-02-11 04:00:00,0.0911,0.0912,0.0874,0.0887,9411.70000000,1770796799999,842.03166000,23,3042.60000000,270.98739000,0
2026-02-11 08:00:00,0.0898,0.0898,0.0885,0.0891,7605.00000000,1770811199999,675.60555000,11,7484.00000000,664.86075000,0
2026-02-11 12:00:00,0.0892,0.0923,0.0885,0.0885,16185.80000000,1770825599999,1455.42110000,35,4080.70000000,370.11168000,0
2026-02-11 16:00:00,0.0896,0.0904,0.0881,0.0902,11756.70000000,1770839999999,1049.96065000,25,8448.60000000,757.36432000,0
2026-02-11 20:00:00,0.0892,0.0902,0.0886,0.089,5901.70000000,1770854399999,529.50505000,12,5106.70000000,458.23491000,0
2026-02-12 00:00:00,0.09,0.0906,0.0894,0.0894,1755.70000000,1770868799999,157.70598000,5,1018.00000000,91.75560000,0
2026-02-12 04:00:00,0.0909,0.0915,0.0903,0.0908,3079.30000000,1770883199999,280.60305000,7,2885.60000000,262.90194000,0
2026-02-12 08:00:00,0.0917,0.093,0.0912,0.093,4134.30000000,1770897599999,382.00547000,6,3103.90000000,288.03299000,0
2026-02-12 12:00:00,0.0933,0.0935,0.0919,0.0932,12336.10000000,1770911999999,1149.34030000,19,6231.10000000,580.45711000,0
2026-02-12 16:00:00,0.0932,0.0948,0.0922,0.0946,16674.80000000,1770926399999,1553.51079000,26,8576.90000000,802.14944000,0
2026-02-12 20:00:00,0.0945,0.0963,0.0939,0.0963,5939.30000000,1770940799999,564.99305000,12,2584.80000000,248.47706000,0
2026-02-13 00:00:00,0.0954,0.0988,0.0954,0.0978,10713.00000000,1770955199999,1042.77235000,25,9641.80000000,938.16147000,0
2026-02-13 04:00:00,0.0973,0.0973,0.0949,0.0959,7887.80000000,1770969599999,760.07389000,21,1607.50000000,154.99150000,0
2026-02-13 08:00:00,0.0966,0.0966,0.0948,0.0955,5311.60000000,1770983999999,508.43032000,8,3831.90000000,367.40143000,0
2026-02-13 12:00:00,0.0978,0.0993,0.0964,0.0981,6162.90000000,1770998399999,601.45091000,9,6112.50000000,596.50403000,0
2026-02-13 16:00:00,0.0993,0.0997,0.0975,0.0997,23876.00000000,1771012799999,2346.91354000,30,8688.60000000,857.37810000,0
2026-02-13 20:00:00,0.1,0.1019,0.0999,0.1003,3450.80000000,1771027199999,347.02925000,9,2865.70000000,288.44230000,0
2026-02-14 00:00:00,0.1013,0.1017,0.1013,0.1017,115.30000000,1771041599999,11.70057000,2,51.70000000,5.25789000,0
2026-02-14 04:00:00,0.102,0.102,0.1005,0.1012,1195.30000000,1771055999999,120.91477000,6,1140.60000000,115.41742000,0
2026-02-14 08:00:00,0.1025,0.107,0.1013,0.107,8662.50000000,1771070399999,906.55332000,12,8178.90000000,857.22020000,0
2026-02-14 12:00:00,0.1072,0.1115,0.1072,0.1115,9510.60000000,1771084799999,1045.95164000,17,9302.30000000,1023.17485000,0
2026-02-14 16:00:00,0.1129,0.1176,0.1104,0.1121,36102.90000000,1771099199999,4110.79048000,59,17257.80000000,1965.16788000,0
2026-02-14 20:00:00,0.1102,0.1102,0.1081,0.1093,7248.40000000,1771113599999,795.65621000,14,1789.90000000,195.63607000,0
2026-02-15 00:00:00,0.1098,0.1098,0.1077,0.1077,9171.50000000,1771127999999,995.73595000,19,3341.90000000,366.26622000,0
2026-02-15 04:00:00,0.1092,0.1129,0.1092,0.1109,18399.50000000,1771142399999,2045.31594000,26,15359.40000000,1705.83153000,0
2026-02-15 08:00:00,0.1112,0.1112,0.1092,0.1092,6761.80000000,1771156799999,742.79914000,12,631.70000000,69.88312000,0
2026-02-15 12:00:00,0.1085,0.1085,0.105,0.1055,14812.50000000,1771171199999,1574.85300000,30,4220.40000000,446.53843000,0
2026-02-15 16:00:00,0.1068,0.1079,0.1063,0.1071,11398.20000000,1771185599999,1219.14717000,14,8431.00000000,902.23231000,0
2026-02-15 20:00:00,0.107,0.1086,0.106,0.1079,3147.70000000,1771199999999,337.44336000,7,1916.40000000,206.59376000,0
2026-02-16 00:00:00,0.1078,0.1079,0.1067,0.1067,3762.40000000,1771214399999,402.74234000,7,746.20000000,80.51498000,0
2026-02-16 04:00:00,0.1066,0.1066,0.1061,0.1061,2753.20000000,1771228799999,292.84473000,5,37.90000000,4.03635000,0
2026-02-16 08:00:00,0.1067,0.1067,0.1045,0.1045,3954.80000000,1771243199999,419.54756000,14,0.00000000,0.00000000,0
2026-02-16 12:00:00,0.1064,0.1071,0.1043,0.1067,10201.20000000,1771257599999,1077.37947000,20,7354.90000000,779.74848000,0
2026-02-16 16:00:00,0.1069,0.1074,0.106,0.106,5818.00000000,1771271999999,620.64563000,8,4741.80000000,506.39891000,0
2026-02-16 20:00:00,0.1069,0.1083,0.1057,0.108,7527.50000000,1771286399999,804.89784000,11,634.60000000,68.16896000,0
2026-02-17 00:00:00,0.1059,0.1074,0.1059,0.1074,150.50000000,1771300799999,16.11870000,2,120.50000000,12.94170000,0
2026-02-17 04:00:00,0.1074,0.1074,0.1074,0.1074,0.00000000,1771315199999,0.00000000,0,0.00000000,0.00000000,0
2026-02-17 08:00:00,0.1072,0.1087,0.1063,0.1074,9528.70000000,1771329599999,1020.50938000,13,4061.90000000,435.19693000,0
2026-02-17 12:00:00,0.1052,0.1074,0.1051,0.1071,3638.90000000,1771343999999,384.97111000,7,1518.30000000,161.97622000,0
2026-02-17 16:00:00,0.1075,0.1092,0.1075,0.109,6607.20000000,1771358399999,715.81516000,11,5242.70000000,568.68866000,0
2026-02-17 20:00:00,0.1097,0.1103,0.1073,0.1073,3966.90000000,1771372799999,433.59373000,13,1951.90000000,214.13447000,0
2026-02-18 00:00:00,0.1079,0.1083,0.1076,0.1076,10426.80000000,1771387199999,1123.43053000,7,229.60000000,24.86568000,0
2026-02-18 04:00:00,0.1096,0.1116,0.1096,0.1116,6961.70000000,1771401599999,767.52490000,9,6961.70000000,767.52490000,0
2026-02-18 08:00:00,0.111,0.111,0.1097,0.1097,99.30000000,1771415999999,10.93286000,2,0.00000000,0.00000000,0
2026-02-18 12:00:00,0.1097,0.1103,0.1083,0.1101,10994.00000000,1771430399999,1202.54300000,20,4088.30000000,450.08470000,0
2026-02-18 16:00:00,0.1098,0.1113,0.1098,0.1106,7553.60000000,1771444799999,837.53739000,13,5109.40000000,566.99765000,0
2026-02-18 20:00:00,0.1097,0.1097,0.1077,0.1077,8936.30000000,1771459199999,970.22355000,17,0.00000000,0.00000000,0
2026-02-19 00:00:00,0.1077,0.1083,0.1073,0.108,9034.80000000,1771473599999,974.81185000,12,5416.50000000,584.56783000,0
2026-02-19 04:00:00,0.1079,0.1079,0.1069,0.1069,6791.70000000,1771487999999,729.77616000,11,2745.00000000,296.18550000,0
2026-02-19 08:00:00,0.106,0.1081,0.106,0.1081,4278.50000000,1771502399999,457.38607000,4,1884.60000000,203.63267000,0
2026-02-19 12:00:00,0.106,0.106,0.1032,0.1047,18816.00000000,1771516799999,1966.35591000,31,8720.10000000,910.07153000,0
2026-02-19 16:00:00,0.1044,0.107,0.1044,0.1059,19261.70000000,1771531199999,2047.56111000,23,13069.10000000,1391.24174000,0
2026-02-19 20:00:00,0.1057,0.1057,0.1042,0.1045,14055.30000000,1771545599999,1469.28566000,10,1389.80000000,146.90186000,0
2026-02-20 00:00:00,0.1047,0.1058,0.1047,0.1054,3755.60000000,1771559999999,396.64606000,5,2166.50000000,229.16850000,0
2026-02-20 04:00:00,0.1063,0.1071,0.1045,0.1045,2263.30000000,1771574399999,238.17114000,8,1007.60000000,106.50616000,0
2026-02-20 08:00:00,0.1061,0.1075,0.106,0.1075,7129.40000000,1771588799999,759.59656000,8,6316.30000000,673.40796000,0
2026-02-20 12:00:00,0.1056,0.1077,0.1039,0.107,24682.80000000,1771603199999,2602.14033000,34,9561.70000000,1006.00813000,0
2026-02-20 16:00:00,0.1075,0.1075,0.1038,0.1058,29282.40000000,1771617599999,3083.21727000,46,16381.30000000,1729.24269000,0
2026-02-20 20:00:00,0.1056,0.1058,0.1056,0.1058,473.20000000,1771631999999,49.98504000,3,473.20000000,49.98504000,0
2026-02-21 00:00:00,0.1062,0.107,0.106,0.1069,15341.90000000,1771646399999,1630.16739000,10,4006.50000000,427.83368000,0
2026-02-21 04:00:00,0.1075,0.1088,0.1075,0.1087,2950.00000000,1771660799999,320.77684000,5,2581.80000000,280.75350000,0
2026-02-21 08:00:00,0.1107,0.1109,0.1107,0.1107,13791.70000000,1771675199999,1528.68693000,6,12706.60000000,1408.56636000,0
2026-02-21 12:00:00,0.1115,0.1151,0.1115,0.1138,19830.10000000,1771689599999,2235.59472000,13,8259.10000000,939.44493000,0
2026-02-21 16:00:00,0.1131,0.1148,0.1109,0.1133,13981.20000000,1771703999999,1569.40275000,27,3942.10000000,442.99870000,0
2026-02-21 20:00:00,0.1127,0.1377,0.1103,0.1103,48330.50000000,1771718399999,5910.39725000,53,35994.30000000,4513.36724000,0
2026-02-22 00:00:00,0.11,0.11,0.1077,0.1077,5502.40000000,1771732799999,599.50752000,8,681.80000000,74.24802000,0
2026-02-22 04:00:00,0.1081,0.1081,0.1081,0.1081,1074.50000000,1771747199999,116.15345000,1,1074.50000000,116.15345000,0
2026-02-22 08:00:00,0.1102,0.1102,0.1074,0.1078,3412.20000000,1771761599999,368.27998000,7,3148.90000000,339.94936000,0
2026-02-22 12:00:00,0.107,0.107,0.1059,0.1059,6881.00000000,1771775999999,732.89103000,8,40.90000000,4.33131000,0
2026-02-22 16:00:00,0.1055,0.1062,0.1053,0.1062,1199.40000000,1771790399999,126.86433000,10,881.50000000,93.33992000,0
2026-02-22 20:00:00,0.1055,0.1065,0.1054,0.1064,15183.10000000,1771804799999,1606.43939000,11,13977.60000000,1479.36301000,0
2026-02-23 00:00:00,0.1072,0.1072,0.1012,0.1042,35508.80000000,1771819199999,3671.98542000,52,14736.20000000,1530.64777000,0
2026-02-23 04:00:00,0.104,0.1046,0.104,0.1046,4435.80000000,1771833599999,462.92545000,4,4435.80000000,462.92545000,0
2026-02-23 08:00:00,0.1055,0.1109,0.1055,0.1088,8752.00000000,1771847999999,952.67424000,12,8405.60000000,915.01322000,0
2026-02-23 12:00:00,0.1089,0.1095,0.1084,0.1084,9407.40000000,1771862399999,1022.75988000,16,0.00000000,0.00000000,0
2026-02-23 16:00:00,0.1092,0.1114,0.106,0.1061,26168.60000000,1771876799999,2830.73489000,35,13424.70000000,1465.44100000,0
2026-02-23 20:00:00,0.1057,0.1078,0.1057,0.1059,820.20000000,1771891199999,87.07666000,7,192.70000000,20.63059000,0
2026-02-24 00:00:00,0.1073,0.1074,0.1054,0.1057,5996.80000000,1771905599999,636.58736000,14,1647.00000000,176.62509000,0
2026-02-24 04:00:00,0.1054,0.1055,0.1045,0.1045,8056.10000000,1771919999999,846.21428000,12,3078.50000000,324.16605000,0
2026-02-24 08:00:00,0.1044,0.1058,0.1043,0.1058,1326.30000000,1771934399999,138.56507000,3,90.80000000,9.60664000,0
2026-02-24 12:00:00,0.1064,0.1088,0.106,0.1083,10401.90000000,1771948799999,1119.54913000,15,10220.70000000,1100.22778000,0
2026-02-24 16:00:00,0.1095,0.1115,0.1084,0.1112,15634.70000000,1771963199999,1728.00910000,30,8107.60000000,897.39362000,0
2026-02-24 20:00:00,0.1121,0.1173,0.1119,0.1127,44603.70000000,1771977599999,5076.05230000,73,31578.90000000,3598.42148000,0
2026-02-25 00:00:00,0.1124,0.1172,0.1118,0.1149,23529.50000000,1771991999999,2690.85630000,36,16954.50000000,1941.81036000,0
2026-02-25 04:00:00,0.1142,0.1147,0.1117,0.1143,24196.80000000,1772006399999,2754.09577000,28,5654.80000000,646.95556000,0
2026-02-25 08:00:00,0.1131,0.115,0.1126,0.1138,11473.90000000,1772020799999,1307.63812000,14,6694.10000000,766.21159000,0
2026-02-25 12:00:00,0.1141,0.1157,0.1141,0.1141,14372.30000000,1772035199999,1648.16262000,18,7354.50000000,845.03411000,0
2026-02-25 16:00:00,0.1146,0.1179,0.113,0.1179,17480.50000000,1772049599999,2034.03703000,30,9073.30000000,1056.74813000,0
2026-02-25 20:00:00,0.1179,0.1181,0.1127,0.1127,11239.10000000,1772063999999,1297.89952000,28,1906.70000000,224.41641000,0
2026-02-26 00:00:00,0.1141,0.1158,0.1125,0.1125,6796.00000000,1772078399999,770.91622000,7,5008.30000000,569.79997000,0
2026-02-26 04:00:00,0.1156,0.1156,0.1113,0.1113,29744.10000000,1772092799999,3371.47655000,47,12059.60000000,1378.95363000,0
2026-02-26 08:00:00,0.1111,0.1111,0.1087,0.1109,6431.40000000,1772107199999,710.84922000,12,3599.20000000,399.16228000,0
2026-02-26 12:00:00,0.11,0.1114,0.1097,0.1105,14046.40000000,1772121599999,1548.21156000,13,3638.40000000,401.77742000,0
2026-02-26 16:00:00,0.1088,0.11,0.1088,0.11,2905.10000000,1772135999999,317.77816000,5,1419.40000000,156.13400000,0
2026-02-26 20:00:00,0.1104,0.1104,0.1093,0.1101,3513.80000000,1772150399999,386.95201000,4,3462.70000000,381.36678000,0
2026-02-27 00:00:00,0.1108,0.1127,0.1089,0.1127,3756.40000000,1772164799999,418.91014000,8,3572.30000000,398.86165000,0
2026-02-27 04:00:00,0.1129,0.1154,0.1129,0.1154,3386.10000000,1772179199999,383.57950000,7,3206.80000000,363.24688000,0
2026-02-27 08:00:00,0.1167,0.1167,0.1105,0.1106,13295.60000000,1772193599999,1500.59519000,30,716.20000000,83.58054000,0
2026-02-27 12:00:00,0.11,0.1116,0.1097,0.1097,8534.40000000,1772207999999,941.09942000,11,4818.10000000,532.25371000,0
2026-02-27 16:00:00,0.1103,0.1103,0.1064,0.1075,12772.00000000,1772222399999,1380.22700000,32,5732.70000000,620.22964000,0
2026-02-27 20:00:00,0.1085,0.1094,0.1074,0.1094,5117.80000000,1772236799999,554.29122000,9,3580.10000000,388.37339000,0
2026-02-28 00:00:00,0.1079,0.1079,0.1074,0.1074,1901.80000000,1772251199999,204.40157000,4,417.50000000,44.98775000,0
2026-02-28 04:00:00,0.1071,0.1071,0.102,0.1044,31980.40000000,1772265599999,3355.40660000,45,6125.40000000,644.49354000,0
2026-02-28 08:00:00,0.103,0.1039,0.1007,0.1019,13890.70000000,1772279999999,1422.06787000,47,8546.80000000,876.59288000,0
2026-02-28 12:00:00,0.1023,0.1057,0.1022,0.1057,14376.50000000,1772294399999,1491.50726000,20,12611.30000000,1308.27863000,0
2026-02-28 16:00:00,0.1053,0.1067,0.1045,0.1065,3602.50000000,1772308799999,383.23260000,6,3036.90000000,323.74095000,0
2026-02-28 20:00:00,0.1074,0.1088,0.1074,0.1088,2936.80000000,1772323199999,318.96626000,4,2936.80000000,318.96626000,0
2026-03-01 00:00:00,0.108,0.1126,0.108,0.1113,9329.50000000,1772337599999,1028.24471000,15,6044.10000000,669.25854000,0
2026-03-01 04:00:00,0.1089,0.1089,0.1089,0.1089,1613.80000000,1772351999999,175.74282000,2,0.00000000,0.00000000,0
2026-03-01 08:00:00,0.1094,0.1094,0.1065,0.1073,9469.40000000,1772366399999,1021.27574000,22,249.10000000,27.10391000,0
2026-03-01 12:00:00,0.106,0.1081,0.1052,0.1081,11289.40000000,1772380799999,1206.04345000,15,6066.30000000,650.98008000,0
2026-03-01 16:00:00,0.1059,0.106,0.1039,0.1039,24273.00000000,1772395199999,2529.62029000,19,617.10000000,64.66666000,0
2026-03-01 20:00:00,0.1039,0.1049,0.1026,0.1047,11419.70000000,1772409599999,1186.02810000,15,4579.40000000,478.01782000,0
2026-03-02 00:00:00,0.1063,0.1087,0.1061,0.1064,9711.40000000,1772423999999,1037.17891000,20,9596.60000000,1024.92156000,0
2026-03-02 04:00:00,0.1061,0.1064,0.1061,0.1063,1634.30000000,1772438399999,173.70353000,4,0.00000000,0.00000000,0
2026-03-02 08:00:00,0.1045,0.1045,0.1022,0.1022,11649.10000000,1772452799999,1211.73419000,18,1478.10000000,154.16583000,0
2026-03-02 12:00:00,0.1022,0.1046,0.1014,0.1046,23524.50000000,1772467199999,2421.55239000,18,10839.40000000,1125.91805000,0
2026-03-02 16:00:00,0.1057,0.1057,0.1014,0.1026,24847.90000000,1772481599999,2553.99875000,27,13771.70000000,1419.53364000,0
2026-03-02 20:00:00,0.1019,0.1029,0.1013,0.1013,14688.40000000,1772495999999,1501.72629000,38,11482.90000000,1175.23035000,0
2026-03-03 00:00:00,0.1014,0.1015,0.1005,0.1005,5748.70000000,1772510399999,581.84290000,9,0.00000000,0.00000000,0
2026-03-03 04:00:00,0.1001,0.1008,0.0992,0.0992,5697.80000000,1772524799999,569.23230000,18,530.70000000,53.08618000,0
2026-03-03 08:00:00,0.0992,0.0993,0.0979,0.0986,10699.30000000,1772539199999,1055.14150000,23,3138.70000000,308.63517000,0
2026-03-03 12:00:00,0.0991,0.1008,0.0991,0.1008,21032.70000000,1772553599999,2102.46860000,26,14155.70000000,1412.61466000,0
2026-03-03 16:00:00,0.101,0.1015,0.1002,0.1006,16056.30000000,1772567999999,1619.67683000,18,8717.20000000,880.13210000,0
2026-03-03 20:00:00,0.1021,0.1021,0.0998,0.1009,5335.00000000,1772582399999,535.12337000,12,2063.20000000,207.18022000,0
2026-03-04 00:00:00,0.1006,0.1021,0.1004,0.1019,9330.20000000,1772596799999,946.56994000,14,6748.60000000,684.95690000,0
2026-03-04 04:00:00,0.1006,0.1025,0.1006,0.1025,8110.00000000,1772611199999,823.67881000,8,6149.90000000,626.49275000,0
2026-03-04 08:00:00,0.1016,0.1049,0.1016,0.103,11763.80000000,1772625599999,1216.79032000,28,3265.00000000,341.10309000,0
2026-03-04 12:00:00,0.1023,0.1056,0.1018,0.1056,14461.20000000,1772639999999,1490.42685000,16,9955.50000000,1030.71119000,0
2026-03-04 16:00:00,0.1062,0.1062,0.103,0.1057,12850.80000000,1772654399999,1338.28587000,17,4357.10000000,455.78839000,0
2026-03-04 20:00:00,0.1047,0.1047,0.1033,0.1033,6364.50000000,1772668799999,661.48212000,6,3098.60000000,324.11465000,0
2026-03-05 00:00:00,0.1037,0.1042,0.1021,0.1042,11870.00000000,1772683199999,1224.57984000,15,1778.90000000,185.36138000,0
2026-03-05 04:00:00,0.1029,0.1029,0.1029,0.1029,394.90000000,1772697599999,40.63521000,2,0.00000000,0.00000000,0
2026-03-05 08:00:00,0.102,0.1038,0.102,0.1038,4693.80000000,1772711999999,484.25560000,5,2950.80000000,306.29304000,0
2026-03-05 12:00:00,0.1029,0.1035,0.1007,0.1007,8891.70000000,1772726399999,911.53847000,13,3016.40000000,312.01752000,0
2026-03-05 16:00:00,0.1004,0.102,0.0984,0.102,16620.40000000,1772740799999,1668.61184000,38,9938.30000000,999.45712000,0
2026-03-05 20:00:00,0.1021,0.1023,0.1021,0.1023,520.70000000,1772755199999,53.17329000,2,520.70000000,53.17329000,0
2026-03-06 00:00:00,0.1023,0.1023,0.1023,0.1023,0.00000000,1772769599999,0.00000000,0,0.00000000,0.00000000,0
2026-03-06 04:00:00,0.101,0.1025,0.101,0.1025,7140.40000000,1772783999999,727.30950000,5,5473.40000000,558.94250000,0
2026-03-06 08:00:00,0.1023,0.1023,0.0992,0.0993,11038.60000000,1772798399999,1108.69772000,24,344.70000000,34.56745000,0
2026-03-06 12:00:00,0.0989,0.1001,0.0979,0.0979,7764.60000000,1772812799999,766.75385000,19,5051.20000000,500.84065000,0
2026-03-06 16:00:00,0.0969,0.0989,0.0966,0.0989,10278.10000000,1772827199999,1005.19814000,19,7178.20000000,704.58011000,0
2026-03-06 20:00:00,0.0986,0.0989,0.0981,0.0987,1753.20000000,1772841599999,172.94532000,8,1717.50000000,169.44315000,0
2026-03-07 00:00:00,0.0974,0.0992,0.0974,0.0988,348.90000000,1772855999999,34.49976000,5,314.50000000,31.14920000,0
2026-03-07 04:00:00,0.0966,0.0983,0.0966,0.0977,2277.80000000,1772870399999,223.19366000,7,648.50000000,63.44363000,0
2026-03-07 08:00:00,0.0978,0.0978,0.0978,0.0978,786.00000000,1772884799999,76.87080000,1,0.00000000,0.00000000,0
2026-03-07 12:00:00,0.0976,0.0978,0.0971,0.0978,1605.10000000,1772899199999,156.60483000,4,1605.10000000,156.60483000,0
2026-03-07 16:00:00,0.0969,0.0977,0.0953,0.0953,5124.00000000,1772913599999,491.78521000,14,306.60000000,29.86642000,0
2026-03-07 20:00:00,0.0959,0.0959,0.0942,0.0951,4784.10000000,1772927999999,452.64857000,19,557.20000000,53.11284000,0
2026-03-08 00:00:00,0.0942,0.0951,0.0937,0.0938,1852.90000000,1772942399999,175.09768000,6,1267.60000000,120.20004000,0
2026-03-08 04:00:00,0.0936,0.0956,0.0935,0.0942,12139.10000000,1772956799999,1148.91366000,16,9032.90000000,858.01385000,0
2026-03-08 08:00:00,0.0939,0.0958,0.0939,0.0953,4993.70000000,1772971199999,476.72772000,6,4977.70000000,475.22532000,0
2026-03-08 12:00:00,0.095,0.095,0.0944,0.0944,7318.60000000,1772985599999,694.21708000,12,1325.50000000,125.65740000,0
2026-03-08 16:00:00,0.0944,0.0977,0.0942,0.0977,10138.90000000,1772999999999,971.07586000,11,1926.30000000,182.90774000,0
2026-03-08 20:00:00,0.0958,0.0958,0.0944,0.0956,9789.50000000,1773014399999,934.42879000,15,7557.00000000,720.91719000,0
2026-03-09 00:00:00,0.096,0.0971,0.0959,0.0965,12757.50000000,1773028799999,1231.36109000,18,5139.80000000,497.41421000,0
2026-03-09 04:00:00,0.097,0.0973,0.0964,0.0973,2132.40000000,1773043199999,206.64339000,4,2132.40000000,206.64339000,0
2026-03-09 08:00:00,0.0968,0.0968,0.0961,0.0961,1227.20000000,1773057599999,118.20176000,3,412.10000000,39.87065000,0
2026-03-09 12:00:00,0.0979,0.0979,0.0971,0.0971,1653.50000000,1773071999999,160.78293000,3,285.10000000,27.91129000,0
2026-03-09 16:00:00,0.0949,0.0964,0.0949,0.0963,10621.90000000,1773086399999,1019.09562000,13,3246.60000000,312.76855000,0
2026-03-09 20:00:00,0.0961,0.0962,0.0959,0.0959,3428.10000000,1773100799999,329.49585000,4,3178.60000000,305.56880000,0
2026-03-10 00:00:00,0.0971,0.0971,0.0957,0.0957,4635.30000000,1773115199999,443.61473000,2,0.00000000,0.00000000,0
2026-03-10 04:00:00,0.0968,0.0968,0.0968,0.0968,82.00000000,1773129599999,7.93760000,1,0.00000000,0.00000000,0
2026-03-10 08:00:00,0.0974,0.0977,0.0974,0.0977,11333.60000000,1773143999999,1104.23891000,11,933.20000000,91.17364000,0
2026-03-10 12:00:00,0.0971,0.0989,0.0962,0.0981,20944.10000000,1773158399999,2044.96102000,23,14578.40000000,1429.71700000,0
2026-03-10 16:00:00,0.0995,0.0996,0.0951,0.097,16262.40000000,1773172799999,1578.97977000,22,9520.70000000,918.40465000,0
2026-03-10 20:00:00,0.0978,0.0983,0.0961,0.0963,3621.60000000,1773187199999,349.92650000,14,471.30000000,45.81328000,0
2026-03-11 00:00:00,0.0962,0.0962,0.0953,0.0953,484.80000000,1773201599999,46.43481000,2,259.30000000,24.94466000,0
2026-03-11 04:00:00,0.0971,0.0971,0.0963,0.0963,1503.40000000,1773215999999,145.93870000,2,1451.60000000,140.95036000,0
2026-03-11 08:00:00,0.0958,0.0965,0.0958,0.0965,394.60000000,1773230399999,37.94044000,2,196.80000000,18.99120000,0
2026-03-11 12:00:00,0.0971,0.098,0.0967,0.0969,3190.20000000,1773244799999,311.69245000,13,2912.00000000,284.62191000,0
2026-03-11 16:00:00,0.0977,0.0983,0.0961,0.0975,2126.80000000,1773259199999,206.94379000,10,142.80000000,13.98816000,0
2026-03-11 20:00:00,0.0981,0.0987,0.0977,0.0979,7138.40000000,1773273599999,700.40959000,22,5142.00000000,505.06227000,0
2026-03-12 00:00:00,0.0976,0.0976,0.0974,0.0974,4514.80000000,1773287999999,440.19714000,10,297.70000000,28.99598000,0
2026-03-12 04:00:00,0.0976,0.0976,0.0968,0.0973,7161.80000000,1773302399999,697.75714000,8,5529.20000000,538.74190000,0
2026-03-12 08:00:00,0.098,0.0988,0.098,0.0988,1401.10000000,1773316799999,137.62639000,4,1249.50000000,122.64831000,0
2026-03-12 12:00:00,0.0984,0.0984,0.0958,0.098,8206.90000000,1773331199999,800.86927000,24,2488.00000000,243.07013000,0
2026-03-12 16:00:00,0.0992,0.0992,0.0982,0.0986,4263.40000000,1773345599999,419.11666000,6,3916.40000000,385.04126000,0
2026-03-12 20:00:00,0.0976,0.0996,0.0976,0.0996,361.30000000,1773359999999,35.34328000,2,40.20000000,4.00392000,0
2026-03-13 00:00:00,0.1,0.1,0.0985,0.0985,444.30000000,1773374399999,44.27800000,5,348.30000000,34.82200000,0
2026-03-13 04:00:00,0.0987,0.0995,0.0976,0.0984,4406.60000000,1773388799999,433.07256000,9,132.70000000,13.13249000,0
2026-03-13 08:00:00,0.0983,0.0984,0.0978,0.0984,3403.00000000,1773403199999,334.50903000,4,3055.40000000,300.48796000,0
2026-03-13 12:00:00,0.0993,0.0993,0.0971,0.0973,8340.60000000,1773417599999,821.97703000,13,957.20000000,95.02963000,0
2026-03-13 16:00:00,0.0995,0.0995,0.0957,0.0973,7090.00000000,1773431999999,687.18085000,23,633.20000000,61.15245000,0
2026-03-13 20:00:00,0.0959,0.0959,0.0946,0.0946,3463.70000000,1773446399999,330.39053000,9,1740.10000000,166.52169000,0
2026-03-14 00:00:00,0.0948,0.097,0.0948,0.097,1420.90000000,1773460799999,135.99251000,3,1420.90000000,135.99251000,0
2026-03-14 04:00:00,0.0961,0.0961,0.0961,0.0961,2866.40000000,1773475199999,275.46104000,2,2866.40000000,275.46104000,0
2026-03-14 08:00:00,0.0954,0.0966,0.0954,0.0966,718.00000000,1773489599999,69.02983000,3,531.30000000,51.21865000,0
2026-03-14 12:00:00,0.0973,0.0973,0.096,0.096,8923.80000000,1773503999999,863.03116000,10,2770.30000000,268.33479000,0
2026-03-14 16:00:00,0.096,0.0972,0.0957,0.0957,2467.80000000,1773518399999,236.87232000,4,1889.80000000,181.55772000,0
2026-03-14 20:00:00,0.0959,0.0963,0.0959,0.0963,7569.20000000,1773532799999,728.02679000,5,7569.20000000,728.02679000,0
2026-03-15 00:00:00,0.0965,0.0972,0.0965,0.0971,2941.90000000,1773547199999,285.05577000,18,2778.10000000,269.23269000,0
2026-03-15 04:00:00,0.0963,0.0963,0.0959,0.0959,374.40000000,1773561599999,36.05004000,2,362.70000000,34.92801000,0
2026-03-15 08:00:00,0.0956,0.0957,0.0956,0.0957,120.20000000,1773575999999,11.50196000,2,0.00000000,0.00000000,0
2026-03-15 12:00:00,0.0966,0.0966,0.0961,0.0961,116.70000000,1773590399999,11.26642000,2,116.70000000,11.26642000,0
2026-03-15 16:00:00,0.0967,0.0973,0.0967,0.0973,151.70000000,1773604799999,14.73041000,2,151.70000000,14.73041000,0
2026-03-15 20:00:00,0.0958,0.0976,0.0957,0.0976,1950.30000000,1773619199999,187.82376000,5,606.30000000,59.09858000,0
2026-03-16 00:00:00,0.0981,0.0994,0.0957,0.0993,1253.20000000,1773633599999,124.15305000,8,1013.20000000,100.46505000,0
2026-03-16 04:00:00,0.1,0.1004,0.1,0.1003,10577.10000000,1773647999999,1061.56453000,13,43.80000000,4.38000000,0
2026-03-16 08:00:00,0.1006,0.1014,0.1001,0.1013,7729.30000000,1773662399999,777.74555000,12,3491.00000000,351.73244000,0
2026-03-16 12:00:00,0.1001,0.1006,0.0997,0.0997,5833.80000000,1773676799999,584.41665000,10,2345.40000000,235.62558000,0
2026-03-16 16:00:00,0.1001,0.1025,0.1001,0.1015,7262.00000000,1773691199999,737.55452000,13,3660.70000000,374.46599000,0
2026-03-16 20:00:00,0.1015,0.1031,0.1015,0.1017,12468.90000000,1773705599999,1271.99030000,27,6701.30000000,684.20117000,0
2026-03-17 00:00:00,0.1015,0.1015,0.1007,0.1007,3360.40000000,1773719999999,341.00178000,6,1322.40000000,134.18352000,0
2026-03-17 04:00:00,0.1002,0.1002,0.0996,0.1001,7382.20000000,1773734399999,737.71246000,11,3445.00000000,344.00356000,0
2026-03-17 08:00:00,0.0999,0.0999,0.0996,0.0996,2121.80000000,1773748799999,211.89006000,5,0.00000000,0.00000000,0
2026-03-17 12:00:00,0.0998,0.0998,0.0989,0.0989,706.40000000,1773763199999,70.47802000,4,0.00000000,0.00000000,0
2026-03-17 16:00:00,0.0997,0.0998,0.0996,0.0996,603.80000000,1773777599999,60.23032000,8,239.20000000,23.84524000,0
2026-03-17 20:00:00,0.0992,0.1001,0.0986,0.0996,65386.20000000,1773791999999,6457.08806000,11,1424.90000000,142.03863000,0
2026-03-18 00:00:00,0.1017,0.1017,0.1017,0.1017,49.50000000,1773806399999,5.03415000,1,49.50000000,5.03415000,0
2026-03-18 04:00:00,0.1002,0.1002,0.1002,0.1002,1995.40000000,1773820799999,199.93908000,2,1995.40000000,199.93908000,0
2026-03-18 08:00:00,0.1018,0.1018,0.098,0.098,5854.10000000,1773835199999,576.52039000,8,58.90000000,5.99602000,0
2026-03-18 12:00:00,0.0979,0.0989,0.0963,0.0969,7788.30000000,1773849599999,760.87850000,41,6550.10000000,640.62236000,0
2026-03-18 16:00:00,0.0976,0.0976,0.0968,0.0968,616.10000000,1773863999999,60.05864000,5,573.90000000,55.97368000,0
2026-03-18 20:00:00,0.0965,0.0978,0.0962,0.0969,4440.50000000,1773878399999,428.78916000,15,2799.40000000,270.44473000,0
2026-03-19 00:00:00,0.0969,0.0969,0.0969,0.0969,10.60000000,1773892799999,1.02714000,1,0.00000000,0.00000000,0
2026-03-19 04:00:00,0.0961,0.0962,0.0961,0.0962,4391.00000000,1773907199999,422.10165000,3,1265.50000000,121.74110000,0
2026-03-19 08:00:00,0.0956,0.0956,0.0956,0.0956,73.80000000,1773921599999,7.05528000,1,0.00000000,0.00000000,0
2026-03-19 12:00:00,0.0959,0.0959,0.0949,0.0959,49532.10000000,1773935999999,4706.99121000,25,110.30000000,10.51462000,0
2026-03-19 16:00:00,0.0969,0.0969,0.0969,0.0969,52.00000000,1773950399999,5.03880000,1,52.00000000,5.03880000,0
2026-03-19 20:00:00,0.095,0.0977,0.095,0.0977,2507.60000000,1773964799999,238.85269000,4,1677.10000000,159.91342000,0
2026-03-20 00:00:00,0.0961,0.0978,0.0959,0.0978,16918.00000000,1773979199999,1648.06511000,8,3192.30000000,312.17638000,0
2026-03-20 04:00:00,0.0983,0.0986,0.0975,0.0975,7874.80000000,1773993599999,773.83968000,7,6050.40000000,595.96068000,0
2026-03-20 08:00:00,0.0975,0.0989,0.0963,0.0987,3507.00000000,1774007999999,344.36805000,9,2752.60000000,271.26562000,0
2026-03-20 12:00:00,0.0988,0.0997,0.0961,0.0982,13974.20000000,1774022399999,1360.94142000,83,4701.10000000,463.24027000,0
2026-03-20 16:00:00,0.0988,0.1009,0.0967,0.097,18800.00000000,1774036799999,1858.67365000,51,7793.40000000,779.40536000,0
2026-03-20 20:00:00,0.0968,0.0987,0.0967,0.0987,5812.60000000,1774051199999,567.53412000,6,3698.50000000,362.99735000,0
2026-03-21 00:00:00,0.0981,0.0997,0.0969,0.0983,3222.40000000,1774065599999,314.99589000,27,888.70000000,87.18032000,0
2026-03-21 04:00:00,0.0967,0.0974,0.0967,0.0974,1389.20000000,1774079999999,135.17644000,4,1354.10000000,131.78227000,0
2026-03-21 08:00:00,0.0963,0.097,0.0959,0.0959,5851.10000000,1774094399999,564.70474000,13,2346.60000000,227.51085000,0
2026-03-21 12:00:00,0.0977,0.0977,0.0977,0.0977,207.60000000,1774108799999,20.28252000,1,207.60000000,20.28252000,0
2026-03-21 16:00:00,0.0965,0.0971,0.0958,0.0971,9961.90000000,1774123199999,960.31254000,17,215.30000000,20.80071000,0
2026-03-21 20:00:00,0.0965,0.0979,0.0951,0.0951,20063.00000000,1774137599999,1926.28401000,90,5697.30000000,546.06457000,0
2026-03-22 00:00:00,0.0931,0.0966,0.0927,0.0949,15215.40000000,1774151999999,1447.94646000,35,10591.50000000,1012.00577000,0
2026-03-22 04:00:00,0.0954,0.0954,0.0931,0.0945,4305.50000000,1774166399999,407.77978000,11,3246.80000000,307.34502000,0
2026-03-22 08:00:00,0.094,0.094,0.0927,0.0933,4910.60000000,1774180799999,457.71479000,8,0.00000000,0.00000000,0
2026-03-22 12:00:00,0.0931,0.0931,0.0931,0.0931,566.90000000,1774195199999,52.77839000,2,0.00000000,0.00000000,0
2026-03-22 16:00:00,0.0932,0.0932,0.0925,0.0925,2035.40000000,1774209599999,189.29128000,5,0.00000000,0.00000000,0
2026-03-22 20:00:00,0.0927,0.0927,0.0923,0.0923,1632.50000000,1774223999999,151.10701000,5,0.00000000,0.00000000,0
2026-03-23 00:00:00,0.0922,0.0939,0.0909,0.0912,6211.10000000,1774238399999,575.37545000,13,4054.20000000,375.53894000,0
2026-03-23 04:00:00,0.0936,0.0937,0.091,0.0921,4408.50000000,1774252799999,410.69596000,5,4397.70000000,409.71316000,0
2026-03-23 08:00:00,0.0916,0.0945,0.0909,0.0942,5402.80000000,1774267199999,505.80354000,8,4875.60000000,456.50448000,0
2026-03-23 12:00:00,0.0946,0.0962,0.0945,0.0951,6218.70000000,1774281599999,589.49988000,11,839.70000000,79.66448000,0
2026-03-23 16:00:00,0.0953,0.0969,0.095,0.0967,4338.90000000,1774295999999,416.66950000,12,2973.20000000,285.71284000,0
2026-03-23 20:00:00,0.0965,0.0965,0.0965,0.0965,816.00000000,1774310399999,78.74400000,1,816.00000000,78.74400000,0
2026-03-24 00:00:00,0.0958,0.0959,0.0945,0.0945,7286.20000000,1774324799999,692.00472000,5,2280.00000000,218.60482000,0
2026-03-24 04:00:00,0.0958,0.096,0.0958,0.096,1408.50000000,1774339199999,135.14620000,4,1395.30000000,133.87900000,0
2026-03-24 08:00:00,0.0952,0.0952,0.0952,0.0952,20.30000000,1774353599999,1.93256000,1,0.00000000,0.00000000,0
2026-03-24 12:00:00,0.0948,0.095,0.0931,0.095,5475.50000000,1774367999999,518.02771000,11,0.00000000,0.00000000,0
2026-03-24 16:00:00,0.0945,0.0946,0.0941,0.0941,2376.60000000,1774382399999,224.63333000,4,2316.10000000,218.94028000,0
2026-03-24 20:00:00,0.0942,0.0942,0.0942,0.0942,157.20000000,1774396799999,14.80824000,1,0.00000000,0.00000000,0
2026-03-25 00:00:00,0.0967,0.0967,0.0943,0.0962,1755.70000000,1774411199999,167.74135000,4,1208.70000000,116.15925000,0
2026-03-25 04:00:00,0.097,0.0976,0.0964,0.0964,8565.10000000,1774425599999,832.86523000,5,755.40000000,72.98142000,0
2026-03-25 08:00:00,0.0959,0.0959,0.0959,0.0959,399.30000000,1774439999999,38.29287000,1,0.00000000,0.00000000,0
2026-03-25 12:00:00,0.0969,0.0984,0.0969,0.0973,7703.20000000,1774454399999,749.87828000,13,652.10000000,63.79712000,0
2026-03-25 16:00:00,0.0986,0.0986,0.0986,0.0986,3124.30000000,1774468799999,308.05598000,1,3124.30000000,308.05598000,0
2026-03-25 20:00:00,0.0977,0.0977,0.0975,0.0975,161.40000000,1774483199999,15.76370000,2,136.00000000,13.28720000,0
2026-03-26 00:00:00,0.0989,0.0989,0.0974,0.0974,874.50000000,1774497599999,86.35200000,4,851.60000000,84.12154000,0
2026-03-26 04:00:00,0.0963,0.0963,0.0961,0.0961,3167.30000000,1774511999999,304.38589000,3,0.00000000,0.00000000,0
2026-03-26 08:00:00,0.0961,0.0961,0.0961,0.0961,0.00000000,1774526399999,0.00000000,0,0.00000000,0.00000000,0
2026-03-26 12:00:00,0.0943,0.0946,0.0922,0.0938,9310.70000000,1774540799999,875.09735000,5,7790.20000000,731.49978000,0
2026-03-26 16:00:00,0.0952,0.0952,0.0936,0.0936,1277.80000000,1774555199999,119.93664000,2,209.10000000,19.90632000,0
2026-03-26 20:00:00,0.0954,0.0962,0.0945,0.0959,1324.10000000,1774569599999,125.47668000,4,1324.10000000,125.47668000,0
2026-03-27 00:00:00,0.0948,0.0961,0.0948,0.0961,9802.50000000,1774583999999,929.41233000,2,104.10000000,10.00401000,0
2026-03-27 04:00:00,0.0962,0.0962,0.0956,0.0956,2187.30000000,1774598399999,210.40668000,3,2168.00000000,208.56160000,0
2026-03-27 08:00:00,0.0967,0.0969,0.092,0.092,10575.80000000,1774612799999,1009.03286000,17,3236.60000000,312.91042000,0
2026-03-27 12:00:00,0.0914,0.0914,0.0905,0.0905,5589.10000000,1774627199999,507.65834000,14,307.00000000,28.00056000,0
2026-03-27 16:00:00,0.0901,0.0906,0.09,0.0906,11291.80000000,1774641599999,1022.06587000,12,6212.60000000,562.22365000,0
2026-03-27 20:00:00,0.0906,0.0909,0.0906,0.0909,1513.30000000,1774655999999,137.11812000,2,1513.30000000,137.11812000,0
2026-03-28 00:00:00,0.0897,0.0897,0.0897,0.0897,42.00000000,1774670399999,3.76740000,1,0.00000000,0.00000000,0
2026-03-28 04:00:00,0.0889,0.0889,0.0889,0.0889,293.30000000,1774684799999,26.07437000,1,0.00000000,0.00000000,0
2026-03-28 08:00:00,0.0899,0.0899,0.0899,0.0899,253.50000000,1774699199999,22.78965000,1,0.00000000,0.00000000,0
2026-03-28 12:00:00,0.092,0.0934,0.0918,0.0934,17645.60000000,1774713599999,1639.32238000,17,10722.80000000,995.73427000,0
2026-03-28 16:00:00,0.0938,0.0938,0.0918,0.0919,599.90000000,1774727999999,55.50493000,3,212.70000000,19.95126000,0
2026-03-28 20:00:00,0.0939,0.0939,0.091,0.091,2155.30000000,1774742399999,199.19971000,4,506.40000000,47.55096000,0
2026-03-29 00:00:00,0.0924,0.0924,0.0924,0.0924,27.50000000,1774756799999,2.54100000,1,27.50000000,2.54100000,0
2026-03-29 04:00:00,0.0914,0.0914,0.0914,0.0914,194.80000000,1774771199999,17.80472000,1,0.00000000,0.00000000,0
2026-03-29 08:00:00,0.0921,0.0927,0.0921,0.0927,1867.20000000,1774785599999,172.52898000,2,933.10000000,86.49837000,0
2026-03-29 12:00:00,0.092,0.0935,0.092,0.0923,1681.50000000,1774799999999,155.55683000,6,1282.60000000,118.85440000,0
2026-03-29 16:00:00,0.0936,0.0937,0.0921,0.0921,402.00000000,1774814399999,37.62009000,4,389.80000000,36.49647000,0
2026-03-29 20:00:00,0.0928,0.0928,0.0906,0.0914,12591.90000000,1774828799999,1146.17054000,18,4749.00000000,433.20996000,0
2026-03-30 00:00:00,0.091,0.093,0.091,0.093,10116.00000000,1774843199999,930.56207000,12,9995.10000000,919.40300000,0
2026-03-30 04:00:00,0.093,0.093,0.093,0.093,0.00000000,1774857599999,0.00000000,0,0.00000000,0.00000000,0
2026-03-30 08:00:00,0.0948,0.0948,0.0937,0.094,7790.20000000,1774871999999,734.83142000,7,3250.70000000,308.16636000,0
2026-03-30 12:00:00,0.0945,0.0945,0.0927,0.0927,3746.10000000,1774886399999,349.19217000,8,263.30000000,24.88185000,0
2026-03-30 16:00:00,0.0924,0.0924,0.0906,0.0906,7084.00000000,1774900799999,647.88758000,7,176.30000000,16.09619000,0
2026-03-30 20:00:00,0.0915,0.0925,0.0906,0.0913,9844.50000000,1774915199999,898.90490000,11,7637.00000000,698.90540000,0
2026-03-31 00:00:00,0.0914,0.0914,0.0914,0.0914,1283.00000000,1774929599999,117.26620000,1,0.00000000,0.00000000,0
2026-03-31 04:00:00,0.092,0.092,0.091,0.091,2531.00000000,1774943999999,231.25240000,5,923.90000000,84.99880000,0
2026-03-31 08:00:00,0.0909,0.0909,0.0903,0.0903,293.70000000,1774958399999,26.53791000,2,293.70000000,26.53791000,0
2026-03-31 12:00:00,0.089,0.0902,0.0883,0.0901,2649.40000000,1774972799999,236.52149000,15,948.00000000,85.39844000,0
2026-03-31 16:00:00,0.09,0.0913,0.0891,0.0891,6600.50000000,1774987199999,595.12286000,8,3511.40000000,317.13295000,0
2026-03-31 20:00:00,0.0903,0.0904,0.0903,0.0903,27025.10000000,1775001599999,2441.13373000,5,110.80000000,10.00524000,0
2026-04-01 00:00:00,0.0902,0.0928,0.0901,0.0928,15049.20000000,1775015999999,1365.73952000,8,4723.60000000,435.01428000,0
2026-04-01 04:00:00,0.093,0.0948,0.0923,0.0943,20009.60000000,1775030399999,1880.04675000,15,13196.80000000,1239.84365000,0
2026-04-01 08:00:00,0.0938,0.0948,0.0938,0.0943,1415.20000000,1775044799999,133.08965000,4,649.70000000,61.28575000,0
2026-04-01 12:00:00,0.0946,0.095,0.0937,0.0937,12076.40000000,1775059199999,1143.98606000,11,1214.20000000,115.26418000,0
2026-04-01 16:00:00,0.0936,0.0949,0.0936,0.0939,4085.00000000,1775073599999,383.44282000,5,2305.80000000,216.90970000,0
2026-04-01 20:00:00,0.0933,0.0933,0.0933,0.0933,470.60000000,1775087999999,43.90698000,2,470.60000000,43.90698000,0
2026-04-02 00:00:00,0.0924,0.0924,0.0906,0.0922,11908.40000000,1775102399999,1091.05341000,11,3760.60000000,344.83816000,0
2026-04-02 04:00:00,0.0901,0.0915,0.0901,0.0915,13627.10000000,1775116799999,1235.91135000,11,5410.70000000,492.47803000,0
2026-04-02 08:00:00,0.0911,0.0911,0.0905,0.0906,3496.50000000,1775131199999,317.60018000,7,448.50000000,40.69919000,0
2026-04-02 12:00:00,0.0912,0.0913,0.0912,0.0913,476.40000000,1775145599999,43.49281000,2,476.40000000,43.49281000,0
2026-04-02 16:00:00,0.0911,0.0911,0.0911,0.0911,6482.30000000,1775159999999,590.53753000,2,6482.30000000,590.53753000,0
2026-04-02 20:00:00,0.0912,0.0912,0.0912,0.0912,730.70000000,1775174399999,66.63984000,1,730.70000000,66.63984000,0
2026-04-03 00:00:00,0.0918,0.093,0.0918,0.093,5145.30000000,1775188799999,477.41377000,9,5145.30000000,477.41377000,0
2026-04-03 04:00:00,0.0935,0.0938,0.0931,0.0931,833.70000000,1775203199999,77.88609000,5,833.70000000,77.88609000,0
2026-04-03 08:00:00,0.0925,0.0935,0.0925,0.0931,1805.90000000,1775217599999,168.41570000,9,1610.70000000,150.35365000,0
2026-04-03 12:00:00,0.0927,0.0937,0.0916,0.0917,1669.80000000,1775231999999,153.69222000,7,300.90000000,28.14473000,0
2026-04-03 16:00:00,0.0926,0.0931,0.092,0.0927,8718.20000000,1775246399999,807.36270000,9,5473.90000000,507.37692000,0
2026-04-03 20:00:00,0.0927,0.0927,0.0915,0.0922,2213.80000000,1775260799999,204.27606000,7,107.60000000,9.97452000,0
2026-04-04 00:00:00,0.0924,0.0934,0.092,0.092,708.70000000,1775275199999,65.64834000,6,691.30000000,64.04754000,0
2026-04-04 04:00:00,0.092,0.092,0.092,0.092,0.00000000,1775289599999,0.00000000,0,0.00000000,0.00000000,0
2026-04-04 08:00:00,0.0917,0.0917,0.0917,0.0917,160.70000000,1775303999999,14.73619000,1,0.00000000,0.00000000,0
2026-04-04 12:00:00,0.0917,0.0917,0.0917,0.0917,0.00000000,1775318399999,0.00000000,0,0.00000000,0.00000000,0
2026-04-04 16:00:00,0.0924,0.0924,0.0924,0.0924,1000.00000000,1775332799999,92.40000000,1,0.00000000,0.00000000,0
2026-04-04 20:00:00,0.0928,0.0932,0.0928,0.0932,177.90000000,1775347199999,16.53056000,2,177.90000000,16.53056000,0
2026-04-05 00:00:00,0.0927,0.093,0.0917,0.0917,332.10000000,1775361599999,30.59146000,4,139.60000000,12.93921000,0
2026-04-05 04:00:00,0.0914,0.0918,0.0896,0.0899,10860.10000000,1775375999999,983.50523000,13,1213.50000000,110.48034000,0
2026-04-05 08:00:00,0.0903,0.0912,0.0901,0.0906,1450.30000000,1775390399999,131.38385000,12,956.80000000,86.82392000,0
2026-04-05 12:00:00,0.0902,0.0902,0.0901,0.0901,4207.00000000,1775404799999,379.09947000,8,0.00000000,0.00000000,0
2026-04-05 16:00:00,0.0903,0.0904,0.0884,0.0884,8691.30000000,1775419199999,782.50016000,13,1717.40000000,154.47931000,0
2026-04-05 20:00:00,0.0896,0.09,0.0895,0.09,3487.20000000,1775433599999,312.40298000,5,151.50000000,13.63500000,0
2026-04-06 00:00:00,0.091,0.0937,0.091,0.0925,7799.90000000,1775447999999,722.38522000,12,6515.00000000,602.51700000,0
2026-04-06 04:00:00,0.0932,0.0932,0.0932,0.0932,21.50000000,1775462399999,2.00380000,1,21.50000000,2.00380000,0
2026-04-06 08:00:00,0.0927,0.0927,0.0927,0.0927,121.70000000,1775476799999,11.28159000,1,0.00000000,0.00000000,0
2026-04-06 12:00:00,0.0937,0.094,0.0927,0.0933,1216.10000000,1775491199999,113.65703000,8,1216.10000000,113.65703000,0
2026-04-06 16:00:00,0.0928,0.0928,0.0928,0.0928,2155.00000000,1775505599999,199.98400000,2,2155.00000000,199.98400000,0
2026-04-06 20:00:00,0.0923,0.0933,0.0892,0.0892,10969.20000000,1775519999999,986.05569000,14,5107.30000000,456.39858000,0
2026-04-07 00:00:00,0.0883,0.0904,0.0883,0.0903,3238.10000000,1775534399999,292.00283000,13,868.80000000,78.44371000,0
2026-04-07 04:00:00,0.0904,0.0904,0.0903,0.0903,805.70000000,1775548799999,72.79765000,2,805.70000000,72.79765000,0
2026-04-07 08:00:00,0.0907,0.0911,0.0898,0.0898,5020.90000000,1775563199999,453.77284000,6,3468.00000000,314.08136000,0
2026-04-07 12:00:00,0.0897,0.0902,0.0897,0.0901,29864.10000000,1775577599999,2683.60316000,13,21993.80000000,1975.53969000,0
2026-04-07 16:00:00,0.0889,0.0891,0.0888,0.089,5992.10000000,1775591999999,532.93098000,10,1533.60000000,136.21577000,0
2026-04-07 20:00:00,0.0905,0.0933,0.0905,0.0933,26746.50000000,1775606399999,2471.50754000,40,21572.10000000,1990.33961000,0
2026-04-08 00:00:00,0.0921,0.0926,0.0921,0.0923,3858.10000000,1775620799999,356.00520000,6,1949.20000000,179.81373000,0
2026-04-08 04:00:00,0.0927,0.0927,0.0921,0.0921,808.70000000,1775635199999,74.72586000,6,194.30000000,17.95332000,0
2026-04-08 08:00:00,0.092,0.092,0.0908,0.0912,2852.90000000,1775649599999,259.77408000,31,0.00000000,0.00000000,0
2026-04-08 12:00:00,0.0922,0.0922,0.0906,0.0906,6727.40000000,1775663999999,611.59954000,9,75.60000000,6.97032000,0
2026-04-08 16:00:00,0.0901,0.0908,0.0898,0.0898,14950.20000000,1775678399999,1345.26691000,24,4987.40000000,450.60747000,0
2026-04-08 20:00:00,0.0903,0.0903,0.0884,0.0891,17855.80000000,1775692799999,1601.01154000,40,14029.50000000,1260.24389000,0
2026-04-09 00:00:00,0.0882,0.0882,0.0863,0.0868,10619.90000000,1775707199999,923.14977000,31,3586.90000000,313.88888000,0
2026-04-09 04:00:00,0.0862,0.0865,0.0862,0.0865,401.90000000,1775721599999,34.67840000,2,115.40000000,9.98210000,0
2026-04-09 08:00:00,0.086,0.0866,0.0859,0.0866,5413.80000000,1775735999999,465.96271000,7,5273.80000000,453.92271000,0
2026-04-09 12:00:00,0.0864,0.0868,0.0864,0.0868,494.00000000,1775750399999,42.72096000,3,395.60000000,34.17984000,0
2026-04-09 16:00:00,0.0867,0.105,0.0861,0.0877,87697.60000000,1775764799999,8323.07922000,81,67326.70000000,6468.92975000,0
2026-04-09 20:00:00,0.0883,0.09,0.0871,0.0871,16947.50000000,1775779199999,1486.12558000,30,6256.50000000,549.25741000,0
2026-04-10 00:00:00,0.0859,0.0891,0.0859,0.0868,7048.80000000,1775793599999,615.63997000,9,5044.60000000,441.32686000,0
2026-04-10 04:00:00,0.0867,0.0868,0.0866,0.0866,5358.00000000,1775807999999,464.65353000,8,3743.00000000,324.63303000,0
2026-04-10 08:00:00,0.0859,0.0859,0.0844,0.0844,80147.50000000,1775822399999,6804.79375000,81,57564.60000000,4884.30294000,0
2026-04-10 12:00:00,0.0851,0.0857,0.0843,0.0852,34583.00000000,1775836799999,2944.47139000,20,29711.50000000,2531.17752000,0
2026-04-10 16:00:00,0.0843,0.0856,0.0843,0.0856,9785.70000000,1775851199999,830.28394000,12,9683.70000000,821.61394000,0
2026-04-10 20:00:00,0.085,0.0856,0.0845,0.0854,24340.50000000,1775865599999,2071.86249000,31,6333.50000000,539.59435000,0
2026-04-11 00:00:00,0.0853,0.0857,0.0849,0.0851,2410.60000000,1775879999999,205.72086000,14,1058.10000000,90.42469000,0
2026-04-11 04:00:00,0.0848,0.0848,0.0848,0.0848,235.20000000,1775894399999,19.94496000,1,235.20000000,19.94496000,0
2026-04-11 08:00:00,0.0846,0.0852,0.0845,0.0852,12346.90000000,1775908799999,1047.13215000,7,10090.20000000,855.61116000,0
2026-04-11 12:00:00,0.085,0.0861,0.085,0.0858,22462.80000000,1775923199999,1920.75484000,13,16673.40000000,1423.44573000,0
2026-04-11 16:00:00,0.0858,0.0865,0.0854,0.0865,4041.10000000,1775937599999,346.21321000,5,1704.80000000,146.57665000,0
2026-04-11 20:00:00,0.086,0.086,0.0854,0.0855,473.10000000,1775951999999,40.44362000,3,234.80000000,20.09280000,0
2026-04-12 00:00:00,0.0849,0.0849,0.0838,0.084,4474.60000000,1775966399999,377.96465000,7,0.00000000,0.00000000,0
2026-04-12 04:00:00,0.0841,0.0841,0.0837,0.0837,5153.60000000,1775980799999,431.56343000,9,570.90000000,47.97462000,0
2026-04-12 08:00:00,0.0835,0.0835,0.0829,0.0829,17550.20000000,1775995199999,1455.97107000,21,3901.70000000,323.56613000,0
2026-04-12 12:00:00,0.0831,0.0838,0.082,0.0825,2433.10000000,1776009599999,202.01626000,19,1185.00000000,98.70580000,0
2026-04-12 16:00:00,0.0824,0.083,0.0824,0.0828,6530.00000000,1776023999999,539.94778000,9,6409.50000000,529.97038000,0
2026-04-12 20:00:00,0.0825,0.0826,0.0813,0.0817,6208.00000000,1776038399999,508.96499000,14,4603.80000000,377.58398000,0
2026-04-13 00:00:00,0.0825,0.0827,0.0821,0.0821,2705.20000000,1776052799999,223.44331000,9,789.30000000,65.04194000,0
2026-04-13 04:00:00,0.0829,0.0829,0.0822,0.0823,4971.80000000,1776067199999,410.31781000,11,121.60000000,9.99552000,0
2026-04-13 08:00:00,0.0818,0.0823,0.0816,0.082,4239.40000000,1776081599999,347.73449000,8,1602.70000000,131.90221000,0
2026-04-13 12:00:00,0.0823,0.0833,0.0823,0.0833,6875.70000000,1776095999999,569.90496000,12,4332.90000000,358.80117000,0
2026-04-13 16:00:00,0.083,0.0842,0.083,0.0842,14091.80000000,1776110399999,1176.18552000,11,5122.50000000,428.14590000,0
2026-04-13 20:00:00,0.0838,0.086,0.0838,0.086,11840.90000000,1776124799999,1007.53201000,13,11840.90000000,1007.53201000,0
2026-04-14 00:00:00,0.086,0.086,0.0845,0.0845,6600.00000000,1776139199999,561.22997000,6,348.80000000,29.99680000,0
2026-04-14 04:00:00,0.0843,0.085,0.0837,0.0837,15617.80000000,1776153599999,1315.41638000,10,3264.40000000,275.35370000,0
2026-04-14 08:00:00,0.0842,0.0842,0.0836,0.084,8020.90000000,1776167999999,673.09616000,14,7510.40000000,630.31804000,0
2026-04-14 12:00:00,0.0839,0.0846,0.0838,0.084,2705.10000000,1776182399999,227.28324000,7,95.70000000,8.05414000,0
2026-04-14 16:00:00,0.0838,0.0838,0.0828,0.0833,2829.60000000,1776196799999,235.55742000,6,452.00000000,37.54515000,0
2026-04-14 20:00:00,0.0827,0.0831,0.0825,0.0825,9085.90000000,1776211199999,752.84970000,12,1241.00000000,102.44502000,0
2026-04-15 00:00:00,0.0831,0.0835,0.083,0.0835,3306.80000000,1776225599999,274.79368000,3,3306.80000000,274.79368000,0
2026-04-15 04:00:00,0.0835,0.0835,0.0835,0.0835,0.00000000,1776239999999,0.00000000,0,0.00000000,0.00000000,0
2026-04-15 08:00:00,0.0839,0.0855,0.0838,0.0838,7695.20000000,1776254399999,652.09035000,9,6665.90000000,564.51961000,0
2026-04-15 12:00:00,0.0842,0.0844,0.0842,0.0844,4594.80000000,1776268799999,387.56360000,3,0.00000000,0.00000000,0
2026-04-15 16:00:00,0.0848,0.0859,0.0846,0.0857,11323.10000000,1776283199999,968.26632000,12,8433.70000000,720.81992000,0
2026-04-15 20:00:00,0.0856,0.0862,0.0851,0.0851,24695.30000000,1776297599999,2123.09166000,15,14530.90000000,1249.28630000,0
2026-04-16 00:00:00,0.0853,0.0864,0.0852,0.0864,3792.70000000,1776311999999,325.39365000,7,1766.30000000,152.59222000,0
2026-04-16 04:00:00,0.0865,0.0875,0.0865,0.0875,4049.40000000,1776326399999,352.97470000,17,1722.40000000,149.83478000,0
2026-04-16 08:00:00,0.0871,0.0874,0.0869,0.087,6030.00000000,1776340799999,525.42957000,9,3007.70000000,262.03353000,0
2026-04-16 12:00:00,0.0864,0.0886,0.0864,0.0884,9971.40000000,1776355199999,873.57869000,22,4312.50000000,378.29245000,0
2026-04-16 16:00:00,0.0888,0.0905,0.0887,0.09,7259.90000000,1776369599999,648.41651000,15,4313.70000000,385.50606000,0
2026-04-16 20:00:00,0.0898,0.0907,0.0898,0.0907,17172.40000000,1776383999999,1544.69232000,16,13664.90000000,1228.55298000,0
2026-04-17 00:00:00,0.0909,0.0909,0.0892,0.0892,8158.40000000,1776398399999,731.08966000,13,38.10000000,3.43929000,0
2026-04-17 04:00:00,0.089,0.089,0.089,0.089,55.70000000,1776412799999,4.95730000,1,55.70000000,4.95730000,0
2026-04-17 08:00:00,0.0898,0.0902,0.0898,0.0902,3968.80000000,1776427199999,357.36336000,5,2965.20000000,267.16452000,0
2026-04-17 12:00:00,0.0901,0.0909,0.0901,0.0907,3013.10000000,1776441599999,272.91312000,11,2593.10000000,234.93668000,0
2026-04-17 16:00:00,0.0903,0.091,0.0898,0.091,19955.20000000,1776455999999,1810.81035000,13,14702.30000000,1337.54155000,0
2026-04-17 20:00:00,0.0909,0.105,0.0888,0.0906,2744624.60000000,1776470399999,256774.90600000,567,1709621.60000000,163020.94816000,0
2026-04-18 00:00:00,0.0902,0.0902,0.0899,0.0902,4569.10000000,1776484799999,411.30725000,9,1111.10000000,99.99900000,0
2026-04-18 04:00:00,0.0902,0.0908,0.0902,0.0908,3555.10000000,1776499199999,322.53278000,4,3333.10000000,302.50838000,0
2026-04-18 08:00:00,0.0907,0.0909,0.0889,0.0895,66405.20000000,1776513599999,5950.95063000,61,57715.60000000,5170.01934000,0
2026-04-18 12:00:00,0.0892,0.0898,0.0892,0.0897,6585.70000000,1776527999999,588.88123000,10,6417.50000000,573.84415000,0
2026-04-18 16:00:00,0.0904,0.0906,0.0891,0.0892,2346.10000000,1776542399999,209.54554000,12,392.80000000,35.27315000,0
2026-04-18 20:00:00,0.0891,0.0898,0.089,0.0898,5166.20000000,1776556799999,462.07198000,13,3281.80000000,294.19516000,0
2026-04-19 00:00:00,0.0899,0.0899,0.0888,0.0892,15065.10000000,1776571199999,1345.26077000,13,11744.50000000,1050.08558000,0
2026-04-19 04:00:00,0.0893,0.0893,0.0886,0.0889,2701.90000000,1776585599999,240.33927000,4,2339.00000000,207.93230000,0
2026-04-19 08:00:00,0.0889,0.09,0.0885,0.0896,15069.60000000,1776599999999,1343.12651000,12,11459.00000000,1021.82059000,0
2026-04-19 12:00:00,0.0903,0.0907,0.0899,0.0907,11901.80000000,1776614399999,1074.61238000,12,2214.40000000,199.80040000,0
2026-04-19 16:00:00,0.0906,0.0907,0.089,0.0905,9027.00000000,1776628799999,816.12290000,19,6238.30000000,565.35244000,0
2026-04-19 20:00:00,0.0897,0.0899,0.0874,0.0877,8672.30000000,1776643199999,761.56140000,15,706.70000000,62.00536000,0
2026-04-20 00:00:00,0.0876,0.0886,0.0876,0.0883,1739.00000000,1776657599999,152.43792000,6,127.60000000,11.26220000,0
2026-04-20 04:00:00,0.0889,0.0896,0.0889,0.0896,11235.00000000,1776671999999,999.65670000,3,11235.00000000,999.65670000,0
2026-04-20 08:00:00,0.0902,0.0909,0.09,0.0906,10424.70000000,1776686399999,943.36099000,12,6315.40000000,571.09465000,0
2026-04-20 12:00:00,0.0905,0.0932,0.0905,0.0932,53988.60000000,1776700799999,4948.05290000,41,31726.50000000,2913.01294000,0
2026-04-20 16:00:00,0.0932,0.0955,0.0928,0.0945,23237.60000000,1776715199999,2194.49545000,27,16274.00000000,1540.92118000,0
2026-04-20 20:00:00,0.0943,0.0946,0.0926,0.0926,6166.00000000,1776729599999,579.75628000,16,1629.70000000,153.92180000,0
2026-04-21 00:00:00,0.0927,0.0927,0.092,0.092,5521.00000000,1776743999999,509.87326000,6,461.00000000,42.73470000,0
2026-04-21 04:00:00,0.092,0.092,0.092,0.092,0.00000000,1776758399999,0.00000000,0,0.00000000,0.00000000,0
2026-04-21 08:00:00,0.0932,0.0938,0.0927,0.0938,2800.70000000,1776772799999,261.81501000,5,2336.70000000,218.62896000,0
2026-04-21 12:00:00,0.0933,0.0936,0.0927,0.0936,16672.00000000,1776787199999,1552.55977000,21,1594.20000000,148.18870000,0
2026-04-21 16:00:00,0.0942,0.0943,0.0926,0.0926,14006.80000000,1776801599999,1312.10498000,28,6036.30000000,566.06284000,0
2026-04-21 20:00:00,0.0931,0.0932,0.0929,0.0932,2167.10000000,1776815999999,201.71603000,6,188.30000000,17.51190000,0
2026-04-22 00:00:00,0.0936,0.0949,0.0936,0.094,10143.30000000,1776830399999,958.48274000,27,4397.00000000,416.62328000,0
2026-04-22 04:00:00,0.0947,0.095,0.0947,0.095,14921.50000000,1776844799999,1417.40971000,5,14573.30000000,1384.34772000,0
2026-04-22 08:00:00,0.0945,0.0949,0.0939,0.0942,3151.30000000,1776859199999,297.18712000,17,21.10000000,1.99817000,0
2026-04-22 12:00:00,0.094,0.0945,0.0933,0.0937,8376.00000000,1776873599999,785.89891000,17,21.20000000,2.00128000,0
2026-04-22 16:00:00,0.0955,0.0955,0.0937,0.0953,3801.20000000,1776887999999,359.10716000,12,1271.30000000,120.97403000,0
2026-04-22 20:00:00,0.0938,0.0938,0.0931,0.0931,262.10000000,1776902399999,24.53070000,5,212.60000000,19.89936000,0
2026-04-23 00:00:00,0.093,0.0932,0.0923,0.0923,9538.20000000,1776916799999,883.67438000,9,64.30000000,5.99276000,0
2026-04-23 04:00:00,0.0921,0.0939,0.0921,0.0939,5533.10000000,1776931199999,512.90332000,7,5533.10000000,512.90332000,0
2026-04-23 08:00:00,0.0935,0.0942,0.0928,0.0942,63749.90000000,1776945599999,5966.78863000,45,23286.40000000,2176.50602000,0
2026-04-23 12:00:00,0.094,0.0965,0.094,0.0961,14738.40000000,1776959999999,1409.21609000,44,11073.20000000,1058.18053000,0
2026-04-23 16:00:00,0.0962,0.0967,0.0935,0.0935,10505.40000000,1776974399999,999.79172000,22,2508.50000000,240.67242000,0
2026-04-23 20:00:00,0.094,0.0961,0.0932,0.096,235256.90000000,1776988799999,22379.85617000,141,34007.50000000,3233.98388000,0
2026-04-24 00:00:00,0.096,0.096,0.096,0.096,0.00000000,1777003199999,0.00000000,0,0.00000000,0.00000000,0
2026-04-24 04:00:00,0.0939,0.0947,0.0939,0.0941,55574.40000000,1777017599999,5244.56258000,57,8423.00000000,794.08372000,0
2026-04-24 08:00:00,0.0943,0.0955,0.0943,0.0955,39226.20000000,1777031999999,3745.14480000,23,38625.40000000,3688.19962000,0
2026-04-24 12:00:00,0.0956,0.096,0.0952,0.0958,44849.30000000,1777046399999,4289.35237000,18,42530.10000000,4068.48477000,0
2026-04-24 16:00:00,0.0947,0.0948,0.0933,0.0948,20430.80000000,1777060799999,1920.29300000,46,5749.00000000,539.27337000,0
2026-04-24 20:00:00,0.0933,0.0934,0.0918,0.0918,101725.10000000,1777075199999,9470.78682000,29,861.50000000,80.20565000,0
2026-04-25 00:00:00,0.091,0.0925,0.0906,0.0924,44964.80000000,1777089599999,4146.67329000,32,37135.60000000,3430.61490000,0
2026-04-25 04:00:00,0.093,0.0935,0.0922,0.0922,16757.00000000,1777103999999,1556.40444000,19,3792.40000000,352.71985000,0
2026-04-25 08:00:00,0.0926,0.0933,0.0924,0.0929,40063.90000000,1777118399999,3732.40389000,25,14209.40000000,1321.75189000,0
2026-04-25 12:00:00,0.0928,0.093,0.0925,0.0925,22044.70000000,1777132799999,2045.33680000,24,7234.40000000,671.36050000,0
2026-04-25 16:00:00,0.0929,0.0929,0.0917,0.0918,7407.50000000,1777147199999,681.29845000,18,3204.40000000,294.58151000,0
2026-04-25 20:00:00,0.0917,0.0919,0.0914,0.0919,13108.10000000,1777161599999,1201.87766000,12,4925.30000000,452.57507000,0
2026-04-26 00:00:00,0.0917,0.0923,0.0913,0.0923,5301.90000000,1777175999999,485.61372000,16,2145.60000000,196.49784000,0
2026-04-26 04:00:00,0.0917,0.0919,0.0917,0.0919,4161.30000000,1777190399999,382.42027000,8,2015.00000000,185.17850000,0
2026-04-26 08:00:00,0.0919,0.092,0.0916,0.092,14901.60000000,1777204799999,1368.56152000,9,7787.10000000,716.21234000,0
2026-04-26 12:00:00,0.0924,0.0924,0.0917,0.0922,4104.40000000,1777219199999,376.96440000,13,2243.30000000,206.17698000,0
2026-04-26 16:00:00,0.0919,0.0926,0.0914,0.0926,25623.40000000,1777233599999,2362.81441000,21,17182.60000000,1583.36660000,0
2026-04-26 20:00:00,0.0926,0.0937,0.0921,0.0937,8528.90000000,1777247999999,788.38870000,12,4113.40000000,380.60592000,0
2026-04-27 00:00:00,0.0928,0.0933,0.0928,0.0932,22936.70000000,1777262399999,2132.66668000,13,19244.00000000,1789.78008000,0
2026-04-27 04:00:00,0.0931,0.0937,0.0908,0.0911,59437.90000000,1777276799999,5469.05923000,53,50383.10000000,4640.78195000,0
2026-04-27 08:00:00,0.0922,0.0927,0.0915,0.0923,63314.10000000,1777291199999,5817.77538000,58,60853.10000000,5591.15359000,0
2026-04-27 12:00:00,0.0923,0.0933,0.0905,0.0906,173514.40000000,1777305599999,15994.91078000,149,150258.00000000,13855.95450000,0
2026-04-27 16:00:00,0.0903,0.0914,0.0903,0.0912,32380.40000000,1777319999999,2948.02185000,36,32380.40000000,2948.02185000,0
2026-04-27 20:00:00,0.0915,0.0922,0.0915,0.0921,9028.10000000,1777334399999,829.95013000,12,7462.20000000,685.60847000,0
2026-04-28 00:00:00,0.0918,0.0918,0.0912,0.0912,12829.50000000,1777348799999,1173.92818000,3,0.00000000,0.00000000,0
2026-04-28 04:00:00,0.0924,0.0924,0.0916,0.0918,4188.10000000,1777363199999,384.76474000,5,487.00000000,44.96628000,0
2026-04-28 08:00:00,0.0914,0.0915,0.0912,0.0912,18422.00000000,1777377599999,1681.79601000,14,5700.70000000,519.94588000,0
2026-04-28 12:00:00,0.0912,0.0916,0.0907,0.0907,21099.00000000,1777391999999,1923.72704000,19,4362.00000000,397.48895000,0
2026-04-28 16:00:00,0.0907,0.0919,0.0906,0.0919,7732.70000000,1777406399999,705.72766000,7,5527.70000000,505.73416000,0
2026-04-28 20:00:00,0.092,0.0922,0.0917,0.0918,17064.40000000,1777420799999,1568.26937000,13,10184.20000000,936.05360000,0
2026-04-29 00:00:00,0.0924,0.0933,0.0924,0.0933,153247.10000000,1777435199999,14235.90884000,71,31298.50000000,2902.90711000,0
2026-04-29 04:00:00,0.0935,0.0936,0.0922,0.0928,249902.80000000,1777449599999,23192.78686000,94,13737.50000000,1276.45660000,0
2026-04-29 08:00:00,0.0925,0.0931,0.0924,0.0925,82942.00000000,1777463999999,7681.14103000,38,19481.70000000,1804.30051000,0
2026-04-29 12:00:00,0.0918,0.0921,0.091,0.091,18668.20000000,1777478399999,1713.02028000,32,11559.50000000,1060.76320000,0
2026-04-29 16:00:00,0.0909,0.095,0.0902,0.0911,57418.60000000,1777492799999,5339.75821000,50,29005.90000000,2714.88979000,0
2026-04-29 20:00:00,0.092,0.093,0.092,0.093,14574.00000000,1777507199999,1346.31004000,9,14574.00000000,1346.31004000,0
2026-04-30 00:00:00,0.0941,0.0951,0.0938,0.0951,21148.90000000,1777521599999,1997.35863000,51,10835.10000000,1023.65516000,0
2026-04-30 04:00:00,0.0949,0.0949,0.0933,0.0933,4793.80000000,1777535999999,448.98442000,4,1076.80000000,102.18832000,0
2026-04-30 08:00:00,0.0937,0.0958,0.0937,0.0954,2204.40000000,1777550399999,208.75816000,8,20.90000000,2.00222000,0
2026-04-30 12:00:00,0.0954,0.0961,0.0952,0.0961,42831.90000000,1777564799999,4080.85780000,11,3579.60000000,341.33961000,0
2026-04-30 16:00:00,0.0956,0.0967,0.0956,0.0966,13159.00000000,1777579199999,1269.54405000,44,12244.40000000,1181.68147000,0
2026-04-30 20:00:00,0.0955,0.0955,0.095,0.0953,460.20000000,1777593599999,43.84303000,3,460.20000000,43.84303000,0
2026-05-01 00:00:00,0.0953,0.0953,0.0953,0.0953,0.00000000,1777607999999,0.00000000,0,0.00000000,0.00000000,0
2026-05-01 04:00:00,0.0945,0.0948,0.0942,0.0948,4637.30000000,1777622399999,438.21754000,6,4227.10000000,399.57670000,0
2026-05-01 08:00:00,0.0942,0.0942,0.0936,0.094,2335.30000000,1777636799999,219.30318000,4,205.50000000,19.31700000,0
2026-05-01 12:00:00,0.0946,0.0952,0.094,0.0952,1241.60000000,1777651199999,117.25025000,23,654.20000000,61.71628000,0
2026-05-01 16:00:00,0.0951,0.0951,0.0942,0.0942,189.70000000,1777665599999,17.95070000,3,189.70000000,17.95070000,0
2026-05-01 20:00:00,0.0945,0.0958,0.0945,0.0958,2350.00000000,1777679999999,223.41203000,12,1568.20000000,149.18551000,0
2026-05-02 00:00:00,0.0964,0.0973,0.0964,0.0973,7148.80000000,1777694399999,691.68905000,13,3710.90000000,358.80962000,0
2026-05-02 04:00:00,0.0973,0.0973,0.0973,0.0973,0.00000000,1777708799999,0.00000000,0,0.00000000,0.00000000,0
2026-05-02 08:00:00,0.0974,0.0978,0.0971,0.0978,2049.80000000,1777723199999,199.99770000,9,559.30000000,54.59886000,0
2026-05-02 12:00:00,0.0977,0.0979,0.0967,0.0975,13131.40000000,1777737599999,1282.73393000,12,11966.30000000,1169.64739000,0
2026-05-02 16:00:00,0.097,0.097,0.097,0.097,1030.90000000,1777751999999,99.99730000,1,0.00000000,0.00000000,0
2026-05-02 20:00:00,0.0975,0.0975,0.0974,0.0974,742.40000000,1777766399999,72.37946000,2,697.00000000,67.95750000,0
2026-05-03 00:00:00,0.0976,0.0976,0.0968,0.0968,138.60000000,1777780799999,13.43288000,2,20.50000000,2.00080000,0
2026-05-03 04:00:00,0.0975,0.0979,0.0974,0.0978,46612.50000000,1777795199999,4555.60760000,11,36300.90000000,3549.19544000,0
2026-05-03 08:00:00,0.0966,0.0966,0.0956,0.0956,5816.30000000,1777809599999,560.94202000,6,0.00000000,0.00000000,0
2026-05-03 12:00:00,0.0969,0.0969,0.0957,0.0957,414.30000000,1777823999999,39.77151000,2,102.50000000,9.93225000,0
2026-05-03 16:00:00,0.0957,0.0957,0.0957,0.0957,0.00000000,1777838399999,0.00000000,0,0.00000000,0.00000000,0
2026-05-03 20:00:00,0.0975,0.0975,0.0954,0.0954,9350.60000000,1777852799999,895.19886000,13,102.90000000,10.03275000,0
2026-05-04 00:00:00,0.0955,0.0955,0.0955,0.0955,31.30000000,1777867199999,2.98915000,1,31.30000000,2.98915000,0
2026-05-04 04:00:00,0.097,0.097,0.0969,0.0969,1195.80000000,1777881599999,115.87813000,3,51.10000000,4.95670000,0
2026-05-04 08:00:00,0.0961,0.0961,0.0954,0.0954,3256.30000000,1777895999999,312.03478000,4,0.00000000,0.00000000,0
2026-05-04 12:00:00,0.0974,0.0974,0.0974,0.0974,1956.70000000,1777910399999,190.58258000,1,1956.70000000,190.58258000,0
2026-05-04 16:00:00,0.0973,0.0979,0.0965,0.0965,7131.60000000,1777924799999,692.43868000,11,3603.70000000,351.46417000,0
2026-05-04 20:00:00,0.0965,0.0965,0.0965,0.0965,0.00000000,1777939199999,0.00000000,0,0.00000000,0.00000000,0
2026-05-05 00:00:00,0.0979,0.0987,0.0962,0.0987,70110.00000000,1777953599999,6859.97882000,21,16234.30000000,1597.14895000,0
2026-05-05 04:00:00,0.0978,0.0982,0.0978,0.0982,2379.10000000,1777967999999,233.42398000,3,0.00000000,0.00000000,0
2026-05-05 08:00:00,0.0981,0.0992,0.098,0.0983,1727.00000000,1777982399999,169.82578000,5,140.90000000,13.93240000,0
2026-05-05 12:00:00,0.0983,0.0986,0.0971,0.0981,20453.10000000,1777996799999,2013.53777000,19,128.00000000,12.55680000,0
2026-05-05 16:00:00,0.0974,0.0987,0.0974,0.098,4442.00000000,1778011199999,434.98640000,4,400.00000000,39.48000000,0
2026-05-05 20:00:00,0.0988,0.099,0.098,0.098,12024.40000000,1778025599999,1185.13024000,4,11829.60000000,1166.03984000,0
2026-05-06 00:00:00,0.0984,0.0986,0.0984,0.0984,8021.80000000,1778039999999,789.71524000,7,6929.10000000,681.97502000,0
2026-05-06 04:00:00,0.0985,0.1004,0.0985,0.0986,10527.80000000,1778054399999,1049.87069000,9,10089.30000000,1006.66705000,0
2026-05-06 08:00:00,0.0995,0.1004,0.0991,0.0998,2967.50000000,1778068799999,295.35744000,5,2356.60000000,234.66740000,0
2026-05-06 12:00:00,0.0989,0.0989,0.0972,0.0982,4385.80000000,1778083199999,433.32112000,7,2066.10000000,204.33729000,0
2026-05-06 16:00:00,0.0965,0.0991,0.0965,0.0983,3296.60000000,1778097599999,324.31180000,10,295.50000000,29.16699000,0
2026-05-06 20:00:00,0.0987,0.0989,0.0984,0.0984,314.30000000,1778111999999,31.05623000,6,51.00000000,5.02434000,0
2026-05-07 00:00:00,0.0983,0.0983,0.0983,0.0983,1728.50000000,1778126399999,169.91155000,2,1728.50000000,169.91155000,0
2026-05-07 04:00:00,0.0965,0.1,0.0965,0.0999,2255.50000000,1778140799999,222.78460000,9,0.00000000,0.00000000,0
2026-05-07 08:00:00,0.0999,0.1,0.0997,0.0998,3747.30000000,1778155199999,374.21923000,16,3498.10000000,349.32955000,0
2026-05-07 12:00:00,0.0997,0.0997,0.0995,0.0997,3218.60000000,1778169599999,320.52336000,4,2370.70000000,235.98773000,0
2026-05-07 16:00:00,0.0979,0.0981,0.0973,0.0981,2282.10000000,1778183999999,223.67161000,5,1879.10000000,184.33971000,0
2026-05-07 20:00:00,0.0986,0.0995,0.098,0.098,2549.30000000,1778198399999,251.56969000,4,253.90000000,25.26305000,0
2026-05-08 00:00:00,0.0986,0.0986,0.0986,0.0986,833.60000000,1778212799999,82.19296000,1,0.00000000,0.00000000,0
2026-05-08 04:00:00,0.099,0.1,0.099,0.0991,12476.30000000,1778227199999,1238.83174000,10,10254.10000000,1018.83394000,0
2026-05-08 08:00:00,0.1006,0.1025,0.1006,0.1016,15845.20000000,1778241599999,1610.51132000,11,15509.40000000,1576.28336000,0
2026-05-08 12:00:00,0.1022,0.1026,0.0995,0.1009,15948.60000000,1778255999999,1610.88134000,22,3531.70000000,361.22597000,0
2026-05-08 16:00:00,0.0997,0.1011,0.0997,0.1011,1462.30000000,1778270399999,147.17605000,3,1462.30000000,147.17605000,0
2026-05-08 20:00:00,0.1004,0.1022,0.1003,0.1022,11728.50000000,1778284799999,1190.00422000,6,8343.30000000,850.36906000,0
2026-05-09 00:00:00,0.1022,0.1037,0.1022,0.1032,12580.10000000,1778299199999,1295.60433000,15,7101.80000000,729.13121000,0
2026-05-09 04:00:00,0.1029,0.1029,0.1021,0.1021,1281.10000000,1778313599999,131.03723000,4,301.70000000,31.04049000,0
2026-05-09 08:00:00,0.1023,0.1023,0.1018,0.1022,3865.30000000,1778327999999,394.92505000,5,1934.30000000,197.87708000,0
2026-05-09 12:00:00,0.1023,0.1023,0.1013,0.102,1024.10000000,1778342399999,104.38415000,4,1000.20000000,101.96308000,0
2026-05-09 16:00:00,0.101,0.101,0.1009,0.1009,1414.00000000,1778356799999,142.77064000,2,0.00000000,0.00000000,0
2026-05-09 20:00:00,0.1011,0.1018,0.1009,0.1012,2892.70000000,1778371199999,292.06943000,5,393.00000000,39.84970000,0
2026-05-10 00:00:00,0.1005,0.1007,0.1004,0.1004,2572.40000000,1778385599999,258.54474000,5,247.00000000,24.82350000,0
2026-05-10 04:00:00,0.1018,0.1024,0.1018,0.1024,70.50000000,1778399999999,7.21200000,2,0.00000000,0.00000000,0
2026-05-10 08:00:00,0.1024,0.1024,0.1022,0.1024,673.50000000,1778414399999,68.95466000,3,631.40000000,64.64362000,0
2026-05-10 12:00:00,0.103,0.103,0.103,0.103,1756.20000000,1778428799999,180.88860000,2,1756.20000000,180.88860000,0
2026-05-10 16:00:00,0.1034,0.1043,0.101,0.1042,5603.50000000,1778443199999,582.08624000,11,5224.30000000,543.78704000,0
2026-05-10 20:00:00,0.1045,0.1046,0.1045,0.1046,3820.40000000,1778457599999,399.56662000,4,3820.40000000,399.56662000,0
2026-05-11 00:00:00,0.105,0.105,0.1031,0.1031,2135.80000000,1778471999999,220.30353000,5,28.50000000,2.99250000,0
2026-05-11 04:00:00,0.1041,0.1041,0.1041,0.1041,3768.60000000,1778486399999,392.31126000,3,0.00000000,0.00000000,0
2026-05-11 08:00:00,0.1029,0.1051,0.1029,0.1051,243.00000000,1778500799999,25.35527000,5,28.50000000,2.99535000,0
2026-05-11 12:00:00,0.1051,0.1051,0.1051,0.1051,0.00000000,1778515199999,0.00000000,0,0.00000000,0.00000000,0
2026-05-11 16:00:00,0.1026,0.1029,0.1021,0.1029,3541.10000000,1778529599999,362.49998000,7,97.90000000,10.07391000,0
2026-05-11 20:00:00,0.1029,0.1041,0.1029,0.1029,167.00000000,1778543999999,17.21910000,3,29.00000000,3.01890000,0
2026-05-12 00:00:00,0.103,0.103,0.1019,0.1019,24587.20000000,1778558399999,2507.65876000,7,96.80000000,9.97040000,0
2026-05-12 04:00:00,0.1014,0.1023,0.1014,0.1023,5425.30000000,1778572799999,554.26333000,5,3651.20000000,373.33513000,0
2026-05-12 08:00:00,0.102,0.102,0.101,0.101,284.60000000,1778587199999,28.92160000,4,97.50000000,9.93525000,0
2026-05-12 12:00:00,0.1013,0.1017,0.0999,0.1002,8563.80000000,1778601599999,860.03740000,17,107.90000000,10.81158000,0
2026-05-12 16:00:00,0.0989,0.0994,0.0986,0.0989,2056.10000000,1778615999999,203.65255000,16,616.80000000,61.26992000,0
2026-05-12 20:00:00,0.0989,0.0991,0.0989,0.0991,305.60000000,1778630399999,30.26979000,3,305.60000000,30.26979000,0
2026-05-13 00:00:00,0.1,0.1,0.0999,0.0999,2045.10000000,1778644799999,204.33033000,2,2045.10000000,204.33033000,0
2026-05-13 04:00:00,0.1001,0.1001,0.1001,0.1001,11266.60000000,1778659199999,1127.78666000,16,0.00000000,0.00000000,0
2026-05-13 08:00:00,0.1005,0.1012,0.0988,0.0988,10374.20000000,1778673599999,1045.73294000,11,10085.30000000,1017.04359000,0
2026-05-13 12:00:00,0.0995,0.0995,0.097,0.097,31672.20000000,1778687999999,3097.70136000,24,21672.50000000,2117.64645000,0
2026-05-13 16:00:00,0.0971,0.0971,0.0971,0.0971,149.30000000,1778702399999,14.49703000,4,36.00000000,3.49560000,0
2026-05-13 20:00:00,0.0979,0.0979,0.0961,0.0961,5641.90000000,1778716799999,543.39037000,6,120.10000000,11.75779000,0
2026-05-14 00:00:00,0.0961,0.0961,0.095,0.0951,27947.10000000,1778731199999,2666.87680000,28,0.00000000,0.00000000,0
2026-05-14 04:00:00,0.0951,0.0951,0.0951,0.0951,0.00000000,1778745599999,0.00000000,0,0.00000000,0.00000000,0
2026-05-14 08:00:00,0.0962,0.0962,0.0962,0.0962,31.10000000,1778759999999,2.99182000,1,31.10000000,2.99182000,0
2026-05-14 12:00:00,0.0945,0.0945,0.094,0.094,478.10000000,1778774399999,45.04479000,5,46.90000000,4.43205000,0
2026-05-14 16:00:00,0.0941,0.0951,0.0939,0.0951,3076.90000000,1778788799999,290.07430000,8,84.60000000,7.96086000,0
2026-05-14 20:00:00,0.0946,0.0946,0.0944,0.0944,89.00000000,1778803199999,8.41306000,2,0.00000000,0.00000000,0
2026-05-15 00:00:00,0.0946,0.0946,0.0946,0.0946,105.90000000,1778817599999,10.01814000,1,105.90000000,10.01814000,0
2026-05-15 04:00:00,0.0941,0.0941,0.0935,0.0935,347.10000000,1778831999999,32.57931000,3,0.00000000,0.00000000,0
2026-05-15 08:00:00,0.0935,0.0936,0.0935,0.0936,7830.10000000,1778846399999,732.11756000,6,5375.10000000,502.57506000,0
2026-05-15 12:00:00,0.0931,0.105,0.09,0.0903,100297.20000000,1778860799999,9851.72049000,87,75168.10000000,7512.02001000,0
2026-05-15 16:00:00,0.0905,0.092,0.0905,0.0909,2954.10000000,1778875199999,268.65111000,35,2131.50000000,193.91147000,0
2026-05-15 20:00:00,0.0908,0.0916,0.0906,0.0906,4276.60000000,1778889599999,387.97756000,7,4276.60000000,387.97756000,0
2026-05-16 00:00:00,0.0918,0.0918,0.0913,0.0917,485.70000000,1778903999999,44.43272000,6,469.70000000,42.97192000,0
2026-05-16 04:00:00,0.0911,0.0919,0.0891,0.0891,6293.60000000,1778918399999,564.48820000,23,1080.80000000,98.24633000,0
2026-05-16 08:00:00,0.0892,0.0892,0.0879,0.0885,6502.00000000,1778932799999,576.63869000,4,0.00000000,0.00000000,0
2026-05-16 12:00:00,0.0896,0.0901,0.0895,0.09,23115.60000000,1778947199999,2073.28172000,23,22879.30000000,2052.12487000,0
2026-05-16 16:00:00,0.0909,0.0909,0.0909,0.0909,2164.30000000,1778961599999,196.73487000,2,2164.30000000,196.73487000,0
2026-05-16 20:00:00,0.0911,0.0912,0.0909,0.0912,1051.60000000,1778975999999,95.79939000,8,1051.60000000,95.79939000,0
2026-05-17 00:00:00,0.0912,0.0914,0.0904,0.0908,9723.10000000,1778990399999,885.22086000,7,9519.40000000,866.76564000,0
2026-05-17 04:00:00,0.0914,0.0914,0.0914,0.0914,328.20000000,1779004799999,29.99748000,1,328.20000000,29.99748000,0
2026-05-17 08:00:00,0.0926,0.0927,0.0921,0.0921,2645.60000000,1779019199999,244.79280000,9,2379.30000000,220.22577000,0
2026-05-17 12:00:00,0.0924,0.0924,0.0917,0.0923,2438.10000000,1779033599999,224.77317000,6,704.00000000,64.99543000,0
2026-05-17 16:00:00,0.0922,0.0922,0.0922,0.0922,54.20000000,1779047999999,4.99724000,1,54.20000000,4.99724000,0
2026-05-17 20:00:00,0.0924,0.0924,0.091,0.091,33075.50000000,1779062399999,3012.14150000,45,120.80000000,11.12934000,0
2026-05-18 00:00:00,0.09,0.0914,0.09,0.0909,1700.20000000,1779076799999,154.47315000,5,1461.20000000,132.96315000,0
2026-05-18 04:00:00,0.0914,0.0915,0.0898,0.0898,4272.10000000,1779091199999,386.39180000,13,1600.00000000,145.63060000,0
2026-05-18 08:00:00,0.0897,0.0924,0.0897,0.0902,1845.50000000,1779105599999,166.44005000,17,1731.20000000,156.16291000,0
2026-05-18 12:00:00,0.0906,0.0906,0.0881,0.0896,5099.50000000,1779119999999,456.67265000,23,4931.40000000,441.82304000,0
2026-05-18 16:00:00,0.091,0.091,0.091,0.091,16.00000000,1779134399999,1.45600000,1,16.00000000,1.45600000,0
2026-05-18 20:00:00,0.0899,0.0906,0.0894,0.0906,5810.40000000,1779148799999,520.67696000,12,1325.70000000,119.71738000,0
2026-05-19 00:00:00,0.0911,0.0911,0.0906,0.0909,2232.70000000,1779163199999,203.25775000,4,1215.00000000,110.55318000,0
2026-05-19 04:00:00,0.0913,0.0913,0.0913,0.0913,1024.00000000,1779177599999,93.49120000,2,1024.00000000,93.49120000,0
2026-05-19 08:00:00,0.0913,0.0913,0.0913,0.0913,0.00000000,1779191999999,0.00000000,0,0.00000000,0.00000000,0
2026-05-19 12:00:00,0.0897,0.0897,0.0887,0.0893,4248.90000000,1779206399999,378.85939000,23,1812.40000000,161.91845000,0
2026-05-19 16:00:00,0.0894,0.09,0.0894,0.0897,3407.00000000,1779220799999,304.90441000,5,3391.00000000,303.46441000,0
2026-05-19 20:00:00,0.0896,0.0898,0.0889,0.0896,1190.80000000,1779235199999,106.48587000,8,957.50000000,85.73323000,0
2026-05-20 00:00:00,0.0885,0.0904,0.0885,0.0904,530.60000000,1779249599999,47.67086000,4,385.40000000,34.79616000,0
2026-05-20 04:00:00,0.0904,0.0904,0.0904,0.0904,0.00000000,1779263999999,0.00000000,0,0.00000000,0.00000000,0
2026-05-20 08:00:00,0.09,0.09,0.0894,0.0894,3718.10000000,1779278399999,333.66350000,6,2242.30000000,201.58832000,0
2026-05-20 12:00:00,0.0893,0.092,0.0883,0.091,4311.30000000,1779292799999,388.02214000,30,1430.80000000,129.26397000,0
2026-05-20 16:00:00,0.0912,0.0912,0.0906,0.0909,9058.20000000,1779307199999,822.62293000,8,6444.50000000,585.74223000,0
2026-05-20 20:00:00,0.0909,0.0909,0.0907,0.0907,6963.40000000,1779321599999,632.28067000,4,4747.20000000,430.82809000,0
2026-05-21 00:00:00,0.0912,0.0915,0.0912,0.0915,3103.80000000,1779335999999,283.96410000,3,2040.50000000,186.70575000,0
2026-05-21 04:00:00,0.0918,0.0926,0.0914,0.0914,2439.60000000,1779350399999,225.43186000,6,2074.10000000,191.88880000,0
2026-05-21 08:00:00,0.0915,0.0915,0.0915,0.0915,1703.00000000,1779364799999,155.82450000,2,103.00000000,9.42450000,0
2026-05-21 12:00:00,0.091,0.0912,0.0903,0.0906,9377.80000000,1779379199999,848.86524000,16,1085.10000000,98.76586000,0
2026-05-21 16:00:00,0.0903,0.0913,0.0903,0.0913,3856.60000000,1779393599999,348.36008000,6,109.10000000,9.96083000,0
2026-05-21 20:00:00,0.0916,0.0925,0.0913,0.0913,2283.30000000,1779407999999,209.16132000,3,2255.60000000,206.63231000,0
2026-05-22 00:00:00,0.092,0.0927,0.092,0.0927,12180.70000000,1779422399999,1125.47385000,11,12043.40000000,1112.77204000,0
2026-05-22 04:00:00,0.0928,0.0928,0.0927,0.0927,2980.80000000,1779436799999,276.57002000,4,2796.80000000,259.49482000,0
2026-05-22 08:00:00,0.0924,0.0925,0.0919,0.0925,1488.40000000,1779451199999,137.21320000,5,1237.00000000,114.09974000,0
2026-05-22 12:00:00,0.0924,0.0932,0.0914,0.0915,33983.90000000,1779465599999,3134.70947000,22,19908.70000000,1841.95508000,0
2026-05-22 16:00:00,0.0939,0.0939,0.0906,0.0912,10201.20000000,1779479999999,928.79764000,16,4419.80000000,402.51880000,0
2026-05-22 20:00:00,0.0915,0.0928,0.0902,0.0902,26252.60000000,1779494399999,2398.34791000,28,18673.00000000,1711.55317000,0
2026-05-23 00:00:00,0.0907,0.0911,0.0904,0.0911,15951.50000000,1779508799999,1445.91291000,13,6827.60000000,618.56990000,0
2026-05-23 04:00:00,0.0903,0.0911,0.0882,0.0882,4751.10000000,1779523199999,425.50206000,41,1677.50000000,151.96733000,0
2026-05-23 08:00:00,0.088,0.0884,0.0877,0.088,7039.90000000,1779537599999,620.67650000,28,5953.20000000,525.16270000,0
2026-05-23 12:00:00,0.0886,0.0904,0.0886,0.0904,1210.10000000,1779551999999,108.10406000,6,1210.10000000,108.10406000,0
2026-05-23 16:00:00,0.0901,0.0907,0.0899,0.0905,487.90000000,1779566399999,44.04379000,5,14.30000000,1.29701000,0
2026-05-23 20:00:00,0.0906,0.0923,0.0906,0.0913,24230.90000000,1779580799999,2219.91136000,105,9119.50000000,834.45345000,0
2026-05-24 00:00:00,0.0913,0.0917,0.0913,0.0916,979.40000000,1779595199999,89.59628000,13,535.60000000,48.98740000,0
2026-05-24 04:00:00,0.091,0.091,0.091,0.091,22482.20000000,1779609599999,2045.88020000,4,12400.80000000,1128.47280000,0
2026-05-24 08:00:00,0.0912,0.0918,0.0912,0.0918,3282.70000000,1779623999999,301.07087000,6,2286.00000000,209.62763000,0
2026-05-24 12:00:00,0.0913,0.0913,0.0902,0.0906,575.00000000,1779638399999,52.39598000,7,110.30000000,9.99318000,0
2026-05-24 16:00:00,0.0907,0.0907,0.0907,0.0907,68.30000000,1779652799999,6.19481000,2,68.30000000,6.19481000,0
2026-05-24 20:00:00,0.0905,0.0906,0.0892,0.0903,16875.60000000,1779667199999,1511.78577000,39,9405.70000000,843.19356000,0
2026-05-25 00:00:00,0.0907,0.0911,0.09,0.09,236.30000000,1779681599999,21.35082000,5,87.80000000,7.98296000,0
2026-05-25 04:00:00,0.0905,0.0927,0.0905,0.0921,13559.00000000,1779695999999,1236.87083000,34,8598.10000000,780.81634000,0
2026-05-25 08:00:00,0.092,0.0921,0.092,0.092,4301.10000000,1779710399999,395.91385000,5,0.00000000,0.00000000,0
2026-05-25 12:00:00,0.0918,0.0929,0.0918,0.0929,3322.40000000,1779724799999,306.63706000,7,2664.20000000,245.65211000,0
2026-05-25 16:00:00,0.0929,0.0936,0.0929,0.0932,23350.20000000,1779739199999,2177.90636000,33,4605.60000000,428.76525000,0
2026-05-25 20:00:00,0.0931,0.0934,0.0924,0.0926,9095.60000000,1779753599999,846.46433000,11,2459.60000000,227.98936000,0
2026-05-26 00:00:00,0.0927,0.0927,0.0916,0.0922,4737.80000000,1779767999999,437.53234000,13,2484.00000000,230.00730000,0
2026-05-26 04:00:00,0.0924,0.0929,0.0924,0.0926,3691.90000000,1779782399999,341.96008000,8,1638.40000000,151.60492000,0
2026-05-26 08:00:00,0.0929,0.0935,0.0926,0.0932,14962.30000000,1779796799999,1395.99513000,20,6890.10000000,643.70506000,0
2026-05-26 12:00:00,0.0929,0.093,0.0924,0.0926,13483.70000000,1779811199999,1249.53297000,21,10458.60000000,968.45750000,0
2026-05-26 16:00:00,0.0927,0.0939,0.0915,0.0916,17129.10000000,1779825599999,1583.58930000,28,3476.50000000,322.38260000,0
2026-05-26 20:00:00,0.0921,0.0922,0.0917,0.0918,1629.10000000,1779839999999,150.06536000,4,1411.10000000,130.05795000,0
2026-05-27 00:00:00,0.0921,0.0925,0.092,0.0923,11949.90000000,1779854399999,1102.66876000,15,7985.50000000,737.40974000,0
2026-05-27 04:00:00,0.092,0.0925,0.0915,0.092,15700.80000000,1779868799999,1446.80503000,24,6355.20000000,585.71016000,0
2026-05-27 08:00:00,0.0919,0.0919,0.091,0.0916,4135.40000000,1779883199999,378.70137000,9,3273.70000000,299.76622000,0
2026-05-27 12:00:00,0.0916,0.0918,0.0901,0.0913,30252.00000000,1779897599999,2751.64858000,28,13760.80000000,1251.75736000,0
2026-05-27 16:00:00,0.0912,0.0912,0.0902,0.0906,13353.70000000,1779911999999,1211.71049000,11,9488.00000000,859.18010000,0
2026-05-27 20:00:00,0.0905,0.0905,0.0897,0.09,7541.60000000,1779926399999,679.21115000,11,254.90000000,22.96864000,0
2026-05-28 00:00:00,0.0901,0.0902,0.0886,0.0886,23143.50000000,1779940799999,2076.10624000,24,9669.20000000,869.52388000,0
2026-05-28 04:00:00,0.0881,0.0881,0.0866,0.0876,13283.30000000,1779955199999,1160.60428000,32,7874.80000000,686.93888000,0
2026-05-28 08:00:00,0.0876,0.088,0.0874,0.0874,6344.40000000,1779969599999,556.80333000,22,6277.10000000,550.90946000,0
2026-05-28 12:00:00,0.0877,0.0879,0.0869,0.087,12404.10000000,1779983999999,1085.37917000,74,6640.30000000,580.48596000,0
2026-05-28 16:00:00,0.0868,0.0886,0.0868,0.0877,21781.40000000,1779998399999,1915.95265000,28,10413.70000000,915.60166000,0
2026-05-28 20:00:00,0.0876,0.0882,0.0873,0.0873,8530.80000000,1780012799999,748.38013000,27,4869.10000000,427.22221000,0
2026-05-29 00:00:00,0.0873,0.0875,0.087,0.0874,3905.90000000,1780027199999,340.88569000,25,3658.40000000,319.31882000,0
2026-05-29 04:00:00,0.087,0.0881,0.0867,0.088,18450.60000000,1780041599999,1617.59459000,28,6393.60000000,559.03556000,0
2026-05-29 08:00:00,0.0883,0.0886,0.0879,0.0879,11369.50000000,1780055999999,1004.15290000,11,4125.90000000,364.83820000,0
2026-05-29 12:00:00,0.0878,0.0891,0.087,0.0888,42512.40000000,1780070399999,3743.49472000,47,21581.20000000,1899.33766000,0
2026-05-29 16:00:00,0.0889,0.0892,0.0886,0.089,30696.30000000,1780084799999,2729.97929000,29,16405.90000000,1457.09108000,0
2026-05-29 20:00:00,0.089,0.09,0.089,0.09,10572.40000000,1780099199999,944.35085000,24,7093.60000000,633.87551000,0
2026-05-30 00:00:00,0.09,0.0919,0.09,0.0913,33047.10000000,1780113599999,3022.20736000,34,16683.10000000,1523.59853000,0
2026-05-30 04:00:00,0.0913,0.0913,0.0909,0.0913,17751.10000000,1780127999999,1619.09987000,19,8384.40000000,765.29491000,0
2026-05-30 08:00:00,0.0913,0.0918,0.0912,0.0913,10722.50000000,1780142399999,980.43453000,13,5058.60000000,462.89092000,0
2026-05-30 12:00:00,0.0909,0.0911,0.0908,0.0911,11380.20000000,1780156799999,1035.02272000,24,1198.50000000,109.16895000,0
2026-05-30 16:00:00,0.0909,0.091,0.0903,0.0903,18884.40000000,1780171199999,1712.30804000,25,7049.40000000,639.28148000,0
2026-05-30 20:00:00,0.0906,0.0906,0.09,0.0903,4796.60000000,1780185599999,432.16935000,7,2624.10000000,236.57531000,0
2026-05-31 00:00:00,0.09,0.0911,0.09,0.0908,18834.40000000,1780199999999,1704.62711000,37,13771.50000000,1244.88600000,0
2026-05-31 04:00:00,0.0909,0.0912,0.0907,0.0907,12500.60000000,1780214399999,1136.39628000,11,5717.40000000,520.44154000,0
2026-05-31 08:00:00,0.0907,0.0916,0.0907,0.0911,21776.30000000,1780228799999,1980.68323000,22,12381.90000000,1127.17326000,0
2026-05-31 12:00:00,0.091,0.091,0.0902,0.0905,13850.10000000,1780243199999,1254.98825000,15,9083.70000000,823.42506000,0
2026-05-31 16:00:00,0.0902,0.0913,0.0901,0.0912,9505.60000000,1780257599999,862.08572000,16,2700.20000000,245.41295000,0
2026-05-31 20:00:00,0.0918,0.0931,0.0918,0.0929,18580.90000000,1780271999999,1726.20997000,21,9723.90000000,903.70134000,0
2026-06-01 00:00:00,0.093,0.0932,0.0922,0.0932,17781.40000000,1780286399999,1648.04891000,22,10923.90000000,1013.38651000,0
2026-06-01 04:00:00,0.0927,0.0929,0.0917,0.0917,16324.50000000,1780300799999,1512.40330000,18,2835.30000000,262.82398000,0
2026-06-01 08:00:00,0.0919,0.093,0.0919,0.093,30389.00000000,1780315199999,2809.54397000,25,16599.60000000,1533.03649000,0
2026-06-01 12:00:00,0.0927,0.0933,0.0915,0.0933,20209.80000000,1780329599999,1868.77831000,27,14252.40000000,1316.98648000,0
2026-06-01 16:00:00,0.0935,0.0945,0.0928,0.0939,19127.50000000,1780343999999,1792.36161000,28,5754.20000000,539.52942000,0
2026-06-01 20:00:00,0.0939,0.0943,0.0932,0.0942,39343.20000000,1780358399999,3687.31084000,36,21190.40000000,1986.92851000,0
2026-06-02 00:00:00,0.0939,0.0945,0.0923,0.0937,40672.80000000,1780372799999,3790.26598000,49,23092.70000000,2147.62482000,0
2026-06-02 04:00:00,0.0933,0.0933,0.0921,0.0931,26226.70000000,1780387199999,2432.70213000,25,10577.10000000,980.97099000,0
2026-06-02 08:00:00,0.0927,0.0928,0.0911,0.0912,32009.70000000,1780401599999,2943.13046000,29,15716.80000000,1445.50833000,0
2026-06-02 12:00:00,0.0916,0.0924,0.0897,0.0897,58758.10000000,1780415999999,5373.98690000,72,27907.30000000,2557.19392000,0
2026-06-02 16:00:00,0.0894,0.0918,0.0894,0.0907,55458.90000000,1780430399999,5029.50041000,56,30889.50000000,2803.94248000,0
2026-06-02 20:00:00,0.0908,0.0913,0.0889,0.0902,39487.30000000,1780444799999,3575.31971000,46,21086.30000000,1911.77188000,0
2026-06-03 00:00:00,0.0905,0.0909,0.0897,0.09,27283.70000000,1780459199999,2468.24245000,33,12795.60000000,1156.94872000,0
2026-06-03 04:00:00,0.0905,0.094,0.0905,0.0938,60382.50000000,1780473599999,5592.08208000,53,30517.50000000,2816.10203000,0
2026-06-03 08:00:00,0.0931,0.0937,0.093,0.093,20429.50000000,1780487999999,1905.35118000,18,4168.40000000,390.57908000,0
2026-06-03 12:00:00,0.0931,0.0956,0.0931,0.0951,32826.90000000,1780502399999,3103.17177000,39,19238.00000000,1810.99892000,0
2026-06-03 16:00:00,0.0948,0.0951,0.0935,0.0945,24761.30000000,1780516799999,2341.82939000,37,12949.60000000,1225.15661000,0
2026-06-03 20:00:00,0.094,0.0941,0.0928,0.0935,33388.40000000,1780531199999,3129.62625000,33,17609.80000000,1651.25461000,0
2026-06-04 00:00:00,0.0936,0.0939,0.088,0.0924,85655.10000000,1780545599999,7817.95762000,102,48000.60000000,4386.96182000,0
2026-06-04 04:00:00,0.0929,0.0934,0.0913,0.0913,27833.40000000,1780559999999,2569.59294000,39,11291.10000000,1043.50525000,0
2026-06-04 08:00:00,0.0911,0.0913,0.0879,0.0889,81763.20000000,1780574399999,7347.26597000,73,34567.70000000,3114.15982000,0
2026-06-04 12:00:00,0.0891,0.0916,0.0886,0.0916,49329.40000000,1780588799999,4448.62199000,48,28732.40000000,2596.27285000,0
2026-06-04 16:00:00,0.0917,0.0921,0.0897,0.0907,34098.20000000,1780603199999,3103.35407000,49,14611.00000000,1325.17240000,0
2026-06-04 20:00:00,0.0902,0.0902,0.0861,0.087,41792.00000000,1780617599999,3651.97980000,45,18052.30000000,1567.97216000,0
2026-06-05 00:00:00,0.0868,0.0875,0.0837,0.0842,168618.10000000,1780631999999,14322.80057000,88,72111.80000000,6117.72632000,0
2026-06-05 04:00:00,0.0843,0.0847,0.079,0.081,217914.70000000,1780646399999,17880.47202000,187,110508.30000000,9051.94109000,0
2026-06-05 08:00:00,0.0811,0.0811,0.0781,0.0782,101128.60000000,1780660799999,8033.45441000,83,49103.80000000,3893.86453000,0
2026-06-05 12:00:00,0.0788,0.0797,0.0756,0.0761,38108.20000000,1780675199999,2970.66801000,111,20761.00000000,1625.11539000,0
2026-06-05 16:00:00,0.0762,0.08,0.0704,0.0739,84620.60000000,1780689599999,6317.28103000,107,42196.50000000,3164.23129000,0
2026-06-05 20:00:00,0.0739,0.0781,0.0728,0.0769,41697.80000000,1780703999999,3169.18640000,37,22308.60000000,1689.08568000,0
2026-06-06 00:00:00,0.078,0.0795,0.0756,0.076,60005.80000000,1780718399999,4623.39513000,56,30696.80000000,2366.30673000,0
2026-06-06 04:00:00,0.0755,0.0777,0.0727,0.076,49923.00000000,1780732799999,3745.89259000,48,28857.90000000,2169.26137000,0
2026-06-06 08:00:00,0.0759,0.0766,0.0748,0.0759,33188.40000000,1780747199999,2509.90023000,37,11215.10000000,844.57692000,0
2026-06-06 12:00:00,0.076,0.0797,0.0759,0.0763,39442.30000000,1780761599999,3031.89381000,37,21326.60000000,1641.18872000,0
2026-06-06 16:00:00,0.0764,0.0767,0.0757,0.0761,42612.70000000,1780775999999,3243.19542000,43,21746.20000000,1656.37928000,0
2026-06-06 20:00:00,0.0757,0.0773,0.0754,0.0767,39015.90000000,1780790399999,2974.56175000,26,11497.60000000,871.29065000,0
2026-06-07 00:00:00,0.0775,0.0796,0.0775,0.0788,28257.30000000,1780804799999,2230.06366000,20,22106.00000000,1744.04689000,0
2026-06-07 04:00:00,0.079,0.0806,0.0785,0.08,31532.80000000,1780819199999,2491.42360000,38,16935.50000000,1336.27753000,0
2026-06-07 08:00:00,0.0797,0.0813,0.0788,0.0793,26322.80000000,1780833599999,2101.11037000,25,15046.60000000,1201.79475000,0
2026-06-07 12:00:00,0.0789,0.0799,0.0785,0.0795,18563.20000000,1780847999999,1462.35258000,19,6927.00000000,546.86999000,0
2026-06-07 16:00:00,0.0711,0.0794,0.0711,0.0774,8259.90000000,1780862399999,645.13385000,9,1952.50000000,155.02850000,0
2026-06-07 20:00:00,0.0781,0.0811,0.0781,0.0796,20157.90000000,1780876799999,1595.24705000,22,15105.90000000,1192.40795000,0
2026-06-08 00:00:00,0.0798,0.0801,0.0786,0.0792,26511.70000000,1780891199999,2101.72925000,29,15263.70000000,1210.14546000,0
2026-06-08 04:00:00,0.0794,0.0796,0.0787,0.0792,23431.30000000,1780905599999,1850.93004000,23,10678.80000000,844.86951000,0
2026-06-08 08:00:00,0.0791,0.0812,0.0789,0.0812,9415.60000000,1780919999999,748.75113000,22,5827.40000000,463.21393000,0
2026-06-08 12:00:00,0.0812,0.0816,0.077,0.0784,12176.50000000,1780934399999,978.50826000,32,6242.90000000,505.58581000,0
2026-06-08 16:00:00,0.0798,0.08,0.0736,0.0736,18821.00000000,1780948799999,1493.90494000,17,9850.30000000,781.59053000,0
2026-06-08 20:00:00,0.0792,0.0794,0.077,0.0779,23995.00000000,1780963199999,1885.63181000,37,12380.00000000,975.19463000,0
2026-06-09 00:00:00,0.078,0.078,0.0761,0.0763,45344.60000000,1780977599999,3479.36069000,57,22540.10000000,1728.58069000,0
2026-06-09 04:00:00,0.0763,0.0773,0.0759,0.0766,44863.10000000,1780991999999,3451.08654000,37,24571.80000000,1888.12251000,0
2026-06-09 08:00:00,0.0762,0.0762,0.0754,0.0761,55621.50000000,1781006399999,4222.08802000,76,27553.90000000,2091.19952000,0
2026-06-09 12:00:00,0.0762,0.0766,0.0736,0.0737,64432.90000000,1781020799999,4846.95794000,86,35845.20000000,2692.48664000,0
2026-06-09 16:00:00,0.0738,0.0776,0.0728,0.0754,9316.10000000,1781035199999,692.95472000,14,5196.30000000,389.69901000,0
2026-06-09 20:00:00,0.0755,0.0757,0.0751,0.0757,2075.20000000,1781049599999,156.38968000,10,1517.40000000,114.46370000,0
2026-06-10 00:00:00,0.0762,0.0762,0.0744,0.0754,14708.30000000,1781063999999,1110.70644000,15,2753.10000000,207.46908000,0
2026-06-10 04:00:00,0.0753,0.0753,0.075,0.075,3300.20000000,1781078399999,247.91340000,2,1328.00000000,99.99840000,0
2026-06-10 08:00:00,0.0745,0.0753,0.0741,0.0741,4469.70000000,1781092799999,333.41150000,16,193.40000000,14.51425000,0
2026-06-10 12:00:00,0.0739,0.0807,0.0733,0.074,18093.70000000,1781107199999,1355.71171000,48,12223.80000000,921.51050000,0
2026-06-10 16:00:00,0.0741,0.0741,0.0726,0.0729,24844.40000000,1781121599999,1817.83016000,37,15691.40000000,1147.98067000,0
2026-06-10 20:00:00,0.073,0.0732,0.0712,0.0722,12383.50000000,1781135999999,892.01937000,18,9854.40000000,711.27768000,0
2026-06-11 00:00:00,0.0724,0.0735,0.0724,0.0735,14801.40000000,1781150399999,1077.97064000,36,8472.20000000,615.81663000,0
2026-06-11 04:00:00,0.0734,0.0735,0.0731,0.0733,15219.80000000,1781164799999,1115.93598000,28,8656.50000000,634.18976000,0
2026-06-11 08:00:00,0.0711,0.0737,0.0711,0.0733,8075.40000000,1781179199999,585.22385000,11,4568.70000000,335.80948000,0
2026-06-11 12:00:00,0.0738,0.0738,0.072,0.072,15876.70000000,1781193599999,1156.61817000,25,7313.10000000,534.41914000,0
2026-06-11 16:00:00,0.0724,0.0785,0.0717,0.0738,46167.90000000,1781207999999,3377.12342000,44,24130.30000000,1769.57098000,0
2026-06-11 20:00:00,0.0739,0.0747,0.0722,0.0747,63877.90000000,1781222399999,4731.70063000,49,29307.20000000,2170.33512000,0
2026-06-12 00:00:00,0.0749,0.0752,0.074,0.075,59211.60000000,1781236799999,4427.84482000,68,34483.80000000,2577.46641000,0
2026-06-12 04:00:00,0.075,0.0755,0.0736,0.0736,37169.00000000,1781251199999,2769.16660000,41,14438.30000000,1073.86352000,0
2026-06-12 08:00:00,0.0738,0.0767,0.0738,0.0744,59823.00000000,1781265599999,4469.48645000,73,31427.50000000,2357.04802000,0
2026-06-12 12:00:00,0.0743,0.0743,0.0735,0.0735,22202.60000000,1781279999999,1640.54484000,37,15836.50000000,1168.90318000,0
2026-06-12 16:00:00,0.0747,0.0749,0.0731,0.0741,17372.60000000,1781294399999,1283.76959000,28,8219.80000000,608.07635000,0
2026-06-12 20:00:00,0.074,0.0743,0.0736,0.0741,9031.50000000,1781308799999,666.76860000,17,6144.40000000,453.50090000,0
2026-06-13 00:00:00,0.074,0.0751,0.0739,0.0747,4217.30000000,1781323199999,314.60437000,36,2848.00000000,212.22888000,0
2026-06-13 04:00:00,0.0754,0.0758,0.0745,0.0752,13672.50000000,1781337599999,1021.36396000,28,12345.40000000,921.64924000,0
2026-06-13 08:00:00,0.0752,0.0752,0.0731,0.0748,11277.70000000,1781351999999,842.55237000,13,6234.40000000,467.67329000,0
2026-06-13 12:00:00,0.0741,0.0756,0.0741,0.0756,4718.20000000,1781366399999,352.30495000,4,1582.10000000,118.66650000,0
2026-06-13 16:00:00,0.0754,0.076,0.0754,0.0757,4921.50000000,1781380799999,372.88430000,10,2531.10000000,191.75015000,0
2026-06-13 20:00:00,0.0756,0.0768,0.0743,0.076,13366.50000000,1781395199999,1015.23931000,14,6819.70000000,519.30990000,0
2026-06-14 00:00:00,0.0758,0.0767,0.0738,0.076,7112.80000000,1781409599999,539.00944000,24,4021.40000000,305.66968000,0
2026-06-14 04:00:00,0.0759,0.0784,0.0718,0.0749,47930.80000000,1781423999999,3619.18207000,54,21790.40000000,1645.37165000,0
2026-06-14 08:00:00,0.0751,0.0771,0.0748,0.076,38671.40000000,1781438399999,2906.45223000,39,19594.50000000,1472.95549000,0
2026-06-14 12:00:00,0.0753,0.079,0.073,0.0753,43666.10000000,1781452799999,3288.20420000,54,24708.60000000,1862.15894000,0
2026-06-14 16:00:00,0.0752,0.0756,0.0747,0.0751,44658.40000000,1781467199999,3356.20358000,35,21758.00000000,1632.65159000,0
2026-06-14 20:00:00,0.075,0.077,0.0747,0.0755,33458.00000000,1781481599999,2538.47225000,38,14327.30000000,1083.24225000,0
2026-06-15 00:00:00,0.077,0.0793,0.0765,0.0769,43261.40000000,1781495999999,3327.88990000,54,20476.70000000,1573.80921000,0
2026-06-15 04:00:00,0.0773,0.078,0.0769,0.0769,24227.50000000,1781510399999,1880.97018000,31,10028.10000000,776.48060000,0
2026-06-15 08:00:00,0.077,0.0781,0.0753,0.078,35276.80000000,1781524799999,2723.81984000,34,16537.00000000,1277.40491000,0
2026-06-15 12:00:00,0.0779,0.0791,0.0779,0.079,26240.90000000,1781539199999,2058.33139000,26,13525.20000000,1059.17611000,0
2026-06-15 16:00:00,0.079,0.0808,0.0779,0.0779,16578.30000000,1781553599999,1308.32130000,34,5308.70000000,421.60727000,0
2026-06-15 20:00:00,0.0784,0.0785,0.0775,0.0779,5282.30000000,1781567999999,412.25649000,9,3291.30000000,257.60349000,0
2026-06-16 00:00:00,0.078,0.0786,0.0778,0.0781,4298.70000000,1781582399999,335.79726000,13,1842.00000000,144.22137000,0
2026-06-16 04:00:00,0.0779,0.0784,0.0759,0.0784,8402.00000000,1781596799999,651.92229000,14,6826.10000000,532.26414000,0
2026-06-16 08:00:00,0.0785,0.0793,0.0785,0.0789,4770.50000000,1781611199999,376.08542000,11,1839.90000000,145.04545000,0
2026-06-16 12:00:00,0.0792,0.0801,0.0771,0.0776,7459.70000000,1781625599999,579.60372000,29,1357.20000000,106.17155000,0
2026-06-16 16:00:00,0.0774,0.0775,0.0767,0.0767,9992.70000000,1781639999999,770.25269000,13,526.40000000,40.74656000,0
2026-06-16 20:00:00,0.0766,0.0771,0.0762,0.0762,7495.80000000,1781654399999,574.24712000,22,1555.50000000,119.46240000,0
2026-06-17 00:00:00,0.0763,0.0774,0.0763,0.0774,875.00000000,1781668799999,67.32701000,8,225.30000000,17.25798000,0
2026-06-17 04:00:00,0.0771,0.0771,0.0771,0.0771,692.40000000,1781683199999,53.38404000,2,0.00000000,0.00000000,0
2026-06-17 08:00:00,0.0765,0.0768,0.0765,0.0768,603.40000000,1781697599999,46.20916000,9,0.00000000,0.00000000,0
2026-06-17 12:00:00,0.0768,0.0777,0.0768,0.0775,4948.60000000,1781711999999,383.48362000,6,4843.80000000,375.40029000,0
2026-06-17 16:00:00,0.0784,0.0785,0.076,0.076,14337.50000000,1781726399999,1108.34849000,14,5739.00000000,450.08965000,0
2026-06-17 20:00:00,0.0764,0.0775,0.0759,0.0771,11590.00000000,1781740799999,887.62067000,9,7166.00000000,550.65232000,0
2026-06-18 00:00:00,0.0773,0.0777,0.0771,0.0773,10587.80000000,1781755199999,819.31433000,14,9186.30000000,711.25868000,0
2026-06-18 04:00:00,0.0763,0.0768,0.0756,0.0768,16531.00000000,1781769599999,1258.46288000,20,4464.60000000,342.10454000,0
2026-06-18 08:00:00,0.0774,0.0774,0.0764,0.0764,14486.00000000,1781783999999,1110.40113000,10,7453.50000000,572.41488000,0
2026-06-18 12:00:00,0.0772,0.0785,0.0749,0.075,51312.70000000,1781798399999,3951.58539000,42,36323.60000000,2809.98012000,0
2026-06-18 16:00:00,0.0752,0.0773,0.0751,0.0773,17001.70000000,1781812799999,1295.70925000,17,14339.40000000,1095.30107000,0
2026-06-18 20:00:00,0.0786,0.0786,0.0766,0.0775,18870.40000000,1781827199999,1459.43556000,12,7432.60000000,576.47341000,0
2026-06-19 00:00:00,0.0777,0.0788,0.0777,0.0782,6402.90000000,1781841599999,499.40626000,9,5021.40000000,392.06371000,0
2026-06-19 04:00:00,0.0774,0.0781,0.0759,0.0776,7189.90000000,1781855999999,556.64680000,10,3717.00000000,288.78447000,0
2026-06-19 08:00:00,0.078,0.0782,0.0765,0.0773,5079.10000000,1781870399999,394.33205000,17,1493.30000000,116.29665000,0
2026-06-19 12:00:00,0.077,0.0803,0.0766,0.0799,26030.10000000,1781884799999,2062.83307000,48,15955.00000000,1271.64518000,0
2026-06-19 16:00:00,0.0797,0.0797,0.0787,0.0793,44230.80000000,1781899199999,3502.37153000,39,20919.90000000,1655.00836000,0
2026-06-19 20:00:00,0.079,0.0808,0.079,0.0808,6861.90000000,1781913599999,543.79929000,13,4979.00000000,394.39814000,0
2026-06-20 00:00:00,0.0812,0.0822,0.0812,0.0812,14664.10000000,1781927999999,1195.38082000,14,4673.40000000,381.12813000,0
2026-06-20 04:00:00,0.0812,0.0839,0.0812,0.0831,19676.90000000,1781942399999,1613.55042000,19,15832.50000000,1301.03054000,0
2026-06-20 08:00:00,0.0826,0.0839,0.0824,0.0827,10254.80000000,1781956799999,849.06755000,18,3038.50000000,253.48534000,0
2026-06-20 12:00:00,0.081,0.0828,0.0805,0.0812,13822.90000000,1781971199999,1119.31385000,13,1260.90000000,104.39656000,0
2026-06-20 16:00:00,0.0809,0.0819,0.0787,0.0803,21555.90000000,1781985599999,1739.84957000,21,13653.10000000,1106.07603000,0
2026-06-20 20:00:00,0.0812,0.0813,0.0801,0.0801,22655.50000000,1781999999999,1821.39200000,20,8914.00000000,718.15714000,0
2026-06-21 00:00:00,0.0796,0.082,0.0791,0.0797,7608.70000000,1782014399999,607.47623000,10,4323.80000000,347.21436000,0
2026-06-21 04:00:00,0.0796,0.0797,0.0796,0.0797,3167.50000000,1782028799999,252.34876000,2,2157.60000000,171.96072000,0
2026-06-21 08:00:00,0.0792,0.0799,0.0792,0.0793,4834.50000000,1782043199999,383.95795000,10,1192.00000000,95.24080000,0
2026-06-21 12:00:00,0.0792,0.0801,0.0792,0.0799,9923.10000000,1782057599999,789.89130000,9,6285.50000000,501.79338000,0
2026-06-21 16:00:00,0.0801,0.0819,0.0801,0.0819,11145.40000000,1782071999999,898.27708000,13,8730.20000000,703.73926000,0
2026-06-21 20:00:00,0.0817,0.0827,0.0792,0.0796,24485.80000000,1782086399999,1970.11394000,29,8600.80000000,689.99035000,0
2026-06-22 00:00:00,0.0803,0.0808,0.08,0.0801,16475.80000000,1782100799999,1322.77036000,14,8119.30000000,651.82258000,0
2026-06-22 04:00:00,0.0793,0.0797,0.0789,0.0797,11949.30000000,1782115199999,947.35547000,12,7162.50000000,568.79981000,0
2026-06-22 08:00:00,0.0791,0.0803,0.0791,0.0801,16969.50000000,1782129599999,1355.43803000,14,8018.90000000,641.50561000,0
2026-06-22 12:00:00,0.0802,0.0821,0.0789,0.0821,30811.70000000,1782143999999,2502.12094000,33,11523.70000000,939.07787000,0
2026-06-22 16:00:00,0.0816,0.0816,0.0789,0.0793,21970.80000000,1782158399999,1752.41175000,23,2165.20000000,174.00255000,0
2026-06-22 20:00:00,0.0799,0.0799,0.0788,0.0794,3176.30000000,1782172799999,252.72459000,6,2062.10000000,164.08051000,0
2026-06-23 00:00:00,0.0788,0.0792,0.0784,0.0791,3986.60000000,1782187199999,314.03557000,10,1153.60000000,90.81390000,0
2026-06-23 04:00:00,0.0791,0.0791,0.0773,0.0776,5492.60000000,1782201599999,429.52954000,16,4094.40000000,319.95108000,0
2026-06-23 08:00:00,0.0775,0.0775,0.076,0.0772,8507.00000000,1782215999999,653.71617000,12,4569.50000000,352.11932000,0
2026-06-23 12:00:00,0.0776,0.0781,0.0773,0.0779,29849.60000000,1782230399999,2320.76855000,28,15038.60000000,1168.85485000,0
2026-06-23 16:00:00,0.0775,0.0798,0.0773,0.0786,27618.70000000,1782244799999,2147.60342000,35,12894.40000000,1003.32241000,0
2026-06-23 20:00:00,0.0765,0.0794,0.0763,0.0794,4473.00000000,1782259199999,346.60127000,8,2333.50000000,181.64678000,0
2026-06-24 00:00:00,0.0775,0.0781,0.0773,0.0775,26322.70000000,1782273599999,2044.72770000,19,14866.70000000,1154.71022000,0
2026-06-24 04:00:00,0.0774,0.0776,0.0773,0.0775,15827.80000000,1782287999999,1225.76335000,13,5587.00000000,432.66312000,0
2026-06-24 08:00:00,0.0759,0.0763,0.0759,0.0761,370.50000000,1782302399999,28.25419000,4,215.50000000,16.44265000,0
2026-06-24 12:00:00,0.0773,0.0773,0.0744,0.0744,8657.60000000,1782316799999,652.73774000,12,4070.10000000,306.93505000,0
2026-06-24 16:00:00,0.0739,0.0739,0.0714,0.0715,15050.20000000,1782331199999,1083.57302000,80,10370.90000000,746.37709000,0
2026-06-24 20:00:00,0.0726,0.0738,0.0726,0.0737,24392.70000000,1782345599999,1787.41207000,25,19563.20000000,1432.38649000,0
2026-06-25 00:00:00,0.0742,0.0742,0.0726,0.0737,31042.40000000,1782359999999,2278.24695000,39,13776.60000000,1010.07310000,0
2026-06-25 04:00:00,0.0737,0.0743,0.0735,0.0743,39641.10000000,1782374399999,2930.73818000,29,19866.90000000,1467.15858000,0
2026-06-25 08:00:00,0.0743,0.0743,0.0724,0.0724,32732.80000000,1782388799999,2417.77637000,36,14721.90000000,1088.48502000,0
2026-06-25 12:00:00,0.0723,0.0735,0.0686,0.0707,23015.50000000,1782403199999,1643.64774000,70,16230.90000000,1161.74148000,0
2026-06-25 16:00:00,0.0709,0.0719,0.0706,0.0706,55828.10000000,1782417599999,3971.03297000,41,31198.40000000,2214.93461000,0
2026-06-25 20:00:00,0.0708,0.0724,0.0686,0.0724,10869.40000000,1782431999999,774.83918000,21,8429.90000000,602.60713000,0
2026-06-26 00:00:00,0.0723,0.0724,0.0706,0.0722,19329.20000000,1782446399999,1389.60432000,26,8387.60000000,602.82112000,0
2026-06-26 04:00:00,0.0722,0.0742,0.0717,0.0741,48482.00000000,1782460799999,3535.18773000,37,19705.70000000,1436.07240000,0
2026-06-26 08:00:00,0.0745,0.0753,0.0719,0.072,63039.00000000,1782475199999,4623.18652000,56,34169.40000000,2509.89992000,0
2026-06-26 12:00:00,0.0718,0.0745,0.0713,0.0725,40488.50000000,1782489599999,2927.19667000,52,26748.60000000,1938.68207000,0
2026-06-26 16:00:00,0.0714,0.0726,0.0713,0.0713,28884.70000000,1782503999999,2070.01243000,30,13554.40000000,971.47352000,0
2026-06-26 20:00:00,0.0716,0.073,0.071,0.0715,13780.00000000,1782518399999,984.07956000,16,8045.70000000,576.03261000,0
2026-06-27 00:00:00,0.0716,0.0721,0.0709,0.0721,14287.20000000,1782532799999,1021.05128000,10,8515.10000000,609.24426000,0
2026-06-27 04:00:00,0.0704,0.0728,0.0704,0.0728,6088.10000000,1782547199999,438.59197000,6,3648.50000000,263.80304000,0
2026-06-27 08:00:00,0.0715,0.0715,0.0713,0.0713,3547.30000000,1782561599999,253.38547000,4,0.00000000,0.00000000,0
2026-06-27 12:00:00,0.0711,0.0711,0.0711,0.0711,1241.20000000,1782575999999,88.24932000,1,0.00000000,0.00000000,0
2026-06-27 16:00:00,0.0723,0.0725,0.0707,0.0708,28198.30000000,1782590399999,2013.38815000,24,13690.10000000,979.98653000,0
2026-06-27 20:00:00,0.0708,0.0709,0.0704,0.0708,31612.60000000,1782604799999,2232.55632000,26,17802.20000000,1257.15638000,0
2026-06-28 00:00:00,0.0709,0.0712,0.0708,0.0708,63518.20000000,1782619199999,4504.57812000,43,33436.70000000,2369.33857000,0
2026-06-28 04:00:00,0.0712,0.0712,0.0707,0.0712,37797.70000000,1782633599999,2683.16992000,32,17181.80000000,1218.72183000,0
2026-06-28 08:00:00,0.0711,0.0716,0.0711,0.0714,24244.00000000,1782647999999,1729.17451000,21,14663.00000000,1044.76751000,0
2026-06-28 12:00:00,0.0719,0.0719,0.0712,0.0719,18235.00000000,1782662399999,1305.49047000,15,9160.90000000,656.61389000,0
2026-06-28 16:00:00,0.0716,0.0716,0.0708,0.0708,18797.90000000,1782676799999,1340.83069000,20,9130.40000000,650.84833000,0
2026-06-28 20:00:00,0.0704,0.0715,0.0695,0.0712,57669.90000000,1782691199999,4078.55577000,46,27131.90000000,1918.85340000,0
2026-06-29 00:00:00,0.071,0.073,0.0707,0.073,26027.70000000,1782705599999,1855.63781000,27,16006.40000000,1143.06844000,0
2026-06-29 04:00:00,0.0719,0.0722,0.0717,0.0719,8637.30000000,1782719999999,620.44813000,13,4580.20000000,328.97352000,0
2026-06-29 08:00:00,0.0718,0.0719,0.0718,0.0719,862.90000000,1782734399999,61.97470000,4,176.80000000,12.69424000,0
2026-06-29 12:00:00,0.0724,0.0724,0.0711,0.0713,32088.80000000,1782748799999,2292.70498000,31,12352.10000000,883.67906000,0
2026-06-29 16:00:00,0.0713,0.0718,0.0694,0.0715,41485.10000000,1782763199999,2945.57328000,56,24736.80000000,1757.29370000,0
2026-06-29 20:00:00,0.0712,0.0716,0.0707,0.0707,40988.60000000,1782777599999,2912.76559000,33,21258.20000000,1509.42731000,0
2026-06-30 00:00:00,0.0707,0.0708,0.0696,0.0696,72594.80000000,1782791999999,5081.42477000,79,36364.40000000,2543.59496000,0
2026-06-30 04:00:00,0.0695,0.0704,0.0692,0.0704,8316.60000000,1782806399999,577.79682000,11,7152.70000000,497.25494000,0
2026-06-30 08:00:00,0.0702,0.0702,0.0702,0.0702,1338.30000000,1782820799999,93.94866000,2,669.10000000,46.97082000,0
2026-06-30 12:00:00,0.0696,0.0698,0.0691,0.0692,19550.00000000,1782835199999,1354.25157000,19,9164.80000000,634.31879000,0
2026-06-30 16:00:00,0.0692,0.0699,0.0692,0.0697,5809.30000000,1782849599999,405.21586000,12,3242.50000000,226.07715000,0
2026-06-30 20:00:00,0.0696,0.0696,0.068,0.0685,22923.90000000,1782863999999,1576.62605000,36,11089.40000000,762.68893000,0
2026-07-01 00:00:00,0.0688,0.0693,0.0681,0.0692,17717.10000000,1782878399999,1224.10021000,21,10327.40000000,713.08943000,0
2026-07-01 04:00:00,0.0697,0.0701,0.0688,0.0689,20966.20000000,1782892799999,1447.15278000,25,10265.20000000,708.19651000,0
2026-07-01 08:00:00,0.0688,0.0699,0.0688,0.0695,19407.20000000,1782907199999,1346.02484000,17,9731.00000000,676.30477000,0
2026-07-01 12:00:00,0.0704,0.0717,0.0697,0.0714,39150.90000000,1782921599999,2755.47466000,72,24939.90000000,1757.02820000,0
2026-07-01 16:00:00,0.0706,0.0711,0.0701,0.0704,17999.00000000,1782935999999,1271.18673000,23,8863.40000000,626.21452000,0
2026-07-01 20:00:00,0.0706,0.072,0.0706,0.0712,35152.50000000,1782950399999,2517.99626000,46,17079.30000000,1224.10179000,0
2026-07-02 00:00:00,0.0712,0.0727,0.0712,0.0727,60612.90000000,1782964799999,4354.10840000,73,33012.70000000,2371.18777000,0
2026-07-02 04:00:00,0.0723,0.0726,0.0713,0.0715,56725.50000000,1782979199999,4071.09866000,63,26319.80000000,1886.80664000,0
2026-07-02 08:00:00,0.0715,0.0733,0.0715,0.0733,31968.80000000,1782993599999,2305.71668000,33,18870.40000000,1362.07492000,0
2026-07-02 12:00:00,0.0726,0.0743,0.0725,0.0737,62220.80000000,1783007999999,4564.53333000,86,29665.20000000,2176.49509000,0
2026-07-02 16:00:00,0.0736,0.075,0.0735,0.0741,43094.10000000,1783022399999,3202.63626000,38,19885.80000000,1478.98640000,0
2026-07-02 20:00:00,0.0742,0.0742,0.0728,0.0728,39920.50000000,1783036799999,2939.77463000,33,15366.50000000,1132.10385000,0
2026-07-03 00:00:00,0.0728,0.0737,0.0727,0.0734,22732.50000000,1783051199999,1664.73331000,23,14207.30000000,1040.74133000,0
2026-07-03 04:00:00,0.0731,0.0742,0.073,0.0734,27314.00000000,1783065599999,2003.74058000,22,14052.50000000,1031.94470000,0
2026-07-03 08:00:00,0.0734,0.0743,0.0731,0.0737,23339.20000000,1783079999999,1718.52214000,39,13060.50000000,961.93651000,0
2026-07-03 12:00:00,0.0737,0.0744,0.073,0.0743,4859.40000000,1783094399999,357.15888000,6,69.10000000,5.12722000,0
2026-07-03 16:00:00,0.0733,0.0736,0.0731,0.0733,32959.90000000,1783108799999,2418.97563000,27,16132.20000000,1184.22842000,0
2026-07-03 20:00:00,0.0737,0.0743,0.0731,0.0736,22159.20000000,1783123199999,1631.49821000,60,12358.60000000,910.40463000,0
2026-07-04 00:00:00,0.074,0.0741,0.073,0.0734,20410.30000000,1783137599999,1499.60623000,18,10437.40000000,767.63706000,0
2026-07-04 04:00:00,0.0734,0.0736,0.0727,0.0729,17967.60000000,1783151999999,1317.20301000,16,9438.30000000,692.39531000,0
2026-07-04 08:00:00,0.0731,0.074,0.073,0.0735,35891.80000000,1783166399999,2631.21684000,59,17523.20000000,1284.38598000,0
2026-07-04 12:00:00,0.0739,0.074,0.0732,0.074,16484.80000000,1783180799999,1215.32778000,14,8249.70000000,608.59454000,0
2026-07-04 16:00:00,0.0741,0.0741,0.0741,0.0741,67.80000000,1783195199999,5.02398000,1,0.00000000,0.00000000,0
2026-07-04 20:00:00,0.0735,0.0739,0.0735,0.0737,17456.80000000,1783209599999,1288.54607000,10,12983.00000000,958.39976000,0
2026-07-05 00:00:00,0.0735,0.0735,0.0727,0.0727,43017.90000000,1783223999999,3145.55564000,35,20398.50000000,1491.11411000,0
2026-07-05 04:00:00,0.0729,0.0741,0.0727,0.0729,53791.50000000,1783238399999,3924.09615000,45,27131.10000000,1978.17490000,0
2026-07-05 08:00:00,0.0729,0.0737,0.0726,0.0729,28927.90000000,1783252799999,2110.12872000,39,13991.80000000,1020.16017000,0
2026-07-05 12:00:00,0.0729,0.0739,0.0729,0.0735,15141.20000000,1783267199999,1107.80742000,14,10151.50000000,742.33796000,0
2026-07-05 16:00:00,0.0732,0.0742,0.0725,0.0736,35144.00000000,1783281599999,2580.04645000,37,17135.90000000,1258.43779000,0
2026-07-05 20:00:00,0.0735,0.0746,0.0734,0.0739,21931.30000000,1783295999999,1616.27802000,22,7844.50000000,580.06979000,0
2026-07-06 00:00:00,0.0746,0.0746,0.0734,0.0736,26954.60000000,1783310399999,1989.00491000,39,10659.40000000,785.96628000,0
2026-07-06 04:00:00,0.0737,0.0737,0.0732,0.0732,33553.40000000,1783324799999,2463.48984000,27,19266.90000000,1413.46970000,0
2026-07-06 08:00:00,0.0733,0.0736,0.0732,0.0736,3981.70000000,1783339199999,292.46186000,4,0.00000000,0.00000000,0
2026-07-06 12:00:00,0.0734,0.075,0.0725,0.075,60268.80000000,1783353599999,4430.96699000,50,32572.00000000,2396.59923000,0
2026-07-06 16:00:00,0.075,0.0757,0.0748,0.0753,13360.90000000,1783367999999,1003.02050000,18,7223.80000000,541.60331000,0
2026-07-06 20:00:00,0.0752,0.0758,0.0747,0.0747,43102.90000000,1783382399999,3234.40802000,37,20352.10000000,1525.93416000,0
2026-07-07 00:00:00,0.0744,0.075,0.0741,0.0745,62957.20000000,1783396799999,4692.43457000,47,32082.10000000,2389.52723000,0
2026-07-07 04:00:00,0.0743,0.0752,0.0739,0.0751,77713.60000000,1783411199999,5794.16712000,48,48405.50000000,3608.92818000,0
2026-07-07 08:00:00,0.0749,0.0755,0.0749,0.0753,21040.50000000,1783425599999,1582.87085000,21,10779.30000000,810.17998000,0
2026-07-07 12:00:00,0.0753,0.077,0.0744,0.0764,43414.70000000,1783439999999,3278.46439000,31,26220.00000000,1985.51679000,0
2026-07-07 16:00:00,0.0767,0.0767,0.0758,0.0762,85829.40000000,1783454399999,6528.47322000,66,41251.60000000,3134.29602000,0
2026-07-07 20:00:00,0.0763,0.0777,0.076,0.0777,92292.70000000,1783468799999,7073.89995000,42,31125.80000000,2384.50633000,0
2026-07-08 00:00:00,0.077,0.0773,0.0763,0.0765,18371.80000000,1783483199999,1409.20410000,18,8260.70000000,634.14869000,0
2026-07-08 04:00:00,0.0766,0.077,0.0761,0.0763,31469.60000000,1783497599999,2404.23560000,37,14635.00000000,1117.86605000,0
2026-07-08 08:00:00,0.076,0.0775,0.0755,0.0767,29730.80000000,1783511999999,2265.68217000,32,15809.90000000,1204.58871000,0
2026-07-08 12:00:00,0.0762,0.0764,0.0751,0.0762,44647.80000000,1783526399999,3378.94410000,46,20740.10000000,1570.24757000,0
2026-07-08 16:00:00,0.0766,0.0766,0.0751,0.0758,31794.00000000,1783540799999,2421.65608000,25,15703.00000000,1196.69989000,0
2026-07-08 20:00:00,0.076,0.0766,0.076,0.0765,38128.30000000,1783555199999,2911.32810000,26,18715.00000000,1427.58971000,0
2026-07-09 00:00:00,0.0767,0.0769,0.0755,0.0759,61934.60000000,1783569599999,4718.25583000,47,29779.50000000,2268.58589000,0
2026-07-09 04:00:00,0.076,0.0767,0.076,0.0763,59112.00000000,1783583999999,4509.26981000,41,30924.70000000,2357.07698000,0
2026-07-09 08:00:00,0.0764,0.0766,0.0761,0.0764,29114.30000000,1783598399999,2225.75881000,22,16568.80000000,1265.81929000,0
2026-07-09 12:00:00,0.0765,0.077,0.0764,0.0766,18967.40000000,1783612799999,1453.40028000,15,9853.80000000,754.40689000,0
2026-07-09 16:00:00,0.0767,0.0767,0.0753,0.0761,42872.30000000,1783627199999,3259.55542000,41,20372.60000000,1548.67721000,0
2026-07-09 20:00:00,0.0761,0.0772,0.0761,0.0765,44491.00000000,1783641599999,3400.27065000,39,22159.60000000,1692.93808000,0
2026-07-10 00:00:00,0.0761,0.0777,0.0761,0.0777,17379.40000000,1783655999999,1334.25610000,14,13234.20000000,1017.28922000,0
2026-07-10 04:00:00,0.0776,0.0778,0.0754,0.0754,9911.00000000,1783670399999,762.67917000,16,2349.40000000,182.13509000,0
2026-07-10 08:00:00,0.076,0.0773,0.0753,0.0765,14411.40000000,1783684799999,1099.68164000,22,7078.40000000,539.89721000,0
2026-07-10 12:00:00,0.0767,0.0779,0.0762,0.0779,19456.40000000,1783699199999,1503.35846000,15,12003.20000000,928.09111000,0
2026-07-10 16:00:00,0.0782,0.0799,0.0782,0.0792,19251.70000000,1783713599999,1526.12795000,25,14764.00000000,1171.64647000,0
2026-07-10 20:00:00,0.08,0.0804,0.0794,0.0794,34495.50000000,1783727999999,2752.04954000,30,13975.60000000,1113.59399000,0
2026-07-11 00:00:00,0.0795,0.0807,0.0793,0.0801,68493.30000000,1783742399999,5454.54491000,53,37275.50000000,2969.46010000,0
2026-07-11 04:00:00,0.0803,0.0803,0.0798,0.0801,27139.10000000,1783756799999,2172.61983000,21,14718.00000000,1178.77565000,0
2026-07-11 08:00:00,0.0801,0.0801,0.08,0.08,2328.10000000,1783771199999,186.47909000,2,2310.90000000,185.10309000,0
2026-07-11 12:00:00,0.08,0.0801,0.0797,0.0797,44531.40000000,1783785599999,3557.65347000,36,21365.00000000,1706.00833000,0
2026-07-11 16:00:00,0.0796,0.0801,0.0793,0.0799,54841.10000000,1783799999999,4369.04721000,44,27825.50000000,2215.81472000,0
2026-07-11 20:00:00,0.08,0.0803,0.0795,0.0798,25821.50000000,1783814399999,2060.02875000,32,11901.00000000,948.85825000,0
2026-07-12 00:00:00,0.08,0.08,0.079,0.0794,93556.90000000,1783828799999,7438.27065000,72,46544.60000000,3698.58989000,0
2026-07-12 04:00:00,0.0797,0.0797,0.0791,0.0794,57356.70000000,1783843199999,4551.99761000,44,28408.50000000,2252.18206000,0
2026-07-12 08:00:00,0.0795,0.0797,0.0791,0.0795,30515.60000000,1783857599999,2424.53182000,22,14039.30000000,1114.01353000,0
2026-07-12 12:00:00,0.0795,0.0799,0.0795,0.0798,16035.20000000,1783871999999,1277.82705000,11,9753.70000000,777.89232000,0
2026-07-12 16:00:00,0.08,0.0806,0.0799,0.0806,9586.00000000,1783886399999,769.61552000,12,5189.40000000,417.00613000,0
2026-07-12 20:00:00,0.081,0.0811,0.0802,0.081,64767.60000000,1783900799999,5225.95261000,52,33605.80000000,2711.76567000,0
2026-07-13 00:00:00,0.0813,0.0816,0.0805,0.081,54120.50000000,1783915199999,4387.74199000,44,24379.90000000,1975.06539000,0
2026-07-13 04:00:00,0.0811,0.0815,0.081,0.0815,17743.10000000,1783929599999,1441.93272000,12,10728.60000000,872.32258000,0
2026-07-13 08:00:00,0.0818,0.0828,0.0816,0.0828,29559.40000000,1783943999999,2433.12745000,30,17264.60000000,1421.88230000,0
2026-07-13 12:00:00,0.0828,0.0829,0.081,0.0821,45396.70000000,1783958399999,3723.03366000,44,22473.40000000,1843.67685000,0
2026-07-13 16:00:00,0.0822,0.0824,0.0819,0.0823,28803.50000000,1783972799999,2367.18137000,26,12074.50000000,991.48606000,0
2026-07-13 20:00:00,0.0821,0.0824,0.0819,0.0822,13319.80000000,1783987199999,1094.15376000,14,8734.90000000,717.99406000,0
2026-07-14 00:00:00,0.0822,0.0832,0.0821,0.0832,16918.20000000,1784001599999,1399.85932000,17,8895.10000000,737.39145000,0
2026-07-14 04:00:00,0.0832,0.0836,0.0832,0.0836,1155.90000000,1784015999999,96.28348000,5,1035.70000000,86.28284000,0
2026-07-14 08:00:00,0.0836,0.0842,0.0832,0.0838,5003.60000000,1784030399999,420.99738000,5,4547.30000000,382.82460000,0
2026-07-14 12:00:00,0.0842,0.0846,0.0832,0.0842,49566.30000000,1784044799999,4155.80344000,41,25857.60000000,2167.50019000,0
2026-07-14 16:00:00,0.0845,0.0847,0.0841,0.0843,17585.30000000,1784059199999,1483.50916000,20,8179.80000000,690.22461000,0
2026-07-14 20:00:00,0.0847,0.0851,0.0847,0.0851,1451.20000000,1784073599999,122.94008000,3,1451.20000000,122.94008000,0
2026-07-15 00:00:00,0.0852,0.0852,0.0843,0.0844,9341.80000000,1784087999999,793.18560000,11,952.80000000,80.95216000,0
2026-07-15 04:00:00,0.0844,0.0844,0.0834,0.0834,12993.50000000,1784102399999,1088.67873000,14,4446.70000000,372.97899000,0
2026-07-15 08:00:00,0.0833,0.0836,0.0833,0.0835,14380.40000000,1784116799999,1200.09883000,16,7512.90000000,627.27746000,0
2026-07-15 12:00:00,0.0835,0.0841,0.0834,0.084,28868.00000000,1784131199999,2419.74507000,23,14089.20000000,1180.21302000,0
2026-07-15 16:00:00,0.0836,0.0838,0.0826,0.0826,34858.30000000,1784145599999,2910.48525000,33,16143.50000000,1348.04710000,0
2026-07-15 20:00:00,0.0836,0.0836,0.0823,0.083,17091.70000000,1784159999999,1418.60954000,19,9199.90000000,764.27420000,0
2026-07-16 00:00:00,0.0831,0.0835,0.0824,0.0828,21273.80000000,1784174399999,1763.20072000,21,8386.50000000,695.05776000,0
2026-07-16 04:00:00,0.083,0.0831,0.0825,0.0831,24119.40000000,1784188799999,1999.80881000,26,15457.10000000,1281.75552000,0
2026-07-16 08:00:00,0.0828,0.0836,0.0824,0.0836,20951.10000000,1784203199999,1742.77205000,23,9793.60000000,814.04354000,0
2026-07-16 12:00:00,0.0834,0.0843,0.0829,0.0829,31680.20000000,1784217599999,2650.37050000,37,15966.20000000,1335.96327000,0
2026-07-16 16:00:00,0.0823,0.0834,0.0823,0.0825,7390.30000000,1784231999999,614.87603000,18,4833.30000000,402.97718000,0
2026-07-16 20:00:00,0.0821,0.0824,0.0816,0.0816,7038.30000000,1784246399999,577.49107000,11,1702.70000000,139.92715000,0
2026-07-17 00:00:00,0.0821,0.0828,0.0817,0.0822,43519.60000000,1784260799999,3572.68413000,29,16497.00000000,1352.76835000,0
2026-07-17 04:00:00,0.0827,0.0827,0.0821,0.0823,35890.30000000,1784275199999,2955.20976000,33,16126.00000000,1327.72407000,0
2026-07-17 08:00:00,0.0841,0.0847,0.0838,0.0847,11218.80000000,1784289599999,945.42513000,10,6562.50000000,552.73149000,0
2026-07-17 12:00:00,0.0841,0.0841,0.0836,0.0836,15779.90000000,1784303999999,1322.82874000,13,7099.60000000,595.13918000,0
2026-07-17 16:00:00,0.0835,0.0839,0.0824,0.0828,15341.00000000,1784318399999,1271.78705000,34,6936.90000000,575.67738000,0
2026-07-17 20:00:00,0.0826,0.0829,0.0826,0.0829,2031.00000000,1784332799999,167.99931000,4,601.90000000,49.89751000,0
2026-07-18 00:00:00,0.0821,0.0829,0.0821,0.0827,5220.30000000,1784347199999,429.42572000,4,973.50000000,80.69108000,0
2026-07-18 04:00:00,0.0824,0.0824,0.0814,0.0814,13359.00000000,1784361599999,1093.94792000,14,4859.10000000,397.29940000,0
2026-07-18 08:00:00,0.0811,0.0816,0.0805,0.0816,13254.40000000,1784375999999,1073.05349000,14,4802.60000000,389.12937000,0
2026-07-18 12:00:00,0.0815,0.0815,0.0806,0.081,3795.80000000,1784390399999,307.01667000,7,1717.50000000,139.38253000,0
2026-07-18 16:00:00,0.0809,0.0809,0.0809,0.0809,850.20000000,1784404799999,68.78118000,1,0.00000000,0.00000000,0
2026-07-18 20:00:00,0.0809,0.0809,0.0809,0.0809,200.30000000,1784419199999,16.20427000,1,0.00000000,0.00000000,0
2026-07-19 00:00:00,0.0809,0.0809,0.0806,0.0807,3072.10000000,1784433599999,248.04685000,3,0.00000000,0.00000000,0
2026-07-19 04:00:00,0.0806,0.0812,0.0806,0.0812,334.60000000,1784447999999,27.04232000,2,334.60000000,27.04232000,0
2026-07-19 08:00:00,0.0812,0.0812,0.0812,0.0812,354.00000000,1784462399999,28.74480000,2,0.00000000,0.00000000,0
2026-07-19 12:00:00,0.0813,0.0813,0.0805,0.0809,5173.70000000,1784476799999,417.23215000,5,985.00000000,79.70400000,0
2026-07-19 16:00:00,0.0808,0.081,0.0799,0.0805,40161.20000000,1784491199999,3234.05239000,42,18049.50000000,1451.66148000,0
2026-07-19 20:00:00,0.0805,0.0811,0.0803,0.081,2388.70000000,1784505599999,192.83825000,9,2003.50000000,161.84956000,0
2026-07-20 00:00:00,0.0813,0.0813,0.081,0.081,42.90000000,1784519999999,3.48390000,2,30.00000000,2.43900000,0
2026-07-20 04:00:00,0.0809,0.0809,0.0808,0.0809,1261.90000000,1784534399999,102.08642000,3,13.00000000,1.05170000,0
2026-07-20 08:00:00,0.0805,0.0811,0.0805,0.0811,6655.70000000,1784548799999,537.42952000,12,4687.90000000,378.70276000,0
2026-07-20 12:00:00,0.081,0.081,0.0807,0.0809,5438.40000000,1784563199999,439.74714000,5,1239.10000000,99.99537000,0
2026-07-20 16:00:00,0.0801,0.0809,0.0801,0.0804,10632.70000000,1784577599999,853.99155000,13,5631.40000000,452.04383000,0
2026-07-20 20:00:00,0.0805,0.0805,0.0804,0.0804,733.50000000,1784591999999,58.98457000,2,111.70000000,8.99185000,0
2026-07-21 00:00:00,0.0808,0.0808,0.0802,0.0805,8943.70000000,1784606399999,720.33615000,7,4492.50000000,361.79034000,0
2026-07-21 04:00:00,0.0802,0.0815,0.0802,0.0815,11200.70000000,1784620799999,904.88719000,10,7042.30000000,568.72715000,0
2026-07-21 08:00:00,0.0817,0.0817,0.0805,0.0809,10885.00000000,1784635199999,883.99959000,12,4124.40000000,335.01438000,0
2026-07-21 12:00:00,0.0807,0.0808,0.0802,0.0806,5573.10000000,1784649599999,449.96129000,8,3215.20000000,259.57820000,0
2026-07-21 16:00:00,0.0802,0.0806,0.0801,0.0803,16694.00000000,1784663999999,1340.90972000,22,8393.00000000,673.97661000,0
2026-07-21 20:00:00,0.08,0.0801,0.08,0.0801,808.40000000,1784678399999,64.68448000,3,124.80000000,9.99648000,0
2026-07-22 00:00:00,0.08,0.0802,0.08,0.08,5003.50000000,1784692799999,400.51255000,5,2156.70000000,172.75167000,0
2026-07-22 04:00:00,0.08,0.08,0.0795,0.0795,8153.00000000,1784707199999,650.89950000,10,2978.10000000,238.03840000,0
2026-07-22 08:00:00,0.0794,0.0804,0.079,0.079,4222.80000000,1784721599999,335.04241000,6,1446.20000000,115.54283000,0
2026-07-22 12:00:00,0.0793,0.0793,0.0789,0.079,10080.50000000,1784735999999,795.87501000,7,2523.60000000,199.11204000,0
2026-07-22 16:00:00,0.0783,0.0794,0.0783,0.0794,13382.10000000,1784750399999,1053.05842000,12,6236.20000000,490.42552000,0
2026-07-22 20:00:00,0.0789,0.0794,0.0789,0.0794,4467.70000000,1784764799999,352.77623000,4,2348.20000000,185.33573000,0
2026-07-23 00:00:00,0.0794,0.0794,0.0794,0.0794,0.00000000,1784779199999,0.00000000,0,0.00000000,0.00000000,0
2026-07-23 04:00:00,0.079,0.0791,0.079,0.0791,1298.20000000,1784793599999,102.61936000,3,682.60000000,53.92540000,0
2026-07-23 08:00:00,0.0792,0.0792,0.0778,0.0778,5616.60000000,1784807999999,442.38731000,12,1891.30000000,149.44894000,0
2026-07-23 12:00:00,0.0783,0.0783,0.0772,0.0772,25370.70000000,1784822399999,1971.65679000,26,11876.20000000,922.96468000,0
2026-07-23 16:00:00,0.0762,0.0767,0.0753,0.0767,8314.70000000,1784836799999,634.08935000,17,6489.30000000,495.16929000,0
2026-07-23 20:00:00,0.0762,0.0762,0.0762,0.0762,1312.40000000,1784851199999,100.00488000,2,0.00000000,0.00000000,0
2026-07-24 00:00:00,0.0764,0.0765,0.0764,0.0765,4012.80000000,1784865599999,306.88979000,5,926.80000000,70.81079000,0
2026-07-24 04:00:00,0.0772,0.0779,0.0772,0.0779,7109.40000000,1784879999999,553.27357000,5,7109.40000000,553.27357000,0
2026-07-24 08:00:00,0.0786,0.0788,0.0785,0.0785,1426.20000000,1784894399999,111.98658000,3,0.00000000,0.00000000,0
2026-07-24 12:00:00,0.0778,0.0779,0.0772,0.0772,11700.50000000,1784908799999,907.61248000,8,5168.50000000,400.71760000,0
2026-07-24 16:00:00,0.0769,0.077,0.0766,0.0767,18437.40000000,1784923199999,1416.33180000,19,8569.30000000,657.92859000,0
2026-07-24 20:00:00,0.0766,0.0773,0.0761,0.0773,11889.90000000,1784937599999,909.53403000,19,5817.80000000,445.61538000,0
2026-07-25 00:00:00,0.0773,0.0773,0.0773,0.0773,0.00000000,1784951999999,0.00000000,0,0.00000000,0.00000000,0
2026-07-25 04:00:00,0.0773,0.0773,0.0773,0.0773,0.00000000,1784966399999,0.00000000,0,0.00000000,0.00000000,0
2026-07-25 08:00:00,0.0769,0.0769,0.0766,0.0769,1317.80000000,1784980799999,101.24282000,3,884.90000000,68.04881000,0
2026-07-25 12:00:00,0.0768,0.0768,0.0768,0.0768,2868.50000000,1784995199999,220.30080000,4,1975.00000000,151.68000000,0
2026-07-25 16:00:00,0.0765,0.0769,0.0765,0.0768,3022.70000000,1785009599999,231.89388000,5,1253.30000000,96.35810000,0
2026-07-25 20:00:00,0.0768,0.0768,0.0768,0.0768,0.00000000,1785023999999,0.00000000,0,0.00000000,0.00000000,0
2026-07-26 00:00:00,0.0766,0.0768,0.0766,0.0768,1772.80000000,1785038399999,136.13740000,3,1704.60000000,130.91328000,0
2026-07-26 04:00:00,0.0766,0.0766,0.0766,0.0766,2289.10000000,1785052799999,175.34506000,1,2289.10000000,175.34506000,0
2026-07-26 08:00:00,0.0766,0.0766,0.0763,0.0763,2363.90000000,1785067199999,181.06589000,4,130.50000000,9.99630000,0
2026-07-26 12:00:00,0.077,0.077,0.0769,0.0769,949.00000000,1785081599999,72.98521000,2,0.00000000,0.00000000,0
2026-07-26 16:00:00,0.0769,0.077,0.0767,0.0767,4856.90000000,1785095999999,373.25822000,4,2459.50000000,189.14848000,0
2026-07-26 20:00:00,0.0769,0.0776,0.0769,0.0776,5896.50000000,1785110399999,456.66499000,10,3194.10000000,246.99550000,0
2026-07-27 00:00:00,0.0776,0.0779,0.0776,0.0778,4283.20000000,1785124799999,332.98890000,3,2258.40000000,175.25698000,0
2026-07-27 04:00:00,0.0778,0.0779,0.0775,0.0777,10368.40000000,1785139199999,805.80794000,12,5223.00000000,405.59096000,0
2026-07-27 08:00:00,0.0778,0.0778,0.0771,0.0775,6295.10000000,1785153599999,488.68522000,6,4703.80000000,365.49244000,0
2026-07-27 12:00:00,0.0774,0.0774,0.0755,0.0756,32421.90000000,1785167999999,2487.25707000,43,13950.00000000,1071.43174000,0
2026-07-27 16:00:00,0.0755,0.0755,0.0745,0.0749,14609.40000000,1785182399999,1099.71480000,24,7281.80000000,548.16114000,0
2026-07-27 20:00:00,0.0748,0.0748,0.0737,0.074,20123.20000000,1785196799999,1496.03979000,17,10331.00000000,767.83684000,0
2026-07-28 00:00:00,0.0729,0.0733,0.0729,0.0732,684.10000000,1785211199999,50.03727000,5,122.80000000,8.99032000,0
2026-07-28 04:00:00,0.0733,0.0735,0.073,0.0731,3152.50000000,1785225599999,230.57362000,8,1866.30000000,136.47997000,0
2026-07-28 08:00:00,0.0733,0.074,0.0733,0.0736,17440.10000000,1785239999999,1280.45287000,17,9701.30000000,711.98413000,0
2026-07-28 12:00:00,0.0734,0.0736,0.0731,0.0731,18168.00000000,1785254399999,1333.66347000,17,7770.90000000,570.73127000,0
2026-07-28 16:00:00,0.0733,0.0734,0.072,0.0722,7316.90000000,1785268799999,533.30102000,16,3410.30000000,248.03755000,0
2026-07-28 20:00:00,0.0722,0.0722,0.0722,0.0722,0.00000000,1785283199999,0.00000000,0,0.00000000,0.00000000,0
2026-07-29 00:00:00,0.0725,0.0726,0.0709,0.0726,5877.50000000,1785297599999,421.42042000,22,2949.90000000,211.90585000,0
2026-07-29 04:00:00,0.0709,0.0715,0.0707,0.0715,18721.90000000,1785311999999,1331.33387000,17,8271.40000000,588.32031000,0
2026-07-29 08:00:00,0.0718,0.0718,0.0715,0.0716,3799.80000000,1785326399999,272.72564000,4,400.00000000,28.62000000,0
2026-07-29 12:00:00,0.0713,0.0721,0.0713,0.0718,4800.20000000,1785340799999,344.17376000,7,3661.20000000,262.22832000,0
2026-07-29 16:00:00,0.0718,0.0724,0.0718,0.0719,36511.80000000,1785355199999,2632.38022000,23,12327.60000000,887.32010000,0
2026-07-29 20:00:00,0.0708,0.0717,0.0708,0.0717,3609.80000000,1785369599999,257.54913000,14,2808.50000000,200.09592000,0
2026-07-30 00:00:00,0.0717,0.0717,0.0717,0.0717,0.00000000,1785383999999,0.00000000,0,0.00000000,0.00000000,0
2026-07-30 04:00:00,0.0717,0.0717,0.0717,0.0717,0.00000000,1785398399999,0.00000000,0,0.00000000,0.00000000,0
2026-07-30 08:00:00,0.0714,0.0718,0.0714,0.0716,1398.30000000,1785412799999,100.13574000,4,634.80000000,45.53676000,0
2026-07-30 12:00:00,0.0709,0.072,0.0703,0.071,5388.50000000,1785427199999,382.34094000,8,4024.10000000,285.86690000,0
2026-07-30 16:00:00,0.0712,0.0716,0.0712,0.0713,1036.60000000,1785441599999,74.02558000,3,538.30000000,38.54228000,0
2026-07-30 20:00:00,0.071,0.0719,0.071,0.0716,2820.60000000,1785455999999,201.44184000,10,869.20000000,62.32472000,0
2026-07-31 00:00:00,0.0715,0.0724,0.0713,0.0714,5337.40000000,1785470399999,382.99897000,15,2611.00000000,187.42700000,0
2026-07-31 04:00:00,0.0716,0.0717,0.0716,0.0717,3841.60000000,1785484799999,275.33768000,2,2791.20000000,200.12904000,0
2026-07-31 08:00:00,0.072,0.072,0.0719,0.072,73.80000000,1785499199999,5.31215000,3,29.10000000,2.09520000,0
2026-07-31 12:00:00,0.0716,0.0716,0.0716,0.0716,5035.00000000,1785513599999,360.50600000,5,2479.80000000,177.55368000,0
2026-07-31 16:00:00,0.0711,0.0714,0.0711,0.0714,478.00000000,1785527999999,33.99420000,2,478.00000000,33.99420000,0
2026-07-31 20:00:00,0.0711,0.0711,0.0711,0.0711,865.70000000,1785542399999,61.55127000,2,0.00000000,0.00000000,0
2026-08-01 00:00:00,0.0711,0.0711,0.0711,0.0711,0.00000000,1785556799999,0.00000000,0,0.00000000,0.00000000,0
2026-08-01 04:00:00,0.0718,0.0718,0.0718,0.0718,63.90000000,1785571199999,4.58802000,2,0.00000000,0.00000000,0
2026-08-01 08:00:00,0.0725,0.0725,0.0722,0.0723,166.50000000,1785585599999,12.05170000,4,29.00000000,2.09960000,0
2026-08-01 12:00:00,0.0733,0.0733,0.0728,0.0728,5239.00000000,1785599999999,381.66460000,5,2546.20000000,185.40426000,0
2026-08-01 16:00:00,0.073,0.073,0.0722,0.0722,6097.40000000,1785614399999,441.82468000,8,2596.30000000,188.31510000,0
2026-08-01 20:00:00,0.0717,0.0719,0.0717,0.0719,523.50000000,1785628799999,37.59073000,3,453.60000000,32.56848000,0
2026-08-02 00:00:00,0.0718,0.0723,0.0718,0.0723,6113.40000000,1785643199999,441.02324000,8,2397.20000000,173.07784000,0
2026-08-02 04:00:00,0.0725,0.0728,0.0725,0.0728,588.40000000,1785657599999,42.70013000,2,137.10000000,9.98088000,0
2026-08-02 08:00:00,0.0726,0.0726,0.0726,0.0726,43.90000000,1785671999999,3.18714000,1,0.00000000,0.00000000,0
2026-08-02 12:00:00,0.0724,0.0729,0.0724,0.0729,1102.30000000,1785686399999,80.12117000,3,473.00000000,34.24520000,0
2026-08-02 16:00:00,0.0729,0.0738,0.0728,0.073,2479.40000000,1785700799999,180.59220000,5,2409.30000000,175.47843000,0
2026-08-02 20:00:00,0.0731,0.0731,0.0729,0.0729,4001.40000000,1785715199999,291.98922000,7,3927.10000000,286.56533000,0
2026-08-03 00:00:00,0.0729,0.0729,0.0727,0.0727,3208.70000000,1785729599999,233.77672000,5,0.00000000,0.00000000,0
2026-08-03 04:00:00,0.0729,0.0732,0.0729,0.0729,5296.90000000,1785743999999,386.49507000,6,2342.70000000,170.84745000,0
2026-08-03 08:00:00,0.0733,0.0733,0.0733,0.0733,1935.20000000,1785758399999,141.85016000,2,0.00000000,0.00000000,0
2026-08-03 12:00:00,0.0734,0.0735,0.073,0.0735,11473.70000000,1785772799999,841.01597000,10,10478.10000000,768.33717000,0
2026-08-03 16:00:00,0.072,0.0738,0.072,0.073,24098.80000000,1785787199999,1758.59341000,24,6625.20000000,483.76910000,0
2026-08-03 20:00:00,0.0731,0.0732,0.0729,0.0731,31791.40000000,1785801599999,2321.42152000,28,18310.00000000,1336.19413000,0
2026-08-04 00:00:00,0.0731,0.0732,0.0729,0.0732,6268.90000000,1785815999999,458.30375000,11,902.30000000,65.86647000,0
2026-08-04 04:00:00,0.0732,0.0732,0.0732,0.0732,0.00000000,1785830399999,0.00000000,0,0.00000000,0.00000000,0
2026-08-04 08:00:00,0.0742,0.0742,0.0738,0.074,30223.30000000,1785844799999,2235.98461000,26,16917.30000000,1250.80459000,0
2026-08-04 12:00:00,0.0741,0.0754,0.0739,0.0743,39858.60000000,1785859199999,2975.80799000,39,20333.70000000,1518.51952000,0
2026-08-04 16:00:00,0.0742,0.0745,0.0742,0.0744,8452.80000000,1785873599999,628.21248000,10,3445.00000000,256.08650000,0
2026-08-04 20:00:00,0.0743,0.0751,0.0742,0.0751,12979.70000000,1785887999999,966.68958000,13,6145.50000000,456.86181000,0
2026-08-05 00:00:00,0.0749,0.0752,0.0748,0.0748,14576.00000000,1785902399999,1093.31530000,16,7373.00000000,552.57128000,0
2026-08-05 04:00:00,0.0746,0.0748,0.0746,0.0746,4587.40000000,1785916799999,342.58292000,4,955.20000000,71.35344000,0
2026-08-05 08:00:00,0.075,0.0755,0.075,0.0754,3601.10000000,1785931199999,271.20939000,3,2197.70000000,165.92635000,0
2026-08-05 12:00:00,0.075,0.075,0.0745,0.0746,15935.60000000,1785945599999,1190.04941000,18,10860.40000000,810.93197000,0
2026-08-05 16:00:00,0.0748,0.075,0.0748,0.0749,4881.80000000,1785959999999,365.32094000,5,338.60000000,25.39500000,0
2026-08-05 20:00:00,0.075,0.075,0.0747,0.0748,6602.90000000,1785974399999,493.95228000,6,3407.30000000,255.22650000,0
2026-08-06 00:00:00,0.0753,0.0755,0.0752,0.0754,15402.70000000,1785988799999,1159.83343000,12,5633.40000000,423.70347000,0
2026-08-06 04:00:00,0.0752,0.0756,0.075,0.075,9480.80000000,1786003199999,713.58367000,6,7131.70000000,535.99171000,0
2026-08-06 08:00:00,0.0757,0.076,0.0755,0.0757,7779.20000000,1786017599999,589.11388000,10,1319.20000000,99.99536000,0
2026-08-06 12:00:00,0.0754,0.0756,0.0745,0.0748,40148.60000000,1786031999999,3008.20470000,32,21947.40000000,1642.41588000,0
2026-08-06 16:00:00,0.0751,0.0751,0.0747,0.0748,9538.40000000,1786046399999,714.65393000,12,2412.60000000,180.66558000,0
2026-08-06 20:00:00,0.0749,0.0751,0.0749,0.0751,7414.70000000,1786060799999,556.15308000,6,4931.50000000,369.86487000,0
2026-08-07 00:00:00,0.0751,0.0754,0.0749,0.0751,78103.60000000,1786075199999,5871.14748000,66,38161.70000000,2866.34888000,0
2026-08-07 04:00:00,0.0751,0.0752,0.0747,0.0751,25503.40000000,1786089599999,1913.79027000,18,14961.00000000,1121.84545000,0
2026-08-07 08:00:00,0.0751,0.0765,0.0746,0.0757,77983.70000000,1786103999999,5866.90215000,66,41094.00000000,3089.36687000,0
2026-08-07 12:00:00,0.0761,0.0761,0.0752,0.0755,24783.60000000,1786118399999,1870.90522000,21,11019.00000000,830.41399000,0
2026-08-07 16:00:00,0.0754,0.0754,0.0749,0.0752,29208.10000000,1786132799999,2195.22871000,25,14957.00000000,1123.09285000,0
2026-08-07 20:00:00,0.0752,0.0752,0.0728,0.0728,4301.30000000,1786147199999,322.59173000,8,666.10000000,50.05739000,0
2026-08-08 00:00:00,0.0749,0.0751,0.0728,0.0751,12534.30000000,1786161599999,939.22759000,12,5823.70000000,436.29514000,0
2026-08-08 04:00:00,0.0751,0.0754,0.0732,0.0751,3434.80000000,1786175999999,257.42266000,5,2743.10000000,206.10641000,0
2026-08-08 08:00:00,0.0754,0.0757,0.0713,0.0713,8319.90000000,1786190399999,626.67184000,22,2820.30000000,212.78318000,0
2026-08-08 12:00:00,0.0756,0.0757,0.0754,0.0757,39599.10000000,1786204799999,2992.08863000,35,22768.90000000,1719.11212000,0
2026-08-08 16:00:00,0.0758,0.0759,0.0757,0.0759,6172.10000000,1786219199999,467.54704000,9,0.00000000,0.00000000,0
2026-08-08 20:00:00,0.0759,0.0763,0.0759,0.0763,12696.90000000,1786233599999,966.99776000,15,7170.90000000,546.42258000,0
2026-08-09 00:00:00,0.0765,0.0768,0.0765,0.0768,12574.60000000,1786247999999,963.53847000,14,6740.60000000,516.31373000,0
2026-08-09 04:00:00,0.0767,0.078,0.0767,0.0776,25404.10000000,1786262399999,1967.45303000,35,16052.20000000,1243.35233000,0
2026-08-09 08:00:00,0.0777,0.0777,0.0773,0.0773,2474.90000000,1786276799999,192.27385000,3,64.70000000,5.00131000,0
2026-08-09 12:00:00,0.0768,0.0774,0.0767,0.0773,7622.60000000,1786291199999,587.08226000,11,3950.20000000,304.23918000,0
2026-08-09 16:00:00,0.0774,0.0774,0.0774,0.0774,128.90000000,1786305599999,9.97686000,1,128.90000000,9.97686000,0
2026-08-09 20:00:00,0.0779,0.0785,0.077,0.0777,45225.40000000,1786319999999,3525.32927000,50,24639.10000000,1919.88678000,0
2026-08-10 00:00:00,0.0778,0.0779,0.0777,0.0779,1517.30000000,1786334399999,118.06549000,3,826.00000000,64.34540000,0
2026-08-10 04:00:00,0.0774,0.0775,0.0772,0.0773,15841.30000000,1786348799999,1225.19530000,11,11731.80000000,907.26573000,0
2026-08-10 08:00:00,0.0782,0.0783,0.0782,0.0783,3501.40000000,1786363199999,273.93719000,4,1277.10000000,99.99693000,0
2026-08-10 12:00:00,0.0771,0.0773,0.0767,0.0772,16267.30000000,1786377599999,1253.29524000,17,8624.60000000,664.74019000,0
2026-08-10 16:00:00,0.0772,0.0774,0.0771,0.0774,6670.60000000,1786391999999,514.56538000,8,4436.70000000,342.10830000,0
2026-08-10 20:00:00,0.0771,0.0771,0.0771,0.0771,72.70000000,1786406399999,5.60517000,1,0.00000000,0.00000000,0
2026-08-11 00:00:00,0.0764,0.0765,0.0756,0.0757,15385.70000000,1786420799999,1170.96227000,21,3916.00000000,298.04734000,0
2026-08-11 04:00:00,0.0754,0.076,0.0754,0.076,3625.60000000,1786435199999,274.18542000,4,1812.20000000,137.36436000,0
2026-08-11 08:00:00,0.0759,0.076,0.0759,0.0759,6851.40000000,1786449599999,520.05815000,5,5946.50000000,451.37624000,0
2026-08-11 12:00:00,0.0757,0.0767,0.0755,0.076,24246.10000000,1786463999999,1844.50369000,25,10418.40000000,793.48806000,0
2026-08-11 16:00:00,0.0762,0.0762,0.0755,0.0755,13009.00000000,1786478399999,986.03135000,15,7589.20000000,574.54993000,0
2026-08-11 20:00:00,0.0751,0.0751,0.0748,0.0749,14809.80000000,1786492799999,1109.56860000,15,5103.10000000,382.27411000,0
2026-08-12 00:00:00,0.0751,0.0753,0.0751,0.0753,1593.40000000,1786507199999,119.88874000,3,0.00000000,0.00000000,0
2026-08-12 04:00:00,0.0756,0.0759,0.0753,0.0753,10656.60000000,1786521599999,804.18441000,8,6559.80000000,495.28569000,0
2026-08-12 08:00:00,0.0757,0.0757,0.0752,0.0755,10345.60000000,1786535999999,780.34477000,10,4116.30000000,310.64182000,0
2026-08-12 12:00:00,0.0755,0.0755,0.0737,0.0738,21288.70000000,1786550399999,1582.98940000,20,13217.10000000,984.58557000,0
2026-08-12 16:00:00,0.0742,0.0749,0.0742,0.0749,16070.40000000,1786564799999,1196.87650000,12,11104.10000000,828.37704000,0
2026-08-12 20:00:00,0.0747,0.0747,0.0742,0.0745,2559.50000000,1786579199999,190.86315000,6,174.50000000,12.97339000,0
2026-08-13 00:00:00,0.0748,0.0748,0.0744,0.0746,7479.50000000,1786593599999,557.22199000,8,3687.30000000,274.41488000,0
2026-08-13 04:00:00,0.0745,0.0745,0.0744,0.0744,103.90000000,1786607999999,7.73786000,2,103.90000000,7.73786000,0
2026-08-13 08:00:00,0.0744,0.0744,0.0741,0.0742,4614.00000000,1786622399999,342.57107000,4,4564.60000000,338.90559000,0
2026-08-13 12:00:00,0.0739,0.0741,0.0734,0.0734,22640.70000000,1786636799999,1673.79157000,24,10707.00000000,792.59049000,0
2026-08-13 16:00:00,0.0732,0.0734,0.0727,0.0727,23761.60000000,1786651199999,1735.45609000,37,12593.40000000,918.81671000,0
2026-08-13 20:00:00,0.0726,0.0732,0.0726,0.0732,940.40000000,1786665599999,68.68909000,3,681.90000000,49.91508000,0
2026-08-14 00:00:00,0.0732,0.0732,0.0732,0.0732,0.00000000,1786679999999,0.00000000,0,0.00000000,0.00000000,0
2026-08-14 04:00:00,0.0736,0.0736,0.0734,0.0734,655.70000000,1786694399999,48.13522000,3,108.80000000,7.98592000,0
2026-08-14 08:00:00,0.0728,0.0738,0.0726,0.0738,6482.00000000,1786708799999,475.11001000,7,4898.30000000,358.99486000,0
2026-08-14 12:00:00,0.0739,0.0745,0.0739,0.0742,7140.50000000,1786723199999,530.67949000,11,4664.50000000,346.72353000,0
2026-08-14 16:00:00,0.0741,0.0742,0.0736,0.0742,20343.60000000,1786737599999,1507.40370000,17,8430.40000000,625.11720000,0
2026-08-14 20:00:00,0.0743,0.0748,0.0743,0.0747,11636.70000000,1786751999999,868.08529000,5,6984.50000000,521.50556000,0
2026-08-15 00:00:00,0.075,0.0756,0.075,0.0756,7479.90000000,1786766399999,562.77588000,6,4084.80000000,307.57182000,0
2026-08-15 04:00:00,0.0757,0.0757,0.0752,0.0755,5275.90000000,1786780799999,398.90044000,5,1031.80000000,78.00408000,0
2026-08-15 08:00:00,0.0754,0.0759,0.0752,0.0759,17964.10000000,1786795199999,1356.90381000,14,11016.80000000,832.62177000,0
2026-08-15 12:00:00,0.0756,0.0756,0.0752,0.0753,24844.70000000,1786809599999,1870.25881000,21,9856.30000000,741.66709000,0
2026-08-15 16:00:00,0.0752,0.0756,0.0751,0.0756,42083.70000000,1786823999999,3167.70578000,36,25176.90000000,1894.63540000,0
2026-08-15 20:00:00,0.0756,0.0756,0.0756,0.0756,3938.70000000,1786838399999,297.76572000,4,0.00000000,0.00000000,0
2026-08-16 00:00:00,0.0749,0.075,0.0748,0.0748,6051.20000000,1786852799999,453.18974000,6,3965.50000000,297.17166000,0
2026-08-16 04:00:00,0.0748,0.075,0.0748,0.075,6960.90000000,1786867199999,521.35268000,6,4502.80000000,337.48680000,0
2026-08-16 08:00:00,0.075,0.075,0.075,0.075,0.00000000,1786881599999,0.00000000,0,0.00000000,0.00000000,0
2026-08-16 12:00:00,0.0752,0.0755,0.0751,0.0755,27630.20000000,1786895999999,2076.06386000,11,17032.00000000,1279.10320000,0
2026-08-16 16:00:00,0.0756,0.0756,0.075,0.0752,3628.50000000,1786910399999,272.73427000,7,2004.00000000,150.75835000,0
2026-08-16 20:00:00,0.0752,0.0752,0.0746,0.0749,14537.60000000,1786924799999,1087.91262000,14,7395.00000000,552.71924000,0
2026-08-17 00:00:00,0.0748,0.0751,0.0747,0.075,15361.60000000,1786939199999,1151.73194000,12,9481.90000000,710.60465000,0
2026-08-17 04:00:00,0.0751,0.0752,0.0751,0.0751,2476.90000000,1786953599999,186.02583000,6,139.70000000,10.50211000,0
2026-08-17 08:00:00,0.0757,0.0773,0.0756,0.0767,35624.00000000,1786967999999,2719.21359000,24,25528.30000000,1948.58375000,0
2026-08-17 12:00:00,0.077,0.0785,0.077,0.078,30670.20000000,1786982399999,2393.34445000,20,15953.30000000,1244.66650000,0
2026-08-17 16:00:00,0.0781,0.0854,0.0778,0.08,145927.50000000,1786996799999,11812.90874000,126,98152.20000000,7907.47443000,0
2026-08-17 20:00:00,0.08,0.0805,0.0799,0.0799,17642.60000000,1787011199999,1415.27816000,16,7630.70000000,611.92965000,0
2026-08-18 00:00:00,0.0801,0.0806,0.079,0.0793,17074.70000000,1787025599999,1361.01039000,19,8638.30000000,687.77846000,0
2026-08-18 04:00:00,0.0793,0.0793,0.0793,0.0793,0.00000000,1787039999999,0.00000000,0,0.00000000,0.00000000,0
2026-08-18 08:00:00,0.0797,0.0809,0.0797,0.0807,23743.30000000,1787054399999,1910.06420000,18,12107.40000000,972.93496000,0
2026-08-18 12:00:00,0.0807,0.0822,0.0807,0.0814,14648.60000000,1787068799999,1195.10507000,7,7803.40000000,639.27483000,0
2026-08-18 16:00:00,0.0816,0.083,0.0816,0.0823,32492.60000000,1787083199999,2681.55918000,12,24057.90000000,1988.17739000,0
2026-08-18 20:00:00,0.0825,0.0825,0.0817,0.0819,11058.10000000,1787097599999,906.66908000,12,5952.60000000,487.08466000,0
2026-08-19 00:00:00,0.0818,0.0824,0.0818,0.0822,1967.00000000,1787111999999,161.73250000,4,828.30000000,68.25192000,0
2026-08-19 04:00:00,0.0826,0.0826,0.0819,0.0823,6148.40000000,1787126399999,505.14314000,4,967.10000000,79.77305000,0
2026-08-19 08:00:00,0.0814,0.0814,0.0812,0.0812,4862.60000000,1787140799999,395.56934000,2,3631.10000000,295.57154000,0
2026-08-19 12:00:00,0.0807,0.0825,0.0807,0.0816,12155.90000000,1787155199999,995.94548000,18,7221.50000000,592.08815000,0
2026-08-19 16:00:00,0.0814,0.0814,0.0805,0.0809,17020.80000000,1787169599999,1373.68589000,27,11241.10000000,907.05616000,0
2026-08-19 20:00:00,0.0808,0.0835,0.0808,0.0817,64319.30000000,1787183999999,5259.68015000,67,35085.20000000,2867.19735000,0
2026-08-20 00:00:00,0.0816,0.0823,0.081,0.0811,17805.00000000,1787198399999,1451.98313000,19,8168.80000000,665.84894000,0
2026-08-20 04:00:00,0.0812,0.0817,0.0812,0.0814,21604.50000000,1787212799999,1759.52778000,20,11347.60000000,923.69952000,0
2026-08-20 08:00:00,0.0813,0.0823,0.0813,0.0818,65855.30000000,1787227199999,5395.18001000,53,32744.60000000,2680.89825000,0
2026-08-20 12:00:00,0.0818,0.0828,0.0814,0.0822,79916.70000000,1787241599999,6547.84872000,74,41125.40000000,3366.94990000,0
2026-08-20 16:00:00,0.0822,0.0834,0.0797,0.081,75116.20000000,1787255999999,6164.01913000,62,32377.80000000,2647.58626000,0
2026-08-20 20:00:00,0.0809,0.0838,0.0798,0.0812,51135.10000000,1787270399999,4159.05677000,56,26588.50000000,2167.65472000,0
2026-08-21 00:00:00,0.0812,0.083,0.0806,0.083,38581.50000000,1787284799999,3130.84768000,46,21612.80000000,1756.48908000,0
2026-08-21 04:00:00,0.0831,0.0924,0.0831,0.088,109147.90000000,1787299199999,9594.09726000,82,70887.70000000,6214.38884000,0
2026-08-21 08:00:00,0.0884,0.093,0.0878,0.0908,45483.90000000,1787313599999,4144.36309000,30,35607.70000000,3247.41302000,0
2026-08-21 12:00:00,0.0906,0.0907,0.0877,0.0901,32212.60000000,1787327999999,2885.14555000,28,13524.10000000,1207.23699000,0
2026-08-21 16:00:00,0.0895,0.0895,0.0884,0.0892,48806.40000000,1787342399999,4348.48824000,48,24418.30000000,2175.01369000,0
2026-08-21 20:00:00,0.0898,0.0956,0.0898,0.0956,58632.70000000,1787356799999,5398.39857000,49,41562.00000000,3852.59954000,0
2026-08-22 00:00:00,0.0949,0.1064,0.0946,0.1049,132726.90000000,1787371199999,13478.06178000,75,114425.90000000,11716.84768000,0
2026-08-22 04:00:00,0.106,0.115,0.0987,0.1135,261092.40000000,1787385599999,28079.72179000,186,181028.80000000,19496.55603000,0
2026-08-22 08:00:00,0.1137,0.1203,0.1033,0.112,233564.60000000,1787399999999,26329.87985000,179,134308.00000000,15155.89887000,0
2026-08-22 12:00:00,0.1114,0.1143,0.1051,0.1094,53799.70000000,1787414399999,5829.75633000,46,29040.60000000,3143.83373000,0
2026-08-22 16:00:00,0.1107,0.1124,0.1055,0.1072,28901.70000000,1787428799999,3126.16644000,38,14760.00000000,1599.98291000,0
2026-08-22 20:00:00,0.1068,0.1085,0.1043,0.1072,79262.60000000,1787443199999,8420.17849000,84,34163.40000000,3638.09174000,0
2026-08-23 00:00:00,0.1064,0.1078,0.1031,0.1031,15434.00000000,1787457599999,1631.54519000,11,7565.00000000,800.13769000,0
2026-08-23 04:00:00,0.1025,0.1035,0.1014,0.1035,21166.50000000,1787471999999,2166.96997000,21,11516.90000000,1178.91079000,0
2026-08-23 08:00:00,0.1053,0.1083,0.1053,0.1083,23592.20000000,1787486399999,2524.58855000,26,2497.60000000,265.37795000,0
2026-08-23 12:00:00,0.1071,0.1086,0.1069,0.1086,20206.40000000,1787500799999,2175.00815000,29,9800.20000000,1054.48005000,0
2026-08-23 16:00:00,0.1071,0.1101,0.1058,0.1101,17777.50000000,1787515199999,1905.66557000,29,10533.90000000,1129.05004000,0
2026-08-23 20:00:00,0.1086,0.1097,0.1075,0.1094,39413.60000000,1787529599999,4287.17613000,42,19804.50000000,2154.43606000,0
2026-08-24 00:00:00,0.1084,0.1086,0.1048,0.1085,28616.00000000,1787543999999,3062.26696000,29,19386.40000000,2072.25997000,0
2026-08-24 04:00:00,0.1062,0.1088,0.1062,0.1071,43918.50000000,1787558399999,4702.54945000,33,17088.60000000,1832.16872000,0
2026-08-24 08:00:00,0.1095,0.1161,0.1092,0.1161,55832.40000000,1787572799999,6296.69726000,48,32598.30000000,3681.80166000,0
2026-08-24 12:00:00,0.1152,0.1188,0.1142,0.1162,24508.60000000,1787587199999,2836.01428000,27,16552.30000000,1917.86358000,0
2026-08-24 16:00:00,0.1165,0.1165,0.1141,0.1141,46859.80000000,1787601599999,5409.09700000,21,15502.10000000,1792.54901000,0
2026-08-24 20:00:00,0.1138,0.1164,0.1122,0.1164,20948.10000000,1787615999999,2397.53588000,19,14595.20000000,1678.06289000,0
2026-08-25 00:00:00,0.1154,0.1172,0.1146,0.1172,21205.70000000,1787630399999,2450.46340000,21,12277.50000000,1424.51155000,0
2026-08-25 04:00:00,0.1169,0.1228,0.1168,0.1211,32754.30000000,1787644799999,3931.05078000,42,19634.70000000,2365.42879000,0
2026-08-25 08:00:00,0.1215,0.1239,0.1186,0.1232,23886.30000000,1787659199999,2901.19534000,28,10256.80000000,1255.60027000,0
2026-08-25 12:00:00,0.1233,0.1243,0.1182,0.1243,86387.90000000,1787673599999,10600.31854000,30,78291.20000000,9633.38583000,0
2026-08-25 16:00:00,0.1241,0.1273,0.1177,0.1223,52710.60000000,1787687999999,6455.17277000,77,20533.70000000,2513.97999000,0
2026-08-25 20:00:00,0.124,0.1241,0.1192,0.1212,18503.10000000,1787702399999,2258.88160000,27,7401.40000000,905.31948000,0
2026-08-26 00:00:00,0.1209,0.1243,0.1209,0.1216,30850.10000000,1787716799999,3784.02235000,22,4981.60000000,615.13902000,0
2026-08-26 04:00:00,0.1215,0.1226,0.1204,0.1226,10766.80000000,1787731199999,1305.72390000,18,3305.50000000,400.56783000,0
2026-08-26 08:00:00,0.1199,0.1217,0.1169,0.1217,17704.60000000,1787745599999,2110.72750000,35,9474.60000000,1136.00195000,0
2026-08-26 12:00:00,0.1211,0.1211,0.1124,0.1125,21228.70000000,1787759999999,2457.75532000,23,10344.30000000,1187.41436000,0
2026-08-26 16:00:00,0.1111,0.1111,0.1085,0.1091,13876.20000000,1787774399999,1521.45646000,13,3026.70000000,334.43143000,0
2026-08-26 20:00:00,0.1077,0.1109,0.1071,0.1109,82848.00000000,1787788799999,8937.54740000,46,69904.80000000,7540.65958000,0
2026-08-27 00:00:00,0.1106,0.1115,0.105,0.105,25109.90000000,1787803199999,2680.19206000,26,597.30000000,65.21635000,0
2026-08-27 04:00:00,0.105,0.1069,0.105,0.1063,62644.50000000,1787817599999,6589.69703000,29,8444.30000000,896.91842000,0
2026-08-27 08:00:00,0.1082,0.1103,0.1062,0.1062,89031.50000000,1787831999999,9605.84638000,38,72387.00000000,7803.82290000,0
2026-08-27 12:00:00,0.1074,0.1095,0.1074,0.1084,11785.60000000,1787846399999,1273.82668000,16,2117.40000000,229.19451000,0
2026-08-27 16:00:00,0.1083,0.1083,0.1072,0.1078,4529.50000000,1787860799999,487.98978000,10,3607.00000000,388.08303000,0
2026-08-27 20:00:00,0.1075,0.1092,0.1075,0.1088,751.20000000,1787875199999,81.54779000,5,714.20000000,77.56609000,0
2026-08-28 00:00:00,0.1081,0.1102,0.1073,0.1073,6285.00000000,1787889599999,687.72438000,19,5046.40000000,553.14296000,0
2026-08-28 04:00:00,0.1071,0.1071,0.106,0.1067,11991.40000000,1787903999999,1276.40243000,25,10050.50000000,1069.40125000,0
2026-08-28 08:00:00,0.1076,0.1082,0.1072,0.1081,9500.00000000,1787918399999,1022.49535000,8,2806.80000000,302.28411000,0
2026-08-28 12:00:00,0.1074,0.1091,0.1069,0.1076,262185.30000000,1787932799999,28341.69732000,51,583.70000000,63.68167000,0
2026-08-28 16:00:00,0.106,0.1087,0.1055,0.1075,28511.90000000,1787947199999,3014.22571000,22,1994.50000000,214.84753000,0
2026-08-28 20:00:00,0.1072,0.1079,0.1072,0.1079,266120.50000000,1787961599999,28600.03097000,20,131116.70000000,14061.86609000,0
2026-08-29 00:00:00,0.1066,0.1066,0.106,0.1064,1942.00000000,1787975999999,206.47368000,6,582.20000000,61.71320000,0
2026-08-29 04:00:00,0.1062,0.1066,0.1055,0.1056,2477.20000000,1787990399999,262.42755000,6,685.60000000,72.99036000,0
2026-08-29 08:00:00,0.1054,0.1056,0.105,0.105,5099.70000000,1788004799999,536.76298000,8,1182.70000000,124.77480000,0
2026-08-29 12:00:00,0.1053,0.1053,0.1042,0.1049,4010.80000000,1788019199999,420.37277000,9,3067.90000000,321.56327000,0
2026-08-29 16:00:00,0.1046,0.1046,0.1025,0.1027,62038.40000000,1788033599999,6385.95316000,33,19575.10000000,2019.99569000,0
2026-08-29 20:00:00,0.1021,0.1069,0.1012,0.1069,39557.60000000,1788047999999,4169.10182000,33,16741.40000000,1755.90645000,0
2026-08-30 00:00:00,0.1052,0.1055,0.1043,0.1043,3608.10000000,1788062399999,379.36556000,5,2359.60000000,248.29156000,0
2026-08-30 04:00:00,0.1036,0.1037,0.1033,0.1033,5975.30000000,1788076799999,618.38148000,8,1048.60000000,108.73982000,0
2026-08-30 08:00:00,0.1039,0.1039,0.1033,0.1033,2088.00000000,1788091199999,216.31833000,3,27.20000000,2.82608000,0
2026-08-30 12:00:00,0.1046,0.1061,0.1021,0.1021,17332.10000000,1788105599999,1793.79727000,32,5034.60000000,524.29810000,0
2026-08-30 16:00:00,0.1022,0.1022,0.0985,0.0997,117485.20000000,1788119999999,11781.88845000,65,16830.70000000,1691.01818000,0
2026-08-30 20:00:00,0.1,0.1109,0.0968,0.0974,47375.30000000,1788134399999,4766.08704000,60,34035.70000000,3457.87325000,0
2026-08-31 00:00:00,0.0971,0.0971,0.0958,0.0958,17064.40000000,1788148560000,1654.82436000,9,10104.20000000,980.98236000,0
2026-08-31 12:00:00,0.0943,0.0943,0.0869,0.0899,23173.80000000,1788191999999,2058.71867000,18,12826.00000000,1137.08998000,0
2026-08-31 16:00:00,0.0899,0.0909,0.0899,0.0901,25827.00000000,1788206399999,2344.07300000,12,3955.10000000,358.11216000,0
2026-08-31 20:00:00,0.0905,0.0917,0.0902,0.0902,159608.60000000,1788220799999,14472.14561000,45,96909.80000000,8769.68698000,0
2026-09-01 00:00:00,0.0913,0.0917,0.0913,0.0917,4377.10000000,1788235199999,400.50819000,2,2197.40000000,201.50158000,0
2026-09-01 04:00:00,0.0927,0.0935,0.0927,0.0927,2555.10000000,1788249599999,237.17931000,6,2427.60000000,225.34731000,0
2026-09-01 08:00:00,0.0906,0.0934,0.0906,0.0926,28182.60000000,1788263999999,2606.68258000,13,24068.20000000,2233.91794000,0
2026-09-01 12:00:00,0.0912,0.0915,0.0899,0.091,3138.20000000,1788278399999,283.24824000,14,1596.80000000,143.97878000,0
2026-09-01 16:00:00,0.0909,0.0909,0.0909,0.0909,29.30000000,1788292799999,2.66337000,1,0.00000000,0.00000000,0
2026-09-01 20:00:00,0.0902,0.0904,0.0882,0.0901,7881.80000000,1788307199999,701.02690000,192,4506.30000000,399.62685000,0
2026-09-02 00:00:00,0.0901,0.0906,0.089,0.09,2623.00000000,1788321599999,235.92536000,139,108.20000000,9.76505000,0
2026-09-02 04:00:00,0.0901,0.0903,0.0895,0.0901,2620.20000000,1788335999999,235.63419000,117,55.50000000,4.99500000,0
2026-09-02 08:00:00,0.0901,0.0923,0.0901,0.092,2257.80000000,1788350399999,205.07617000,103,195.30000000,17.90901000,0
2026-09-02 12:00:00,0.0915,0.0915,0.0909,0.0909,3967.20000000,1788364799999,360.98070000,3,1096.40000000,99.99168000,0
2026-09-02 16:00:00,0.091,0.0917,0.091,0.0917,716.60000000,1788379199999,65.37921000,5,432.10000000,39.39689000,0
2026-09-02 20:00:00,0.0916,0.0924,0.0916,0.0924,9053.50000000,1788393599999,833.15330000,7,8988.50000000,827.14730000,0
2026-09-03 00:00:00,0.0925,0.093,0.0924,0.093,14890.60000000,1788407999999,1376.56665000,25,849.30000000,78.94776000,0
2026-09-03 04:00:00,0.0931,0.0941,0.0926,0.0933,43614.70000000,1788422399999,4083.80193000,27,9675.60000000,908.67129000,0
2026-09-03 08:00:00,0.0936,0.0936,0.0917,0.0925,22859.00000000,1788436799999,2131.24649000,11,37.70000000,3.49479000,0
2026-09-03 12:00:00,0.094,0.0957,0.094,0.0957,40192.20000000,1788451199999,3843.45862000,17,26387.90000000,2522.40631000,0
2026-09-03 16:00:00,0.0954,0.0954,0.0948,0.0949,1521.50000000,1788465599999,145.08740000,3,0.00000000,0.00000000,0
2026-09-03 20:00:00,0.0947,0.0949,0.0945,0.0949,2293.20000000,1788479999999,216.77842000,3,2147.90000000,203.01851000,0
2026-09-04 00:00:00,0.0949,0.0949,0.0949,0.0949,0.00000000,1788494399999,0.00000000,0,0.00000000,0.00000000,0
2026-09-04 04:00:00,0.0938,0.095,0.0938,0.0943,22516.40000000,1788508799999,2125.57943000,22,16251.10000000,1532.05214000,0
2026-09-04 08:00:00,0.0951,0.0959,0.0942,0.0959,13880.80000000,1788523199999,1321.31464000,19,6866.00000000,656.07642000,0
2026-09-04 12:00:00,0.0952,0.0952,0.091,0.0923,7239.00000000,1788537599999,671.13683000,29,154.30000000,14.25021000,0
2026-09-04 16:00:00,0.0923,0.0923,0.0923,0.0923,0.00000000,1788551999999,0.00000000,0,0.00000000,0.00000000,0
2026-09-04 20:00:00,0.0923,0.0923,0.0923,0.0923,0.00000000,1788566399999,0.00000000,0,0.00000000,0.00000000,0
2026-09-05 00:00:00,0.0935,0.0941,0.0935,0.094,5376.60000000,1788580799999,503.88044000,5,5312.80000000,497.88324000,0
2026-09-05 04:00:00,0.0942,0.0953,0.0942,0.0953,2918.00000000,1788595199999,277.72578000,5,740.90000000,70.40116000,0
2026-09-05 08:00:00,0.0952,0.0952,0.0945,0.0945,815.40000000,1788609599999,77.25043000,5,421.40000000,39.88548000,0
2026-09-05 12:00:00,0.0945,0.0951,0.0945,0.0948,3493.30000000,1788623999999,330.30356000,5,1737.70000000,164.21265000,0
2026-09-05 16:00:00,0.0951,0.0958,0.0951,0.0953,2792.00000000,1788638399999,266.41837000,5,925.70000000,88.64168000,0
2026-09-05 20:00:00,0.0956,0.0984,0.0956,0.0979,37347.90000000,1788652799999,3640.05265000,26,31624.60000000,3087.63955000,0
2026-09-06 00:00:00,0.0977,0.1001,0.0977,0.1001,25692.10000000,1788667199999,2539.55521000,28,14079.70000000,1393.22909000,0
2026-09-06 04:00:00,0.1001,0.1002,0.0977,0.0993,18067.90000000,1788681599999,1790.07888000,28,9768.90000000,968.19885000,0
2026-09-06 08:00:00,0.0996,0.0996,0.0952,0.0964,18438.80000000,1788695999999,1784.07227000,22,8622.10000000,830.20344000,0
2026-09-06 12:00:00,0.0967,0.0967,0.0967,0.0967,777.50000000,1788710399999,75.18425000,2,20.60000000,1.99202000,0
2026-09-06 16:00:00,0.0971,0.0972,0.0969,0.0969,250.60000000,1788724799999,24.33462000,3,206.10000000,20.02257000,0
2026-09-06 20:00:00,0.0984,0.0985,0.0981,0.0981,3454.20000000,1788739199999,339.54637000,3,1729.70000000,170.37292000,0
2026-09-07 00:00:00,0.0982,0.0982,0.0969,0.0975,1441.10000000,1788753599999,140.30353000,12,434.10000000,42.25895000,0
2026-09-07 04:00:00,0.0969,0.0974,0.0962,0.0962,6133.00000000,1788767999999,590.88957000,8,3661.50000000,352.46106000,0
2026-09-07 08:00:00,0.0979,0.0979,0.0979,0.0979,118.00000000,1788782399999,11.55220000,2,102.10000000,9.99559000,0
2026-09-07 12:00:00,0.0973,0.0973,0.0951,0.0955,3766.80000000,1788796799999,361.76434000,9,1971.60000000,190.40466000,0
2026-09-07 16:00:00,0.0953,0.096,0.0953,0.0956,2357.60000000,1788811199999,225.38094000,7,206.70000000,19.73508000,0
2026-09-07 20:00:00,0.0956,0.0956,0.095,0.095,996.20000000,1788825599999,94.76926000,7,105.00000000,9.99600000,0
2026-09-08 00:00:00,0.0949,0.0959,0.0949,0.0955,7101.60000000,1788839999999,678.41884000,8,2956.30000000,282.29657000,0
2026-09-08 04:00:00,0.0953,0.0953,0.0953,0.0953,1774.10000000,1788854399999,169.07173000,2,1762.30000000,167.94719000,0
2026-09-08 08:00:00,0.096,0.0968,0.096,0.0968,2913.30000000,1788868799999,281.47567000,5,1032.50000000,99.83623000,0
2026-09-08 12:00:00,0.0958,0.0974,0.0955,0.0974,8187.80000000,1788883199999,787.88635000,12,4314.20000000,413.94358000,0
2026-09-08 16:00:00,0.0978,0.0984,0.0971,0.0971,9670.40000000,1788897599999,948.11490000,13,4684.70000000,459.83288000,0
2026-09-08 20:00:00,0.0962,0.0962,0.0962,0.0962,23.90000000,1788911999999,2.29918000,1,0.00000000,0.00000000,0
2026-09-09 00:00:00,0.095,0.0952,0.095,0.0952,1089.00000000,1788926399999,103.53848000,4,0.00000000,0.00000000,0
2026-09-09 04:00:00,0.0961,0.0992,0.0961,0.0992,17497.70000000,1788940799999,1711.15870000,16,12272.20000000,1199.80567000,0
2026-09-09 08:00:00,0.0993,0.0995,0.0973,0.0991,19770.00000000,1788955199999,1949.94980000,18,12303.70000000,1216.58231000,0
2026-09-09 12:00:00,0.0981,0.0981,0.095,0.096,19566.50000000,1788969599999,1882.74263000,22,6188.10000000,593.34661000,0
2026-09-09 16:00:00,0.0965,0.0965,0.0965,0.0965,1817.50000000,1788983999999,175.38875000,2,0.00000000,0.00000000,0
2026-09-09 20:00:00,0.0966,0.0974,0.0955,0.0974,930.60000000,1788998399999,90.47278000,5,910.40000000,88.54368000,0
2026-09-10 00:00:00,0.0974,0.0976,0.0967,0.0976,1092.80000000,1789012799999,106.62232000,5,1048.00000000,102.26158000,0
2026-09-10 04:00:00,0.0974,0.0974,0.0959,0.0962,2279.70000000,1789027199999,219.15321000,4,945.80000000,91.23220000,0
2026-09-10 08:00:00,0.0963,0.0967,0.0917,0.0917,8916.20000000,1789041599999,846.57839000,24,1818.40000000,172.62057000,0
2026-09-10 12:00:00,0.0917,0.0918,0.0905,0.0918,3343.80000000,1789055999999,304.84990000,12,2233.30000000,203.73558000,0
2026-09-10 16:00:00,0.0919,0.0938,0.0919,0.0938,5024.70000000,1789070399999,464.20826000,8,4397.10000000,406.07922000,0
2026-09-10 20:00:00,0.0917,0.0917,0.0917,0.0917,437.40000000,1789084799999,40.10958000,1,0.00000000,0.00000000,0
2026-09-11 00:00:00,0.0922,0.0931,0.0921,0.0922,10376.20000000,1789099199999,957.88827000,8,5557.40000000,513.68237000,0
2026-09-11 04:00:00,0.0925,0.0927,0.0925,0.0927,24.20000000,1789113599999,2.24092000,2,0.00000000,0.00000000,0
2026-09-11 08:00:00,0.0931,0.095,0.0931,0.0941,16179.00000000,1789127999999,1525.90542000,23,4470.80000000,422.18105000,0
2026-09-11 12:00:00,0.0941,0.0941,0.0941,0.0941,0.00000000,1789142399999,0.00000000,0,0.00000000,0.00000000,0
