ts,open,high,low,close,volume,close_time,quote_asset_volume,num_trades,taker_buy_base,taker_buy_quote,ignore
2024-09-11 00:00:00,0.1036,0.1036,0.1036,0.1036,84.00000000,1726027199999,8.70240000,1,0.00000000,0.00000000,0
2024-09-11 04:00:00,0.1036,0.1036,0.1036,0.1036,0.00000000,1726041599999,0.00000000,0,0.00000000,0.00000000,0
2024-09-11 08:00:00,0.0954,0.0954,0.0954,0.0954,93.00000000,1726055999999,8.87220000,1,0.00000000,0.00000000,0
2024-09-11 12:00:00,0.0954,0.0954,0.0954,0.0954,0.00000000,1726070399999,0.00000000,0,0.00000000,0.00000000,0
2024-09-11 16:00:00,0.0954,0.0954,0.0926,0.0926,523.00000000,1726084799999,48.82460000,2,141.00000000,13.45140000,0
2024-09-11 20:00:00,0.1014,0.1014,0.1014,0.1014,15.00000000,1726099199999,1.52100000,1,15.00000000,1.52100000,0
2024-09-12 00:00:00,0.1014,0.1014,0.1014,0.1014,0.00000000,1726113599999,0.00000000,0,0.00000000,0.00000000,0
2024-09-12 04:00:00,0.1025,0.1035,0.1025,0.1029,1261.00000000,1726127999999,129.99380000,4,602.00000000,62.18270000,0
2024-09-12 08:00:00,0.1029,0.1029,0.1029,0.1029,0.00000000,1726142399999,0.00000000,0,0.00000000,0.00000000,0
2024-09-12 12:00:00,0.1017,0.1017,0.1017,0.1017,15.00000000,1726156799999,1.52550000,1,15.00000000,1.52550000,0
2024-09-12 16:00:00,0.1017,0.1017,0.1017,0.1017,0.00000000,1726171199999,0.00000000,0,0.00000000,0.00000000,0
2024-09-12 20:00:00,0.0962,0.1018,0.0962,0.1018,54.00000000,1726185599999,5.34600000,2,27.00000000,2.74860000,0
2024-09-13 00:00:00,0.1018,0.1018,0.1018,0.1018,0.00000000,1726199999999,0.00000000,0,0.00000000,0.00000000,0
2024-09-13 04:00:00,0.1018,0.1018,0.1018,0.1018,0.00000000,1726214399999,0.00000000,0,0.00000000,0.00000000,0
2024-09-13 08:00:00,0.1018,0.1018,0.1018,0.1018,0.00000000,1726228799999,0.00000000,0,0.00000000,0.00000000,0
2024-09-13 12:00:00,0.1018,0.1018,0.1018,0.1018,0.00000000,1726243199999,0.00000000,0,0.00000000,0.00000000,0
2024-09-13 16:00:00,0.1018,0.1038,0.1018,0.1038,360.00000000,1726257599999,36.68600000,3,360.00000000,36.68600000,0
2024-09-13 20:00:00,0.1038,0.1038,0.1038,0.1038,0.00000000,1726271999999,0.00000000,0,0.00000000,0.00000000,0
2024-09-14 00:00:00,0.1038,0.1038,0.1038,0.1038,0.00000000,1726286399999,0.00000000,0,0.00000000,0.00000000,0
2024-09-14 04:00:00,0.1038,0.1038,0.1038,0.1038,0.00000000,1726300799999,0.00000000,0,0.00000000,0.00000000,0
2024-09-14 08:00:00,0.1038,0.1038,0.1038,0.1038,0.00000000,1726315199999,0.00000000,0,0.00000000,0.00000000,0
2024-09-14 12:00:00,0.1038,0.1038,0.1038,0.1038,0.00000000,1726329599999,0.00000000,0,0.00000000,0.00000000,0
2024-09-14 16:00:00,0.1038,0.1038,0.1038,0.1038,0.00000000,1726343999999,0.00000000,0,0.00000000,0.00000000,0
2024-09-14 20:00:00,0.1009,0.1009,0.1009,0.1009,560.00000000,1726358399999,56.50400000,2,0.00000000,0.00000000,0
2024-09-15 00:00:00,0.1009,0.1009,0.1009,0.1009,0.00000000,1726372799999,0.00000000,0,0.00000000,0.00000000,0
2024-09-15 04:00:00,0.1009,0.1009,0.1009,0.1009,0.00000000,1726387199999,0.00000000,0,0.00000000,0.00000000,0
2024-09-15 08:00:00,0.1008,0.1008,0.1008,0.1008,108.00000000,1726401599999,10.88640000,1,0.00000000,0.00000000,0
2024-09-15 12:00:00,0.1008,0.1008,0.1008,0.1008,0.00000000,1726415999999,0.00000000,0,0.00000000,0.00000000,0
2024-09-15 16:00:00,0.1008,0.1008,0.1008,0.1008,0.00000000,1726430399999,0.00000000,0,0.00000000,0.00000000,0
2024-09-15 20:00:00,0.103,0.103,0.103,0.103,26.00000000,1726444799999,2.67800000,1,26.00000000,2.67800000,0
2024-09-16 00:00:00,0.103,0.103,0.103,0.103,0.00000000,1726459199999,0.00000000,0,0.00000000,0.00000000,0
2024-09-16 04:00:00,0.103,0.103,0.103,0.103,0.00000000,1726473599999,0.00000000,0,0.00000000,0.00000000,0
2024-09-16 08:00:00,0.103,0.103,0.103,0.103,0.00000000,1726487999999,0.00000000,0,0.00000000,0.00000000,0
2024-09-16 12:00:00,0.103,0.103,0.103,0.103,0.00000000,1726502399999,0.00000000,0,0.00000000,0.00000000,0
2024-09-16 16:00:00,0.0948,0.0948,0.0948,0.0948,2614.00000000,1726516799999,247.80720000,1,0.00000000,0.00000000,0
2024-09-16 20:00:00,0.0948,0.0948,0.0948,0.0948,0.00000000,1726531199999,0.00000000,0,0.00000000,0.00000000,0
2024-09-17 00:00:00,0.0948,0.0948,0.0948,0.0948,0.00000000,1726545599999,0.00000000,0,0.00000000,0.00000000,0
2024-09-17 04:00:00,0.0948,0.0948,0.0948,0.0948,0.00000000,1726559999999,0.00000000,0,0.00000000,0.00000000,0
2024-09-17 08:00:00,0.0948,0.0948,0.0948,0.0948,0.00000000,1726574399999,0.00000000,0,0.00000000,0.00000000,0
2024-09-17 12:00:00,0.0948,0.0948,0.0948,0.0948,0.00000000,1726588799999,0.00000000,0,0.00000000,0.00000000,0
2024-09-17 16:00:00,0.0948,0.0948,0.0948,0.0948,0.00000000,1726603199999,0.00000000,0,0.00000000,0.00000000,0
2024-09-17 20:00:00,0.0948,0.0948,0.0948,0.0948,0.00000000,1726617599999,0.00000000,0,0.00000000,0.00000000,0
2024-09-18 00:00:00,0.0948,0.0948,0.0948,0.0948,0.00000000,1726631999999,0.00000000,0,0.00000000,0.00000000,0
2024-09-18 04:00:00,0.0948,0.0948,0.0948,0.0948,0.00000000,1726646399999,0.00000000,0,0.00000000,0.00000000,0
2024-09-18 08:00:00,0.0948,0.0948,0.0948,0.0948,0.00000000,1726660799999,0.00000000,0,0.00000000,0.00000000,0
2024-09-18 12:00:00,0.0948,0.0948,0.0948,0.0948,0.00000000,1726675199999,0.00000000,0,0.00000000,0.00000000,0
2024-09-18 16:00:00,0.0948,0.0948,0.0948,0.0948,0.00000000,1726689599999,0.00000000,0,0.00000000,0.00000000,0
2024-09-18 20:00:00,0.0948,0.0948,0.0948,0.0948,0.00000000,1726703999999,0.00000000,0,0.00000000,0.00000000,0
2024-09-19 00:00:00,0.0948,0.0948,0.0948,0.0948,0.00000000,1726718399999,0.00000000,0,0.00000000,0.00000000,0
2024-09-19 04:00:00,0.0948,0.0948,0.0948,0.0948,0.00000000,1726732799999,0.00000000,0,0.00000000,0.00000000,0
2024-09-19 08:00:00,0.0948,0.0948,0.0948,0.0948,0.00000000,1726747199999,0.00000000,0,0.00000000,0.00000000,0
2024-09-19 12:00:00,0.1038,0.1038,0.1038,0.1038,8.00000000,1726761599999,0.83040000,1,8.00000000,0.83040000,0
2024-09-19 16:00:00,0.1038,0.1051,0.0981,0.0981,10009.00000000,1726775999999,1038.86540000,5,9991.00000000,1037.09960000,0
2024-09-19 20:00:00,0.0981,0.0981,0.0981,0.0981,0.00000000,1726790399999,0.00000000,0,0.00000000,0.00000000,0
2024-09-20 00:00:00,0.0981,0.0981,0.0981,0.0981,0.00000000,1726804799999,0.00000000,0,0.00000000,0.00000000,0
2024-09-20 04:00:00,0.0981,0.0981,0.0981,0.0981,0.00000000,1726819199999,0.00000000,0,0.00000000,0.00000000,0
2024-09-20 08:00:00,0.0977,0.0977,0.0977,0.0977,107.00000000,1726833599999,10.45390000,1,0.00000000,0.00000000,0
2024-09-20 12:00:00,0.0977,0.0977,0.0977,0.0977,0.00000000,1726847999999,0.00000000,0,0.00000000,0.00000000,0
2024-09-20 16:00:00,0.0977,0.0977,0.0977,0.0977,0.00000000,1726862399999,0.00000000,0,0.00000000,0.00000000,0
2024-09-20 20:00:00,0.0977,0.0977,0.0977,0.0977,0.00000000,1726876799999,0.00000000,0,0.00000000,0.00000000,0
2024-09-21 00:00:00,0.0977,0.0977,0.0977,0.0977,0.00000000,1726891199999,0.00000000,0,0.00000000,0.00000000,0
2024-09-21 04:00:00,0.0977,0.0977,0.0977,0.0977,0.00000000,1726905599999,0.00000000,0,0.00000000,0.00000000,0
2024-09-21 08:00:00,0.1014,0.1014,0.1014,0.1014,42.00000000,1726919999999,4.25880000,1,0.00000000,0.00000000,0
2024-09-21 12:00:00,0.1014,0.1014,0.1014,0.1014,0.00000000,1726934399999,0.00000000,0,0.00000000,0.00000000,0
2024-09-21 16:00:00,0.1014,0.1014,0.1014,0.1014,0.00000000,1726948799999,0.00000000,0,0.00000000,0.00000000,0
2024-09-21 20:00:00,0.1014,0.1014,0.1014,0.1014,0.00000000,1726963199999,0.00000000,0,0.00000000,0.00000000,0
2024-09-22 00:00:00,0.1014,0.1014,0.1014,0.1014,0.00000000,1726977599999,0.00000000,0,0.00000000,0.00000000,0
2024-09-22 04:00:00,0.1014,0.1014,0.1014,0.1014,0.00000000,1726991999999,0.00000000,0,0.00000000,0.00000000,0
2024-09-22 08:00:00,0.1014,0.1014,0.1014,0.1014,0.00000000,1727006399999,0.00000000,0,0.00000000,0.00000000,0
2024-09-22 12:00:00,0.1014,0.1014,0.1014,0.1014,0.00000000,1727020799999,0.00000000,0,0.00000000,0.00000000,0
2024-09-22 16:00:00,0.1014,0.1014,0.1014,0.1014,0.00000000,1727035199999,0.00000000,0,0.00000000,0.00000000,0
2024-09-22 20:00:00,0.1014,0.1014,0.1014,0.1014,0.00000000,1727049599999,0.00000000,0,0.00000000,0.00000000,0
2024-09-23 00:00:00,0.0991,0.1066,0.0991,0.1066,4867.00000000,1727063999999,486.60220000,3,571.00000000,60.86860000,0
2024-09-23 04:00:00,0.1066,0.1066,0.1066,0.1066,0.00000000,1727078399999,0.00000000,0,0.00000000,0.00000000,0
2024-09-23 08:00:00,0.1073,0.1074,0.1073,0.1074,4567.00000000,1727092799999,490.12260000,4,4567.00000000,490.12260000,0
2024-09-23 12:00:00,0.1074,0.1074,0.1074,0.1074,0.00000000,1727107199999,0.00000000,0,0.00000000,0.00000000,0
2024-09-23 16:00:00,0.1074,0.1074,0.1074,0.1074,0.00000000,1727121599999,0.00000000,0,0.00000000,0.00000000,0
2024-09-23 20:00:00,0.1074,0.1074,0.1074,0.1074,0.00000000,1727135999999,0.00000000,0,0.00000000,0.00000000,0
2024-09-24 00:00:00,0.1074,0.1074,0.1074,0.1074,0.00000000,1727150399999,0.00000000,0,0.00000000,0.00000000,0
2024-09-24 04:00:00,0.1074,0.1074,0.1074,0.1074,0.00000000,1727164799999,0.00000000,0,0.00000000,0.00000000,0
2024-09-24 08:00:00,0.1074,0.1074,0.1074,0.1074,0.00000000,1727179199999,0.00000000,0,0.00000000,0.00000000,0
2024-09-24 12:00:00,0.1089,0.1089,0.1089,0.1089,50.00000000,1727193599999,5.44500000,1,50.00000000,5.44500000,0
2024-09-24 16:00:00,0.1089,0.1089,0.1089,0.1089,0.00000000,1727207999999,0.00000000,0,0.00000000,0.00000000,0
2024-09-24 20:00:00,0.1089,0.1089,0.1089,0.1089,0.00000000,1727222399999,0.00000000,0,0.00000000,0.00000000,0
2024-09-25 00:00:00,0.0999,0.0999,0.0999,0.0999,208.00000000,1727236799999,20.77920000,1,0.00000000,0.00000000,0
2024-09-25 04:00:00,0.0999,0.0999,0.0999,0.0999,0.00000000,1727251199999,0.00000000,0,0.00000000,0.00000000,0
2024-09-25 08:00:00,0.0999,0.0999,0.0999,0.0999,0.00000000,1727265599999,0.00000000,0,0.00000000,0.00000000,0
2024-09-25 12:00:00,0.0999,0.0999,0.0999,0.0999,0.00000000,1727279999999,0.00000000,0,0.00000000,0.00000000,0
2024-09-25 16:00:00,0.0999,0.0999,0.0999,0.0999,0.00000000,1727294399999,0.00000000,0,0.00000000,0.00000000,0
2024-09-25 20:00:00,0.1068,0.1068,0.1068,0.1068,2184.00000000,1727308799999,233.25120000,1,2184.00000000,233.25120000,0
2024-09-26 00:00:00,0.1068,0.1068,0.1068,0.1068,0.00000000,1727323199999,0.00000000,0,0.00000000,0.00000000,0
2024-09-26 04:00:00,0.1068,0.1068,0.1068,0.1068,0.00000000,1727337599999,0.00000000,0,0.00000000,0.00000000,0
2024-09-26 08:00:00,0.1059,0.1059,0.1059,0.1059,14.00000000,1727351999999,1.48260000,1,0.00000000,0.00000000,0
2024-09-26 12:00:00,0.1059,0.1059,0.1059,0.1059,0.00000000,1727366399999,0.00000000,0,0.00000000,0.00000000,0
2024-09-26 16:00:00,0.1059,0.1059,0.1059,0.1059,0.00000000,1727380799999,0.00000000,0,0.00000000,0.00000000,0
2024-09-26 20:00:00,0.1006,0.1006,0.1006,0.1006,47.00000000,1727395199999,4.72820000,1,0.00000000,0.00000000,0
2024-09-27 00:00:00,0.1006,0.1006,0.1006,0.1006,0.00000000,1727409599999,0.00000000,0,0.00000000,0.00000000,0
2024-09-27 04:00:00,0.1006,0.1006,0.1006,0.1006,0.00000000,1727423999999,0.00000000,0,0.00000000,0.00000000,0
2024-09-27 08:00:00,0.1006,0.1006,0.1006,0.1006,0.00000000,1727438399999,0.00000000,0,0.00000000,0.00000000,0
2024-09-27 12:00:00,0.1006,0.1006,0.1006,0.1006,0.00000000,1727452799999,0.00000000,0,0.00000000,0.00000000,0
2024-09-27 16:00:00,0.1006,0.1006,0.1006,0.1006,0.00000000,1727467199999,0.00000000,0,0.00000000,0.00000000,0
2024-09-27 20:00:00,0.1094,0.1094,0.1094,0.1094,85.00000000,1727481599999,9.29900000,2,10.00000000,1.09400000,0
2024-09-28 00:00:00,0.1094,0.1094,0.1094,0.1094,0.00000000,1727495999999,0.00000000,0,0.00000000,0.00000000,0
2024-09-28 04:00:00,0.1094,0.1094,0.1094,0.1094,0.00000000,1727510399999,0.00000000,0,0.00000000,0.00000000,0
2024-09-28 08:00:00,0.1094,0.1094,0.1094,0.1094,1567.00000000,1727524799999,171.42980000,1,0.00000000,0.00000000,0
2024-09-28 12:00:00,0.1094,0.1094,0.1094,0.1094,0.00000000,1727539199999,0.00000000,0,0.00000000,0.00000000,0
2024-09-28 16:00:00,0.1062,0.1062,0.102,0.1029,415.00000000,1727553599999,42.59310000,3,0.00000000,0.00000000,0
2024-09-28 20:00:00,0.1029,0.1029,0.1029,0.1029,0.00000000,1727567999999,0.00000000,0,0.00000000,0.00000000,0
2024-09-29 00:00:00,0.1029,0.1029,0.1029,0.1029,0.00000000,1727582399999,0.00000000,0,0.00000000,0.00000000,0
2024-09-29 04:00:00,0.1029,0.1029,0.1029,0.1029,0.00000000,1727596799999,0.00000000,0,0.00000000,0.00000000,0
2024-09-29 08:00:00,0.1067,0.1067,0.1067,0.1067,81.00000000,1727611199999,8.64270000,1,81.00000000,8.64270000,0
2024-09-29 12:00:00,0.1067,0.1067,0.1067,0.1067,0.00000000,1727625599999,0.00000000,0,0.00000000,0.00000000,0
2024-09-29 16:00:00,0.1067,0.1067,0.1067,0.1067,0.00000000,1727639999999,0.00000000,0,0.00000000,0.00000000,0
2024-09-29 20:00:00,0.1067,0.1067,0.1067,0.1067,0.00000000,1727654399999,0.00000000,0,0.00000000,0.00000000,0
2024-09-30 00:00:00,0.1067,0.1067,0.1067,0.1067,0.00000000,1727668799999,0.00000000,0,0.00000000,0.00000000,0
2024-09-30 04:00:00,0.1067,0.1067,0.1067,0.1067,0.00000000,1727683199999,0.00000000,0,0.00000000,0.00000000,0
2024-09-30 08:00:00,0.1067,0.1067,0.1067,0.1067,0.00000000,1727697599999,0.00000000,0,0.00000000,0.00000000,0
2024-09-30 12:00:00,0.1067,0.1067,0.1067,0.1067,0.00000000,1727711999999,0.00000000,0,0.00000000,0.00000000,0
2024-09-30 16:00:00,0.1067,0.1067,0.1067,0.1067,0.00000000,1727726399999,0.00000000,0,0.00000000,0.00000000,0
2024-09-30 20:00:00,0.1067,0.1067,0.1067,0.1067,0.00000000,1727740799999,0.00000000,0,0.00000000,0.00000000,0
2024-10-01 00:00:00,0.1063,0.1067,0.1063,0.1067,369.00000000,1727755199999,39.33310000,3,289.00000000,30.79710000,0
2024-10-01 04:00:00,0.1067,0.1067,0.1067,0.1067,3354.00000000,1727769599999,357.87180000,6,0.00000000,0.00000000,0
2024-10-01 08:00:00,0.1067,0.1067,0.1067,0.1067,0.00000000,1727783999999,0.00000000,0,0.00000000,0.00000000,0
2024-10-01 12:00:00,0.1067,0.1067,0.0999,0.0999,62272.00000000,1727798399999,6643.23920000,27,0.00000000,0.00000000,0
2024-10-01 16:00:00,0.0999,0.0999,0.0979,0.0979,957.00000000,1727812799999,95.09430000,2,0.00000000,0.00000000,0
2024-10-01 20:00:00,0.0953,0.0953,0.0953,0.0953,999.00000000,1727827199999,95.20470000,1,0.00000000,0.00000000,0
2024-10-02 00:00:00,0.0953,0.0953,0.0953,0.0953,0.00000000,1727841599999,0.00000000,0,0.00000000,0.00000000,0
2024-10-02 04:00:00,0.0953,0.0953,0.0953,0.0953,0.00000000,1727855999999,0.00000000,0,0.00000000,0.00000000,0
2024-10-02 08:00:00,0.0951,0.0951,0.095,0.095,274.00000000,1727870399999,26.05410000,2,0.00000000,0.00000000,0
2024-10-02 12:00:00,0.0941,0.0953,0.0854,0.0953,2517.00000000,1727884799999,234.44950000,5,0.00000000,0.00000000,0
2024-10-02 16:00:00,0.0953,0.0953,0.0953,0.0953,0.00000000,1727899199999,0.00000000,0,0.00000000,0.00000000,0
2024-10-02 20:00:00,0.0953,0.0953,0.0953,0.0953,0.00000000,1727913599999,0.00000000,0,0.00000000,0.00000000,0
2024-10-03 00:00:00,0.0953,0.0953,0.0953,0.0953,0.00000000,1727927999999,0.00000000,0,0.00000000,0.00000000,0
2024-10-03 04:00:00,0.0953,0.0953,0.0953,0.0953,0.00000000,1727942399999,0.00000000,0,0.00000000,0.00000000,0
2024-10-03 08:00:00,0.0953,0.0953,0.0953,0.0953,0.00000000,1727956799999,0.00000000,0,0.00000000,0.00000000,0
2024-10-03 12:00:00,0.0953,0.0953,0.0953,0.0953,0.00000000,1727971199999,0.00000000,0,0.00000000,0.00000000,0
2024-10-03 16:00:00,0.0953,0.0953,0.0953,0.0953,0.00000000,1727985599999,0.00000000,0,0.00000000,0.00000000,0
2024-10-03 20:00:00,0.0953,0.0953,0.0953,0.0953,0.00000000,1727999999999,0.00000000,0,0.00000000,0.00000000,0
2024-10-04 00:00:00,0.0967,0.109,0.0966,0.109,3790.00000000,1728014399999,374.88570000,9,3790.00000000,374.88570000,0
2024-10-04 04:00:00,0.0967,0.0967,0.095,0.095,304.00000000,1728028799999,29.31860000,2,0.00000000,0.00000000,0
2024-10-04 08:00:00,0.095,0.095,0.095,0.095,0.00000000,1728043199999,0.00000000,0,0.00000000,0.00000000,0
2024-10-04 12:00:00,0.095,0.095,0.095,0.095,0.00000000,1728057599999,0.00000000,0,0.00000000,0.00000000,0
2024-10-04 16:00:00,0.095,0.095,0.095,0.095,0.00000000,1728071999999,0.00000000,0,0.00000000,0.00000000,0
2024-10-04 20:00:00,0.095,0.095,0.095,0.095,0.00000000,1728086399999,0.00000000,0,0.00000000,0.00000000,0
2024-10-05 00:00:00,0.095,0.095,0.095,0.095,0.00000000,1728100799999,0.00000000,0,0.00000000,0.00000000,0
2024-10-05 04:00:00,0.095,0.095,0.095,0.095,0.00000000,1728115199999,0.00000000,0,0.00000000,0.00000000,0
2024-10-05 08:00:00,0.0962,0.0962,0.0962,0.0962,26.00000000,1728129599999,2.50120000,1,0.00000000,0.00000000,0
2024-10-05 12:00:00,0.0962,0.0962,0.0962,0.0962,0.00000000,1728143999999,0.00000000,0,0.00000000,0.00000000,0
2024-10-05 16:00:00,0.0962,0.0962,0.0962,0.0962,0.00000000,1728158399999,0.00000000,0,0.00000000,0.00000000,0
2024-10-05 20:00:00,0.0934,0.0934,0.0934,0.0934,252.00000000,1728172799999,23.53680000,1,0.00000000,0.00000000,0
2024-10-06 00:00:00,0.0934,0.0934,0.0934,0.0934,0.00000000,1728187199999,0.00000000,0,0.00000000,0.00000000,0
2024-10-06 04:00:00,0.0934,0.0934,0.0934,0.0934,0.00000000,1728201599999,0.00000000,0,0.00000000,0.00000000,0
2024-10-06 08:00:00,0.0934,0.0934,0.0934,0.0934,0.00000000,1728215999999,0.00000000,0,0.00000000,0.00000000,0
2024-10-06 12:00:00,0.0934,0.0934,0.0934,0.0934,0.00000000,1728230399999,0.00000000,0,0.00000000,0.00000000,0
2024-10-06 16:00:00,0.0934,0.0934,0.0934,0.0934,0.00000000,1728244799999,0.00000000,0,0.00000000,0.00000000,0
2024-10-06 20:00:00,0.0934,0.0934,0.0934,0.0934,0.00000000,1728259199999,0.00000000,0,0.00000000,0.00000000,0
2024-10-07 00:00:00,0.0934,0.0934,0.0934,0.0934,0.00000000,1728273599999,0.00000000,0,0.00000000,0.00000000,0
2024-10-07 04:00:00,0.0934,0.0934,0.0934,0.0934,0.00000000,1728287999999,0.00000000,0,0.00000000,0.00000000,0
2024-10-07 08:00:00,0.0934,0.0934,0.0934,0.0934,0.00000000,1728302399999,0.00000000,0,0.00000000,0.00000000,0
2024-10-07 12:00:00,0.0934,0.0934,0.0934,0.0934,0.00000000,1728316799999,0.00000000,0,0.00000000,0.00000000,0
2024-10-07 16:00:00,0.0934,0.0934,0.0934,0.0934,0.00000000,1728331199999,0.00000000,0,0.00000000,0.00000000,0
2024-10-07 20:00:00,0.0934,0.0934,0.0934,0.0934,0.00000000,1728345599999,0.00000000,0,0.00000000,0.00000000,0
2024-10-08 00:00:00,0.0934,0.0934,0.0934,0.0934,0.00000000,1728359999999,0.00000000,0,0.00000000,0.00000000,0
2024-10-08 04:00:00,0.0934,0.0934,0.0934,0.0934,0.00000000,1728374399999,0.00000000,0,0.00000000,0.00000000,0
2024-10-08 08:00:00,0.0934,0.0934,0.0934,0.0934,0.00000000,1728388799999,0.00000000,0,0.00000000,0.00000000,0
2024-10-08 12:00:00,0.0934,0.0934,0.0934,0.0934,0.00000000,1728403199999,0.00000000,0,0.00000000,0.00000000,0
2024-10-08 16:00:00,0.0934,0.0934,0.0934,0.0934,0.00000000,1728417599999,0.00000000,0,0.00000000,0.00000000,0
2024-10-08 20:00:00,0.0953,0.0953,0.0953,0.0953,92.00000000,1728431999999,8.76760000,1,0.00000000,0.00000000,0
2024-10-09 00:00:00,0.0953,0.0953,0.0953,0.0953,0.00000000,1728446399999,0.00000000,0,0.00000000,0.00000000,0
2024-10-09 04:00:00,0.0953,0.0953,0.0953,0.0953,0.00000000,1728460799999,0.00000000,0,0.00000000,0.00000000,0
2024-10-09 08:00:00,0.0953,0.0953,0.0953,0.0953,0.00000000,1728475199999,0.00000000,0,0.00000000,0.00000000,0
2024-10-09 12:00:00,0.0953,0.0953,0.0953,0.0953,0.00000000,1728489599999,0.00000000,0,0.00000000,0.00000000,0
2024-10-09 16:00:00,0.0953,0.0953,0.0953,0.0953,37.00000000,1728503999999,3.52610000,1,0.00000000,0.00000000,0
2024-10-09 20:00:00,0.0953,0.0953,0.0953,0.0953,0.00000000,1728518399999,0.00000000,0,0.00000000,0.00000000,0
2024-10-10 00:00:00,0.0934,0.094,0.0934,0.094,242.00000000,1728532799999,22.65980000,2,95.00000000,8.93000000,0
2024-10-10 04:00:00,0.094,0.094,0.094,0.094,0.00000000,1728547199999,0.00000000,0,0.00000000,0.00000000,0
2024-10-10 08:00:00,0.094,0.094,0.094,0.094,0.00000000,1728561599999,0.00000000,0,0.00000000,0.00000000,0
2024-10-10 12:00:00,0.094,0.094,0.094,0.094,0.00000000,1728575999999,0.00000000,0,0.00000000,0.00000000,0
2024-10-10 16:00:00,0.094,0.094,0.094,0.094,0.00000000,1728590399999,0.00000000,0,0.00000000,0.00000000,0
2024-10-10 20:00:00,0.094,0.094,0.094,0.094,0.00000000,1728604799999,0.00000000,0,0.00000000,0.00000000,0
2024-10-11 00:00:00,0.094,0.094,0.094,0.094,0.00000000,1728619199999,0.00000000,0,0.00000000,0.00000000,0
2024-10-11 04:00:00,0.094,0.094,0.094,0.094,0.00000000,1728633599999,0.00000000,0,0.00000000,0.00000000,0
2024-10-11 08:00:00,0.0949,0.0949,0.0949,0.0949,13.00000000,1728647999999,1.23370000,1,0.00000000,0.00000000,0
2024-10-11 12:00:00,0.0949,0.0949,0.0949,0.0949,0.00000000,1728662399999,0.00000000,0,0.00000000,0.00000000,0
2024-10-11 16:00:00,0.0949,0.0949,0.0949,0.0949,0.00000000,1728676799999,0.00000000,0,0.00000000,0.00000000,0
2024-10-11 20:00:00,0.0949,0.0949,0.0949,0.0949,0.00000000,1728691199999,0.00000000,0,0.00000000,0.00000000,0
2024-10-12 00:00:00,0.0949,0.0949,0.0949,0.0949,0.00000000,1728705599999,0.00000000,0,0.00000000,0.00000000,0
2024-10-12 04:00:00,0.0949,0.0949,0.0949,0.0949,0.00000000,1728719999999,0.00000000,0,0.00000000,0.00000000,0
2024-10-12 08:00:00,0.096,0.096,0.096,0.096,72.00000000,1728734399999,6.91200000,1,0.00000000,0.00000000,0
2024-10-12 12:00:00,0.096,0.096,0.096,0.096,0.00000000,1728748799999,0.00000000,0,0.00000000,0.00000000,0
2024-10-12 16:00:00,0.096,0.096,0.096,0.096,0.00000000,1728763199999,0.00000000,0,0.00000000,0.00000000,0
2024-10-12 20:00:00,0.096,0.096,0.096,0.096,0.00000000,1728777599999,0.00000000,0,0.00000000,0.00000000,0
2024-10-13 00:00:00,0.096,0.096,0.096,0.096,0.00000000,1728791999999,0.00000000,0,0.00000000,0.00000000,0
2024-10-13 04:00:00,0.096,0.096,0.096,0.096,0.00000000,1728806399999,0.00000000,0,0.00000000,0.00000000,0
2024-10-13 08:00:00,0.096,0.096,0.096,0.096,0.00000000,1728820799999,0.00000000,0,0.00000000,0.00000000,0
2024-10-13 12:00:00,0.096,0.096,0.096,0.096,0.00000000,1728835199999,0.00000000,0,0.00000000,0.00000000,0
2024-10-13 16:00:00,0.096,0.096,0.096,0.096,0.00000000,1728849599999,0.00000000,0,0.00000000,0.00000000,0
2024-10-13 20:00:00,0.096,0.096,0.096,0.096,0.00000000,1728863999999,0.00000000,0,0.00000000,0.00000000,0
2024-10-14 00:00:00,0.096,0.096,0.096,0.096,0.00000000,1728878399999,0.00000000,0,0.00000000,0.00000000,0
2024-10-14 04:00:00,0.096,0.096,0.096,0.096,0.00000000,1728892799999,0.00000000,0,0.00000000,0.00000000,0
2024-10-14 08:00:00,0.096,0.096,0.096,0.096,0.00000000,1728907199999,0.00000000,0,0.00000000,0.00000000,0
2024-10-14 12:00:00,0.096,0.096,0.096,0.096,0.00000000,1728921599999,0.00000000,0,0.00000000,0.00000000,0
2024-10-14 16:00:00,0.096,0.096,0.0959,0.0959,536.00000000,1728935999999,51.42820000,2,0.00000000,0.00000000,0
2024-10-14 20:00:00,0.0959,0.0959,0.0959,0.0959,0.00000000,1728950399999,0.00000000,0,0.00000000,0.00000000,0
2024-10-15 00:00:00,0.0959,0.0959,0.0959,0.0959,0.00000000,1728964799999,0.00000000,0,0.00000000,0.00000000,0
2024-10-15 04:00:00,0.0959,0.0959,0.0959,0.0959,0.00000000,1728979199999,0.00000000,0,0.00000000,0.00000000,0
2024-10-15 08:00:00,0.0959,0.0959,0.0959,0.0959,0.00000000,1728993599999,0.00000000,0,0.00000000,0.00000000,0
2024-10-15 12:00:00,0.0959,0.0959,0.0959,0.0959,0.00000000,1729007999999,0.00000000,0,0.00000000,0.00000000,0
2024-10-15 16:00:00,0.0959,0.0959,0.0959,0.0959,0.00000000,1729022399999,0.00000000,0,0.00000000,0.00000000,0
2024-10-15 20:00:00,0.0959,0.0959,0.0959,0.0959,0.00000000,1729036799999,0.00000000,0,0.00000000,0.00000000,0
2024-10-16 00:00:00,0.0959,0.0959,0.0959,0.0959,0.00000000,1729051199999,0.00000000,0,0.00000000,0.00000000,0
2024-10-16 04:00:00,0.0959,0.0959,0.0959,0.0959,0.00000000,1729065599999,0.00000000,0,0.00000000,0.00000000,0
2024-10-16 08:00:00,0.0959,0.0959,0.0959,0.0959,0.00000000,1729079999999,0.00000000,0,0.00000000,0.00000000,0
2024-10-16 12:00:00,0.0959,0.0959,0.0959,0.0959,0.00000000,1729094399999,0.00000000,0,0.00000000,0.00000000,0
2024-10-16 16:00:00,0.0959,0.0959,0.0959,0.0959,0.00000000,1729108799999,0.00000000,0,0.00000000,0.00000000,0
2024-10-16 20:00:00,0.0959,0.0959,0.0959,0.0959,0.00000000,1729123199999,0.00000000,0,0.00000000,0.00000000,0
2024-10-17 00:00:00,0.0959,0.0959,0.0959,0.0959,0.00000000,1729137599999,0.00000000,0,0.00000000,0.00000000,0
2024-10-17 04:00:00,0.0942,0.0942,0.0942,0.0942,406.00000000,1729151999999,38.24520000,1,0.00000000,0.00000000,0
2024-10-17 08:00:00,0.0942,0.0942,0.0942,0.0942,0.00000000,1729166399999,0.00000000,0,0.00000000,0.00000000,0
2024-10-17 12:00:00,0.0942,0.0942,0.0942,0.0942,0.00000000,1729180799999,0.00000000,0,0.00000000,0.00000000,0
2024-10-17 16:00:00,0.0942,0.0942,0.0942,0.0942,0.00000000,1729195199999,0.00000000,0,0.00000000,0.00000000,0
2024-10-17 20:00:00,0.0942,0.0942,0.0942,0.0942,0.00000000,1729209599999,0.00000000,0,0.00000000,0.00000000,0
2024-10-18 00:00:00,0.0941,0.0941,0.0941,0.0941,154.00000000,1729223999999,14.49140000,1,0.00000000,0.00000000,0
2024-10-18 04:00:00,0.0941,0.0941,0.0941,0.0941,0.00000000,1729238399999,0.00000000,0,0.00000000,0.00000000,0
2024-10-18 08:00:00,0.0941,0.0941,0.0941,0.0941,0.00000000,1729252799999,0.00000000,0,0.00000000,0.00000000,0
2024-10-18 12:00:00,0.0951,0.0951,0.0951,0.0951,278.00000000,1729267199999,26.43780000,1,0.00000000,0.00000000,0
2024-10-18 16:00:00,0.0951,0.0951,0.0951,0.0951,0.00000000,1729281599999,0.00000000,0,0.00000000,0.00000000,0
2024-10-18 20:00:00,0.0951,0.0951,0.0951,0.0951,0.00000000,1729295999999,0.00000000,0,0.00000000,0.00000000,0
2024-10-19 00:00:00,0.0951,0.0951,0.0951,0.0951,0.00000000,1729310399999,0.00000000,0,0.00000000,0.00000000,0
2024-10-19 04:00:00,0.0951,0.0951,0.0951,0.0951,0.00000000,1729324799999,0.00000000,0,0.00000000,0.00000000,0
2024-10-19 08:00:00,0.0951,0.0951,0.0951,0.0951,0.00000000,1729339199999,0.00000000,0,0.00000000,0.00000000,0
2024-10-19 12:00:00,0.0951,0.0951,0.0951,0.0951,0.00000000,1729353599999,0.00000000,0,0.00000000,0.00000000,0
2024-10-19 16:00:00,0.0951,0.0951,0.0951,0.0951,0.00000000,1729367999999,0.00000000,0,0.00000000,0.00000000,0
2024-10-19 20:00:00,0.0951,0.0951,0.0951,0.0951,0.00000000,1729382399999,0.00000000,0,0.00000000,0.00000000,0
2024-10-20 00:00:00,0.0951,0.0951,0.0951,0.0951,0.00000000,1729396799999,0.00000000,0,0.00000000,0.00000000,0
2024-10-20 04:00:00,0.0951,0.0951,0.0951,0.0951,5710.00000000,1729411199999,543.02100000,2,5710.00000000,543.02100000,0
2024-10-20 08:00:00,0.0951,0.0951,0.0951,0.0951,0.00000000,1729425599999,0.00000000,0,0.00000000,0.00000000,0
2024-10-20 12:00:00,0.0951,0.0951,0.0951,0.0951,0.00000000,1729439999999,0.00000000,0,0.00000000,0.00000000,0
2024-10-20 16:00:00,0.0951,0.0951,0.0951,0.0951,2170.00000000,1729454399999,206.36700000,5,527.00000000,50.11770000,0
2024-10-20 20:00:00,0.0951,0.0951,0.0951,0.0951,0.00000000,1729468799999,0.00000000,0,0.00000000,0.00000000,0
2024-10-21 00:00:00,0.1011,0.1011,0.1011,0.1011,775.00000000,1729483199999,78.35250000,1,775.00000000,78.35250000,0
2024-10-21 04:00:00,0.0963,0.0963,0.0962,0.0962,904.00000000,1729497599999,86.99580000,2,0.00000000,0.00000000,0
2024-10-21 08:00:00,0.0962,0.0962,0.0962,0.0962,0.00000000,1729511999999,0.00000000,0,0.00000000,0.00000000,0
2024-10-21 12:00:00,0.0962,0.0962,0.0962,0.0962,0.00000000,1729526399999,0.00000000,0,0.00000000,0.00000000,0
2024-10-21 16:00:00,0.0962,0.0962,0.0962,0.0962,0.00000000,1729540799999,0.00000000,0,0.00000000,0.00000000,0
2024-10-21 20:00:00,0.0962,0.0962,0.0962,0.0962,0.00000000,1729555199999,0.00000000,0,0.00000000,0.00000000,0
2024-10-22 00:00:00,0.0999,0.0999,0.0999,0.0999,103.00000000,1729569599999,10.28970000,1,103.00000000,10.28970000,0
2024-10-22 04:00:00,0.0938,0.0938,0.0938,0.0938,1030.00000000,1729583999999,96.61400000,2,0.00000000,0.00000000,0
2024-10-22 08:00:00,0.0939,0.0939,0.0939,0.0939,140.00000000,1729598399999,13.14600000,1,0.00000000,0.00000000,0
2024-10-22 12:00:00,0.0939,0.0939,0.0939,0.0939,0.00000000,1729612799999,0.00000000,0,0.00000000,0.00000000,0
2024-10-22 16:00:00,0.0939,0.0939,0.0939,0.0939,0.00000000,1729627199999,0.00000000,0,0.00000000,0.00000000,0
2024-10-22 20:00:00,0.0939,0.0939,0.0939,0.0939,0.00000000,1729641599999,0.00000000,0,0.00000000,0.00000000,0
2024-10-23 00:00:00,0.0939,0.0939,0.0939,0.0939,0.00000000,1729655999999,0.00000000,0,0.00000000,0.00000000,0
2024-10-23 04:00:00,0.0939,0.0939,0.0939,0.0939,3888.00000000,1729670399999,365.08320000,1,3888.00000000,365.08320000,0
2024-10-23 08:00:00,0.0939,0.0939,0.0939,0.0939,0.00000000,1729684799999,0.00000000,0,0.00000000,0.00000000,0
2024-10-23 12:00:00,0.0939,0.0939,0.0939,0.0939,0.00000000,1729699199999,0.00000000,0,0.00000000,0.00000000,0
2024-10-23 16:00:00,0.0939,0.0939,0.0939,0.0939,0.00000000,1729713599999,0.00000000,0,0.00000000,0.00000000,0
2024-10-23 20:00:00,0.0939,0.0939,0.0939,0.0939,0.00000000,1729727999999,0.00000000,0,0.00000000,0.00000000,0
2024-10-24 00:00:00,0.0939,0.0939,0.0939,0.0939,0.00000000,1729742399999,0.00000000,0,0.00000000,0.00000000,0
2024-10-24 04:00:00,0.0939,0.0939,0.0939,0.0939,0.00000000,1729756799999,0.00000000,0,0.00000000,0.00000000,0
2024-10-24 08:00:00,0.0939,0.0939,0.0939,0.0939,0.00000000,1729771199999,0.00000000,0,0.00000000,0.00000000,0
2024-10-24 12:00:00,0.0857,0.0971,0.0857,0.0971,479.00000000,1729785599999,42.14240000,4,104.00000000,10.00490000,0
2024-10-24 16:00:00,0.0971,0.0971,0.0971,0.0971,0.00000000,1729799999999,0.00000000,0,0.00000000,0.00000000,0
2024-10-24 20:00:00,0.0971,0.0971,0.0971,0.0971,0.00000000,1729814399999,0.00000000,0,0.00000000,0.00000000,0
2024-10-25 00:00:00,0.0953,0.0953,0.0953,0.0953,103.00000000,1729828799999,9.81590000,1,0.00000000,0.00000000,0
2024-10-25 04:00:00,0.0945,0.0967,0.0945,0.0967,79.00000000,1729843199999,7.49850000,2,15.00000000,1.45050000,0
2024-10-25 08:00:00,0.0967,0.0967,0.0967,0.0967,0.00000000,1729857599999,0.00000000,0,0.00000000,0.00000000,0
2024-10-25 12:00:00,0.0982,0.0982,0.0982,0.0982,41.00000000,1729871999999,4.02620000,1,41.00000000,4.02620000,0
2024-10-25 16:00:00,0.0948,0.0949,0.0948,0.0949,1403.00000000,1729886399999,133.10310000,2,1403.00000000,133.10310000,0
2024-10-25 20:00:00,0.0949,0.0949,0.0949,0.0949,0.00000000,1729900799999,0.00000000,0,0.00000000,0.00000000,0
2024-10-26 00:00:00,0.0949,0.0949,0.0949,0.0949,0.00000000,1729915199999,0.00000000,0,0.00000000,0.00000000,0
2024-10-26 04:00:00,0.0949,0.0949,0.0949,0.0949,0.00000000,1729929599999,0.00000000,0,0.00000000,0.00000000,0
2024-10-26 08:00:00,0.0949,0.0949,0.0949,0.0949,0.00000000,1729943999999,0.00000000,0,0.00000000,0.00000000,0
2024-10-26 12:00:00,0.0949,0.0949,0.0949,0.0949,0.00000000,1729958399999,0.00000000,0,0.00000000,0.00000000,0
2024-10-26 16:00:00,0.0949,0.0949,0.0949,0.0949,0.00000000,1729972799999,0.00000000,0,0.00000000,0.00000000,0
2024-10-26 20:00:00,0.0884,0.0884,0.0854,0.0857,6622.00000000,1729987199999,570.86410000,12,0.00000000,0.00000000,0
2024-10-27 00:00:00,0.0857,0.0857,0.0857,0.0857,0.00000000,1730001599999,0.00000000,0,0.00000000,0.00000000,0
2024-10-27 04:00:00,0.0857,0.0857,0.0857,0.0857,0.00000000,1730015999999,0.00000000,0,0.00000000,0.00000000,0
2024-10-27 08:00:00,0.0866,0.0866,0.0866,0.0866,12.00000000,1730030399999,1.03920000,1,0.00000000,0.00000000,0
2024-10-27 12:00:00,0.091,0.0914,0.091,0.0914,1479.00000000,1730044799999,134.92780000,4,1479.00000000,134.92780000,0
2024-10-27 16:00:00,0.0861,0.0861,0.0855,0.0855,5228.00000000,1730059199999,447.89930000,10,0.00000000,0.00000000,0
2024-10-27 20:00:00,0.0855,0.0914,0.0854,0.0914,6825.00000000,1730073599999,600.78030000,16,3019.00000000,275.45570000,0
2024-10-28 00:00:00,0.0914,0.0914,0.0914,0.0914,0.00000000,1730087999999,0.00000000,0,0.00000000,0.00000000,0
2024-10-28 04:00:00,0.0914,0.0914,0.0914,0.0914,0.00000000,1730102399999,0.00000000,0,0.00000000,0.00000000,0
2024-10-28 08:00:00,0.0914,0.0914,0.0914,0.0914,0.00000000,1730116799999,0.00000000,0,0.00000000,0.00000000,0
2024-10-28 12:00:00,0.0914,0.0925,0.0914,0.0925,375.00000000,1730131199999,34.32450000,3,330.00000000,30.16200000,0
2024-10-28 16:00:00,0.0925,0.0925,0.0925,0.0925,0.00000000,1730145599999,0.00000000,0,0.00000000,0.00000000,0
2024-10-28 20:00:00,0.0925,0.0925,0.0925,0.0925,0.00000000,1730159999999,0.00000000,0,0.00000000,0.00000000,0
2024-10-29 00:00:00,0.0925,0.0925,0.0925,0.0925,0.00000000,1730174399999,0.00000000,0,0.00000000,0.00000000,0
2024-10-29 04:00:00,0.0925,0.0925,0.0925,0.0925,0.00000000,1730188799999,0.00000000,0,0.00000000,0.00000000,0
2024-10-29 08:00:00,0.0925,0.0925,0.0925,0.0925,0.00000000,1730203199999,0.00000000,0,0.00000000,0.00000000,0
2024-10-29 12:00:00,0.0925,0.0925,0.0925,0.0925,0.00000000,1730217599999,0.00000000,0,0.00000000,0.00000000,0
2024-10-29 16:00:00,0.0959,0.0959,0.0959,0.0959,100.00000000,1730231999999,9.59000000,1,0.00000000,0.00000000,0
2024-10-29 20:00:00,0.0959,0.0959,0.0959,0.0959,0.00000000,1730246399999,0.00000000,0,0.00000000,0.00000000,0
2024-10-30 00:00:00,0.0959,0.0959,0.0959,0.0959,0.00000000,1730260799999,0.00000000,0,0.00000000,0.00000000,0
2024-10-30 04:00:00,0.0959,0.0959,0.0959,0.0959,0.00000000,1730275199999,0.00000000,0,0.00000000,0.00000000,0
2024-10-30 08:00:00,0.0949,0.0949,0.0949,0.0949,75.00000000,1730289599999,7.11750000,1,0.00000000,0.00000000,0
2024-10-30 12:00:00,0.0949,0.0949,0.0949,0.0949,0.00000000,1730303999999,0.00000000,0,0.00000000,0.00000000,0
2024-10-30 16:00:00,0.0949,0.0949,0.0948,0.0948,1728.00000000,1730318399999,163.95770000,5,0.00000000,0.00000000,0
2024-10-30 20:00:00,0.0947,0.0947,0.0947,0.0947,302.00000000,1730332799999,28.59940000,1,0.00000000,0.00000000,0
2024-10-31 00:00:00,0.0947,0.0947,0.0947,0.0947,0.00000000,1730347199999,0.00000000,0,0.00000000,0.00000000,0
2024-10-31 04:00:00,0.0947,0.0947,0.0947,0.0947,0.00000000,1730361599999,0.00000000,0,0.00000000,0.00000000,0
2024-10-31 08:00:00,0.0947,0.0947,0.0947,0.0947,0.00000000,1730375999999,0.00000000,0,0.00000000,0.00000000,0
2024-10-31 12:00:00,0.0947,0.0947,0.0947,0.0947,0.00000000,1730390399999,0.00000000,0,0.00000000,0.00000000,0
2024-10-31 16:00:00,0.0947,0.0947,0.0947,0.0947,0.00000000,1730404799999,0.00000000,0,0.00000000,0.00000000,0
2024-10-31 20:00:00,0.0897,0.0897,0.0895,0.0895,1490.00000000,1730419199999,133.62960000,2,0.00000000,0.00000000,0
2024-11-01 00:00:00,0.0895,0.0895,0.0895,0.0895,0.00000000,1730433599999,0.00000000,0,0.00000000,0.00000000,0
2024-11-01 04:00:00,0.0895,0.0895,0.0895,0.0895,0.00000000,1730447999999,0.00000000,0,0.00000000,0.00000000,0
2024-11-01 08:00:00,0.0895,0.0895,0.0895,0.0895,0.00000000,1730462399999,0.00000000,0,0.00000000,0.00000000,0
2024-11-01 12:00:00,0.0895,0.0895,0.0895,0.0895,0.00000000,1730476799999,0.00000000,0,0.00000000,0.00000000,0
2024-11-01 16:00:00,0.0896,0.0896,0.0896,0.0896,1211.00000000,1730491199999,108.50560000,1,0.00000000,0.00000000,0
2024-11-01 20:00:00,0.0896,0.0896,0.0896,0.0896,0.00000000,1730505599999,0.00000000,0,0.00000000,0.00000000,0
2024-11-02 00:00:00,0.0896,0.0896,0.0896,0.0896,0.00000000,1730519999999,0.00000000,0,0.00000000,0.00000000,0
2024-11-02 04:00:00,0.089,0.089,0.089,0.089,2036.00000000,1730534399999,181.20400000,1,0.00000000,0.00000000,0
2024-11-02 08:00:00,0.089,0.089,0.089,0.089,0.00000000,1730548799999,0.00000000,0,0.00000000,0.00000000,0
2024-11-02 12:00:00,0.089,0.089,0.089,0.089,0.00000000,1730563199999,0.00000000,0,0.00000000,0.00000000,0
2024-11-02 16:00:00,0.0871,0.0871,0.0871,0.0871,404.00000000,1730577599999,35.18840000,2,0.00000000,0.00000000,0
2024-11-02 20:00:00,0.0871,0.0871,0.0871,0.0871,0.00000000,1730591999999,0.00000000,0,0.00000000,0.00000000,0
2024-11-03 00:00:00,0.0871,0.0871,0.0871,0.0871,0.00000000,1730606399999,0.00000000,0,0.00000000,0.00000000,0
2024-11-03 04:00:00,0.0871,0.0871,0.0871,0.0871,0.00000000,1730620799999,0.00000000,0,0.00000000,0.00000000,0
2024-11-03 08:00:00,0.0871,0.0871,0.0871,0.0871,0.00000000,1730635199999,0.00000000,0,0.00000000,0.00000000,0
2024-11-03 12:00:00,0.0854,0.0854,0.085,0.085,6601.00000000,1730649599999,561.37140000,3,0.00000000,0.00000000,0
2024-11-03 16:00:00,0.085,0.085,0.085,0.085,0.00000000,1730663999999,0.00000000,0,0.00000000,0.00000000,0
2024-11-03 20:00:00,0.085,0.085,0.085,0.085,0.00000000,1730678399999,0.00000000,0,0.00000000,0.00000000,0
2024-11-04 00:00:00,0.085,0.085,0.085,0.085,0.00000000,1730692799999,0.00000000,0,0.00000000,0.00000000,0
2024-11-04 04:00:00,0.085,0.085,0.085,0.085,0.00000000,1730707199999,0.00000000,0,0.00000000,0.00000000,0
2024-11-04 08:00:00,0.085,0.085,0.085,0.085,0.00000000,1730721599999,0.00000000,0,0.00000000,0.00000000,0
2024-11-04 12:00:00,0.085,0.085,0.085,0.085,0.00000000,1730735999999,0.00000000,0,0.00000000,0.00000000,0
2024-11-04 16:00:00,0.085,0.085,0.085,0.085,0.00000000,1730750399999,0.00000000,0,0.00000000,0.00000000,0
2024-11-04 20:00:00,0.0829,0.0829,0.0829,0.0829,932.00000000,1730764799999,77.26280000,1,0.00000000,0.00000000,0
2024-11-05 00:00:00,0.0836,0.0836,0.0836,0.0836,5228.00000000,1730779199999,437.06080000,2,0.00000000,0.00000000,0
2024-11-05 04:00:00,0.0836,0.0836,0.0836,0.0836,0.00000000,1730793599999,0.00000000,0,0.00000000,0.00000000,0
2024-11-05 08:00:00,0.0836,0.0836,0.0836,0.0836,0.00000000,1730807999999,0.00000000,0,0.00000000,0.00000000,0
2024-11-05 12:00:00,0.0836,0.0836,0.0836,0.0836,0.00000000,1730822399999,0.00000000,0,0.00000000,0.00000000,0
2024-11-05 16:00:00,0.0836,0.0836,0.0836,0.0836,0.00000000,1730836799999,0.00000000,0,0.00000000,0.00000000,0
2024-11-05 20:00:00,0.085,0.0856,0.0809,0.0856,4521.00000000,1730851199999,380.48170000,7,351.00000000,29.93610000,0
2024-11-06 00:00:00,0.0856,0.0856,0.0856,0.0856,0.00000000,1730865599999,0.00000000,0,0.00000000,0.00000000,0
2024-11-06 04:00:00,0.0806,0.0806,0.0805,0.0805,1366.00000000,1730879999999,110.02200000,3,0.00000000,0.00000000,0
2024-11-06 08:00:00,0.0923,0.0923,0.0923,0.0923,153.00000000,1730894399999,14.12190000,1,153.00000000,14.12190000,0
2024-11-06 12:00:00,0.0906,0.092,0.0785,0.092,48858.00000000,1730908799999,4038.32160000,108,2608.00000000,229.04510000,0
2024-11-06 16:00:00,0.092,0.092,0.092,0.092,270.00000000,1730923199999,24.84000000,2,270.00000000,24.84000000,0
2024-11-06 20:00:00,0.092,0.092,0.092,0.092,0.00000000,1730937599999,0.00000000,0,0.00000000,0.00000000,0
2024-11-07 00:00:00,0.0934,0.0934,0.0934,0.0934,308.00000000,1730951999999,28.76720000,2,308.00000000,28.76720000,0
2024-11-07 04:00:00,0.0934,0.0934,0.0934,0.0934,33783.00000000,1730966399999,3155.33220000,1,33783.00000000,3155.33220000,0
2024-11-07 08:00:00,0.0934,0.0934,0.0934,0.0934,0.00000000,1730980799999,0.00000000,0,0.00000000,0.00000000,0
2024-11-07 12:00:00,0.0934,0.0934,0.0934,0.0934,139.00000000,1730995199999,12.98260000,1,139.00000000,12.98260000,0
2024-11-07 16:00:00,0.095,0.095,0.095,0.095,490.00000000,1731009599999,46.55000000,2,490.00000000,46.55000000,0
2024-11-07 20:00:00,0.0881,0.0882,0.0881,0.0882,1910.00000000,1731023999999,168.30380000,4,0.00000000,0.00000000,0
2024-11-08 00:00:00,0.0882,0.0882,0.0882,0.0882,0.00000000,1731038399999,0.00000000,0,0.00000000,0.00000000,0
2024-11-08 04:00:00,0.0882,0.0882,0.0882,0.0882,0.00000000,1731052799999,0.00000000,0,0.00000000,0.00000000,0
2024-11-08 08:00:00,0.088,0.088,0.088,0.088,228.00000000,1731067199999,20.06400000,1,0.00000000,0.00000000,0
2024-11-08 12:00:00,0.0958,0.096,0.0899,0.0899,2186.00000000,1731081599999,209.11370000,4,2083.00000000,199.85400000,0
2024-11-08 16:00:00,0.0899,0.0899,0.0899,0.0899,0.00000000,1731095999999,0.00000000,0,0.00000000,0.00000000,0
2024-11-08 20:00:00,0.0909,0.0909,0.0909,0.0909,288.00000000,1731110399999,26.17920000,1,0.00000000,0.00000000,0
2024-11-09 00:00:00,0.0909,0.0909,0.0909,0.0909,0.00000000,1731124799999,0.00000000,0,0.00000000,0.00000000,0
2024-11-09 04:00:00,0.0909,0.0909,0.0909,0.0909,0.00000000,1731139199999,0.00000000,0,0.00000000,0.00000000,0
2024-11-09 08:00:00,0.0887,0.0887,0.0882,0.0887,2305.00000000,1731153599999,204.36400000,4,0.00000000,0.00000000,0
2024-11-09 12:00:00,0.0887,0.0887,0.0887,0.0887,0.00000000,1731167999999,0.00000000,0,0.00000000,0.00000000,0
2024-11-09 16:00:00,0.0887,0.0887,0.0887,0.0887,0.00000000,1731182399999,0.00000000,0,0.00000000,0.00000000,0
2024-11-09 20:00:00,0.0974,0.0974,0.0974,0.0974,2335.00000000,1731196799999,227.42900000,12,2335.00000000,227.42900000,0
2024-11-10 00:00:00,0.0979,0.0993,0.0979,0.0993,2500.00000000,1731211199999,247.46280000,15,2500.00000000,247.46280000,0
2024-11-10 04:00:00,0.0993,0.0993,0.0993,0.0993,0.00000000,1731225599999,0.00000000,0,0.00000000,0.00000000,0
2024-11-10 08:00:00,0.1,0.1013,0.1,0.1013,3947.00000000,1731239999999,399.77130000,4,3947.00000000,399.77130000,0
2024-11-10 12:00:00,0.1013,0.1013,0.1013,0.1013,0.00000000,1731254399999,0.00000000,0,0.00000000,0.00000000,0
2024-11-10 16:00:00,0.1024,0.1034,0.1001,0.1001,307.00000000,1731268799999,31.38150000,3,236.00000000,24.27440000,0
2024-11-10 20:00:00,0.1001,0.1001,0.1001,0.1001,0.00000000,1731283199999,0.00000000,0,0.00000000,0.00000000,0
2024-11-11 00:00:00,0.1001,0.1001,0.1001,0.1001,0.00000000,1731297599999,0.00000000,0,0.00000000,0.00000000,0
2024-11-11 04:00:00,0.1001,0.1001,0.1001,0.1001,0.00000000,1731311999999,0.00000000,0,0.00000000,0.00000000,0
2024-11-11 08:00:00,0.1001,0.1001,0.1001,0.1001,0.00000000,1731326399999,0.00000000,0,0.00000000,0.00000000,0
2024-11-11 12:00:00,0.1001,0.1001,0.1001,0.1001,0.00000000,1731340799999,0.00000000,0,0.00000000,0.00000000,0
2024-11-11 16:00:00,0.0918,0.0972,0.0912,0.0972,417.00000000,1731355199999,38.10900000,3,12.00000000,1.16640000,0
2024-11-11 20:00:00,0.1066,0.1066,0.1066,0.1066,258.00000000,1731369599999,27.50280000,1,258.00000000,27.50280000,0
2024-11-12 00:00:00,0.1089,0.1089,0.0948,0.1043,73407.00000000,1731383999999,7656.69260000,13,73138.00000000,7631.19140000,0
2024-11-12 04:00:00,0.1078,0.1078,0.1076,0.1078,1063.00000000,1731398399999,114.53030000,5,758.00000000,81.65130000,0
2024-11-12 08:00:00,0.1095,0.1095,0.1095,0.1095,431.00000000,1731412799999,47.19450000,1,431.00000000,47.19450000,0
2024-11-12 12:00:00,0.0951,0.1016,0.095,0.1015,1568.00000000,1731427199999,150.36050000,6,198.00000000,20.10690000,0
2024-11-12 16:00:00,0.0994,0.1004,0.0949,0.1004,8759.00000000,1731441599999,870.59940000,7,7827.00000000,778.00810000,0
2024-11-12 20:00:00,0.1016,0.1016,0.1016,0.1016,680.00000000,1731455999999,69.08800000,1,680.00000000,69.08800000,0
2024-11-13 00:00:00,0.1016,0.1017,0.1016,0.1016,356.00000000,1731470399999,36.16980000,3,356.00000000,36.16980000,0
2024-11-13 04:00:00,0.0973,0.0973,0.0973,0.0973,180.00000000,1731484799999,17.51400000,1,180.00000000,17.51400000,0
2024-11-13 08:00:00,0.0968,0.0981,0.0949,0.0981,764.00000000,1731499199999,73.11560000,6,240.00000000,23.38800000,0
2024-11-13 12:00:00,0.0951,0.1013,0.095,0.1013,209.00000000,1731513599999,20.47750000,4,186.00000000,18.29140000,0
2024-11-13 16:00:00,0.1013,0.1013,0.1013,0.1013,0.00000000,1731527999999,0.00000000,0,0.00000000,0.00000000,0
2024-11-13 20:00:00,0.0949,0.0949,0.0949,0.0949,150.00000000,1731542399999,14.23500000,1,0.00000000,0.00000000,0
2024-11-14 00:00:00,0.0949,0.0949,0.0949,0.0949,0.00000000,1731556799999,0.00000000,0,0.00000000,0.00000000,0
2024-11-14 04:00:00,0.0975,0.0983,0.0975,0.0983,2035.00000000,1731571199999,199.79090000,2,2035.00000000,199.79090000,0
2024-11-14 08:00:00,0.0983,0.0983,0.0983,0.0983,0.00000000,1731585599999,0.00000000,0,0.00000000,0.00000000,0
2024-11-14 12:00:00,0.0948,0.0948,0.0912,0.0912,275.00000000,1731599999999,26.03340000,3,0.00000000,0.00000000,0
2024-11-14 16:00:00,0.0914,0.0954,0.0911,0.0954,394.00000000,1731614399999,36.03880000,4,11.00000000,1.04940000,0
2024-11-14 20:00:00,0.0949,0.0949,0.0949,0.0949,1051.00000000,1731628799999,99.73990000,1,1051.00000000,99.73990000,0
2024-11-15 00:00:00,0.0911,0.0911,0.0911,0.0911,11.00000000,1731643199999,1.00210000,1,0.00000000,0.00000000,0
2024-11-15 04:00:00,0.0941,0.0942,0.0918,0.0918,390.00000000,1731657599999,36.49540000,3,300.00000000,28.23340000,0
2024-11-15 08:00:00,0.0918,0.0918,0.0918,0.0918,158.00000000,1731671999999,14.50440000,1,0.00000000,0.00000000,0
2024-11-15 12:00:00,0.0946,0.0946,0.0918,0.0918,4497.00000000,1731686399999,412.90440000,3,15.00000000,1.41900000,0
2024-11-15 16:00:00,0.0925,0.0925,0.0925,0.0925,3421.00000000,1731700799999,316.44250000,1,3421.00000000,316.44250000,0
2024-11-15 20:00:00,0.0925,0.0925,0.0925,0.0925,0.00000000,1731715199999,0.00000000,0,0.00000000,0.00000000,0
2024-11-16 00:00:00,0.0925,0.0925,0.0925,0.0925,0.00000000,1731729599999,0.00000000,0,0.00000000,0.00000000,0
2024-11-16 04:00:00,0.0925,0.0925,0.0925,0.0925,0.00000000,1731743999999,0.00000000,0,0.00000000,0.00000000,0
2024-11-16 08:00:00,0.0912,0.0912,0.0912,0.0912,26.00000000,1731758399999,2.37120000,1,0.00000000,0.00000000,0
2024-11-16 12:00:00,0.0912,0.0912,0.0911,0.0912,1443.00000000,1731772799999,131.58510000,4,0.00000000,0.00000000,0
2024-11-16 16:00:00,0.0912,0.0995,0.0911,0.0995,15051.00000000,1731787199999,1386.36860000,20,1114.00000000,109.30770000,0
2024-11-16 20:00:00,0.0995,0.0995,0.0995,0.0995,0.00000000,1731801599999,0.00000000,0,0.00000000,0.00000000,0
2024-11-17 00:00:00,0.1002,0.1002,0.0912,0.0999,4056.00000000,1731815999999,388.38450000,10,1104.00000000,110.49730000,0
2024-11-17 04:00:00,0.0986,0.0986,0.0944,0.0944,309.00000000,1731830399999,29.60220000,2,103.00000000,10.15580000,0
2024-11-17 08:00:00,0.0999,0.1,0.0999,0.1,5905.00000000,1731844799999,589.92950000,3,5905.00000000,589.92950000,0
2024-11-17 12:00:00,0.1,0.105,0.1,0.105,3018.00000000,1731859199999,304.91200000,12,3018.00000000,304.91200000,0
2024-11-17 16:00:00,0.1037,0.1037,0.0936,0.1021,1289.00000000,1731873599999,131.16220000,6,1118.00000000,115.04540000,0
2024-11-17 20:00:00,0.0972,0.1021,0.0912,0.1001,6511.00000000,1731887999999,607.49630000,27,22.00000000,2.22420000,0
2024-11-18 00:00:00,0.1014,0.1042,0.1014,0.1042,315.00000000,1731902399999,32.40860000,4,315.00000000,32.40860000,0
2024-11-18 04:00:00,0.1042,0.1042,0.1042,0.1042,0.00000000,1731916799999,0.00000000,0,0.00000000,0.00000000,0
2024-11-18 08:00:00,0.1042,0.1042,0.1042,0.1042,0.00000000,1731931199999,0.00000000,0,0.00000000,0.00000000,0
2024-11-18 12:00:00,0.1053,0.107,0.1053,0.107,507.00000000,1731945599999,54.02080000,6,507.00000000,54.02080000,0
2024-11-18 16:00:00,0.0935,0.1087,0.0927,0.1077,15504.00000000,1731959999999,1492.33900000,27,7138.00000000,701.59460000,0
2024-11-18 20:00:00,0.0976,0.0976,0.0976,0.0976,11.00000000,1731974399999,1.07360000,1,0.00000000,0.00000000,0
2024-11-19 00:00:00,0.1077,0.1092,0.1077,0.1091,10439.00000000,1731988799999,1137.13220000,20,10439.00000000,1137.13220000,0
2024-11-19 04:00:00,0.1029,0.1072,0.0943,0.1072,9847.00000000,1732003199999,1022.73640000,18,3637.00000000,386.57500000,0
2024-11-19 08:00:00,0.1048,0.1048,0.1048,0.1048,398.00000000,1732017599999,41.71040000,1,0.00000000,0.00000000,0
2024-11-19 12:00:00,0.0959,0.0959,0.0959,0.0959,370.00000000,1732031999999,35.48300000,2,0.00000000,0.00000000,0
2024-11-19 16:00:00,0.0967,0.1066,0.0967,0.1066,288.00000000,1732046399999,30.49290000,2,267.00000000,28.46220000,0
2024-11-19 20:00:00,0.1066,0.1066,0.1066,0.1066,0.00000000,1732060799999,0.00000000,0,0.00000000,0.00000000,0
2024-11-20 00:00:00,0.1066,0.1066,0.1066,0.1066,0.00000000,1732075199999,0.00000000,0,0.00000000,0.00000000,0
2024-11-20 04:00:00,0.1036,0.1051,0.0976,0.0976,1860.00000000,1732089599999,192.78090000,7,1751.00000000,182.14250000,0
2024-11-20 08:00:00,0.0976,0.0976,0.0976,0.0976,0.00000000,1732103999999,0.00000000,0,0.00000000,0.00000000,0
2024-11-20 12:00:00,0.0976,0.0976,0.0976,0.0976,0.00000000,1732118399999,0.00000000,0,0.00000000,0.00000000,0
2024-11-20 16:00:00,0.0976,0.0976,0.0976,0.0976,0.00000000,1732132799999,0.00000000,0,0.00000000,0.00000000,0
2024-11-20 20:00:00,0.0976,0.0976,0.0976,0.0976,0.00000000,1732147199999,0.00000000,0,0.00000000,0.00000000,0
2024-11-21 00:00:00,0.0976,0.0976,0.0976,0.0976,0.00000000,1732161599999,0.00000000,0,0.00000000,0.00000000,0
2024-11-21 04:00:00,0.0963,0.1003,0.0963,0.1003,50.00000000,1732175999999,4.85500000,2,10.00000000,1.00300000,0
2024-11-21 08:00:00,0.1014,0.1034,0.1014,0.1034,20.00000000,1732190399999,2.04800000,2,20.00000000,2.04800000,0
2024-11-21 12:00:00,0.1042,0.1042,0.1042,0.1042,632.00000000,1732204799999,65.85440000,1,0.00000000,0.00000000,0
2024-11-21 16:00:00,0.1042,0.1042,0.1042,0.1042,0.00000000,1732219199999,0.00000000,0,0.00000000,0.00000000,0
2024-11-21 20:00:00,0.1028,0.1062,0.1027,0.1062,1405.00000000,1732233599999,145.11800000,4,511.00000000,53.25600000,0
2024-11-22 00:00:00,0.1047,0.1053,0.1033,0.1053,1829.00000000,1732247999999,191.20330000,8,1040.00000000,109.47390000,0
2024-11-22 04:00:00,0.106,0.1069,0.106,0.1069,657.00000000,1732262399999,70.06950000,3,657.00000000,70.06950000,0
2024-11-22 08:00:00,0.1046,0.1046,0.1046,0.1046,314.00000000,1732276799999,32.84440000,1,0.00000000,0.00000000,0
2024-11-22 12:00:00,0.1046,0.1046,0.1037,0.1037,1148.00000000,1732291199999,119.06650000,2,0.00000000,0.00000000,0
2024-11-22 16:00:00,0.102,0.102,0.102,0.102,425.00000000,1732305599999,43.35000000,2,235.00000000,23.97000000,0
2024-11-22 20:00:00,0.1019,0.1035,0.0995,0.1035,6424.00000000,1732319999999,651.38100000,17,5544.00000000,562.73600000,0
2024-11-23 00:00:00,0.1035,0.1038,0.1035,0.1038,5348.00000000,1732334399999,555.11640000,9,5348.00000000,555.11640000,0
2024-11-23 04:00:00,0.0997,0.1058,0.0995,0.1058,7136.00000000,1732348799999,738.74750000,13,4496.00000000,472.89580000,0
2024-11-23 08:00:00,0.101,0.108,0.101,0.1077,2437.00000000,1732363199999,262.64570000,4,1089.00000000,117.59340000,0
2024-11-23 12:00:00,0.108,0.1139,0.0987,0.1139,1262.00000000,1732377599999,139.81830000,5,1041.00000000,118.00560000,0
2024-11-23 16:00:00,0.1116,0.1116,0.1071,0.1071,1081.00000000,1732391999999,120.45960000,3,0.00000000,0.00000000,0
2024-11-23 20:00:00,0.1126,0.1127,0.1126,0.1127,99.00000000,1732406399999,11.15630000,2,99.00000000,11.15630000,0
2024-11-24 00:00:00,0.1073,0.1147,0.1073,0.1147,979.00000000,1732420799999,111.81610000,4,928.00000000,106.34380000,0
2024-11-24 04:00:00,0.1147,0.1164,0.1147,0.1164,9467.00000000,1732435199999,1087.08480000,11,9467.00000000,1087.08480000,0
2024-11-24 08:00:00,0.1169,0.1173,0.1169,0.1173,985.00000000,1732449599999,115.18090000,2,985.00000000,115.18090000,0
2024-11-24 12:00:00,0.1173,0.1173,0.1173,0.1173,0.00000000,1732463999999,0.00000000,0,0.00000000,0.00000000,0
2024-11-24 16:00:00,0.1151,0.1173,0.1151,0.1173,65959.00000000,1732478399999,7727.41860000,18,4919.00000000,567.42660000,0
2024-11-24 20:00:00,0.1125,0.1125,0.1125,0.1125,61.00000000,1732492799999,6.86250000,1,0.00000000,0.00000000,0
2024-11-25 00:00:00,0.1125,0.1206,0.1125,0.1206,2029.00000000,1732507199999,242.01300000,4,1767.00000000,212.53800000,0
2024-11-25 04:00:00,0.1203,0.122,0.1203,0.122,1748.00000000,1732521599999,211.31750000,5,1748.00000000,211.31750000,0
2024-11-25 08:00:00,0.1204,0.1204,0.1204,0.1204,13.00000000,1732535999999,1.56520000,1,13.00000000,1.56520000,0
2024-11-25 12:00:00,0.1204,0.1204,0.1204,0.1204,0.00000000,1732550399999,0.00000000,0,0.00000000,0.00000000,0
2024-11-25 16:00:00,0.115,0.1163,0.1115,0.1152,17080.00000000,1732564799999,1940.14190000,47,13583.00000000,1549.25460000,0
2024-11-25 20:00:00,0.1152,0.1152,0.1152,0.1152,0.00000000,1732579199999,0.00000000,0,0.00000000,0.00000000,0
2024-11-26 00:00:00,0.1152,0.1152,0.1152,0.1152,0.00000000,1732593599999,0.00000000,0,0.00000000,0.00000000,0
2024-11-26 04:00:00,0.1149,0.1149,0.1149,0.1149,130.00000000,1732607999999,14.93700000,1,0.00000000,0.00000000,0
2024-11-26 08:00:00,0.1145,0.1145,0.1114,0.1114,2494.00000000,1732622399999,279.87970000,4,611.00000000,69.95950000,0
2024-11-26 12:00:00,0.1114,0.1114,0.1114,0.1114,0.00000000,1732636799999,0.00000000,0,0.00000000,0.00000000,0
2024-11-26 16:00:00,0.1117,0.1117,0.109,0.109,296.00000000,1732651199999,32.98760000,2,268.00000000,29.93560000,0
2024-11-26 20:00:00,0.109,0.109,0.109,0.109,0.00000000,1732665599999,0.00000000,0,0.00000000,0.00000000,0
2024-11-27 00:00:00,0.108,0.108,0.108,0.108,7168.00000000,1732679999999,774.14400000,7,7168.00000000,774.14400000,0
2024-11-27 04:00:00,0.108,0.108,0.108,0.108,0.00000000,1732694399999,0.00000000,0,0.00000000,0.00000000,0
2024-11-27 08:00:00,0.108,0.108,0.108,0.108,0.00000000,1732708799999,0.00000000,0,0.00000000,0.00000000,0
2024-11-27 12:00:00,0.108,0.108,0.108,0.108,0.00000000,1732723199999,0.00000000,0,0.00000000,0.00000000,0
2024-11-27 16:00:00,0.1165,0.1169,0.1091,0.1091,167.00000000,1732737599999,18.86370000,3,86.00000000,10.02660000,0
2024-11-27 20:00:00,0.1091,0.1091,0.1091,0.1091,0.00000000,1732751999999,0.00000000,0,0.00000000,0.00000000,0
2024-11-28 00:00:00,0.1175,0.1175,0.1175,0.1175,5760.00000000,1732766399999,676.80000000,3,4806.00000000,564.70500000,0
2024-11-28 04:00:00,0.1135,0.1135,0.1135,0.1135,3707.00000000,1732780799999,420.74450000,1,0.00000000,0.00000000,0
2024-11-28 08:00:00,0.1135,0.1135,0.1135,0.1135,1739.00000000,1732795199999,197.37650000,2,1739.00000000,197.37650000,0
2024-11-28 12:00:00,0.1135,0.1135,0.1135,0.1135,0.00000000,1732809599999,0.00000000,0,0.00000000,0.00000000,0
2024-11-28 16:00:00,0.1168,0.1234,0.1168,0.1234,70897.00000000,1732823999999,8357.76430000,17,70029.00000000,8252.44890000,0
2024-11-28 20:00:00,0.1234,0.1234,0.1234,0.1234,69465.00000000,1732838399999,8571.98100000,25,69465.00000000,8571.98100000,0
2024-11-29 00:00:00,0.1234,0.1234,0.1234,0.1234,0.00000000,1732852799999,0.00000000,0,0.00000000,0.00000000,0
2024-11-29 04:00:00,0.1223,0.1223,0.1223,0.1223,13.00000000,1732867199999,1.58990000,1,13.00000000,1.58990000,0
2024-11-29 08:00:00,0.1223,0.1223,0.1223,0.1223,0.00000000,1732881599999,0.00000000,0,0.00000000,0.00000000,0
2024-11-29 12:00:00,0.116,0.116,0.116,0.116,1343.00000000,1732895999999,155.78800000,3,0.00000000,0.00000000,0
2024-11-29 16:00:00,0.116,0.1217,0.116,0.1209,1855.00000000,1732910399999,223.21450000,8,1216.00000000,147.95300000,0
2024-11-29 20:00:00,0.1209,0.1209,0.1209,0.1209,0.00000000,1732924799999,0.00000000,0,0.00000000,0.00000000,0
2024-11-30 00:00:00,0.1189,0.1222,0.1189,0.1222,925.00000000,1732939199999,112.09120000,2,639.00000000,78.08580000,0
2024-11-30 04:00:00,0.1189,0.1284,0.1189,0.126,8226.00000000,1732953599999,1036.87490000,14,8096.00000000,1021.41790000,0
2024-11-30 08:00:00,0.1258,0.1258,0.1258,0.1258,397.00000000,1732967999999,49.94260000,1,0.00000000,0.00000000,0
2024-11-30 12:00:00,0.1262,0.1262,0.1247,0.1247,17.00000000,1732982399999,2.13340000,2,9.00000000,1.13580000,0
2024-11-30 16:00:00,0.1272,0.1273,0.1152,0.1268,3231.00000000,1732996799999,392.37340000,10,1670.00000000,212.54620000,0
2024-11-30 20:00:00,0.1268,0.1284,0.1257,0.1257,1926.00000000,1733011199999,246.25990000,8,1819.00000000,232.80060000,0
2024-12-01 00:00:00,0.1257,0.1257,0.1243,0.1243,1732.00000000,1733025599999,217.64520000,8,0.00000000,0.00000000,0
2024-12-01 04:00:00,0.1243,0.1243,0.1243,0.1243,0.00000000,1733039999999,0.00000000,0,0.00000000,0.00000000,0
2024-12-01 08:00:00,0.124,0.124,0.124,0.124,66.00000000,1733054399999,8.18400000,1,0.00000000,0.00000000,0
2024-12-01 12:00:00,0.1284,0.1284,0.1284,0.1284,77.00000000,1733068799999,9.88680000,1,77.00000000,9.88680000,0
2024-12-01 16:00:00,0.1284,0.1284,0.1284,0.1284,0.00000000,1733083199999,0.00000000,0,0.00000000,0.00000000,0
2024-12-01 20:00:00,0.1254,0.1273,0.1205,0.1273,6986.00000000,1733097599999,863.53200000,19,3352.00000000,424.99390000,0
2024-12-02 00:00:00,0.1273,0.1273,0.1273,0.1273,0.00000000,1733111999999,0.00000000,0,0.00000000,0.00000000,0
2024-12-02 04:00:00,0.1273,0.1295,0.1271,0.1295,6212.00000000,1733126399999,795.61390000,14,6064.00000000,776.80310000,0
2024-12-02 08:00:00,0.127,0.127,0.1232,0.1232,451.00000000,1733140799999,56.36640000,3,0.00000000,0.00000000,0
2024-12-02 12:00:00,0.1283,0.134,0.1283,0.1338,12079.00000000,1733155199999,1565.23870000,38,12014.00000000,1556.52870000,0
2024-12-02 16:00:00,0.1342,0.1345,0.1314,0.1314,2543.00000000,1733169599999,341.23520000,7,2304.00000000,309.58980000,0
2024-12-02 20:00:00,0.1314,0.1314,0.1314,0.1314,0.00000000,1733183999999,0.00000000,0,0.00000000,0.00000000,0
2024-12-03 00:00:00,0.1342,0.1347,0.1342,0.1344,1104.00000000,1733198399999,148.53500000,7,1104.00000000,148.53500000,0
2024-12-03 04:00:00,0.1352,0.1352,0.135,0.135,1139.00000000,1733212799999,153.78400000,2,1139.00000000,153.78400000,0
2024-12-03 08:00:00,0.1352,0.1401,0.1352,0.1374,3114.00000000,1733227199999,426.94310000,14,2893.00000000,396.60770000,0
2024-12-03 12:00:00,0.1388,0.1389,0.1318,0.132,4949.00000000,1733241599999,678.37430000,5,3587.00000000,498.21570000,0
2024-12-03 16:00:00,0.132,0.132,0.132,0.132,0.00000000,1733255999999,0.00000000,0,0.00000000,0.00000000,0
2024-12-03 20:00:00,0.1372,0.1372,0.1372,0.1372,8.00000000,1733270399999,1.09760000,1,8.00000000,1.09760000,0
2024-12-04 00:00:00,0.135,0.1433,0.1337,0.1351,11857.00000000,1733284799999,1639.25140000,29,4692.00000000,661.23020000,0
2024-12-04 04:00:00,0.1351,0.1351,0.1351,0.1351,0.00000000,1733299199999,0.00000000,0,0.00000000,0.00000000,0
2024-12-04 08:00:00,0.1415,0.1415,0.1414,0.1415,5521.00000000,1733313599999,781.06960000,8,4002.00000000,566.28300000,0
2024-12-04 12:00:00,0.1415,0.1437,0.1415,0.1437,4244.00000000,1733327999999,603.64870000,12,3911.00000000,555.82990000,0
2024-12-04 16:00:00,0.1437,0.1492,0.1432,0.1479,16449.00000000,1733342399999,2404.54560000,57,14556.00000000,2127.76470000,0
2024-12-04 20:00:00,0.1492,0.1495,0.1468,0.1468,359.00000000,1733356799999,53.25410000,3,222.00000000,33.14250000,0
2024-12-05 00:00:00,0.146,0.146,0.1408,0.1423,1648.00000000,1733371199999,238.16950000,4,1344.00000000,194.92530000,0
2024-12-05 04:00:00,0.1403,0.1466,0.1403,0.1466,2926.00000000,1733385599999,424.06380000,7,2404.00000000,350.63720000,0
2024-12-05 08:00:00,0.1448,0.1495,0.1448,0.145,2266.00000000,1733399999999,332.64110000,12,218.00000000,32.13700000,0
2024-12-05 12:00:00,0.1494,0.1522,0.1493,0.1493,7366.00000000,1733414399999,1105.53350000,19,4032.00000000,607.76730000,0
2024-12-05 16:00:00,0.1493,0.1493,0.1493,0.1493,0.00000000,1733428799999,0.00000000,0,0.00000000,0.00000000,0
2024-12-05 20:00:00,0.1464,0.1464,0.1416,0.1416,9389.00000000,1733443199999,1344.52010000,9,2133.00000000,311.15550000,0
2024-12-06 00:00:00,0.1416,0.1416,0.1416,0.1416,0.00000000,1733457599999,0.00000000,0,0.00000000,0.00000000,0
2024-12-06 04:00:00,0.1435,0.1435,0.1435,0.1435,327.00000000,1733471999999,46.92450000,1,0.00000000,0.00000000,0
2024-12-06 08:00:00,0.1425,0.1425,0.1425,0.1425,245.00000000,1733486399999,34.91250000,1,0.00000000,0.00000000,0
2024-12-06 12:00:00,0.1405,0.1435,0.1374,0.1435,1186.00000000,1733500799999,167.62780000,9,554.00000000,79.37660000,0
2024-12-06 16:00:00,0.1439,0.1471,0.1439,0.1471,34413.00000000,1733515199999,5062.09470000,21,4491.00000000,660.56850000,0
2024-12-06 20:00:00,0.146,0.1471,0.146,0.1471,4125.00000000,1733529599999,602.49090000,2,3906.00000000,570.27600000,0
2024-12-07 00:00:00,0.1463,0.1463,0.1463,0.1463,3049.00000000,1733543999999,446.06870000,1,3049.00000000,446.06870000,0
2024-12-07 04:00:00,0.1379,0.147,0.1378,0.147,1951.00000000,1733558399999,285.04160000,4,1759.00000000,258.57300000,0
2024-12-07 08:00:00,0.1373,0.1438,0.108,0.1425,14535.00000000,1733572799999,1855.29110000,66,5067.00000000,656.43380000,0
2024-12-07 12:00:00,0.1426,0.1454,0.1426,0.1454,1376.00000000,1733587199999,197.26260000,10,1376.00000000,197.26260000,0
2024-12-07 16:00:00,0.1432,0.1437,0.1134,0.1437,1694.00000000,1733601599999,237.11980000,9,104.00000000,14.94480000,0
2024-12-07 20:00:00,0.1447,0.1447,0.1444,0.1444,221.00000000,1733615999999,31.93700000,2,221.00000000,31.93700000,0
2024-12-08 00:00:00,0.1416,0.1444,0.1416,0.1432,272.00000000,1733630399999,38.98640000,6,191.00000000,27.51680000,0
2024-12-08 04:00:00,0.1416,0.1416,0.1336,0.1411,645.00000000,1733644799999,89.11980000,8,19.00000000,2.68090000,0
2024-12-08 08:00:00,0.1411,0.1411,0.1411,0.1411,0.00000000,1733659199999,0.00000000,0,0.00000000,0.00000000,0
2024-12-08 12:00:00,0.1411,0.1411,0.1411,0.1411,68.00000000,1733673599999,9.59480000,1,68.00000000,9.59480000,0
2024-12-08 16:00:00,0.1369,0.1417,0.1141,0.1391,7596.00000000,1733687999999,1046.82170000,17,4445.00000000,624.83900000,0
2024-12-08 20:00:00,0.1392,0.145,0.1343,0.145,7640.00000000,1733702399999,1086.54770000,16,5623.00000000,804.48450000,0
2024-12-09 00:00:00,0.1433,0.1433,0.1404,0.1404,333.00000000,1733716799999,47.17220000,5,34.00000000,4.87220000,0
2024-12-09 04:00:00,0.1393,0.1393,0.1393,0.1393,101.00000000,1733731199999,14.06930000,2,0.00000000,0.00000000,0
2024-12-09 08:00:00,0.1375,0.1375,0.1318,0.1318,701.00000000,1733745599999,94.37540000,8,0.00000000,0.00000000,0
2024-12-09 12:00:00,0.1305,0.1305,0.1305,0.1305,52.00000000,1733759999999,6.78600000,2,0.00000000,0.00000000,0
2024-12-09 16:00:00,0.1305,0.1305,0.1305,0.1305,56.00000000,1733774399999,7.30800000,1,0.00000000,0.00000000,0
2024-12-09 20:00:00,0.1289,0.1289,0.1134,0.1134,14016.00000000,1733788799999,1595.74060000,10,0.00000000,0.00000000,0
2024-12-10 00:00:00,0.1176,0.1201,0.1146,0.1162,844.00000000,1733803199999,99.91750000,7,644.00000000,76.78150000,0
2024-12-10 04:00:00,0.1137,0.1174,0.0961,0.1174,10512.00000000,1733817599999,1170.16300000,15,0.00000000,0.00000000,0
2024-12-10 08:00:00,0.1176,0.1176,0.1176,0.1176,896.00000000,1733831999999,105.36960000,1,0.00000000,0.00000000,0
2024-12-10 12:00:00,0.1176,0.1176,0.1176,0.1176,0.00000000,1733846399999,0.00000000,0,0.00000000,0.00000000,0
2024-12-10 16:00:00,0.1176,0.1176,0.1176,0.1176,0.00000000,1733860799999,0.00000000,0,0.00000000,0.00000000,0
2024-12-10 20:00:00,0.1176,0.1176,0.1176,0.1176,0.00000000,1733875199999,0.00000000,0,0.00000000,0.00000000,0
2024-12-11 00:00:00,0.1171,0.1171,0.117,0.1171,9220.00000000,1733889599999,1079.64700000,6,9211.00000000,1078.59310000,0
2024-12-11 04:00:00,0.1171,0.1197,0.1171,0.1197,2367.00000000,1733903999999,278.28850000,3,2131.00000000,250.03930000,0
2024-12-11 08:00:00,0.1197,0.1197,0.1197,0.1197,0.00000000,1733918399999,0.00000000,0,0.00000000,0.00000000,0
2024-12-11 12:00:00,0.0998,0.0998,0.0998,0.0998,253.00000000,1733932799999,25.24940000,1,0.00000000,0.00000000,0
2024-12-11 16:00:00,0.1202,0.1369,0.1202,0.1263,1072.00000000,1733947199999,144.60390000,11,804.00000000,109.51830000,0
2024-12-11 20:00:00,0.1263,0.1319,0.126,0.1319,799.00000000,1733961599999,100.88590000,6,222.00000000,28.10020000,0
2024-12-12 00:00:00,0.126,0.1261,0.126,0.126,1891.00000000,1733975999999,238.32530000,4,0.00000000,0.00000000,0
2024-12-12 04:00:00,0.1314,0.1319,0.1314,0.1319,223.00000000,1733990399999,29.40870000,3,223.00000000,29.40870000,0
2024-12-12 08:00:00,0.1319,0.1319,0.1291,0.1317,858.00000000,1734004799999,111.10880000,6,125.00000000,16.47850000,0
2024-12-12 12:00:00,0.1318,0.1319,0.1309,0.1309,1392.00000000,1734019199999,183.35840000,6,1392.00000000,183.35840000,0
2024-12-12 16:00:00,0.1233,0.1347,0.1233,0.1276,7912.00000000,1734033599999,1010.28620000,15,7364.00000000,940.01560000,0
2024-12-12 20:00:00,0.1341,0.1341,0.1341,0.1341,40.00000000,1734047999999,5.36400000,1,40.00000000,5.36400000,0
2024-12-13 00:00:00,0.1341,0.1341,0.1341,0.1341,0.00000000,1734062399999,0.00000000,0,0.00000000,0.00000000,0
2024-12-13 04:00:00,0.1286,0.1286,0.1286,0.1286,80.00000000,1734076799999,10.28800000,1,0.00000000,0.00000000,0
2024-12-13 08:00:00,0.1297,0.1325,0.1297,0.1325,462.00000000,1734091199999,60.62140000,2,250.00000000,33.12500000,0
2024-12-13 12:00:00,0.1325,0.1325,0.1325,0.1325,0.00000000,1734105599999,0.00000000,0,0.00000000,0.00000000,0
2024-12-13 16:00:00,0.1347,0.16,0.1347,0.1421,24247.00000000,1734119999999,3637.18000000,51,20224.00000000,3053.73410000,0
2024-12-13 20:00:00,0.1444,0.1649,0.1182,0.159,61242.00000000,1734134399999,9120.72840000,88,29268.00000000,4496.09590000,0
2024-12-14 00:00:00,0.1573,0.1748,0.152,0.1549,35636.00000000,1734148799999,5811.54870000,103,20528.00000000,3383.78760000,0
2024-12-14 04:00:00,0.1538,0.1564,0.151,0.1539,1857.00000000,1734163199999,281.97790000,9,1830.00000000,277.88470000,0
2024-12-14 08:00:00,0.1489,0.1489,0.1277,0.1277,10314.00000000,1734177599999,1378.32470000,21,69.00000000,10.08780000,0
2024-12-14 12:00:00,0.1387,0.1516,0.1387,0.1419,7752.00000000,1734191999999,1125.46610000,36,4338.00000000,634.63060000,0
2024-12-14 16:00:00,0.1402,0.1402,0.135,0.1356,3495.00000000,1734206399999,475.06690000,11,570.00000000,77.29200000,0
2024-12-14 20:00:00,0.1357,0.1357,0.1357,0.1357,114.00000000,1734220799999,15.46980000,1,114.00000000,15.46980000,0
2024-12-15 00:00:00,0.1336,0.1426,0.1336,0.1426,341.00000000,1734235199999,48.55460000,3,175.00000000,24.95500000,0
2024-12-15 04:00:00,0.1379,0.1403,0.1379,0.1403,109.00000000,1734249599999,15.27110000,2,100.00000000,14.03000000,0
2024-12-15 08:00:00,0.138,0.1448,0.138,0.1447,1181.00000000,1734263999999,167.85130000,6,376.00000000,53.62180000,0
2024-12-15 12:00:00,0.1447,0.1447,0.1447,0.1447,0.00000000,1734278399999,0.00000000,0,0.00000000,0.00000000,0
2024-12-15 16:00:00,0.1414,0.1414,0.1414,0.1414,448.00000000,1734292799999,63.34720000,1,448.00000000,63.34720000,0
2024-12-15 20:00:00,0.139,0.1419,0.1366,0.1419,941.00000000,1734307199999,129.84390000,10,941.00000000,129.84390000,0
2024-12-16 00:00:00,0.1419,0.1431,0.1419,0.1431,80.00000000,1734321599999,11.40600000,2,80.00000000,11.40600000,0
2024-12-16 04:00:00,0.1431,0.1431,0.1431,0.1431,0.00000000,1734335999999,0.00000000,0,0.00000000,0.00000000,0
2024-12-16 08:00:00,0.138,0.138,0.1353,0.1353,249.00000000,1734350399999,34.08120000,3,145.00000000,20.01000000,0
2024-12-16 12:00:00,0.1288,0.1288,0.1232,0.1233,1039.00000000,1734364799999,130.15450000,4,0.00000000,0.00000000,0
2024-12-16 16:00:00,0.1341,0.1392,0.1341,0.1392,60.00000000,1734379199999,8.29080000,3,60.00000000,8.29080000,0
2024-12-16 20:00:00,0.1313,0.1314,0.128,0.128,1890.00000000,1734393599999,245.19810000,4,0.00000000,0.00000000,0
2024-12-17 00:00:00,0.1235,0.1235,0.1235,0.1235,15.00000000,1734407999999,1.85250000,1,0.00000000,0.00000000,0
2024-12-17 04:00:00,0.1328,0.1331,0.1328,0.1331,144.00000000,1734422399999,19.12860000,2,144.00000000,19.12860000,0
2024-12-17 08:00:00,0.131,0.131,0.131,0.131,9.00000000,1734436799999,1.17900000,1,0.00000000,0.00000000,0
2024-12-17 12:00:00,0.1333,0.1333,0.1333,0.1333,271.00000000,1734451199999,36.12430000,1,0.00000000,0.00000000,0
2024-12-17 16:00:00,0.1333,0.1333,0.1333,0.1333,0.00000000,1734465599999,0.00000000,0,0.00000000,0.00000000,0
2024-12-17 20:00:00,0.1258,0.1258,0.1258,0.1258,2010.00000000,1734479999999,252.85800000,4,0.00000000,0.00000000,0
2024-12-18 00:00:00,0.1243,0.1253,0.1234,0.1253,202.00000000,1734494399999,25.09960000,3,9.00000000,1.12770000,0
2024-12-18 04:00:00,0.1244,0.1244,0.1244,0.1244,372.00000000,1734508799999,46.27680000,1,372.00000000,46.27680000,0
2024-12-18 08:00:00,0.1233,0.1233,0.1233,0.1233,6009.00000000,1734523199999,740.90970000,3,2700.00000000,332.91000000,0
2024-12-18 12:00:00,0.1233,0.1233,0.1233,0.1233,0.00000000,1734537599999,0.00000000,0,0.00000000,0.00000000,0
2024-12-18 16:00:00,0.1271,0.1271,0.1183,0.1265,7209.00000000,1734551999999,891.16540000,8,753.00000000,95.68910000,0
2024-12-18 20:00:00,0.1183,0.1183,0.1151,0.1151,1733.00000000,1734566399999,203.57220000,4,0.00000000,0.00000000,0
2024-12-19 00:00:00,0.115,0.1178,0.1131,0.1131,561.00000000,1734580799999,64.69590000,3,261.00000000,30.19590000,0
2024-12-19 04:00:00,0.1203,0.1203,0.1203,0.1203,84.00000000,1734595199999,10.10520000,1,84.00000000,10.10520000,0
2024-12-19 08:00:00,0.1181,0.1188,0.0961,0.0965,1210.00000000,1734609599999,123.63610000,8,0.00000000,0.00000000,0
2024-12-19 12:00:00,0.1159,0.1185,0.1159,0.1185,18.00000000,1734623999999,2.10960000,2,9.00000000,1.06650000,0
2024-12-19 16:00:00,0.1185,0.1185,0.1185,0.1185,0.00000000,1734638399999,0.00000000,0,0.00000000,0.00000000,0
2024-12-19 20:00:00,0.1171,0.1171,0.1085,0.1085,285.00000000,1734652799999,30.99990000,2,0.00000000,0.00000000,0
2024-12-20 00:00:00,0.1126,0.1126,0.1126,0.1126,9.00000000,1734667199999,1.01340000,1,9.00000000,1.01340000,0
2024-12-20 04:00:00,0.1138,0.1145,0.1137,0.1145,200.00000000,1734681599999,22.77050000,4,200.00000000,22.77050000,0
2024-12-20 08:00:00,0.1074,0.1074,0.1021,0.1021,526.00000000,1734695999999,53.93880000,4,17.00000000,1.82580000,0
2024-12-20 12:00:00,0.1036,0.1049,0.1036,0.1049,403.00000000,1734710399999,42.03680000,2,403.00000000,42.03680000,0
2024-12-20 16:00:00,0.1049,0.1049,0.1049,0.1049,0.00000000,1734724799999,0.00000000,0,0.00000000,0.00000000,0
2024-12-20 20:00:00,0.1133,0.1133,0.1133,0.1133,195.00000000,1734739199999,22.09350000,2,0.00000000,0.00000000,0
2024-12-21 00:00:00,0.1133,0.1133,0.1133,0.1133,0.00000000,1734753599999,0.00000000,0,0.00000000,0.00000000,0
2024-12-21 04:00:00,0.111,0.111,0.111,0.111,26.00000000,1734767999999,2.88600000,1,0.00000000,0.00000000,0
2024-12-21 08:00:00,0.1174,0.1174,0.1159,0.1159,22.00000000,1734782399999,2.56930000,2,13.00000000,1.52620000,0
2024-12-21 12:00:00,0.1159,0.1159,0.1146,0.1146,35.00000000,1734796799999,4.01360000,2,0.00000000,0.00000000,0
2024-12-21 16:00:00,0.1108,0.1108,0.1108,0.1108,209.00000000,1734811199999,23.15720000,1,0.00000000,0.00000000,0
2024-12-21 20:00:00,0.1108,0.1108,0.1108,0.1108,0.00000000,1734825599999,0.00000000,0,0.00000000,0.00000000,0
2024-12-22 00:00:00,0.1108,0.1108,0.1108,0.1108,0.00000000,1734839999999,0.00000000,0,0.00000000,0.00000000,0
2024-12-22 04:00:00,0.1138,0.1144,0.1138,0.1144,233.00000000,1734854399999,26.53100000,2,233.00000000,26.53100000,0
2024-12-22 08:00:00,0.1144,0.1144,0.1144,0.1144,0.00000000,1734868799999,0.00000000,0,0.00000000,0.00000000,0
2024-12-22 12:00:00,0.1144,0.1144,0.1144,0.1144,0.00000000,1734883199999,0.00000000,0,0.00000000,0.00000000,0
2024-12-22 16:00:00,0.1144,0.1144,0.1144,0.1144,0.00000000,1734897599999,0.00000000,0,0.00000000,0.00000000,0
2024-12-22 20:00:00,0.1144,0.1144,0.1144,0.1144,0.00000000,1734911999999,0.00000000,0,0.00000000,0.00000000,0
2024-12-23 00:00:00,0.1144,0.1144,0.1144,0.1144,0.00000000,1734926399999,0.00000000,0,0.00000000,0.00000000,0
2024-12-23 04:00:00,0.1144,0.1144,0.1144,0.1144,0.00000000,1734940799999,0.00000000,0,0.00000000,0.00000000,0
2024-12-23 08:00:00,0.1144,0.1144,0.1144,0.1144,0.00000000,1734955199999,0.00000000,0,0.00000000,0.00000000,0
2024-12-23 12:00:00,0.1144,0.1144,0.1144,0.1144,0.00000000,1734969599999,0.00000000,0,0.00000000,0.00000000,0
2024-12-23 16:00:00,0.1121,0.1146,0.1116,0.114,1918.00000000,1734983999999,216.87350000,7,1180.00000000,134.40920000,0
2024-12-23 20:00:00,0.1162,0.1187,0.1162,0.1177,933.00000000,1734998399999,108.66010000,3,933.00000000,108.66010000,0
2024-12-24 00:00:00,0.1164,0.1164,0.1164,0.1164,172.00000000,1735012799999,20.02080000,1,0.00000000,0.00000000,0
2024-12-24 04:00:00,0.1183,0.1189,0.1168,0.1189,61.00000000,1735027199999,7.22680000,3,52.00000000,6.17560000,0
2024-12-24 08:00:00,0.1189,0.1189,0.1189,0.1189,0.00000000,1735041599999,0.00000000,0,0.00000000,0.00000000,0
2024-12-24 12:00:00,0.1189,0.1216,0.1189,0.1216,300.00000000,1735055999999,35.89410000,2,300.00000000,35.89410000,0
2024-12-24 16:00:00,0.1206,0.1206,0.1206,0.1206,1162.00000000,1735070399999,140.13720000,1,0.00000000,0.00000000,0
2024-12-24 20:00:00,0.1206,0.1206,0.1206,0.1206,0.00000000,1735084799999,0.00000000,0,0.00000000,0.00000000,0
2024-12-25 00:00:00,0.1224,0.1224,0.1224,0.1224,108.00000000,1735099199999,13.21920000,1,0.00000000,0.00000000,0
2024-12-25 04:00:00,0.1224,0.1224,0.1224,0.1224,0.00000000,1735113599999,0.00000000,0,0.00000000,0.00000000,0
2024-12-25 08:00:00,0.1234,0.1234,0.1234,0.1234,9.00000000,1735127999999,1.11060000,1,9.00000000,1.11060000,0
2024-12-25 12:00:00,0.1224,0.1249,0.1104,0.1243,9184.00000000,1735142399999,1133.54300000,12,3766.00000000,470.37340000,0
2024-12-25 16:00:00,0.1234,0.1248,0.1234,0.1248,91.00000000,1735156799999,11.24200000,2,91.00000000,11.24200000,0
2024-12-25 20:00:00,0.1248,0.1248,0.1248,0.1248,0.00000000,1735171199999,0.00000000,0,0.00000000,0.00000000,0
2024-12-26 00:00:00,0.1218,0.1239,0.1218,0.1218,310.00000000,1735185599999,37.82100000,4,30.00000000,3.71700000,0
2024-12-26 04:00:00,0.1218,0.1218,0.1153,0.1153,1705.00000000,1735199999999,203.43210000,5,0.00000000,0.00000000,0
2024-12-26 08:00:00,0.1153,0.1153,0.1153,0.1153,0.00000000,1735214399999,0.00000000,0,0.00000000,0.00000000,0
2024-12-26 12:00:00,0.1148,0.1148,0.1148,0.1148,19.00000000,1735228799999,2.18120000,1,0.00000000,0.00000000,0
2024-12-26 16:00:00,0.1162,0.1162,0.1162,0.1162,9.00000000,1735243199999,1.04580000,1,9.00000000,1.04580000,0
2024-12-26 20:00:00,0.117,0.1182,0.117,0.1182,18.00000000,1735257599999,2.11680000,2,18.00000000,2.11680000,0
2024-12-27 00:00:00,0.1182,0.1182,0.1182,0.1182,0.00000000,1735271999999,0.00000000,0,0.00000000,0.00000000,0
2024-12-27 04:00:00,0.1182,0.1182,0.1182,0.1182,0.00000000,1735286399999,0.00000000,0,0.00000000,0.00000000,0
2024-12-27 08:00:00,0.1182,0.1182,0.1182,0.1182,0.00000000,1735300799999,0.00000000,0,0.00000000,0.00000000,0
2024-12-27 12:00:00,0.1191,0.1191,0.1191,0.1191,10.00000000,1735315199999,1.19100000,1,10.00000000,1.19100000,0
2024-12-27 16:00:00,0.1167,0.1201,0.1167,0.1201,213.00000000,1735329599999,24.91110000,3,10.00000000,1.20100000,0
2024-12-27 20:00:00,0.1201,0.1201,0.1201,0.1201,0.00000000,1735343999999,0.00000000,0,0.00000000,0.00000000,0
2024-12-28 00:00:00,0.1189,0.1225,0.1189,0.1225,24.00000000,1735358399999,2.89680000,2,12.00000000,1.47000000,0
2024-12-28 04:00:00,0.1182,0.1204,0.1182,0.1204,127.00000000,1735372799999,15.10820000,2,0.00000000,0.00000000,0
2024-12-28 08:00:00,0.1248,0.1266,0.1248,0.1266,1462.00000000,1735387199999,182.97340000,6,1380.00000000,172.64090000,0
2024-12-28 12:00:00,0.1286,0.1326,0.1286,0.1326,1677.00000000,1735401599999,218.55370000,7,620.00000000,80.61520000,0
2024-12-28 16:00:00,0.1327,0.1636,0.1327,0.1439,37714.00000000,1735415999999,5559.45200000,69,25691.00000000,3832.57580000,0
2024-12-28 20:00:00,0.142,0.1425,0.1322,0.1345,21702.00000000,1735430399999,3018.68930000,53,6652.00000000,920.08880000,0
2024-12-29 00:00:00,0.1322,0.1478,0.1322,0.1423,7492.00000000,1735444799999,1034.02410000,24,5929.00000000,820.40090000,0
2024-12-29 04:00:00,0.1435,0.1463,0.1367,0.1373,7397.00000000,1735459199999,1037.33190000,29,5811.00000000,815.23190000,0
2024-12-29 08:00:00,0.1386,0.1386,0.1294,0.1294,1008.00000000,1735473599999,134.81560000,8,254.00000000,35.20440000,0
2024-12-29 12:00:00,0.1274,0.1274,0.1274,0.1274,759.00000000,1735487999999,96.69660000,1,0.00000000,0.00000000,0
2024-12-29 16:00:00,0.1274,0.1274,0.1274,0.1274,0.00000000,1735502399999,0.00000000,0,0.00000000,0.00000000,0
2024-12-29 20:00:00,0.1228,0.1228,0.0971,0.0971,198.00000000,1735516799999,23.60430000,3,0.00000000,0.00000000,0
2024-12-30 00:00:00,0.1127,0.1291,0.1127,0.1291,111.00000000,1735531199999,13.78890000,2,78.00000000,10.06980000,0
2024-12-30 04:00:00,0.1301,0.1301,0.1266,0.1266,48.00000000,1735545599999,6.11440000,3,8.00000000,1.04080000,0
2024-12-30 08:00:00,0.1266,0.1266,0.1233,0.1233,451.00000000,1735559999999,56.02410000,3,0.00000000,0.00000000,0
2024-12-30 12:00:00,0.1233,0.1233,0.1233,0.1233,0.00000000,1735574399999,0.00000000,0,0.00000000,0.00000000,0
2024-12-30 16:00:00,0.1254,0.1254,0.1238,0.1238,75.00000000,1735588799999,9.29780000,2,8.00000000,1.00320000,0
2024-12-30 20:00:00,0.1244,0.1245,0.1225,0.1225,1062.00000000,1735603199999,131.25090000,3,583.00000000,72.57340000,0
2024-12-31 00:00:00,0.126,0.126,0.126,0.126,79.00000000,1735617599999,9.95400000,1,79.00000000,9.95400000,0
2024-12-31 04:00:00,0.1283,0.1428,0.1283,0.1382,35973.00000000,1735631999999,4970.53110000,43,33205.00000000,4587.47360000,0
2024-12-31 08:00:00,0.1372,0.1379,0.1311,0.1379,53707.00000000,1735646399999,7194.28900000,28,3687.00000000,492.88280000,0
2024-12-31 12:00:00,0.1434,0.1452,0.1386,0.1386,2534.00000000,1735660799999,363.83480000,8,2180.00000000,313.60200000,0
2024-12-31 16:00:00,0.1346,0.1346,0.1346,0.1346,3000.00000000,1735675199999,403.80000000,1,0.00000000,0.00000000,0
2024-12-31 20:00:00,0.135,0.1398,0.135,0.1366,3566.00000000,1735689599999,487.24500000,5,2390.00000000,328.48500000,0
2025-01-01 00:00:00,0.1365,0.1366,0.1348,0.1366,1315.00000000,1735703999999,177.68260000,4,1315.00000000,177.68260000,0
2025-01-01 04:00:00,0.135,0.135,0.1319,0.1319,319.00000000,1735718399999,42.54250000,3,82.00000000,11.04520000,0
2025-01-01 08:00:00,0.1319,0.1319,0.1319,0.1319,0.00000000,1735732799999,0.00000000,0,0.00000000,0.00000000,0
2025-01-01 12:00:00,0.1319,0.1319,0.1319,0.1319,0.00000000,1735747199999,0.00000000,0,0.00000000,0.00000000,0
2025-01-01 16:00:00,0.1254,0.1288,0.1254,0.1288,962.00000000,1735761599999,121.78060000,3,0.00000000,0.00000000,0
2025-01-01 20:00:00,0.1328,0.1328,0.1328,0.1328,12.00000000,1735775999999,1.59360000,1,12.00000000,1.59360000,0
2025-01-02 00:00:00,0.1312,0.1312,0.1296,0.1296,73.00000000,1735790399999,9.47360000,2,8.00000000,1.04960000,0
2025-01-02 04:00:00,0.1288,0.1299,0.1288,0.1299,32465.00000000,1735804799999,4205.35810000,10,28918.00000000,3748.50450000,0
2025-01-02 08:00:00,0.1298,0.1298,0.1298,0.1298,4500.00000000,1735819199999,584.10000000,1,0.00000000,0.00000000,0
2025-01-02 12:00:00,0.1298,0.1298,0.1298,0.1298,0.00000000,1735833599999,0.00000000,0,0.00000000,0.00000000,0
2025-01-02 16:00:00,0.1322,0.1322,0.1322,0.1322,83.00000000,1735847999999,10.97260000,1,83.00000000,10.97260000,0
2025-01-02 20:00:00,0.1322,0.1322,0.1322,0.1322,0.00000000,1735862399999,0.00000000,0,0.00000000,0.00000000,0
2025-01-03 00:00:00,0.1308,0.1308,0.1308,0.1308,1173.00000000,1735876799999,153.42840000,4,663.00000000,86.72040000,0
2025-01-03 04:00:00,0.1308,0.1308,0.1308,0.1308,0.00000000,1735891199999,0.00000000,0,0.00000000,0.00000000,0
2025-01-03 08:00:00,0.1321,0.1322,0.1313,0.1322,623.00000000,1735905599999,82.06670000,4,623.00000000,82.06670000,0
2025-01-03 12:00:00,0.1321,0.1322,0.1319,0.1322,18838.00000000,1735919999999,2490.30920000,8,18653.00000000,2465.90770000,0
2025-01-03 16:00:00,0.1322,0.1322,0.1322,0.1322,0.00000000,1735934399999,0.00000000,0,0.00000000,0.00000000,0
2025-01-03 20:00:00,0.1332,0.1339,0.1327,0.1339,4558.00000000,1735948799999,607.76560000,6,1000.00000000,133.90000000,0
2025-01-04 00:00:00,0.1339,0.1339,0.1339,0.1339,0.00000000,1735963199999,0.00000000,0,0.00000000,0.00000000,0
2025-01-04 04:00:00,0.135,0.135,0.135,0.135,12.00000000,1735977599999,1.62000000,1,12.00000000,1.62000000,0
2025-01-04 08:00:00,0.1342,0.1342,0.1342,0.1342,345.00000000,1735991999999,46.29900000,2,0.00000000,0.00000000,0
2025-01-04 12:00:00,0.1342,0.1342,0.1325,0.1325,676.00000000,1736006399999,89.91220000,5,0.00000000,0.00000000,0
2025-01-04 16:00:00,0.1298,0.1298,0.1298,0.1298,8.00000000,1736020799999,1.03840000,1,0.00000000,0.00000000,0
2025-01-04 20:00:00,0.1298,0.1298,0.1298,0.1298,0.00000000,1736035199999,0.00000000,0,0.00000000,0.00000000,0
2025-01-05 00:00:00,0.1298,0.1298,0.1298,0.1298,0.00000000,1736049599999,0.00000000,0,0.00000000,0.00000000,0
2025-01-05 04:00:00,0.1294,0.1294,0.1294,0.1294,320.00000000,1736063999999,41.40800000,1,0.00000000,0.00000000,0
2025-01-05 08:00:00,0.1294,0.1294,0.1294,0.1294,0.00000000,1736078399999,0.00000000,0,0.00000000,0.00000000,0
2025-01-05 12:00:00,0.1303,0.1303,0.1303,0.1303,161.00000000,1736092799999,20.97830000,1,0.00000000,0.00000000,0
2025-01-05 16:00:00,0.1303,0.1303,0.1303,0.1303,0.00000000,1736107199999,0.00000000,0,0.00000000,0.00000000,0
2025-01-05 20:00:00,0.1303,0.1303,0.1303,0.1303,2134.00000000,1736121599999,278.06020000,4,2134.00000000,278.06020000,0
2025-01-06 00:00:00,0.13,0.13,0.1283,0.1283,1532.00000000,1736135999999,197.76550000,7,0.00000000,0.00000000,0
2025-01-06 04:00:00,0.1283,0.1283,0.1283,0.1283,0.00000000,1736150399999,0.00000000,0,0.00000000,0.00000000,0
2025-01-06 08:00:00,0.1283,0.1283,0.1283,0.1283,0.00000000,1736164799999,0.00000000,0,0.00000000,0.00000000,0
2025-01-06 12:00:00,0.1283,0.1283,0.1283,0.1283,0.00000000,1736179199999,0.00000000,0,0.00000000,0.00000000,0
2025-01-06 16:00:00,0.1313,0.1313,0.1313,0.1313,153.00000000,1736193599999,20.08890000,1,0.00000000,0.00000000,0
2025-01-06 20:00:00,0.1314,0.1314,0.1314,0.1314,713.00000000,1736207999999,93.68820000,1,0.00000000,0.00000000,0
2025-01-07 00:00:00,0.1314,0.1314,0.1314,0.1314,0.00000000,1736222399999,0.00000000,0,0.00000000,0.00000000,0
2025-01-07 04:00:00,0.1313,0.1313,0.1313,0.1313,6.00000000,1736236799999,0.78780000,1,0.00000000,0.00000000,0
2025-01-07 08:00:00,0.1313,0.1313,0.1313,0.1313,0.00000000,1736251199999,0.00000000,0,0.00000000,0.00000000,0
2025-01-07 12:00:00,0.1289,0.1289,0.1274,0.1275,9890.00000000,1736265599999,1263.49450000,3,0.00000000,0.00000000,0
2025-01-07 16:00:00,0.1263,0.1263,0.1263,0.1263,3760.00000000,1736279999999,474.88800000,1,0.00000000,0.00000000,0
2025-01-07 20:00:00,0.1263,0.1263,0.1263,0.1263,0.00000000,1736294399999,0.00000000,0,0.00000000,0.00000000,0
2025-01-08 00:00:00,0.126,0.126,0.126,0.126,213.00000000,1736308799999,26.83800000,1,0.00000000,0.00000000,0
2025-01-08 04:00:00,0.126,0.126,0.126,0.126,0.00000000,1736323199999,0.00000000,0,0.00000000,0.00000000,0
2025-01-08 08:00:00,0.126,0.126,0.126,0.126,0.00000000,1736337599999,0.00000000,0,0.00000000,0.00000000,0
2025-01-08 12:00:00,0.126,0.126,0.126,0.126,0.00000000,1736351999999,0.00000000,0,0.00000000,0.00000000,0
2025-01-08 16:00:00,0.118,0.118,0.118,0.118,1000.00000000,1736366399999,118.00000000,1,1000.00000000,118.00000000,0
2025-01-08 20:00:00,0.118,0.118,0.118,0.118,0.00000000,1736380799999,0.00000000,0,0.00000000,0.00000000,0
2025-01-09 00:00:00,0.118,0.118,0.118,0.118,0.00000000,1736395199999,0.00000000,0,0.00000000,0.00000000,0
2025-01-09 04:00:00,0.118,0.118,0.118,0.118,0.00000000,1736409599999,0.00000000,0,0.00000000,0.00000000,0
2025-01-09 08:00:00,0.118,0.118,0.118,0.118,0.00000000,1736423999999,0.00000000,0,0.00000000,0.00000000,0
2025-01-09 12:00:00,0.118,0.118,0.118,0.118,0.00000000,1736438399999,0.00000000,0,0.00000000,0.00000000,0
2025-01-09 16:00:00,0.118,0.118,0.118,0.118,0.00000000,1736452799999,0.00000000,0,0.00000000,0.00000000,0
2025-01-09 20:00:00,0.117,0.117,0.117,0.117,4788.00000000,1736467199999,560.19600000,3,152.00000000,17.78400000,0
2025-01-10 00:00:00,0.117,0.117,0.117,0.117,0.00000000,1736481599999,0.00000000,0,0.00000000,0.00000000,0
2025-01-10 04:00:00,0.117,0.117,0.117,0.117,0.00000000,1736495999999,0.00000000,0,0.00000000,0.00000000,0
2025-01-10 08:00:00,0.117,0.117,0.117,0.117,0.00000000,1736510399999,0.00000000,0,0.00000000,0.00000000,0
2025-01-10 12:00:00,0.1193,0.1193,0.1193,0.1193,29.00000000,1736524799999,3.45970000,1,0.00000000,0.00000000,0
2025-01-10 16:00:00,0.1193,0.1193,0.1193,0.1193,0.00000000,1736539199999,0.00000000,0,0.00000000,0.00000000,0
2025-01-10 20:00:00,0.1193,0.1193,0.1193,0.1193,0.00000000,1736553599999,0.00000000,0,0.00000000,0.00000000,0
2025-01-11 00:00:00,0.1193,0.1193,0.1193,0.1193,0.00000000,1736567999999,0.00000000,0,0.00000000,0.00000000,0
2025-01-11 04:00:00,0.1193,0.1193,0.1193,0.1193,0.00000000,1736582399999,0.00000000,0,0.00000000,0.00000000,0
2025-01-11 08:00:00,0.1193,0.1193,0.1193,0.1193,0.00000000,1736596799999,0.00000000,0,0.00000000,0.00000000,0
2025-01-11 12:00:00,0.1205,0.1205,0.1205,0.1205,1000.00000000,1736611199999,120.50000000,1,0.00000000,0.00000000,0
2025-01-11 16:00:00,0.1205,0.1205,0.1205,0.1205,0.00000000,1736625599999,0.00000000,0,0.00000000,0.00000000,0
2025-01-11 20:00:00,0.1222,0.1222,0.1206,0.1206,9338.00000000,1736639999999,1140.11960000,10,8723.00000000,1065.95060000,0
2025-01-12 00:00:00,0.1206,0.1206,0.1206,0.1206,0.00000000,1736654399999,0.00000000,0,0.00000000,0.00000000,0
2025-01-12 04:00:00,0.1206,0.1206,0.1206,0.1206,0.00000000,1736668799999,0.00000000,0,0.00000000,0.00000000,0
2025-01-12 08:00:00,0.1206,0.1206,0.1206,0.1206,0.00000000,1736683199999,0.00000000,0,0.00000000,0.00000000,0
2025-01-12 12:00:00,0.1206,0.1206,0.1206,0.1206,0.00000000,1736697599999,0.00000000,0,0.00000000,0.00000000,0
2025-01-12 16:00:00,0.1206,0.1206,0.1206,0.1206,0.00000000,1736711999999,0.00000000,0,0.00000000,0.00000000,0
2025-01-12 20:00:00,0.1192,0.1192,0.1192,0.1192,210.00000000,1736726399999,25.03200000,1,0.00000000,0.00000000,0
2025-01-13 00:00:00,0.1192,0.1192,0.1192,0.1192,0.00000000,1736740799999,0.00000000,0,0.00000000,0.00000000,0
2025-01-13 04:00:00,0.1192,0.1192,0.1192,0.1192,0.00000000,1736755199999,0.00000000,0,0.00000000,0.00000000,0
2025-01-13 08:00:00,0.1192,0.1192,0.1192,0.1192,0.00000000,1736769599999,0.00000000,0,0.00000000,0.00000000,0
2025-01-13 12:00:00,0.1192,0.1192,0.1192,0.1192,0.00000000,1736783999999,0.00000000,0,0.00000000,0.00000000,0
2025-01-13 16:00:00,0.1192,0.1192,0.1192,0.1192,0.00000000,1736798399999,0.00000000,0,0.00000000,0.00000000,0
2025-01-13 20:00:00,0.1192,0.1192,0.1192,0.1192,0.00000000,1736812799999,0.00000000,0,0.00000000,0.00000000,0
2025-01-14 00:00:00,0.1136,0.1136,0.1136,0.1136,181.00000000,1736827199999,20.56160000,2,0.00000000,0.00000000,0
2025-01-14 04:00:00,0.1136,0.1136,0.1136,0.1136,0.00000000,1736841599999,0.00000000,0,0.00000000,0.00000000,0
2025-01-14 08:00:00,0.1157,0.1157,0.1157,0.1157,9.00000000,1736855999999,1.04130000,1,0.00000000,0.00000000,0
2025-01-14 12:00:00,0.1181,0.1181,0.1181,0.1181,93.00000000,1736870399999,10.98330000,1,93.00000000,10.98330000,0
2025-01-14 16:00:00,0.119,0.119,0.1165,0.1165,167.00000000,1736884799999,19.66550000,2,84.00000000,9.99600000,0
2025-01-14 20:00:00,0.1165,0.1165,0.1165,0.1165,0.00000000,1736899199999,0.00000000,0,0.00000000,0.00000000,0
2025-01-15 00:00:00,0.1188,0.1188,0.1188,0.1188,200.00000000,1736913599999,23.76000000,1,0.00000000,0.00000000,0
2025-01-15 04:00:00,0.1188,0.1188,0.1188,0.1188,0.00000000,1736927999999,0.00000000,0,0.00000000,0.00000000,0
2025-01-15 08:00:00,0.1188,0.1188,0.1188,0.1188,0.00000000,1736942399999,0.00000000,0,0.00000000,0.00000000,0
2025-01-15 12:00:00,0.1197,0.1197,0.1197,0.1197,22.00000000,1736956799999,2.63340000,1,0.00000000,0.00000000,0
2025-01-15 16:00:00,0.1236,0.1236,0.1236,0.1236,62.00000000,1736971199999,7.66320000,1,62.00000000,7.66320000,0
2025-01-15 20:00:00,0.1237,0.1237,0.1237,0.1237,92.00000000,1736985599999,11.38040000,1,0.00000000,0.00000000,0
2025-01-16 00:00:00,0.1233,0.1233,0.1232,0.1232,839.00000000,1736999999999,103.44670000,2,839.00000000,103.44670000,0
2025-01-16 04:00:00,0.1232,0.1232,0.1232,0.1232,0.00000000,1737014399999,0.00000000,0,0.00000000,0.00000000,0
2025-01-16 08:00:00,0.1232,0.1232,0.1232,0.1232,0.00000000,1737028799999,0.00000000,0,0.00000000,0.00000000,0
2025-01-16 12:00:00,0.1232,0.1232,0.1232,0.1232,0.00000000,1737043199999,0.00000000,0,0.00000000,0.00000000,0
2025-01-16 16:00:00,0.1223,0.1223,0.1223,0.1223,40.00000000,1737057599999,4.89200000,1,0.00000000,0.00000000,0
2025-01-16 20:00:00,0.1223,0.1223,0.1223,0.1223,0.00000000,1737071999999,0.00000000,0,0.00000000,0.00000000,0
2025-01-17 00:00:00,0.1223,0.1223,0.1223,0.1223,0.00000000,1737086399999,0.00000000,0,0.00000000,0.00000000,0
2025-01-17 04:00:00,0.1245,0.1245,0.1245,0.1245,122.00000000,1737100799999,15.18900000,1,122.00000000,15.18900000,0
2025-01-17 08:00:00,0.1224,0.1246,0.1224,0.1246,4771.00000000,1737115199999,585.44210000,3,0.00000000,0.00000000,0
2025-01-17 12:00:00,0.1251,0.1251,0.1251,0.1251,205.00000000,1737129599999,25.64550000,1,0.00000000,0.00000000,0
2025-01-17 16:00:00,0.1251,0.1251,0.1251,0.1251,224.00000000,1737143999999,28.02240000,2,122.00000000,15.26220000,0
2025-01-17 20:00:00,0.1279,0.1279,0.1269,0.1269,912.00000000,1737158399999,115.84980000,2,912.00000000,115.84980000,0
2025-01-18 00:00:00,0.1269,0.1269,0.1269,0.1269,0.00000000,1737172799999,0.00000000,0,0.00000000,0.00000000,0
2025-01-18 04:00:00,0.1224,0.1224,0.1224,0.1224,117.00000000,1737187199999,14.32080000,1,117.00000000,14.32080000,0
2025-01-18 08:00:00,0.1224,0.1224,0.1224,0.1224,0.00000000,1737201599999,0.00000000,0,0.00000000,0.00000000,0
2025-01-18 12:00:00,0.1224,0.1224,0.1224,0.1224,0.00000000,1737215999999,0.00000000,0,0.00000000,0.00000000,0
2025-01-18 16:00:00,0.1194,0.1194,0.1159,0.1186,472.00000000,1737230399999,55.25360000,6,19.00000000,2.25240000,0
2025-01-18 20:00:00,0.1156,0.1156,0.1156,0.1156,5016.00000000,1737244799999,579.84960000,3,985.00000000,113.86600000,0
2025-01-19 00:00:00,0.117,0.117,0.117,0.117,17.00000000,1737259199999,1.98900000,1,0.00000000,0.00000000,0
2025-01-19 04:00:00,0.1167,0.1167,0.1167,0.1167,30.00000000,1737273599999,3.50100000,1,30.00000000,3.50100000,0
2025-01-19 08:00:00,0.1167,0.1167,0.1167,0.1167,0.00000000,1737287999999,0.00000000,0,0.00000000,0.00000000,0
2025-01-19 12:00:00,0.1167,0.1167,0.1167,0.1167,0.00000000,1737302399999,0.00000000,0,0.00000000,0.00000000,0
2025-01-19 16:00:00,0.1196,0.1196,0.1196,0.1196,481.00000000,1737316799999,57.52760000,1,0.00000000,0.00000000,0
2025-01-19 20:00:00,0.1195,0.1195,0.1098,0.1098,4114.00000000,1737331199999,475.34080000,5,0.00000000,0.00000000,0
2025-01-20 00:00:00,0.1098,0.1098,0.1098,0.1098,0.00000000,1737345599999,0.00000000,0,0.00000000,0.00000000,0
2025-01-20 04:00:00,0.1205,0.1205,0.1205,0.1205,622.00000000,1737359999999,74.95100000,1,622.00000000,74.95100000,0
2025-01-20 08:00:00,0.1205,0.1205,0.1205,0.1205,0.00000000,1737374399999,0.00000000,0,0.00000000,0.00000000,0
2025-01-20 12:00:00,0.1205,0.1205,0.1205,0.1205,0.00000000,1737388799999,0.00000000,0,0.00000000,0.00000000,0
2025-01-20 16:00:00,0.1205,0.1205,0.1205,0.1205,0.00000000,1737403199999,0.00000000,0,0.00000000,0.00000000,0
2025-01-20 20:00:00,0.1205,0.1205,0.1205,0.1205,0.00000000,1737417599999,0.00000000,0,0.00000000,0.00000000,0
2025-01-21 00:00:00,0.1137,0.1147,0.1137,0.1147,837.00000000,1737431999999,95.83990000,2,837.00000000,95.83990000,0
2025-01-21 04:00:00,0.1133,0.1133,0.1133,0.1133,125.00000000,1737446399999,14.16250000,1,0.00000000,0.00000000,0
2025-01-21 08:00:00,0.1133,0.1133,0.1133,0.1133,0.00000000,1737460799999,0.00000000,0,0.00000000,0.00000000,0
2025-01-21 12:00:00,0.1133,0.1133,0.1133,0.1133,0.00000000,1737475199999,0.00000000,0,0.00000000,0.00000000,0
2025-01-21 16:00:00,0.1165,0.1184,0.1165,0.1184,3799.00000000,1737489599999,448.51150000,2,0.00000000,0.00000000,0
2025-01-21 20:00:00,0.1184,0.1184,0.1184,0.1184,0.00000000,1737503999999,0.00000000,0,0.00000000,0.00000000,0
2025-01-22 00:00:00,0.1168,0.118,0.1168,0.1179,961.00000000,1737518399999,113.23640000,3,0.00000000,0.00000000,0
2025-01-22 04:00:00,0.1179,0.1179,0.1179,0.1179,0.00000000,1737532799999,0.00000000,0,0.00000000,0.00000000,0
2025-01-22 08:00:00,0.1179,0.1179,0.1179,0.1179,0.00000000,1737547199999,0.00000000,0,0.00000000,0.00000000,0
2025-01-22 12:00:00,0.1179,0.1179,0.1179,0.1179,0.00000000,1737561599999,0.00000000,0,0.00000000,0.00000000,0
2025-01-22 16:00:00,0.1179,0.1179,0.1179,0.1179,0.00000000,1737575999999,0.00000000,0,0.00000000,0.00000000,0
2025-01-22 20:00:00,0.1179,0.1179,0.1179,0.1179,0.00000000,1737590399999,0.00000000,0,0.00000000,0.00000000,0
2025-01-23 00:00:00,0.1179,0.1179,0.1179,0.1179,0.00000000,1737604799999,0.00000000,0,0.00000000,0.00000000,0
2025-01-23 04:00:00,0.1179,0.1179,0.1179,0.1179,0.00000000,1737619199999,0.00000000,0,0.00000000,0.00000000,0
2025-01-23 08:00:00,0.1179,0.1179,0.1179,0.1179,0.00000000,1737633599999,0.00000000,0,0.00000000,0.00000000,0
2025-01-23 12:00:00,0.1179,0.1179,0.1179,0.1179,0.00000000,1737647999999,0.00000000,0,0.00000000,0.00000000,0
2025-01-23 16:00:00,0.1179,0.1179,0.1179,0.1179,0.00000000,1737662399999,0.00000000,0,0.00000000,0.00000000,0
2025-01-23 20:00:00,0.1179,0.1179,0.1179,0.1179,0.00000000,1737676799999,0.00000000,0,0.00000000,0.00000000,0
2025-01-24 00:00:00,0.1179,0.1179,0.1179,0.1179,0.00000000,1737691199999,0.00000000,0,0.00000000,0.00000000,0
2025-01-24 04:00:00,0.1179,0.1179,0.1179,0.1179,0.00000000,1737705599999,0.00000000,0,0.00000000,0.00000000,0
2025-01-24 08:00:00,0.1179,0.1179,0.1179,0.1179,0.00000000,1737719999999,0.00000000,0,0.00000000,0.00000000,0
2025-01-24 12:00:00,0.1173,0.1173,0.1173,0.1173,73.00000000,1737734399999,8.56290000,1,0.00000000,0.00000000,0
2025-01-24 16:00:00,0.1173,0.1173,0.1173,0.1173,0.00000000,1737748799999,0.00000000,0,0.00000000,0.00000000,0
2025-01-24 20:00:00,0.1173,0.1173,0.1173,0.1173,0.00000000,1737763199999,0.00000000,0,0.00000000,0.00000000,0
2025-01-25 00:00:00,0.1173,0.1173,0.1173,0.1173,0.00000000,1737777599999,0.00000000,0,0.00000000,0.00000000,0
2025-01-25 04:00:00,0.1173,0.1173,0.1173,0.1173,0.00000000,1737791999999,0.00000000,0,0.00000000,0.00000000,0
2025-01-25 08:00:00,0.1173,0.1173,0.1173,0.1173,0.00000000,1737806399999,0.00000000,0,0.00000000,0.00000000,0
2025-01-25 12:00:00,0.1173,0.1173,0.1173,0.1173,0.00000000,1737820799999,0.00000000,0,0.00000000,0.00000000,0
2025-01-25 16:00:00,0.1173,0.1173,0.1173,0.1173,0.00000000,1737835199999,0.00000000,0,0.00000000,0.00000000,0
2025-01-25 20:00:00,0.1173,0.1173,0.1173,0.1173,0.00000000,1737849599999,0.00000000,0,0.00000000,0.00000000,0
2025-01-26 00:00:00,0.1174,0.1174,0.1174,0.1174,257.00000000,1737863999999,30.17180000,1,0.00000000,0.00000000,0
2025-01-26 04:00:00,0.1168,0.1168,0.1168,0.1168,1139.00000000,1737878399999,133.03520000,1,0.00000000,0.00000000,0
2025-01-26 08:00:00,0.1168,0.1168,0.1168,0.1168,0.00000000,1737892799999,0.00000000,0,0.00000000,0.00000000,0
2025-01-26 12:00:00,0.1168,0.1168,0.1168,0.1168,0.00000000,1737907199999,0.00000000,0,0.00000000,0.00000000,0
2025-01-26 16:00:00,0.1168,0.1168,0.1168,0.1168,0.00000000,1737921599999,0.00000000,0,0.00000000,0.00000000,0
2025-01-26 20:00:00,0.1168,0.1168,0.1168,0.1168,0.00000000,1737935999999,0.00000000,0,0.00000000,0.00000000,0
2025-01-27 00:00:00,0.1168,0.1168,0.1168,0.1168,0.00000000,1737950399999,0.00000000,0,0.00000000,0.00000000,0
2025-01-27 04:00:00,0.1168,0.1168,0.1168,0.1168,0.00000000,1737964799999,0.00000000,0,0.00000000,0.00000000,0
2025-01-27 08:00:00,0.1168,0.1168,0.1168,0.1168,0.00000000,1737979199999,0.00000000,0,0.00000000,0.00000000,0
2025-01-27 12:00:00,0.1168,0.1168,0.1168,0.1168,0.00000000,1737993599999,0.00000000,0,0.00000000,0.00000000,0
2025-01-27 16:00:00,0.1168,0.1168,0.1168,0.1168,0.00000000,1738007999999,0.00000000,0,0.00000000,0.00000000,0
2025-01-27 20:00:00,0.1168,0.1168,0.1168,0.1168,0.00000000,1738022399999,0.00000000,0,0.00000000,0.00000000,0
2025-01-28 00:00:00,0.1161,0.1161,0.1161,0.1161,129.00000000,1738036799999,14.97690000,1,129.00000000,14.97690000,0
2025-01-28 04:00:00,0.1161,0.1161,0.1161,0.1161,0.00000000,1738051199999,0.00000000,0,0.00000000,0.00000000,0
2025-01-28 08:00:00,0.1161,0.1161,0.1161,0.1161,0.00000000,1738065599999,0.00000000,0,0.00000000,0.00000000,0
2025-01-28 12:00:00,0.116,0.116,0.116,0.116,17.00000000,1738079999999,1.97200000,1,0.00000000,0.00000000,0
2025-01-28 16:00:00,0.116,0.116,0.116,0.116,0.00000000,1738094399999,0.00000000,0,0.00000000,0.00000000,0
2025-01-28 20:00:00,0.1133,0.1133,0.1132,0.1132,569.00000000,1738108799999,64.44710000,2,0.00000000,0.00000000,0
2025-01-29 00:00:00,0.116,0.116,0.116,0.116,832.00000000,1738123199999,96.51200000,1,832.00000000,96.51200000,0
2025-01-29 04:00:00,0.116,0.116,0.116,0.116,0.00000000,1738137599999,0.00000000,0,0.00000000,0.00000000,0
2025-01-29 08:00:00,0.1178,0.1178,0.1178,0.1178,128.00000000,1738151999999,15.07840000,1,128.00000000,15.07840000,0
2025-01-29 12:00:00,0.1178,0.1178,0.1178,0.1178,0.00000000,1738166399999,0.00000000,0,0.00000000,0.00000000,0
2025-01-29 16:00:00,0.1178,0.1178,0.1178,0.1178,0.00000000,1738180799999,0.00000000,0,0.00000000,0.00000000,0
2025-01-29 20:00:00,0.1202,0.1202,0.1202,0.1202,91.00000000,1738195199999,10.93820000,1,91.00000000,10.93820000,0
2025-01-30 00:00:00,0.1202,0.1202,0.1202,0.1202,0.00000000,1738209599999,0.00000000,0,0.00000000,0.00000000,0
2025-01-30 04:00:00,0.1202,0.1202,0.1202,0.1202,0.00000000,1738223999999,0.00000000,0,0.00000000,0.00000000,0
2025-01-30 08:00:00,0.1202,0.1202,0.1202,0.1202,0.00000000,1738238399999,0.00000000,0,0.00000000,0.00000000,0
2025-01-30 12:00:00,0.1202,0.1202,0.1202,0.1202,0.00000000,1738252799999,0.00000000,0,0.00000000,0.00000000,0
2025-01-30 16:00:00,0.1202,0.1202,0.1202,0.1202,0.00000000,1738267199999,0.00000000,0,0.00000000,0.00000000,0
2025-01-30 20:00:00,0.1202,0.1202,0.1202,0.1202,0.00000000,1738281599999,0.00000000,0,0.00000000,0.00000000,0
2025-01-31 00:00:00,0.1202,0.1202,0.1202,0.1202,0.00000000,1738295999999,0.00000000,0,0.00000000,0.00000000,0
2025-01-31 04:00:00,0.1202,0.1202,0.1202,0.1202,0.00000000,1738310399999,0.00000000,0,0.00000000,0.00000000,0
2025-01-31 08:00:00,0.1202,0.1202,0.1202,0.1202,0.00000000,1738324799999,0.00000000,0,0.00000000,0.00000000,0
2025-01-31 12:00:00,0.1226,0.1226,0.1129,0.1129,2086.00000000,1738339199999,255.30710000,2,2041.00000000,250.22660000,0
2025-01-31 16:00:00,0.1224,0.1224,0.1127,0.1221,6746.00000000,1738353599999,797.15910000,6,90.00000000,10.98900000,0
2025-01-31 20:00:00,0.1221,0.1221,0.1221,0.1221,0.00000000,1738367999999,0.00000000,0,0.00000000,0.00000000,0
2025-02-01 00:00:00,0.1221,0.1221,0.1221,0.1221,0.00000000,1738382399999,0.00000000,0,0.00000000,0.00000000,0
2025-02-01 04:00:00,0.1186,0.1186,0.1186,0.1186,92.00000000,1738396799999,10.91120000,1,92.00000000,10.91120000,0
2025-02-01 08:00:00,0.1186,0.1186,0.1186,0.1186,0.00000000,1738411199999,0.00000000,0,0.00000000,0.00000000,0
2025-02-01 12:00:00,0.1186,0.1186,0.1186,0.1186,0.00000000,1738425599999,0.00000000,0,0.00000000,0.00000000,0
2025-02-01 16:00:00,0.1186,0.1186,0.1186,0.1186,0.00000000,1738439999999,0.00000000,0,0.00000000,0.00000000,0
2025-02-01 20:00:00,0.1186,0.1186,0.1186,0.1186,0.00000000,1738454399999,0.00000000,0,0.00000000,0.00000000,0
2025-02-02 00:00:00,0.1186,0.1186,0.1186,0.1186,0.00000000,1738468799999,0.00000000,0,0.00000000,0.00000000,0
2025-02-02 04:00:00,0.1186,0.1186,0.1186,0.1186,0.00000000,1738483199999,0.00000000,0,0.00000000,0.00000000,0
2025-02-02 08:00:00,0.1206,0.1394,0.1206,0.1218,15034.00000000,1738497599999,2002.49760000,40,8030.00000000,1081.27190000,0
2025-02-02 12:00:00,0.1245,0.1245,0.114,0.119,3753.00000000,1738511999999,455.88690000,25,1022.00000000,125.58360000,0
2025-02-02 16:00:00,0.1191,0.1191,0.1076,0.1076,682.00000000,1738526399999,76.39330000,5,0.00000000,0.00000000,0
2025-02-02 20:00:00,0.1023,0.1023,0.0971,0.0971,7815.00000000,1738540799999,779.67490000,6,0.00000000,0.00000000,0
2025-02-03 00:00:00,0.0971,0.0971,0.0809,0.0809,14469.00000000,1738555199999,1309.91950000,12,0.00000000,0.00000000,0
2025-02-03 04:00:00,0.0858,0.0858,0.0858,0.0858,226.00000000,1738569599999,19.39080000,1,226.00000000,19.39080000,0
2025-02-03 08:00:00,0.0846,0.0846,0.0846,0.0846,34.00000000,1738583999999,2.87640000,1,0.00000000,0.00000000,0
2025-02-03 12:00:00,0.0846,0.0846,0.0846,0.0846,0.00000000,1738598399999,0.00000000,0,0.00000000,0.00000000,0
2025-02-03 16:00:00,0.0846,0.0846,0.0846,0.0846,0.00000000,1738612799999,0.00000000,0,0.00000000,0.00000000,0
2025-02-03 20:00:00,0.0918,0.0919,0.0918,0.0919,1088.00000000,1738627199999,99.95230000,2,1088.00000000,99.95230000,0
2025-02-04 00:00:00,0.0919,0.0919,0.0919,0.0919,0.00000000,1738641599999,0.00000000,0,0.00000000,0.00000000,0
2025-02-04 04:00:00,0.085,0.085,0.085,0.085,11764.00000000,1738655999999,999.94000000,3,0.00000000,0.00000000,0
2025-02-04 08:00:00,0.085,0.085,0.085,0.085,20.00000000,1738670399999,1.70000000,1,0.00000000,0.00000000,0
2025-02-04 12:00:00,0.085,0.085,0.085,0.085,0.00000000,1738684799999,0.00000000,0,0.00000000,0.00000000,0
2025-02-04 16:00:00,0.0903,0.0903,0.0903,0.0903,121.00000000,1738699199999,10.92630000,1,121.00000000,10.92630000,0
2025-02-04 20:00:00,0.0903,0.0903,0.0903,0.0903,0.00000000,1738713599999,0.00000000,0,0.00000000,0.00000000,0
2025-02-05 00:00:00,0.0903,0.0903,0.0903,0.0903,0.00000000,1738727999999,0.00000000,0,0.00000000,0.00000000,0
2025-02-05 04:00:00,0.0903,0.0903,0.0903,0.0903,0.00000000,1738742399999,0.00000000,0,0.00000000,0.00000000,0
2025-02-05 08:00:00,0.089,0.089,0.089,0.089,12.00000000,1738756799999,1.06800000,1,0.00000000,0.00000000,0
2025-02-05 12:00:00,0.091,0.091,0.091,0.091,84.00000000,1738771199999,7.64400000,1,0.00000000,0.00000000,0
2025-02-05 16:00:00,0.091,0.091,0.091,0.091,0.00000000,1738785599999,0.00000000,0,0.00000000,0.00000000,0
2025-02-05 20:00:00,0.091,0.091,0.091,0.091,0.00000000,1738799999999,0.00000000,0,0.00000000,0.00000000,0
2025-02-06 00:00:00,0.091,0.091,0.091,0.091,0.00000000,1738814399999,0.00000000,0,0.00000000,0.00000000,0
2025-02-06 04:00:00,0.091,0.091,0.091,0.091,0.00000000,1738828799999,0.00000000,0,0.00000000,0.00000000,0
2025-02-06 08:00:00,0.091,0.091,0.091,0.091,0.00000000,1738843199999,0.00000000,0,0.00000000,0.00000000,0
2025-02-06 12:00:00,0.091,0.091,0.091,0.091,0.00000000,1738857599999,0.00000000,0,0.00000000,0.00000000,0
2025-02-06 16:00:00,0.0874,0.0874,0.0874,0.0874,39.00000000,1738871999999,3.40860000,1,39.00000000,3.40860000,0
2025-02-06 20:00:00,0.0874,0.0874,0.0874,0.0874,0.00000000,1738886399999,0.00000000,0,0.00000000,0.00000000,0
2025-02-07 00:00:00,0.0874,0.0874,0.0874,0.0874,0.00000000,1738900799999,0.00000000,0,0.00000000,0.00000000,0
2025-02-07 04:00:00,0.0874,0.0874,0.0874,0.0874,0.00000000,1738915199999,0.00000000,0,0.00000000,0.00000000,0
2025-02-07 08:00:00,0.0874,0.0874,0.0874,0.0874,0.00000000,1738929599999,0.00000000,0,0.00000000,0.00000000,0
2025-02-07 12:00:00,0.0874,0.0874,0.0874,0.0874,0.00000000,1738943999999,0.00000000,0,0.00000000,0.00000000,0
2025-02-07 16:00:00,0.0874,0.0874,0.0874,0.0874,0.00000000,1738958399999,0.00000000,0,0.00000000,0.00000000,0
2025-02-07 20:00:00,0.0874,0.0874,0.0874,0.0874,0.00000000,1738972799999,0.00000000,0,0.00000000,0.00000000,0
2025-02-08 00:00:00,0.0874,0.0874,0.0874,0.0874,0.00000000,1738987199999,0.00000000,0,0.00000000,0.00000000,0
2025-02-08 04:00:00,0.0874,0.0874,0.0874,0.0874,0.00000000,1739001599999,0.00000000,0,0.00000000,0.00000000,0
2025-02-08 08:00:00,0.091,0.091,0.091,0.091,25.00000000,1739015999999,2.27500000,1,0.00000000,0.00000000,0
2025-02-08 12:00:00,0.091,0.091,0.091,0.091,0.00000000,1739030399999,0.00000000,0,0.00000000,0.00000000,0
2025-02-08 16:00:00,0.091,0.091,0.091,0.091,0.00000000,1739044799999,0.00000000,0,0.00000000,0.00000000,0
2025-02-08 20:00:00,0.091,0.091,0.091,0.091,0.00000000,1739059199999,0.00000000,0,0.00000000,0.00000000,0
2025-02-09 00:00:00,0.091,0.091,0.091,0.091,0.00000000,1739073599999,0.00000000,0,0.00000000,0.00000000,0
2025-02-09 04:00:00,0.091,0.091,0.091,0.091,0.00000000,1739087999999,0.00000000,0,0.00000000,0.00000000,0
2025-02-09 08:00:00,0.091,0.091,0.091,0.091,0.00000000,1739102399999,0.00000000,0,0.00000000,0.00000000,0
2025-02-09 12:00:00,0.091,0.091,0.091,0.091,0.00000000,1739116799999,0.00000000,0,0.00000000,0.00000000,0
2025-02-09 16:00:00,0.0915,0.0915,0.0915,0.0915,282.00000000,1739131199999,25.80300000,1,0.00000000,0.00000000,0
2025-02-09 20:00:00,0.0915,0.0915,0.0915,0.0915,0.00000000,1739145599999,0.00000000,0,0.00000000,0.00000000,0
2025-02-10 00:00:00,0.0915,0.0915,0.0915,0.0915,0.00000000,1739159999999,0.00000000,0,0.00000000,0.00000000,0
2025-02-10 04:00:00,0.0915,0.0915,0.0915,0.0915,0.00000000,1739174399999,0.00000000,0,0.00000000,0.00000000,0
2025-02-10 08:00:00,0.0915,0.0915,0.0915,0.0915,0.00000000,1739188799999,0.00000000,0,0.00000000,0.00000000,0
2025-02-10 12:00:00,0.0915,0.0915,0.0915,0.0915,0.00000000,1739203199999,0.00000000,0,0.00000000,0.00000000,0
2025-02-10 16:00:00,0.0915,0.0915,0.0915,0.0915,0.00000000,1739217599999,0.00000000,0,0.00000000,0.00000000,0
2025-02-10 20:00:00,0.0915,0.0915,0.0915,0.0915,0.00000000,1739231999999,0.00000000,0,0.00000000,0.00000000,0
2025-02-11 00:00:00,0.0915,0.0915,0.0915,0.0915,0.00000000,1739246399999,0.00000000,0,0.00000000,0.00000000,0
2025-02-11 04:00:00,0.0915,0.0915,0.0915,0.0915,0.00000000,1739260799999,0.00000000,0,0.00000000,0.00000000,0
2025-02-11 08:00:00,0.0915,0.0915,0.0915,0.0915,0.00000000,1739275199999,0.00000000,0,0.00000000,0.00000000,0
2025-02-11 12:00:00,0.0915,0.0915,0.0915,0.0915,0.00000000,1739289599999,0.00000000,0,0.00000000,0.00000000,0
2025-02-11 16:00:00,0.0915,0.0915,0.0915,0.0915,0.00000000,1739303999999,0.00000000,0,0.00000000,0.00000000,0
2025-02-11 20:00:00,0.0915,0.0915,0.0915,0.0915,0.00000000,1739318399999,0.00000000,0,0.00000000,0.00000000,0
2025-02-12 00:00:00,0.0915,0.0915,0.0915,0.0915,0.00000000,1739332799999,0.00000000,0,0.00000000,0.00000000,0
2025-02-12 04:00:00,0.0915,0.0915,0.0915,0.0915,0.00000000,1739347199999,0.00000000,0,0.00000000,0.00000000,0
2025-02-12 08:00:00,0.0915,0.0915,0.0915,0.0915,0.00000000,1739361599999,0.00000000,0,0.00000000,0.00000000,0
2025-02-12 12:00:00,0.0915,0.0915,0.0915,0.0915,0.00000000,1739375999999,0.00000000,0,0.00000000,0.00000000,0
2025-02-12 16:00:00,0.0915,0.0915,0.0915,0.0915,0.00000000,1739390399999,0.00000000,0,0.00000000,0.00000000,0
2025-02-12 20:00:00,0.0915,0.0915,0.0915,0.0915,0.00000000,1739404799999,0.00000000,0,0.00000000,0.00000000,0
2025-02-13 00:00:00,0.0915,0.0915,0.0915,0.0915,0.00000000,1739419199999,0.00000000,0,0.00000000,0.00000000,0
2025-02-13 04:00:00,0.0915,0.0915,0.0915,0.0915,0.00000000,1739433599999,0.00000000,0,0.00000000,0.00000000,0
2025-02-13 08:00:00,0.0915,0.0915,0.0915,0.0915,0.00000000,1739447999999,0.00000000,0,0.00000000,0.00000000,0
2025-02-13 12:00:00,0.0915,0.0915,0.0915,0.0915,0.00000000,1739462399999,0.00000000,0,0.00000000,0.00000000,0
2025-02-13 16:00:00,0.0958,0.0975,0.0958,0.0975,44.00000000,1739476799999,4.25940000,2,26.00000000,2.53500000,0
2025-02-13 20:00:00,0.0972,0.0972,0.0972,0.0972,262.00000000,1739491199999,25.46640000,1,262.00000000,25.46640000,0
2025-02-14 00:00:00,0.0972,0.0972,0.0972,0.0972,0.00000000,1739505599999,0.00000000,0,0.00000000,0.00000000,0
2025-02-14 04:00:00,0.0972,0.0972,0.0972,0.0972,0.00000000,1739519999999,0.00000000,0,0.00000000,0.00000000,0
2025-02-14 08:00:00,0.0988,0.0995,0.0988,0.0995,59.00000000,1739534399999,5.84670000,2,0.00000000,0.00000000,0
2025-02-14 12:00:00,0.0995,0.0995,0.0995,0.0995,0.00000000,1739548799999,0.00000000,0,0.00000000,0.00000000,0
2025-02-14 16:00:00,0.1005,0.1005,0.1005,0.1005,1957.00000000,1739563199999,196.67850000,1,0.00000000,0.00000000,0
2025-02-14 20:00:00,0.1005,0.1005,0.1005,0.1005,0.00000000,1739577599999,0.00000000,0,0.00000000,0.00000000,0
2025-02-15 00:00:00,0.1005,0.1005,0.1005,0.1005,0.00000000,1739591999999,0.00000000,0,0.00000000,0.00000000,0
2025-02-15 04:00:00,0.1005,0.1005,0.1005,0.1005,0.00000000,1739606399999,0.00000000,0,0.00000000,0.00000000,0
2025-02-15 08:00:00,0.1005,0.1005,0.1005,0.1005,0.00000000,1739620799999,0.00000000,0,0.00000000,0.00000000,0
2025-02-15 12:00:00,0.1005,0.1005,0.1005,0.1005,0.00000000,1739635199999,0.00000000,0,0.00000000,0.00000000,0
2025-02-15 16:00:00,0.1005,0.1005,0.1005,0.1005,0.00000000,1739649599999,0.00000000,0,0.00000000,0.00000000,0
2025-02-15 20:00:00,0.1005,0.1005,0.1005,0.1005,0.00000000,1739663999999,0.00000000,0,0.00000000,0.00000000,0
2025-02-16 00:00:00,0.1005,0.1005,0.1005,0.1005,0.00000000,1739678399999,0.00000000,0,0.00000000,0.00000000,0
2025-02-16 04:00:00,0.1005,0.1005,0.1005,0.1005,0.00000000,1739692799999,0.00000000,0,0.00000000,0.00000000,0
2025-02-16 08:00:00,0.1005,0.1005,0.1005,0.1005,0.00000000,1739707199999,0.00000000,0,0.00000000,0.00000000,0
2025-02-16 12:00:00,0.1014,0.1014,0.1014,0.1014,125.00000000,1739721599999,12.67500000,1,125.00000000,12.67500000,0
2025-02-16 16:00:00,0.1,0.1,0.1,0.1,10.00000000,1739735999999,1.00000000,1,0.00000000,0.00000000,0
2025-02-16 20:00:00,0.1,0.1,0.1,0.1,0.00000000,1739750399999,0.00000000,0,0.00000000,0.00000000,0
2025-02-17 00:00:00,0.1,0.1,0.1,0.1,0.00000000,1739764799999,0.00000000,0,0.00000000,0.00000000,0
2025-02-17 04:00:00,0.1,0.1,0.1,0.1,0.00000000,1739779199999,0.00000000,0,0.00000000,0.00000000,0
2025-02-17 08:00:00,0.1,0.1,0.1,0.1,0.00000000,1739793599999,0.00000000,0,0.00000000,0.00000000,0
2025-02-17 12:00:00,0.1031,0.1031,0.1031,0.1031,10.00000000,1739807999999,1.03100000,1,10.00000000,1.03100000,0
2025-02-17 16:00:00,0.1031,0.1031,0.1031,0.1031,0.00000000,1739822399999,0.00000000,0,0.00000000,0.00000000,0
2025-02-17 20:00:00,0.1031,0.1031,0.1031,0.1031,0.00000000,1739836799999,0.00000000,0,0.00000000,0.00000000,0
2025-02-18 00:00:00,0.1031,0.1031,0.1031,0.1031,0.00000000,1739851199999,0.00000000,0,0.00000000,0.00000000,0
2025-02-18 04:00:00,0.1031,0.1031,0.1031,0.1031,0.00000000,1739865599999,0.00000000,0,0.00000000,0.00000000,0
2025-02-18 08:00:00,0.1031,0.1031,0.1031,0.1031,0.00000000,1739879999999,0.00000000,0,0.00000000,0.00000000,0
2025-02-18 12:00:00,0.1031,0.1031,0.1031,0.1031,0.00000000,1739894399999,0.00000000,0,0.00000000,0.00000000,0
2025-02-18 16:00:00,0.1031,0.1031,0.1031,0.1031,0.00000000,1739908799999,0.00000000,0,0.00000000,0.00000000,0
2025-02-18 20:00:00,0.095,0.095,0.0945,0.0945,2791.00000000,1739923199999,263.75700000,2,0.00000000,0.00000000,0
2025-02-19 00:00:00,0.0945,0.0945,0.0945,0.0945,0.00000000,1739937599999,0.00000000,0,0.00000000,0.00000000,0
2025-02-19 04:00:00,0.0945,0.0945,0.0945,0.0945,0.00000000,1739951999999,0.00000000,0,0.00000000,0.00000000,0
2025-02-19 08:00:00,0.0945,0.0945,0.0945,0.0945,0.00000000,1739966399999,0.00000000,0,0.00000000,0.00000000,0
2025-02-19 12:00:00,0.0945,0.0945,0.0945,0.0945,0.00000000,1739980799999,0.00000000,0,0.00000000,0.00000000,0
2025-02-19 16:00:00,0.0945,0.0945,0.0945,0.0945,0.00000000,1739995199999,0.00000000,0,0.00000000,0.00000000,0
2025-02-19 20:00:00,0.0945,0.0945,0.0945,0.0945,0.00000000,1740009599999,0.00000000,0,0.00000000,0.00000000,0
2025-02-20 00:00:00,0.0945,0.0945,0.0945,0.0945,0.00000000,1740023999999,0.00000000,0,0.00000000,0.00000000,0
2025-02-20 04:00:00,0.0945,0.0945,0.0945,0.0945,0.00000000,1740038399999,0.00000000,0,0.00000000,0.00000000,0
2025-02-20 08:00:00,0.0945,0.0945,0.0945,0.0945,0.00000000,1740052799999,0.00000000,0,0.00000000,0.00000000,0
2025-02-20 12:00:00,0.0945,0.0945,0.0945,0.0945,0.00000000,1740067199999,0.00000000,0,0.00000000,0.00000000,0
2025-02-20 16:00:00,0.0945,0.0945,0.0945,0.0945,0.00000000,1740081599999,0.00000000,0,0.00000000,0.00000000,0
2025-02-20 20:00:00,0.0945,0.0945,0.0945,0.0945,0.00000000,1740095999999,0.00000000,0,0.00000000,0.00000000,0
2025-02-21 00:00:00,0.0945,0.0945,0.0945,0.0945,0.00000000,1740110399999,0.00000000,0,0.00000000,0.00000000,0
2025-02-21 04:00:00,0.0945,0.0945,0.0945,0.0945,0.00000000,1740124799999,0.00000000,0,0.00000000,0.00000000,0
2025-02-21 08:00:00,0.0945,0.0945,0.0945,0.0945,0.00000000,1740139199999,0.00000000,0,0.00000000,0.00000000,0
2025-02-21 12:00:00,0.1012,0.1012,0.1012,0.1012,10.00000000,1740153599999,1.01200000,1,10.00000000,1.01200000,0
2025-02-21 16:00:00,0.1012,0.1012,0.1012,0.1012,0.00000000,1740167999999,0.00000000,0,0.00000000,0.00000000,0
2025-02-21 20:00:00,0.1,0.1,0.1,0.1,600.00000000,1740182399999,60.00000000,1,0.00000000,0.00000000,0
2025-02-22 00:00:00,0.0996,0.0996,0.0996,0.0996,472.00000000,1740196799999,47.01120000,1,0.00000000,0.00000000,0
2025-02-22 04:00:00,0.0996,0.0996,0.0996,0.0996,0.00000000,1740211199999,0.00000000,0,0.00000000,0.00000000,0
2025-02-22 08:00:00,0.1123,0.1225,0.1123,0.1218,472.00000000,1740225599999,57.57310000,3,217.00000000,26.33560000,0
2025-02-22 12:00:00,0.1071,0.1071,0.1071,0.1071,1870.00000000,1740239999999,200.27700000,1,0.00000000,0.00000000,0
2025-02-22 16:00:00,0.1046,0.1046,0.1046,0.1046,1890.00000000,1740254399999,197.69400000,2,1890.00000000,197.69400000,0
2025-02-22 20:00:00,0.1046,0.1046,0.1046,0.1046,0.00000000,1740268799999,0.00000000,0,0.00000000,0.00000000,0
2025-02-23 00:00:00,0.1046,0.1046,0.1046,0.1046,0.00000000,1740283199999,0.00000000,0,0.00000000,0.00000000,0
2025-02-23 04:00:00,0.1046,0.1046,0.1046,0.1046,0.00000000,1740297599999,0.00000000,0,0.00000000,0.00000000,0
2025-02-23 08:00:00,0.1018,0.1018,0.1018,0.1018,175.00000000,1740311999999,17.81500000,1,0.00000000,0.00000000,0
2025-02-23 12:00:00,0.104,0.104,0.104,0.104,260.00000000,1740326399999,27.04000000,1,260.00000000,27.04000000,0
2025-02-23 16:00:00,0.104,0.104,0.104,0.104,0.00000000,1740340799999,0.00000000,0,0.00000000,0.00000000,0
2025-02-23 20:00:00,0.104,0.104,0.104,0.104,0.00000000,1740355199999,0.00000000,0,0.00000000,0.00000000,0
2025-02-24 00:00:00,0.104,0.104,0.104,0.104,0.00000000,1740369599999,0.00000000,0,0.00000000,0.00000000,0
2025-02-24 04:00:00,0.104,0.104,0.104,0.104,0.00000000,1740383999999,0.00000000,0,0.00000000,0.00000000,0
2025-02-24 08:00:00,0.104,0.104,0.104,0.104,0.00000000,1740398399999,0.00000000,0,0.00000000,0.00000000,0
2025-02-24 12:00:00,0.1047,0.1047,0.1047,0.1047,1869.00000000,1740412799999,195.68430000,1,0.00000000,0.00000000,0
2025-02-24 16:00:00,0.1118,0.1118,0.1075,0.1075,5398.00000000,1740427199999,590.69360000,7,2182.00000000,239.73710000,0
2025-02-24 20:00:00,0.105,0.105,0.105,0.105,527.00000000,1740441599999,55.33500000,1,527.00000000,55.33500000,0
2025-02-25 00:00:00,0.107,0.111,0.1019,0.1094,1701.00000000,1740455999999,181.08920000,9,390.00000000,42.14430000,0
2025-02-25 04:00:00,0.1094,0.1094,0.1094,0.1094,0.00000000,1740470399999,0.00000000,0,0.00000000,0.00000000,0
2025-02-25 08:00:00,0.1094,0.1094,0.1094,0.1094,0.00000000,1740484799999,0.00000000,0,0.00000000,0.00000000,0
2025-02-25 12:00:00,0.1108,0.1108,0.1108,0.1108,83.00000000,1740499199999,9.19640000,1,83.00000000,9.19640000,0
2025-02-25 16:00:00,0.1108,0.1108,0.1108,0.1108,0.00000000,1740513599999,0.00000000,0,0.00000000,0.00000000,0
2025-02-25 20:00:00,0.1108,0.1108,0.1108,0.1108,0.00000000,1740527999999,0.00000000,0,0.00000000,0.00000000,0
2025-02-26 00:00:00,0.1108,0.1108,0.1108,0.1108,0.00000000,1740542399999,0.00000000,0,0.00000000,0.00000000,0
2025-02-26 04:00:00,0.1108,0.1108,0.1108,0.1108,0.00000000,1740556799999,0.00000000,0,0.00000000,0.00000000,0
2025-02-26 08:00:00,0.11,0.11,0.11,0.11,38.00000000,1740571199999,4.18000000,1,0.00000000,0.00000000,0
2025-02-26 12:00:00,0.11,0.11,0.11,0.11,0.00000000,1740585599999,0.00000000,0,0.00000000,0.00000000,0
2025-02-26 16:00:00,0.11,0.11,0.11,0.11,0.00000000,1740599999999,0.00000000,0,0.00000000,0.00000000,0
2025-02-26 20:00:00,0.11,0.11,0.11,0.11,27.00000000,1740614399999,2.97000000,1,27.00000000,2.97000000,0
2025-02-27 00:00:00,0.11,0.11,0.11,0.11,0.00000000,1740628799999,0.00000000,0,0.00000000,0.00000000,0
2025-02-27 04:00:00,0.11,0.11,0.11,0.11,0.00000000,1740643199999,0.00000000,0,0.00000000,0.00000000,0
2025-02-27 08:00:00,0.11,0.11,0.11,0.11,0.00000000,1740657599999,0.00000000,0,0.00000000,0.00000000,0
2025-02-27 12:00:00,0.11,0.11,0.11,0.11,0.00000000,1740671999999,0.00000000,0,0.00000000,0.00000000,0
2025-02-27 16:00:00,0.1081,0.1081,0.1081,0.1081,45.00000000,1740686399999,4.86450000,1,0.00000000,0.00000000,0
2025-02-27 20:00:00,0.1081,0.1081,0.1081,0.1081,0.00000000,1740700799999,0.00000000,0,0.00000000,0.00000000,0
2025-02-28 00:00:00,0.1081,0.1081,0.1081,0.1081,0.00000000,1740715199999,0.00000000,0,0.00000000,0.00000000,0
2025-02-28 04:00:00,0.1081,0.1081,0.1081,0.1081,0.00000000,1740729599999,0.00000000,0,0.00000000,0.00000000,0
2025-02-28 08:00:00,0.1081,0.1081,0.1081,0.1081,0.00000000,1740743999999,0.00000000,0,0.00000000,0.00000000,0
2025-02-28 12:00:00,0.1081,0.1081,0.1081,0.1081,0.00000000,1740758399999,0.00000000,0,0.00000000,0.00000000,0
2025-02-28 16:00:00,0.1081,0.1081,0.1081,0.1081,0.00000000,1740772799999,0.00000000,0,0.00000000,0.00000000,0
2025-02-28 20:00:00,0.09,0.09,0.09,0.09,260.00000000,1740787199999,23.40000000,2,0.00000000,0.00000000,0
2025-03-01 00:00:00,0.1089,0.1094,0.1089,0.1094,43.00000000,1740801599999,4.69020000,2,43.00000000,4.69020000,0
2025-03-01 04:00:00,0.1094,0.1094,0.1094,0.1094,0.00000000,1740815999999,0.00000000,0,0.00000000,0.00000000,0
2025-03-01 08:00:00,0.1094,0.1094,0.1094,0.1094,0.00000000,1740830399999,0.00000000,0,0.00000000,0.00000000,0
2025-03-01 12:00:00,0.1094,0.1094,0.1094,0.1094,0.00000000,1740844799999,0.00000000,0,0.00000000,0.00000000,0
2025-03-01 16:00:00,0.1106,0.1121,0.1106,0.1111,2873.00000000,1740859199999,321.42440000,4,2285.00000000,256.09760000,0
2025-03-01 20:00:00,0.1143,0.1143,0.1143,0.1143,87.00000000,1740873599999,9.94410000,1,87.00000000,9.94410000,0
2025-03-02 00:00:00,0.1143,0.1143,0.1143,0.1143,0.00000000,1740887999999,0.00000000,0,0.00000000,0.00000000,0
2025-03-02 04:00:00,0.118,0.1255,0.1161,0.1161,7137.00000000,1740902399999,874.41450000,20,6811.00000000,835.58790000,0
2025-03-02 08:00:00,0.1161,0.1161,0.1161,0.1161,0.00000000,1740916799999,0.00000000,0,0.00000000,0.00000000,0
2025-03-02 12:00:00,0.1161,0.1161,0.1161,0.1161,0.00000000,1740931199999,0.00000000,0,0.00000000,0.00000000,0
2025-03-02 16:00:00,0.1117,0.1143,0.1117,0.1143,384.00000000,1740945599999,42.97300000,3,27.00000000,3.08610000,0
2025-03-02 20:00:00,0.1143,0.1143,0.1143,0.1143,0.00000000,1740959999999,0.00000000,0,0.00000000,0.00000000,0
2025-03-03 00:00:00,0.1136,0.1136,0.1136,0.1136,27.00000000,1740974399999,3.06720000,1,0.00000000,0.00000000,0
2025-03-03 04:00:00,0.1111,0.1111,0.1111,0.1111,939.00000000,1740988799999,104.32290000,1,0.00000000,0.00000000,0
2025-03-03 08:00:00,0.1111,0.1111,0.1111,0.1111,0.00000000,1741003199999,0.00000000,0,0.00000000,0.00000000,0
2025-03-03 12:00:00,0.1111,0.1111,0.1111,0.1111,0.00000000,1741017599999,0.00000000,0,0.00000000,0.00000000,0
2025-03-03 16:00:00,0.1111,0.1111,0.1111,0.1111,0.00000000,1741031999999,0.00000000,0,0.00000000,0.00000000,0
2025-03-03 20:00:00,0.1111,0.1111,0.1111,0.1111,0.00000000,1741046399999,0.00000000,0,0.00000000,0.00000000,0
2025-03-04 00:00:00,0.1124,0.1242,0.1124,0.1147,2482.00000000,1741060799999,295.14330000,9,769.00000000,90.07730000,0
2025-03-04 04:00:00,0.1219,0.1219,0.1158,0.1158,3960.00000000,1741075199999,472.33430000,10,2874.00000000,343.22190000,0
2025-03-04 08:00:00,0.1191,0.1208,0.1191,0.1198,526.00000000,1741089599999,62.78630000,3,131.00000000,15.74180000,0
2025-03-04 12:00:00,0.1198,0.1198,0.1198,0.1198,0.00000000,1741103999999,0.00000000,0,0.00000000,0.00000000,0
2025-03-04 16:00:00,0.1213,0.1213,0.1213,0.1213,25.00000000,1741118399999,3.03250000,1,25.00000000,3.03250000,0
2025-03-04 20:00:00,0.1278,0.1278,0.1278,0.1278,23.00000000,1741132799999,2.93940000,1,23.00000000,2.93940000,0
2025-03-05 00:00:00,0.1219,0.1219,0.1182,0.1182,1315.00000000,1741147199999,156.43420000,3,196.00000000,23.89240000,0
2025-03-05 04:00:00,0.1097,0.1097,0.1097,0.1097,1860.00000000,1741161599999,204.04200000,1,0.00000000,0.00000000,0
2025-03-05 08:00:00,0.1103,0.1103,0.1103,0.1103,27.00000000,1741175999999,2.97810000,1,0.00000000,0.00000000,0
2025-03-05 12:00:00,0.1103,0.1103,0.1101,0.1101,4000.00000000,1741190399999,440.50860000,2,0.00000000,0.00000000,0
2025-03-05 16:00:00,0.1101,0.1101,0.1101,0.1101,18.00000000,1741204799999,1.98180000,1,0.00000000,0.00000000,0
2025-03-05 20:00:00,0.1101,0.1101,0.1101,0.1101,0.00000000,1741219199999,0.00000000,0,0.00000000,0.00000000,0
2025-03-06 00:00:00,0.1101,0.1101,0.1101,0.1101,0.00000000,1741233599999,0.00000000,0,0.00000000,0.00000000,0
2025-03-06 04:00:00,0.1158,0.1158,0.1153,0.1153,204.00000000,1741247999999,23.61520000,2,0.00000000,0.00000000,0
2025-03-06 08:00:00,0.1153,0.1153,0.1153,0.1153,0.00000000,1741262399999,0.00000000,0,0.00000000,0.00000000,0
2025-03-06 12:00:00,0.1153,0.1153,0.1153,0.1153,0.00000000,1741276799999,0.00000000,0,0.00000000,0.00000000,0
2025-03-06 16:00:00,0.1153,0.1153,0.1153,0.1153,0.00000000,1741291199999,0.00000000,0,0.00000000,0.00000000,0
2025-03-06 20:00:00,0.1153,0.1153,0.1153,0.1153,0.00000000,1741305599999,0.00000000,0,0.00000000,0.00000000,0
2025-03-07 00:00:00,0.1153,0.1153,0.1153,0.1153,0.00000000,1741319999999,0.00000000,0,0.00000000,0.00000000,0
2025-03-07 04:00:00,0.1153,0.1153,0.1153,0.1153,0.00000000,1741334399999,0.00000000,0,0.00000000,0.00000000,0
2025-03-07 08:00:00,0.1153,0.1153,0.1153,0.1153,0.00000000,1741348799999,0.00000000,0,0.00000000,0.00000000,0
2025-03-07 12:00:00,0.1153,0.1153,0.1153,0.1153,0.00000000,1741363199999,0.00000000,0,0.00000000,0.00000000,0
2025-03-07 16:00:00,0.1153,0.1153,0.1153,0.1153,0.00000000,1741377599999,0.00000000,0,0.00000000,0.00000000,0
2025-03-07 20:00:00,0.1153,0.1153,0.1153,0.1153,0.00000000,1741391999999,0.00000000,0,0.00000000,0.00000000,0
2025-03-08 00:00:00,0.1153,0.1153,0.1153,0.1153,0.00000000,1741406399999,0.00000000,0,0.00000000,0.00000000,0
2025-03-08 04:00:00,0.1153,0.1153,0.1153,0.1153,0.00000000,1741420799999,0.00000000,0,0.00000000,0.00000000,0
2025-03-08 08:00:00,0.1153,0.1153,0.1153,0.1153,0.00000000,1741435199999,0.00000000,0,0.00000000,0.00000000,0
2025-03-08 12:00:00,0.1153,0.1153,0.1153,0.1153,0.00000000,1741449599999,0.00000000,0,0.00000000,0.00000000,0
2025-03-08 16:00:00,0.1153,0.1153,0.1153,0.1153,0.00000000,1741463999999,0.00000000,0,0.00000000,0.00000000,0
2025-03-08 20:00:00,0.1153,0.1153,0.1153,0.1153,0.00000000,1741478399999,0.00000000,0,0.00000000,0.00000000,0
2025-03-09 00:00:00,0.1153,0.1153,0.1153,0.1153,0.00000000,1741492799999,0.00000000,0,0.00000000,0.00000000,0
2025-03-09 04:00:00,0.1153,0.1153,0.1153,0.1153,0.00000000,1741507199999,0.00000000,0,0.00000000,0.00000000,0
2025-03-09 08:00:00,0.1167,0.117,0.1167,0.117,508.00000000,1741521599999,59.29710000,2,45.00000000,5.26500000,0
2025-03-09 12:00:00,0.117,0.117,0.117,0.117,0.00000000,1741535999999,0.00000000,0,0.00000000,0.00000000,0
2025-03-09 16:00:00,0.1186,0.1186,0.1186,0.1186,422.00000000,1741550399999,50.04920000,1,422.00000000,50.04920000,0
2025-03-09 20:00:00,0.11,0.11,0.1099,0.1099,806.00000000,1741564799999,88.62440000,2,0.00000000,0.00000000,0
2025-03-10 00:00:00,0.1099,0.1099,0.1099,0.1099,0.00000000,1741579199999,0.00000000,0,0.00000000,0.00000000,0
2025-03-10 04:00:00,0.1099,0.1099,0.1099,0.1099,0.00000000,1741593599999,0.00000000,0,0.00000000,0.00000000,0
2025-03-10 08:00:00,0.1104,0.1104,0.1104,0.1104,44.00000000,1741607999999,4.85760000,1,0.00000000,0.00000000,0
2025-03-10 12:00:00,0.1104,0.1104,0.1104,0.1104,0.00000000,1741622399999,0.00000000,0,0.00000000,0.00000000,0
2025-03-10 16:00:00,0.1104,0.1104,0.1104,0.1104,0.00000000,1741636799999,0.00000000,0,0.00000000,0.00000000,0
2025-03-10 20:00:00,0.1154,0.1162,0.115,0.115,271.00000000,1741651199999,31.34740000,3,271.00000000,31.34740000,0
2025-03-11 00:00:00,0.1118,0.1118,0.1117,0.1118,2332.00000000,1741665599999,260.53220000,3,0.00000000,0.00000000,0
2025-03-11 04:00:00,0.1135,0.1142,0.1135,0.1142,70.00000000,1741679999999,7.96950000,2,70.00000000,7.96950000,0
2025-03-11 08:00:00,0.1142,0.1142,0.1142,0.1142,0.00000000,1741694399999,0.00000000,0,0.00000000,0.00000000,0
2025-03-11 12:00:00,0.1142,0.1142,0.1142,0.1142,0.00000000,1741708799999,0.00000000,0,0.00000000,0.00000000,0
2025-03-11 16:00:00,0.1118,0.1118,0.1118,0.1118,36.00000000,1741723199999,4.02480000,1,0.00000000,0.00000000,0
2025-03-11 20:00:00,0.1118,0.1118,0.1118,0.1118,0.00000000,1741737599999,0.00000000,0,0.00000000,0.00000000,0
2025-03-12 00:00:00,0.1118,0.1118,0.1118,0.1118,0.00000000,1741751999999,0.00000000,0,0.00000000,0.00000000,0
2025-03-12 04:00:00,0.111,0.111,0.111,0.111,4504.00000000,1741766399999,499.94400000,2,0.00000000,0.00000000,0
2025-03-12 08:00:00,0.111,0.111,0.111,0.111,0.00000000,1741780799999,0.00000000,0,0.00000000,0.00000000,0
2025-03-12 12:00:00,0.1103,0.1103,0.1103,0.1103,80.00000000,1741795199999,8.82400000,1,0.00000000,0.00000000,0
2025-03-12 16:00:00,0.1103,0.1103,0.1103,0.1103,0.00000000,1741809599999,0.00000000,0,0.00000000,0.00000000,0
2025-03-12 20:00:00,0.1097,0.1097,0.1097,0.1097,870.00000000,1741823999999,95.43900000,1,0.00000000,0.00000000,0
2025-03-13 00:00:00,0.1097,0.1097,0.1097,0.1097,0.00000000,1741838399999,0.00000000,0,0.00000000,0.00000000,0
2025-03-13 04:00:00,0.1097,0.1097,0.1097,0.1097,0.00000000,1741852799999,0.00000000,0,0.00000000,0.00000000,0
2025-03-13 08:00:00,0.1109,0.1109,0.1109,0.1109,29.00000000,1741867199999,3.21610000,1,0.00000000,0.00000000,0
2025-03-13 12:00:00,0.1092,0.1092,0.1092,0.1092,3855.00000000,1741881599999,420.96600000,3,0.00000000,0.00000000,0
2025-03-13 16:00:00,0.1092,0.1092,0.1092,0.1092,0.00000000,1741895999999,0.00000000,0,0.00000000,0.00000000,0
2025-03-13 20:00:00,0.1092,0.1092,0.1092,0.1092,0.00000000,1741910399999,0.00000000,0,0.00000000,0.00000000,0
2025-03-14 00:00:00,0.1095,0.1095,0.1095,0.1095,1201.00000000,1741924799999,131.50950000,1,0.00000000,0.00000000,0
2025-03-14 04:00:00,0.1095,0.1095,0.1095,0.1095,0.00000000,1741939199999,0.00000000,0,0.00000000,0.00000000,0
2025-03-14 08:00:00,0.1114,0.1114,0.1114,0.1114,113.00000000,1741953599999,12.58820000,1,0.00000000,0.00000000,0
2025-03-14 12:00:00,0.1114,0.1114,0.1114,0.1114,0.00000000,1741967999999,0.00000000,0,0.00000000,0.00000000,0
2025-03-14 16:00:00,0.1114,0.1114,0.1114,0.1114,0.00000000,1741982399999,0.00000000,0,0.00000000,0.00000000,0
2025-03-14 20:00:00,0.1114,0.1114,0.1114,0.1114,0.00000000,1741996799999,0.00000000,0,0.00000000,0.00000000,0
2025-03-15 00:00:00,0.1116,0.1116,0.1116,0.1116,9.00000000,1742011199999,1.00440000,1,9.00000000,1.00440000,0
2025-03-15 04:00:00,0.1116,0.1116,0.1116,0.1116,0.00000000,1742025599999,0.00000000,0,0.00000000,0.00000000,0
2025-03-15 08:00:00,0.1116,0.1116,0.1116,0.1116,0.00000000,1742039999999,0.00000000,0,0.00000000,0.00000000,0
2025-03-15 12:00:00,0.1116,0.1116,0.1116,0.1116,0.00000000,1742054399999,0.00000000,0,0.00000000,0.00000000,0
2025-03-15 16:00:00,0.1088,0.1088,0.1088,0.1088,1838.00000000,1742068799999,199.97440000,1,0.00000000,0.00000000,0
2025-03-15 20:00:00,0.1088,0.1088,0.1088,0.1088,0.00000000,1742083199999,0.00000000,0,0.00000000,0.00000000,0
2025-03-16 00:00:00,0.1118,0.1118,0.1118,0.1118,50.00000000,1742097599999,5.59000000,3,50.00000000,5.59000000,0
2025-03-16 04:00:00,0.1118,0.1118,0.1118,0.1118,0.00000000,1742111999999,0.00000000,0,0.00000000,0.00000000,0
2025-03-16 08:00:00,0.1113,0.1114,0.1113,0.1114,385.00000000,1742126399999,42.87540000,2,0.00000000,0.00000000,0
2025-03-16 12:00:00,0.1114,0.1114,0.1114,0.1114,0.00000000,1742140799999,0.00000000,0,0.00000000,0.00000000,0
2025-03-16 16:00:00,0.1114,0.1114,0.1114,0.1114,0.00000000,1742155199999,0.00000000,0,0.00000000,0.00000000,0
2025-03-16 20:00:00,0.1114,0.1114,0.1114,0.1114,0.00000000,1742169599999,0.00000000,0,0.00000000,0.00000000,0
2025-03-17 00:00:00,0.1114,0.1114,0.1114,0.1114,0.00000000,1742183999999,0.00000000,0,0.00000000,0.00000000,0
2025-03-17 04:00:00,0.1089,0.1089,0.1083,0.1083,37449.00000000,1742198399999,4061.41700000,17,26449.00000000,2867.42310000,0
2025-03-17 08:00:00,0.1083,0.1083,0.1083,0.1083,0.00000000,1742212799999,0.00000000,0,0.00000000,0.00000000,0
2025-03-17 12:00:00,0.1083,0.1083,0.1083,0.1083,0.00000000,1742227199999,0.00000000,0,0.00000000,0.00000000,0
2025-03-17 16:00:00,0.1083,0.1083,0.1083,0.1083,0.00000000,1742241599999,0.00000000,0,0.00000000,0.00000000,0
2025-03-17 20:00:00,0.1121,0.1121,0.1121,0.1121,565.00000000,1742255999999,63.33650000,1,565.00000000,63.33650000,0
2025-03-18 00:00:00,0.1091,0.1091,0.1083,0.1083,9975.00000000,1742270399999,1083.55090000,4,5359.00000000,580.37970000,0
2025-03-18 04:00:00,0.1083,0.1083,0.1083,0.1083,0.00000000,1742284799999,0.00000000,0,0.00000000,0.00000000,0
2025-03-18 08:00:00,0.1083,0.1083,0.1083,0.1083,0.00000000,1742299199999,0.00000000,0,0.00000000,0.00000000,0
2025-03-18 12:00:00,0.1083,0.1083,0.1083,0.1083,0.00000000,1742313599999,0.00000000,0,0.00000000,0.00000000,0
2025-03-18 16:00:00,0.1083,0.1083,0.1083,0.1083,0.00000000,1742327999999,0.00000000,0,0.00000000,0.00000000,0
2025-03-18 20:00:00,0.1083,0.1083,0.1083,0.1083,0.00000000,1742342399999,0.00000000,0,0.00000000,0.00000000,0
2025-03-19 00:00:00,0.1083,0.1083,0.1083,0.1083,0.00000000,1742356799999,0.00000000,0,0.00000000,0.00000000,0
2025-03-19 04:00:00,0.1083,0.1083,0.1083,0.1083,0.00000000,1742371199999,0.00000000,0,0.00000000,0.00000000,0
2025-03-19 08:00:00,0.1083,0.1083,0.1083,0.1083,0.00000000,1742385599999,0.00000000,0,0.00000000,0.00000000,0
2025-03-19 12:00:00,0.1083,0.1083,0.1083,0.1083,0.00000000,1742399999999,0.00000000,0,0.00000000,0.00000000,0
2025-03-19 16:00:00,0.1083,0.1083,0.1083,0.1083,0.00000000,1742414399999,0.00000000,0,0.00000000,0.00000000,0
2025-03-19 20:00:00,0.1083,0.1083,0.1083,0.1083,0.00000000,1742428799999,0.00000000,0,0.00000000,0.00000000,0
2025-03-20 00:00:00,0.1094,0.1094,0.1094,0.1094,2512.00000000,1742443199999,274.81280000,1,0.00000000,0.00000000,0
2025-03-20 04:00:00,0.1094,0.1094,0.1094,0.1094,0.00000000,1742457599999,0.00000000,0,0.00000000,0.00000000,0
2025-03-20 08:00:00,0.11,0.11,0.11,0.11,561.00000000,1742471999999,61.71000000,1,0.00000000,0.00000000,0
2025-03-20 12:00:00,0.11,0.11,0.11,0.11,0.00000000,1742486399999,0.00000000,0,0.00000000,0.00000000,0
2025-03-20 16:00:00,0.11,0.11,0.11,0.11,0.00000000,1742500799999,0.00000000,0,0.00000000,0.00000000,0
2025-03-20 20:00:00,0.11,0.11,0.11,0.11,0.00000000,1742515199999,0.00000000,0,0.00000000,0.00000000,0
2025-03-21 00:00:00,0.0988,0.0988,0.05,0.05,7581.00000000,1742529599999,638.06080000,12,0.00000000,0.00000000,0
2025-03-21 04:00:00,0.05,0.05,0.05,0.05,0.00000000,1742543999999,0.00000000,0,0.00000000,0.00000000,0
2025-03-21 08:00:00,0.05,0.05,0.05,0.05,0.00000000,1742558399999,0.00000000,0,0.00000000,0.00000000,0
2025-03-21 12:00:00,0.05,0.05,0.05,0.05,0.00000000,1742572799999,0.00000000,0,0.00000000,0.00000000,0
2025-03-21 16:00:00,0.05,0.05,0.05,0.05,0.00000000,1742587199999,0.00000000,0,0.00000000,0.00000000,0
2025-03-21 20:00:00,0.05,0.05,0.05,0.05,0.00000000,1742601599999,0.00000000,0,0.00000000,0.00000000,0
2025-03-22 00:00:00,0.05,0.05,0.05,0.05,0.00000000,1742615999999,0.00000000,0,0.00000000,0.00000000,0
2025-03-22 04:00:00,0.05,0.05,0.05,0.05,0.00000000,1742630399999,0.00000000,0,0.00000000,0.00000000,0
2025-03-22 08:00:00,0.0751,0.0751,0.0751,0.0751,22.00000000,1742644799999,1.65220000,1,0.00000000,0.00000000,0
2025-03-22 12:00:00,0.0751,0.0751,0.0751,0.0751,0.00000000,1742659199999,0.00000000,0,0.00000000,0.00000000,0
2025-03-22 16:00:00,0.0751,0.0751,0.0751,0.0751,0.00000000,1742673599999,0.00000000,0,0.00000000,0.00000000,0
2025-03-22 20:00:00,0.0751,0.0751,0.0751,0.0751,0.00000000,1742687999999,0.00000000,0,0.00000000,0.00000000,0
2025-03-23 00:00:00,0.0751,0.0751,0.0751,0.0751,0.00000000,1742702399999,0.00000000,0,0.00000000,0.00000000,0
2025-03-23 04:00:00,0.0751,0.0751,0.0751,0.0751,0.00000000,1742716799999,0.00000000,0,0.00000000,0.00000000,0
2025-03-23 08:00:00,0.0751,0.0751,0.0751,0.0751,0.00000000,1742731199999,0.00000000,0,0.00000000,0.00000000,0
2025-03-23 12:00:00,0.0751,0.0751,0.0751,0.0751,0.00000000,1742745599999,0.00000000,0,0.00000000,0.00000000,0
2025-03-23 16:00:00,0.0751,0.0751,0.0751,0.0751,0.00000000,1742759999999,0.00000000,0,0.00000000,0.00000000,0
2025-03-23 20:00:00,0.0751,0.0751,0.0751,0.0751,0.00000000,1742774399999,0.00000000,0,0.00000000,0.00000000,0
2025-03-24 00:00:00,0.0751,0.0751,0.0751,0.0751,0.00000000,1742788799999,0.00000000,0,0.00000000,0.00000000,0
2025-03-24 04:00:00,0.0751,0.0751,0.0751,0.0751,0.00000000,1742803199999,0.00000000,0,0.00000000,0.00000000,0
2025-03-24 08:00:00,0.0751,0.0751,0.0751,0.0751,0.00000000,1742817599999,0.00000000,0,0.00000000,0.00000000,0
2025-03-24 12:00:00,0.1112,0.1112,0.1112,0.1112,2527.00000000,1742831999999,281.00240000,2,2527.00000000,281.00240000,0
2025-03-24 16:00:00,0.1112,0.1112,0.1112,0.1112,0.00000000,1742846399999,0.00000000,0,0.00000000,0.00000000,0
2025-03-24 20:00:00,0.1116,0.1116,0.1115,0.1115,2645.00000000,1742860799999,294.96730000,3,498.00000000,55.57680000,0
2025-03-25 00:00:00,0.1115,0.1115,0.1115,0.1115,0.00000000,1742875199999,0.00000000,0,0.00000000,0.00000000,0
2025-03-25 04:00:00,0.1115,0.1115,0.1115,0.1115,0.00000000,1742889599999,0.00000000,0,0.00000000,0.00000000,0
2025-03-25 08:00:00,0.1131,0.1131,0.1131,0.1131,270.00000000,1742903999999,30.53700000,1,0.00000000,0.00000000,0
2025-03-25 12:00:00,0.1131,0.1131,0.1131,0.1131,0.00000000,1742918399999,0.00000000,0,0.00000000,0.00000000,0
2025-03-25 16:00:00,0.1133,0.1133,0.1133,0.1133,93.00000000,1742932799999,10.53690000,1,0.00000000,0.00000000,0
2025-03-25 20:00:00,0.1133,0.1133,0.1133,0.1133,0.00000000,1742947199999,0.00000000,0,0.00000000,0.00000000,0
2025-03-26 00:00:00,0.1133,0.1133,0.1133,0.1133,0.00000000,1742961599999,0.00000000,0,0.00000000,0.00000000,0
2025-03-26 04:00:00,0.1133,0.1133,0.1133,0.1133,0.00000000,1742975999999,0.00000000,0,0.00000000,0.00000000,0
2025-03-26 08:00:00,0.1133,0.1133,0.1133,0.1133,0.00000000,1742990399999,0.00000000,0,0.00000000,0.00000000,0
2025-03-26 12:00:00,0.1138,0.1138,0.1138,0.1138,86.00000000,1743004799999,9.78680000,1,0.00000000,0.00000000,0
2025-03-26 16:00:00,0.1138,0.1138,0.1138,0.1138,0.00000000,1743019199999,0.00000000,0,0.00000000,0.00000000,0
2025-03-26 20:00:00,0.115,0.115,0.115,0.115,5876.00000000,1743033599999,675.74000000,2,5876.00000000,675.74000000,0
2025-03-27 00:00:00,0.115,0.115,0.115,0.115,0.00000000,1743047999999,0.00000000,0,0.00000000,0.00000000,0
2025-03-27 04:00:00,0.115,0.115,0.115,0.115,0.00000000,1743062399999,0.00000000,0,0.00000000,0.00000000,0
2025-03-27 08:00:00,0.115,0.115,0.115,0.115,0.00000000,1743076799999,0.00000000,0,0.00000000,0.00000000,0
2025-03-27 12:00:00,0.115,0.115,0.115,0.115,1466.00000000,1743091199999,168.59000000,1,1466.00000000,168.59000000,0
2025-03-27 16:00:00,0.115,0.115,0.115,0.115,0.00000000,1743105599999,0.00000000,0,0.00000000,0.00000000,0
2025-03-27 20:00:00,0.115,0.115,0.115,0.115,0.00000000,1743119999999,0.00000000,0,0.00000000,0.00000000,0
2025-03-28 00:00:00,0.115,0.115,0.115,0.115,0.00000000,1743134399999,0.00000000,0,0.00000000,0.00000000,0
2025-03-28 04:00:00,0.115,0.115,0.115,0.115,0.00000000,1743148799999,0.00000000,0,0.00000000,0.00000000,0
2025-03-28 08:00:00,0.115,0.115,0.115,0.115,0.00000000,1743163199999,0.00000000,0,0.00000000,0.00000000,0
2025-03-28 12:00:00,0.1267,0.133,0.1267,0.129,2472.00000000,1743177599999,316.03200000,8,2448.00000000,312.98880000,0
2025-03-28 16:00:00,0.1293,0.1331,0.1235,0.1292,1101.00000000,1743191999999,144.84290000,4,1079.00000000,142.12590000,0
2025-03-28 20:00:00,0.1292,0.1292,0.1292,0.1292,0.00000000,1743206399999,0.00000000,0,0.00000000,0.00000000,0
2025-03-29 00:00:00,0.1301,0.1301,0.1301,0.1301,154.00000000,1743220799999,20.03540000,1,154.00000000,20.03540000,0
2025-03-29 04:00:00,0.1301,0.1301,0.1301,0.1301,0.00000000,1743235199999,0.00000000,0,0.00000000,0.00000000,0
2025-03-29 08:00:00,0.1301,0.1301,0.1301,0.1301,0.00000000,1743249599999,0.00000000,0,0.00000000,0.00000000,0
2025-03-29 12:00:00,0.1301,0.1301,0.1301,0.1301,0.00000000,1743263999999,0.00000000,0,0.00000000,0.00000000,0
2025-03-29 16:00:00,0.1301,0.1301,0.1301,0.1301,0.00000000,1743278399999,0.00000000,0,0.00000000,0.00000000,0
2025-03-29 20:00:00,0.1301,0.1301,0.1301,0.1301,0.00000000,1743292799999,0.00000000,0,0.00000000,0.00000000,0
2025-03-30 00:00:00,0.1301,0.1301,0.1301,0.1301,0.00000000,1743307199999,0.00000000,0,0.00000000,0.00000000,0
2025-03-30 04:00:00,0.1301,0.1301,0.1301,0.1301,0.00000000,1743321599999,0.00000000,0,0.00000000,0.00000000,0
2025-03-30 08:00:00,0.1301,0.1301,0.1301,0.1301,0.00000000,1743335999999,0.00000000,0,0.00000000,0.00000000,0
2025-03-30 12:00:00,0.1301,0.1301,0.1301,0.1301,0.00000000,1743350399999,0.00000000,0,0.00000000,0.00000000,0
2025-03-30 16:00:00,0.1301,0.1301,0.1301,0.1301,0.00000000,1743364799999,0.00000000,0,0.00000000,0.00000000,0
2025-03-30 20:00:00,0.1301,0.1301,0.1301,0.1301,0.00000000,1743379199999,0.00000000,0,0.00000000,0.00000000,0
2025-03-31 00:00:00,0.1301,0.1301,0.1301,0.1301,0.00000000,1743393599999,0.00000000,0,0.00000000,0.00000000,0
2025-03-31 04:00:00,0.1301,0.1301,0.1301,0.1301,0.00000000,1743407999999,0.00000000,0,0.00000000,0.00000000,0
2025-03-31 08:00:00,0.1301,0.1301,0.1301,0.1301,0.00000000,1743422399999,0.00000000,0,0.00000000,0.00000000,0
2025-03-31 12:00:00,0.1301,0.1301,0.1301,0.1301,0.00000000,1743436799999,0.00000000,0,0.00000000,0.00000000,0
2025-03-31 16:00:00,0.1301,0.1301,0.1301,0.1301,0.00000000,1743451199999,0.00000000,0,0.00000000,0.00000000,0
2025-03-31 20:00:00,0.1301,0.1301,0.1301,0.1301,0.00000000,1743465599999,0.00000000,0,0.00000000,0.00000000,0
2025-04-01 00:00:00,0.1118,0.1118,0.1118,0.1118,162.00000000,1743479999999,18.11160000,1,0.00000000,0.00000000,0
2025-04-01 04:00:00,0.1118,0.1118,0.1118,0.1118,0.00000000,1743494399999,0.00000000,0,0.00000000,0.00000000,0
2025-04-01 08:00:00,0.1118,0.1118,0.1118,0.1118,0.00000000,1743508799999,0.00000000,0,0.00000000,0.00000000,0
2025-04-01 12:00:00,0.1118,0.1118,0.1118,0.1118,0.00000000,1743523199999,0.00000000,0,0.00000000,0.00000000,0
2025-04-01 16:00:00,0.1208,0.1208,0.1208,0.1208,161.00000000,1743537599999,19.44880000,1,161.00000000,19.44880000,0
2025-04-01 20:00:00,0.1232,0.1232,0.1232,0.1232,2031.00000000,1743551999999,250.21920000,1,2031.00000000,250.21920000,0
2025-04-02 00:00:00,0.1232,0.1232,0.1232,0.1232,0.00000000,1743566399999,0.00000000,0,0.00000000,0.00000000,0
2025-04-02 04:00:00,0.1232,0.1232,0.1232,0.1232,0.00000000,1743580799999,0.00000000,0,0.00000000,0.00000000,0
2025-04-02 08:00:00,0.1133,0.1133,0.1133,0.1133,2118.00000000,1743595199999,239.96940000,4,0.00000000,0.00000000,0
2025-04-02 12:00:00,0.1133,0.1133,0.1133,0.1133,0.00000000,1743609599999,0.00000000,0,0.00000000,0.00000000,0
2025-04-02 16:00:00,0.1133,0.1133,0.1133,0.1133,0.00000000,1743623999999,0.00000000,0,0.00000000,0.00000000,0
2025-04-02 20:00:00,0.1133,0.1133,0.1133,0.1133,0.00000000,1743638399999,0.00000000,0,0.00000000,0.00000000,0
2025-04-03 00:00:00,0.1133,0.1133,0.1133,0.1133,0.00000000,1743652799999,0.00000000,0,0.00000000,0.00000000,0
2025-04-03 04:00:00,0.1133,0.1133,0.1133,0.1133,0.00000000,1743667199999,0.00000000,0,0.00000000,0.00000000,0
2025-04-03 08:00:00,0.1133,0.1133,0.1133,0.1133,0.00000000,1743681599999,0.00000000,0,0.00000000,0.00000000,0
2025-04-03 12:00:00,0.1133,0.1133,0.1133,0.1133,0.00000000,1743695999999,0.00000000,0,0.00000000,0.00000000,0
2025-04-03 16:00:00,0.1133,0.1133,0.1133,0.1133,0.00000000,1743710399999,0.00000000,0,0.00000000,0.00000000,0
2025-04-03 20:00:00,0.1133,0.1133,0.1133,0.1133,0.00000000,1743724799999,0.00000000,0,0.00000000,0.00000000,0
2025-04-04 00:00:00,0.1133,0.1133,0.1133,0.1133,0.00000000,1743739199999,0.00000000,0,0.00000000,0.00000000,0
2025-04-04 04:00:00,0.1133,0.1133,0.1133,0.1133,0.00000000,1743753599999,0.00000000,0,0.00000000,0.00000000,0
2025-04-04 08:00:00,0.1133,0.1133,0.1133,0.1133,0.00000000,1743767999999,0.00000000,0,0.00000000,0.00000000,0
2025-04-04 12:00:00,0.1133,0.1133,0.1133,0.1133,0.00000000,1743782399999,0.00000000,0,0.00000000,0.00000000,0
2025-04-04 16:00:00,0.1133,0.1133,0.1133,0.1133,0.00000000,1743796799999,0.00000000,0,0.00000000,0.00000000,0
2025-04-04 20:00:00,0.1133,0.1133,0.1133,0.1133,0.00000000,1743811199999,0.00000000,0,0.00000000,0.00000000,0
2025-04-05 00:00:00,0.1133,0.1133,0.1133,0.1133,0.00000000,1743825599999,0.00000000,0,0.00000000,0.00000000,0
2025-04-05 04:00:00,0.1133,0.1133,0.1133,0.1133,0.00000000,1743839999999,0.00000000,0,0.00000000,0.00000000,0
2025-04-05 08:00:00,0.1133,0.1133,0.1133,0.1133,0.00000000,1743854399999,0.00000000,0,0.00000000,0.00000000,0
2025-04-05 12:00:00,0.1133,0.1133,0.1133,0.1133,0.00000000,1743868799999,0.00000000,0,0.00000000,0.00000000,0
2025-04-05 16:00:00,0.1133,0.1133,0.1133,0.1133,0.00000000,1743883199999,0.00000000,0,0.00000000,0.00000000,0
2025-04-05 20:00:00,0.1133,0.1133,0.1133,0.1133,0.00000000,1743897599999,0.00000000,0,0.00000000,0.00000000,0
2025-04-06 00:00:00,0.1133,0.1133,0.1133,0.1133,0.00000000,1743911999999,0.00000000,0,0.00000000,0.00000000,0
2025-04-06 04:00:00,0.1133,0.1133,0.1133,0.1133,0.00000000,1743926399999,0.00000000,0,0.00000000,0.00000000,0
2025-04-06 08:00:00,0.1133,0.1133,0.1133,0.1133,0.00000000,1743940799999,0.00000000,0,0.00000000,0.00000000,0
2025-04-06 12:00:00,0.1133,0.1133,0.1133,0.1133,0.00000000,1743955199999,0.00000000,0,0.00000000,0.00000000,0
2025-04-06 16:00:00,0.1133,0.1133,0.1133,0.1133,0.00000000,1743969599999,0.00000000,0,0.00000000,0.00000000,0
2025-04-06 20:00:00,0.1133,0.1133,0.1133,0.1133,0.00000000,1743983999999,0.00000000,0,0.00000000,0.00000000,0
2025-04-07 00:00:00,0.1133,0.1133,0.1133,0.1133,0.00000000,1743998399999,0.00000000,0,0.00000000,0.00000000,0
2025-04-07 04:00:00,0.0903,0.0903,0.09,0.09,3527.00000000,1744012799999,318.09420000,2,0.00000000,0.00000000,0
2025-04-07 08:00:00,0.09,0.09,0.09,0.09,0.00000000,1744027199999,0.00000000,0,0.00000000,0.00000000,0
2025-04-07 12:00:00,0.09,0.09,0.09,0.09,0.00000000,1744041599999,0.00000000,0,0.00000000,0.00000000,0
2025-04-07 16:00:00,0.09,0.09,0.09,0.09,0.00000000,1744055999999,0.00000000,0,0.00000000,0.00000000,0
2025-04-07 20:00:00,0.09,0.09,0.09,0.09,0.00000000,1744070399999,0.00000000,0,0.00000000,0.00000000,0
2025-04-08 00:00:00,0.09,0.09,0.09,0.09,0.00000000,1744084799999,0.00000000,0,0.00000000,0.00000000,0
2025-04-08 04:00:00,0.09,0.09,0.09,0.09,0.00000000,1744099199999,0.00000000,0,0.00000000,0.00000000,0
2025-04-08 08:00:00,0.0927,0.0927,0.0927,0.0927,15.00000000,1744113599999,1.39050000,1,0.00000000,0.00000000,0
2025-04-08 12:00:00,0.0927,0.0927,0.0927,0.0927,0.00000000,1744127999999,0.00000000,0,0.00000000,0.00000000,0
2025-04-08 16:00:00,0.0927,0.0927,0.0927,0.0927,0.00000000,1744142399999,0.00000000,0,0.00000000,0.00000000,0
2025-04-08 20:00:00,0.0927,0.0927,0.0927,0.0927,0.00000000,1744156799999,0.00000000,0,0.00000000,0.00000000,0
2025-04-09 00:00:00,0.0927,0.0927,0.0927,0.0927,0.00000000,1744171199999,0.00000000,0,0.00000000,0.00000000,0
2025-04-09 04:00:00,0.0927,0.0927,0.0927,0.0927,0.00000000,1744185599999,0.00000000,0,0.00000000,0.00000000,0
2025-04-09 08:00:00,0.0927,0.0927,0.0927,0.0927,0.00000000,1744199999999,0.00000000,0,0.00000000,0.00000000,0
2025-04-09 12:00:00,0.0927,0.0927,0.0927,0.0927,0.00000000,1744214399999,0.00000000,0,0.00000000,0.00000000,0
2025-04-09 16:00:00,0.0927,0.0927,0.0927,0.0927,0.00000000,1744228799999,0.00000000,0,0.00000000,0.00000000,0
2025-04-09 20:00:00,0.0927,0.0927,0.0927,0.0927,0.00000000,1744243199999,0.00000000,0,0.00000000,0.00000000,0
2025-04-10 00:00:00,0.0927,0.0927,0.0927,0.0927,0.00000000,1744257599999,0.00000000,0,0.00000000,0.00000000,0
2025-04-10 04:00:00,0.0927,0.0927,0.0927,0.0927,0.00000000,1744271999999,0.00000000,0,0.00000000,0.00000000,0
2025-04-10 08:00:00,0.0927,0.0927,0.0927,0.0927,0.00000000,1744286399999,0.00000000,0,0.00000000,0.00000000,0
2025-04-10 12:00:00,0.0927,0.0927,0.0927,0.0927,0.00000000,1744300799999,0.00000000,0,0.00000000,0.00000000,0
2025-04-10 16:00:00,0.0927,0.0927,0.0927,0.0927,0.00000000,1744315199999,0.00000000,0,0.00000000,0.00000000,0
2025-04-10 20:00:00,0.0927,0.0927,0.0927,0.0927,0.00000000,1744329599999,0.00000000,0,0.00000000,0.00000000,0
2025-04-11 00:00:00,0.0927,0.0927,0.0927,0.0927,0.00000000,1744343999999,0.00000000,0,0.00000000,0.00000000,0
2025-04-11 04:00:00,0.0927,0.0927,0.0927,0.0927,0.00000000,1744358399999,0.00000000,0,0.00000000,0.00000000,0
2025-04-11 08:00:00,0.0927,0.0927,0.0927,0.0927,0.00000000,1744372799999,0.00000000,0,0.00000000,0.00000000,0
2025-04-11 12:00:00,0.0927,0.0927,0.0927,0.0927,0.00000000,1744387199999,0.00000000,0,0.00000000,0.00000000,0
2025-04-11 16:00:00,0.0927,0.0927,0.0927,0.0927,0.00000000,1744401599999,0.00000000,0,0.00000000,0.00000000,0
2025-04-11 20:00:00,0.0927,0.0927,0.0927,0.0927,0.00000000,1744415999999,0.00000000,0,0.00000000,0.00000000,0
2025-04-12 00:00:00,0.0927,0.0927,0.0927,0.0927,0.00000000,1744430399999,0.00000000,0,0.00000000,0.00000000,0
2025-04-12 04:00:00,0.0927,0.0927,0.0927,0.0927,0.00000000,1744444799999,0.00000000,0,0.00000000,0.00000000,0
2025-04-12 08:00:00,0.0927,0.0927,0.0927,0.0927,0.00000000,1744459199999,0.00000000,0,0.00000000,0.00000000,0
2025-04-12 12:00:00,0.0927,0.0927,0.0927,0.0927,0.00000000,1744473599999,0.00000000,0,0.00000000,0.00000000,0
2025-04-12 16:00:00,0.0927,0.0927,0.0927,0.0927,0.00000000,1744487999999,0.00000000,0,0.00000000,0.00000000,0
2025-04-12 20:00:00,0.0927,0.0927,0.0927,0.0927,0.00000000,1744502399999,0.00000000,0,0.00000000,0.00000000,0
2025-04-13 00:00:00,0.0927,0.0927,0.0927,0.0927,0.00000000,1744516799999,0.00000000,0,0.00000000,0.00000000,0
2025-04-13 04:00:00,0.0927,0.0927,0.0927,0.0927,0.00000000,1744531199999,0.00000000,0,0.00000000,0.00000000,0
2025-04-13 08:00:00,0.0927,0.0927,0.0927,0.0927,0.00000000,1744545599999,0.00000000,0,0.00000000,0.00000000,0
2025-04-13 12:00:00,0.0927,0.0927,0.0927,0.0927,0.00000000,1744559999999,0.00000000,0,0.00000000,0.00000000,0
2025-04-13 16:00:00,0.0927,0.0927,0.0927,0.0927,0.00000000,1744574399999,0.00000000,0,0.00000000,0.00000000,0
2025-04-13 20:00:00,0.0955,0.0955,0.0955,0.0955,4173.00000000,1744588799999,398.52150000,2,4173.00000000,398.52150000,0
2025-04-14 00:00:00,0.0955,0.0955,0.0955,0.0955,0.00000000,1744603199999,0.00000000,0,0.00000000,0.00000000,0
2025-04-14 04:00:00,0.0955,0.0955,0.0955,0.0955,0.00000000,1744617599999,0.00000000,0,0.00000000,0.00000000,0
2025-04-14 08:00:00,0.0955,0.0955,0.0955,0.0955,0.00000000,1744631999999,0.00000000,0,0.00000000,0.00000000,0
2025-04-14 12:00:00,0.0955,0.0955,0.0955,0.0955,0.00000000,1744646399999,0.00000000,0,0.00000000,0.00000000,0
2025-04-14 16:00:00,0.0955,0.0955,0.0955,0.0955,0.00000000,1744660799999,0.00000000,0,0.00000000,0.00000000,0
2025-04-14 20:00:00,0.0955,0.0955,0.0955,0.0955,0.00000000,1744675199999,0.00000000,0,0.00000000,0.00000000,0
2025-04-15 00:00:00,0.0955,0.0955,0.0955,0.0955,0.00000000,1744689599999,0.00000000,0,0.00000000,0.00000000,0
2025-04-15 04:00:00,0.0986,0.0986,0.0986,0.0986,255.00000000,1744703999999,25.14300000,1,0.00000000,0.00000000,0
2025-04-15 08:00:00,0.0986,0.0986,0.0986,0.0986,0.00000000,1744718399999,0.00000000,0,0.00000000,0.00000000,0
2025-04-15 12:00:00,0.0986,0.0986,0.0986,0.0986,0.00000000,1744732799999,0.00000000,0,0.00000000,0.00000000,0
2025-04-15 16:00:00,0.0986,0.0986,0.0986,0.0986,0.00000000,1744747199999,0.00000000,0,0.00000000,0.00000000,0
2025-04-15 20:00:00,0.0986,0.0986,0.0986,0.0986,0.00000000,1744761599999,0.00000000,0,0.00000000,0.00000000,0
2025-04-16 00:00:00,0.0986,0.0986,0.0986,0.0986,0.00000000,1744775999999,0.00000000,0,0.00000000,0.00000000,0
2025-04-16 04:00:00,0.0986,0.0986,0.0986,0.0986,0.00000000,1744790399999,0.00000000,0,0.00000000,0.00000000,0
2025-04-16 08:00:00,0.0986,0.0986,0.0986,0.0986,0.00000000,1744804799999,0.00000000,0,0.00000000,0.00000000,0
2025-04-16 12:00:00,0.0986,0.0986,0.0986,0.0986,0.00000000,1744819199999,0.00000000,0,0.00000000,0.00000000,0
2025-04-16 16:00:00,0.0986,0.0986,0.0986,0.0986,0.00000000,1744833599999,0.00000000,0,0.00000000,0.00000000,0
2025-04-16 20:00:00,0.0986,0.0986,0.0986,0.0986,0.00000000,1744847999999,0.00000000,0,0.00000000,0.00000000,0
2025-04-17 00:00:00,0.0986,0.0986,0.0986,0.0986,0.00000000,1744862399999,0.00000000,0,0.00000000,0.00000000,0
2025-04-17 04:00:00,0.0986,0.0986,0.0986,0.0986,0.00000000,1744876799999,0.00000000,0,0.00000000,0.00000000,0
2025-04-17 08:00:00,0.0986,0.0986,0.0986,0.0986,0.00000000,1744891199999,0.00000000,0,0.00000000,0.00000000,0
2025-04-17 12:00:00,0.0986,0.0986,0.0986,0.0986,0.00000000,1744905599999,0.00000000,0,0.00000000,0.00000000,0
2025-04-17 16:00:00,0.0986,0.0986,0.0986,0.0986,0.00000000,1744919999999,0.00000000,0,0.00000000,0.00000000,0
2025-04-17 20:00:00,0.0986,0.0986,0.0986,0.0986,0.00000000,1744934399999,0.00000000,0,0.00000000,0.00000000,0
2025-04-18 00:00:00,0.0986,0.0986,0.0986,0.0986,0.00000000,1744948799999,0.00000000,0,0.00000000,0.00000000,0
2025-04-18 04:00:00,0.0986,0.0986,0.0986,0.0986,0.00000000,1744963199999,0.00000000,0,0.00000000,0.00000000,0
2025-04-18 08:00:00,0.0986,0.0986,0.0986,0.0986,0.00000000,1744977599999,0.00000000,0,0.00000000,0.00000000,0
2025-04-18 12:00:00,0.0986,0.0986,0.0986,0.0986,0.00000000,1744991999999,0.00000000,0,0.00000000,0.00000000,0
2025-04-18 16:00:00,0.0986,0.0986,0.0986,0.0986,0.00000000,1745006399999,0.00000000,0,0.00000000,0.00000000,0
2025-04-18 20:00:00,0.0986,0.0986,0.0986,0.0986,0.00000000,1745020799999,0.00000000,0,0.00000000,0.00000000,0
2025-04-19 00:00:00,0.0986,0.0986,0.0986,0.0986,0.00000000,1745035199999,0.00000000,0,0.00000000,0.00000000,0
2025-04-19 04:00:00,0.0986,0.0986,0.0986,0.0986,0.00000000,1745049599999,0.00000000,0,0.00000000,0.00000000,0
2025-04-19 08:00:00,0.0986,0.0986,0.0986,0.0986,0.00000000,1745063999999,0.00000000,0,0.00000000,0.00000000,0
2025-04-19 12:00:00,0.0986,0.0986,0.0986,0.0986,0.00000000,1745078399999,0.00000000,0,0.00000000,0.00000000,0
2025-04-19 16:00:00,0.0986,0.0986,0.0986,0.0986,0.00000000,1745092799999,0.00000000,0,0.00000000,0.00000000,0
2025-04-19 20:00:00,0.0986,0.0986,0.0986,0.0986,0.00000000,1745107199999,0.00000000,0,0.00000000,0.00000000,0
2025-04-20 00:00:00,0.0986,0.0986,0.0986,0.0986,0.00000000,1745121599999,0.00000000,0,0.00000000,0.00000000,0
2025-04-20 04:00:00,0.0986,0.0986,0.0986,0.0986,0.00000000,1745135999999,0.00000000,0,0.00000000,0.00000000,0
2025-04-20 08:00:00,0.0986,0.0986,0.0986,0.0986,0.00000000,1745150399999,0.00000000,0,0.00000000,0.00000000,0
2025-04-20 12:00:00,0.0986,0.0986,0.0986,0.0986,0.00000000,1745164799999,0.00000000,0,0.00000000,0.00000000,0
2025-04-20 16:00:00,0.0986,0.0986,0.0986,0.0986,0.00000000,1745179199999,0.00000000,0,0.00000000,0.00000000,0
2025-04-20 20:00:00,0.0986,0.0986,0.0986,0.0986,0.00000000,1745193599999,0.00000000,0,0.00000000,0.00000000,0
2025-04-21 00:00:00,0.0986,0.0986,0.0986,0.0986,0.00000000,1745207999999,0.00000000,0,0.00000000,0.00000000,0
2025-04-21 04:00:00,0.0986,0.0986,0.0986,0.0986,0.00000000,1745222399999,0.00000000,0,0.00000000,0.00000000,0
2025-04-21 08:00:00,0.0986,0.0986,0.0986,0.0986,0.00000000,1745236799999,0.00000000,0,0.00000000,0.00000000,0
2025-04-21 12:00:00,0.0986,0.0986,0.0986,0.0986,0.00000000,1745251199999,0.00000000,0,0.00000000,0.00000000,0
2025-04-21 16:00:00,0.0986,0.0986,0.0986,0.0986,0.00000000,1745265599999,0.00000000,0,0.00000000,0.00000000,0
2025-04-21 20:00:00,0.1078,0.1078,0.1078,0.1078,30.00000000,1745279999999,3.23400000,1,0.00000000,0.00000000,0
2025-04-22 00:00:00,0.1078,0.1078,0.1078,0.1078,0.00000000,1745294399999,0.00000000,0,0.00000000,0.00000000,0
2025-04-22 04:00:00,0.1078,0.1078,0.1078,0.1078,0.00000000,1745308799999,0.00000000,0,0.00000000,0.00000000,0
2025-04-22 08:00:00,0.1078,0.1078,0.1078,0.1078,0.00000000,1745323199999,0.00000000,0,0.00000000,0.00000000,0
2025-04-22 12:00:00,0.1078,0.1078,0.1078,0.1078,0.00000000,1745337599999,0.00000000,0,0.00000000,0.00000000,0
2025-04-22 16:00:00,0.1078,0.1078,0.1078,0.1078,0.00000000,1745351999999,0.00000000,0,0.00000000,0.00000000,0
2025-04-22 20:00:00,0.1078,0.1078,0.1078,0.1078,0.00000000,1745366399999,0.00000000,0,0.00000000,0.00000000,0
2025-04-23 00:00:00,0.1123,0.1123,0.1123,0.1123,10.00000000,1745380799999,1.12300000,1,10.00000000,1.12300000,0
2025-04-23 04:00:00,0.1123,0.1123,0.1123,0.1123,0.00000000,1745395199999,0.00000000,0,0.00000000,0.00000000,0
2025-04-23 08:00:00,0.1123,0.1123,0.1123,0.1123,0.00000000,1745409599999,0.00000000,0,0.00000000,0.00000000,0
2025-04-23 12:00:00,0.1123,0.1123,0.1123,0.1123,0.00000000,1745423999999,0.00000000,0,0.00000000,0.00000000,0
2025-04-23 16:00:00,0.1123,0.1123,0.1123,0.1123,0.00000000,1745438399999,0.00000000,0,0.00000000,0.00000000,0
2025-04-23 20:00:00,0.115,0.115,0.115,0.115,4429.00000000,1745452799999,509.33500000,4,4429.00000000,509.33500000,0
2025-04-24 00:00:00,0.115,0.115,0.115,0.115,0.00000000,1745467199999,0.00000000,0,0.00000000,0.00000000,0
2025-04-24 04:00:00,0.115,0.115,0.115,0.115,0.00000000,1745481599999,0.00000000,0,0.00000000,0.00000000,0
2025-04-24 08:00:00,0.115,0.115,0.115,0.115,0.00000000,1745495999999,0.00000000,0,0.00000000,0.00000000,0
2025-04-24 12:00:00,0.115,0.115,0.115,0.115,0.00000000,1745510399999,0.00000000,0,0.00000000,0.00000000,0
2025-04-24 16:00:00,0.115,0.115,0.115,0.115,0.00000000,1745524799999,0.00000000,0,0.00000000,0.00000000,0
2025-04-24 20:00:00,0.115,0.115,0.115,0.115,0.00000000,1745539199999,0.00000000,0,0.00000000,0.00000000,0
2025-04-25 00:00:00,0.115,0.115,0.115,0.115,0.00000000,1745553599999,0.00000000,0,0.00000000,0.00000000,0
2025-04-25 04:00:00,0.1199,0.12,0.1199,0.12,4197.00000000,1745567999999,503.41910000,2,4197.00000000,503.41910000,0
2025-04-25 08:00:00,0.12,0.12,0.12,0.12,0.00000000,1745582399999,0.00000000,0,0.00000000,0.00000000,0
2025-04-25 12:00:00,0.12,0.12,0.12,0.12,0.00000000,1745596799999,0.00000000,0,0.00000000,0.00000000,0
2025-04-25 16:00:00,0.12,0.12,0.12,0.12,0.00000000,1745611199999,0.00000000,0,0.00000000,0.00000000,0
2025-04-25 20:00:00,0.12,0.12,0.12,0.12,0.00000000,1745625599999,0.00000000,0,0.00000000,0.00000000,0
2025-04-26 00:00:00,0.12,0.12,0.12,0.12,0.00000000,1745639999999,0.00000000,0,0.00000000,0.00000000,0
2025-04-26 04:00:00,0.12,0.12,0.12,0.12,0.00000000,1745654399999,0.00000000,0,0.00000000,0.00000000,0
2025-04-26 08:00:00,0.12,0.12,0.12,0.12,0.00000000,1745668799999,0.00000000,0,0.00000000,0.00000000,0
2025-04-26 12:00:00,0.12,0.12,0.12,0.12,0.00000000,1745683199999,0.00000000,0,0.00000000,0.00000000,0
2025-04-26 16:00:00,0.12,0.12,0.12,0.12,0.00000000,1745697599999,0.00000000,0,0.00000000,0.00000000,0
2025-04-26 20:00:00,0.12,0.12,0.12,0.12,0.00000000,1745711999999,0.00000000,0,0.00000000,0.00000000,0
2025-04-27 00:00:00,0.12,0.12,0.12,0.12,0.00000000,1745726399999,0.00000000,0,0.00000000,0.00000000,0
2025-04-27 04:00:00,0.12,0.12,0.12,0.12,0.00000000,1745740799999,0.00000000,0,0.00000000,0.00000000,0
2025-04-27 08:00:00,0.12,0.12,0.12,0.12,0.00000000,1745755199999,0.00000000,0,0.00000000,0.00000000,0
2025-04-27 12:00:00,0.12,0.12,0.12,0.12,0.00000000,1745769599999,0.00000000,0,0.00000000,0.00000000,0
2025-04-27 16:00:00,0.12,0.12,0.12,0.12,0.00000000,1745783999999,0.00000000,0,0.00000000,0.00000000,0
2025-04-27 20:00:00,0.12,0.12,0.12,0.12,0.00000000,1745798399999,0.00000000,0,0.00000000,0.00000000,0
2025-04-28 00:00:00,0.1017,0.1213,0.1017,0.1213,1369.00000000,1745812799999,148.07660000,4,492.00000000,58.88570000,0
2025-04-28 04:00:00,0.1213,0.1213,0.1213,0.1213,0.00000000,1745827199999,0.00000000,0,0.00000000,0.00000000,0
2025-04-28 08:00:00,0.1234,0.1234,0.1234,0.1234,83.00000000,1745841599999,10.24220000,2,83.00000000,10.24220000,0
2025-04-28 12:00:00,0.1245,0.1245,0.1213,0.1213,122.00000000,1745855999999,14.92660000,2,40.00000000,4.98000000,0
2025-04-28 16:00:00,0.1213,0.1213,0.1213,0.1213,0.00000000,1745870399999,0.00000000,0,0.00000000,0.00000000,0
2025-04-28 20:00:00,0.1033,0.1033,0.1033,0.1033,23.00000000,1745884799999,2.37590000,1,0.00000000,0.00000000,0
2025-04-29 00:00:00,0.1033,0.1033,0.1033,0.1033,0.00000000,1745899199999,0.00000000,0,0.00000000,0.00000000,0
2025-04-29 04:00:00,0.1033,0.1033,0.1033,0.1033,0.00000000,1745913599999,0.00000000,0,0.00000000,0.00000000,0
2025-04-29 08:00:00,0.1062,0.1062,0.1062,0.1062,16.00000000,1745927999999,1.69920000,1,0.00000000,0.00000000,0
2025-04-29 12:00:00,0.1062,0.1062,0.1062,0.1062,0.00000000,1745942399999,0.00000000,0,0.00000000,0.00000000,0
2025-04-29 16:00:00,0.1062,0.1062,0.1062,0.1062,0.00000000,1745956799999,0.00000000,0,0.00000000,0.00000000,0
2025-04-29 20:00:00,0.1062,0.1062,0.1062,0.1062,0.00000000,1745971199999,0.00000000,0,0.00000000,0.00000000,0
2025-04-30 00:00:00,0.1094,0.1094,0.1094,0.1094,153.00000000,1745985599999,16.73820000,1,0.00000000,0.00000000,0
2025-04-30 04:00:00,0.1094,0.1094,0.1094,0.1094,0.00000000,1745999999999,0.00000000,0,0.00000000,0.00000000,0
2025-04-30 08:00:00,0.1246,0.1282,0.1246,0.1282,2164.00000000,1746014399999,270.19600000,6,2164.00000000,270.19600000,0
2025-04-30 12:00:00,0.1282,0.1282,0.1282,0.1282,0.00000000,1746028799999,0.00000000,0,0.00000000,0.00000000,0
2025-04-30 16:00:00,0.1256,0.1256,0.1256,0.1256,6193.00000000,1746043199999,777.84080000,3,6035.00000000,757.99600000,0
2025-04-30 20:00:00,0.1256,0.1256,0.1256,0.1256,319.00000000,1746057599999,40.06640000,2,319.00000000,40.06640000,0
2025-05-01 00:00:00,0.1256,0.1256,0.1256,0.1256,0.00000000,1746071999999,0.00000000,0,0.00000000,0.00000000,0
2025-05-01 04:00:00,0.1256,0.1256,0.1256,0.1256,0.00000000,1746086399999,0.00000000,0,0.00000000,0.00000000,0
2025-05-01 08:00:00,0.1256,0.1256,0.1256,0.1256,0.00000000,1746100799999,0.00000000,0,0.00000000,0.00000000,0
2025-05-01 12:00:00,0.1256,0.1256,0.1256,0.1256,0.00000000,1746115199999,0.00000000,0,0.00000000,0.00000000,0
2025-05-01 16:00:00,0.1256,0.1256,0.1256,0.1256,0.00000000,1746129599999,0.00000000,0,0.00000000,0.00000000,0
2025-05-01 20:00:00,0.1256,0.1256,0.1256,0.1256,0.00000000,1746143999999,0.00000000,0,0.00000000,0.00000000,0
2025-05-02 00:00:00,0.1256,0.1256,0.1256,0.1256,0.00000000,1746158399999,0.00000000,0,0.00000000,0.00000000,0
2025-05-02 04:00:00,0.1256,0.1256,0.1256,0.1256,0.00000000,1746172799999,0.00000000,0,0.00000000,0.00000000,0
2025-05-02 08:00:00,0.1256,0.1256,0.1256,0.1256,0.00000000,1746187199999,0.00000000,0,0.00000000,0.00000000,0
2025-05-02 12:00:00,0.1256,0.1256,0.1256,0.1256,0.00000000,1746201599999,0.00000000,0,0.00000000,0.00000000,0
2025-05-02 16:00:00,0.1256,0.1256,0.1256,0.1256,0.00000000,1746215999999,0.00000000,0,0.00000000,0.00000000,0
2025-05-02 20:00:00,0.1256,0.1256,0.1256,0.1256,0.00000000,1746230399999,0.00000000,0,0.00000000,0.00000000,0
2025-05-03 00:00:00,0.1256,0.1256,0.1256,0.1256,0.00000000,1746244799999,0.00000000,0,0.00000000,0.00000000,0
2025-05-03 04:00:00,0.1256,0.1256,0.1256,0.1256,0.00000000,1746259199999,0.00000000,0,0.00000000,0.00000000,0
2025-05-03 08:00:00,0.1301,0.1301,0.1301,0.1301,392.00000000,1746273599999,50.99920000,2,392.00000000,50.99920000,0
2025-05-03 12:00:00,0.1301,0.1301,0.1301,0.1301,0.00000000,1746287999999,0.00000000,0,0.00000000,0.00000000,0
2025-05-03 16:00:00,0.1146,0.1147,0.1146,0.1147,402.00000000,1746302399999,46.07080000,2,0.00000000,0.00000000,0
2025-05-03 20:00:00,0.1147,0.1147,0.1147,0.1147,0.00000000,1746316799999,0.00000000,0,0.00000000,0.00000000,0
2025-05-04 00:00:00,0.1147,0.1147,0.1147,0.1147,0.00000000,1746331199999,0.00000000,0,0.00000000,0.00000000,0
2025-05-04 04:00:00,0.1147,0.1147,0.1147,0.1147,0.00000000,1746345599999,0.00000000,0,0.00000000,0.00000000,0
2025-05-04 08:00:00,0.1147,0.1147,0.1147,0.1147,0.00000000,1746359999999,0.00000000,0,0.00000000,0.00000000,0
2025-05-04 12:00:00,0.1147,0.1147,0.1147,0.1147,0.00000000,1746374399999,0.00000000,0,0.00000000,0.00000000,0
2025-05-04 16:00:00,0.1147,0.1147,0.1147,0.1147,0.00000000,1746388799999,0.00000000,0,0.00000000,0.00000000,0
2025-05-04 20:00:00,0.1147,0.1147,0.1147,0.1147,0.00000000,1746403199999,0.00000000,0,0.00000000,0.00000000,0
2025-05-05 00:00:00,0.1301,0.1301,0.1301,0.1301,57.00000000,1746417599999,7.41570000,1,57.00000000,7.41570000,0
2025-05-05 04:00:00,0.1301,0.1301,0.1301,0.1301,0.00000000,1746431999999,0.00000000,0,0.00000000,0.00000000,0
2025-05-05 08:00:00,0.1335,0.1335,0.1335,0.1335,53.00000000,1746446399999,7.07550000,1,53.00000000,7.07550000,0
2025-05-05 12:00:00,0.1335,0.1335,0.1335,0.1335,0.00000000,1746460799999,0.00000000,0,0.00000000,0.00000000,0
2025-05-05 16:00:00,0.1335,0.1335,0.1335,0.1335,0.00000000,1746475199999,0.00000000,0,0.00000000,0.00000000,0
2025-05-05 20:00:00,0.1335,0.1335,0.1335,0.1335,0.00000000,1746489599999,0.00000000,0,0.00000000,0.00000000,0
2025-05-06 00:00:00,0.1335,0.1335,0.1335,0.1335,0.00000000,1746503999999,0.00000000,0,0.00000000,0.00000000,0
2025-05-06 04:00:00,0.1335,0.1335,0.1335,0.1335,0.00000000,1746518399999,0.00000000,0,0.00000000,0.00000000,0
2025-05-06 08:00:00,0.1345,0.1357,0.1345,0.1357,36.00000000,1746532799999,4.87320000,2,36.00000000,4.87320000,0
2025-05-06 12:00:00,0.131,0.131,0.1216,0.1216,148.00000000,1746547199999,18.49500000,2,0.00000000,0.00000000,0
2025-05-06 16:00:00,0.1245,0.1365,0.1244,0.1365,1247.00000000,1746561599999,157.89300000,4,222.00000000,30.30300000,0
2025-05-06 20:00:00,0.1365,0.1365,0.1365,0.1365,0.00000000,1746575999999,0.00000000,0,0.00000000,0.00000000,0
2025-05-07 00:00:00,0.1365,0.1365,0.1365,0.1365,0.00000000,1746590399999,0.00000000,0,0.00000000,0.00000000,0
2025-05-07 04:00:00,0.1365,0.137,0.1365,0.137,1138.00000000,1746604799999,155.36350000,4,1138.00000000,155.36350000,0
2025-05-07 08:00:00,0.137,0.137,0.137,0.137,0.00000000,1746619199999,0.00000000,0,0.00000000,0.00000000,0
2025-05-07 12:00:00,0.137,0.137,0.137,0.137,0.00000000,1746633599999,0.00000000,0,0.00000000,0.00000000,0
2025-05-07 16:00:00,0.137,0.137,0.137,0.137,0.00000000,1746647999999,0.00000000,0,0.00000000,0.00000000,0
2025-05-07 20:00:00,0.137,0.137,0.137,0.137,0.00000000,1746662399999,0.00000000,0,0.00000000,0.00000000,0
2025-05-08 00:00:00,0.14,0.14,0.14,0.14,50.00000000,1746676799999,7.00000000,1,50.00000000,7.00000000,0
2025-05-08 04:00:00,0.14,0.14,0.14,0.14,0.00000000,1746691199999,0.00000000,0,0.00000000,0.00000000,0
2025-05-08 08:00:00,0.14,0.14,0.14,0.14,81.00000000,1746705599999,11.34000000,1,81.00000000,11.34000000,0
2025-05-08 12:00:00,0.14,0.14,0.14,0.14,0.00000000,1746719999999,0.00000000,0,0.00000000,0.00000000,0
2025-05-08 16:00:00,0.1441,0.1444,0.1441,0.1444,187.00000000,1746734399999,26.98810000,3,187.00000000,26.98810000,0
2025-05-08 20:00:00,0.1444,0.1444,0.1444,0.1444,0.00000000,1746748799999,0.00000000,0,0.00000000,0.00000000,0
2025-05-09 00:00:00,0.1452,0.1452,0.1452,0.1452,37.00000000,1746763199999,5.37240000,1,37.00000000,5.37240000,0
2025-05-09 04:00:00,0.1438,0.1463,0.1383,0.1463,984.00000000,1746777599999,141.78340000,6,237.00000000,34.49380000,0
2025-05-09 08:00:00,0.1497,0.1498,0.1456,0.1456,2264.00000000,1746791999999,335.39820000,14,739.00000000,110.64740000,0
2025-05-09 12:00:00,0.1456,0.1456,0.1456,0.1456,0.00000000,1746806399999,0.00000000,0,0.00000000,0.00000000,0
2025-05-09 16:00:00,0.1456,0.1456,0.1456,0.1456,0.00000000,1746820799999,0.00000000,0,0.00000000,0.00000000,0
2025-05-09 20:00:00,0.1488,0.1488,0.1488,0.1488,41.00000000,1746835199999,6.10080000,1,41.00000000,6.10080000,0
2025-05-10 00:00:00,0.1498,0.15,0.1498,0.15,551.00000000,1746849599999,82.62940000,3,551.00000000,82.62940000,0
2025-05-10 04:00:00,0.15,0.15,0.15,0.15,3427.00000000,1746863999999,514.05000000,4,3427.00000000,514.05000000,0
2025-05-10 08:00:00,0.15,0.15,0.15,0.15,1238.00000000,1746878399999,185.70000000,3,1238.00000000,185.70000000,0
2025-05-10 12:00:00,0.15,0.15,0.15,0.15,0.00000000,1746892799999,0.00000000,0,0.00000000,0.00000000,0
2025-05-10 16:00:00,0.1503,0.1534,0.1503,0.1534,3135.00000000,1746907199999,471.80500000,13,3135.00000000,471.80500000,0
2025-05-10 20:00:00,0.1529,0.1529,0.1529,0.1529,2048.00000000,1746921599999,313.13920000,2,2048.00000000,313.13920000,0
2025-05-11 00:00:00,0.1529,0.1529,0.149,0.1516,4192.00000000,1746935999999,631.93240000,7,1185.00000000,180.49750000,0
2025-05-11 04:00:00,0.1516,0.1516,0.1516,0.1516,0.00000000,1746950399999,0.00000000,0,0.00000000,0.00000000,0
2025-05-11 08:00:00,0.1516,0.1516,0.1516,0.1516,0.00000000,1746964799999,0.00000000,0,0.00000000,0.00000000,0
2025-05-11 12:00:00,0.1516,0.1516,0.1516,0.1516,0.00000000,1746979199999,0.00000000,0,0.00000000,0.00000000,0
2025-05-11 16:00:00,0.1516,0.1516,0.1516,0.1516,0.00000000,1746993599999,0.00000000,0,0.00000000,0.00000000,0
2025-05-11 20:00:00,0.1516,0.1516,0.1516,0.1516,0.00000000,1747007999999,0.00000000,0,0.00000000,0.00000000,0
2025-05-12 00:00:00,0.145,0.145,0.1443,0.1445,3819.00000000,1747022399999,551.78750000,8,0.00000000,0.00000000,0
2025-05-12 04:00:00,0.1512,0.1512,0.1512,0.1512,504.00000000,1747036799999,76.20480000,1,504.00000000,76.20480000,0
2025-05-12 08:00:00,0.1512,0.1512,0.1512,0.1512,0.00000000,1747051199999,0.00000000,0,0.00000000,0.00000000,0
2025-05-12 12:00:00,0.1512,0.1512,0.1512,0.1512,0.00000000,1747065599999,0.00000000,0,0.00000000,0.00000000,0
2025-05-12 16:00:00,0.1512,0.1522,0.1512,0.1522,2740.00000000,1747079999999,414.99700000,7,2740.00000000,414.99700000,0
2025-05-12 20:00:00,0.1522,0.1522,0.1522,0.1522,0.00000000,1747094399999,0.00000000,0,0.00000000,0.00000000,0
2025-05-13 00:00:00,0.1522,0.1522,0.1522,0.1522,199.00000000,1747108799999,30.28780000,1,199.00000000,30.28780000,0
2025-05-13 04:00:00,0.1522,0.1522,0.1522,0.1522,0.00000000,1747123199999,0.00000000,0,0.00000000,0.00000000,0
2025-05-13 08:00:00,0.1522,0.1522,0.1522,0.1522,0.00000000,1747137599999,0.00000000,0,0.00000000,0.00000000,0
2025-05-13 12:00:00,0.1522,0.1522,0.1522,0.1522,0.00000000,1747151999999,0.00000000,0,0.00000000,0.00000000,0
2025-05-13 16:00:00,0.1522,0.1567,0.1522,0.156,4210.00000000,1747166399999,650.06690000,11,4190.00000000,646.94690000,0
2025-05-13 20:00:00,0.156,0.156,0.156,0.156,0.00000000,1747180799999,0.00000000,0,0.00000000,0.00000000,0
2025-05-14 00:00:00,0.156,0.156,0.156,0.156,0.00000000,1747195199999,0.00000000,0,0.00000000,0.00000000,0
2025-05-14 04:00:00,0.156,0.156,0.156,0.156,0.00000000,1747209599999,0.00000000,0,0.00000000,0.00000000,0
2025-05-14 08:00:00,0.156,0.156,0.156,0.156,0.00000000,1747223999999,0.00000000,0,0.00000000,0.00000000,0
2025-05-14 12:00:00,0.156,0.156,0.156,0.156,0.00000000,1747238399999,0.00000000,0,0.00000000,0.00000000,0
2025-05-14 16:00:00,0.1509,0.1511,0.1509,0.1511,142.00000000,1747252799999,21.43420000,2,0.00000000,0.00000000,0
2025-05-14 20:00:00,0.1511,0.1511,0.1511,0.1511,0.00000000,1747267199999,0.00000000,0,0.00000000,0.00000000,0
2025-05-15 00:00:00,0.1511,0.1511,0.1511,0.1511,0.00000000,1747281599999,0.00000000,0,0.00000000,0.00000000,0
2025-05-15 04:00:00,0.1511,0.1511,0.1511,0.1511,0.00000000,1747295999999,0.00000000,0,0.00000000,0.00000000,0
2025-05-15 08:00:00,0.1511,0.1511,0.1511,0.1511,0.00000000,1747310399999,0.00000000,0,0.00000000,0.00000000,0
2025-05-15 12:00:00,0.1511,0.1511,0.1511,0.1511,0.00000000,1747324799999,0.00000000,0,0.00000000,0.00000000,0
2025-05-15 16:00:00,0.1571,0.16,0.1571,0.16,4582.00000000,1747339199999,733.00400000,21,4582.00000000,733.00400000,0
2025-05-15 20:00:00,0.16,0.16,0.16,0.16,0.00000000,1747353599999,0.00000000,0,0.00000000,0.00000000,0
2025-05-16 00:00:00,0.16,0.16,0.16,0.16,0.00000000,1747367999999,0.00000000,0,0.00000000,0.00000000,0
2025-05-16 04:00:00,0.16,0.16,0.16,0.16,0.00000000,1747382399999,0.00000000,0,0.00000000,0.00000000,0
2025-05-16 08:00:00,0.1571,0.1571,0.1571,0.1571,10.00000000,1747396799999,1.57100000,1,10.00000000,1.57100000,0
2025-05-16 12:00:00,0.1571,0.1571,0.1571,0.1571,0.00000000,1747411199999,0.00000000,0,0.00000000,0.00000000,0
2025-05-16 16:00:00,0.1571,0.1571,0.1571,0.1571,0.00000000,1747425599999,0.00000000,0,0.00000000,0.00000000,0
2025-05-16 20:00:00,0.1571,0.1571,0.1571,0.1571,0.00000000,1747439999999,0.00000000,0,0.00000000,0.00000000,0
2025-05-17 00:00:00,0.1497,0.1497,0.1417,0.1417,538.00000000,1747454399999,76.51460000,2,0.00000000,0.00000000,0
2025-05-17 04:00:00,0.1417,0.1417,0.1417,0.1417,0.00000000,1747468799999,0.00000000,0,0.00000000,0.00000000,0
2025-05-17 08:00:00,0.1454,0.1454,0.1454,0.1454,20.00000000,1747483199999,2.90800000,1,0.00000000,0.00000000,0
2025-05-17 12:00:00,0.1454,0.1454,0.1454,0.1454,0.00000000,1747497599999,0.00000000,0,0.00000000,0.00000000,0
2025-05-17 16:00:00,0.1454,0.1454,0.1454,0.1454,0.00000000,1747511999999,0.00000000,0,0.00000000,0.00000000,0
2025-05-17 20:00:00,0.1454,0.1454,0.1454,0.1454,0.00000000,1747526399999,0.00000000,0,0.00000000,0.00000000,0
2025-05-18 00:00:00,0.1454,0.1454,0.1454,0.1454,0.00000000,1747540799999,0.00000000,0,0.00000000,0.00000000,0
2025-05-18 04:00:00,0.1454,0.1454,0.1454,0.1454,0.00000000,1747555199999,0.00000000,0,0.00000000,0.00000000,0
2025-05-18 08:00:00,0.1454,0.1454,0.1454,0.1454,0.00000000,1747569599999,0.00000000,0,0.00000000,0.00000000,0
2025-05-18 12:00:00,0.1454,0.1454,0.1454,0.1454,0.00000000,1747583999999,0.00000000,0,0.00000000,0.00000000,0
2025-05-18 16:00:00,0.1448,0.1448,0.1448,0.1448,14.00000000,1747598399999,2.02720000,1,0.00000000,0.00000000,0
2025-05-18 20:00:00,0.1448,0.1448,0.1448,0.1448,0.00000000,1747612799999,0.00000000,0,0.00000000,0.00000000,0
2025-05-19 00:00:00,0.1448,0.1448,0.1448,0.1448,0.00000000,1747627199999,0.00000000,0,0.00000000,0.00000000,0
2025-05-19 04:00:00,0.1448,0.1448,0.1448,0.1448,0.00000000,1747641599999,0.00000000,0,0.00000000,0.00000000,0
2025-05-19 08:00:00,0.1448,0.1448,0.1448,0.1448,0.00000000,1747655999999,0.00000000,0,0.00000000,0.00000000,0
2025-05-19 12:00:00,0.1448,0.1448,0.1448,0.1448,0.00000000,1747670399999,0.00000000,0,0.00000000,0.00000000,0
2025-05-19 16:00:00,0.1448,0.1448,0.1448,0.1448,0.00000000,1747684799999,0.00000000,0,0.00000000,0.00000000,0
2025-05-19 20:00:00,0.1448,0.1448,0.1448,0.1448,0.00000000,1747699199999,0.00000000,0,0.00000000,0.00000000,0
2025-05-20 00:00:00,0.1448,0.1448,0.1448,0.1448,0.00000000,1747713599999,0.00000000,0,0.00000000,0.00000000,0
2025-05-20 04:00:00,0.1448,0.1448,0.1448,0.1448,0.00000000,1747727999999,0.00000000,0,0.00000000,0.00000000,0
2025-05-20 08:00:00,0.1448,0.1448,0.1448,0.1448,0.00000000,1747742399999,0.00000000,0,0.00000000,0.00000000,0
2025-05-20 12:00:00,0.1448,0.1448,0.1448,0.1448,0.00000000,1747756799999,0.00000000,0,0.00000000,0.00000000,0
2025-05-20 16:00:00,0.1448,0.1448,0.1448,0.1448,0.00000000,1747771199999,0.00000000,0,0.00000000,0.00000000,0
2025-05-20 20:00:00,0.1448,0.1448,0.1448,0.1448,0.00000000,1747785599999,0.00000000,0,0.00000000,0.00000000,0
2025-05-21 00:00:00,0.16,0.1812,0.1517,0.1517,11252.00000000,1747799999999,1897.77040000,24,9109.00000000,1545.52730000,0
2025-05-21 04:00:00,0.1421,0.1421,0.1421,0.1421,485.00000000,1747814399999,68.91850000,2,0.00000000,0.00000000,0
2025-05-21 08:00:00,0.1421,0.1421,0.1421,0.1421,0.00000000,1747828799999,0.00000000,0,0.00000000,0.00000000,0
2025-05-21 12:00:00,0.1421,0.1421,0.1421,0.1421,0.00000000,1747843199999,0.00000000,0,0.00000000,0.00000000,0
2025-05-21 16:00:00,0.1421,0.1421,0.1421,0.1421,0.00000000,1747857599999,0.00000000,0,0.00000000,0.00000000,0
2025-05-21 20:00:00,0.1421,0.1421,0.1421,0.1421,0.00000000,1747871999999,0.00000000,0,0.00000000,0.00000000,0
2025-05-22 00:00:00,0.1601,0.1601,0.1601,0.1601,62.00000000,1747886399999,9.92620000,1,62.00000000,9.92620000,0
2025-05-22 04:00:00,0.1575,0.1575,0.1575,0.1575,39.00000000,1747900799999,6.14250000,1,39.00000000,6.14250000,0
2025-05-22 08:00:00,0.1575,0.1575,0.1575,0.1575,0.00000000,1747915199999,0.00000000,0,0.00000000,0.00000000,0
2025-05-22 12:00:00,0.1575,0.1575,0.1575,0.1575,0.00000000,1747929599999,0.00000000,0,0.00000000,0.00000000,0
2025-05-22 16:00:00,0.1575,0.1575,0.1575,0.1575,0.00000000,1747943999999,0.00000000,0,0.00000000,0.00000000,0
2025-05-22 20:00:00,0.1575,0.1575,0.1575,0.1575,0.00000000,1747958399999,0.00000000,0,0.00000000,0.00000000,0
2025-05-23 00:00:00,0.1528,0.1542,0.1528,0.1542,1383.00000000,1747972799999,213.19420000,5,1383.00000000,213.19420000,0
2025-05-23 04:00:00,0.1542,0.1542,0.1542,0.1542,0.00000000,1747987199999,0.00000000,0,0.00000000,0.00000000,0
2025-05-23 08:00:00,0.1528,0.1528,0.1506,0.1506,1399.00000000,1748001599999,211.75900000,13,42.00000000,6.39240000,0
2025-05-23 12:00:00,0.1506,0.1506,0.1506,0.1506,0.00000000,1748015999999,0.00000000,0,0.00000000,0.00000000,0
2025-05-23 16:00:00,0.1528,0.1528,0.1528,0.1528,7.00000000,1748030399999,1.06960000,1,0.00000000,0.00000000,0
2025-05-23 20:00:00,0.1514,0.1514,0.1514,0.1514,35.00000000,1748044799999,5.29900000,1,35.00000000,5.29900000,0
2025-05-24 00:00:00,0.1512,0.1512,0.1512,0.1512,20.00000000,1748059199999,3.02400000,1,20.00000000,3.02400000,0
2025-05-24 04:00:00,0.1512,0.1512,0.1512,0.1512,0.00000000,1748073599999,0.00000000,0,0.00000000,0.00000000,0
2025-05-24 08:00:00,0.1512,0.1512,0.1512,0.1512,0.00000000,1748087999999,0.00000000,0,0.00000000,0.00000000,0
2025-05-24 12:00:00,0.1512,0.1512,0.1512,0.1512,0.00000000,1748102399999,0.00000000,0,0.00000000,0.00000000,0
2025-05-24 16:00:00,0.1512,0.1512,0.1512,0.1512,0.00000000,1748116799999,0.00000000,0,0.00000000,0.00000000,0
2025-05-24 20:00:00,0.1512,0.1512,0.1512,0.1512,0.00000000,1748131199999,0.00000000,0,0.00000000,0.00000000,0
2025-05-25 00:00:00,0.1499,0.1499,0.1499,0.1499,36.00000000,1748145599999,5.39640000,1,0.00000000,0.00000000,0
2025-05-25 04:00:00,0.1465,0.1465,0.1465,0.1465,35.00000000,1748159999999,5.12750000,1,0.00000000,0.00000000,0
2025-05-25 08:00:00,0.1458,0.1458,0.1439,0.1439,2904.00000000,1748174399999,421.50720000,6,0.00000000,0.00000000,0
2025-05-25 12:00:00,0.1439,0.1439,0.1439,0.1439,0.00000000,1748188799999,0.00000000,0,0.00000000,0.00000000,0
2025-05-25 16:00:00,0.1446,0.1451,0.1446,0.1451,21.00000000,1748203199999,3.04010000,3,21.00000000,3.04010000,0
2025-05-25 20:00:00,0.1453,0.1453,0.1453,0.1453,7.00000000,1748217599999,1.01710000,1,7.00000000,1.01710000,0
2025-05-26 00:00:00,0.1453,0.1453,0.1453,0.1453,0.00000000,1748231999999,0.00000000,0,0.00000000,0.00000000,0
2025-05-26 04:00:00,0.1453,0.1453,0.1453,0.1453,0.00000000,1748246399999,0.00000000,0,0.00000000,0.00000000,0
2025-05-26 08:00:00,0.1453,0.1453,0.1453,0.1453,0.00000000,1748260799999,0.00000000,0,0.00000000,0.00000000,0
2025-05-26 12:00:00,0.1453,0.1453,0.1453,0.1453,0.00000000,1748275199999,0.00000000,0,0.00000000,0.00000000,0
2025-05-26 16:00:00,0.1442,0.1442,0.1442,0.1442,7.00000000,1748289599999,1.00940000,1,7.00000000,1.00940000,0
2025-05-26 20:00:00,0.1442,0.1442,0.1442,0.1442,0.00000000,1748303999999,0.00000000,0,0.00000000,0.00000000,0
2025-05-27 00:00:00,0.1442,0.1442,0.1442,0.1442,0.00000000,1748318399999,0.00000000,0,0.00000000,0.00000000,0
2025-05-27 04:00:00,0.1514,0.1514,0.1448,0.1448,274.00000000,1748332799999,40.32860000,2,274.00000000,40.32860000,0
2025-05-27 08:00:00,0.1448,0.1448,0.1448,0.1448,0.00000000,1748347199999,0.00000000,0,0.00000000,0.00000000,0
2025-05-27 12:00:00,0.141,0.141,0.1409,0.1409,311.00000000,1748361599999,43.83450000,2,0.00000000,0.00000000,0
2025-05-27 16:00:00,0.1409,0.1409,0.1409,0.1409,0.00000000,1748375999999,0.00000000,0,0.00000000,0.00000000,0
2025-05-27 20:00:00,0.1409,0.1409,0.1409,0.1409,0.00000000,1748390399999,0.00000000,0,0.00000000,0.00000000,0
2025-05-28 00:00:00,0.13,0.13,0.13,0.13,104.00000000,1748404799999,13.52000000,1,0.00000000,0.00000000,0
2025-05-28 04:00:00,0.13,0.13,0.13,0.13,0.00000000,1748419199999,0.00000000,0,0.00000000,0.00000000,0
2025-05-28 08:00:00,0.13,0.13,0.13,0.13,0.00000000,1748433599999,0.00000000,0,0.00000000,0.00000000,0
2025-05-28 12:00:00,0.13,0.13,0.13,0.13,0.00000000,1748447999999,0.00000000,0,0.00000000,0.00000000,0
2025-05-28 16:00:00,0.13,0.13,0.13,0.13,0.00000000,1748462399999,0.00000000,0,0.00000000,0.00000000,0
2025-05-28 20:00:00,0.13,0.13,0.13,0.13,0.00000000,1748476799999,0.00000000,0,0.00000000,0.00000000,0
2025-05-29 00:00:00,0.13,0.13,0.13,0.13,0.00000000,1748491199999,0.00000000,0,0.00000000,0.00000000,0
2025-05-29 04:00:00,0.13,0.13,0.13,0.13,0.00000000,1748505599999,0.00000000,0,0.00000000,0.00000000,0
2025-05-29 08:00:00,0.13,0.13,0.13,0.13,0.00000000,1748519999999,0.00000000,0,0.00000000,0.00000000,0
2025-05-29 12:00:00,0.13,0.13,0.13,0.13,0.00000000,1748534399999,0.00000000,0,0.00000000,0.00000000,0
2025-05-29 16:00:00,0.13,0.13,0.13,0.13,0.00000000,1748548799999,0.00000000,0,0.00000000,0.00000000,0
2025-05-29 20:00:00,0.13,0.13,0.13,0.13,0.00000000,1748563199999,0.00000000,0,0.00000000,0.00000000,0
2025-05-30 00:00:00,0.13,0.13,0.13,0.13,0.00000000,1748577599999,0.00000000,0,0.00000000,0.00000000,0
2025-05-30 04:00:00,0.13,0.13,0.13,0.13,0.00000000,1748591999999,0.00000000,0,0.00000000,0.00000000,0
2025-05-30 08:00:00,0.1298,0.1298,0.1298,0.1298,43.00000000,1748606399999,5.58140000,1,0.00000000,0.00000000,0
2025-05-30 12:00:00,0.1298,0.1298,0.1298,0.1298,0.00000000,1748620799999,0.00000000,0,0.00000000,0.00000000,0
2025-05-30 16:00:00,0.1298,0.1298,0.1298,0.1298,0.00000000,1748635199999,0.00000000,0,0.00000000,0.00000000,0
2025-05-30 20:00:00,0.1298,0.1298,0.1298,0.1298,0.00000000,1748649599999,0.00000000,0,0.00000000,0.00000000,0
2025-05-31 00:00:00,0.1298,0.1298,0.1298,0.1298,0.00000000,1748663999999,0.00000000,0,0.00000000,0.00000000,0
2025-05-31 04:00:00,0.1344,0.1385,0.1344,0.1385,319.00000000,1748678399999,43.02120000,2,36.00000000,4.98600000,0
2025-05-31 08:00:00,0.1354,0.1357,0.1349,0.1357,137.00000000,1748692799999,18.54710000,5,0.00000000,0.00000000,0
2025-05-31 12:00:00,0.1357,0.1357,0.1357,0.1357,0.00000000,1748707199999,0.00000000,0,0.00000000,0.00000000,0
2025-05-31 16:00:00,0.1357,0.1357,0.1357,0.1357,0.00000000,1748721599999,0.00000000,0,0.00000000,0.00000000,0
2025-05-31 20:00:00,0.1357,0.1357,0.1357,0.1357,0.00000000,1748735999999,0.00000000,0,0.00000000,0.00000000,0
2025-06-01 00:00:00,0.1357,0.1357,0.1357,0.1357,661.00000000,1748750399999,89.69770000,1,0.00000000,0.00000000,0
2025-06-01 04:00:00,0.1357,0.1357,0.1357,0.1357,0.00000000,1748764799999,0.00000000,0,0.00000000,0.00000000,0
2025-06-01 08:00:00,0.1357,0.1357,0.1357,0.1357,0.00000000,1748779199999,0.00000000,0,0.00000000,0.00000000,0
2025-06-01 12:00:00,0.1357,0.1357,0.1357,0.1357,0.00000000,1748793599999,0.00000000,0,0.00000000,0.00000000,0
2025-06-01 16:00:00,0.1357,0.1357,0.1357,0.1357,0.00000000,1748807999999,0.00000000,0,0.00000000,0.00000000,0
2025-06-01 20:00:00,0.1357,0.1357,0.1357,0.1357,0.00000000,1748822399999,0.00000000,0,0.00000000,0.00000000,0
2025-06-02 00:00:00,0.1357,0.1357,0.1357,0.1357,0.00000000,1748836799999,0.00000000,0,0.00000000,0.00000000,0
2025-06-02 04:00:00,0.1357,0.1357,0.1357,0.1357,0.00000000,1748851199999,0.00000000,0,0.00000000,0.00000000,0
2025-06-02 08:00:00,0.1357,0.1357,0.1357,0.1357,0.00000000,1748865599999,0.00000000,0,0.00000000,0.00000000,0
2025-06-02 12:00:00,0.1353,0.1353,0.1353,0.1353,213.00000000,1748879999999,28.81890000,1,0.00000000,0.00000000,0
2025-06-02 16:00:00,0.1353,0.1353,0.1353,0.1353,0.00000000,1748894399999,0.00000000,0,0.00000000,0.00000000,0
2025-06-02 20:00:00,0.1353,0.1353,0.1353,0.1353,0.00000000,1748908799999,0.00000000,0,0.00000000,0.00000000,0
2025-06-03 00:00:00,0.1353,0.1353,0.1353,0.1353,0.00000000,1748923199999,0.00000000,0,0.00000000,0.00000000,0
2025-06-03 04:00:00,0.1416,0.1416,0.1416,0.1416,10.00000000,1748937599999,1.41600000,1,10.00000000,1.41600000,0
2025-06-03 08:00:00,0.1416,0.1416,0.1416,0.1416,0.00000000,1748951999999,0.00000000,0,0.00000000,0.00000000,0
2025-06-03 12:00:00,0.1416,0.1416,0.1416,0.1416,0.00000000,1748966399999,0.00000000,0,0.00000000,0.00000000,0
2025-06-03 16:00:00,0.1287,0.1287,0.1097,0.1097,996.00000000,1748980799999,119.64120000,4,0.00000000,0.00000000,0
2025-06-03 20:00:00,0.1097,0.1097,0.1097,0.1097,0.00000000,1748995199999,0.00000000,0,0.00000000,0.00000000,0
2025-06-04 00:00:00,0.1421,0.1421,0.1421,0.1421,19.00000000,1749009599999,2.69990000,1,19.00000000,2.69990000,0
2025-06-04 04:00:00,0.1421,0.1421,0.1421,0.1421,0.00000000,1749023999999,0.00000000,0,0.00000000,0.00000000,0
2025-06-04 08:00:00,0.1421,0.1421,0.1421,0.1421,0.00000000,1749038399999,0.00000000,0,0.00000000,0.00000000,0
2025-06-04 12:00:00,0.1421,0.1421,0.1421,0.1421,0.00000000,1749052799999,0.00000000,0,0.00000000,0.00000000,0
2025-06-04 16:00:00,0.1421,0.1421,0.1421,0.1421,0.00000000,1749067199999,0.00000000,0,0.00000000,0.00000000,0
2025-06-04 20:00:00,0.1421,0.1421,0.1421,0.1421,0.00000000,1749081599999,0.00000000,0,0.00000000,0.00000000,0
2025-06-05 00:00:00,0.142,0.1421,0.142,0.1421,541.00000000,1749095999999,76.83460000,2,541.00000000,76.83460000,0
2025-06-05 04:00:00,0.1371,0.1371,0.137,0.137,513.00000000,1749110399999,70.32920000,3,0.00000000,0.00000000,0
2025-06-05 08:00:00,0.137,0.137,0.137,0.137,0.00000000,1749124799999,0.00000000,0,0.00000000,0.00000000,0
2025-06-05 12:00:00,0.137,0.137,0.137,0.137,0.00000000,1749139199999,0.00000000,0,0.00000000,0.00000000,0
2025-06-05 16:00:00,0.137,0.137,0.137,0.137,0.00000000,1749153599999,0.00000000,0,0.00000000,0.00000000,0
2025-06-05 20:00:00,0.137,0.137,0.137,0.137,0.00000000,1749167999999,0.00000000,0,0.00000000,0.00000000,0
2025-06-06 00:00:00,0.1364,0.1364,0.1362,0.1362,816.00000000,1749182399999,111.20020000,2,0.00000000,0.00000000,0
2025-06-06 04:00:00,0.1362,0.1362,0.1362,0.1362,0.00000000,1749196799999,0.00000000,0,0.00000000,0.00000000,0
2025-06-06 08:00:00,0.1362,0.1362,0.1362,0.1362,0.00000000,1749211199999,0.00000000,0,0.00000000,0.00000000,0
2025-06-06 12:00:00,0.1362,0.1362,0.1362,0.1362,0.00000000,1749225599999,0.00000000,0,0.00000000,0.00000000,0
2025-06-06 16:00:00,0.136,0.136,0.11,0.11,984.00000000,1749239999999,122.94760000,5,0.00000000,0.00000000,0
2025-06-06 20:00:00,0.11,0.11,0.11,0.11,0.00000000,1749254399999,0.00000000,0,0.00000000,0.00000000,0
2025-06-07 00:00:00,0.14,0.1407,0.14,0.1407,471.00000000,1749268799999,65.99460000,3,471.00000000,65.99460000,0
2025-06-07 04:00:00,0.1407,0.1407,0.1407,0.1407,0.00000000,1749283199999,0.00000000,0,0.00000000,0.00000000,0
2025-06-07 08:00:00,0.1411,0.1411,0.1411,0.1411,43.00000000,1749297599999,6.06730000,1,0.00000000,0.00000000,0
2025-06-07 12:00:00,0.1411,0.1411,0.1411,0.1411,0.00000000,1749311999999,0.00000000,0,0.00000000,0.00000000,0
2025-06-07 16:00:00,0.1454,0.1454,0.1417,0.1417,265.00000000,1749326399999,37.86130000,5,84.00000000,12.20520000,0
2025-06-07 20:00:00,0.1417,0.1417,0.1417,0.1417,0.00000000,1749340799999,0.00000000,0,0.00000000,0.00000000,0
2025-06-08 00:00:00,0.1417,0.1417,0.1417,0.1417,0.00000000,1749355199999,0.00000000,0,0.00000000,0.00000000,0
2025-06-08 04:00:00,0.1449,0.1494,0.1449,0.1494,1034.00000000,1749369599999,151.57500000,4,1034.00000000,151.57500000,0
2025-06-08 08:00:00,0.1494,0.1494,0.1494,0.1494,0.00000000,1749383999999,0.00000000,0,0.00000000,0.00000000,0
2025-06-08 12:00:00,0.1494,0.1494,0.1494,0.1494,0.00000000,1749398399999,0.00000000,0,0.00000000,0.00000000,0
2025-06-08 16:00:00,0.1494,0.1494,0.1494,0.1494,0.00000000,1749412799999,0.00000000,0,0.00000000,0.00000000,0
2025-06-08 20:00:00,0.1494,0.1494,0.1494,0.1494,0.00000000,1749427199999,0.00000000,0,0.00000000,0.00000000,0
2025-06-09 00:00:00,0.1494,0.1494,0.1494,0.1494,0.00000000,1749441599999,0.00000000,0,0.00000000,0.00000000,0
2025-06-09 04:00:00,0.1494,0.1494,0.1494,0.1494,0.00000000,1749455999999,0.00000000,0,0.00000000,0.00000000,0
2025-06-09 08:00:00,0.1494,0.1494,0.1494,0.1494,0.00000000,1749470399999,0.00000000,0,0.00000000,0.00000000,0
2025-06-09 12:00:00,0.1494,0.1494,0.1494,0.1494,0.00000000,1749484799999,0.00000000,0,0.00000000,0.00000000,0
2025-06-09 16:00:00,0.1494,0.1494,0.1494,0.1494,0.00000000,1749499199999,0.00000000,0,0.00000000,0.00000000,0
2025-06-09 20:00:00,0.1495,0.1495,0.1436,0.1436,13907.00000000,1749513599999,2076.83680000,6,13524.00000000,2021.83800000,0
2025-06-10 00:00:00,0.1436,0.1436,0.1436,0.1436,0.00000000,1749527999999,0.00000000,0,0.00000000,0.00000000,0
2025-06-10 04:00:00,0.1436,0.1436,0.1436,0.1436,0.00000000,1749542399999,0.00000000,0,0.00000000,0.00000000,0
2025-06-10 08:00:00,0.1497,0.1497,0.1497,0.1497,133.00000000,1749556799999,19.91010000,3,133.00000000,19.91010000,0
2025-06-10 12:00:00,0.1514,0.1518,0.1504,0.1504,5061.00000000,1749571199999,766.22400000,4,5020.00000000,760.05760000,0
2025-06-10 16:00:00,0.1504,0.1504,0.1504,0.1504,0.00000000,1749585599999,0.00000000,0,0.00000000,0.00000000,0
2025-06-10 20:00:00,0.1507,0.1507,0.1507,0.1507,55.00000000,1749599999999,8.28850000,2,55.00000000,8.28850000,0
2025-06-11 00:00:00,0.1507,0.1507,0.1507,0.1507,0.00000000,1749614399999,0.00000000,0,0.00000000,0.00000000,0
2025-06-11 04:00:00,0.1507,0.1507,0.1507,0.1507,0.00000000,1749628799999,0.00000000,0,0.00000000,0.00000000,0
2025-06-11 08:00:00,0.1507,0.1507,0.1507,0.1507,0.00000000,1749643199999,0.00000000,0,0.00000000,0.00000000,0
2025-06-11 12:00:00,0.1507,0.1507,0.1507,0.1507,0.00000000,1749657599999,0.00000000,0,0.00000000,0.00000000,0
2025-06-11 16:00:00,0.1507,0.1507,0.1507,0.1507,0.00000000,1749671999999,0.00000000,0,0.00000000,0.00000000,0
2025-06-11 20:00:00,0.1507,0.1507,0.1507,0.1507,0.00000000,1749686399999,0.00000000,0,0.00000000,0.00000000,0
2025-06-12 00:00:00,0.1507,0.1507,0.1507,0.1507,0.00000000,1749700799999,0.00000000,0,0.00000000,0.00000000,0
2025-06-12 04:00:00,0.1507,0.1507,0.1507,0.1507,0.00000000,1749715199999,0.00000000,0,0.00000000,0.00000000,0
2025-06-12 08:00:00,0.1507,0.1507,0.1507,0.1507,0.00000000,1749729599999,0.00000000,0,0.00000000,0.00000000,0
2025-06-12 12:00:00,0.1507,0.1507,0.1507,0.1507,0.00000000,1749743999999,0.00000000,0,0.00000000,0.00000000,0
2025-06-12 16:00:00,0.1482,0.1482,0.1413,0.1413,482.00000000,1749758399999,68.15490000,4,7.00000000,1.03740000,0
2025-06-12 20:00:00,0.1416,0.1416,0.1416,0.1416,31.00000000,1749772799999,4.38960000,1,0.00000000,0.00000000,0
2025-06-13 00:00:00,0.1371,0.1371,0.1336,0.1336,1979.00000000,1749787199999,265.27440000,5,177.00000000,24.26670000,0
2025-06-13 04:00:00,0.1336,0.1336,0.1336,0.1336,0.00000000,1749801599999,0.00000000,0,0.00000000,0.00000000,0
2025-06-13 08:00:00,0.1336,0.1336,0.1336,0.1336,0.00000000,1749815999999,0.00000000,0,0.00000000,0.00000000,0
2025-06-13 12:00:00,0.1336,0.1336,0.1336,0.1336,0.00000000,1749830399999,0.00000000,0,0.00000000,0.00000000,0
2025-06-13 16:00:00,0.1336,0.1336,0.1336,0.1336,0.00000000,1749844799999,0.00000000,0,0.00000000,0.00000000,0
2025-06-13 20:00:00,0.1336,0.1336,0.1336,0.1336,0.00000000,1749859199999,0.00000000,0,0.00000000,0.00000000,0
2025-06-14 00:00:00,0.1336,0.1336,0.1336,0.1336,0.00000000,1749873599999,0.00000000,0,0.00000000,0.00000000,0
2025-06-14 04:00:00,0.1336,0.1336,0.1336,0.1336,204.00000000,1749887999999,27.25440000,1,204.00000000,27.25440000,0
2025-06-14 08:00:00,0.1336,0.1336,0.1336,0.1336,0.00000000,1749902399999,0.00000000,0,0.00000000,0.00000000,0
2025-06-14 12:00:00,0.1336,0.1336,0.1336,0.1336,0.00000000,1749916799999,0.00000000,0,0.00000000,0.00000000,0
2025-06-14 16:00:00,0.1336,0.1336,0.1336,0.1336,0.00000000,1749931199999,0.00000000,0,0.00000000,0.00000000,0
2025-06-14 20:00:00,0.1336,0.1336,0.1336,0.1336,0.00000000,1749945599999,0.00000000,0,0.00000000,0.00000000,0
2025-06-15 00:00:00,0.1336,0.1336,0.1336,0.1336,0.00000000,1749959999999,0.00000000,0,0.00000000,0.00000000,0
2025-06-15 04:00:00,0.1336,0.1336,0.1336,0.1336,0.00000000,1749974399999,0.00000000,0,0.00000000,0.00000000,0
2025-06-15 08:00:00,0.1336,0.1336,0.1336,0.1336,0.00000000,1749988799999,0.00000000,0,0.00000000,0.00000000,0
2025-06-15 12:00:00,0.1353,0.1353,0.1353,0.1353,1123.00000000,1750003199999,151.94190000,1,0.00000000,0.00000000,0
2025-06-15 16:00:00,0.1353,0.1353,0.1353,0.1353,0.00000000,1750017599999,0.00000000,0,0.00000000,0.00000000,0
2025-06-15 20:00:00,0.1353,0.1353,0.1353,0.1353,0.00000000,1750031999999,0.00000000,0,0.00000000,0.00000000,0
2025-06-16 00:00:00,0.1309,0.1309,0.1309,0.1309,56.00000000,1750046399999,7.33040000,1,0.00000000,0.00000000,0
2025-06-16 04:00:00,0.1309,0.1309,0.1309,0.1309,0.00000000,1750060799999,0.00000000,0,0.00000000,0.00000000,0
2025-06-16 08:00:00,0.1424,0.1424,0.1424,0.1424,171.00000000,1750075199999,24.35040000,1,171.00000000,24.35040000,0
2025-06-16 12:00:00,0.1411,0.1411,0.1411,0.1411,284.00000000,1750089599999,40.07240000,1,284.00000000,40.07240000,0
2025-06-16 16:00:00,0.1411,0.1411,0.1411,0.1411,0.00000000,1750103999999,0.00000000,0,0.00000000,0.00000000,0
2025-06-16 20:00:00,0.1361,0.1361,0.1292,0.1292,564.00000000,1750118399999,75.08520000,3,0.00000000,0.00000000,0
2025-06-17 00:00:00,0.1321,0.1321,0.1311,0.1311,382.00000000,1750132799999,50.20720000,2,0.00000000,0.00000000,0
2025-06-17 04:00:00,0.1337,0.1338,0.1337,0.1338,448.00000000,1750147199999,59.94160000,3,440.00000000,58.87200000,0
2025-06-17 08:00:00,0.1338,0.1338,0.1338,0.1338,0.00000000,1750161599999,0.00000000,0,0.00000000,0.00000000,0
2025-06-17 12:00:00,0.1338,0.1338,0.1338,0.1338,0.00000000,1750175999999,0.00000000,0,0.00000000,0.00000000,0
2025-06-17 16:00:00,0.1338,0.1338,0.1338,0.1338,0.00000000,1750190399999,0.00000000,0,0.00000000,0.00000000,0
2025-06-17 20:00:00,0.1338,0.1338,0.1338,0.1338,0.00000000,1750204799999,0.00000000,0,0.00000000,0.00000000,0
2025-06-18 00:00:00,0.1338,0.1338,0.1338,0.1338,0.00000000,1750219199999,0.00000000,0,0.00000000,0.00000000,0
2025-06-18 04:00:00,0.1338,0.1338,0.1338,0.1338,0.00000000,1750233599999,0.00000000,0,0.00000000,0.00000000,0
2025-06-18 08:00:00,0.1338,0.1338,0.1338,0.1338,0.00000000,1750247999999,0.00000000,0,0.00000000,0.00000000,0
2025-06-18 12:00:00,0.1338,0.1338,0.1338,0.1338,0.00000000,1750262399999,0.00000000,0,0.00000000,0.00000000,0
2025-06-18 16:00:00,0.1338,0.1338,0.1338,0.1338,0.00000000,1750276799999,0.00000000,0,0.00000000,0.00000000,0
2025-06-18 20:00:00,0.1338,0.1338,0.1338,0.1338,0.00000000,1750291199999,0.00000000,0,0.00000000,0.00000000,0
2025-06-19 00:00:00,0.1318,0.1318,0.1318,0.1318,35.00000000,1750305599999,4.61300000,1,0.00000000,0.00000000,0
2025-06-19 04:00:00,0.1318,0.1318,0.1318,0.1318,0.00000000,1750319999999,0.00000000,0,0.00000000,0.00000000,0
2025-06-19 08:00:00,0.1318,0.1318,0.1318,0.1318,0.00000000,1750334399999,0.00000000,0,0.00000000,0.00000000,0
2025-06-19 12:00:00,0.1318,0.1318,0.1318,0.1318,0.00000000,1750348799999,0.00000000,0,0.00000000,0.00000000,0
2025-06-19 16:00:00,0.1318,0.1318,0.1318,0.1318,0.00000000,1750363199999,0.00000000,0,0.00000000,0.00000000,0
2025-06-19 20:00:00,0.133,0.133,0.133,0.133,440.00000000,1750377599999,58.52000000,1,0.00000000,0.00000000,0
2025-06-20 00:00:00,0.133,0.133,0.133,0.133,0.00000000,1750391999999,0.00000000,0,0.00000000,0.00000000,0
2025-06-20 04:00:00,0.133,0.133,0.133,0.133,0.00000000,1750406399999,0.00000000,0,0.00000000,0.00000000,0
2025-06-20 08:00:00,0.133,0.133,0.133,0.133,0.00000000,1750420799999,0.00000000,0,0.00000000,0.00000000,0
2025-06-20 12:00:00,0.133,0.133,0.133,0.133,0.00000000,1750435199999,0.00000000,0,0.00000000,0.00000000,0
2025-06-20 16:00:00,0.1339,0.1357,0.1339,0.1357,1641.00000000,1750449599999,220.08990000,2,1641.00000000,220.08990000,0
2025-06-20 20:00:00,0.1357,0.1357,0.1357,0.1357,0.00000000,1750463999999,0.00000000,0,0.00000000,0.00000000,0
2025-06-21 00:00:00,0.1357,0.1357,0.1357,0.1357,0.00000000,1750478399999,0.00000000,0,0.00000000,0.00000000,0
2025-06-21 04:00:00,0.1357,0.1357,0.1357,0.1357,0.00000000,1750492799999,0.00000000,0,0.00000000,0.00000000,0
2025-06-21 08:00:00,0.1357,0.1357,0.1357,0.1357,0.00000000,1750507199999,0.00000000,0,0.00000000,0.00000000,0
2025-06-21 12:00:00,0.1357,0.1357,0.1357,0.1357,0.00000000,1750521599999,0.00000000,0,0.00000000,0.00000000,0
2025-06-21 16:00:00,0.1357,0.1357,0.1357,0.1357,0.00000000,1750535999999,0.00000000,0,0.00000000,0.00000000,0
2025-06-21 20:00:00,0.1357,0.1357,0.1357,0.1357,0.00000000,1750550399999,0.00000000,0,0.00000000,0.00000000,0
2025-06-22 00:00:00,0.1292,0.1292,0.1292,0.1292,33.00000000,1750564799999,4.26360000,1,0.00000000,0.00000000,0
2025-06-22 04:00:00,0.1292,0.1292,0.1292,0.1292,0.00000000,1750579199999,0.00000000,0,0.00000000,0.00000000,0
2025-06-22 08:00:00,0.1292,0.1292,0.1292,0.1292,0.00000000,1750593599999,0.00000000,0,0.00000000,0.00000000,0
2025-06-22 12:00:00,0.1292,0.1292,0.1292,0.1292,0.00000000,1750607999999,0.00000000,0,0.00000000,0.00000000,0
2025-06-22 16:00:00,0.1292,0.1292,0.1292,0.1292,0.00000000,1750622399999,0.00000000,0,0.00000000,0.00000000,0
2025-06-22 20:00:00,0.1292,0.1292,0.1292,0.1292,0.00000000,1750636799999,0.00000000,0,0.00000000,0.00000000,0
2025-06-23 00:00:00,0.1292,0.1292,0.1292,0.1292,0.00000000,1750651199999,0.00000000,0,0.00000000,0.00000000,0
2025-06-23 04:00:00,0.1292,0.1292,0.1292,0.1292,0.00000000,1750665599999,0.00000000,0,0.00000000,0.00000000,0
2025-06-23 08:00:00,0.1292,0.1292,0.1292,0.1292,0.00000000,1750679999999,0.00000000,0,0.00000000,0.00000000,0
2025-06-23 12:00:00,0.1292,0.1292,0.1292,0.1292,0.00000000,1750694399999,0.00000000,0,0.00000000,0.00000000,0
2025-06-23 16:00:00,0.1292,0.1292,0.1292,0.1292,0.00000000,1750708799999,0.00000000,0,0.00000000,0.00000000,0
2025-06-23 20:00:00,0.1336,0.1407,0.1336,0.134,1133.00000000,1750723199999,154.54670000,5,995.00000000,135.90290000,0
2025-06-24 00:00:00,0.136,0.136,0.136,0.136,35.00000000,1750737599999,4.76000000,1,35.00000000,4.76000000,0
2025-06-24 04:00:00,0.136,0.136,0.136,0.136,0.00000000,1750751999999,0.00000000,0,0.00000000,0.00000000,0
2025-06-24 08:00:00,0.136,0.136,0.136,0.136,0.00000000,1750766399999,0.00000000,0,0.00000000,0.00000000,0
2025-06-24 12:00:00,0.136,0.136,0.136,0.136,0.00000000,1750780799999,0.00000000,0,0.00000000,0.00000000,0
2025-06-24 16:00:00,0.136,0.136,0.136,0.136,0.00000000,1750795199999,0.00000000,0,0.00000000,0.00000000,0
2025-06-24 20:00:00,0.136,0.136,0.136,0.136,0.00000000,1750809599999,0.00000000,0,0.00000000,0.00000000,0
2025-06-25 00:00:00,0.136,0.136,0.136,0.136,0.00000000,1750823999999,0.00000000,0,0.00000000,0.00000000,0
2025-06-25 04:00:00,0.136,0.136,0.136,0.136,0.00000000,1750838399999,0.00000000,0,0.00000000,0.00000000,0
2025-06-25 08:00:00,0.136,0.136,0.136,0.136,0.00000000,1750852799999,0.00000000,0,0.00000000,0.00000000,0
2025-06-25 12:00:00,0.136,0.136,0.136,0.136,0.00000000,1750867199999,0.00000000,0,0.00000000,0.00000000,0
2025-06-25 16:00:00,0.136,0.136,0.136,0.136,0.00000000,1750881599999,0.00000000,0,0.00000000,0.00000000,0
2025-06-25 20:00:00,0.136,0.136,0.136,0.136,0.00000000,1750895999999,0.00000000,0,0.00000000,0.00000000,0
2025-06-26 00:00:00,0.136,0.136,0.136,0.136,0.00000000,1750910399999,0.00000000,0,0.00000000,0.00000000,0
2025-06-26 04:00:00,0.136,0.136,0.136,0.136,0.00000000,1750924799999,0.00000000,0,0.00000000,0.00000000,0
2025-06-26 08:00:00,0.1353,0.1407,0.1353,0.1407,1499.00000000,1750939199999,203.74590000,4,1499.00000000,203.74590000,0
2025-06-26 12:00:00,0.1407,0.1407,0.1407,0.1407,0.00000000,1750953599999,0.00000000,0,0.00000000,0.00000000,0
2025-06-26 16:00:00,0.1407,0.1407,0.1407,0.1407,0.00000000,1750967999999,0.00000000,0,0.00000000,0.00000000,0
2025-06-26 20:00:00,0.1407,0.1407,0.1407,0.1407,0.00000000,1750982399999,0.00000000,0,0.00000000,0.00000000,0
2025-06-27 00:00:00,0.1333,0.1333,0.1333,0.1333,37.00000000,1750996799999,4.93210000,1,37.00000000,4.93210000,0
2025-06-27 04:00:00,0.1333,0.1333,0.1333,0.1333,0.00000000,1751011199999,0.00000000,0,0.00000000,0.00000000,0
2025-06-27 08:00:00,0.1333,0.1333,0.1333,0.1333,0.00000000,1751025599999,0.00000000,0,0.00000000,0.00000000,0
2025-06-27 12:00:00,0.1333,0.1333,0.1333,0.1333,0.00000000,1751039999999,0.00000000,0,0.00000000,0.00000000,0
2025-06-27 16:00:00,0.1333,0.1333,0.1333,0.1333,0.00000000,1751054399999,0.00000000,0,0.00000000,0.00000000,0
2025-06-27 20:00:00,0.1333,0.1333,0.1333,0.1333,0.00000000,1751068799999,0.00000000,0,0.00000000,0.00000000,0
2025-06-28 00:00:00,0.1333,0.1333,0.1333,0.1333,0.00000000,1751083199999,0.00000000,0,0.00000000,0.00000000,0
2025-06-28 04:00:00,0.1333,0.1333,0.1333,0.1333,0.00000000,1751097599999,0.00000000,0,0.00000000,0.00000000,0
2025-06-28 08:00:00,0.1333,0.1333,0.1333,0.1333,0.00000000,1751111999999,0.00000000,0,0.00000000,0.00000000,0
2025-06-28 12:00:00,0.1333,0.1333,0.1333,0.1333,0.00000000,1751126399999,0.00000000,0,0.00000000,0.00000000,0
2025-06-28 16:00:00,0.1333,0.1333,0.1333,0.1333,0.00000000,1751140799999,0.00000000,0,0.00000000,0.00000000,0
2025-06-28 20:00:00,0.1333,0.1333,0.1333,0.1333,0.00000000,1751155199999,0.00000000,0,0.00000000,0.00000000,0
2025-06-29 00:00:00,0.1333,0.1333,0.1333,0.1333,0.00000000,1751169599999,0.00000000,0,0.00000000,0.00000000,0
2025-06-29 04:00:00,0.1333,0.1333,0.1333,0.1333,0.00000000,1751183999999,0.00000000,0,0.00000000,0.00000000,0
2025-06-29 08:00:00,0.1333,0.1333,0.1333,0.1333,0.00000000,1751198399999,0.00000000,0,0.00000000,0.00000000,0
2025-06-29 12:00:00,0.1339,0.1339,0.1121,0.1121,1438.00000000,1751212799999,175.39270000,4,0.00000000,0.00000000,0
2025-06-29 16:00:00,0.1121,0.1121,0.1121,0.1121,0.00000000,1751227199999,0.00000000,0,0.00000000,0.00000000,0
2025-06-29 20:00:00,0.1121,0.1121,0.1121,0.1121,0.00000000,1751241599999,0.00000000,0,0.00000000,0.00000000,0
2025-06-30 00:00:00,0.1121,0.1121,0.1121,0.1121,0.00000000,1751255999999,0.00000000,0,0.00000000,0.00000000,0
2025-06-30 04:00:00,0.1121,0.1121,0.1121,0.1121,0.00000000,1751270399999,0.00000000,0,0.00000000,0.00000000,0
2025-06-30 08:00:00,0.1368,0.1419,0.1368,0.1414,1992.00000000,1751284799999,279.99300000,8,1955.00000000,274.78710000,0
2025-06-30 12:00:00,0.1387,0.1396,0.1387,0.1396,231.00000000,1751299199999,32.07570000,2,40.00000000,5.58400000,0
2025-06-30 16:00:00,0.1396,0.1396,0.1396,0.1396,0.00000000,1751313599999,0.00000000,0,0.00000000,0.00000000,0
2025-06-30 20:00:00,0.1396,0.1396,0.1396,0.1396,0.00000000,1751327999999,0.00000000,0,0.00000000,0.00000000,0
2025-07-01 00:00:00,0.1396,0.1396,0.1396,0.1396,0.00000000,1751342399999,0.00000000,0,0.00000000,0.00000000,0
2025-07-01 04:00:00,0.1396,0.1396,0.1396,0.1396,0.00000000,1751356799999,0.00000000,0,0.00000000,0.00000000,0
2025-07-01 08:00:00,0.1396,0.1396,0.1396,0.1396,0.00000000,1751371199999,0.00000000,0,0.00000000,0.00000000,0
2025-07-01 12:00:00,0.1396,0.1396,0.1396,0.1396,0.00000000,1751385599999,0.00000000,0,0.00000000,0.00000000,0
2025-07-01 16:00:00,0.1396,0.1396,0.1396,0.1396,0.00000000,1751399999999,0.00000000,0,0.00000000,0.00000000,0
2025-07-01 20:00:00,0.1396,0.1396,0.1396,0.1396,0.00000000,1751414399999,0.00000000,0,0.00000000,0.00000000,0
2025-07-02 00:00:00,0.1396,0.1396,0.1396,0.1396,0.00000000,1751428799999,0.00000000,0,0.00000000,0.00000000,0
2025-07-02 04:00:00,0.1396,0.1396,0.1396,0.1396,0.00000000,1751443199999,0.00000000,0,0.00000000,0.00000000,0
2025-07-02 08:00:00,0.1353,0.1407,0.1353,0.1407,1965.00000000,1751457599999,269.13490000,4,1392.00000000,188.51380000,0
2025-07-02 12:00:00,0.1377,0.1377,0.1377,0.1377,9.00000000,1751471999999,1.23930000,1,9.00000000,1.23930000,0
2025-07-02 16:00:00,0.1377,0.1377,0.1377,0.1377,0.00000000,1751486399999,0.00000000,0,0.00000000,0.00000000,0
2025-07-02 20:00:00,0.1377,0.1377,0.1377,0.1377,277.00000000,1751500799999,38.14290000,1,277.00000000,38.14290000,0
2025-07-03 00:00:00,0.1377,0.1377,0.1377,0.1377,0.00000000,1751515199999,0.00000000,0,0.00000000,0.00000000,0
2025-07-03 04:00:00,0.1377,0.1377,0.1377,0.1377,0.00000000,1751529599999,0.00000000,0,0.00000000,0.00000000,0
2025-07-03 08:00:00,0.1377,0.1377,0.1377,0.1377,0.00000000,1751543999999,0.00000000,0,0.00000000,0.00000000,0
2025-07-03 12:00:00,0.1377,0.1377,0.1377,0.1377,1590.00000000,1751558399999,218.94300000,1,1590.00000000,218.94300000,0
2025-07-03 16:00:00,0.1377,0.1377,0.1377,0.1377,0.00000000,1751572799999,0.00000000,0,0.00000000,0.00000000,0
2025-07-03 20:00:00,0.1377,0.1377,0.1377,0.1377,0.00000000,1751587199999,0.00000000,0,0.00000000,0.00000000,0
2025-07-04 00:00:00,0.1413,0.1413,0.1413,0.1413,148.00000000,1751601599999,20.91240000,1,148.00000000,20.91240000,0
2025-07-04 04:00:00,0.1413,0.1413,0.1413,0.1413,0.00000000,1751615999999,0.00000000,0,0.00000000,0.00000000,0
2025-07-04 08:00:00,0.1346,0.1346,0.1346,0.1346,55.00000000,1751630399999,7.40300000,1,0.00000000,0.00000000,0
2025-07-04 12:00:00,0.1346,0.1346,0.1346,0.1346,0.00000000,1751644799999,0.00000000,0,0.00000000,0.00000000,0
2025-07-04 16:00:00,0.1343,0.1343,0.1342,0.1342,163.00000000,1751659199999,21.88380000,2,0.00000000,0.00000000,0
2025-07-04 20:00:00,0.1342,0.1342,0.1342,0.1342,0.00000000,1751673599999,0.00000000,0,0.00000000,0.00000000,0
2025-07-05 00:00:00,0.1342,0.1342,0.1342,0.1342,0.00000000,1751687999999,0.00000000,0,0.00000000,0.00000000,0
2025-07-05 04:00:00,0.1342,0.1342,0.1342,0.1342,0.00000000,1751702399999,0.00000000,0,0.00000000,0.00000000,0
2025-07-05 08:00:00,0.1342,0.1342,0.1342,0.1342,0.00000000,1751716799999,0.00000000,0,0.00000000,0.00000000,0
2025-07-05 12:00:00,0.1342,0.1342,0.1342,0.1342,0.00000000,1751731199999,0.00000000,0,0.00000000,0.00000000,0
2025-07-05 16:00:00,0.1342,0.1342,0.1342,0.1342,0.00000000,1751745599999,0.00000000,0,0.00000000,0.00000000,0
2025-07-05 20:00:00,0.1342,0.1342,0.1342,0.1342,0.00000000,1751759999999,0.00000000,0,0.00000000,0.00000000,0
2025-07-06 00:00:00,0.1342,0.1342,0.1342,0.1342,0.00000000,1751774399999,0.00000000,0,0.00000000,0.00000000,0
2025-07-06 04:00:00,0.1342,0.1342,0.1342,0.1342,0.00000000,1751788799999,0.00000000,0,0.00000000,0.00000000,0
2025-07-06 08:00:00,0.1342,0.1342,0.1342,0.1342,0.00000000,1751803199999,0.00000000,0,0.00000000,0.00000000,0
2025-07-06 12:00:00,0.1342,0.1342,0.133,0.133,147.00000000,1751817599999,19.58580000,2,0.00000000,0.00000000,0
2025-07-06 16:00:00,0.133,0.133,0.133,0.133,0.00000000,1751831999999,0.00000000,0,0.00000000,0.00000000,0
2025-07-06 20:00:00,0.133,0.133,0.133,0.133,0.00000000,1751846399999,0.00000000,0,0.00000000,0.00000000,0
2025-07-07 00:00:00,0.133,0.133,0.133,0.133,0.00000000,1751860799999,0.00000000,0,0.00000000,0.00000000,0
2025-07-07 04:00:00,0.133,0.133,0.133,0.133,0.00000000,1751875199999,0.00000000,0,0.00000000,0.00000000,0
2025-07-07 08:00:00,0.1354,0.1354,0.1354,0.1354,322.00000000,1751889599999,43.59880000,2,0.00000000,0.00000000,0
2025-07-07 12:00:00,0.1416,0.1416,0.1355,0.1355,232.00000000,1751903999999,31.59560000,5,24.00000000,3.39840000,0
2025-07-07 16:00:00,0.1355,0.1355,0.1355,0.1355,0.00000000,1751918399999,0.00000000,0,0.00000000,0.00000000,0
2025-07-07 20:00:00,0.1355,0.1355,0.1355,0.1355,0.00000000,1751932799999,0.00000000,0,0.00000000,0.00000000,0
2025-07-08 00:00:00,0.1355,0.1355,0.1355,0.1355,0.00000000,1751947199999,0.00000000,0,0.00000000,0.00000000,0
2025-07-08 04:00:00,0.1355,0.1355,0.1355,0.1355,0.00000000,1751961599999,0.00000000,0,0.00000000,0.00000000,0
2025-07-08 08:00:00,0.1362,0.1362,0.1362,0.1362,23.00000000,1751975999999,3.13260000,1,0.00000000,0.00000000,0
2025-07-08 12:00:00,0.1362,0.1362,0.1362,0.1362,0.00000000,1751990399999,0.00000000,0,0.00000000,0.00000000,0
2025-07-08 16:00:00,0.1362,0.1362,0.1362,0.1362,0.00000000,1752004799999,0.00000000,0,0.00000000,0.00000000,0
2025-07-08 20:00:00,0.1422,0.1422,0.1422,0.1422,192.00000000,1752019199999,27.30240000,1,192.00000000,27.30240000,0
2025-07-09 00:00:00,0.1422,0.1422,0.1422,0.1422,0.00000000,1752033599999,0.00000000,0,0.00000000,0.00000000,0
2025-07-09 04:00:00,0.1422,0.1422,0.1422,0.1422,0.00000000,1752047999999,0.00000000,0,0.00000000,0.00000000,0
2025-07-09 08:00:00,0.1422,0.1422,0.1422,0.1422,0.00000000,1752062399999,0.00000000,0,0.00000000,0.00000000,0
2025-07-09 12:00:00,0.1446,0.1446,0.1446,0.1446,42.00000000,1752076799999,6.07320000,1,42.00000000,6.07320000,0
2025-07-09 16:00:00,0.1446,0.1446,0.1446,0.1446,0.00000000,1752091199999,0.00000000,0,0.00000000,0.00000000,0
2025-07-09 20:00:00,0.1446,0.1446,0.1446,0.1446,0.00000000,1752105599999,0.00000000,0,0.00000000,0.00000000,0
2025-07-10 00:00:00,0.1446,0.1446,0.1446,0.1446,0.00000000,1752119999999,0.00000000,0,0.00000000,0.00000000,0
2025-07-10 04:00:00,0.1446,0.1446,0.1446,0.1446,0.00000000,1752134399999,0.00000000,0,0.00000000,0.00000000,0
2025-07-10 08:00:00,0.1446,0.1446,0.1446,0.1446,0.00000000,1752148799999,0.00000000,0,0.00000000,0.00000000,0
2025-07-10 12:00:00,0.1446,0.1446,0.1446,0.1446,0.00000000,1752163199999,0.00000000,0,0.00000000,0.00000000,0
2025-07-10 16:00:00,0.1308,0.1424,0.1283,0.1424,3724.00000000,1752177599999,491.53890000,9,609.00000000,86.72160000,0
2025-07-10 20:00:00,0.1424,0.1425,0.1424,0.1425,1117.00000000,1752191999999,159.06540000,4,1117.00000000,159.06540000,0
2025-07-11 00:00:00,0.1486,0.1506,0.1486,0.1506,68.00000000,1752206399999,10.15800000,3,68.00000000,10.15800000,0
2025-07-11 04:00:00,0.1479,0.1479,0.1479,0.1479,41.00000000,1752220799999,6.06390000,1,41.00000000,6.06390000,0
2025-07-11 08:00:00,0.1511,0.1511,0.1511,0.1511,100.00000000,1752235199999,15.11000000,1,100.00000000,15.11000000,0
2025-07-11 12:00:00,0.1519,0.1519,0.1519,0.1519,66.00000000,1752249599999,10.02540000,1,66.00000000,10.02540000,0
2025-07-11 16:00:00,0.1484,0.1501,0.1484,0.1501,953.00000000,1752263999999,142.97560000,3,953.00000000,142.97560000,0
2025-07-11 20:00:00,0.1501,0.1501,0.1501,0.1501,0.00000000,1752278399999,0.00000000,0,0.00000000,0.00000000,0
2025-07-12 00:00:00,0.1501,0.1501,0.1501,0.1501,0.00000000,1752292799999,0.00000000,0,0.00000000,0.00000000,0
2025-07-12 04:00:00,0.1501,0.1501,0.1501,0.1501,0.00000000,1752307199999,0.00000000,0,0.00000000,0.00000000,0
2025-07-12 08:00:00,0.1516,0.1546,0.1516,0.1523,99.00000000,1752321599999,15.08840000,4,99.00000000,15.08840000,0
2025-07-12 12:00:00,0.1523,0.1523,0.1523,0.1523,0.00000000,1752335999999,0.00000000,0,0.00000000,0.00000000,0
2025-07-12 16:00:00,0.1523,0.1523,0.1523,0.1523,0.00000000,1752350399999,0.00000000,0,0.00000000,0.00000000,0
2025-07-12 20:00:00,0.1523,0.1523,0.1523,0.1523,0.00000000,1752364799999,0.00000000,0,0.00000000,0.00000000,0
2025-07-13 00:00:00,0.1523,0.1523,0.1523,0.1523,0.00000000,1752379199999,0.00000000,0,0.00000000,0.00000000,0
2025-07-13 04:00:00,0.1523,0.1523,0.1523,0.1523,0.00000000,1752393599999,0.00000000,0,0.00000000,0.00000000,0
2025-07-13 08:00:00,0.1523,0.1523,0.1523,0.1523,0.00000000,1752407999999,0.00000000,0,0.00000000,0.00000000,0
2025-07-13 12:00:00,0.1523,0.1523,0.1523,0.1523,0.00000000,1752422399999,0.00000000,0,0.00000000,0.00000000,0
2025-07-13 16:00:00,0.1523,0.1523,0.1523,0.1523,0.00000000,1752436799999,0.00000000,0,0.00000000,0.00000000,0
2025-07-13 20:00:00,0.1523,0.1523,0.1523,0.1523,0.00000000,1752451199999,0.00000000,0,0.00000000,0.00000000,0
2025-07-14 00:00:00,0.136,0.1418,0.1251,0.1251,896.00000000,1752465599999,123.82940000,12,0.00000000,0.00000000,0
2025-07-14 04:00:00,0.1251,0.1251,0.1251,0.1251,0.00000000,1752479999999,0.00000000,0,0.00000000,0.00000000,0
2025-07-14 08:00:00,0.1251,0.1251,0.1251,0.1251,0.00000000,1752494399999,0.00000000,0,0.00000000,0.00000000,0
2025-07-14 12:00:00,0.1251,0.1251,0.1251,0.1251,0.00000000,1752508799999,0.00000000,0,0.00000000,0.00000000,0
2025-07-14 16:00:00,0.1251,0.1251,0.1251,0.1251,0.00000000,1752523199999,0.00000000,0,0.00000000,0.00000000,0
2025-07-14 20:00:00,0.1251,0.1251,0.1251,0.1251,0.00000000,1752537599999,0.00000000,0,0.00000000,0.00000000,0
2025-07-15 00:00:00,0.1251,0.1251,0.1251,0.1251,0.00000000,1752551999999,0.00000000,0,0.00000000,0.00000000,0
2025-07-15 04:00:00,0.1362,0.1362,0.1186,0.1186,965.00000000,1752566399999,125.85070000,7,0.00000000,0.00000000,0
2025-07-15 08:00:00,0.1355,0.1355,0.1355,0.1355,45.00000000,1752580799999,6.09750000,1,0.00000000,0.00000000,0
2025-07-15 12:00:00,0.1376,0.1376,0.1376,0.1376,619.00000000,1752595199999,85.17440000,1,0.00000000,0.00000000,0
2025-07-15 16:00:00,0.1376,0.1376,0.1376,0.1376,0.00000000,1752609599999,0.00000000,0,0.00000000,0.00000000,0
2025-07-15 20:00:00,0.1376,0.1376,0.1376,0.1376,0.00000000,1752623999999,0.00000000,0,0.00000000,0.00000000,0
2025-07-16 00:00:00,0.1376,0.1376,0.1376,0.1376,0.00000000,1752638399999,0.00000000,0,0.00000000,0.00000000,0
2025-07-16 04:00:00,0.1376,0.1376,0.1376,0.1376,0.00000000,1752652799999,0.00000000,0,0.00000000,0.00000000,0
2025-07-16 08:00:00,0.1393,0.1393,0.118,0.118,1218.00000000,1752667199999,152.22480000,4,0.00000000,0.00000000,0
2025-07-16 12:00:00,0.118,0.118,0.118,0.118,0.00000000,1752681599999,0.00000000,0,0.00000000,0.00000000,0
2025-07-16 16:00:00,0.1452,0.1452,0.1452,0.1452,52.00000000,1752695999999,7.55040000,1,52.00000000,7.55040000,0
2025-07-16 20:00:00,0.1452,0.1452,0.1452,0.1452,0.00000000,1752710399999,0.00000000,0,0.00000000,0.00000000,0
2025-07-17 00:00:00,0.1452,0.1452,0.1452,0.1452,0.00000000,1752724799999,0.00000000,0,0.00000000,0.00000000,0
2025-07-17 04:00:00,0.1452,0.1452,0.1452,0.1452,0.00000000,1752739199999,0.00000000,0,0.00000000,0.00000000,0
2025-07-17 08:00:00,0.1452,0.1452,0.1452,0.1452,0.00000000,1752753599999,0.00000000,0,0.00000000,0.00000000,0
2025-07-17 12:00:00,0.1452,0.1452,0.1452,0.1452,0.00000000,1752767999999,0.00000000,0,0.00000000,0.00000000,0
2025-07-17 16:00:00,0.1436,0.1447,0.1436,0.1447,139.00000000,1752782399999,20.04840000,2,139.00000000,20.04840000,0
2025-07-17 20:00:00,0.1447,0.1447,0.1447,0.1447,0.00000000,1752796799999,0.00000000,0,0.00000000,0.00000000,0
2025-07-18 00:00:00,0.1428,0.1454,0.1375,0.1454,458.00000000,1752811199999,65.11970000,5,159.00000000,23.07440000,0
2025-07-18 04:00:00,0.1444,0.1444,0.1444,0.1444,49.00000000,1752825599999,7.07560000,1,49.00000000,7.07560000,0
2025-07-18 08:00:00,0.1444,0.1444,0.1444,0.1444,0.00000000,1752839999999,0.00000000,0,0.00000000,0.00000000,0
2025-07-18 12:00:00,0.1444,0.1444,0.1444,0.1444,0.00000000,1752854399999,0.00000000,0,0.00000000,0.00000000,0
2025-07-18 16:00:00,0.1424,0.1424,0.1424,0.1424,15.00000000,1752868799999,2.13600000,1,0.00000000,0.00000000,0
2025-07-18 20:00:00,0.1372,0.1383,0.1358,0.136,978.00000000,1752883199999,133.87930000,7,0.00000000,0.00000000,0
2025-07-19 00:00:00,0.136,0.136,0.136,0.136,0.00000000,1752897599999,0.00000000,0,0.00000000,0.00000000,0
2025-07-19 04:00:00,0.136,0.136,0.136,0.136,0.00000000,1752911999999,0.00000000,0,0.00000000,0.00000000,0
2025-07-19 08:00:00,0.1379,0.1379,0.1379,0.1379,28.00000000,1752926399999,3.86120000,1,0.00000000,0.00000000,0
2025-07-19 12:00:00,0.1408,0.1408,0.1368,0.1368,200.00000000,1752940799999,27.40400000,3,9.00000000,1.26720000,0
2025-07-19 16:00:00,0.1368,0.1368,0.1368,0.1368,0.00000000,1752955199999,0.00000000,0,0.00000000,0.00000000,0
2025-07-19 20:00:00,0.1368,0.1368,0.1368,0.1368,0.00000000,1752969599999,0.00000000,0,0.00000000,0.00000000,0
2025-07-20 00:00:00,0.1368,0.1368,0.1368,0.1368,0.00000000,1752983999999,0.00000000,0,0.00000000,0.00000000,0
2025-07-20 04:00:00,0.1368,0.1368,0.1368,0.1368,0.00000000,1752998399999,0.00000000,0,0.00000000,0.00000000,0
2025-07-20 08:00:00,0.143,0.143,0.143,0.143,66.00000000,1753012799999,9.43800000,1,66.00000000,9.43800000,0
2025-07-20 12:00:00,0.143,0.143,0.143,0.143,0.00000000,1753027199999,0.00000000,0,0.00000000,0.00000000,0
2025-07-20 16:00:00,0.143,0.143,0.143,0.143,0.00000000,1753041599999,0.00000000,0,0.00000000,0.00000000,0
2025-07-20 20:00:00,0.143,0.143,0.143,0.143,0.00000000,1753055999999,0.00000000,0,0.00000000,0.00000000,0
2025-07-21 00:00:00,0.143,0.143,0.143,0.143,0.00000000,1753070399999,0.00000000,0,0.00000000,0.00000000,0
2025-07-21 04:00:00,0.1461,0.1495,0.1461,0.1495,143.00000000,1753084799999,21.15450000,4,143.00000000,21.15450000,0
2025-07-21 08:00:00,0.1495,0.1495,0.1495,0.1495,0.00000000,1753099199999,0.00000000,0,0.00000000,0.00000000,0
2025-07-21 12:00:00,0.1432,0.1495,0.1432,0.1495,4206.00000000,1753113599999,614.26800000,7,1909.00000000,282.73360000,0
2025-07-21 16:00:00,0.1495,0.1495,0.1495,0.1495,0.00000000,1753127999999,0.00000000,0,0.00000000,0.00000000,0
2025-07-21 20:00:00,0.1495,0.1495,0.1495,0.1495,0.00000000,1753142399999,0.00000000,0,0.00000000,0.00000000,0
2025-07-22 00:00:00,0.1495,0.1495,0.1495,0.1495,0.00000000,1753156799999,0.00000000,0,0.00000000,0.00000000,0
2025-07-22 04:00:00,0.1476,0.1476,0.1476,0.1476,407.00000000,1753171199999,60.07320000,2,0.00000000,0.00000000,0
2025-07-22 08:00:00,0.1476,0.1476,0.1476,0.1476,0.00000000,1753185599999,0.00000000,0,0.00000000,0.00000000,0
2025-07-22 12:00:00,0.1494,0.1553,0.1448,0.1553,312.00000000,1753199999999,47.04630000,7,211.00000000,32.07650000,0
2025-07-22 16:00:00,0.1553,0.1553,0.1553,0.1553,0.00000000,1753214399999,0.00000000,0,0.00000000,0.00000000,0
2025-07-22 20:00:00,0.1553,0.1553,0.1553,0.1553,0.00000000,1753228799999,0.00000000,0,0.00000000,0.00000000,0
2025-07-23 00:00:00,0.1553,0.1553,0.1553,0.1553,0.00000000,1753243199999,0.00000000,0,0.00000000,0.00000000,0
2025-07-23 04:00:00,0.1448,0.1448,0.1447,0.1447,569.00000000,1753257599999,82.34500000,3,0.00000000,0.00000000,0
2025-07-23 08:00:00,0.1451,0.1451,0.1451,0.1451,37.00000000,1753271999999,5.36870000,1,0.00000000,0.00000000,0
2025-07-23 12:00:00,0.1451,0.1451,0.1451,0.1451,0.00000000,1753286399999,0.00000000,0,0.00000000,0.00000000,0
2025-07-23 16:00:00,0.1451,0.1451,0.1451,0.1451,0.00000000,1753300799999,0.00000000,0,0.00000000,0.00000000,0
2025-07-23 20:00:00,0.1451,0.1451,0.1451,0.1451,0.00000000,1753315199999,0.00000000,0,0.00000000,0.00000000,0
2025-07-24 00:00:00,0.1451,0.1451,0.1451,0.1451,0.00000000,1753329599999,0.00000000,0,0.00000000,0.00000000,0
2025-07-24 04:00:00,0.1451,0.1451,0.1451,0.1451,0.00000000,1753343999999,0.00000000,0,0.00000000,0.00000000,0
2025-07-24 08:00:00,0.1451,0.1451,0.1451,0.1451,0.00000000,1753358399999,0.00000000,0,0.00000000,0.00000000,0
2025-07-24 12:00:00,0.1539,0.1566,0.1539,0.1566,3400.00000000,1753372799999,531.34430000,7,3400.00000000,531.34430000,0
2025-07-24 16:00:00,0.1566,0.1566,0.1566,0.1566,0.00000000,1753387199999,0.00000000,0,0.00000000,0.00000000,0
2025-07-24 20:00:00,0.1566,0.1566,0.1566,0.1566,0.00000000,1753401599999,0.00000000,0,0.00000000,0.00000000,0
2025-07-25 00:00:00,0.1566,0.1566,0.1566,0.1566,0.00000000,1753415999999,0.00000000,0,0.00000000,0.00000000,0
2025-07-25 04:00:00,0.1566,0.1566,0.1566,0.1566,0.00000000,1753430399999,0.00000000,0,0.00000000,0.00000000,0
2025-07-25 08:00:00,0.1566,0.1566,0.1566,0.1566,0.00000000,1753444799999,0.00000000,0,0.00000000,0.00000000,0
2025-07-25 12:00:00,0.1566,0.1566,0.1566,0.1566,0.00000000,1753459199999,0.00000000,0,0.00000000,0.00000000,0
2025-07-25 16:00:00,0.1566,0.1566,0.1566,0.1566,0.00000000,1753473599999,0.00000000,0,0.00000000,0.00000000,0
2025-07-25 20:00:00,0.1566,0.1566,0.1566,0.1566,0.00000000,1753487999999,0.00000000,0,0.00000000,0.00000000,0
2025-07-26 00:00:00,0.1566,0.1566,0.1566,0.1566,0.00000000,1753502399999,0.00000000,0,0.00000000,0.00000000,0
2025-07-26 04:00:00,0.1566,0.1566,0.1566,0.1566,0.00000000,1753516799999,0.00000000,0,0.00000000,0.00000000,0
2025-07-26 08:00:00,0.1566,0.1566,0.1566,0.1566,0.00000000,1753531199999,0.00000000,0,0.00000000,0.00000000,0
2025-07-26 12:00:00,0.1566,0.1566,0.1566,0.1566,0.00000000,1753545599999,0.00000000,0,0.00000000,0.00000000,0
2025-07-26 16:00:00,0.1566,0.1566,0.1566,0.1566,0.00000000,1753559999999,0.00000000,0,0.00000000,0.00000000,0
2025-07-26 20:00:00,0.1566,0.1566,0.1566,0.1566,0.00000000,1753574399999,0.00000000,0,0.00000000,0.00000000,0
2025-07-27 00:00:00,0.1566,0.1566,0.1566,0.1566,0.00000000,1753588799999,0.00000000,0,0.00000000,0.00000000,0
2025-07-27 04:00:00,0.1566,0.1566,0.1566,0.1566,0.00000000,1753603199999,0.00000000,0,0.00000000,0.00000000,0
2025-07-27 08:00:00,0.1566,0.1566,0.1566,0.1566,0.00000000,1753617599999,0.00000000,0,0.00000000,0.00000000,0
2025-07-27 12:00:00,0.1566,0.1566,0.1566,0.1566,0.00000000,1753631999999,0.00000000,0,0.00000000,0.00000000,0
2025-07-27 16:00:00,0.1566,0.1566,0.1566,0.1566,0.00000000,1753646399999,0.00000000,0,0.00000000,0.00000000,0
2025-07-27 20:00:00,0.1566,0.1566,0.1566,0.1566,0.00000000,1753660799999,0.00000000,0,0.00000000,0.00000000,0
2025-07-28 00:00:00,0.1566,0.1566,0.1566,0.1566,0.00000000,1753675199999,0.00000000,0,0.00000000,0.00000000,0
2025-07-28 04:00:00,0.1472,0.1472,0.1472,0.1472,74.00000000,1753689599999,10.89280000,1,0.00000000,0.00000000,0
2025-07-28 08:00:00,0.1545,0.1545,0.1545,0.1545,46.00000000,1753703999999,7.10700000,1,0.00000000,0.00000000,0
2025-07-28 12:00:00,0.1545,0.1545,0.1545,0.1545,0.00000000,1753718399999,0.00000000,0,0.00000000,0.00000000,0
2025-07-28 16:00:00,0.1545,0.1545,0.1545,0.1545,0.00000000,1753732799999,0.00000000,0,0.00000000,0.00000000,0
2025-07-28 20:00:00,0.1545,0.1545,0.1545,0.1545,0.00000000,1753747199999,0.00000000,0,0.00000000,0.00000000,0
2025-07-29 00:00:00,0.1545,0.1545,0.1545,0.1545,0.00000000,1753761599999,0.00000000,0,0.00000000,0.00000000,0
2025-07-29 04:00:00,0.1545,0.1545,0.1545,0.1545,0.00000000,1753775999999,0.00000000,0,0.00000000,0.00000000,0
2025-07-29 08:00:00,0.1545,0.1545,0.1545,0.1545,0.00000000,1753790399999,0.00000000,0,0.00000000,0.00000000,0
2025-07-29 12:00:00,0.1472,0.1472,0.1472,0.1472,778.00000000,1753804799999,114.52160000,2,0.00000000,0.00000000,0
2025-07-29 16:00:00,0.1472,0.1472,0.1446,0.1446,2732.00000000,1753819199999,401.85400000,3,0.00000000,0.00000000,0
2025-07-29 20:00:00,0.1446,0.1446,0.1446,0.1446,0.00000000,1753833599999,0.00000000,0,0.00000000,0.00000000,0
2025-07-30 00:00:00,0.1446,0.1446,0.1446,0.1446,0.00000000,1753847999999,0.00000000,0,0.00000000,0.00000000,0
2025-07-30 04:00:00,0.1445,0.1445,0.1445,0.1445,582.00000000,1753862399999,84.09900000,1,0.00000000,0.00000000,0
2025-07-30 08:00:00,0.1446,0.1446,0.1446,0.1446,7.00000000,1753876799999,1.01220000,1,0.00000000,0.00000000,0
2025-07-30 12:00:00,0.1446,0.1446,0.1446,0.1446,0.00000000,1753891199999,0.00000000,0,0.00000000,0.00000000,0
2025-07-30 16:00:00,0.1446,0.1446,0.1446,0.1446,0.00000000,1753905599999,0.00000000,0,0.00000000,0.00000000,0
2025-07-30 20:00:00,0.1446,0.1446,0.1446,0.1446,0.00000000,1753919999999,0.00000000,0,0.00000000,0.00000000,0
2025-07-31 00:00:00,0.1446,0.1446,0.1446,0.1446,0.00000000,1753934399999,0.00000000,0,0.00000000,0.00000000,0
2025-07-31 04:00:00,0.1446,0.1446,0.1446,0.1446,0.00000000,1753948799999,0.00000000,0,0.00000000,0.00000000,0
2025-07-31 08:00:00,0.1446,0.1446,0.1446,0.1446,0.00000000,1753963199999,0.00000000,0,0.00000000,0.00000000,0
2025-07-31 12:00:00,0.1446,0.1446,0.1446,0.1446,0.00000000,1753977599999,0.00000000,0,0.00000000,0.00000000,0
2025-07-31 16:00:00,0.1446,0.1446,0.1446,0.1446,0.00000000,1753991999999,0.00000000,0,0.00000000,0.00000000,0
2025-07-31 20:00:00,0.1446,0.1446,0.1446,0.1446,0.00000000,1754006399999,0.00000000,0,0.00000000,0.00000000,0
2025-08-01 00:00:00,0.1446,0.1446,0.1446,0.1446,0.00000000,1754020799999,0.00000000,0,0.00000000,0.00000000,0
2025-08-01 04:00:00,0.1446,0.1446,0.1446,0.1446,0.00000000,1754035199999,0.00000000,0,0.00000000,0.00000000,0
2025-08-01 08:00:00,0.1446,0.1446,0.1446,0.1446,0.00000000,1754049599999,0.00000000,0,0.00000000,0.00000000,0
2025-08-01 12:00:00,0.1446,0.1446,0.1446,0.1446,0.00000000,1754063999999,0.00000000,0,0.00000000,0.00000000,0
2025-08-01 16:00:00,0.1446,0.1446,0.1446,0.1446,0.00000000,1754078399999,0.00000000,0,0.00000000,0.00000000,0
2025-08-01 20:00:00,0.1446,0.1446,0.1446,0.1446,0.00000000,1754092799999,0.00000000,0,0.00000000,0.00000000,0
2025-08-02 00:00:00,0.1446,0.1446,0.1446,0.1446,0.00000000,1754107199999,0.00000000,0,0.00000000,0.00000000,0
2025-08-02 04:00:00,0.1446,0.1446,0.1446,0.1446,0.00000000,1754121599999,0.00000000,0,0.00000000,0.00000000,0
2025-08-02 08:00:00,0.1446,0.1446,0.1446,0.1446,0.00000000,1754135999999,0.00000000,0,0.00000000,0.00000000,0
2025-08-02 12:00:00,0.1446,0.1446,0.1446,0.1446,0.00000000,1754150399999,0.00000000,0,0.00000000,0.00000000,0
2025-08-02 16:00:00,0.1446,0.1446,0.1446,0.1446,0.00000000,1754164799999,0.00000000,0,0.00000000,0.00000000,0
2025-08-02 20:00:00,0.1446,0.1446,0.1446,0.1446,0.00000000,1754179199999,0.00000000,0,0.00000000,0.00000000,0
2025-08-03 00:00:00,0.1446,0.1446,0.1446,0.1446,0.00000000,1754193599999,0.00000000,0,0.00000000,0.00000000,0
2025-08-03 04:00:00,0.1446,0.1446,0.1446,0.1446,0.00000000,1754207999999,0.00000000,0,0.00000000,0.00000000,0
2025-08-03 08:00:00,0.1446,0.1446,0.1446,0.1446,0.00000000,1754222399999,0.00000000,0,0.00000000,0.00000000,0
2025-08-03 12:00:00,0.1446,0.1446,0.1446,0.1446,0.00000000,1754236799999,0.00000000,0,0.00000000,0.00000000,0
2025-08-03 16:00:00,0.1446,0.1446,0.1446,0.1446,0.00000000,1754251199999,0.00000000,0,0.00000000,0.00000000,0
2025-08-03 20:00:00,0.1446,0.1446,0.1446,0.1446,0.00000000,1754265599999,0.00000000,0,0.00000000,0.00000000,0
2025-08-04 00:00:00,0.1446,0.1446,0.1446,0.1446,0.00000000,1754279999999,0.00000000,0,0.00000000,0.00000000,0
2025-08-04 04:00:00,0.1446,0.1446,0.1446,0.1446,0.00000000,1754294399999,0.00000000,0,0.00000000,0.00000000,0
2025-08-04 08:00:00,0.1446,0.1446,0.1446,0.1446,0.00000000,1754308799999,0.00000000,0,0.00000000,0.00000000,0
2025-08-04 12:00:00,0.1447,0.1447,0.1447,0.1447,62.00000000,1754323199999,8.97140000,1,0.00000000,0.00000000,0
2025-08-04 16:00:00,0.1502,0.1502,0.1502,0.1502,234.00000000,1754337599999,35.14680000,1,234.00000000,35.14680000,0
2025-08-04 20:00:00,0.1502,0.1502,0.1502,0.1502,0.00000000,1754351999999,0.00000000,0,0.00000000,0.00000000,0
2025-08-05 00:00:00,0.1502,0.1502,0.1502,0.1502,0.00000000,1754366399999,0.00000000,0,0.00000000,0.00000000,0
2025-08-05 04:00:00,0.1502,0.1502,0.1502,0.1502,0.00000000,1754380799999,0.00000000,0,0.00000000,0.00000000,0
2025-08-05 08:00:00,0.1502,0.1502,0.1502,0.1502,0.00000000,1754395199999,0.00000000,0,0.00000000,0.00000000,0
2025-08-05 12:00:00,0.1502,0.1502,0.1502,0.1502,0.00000000,1754409599999,0.00000000,0,0.00000000,0.00000000,0
2025-08-05 16:00:00,0.1502,0.1502,0.1502,0.1502,0.00000000,1754423999999,0.00000000,0,0.00000000,0.00000000,0
2025-08-05 20:00:00,0.1502,0.1502,0.1502,0.1502,0.00000000,1754438399999,0.00000000,0,0.00000000,0.00000000,0
2025-08-06 00:00:00,0.1473,0.1473,0.1445,0.1445,405.00000000,1754452799999,59.00130000,2,171.00000000,25.18830000,0
2025-08-06 04:00:00,0.1445,0.1445,0.1445,0.1445,0.00000000,1754467199999,0.00000000,0,0.00000000,0.00000000,0
2025-08-06 08:00:00,0.1446,0.1446,0.1446,0.1446,162.00000000,1754481599999,23.42520000,1,0.00000000,0.00000000,0
2025-08-06 12:00:00,0.1446,0.1446,0.1446,0.1446,0.00000000,1754495999999,0.00000000,0,0.00000000,0.00000000,0
2025-08-06 16:00:00,0.1446,0.1446,0.1446,0.1446,0.00000000,1754510399999,0.00000000,0,0.00000000,0.00000000,0
2025-08-06 20:00:00,0.1446,0.1446,0.1446,0.1446,0.00000000,1754524799999,0.00000000,0,0.00000000,0.00000000,0
2025-08-07 00:00:00,0.1446,0.1446,0.1446,0.1446,0.00000000,1754539199999,0.00000000,0,0.00000000,0.00000000,0
2025-08-07 04:00:00,0.1446,0.1446,0.1446,0.1446,0.00000000,1754553599999,0.00000000,0,0.00000000,0.00000000,0
2025-08-07 08:00:00,0.1446,0.1446,0.1446,0.1446,0.00000000,1754567999999,0.00000000,0,0.00000000,0.00000000,0
2025-08-07 12:00:00,0.1446,0.1446,0.1446,0.1446,0.00000000,1754582399999,0.00000000,0,0.00000000,0.00000000,0
2025-08-07 16:00:00,0.1446,0.1446,0.1446,0.1446,0.00000000,1754596799999,0.00000000,0,0.00000000,0.00000000,0
2025-08-07 20:00:00,0.1446,0.1446,0.1446,0.1446,0.00000000,1754611199999,0.00000000,0,0.00000000,0.00000000,0
2025-08-08 00:00:00,0.1446,0.1446,0.1446,0.1446,0.00000000,1754625599999,0.00000000,0,0.00000000,0.00000000,0
2025-08-08 04:00:00,0.1446,0.1446,0.1446,0.1446,0.00000000,1754639999999,0.00000000,0,0.00000000,0.00000000,0
2025-08-08 08:00:00,0.1446,0.1446,0.1446,0.1446,14.00000000,1754654399999,2.02440000,1,0.00000000,0.00000000,0
2025-08-08 12:00:00,0.1446,0.1446,0.1446,0.1446,0.00000000,1754668799999,0.00000000,0,0.00000000,0.00000000,0
2025-08-08 16:00:00,0.1446,0.1446,0.1446,0.1446,0.00000000,1754683199999,0.00000000,0,0.00000000,0.00000000,0
2025-08-08 20:00:00,0.1446,0.1446,0.1446,0.1446,0.00000000,1754697599999,0.00000000,0,0.00000000,0.00000000,0
2025-08-09 00:00:00,0.1446,0.1446,0.1446,0.1446,0.00000000,1754711999999,0.00000000,0,0.00000000,0.00000000,0
2025-08-09 04:00:00,0.1446,0.1446,0.1446,0.1446,0.00000000,1754726399999,0.00000000,0,0.00000000,0.00000000,0
2025-08-09 08:00:00,0.1446,0.1446,0.1446,0.1446,0.00000000,1754740799999,0.00000000,0,0.00000000,0.00000000,0
2025-08-09 12:00:00,0.1449,0.1449,0.1449,0.1449,727.00000000,1754755199999,105.34230000,2,0.00000000,0.00000000,0
2025-08-09 16:00:00,0.1554,0.1554,0.1554,0.1554,439.00000000,1754769599999,68.22060000,1,439.00000000,68.22060000,0
2025-08-09 20:00:00,0.1573,0.1573,0.1573,0.1573,45.00000000,1754783999999,7.07850000,1,0.00000000,0.00000000,0
2025-08-10 00:00:00,0.1556,0.1556,0.1454,0.1454,354.00000000,1754798399999,52.76700000,3,127.00000000,19.76120000,0
2025-08-10 04:00:00,0.1454,0.1454,0.1454,0.1454,0.00000000,1754812799999,0.00000000,0,0.00000000,0.00000000,0
2025-08-10 08:00:00,0.1454,0.1454,0.1454,0.1454,0.00000000,1754827199999,0.00000000,0,0.00000000,0.00000000,0
2025-08-10 12:00:00,0.1454,0.1454,0.1454,0.1454,0.00000000,1754841599999,0.00000000,0,0.00000000,0.00000000,0
2025-08-10 16:00:00,0.1454,0.1454,0.1454,0.1454,0.00000000,1754855999999,0.00000000,0,0.00000000,0.00000000,0
2025-08-10 20:00:00,0.1516,0.1516,0.1516,0.1516,206.00000000,1754870399999,31.22960000,1,206.00000000,31.22960000,0
2025-08-11 00:00:00,0.1516,0.1516,0.1516,0.1516,0.00000000,1754884799999,0.00000000,0,0.00000000,0.00000000,0
2025-08-11 04:00:00,0.1528,0.1528,0.1528,0.1528,190.00000000,1754899199999,29.03200000,1,190.00000000,29.03200000,0
2025-08-11 08:00:00,0.1528,0.1528,0.1528,0.1528,0.00000000,1754913599999,0.00000000,0,0.00000000,0.00000000,0
2025-08-11 12:00:00,0.1528,0.1528,0.1528,0.1528,0.00000000,1754927999999,0.00000000,0,0.00000000,0.00000000,0
2025-08-11 16:00:00,0.1528,0.1528,0.1528,0.1528,0.00000000,1754942399999,0.00000000,0,0.00000000,0.00000000,0
2025-08-11 20:00:00,0.1528,0.1528,0.1528,0.1528,0.00000000,1754956799999,0.00000000,0,0.00000000,0.00000000,0
2025-08-12 00:00:00,0.1528,0.1528,0.1528,0.1528,0.00000000,1754971199999,0.00000000,0,0.00000000,0.00000000,0
2025-08-12 04:00:00,0.1454,0.1521,0.1454,0.1455,341.00000000,1754985599999,50.04380000,3,68.00000000,10.34280000,0
2025-08-12 08:00:00,0.1455,0.1455,0.1455,0.1455,0.00000000,1754999999999,0.00000000,0,0.00000000,0.00000000,0
2025-08-12 12:00:00,0.1455,0.1455,0.1455,0.1455,0.00000000,1755014399999,0.00000000,0,0.00000000,0.00000000,0
2025-08-12 16:00:00,0.1455,0.1455,0.1455,0.1455,0.00000000,1755028799999,0.00000000,0,0.00000000,0.00000000,0
2025-08-12 20:00:00,0.1455,0.1455,0.1455,0.1455,0.00000000,1755043199999,0.00000000,0,0.00000000,0.00000000,0
2025-08-13 00:00:00,0.1455,0.1455,0.1455,0.1455,0.00000000,1755057599999,0.00000000,0,0.00000000,0.00000000,0
2025-08-13 04:00:00,0.1455,0.1455,0.1455,0.1455,0.00000000,1755071999999,0.00000000,0,0.00000000,0.00000000,0
2025-08-13 08:00:00,0.1455,0.1455,0.1455,0.1455,0.00000000,1755086399999,0.00000000,0,0.00000000,0.00000000,0
2025-08-13 12:00:00,0.1455,0.1455,0.1455,0.1455,0.00000000,1755100799999,0.00000000,0,0.00000000,0.00000000,0
2025-08-13 16:00:00,0.1455,0.1455,0.1455,0.1455,0.00000000,1755115199999,0.00000000,0,0.00000000,0.00000000,0
2025-08-13 20:00:00,0.1455,0.1455,0.1455,0.1455,0.00000000,1755129599999,0.00000000,0,0.00000000,0.00000000,0
2025-08-14 00:00:00,0.145,0.1531,0.145,0.153,1696.00000000,1755143999999,250.47180000,7,682.00000000,103.44180000,0
2025-08-14 04:00:00,0.153,0.153,0.153,0.153,0.00000000,1755158399999,0.00000000,0,0.00000000,0.00000000,0
2025-08-14 08:00:00,0.153,0.153,0.153,0.153,0.00000000,1755172799999,0.00000000,0,0.00000000,0.00000000,0
2025-08-14 12:00:00,0.153,0.153,0.153,0.153,0.00000000,1755187199999,0.00000000,0,0.00000000,0.00000000,0
2025-08-14 16:00:00,0.153,0.153,0.153,0.153,0.00000000,1755201599999,0.00000000,0,0.00000000,0.00000000,0
2025-08-14 20:00:00,0.153,0.153,0.153,0.153,1307.00000000,1755215999999,199.97100000,1,1307.00000000,199.97100000,0
2025-08-15 00:00:00,0.153,0.1532,0.153,0.1532,1033.00000000,1755230399999,158.05560000,7,266.00000000,40.70460000,0
2025-08-15 04:00:00,0.1538,0.1538,0.1538,0.1538,29.00000000,1755244799999,4.46020000,1,29.00000000,4.46020000,0
2025-08-15 08:00:00,0.1488,0.1488,0.1488,0.1488,139.00000000,1755259199999,20.68320000,2,0.00000000,0.00000000,0
2025-08-15 12:00:00,0.1489,0.1489,0.1488,0.1488,998.00000000,1755273599999,148.53030000,2,0.00000000,0.00000000,0
2025-08-15 16:00:00,0.1488,0.1488,0.1488,0.1488,0.00000000,1755287999999,0.00000000,0,0.00000000,0.00000000,0
2025-08-15 20:00:00,0.1488,0.1488,0.1488,0.1488,21.00000000,1755302399999,3.12480000,1,0.00000000,0.00000000,0
2025-08-16 00:00:00,0.1488,0.1488,0.1488,0.1488,0.00000000,1755316799999,0.00000000,0,0.00000000,0.00000000,0
2025-08-16 04:00:00,0.1488,0.1488,0.1488,0.1488,0.00000000,1755331199999,0.00000000,0,0.00000000,0.00000000,0
2025-08-16 08:00:00,0.1488,0.1488,0.1488,0.1488,62.00000000,1755345599999,9.22560000,3,0.00000000,0.00000000,0
2025-08-16 12:00:00,0.1488,0.1488,0.1488,0.1488,8.00000000,1755359999999,1.19040000,1,0.00000000,0.00000000,0
2025-08-16 16:00:00,0.1488,0.1488,0.1488,0.1488,0.00000000,1755374399999,0.00000000,0,0.00000000,0.00000000,0
2025-08-16 20:00:00,0.1488,0.1488,0.1488,0.1488,0.00000000,1755388799999,0.00000000,0,0.00000000,0.00000000,0
2025-08-17 00:00:00,0.1488,0.1488,0.1488,0.1488,0.00000000,1755403199999,0.00000000,0,0.00000000,0.00000000,0
2025-08-17 04:00:00,0.1488,0.1488,0.1488,0.1488,0.00000000,1755417599999,0.00000000,0,0.00000000,0.00000000,0
2025-08-17 08:00:00,0.1529,0.1529,0.1529,0.1529,35.00000000,1755431999999,5.35150000,1,35.00000000,5.35150000,0
2025-08-17 12:00:00,0.1529,0.1529,0.1529,0.1529,0.00000000,1755446399999,0.00000000,0,0.00000000,0.00000000,0
2025-08-17 16:00:00,0.1529,0.1529,0.1529,0.1529,0.00000000,1755460799999,0.00000000,0,0.00000000,0.00000000,0
2025-08-17 20:00:00,0.1529,0.1529,0.1448,0.1448,444.00000000,1755475199999,67.43910000,3,359.00000000,54.89110000,0
2025-08-18 00:00:00,0.1448,0.1448,0.1448,0.1448,0.00000000,1755489599999,0.00000000,0,0.00000000,0.00000000,0
2025-08-18 04:00:00,0.1448,0.1448,0.1448,0.1448,0.00000000,1755503999999,0.00000000,0,0.00000000,0.00000000,0
2025-08-18 08:00:00,0.1448,0.1448,0.1448,0.1448,0.00000000,1755518399999,0.00000000,0,0.00000000,0.00000000,0
2025-08-18 12:00:00,0.1446,0.1446,0.1446,0.1446,1154.00000000,1755532799999,166.86840000,2,0.00000000,0.00000000,0
2025-08-18 16:00:00,0.1491,0.1491,0.1491,0.1491,421.00000000,1755547199999,62.77110000,2,421.00000000,62.77110000,0
2025-08-18 20:00:00,0.1445,0.1491,0.143,0.1491,7983.00000000,1755561599999,1162.83750000,12,2838.00000000,423.14580000,0
2025-08-19 00:00:00,0.149,0.149,0.1428,0.1428,1578.00000000,1755575999999,226.46060000,3,140.00000000,20.86000000,0
2025-08-19 04:00:00,0.1428,0.1428,0.1428,0.1428,0.00000000,1755590399999,0.00000000,0,0.00000000,0.00000000,0
2025-08-19 08:00:00,0.149,0.1497,0.149,0.1497,2689.00000000,1755604799999,400.67570000,6,2689.00000000,400.67570000,0
2025-08-19 12:00:00,0.1494,0.1494,0.1446,0.1446,162.00000000,1755619199999,23.92920000,3,105.00000000,15.68700000,0
2025-08-19 16:00:00,0.1446,0.1446,0.1446,0.1446,0.00000000,1755633599999,0.00000000,0,0.00000000,0.00000000,0
2025-08-19 20:00:00,0.1446,0.1446,0.1446,0.1446,0.00000000,1755647999999,0.00000000,0,0.00000000,0.00000000,0
2025-08-20 00:00:00,0.1446,0.1446,0.1446,0.1446,0.00000000,1755662399999,0.00000000,0,0.00000000,0.00000000,0
2025-08-20 04:00:00,0.1446,0.1446,0.1446,0.1446,0.00000000,1755676799999,0.00000000,0,0.00000000,0.00000000,0
2025-08-20 08:00:00,0.1446,0.1446,0.1446,0.1446,44.00000000,1755691199999,6.36240000,1,0.00000000,0.00000000,0
2025-08-20 12:00:00,0.1446,0.1446,0.1446,0.1446,0.00000000,1755705599999,0.00000000,0,0.00000000,0.00000000,0
2025-08-20 16:00:00,0.1446,0.1446,0.1446,0.1446,0.00000000,1755719999999,0.00000000,0,0.00000000,0.00000000,0
2025-08-20 20:00:00,0.1446,0.1446,0.1446,0.1446,0.00000000,1755734399999,0.00000000,0,0.00000000,0.00000000,0
2025-08-21 00:00:00,0.1513,0.1513,0.1507,0.1507,856.00000000,1755748799999,129.41380000,3,856.00000000,129.41380000,0
2025-08-21 04:00:00,0.1507,0.1507,0.1507,0.1507,0.00000000,1755763199999,0.00000000,0,0.00000000,0.00000000,0
2025-08-21 08:00:00,0.1507,0.1507,0.1507,0.1507,0.00000000,1755777599999,0.00000000,0,0.00000000,0.00000000,0
2025-08-21 12:00:00,0.1507,0.1507,0.1507,0.1507,0.00000000,1755791999999,0.00000000,0,0.00000000,0.00000000,0
2025-08-21 16:00:00,0.1413,0.1413,0.1372,0.1372,2943.00000000,1755806399999,410.72480000,4,0.00000000,0.00000000,0
2025-08-21 20:00:00,0.1307,0.1307,0.1307,0.1307,45.00000000,1755820799999,5.88150000,1,0.00000000,0.00000000,0
2025-08-22 00:00:00,0.1307,0.1307,0.1307,0.1307,0.00000000,1755835199999,0.00000000,0,0.00000000,0.00000000,0
2025-08-22 04:00:00,0.1307,0.1307,0.1307,0.1307,0.00000000,1755849599999,0.00000000,0,0.00000000,0.00000000,0
2025-08-22 08:00:00,0.1308,0.1308,0.1308,0.1308,9.00000000,1755863999999,1.17720000,1,0.00000000,0.00000000,0
2025-08-22 12:00:00,0.1396,0.1396,0.1396,0.1396,8.00000000,1755878399999,1.11680000,1,8.00000000,1.11680000,0
2025-08-22 16:00:00,0.1396,0.1396,0.1396,0.1396,0.00000000,1755892799999,0.00000000,0,0.00000000,0.00000000,0
2025-08-22 20:00:00,0.1396,0.1396,0.1396,0.1396,0.00000000,1755907199999,0.00000000,0,0.00000000,0.00000000,0
2025-08-23 00:00:00,0.1396,0.1396,0.1396,0.1396,0.00000000,1755921599999,0.00000000,0,0.00000000,0.00000000,0
2025-08-23 04:00:00,0.1396,0.1396,0.1396,0.1396,0.00000000,1755935999999,0.00000000,0,0.00000000,0.00000000,0
2025-08-23 08:00:00,0.1449,0.1449,0.1449,0.1449,35.00000000,1755950399999,5.07150000,1,0.00000000,0.00000000,0
2025-08-23 12:00:00,0.1449,0.1449,0.1449,0.1449,0.00000000,1755964799999,0.00000000,0,0.00000000,0.00000000,0
2025-08-23 16:00:00,0.1449,0.1449,0.1449,0.1449,0.00000000,1755979199999,0.00000000,0,0.00000000,0.00000000,0
2025-08-23 20:00:00,0.1449,0.1449,0.1449,0.1449,0.00000000,1755993599999,0.00000000,0,0.00000000,0.00000000,0
2025-08-24 00:00:00,0.1449,0.1449,0.1449,0.1449,0.00000000,1756007999999,0.00000000,0,0.00000000,0.00000000,0
2025-08-24 04:00:00,0.1449,0.1449,0.1449,0.1449,0.00000000,1756022399999,0.00000000,0,0.00000000,0.00000000,0
2025-08-24 08:00:00,0.1449,0.1449,0.1449,0.1449,0.00000000,1756036799999,0.00000000,0,0.00000000,0.00000000,0
2025-08-24 12:00:00,0.1419,0.1419,0.1307,0.1307,1485.00000000,1756051199999,199.68950000,3,0.00000000,0.00000000,0
2025-08-24 16:00:00,0.1307,0.1307,0.1307,0.1307,0.00000000,1756065599999,0.00000000,0,0.00000000,0.00000000,0
2025-08-24 20:00:00,0.1307,0.1307,0.1307,0.1307,0.00000000,1756079999999,0.00000000,0,0.00000000,0.00000000,0
2025-08-25 00:00:00,0.1307,0.1307,0.1307,0.1307,0.00000000,1756094399999,0.00000000,0,0.00000000,0.00000000,0
2025-08-25 04:00:00,0.1307,0.1307,0.1307,0.1307,0.00000000,1756108799999,0.00000000,0,0.00000000,0.00000000,0
2025-08-25 08:00:00,0.1465,0.1465,0.1465,0.1465,219.00000000,1756123199999,32.08350000,2,219.00000000,32.08350000,0
2025-08-25 12:00:00,0.1399,0.18,0.1399,0.1415,10641.00000000,1756137599999,1617.73740000,18,10641.00000000,1617.73740000,0
2025-08-25 16:00:00,0.1415,0.1415,0.1415,0.1415,0.00000000,1756151999999,0.00000000,0,0.00000000,0.00000000,0
2025-08-25 20:00:00,0.1415,0.1415,0.1415,0.1415,0.00000000,1756166399999,0.00000000,0,0.00000000,0.00000000,0
2025-08-26 00:00:00,0.1415,0.1415,0.1415,0.1415,0.00000000,1756180799999,0.00000000,0,0.00000000,0.00000000,0
2025-08-26 04:00:00,0.1415,0.1415,0.1415,0.1415,0.00000000,1756195199999,0.00000000,0,0.00000000,0.00000000,0
2025-08-26 08:00:00,0.1415,0.1415,0.1415,0.1415,0.00000000,1756209599999,0.00000000,0,0.00000000,0.00000000,0
2025-08-26 12:00:00,0.1398,0.1398,0.1398,0.1398,96.00000000,1756223999999,13.42080000,1,0.00000000,0.00000000,0
2025-08-26 16:00:00,0.1398,0.1398,0.1398,0.1398,0.00000000,1756238399999,0.00000000,0,0.00000000,0.00000000,0
2025-08-26 20:00:00,0.1398,0.1398,0.1398,0.1398,0.00000000,1756252799999,0.00000000,0,0.00000000,0.00000000,0
2025-08-27 00:00:00,0.1398,0.1398,0.1398,0.1398,0.00000000,1756267199999,0.00000000,0,0.00000000,0.00000000,0
2025-08-27 04:00:00,0.1398,0.1398,0.1398,0.1398,0.00000000,1756281599999,0.00000000,0,0.00000000,0.00000000,0
2025-08-27 08:00:00,0.1398,0.1398,0.1398,0.1398,0.00000000,1756295999999,0.00000000,0,0.00000000,0.00000000,0
2025-08-27 12:00:00,0.1398,0.1398,0.1398,0.1398,0.00000000,1756310399999,0.00000000,0,0.00000000,0.00000000,0
2025-08-27 16:00:00,0.1398,0.1398,0.1398,0.1398,0.00000000,1756324799999,0.00000000,0,0.00000000,0.00000000,0
2025-08-27 20:00:00,0.1398,0.1398,0.1398,0.1398,0.00000000,1756339199999,0.00000000,0,0.00000000,0.00000000,0
2025-08-28 00:00:00,0.1398,0.1398,0.1398,0.1398,0.00000000,1756353599999,0.00000000,0,0.00000000,0.00000000,0
2025-08-28 04:00:00,0.1398,0.1398,0.1398,0.1398,0.00000000,1756367999999,0.00000000,0,0.00000000,0.00000000,0
2025-08-28 08:00:00,0.1442,0.1442,0.1442,0.1442,536.00000000,1756382399999,77.29120000,1,0.00000000,0.00000000,0
2025-08-28 12:00:00,0.1442,0.1442,0.1442,0.1442,0.00000000,1756396799999,0.00000000,0,0.00000000,0.00000000,0
2025-08-28 16:00:00,0.1442,0.1442,0.1442,0.1442,0.00000000,1756411199999,0.00000000,0,0.00000000,0.00000000,0
2025-08-28 20:00:00,0.1442,0.1442,0.1442,0.1442,0.00000000,1756425599999,0.00000000,0,0.00000000,0.00000000,0
2025-08-29 00:00:00,0.1442,0.1442,0.1442,0.1442,0.00000000,1756439999999,0.00000000,0,0.00000000,0.00000000,0
2025-08-29 04:00:00,0.1442,0.1442,0.1442,0.1442,0.00000000,1756454399999,0.00000000,0,0.00000000,0.00000000,0
2025-08-29 08:00:00,0.1442,0.1442,0.1442,0.1442,0.00000000,1756468799999,0.00000000,0,0.00000000,0.00000000,0
2025-08-29 12:00:00,0.1442,0.1442,0.1442,0.1442,0.00000000,1756483199999,0.00000000,0,0.00000000,0.00000000,0
2025-08-29 16:00:00,0.1442,0.1442,0.1442,0.1442,0.00000000,1756497599999,0.00000000,0,0.00000000,0.00000000,0
2025-08-29 20:00:00,0.1469,0.1469,0.1469,0.1469,48.00000000,1756511999999,7.05120000,1,48.00000000,7.05120000,0
2025-08-30 00:00:00,0.1469,0.1469,0.1469,0.1469,0.00000000,1756526399999,0.00000000,0,0.00000000,0.00000000,0
2025-08-30 04:00:00,0.1469,0.1469,0.1469,0.1469,0.00000000,1756540799999,0.00000000,0,0.00000000,0.00000000,0
2025-08-30 08:00:00,0.1469,0.1469,0.1469,0.1469,0.00000000,1756555199999,0.00000000,0,0.00000000,0.00000000,0
2025-08-30 12:00:00,0.1469,0.1469,0.1469,0.1469,0.00000000,1756569599999,0.00000000,0,0.00000000,0.00000000,0
2025-08-30 16:00:00,0.1469,0.1469,0.1469,0.1469,0.00000000,1756583999999,0.00000000,0,0.00000000,0.00000000,0
2025-08-30 20:00:00,0.1453,0.1453,0.1453,0.1453,598.00000000,1756598399999,86.88940000,1,598.00000000,86.88940000,0
2025-08-31 00:00:00,0.1453,0.1453,0.1453,0.1453,0.00000000,1756612799999,0.00000000,0,0.00000000,0.00000000,0
2025-08-31 04:00:00,0.1453,0.1453,0.1453,0.1453,0.00000000,1756627199999,0.00000000,0,0.00000000,0.00000000,0
2025-08-31 08:00:00,0.1453,0.1453,0.1453,0.1453,0.00000000,1756641599999,0.00000000,0,0.00000000,0.00000000,0
2025-08-31 12:00:00,0.1453,0.1453,0.1453,0.1453,0.00000000,1756655999999,0.00000000,0,0.00000000,0.00000000,0
2025-08-31 16:00:00,0.1453,0.1453,0.1453,0.1453,0.00000000,1756670399999,0.00000000,0,0.00000000,0.00000000,0
2025-08-31 20:00:00,0.1453,0.1453,0.1453,0.1453,0.00000000,1756684799999,0.00000000,0,0.00000000,0.00000000,0
2025-09-01 00:00:00,0.1453,0.1453,0.1453,0.1453,0.00000000,1756699199999,0.00000000,0,0.00000000,0.00000000,0
2025-09-01 04:00:00,0.1453,0.1453,0.1453,0.1453,0.00000000,1756713599999,0.00000000,0,0.00000000,0.00000000,0
2025-09-01 08:00:00,0.1394,0.1394,0.1394,0.1394,220.00000000,1756727999999,30.66800000,1,220.00000000,30.66800000,0
2025-09-01 12:00:00,0.1394,0.1394,0.1394,0.1394,0.00000000,1756742399999,0.00000000,0,0.00000000,0.00000000,0
2025-09-01 16:00:00,0.1341,0.1341,0.1341,0.1341,3729.00000000,1756756799999,500.05890000,2,0.00000000,0.00000000,0
2025-09-01 20:00:00,0.1307,0.1307,0.1298,0.1298,10482.00000000,1756771199999,1365.38040000,3,0.00000000,0.00000000,0
2025-09-02 00:00:00,0.1298,0.1298,0.1298,0.1298,0.00000000,1756785599999,0.00000000,0,0.00000000,0.00000000,0
2025-09-02 04:00:00,0.1298,0.1298,0.1298,0.1298,0.00000000,1756799999999,0.00000000,0,0.00000000,0.00000000,0
2025-09-02 08:00:00,0.1309,0.131,0.128,0.128,170.00000000,1756814399999,21.98350000,11,75.00000000,9.82350000,0
2025-09-02 12:00:00,0.128,0.128,0.128,0.128,0.00000000,1756828799999,0.00000000,0,0.00000000,0.00000000,0
2025-09-02 16:00:00,0.1257,0.1257,0.1241,0.1252,15756.00000000,1756843199999,1967.61380000,8,1738.00000000,217.59760000,0
2025-09-02 20:00:00,0.1252,0.1252,0.1252,0.1252,0.00000000,1756857599999,0.00000000,0,0.00000000,0.00000000,0
2025-09-03 00:00:00,0.1252,0.1252,0.1252,0.1252,0.00000000,1756871999999,0.00000000,0,0.00000000,0.00000000,0
2025-09-03 04:00:00,0.1252,0.1252,0.1252,0.1252,0.00000000,1756886399999,0.00000000,0,0.00000000,0.00000000,0
2025-09-03 08:00:00,0.1252,0.1252,0.1252,0.1252,0.00000000,1756900799999,0.00000000,0,0.00000000,0.00000000,0
2025-09-03 12:00:00,0.1252,0.1252,0.1252,0.1252,0.00000000,1756915199999,0.00000000,0,0.00000000,0.00000000,0
2025-09-03 16:00:00,0.1252,0.1252,0.1252,0.1252,0.00000000,1756929599999,0.00000000,0,0.00000000,0.00000000,0
2025-09-03 20:00:00,0.1252,0.1252,0.1252,0.1252,0.00000000,1756943999999,0.00000000,0,0.00000000,0.00000000,0
2025-09-04 00:00:00,0.1252,0.1252,0.1252,0.1252,0.00000000,1756958399999,0.00000000,0,0.00000000,0.00000000,0
2025-09-04 04:00:00,0.1252,0.1252,0.1252,0.1252,0.00000000,1756972799999,0.00000000,0,0.00000000,0.00000000,0
2025-09-04 08:00:00,0.1252,0.1252,0.1252,0.1252,0.00000000,1756987199999,0.00000000,0,0.00000000,0.00000000,0
2025-09-04 12:00:00,0.1252,0.1252,0.1252,0.1252,0.00000000,1757001599999,0.00000000,0,0.00000000,0.00000000,0
2025-09-04 16:00:00,0.1218,0.1218,0.1218,0.1218,475.00000000,1757015999999,57.85500000,2,0.00000000,0.00000000,0
2025-09-04 20:00:00,0.1218,0.1218,0.1218,0.1218,0.00000000,1757030399999,0.00000000,0,0.00000000,0.00000000,0
2025-09-05 00:00:00,0.1218,0.1218,0.1218,0.1218,0.00000000,1757044799999,0.00000000,0,0.00000000,0.00000000,0
2025-09-05 04:00:00,0.1225,0.1225,0.1225,0.1225,139.00000000,1757059199999,17.02750000,1,0.00000000,0.00000000,0
2025-09-05 08:00:00,0.1225,0.1225,0.1225,0.1225,0.00000000,1757073599999,0.00000000,0,0.00000000,0.00000000,0
2025-09-05 12:00:00,0.1225,0.1225,0.1225,0.1225,0.00000000,1757087999999,0.00000000,0,0.00000000,0.00000000,0
2025-09-05 16:00:00,0.1225,0.1225,0.1225,0.1225,0.00000000,1757102399999,0.00000000,0,0.00000000,0.00000000,0
2025-09-05 20:00:00,0.1225,0.1225,0.1225,0.1225,0.00000000,1757116799999,0.00000000,0,0.00000000,0.00000000,0
2025-09-06 00:00:00,0.1225,0.1225,0.1225,0.1225,0.00000000,1757131199999,0.00000000,0,0.00000000,0.00000000,0
2025-09-06 04:00:00,0.1225,0.1225,0.1225,0.1225,0.00000000,1757145599999,0.00000000,0,0.00000000,0.00000000,0
2025-09-06 08:00:00,0.1225,0.1225,0.1225,0.1225,0.00000000,1757159999999,0.00000000,0,0.00000000,0.00000000,0
2025-09-06 12:00:00,0.1225,0.1225,0.1225,0.1225,0.00000000,1757174399999,0.00000000,0,0.00000000,0.00000000,0
2025-09-06 16:00:00,0.1225,0.1225,0.1225,0.1225,0.00000000,1757188799999,0.00000000,0,0.00000000,0.00000000,0
2025-09-06 20:00:00,0.1225,0.1225,0.1225,0.1225,0.00000000,1757203199999,0.00000000,0,0.00000000,0.00000000,0
2025-09-07 00:00:00,0.1225,0.1225,0.1225,0.1225,0.00000000,1757217599999,0.00000000,0,0.00000000,0.00000000,0
2025-09-07 04:00:00,0.1225,0.1225,0.1225,0.1225,0.00000000,1757231999999,0.00000000,0,0.00000000,0.00000000,0
2025-09-07 08:00:00,0.1225,0.1225,0.1225,0.1225,0.00000000,1757246399999,0.00000000,0,0.00000000,0.00000000,0
2025-09-07 12:00:00,0.1225,0.1225,0.1225,0.1225,0.00000000,1757260799999,0.00000000,0,0.00000000,0.00000000,0
2025-09-07 16:00:00,0.1225,0.1225,0.1225,0.1225,0.00000000,1757275199999,0.00000000,0,0.00000000,0.00000000,0
2025-09-07 20:00:00,0.1225,0.1225,0.1225,0.1225,0.00000000,1757289599999,0.00000000,0,0.00000000,0.00000000,0
2025-09-08 00:00:00,0.1225,0.1225,0.1225,0.1225,0.00000000,1757303999999,0.00000000,0,0.00000000,0.00000000,0
2025-09-08 04:00:00,0.1225,0.1225,0.1225,0.1225,0.00000000,1757318399999,0.00000000,0,0.00000000,0.00000000,0
2025-09-08 08:00:00,0.1225,0.1225,0.1225,0.1225,0.00000000,1757332799999,0.00000000,0,0.00000000,0.00000000,0
2025-09-08 12:00:00,0.1225,0.1225,0.1225,0.1225,0.00000000,1757347199999,0.00000000,0,0.00000000,0.00000000,0
2025-09-08 16:00:00,0.1225,0.1225,0.1225,0.1225,0.00000000,1757361599999,0.00000000,0,0.00000000,0.00000000,0
2025-09-08 20:00:00,0.1222,0.1222,0.1222,0.1222,250.00000000,1757375999999,30.55000000,1,0.00000000,0.00000000,0
2025-09-09 00:00:00,0.1247,0.1248,0.1247,0.1248,189.00000000,1757390399999,23.57040000,2,189.00000000,23.57040000,0
2025-09-09 04:00:00,0.1248,0.1248,0.1248,0.1248,0.00000000,1757404799999,0.00000000,0,0.00000000,0.00000000,0
2025-09-09 08:00:00,0.1248,0.1248,0.1248,0.1248,0.00000000,1757419199999,0.00000000,0,0.00000000,0.00000000,0
2025-09-09 12:00:00,0.1248,0.1248,0.1248,0.1248,0.00000000,1757433599999,0.00000000,0,0.00000000,0.00000000,0
2025-09-09 16:00:00,0.1248,0.1248,0.1248,0.1248,0.00000000,1757447999999,0.00000000,0,0.00000000,0.00000000,0
2025-09-09 20:00:00,0.1248,0.1248,0.1248,0.1248,0.00000000,1757462399999,0.00000000,0,0.00000000,0.00000000,0
2025-09-10 00:00:00,0.1248,0.1248,0.1248,0.1248,0.00000000,1757476799999,0.00000000,0,0.00000000,0.00000000,0
2025-09-10 04:00:00,0.1248,0.1248,0.1248,0.1248,0.00000000,1757491199999,0.00000000,0,0.00000000,0.00000000,0
2025-09-10 08:00:00,0.1248,0.1248,0.1248,0.1248,0.00000000,1757505599999,0.00000000,0,0.00000000,0.00000000,0
2025-09-10 12:00:00,0.1248,0.1248,0.1248,0.1248,0.00000000,1757519999999,0.00000000,0,0.00000000,0.00000000,0
2025-09-10 16:00:00,0.1248,0.1248,0.1248,0.1248,0.00000000,1757534399999,0.00000000,0,0.00000000,0.00000000,0
2025-09-10 20:00:00,0.1248,0.1248,0.1248,0.1248,0.00000000,1757548799999,0.00000000,0,0.00000000,0.00000000,0
2025-09-11 00:00:00,0.1218,0.1218,0.1214,0.1214,4899.00000000,1757563199999,596.19100000,8,0.00000000,0.00000000,0
2025-09-11 04:00:00,0.1214,0.1214,0.1214,0.1214,0.00000000,1757577599999,0.00000000,0,0.00000000,0.00000000,0
2025-09-11 08:00:00,0.1214,0.1214,0.1214,0.1214,0.00000000,1757591999999,0.00000000,0,0.00000000,0.00000000,0
2025-09-11 12:00:00,0.1214,0.1214,0.1214,0.1214,0.00000000,1757606399999,0.00000000,0,0.00000000,0.00000000,0
2025-09-11 16:00:00,0.1214,0.1214,0.1214,0.1214,0.00000000,1757620799999,0.00000000,0,0.00000000,0.00000000,0
2025-09-11 20:00:00,0.1214,0.1214,0.1214,0.1214,0.00000000,1757635199999,0.00000000,0,0.00000000,0.00000000,0
2025-09-12 00:00:00,0.1214,0.1214,0.1214,0.1214,0.00000000,1757649599999,0.00000000,0,0.00000000,0.00000000,0
2025-09-12 04:00:00,0.1214,0.1214,0.1214,0.1214,0.00000000,1757663999999,0.00000000,0,0.00000000,0.00000000,0
2025-09-12 08:00:00,0.1214,0.1214,0.1214,0.1214,0.00000000,1757678399999,0.00000000,0,0.00000000,0.00000000,0
2025-09-12 12:00:00,0.1214,0.1214,0.1214,0.1214,0.00000000,1757692799999,0.00000000,0,0.00000000,0.00000000,0
2025-09-12 16:00:00,0.1214,0.1214,0.1214,0.1214,0.00000000,1757707199999,0.00000000,0,0.00000000,0.00000000,0
2025-09-12 20:00:00,0.1214,0.1214,0.1214,0.1214,0.00000000,1757721599999,0.00000000,0,0.00000000,0.00000000,0
2025-09-13 00:00:00,0.1214,0.1214,0.1214,0.1214,0.00000000,1757735999999,0.00000000,0,0.00000000,0.00000000,0
2025-09-13 04:00:00,0.1214,0.1214,0.1214,0.1214,0.00000000,1757750399999,0.00000000,0,0.00000000,0.00000000,0
2025-09-13 08:00:00,0.1238,0.1238,0.1238,0.1238,157.00000000,1757764799999,19.43660000,1,0.00000000,0.00000000,0
2025-09-13 12:00:00,0.1238,0.1238,0.1238,0.1238,0.00000000,1757779199999,0.00000000,0,0.00000000,0.00000000,0
2025-09-13 16:00:00,0.1238,0.1238,0.1238,0.1238,0.00000000,1757793599999,0.00000000,0,0.00000000,0.00000000,0
2025-09-13 20:00:00,0.1238,0.1238,0.1238,0.1238,0.00000000,1757807999999,0.00000000,0,0.00000000,0.00000000,0
2025-09-14 00:00:00,0.1238,0.1238,0.1238,0.1238,0.00000000,1757822399999,0.00000000,0,0.00000000,0.00000000,0
2025-09-14 04:00:00,0.1238,0.1238,0.1238,0.1238,0.00000000,1757836799999,0.00000000,0,0.00000000,0.00000000,0
2025-09-14 08:00:00,0.1238,0.1238,0.1238,0.1238,0.00000000,1757851199999,0.00000000,0,0.00000000,0.00000000,0
2025-09-14 12:00:00,0.1238,0.1238,0.1238,0.1238,0.00000000,1757865599999,0.00000000,0,0.00000000,0.00000000,0
2025-09-14 16:00:00,0.1238,0.1238,0.1238,0.1238,0.00000000,1757879999999,0.00000000,0,0.00000000,0.00000000,0
2025-09-14 20:00:00,0.1238,0.1238,0.1238,0.1238,0.00000000,1757894399999,0.00000000,0,0.00000000,0.00000000,0
2025-09-15 00:00:00,0.1238,0.1238,0.1238,0.1238,0.00000000,1757908799999,0.00000000,0,0.00000000,0.00000000,0
2025-09-15 04:00:00,0.1238,0.1238,0.1238,0.1238,0.00000000,1757923199999,0.00000000,0,0.00000000,0.00000000,0
2025-09-15 08:00:00,0.1238,0.1238,0.1238,0.1238,0.00000000,1757937599999,0.00000000,0,0.00000000,0.00000000,0
2025-09-15 12:00:00,0.1238,0.1238,0.1238,0.1238,0.00000000,1757951999999,0.00000000,0,0.00000000,0.00000000,0
2025-09-15 16:00:00,0.1238,0.1238,0.1238,0.1238,0.00000000,1757966399999,0.00000000,0,0.00000000,0.00000000,0
2025-09-15 20:00:00,0.1223,0.1227,0.1223,0.1227,184.00000000,1757980799999,22.57000000,2,0.00000000,0.00000000,0
2025-09-16 00:00:00,0.1225,0.1225,0.1225,0.1225,462.00000000,1757995199999,56.59500000,1,0.00000000,0.00000000,0
2025-09-16 04:00:00,0.1225,0.1225,0.1225,0.1225,0.00000000,1758009599999,0.00000000,0,0.00000000,0.00000000,0
2025-09-16 08:00:00,0.1225,0.1225,0.1225,0.1225,0.00000000,1758023999999,0.00000000,0,0.00000000,0.00000000,0
2025-09-16 12:00:00,0.1225,0.1225,0.1225,0.1225,0.00000000,1758038399999,0.00000000,0,0.00000000,0.00000000,0
2025-09-16 16:00:00,0.1225,0.1225,0.1225,0.1225,0.00000000,1758052799999,0.00000000,0,0.00000000,0.00000000,0
2025-09-16 20:00:00,0.1225,0.1225,0.1225,0.1225,0.00000000,1758067199999,0.00000000,0,0.00000000,0.00000000,0
2025-09-17 00:00:00,0.1225,0.1225,0.1225,0.1225,0.00000000,1758081599999,0.00000000,0,0.00000000,0.00000000,0
2025-09-17 04:00:00,0.1225,0.1225,0.1225,0.1225,0.00000000,1758095999999,0.00000000,0,0.00000000,0.00000000,0
2025-09-17 08:00:00,0.1225,0.1225,0.1225,0.1225,0.00000000,1758110399999,0.00000000,0,0.00000000,0.00000000,0
2025-09-17 12:00:00,0.1225,0.1225,0.1225,0.1225,0.00000000,1758124799999,0.00000000,0,0.00000000,0.00000000,0
2025-09-17 16:00:00,0.1225,0.1225,0.1225,0.1225,0.00000000,1758139199999,0.00000000,0,0.00000000,0.00000000,0
2025-09-17 20:00:00,0.1225,0.1225,0.1225,0.1225,0.00000000,1758153599999,0.00000000,0,0.00000000,0.00000000,0
2025-09-18 00:00:00,0.1225,0.1225,0.1225,0.1225,0.00000000,1758167999999,0.00000000,0,0.00000000,0.00000000,0
2025-09-18 04:00:00,0.1225,0.1225,0.1225,0.1225,0.00000000,1758182399999,0.00000000,0,0.00000000,0.00000000,0
2025-09-18 08:00:00,0.1292,0.1292,0.1292,0.1292,1738.00000000,1758196799999,224.54960000,3,1738.00000000,224.54960000,0
2025-09-18 12:00:00,0.1292,0.1292,0.1292,0.1292,0.00000000,1758211199999,0.00000000,0,0.00000000,0.00000000,0
2025-09-18 16:00:00,0.1292,0.1292,0.1292,0.1292,0.00000000,1758225599999,0.00000000,0,0.00000000,0.00000000,0
2025-09-18 20:00:00,0.1292,0.1292,0.1292,0.1292,0.00000000,1758239999999,0.00000000,0,0.00000000,0.00000000,0
2025-09-19 00:00:00,0.1292,0.1292,0.1292,0.1292,0.00000000,1758254399999,0.00000000,0,0.00000000,0.00000000,0
2025-09-19 04:00:00,0.1292,0.1292,0.1292,0.1292,0.00000000,1758268799999,0.00000000,0,0.00000000,0.00000000,0
2025-09-19 08:00:00,0.1292,0.1292,0.1292,0.1292,0.00000000,1758283199999,0.00000000,0,0.00000000,0.00000000,0
2025-09-19 12:00:00,0.1292,0.1292,0.1292,0.1292,0.00000000,1758297599999,0.00000000,0,0.00000000,0.00000000,0
2025-09-19 16:00:00,0.1278,0.1278,0.1278,0.1278,23.00000000,1758311999999,2.93940000,1,0.00000000,0.00000000,0
2025-09-19 20:00:00,0.1278,0.1278,0.1278,0.1278,0.00000000,1758326399999,0.00000000,0,0.00000000,0.00000000,0
2025-09-20 00:00:00,0.1278,0.1278,0.1278,0.1278,0.00000000,1758340799999,0.00000000,0,0.00000000,0.00000000,0
2025-09-20 04:00:00,0.1278,0.1278,0.1278,0.1278,0.00000000,1758355199999,0.00000000,0,0.00000000,0.00000000,0
2025-09-20 08:00:00,0.1278,0.1278,0.1278,0.1278,0.00000000,1758369599999,0.00000000,0,0.00000000,0.00000000,0
2025-09-20 12:00:00,0.1278,0.1278,0.1278,0.1278,0.00000000,1758383999999,0.00000000,0,0.00000000,0.00000000,0
2025-09-20 16:00:00,0.1278,0.1278,0.1278,0.1278,0.00000000,1758398399999,0.00000000,0,0.00000000,0.00000000,0
2025-09-20 20:00:00,0.1278,0.1278,0.1278,0.1278,0.00000000,1758412799999,0.00000000,0,0.00000000,0.00000000,0
2025-09-21 00:00:00,0.1278,0.1278,0.1278,0.1278,0.00000000,1758427199999,0.00000000,0,0.00000000,0.00000000,0
2025-09-21 04:00:00,0.1278,0.1278,0.1278,0.1278,0.00000000,1758441599999,0.00000000,0,0.00000000,0.00000000,0
2025-09-21 08:00:00,0.1278,0.1278,0.1278,0.1278,0.00000000,1758455999999,0.00000000,0,0.00000000,0.00000000,0
2025-09-21 12:00:00,0.1278,0.1278,0.1278,0.1278,0.00000000,1758470399999,0.00000000,0,0.00000000,0.00000000,0
2025-09-21 16:00:00,0.1278,0.1278,0.1278,0.1278,0.00000000,1758484799999,0.00000000,0,0.00000000,0.00000000,0
2025-09-21 20:00:00,0.1278,0.1278,0.1278,0.1278,0.00000000,1758499199999,0.00000000,0,0.00000000,0.00000000,0
2025-09-22 00:00:00,0.1215,0.1215,0.1201,0.121,4738.00000000,1758513599999,574.63060000,5,0.00000000,0.00000000,0
2025-09-22 04:00:00,0.121,0.121,0.121,0.121,0.00000000,1758527999999,0.00000000,0,0.00000000,0.00000000,0
2025-09-22 08:00:00,0.121,0.121,0.121,0.121,0.00000000,1758542399999,0.00000000,0,0.00000000,0.00000000,0
2025-09-22 12:00:00,0.121,0.121,0.121,0.121,0.00000000,1758556799999,0.00000000,0,0.00000000,0.00000000,0
2025-09-22 16:00:00,0.121,0.121,0.121,0.121,0.00000000,1758571199999,0.00000000,0,0.00000000,0.00000000,0
2025-09-22 20:00:00,0.121,0.121,0.121,0.121,0.00000000,1758585599999,0.00000000,0,0.00000000,0.00000000,0
2025-09-23 00:00:00,0.1258,0.1259,0.1228,0.1228,2108.00000000,1758599999999,259.58790000,5,166.00000000,20.89130000,0
2025-09-23 04:00:00,0.1228,0.1228,0.1228,0.1228,0.00000000,1758614399999,0.00000000,0,0.00000000,0.00000000,0
2025-09-23 08:00:00,0.1228,0.1228,0.1228,0.1228,0.00000000,1758628799999,0.00000000,0,0.00000000,0.00000000,0
2025-09-23 12:00:00,0.1228,0.1228,0.1228,0.1228,0.00000000,1758643199999,0.00000000,0,0.00000000,0.00000000,0
2025-09-23 16:00:00,0.1228,0.1228,0.1228,0.1228,0.00000000,1758657599999,0.00000000,0,0.00000000,0.00000000,0
2025-09-23 20:00:00,0.1228,0.1228,0.1228,0.1228,0.00000000,1758671999999,0.00000000,0,0.00000000,0.00000000,0
2025-09-24 00:00:00,0.1228,0.1228,0.1228,0.1228,0.00000000,1758686399999,0.00000000,0,0.00000000,0.00000000,0
2025-09-24 04:00:00,0.1228,0.1228,0.1228,0.1228,0.00000000,1758700799999,0.00000000,0,0.00000000,0.00000000,0
2025-09-24 08:00:00,0.1228,0.1228,0.1228,0.1228,0.00000000,1758715199999,0.00000000,0,0.00000000,0.00000000,0
2025-09-24 12:00:00,0.1228,0.1228,0.1228,0.1228,0.00000000,1758729599999,0.00000000,0,0.00000000,0.00000000,0
2025-09-24 16:00:00,0.1228,0.1228,0.1228,0.1228,0.00000000,1758743999999,0.00000000,0,0.00000000,0.00000000,0
2025-09-24 20:00:00,0.1228,0.1228,0.1228,0.1228,0.00000000,1758758399999,0.00000000,0,0.00000000,0.00000000,0
2025-09-25 00:00:00,0.1228,0.1228,0.1228,0.1228,0.00000000,1758772799999,0.00000000,0,0.00000000,0.00000000,0
2025-09-25 04:00:00,0.1228,0.1228,0.1228,0.1228,0.00000000,1758787199999,0.00000000,0,0.00000000,0.00000000,0
2025-09-25 08:00:00,0.1228,0.1228,0.1228,0.1228,0.00000000,1758801599999,0.00000000,0,0.00000000,0.00000000,0
2025-09-25 12:00:00,0.1228,0.1228,0.1228,0.1228,0.00000000,1758815999999,0.00000000,0,0.00000000,0.00000000,0
2025-09-25 16:00:00,0.1206,0.1206,0.1206,0.1206,928.00000000,1758830399999,111.91680000,1,0.00000000,0.00000000,0
2025-09-25 20:00:00,0.1206,0.1206,0.1206,0.1206,0.00000000,1758844799999,0.00000000,0,0.00000000,0.00000000,0
2025-09-26 00:00:00,0.1206,0.1206,0.1206,0.1206,0.00000000,1758859199999,0.00000000,0,0.00000000,0.00000000,0
2025-09-26 04:00:00,0.1206,0.1206,0.1206,0.1206,0.00000000,1758873599999,0.00000000,0,0.00000000,0.00000000,0
2025-09-26 08:00:00,0.1206,0.1206,0.1206,0.1206,0.00000000,1758887999999,0.00000000,0,0.00000000,0.00000000,0
2025-09-26 12:00:00,0.1206,0.1206,0.1206,0.1206,0.00000000,1758902399999,0.00000000,0,0.00000000,0.00000000,0
2025-09-26 16:00:00,0.1206,0.1206,0.1206,0.1206,0.00000000,1758916799999,0.00000000,0,0.00000000,0.00000000,0
2025-09-26 20:00:00,0.1206,0.1206,0.1206,0.1206,0.00000000,1758931199999,0.00000000,0,0.00000000,0.00000000,0
2025-09-27 00:00:00,0.1206,0.1206,0.1206,0.1206,0.00000000,1758945599999,0.00000000,0,0.00000000,0.00000000,0
2025-09-27 04:00:00,0.1206,0.1206,0.1206,0.1206,0.00000000,1758959999999,0.00000000,0,0.00000000,0.00000000,0
2025-09-27 08:00:00,0.1206,0.1206,0.1206,0.1206,0.00000000,1758974399999,0.00000000,0,0.00000000,0.00000000,0
2025-09-27 12:00:00,0.1206,0.1206,0.1206,0.1206,0.00000000,1758988799999,0.00000000,0,0.00000000,0.00000000,0
2025-09-27 16:00:00,0.1206,0.1206,0.1206,0.1206,0.00000000,1759003199999,0.00000000,0,0.00000000,0.00000000,0
2025-09-27 20:00:00,0.1206,0.1206,0.1206,0.1206,0.00000000,1759017599999,0.00000000,0,0.00000000,0.00000000,0
2025-09-28 00:00:00,0.1206,0.1206,0.1206,0.1206,0.00000000,1759031999999,0.00000000,0,0.00000000,0.00000000,0
2025-09-28 04:00:00,0.1206,0.1206,0.1206,0.1206,0.00000000,1759046399999,0.00000000,0,0.00000000,0.00000000,0
2025-09-28 08:00:00,0.1206,0.1206,0.1206,0.1206,0.00000000,1759060799999,0.00000000,0,0.00000000,0.00000000,0
2025-09-28 12:00:00,0.1206,0.1206,0.1206,0.1206,0.00000000,1759075199999,0.00000000,0,0.00000000,0.00000000,0
2025-09-28 16:00:00,0.1206,0.1206,0.1206,0.1206,0.00000000,1759089599999,0.00000000,0,0.00000000,0.00000000,0
2025-09-28 20:00:00,0.1206,0.1206,0.1206,0.1206,0.00000000,1759103999999,0.00000000,0,0.00000000,0.00000000,0
2025-09-29 00:00:00,0.1206,0.1206,0.1206,0.1206,0.00000000,1759118399999,0.00000000,0,0.00000000,0.00000000,0
2025-09-29 04:00:00,0.1206,0.1206,0.1206,0.1206,0.00000000,1759132799999,0.00000000,0,0.00000000,0.00000000,0
2025-09-29 08:00:00,0.1206,0.1206,0.1206,0.1206,0.00000000,1759147199999,0.00000000,0,0.00000000,0.00000000,0
2025-09-29 12:00:00,0.1206,0.1206,0.1206,0.1206,0.00000000,1759161599999,0.00000000,0,0.00000000,0.00000000,0
2025-09-29 16:00:00,0.1206,0.1206,0.1206,0.1206,0.00000000,1759175999999,0.00000000,0,0.00000000,0.00000000,0
2025-09-29 20:00:00,0.123,0.123,0.123,0.123,165.00000000,1759190399999,20.29500000,1,0.00000000,0.00000000,0
2025-09-30 00:00:00,0.123,0.123,0.123,0.123,0.00000000,1759204799999,0.00000000,0,0.00000000,0.00000000,0
2025-09-30 04:00:00,0.123,0.123,0.123,0.123,0.00000000,1759219199999,0.00000000,0,0.00000000,0.00000000,0
2025-09-30 08:00:00,0.123,0.123,0.123,0.123,0.00000000,1759233599999,0.00000000,0,0.00000000,0.00000000,0
2025-09-30 12:00:00,0.123,0.123,0.123,0.123,0.00000000,1759247999999,0.00000000,0,0.00000000,0.00000000,0
2025-09-30 16:00:00,0.123,0.123,0.123,0.123,0.00000000,1759262399999,0.00000000,0,0.00000000,0.00000000,0
2025-09-30 20:00:00,0.123,0.123,0.123,0.123,0.00000000,1759276799999,0.00000000,0,0.00000000,0.00000000,0
2025-10-01 00:00:00,0.123,0.123,0.123,0.123,0.00000000,1759291199999,0.00000000,0,0.00000000,0.00000000,0
2025-10-01 04:00:00,0.123,0.123,0.123,0.123,0.00000000,1759305599999,0.00000000,0,0.00000000,0.00000000,0
2025-10-01 08:00:00,0.123,0.123,0.123,0.123,0.00000000,1759319999999,0.00000000,0,0.00000000,0.00000000,0
2025-10-01 12:00:00,0.123,0.123,0.123,0.123,0.00000000,1759334399999,0.00000000,0,0.00000000,0.00000000,0
2025-10-01 16:00:00,0.123,0.123,0.123,0.123,0.00000000,1759348799999,0.00000000,0,0.00000000,0.00000000,0
2025-10-01 20:00:00,0.123,0.123,0.123,0.123,0.00000000,1759363199999,0.00000000,0,0.00000000,0.00000000,0
2025-10-02 00:00:00,0.1281,0.1281,0.1281,0.1281,163.00000000,1759377599999,20.88030000,1,163.00000000,20.88030000,0
2025-10-02 04:00:00,0.1281,0.1281,0.1281,0.1281,0.00000000,1759391999999,0.00000000,0,0.00000000,0.00000000,0
2025-10-02 08:00:00,0.1281,0.1281,0.1281,0.1281,0.00000000,1759406399999,0.00000000,0,0.00000000,0.00000000,0
2025-10-02 12:00:00,0.1281,0.1281,0.1281,0.1281,0.00000000,1759420799999,0.00000000,0,0.00000000,0.00000000,0
2025-10-02 16:00:00,0.1281,0.1281,0.1281,0.1281,0.00000000,1759435199999,0.00000000,0,0.00000000,0.00000000,0
2025-10-02 20:00:00,0.1281,0.1281,0.1281,0.1281,0.00000000,1759449599999,0.00000000,0,0.00000000,0.00000000,0
2025-10-03 00:00:00,0.1281,0.1281,0.1281,0.1281,0.00000000,1759463999999,0.00000000,0,0.00000000,0.00000000,0
2025-10-03 04:00:00,0.1281,0.1281,0.1281,0.1281,0.00000000,1759478399999,0.00000000,0,0.00000000,0.00000000,0
2025-10-03 08:00:00,0.1281,0.1281,0.1281,0.1281,0.00000000,1759492799999,0.00000000,0,0.00000000,0.00000000,0
2025-10-03 12:00:00,0.1281,0.1281,0.1281,0.1281,0.00000000,1759507199999,0.00000000,0,0.00000000,0.00000000,0
2025-10-03 16:00:00,0.1281,0.1281,0.1281,0.1281,0.00000000,1759521599999,0.00000000,0,0.00000000,0.00000000,0
2025-10-03 20:00:00,0.1281,0.1281,0.1281,0.1281,0.00000000,1759535999999,0.00000000,0,0.00000000,0.00000000,0
2025-10-04 00:00:00,0.1281,0.1281,0.1281,0.1281,0.00000000,1759550399999,0.00000000,0,0.00000000,0.00000000,0
2025-10-04 04:00:00,0.1281,0.1281,0.1281,0.1281,0.00000000,1759564799999,0.00000000,0,0.00000000,0.00000000,0
2025-10-04 08:00:00,0.131,0.131,0.131,0.131,23.00000000,1759579199999,3.01300000,1,23.00000000,3.01300000,0
2025-10-04 12:00:00,0.131,0.131,0.131,0.131,3816.00000000,1759593599999,499.89600000,2,3648.00000000,477.88800000,0
2025-10-04 16:00:00,0.1205,0.1205,0.1205,0.1205,76.00000000,1759607999999,9.15800000,1,0.00000000,0.00000000,0
2025-10-04 20:00:00,0.1205,0.1205,0.1205,0.1205,0.00000000,1759622399999,0.00000000,0,0.00000000,0.00000000,0
2025-10-05 00:00:00,0.1203,0.1289,0.1203,0.1289,323.00000000,1759636799999,40.24150000,3,161.00000000,20.75290000,0
2025-10-05 04:00:00,0.1289,0.1289,0.1289,0.1289,0.00000000,1759651199999,0.00000000,0,0.00000000,0.00000000,0
2025-10-05 08:00:00,0.1289,0.1289,0.1289,0.1289,0.00000000,1759665599999,0.00000000,0,0.00000000,0.00000000,0
2025-10-05 12:00:00,0.1277,0.1277,0.1277,0.1277,10.00000000,1759679999999,1.27700000,1,0.00000000,0.00000000,0
2025-10-05 16:00:00,0.1277,0.1277,0.1277,0.1277,0.00000000,1759694399999,0.00000000,0,0.00000000,0.00000000,0
2025-10-05 20:00:00,0.1277,0.1277,0.1277,0.1277,0.00000000,1759708799999,0.00000000,0,0.00000000,0.00000000,0
2025-10-06 00:00:00,0.1277,0.1277,0.1277,0.1277,0.00000000,1759723199999,0.00000000,0,0.00000000,0.00000000,0
2025-10-06 04:00:00,0.1277,0.1277,0.1277,0.1277,0.00000000,1759737599999,0.00000000,0,0.00000000,0.00000000,0
2025-10-06 08:00:00,0.1277,0.1277,0.1277,0.1277,0.00000000,1759751999999,0.00000000,0,0.00000000,0.00000000,0
2025-10-06 12:00:00,0.1277,0.1277,0.1277,0.1277,0.00000000,1759766399999,0.00000000,0,0.00000000,0.00000000,0
2025-10-06 16:00:00,0.1276,0.1276,0.1276,0.1276,27.00000000,1759780799999,3.44520000,1,0.00000000,0.00000000,0
2025-10-06 20:00:00,0.1276,0.1276,0.1276,0.1276,0.00000000,1759795199999,0.00000000,0,0.00000000,0.00000000,0
2025-10-07 00:00:00,0.1276,0.1276,0.1276,0.1276,0.00000000,1759809599999,0.00000000,0,0.00000000,0.00000000,0
2025-10-07 04:00:00,0.1276,0.1276,0.1276,0.1276,0.00000000,1759823999999,0.00000000,0,0.00000000,0.00000000,0
2025-10-07 08:00:00,0.1276,0.1276,0.1276,0.1276,0.00000000,1759838399999,0.00000000,0,0.00000000,0.00000000,0
2025-10-07 12:00:00,0.1314,0.134,0.1276,0.1276,505.00000000,1759852799999,65.90900000,6,227.00000000,30.21780000,0
2025-10-07 16:00:00,0.1276,0.1276,0.1276,0.1276,0.00000000,1759867199999,0.00000000,0,0.00000000,0.00000000,0
2025-10-07 20:00:00,0.1276,0.1276,0.1276,0.1276,50.00000000,1759881599999,6.38000000,1,0.00000000,0.00000000,0
2025-10-08 00:00:00,0.1276,0.1276,0.1276,0.1276,0.00000000,1759895999999,0.00000000,0,0.00000000,0.00000000,0
2025-10-08 04:00:00,0.1276,0.1276,0.1276,0.1276,0.00000000,1759910399999,0.00000000,0,0.00000000,0.00000000,0
2025-10-08 08:00:00,0.1276,0.1276,0.1276,0.1276,0.00000000,1759924799999,0.00000000,0,0.00000000,0.00000000,0
2025-10-08 12:00:00,0.1276,0.1276,0.1276,0.1276,0.00000000,1759939199999,0.00000000,0,0.00000000,0.00000000,0
2025-10-08 16:00:00,0.1276,0.1276,0.1276,0.1276,0.00000000,1759953599999,0.00000000,0,0.00000000,0.00000000,0
2025-10-08 20:00:00,0.1276,0.1276,0.1276,0.1276,0.00000000,1759967999999,0.00000000,0,0.00000000,0.00000000,0
2025-10-09 00:00:00,0.1276,0.1276,0.1276,0.1276,0.00000000,1759982399999,0.00000000,0,0.00000000,0.00000000,0
2025-10-09 04:00:00,0.1276,0.1276,0.1276,0.1276,0.00000000,1759996799999,0.00000000,0,0.00000000,0.00000000,0
2025-10-09 08:00:00,0.1276,0.1276,0.1276,0.1276,0.00000000,1760011199999,0.00000000,0,0.00000000,0.00000000,0
2025-10-09 12:00:00,0.1276,0.1276,0.1276,0.1276,0.00000000,1760025599999,0.00000000,0,0.00000000,0.00000000,0
2025-10-09 16:00:00,0.1276,0.1276,0.1276,0.1276,0.00000000,1760039999999,0.00000000,0,0.00000000,0.00000000,0
2025-10-09 20:00:00,0.1276,0.1276,0.1276,0.1276,0.00000000,1760054399999,0.00000000,0,0.00000000,0.00000000,0
2025-10-10 00:00:00,0.1276,0.1276,0.1276,0.1276,0.00000000,1760068799999,0.00000000,0,0.00000000,0.00000000,0
2025-10-10 04:00:00,0.1276,0.1276,0.1276,0.1276,0.00000000,1760083199999,0.00000000,0,0.00000000,0.00000000,0
2025-10-10 08:00:00,0.1276,0.1276,0.1276,0.1276,0.00000000,1760097599999,0.00000000,0,0.00000000,0.00000000,0
2025-10-10 12:00:00,0.1276,0.1276,0.1276,0.1276,0.00000000,1760111999999,0.00000000,0,0.00000000,0.00000000,0
2025-10-10 16:00:00,0.1276,0.1276,0.1276,0.1276,0.00000000,1760126399999,0.00000000,0,0.00000000,0.00000000,0
2025-10-10 20:00:00,0.1276,0.1276,0.1097,0.117,16857.00000000,1760140799999,1958.15490000,12,29.00000000,3.29550000,0
2025-10-11 00:00:00,0.117,0.117,0.117,0.117,0.00000000,1760155199999,0.00000000,0,0.00000000,0.00000000,0
2025-10-11 04:00:00,0.117,0.117,0.117,0.117,3730.00000000,1760169599999,436.41000000,6,3730.00000000,436.41000000,0
2025-10-11 08:00:00,0.117,0.117,0.117,0.117,0.00000000,1760183999999,0.00000000,0,0.00000000,0.00000000,0
2025-10-11 12:00:00,0.117,0.117,0.117,0.117,0.00000000,1760198399999,0.00000000,0,0.00000000,0.00000000,0
2025-10-11 16:00:00,0.117,0.117,0.117,0.117,0.00000000,1760212799999,0.00000000,0,0.00000000,0.00000000,0
2025-10-11 20:00:00,0.117,0.117,0.117,0.117,0.00000000,1760227199999,0.00000000,0,0.00000000,0.00000000,0
2025-10-12 00:00:00,0.117,0.117,0.117,0.117,0.00000000,1760241599999,0.00000000,0,0.00000000,0.00000000,0
2025-10-12 04:00:00,0.117,0.117,0.117,0.117,0.00000000,1760255999999,0.00000000,0,0.00000000,0.00000000,0
2025-10-12 08:00:00,0.117,0.117,0.117,0.117,0.00000000,1760270399999,0.00000000,0,0.00000000,0.00000000,0
2025-10-12 12:00:00,0.117,0.117,0.117,0.117,0.00000000,1760284799999,0.00000000,0,0.00000000,0.00000000,0
2025-10-12 16:00:00,0.1134,0.1134,0.1045,0.1046,691.00000000,1760299199999,74.54400000,3,0.00000000,0.00000000,0
2025-10-12 20:00:00,0.1046,0.1046,0.1046,0.1046,0.00000000,1760313599999,0.00000000,0,0.00000000,0.00000000,0
2025-10-13 00:00:00,0.1046,0.1046,0.1046,0.1046,0.00000000,1760327999999,0.00000000,0,0.00000000,0.00000000,0
2025-10-13 04:00:00,0.1046,0.1046,0.1046,0.1046,0.00000000,1760342399999,0.00000000,0,0.00000000,0.00000000,0
2025-10-13 08:00:00,0.1046,0.1046,0.1046,0.1046,14.00000000,1760356799999,1.46440000,1,0.00000000,0.00000000,0
2025-10-13 12:00:00,0.1046,0.1046,0.1041,0.1041,7962.00000000,1760371199999,831.84970000,4,0.00000000,0.00000000,0
2025-10-13 16:00:00,0.1041,0.1041,0.1041,0.1041,0.00000000,1760385599999,0.00000000,0,0.00000000,0.00000000,0
2025-10-13 20:00:00,0.1041,0.1041,0.1041,0.1041,0.00000000,1760399999999,0.00000000,0,0.00000000,0.00000000,0
2025-10-14 00:00:00,0.1041,0.1041,0.1041,0.1041,0.00000000,1760414399999,0.00000000,0,0.00000000,0.00000000,0
2025-10-14 04:00:00,0.1041,0.1041,0.1041,0.1041,0.00000000,1760428799999,0.00000000,0,0.00000000,0.00000000,0
2025-10-14 08:00:00,0.1041,0.1041,0.1041,0.1041,0.00000000,1760443199999,0.00000000,0,0.00000000,0.00000000,0
2025-10-14 12:00:00,0.1041,0.1041,0.1041,0.1041,0.00000000,1760457599999,0.00000000,0,0.00000000,0.00000000,0
2025-10-14 16:00:00,0.1041,0.1041,0.1041,0.1041,0.00000000,1760471999999,0.00000000,0,0.00000000,0.00000000,0
2025-10-14 20:00:00,0.1041,0.1041,0.1041,0.1041,0.00000000,1760486399999,0.00000000,0,0.00000000,0.00000000,0
2025-10-15 00:00:00,0.1041,0.1041,0.1041,0.1041,0.00000000,1760500799999,0.00000000,0,0.00000000,0.00000000,0
2025-10-15 04:00:00,0.1041,0.1041,0.1041,0.1041,0.00000000,1760515199999,0.00000000,0,0.00000000,0.00000000,0
2025-10-15 08:00:00,0.1041,0.1042,0.1041,0.1042,2555.00000000,1760529599999,266.01510000,5,0.00000000,0.00000000,0
2025-10-15 12:00:00,0.1042,0.1042,0.1042,0.1042,0.00000000,1760543999999,0.00000000,0,0.00000000,0.00000000,0
2025-10-15 16:00:00,0.1041,0.1041,0.1041,0.1041,1317.00000000,1760558399999,137.09970000,1,0.00000000,0.00000000,0
2025-10-15 20:00:00,0.1041,0.1041,0.1041,0.1041,0.00000000,1760572799999,0.00000000,0,0.00000000,0.00000000,0
2025-10-16 00:00:00,0.1041,0.1041,0.1041,0.1041,0.00000000,1760587199999,0.00000000,0,0.00000000,0.00000000,0
2025-10-16 04:00:00,0.1041,0.1041,0.1041,0.1041,0.00000000,1760601599999,0.00000000,0,0.00000000,0.00000000,0
2025-10-16 08:00:00,0.1041,0.1041,0.1041,0.1041,0.00000000,1760615999999,0.00000000,0,0.00000000,0.00000000,0
2025-10-16 12:00:00,0.1041,0.1041,0.1041,0.1041,0.00000000,1760630399999,0.00000000,0,0.00000000,0.00000000,0
2025-10-16 16:00:00,0.1041,0.1041,0.1041,0.1041,0.00000000,1760644799999,0.00000000,0,0.00000000,0.00000000,0
2025-10-16 20:00:00,0.1041,0.1041,0.1041,0.1041,0.00000000,1760659199999,0.00000000,0,0.00000000,0.00000000,0
2025-10-17 00:00:00,0.1041,0.1041,0.1041,0.1041,0.00000000,1760673599999,0.00000000,0,0.00000000,0.00000000,0
2025-10-17 04:00:00,0.1041,0.1041,0.1041,0.1041,0.00000000,1760687999999,0.00000000,0,0.00000000,0.00000000,0
2025-10-17 08:00:00,0.1041,0.1041,0.1041,0.1041,0.00000000,1760702399999,0.00000000,0,0.00000000,0.00000000,0
2025-10-17 12:00:00,0.1041,0.1041,0.1041,0.1041,0.00000000,1760716799999,0.00000000,0,0.00000000,0.00000000,0
2025-10-17 16:00:00,0.1041,0.1041,0.1041,0.1041,0.00000000,1760731199999,0.00000000,0,0.00000000,0.00000000,0
2025-10-17 20:00:00,0.1041,0.1041,0.1041,0.1041,0.00000000,1760745599999,0.00000000,0,0.00000000,0.00000000,0
2025-10-18 00:00:00,0.1274,0.1274,0.1274,0.1274,11.00000000,1760759999999,1.40140000,1,11.00000000,1.40140000,0
2025-10-18 04:00:00,0.1273,0.1274,0.1273,0.1274,349.00000000,1760774399999,44.45990000,3,349.00000000,44.45990000,0
2025-10-18 08:00:00,0.1274,0.1274,0.1274,0.1274,0.00000000,1760788799999,0.00000000,0,0.00000000,0.00000000,0
2025-10-18 12:00:00,0.1274,0.1274,0.1274,0.1274,0.00000000,1760803199999,0.00000000,0,0.00000000,0.00000000,0
2025-10-18 16:00:00,0.1041,0.1041,0.1041,0.1041,1154.00000000,1760817599999,120.13140000,2,0.00000000,0.00000000,0
2025-10-18 20:00:00,0.1041,0.1041,0.1041,0.1041,0.00000000,1760831999999,0.00000000,0,0.00000000,0.00000000,0
2025-10-19 00:00:00,0.1041,0.1041,0.1041,0.1041,0.00000000,1760846399999,0.00000000,0,0.00000000,0.00000000,0
2025-10-19 04:00:00,0.1257,0.1257,0.1257,0.1257,438.00000000,1760860799999,55.05660000,3,438.00000000,55.05660000,0
2025-10-19 08:00:00,0.1257,0.1318,0.1257,0.1315,281.00000000,1760875199999,36.07270000,4,281.00000000,36.07270000,0
2025-10-19 12:00:00,0.1304,0.1325,0.1304,0.1314,311.00000000,1760889599999,40.90970000,5,311.00000000,40.90970000,0
2025-10-19 16:00:00,0.1314,0.1314,0.1309,0.1314,129.00000000,1760903999999,16.92810000,3,129.00000000,16.92810000,0
2025-10-19 20:00:00,0.1314,0.1314,0.1314,0.1314,0.00000000,1760918399999,0.00000000,0,0.00000000,0.00000000,0
2025-10-20 00:00:00,0.1314,0.1314,0.1314,0.1314,0.00000000,1760932799999,0.00000000,0,0.00000000,0.00000000,0
2025-10-20 04:00:00,0.1314,0.1314,0.1314,0.1314,0.00000000,1760947199999,0.00000000,0,0.00000000,0.00000000,0
2025-10-20 08:00:00,0.1314,0.1314,0.1314,0.1314,0.00000000,1760961599999,0.00000000,0,0.00000000,0.00000000,0
2025-10-20 12:00:00,0.1314,0.1314,0.1314,0.1314,0.00000000,1760975999999,0.00000000,0,0.00000000,0.00000000,0
2025-10-20 16:00:00,0.1314,0.1314,0.1314,0.1314,0.00000000,1760990399999,0.00000000,0,0.00000000,0.00000000,0
2025-10-20 20:00:00,0.1314,0.1314,0.1314,0.1314,0.00000000,1761004799999,0.00000000,0,0.00000000,0.00000000,0
2025-10-21 00:00:00,0.1314,0.1314,0.1314,0.1314,0.00000000,1761019199999,0.00000000,0,0.00000000,0.00000000,0
2025-10-21 04:00:00,0.1314,0.1314,0.1314,0.1314,0.00000000,1761033599999,0.00000000,0,0.00000000,0.00000000,0
2025-10-21 08:00:00,0.1314,0.1314,0.1314,0.1314,0.00000000,1761047999999,0.00000000,0,0.00000000,0.00000000,0
2025-10-21 12:00:00,0.1325,0.1325,0.1325,0.1325,237.00000000,1761062399999,31.40250000,1,237.00000000,31.40250000,0
2025-10-21 16:00:00,0.1325,0.1325,0.1325,0.1325,0.00000000,1761076799999,0.00000000,0,0.00000000,0.00000000,0
2025-10-21 20:00:00,0.1325,0.1325,0.1325,0.1325,0.00000000,1761091199999,0.00000000,0,0.00000000,0.00000000,0
2025-10-22 00:00:00,0.1325,0.1325,0.1325,0.1325,0.00000000,1761105599999,0.00000000,0,0.00000000,0.00000000,0
2025-10-22 04:00:00,0.1143,0.1262,0.1143,0.1262,81.00000000,1761119999999,9.46660000,3,17.00000000,2.14540000,0
2025-10-22 08:00:00,0.1262,0.1262,0.1262,0.1262,0.00000000,1761134399999,0.00000000,0,0.00000000,0.00000000,0
2025-10-22 12:00:00,0.1262,0.1262,0.1262,0.1262,0.00000000,1761148799999,0.00000000,0,0.00000000,0.00000000,0
2025-10-22 16:00:00,0.1262,0.1262,0.1262,0.1262,0.00000000,1761163199999,0.00000000,0,0.00000000,0.00000000,0
2025-10-22 20:00:00,0.1262,0.1262,0.1262,0.1262,0.00000000,1761177599999,0.00000000,0,0.00000000,0.00000000,0
2025-10-23 00:00:00,0.1262,0.1262,0.1262,0.1262,0.00000000,1761191999999,0.00000000,0,0.00000000,0.00000000,0
2025-10-23 04:00:00,0.1262,0.1262,0.1262,0.1262,0.00000000,1761206399999,0.00000000,0,0.00000000,0.00000000,0
2025-10-23 08:00:00,0.1262,0.1262,0.1262,0.1262,0.00000000,1761220799999,0.00000000,0,0.00000000,0.00000000,0
2025-10-23 12:00:00,0.1262,0.1262,0.1262,0.1262,0.00000000,1761235199999,0.00000000,0,0.00000000,0.00000000,0
2025-10-23 16:00:00,0.1262,0.1262,0.1262,0.1262,0.00000000,1761249599999,0.00000000,0,0.00000000,0.00000000,0
2025-10-23 20:00:00,0.1262,0.1262,0.1262,0.1262,0.00000000,1761263999999,0.00000000,0,0.00000000,0.00000000,0
2025-10-24 00:00:00,0.1262,0.1262,0.1262,0.1262,0.00000000,1761278399999,0.00000000,0,0.00000000,0.00000000,0
2025-10-24 04:00:00,0.1248,0.1248,0.1248,0.1248,13.00000000,1761292799999,1.62240000,1,0.00000000,0.00000000,0
2025-10-24 08:00:00,0.1255,0.1255,0.1248,0.1248,57107.00000000,1761307199999,7130.33390000,3,52278.00000000,6524.29440000,0
2025-10-24 12:00:00,0.1248,0.1248,0.1248,0.1248,0.00000000,1761321599999,0.00000000,0,0.00000000,0.00000000,0
2025-10-24 16:00:00,0.1248,0.1248,0.1248,0.1248,0.00000000,1761335999999,0.00000000,0,0.00000000,0.00000000,0
2025-10-24 20:00:00,0.1248,0.1248,0.1248,0.1248,0.00000000,1761350399999,0.00000000,0,0.00000000,0.00000000,0
2025-10-25 00:00:00,0.1248,0.1248,0.1248,0.1248,0.00000000,1761364799999,0.00000000,0,0.00000000,0.00000000,0
2025-10-25 04:00:00,0.1248,0.1248,0.1248,0.1248,0.00000000,1761379199999,0.00000000,0,0.00000000,0.00000000,0
2025-10-25 08:00:00,0.1248,0.1248,0.1248,0.1248,0.00000000,1761393599999,0.00000000,0,0.00000000,0.00000000,0
2025-10-25 12:00:00,0.1248,0.1248,0.1248,0.1248,0.00000000,1761407999999,0.00000000,0,0.00000000,0.00000000,0
2025-10-25 16:00:00,0.1248,0.1248,0.1248,0.1248,0.00000000,1761422399999,0.00000000,0,0.00000000,0.00000000,0
2025-10-25 20:00:00,0.1248,0.1248,0.1248,0.1248,328.00000000,1761436799999,40.93440000,1,0.00000000,0.00000000,0
2025-10-26 00:00:00,0.1248,0.1248,0.1248,0.1248,0.00000000,1761451199999,0.00000000,0,0.00000000,0.00000000,0
2025-10-26 04:00:00,0.1248,0.1248,0.1248,0.1248,0.00000000,1761465599999,0.00000000,0,0.00000000,0.00000000,0
2025-10-26 08:00:00,0.1248,0.1248,0.1248,0.1248,0.00000000,1761479999999,0.00000000,0,0.00000000,0.00000000,0
2025-10-26 12:00:00,0.1238,0.1238,0.1238,0.1238,99.00000000,1761494399999,12.25620000,1,0.00000000,0.00000000,0
2025-10-26 16:00:00,0.1238,0.1238,0.1238,0.1238,0.00000000,1761508799999,0.00000000,0,0.00000000,0.00000000,0
2025-10-26 20:00:00,0.1238,0.1238,0.1238,0.1238,0.00000000,1761523199999,0.00000000,0,0.00000000,0.00000000,0
2025-10-27 00:00:00,0.1238,0.1238,0.1238,0.1238,0.00000000,1761537599999,0.00000000,0,0.00000000,0.00000000,0
2025-10-27 04:00:00,0.1238,0.1238,0.1238,0.1238,0.00000000,1761551999999,0.00000000,0,0.00000000,0.00000000,0
2025-10-27 08:00:00,0.1238,0.1238,0.1238,0.1238,0.00000000,1761566399999,0.00000000,0,0.00000000,0.00000000,0
2025-10-27 12:00:00,0.1238,0.1238,0.1238,0.1238,0.00000000,1761580799999,0.00000000,0,0.00000000,0.00000000,0
2025-10-27 16:00:00,0.1238,0.1238,0.1238,0.1238,0.00000000,1761595199999,0.00000000,0,0.00000000,0.00000000,0
2025-10-27 20:00:00,0.1238,0.1238,0.1238,0.1238,0.00000000,1761609599999,0.00000000,0,0.00000000,0.00000000,0
2025-10-28 00:00:00,0.1238,0.1238,0.1238,0.1238,0.00000000,1761623999999,0.00000000,0,0.00000000,0.00000000,0
2025-10-28 04:00:00,0.1238,0.1238,0.1238,0.1238,0.00000000,1761638399999,0.00000000,0,0.00000000,0.00000000,0
2025-10-28 08:00:00,0.1238,0.1238,0.1238,0.1238,0.00000000,1761652799999,0.00000000,0,0.00000000,0.00000000,0
2025-10-28 12:00:00,0.1238,0.1238,0.1238,0.1238,0.00000000,1761667199999,0.00000000,0,0.00000000,0.00000000,0
2025-10-28 16:00:00,0.1238,0.1238,0.1238,0.1238,0.00000000,1761681599999,0.00000000,0,0.00000000,0.00000000,0
2025-10-28 20:00:00,0.1238,0.1238,0.1238,0.1238,0.00000000,1761695999999,0.00000000,0,0.00000000,0.00000000,0
2025-10-29 00:00:00,0.1168,0.1168,0.1168,0.1168,30.00000000,1761710399999,3.50400000,1,0.00000000,0.00000000,0
2025-10-29 04:00:00,0.1168,0.1168,0.1168,0.1168,0.00000000,1761724799999,0.00000000,0,0.00000000,0.00000000,0
2025-10-29 08:00:00,0.1168,0.1168,0.1168,0.1168,0.00000000,1761739199999,0.00000000,0,0.00000000,0.00000000,0
2025-10-29 12:00:00,0.1168,0.1168,0.1168,0.1168,0.00000000,1761753599999,0.00000000,0,0.00000000,0.00000000,0
2025-10-29 16:00:00,0.1168,0.1168,0.1168,0.1168,7414.00000000,1761767999999,865.95520000,2,7414.00000000,865.95520000,0
2025-10-29 20:00:00,0.1168,0.1168,0.1168,0.1168,0.00000000,1761782399999,0.00000000,0,0.00000000,0.00000000,0
2025-10-30 00:00:00,0.1213,0.1213,0.1213,0.1213,6530.00000000,1761796799999,792.08900000,1,6530.00000000,792.08900000,0
2025-10-30 04:00:00,0.1213,0.1213,0.1213,0.1213,0.00000000,1761811199999,0.00000000,0,0.00000000,0.00000000,0
2025-10-30 08:00:00,0.1207,0.1207,0.1207,0.1207,181.00000000,1761825599999,21.84670000,1,181.00000000,21.84670000,0
2025-10-30 12:00:00,0.1205,0.1205,0.1205,0.1205,184.00000000,1761839999999,22.17200000,1,184.00000000,22.17200000,0
2025-10-30 16:00:00,0.1205,0.1205,0.1205,0.1205,0.00000000,1761854399999,0.00000000,0,0.00000000,0.00000000,0
2025-10-30 20:00:00,0.1205,0.1205,0.1205,0.1205,0.00000000,1761868799999,0.00000000,0,0.00000000,0.00000000,0
2025-10-31 00:00:00,0.1205,0.1205,0.1205,0.1205,0.00000000,1761883199999,0.00000000,0,0.00000000,0.00000000,0
2025-10-31 04:00:00,0.1205,0.1205,0.1205,0.1205,12.00000000,1761897599999,1.44600000,1,0.00000000,0.00000000,0
2025-10-31 08:00:00,0.1205,0.1205,0.1205,0.1205,0.00000000,1761911999999,0.00000000,0,0.00000000,0.00000000,0
2025-10-31 12:00:00,0.1205,0.1205,0.1205,0.1205,0.00000000,1761926399999,0.00000000,0,0.00000000,0.00000000,0
2025-10-31 16:00:00,0.1205,0.1205,0.1205,0.1205,0.00000000,1761940799999,0.00000000,0,0.00000000,0.00000000,0
2025-10-31 20:00:00,0.1205,0.1205,0.1205,0.1205,0.00000000,1761955199999,0.00000000,0,0.00000000,0.00000000,0
2025-11-01 00:00:00,0.1205,0.1205,0.1205,0.1205,29.00000000,1761969599999,3.49450000,2,0.00000000,0.00000000,0
2025-11-01 04:00:00,0.1205,0.1205,0.1205,0.1205,0.00000000,1761983999999,0.00000000,0,0.00000000,0.00000000,0
2025-11-01 08:00:00,0.1205,0.1205,0.1205,0.1205,0.00000000,1761998399999,0.00000000,0,0.00000000,0.00000000,0
2025-11-01 12:00:00,0.1205,0.1205,0.1205,0.1205,0.00000000,1762012799999,0.00000000,0,0.00000000,0.00000000,0
2025-11-01 16:00:00,0.1205,0.1205,0.1205,0.1205,0.00000000,1762027199999,0.00000000,0,0.00000000,0.00000000,0
2025-11-01 20:00:00,0.1228,0.1228,0.1228,0.1228,29.00000000,1762041599999,3.56120000,1,0.00000000,0.00000000,0
2025-11-02 00:00:00,0.1228,0.1228,0.1228,0.1228,0.00000000,1762055999999,0.00000000,0,0.00000000,0.00000000,0
2025-11-02 04:00:00,0.1228,0.1228,0.1228,0.1228,0.00000000,1762070399999,0.00000000,0,0.00000000,0.00000000,0
2025-11-02 08:00:00,0.1228,0.1228,0.1228,0.1228,0.00000000,1762084799999,0.00000000,0,0.00000000,0.00000000,0
2025-11-02 12:00:00,0.1228,0.1228,0.1228,0.1228,0.00000000,1762099199999,0.00000000,0,0.00000000,0.00000000,0
2025-11-02 16:00:00,0.1228,0.1228,0.1228,0.1228,0.00000000,1762113599999,0.00000000,0,0.00000000,0.00000000,0
2025-11-02 20:00:00,0.1228,0.1228,0.1228,0.1228,0.00000000,1762127999999,0.00000000,0,0.00000000,0.00000000,0
2025-11-03 00:00:00,0.1215,0.1215,0.1205,0.1205,4970.00000000,1762142399999,601.48500000,2,0.00000000,0.00000000,0
2025-11-03 04:00:00,0.1205,0.1205,0.1205,0.1205,0.00000000,1762156799999,0.00000000,0,0.00000000,0.00000000,0
2025-11-03 08:00:00,0.1205,0.1205,0.1205,0.1205,0.00000000,1762171199999,0.00000000,0,0.00000000,0.00000000,0
2025-11-03 12:00:00,0.1205,0.1205,0.1205,0.1205,0.00000000,1762185599999,0.00000000,0,0.00000000,0.00000000,0
2025-11-03 16:00:00,0.1205,0.1205,0.1205,0.1205,0.00000000,1762199999999,0.00000000,0,0.00000000,0.00000000,0
2025-11-03 20:00:00,0.1205,0.1205,0.1205,0.1205,0.00000000,1762214399999,0.00000000,0,0.00000000,0.00000000,0
2025-11-04 00:00:00,0.1205,0.1205,0.1205,0.1205,0.00000000,1762228799999,0.00000000,0,0.00000000,0.00000000,0
2025-11-04 04:00:00,0.1205,0.1205,0.1205,0.1205,0.00000000,1762243199999,0.00000000,0,0.00000000,0.00000000,0
2025-11-04 08:00:00,0.1237,0.1237,0.1205,0.1205,38.00000000,1762257599999,4.65580000,2,24.00000000,2.96880000,0
2025-11-04 12:00:00,0.1205,0.1205,0.1205,0.1205,0.00000000,1762271999999,0.00000000,0,0.00000000,0.00000000,0
2025-11-04 16:00:00,0.1205,0.1205,0.1205,0.1205,0.00000000,1762286399999,0.00000000,0,0.00000000,0.00000000,0
2025-11-04 20:00:00,0.1205,0.1205,0.1205,0.1205,0.00000000,1762300799999,0.00000000,0,0.00000000,0.00000000,0
2025-11-05 00:00:00,0.1205,0.1205,0.1205,0.1205,0.00000000,1762315199999,0.00000000,0,0.00000000,0.00000000,0
2025-11-05 04:00:00,0.1205,0.1205,0.1205,0.1205,0.00000000,1762329599999,0.00000000,0,0.00000000,0.00000000,0
2025-11-05 08:00:00,0.1205,0.1205,0.1205,0.1205,0.00000000,1762343999999,0.00000000,0,0.00000000,0.00000000,0
2025-11-05 12:00:00,0.1205,0.1205,0.1205,0.1205,0.00000000,1762358399999,0.00000000,0,0.00000000,0.00000000,0
2025-11-05 16:00:00,0.1205,0.1205,0.1205,0.1205,0.00000000,1762372799999,0.00000000,0,0.00000000,0.00000000,0
2025-11-05 20:00:00,0.1205,0.1205,0.1205,0.1205,0.00000000,1762387199999,0.00000000,0,0.00000000,0.00000000,0
2025-11-06 00:00:00,0.1204,0.1204,0.1204,0.1204,483.00000000,1762401599999,58.15320000,1,0.00000000,0.00000000,0
2025-11-06 04:00:00,0.1204,0.1204,0.1204,0.1204,0.00000000,1762415999999,0.00000000,0,0.00000000,0.00000000,0
2025-11-06 08:00:00,0.1215,0.1215,0.1215,0.1215,9.00000000,1762430399999,1.09350000,1,0.00000000,0.00000000,0
2025-11-06 12:00:00,0.1215,0.1215,0.1215,0.1215,0.00000000,1762444799999,0.00000000,0,0.00000000,0.00000000,0
2025-11-06 16:00:00,0.1215,0.1215,0.1215,0.1215,0.00000000,1762459199999,0.00000000,0,0.00000000,0.00000000,0
2025-11-06 20:00:00,0.1215,0.1215,0.1215,0.1215,0.00000000,1762473599999,0.00000000,0,0.00000000,0.00000000,0
2025-11-07 00:00:00,0.1215,0.1215,0.1215,0.1215,0.00000000,1762487999999,0.00000000,0,0.00000000,0.00000000,0
2025-11-07 04:00:00,0.1215,0.1215,0.1215,0.1215,0.00000000,1762502399999,0.00000000,0,0.00000000,0.00000000,0
2025-11-07 08:00:00,0.1215,0.1215,0.1215,0.1215,0.00000000,1762516799999,0.00000000,0,0.00000000,0.00000000,0
2025-11-07 12:00:00,0.1234,0.1234,0.1234,0.1234,20.00000000,1762531199999,2.46800000,1,20.00000000,2.46800000,0
2025-11-07 16:00:00,0.1234,0.1234,0.1234,0.1234,0.00000000,1762545599999,0.00000000,0,0.00000000,0.00000000,0
2025-11-07 20:00:00,0.1142,0.1308,0.1131,0.1305,2806.00000000,1762559999999,337.72810000,7,728.00000000,95.06160000,0
2025-11-08 00:00:00,0.1305,0.1305,0.1305,0.1305,0.00000000,1762574399999,0.00000000,0,0.00000000,0.00000000,0
2025-11-08 04:00:00,0.1305,0.1305,0.1305,0.1305,0.00000000,1762588799999,0.00000000,0,0.00000000,0.00000000,0
2025-11-08 08:00:00,0.1305,0.1305,0.1305,0.1305,0.00000000,1762603199999,0.00000000,0,0.00000000,0.00000000,0
2025-11-08 12:00:00,0.1305,0.1305,0.1305,0.1305,0.00000000,1762617599999,0.00000000,0,0.00000000,0.00000000,0
2025-11-08 16:00:00,0.1269,0.1269,0.1269,0.1269,42.00000000,1762631999999,5.32980000,1,0.00000000,0.00000000,0
2025-11-08 20:00:00,0.1269,0.1269,0.1269,0.1269,0.00000000,1762646399999,0.00000000,0,0.00000000,0.00000000,0
2025-11-09 00:00:00,0.1269,0.1269,0.1269,0.1269,0.00000000,1762660799999,0.00000000,0,0.00000000,0.00000000,0
2025-11-09 04:00:00,0.1269,0.1269,0.1269,0.1269,0.00000000,1762675199999,0.00000000,0,0.00000000,0.00000000,0
2025-11-09 08:00:00,0.1277,0.1277,0.1277,0.1277,89.00000000,1762689599999,11.36530000,1,89.00000000,11.36530000,0
2025-11-09 12:00:00,0.1305,0.1305,0.1305,0.1305,1917.00000000,1762703999999,250.16850000,1,1917.00000000,250.16850000,0
2025-11-09 16:00:00,0.1305,0.1305,0.1305,0.1305,0.00000000,1762718399999,0.00000000,0,0.00000000,0.00000000,0
2025-11-09 20:00:00,0.1305,0.1305,0.1305,0.1305,0.00000000,1762732799999,0.00000000,0,0.00000000,0.00000000,0
2025-11-10 00:00:00,0.1305,0.1305,0.1305,0.1305,0.00000000,1762747199999,0.00000000,0,0.00000000,0.00000000,0
2025-11-10 04:00:00,0.1305,0.1305,0.1305,0.1305,0.00000000,1762761599999,0.00000000,0,0.00000000,0.00000000,0
2025-11-10 08:00:00,0.1279,0.1279,0.1279,0.1279,1614.00000000,1762775999999,206.43060000,2,0.00000000,0.00000000,0
2025-11-10 12:00:00,0.127,0.127,0.127,0.127,247.00000000,1762790399999,31.36900000,3,0.00000000,0.00000000,0
2025-11-10 16:00:00,0.127,0.127,0.127,0.127,0.00000000,1762804799999,0.00000000,0,0.00000000,0.00000000,0
2025-11-10 20:00:00,0.1308,0.1324,0.1308,0.1324,1537.00000000,1762819199999,203.24280000,2,1537.00000000,203.24280000,0
2025-11-11 00:00:00,0.1324,0.1324,0.1324,0.1324,0.00000000,1762833599999,0.00000000,0,0.00000000,0.00000000,0
2025-11-11 04:00:00,0.1309,0.1329,0.1274,0.1274,390.00000000,1762847999999,50.65150000,3,261.00000000,34.21690000,0
2025-11-11 08:00:00,0.1274,0.1274,0.1274,0.1274,0.00000000,1762862399999,0.00000000,0,0.00000000,0.00000000,0
2025-11-11 12:00:00,0.1274,0.1274,0.1274,0.1274,0.00000000,1762876799999,0.00000000,0,0.00000000,0.00000000,0
2025-11-11 16:00:00,0.1274,0.1274,0.1274,0.1274,0.00000000,1762891199999,0.00000000,0,0.00000000,0.00000000,0
2025-11-11 20:00:00,0.1274,0.1274,0.1274,0.1274,0.00000000,1762905599999,0.00000000,0,0.00000000,0.00000000,0
2025-11-12 00:00:00,0.1274,0.1274,0.1274,0.1274,0.00000000,1762919999999,0.00000000,0,0.00000000,0.00000000,0
2025-11-12 04:00:00,0.1269,0.1269,0.1269,0.1269,27.00000000,1762934399999,3.42630000,1,0.00000000,0.00000000,0
2025-11-12 08:00:00,0.1269,0.1269,0.1269,0.1269,0.00000000,1762948799999,0.00000000,0,0.00000000,0.00000000,0
2025-11-12 12:00:00,0.1269,0.1269,0.1269,0.1269,0.00000000,1762963199999,0.00000000,0,0.00000000,0.00000000,0
2025-11-12 16:00:00,0.1269,0.1269,0.1269,0.1269,10.00000000,1762977599999,1.26900000,1,0.00000000,0.00000000,0
2025-11-12 20:00:00,0.1269,0.1269,0.1269,0.1269,0.00000000,1762991999999,0.00000000,0,0.00000000,0.00000000,0
2025-11-13 00:00:00,0.1269,0.1269,0.1269,0.1269,0.00000000,1763006399999,0.00000000,0,0.00000000,0.00000000,0
2025-11-13 04:00:00,0.1269,0.1269,0.1269,0.1269,0.00000000,1763020799999,0.00000000,0,0.00000000,0.00000000,0
2025-11-13 08:00:00,0.1269,0.1269,0.1269,0.1269,0.00000000,1763035199999,0.00000000,0,0.00000000,0.00000000,0
2025-11-13 12:00:00,0.1269,0.1269,0.1269,0.1269,0.00000000,1763049599999,0.00000000,0,0.00000000,0.00000000,0
2025-11-13 16:00:00,0.1269,0.1269,0.1269,0.1269,0.00000000,1763063999999,0.00000000,0,0.00000000,0.00000000,0
2025-11-13 20:00:00,0.1269,0.1269,0.1269,0.1269,0.00000000,1763078399999,0.00000000,0,0.00000000,0.00000000,0
2025-11-14 00:00:00,0.1269,0.1269,0.1269,0.1269,0.00000000,1763092799999,0.00000000,0,0.00000000,0.00000000,0
2025-11-14 04:00:00,0.1269,0.1269,0.1269,0.1269,0.00000000,1763107199999,0.00000000,0,0.00000000,0.00000000,0
2025-11-14 08:00:00,0.1269,0.1269,0.1269,0.1269,0.00000000,1763121599999,0.00000000,0,0.00000000,0.00000000,0
2025-11-14 12:00:00,0.1269,0.1269,0.1269,0.1269,0.00000000,1763135999999,0.00000000,0,0.00000000,0.00000000,0
2025-11-14 16:00:00,0.1269,0.1269,0.1269,0.1269,0.00000000,1763150399999,0.00000000,0,0.00000000,0.00000000,0
2025-11-14 20:00:00,0.1269,0.1269,0.1269,0.1269,0.00000000,1763164799999,0.00000000,0,0.00000000,0.00000000,0
2025-11-15 00:00:00,0.1269,0.1269,0.1269,0.1269,0.00000000,1763179199999,0.00000000,0,0.00000000,0.00000000,0
2025-11-15 04:00:00,0.1269,0.1269,0.1269,0.1269,0.00000000,1763193599999,0.00000000,0,0.00000000,0.00000000,0
2025-11-15 08:00:00,0.1269,0.1269,0.1269,0.1269,0.00000000,1763207999999,0.00000000,0,0.00000000,0.00000000,0
2025-11-15 12:00:00,0.1269,0.1269,0.1269,0.1269,0.00000000,1763222399999,0.00000000,0,0.00000000,0.00000000,0
2025-11-15 16:00:00,0.1269,0.1269,0.1269,0.1269,0.00000000,1763236799999,0.00000000,0,0.00000000,0.00000000,0
2025-11-15 20:00:00,0.1175,0.1175,0.1174,0.1174,343.00000000,1763251199999,40.28010000,2,0.00000000,0.00000000,0
2025-11-16 00:00:00,0.1174,0.1174,0.1174,0.1174,0.00000000,1763265599999,0.00000000,0,0.00000000,0.00000000,0
2025-11-16 04:00:00,0.1174,0.1174,0.1174,0.1174,0.00000000,1763279999999,0.00000000,0,0.00000000,0.00000000,0
2025-11-16 08:00:00,0.1174,0.1174,0.1174,0.1174,0.00000000,1763294399999,0.00000000,0,0.00000000,0.00000000,0
2025-11-16 12:00:00,0.1174,0.1174,0.1174,0.1174,0.00000000,1763308799999,0.00000000,0,0.00000000,0.00000000,0
2025-11-16 16:00:00,0.1174,0.1174,0.1174,0.1174,0.00000000,1763323199999,0.00000000,0,0.00000000,0.00000000,0
2025-11-16 20:00:00,0.1174,0.1174,0.1174,0.1174,0.00000000,1763337599999,0.00000000,0,0.00000000,0.00000000,0
2025-11-17 00:00:00,0.1174,0.1174,0.1174,0.1174,0.00000000,1763351999999,0.00000000,0,0.00000000,0.00000000,0
2025-11-17 04:00:00,0.1174,0.1174,0.1174,0.1174,0.00000000,1763366399999,0.00000000,0,0.00000000,0.00000000,0
2025-11-17 08:00:00,0.1176,0.1198,0.1176,0.1198,2515.00000000,1763380799999,296.38000000,3,0.00000000,0.00000000,0
2025-11-17 12:00:00,0.1198,0.1198,0.1198,0.1198,0.00000000,1763395199999,0.00000000,0,0.00000000,0.00000000,0
2025-11-17 16:00:00,0.1198,0.1198,0.1198,0.1198,0.00000000,1763409599999,0.00000000,0,0.00000000,0.00000000,0
2025-11-17 20:00:00,0.1198,0.1198,0.1198,0.1198,0.00000000,1763423999999,0.00000000,0,0.00000000,0.00000000,0
2025-11-18 00:00:00,0.1198,0.1198,0.1198,0.1198,0.00000000,1763438399999,0.00000000,0,0.00000000,0.00000000,0
2025-11-18 04:00:00,0.1174,0.1174,0.1174,0.1174,1799.00000000,1763452799999,211.20260000,1,0.00000000,0.00000000,0
2025-11-18 08:00:00,0.1174,0.1174,0.1174,0.1174,0.00000000,1763467199999,0.00000000,0,0.00000000,0.00000000,0
2025-11-18 12:00:00,0.1174,0.1174,0.1174,0.1174,0.00000000,1763481599999,0.00000000,0,0.00000000,0.00000000,0
2025-11-18 16:00:00,0.1174,0.1174,0.1174,0.1174,0.00000000,1763495999999,0.00000000,0,0.00000000,0.00000000,0
2025-11-18 20:00:00,0.1174,0.1174,0.1174,0.1174,0.00000000,1763510399999,0.00000000,0,0.00000000,0.00000000,0
2025-11-19 00:00:00,0.1174,0.1174,0.1174,0.1174,0.00000000,1763524799999,0.00000000,0,0.00000000,0.00000000,0
2025-11-19 04:00:00,0.1198,0.1198,0.1198,0.1198,129.00000000,1763539199999,15.45420000,1,129.00000000,15.45420000,0
2025-11-19 08:00:00,0.1198,0.1198,0.1198,0.1198,0.00000000,1763553599999,0.00000000,0,0.00000000,0.00000000,0
2025-11-19 12:00:00,0.1198,0.1198,0.1198,0.1198,0.00000000,1763567999999,0.00000000,0,0.00000000,0.00000000,0
2025-11-19 16:00:00,0.11,0.11,0.1071,0.1071,2844.00000000,1763582399999,304.70840000,4,0.00000000,0.00000000,0
2025-11-19 20:00:00,0.1071,0.1106,0.1071,0.1071,71927.00000000,1763596799999,7717.88920000,24,67771.00000000,7258.27410000,0
2025-11-20 00:00:00,0.1071,0.1071,0.1071,0.1071,0.00000000,1763611199999,0.00000000,0,0.00000000,0.00000000,0
2025-11-20 04:00:00,0.1071,0.1071,0.1071,0.1071,0.00000000,1763625599999,0.00000000,0,0.00000000,0.00000000,0
2025-11-20 08:00:00,0.1071,0.1071,0.1071,0.1071,0.00000000,1763639999999,0.00000000,0,0.00000000,0.00000000,0
2025-11-20 12:00:00,0.1071,0.1071,0.1071,0.1071,0.00000000,1763654399999,0.00000000,0,0.00000000,0.00000000,0
2025-11-20 16:00:00,0.1071,0.1071,0.1071,0.1071,0.00000000,1763668799999,0.00000000,0,0.00000000,0.00000000,0
2025-11-20 20:00:00,0.1071,0.1071,0.1071,0.1071,0.00000000,1763683199999,0.00000000,0,0.00000000,0.00000000,0
2025-11-21 00:00:00,0.1071,0.1071,0.1071,0.1071,0.00000000,1763697599999,0.00000000,0,0.00000000,0.00000000,0
2025-11-21 04:00:00,0.1071,0.1071,0.1071,0.1071,0.00000000,1763711999999,0.00000000,0,0.00000000,0.00000000,0
2025-11-21 08:00:00,0.1071,0.1071,0.1071,0.1071,0.00000000,1763726399999,0.00000000,0,0.00000000,0.00000000,0
2025-11-21 12:00:00,0.1071,0.1071,0.1071,0.1071,0.00000000,1763740799999,0.00000000,0,0.00000000,0.00000000,0
2025-11-21 16:00:00,0.1071,0.1071,0.1071,0.1071,0.00000000,1763755199999,0.00000000,0,0.00000000,0.00000000,0
2025-11-21 20:00:00,0.1071,0.1071,0.1071,0.1071,0.00000000,1763769599999,0.00000000,0,0.00000000,0.00000000,0
2025-11-22 00:00:00,0.1071,0.1071,0.1071,0.1071,0.00000000,1763783999999,0.00000000,0,0.00000000,0.00000000,0
2025-11-22 04:00:00,0.1071,0.1071,0.1071,0.1071,0.00000000,1763798399999,0.00000000,0,0.00000000,0.00000000,0
2025-11-22 08:00:00,0.1071,0.1071,0.1071,0.1071,0.00000000,1763812799999,0.00000000,0,0.00000000,0.00000000,0
2025-11-22 12:00:00,0.1071,0.1071,0.1071,0.1071,0.00000000,1763827199999,0.00000000,0,0.00000000,0.00000000,0
2025-11-22 16:00:00,0.1071,0.1071,0.1071,0.1071,0.00000000,1763841599999,0.00000000,0,0.00000000,0.00000000,0
2025-11-22 20:00:00,0.1071,0.1071,0.1071,0.1071,0.00000000,1763855999999,0.00000000,0,0.00000000,0.00000000,0
2025-11-23 00:00:00,0.1071,0.1071,0.1071,0.1071,0.00000000,1763870399999,0.00000000,0,0.00000000,0.00000000,0
2025-11-23 04:00:00,0.1071,0.1071,0.1071,0.1071,0.00000000,1763884799999,0.00000000,0,0.00000000,0.00000000,0
2025-11-23 08:00:00,0.1071,0.1071,0.1071,0.1071,0.00000000,1763899199999,0.00000000,0,0.00000000,0.00000000,0
2025-11-23 12:00:00,0.1071,0.1071,0.1071,0.1071,0.00000000,1763913599999,0.00000000,0,0.00000000,0.00000000,0
2025-11-23 16:00:00,0.1071,0.1071,0.1071,0.1071,0.00000000,1763927999999,0.00000000,0,0.00000000,0.00000000,0
2025-11-23 20:00:00,0.1071,0.1071,0.1071,0.1071,0.00000000,1763942399999,0.00000000,0,0.00000000,0.00000000,0
2025-11-24 00:00:00,0.1071,0.1071,0.1071,0.1071,0.00000000,1763956799999,0.00000000,0,0.00000000,0.00000000,0
2025-11-24 04:00:00,0.1071,0.1071,0.1071,0.1071,0.00000000,1763971199999,0.00000000,0,0.00000000,0.00000000,0
2025-11-24 08:00:00,0.1071,0.1071,0.1071,0.1071,0.00000000,1763985599999,0.00000000,0,0.00000000,0.00000000,0
2025-11-24 12:00:00,0.1071,0.1071,0.1071,0.1071,0.00000000,1763999999999,0.00000000,0,0.00000000,0.00000000,0
2025-11-24 16:00:00,0.1071,0.1071,0.1071,0.1071,0.00000000,1764014399999,0.00000000,0,0.00000000,0.00000000,0
2025-11-24 20:00:00,0.1071,0.1071,0.1071,0.1071,0.00000000,1764028799999,0.00000000,0,0.00000000,0.00000000,0
2025-11-25 00:00:00,0.1071,0.1071,0.1071,0.1071,0.00000000,1764043199999,0.00000000,0,0.00000000,0.00000000,0
2025-11-25 04:00:00,0.1071,0.1071,0.1071,0.1071,0.00000000,1764057599999,0.00000000,0,0.00000000,0.00000000,0
2025-11-25 08:00:00,0.1102,0.1102,0.1102,0.1102,112.00000000,1764071999999,12.34240000,1,0.00000000,0.00000000,0
2025-11-25 12:00:00,0.1102,0.1102,0.1102,0.1102,0.00000000,1764086399999,0.00000000,0,0.00000000,0.00000000,0
2025-11-25 16:00:00,0.1102,0.1102,0.1102,0.1102,0.00000000,1764100799999,0.00000000,0,0.00000000,0.00000000,0
2025-11-25 20:00:00,0.1102,0.1102,0.1102,0.1102,0.00000000,1764115199999,0.00000000,0,0.00000000,0.00000000,0
2025-11-26 00:00:00,0.1102,0.1102,0.1102,0.1102,0.00000000,1764129599999,0.00000000,0,0.00000000,0.00000000,0
2025-11-26 04:00:00,0.1102,0.1102,0.1102,0.1102,0.00000000,1764143999999,0.00000000,0,0.00000000,0.00000000,0
2025-11-26 08:00:00,0.1102,0.1102,0.1102,0.1102,0.00000000,1764158399999,0.00000000,0,0.00000000,0.00000000,0
2025-11-26 12:00:00,0.1102,0.1102,0.1102,0.1102,0.00000000,1764172799999,0.00000000,0,0.00000000,0.00000000,0
2025-11-26 16:00:00,0.1102,0.1102,0.1102,0.1102,0.00000000,1764187199999,0.00000000,0,0.00000000,0.00000000,0
2025-11-26 20:00:00,0.1102,0.1102,0.1102,0.1102,0.00000000,1764201599999,0.00000000,0,0.00000000,0.00000000,0
2025-11-27 00:00:00,0.1004,0.1004,0.1004,0.1004,255.00000000,1764215999999,25.60200000,2,0.00000000,0.00000000,0
2025-11-27 04:00:00,0.1004,0.1004,0.1004,0.1004,0.00000000,1764230399999,0.00000000,0,0.00000000,0.00000000,0
2025-11-27 08:00:00,0.1004,0.1004,0.1004,0.1004,0.00000000,1764244799999,0.00000000,0,0.00000000,0.00000000,0
2025-11-27 12:00:00,0.1004,0.1004,0.1004,0.1004,0.00000000,1764259199999,0.00000000,0,0.00000000,0.00000000,0
2025-11-27 16:00:00,0.1004,0.1004,0.1004,0.1004,0.00000000,1764273599999,0.00000000,0,0.00000000,0.00000000,0
2025-11-27 20:00:00,0.1004,0.1004,0.1004,0.1004,0.00000000,1764287999999,0.00000000,0,0.00000000,0.00000000,0
2025-11-28 00:00:00,0.1004,0.1004,0.1004,0.1004,0.00000000,1764302399999,0.00000000,0,0.00000000,0.00000000,0
2025-11-28 04:00:00,0.1004,0.1004,0.1004,0.1004,0.00000000,1764316799999,0.00000000,0,0.00000000,0.00000000,0
2025-11-28 08:00:00,0.1004,0.1004,0.1004,0.1004,0.00000000,1764331199999,0.00000000,0,0.00000000,0.00000000,0
2025-11-28 12:00:00,0.1001,0.1064,0.1001,0.1064,976.00000000,1764345599999,98.01890000,3,606.00000000,60.98190000,0
2025-11-28 16:00:00,0.1064,0.1064,0.1064,0.1064,0.00000000,1764359999999,0.00000000,0,0.00000000,0.00000000,0
2025-11-28 20:00:00,0.1064,0.1064,0.1064,0.1064,0.00000000,1764374399999,0.00000000,0,0.00000000,0.00000000,0
2025-11-29 00:00:00,0.1093,0.1093,0.1093,0.1093,2289.00000000,1764388799999,250.18770000,4,2289.00000000,250.18770000,0
2025-11-29 04:00:00,0.1137,0.1137,0.1137,0.1137,18.00000000,1764403199999,2.04660000,1,18.00000000,2.04660000,0
2025-11-29 08:00:00,0.1137,0.1137,0.1137,0.1137,44.00000000,1764417599999,5.00280000,1,44.00000000,5.00280000,0
2025-11-29 12:00:00,0.1137,0.1137,0.1137,0.1137,0.00000000,1764431999999,0.00000000,0,0.00000000,0.00000000,0
2025-11-29 16:00:00,0.1106,0.1135,0.1106,0.1135,427.00000000,1764446399999,48.10490000,2,427.00000000,48.10490000,0
2025-11-29 20:00:00,0.1135,0.1135,0.1135,0.1135,0.00000000,1764460799999,0.00000000,0,0.00000000,0.00000000,0
2025-11-30 00:00:00,0.1038,0.1038,0.1037,0.1037,397.00000000,1764475199999,41.20740000,2,0.00000000,0.00000000,0
2025-11-30 04:00:00,0.1037,0.1037,0.1037,0.1037,0.00000000,1764489599999,0.00000000,0,0.00000000,0.00000000,0
2025-11-30 08:00:00,0.1037,0.1037,0.1037,0.1037,0.00000000,1764503999999,0.00000000,0,0.00000000,0.00000000,0
2025-11-30 12:00:00,0.1037,0.1037,0.1037,0.1037,0.00000000,1764518399999,0.00000000,0,0.00000000,0.00000000,0
2025-11-30 16:00:00,0.1037,0.1037,0.1037,0.1037,0.00000000,1764532799999,0.00000000,0,0.00000000,0.00000000,0
2025-11-30 20:00:00,0.1058,0.1058,0.1056,0.1056,2487.00000000,1764547199999,262.69670000,5,0.00000000,0.00000000,0
2025-12-01 00:00:00,0.1056,0.1056,0.1056,0.1056,0.00000000,1764561599999,0.00000000,0,0.00000000,0.00000000,0
2025-12-01 04:00:00,0.1056,0.1056,0.1056,0.1056,0.00000000,1764575999999,0.00000000,0,0.00000000,0.00000000,0
2025-12-01 08:00:00,0.1056,0.1056,0.1056,0.1056,0.00000000,1764590399999,0.00000000,0,0.00000000,0.00000000,0
2025-12-01 12:00:00,0.102,0.1022,0.102,0.1022,1664.00000000,1764604799999,169.73480000,3,0.00000000,0.00000000,0
2025-12-01 16:00:00,0.1022,0.1022,0.1022,0.1022,0.00000000,1764619199999,0.00000000,0,0.00000000,0.00000000,0
2025-12-01 20:00:00,0.1022,0.1022,0.1022,0.1022,0.00000000,1764633599999,0.00000000,0,0.00000000,0.00000000,0
2025-12-02 00:00:00,0.1055,0.1055,0.1055,0.1055,1334.00000000,1764647999999,140.73700000,1,1334.00000000,140.73700000,0
2025-12-02 04:00:00,0.1019,0.1019,0.1019,0.1019,42.00000000,1764662399999,4.27980000,1,0.00000000,0.00000000,0
2025-12-02 08:00:00,0.1019,0.1019,0.1019,0.1019,0.00000000,1764676799999,0.00000000,0,0.00000000,0.00000000,0
2025-12-02 12:00:00,0.1019,0.1019,0.1019,0.1019,0.00000000,1764691199999,0.00000000,0,0.00000000,0.00000000,0
2025-12-02 16:00:00,0.1019,0.1019,0.1019,0.1019,0.00000000,1764705599999,0.00000000,0,0.00000000,0.00000000,0
2025-12-02 20:00:00,0.1019,0.1019,0.1019,0.1019,0.00000000,1764719999999,0.00000000,0,0.00000000,0.00000000,0
2025-12-03 00:00:00,0.1019,0.1019,0.1019,0.1019,0.00000000,1764734399999,0.00000000,0,0.00000000,0.00000000,0
2025-12-03 04:00:00,0.1019,0.1019,0.1019,0.1019,0.00000000,1764748799999,0.00000000,0,0.00000000,0.00000000,0
2025-12-03 08:00:00,0.1019,0.1019,0.1019,0.1019,0.00000000,1764763199999,0.00000000,0,0.00000000,0.00000000,0
2025-12-03 12:00:00,0.1019,0.1019,0.1019,0.1019,0.00000000,1764777599999,0.00000000,0,0.00000000,0.00000000,0
2025-12-03 16:00:00,0.1019,0.1019,0.1019,0.1019,0.00000000,1764791999999,0.00000000,0,0.00000000,0.00000000,0
2025-12-03 20:00:00,0.1019,0.1019,0.1019,0.1019,0.00000000,1764806399999,0.00000000,0,0.00000000,0.00000000,0
2025-12-04 00:00:00,0.1019,0.1019,0.1019,0.1019,0.00000000,1764820799999,0.00000000,0,0.00000000,0.00000000,0
2025-12-04 04:00:00,0.1019,0.1019,0.1019,0.1019,0.00000000,1764835199999,0.00000000,0,0.00000000,0.00000000,0
2025-12-04 08:00:00,0.1019,0.1019,0.1019,0.1019,0.00000000,1764849599999,0.00000000,0,0.00000000,0.00000000,0
2025-12-04 12:00:00,0.1019,0.1019,0.1019,0.1019,0.00000000,1764863999999,0.00000000,0,0.00000000,0.00000000,0
2025-12-04 16:00:00,0.1019,0.1019,0.1019,0.1019,0.00000000,1764878399999,0.00000000,0,0.00000000,0.00000000,0
2025-12-04 20:00:00,0.1019,0.1019,0.1019,0.1019,0.00000000,1764892799999,0.00000000,0,0.00000000,0.00000000,0
2025-12-05 00:00:00,0.1019,0.1019,0.1019,0.1019,0.00000000,1764907199999,0.00000000,0,0.00000000,0.00000000,0
2025-12-05 04:00:00,0.1019,0.1019,0.1019,0.1019,0.00000000,1764921599999,0.00000000,0,0.00000000,0.00000000,0
2025-12-05 08:00:00,0.1019,0.1019,0.1019,0.1019,0.00000000,1764935999999,0.00000000,0,0.00000000,0.00000000,0
2025-12-05 12:00:00,0.1019,0.1019,0.1019,0.1019,0.00000000,1764950399999,0.00000000,0,0.00000000,0.00000000,0
2025-12-05 16:00:00,0.1019,0.1019,0.1019,0.1019,0.00000000,1764964799999,0.00000000,0,0.00000000,0.00000000,0
2025-12-05 20:00:00,0.1019,0.1019,0.1019,0.1019,0.00000000,1764979199999,0.00000000,0,0.00000000,0.00000000,0
2025-12-06 00:00:00,0.1019,0.1019,0.1019,0.1019,0.00000000,1764993599999,0.00000000,0,0.00000000,0.00000000,0
2025-12-06 04:00:00,0.1019,0.1019,0.1019,0.1019,0.00000000,1765007999999,0.00000000,0,0.00000000,0.00000000,0
2025-12-06 08:00:00,0.1019,0.1019,0.1019,0.1019,0.00000000,1765022399999,0.00000000,0,0.00000000,0.00000000,0
2025-12-06 12:00:00,0.1019,0.1019,0.1019,0.1019,0.00000000,1765036799999,0.00000000,0,0.00000000,0.00000000,0
2025-12-06 16:00:00,0.1019,0.1019,0.1019,0.1019,0.00000000,1765051199999,0.00000000,0,0.00000000,0.00000000,0
2025-12-06 20:00:00,0.1019,0.1019,0.1019,0.1019,0.00000000,1765065599999,0.00000000,0,0.00000000,0.00000000,0
2025-12-07 00:00:00,0.1019,0.1019,0.1019,0.1019,0.00000000,1765079999999,0.00000000,0,0.00000000,0.00000000,0
2025-12-07 04:00:00,0.1019,0.1019,0.1019,0.1019,0.00000000,1765094399999,0.00000000,0,0.00000000,0.00000000,0
2025-12-07 08:00:00,0.1073,0.1073,0.1073,0.1073,68.00000000,1765108799999,7.29640000,1,0.00000000,0.00000000,0
2025-12-07 12:00:00,0.1073,0.1073,0.1073,0.1073,0.00000000,1765123199999,0.00000000,0,0.00000000,0.00000000,0
2025-12-07 16:00:00,0.1073,0.1073,0.1073,0.1073,0.00000000,1765137599999,0.00000000,0,0.00000000,0.00000000,0
2025-12-07 20:00:00,0.1073,0.1073,0.1073,0.1073,0.00000000,1765151999999,0.00000000,0,0.00000000,0.00000000,0
2025-12-08 00:00:00,0.1073,0.1073,0.1073,0.1073,0.00000000,1765166399999,0.00000000,0,0.00000000,0.00000000,0
2025-12-08 04:00:00,0.1073,0.1073,0.1073,0.1073,0.00000000,1765180799999,0.00000000,0,0.00000000,0.00000000,0
2025-12-08 08:00:00,0.1073,0.1073,0.1073,0.1073,0.00000000,1765195199999,0.00000000,0,0.00000000,0.00000000,0
2025-12-08 12:00:00,0.1073,0.1073,0.1073,0.1073,0.00000000,1765209599999,0.00000000,0,0.00000000,0.00000000,0
2025-12-08 16:00:00,0.1073,0.1073,0.1073,0.1073,0.00000000,1765223999999,0.00000000,0,0.00000000,0.00000000,0
2025-12-08 20:00:00,0.1123,0.1123,0.1123,0.1123,27.00000000,1765238399999,3.03210000,1,27.00000000,3.03210000,0
2025-12-09 00:00:00,0.1123,0.1123,0.1123,0.1123,0.00000000,1765252799999,0.00000000,0,0.00000000,0.00000000,0
2025-12-09 04:00:00,0.1123,0.1123,0.1123,0.1123,0.00000000,1765267199999,0.00000000,0,0.00000000,0.00000000,0
2025-12-09 08:00:00,0.1123,0.1123,0.1123,0.1123,0.00000000,1765281599999,0.00000000,0,0.00000000,0.00000000,0
2025-12-09 12:00:00,0.1123,0.1123,0.1123,0.1123,0.00000000,1765295999999,0.00000000,0,0.00000000,0.00000000,0
2025-12-09 16:00:00,0.1123,0.1123,0.1123,0.1123,0.00000000,1765310399999,0.00000000,0,0.00000000,0.00000000,0
2025-12-09 20:00:00,0.1123,0.1123,0.1123,0.1123,0.00000000,1765324799999,0.00000000,0,0.00000000,0.00000000,0
2025-12-10 00:00:00,0.1123,0.1123,0.1123,0.1123,0.00000000,1765339199999,0.00000000,0,0.00000000,0.00000000,0
2025-12-10 04:00:00,0.1123,0.1123,0.1123,0.1123,0.00000000,1765353599999,0.00000000,0,0.00000000,0.00000000,0
2025-12-10 08:00:00,0.1123,0.1123,0.1123,0.1123,0.00000000,1765367999999,0.00000000,0,0.00000000,0.00000000,0
2025-12-10 12:00:00,0.1081,0.1081,0.1017,0.1017,134.00000000,1765382399999,13.80060000,2,0.00000000,0.00000000,0
2025-12-10 16:00:00,0.1017,0.1017,0.1017,0.1017,0.00000000,1765396799999,0.00000000,0,0.00000000,0.00000000,0
2025-12-10 20:00:00,0.1017,0.1017,0.1017,0.1017,0.00000000,1765411199999,0.00000000,0,0.00000000,0.00000000,0
2025-12-11 00:00:00,0.1017,0.1017,0.1017,0.1017,0.00000000,1765425599999,0.00000000,0,0.00000000,0.00000000,0
2025-12-11 04:00:00,0.1017,0.1017,0.1017,0.1017,0.00000000,1765439999999,0.00000000,0,0.00000000,0.00000000,0
2025-12-11 08:00:00,0.1017,0.1017,0.1017,0.1017,0.00000000,1765454399999,0.00000000,0,0.00000000,0.00000000,0
2025-12-11 12:00:00,0.1017,0.1017,0.1017,0.1017,0.00000000,1765468799999,0.00000000,0,0.00000000,0.00000000,0
2025-12-11 16:00:00,0.1017,0.1017,0.1017,0.1017,0.00000000,1765483199999,0.00000000,0,0.00000000,0.00000000,0
2025-12-11 20:00:00,0.1017,0.1017,0.1017,0.1017,0.00000000,1765497599999,0.00000000,0,0.00000000,0.00000000,0
2025-12-12 00:00:00,0.1017,0.1017,0.1017,0.1017,0.00000000,1765511999999,0.00000000,0,0.00000000,0.00000000,0
2025-12-12 04:00:00,0.1017,0.1017,0.1017,0.1017,0.00000000,1765526399999,0.00000000,0,0.00000000,0.00000000,0
2025-12-12 08:00:00,0.1017,0.1017,0.1017,0.1017,0.00000000,1765540799999,0.00000000,0,0.00000000,0.00000000,0
2025-12-12 12:00:00,0.1017,0.1017,0.1017,0.1017,0.00000000,1765555199999,0.00000000,0,0.00000000,0.00000000,0
2025-12-12 16:00:00,0.1017,0.1017,0.1017,0.1017,0.00000000,1765569599999,0.00000000,0,0.00000000,0.00000000,0
2025-12-12 20:00:00,0.1017,0.1017,0.1017,0.1017,0.00000000,1765583999999,0.00000000,0,0.00000000,0.00000000,0
2025-12-13 00:00:00,0.1017,0.1017,0.1017,0.1017,0.00000000,1765598399999,0.00000000,0,0.00000000,0.00000000,0
2025-12-13 04:00:00,0.1017,0.1017,0.1017,0.1017,0.00000000,1765612799999,0.00000000,0,0.00000000,0.00000000,0
2025-12-13 08:00:00,0.1033,0.1033,0.1033,0.1033,11.00000000,1765627199999,1.13630000,1,0.00000000,0.00000000,0
2025-12-13 12:00:00,0.1033,0.1033,0.1033,0.1033,0.00000000,1765641599999,0.00000000,0,0.00000000,0.00000000,0
2025-12-13 16:00:00,0.1033,0.1033,0.1033,0.1033,0.00000000,1765655999999,0.00000000,0,0.00000000,0.00000000,0
2025-12-13 20:00:00,0.1033,0.1033,0.1033,0.1033,0.00000000,1765670399999,0.00000000,0,0.00000000,0.00000000,0
2025-12-14 00:00:00,0.1033,0.1033,0.1033,0.1033,0.00000000,1765684799999,0.00000000,0,0.00000000,0.00000000,0
2025-12-14 04:00:00,0.1033,0.1033,0.1033,0.1033,0.00000000,1765699199999,0.00000000,0,0.00000000,0.00000000,0
2025-12-14 08:00:00,0.1033,0.1033,0.1033,0.1033,0.00000000,1765713599999,0.00000000,0,0.00000000,0.00000000,0
2025-12-14 12:00:00,0.1033,0.1033,0.1033,0.1033,0.00000000,1765727999999,0.00000000,0,0.00000000,0.00000000,0
2025-12-14 16:00:00,0.1033,0.1033,0.1033,0.1033,0.00000000,1765742399999,0.00000000,0,0.00000000,0.00000000,0
2025-12-14 20:00:00,0.1033,0.1033,0.1033,0.1033,2570.00000000,1765756799999,265.48100000,10,2570.00000000,265.48100000,0
2025-12-15 00:00:00,0.1033,0.1033,0.1033,0.1033,0.00000000,1765771199999,0.00000000,0,0.00000000,0.00000000,0
2025-12-15 04:00:00,0.1033,0.1033,0.1033,0.1033,0.00000000,1765785599999,0.00000000,0,0.00000000,0.00000000,0
2025-12-15 08:00:00,0.1033,0.1033,0.1033,0.1033,0.00000000,1765799999999,0.00000000,0,0.00000000,0.00000000,0
2025-12-15 12:00:00,0.1033,0.1033,0.1033,0.1033,0.00000000,1765814399999,0.00000000,0,0.00000000,0.00000000,0
2025-12-15 16:00:00,0.1033,0.1033,0.1033,0.1033,0.00000000,1765828799999,0.00000000,0,0.00000000,0.00000000,0
2025-12-15 20:00:00,0.1033,0.1033,0.1033,0.1033,0.00000000,1765843199999,0.00000000,0,0.00000000,0.00000000,0
2025-12-16 00:00:00,0.1016,0.1016,0.1016,0.1016,1202.00000000,1765857599999,122.12320000,1,0.00000000,0.00000000,0
2025-12-16 04:00:00,0.1016,0.1016,0.1016,0.1016,0.00000000,1765871999999,0.00000000,0,0.00000000,0.00000000,0
2025-12-16 08:00:00,0.1016,0.1016,0.1016,0.1016,0.00000000,1765886399999,0.00000000,0,0.00000000,0.00000000,0
2025-12-16 12:00:00,0.1016,0.1016,0.1016,0.1016,0.00000000,1765900799999,0.00000000,0,0.00000000,0.00000000,0
2025-12-16 16:00:00,0.1016,0.1016,0.1016,0.1016,0.00000000,1765915199999,0.00000000,0,0.00000000,0.00000000,0
2025-12-16 20:00:00,0.1016,0.1016,0.1016,0.1016,0.00000000,1765929599999,0.00000000,0,0.00000000,0.00000000,0
2025-12-17 00:00:00,0.1016,0.1016,0.1016,0.1016,0.00000000,1765943999999,0.00000000,0,0.00000000,0.00000000,0
2025-12-17 04:00:00,0.1016,0.1016,0.1016,0.1016,0.00000000,1765958399999,0.00000000,0,0.00000000,0.00000000,0
2025-12-17 08:00:00,0.1016,0.1016,0.1016,0.1016,0.00000000,1765972799999,0.00000000,0,0.00000000,0.00000000,0
2025-12-17 12:00:00,0.1016,0.1016,0.1016,0.1016,0.00000000,1765987199999,0.00000000,0,0.00000000,0.00000000,0
2025-12-17 16:00:00,0.1016,0.1016,0.1016,0.1016,0.00000000,1766001599999,0.00000000,0,0.00000000,0.00000000,0
2025-12-17 20:00:00,0.1016,0.1016,0.1016,0.1016,0.00000000,1766015999999,0.00000000,0,0.00000000,0.00000000,0
2025-12-18 00:00:00,0.1016,0.1016,0.1016,0.1016,0.00000000,1766030399999,0.00000000,0,0.00000000,0.00000000,0
2025-12-18 04:00:00,0.1016,0.1016,0.1016,0.1016,0.00000000,1766044799999,0.00000000,0,0.00000000,0.00000000,0
2025-12-18 08:00:00,0.1016,0.1016,0.1016,0.1016,0.00000000,1766059199999,0.00000000,0,0.00000000,0.00000000,0
2025-12-18 12:00:00,0.1016,0.1016,0.1016,0.1016,0.00000000,1766073599999,0.00000000,0,0.00000000,0.00000000,0
2025-12-18 16:00:00,0.1016,0.1016,0.1016,0.1016,0.00000000,1766087999999,0.00000000,0,0.00000000,0.00000000,0
2025-12-18 20:00:00,0.1016,0.1016,0.1016,0.1016,269.00000000,1766102399999,27.33040000,1,0.00000000,0.00000000,0
2025-12-19 00:00:00,0.1016,0.1016,0.1016,0.1016,0.00000000,1766116799999,0.00000000,0,0.00000000,0.00000000,0
2025-12-19 04:00:00,0.1016,0.1016,0.1016,0.1016,0.00000000,1766131199999,0.00000000,0,0.00000000,0.00000000,0
2025-12-19 08:00:00,0.1016,0.1016,0.1016,0.1016,0.00000000,1766145599999,0.00000000,0,0.00000000,0.00000000,0
2025-12-19 12:00:00,0.1016,0.1016,0.1016,0.1016,0.00000000,1766159999999,0.00000000,0,0.00000000,0.00000000,0
2025-12-19 16:00:00,0.1016,0.1016,0.1016,0.1016,0.00000000,1766174399999,0.00000000,0,0.00000000,0.00000000,0
2025-12-19 20:00:00,0.1016,0.1016,0.1016,0.1016,0.00000000,1766188799999,0.00000000,0,0.00000000,0.00000000,0
2025-12-20 00:00:00,0.1016,0.1016,0.1016,0.1016,0.00000000,1766203199999,0.00000000,0,0.00000000,0.00000000,0
2025-12-20 04:00:00,0.1016,0.1016,0.1016,0.1016,0.00000000,1766217599999,0.00000000,0,0.00000000,0.00000000,0
2025-12-20 08:00:00,0.1016,0.1016,0.1016,0.1016,0.00000000,1766231999999,0.00000000,0,0.00000000,0.00000000,0
2025-12-20 12:00:00,0.1018,0.1018,0.1018,0.1018,179.00000000,1766246399999,18.22220000,1,0.00000000,0.00000000,0
2025-12-20 16:00:00,0.1018,0.1018,0.1018,0.1018,0.00000000,1766260799999,0.00000000,0,0.00000000,0.00000000,0
2025-12-20 20:00:00,0.1018,0.1018,0.1018,0.1018,0.00000000,1766275199999,0.00000000,0,0.00000000,0.00000000,0
2025-12-21 00:00:00,0.1018,0.1018,0.1018,0.1018,0.00000000,1766289599999,0.00000000,0,0.00000000,0.00000000,0
2025-12-21 04:00:00,0.1018,0.1018,0.1018,0.1018,0.00000000,1766303999999,0.00000000,0,0.00000000,0.00000000,0
2025-12-21 08:00:00,0.1018,0.1018,0.1018,0.1018,0.00000000,1766318399999,0.00000000,0,0.00000000,0.00000000,0
2025-12-21 12:00:00,0.1018,0.1018,0.1018,0.1018,0.00000000,1766332799999,0.00000000,0,0.00000000,0.00000000,0
2025-12-21 16:00:00,0.1018,0.1018,0.1018,0.1018,0.00000000,1766347199999,0.00000000,0,0.00000000,0.00000000,0
2025-12-21 20:00:00,0.1018,0.1018,0.1018,0.1018,0.00000000,1766361599999,0.00000000,0,0.00000000,0.00000000,0
2025-12-22 00:00:00,0.1018,0.1018,0.1018,0.1018,0.00000000,1766375999999,0.00000000,0,0.00000000,0.00000000,0
2025-12-22 04:00:00,0.1018,0.1018,0.1018,0.1018,0.00000000,1766390399999,0.00000000,0,0.00000000,0.00000000,0
2025-12-22 08:00:00,0.1018,0.1018,0.1018,0.1018,0.00000000,1766404799999,0.00000000,0,0.00000000,0.00000000,0
2025-12-22 12:00:00,0.1018,0.1018,0.1018,0.1018,0.00000000,1766419199999,0.00000000,0,0.00000000,0.00000000,0
2025-12-22 16:00:00,0.1018,0.1018,0.1018,0.1018,0.00000000,1766433599999,0.00000000,0,0.00000000,0.00000000,0
2025-12-22 20:00:00,0.1018,0.1018,0.1018,0.1018,0.00000000,1766447999999,0.00000000,0,0.00000000,0.00000000,0
2025-12-23 00:00:00,0.1018,0.1018,0.1018,0.1018,0.00000000,1766462399999,0.00000000,0,0.00000000,0.00000000,0
2025-12-23 04:00:00,0.1018,0.1018,0.1018,0.1018,0.00000000,1766476799999,0.00000000,0,0.00000000,0.00000000,0
2025-12-23 08:00:00,0.1018,0.1018,0.1018,0.1018,0.00000000,1766491199999,0.00000000,0,0.00000000,0.00000000,0
2025-12-23 12:00:00,0.1018,0.1018,0.1018,0.1018,0.00000000,1766505599999,0.00000000,0,0.00000000,0.00000000,0
2025-12-23 16:00:00,0.1016,0.1016,0.1016,0.1016,813.00000000,1766519999999,82.60080000,1,0.00000000,0.00000000,0
2025-12-23 20:00:00,0.1016,0.1016,0.1016,0.1016,0.00000000,1766534399999,0.00000000,0,0.00000000,0.00000000,0
2025-12-24 00:00:00,0.1016,0.1016,0.1016,0.1016,0.00000000,1766548799999,0.00000000,0,0.00000000,0.00000000,0
2025-12-24 04:00:00,0.1016,0.1016,0.1016,0.1016,0.00000000,1766563199999,0.00000000,0,0.00000000,0.00000000,0
2025-12-24 08:00:00,0.1016,0.1016,0.1016,0.1016,11.00000000,1766577599999,1.11760000,1,0.00000000,0.00000000,0
2025-12-24 12:00:00,0.1016,0.1016,0.1016,0.1016,0.00000000,1766591999999,0.00000000,0,0.00000000,0.00000000,0
2025-12-24 16:00:00,0.1016,0.1016,0.1016,0.1016,0.00000000,1766606399999,0.00000000,0,0.00000000,0.00000000,0
2025-12-24 20:00:00,0.1016,0.1016,0.1016,0.1016,0.00000000,1766620799999,0.00000000,0,0.00000000,0.00000000,0
2025-12-25 00:00:00,0.1016,0.1016,0.1016,0.1016,0.00000000,1766635199999,0.00000000,0,0.00000000,0.00000000,0
2025-12-25 04:00:00,0.1016,0.1016,0.08,0.08,222.00000000,1766649599999,21.45300000,11,0.00000000,0.00000000,0
2025-12-25 08:00:00,0.08,0.08,0.08,0.08,0.00000000,1766663999999,0.00000000,0,0.00000000,0.00000000,0
2025-12-25 12:00:00,0.08,0.08,0.08,0.08,0.00000000,1766678399999,0.00000000,0,0.00000000,0.00000000,0
2025-12-25 16:00:00,0.08,0.08,0.08,0.08,0.00000000,1766692799999,0.00000000,0,0.00000000,0.00000000,0
2025-12-25 20:00:00,0.08,0.08,0.08,0.08,0.00000000,1766707199999,0.00000000,0,0.00000000,0.00000000,0
2025-12-26 00:00:00,0.08,0.08,0.08,0.08,0.00000000,1766721599999,0.00000000,0,0.00000000,0.00000000,0
2025-12-26 04:00:00,0.08,0.08,0.08,0.08,0.00000000,1766735999999,0.00000000,0,0.00000000,0.00000000,0
2025-12-26 08:00:00,0.08,0.08,0.08,0.08,0.00000000,1766750399999,0.00000000,0,0.00000000,0.00000000,0
2025-12-26 12:00:00,0.0854,0.0876,0.0853,0.0876,892.00000000,1766764799999,76.87270000,3,0.00000000,0.00000000,0
2025-12-26 16:00:00,0.0876,0.0876,0.0876,0.0876,0.00000000,1766779199999,0.00000000,0,0.00000000,0.00000000,0
2025-12-26 20:00:00,0.0876,0.0876,0.0876,0.0876,0.00000000,1766793599999,0.00000000,0,0.00000000,0.00000000,0
2025-12-27 00:00:00,0.0876,0.0876,0.0876,0.0876,0.00000000,1766807999999,0.00000000,0,0.00000000,0.00000000,0
2025-12-27 04:00:00,0.0876,0.0876,0.0876,0.0876,0.00000000,1766822399999,0.00000000,0,0.00000000,0.00000000,0
2025-12-27 08:00:00,0.0876,0.0876,0.0876,0.0876,0.00000000,1766836799999,0.00000000,0,0.00000000,0.00000000,0
2025-12-27 12:00:00,0.0876,0.0876,0.0876,0.0876,0.00000000,1766851199999,0.00000000,0,0.00000000,0.00000000,0
2025-12-27 16:00:00,0.0876,0.0876,0.0876,0.0876,0.00000000,1766865599999,0.00000000,0,0.00000000,0.00000000,0
2025-12-27 20:00:00,0.0876,0.0876,0.0876,0.0876,0.00000000,1766879999999,0.00000000,0,0.00000000,0.00000000,0
2025-12-28 00:00:00,0.0876,0.0876,0.0876,0.0876,0.00000000,1766894399999,0.00000000,0,0.00000000,0.00000000,0
2025-12-28 04:00:00,0.0876,0.0876,0.0876,0.0876,0.00000000,1766908799999,0.00000000,0,0.00000000,0.00000000,0
2025-12-28 08:00:00,0.0876,0.0876,0.0876,0.0876,0.00000000,1766923199999,0.00000000,0,0.00000000,0.00000000,0
2025-12-28 12:00:00,0.0876,0.0876,0.0876,0.0876,0.00000000,1766937599999,0.00000000,0,0.00000000,0.00000000,0
2025-12-28 16:00:00,0.0876,0.0876,0.0876,0.0876,0.00000000,1766951999999,0.00000000,0,0.00000000,0.00000000,0
2025-12-28 20:00:00,0.0876,0.0876,0.0876,0.0876,0.00000000,1766966399999,0.00000000,0,0.00000000,0.00000000,0
2025-12-29 00:00:00,0.0876,0.0876,0.0876,0.0876,0.00000000,1766980799999,0.00000000,0,0.00000000,0.00000000,0
2025-12-29 04:00:00,0.0876,0.0876,0.0876,0.0876,0.00000000,1766995199999,0.00000000,0,0.00000000,0.00000000,0
2025-12-29 08:00:00,0.0876,0.0876,0.0876,0.0876,0.00000000,1767009599999,0.00000000,0,0.00000000,0.00000000,0
2025-12-29 12:00:00,0.0875,0.0875,0.0875,0.0875,825.00000000,1767023999999,72.18750000,2,0.00000000,0.00000000,0
2025-12-29 16:00:00,0.0875,0.0875,0.0875,0.0875,0.00000000,1767038399999,0.00000000,0,0.00000000,0.00000000,0
2025-12-29 20:00:00,0.0875,0.0875,0.0875,0.0875,246.00000000,1767052799999,21.52500000,2,0.00000000,0.00000000,0
2025-12-30 00:00:00,0.0875,0.0875,0.0875,0.0875,0.00000000,1767067199999,0.00000000,0,0.00000000,0.00000000,0
2025-12-30 04:00:00,0.0875,0.0875,0.0875,0.0875,0.00000000,1767081599999,0.00000000,0,0.00000000,0.00000000,0
2025-12-30 08:00:00,0.0875,0.0875,0.0875,0.0875,0.00000000,1767095999999,0.00000000,0,0.00000000,0.00000000,0
2025-12-30 12:00:00,0.0875,0.0875,0.0875,0.0875,0.00000000,1767110399999,0.00000000,0,0.00000000,0.00000000,0
2025-12-30 16:00:00,0.0875,0.0875,0.0875,0.0875,0.00000000,1767124799999,0.00000000,0,0.00000000,0.00000000,0
2025-12-30 20:00:00,0.0875,0.0875,0.0875,0.0875,0.00000000,1767139199999,0.00000000,0,0.00000000,0.00000000,0
2025-12-31 00:00:00,0.0875,0.0875,0.0875,0.0875,0.00000000,1767153599999,0.00000000,0,0.00000000,0.00000000,0
2025-12-31 04:00:00,0.0875,0.0875,0.0875,0.0875,0.00000000,1767167999999,0.00000000,0,0.00000000,0.00000000,0
2025-12-31 08:00:00,0.0875,0.0875,0.0875,0.0875,0.00000000,1767182399999,0.00000000,0,0.00000000,0.00000000,0
2025-12-31 12:00:00,0.0875,0.0875,0.0875,0.0875,0.00000000,1767196799999,0.00000000,0,0.00000000,0.00000000,0
2025-12-31 16:00:00,0.0875,0.0875,0.0875,0.0875,0.00000000,1767211199999,0.00000000,0,0.00000000,0.00000000,0
2025-12-31 20:00:00,0.0875,0.0875,0.0875,0.0875,0.00000000,1767225599999,0.00000000,0,0.00000000,0.00000000,0
2026-01-01 00:00:00,0.0875,0.0875,0.0875,0.0875,0.00000000,1767239999999,0.00000000,0,0.00000000,0.00000000,0
2026-01-01 04:00:00,0.0907,0.0907,0.0907,0.0907,116.00000000,1767254399999,10.52120000,1,0.00000000,0.00000000,0
2026-01-01 08:00:00,0.0907,0.0907,0.0907,0.0907,0.00000000,1767268799999,0.00000000,0,0.00000000,0.00000000,0
2026-01-01 12:00:00,0.0907,0.0907,0.0907,0.0907,0.00000000,1767283199999,0.00000000,0,0.00000000,0.00000000,0
2026-01-01 16:00:00,0.0907,0.0907,0.0907,0.0907,0.00000000,1767297599999,0.00000000,0,0.00000000,0.00000000,0
2026-01-01 20:00:00,0.0907,0.0907,0.0907,0.0907,0.00000000,1767311999999,0.00000000,0,0.00000000,0.00000000,0
2026-01-02 00:00:00,0.0907,0.0907,0.0907,0.0907,0.00000000,1767326399999,0.00000000,0,0.00000000,0.00000000,0
2026-01-02 04:00:00,0.0907,0.0907,0.0907,0.0907,0.00000000,1767340799999,0.00000000,0,0.00000000,0.00000000,0
2026-01-02 08:00:00,0.0907,0.0907,0.0907,0.0907,0.00000000,1767355199999,0.00000000,0,0.00000000,0.00000000,0
2026-01-02 12:00:00,0.0907,0.0907,0.0907,0.0907,0.00000000,1767369599999,0.00000000,0,0.00000000,0.00000000,0
2026-01-02 16:00:00,0.0907,0.0907,0.0907,0.0907,0.00000000,1767383999999,0.00000000,0,0.00000000,0.00000000,0
2026-01-02 20:00:00,0.0907,0.0907,0.0907,0.0907,0.00000000,1767398399999,0.00000000,0,0.00000000,0.00000000,0
2026-01-03 00:00:00,0.0907,0.0907,0.0907,0.0907,0.00000000,1767412799999,0.00000000,0,0.00000000,0.00000000,0
2026-01-03 04:00:00,0.0907,0.0907,0.0907,0.0907,0.00000000,1767427199999,0.00000000,0,0.00000000,0.00000000,0
2026-01-03 08:00:00,0.0907,0.0907,0.0907,0.0907,0.00000000,1767441599999,0.00000000,0,0.00000000,0.00000000,0
2026-01-03 12:00:00,0.0907,0.0907,0.0907,0.0907,0.00000000,1767455999999,0.00000000,0,0.00000000,0.00000000,0
2026-01-03 16:00:00,0.0907,0.0907,0.0907,0.0907,0.00000000,1767470399999,0.00000000,0,0.00000000,0.00000000,0
2026-01-03 20:00:00,0.0907,0.0907,0.0907,0.0907,0.00000000,1767484799999,0.00000000,0,0.00000000,0.00000000,0
2026-01-04 00:00:00,0.0907,0.0907,0.0907,0.0907,0.00000000,1767499199999,0.00000000,0,0.00000000,0.00000000,0
2026-01-04 04:00:00,0.0907,0.0907,0.0907,0.0907,0.00000000,1767513599999,0.00000000,0,0.00000000,0.00000000,0
2026-01-04 08:00:00,0.0907,0.0907,0.0907,0.0907,0.00000000,1767527999999,0.00000000,0,0.00000000,0.00000000,0
2026-01-04 12:00:00,0.0907,0.0907,0.0907,0.0907,0.00000000,1767542399999,0.00000000,0,0.00000000,0.00000000,0
2026-01-04 16:00:00,0.0907,0.0907,0.0907,0.0907,0.00000000,1767556799999,0.00000000,0,0.00000000,0.00000000,0
2026-01-04 20:00:00,0.0907,0.0907,0.0907,0.0907,0.00000000,1767571199999,0.00000000,0,0.00000000,0.00000000,0
2026-01-05 00:00:00,0.0907,0.0907,0.0907,0.0907,0.00000000,1767585599999,0.00000000,0,0.00000000,0.00000000,0
2026-01-05 04:00:00,0.0907,0.0907,0.0907,0.0907,0.00000000,1767599999999,0.00000000,0,0.00000000,0.00000000,0
2026-01-05 08:00:00,0.0907,0.0907,0.0907,0.0907,0.00000000,1767614399999,0.00000000,0,0.00000000,0.00000000,0
2026-01-05 12:00:00,0.0907,0.0907,0.0907,0.0907,0.00000000,1767628799999,0.00000000,0,0.00000000,0.00000000,0
2026-01-05 16:00:00,0.0907,0.0907,0.0907,0.0907,0.00000000,1767643199999,0.00000000,0,0.00000000,0.00000000,0
2026-01-05 20:00:00,0.0907,0.0907,0.0907,0.0907,0.00000000,1767657599999,0.00000000,0,0.00000000,0.00000000,0
2026-01-06 00:00:00,0.0907,0.0907,0.0907,0.0907,0.00000000,1767671999999,0.00000000,0,0.00000000,0.00000000,0
2026-01-06 04:00:00,0.0907,0.0907,0.0907,0.0907,0.00000000,1767686399999,0.00000000,0,0.00000000,0.00000000,0
2026-01-06 08:00:00,0.0907,0.0907,0.0907,0.0907,0.00000000,1767700799999,0.00000000,0,0.00000000,0.00000000,0
2026-01-06 12:00:00,0.0907,0.0907,0.0907,0.0907,0.00000000,1767715199999,0.00000000,0,0.00000000,0.00000000,0
2026-01-06 16:00:00,0.0907,0.0907,0.0907,0.0907,0.00000000,1767729599999,0.00000000,0,0.00000000,0.00000000,0
2026-01-06 20:00:00,0.0907,0.0907,0.0907,0.0907,0.00000000,1767743999999,0.00000000,0,0.00000000,0.00000000,0
2026-01-07 00:00:00,0.0907,0.0907,0.0907,0.0907,0.00000000,1767758399999,0.00000000,0,0.00000000,0.00000000,0
2026-01-07 04:00:00,0.0907,0.0907,0.0907,0.0907,0.00000000,1767772799999,0.00000000,0,0.00000000,0.00000000,0
2026-01-07 08:00:00,0.0907,0.0907,0.0907,0.0907,0.00000000,1767787199999,0.00000000,0,0.00000000,0.00000000,0
2026-01-07 12:00:00,0.0907,0.0907,0.0907,0.0907,0.00000000,1767801599999,0.00000000,0,0.00000000,0.00000000,0
2026-01-07 16:00:00,0.0907,0.0907,0.0907,0.0907,0.00000000,1767815999999,0.00000000,0,0.00000000,0.00000000,0
2026-01-07 20:00:00,0.0907,0.0907,0.0907,0.0907,0.00000000,1767830399999,0.00000000,0,0.00000000,0.00000000,0
2026-01-08 00:00:00,0.0907,0.0907,0.0907,0.0907,0.00000000,1767844799999,0.00000000,0,0.00000000,0.00000000,0
2026-01-08 04:00:00,0.0907,0.0907,0.0907,0.0907,0.00000000,1767859199999,0.00000000,0,0.00000000,0.00000000,0
2026-01-08 08:00:00,0.0907,0.0907,0.0907,0.0907,0.00000000,1767873599999,0.00000000,0,0.00000000,0.00000000,0
2026-01-08 12:00:00,0.0907,0.0907,0.0907,0.0907,0.00000000,1767887999999,0.00000000,0,0.00000000,0.00000000,0
2026-01-08 16:00:00,0.0907,0.0907,0.0907,0.0907,0.00000000,1767902399999,0.00000000,0,0.00000000,0.00000000,0
2026-01-08 20:00:00,0.0907,0.0907,0.0907,0.0907,0.00000000,1767916799999,0.00000000,0,0.00000000,0.00000000,0
2026-01-09 00:00:00,0.0907,0.0907,0.0907,0.0907,0.00000000,1767931199999,0.00000000,0,0.00000000,0.00000000,0
2026-01-09 04:00:00,0.0907,0.0907,0.0907,0.0907,0.00000000,1767945599999,0.00000000,0,0.00000000,0.00000000,0
2026-01-09 08:00:00,0.0907,0.0907,0.0907,0.0907,0.00000000,1767959999999,0.00000000,0,0.00000000,0.00000000,0
2026-01-09 12:00:00,0.0907,0.0907,0.0907,0.0907,0.00000000,1767974399999,0.00000000,0,0.00000000,0.00000000,0
2026-01-09 16:00:00,0.0907,0.0907,0.0907,0.0907,0.00000000,1767988799999,0.00000000,0,0.00000000,0.00000000,0
2026-01-09 20:00:00,0.0907,0.0907,0.0907,0.0907,0.00000000,1768003199999,0.00000000,0,0.00000000,0.00000000,0
2026-01-10 00:00:00,0.0907,0.0907,0.0907,0.0907,0.00000000,1768017599999,0.00000000,0,0.00000000,0.00000000,0
2026-01-10 04:00:00,0.0907,0.0907,0.0907,0.0907,0.00000000,1768031999999,0.00000000,0,0.00000000,0.00000000,0
2026-01-10 08:00:00,0.0907,0.0907,0.0907,0.0907,0.00000000,1768046399999,0.00000000,0,0.00000000,0.00000000,0
2026-01-10 12:00:00,0.0907,0.0907,0.0907,0.0907,0.00000000,1768060799999,0.00000000,0,0.00000000,0.00000000,0
2026-01-10 16:00:00,0.0907,0.0907,0.0907,0.0907,0.00000000,1768075199999,0.00000000,0,0.00000000,0.00000000,0
2026-01-10 20:00:00,0.0907,0.0907,0.0907,0.0907,0.00000000,1768089599999,0.00000000,0,0.00000000,0.00000000,0
2026-01-11 00:00:00,0.0907,0.0907,0.0907,0.0907,0.00000000,1768103999999,0.00000000,0,0.00000000,0.00000000,0
2026-01-11 04:00:00,0.0907,0.0907,0.0907,0.0907,0.00000000,1768118399999,0.00000000,0,0.00000000,0.00000000,0
2026-01-11 08:00:00,0.0907,0.0907,0.0907,0.0907,0.00000000,1768132799999,0.00000000,0,0.00000000,0.00000000,0
2026-01-11 12:00:00,0.0907,0.0907,0.0907,0.0907,0.00000000,1768147199999,0.00000000,0,0.00000000,0.00000000,0
2026-01-11 16:00:00,0.0907,0.0907,0.0907,0.0907,0.00000000,1768161599999,0.00000000,0,0.00000000,0.00000000,0
2026-01-11 20:00:00,0.1002,0.1002,0.1002,0.1002,58.00000000,1768175999999,5.81160000,1,0.00000000,0.00000000,0
2026-01-12 00:00:00,0.1002,0.1002,0.1002,0.1002,0.00000000,1768190399999,0.00000000,0,0.00000000,0.00000000,0
2026-01-12 04:00:00,0.1002,0.1002,0.1002,0.1002,0.00000000,1768204799999,0.00000000,0,0.00000000,0.00000000,0
2026-01-12 08:00:00,0.1002,0.1002,0.1002,0.1002,0.00000000,1768219199999,0.00000000,0,0.00000000,0.00000000,0
2026-01-12 12:00:00,0.1002,0.1002,0.1002,0.1002,0.00000000,1768233599999,0.00000000,0,0.00000000,0.00000000,0
2026-01-12 16:00:00,0.1002,0.1002,0.1002,0.1002,0.00000000,1768247999999,0.00000000,0,0.00000000,0.00000000,0
2026-01-12 20:00:00,0.1002,0.1002,0.1002,0.1002,0.00000000,1768262399999,0.00000000,0,0.00000000,0.00000000,0
2026-01-13 00:00:00,0.1002,0.1002,0.1002,0.1002,0.00000000,1768276799999,0.00000000,0,0.00000000,0.00000000,0
2026-01-13 04:00:00,0.1002,0.1002,0.1002,0.1002,0.00000000,1768291199999,0.00000000,0,0.00000000,0.00000000,0
2026-01-13 08:00:00,0.1002,0.1002,0.1002,0.1002,0.00000000,1768305599999,0.00000000,0,0.00000000,0.00000000,0
2026-01-13 12:00:00,0.1002,0.1002,0.1002,0.1002,0.00000000,1768319999999,0.00000000,0,0.00000000,0.00000000,0
2026-01-13 16:00:00,0.1002,0.1002,0.1002,0.1002,0.00000000,1768334399999,0.00000000,0,0.00000000,0.00000000,0
2026-01-13 20:00:00,0.1002,0.1002,0.1002,0.1002,0.00000000,1768348799999,0.00000000,0,0.00000000,0.00000000,0
2026-01-14 00:00:00,0.1002,0.1002,0.1002,0.1002,0.00000000,1768363199999,0.00000000,0,0.00000000,0.00000000,0
2026-01-14 04:00:00,0.1002,0.1002,0.1002,0.1002,0.00000000,1768377599999,0.00000000,0,0.00000000,0.00000000,0
2026-01-14 08:00:00,0.1002,0.1002,0.1002,0.1002,0.00000000,1768391999999,0.00000000,0,0.00000000,0.00000000,0
2026-01-14 12:00:00,0.1002,0.1002,0.1002,0.1002,0.00000000,1768406399999,0.00000000,0,0.00000000,0.00000000,0
2026-01-14 16:00:00,0.1002,0.1002,0.1002,0.1002,0.00000000,1768420799999,0.00000000,0,0.00000000,0.00000000,0
2026-01-14 20:00:00,0.1002,0.1002,0.1002,0.1002,0.00000000,1768435199999,0.00000000,0,0.00000000,0.00000000,0
2026-01-15 00:00:00,0.1002,0.1002,0.1002,0.1002,0.00000000,1768449599999,0.00000000,0,0.00000000,0.00000000,0
2026-01-15 04:00:00,0.1002,0.1002,0.1002,0.1002,0.00000000,1768463999999,0.00000000,0,0.00000000,0.00000000,0
2026-01-15 08:00:00,0.1002,0.1002,0.1002,0.1002,0.00000000,1768478399999,0.00000000,0,0.00000000,0.00000000,0
2026-01-15 12:00:00,0.1002,0.1002,0.1002,0.1002,0.00000000,1768492799999,0.00000000,0,0.00000000,0.00000000,0
2026-01-15 16:00:00,0.1002,0.1002,0.1002,0.1002,0.00000000,1768507199999,0.00000000,0,0.00000000,0.00000000,0
2026-01-15 20:00:00,0.1002,0.1002,0.1002,0.1002,0.00000000,1768521599999,0.00000000,0,0.00000000,0.00000000,0
2026-01-16 00:00:00,0.1002,0.1002,0.1002,0.1002,0.00000000,1768535999999,0.00000000,0,0.00000000,0.00000000,0
2026-01-16 04:00:00,0.1002,0.1002,0.1002,0.1002,0.00000000,1768550399999,0.00000000,0,0.00000000,0.00000000,0
2026-01-16 08:00:00,0.1002,0.1002,0.1002,0.1002,0.00000000,1768564799999,0.00000000,0,0.00000000,0.00000000,0
2026-01-16 12:00:00,0.1002,0.1002,0.1002,0.1002,0.00000000,1768579199999,0.00000000,0,0.00000000,0.00000000,0
2026-01-16 16:00:00,0.1002,0.1002,0.1002,0.1002,0.00000000,1768593599999,0.00000000,0,0.00000000,0.00000000,0
2026-01-16 20:00:00,0.1002,0.1002,0.1002,0.1002,0.00000000,1768607999999,0.00000000,0,0.00000000,0.00000000,0
2026-01-17 00:00:00,0.1002,0.1002,0.1002,0.1002,0.00000000,1768622399999,0.00000000,0,0.00000000,0.00000000,0
2026-01-17 04:00:00,0.1002,0.1002,0.1002,0.1002,0.00000000,1768636799999,0.00000000,0,0.00000000,0.00000000,0
2026-01-17 08:00:00,0.1002,0.1002,0.1002,0.1002,0.00000000,1768651199999,0.00000000,0,0.00000000,0.00000000,0
2026-01-17 12:00:00,0.1002,0.1002,0.1002,0.1002,0.00000000,1768665599999,0.00000000,0,0.00000000,0.00000000,0
2026-01-17 16:00:00,0.1002,0.1002,0.1002,0.1002,0.00000000,1768679999999,0.00000000,0,0.00000000,0.00000000,0
2026-01-17 20:00:00,0.1002,0.1002,0.1002,0.1002,0.00000000,1768694399999,0.00000000,0,0.00000000,0.00000000,0
2026-01-18 00:00:00,0.1002,0.1002,0.1002,0.1002,0.00000000,1768708799999,0.00000000,0,0.00000000,0.00000000,0
2026-01-18 04:00:00,0.1002,0.1002,0.1002,0.1002,0.00000000,1768723199999,0.00000000,0,0.00000000,0.00000000,0
2026-01-18 08:00:00,0.1002,0.1002,0.1002,0.1002,0.00000000,1768737599999,0.00000000,0,0.00000000,0.00000000,0
2026-01-18 12:00:00,0.1002,0.1002,0.1002,0.1002,0.00000000,1768751999999,0.00000000,0,0.00000000,0.00000000,0
2026-01-18 16:00:00,0.1002,0.1002,0.1002,0.1002,0.00000000,1768766399999,0.00000000,0,0.00000000,0.00000000,0
2026-01-18 20:00:00,0.1002,0.1002,0.1002,0.1002,0.00000000,1768780799999,0.00000000,0,0.00000000,0.00000000,0
2026-01-19 00:00:00,0.1002,0.1002,0.1002,0.1002,0.00000000,1768795199999,0.00000000,0,0.00000000,0.00000000,0
2026-01-19 04:00:00,0.1002,0.1002,0.1002,0.1002,0.00000000,1768809599999,0.00000000,0,0.00000000,0.00000000,0
2026-01-19 08:00:00,0.1002,0.1002,0.1002,0.1002,0.00000000,1768823999999,0.00000000,0,0.00000000,0.00000000,0
2026-01-19 12:00:00,0.1002,0.1002,0.1002,0.1002,0.00000000,1768838399999,0.00000000,0,0.00000000,0.00000000,0
2026-01-19 16:00:00,0.1002,0.1002,0.1002,0.1002,0.00000000,1768852799999,0.00000000,0,0.00000000,0.00000000,0
2026-01-19 20:00:00,0.0885,0.0885,0.0885,0.0885,53.00000000,1768867199999,4.69050000,1,0.00000000,0.00000000,0
2026-01-20 00:00:00,0.0885,0.0885,0.0885,0.0885,0.00000000,1768881599999,0.00000000,0,0.00000000,0.00000000,0
2026-01-20 04:00:00,0.0885,0.0885,0.0885,0.0885,0.00000000,1768895999999,0.00000000,0,0.00000000,0.00000000,0
2026-01-20 08:00:00,0.0885,0.0885,0.0885,0.0885,0.00000000,1768910399999,0.00000000,0,0.00000000,0.00000000,0
2026-01-20 12:00:00,0.0885,0.0885,0.0885,0.0885,0.00000000,1768924799999,0.00000000,0,0.00000000,0.00000000,0
2026-01-20 16:00:00,0.0885,0.0885,0.0885,0.0885,0.00000000,1768939199999,0.00000000,0,0.00000000,0.00000000,0
2026-01-20 20:00:00,0.0885,0.0885,0.0885,0.0885,0.00000000,1768953599999,0.00000000,0,0.00000000,0.00000000,0
2026-01-21 00:00:00,0.0885,0.0885,0.0885,0.0885,0.00000000,1768967999999,0.00000000,0,0.00000000,0.00000000,0
2026-01-21 04:00:00,0.0885,0.0885,0.0885,0.0885,0.00000000,1768982399999,0.00000000,0,0.00000000,0.00000000,0
2026-01-21 08:00:00,0.0885,0.0885,0.0885,0.0885,0.00000000,1768996799999,0.00000000,0,0.00000000,0.00000000,0
2026-01-21 12:00:00,0.0885,0.0885,0.0885,0.0885,0.00000000,1769011199999,0.00000000,0,0.00000000,0.00000000,0
2026-01-21 16:00:00,0.0885,0.0885,0.0885,0.0885,0.00000000,1769025599999,0.00000000,0,0.00000000,0.00000000,0
2026-01-21 20:00:00,0.0885,0.0885,0.0885,0.0885,0.00000000,1769039999999,0.00000000,0,0.00000000,0.00000000,0
2026-01-22 00:00:00,0.0885,0.0885,0.0885,0.0885,0.00000000,1769054399999,0.00000000,0,0.00000000,0.00000000,0
2026-01-22 04:00:00,0.0885,0.0885,0.0885,0.0885,0.00000000,1769068799999,0.00000000,0,0.00000000,0.00000000,0
2026-01-22 08:00:00,0.0885,0.0885,0.0885,0.0885,0.00000000,1769083199999,0.00000000,0,0.00000000,0.00000000,0
2026-01-22 12:00:00,0.0885,0.0885,0.0885,0.0885,0.00000000,1769097599999,0.00000000,0,0.00000000,0.00000000,0
2026-01-22 16:00:00,0.0997,0.0997,0.0885,0.0885,20613.00000000,1769111999999,1852.37770000,8,17898.00000000,1583.97300000,0
2026-01-22 20:00:00,0.0885,0.0885,0.0885,0.0885,0.00000000,1769126399999,0.00000000,0,0.00000000,0.00000000,0
2026-01-23 00:00:00,0.1059,0.1059,0.1059,0.1059,2253.00000000,1769140799999,238.59270000,4,2253.00000000,238.59270000,0
2026-01-23 04:00:00,0.1065,0.1065,0.1065,0.1065,18.00000000,1769155199999,1.91700000,1,18.00000000,1.91700000,0
2026-01-23 08:00:00,0.1065,0.1065,0.1065,0.1065,0.00000000,1769169599999,0.00000000,0,0.00000000,0.00000000,0
2026-01-23 12:00:00,0.1065,0.1065,0.1065,0.1065,0.00000000,1769183999999,0.00000000,0,0.00000000,0.00000000,0
2026-01-23 16:00:00,0.1065,0.1065,0.1065,0.1065,0.00000000,1769198399999,0.00000000,0,0.00000000,0.00000000,0
2026-01-23 20:00:00,0.1065,0.1065,0.1065,0.1065,0.00000000,1769212799999,0.00000000,0,0.00000000,0.00000000,0
2026-01-24 00:00:00,0.1065,0.1065,0.1065,0.1065,0.00000000,1769227199999,0.00000000,0,0.00000000,0.00000000,0
2026-01-24 04:00:00,0.1065,0.1065,0.1065,0.1065,0.00000000,1769241599999,0.00000000,0,0.00000000,0.00000000,0
2026-01-24 08:00:00,0.1065,0.1065,0.1065,0.1065,0.00000000,1769255999999,0.00000000,0,0.00000000,0.00000000,0
2026-01-24 12:00:00,0.1065,0.1065,0.1065,0.1065,0.00000000,1769270399999,0.00000000,0,0.00000000,0.00000000,0
2026-01-24 16:00:00,0.1065,0.1065,0.1065,0.1065,0.00000000,1769284799999,0.00000000,0,0.00000000,0.00000000,0
2026-01-24 20:00:00,0.1065,0.1065,0.1065,0.1065,0.00000000,1769299199999,0.00000000,0,0.00000000,0.00000000,0
2026-01-25 00:00:00,0.1065,0.1065,0.1065,0.1065,0.00000000,1769313599999,0.00000000,0,0.00000000,0.00000000,0
2026-01-25 04:00:00,0.1065,0.1065,0.1065,0.1065,0.00000000,1769327999999,0.00000000,0,0.00000000,0.00000000,0
2026-01-25 08:00:00,0.1,0.1,0.1,0.1,602.00000000,1769342399999,60.20000000,2,602.00000000,60.20000000,0
2026-01-25 12:00:00,0.0977,0.0978,0.0977,0.0978,68.00000000,1769356799999,6.64770000,2,0.00000000,0.00000000,0
2026-01-25 16:00:00,0.0978,0.0978,0.0978,0.0978,0.00000000,1769371199999,0.00000000,0,0.00000000,0.00000000,0
2026-01-25 20:00:00,0.0978,0.0978,0.0978,0.0978,0.00000000,1769385599999,0.00000000,0,0.00000000,0.00000000,0
2026-01-26 00:00:00,0.0978,0.0978,0.0978,0.0978,0.00000000,1769399999999,0.00000000,0,0.00000000,0.00000000,0
2026-01-26 04:00:00,0.0978,0.0978,0.0978,0.0978,0.00000000,1769414399999,0.00000000,0,0.00000000,0.00000000,0
2026-01-26 08:00:00,0.0978,0.0978,0.0978,0.0978,0.00000000,1769428799999,0.00000000,0,0.00000000,0.00000000,0
2026-01-26 12:00:00,0.0978,0.0978,0.0978,0.0978,0.00000000,1769443199999,0.00000000,0,0.00000000,0.00000000,0
2026-01-26 16:00:00,0.0978,0.0978,0.0978,0.0978,0.00000000,1769457599999,0.00000000,0,0.00000000,0.00000000,0
2026-01-26 20:00:00,0.0978,0.0978,0.0978,0.0978,0.00000000,1769471999999,0.00000000,0,0.00000000,0.00000000,0
2026-01-27 00:00:00,0.1052,0.1052,0.1052,0.1052,15866.00000000,1769486399999,1669.10320000,5,15866.00000000,1669.10320000,0
2026-01-27 04:00:00,0.103,0.103,0.103,0.103,26.00000000,1769500799999,2.67800000,1,0.00000000,0.00000000,0
2026-01-27 08:00:00,0.103,0.103,0.103,0.103,0.00000000,1769515199999,0.00000000,0,0.00000000,0.00000000,0
2026-01-27 12:00:00,0.103,0.103,0.103,0.103,0.00000000,1769529599999,0.00000000,0,0.00000000,0.00000000,0
2026-01-27 16:00:00,0.103,0.103,0.103,0.103,0.00000000,1769543999999,0.00000000,0,0.00000000,0.00000000,0
2026-01-27 20:00:00,0.103,0.103,0.103,0.103,0.00000000,1769558399999,0.00000000,0,0.00000000,0.00000000,0
2026-01-28 00:00:00,0.103,0.103,0.103,0.103,0.00000000,1769572799999,0.00000000,0,0.00000000,0.00000000,0
2026-01-28 04:00:00,0.103,0.103,0.103,0.103,0.00000000,1769587199999,0.00000000,0,0.00000000,0.00000000,0
2026-01-28 08:00:00,0.1045,0.1045,0.1045,0.1045,15.00000000,1769601599999,1.56750000,1,0.00000000,0.00000000,0
2026-01-28 12:00:00,0.1045,0.1045,0.1045,0.1045,0.00000000,1769615999999,0.00000000,0,0.00000000,0.00000000,0
2026-01-28 16:00:00,0.1045,0.1045,0.1045,0.1045,0.00000000,1769630399999,0.00000000,0,0.00000000,0.00000000,0
2026-01-28 20:00:00,0.1045,0.1045,0.1045,0.1045,0.00000000,1769644799999,0.00000000,0,0.00000000,0.00000000,0
2026-01-29 00:00:00,0.1045,0.1045,0.1045,0.1045,0.00000000,1769659199999,0.00000000,0,0.00000000,0.00000000,0
2026-01-29 04:00:00,0.1045,0.1045,0.1045,0.1045,0.00000000,1769673599999,0.00000000,0,0.00000000,0.00000000,0
2026-01-29 08:00:00,0.1045,0.1045,0.1045,0.1045,0.00000000,1769687999999,0.00000000,0,0.00000000,0.00000000,0
2026-01-29 12:00:00,0.1045,0.1045,0.1045,0.1045,0.00000000,1769702399999,0.00000000,0,0.00000000,0.00000000,0
2026-01-29 16:00:00,0.1045,0.1045,0.1045,0.1045,0.00000000,1769716799999,0.00000000,0,0.00000000,0.00000000,0
2026-01-29 20:00:00,0.1045,0.1045,0.1045,0.1045,0.00000000,1769731199999,0.00000000,0,0.00000000,0.00000000,0
2026-01-30 00:00:00,0.1045,0.1045,0.1045,0.1045,0.00000000,1769745599999,0.00000000,0,0.00000000,0.00000000,0
2026-01-30 04:00:00,0.1045,0.1045,0.1045,0.1045,0.00000000,1769759999999,0.00000000,0,0.00000000,0.00000000,0
2026-01-30 08:00:00,0.1045,0.1045,0.1045,0.1045,0.00000000,1769774399999,0.00000000,0,0.00000000,0.00000000,0
2026-01-30 12:00:00,0.1045,0.1045,0.1045,0.1045,0.00000000,1769788799999,0.00000000,0,0.00000000,0.00000000,0
2026-01-30 16:00:00,0.1045,0.1045,0.1045,0.1045,0.00000000,1769803199999,0.00000000,0,0.00000000,0.00000000,0
2026-01-30 20:00:00,0.1045,0.1045,0.1045,0.1045,0.00000000,1769817599999,0.00000000,0,0.00000000,0.00000000,0
2026-01-31 00:00:00,0.1045,0.1045,0.1045,0.1045,0.00000000,1769831999999,0.00000000,0,0.00000000,0.00000000,0
2026-01-31 04:00:00,0.1045,0.1045,0.1045,0.1045,0.00000000,1769846399999,0.00000000,0,0.00000000,0.00000000,0
2026-01-31 08:00:00,0.1045,0.1045,0.1045,0.1045,0.00000000,1769860799999,0.00000000,0,0.00000000,0.00000000,0
2026-01-31 12:00:00,0.1045,0.1045,0.1045,0.1045,0.00000000,1769875199999,0.00000000,0,0.00000000,0.00000000,0
2026-01-31 16:00:00,0.0961,0.0961,0.0961,0.0961,41.00000000,1769889599999,3.94010000,1,0.00000000,0.00000000,0
2026-01-31 20:00:00,0.0961,0.0961,0.0961,0.0961,0.00000000,1769903999999,0.00000000,0,0.00000000,0.00000000,0
2026-02-01 00:00:00,0.0961,0.0961,0.0961,0.0961,0.00000000,1769918399999,0.00000000,0,0.00000000,0.00000000,0
2026-02-01 04:00:00,0.0961,0.0961,0.0961,0.0961,0.00000000,1769932799999,0.00000000,0,0.00000000,0.00000000,0
2026-02-01 08:00:00,0.0961,0.0961,0.0961,0.0961,0.00000000,1769947199999,0.00000000,0,0.00000000,0.00000000,0
2026-02-01 12:00:00,0.0961,0.0961,0.0961,0.0961,0.00000000,1769961599999,0.00000000,0,0.00000000,0.00000000,0
2026-02-01 16:00:00,0.0961,0.0961,0.0961,0.0961,0.00000000,1769975999999,0.00000000,0,0.00000000,0.00000000,0
2026-02-01 20:00:00,0.0961,0.0961,0.0961,0.0961,0.00000000,1769990399999,0.00000000,0,0.00000000,0.00000000,0
2026-02-02 00:00:00,0.0961,0.0961,0.0961,0.0961,0.00000000,1770004799999,0.00000000,0,0.00000000,0.00000000,0
2026-02-02 04:00:00,0.0961,0.0961,0.0961,0.0961,0.00000000,1770019199999,0.00000000,0,0.00000000,0.00000000,0
2026-02-02 08:00:00,0.0961,0.0961,0.0961,0.0961,0.00000000,1770033599999,0.00000000,0,0.00000000,0.00000000,0
2026-02-02 12:00:00,0.0961,0.0961,0.0961,0.0961,0.00000000,1770047999999,0.00000000,0,0.00000000,0.00000000,0
2026-02-02 16:00:00,0.0961,0.0961,0.0961,0.0961,0.00000000,1770062399999,0.00000000,0,0.00000000,0.00000000,0
2026-02-02 20:00:00,0.0961,0.0961,0.0961,0.0961,0.00000000,1770076799999,0.00000000,0,0.00000000,0.00000000,0
2026-02-03 00:00:00,0.0961,0.0961,0.0961,0.0961,0.00000000,1770091199999,0.00000000,0,0.00000000,0.00000000,0
2026-02-03 04:00:00,0.0961,0.0961,0.0961,0.0961,0.00000000,1770105599999,0.00000000,0,0.00000000,0.00000000,0
2026-02-03 08:00:00,0.0961,0.0961,0.0961,0.0961,0.00000000,1770119999999,0.00000000,0,0.00000000,0.00000000,0
2026-02-03 12:00:00,0.0961,0.0961,0.0961,0.0961,0.00000000,1770134399999,0.00000000,0,0.00000000,0.00000000,0
2026-02-03 16:00:00,0.0961,0.0961,0.0961,0.0961,0.00000000,1770148799999,0.00000000,0,0.00000000,0.00000000,0
2026-02-03 20:00:00,0.0961,0.0961,0.0961,0.0961,0.00000000,1770163199999,0.00000000,0,0.00000000,0.00000000,0
2026-02-04 00:00:00,0.0961,0.0961,0.0961,0.0961,0.00000000,1770177599999,0.00000000,0,0.00000000,0.00000000,0
2026-02-04 04:00:00,0.0961,0.0961,0.0961,0.0961,0.00000000,1770191999999,0.00000000,0,0.00000000,0.00000000,0
2026-02-04 08:00:00,0.0982,0.0982,0.0982,0.0982,30.00000000,1770206399999,2.94600000,1,30.00000000,2.94600000,0
2026-02-04 12:00:00,0.0982,0.0982,0.0982,0.0982,0.00000000,1770220799999,0.00000000,0,0.00000000,0.00000000,0
2026-02-04 16:00:00,0.0982,0.0982,0.0982,0.0982,0.00000000,1770235199999,0.00000000,0,0.00000000,0.00000000,0
2026-02-04 20:00:00,0.0982,0.0982,0.0982,0.0982,0.00000000,1770249599999,0.00000000,0,0.00000000,0.00000000,0
2026-02-05 00:00:00,0.0982,0.0982,0.0982,0.0982,0.00000000,1770263999999,0.00000000,0,0.00000000,0.00000000,0
2026-02-05 04:00:00,0.0982,0.0982,0.0982,0.0982,0.00000000,1770278399999,0.00000000,0,0.00000000,0.00000000,0
2026-02-05 08:00:00,0.0982,0.0982,0.0982,0.0982,0.00000000,1770292799999,0.00000000,0,0.00000000,0.00000000,0
2026-02-05 12:00:00,0.0982,0.0982,0.0982,0.0982,0.00000000,1770307199999,0.00000000,0,0.00000000,0.00000000,0
2026-02-05 16:00:00,0.0982,0.0982,0.0982,0.0982,0.00000000,1770321599999,0.00000000,0,0.00000000,0.00000000,0
2026-02-05 20:00:00,0.086,0.086,0.086,0.086,46.00000000,1770335999999,3.95600000,1,0.00000000,0.00000000,0
2026-02-06 00:00:00,0.08,0.08,0.08,0.08,38.00000000,1770350399999,3.04000000,2,0.00000000,0.00000000,0
2026-02-06 04:00:00,0.08,0.08,0.08,0.08,0.00000000,1770364799999,0.00000000,0,0.00000000,0.00000000,0
2026-02-06 08:00:00,0.08,0.08,0.08,0.08,0.00000000,1770379199999,0.00000000,0,0.00000000,0.00000000,0
2026-02-06 12:00:00,0.08,0.08,0.08,0.08,0.00000000,1770393599999,0.00000000,0,0.00000000,0.00000000,0
2026-02-06 16:00:00,0.08,0.08,0.08,0.08,0.00000000,1770407999999,0.00000000,0,0.00000000,0.00000000,0
2026-02-06 20:00:00,0.08,0.08,0.08,0.08,0.00000000,1770422399999,0.00000000,0,0.00000000,0.00000000,0
2026-02-07 00:00:00,0.08,0.08,0.08,0.08,0.00000000,1770436799999,0.00000000,0,0.00000000,0.00000000,0
2026-02-07 04:00:00,0.08,0.08,0.08,0.08,0.00000000,1770451199999,0.00000000,0,0.00000000,0.00000000,0
2026-02-07 08:00:00,0.08,0.08,0.08,0.08,0.00000000,1770465599999,0.00000000,0,0.00000000,0.00000000,0
2026-02-07 12:00:00,0.08,0.08,0.08,0.08,0.00000000,1770479999999,0.00000000,0,0.00000000,0.00000000,0
2026-02-07 16:00:00,0.08,0.08,0.08,0.08,0.00000000,1770494399999,0.00000000,0,0.00000000,0.00000000,0
2026-02-07 20:00:00,0.08,0.08,0.08,0.08,0.00000000,1770508799999,0.00000000,0,0.00000000,0.00000000,0
2026-02-08 00:00:00,0.08,0.08,0.08,0.08,0.00000000,1770523199999,0.00000000,0,0.00000000,0.00000000,0
2026-02-08 04:00:00,0.08,0.08,0.08,0.08,0.00000000,1770537599999,0.00000000,0,0.00000000,0.00000000,0
2026-02-08 08:00:00,0.08,0.08,0.08,0.08,0.00000000,1770551999999,0.00000000,0,0.00000000,0.00000000,0
2026-02-08 12:00:00,0.08,0.08,0.08,0.08,0.00000000,1770566399999,0.00000000,0,0.00000000,0.00000000,0
2026-02-08 16:00:00,0.08,0.08,0.08,0.08,0.00000000,1770580799999,0.00000000,0,0.00000000,0.00000000,0
2026-02-08 20:00:00,0.08,0.08,0.08,0.08,0.00000000,1770595199999,0.00000000,0,0.00000000,0.00000000,0
2026-02-09 00:00:00,0.08,0.08,0.08,0.08,0.00000000,1770609599999,0.00000000,0,0.00000000,0.00000000,0
2026-02-09 04:00:00,0.08,0.08,0.08,0.08,0.00000000,1770623999999,0.00000000,0,0.00000000,0.00000000,0
2026-02-09 08:00:00,0.08,0.08,0.08,0.08,0.00000000,1770638399999,0.00000000,0,0.00000000,0.00000000,0
2026-02-09 12:00:00,0.08,0.08,0.08,0.08,0.00000000,1770652799999,0.00000000,0,0.00000000,0.00000000,0
2026-02-09 16:00:00,0.08,0.08,0.08,0.08,0.00000000,1770667199999,0.00000000,0,0.00000000,0.00000000,0
2026-02-09 20:00:00,0.08,0.08,0.08,0.08,0.00000000,1770681599999,0.00000000,0,0.00000000,0.00000000,0
2026-02-10 00:00:00,0.08,0.08,0.08,0.08,0.00000000,1770695999999,0.00000000,0,0.00000000,0.00000000,0
2026-02-10 04:00:00,0.08,0.08,0.08,0.08,0.00000000,1770710399999,0.00000000,0,0.00000000,0.00000000,0
2026-02-10 08:00:00,0.08,0.08,0.08,0.08,0.00000000,1770724799999,0.00000000,0,0.00000000,0.00000000,0
2026-02-10 12:00:00,0.08,0.08,0.08,0.08,0.00000000,1770739199999,0.00000000,0,0.00000000,0.00000000,0
2026-02-10 16:00:00,0.08,0.08,0.08,0.08,0.00000000,1770753599999,0.00000000,0,0.00000000,0.00000000,0
2026-02-10 20:00:00,0.08,0.08,0.08,0.08,0.00000000,1770767999999,0.00000000,0,0.00000000,0.00000000,0
2026-02-11 00:00:00,0.08,0.08,0.08,0.08,0.00000000,1770782399999,0.00000000,0,0.00000000,0.00000000,0
2026-02-11 04:00:00,0.0765,0.0765,0.0759,0.0759,102.00000000,1770796799999,7.77180000,3,0.00000000,0.00000000,0
2026-02-11 08:00:00,0.0759,0.0759,0.0759,0.0759,0.00000000,1770811199999,0.00000000,0,0.00000000,0.00000000,0
2026-02-11 12:00:00,0.0759,0.0759,0.0759,0.0759,0.00000000,1770825599999,0.00000000,0,0.00000000,0.00000000,0
2026-02-11 16:00:00,0.0759,0.0759,0.0759,0.0759,0.00000000,1770839999999,0.00000000,0,0.00000000,0.00000000,0
2026-02-11 20:00:00,0.0759,0.0759,0.0759,0.0759,0.00000000,1770854399999,0.00000000,0,0.00000000,0.00000000,0
2026-02-12 00:00:00,0.0759,0.0759,0.0759,0.0759,0.00000000,1770868799999,0.00000000,0,0.00000000,0.00000000,0
2026-02-12 04:00:00,0.0759,0.0759,0.0759,0.0759,0.00000000,1770883199999,0.00000000,0,0.00000000,0.00000000,0
2026-02-12 08:00:00,0.0759,0.0759,0.0759,0.0759,0.00000000,1770897599999,0.00000000,0,0.00000000,0.00000000,0
2026-02-12 12:00:00,0.0759,0.0759,0.0759,0.0759,0.00000000,1770911999999,0.00000000,0,0.00000000,0.00000000,0
2026-02-12 16:00:00,0.0759,0.0759,0.0759,0.0759,0.00000000,1770926399999,0.00000000,0,0.00000000,0.00000000,0
2026-02-12 20:00:00,0.0759,0.0759,0.0759,0.0759,0.00000000,1770940799999,0.00000000,0,0.00000000,0.00000000,0
2026-02-13 00:00:00,0.0759,0.0759,0.0759,0.0759,0.00000000,1770955199999,0.00000000,0,0.00000000,0.00000000,0
2026-02-13 04:00:00,0.0759,0.0759,0.0759,0.0759,0.00000000,1770969599999,0.00000000,0,0.00000000,0.00000000,0
2026-02-13 08:00:00,0.0759,0.0759,0.0759,0.0759,0.00000000,1770983999999,0.00000000,0,0.00000000,0.00000000,0
2026-02-13 12:00:00,0.0759,0.0759,0.0759,0.0759,0.00000000,1770998399999,0.00000000,0,0.00000000,0.00000000,0
2026-02-13 16:00:00,0.0732,0.0735,0.0732,0.0735,85.00000000,1771012799999,6.22710000,2,68.00000000,4.97760000,0
2026-02-13 20:00:00,0.0702,0.0702,0.0702,0.0702,47.00000000,1771027199999,3.29940000,1,0.00000000,0.00000000,0
2026-02-14 00:00:00,0.0702,0.0702,0.0702,0.0702,0.00000000,1771041599999,0.00000000,0,0.00000000,0.00000000,0
2026-02-14 04:00:00,0.0702,0.0702,0.0702,0.0702,0.00000000,1771055999999,0.00000000,0,0.00000000,0.00000000,0
2026-02-14 08:00:00,0.0702,0.0702,0.0702,0.0702,0.00000000,1771070399999,0.00000000,0,0.00000000,0.00000000,0
2026-02-14 12:00:00,0.0702,0.0702,0.0702,0.0702,0.00000000,1771084799999,0.00000000,0,0.00000000,0.00000000,0
2026-02-14 16:00:00,0.0702,0.0702,0.0702,0.0702,0.00000000,1771099199999,0.00000000,0,0.00000000,0.00000000,0
2026-02-14 20:00:00,0.0702,0.0702,0.0702,0.0702,0.00000000,1771113599999,0.00000000,0,0.00000000,0.00000000,0
2026-02-15 00:00:00,0.0702,0.0702,0.0702,0.0702,0.00000000,1771127999999,0.00000000,0,0.00000000,0.00000000,0
2026-02-15 04:00:00,0.0702,0.0702,0.0702,0.0702,0.00000000,1771142399999,0.00000000,0,0.00000000,0.00000000,0
2026-02-15 08:00:00,0.0702,0.0702,0.0702,0.0702,0.00000000,1771156799999,0.00000000,0,0.00000000,0.00000000,0
2026-02-15 12:00:00,0.0702,0.0702,0.0702,0.0702,0.00000000,1771171199999,0.00000000,0,0.00000000,0.00000000,0
2026-02-15 16:00:00,0.0702,0.0702,0.0702,0.0702,0.00000000,1771185599999,0.00000000,0,0.00000000,0.00000000,0
2026-02-15 20:00:00,0.0702,0.0702,0.0702,0.0702,0.00000000,1771199999999,0.00000000,0,0.00000000,0.00000000,0
2026-02-16 00:00:00,0.0702,0.0702,0.0702,0.0702,0.00000000,1771214399999,0.00000000,0,0.00000000,0.00000000,0
2026-02-16 04:00:00,0.0702,0.0702,0.0702,0.0702,0.00000000,1771228799999,0.00000000,0,0.00000000,0.00000000,0
2026-02-16 08:00:00,0.0702,0.0702,0.0702,0.0702,0.00000000,1771243199999,0.00000000,0,0.00000000,0.00000000,0
2026-02-16 12:00:00,0.0702,0.0702,0.0702,0.0702,0.00000000,1771257599999,0.00000000,0,0.00000000,0.00000000,0
2026-02-16 16:00:00,0.0702,0.0702,0.0702,0.0702,0.00000000,1771271999999,0.00000000,0,0.00000000,0.00000000,0
2026-02-16 20:00:00,0.0702,0.0702,0.0702,0.0702,0.00000000,1771286399999,0.00000000,0,0.00000000,0.00000000,0
2026-02-17 00:00:00,0.0702,0.0702,0.0702,0.0702,0.00000000,1771300799999,0.00000000,0,0.00000000,0.00000000,0
2026-02-17 04:00:00,0.0702,0.0702,0.0702,0.0702,0.00000000,1771315199999,0.00000000,0,0.00000000,0.00000000,0
2026-02-17 08:00:00,0.0702,0.0702,0.0702,0.0702,0.00000000,1771329599999,0.00000000,0,0.00000000,0.00000000,0
2026-02-17 12:00:00,0.0702,0.0702,0.0702,0.0702,0.00000000,1771343999999,0.00000000,0,0.00000000,0.00000000,0
2026-02-17 16:00:00,0.0702,0.0702,0.0702,0.0702,0.00000000,1771358399999,0.00000000,0,0.00000000,0.00000000,0
2026-02-17 20:00:00,0.0702,0.0702,0.0702,0.0702,0.00000000,1771372799999,0.00000000,0,0.00000000,0.00000000,0
2026-02-18 00:00:00,0.0702,0.0702,0.0702,0.0702,0.00000000,1771387199999,0.00000000,0,0.00000000,0.00000000,0
2026-02-18 04:00:00,0.0702,0.0702,0.0702,0.0702,0.00000000,1771401599999,0.00000000,0,0.00000000,0.00000000,0
2026-02-18 08:00:00,0.0702,0.0702,0.0702,0.0702,0.00000000,1771415999999,0.00000000,0,0.00000000,0.00000000,0
2026-02-18 12:00:00,0.0702,0.0702,0.0702,0.0702,0.00000000,1771430399999,0.00000000,0,0.00000000,0.00000000,0
2026-02-18 16:00:00,0.0701,0.0701,0.0701,0.0701,951.00000000,1771444799999,66.66510000,5,0.00000000,0.00000000,0
2026-02-18 20:00:00,0.0701,0.0701,0.07,0.07,1952.00000000,1771459199999,136.83020000,3,0.00000000,0.00000000,0
2026-02-19 00:00:00,0.07,0.07,0.07,0.07,0.00000000,1771473599999,0.00000000,0,0.00000000,0.00000000,0
2026-02-19 04:00:00,0.07,0.07,0.07,0.07,0.00000000,1771487999999,0.00000000,0,0.00000000,0.00000000,0
2026-02-19 08:00:00,0.07,0.07,0.07,0.07,0.00000000,1771502399999,0.00000000,0,0.00000000,0.00000000,0
2026-02-19 12:00:00,0.07,0.07,0.07,0.07,0.00000000,1771516799999,0.00000000,0,0.00000000,0.00000000,0
2026-02-19 16:00:00,0.07,0.07,0.07,0.07,0.00000000,1771531199999,0.00000000,0,0.00000000,0.00000000,0
2026-02-19 20:00:00,0.07,0.07,0.07,0.07,0.00000000,1771545599999,0.00000000,0,0.00000000,0.00000000,0
2026-02-20 00:00:00,0.07,0.07,0.07,0.07,0.00000000,1771559999999,0.00000000,0,0.00000000,0.00000000,0
2026-02-20 04:00:00,0.07,0.07,0.07,0.07,0.00000000,1771574399999,0.00000000,0,0.00000000,0.00000000,0
2026-02-20 08:00:00,0.07,0.07,0.07,0.07,0.00000000,1771588799999,0.00000000,0,0.00000000,0.00000000,0
2026-02-20 12:00:00,0.07,0.07,0.07,0.07,0.00000000,1771603199999,0.00000000,0,0.00000000,0.00000000,0
2026-02-20 16:00:00,0.07,0.07,0.07,0.07,0.00000000,1771617599999,0.00000000,0,0.00000000,0.00000000,0
2026-02-20 20:00:00,0.0659,0.0659,0.0659,0.0659,60.00000000,1771631999999,3.95400000,1,0.00000000,0.00000000,0
2026-02-21 00:00:00,0.0659,0.0659,0.0659,0.0659,0.00000000,1771646399999,0.00000000,0,0.00000000,0.00000000,0
2026-02-21 04:00:00,0.0659,0.0659,0.0659,0.0659,0.00000000,1771660799999,0.00000000,0,0.00000000,0.00000000,0
2026-02-21 08:00:00,0.0659,0.0659,0.0659,0.0659,0.00000000,1771675199999,0.00000000,0,0.00000000,0.00000000,0
2026-02-21 12:00:00,0.0659,0.0659,0.0659,0.0659,0.00000000,1771689599999,0.00000000,0,0.00000000,0.00000000,0
2026-02-21 16:00:00,0.0659,0.0659,0.0659,0.0659,0.00000000,1771703999999,0.00000000,0,0.00000000,0.00000000,0
2026-02-21 20:00:00,0.0659,0.0659,0.0659,0.0659,0.00000000,1771718399999,0.00000000,0,0.00000000,0.00000000,0
2026-02-22 00:00:00,0.0659,0.0659,0.0659,0.0659,0.00000000,1771732799999,0.00000000,0,0.00000000,0.00000000,0
2026-02-22 04:00:00,0.0659,0.0659,0.0659,0.0659,0.00000000,1771747199999,0.00000000,0,0.00000000,0.00000000,0
2026-02-22 08:00:00,0.0659,0.0659,0.0659,0.0659,0.00000000,1771761599999,0.00000000,0,0.00000000,0.00000000,0
2026-02-22 12:00:00,0.0659,0.0659,0.0659,0.0659,0.00000000,1771775999999,0.00000000,0,0.00000000,0.00000000,0
2026-02-22 16:00:00,0.0659,0.0659,0.0659,0.0659,0.00000000,1771790399999,0.00000000,0,0.00000000,0.00000000,0
2026-02-22 20:00:00,0.0683,0.0683,0.0622,0.0622,269.00000000,1771804799999,17.14340000,4,0.00000000,0.00000000,0
2026-02-23 00:00:00,0.0622,0.0622,0.0622,0.0622,0.00000000,1771819199999,0.00000000,0,0.00000000,0.00000000,0
2026-02-23 04:00:00,0.0622,0.0622,0.0622,0.0622,0.00000000,1771833599999,0.00000000,0,0.00000000,0.00000000,0
2026-02-23 08:00:00,0.0622,0.0622,0.0622,0.0622,0.00000000,1771847999999,0.00000000,0,0.00000000,0.00000000,0
2026-02-23 12:00:00,0.0622,0.0622,0.0622,0.0622,0.00000000,1771862399999,0.00000000,0,0.00000000,0.00000000,0
2026-02-23 16:00:00,0.0622,0.0622,0.0622,0.0622,0.00000000,1771876799999,0.00000000,0,0.00000000,0.00000000,0
2026-02-23 20:00:00,0.0622,0.0622,0.0622,0.0622,0.00000000,1771891199999,0.00000000,0,0.00000000,0.00000000,0
2026-02-24 00:00:00,0.0622,0.0622,0.0622,0.0622,0.00000000,1771905599999,0.00000000,0,0.00000000,0.00000000,0
2026-02-24 04:00:00,0.0622,0.0622,0.0622,0.0622,0.00000000,1771919999999,0.00000000,0,0.00000000,0.00000000,0
2026-02-24 08:00:00,0.0622,0.0622,0.0622,0.0622,0.00000000,1771934399999,0.00000000,0,0.00000000,0.00000000,0
2026-02-24 12:00:00,0.0622,0.0622,0.0622,0.0622,0.00000000,1771948799999,0.00000000,0,0.00000000,0.00000000,0
2026-02-24 16:00:00,0.0622,0.0622,0.0622,0.0622,0.00000000,1771963199999,0.00000000,0,0.00000000,0.00000000,0
2026-02-24 20:00:00,0.0622,0.0622,0.0622,0.0622,0.00000000,1771977599999,0.00000000,0,0.00000000,0.00000000,0
2026-02-25 00:00:00,0.0622,0.0622,0.0622,0.0622,0.00000000,1771991999999,0.00000000,0,0.00000000,0.00000000,0
2026-02-25 04:00:00,0.0622,0.0622,0.0622,0.0622,0.00000000,1772006399999,0.00000000,0,0.00000000,0.00000000,0
2026-02-25 08:00:00,0.0622,0.0622,0.0622,0.0622,0.00000000,1772020799999,0.00000000,0,0.00000000,0.00000000,0
2026-02-25 12:00:00,0.0622,0.0622,0.0622,0.0622,0.00000000,1772035199999,0.00000000,0,0.00000000,0.00000000,0
2026-02-25 16:00:00,0.0622,0.0622,0.0622,0.0622,0.00000000,1772049599999,0.00000000,0,0.00000000,0.00000000,0
2026-02-25 20:00:00,0.0622,0.0622,0.0622,0.0622,0.00000000,1772063999999,0.00000000,0,0.00000000,0.00000000,0
2026-02-26 00:00:00,0.0622,0.0622,0.0622,0.0622,0.00000000,1772078399999,0.00000000,0,0.00000000,0.00000000,0
2026-02-26 04:00:00,0.0622,0.0622,0.0622,0.0622,0.00000000,1772092799999,0.00000000,0,0.00000000,0.00000000,0
2026-02-26 08:00:00,0.0622,0.0622,0.0622,0.0622,0.00000000,1772107199999,0.00000000,0,0.00000000,0.00000000,0
2026-02-26 12:00:00,0.0622,0.0622,0.0622,0.0622,0.00000000,1772121599999,0.00000000,0,0.00000000,0.00000000,0
2026-02-26 16:00:00,0.0622,0.0622,0.0622,0.0622,0.00000000,1772135999999,0.00000000,0,0.00000000,0.00000000,0
2026-02-26 20:00:00,0.0622,0.0622,0.0622,0.0622,0.00000000,1772150399999,0.00000000,0,0.00000000,0.00000000,0
2026-02-27 00:00:00,0.0622,0.0622,0.0622,0.0622,0.00000000,1772164799999,0.00000000,0,0.00000000,0.00000000,0
2026-02-27 04:00:00,0.0622,0.0622,0.0622,0.0622,0.00000000,1772179199999,0.00000000,0,0.00000000,0.00000000,0
2026-02-27 08:00:00,0.0622,0.0622,0.0622,0.0622,0.00000000,1772193599999,0.00000000,0,0.00000000,0.00000000,0
2026-02-27 12:00:00,0.061,0.061,0.061,0.061,182.00000000,1772207999999,11.10200000,1,0.00000000,0.00000000,0
2026-02-27 16:00:00,0.061,0.061,0.061,0.061,0.00000000,1772222399999,0.00000000,0,0.00000000,0.00000000,0
2026-02-27 20:00:00,0.061,0.061,0.061,0.061,0.00000000,1772236799999,0.00000000,0,0.00000000,0.00000000,0
2026-02-28 00:00:00,0.061,0.061,0.061,0.061,0.00000000,1772251199999,0.00000000,0,0.00000000,0.00000000,0
2026-02-28 04:00:00,0.061,0.061,0.061,0.061,0.00000000,1772265599999,0.00000000,0,0.00000000,0.00000000,0
2026-02-28 08:00:00,0.061,0.061,0.061,0.061,0.00000000,1772279999999,0.00000000,0,0.00000000,0.00000000,0
2026-02-28 12:00:00,0.061,0.061,0.061,0.061,0.00000000,1772294399999,0.00000000,0,0.00000000,0.00000000,0
2026-02-28 16:00:00,0.061,0.061,0.061,0.061,0.00000000,1772308799999,0.00000000,0,0.00000000,0.00000000,0
2026-02-28 20:00:00,0.061,0.061,0.061,0.061,0.00000000,1772323199999,0.00000000,0,0.00000000,0.00000000,0
2026-03-01 00:00:00,0.061,0.061,0.061,0.061,0.00000000,1772337599999,0.00000000,0,0.00000000,0.00000000,0
2026-03-01 04:00:00,0.061,0.061,0.061,0.061,0.00000000,1772351999999,0.00000000,0,0.00000000,0.00000000,0
2026-03-01 08:00:00,0.061,0.061,0.061,0.061,0.00000000,1772366399999,0.00000000,0,0.00000000,0.00000000,0
2026-03-01 12:00:00,0.061,0.061,0.061,0.061,0.00000000,1772380799999,0.00000000,0,0.00000000,0.00000000,0
2026-03-01 16:00:00,0.061,0.061,0.061,0.061,0.00000000,1772395199999,0.00000000,0,0.00000000,0.00000000,0
2026-03-01 20:00:00,0.061,0.061,0.061,0.061,0.00000000,1772409599999,0.00000000,0,0.00000000,0.00000000,0
2026-03-02 00:00:00,0.061,0.061,0.061,0.061,0.00000000,1772423999999,0.00000000,0,0.00000000,0.00000000,0
2026-03-02 04:00:00,0.061,0.061,0.061,0.061,0.00000000,1772438399999,0.00000000,0,0.00000000,0.00000000,0
2026-03-02 08:00:00,0.061,0.061,0.061,0.061,0.00000000,1772452799999,0.00000000,0,0.00000000,0.00000000,0
2026-03-02 12:00:00,0.061,0.061,0.061,0.061,0.00000000,1772467199999,0.00000000,0,0.00000000,0.00000000,0
2026-03-02 16:00:00,0.061,0.061,0.061,0.061,0.00000000,1772481599999,0.00000000,0,0.00000000,0.00000000,0
2026-03-02 20:00:00,0.061,0.061,0.061,0.061,0.00000000,1772495999999,0.00000000,0,0.00000000,0.00000000,0
2026-03-03 00:00:00,0.061,0.061,0.061,0.061,0.00000000,1772510399999,0.00000000,0,0.00000000,0.00000000,0
2026-03-03 04:00:00,0.061,0.061,0.061,0.061,0.00000000,1772524799999,0.00000000,0,0.00000000,0.00000000,0
2026-03-03 08:00:00,0.061,0.061,0.061,0.061,0.00000000,1772539199999,0.00000000,0,0.00000000,0.00000000,0
2026-03-03 12:00:00,0.061,0.061,0.061,0.061,0.00000000,1772553599999,0.00000000,0,0.00000000,0.00000000,0
2026-03-03 16:00:00,0.061,0.061,0.061,0.061,0.00000000,1772567999999,0.00000000,0,0.00000000,0.00000000,0
2026-03-03 20:00:00,0.061,0.061,0.061,0.061,0.00000000,1772582399999,0.00000000,0,0.00000000,0.00000000,0
2026-03-04 00:00:00,0.061,0.061,0.061,0.061,0.00000000,1772596799999,0.00000000,0,0.00000000,0.00000000,0
2026-03-04 04:00:00,0.061,0.061,0.061,0.061,0.00000000,1772611199999,0.00000000,0,0.00000000,0.00000000,0
2026-03-04 08:00:00,0.061,0.061,0.061,0.061,0.00000000,1772625599999,0.00000000,0,0.00000000,0.00000000,0
2026-03-04 12:00:00,0.061,0.061,0.061,0.061,0.00000000,1772639999999,0.00000000,0,0.00000000,0.00000000,0
2026-03-04 16:00:00,0.061,0.061,0.061,0.061,0.00000000,1772654399999,0.00000000,0,0.00000000,0.00000000,0
2026-03-04 20:00:00,0.061,0.061,0.061,0.061,0.00000000,1772668799999,0.00000000,0,0.00000000,0.00000000,0
2026-03-05 00:00:00,0.061,0.061,0.061,0.061,0.00000000,1772683199999,0.00000000,0,0.00000000,0.00000000,0
2026-03-05 04:00:00,0.061,0.061,0.061,0.061,0.00000000,1772697599999,0.00000000,0,0.00000000,0.00000000,0
2026-03-05 08:00:00,0.061,0.061,0.061,0.061,0.00000000,1772711999999,0.00000000,0,0.00000000,0.00000000,0
2026-03-05 12:00:00,0.061,0.061,0.061,0.061,0.00000000,1772726399999,0.00000000,0,0.00000000,0.00000000,0
2026-03-05 16:00:00,0.061,0.061,0.061,0.061,0.00000000,1772740799999,0.00000000,0,0.00000000,0.00000000,0
2026-03-05 20:00:00,0.061,0.061,0.061,0.061,0.00000000,1772755199999,0.00000000,0,0.00000000,0.00000000,0
2026-03-06 00:00:00,0.061,0.061,0.061,0.061,0.00000000,1772769599999,0.00000000,0,0.00000000,0.00000000,0
2026-03-06 04:00:00,0.061,0.061,0.061,0.061,0.00000000,1772783999999,0.00000000,0,0.00000000,0.00000000,0
2026-03-06 08:00:00,0.061,0.061,0.061,0.061,0.00000000,1772798399999,0.00000000,0,0.00000000,0.00000000,0
2026-03-06 12:00:00,0.061,0.061,0.061,0.061,0.00000000,1772812799999,0.00000000,0,0.00000000,0.00000000,0
2026-03-06 16:00:00,0.061,0.061,0.061,0.061,0.00000000,1772827199999,0.00000000,0,0.00000000,0.00000000,0
2026-03-06 20:00:00,0.061,0.061,0.061,0.061,0.00000000,1772841599999,0.00000000,0,0.00000000,0.00000000,0
2026-03-07 00:00:00,0.061,0.061,0.061,0.061,0.00000000,1772855999999,0.00000000,0,0.00000000,0.00000000,0
2026-03-07 04:00:00,0.061,0.061,0.061,0.061,0.00000000,1772870399999,0.00000000,0,0.00000000,0.00000000,0
2026-03-07 08:00:00,0.061,0.061,0.061,0.061,0.00000000,1772884799999,0.00000000,0,0.00000000,0.00000000,0
2026-03-07 12:00:00,0.061,0.061,0.061,0.061,0.00000000,1772899199999,0.00000000,0,0.00000000,0.00000000,0
2026-03-07 16:00:00,0.061,0.061,0.061,0.061,0.00000000,1772913599999,0.00000000,0,0.00000000,0.00000000,0
2026-03-07 20:00:00,0.061,0.061,0.061,0.061,0.00000000,1772927999999,0.00000000,0,0.00000000,0.00000000,0
2026-03-08 00:00:00,0.061,0.061,0.061,0.061,0.00000000,1772942399999,0.00000000,0,0.00000000,0.00000000,0
2026-03-08 04:00:00,0.061,0.061,0.061,0.061,0.00000000,1772956799999,0.00000000,0,0.00000000,0.00000000,0
2026-03-08 08:00:00,0.061,0.061,0.061,0.061,0.00000000,1772971199999,0.00000000,0,0.00000000,0.00000000,0
2026-03-08 12:00:00,0.061,0.061,0.061,0.061,0.00000000,1772985599999,0.00000000,0,0.00000000,0.00000000,0
2026-03-08 16:00:00,0.061,0.061,0.061,0.061,0.00000000,1772999999999,0.00000000,0,0.00000000,0.00000000,0
2026-03-08 20:00:00,0.061,0.061,0.061,0.061,0.00000000,1773014399999,0.00000000,0,0.00000000,0.00000000,0
2026-03-09 00:00:00,0.061,0.061,0.061,0.061,0.00000000,1773028799999,0.00000000,0,0.00000000,0.00000000,0
2026-03-09 04:00:00,0.061,0.061,0.061,0.061,0.00000000,1773043199999,0.00000000,0,0.00000000,0.00000000,0
2026-03-09 08:00:00,0.061,0.061,0.061,0.061,0.00000000,1773057599999,0.00000000,0,0.00000000,0.00000000,0
2026-03-09 12:00:00,0.061,0.061,0.061,0.061,0.00000000,1773071999999,0.00000000,0,0.00000000,0.00000000,0
2026-03-09 16:00:00,0.061,0.061,0.061,0.061,0.00000000,1773086399999,0.00000000,0,0.00000000,0.00000000,0
2026-03-09 20:00:00,0.061,0.061,0.061,0.061,0.00000000,1773100799999,0.00000000,0,0.00000000,0.00000000,0
2026-03-10 00:00:00,0.061,0.061,0.061,0.061,0.00000000,1773115199999,0.00000000,0,0.00000000,0.00000000,0
2026-03-10 04:00:00,0.061,0.061,0.061,0.061,0.00000000,1773129599999,0.00000000,0,0.00000000,0.00000000,0
2026-03-10 08:00:00,0.061,0.061,0.061,0.061,0.00000000,1773143999999,0.00000000,0,0.00000000,0.00000000,0
2026-03-10 12:00:00,0.061,0.061,0.061,0.061,0.00000000,1773158399999,0.00000000,0,0.00000000,0.00000000,0
2026-03-10 16:00:00,0.061,0.061,0.061,0.061,0.00000000,1773172799999,0.00000000,0,0.00000000,0.00000000,0
2026-03-10 20:00:00,0.061,0.061,0.061,0.061,0.00000000,1773187199999,0.00000000,0,0.00000000,0.00000000,0
2026-03-11 00:00:00,0.061,0.061,0.061,0.061,0.00000000,1773201599999,0.00000000,0,0.00000000,0.00000000,0
2026-03-11 04:00:00,0.061,0.061,0.061,0.061,0.00000000,1773215999999,0.00000000,0,0.00000000,0.00000000,0
2026-03-11 08:00:00,0.061,0.061,0.061,0.061,0.00000000,1773230399999,0.00000000,0,0.00000000,0.00000000,0
2026-03-11 12:00:00,0.061,0.061,0.061,0.061,0.00000000,1773244799999,0.00000000,0,0.00000000,0.00000000,0
2026-03-11 16:00:00,0.061,0.061,0.061,0.061,0.00000000,1773259199999,0.00000000,0,0.00000000,0.00000000,0
2026-03-11 20:00:00,0.061,0.061,0.061,0.061,0.00000000,1773273599999,0.00000000,0,0.00000000,0.00000000,0
2026-03-12 00:00:00,0.061,0.061,0.061,0.061,0.00000000,1773287999999,0.00000000,0,0.00000000,0.00000000,0
2026-03-12 04:00:00,0.061,0.061,0.061,0.061,0.00000000,1773302399999,0.00000000,0,0.00000000,0.00000000,0
2026-03-12 08:00:00,0.061,0.061,0.061,0.061,0.00000000,1773316799999,0.00000000,0,0.00000000,0.00000000,0
2026-03-12 12:00:00,0.061,0.061,0.061,0.061,0.00000000,1773331199999,0.00000000,0,0.00000000,0.00000000,0
2026-03-12 16:00:00,0.061,0.061,0.061,0.061,0.00000000,1773345599999,0.00000000,0,0.00000000,0.00000000,0
2026-03-12 20:00:00,0.061,0.061,0.061,0.061,0.00000000,1773359999999,0.00000000,0,0.00000000,0.00000000,0
2026-03-13 00:00:00,0.061,0.061,0.061,0.061,0.00000000,1773374399999,0.00000000,0,0.00000000,0.00000000,0
2026-03-13 04:00:00,0.061,0.061,0.061,0.061,0.00000000,1773388799999,0.00000000,0,0.00000000,0.00000000,0
2026-03-13 08:00:00,0.061,0.061,0.061,0.061,0.00000000,1773403199999,0.00000000,0,0.00000000,0.00000000,0
2026-03-13 12:00:00,0.061,0.061,0.061,0.061,0.00000000,1773417599999,0.00000000,0,0.00000000,0.00000000,0
2026-03-13 16:00:00,0.061,0.061,0.061,0.061,0.00000000,1773431999999,0.00000000,0,0.00000000,0.00000000,0
2026-03-13 20:00:00,0.061,0.061,0.061,0.061,0.00000000,1773446399999,0.00000000,0,0.00000000,0.00000000,0
2026-03-14 00:00:00,0.061,0.061,0.061,0.061,0.00000000,1773460799999,0.00000000,0,0.00000000,0.00000000,0
2026-03-14 04:00:00,0.061,0.061,0.061,0.061,0.00000000,1773475199999,0.00000000,0,0.00000000,0.00000000,0
2026-03-14 08:00:00,0.061,0.061,0.061,0.061,0.00000000,1773489599999,0.00000000,0,0.00000000,0.00000000,0
2026-03-14 12:00:00,0.061,0.061,0.061,0.061,0.00000000,1773503999999,0.00000000,0,0.00000000,0.00000000,0
2026-03-14 16:00:00,0.061,0.061,0.061,0.061,0.00000000,1773518399999,0.00000000,0,0.00000000,0.00000000,0
2026-03-14 20:00:00,0.061,0.061,0.061,0.061,0.00000000,1773532799999,0.00000000,0,0.00000000,0.00000000,0
2026-03-15 00:00:00,0.061,0.061,0.061,0.061,0.00000000,1773547199999,0.00000000,0,0.00000000,0.00000000,0
2026-03-15 04:00:00,0.061,0.061,0.061,0.061,0.00000000,1773561599999,0.00000000,0,0.00000000,0.00000000,0
2026-03-15 08:00:00,0.061,0.061,0.061,0.061,0.00000000,1773575999999,0.00000000,0,0.00000000,0.00000000,0
2026-03-15 12:00:00,0.061,0.061,0.061,0.061,0.00000000,1773590399999,0.00000000,0,0.00000000,0.00000000,0
2026-03-15 16:00:00,0.061,0.061,0.061,0.061,0.00000000,1773604799999,0.00000000,0,0.00000000,0.00000000,0
2026-03-15 20:00:00,0.061,0.061,0.061,0.061,0.00000000,1773619199999,0.00000000,0,0.00000000,0.00000000,0
2026-03-16 00:00:00,0.061,0.061,0.061,0.061,0.00000000,1773633599999,0.00000000,0,0.00000000,0.00000000,0
2026-03-16 04:00:00,0.061,0.061,0.061,0.061,0.00000000,1773647999999,0.00000000,0,0.00000000,0.00000000,0
2026-03-16 08:00:00,0.061,0.061,0.061,0.061,0.00000000,1773662399999,0.00000000,0,0.00000000,0.00000000,0
2026-03-16 12:00:00,0.061,0.061,0.061,0.061,0.00000000,1773676799999,0.00000000,0,0.00000000,0.00000000,0
2026-03-16 16:00:00,0.061,0.061,0.061,0.061,0.00000000,1773691199999,0.00000000,0,0.00000000,0.00000000,0
2026-03-16 20:00:00,0.061,0.061,0.061,0.061,0.00000000,1773705599999,0.00000000,0,0.00000000,0.00000000,0
2026-03-17 00:00:00,0.061,0.061,0.061,0.061,0.00000000,1773719999999,0.00000000,0,0.00000000,0.00000000,0
2026-03-17 04:00:00,0.061,0.061,0.061,0.061,0.00000000,1773734399999,0.00000000,0,0.00000000,0.00000000,0
2026-03-17 08:00:00,0.061,0.061,0.061,0.061,0.00000000,1773748799999,0.00000000,0,0.00000000,0.00000000,0
2026-03-17 12:00:00,0.061,0.061,0.061,0.061,0.00000000,1773763199999,0.00000000,0,0.00000000,0.00000000,0
2026-03-17 16:00:00,0.061,0.061,0.061,0.061,0.00000000,1773777599999,0.00000000,0,0.00000000,0.00000000,0
2026-03-17 20:00:00,0.061,0.061,0.061,0.061,0.00000000,1773791999999,0.00000000,0,0.00000000,0.00000000,0
2026-03-18 00:00:00,0.061,0.061,0.061,0.061,0.00000000,1773806399999,0.00000000,0,0.00000000,0.00000000,0
2026-03-18 04:00:00,0.061,0.061,0.061,0.061,0.00000000,1773820799999,0.00000000,0,0.00000000,0.00000000,0
2026-03-18 08:00:00,0.061,0.061,0.061,0.061,0.00000000,1773835199999,0.00000000,0,0.00000000,0.00000000,0
2026-03-18 12:00:00,0.061,0.061,0.061,0.061,0.00000000,1773849599999,0.00000000,0,0.00000000,0.00000000,0
2026-03-18 16:00:00,0.061,0.061,0.061,0.061,0.00000000,1773863999999,0.00000000,0,0.00000000,0.00000000,0
2026-03-18 20:00:00,0.061,0.061,0.061,0.061,0.00000000,1773878399999,0.00000000,0,0.00000000,0.00000000,0
2026-03-19 00:00:00,0.1013,0.1013,0.1013,0.1013,59.00000000,1773892799999,5.97670000,1,59.00000000,5.97670000,0
2026-03-19 04:00:00,0.1013,0.1013,0.1013,0.1013,0.00000000,1773907199999,0.00000000,0,0.00000000,0.00000000,0
2026-03-19 08:00:00,0.1013,0.1013,0.1013,0.1013,0.00000000,1773921599999,0.00000000,0,0.00000000,0.00000000,0
2026-03-19 12:00:00,0.1013,0.1013,0.1013,0.1013,0.00000000,1773935999999,0.00000000,0,0.00000000,0.00000000,0
2026-03-19 16:00:00,0.1013,0.1013,0.1013,0.1013,0.00000000,1773950399999,0.00000000,0,0.00000000,0.00000000,0
2026-03-19 20:00:00,0.1013,0.1013,0.1013,0.1013,0.00000000,1773964799999,0.00000000,0,0.00000000,0.00000000,0
2026-03-20 00:00:00,0.1013,0.1013,0.1013,0.1013,0.00000000,1773979199999,0.00000000,0,0.00000000,0.00000000,0
2026-03-20 04:00:00,0.1013,0.1013,0.1013,0.1013,0.00000000,1773993599999,0.00000000,0,0.00000000,0.00000000,0
2026-03-20 08:00:00,0.1013,0.1013,0.1013,0.1013,0.00000000,1774007999999,0.00000000,0,0.00000000,0.00000000,0
2026-03-20 12:00:00,0.1013,0.1013,0.1013,0.1013,0.00000000,1774022399999,0.00000000,0,0.00000000,0.00000000,0
2026-03-20 16:00:00,0.1013,0.1013,0.1013,0.1013,0.00000000,1774036799999,0.00000000,0,0.00000000,0.00000000,0
2026-03-20 20:00:00,0.1013,0.1013,0.1013,0.1013,0.00000000,1774051199999,0.00000000,0,0.00000000,0.00000000,0
2026-03-21 00:00:00,0.1013,0.1013,0.1013,0.1013,0.00000000,1774065599999,0.00000000,0,0.00000000,0.00000000,0
2026-03-21 04:00:00,0.1013,0.1013,0.1013,0.1013,0.00000000,1774079999999,0.00000000,0,0.00000000,0.00000000,0
2026-03-21 08:00:00,0.1013,0.1013,0.1013,0.1013,0.00000000,1774094399999,0.00000000,0,0.00000000,0.00000000,0
2026-03-21 12:00:00,0.1013,0.1013,0.1013,0.1013,0.00000000,1774108799999,0.00000000,0,0.00000000,0.00000000,0
2026-03-21 16:00:00,0.1013,0.1013,0.1013,0.1013,0.00000000,1774123199999,0.00000000,0,0.00000000,0.00000000,0
2026-03-21 20:00:00,0.1013,0.1013,0.1013,0.1013,0.00000000,1774137599999,0.00000000,0,0.00000000,0.00000000,0
2026-03-22 00:00:00,0.1013,0.1013,0.1013,0.1013,0.00000000,1774151999999,0.00000000,0,0.00000000,0.00000000,0
2026-03-22 04:00:00,0.1013,0.1013,0.1013,0.1013,0.00000000,1774166399999,0.00000000,0,0.00000000,0.00000000,0
2026-03-22 08:00:00,0.1013,0.1013,0.1013,0.1013,0.00000000,1774180799999,0.00000000,0,0.00000000,0.00000000,0
2026-03-22 12:00:00,0.1013,0.1013,0.1013,0.1013,0.00000000,1774195199999,0.00000000,0,0.00000000,0.00000000,0
2026-03-22 16:00:00,0.1013,0.1013,0.1013,0.1013,0.00000000,1774209599999,0.00000000,0,0.00000000,0.00000000,0
2026-03-22 20:00:00,0.1013,0.1013,0.1013,0.1013,0.00000000,1774223999999,0.00000000,0,0.00000000,0.00000000,0
2026-03-23 00:00:00,0.1013,0.1013,0.1013,0.1013,0.00000000,1774238399999,0.00000000,0,0.00000000,0.00000000,0
2026-03-23 04:00:00,0.1013,0.1013,0.1013,0.1013,0.00000000,1774252799999,0.00000000,0,0.00000000,0.00000000,0
2026-03-23 08:00:00,0.1013,0.1013,0.1013,0.1013,0.00000000,1774267199999,0.00000000,0,0.00000000,0.00000000,0
2026-03-23 12:00:00,0.1013,0.1013,0.1013,0.1013,0.00000000,1774281599999,0.00000000,0,0.00000000,0.00000000,0
2026-03-23 16:00:00,0.1013,0.1013,0.1013,0.1013,0.00000000,1774295999999,0.00000000,0,0.00000000,0.00000000,0
2026-03-23 20:00:00,0.1013,0.1013,0.1013,0.1013,0.00000000,1774310399999,0.00000000,0,0.00000000,0.00000000,0
2026-03-24 00:00:00,0.1013,0.1013,0.1013,0.1013,0.00000000,1774324799999,0.00000000,0,0.00000000,0.00000000,0
2026-03-24 04:00:00,0.1013,0.1013,0.1013,0.1013,0.00000000,1774339199999,0.00000000,0,0.00000000,0.00000000,0
2026-03-24 08:00:00,0.1013,0.1013,0.1013,0.1013,0.00000000,1774353599999,0.00000000,0,0.00000000,0.00000000,0
2026-03-24 12:00:00,0.1013,0.1013,0.1013,0.1013,0.00000000,1774367999999,0.00000000,0,0.00000000,0.00000000,0
2026-03-24 16:00:00,0.1013,0.1013,0.1013,0.1013,0.00000000,1774382399999,0.00000000,0,0.00000000,0.00000000,0
2026-03-24 20:00:00,0.1013,0.1013,0.1013,0.1013,0.00000000,1774396799999,0.00000000,0,0.00000000,0.00000000,0
2026-03-25 00:00:00,0.1013,0.1013,0.1013,0.1013,0.00000000,1774411199999,0.00000000,0,0.00000000,0.00000000,0
2026-03-25 04:00:00,0.1013,0.1013,0.1013,0.1013,0.00000000,1774425599999,0.00000000,0,0.00000000,0.00000000,0
2026-03-25 08:00:00,0.1013,0.1013,0.1013,0.1013,0.00000000,1774439999999,0.00000000,0,0.00000000,0.00000000,0
2026-03-25 12:00:00,0.1013,0.1013,0.1013,0.1013,0.00000000,1774454399999,0.00000000,0,0.00000000,0.00000000,0
2026-03-25 16:00:00,0.1013,0.1013,0.1013,0.1013,0.00000000,1774468799999,0.00000000,0,0.00000000,0.00000000,0
2026-03-25 20:00:00,0.1013,0.1013,0.1013,0.1013,0.00000000,1774483199999,0.00000000,0,0.00000000,0.00000000,0
2026-03-26 00:00:00,0.1013,0.1013,0.1013,0.1013,0.00000000,1774497599999,0.00000000,0,0.00000000,0.00000000,0
2026-03-26 04:00:00,0.1013,0.1013,0.1013,0.1013,0.00000000,1774511999999,0.00000000,0,0.00000000,0.00000000,0
2026-03-26 08:00:00,0.1013,0.1013,0.1013,0.1013,0.00000000,1774526399999,0.00000000,0,0.00000000,0.00000000,0
2026-03-26 12:00:00,0.1013,0.1013,0.1013,0.1013,0.00000000,1774540799999,0.00000000,0,0.00000000,0.00000000,0
2026-03-26 16:00:00,0.1007,0.1007,0.1007,0.1007,304.00000000,1774555199999,30.61280000,1,0.00000000,0.00000000,0
2026-03-26 20:00:00,0.1007,0.1007,0.1007,0.1007,0.00000000,1774569599999,0.00000000,0,0.00000000,0.00000000,0
2026-03-27 00:00:00,0.1007,0.1007,0.1007,0.1007,0.00000000,1774583999999,0.00000000,0,0.00000000,0.00000000,0
2026-03-27 04:00:00,0.1007,0.1007,0.1007,0.1007,0.00000000,1774598399999,0.00000000,0,0.00000000,0.00000000,0
2026-03-27 08:00:00,0.1007,0.1007,0.1007,0.1007,0.00000000,1774612799999,0.00000000,0,0.00000000,0.00000000,0
2026-03-27 12:00:00,0.1007,0.1007,0.1007,0.1007,0.00000000,1774627199999,0.00000000,0,0.00000000,0.00000000,0
2026-03-27 16:00:00,0.1007,0.1007,0.1007,0.1007,0.00000000,1774641599999,0.00000000,0,0.00000000,0.00000000,0
2026-03-27 20:00:00,0.1007,0.1007,0.1007,0.1007,0.00000000,1774655999999,0.00000000,0,0.00000000,0.00000000,0
2026-03-28 00:00:00,0.1007,0.1007,0.1007,0.1007,0.00000000,1774670399999,0.00000000,0,0.00000000,0.00000000,0
2026-03-28 04:00:00,0.1007,0.1007,0.1007,0.1007,0.00000000,1774684799999,0.00000000,0,0.00000000,0.00000000,0
2026-03-28 08:00:00,0.1007,0.1007,0.1007,0.1007,0.00000000,1774699199999,0.00000000,0,0.00000000,0.00000000,0
2026-03-28 12:00:00,0.1007,0.1007,0.1007,0.1007,0.00000000,1774713599999,0.00000000,0,0.00000000,0.00000000,0
2026-03-28 16:00:00,0.1007,0.1007,0.1007,0.1007,0.00000000,1774727999999,0.00000000,0,0.00000000,0.00000000,0
2026-03-28 20:00:00,0.1007,0.1007,0.1007,0.1007,0.00000000,1774742399999,0.00000000,0,0.00000000,0.00000000,0
2026-03-29 00:00:00,0.1007,0.1007,0.1007,0.1007,0.00000000,1774756799999,0.00000000,0,0.00000000,0.00000000,0
2026-03-29 04:00:00,0.1007,0.1007,0.1007,0.1007,0.00000000,1774771199999,0.00000000,0,0.00000000,0.00000000,0
2026-03-29 08:00:00,0.1007,0.1007,0.1007,0.1007,0.00000000,1774785599999,0.00000000,0,0.00000000,0.00000000,0
2026-03-29 12:00:00,0.1007,0.1007,0.1007,0.1007,0.00000000,1774799999999,0.00000000,0,0.00000000,0.00000000,0
2026-03-29 16:00:00,0.1007,0.1007,0.1007,0.1007,0.00000000,1774814399999,0.00000000,0,0.00000000,0.00000000,0
2026-03-29 20:00:00,0.1007,0.1007,0.1007,0.1007,0.00000000,1774828799999,0.00000000,0,0.00000000,0.00000000,0
2026-03-30 00:00:00,0.1007,0.1007,0.1007,0.1007,0.00000000,1774843199999,0.00000000,0,0.00000000,0.00000000,0
2026-03-30 04:00:00,0.1007,0.1007,0.1007,0.1007,0.00000000,1774857599999,0.00000000,0,0.00000000,0.00000000,0
2026-03-30 08:00:00,0.1007,0.1007,0.1007,0.1007,0.00000000,1774871999999,0.00000000,0,0.00000000,0.00000000,0
2026-03-30 12:00:00,0.1007,0.1007,0.1007,0.1007,0.00000000,1774886399999,0.00000000,0,0.00000000,0.00000000,0
2026-03-30 16:00:00,0.1007,0.1007,0.1007,0.1007,0.00000000,1774900799999,0.00000000,0,0.00000000,0.00000000,0
2026-03-30 20:00:00,0.1007,0.1007,0.1007,0.1007,0.00000000,1774915199999,0.00000000,0,0.00000000,0.00000000,0
2026-03-31 00:00:00,0.1007,0.1007,0.1007,0.1007,0.00000000,1774929599999,0.00000000,0,0.00000000,0.00000000,0
2026-03-31 04:00:00,0.1007,0.1007,0.1007,0.1007,0.00000000,1774943999999,0.00000000,0,0.00000000,0.00000000,0
2026-03-31 08:00:00,0.1007,0.1007,0.1007,0.1007,0.00000000,1774958399999,0.00000000,0,0.00000000,0.00000000,0
2026-03-31 12:00:00,0.1007,0.1007,0.1007,0.1007,0.00000000,1774972799999,0.00000000,0,0.00000000,0.00000000,0
2026-03-31 16:00:00,0.1007,0.1007,0.1007,0.1007,0.00000000,1774987199999,0.00000000,0,0.00000000,0.00000000,0
2026-03-31 20:00:00,0.1007,0.1007,0.1007,0.1007,0.00000000,1775001599999,0.00000000,0,0.00000000,0.00000000,0
2026-04-01 00:00:00,0.1007,0.1007,0.1007,0.1007,0.00000000,1775015999999,0.00000000,0,0.00000000,0.00000000,0
2026-04-01 04:00:00,0.1007,0.1007,0.1007,0.1007,0.00000000,1775030399999,0.00000000,0,0.00000000,0.00000000,0
2026-04-01 08:00:00,0.1007,0.1007,0.1007,0.1007,0.00000000,1775044799999,0.00000000,0,0.00000000,0.00000000,0
2026-04-01 12:00:00,0.1007,0.1007,0.1007,0.1007,0.00000000,1775059199999,0.00000000,0,0.00000000,0.00000000,0
2026-04-01 16:00:00,0.1007,0.1007,0.1007,0.1007,0.00000000,1775073599999,0.00000000,0,0.00000000,0.00000000,0
2026-04-01 20:00:00,0.1007,0.1007,0.1007,0.1007,0.00000000,1775087999999,0.00000000,0,0.00000000,0.00000000,0
2026-04-02 00:00:00,0.1007,0.1007,0.1007,0.1007,0.00000000,1775102399999,0.00000000,0,0.00000000,0.00000000,0
2026-04-02 04:00:00,0.1007,0.1007,0.1007,0.1007,0.00000000,1775116799999,0.00000000,0,0.00000000,0.00000000,0
2026-04-02 08:00:00,0.1007,0.1007,0.1007,0.1007,0.00000000,1775131199999,0.00000000,0,0.00000000,0.00000000,0
2026-04-02 12:00:00,0.1007,0.1007,0.1007,0.1007,0.00000000,1775145599999,0.00000000,0,0.00000000,0.00000000,0
2026-04-02 16:00:00,0.1007,0.1007,0.1007,0.1007,0.00000000,1775159999999,0.00000000,0,0.00000000,0.00000000,0
2026-04-02 20:00:00,0.1007,0.1007,0.1007,0.1007,0.00000000,1775174399999,0.00000000,0,0.00000000,0.00000000,0
2026-04-03 00:00:00,0.1007,0.1007,0.1007,0.1007,0.00000000,1775188799999,0.00000000,0,0.00000000,0.00000000,0
2026-04-03 04:00:00,0.1007,0.1007,0.1007,0.1007,0.00000000,1775203199999,0.00000000,0,0.00000000,0.00000000,0
2026-04-03 08:00:00,0.1007,0.1007,0.1007,0.1007,0.00000000,1775217599999,0.00000000,0,0.00000000,0.00000000,0
2026-04-03 12:00:00,0.1007,0.1007,0.1007,0.1007,0.00000000,1775231999999,0.00000000,0,0.00000000,0.00000000,0
2026-04-03 16:00:00,0.1007,0.1007,0.1007,0.1007,0.00000000,1775246399999,0.00000000,0,0.00000000,0.00000000,0
2026-04-03 20:00:00,0.1007,0.1007,0.1007,0.1007,0.00000000,1775260799999,0.00000000,0,0.00000000,0.00000000,0
2026-04-04 00:00:00,0.1007,0.1007,0.1007,0.1007,0.00000000,1775275199999,0.00000000,0,0.00000000,0.00000000,0
2026-04-04 04:00:00,0.1007,0.1007,0.1007,0.1007,0.00000000,1775289599999,0.00000000,0,0.00000000,0.00000000,0
2026-04-04 08:00:00,0.0805,0.0805,0.0805,0.0805,37.00000000,1775303999999,2.97850000,1,37.00000000,2.97850000,0
2026-04-04 12:00:00,0.0805,0.0805,0.0805,0.0805,0.00000000,1775318399999,0.00000000,0,0.00000000,0.00000000,0
2026-04-04 16:00:00,0.0805,0.0805,0.0805,0.0805,0.00000000,1775332799999,0.00000000,0,0.00000000,0.00000000,0
2026-04-04 20:00:00,0.0805,0.0805,0.0805,0.0805,0.00000000,1775347199999,0.00000000,0,0.00000000,0.00000000,0
2026-04-05 00:00:00,0.0805,0.0805,0.0805,0.0805,0.00000000,1775361599999,0.00000000,0,0.00000000,0.00000000,0
2026-04-05 04:00:00,0.0805,0.0805,0.0805,0.0805,0.00000000,1775375999999,0.00000000,0,0.00000000,0.00000000,0
2026-04-05 08:00:00,0.0805,0.0805,0.0805,0.0805,0.00000000,1775390399999,0.00000000,0,0.00000000,0.00000000,0
2026-04-05 12:00:00,0.0805,0.0805,0.0805,0.0805,0.00000000,1775404799999,0.00000000,0,0.00000000,0.00000000,0
2026-04-05 16:00:00,0.0805,0.0805,0.0805,0.0805,0.00000000,1775419199999,0.00000000,0,0.00000000,0.00000000,0
2026-04-05 20:00:00,0.0805,0.0805,0.0805,0.0805,0.00000000,1775433599999,0.00000000,0,0.00000000,0.00000000,0
2026-04-06 00:00:00,0.0805,0.0805,0.0805,0.0805,0.00000000,1775447999999,0.00000000,0,0.00000000,0.00000000,0
2026-04-06 04:00:00,0.0805,0.0805,0.0805,0.0805,0.00000000,1775462399999,0.00000000,0,0.00000000,0.00000000,0
2026-04-06 08:00:00,0.0805,0.0805,0.0805,0.0805,0.00000000,1775476799999,0.00000000,0,0.00000000,0.00000000,0
2026-04-06 12:00:00,0.0805,0.0805,0.0805,0.0805,0.00000000,1775491199999,0.00000000,0,0.00000000,0.00000000,0
2026-04-06 16:00:00,0.0805,0.0805,0.0805,0.0805,0.00000000,1775505599999,0.00000000,0,0.00000000,0.00000000,0
2026-04-06 20:00:00,0.0805,0.0805,0.0805,0.0805,0.00000000,1775519999999,0.00000000,0,0.00000000,0.00000000,0
2026-04-07 00:00:00,0.0805,0.0805,0.0805,0.0805,0.00000000,1775534399999,0.00000000,0,0.00000000,0.00000000,0
2026-04-07 04:00:00,0.0805,0.0805,0.0805,0.0805,0.00000000,1775548799999,0.00000000,0,0.00000000,0.00000000,0
2026-04-07 08:00:00,0.0805,0.0805,0.0805,0.0805,0.00000000,1775563199999,0.00000000,0,0.00000000,0.00000000,0
2026-04-07 12:00:00,0.0805,0.0805,0.0805,0.0805,0.00000000,1775577599999,0.00000000,0,0.00000000,0.00000000,0
2026-04-07 16:00:00,0.0805,0.0805,0.0805,0.0805,0.00000000,1775591999999,0.00000000,0,0.00000000,0.00000000,0
2026-04-07 20:00:00,0.0805,0.0805,0.0805,0.0805,0.00000000,1775606399999,0.00000000,0,0.00000000,0.00000000,0
2026-04-08 00:00:00,0.0805,0.0805,0.0805,0.0805,0.00000000,1775620799999,0.00000000,0,0.00000000,0.00000000,0
2026-04-08 04:00:00,0.0805,0.0805,0.0805,0.0805,0.00000000,1775635199999,0.00000000,0,0.00000000,0.00000000,0
2026-04-08 08:00:00,0.0805,0.0805,0.0805,0.0805,0.00000000,1775649599999,0.00000000,0,0.00000000,0.00000000,0
2026-04-08 12:00:00,0.0805,0.0805,0.0805,0.0805,0.00000000,1775663999999,0.00000000,0,0.00000000,0.00000000,0
2026-04-08 16:00:00,0.0805,0.0805,0.0805,0.0805,0.00000000,1775678399999,0.00000000,0,0.00000000,0.00000000,0
2026-04-08 20:00:00,0.0805,0.0805,0.0805,0.0805,0.00000000,1775692799999,0.00000000,0,0.00000000,0.00000000,0
2026-04-09 00:00:00,0.0805,0.0805,0.0805,0.0805,0.00000000,1775707199999,0.00000000,0,0.00000000,0.00000000,0
2026-04-09 04:00:00,0.0805,0.0805,0.0805,0.0805,0.00000000,1775721599999,0.00000000,0,0.00000000,0.00000000,0
2026-04-09 08:00:00,0.0805,0.0805,0.0805,0.0805,0.00000000,1775735999999,0.00000000,0,0.00000000,0.00000000,0
2026-04-09 12:00:00,0.0805,0.0805,0.0805,0.0805,0.00000000,1775750399999,0.00000000,0,0.00000000,0.00000000,0
2026-04-09 16:00:00,0.0805,0.0805,0.0805,0.0805,0.00000000,1775764799999,0.00000000,0,0.00000000,0.00000000,0
2026-04-09 20:00:00,0.0805,0.0805,0.0805,0.0805,0.00000000,1775779199999,0.00000000,0,0.00000000,0.00000000,0
2026-04-10 00:00:00,0.0805,0.0805,0.0805,0.0805,0.00000000,1775793599999,0.00000000,0,0.00000000,0.00000000,0
2026-04-10 04:00:00,0.0805,0.0805,0.0805,0.0805,0.00000000,1775807999999,0.00000000,0,0.00000000,0.00000000,0
2026-04-10 08:00:00,0.0805,0.0805,0.0805,0.0805,0.00000000,1775822399999,0.00000000,0,0.00000000,0.00000000,0
2026-04-10 12:00:00,0.0805,0.0805,0.0805,0.0805,0.00000000,1775836799999,0.00000000,0,0.00000000,0.00000000,0
2026-04-10 16:00:00,0.0805,0.0805,0.0805,0.0805,0.00000000,1775851199999,0.00000000,0,0.00000000,0.00000000,0
2026-04-10 20:00:00,0.0805,0.0805,0.0805,0.0805,0.00000000,1775865599999,0.00000000,0,0.00000000,0.00000000,0
2026-04-11 00:00:00,0.0805,0.0805,0.0805,0.0805,0.00000000,1775879999999,0.00000000,0,0.00000000,0.00000000,0
2026-04-11 04:00:00,0.0805,0.0805,0.0805,0.0805,0.00000000,1775894399999,0.00000000,0,0.00000000,0.00000000,0
2026-04-11 08:00:00,0.0805,0.0805,0.0805,0.0805,0.00000000,1775908799999,0.00000000,0,0.00000000,0.00000000,0
2026-04-11 12:00:00,0.0805,0.0805,0.0805,0.0805,0.00000000,1775923199999,0.00000000,0,0.00000000,0.00000000,0
2026-04-11 16:00:00,0.0805,0.0805,0.0805,0.0805,0.00000000,1775937599999,0.00000000,0,0.00000000,0.00000000,0
2026-04-11 20:00:00,0.0805,0.0805,0.0805,0.0805,0.00000000,1775951999999,0.00000000,0,0.00000000,0.00000000,0
2026-04-12 00:00:00,0.0805,0.0805,0.0805,0.0805,0.00000000,1775966399999,0.00000000,0,0.00000000,0.00000000,0
2026-04-12 04:00:00,0.0805,0.0805,0.0805,0.0805,0.00000000,1775980799999,0.00000000,0,0.00000000,0.00000000,0
2026-04-12 08:00:00,0.0805,0.0805,0.0805,0.0805,0.00000000,1775995199999,0.00000000,0,0.00000000,0.00000000,0
2026-04-12 12:00:00,0.0805,0.0805,0.0805,0.0805,0.00000000,1776009599999,0.00000000,0,0.00000000,0.00000000,0
2026-04-12 16:00:00,0.0805,0.0805,0.0805,0.0805,0.00000000,1776023999999,0.00000000,0,0.00000000,0.00000000,0
2026-04-12 20:00:00,0.0805,0.0805,0.0805,0.0805,0.00000000,1776038399999,0.00000000,0,0.00000000,0.00000000,0
2026-04-13 00:00:00,0.0805,0.0805,0.0805,0.0805,0.00000000,1776052799999,0.00000000,0,0.00000000,0.00000000,0
2026-04-13 04:00:00,0.0805,0.0805,0.0805,0.0805,0.00000000,1776067199999,0.00000000,0,0.00000000,0.00000000,0
2026-04-13 08:00:00,0.0805,0.0805,0.0805,0.0805,0.00000000,1776081599999,0.00000000,0,0.00000000,0.00000000,0
2026-04-13 12:00:00,0.0805,0.0805,0.0805,0.0805,0.00000000,1776095999999,0.00000000,0,0.00000000,0.00000000,0
2026-04-13 16:00:00,0.0805,0.0805,0.0805,0.0805,0.00000000,1776110399999,0.00000000,0,0.00000000,0.00000000,0
2026-04-13 20:00:00,0.0805,0.0805,0.0805,0.0805,0.00000000,1776124799999,0.00000000,0,0.00000000,0.00000000,0
2026-04-14 00:00:00,0.0805,0.0805,0.0805,0.0805,0.00000000,1776139199999,0.00000000,0,0.00000000,0.00000000,0
2026-04-14 04:00:00,0.0805,0.0805,0.0805,0.0805,0.00000000,1776153599999,0.00000000,0,0.00000000,0.00000000,0
2026-04-14 08:00:00,0.0805,0.0805,0.0805,0.0805,0.00000000,1776167999999,0.00000000,0,0.00000000,0.00000000,0
2026-04-14 12:00:00,0.0805,0.0805,0.0805,0.0805,0.00000000,1776182399999,0.00000000,0,0.00000000,0.00000000,0
2026-04-14 16:00:00,0.0805,0.0805,0.0805,0.0805,0.00000000,1776196799999,0.00000000,0,0.00000000,0.00000000,0
2026-04-14 20:00:00,0.0805,0.0805,0.0805,0.0805,0.00000000,1776211199999,0.00000000,0,0.00000000,0.00000000,0
2026-04-15 00:00:00,0.0805,0.0805,0.0805,0.0805,0.00000000,1776225599999,0.00000000,0,0.00000000,0.00000000,0
2026-04-15 04:00:00,0.0805,0.0805,0.0805,0.0805,0.00000000,1776239999999,0.00000000,0,0.00000000,0.00000000,0
2026-04-15 08:00:00,0.0805,0.0805,0.0805,0.0805,0.00000000,1776254399999,0.00000000,0,0.00000000,0.00000000,0
2026-04-15 12:00:00,0.0805,0.0805,0.0805,0.0805,0.00000000,1776268799999,0.00000000,0,0.00000000,0.00000000,0
2026-04-15 16:00:00,0.0805,0.0805,0.0805,0.0805,0.00000000,1776283199999,0.00000000,0,0.00000000,0.00000000,0
2026-04-15 20:00:00,0.0805,0.0805,0.0805,0.0805,0.00000000,1776297599999,0.00000000,0,0.00000000,0.00000000,0
2026-04-16 00:00:00,0.0805,0.0805,0.0805,0.0805,0.00000000,1776311999999,0.00000000,0,0.00000000,0.00000000,0
2026-04-16 04:00:00,0.0805,0.0805,0.0805,0.0805,0.00000000,1776326399999,0.00000000,0,0.00000000,0.00000000,0
2026-04-16 08:00:00,0.0805,0.0805,0.0805,0.0805,0.00000000,1776340799999,0.00000000,0,0.00000000,0.00000000,0
2026-04-16 12:00:00,0.0805,0.0805,0.0805,0.0805,0.00000000,1776355199999,0.00000000,0,0.00000000,0.00000000,0
2026-04-16 16:00:00,0.0805,0.0805,0.0805,0.0805,0.00000000,1776369599999,0.00000000,0,0.00000000,0.00000000,0
2026-04-16 20:00:00,0.0805,0.0805,0.0805,0.0805,0.00000000,1776383999999,0.00000000,0,0.00000000,0.00000000,0
2026-04-17 00:00:00,0.0712,0.0712,0.0611,0.0636,266.00000000,1776398399999,17.55250000,3,124.00000000,8.82880000,0
2026-04-17 04:00:00,0.0636,0.0636,0.0636,0.0636,0.00000000,1776412799999,0.00000000,0,0.00000000,0.00000000,0
2026-04-17 08:00:00,0.0636,0.0636,0.0636,0.0636,0.00000000,1776427199999,0.00000000,0,0.00000000,0.00000000,0
2026-04-17 12:00:00,0.0636,0.0636,0.0636,0.0636,0.00000000,1776441599999,0.00000000,0,0.00000000,0.00000000,0
2026-04-17 16:00:00,0.0636,0.0636,0.0636,0.0636,0.00000000,1776455999999,0.00000000,0,0.00000000,0.00000000,0
2026-04-17 20:00:00,0.0636,0.0636,0.0636,0.0636,0.00000000,1776470399999,0.00000000,0,0.00000000,0.00000000,0
2026-04-18 00:00:00,0.0636,0.0636,0.0636,0.0636,0.00000000,1776484799999,0.00000000,0,0.00000000,0.00000000,0
2026-04-18 04:00:00,0.0636,0.0636,0.0636,0.0636,0.00000000,1776499199999,0.00000000,0,0.00000000,0.00000000,0
2026-04-18 08:00:00,0.0636,0.0636,0.0636,0.0636,0.00000000,1776513599999,0.00000000,0,0.00000000,0.00000000,0
2026-04-18 12:00:00,0.1,0.1123,0.0789,0.1123,477.00000000,1776527999999,50.09410000,8,418.00000000,45.43900000,0
2026-04-18 16:00:00,0.103,0.1115,0.1011,0.1011,2423.00000000,1776542399999,249.53150000,16,607.00000000,63.05920000,0
2026-04-18 20:00:00,0.1097,0.1097,0.1097,0.1097,1419.00000000,1776556799999,155.66430000,5,1419.00000000,155.66430000,0
2026-04-19 00:00:00,0.12,0.168,0.12,0.1514,20857.00000000,1776571199999,3340.17670000,45,19917.00000000,3198.32130000,0
2026-04-19 04:00:00,0.1283,0.1346,0.0978,0.1238,28602.00000000,1776585599999,3426.48690000,54,17740.00000000,2072.66030000,0
2026-04-19 08:00:00,0.1238,0.1238,0.1238,0.1238,0.00000000,1776599999999,0.00000000,0,0.00000000,0.00000000,0
2026-04-19 12:00:00,0.11,0.1598,0.0987,0.0987,8376.00000000,1776614399999,885.16090000,37,740.00000000,88.60020000,0
2026-04-19 16:00:00,0.09,0.09,0.09,0.09,30.00000000,1776628799999,2.70000000,2,0.00000000,0.00000000,0
2026-04-19 20:00:00,0.0969,0.0969,0.0814,0.0814,138.00000000,1776643199999,12.09010000,5,39.00000000,3.77910000,0
2026-04-20 00:00:00,0.0814,0.0814,0.0814,0.0814,0.00000000,1776657599999,0.00000000,0,0.00000000,0.00000000,0
2026-04-20 04:00:00,0.0814,0.0814,0.0814,0.0814,0.00000000,1776671999999,0.00000000,0,0.00000000,0.00000000,0
2026-04-20 08:00:00,0.0838,0.0838,0.0838,0.0838,176.00000000,1776686399999,14.74880000,1,0.00000000,0.00000000,0
2026-04-20 12:00:00,0.0838,0.0838,0.0838,0.0838,0.00000000,1776700799999,0.00000000,0,0.00000000,0.00000000,0
2026-04-20 16:00:00,0.0838,0.0838,0.0838,0.0838,0.00000000,1776715199999,0.00000000,0,0.00000000,0.00000000,0
2026-04-20 20:00:00,0.0838,0.0838,0.0838,0.0838,0.00000000,1776729599999,0.00000000,0,0.00000000,0.00000000,0
2026-04-21 00:00:00,0.0841,0.0841,0.0804,0.0805,10039.00000000,1776743999999,822.47890000,15,0.00000000,0.00000000,0
2026-04-21 04:00:00,0.0805,0.0805,0.0805,0.0805,0.00000000,1776758399999,0.00000000,0,0.00000000,0.00000000,0
2026-04-21 08:00:00,0.0805,0.0805,0.0805,0.0805,423.00000000,1776772799999,34.05150000,2,0.00000000,0.00000000,0
2026-04-21 12:00:00,0.0809,0.0809,0.08,0.08,5523.00000000,1776787199999,443.78390000,12,0.00000000,0.00000000,0
2026-04-21 16:00:00,0.08,0.08,0.08,0.08,0.00000000,1776801599999,0.00000000,0,0.00000000,0.00000000,0
2026-04-21 20:00:00,0.0795,0.0969,0.0795,0.0969,1402.00000000,1776815999999,124.23980000,7,1402.00000000,124.23980000,0
2026-04-22 00:00:00,0.0969,0.0969,0.0969,0.0969,0.00000000,1776830399999,0.00000000,0,0.00000000,0.00000000,0
2026-04-22 04:00:00,0.0969,0.0969,0.0969,0.0969,0.00000000,1776844799999,0.00000000,0,0.00000000,0.00000000,0
2026-04-22 08:00:00,0.0969,0.0969,0.0969,0.0969,0.00000000,1776859199999,0.00000000,0,0.00000000,0.00000000,0
2026-04-22 12:00:00,0.1091,0.1091,0.0773,0.0773,984.00000000,1776873599999,104.20620000,6,885.00000000,96.55350000,0
2026-04-22 16:00:00,0.0773,0.0773,0.0773,0.0773,0.00000000,1776887999999,0.00000000,0,0.00000000,0.00000000,0
2026-04-22 20:00:00,0.0773,0.0773,0.0773,0.0773,0.00000000,1776902399999,0.00000000,0,0.00000000,0.00000000,0
2026-04-23 00:00:00,0.0769,0.0769,0.0765,0.0765,778.00000000,1776916799999,59.80820000,5,0.00000000,0.00000000,0
2026-04-23 04:00:00,0.0765,0.0765,0.0765,0.0765,0.00000000,1776931199999,0.00000000,0,0.00000000,0.00000000,0
2026-04-23 08:00:00,0.0765,0.0765,0.0765,0.0765,0.00000000,1776945599999,0.00000000,0,0.00000000,0.00000000,0
2026-04-23 12:00:00,0.073,0.0731,0.0729,0.0731,412.00000000,1776959999999,30.10140000,3,0.00000000,0.00000000,0
2026-04-23 16:00:00,0.0731,0.0731,0.0731,0.0731,0.00000000,1776974399999,0.00000000,0,0.00000000,0.00000000,0
2026-04-23 20:00:00,0.0731,0.0731,0.0731,0.0731,0.00000000,1776988799999,0.00000000,0,0.00000000,0.00000000,0
2026-04-24 00:00:00,0.0731,0.0731,0.0731,0.0731,0.00000000,1777003199999,0.00000000,0,0.00000000,0.00000000,0
2026-04-24 04:00:00,0.0731,0.0731,0.0731,0.0731,0.00000000,1777017599999,0.00000000,0,0.00000000,0.00000000,0
2026-04-24 08:00:00,0.0732,0.0765,0.0732,0.0765,941.00000000,1777031999999,69.97020000,3,330.00000000,25.24500000,0
2026-04-24 12:00:00,0.0765,0.0765,0.0765,0.0765,0.00000000,1777046399999,0.00000000,0,0.00000000,0.00000000,0
2026-04-24 16:00:00,0.0765,0.0765,0.0765,0.0765,0.00000000,1777060799999,0.00000000,0,0.00000000,0.00000000,0
2026-04-24 20:00:00,0.0765,0.0765,0.0765,0.0765,0.00000000,1777075199999,0.00000000,0,0.00000000,0.00000000,0
2026-04-25 00:00:00,0.0765,0.0765,0.0765,0.0765,0.00000000,1777089599999,0.00000000,0,0.00000000,0.00000000,0
2026-04-25 04:00:00,0.0765,0.0765,0.0765,0.0765,0.00000000,1777103999999,0.00000000,0,0.00000000,0.00000000,0
2026-04-25 08:00:00,0.0732,0.0732,0.0732,0.0732,42.00000000,1777118399999,3.07440000,1,0.00000000,0.00000000,0
2026-04-25 12:00:00,0.0732,0.0732,0.0732,0.0732,0.00000000,1777132799999,0.00000000,0,0.00000000,0.00000000,0
2026-04-25 16:00:00,0.0732,0.0732,0.0732,0.0732,0.00000000,1777147199999,0.00000000,0,0.00000000,0.00000000,0
2026-04-25 20:00:00,0.0732,0.0732,0.0732,0.0732,0.00000000,1777161599999,0.00000000,0,0.00000000,0.00000000,0
2026-04-26 00:00:00,0.0732,0.0732,0.0732,0.0732,0.00000000,1777175999999,0.00000000,0,0.00000000,0.00000000,0
2026-04-26 04:00:00,0.0732,0.0732,0.0732,0.0732,0.00000000,1777190399999,0.00000000,0,0.00000000,0.00000000,0
2026-04-26 08:00:00,0.0732,0.0732,0.0732,0.0732,0.00000000,1777204799999,0.00000000,0,0.00000000,0.00000000,0
2026-04-26 12:00:00,0.0732,0.0732,0.0732,0.0732,0.00000000,1777219199999,0.00000000,0,0.00000000,0.00000000,0
2026-04-26 16:00:00,0.0732,0.0732,0.0732,0.0732,0.00000000,1777233599999,0.00000000,0,0.00000000,0.00000000,0
2026-04-26 20:00:00,0.0732,0.0732,0.0732,0.0732,0.00000000,1777247999999,0.00000000,0,0.00000000,0.00000000,0
2026-04-27 00:00:00,0.0732,0.0732,0.0732,0.0732,0.00000000,1777262399999,0.00000000,0,0.00000000,0.00000000,0
2026-04-27 04:00:00,0.0732,0.0732,0.0732,0.0732,0.00000000,1777276799999,0.00000000,0,0.00000000,0.00000000,0
2026-04-27 08:00:00,0.0732,0.0732,0.0732,0.0732,0.00000000,1777291199999,0.00000000,0,0.00000000,0.00000000,0
2026-04-27 12:00:00,0.0731,0.0731,0.0731,0.0731,895.00000000,1777305599999,65.42450000,1,0.00000000,0.00000000,0
2026-04-27 16:00:00,0.0731,0.0731,0.0731,0.0731,0.00000000,1777319999999,0.00000000,0,0.00000000,0.00000000,0
2026-04-27 20:00:00,0.0731,0.0731,0.0731,0.0731,0.00000000,1777334399999,0.00000000,0,0.00000000,0.00000000,0
2026-04-28 00:00:00,0.0731,0.0731,0.0731,0.0731,0.00000000,1777348799999,0.00000000,0,0.00000000,0.00000000,0
2026-04-28 04:00:00,0.0731,0.0731,0.0731,0.0731,0.00000000,1777363199999,0.00000000,0,0.00000000,0.00000000,0
2026-04-28 08:00:00,0.0731,0.0731,0.0731,0.0731,0.00000000,1777377599999,0.00000000,0,0.00000000,0.00000000,0
2026-04-28 12:00:00,0.0731,0.0731,0.0731,0.0731,0.00000000,1777391999999,0.00000000,0,0.00000000,0.00000000,0
2026-04-28 16:00:00,0.0731,0.0731,0.0731,0.0731,0.00000000,1777406399999,0.00000000,0,0.00000000,0.00000000,0
2026-04-28 20:00:00,0.0731,0.0731,0.0731,0.0731,0.00000000,1777420799999,0.00000000,0,0.00000000,0.00000000,0
2026-04-29 00:00:00,0.0731,0.0731,0.0731,0.0731,0.00000000,1777435199999,0.00000000,0,0.00000000,0.00000000,0
2026-04-29 04:00:00,0.0731,0.0731,0.0731,0.0731,0.00000000,1777449599999,0.00000000,0,0.00000000,0.00000000,0
2026-04-29 08:00:00,0.0731,0.0731,0.0731,0.0731,0.00000000,1777463999999,0.00000000,0,0.00000000,0.00000000,0
2026-04-29 12:00:00,0.0731,0.0731,0.0731,0.0731,0.00000000,1777478399999,0.00000000,0,0.00000000,0.00000000,0
2026-04-29 16:00:00,0.0701,0.0701,0.07,0.07,1458.00000000,1777492799999,102.20080000,6,0.00000000,0.00000000,0
2026-04-29 20:00:00,0.07,0.07,0.07,0.07,0.00000000,1777507199999,0.00000000,0,0.00000000,0.00000000,0
2026-04-30 00:00:00,0.07,0.07,0.07,0.07,0.00000000,1777521599999,0.00000000,0,0.00000000,0.00000000,0
2026-04-30 04:00:00,0.07,0.07,0.07,0.07,0.00000000,1777535999999,0.00000000,0,0.00000000,0.00000000,0
2026-04-30 08:00:00,0.07,0.07,0.07,0.07,0.00000000,1777550399999,0.00000000,0,0.00000000,0.00000000,0
2026-04-30 12:00:00,0.07,0.07,0.07,0.07,0.00000000,1777564799999,0.00000000,0,0.00000000,0.00000000,0
2026-04-30 16:00:00,0.0682,0.0682,0.0682,0.0682,46.00000000,1777579199999,3.13720000,1,0.00000000,0.00000000,0
2026-04-30 20:00:00,0.0682,0.0682,0.0682,0.0682,0.00000000,1777593599999,0.00000000,0,0.00000000,0.00000000,0
2026-05-01 00:00:00,0.0682,0.0682,0.0682,0.0682,0.00000000,1777607999999,0.00000000,0,0.00000000,0.00000000,0
2026-05-01 04:00:00,0.0682,0.0682,0.0682,0.0682,0.00000000,1777622399999,0.00000000,0,0.00000000,0.00000000,0
2026-05-01 08:00:00,0.0682,0.0682,0.0682,0.0682,0.00000000,1777636799999,0.00000000,0,0.00000000,0.00000000,0
2026-05-01 12:00:00,0.0682,0.0682,0.0682,0.0682,0.00000000,1777651199999,0.00000000,0,0.00000000,0.00000000,0
2026-05-01 16:00:00,0.0682,0.0682,0.0682,0.0682,0.00000000,1777665599999,0.00000000,0,0.00000000,0.00000000,0
2026-05-01 20:00:00,0.0682,0.0682,0.0682,0.0682,0.00000000,1777679999999,0.00000000,0,0.00000000,0.00000000,0
2026-05-02 00:00:00,0.0682,0.0682,0.0682,0.0682,0.00000000,1777694399999,0.00000000,0,0.00000000,0.00000000,0
2026-05-02 04:00:00,0.0682,0.0682,0.0682,0.0682,0.00000000,1777708799999,0.00000000,0,0.00000000,0.00000000,0
2026-05-02 08:00:00,0.0682,0.0682,0.0682,0.0682,0.00000000,1777723199999,0.00000000,0,0.00000000,0.00000000,0
2026-05-02 12:00:00,0.0682,0.0682,0.0682,0.0682,0.00000000,1777737599999,0.00000000,0,0.00000000,0.00000000,0
2026-05-02 16:00:00,0.0682,0.0682,0.0682,0.0682,0.00000000,1777751999999,0.00000000,0,0.00000000,0.00000000,0
2026-05-02 20:00:00,0.0682,0.0682,0.0682,0.0682,0.00000000,1777766399999,0.00000000,0,0.00000000,0.00000000,0
2026-05-03 00:00:00,0.0682,0.0682,0.0682,0.0682,0.00000000,1777780799999,0.00000000,0,0.00000000,0.00000000,0
2026-05-03 04:00:00,0.0682,0.0682,0.0682,0.0682,0.00000000,1777795199999,0.00000000,0,0.00000000,0.00000000,0
2026-05-03 08:00:00,0.0682,0.0682,0.0682,0.0682,0.00000000,1777809599999,0.00000000,0,0.00000000,0.00000000,0
2026-05-03 12:00:00,0.0682,0.0682,0.0682,0.0682,0.00000000,1777823999999,0.00000000,0,0.00000000,0.00000000,0
2026-05-03 16:00:00,0.0682,0.0682,0.0682,0.0682,0.00000000,1777838399999,0.00000000,0,0.00000000,0.00000000,0
2026-05-03 20:00:00,0.0682,0.0682,0.0682,0.0682,0.00000000,1777852799999,0.00000000,0,0.00000000,0.00000000,0
2026-05-04 00:00:00,0.0682,0.0682,0.0682,0.0682,0.00000000,1777867199999,0.00000000,0,0.00000000,0.00000000,0
2026-05-04 04:00:00,0.0682,0.0682,0.0682,0.0682,0.00000000,1777881599999,0.00000000,0,0.00000000,0.00000000,0
2026-05-04 08:00:00,0.0718,0.0718,0.0718,0.0718,42.00000000,1777895999999,3.01560000,1,42.00000000,3.01560000,0
2026-05-04 12:00:00,0.0718,0.0718,0.0718,0.0718,0.00000000,1777910399999,0.00000000,0,0.00000000,0.00000000,0
2026-05-04 16:00:00,0.0718,0.0718,0.0718,0.0718,0.00000000,1777924799999,0.00000000,0,0.00000000,0.00000000,0
2026-05-04 20:00:00,0.0718,0.0718,0.0718,0.0718,0.00000000,1777939199999,0.00000000,0,0.00000000,0.00000000,0
2026-05-05 00:00:00,0.0718,0.0718,0.0718,0.0718,0.00000000,1777953599999,0.00000000,0,0.00000000,0.00000000,0
2026-05-05 04:00:00,0.0718,0.0718,0.0718,0.0718,0.00000000,1777967999999,0.00000000,0,0.00000000,0.00000000,0
2026-05-05 08:00:00,0.0685,0.0685,0.0661,0.0664,2991.00000000,1777982399999,202.33470000,7,0.00000000,0.00000000,0
2026-05-05 12:00:00,0.0664,0.0664,0.0664,0.0664,0.00000000,1777996799999,0.00000000,0,0.00000000,0.00000000,0
2026-05-05 16:00:00,0.0664,0.0664,0.0664,0.0664,0.00000000,1778011199999,0.00000000,0,0.00000000,0.00000000,0
2026-05-05 20:00:00,0.0664,0.0664,0.0664,0.0664,0.00000000,1778025599999,0.00000000,0,0.00000000,0.00000000,0
2026-05-06 00:00:00,0.0664,0.0664,0.0664,0.0664,0.00000000,1778039999999,0.00000000,0,0.00000000,0.00000000,0
2026-05-06 04:00:00,0.0664,0.0664,0.0664,0.0664,0.00000000,1778054399999,0.00000000,0,0.00000000,0.00000000,0
2026-05-06 08:00:00,0.0664,0.0664,0.0664,0.0664,0.00000000,1778068799999,0.00000000,0,0.00000000,0.00000000,0
2026-05-06 12:00:00,0.0664,0.0664,0.0664,0.0664,0.00000000,1778083199999,0.00000000,0,0.00000000,0.00000000,0
2026-05-06 16:00:00,0.0664,0.0664,0.0664,0.0664,0.00000000,1778097599999,0.00000000,0,0.00000000,0.00000000,0
2026-05-06 20:00:00,0.0664,0.0664,0.0664,0.0664,0.00000000,1778111999999,0.00000000,0,0.00000000,0.00000000,0
2026-05-07 00:00:00,0.0664,0.0664,0.0664,0.0664,0.00000000,1778126399999,0.00000000,0,0.00000000,0.00000000,0
2026-05-07 04:00:00,0.0664,0.0664,0.0664,0.0664,0.00000000,1778140799999,0.00000000,0,0.00000000,0.00000000,0
2026-05-07 08:00:00,0.0664,0.0664,0.0664,0.0664,0.00000000,1778155199999,0.00000000,0,0.00000000,0.00000000,0
2026-05-07 12:00:00,0.0664,0.0664,0.0664,0.0664,0.00000000,1778169599999,0.00000000,0,0.00000000,0.00000000,0
2026-05-07 16:00:00,0.0664,0.0664,0.0664,0.0664,0.00000000,1778183999999,0.00000000,0,0.00000000,0.00000000,0
2026-05-07 20:00:00,0.0664,0.0664,0.0664,0.0664,0.00000000,1778198399999,0.00000000,0,0.00000000,0.00000000,0
2026-05-08 00:00:00,0.0664,0.0664,0.0664,0.0664,0.00000000,1778212799999,0.00000000,0,0.00000000,0.00000000,0
2026-05-08 04:00:00,0.0664,0.0664,0.0664,0.0664,0.00000000,1778227199999,0.00000000,0,0.00000000,0.00000000,0
2026-05-08 08:00:00,0.0664,0.0664,0.0664,0.0664,0.00000000,1778241599999,0.00000000,0,0.00000000,0.00000000,0
2026-05-08 12:00:00,0.0664,0.0664,0.0664,0.0664,0.00000000,1778255999999,0.00000000,0,0.00000000,0.00000000,0
2026-05-08 16:00:00,0.0664,0.0664,0.0664,0.0664,0.00000000,1778270399999,0.00000000,0,0.00000000,0.00000000,0
2026-05-08 20:00:00,0.0664,0.0664,0.0664,0.0664,0.00000000,1778284799999,0.00000000,0,0.00000000,0.00000000,0
2026-05-09 00:00:00,0.0664,0.0664,0.0664,0.0664,0.00000000,1778299199999,0.00000000,0,0.00000000,0.00000000,0
2026-05-09 04:00:00,0.0664,0.0664,0.0664,0.0664,0.00000000,1778313599999,0.00000000,0,0.00000000,0.00000000,0
2026-05-09 08:00:00,0.0664,0.0664,0.0664,0.0664,0.00000000,1778327999999,0.00000000,0,0.00000000,0.00000000,0
2026-05-09 12:00:00,0.0664,0.0664,0.0664,0.0664,0.00000000,1778342399999,0.00000000,0,0.00000000,0.00000000,0
2026-05-09 16:00:00,0.0696,0.0696,0.0654,0.0654,895.00000000,1778356799999,61.63260000,4,0.00000000,0.00000000,0
2026-05-09 20:00:00,0.0654,0.0654,0.0654,0.0654,0.00000000,1778371199999,0.00000000,0,0.00000000,0.00000000,0
2026-05-10 00:00:00,0.0731,0.0731,0.0731,0.0731,408.00000000,1778385599999,29.82480000,1,408.00000000,29.82480000,0
2026-05-10 04:00:00,0.0731,0.0731,0.0731,0.0731,0.00000000,1778399999999,0.00000000,0,0.00000000,0.00000000,0
2026-05-10 08:00:00,0.0731,0.0731,0.0731,0.0731,0.00000000,1778414399999,0.00000000,0,0.00000000,0.00000000,0
2026-05-10 12:00:00,0.0736,0.0736,0.0736,0.0736,718.00000000,1778428799999,52.84480000,2,718.00000000,52.84480000,0
2026-05-10 16:00:00,0.0736,0.0736,0.0736,0.0736,0.00000000,1778443199999,0.00000000,0,0.00000000,0.00000000,0
2026-05-10 20:00:00,0.0736,0.0736,0.0736,0.0736,0.00000000,1778457599999,0.00000000,0,0.00000000,0.00000000,0
2026-05-11 00:00:00,0.0736,0.0736,0.0736,0.0736,0.00000000,1778471999999,0.00000000,0,0.00000000,0.00000000,0
2026-05-11 04:00:00,0.0736,0.0736,0.0736,0.0736,0.00000000,1778486399999,0.00000000,0,0.00000000,0.00000000,0
2026-05-11 08:00:00,0.0736,0.0736,0.0736,0.0736,0.00000000,1778500799999,0.00000000,0,0.00000000,0.00000000,0
2026-05-11 12:00:00,0.0736,0.0736,0.0736,0.0736,0.00000000,1778515199999,0.00000000,0,0.00000000,0.00000000,0
2026-05-11 16:00:00,0.0736,0.0736,0.0736,0.0736,0.00000000,1778529599999,0.00000000,0,0.00000000,0.00000000,0
2026-05-11 20:00:00,0.0736,0.0736,0.0736,0.0736,0.00000000,1778543999999,0.00000000,0,0.00000000,0.00000000,0
2026-05-12 00:00:00,0.0736,0.0736,0.0736,0.0736,0.00000000,1778558399999,0.00000000,0,0.00000000,0.00000000,0
2026-05-12 04:00:00,0.0736,0.0736,0.0736,0.0736,0.00000000,1778572799999,0.00000000,0,0.00000000,0.00000000,0
2026-05-12 08:00:00,0.0736,0.0736,0.0736,0.0736,0.00000000,1778587199999,0.00000000,0,0.00000000,0.00000000,0
2026-05-12 12:00:00,0.0736,0.0736,0.0736,0.0736,0.00000000,1778601599999,0.00000000,0,0.00000000,0.00000000,0
2026-05-12 16:00:00,0.0736,0.0736,0.0736,0.0736,0.00000000,1778615999999,0.00000000,0,0.00000000,0.00000000,0
2026-05-12 20:00:00,0.0736,0.0736,0.0736,0.0736,0.00000000,1778630399999,0.00000000,0,0.00000000,0.00000000,0
2026-05-13 00:00:00,0.0736,0.0736,0.0736,0.0736,0.00000000,1778644799999,0.00000000,0,0.00000000,0.00000000,0
2026-05-13 04:00:00,0.0736,0.0736,0.0736,0.0736,0.00000000,1778659199999,0.00000000,0,0.00000000,0.00000000,0
2026-05-13 08:00:00,0.0736,0.0736,0.0736,0.0736,0.00000000,1778673599999,0.00000000,0,0.00000000,0.00000000,0
2026-05-13 12:00:00,0.0736,0.0736,0.0736,0.0736,0.00000000,1778687999999,0.00000000,0,0.00000000,0.00000000,0
2026-05-13 16:00:00,0.0736,0.0736,0.0736,0.0736,0.00000000,1778702399999,0.00000000,0,0.00000000,0.00000000,0
2026-05-13 20:00:00,0.0736,0.0736,0.0736,0.0736,0.00000000,1778716799999,0.00000000,0,0.00000000,0.00000000,0
2026-05-14 00:00:00,0.0736,0.0736,0.0736,0.0736,0.00000000,1778731199999,0.00000000,0,0.00000000,0.00000000,0
2026-05-14 04:00:00,0.0736,0.0736,0.0736,0.0736,0.00000000,1778745599999,0.00000000,0,0.00000000,0.00000000,0
2026-05-14 08:00:00,0.0736,0.0736,0.0736,0.0736,0.00000000,1778759999999,0.00000000,0,0.00000000,0.00000000,0
2026-05-14 12:00:00,0.0736,0.0736,0.0736,0.0736,0.00000000,1778774399999,0.00000000,0,0.00000000,0.00000000,0
2026-05-14 16:00:00,0.0736,0.0736,0.0736,0.0736,0.00000000,1778788799999,0.00000000,0,0.00000000,0.00000000,0
2026-05-14 20:00:00,0.0736,0.0736,0.0736,0.0736,0.00000000,1778803199999,0.00000000,0,0.00000000,0.00000000,0
2026-05-15 00:00:00,0.0736,0.0736,0.0736,0.0736,0.00000000,1778817599999,0.00000000,0,0.00000000,0.00000000,0
2026-05-15 04:00:00,0.0736,0.0736,0.0736,0.0736,0.00000000,1778831999999,0.00000000,0,0.00000000,0.00000000,0
2026-05-15 08:00:00,0.0736,0.0736,0.0736,0.0736,0.00000000,1778846399999,0.00000000,0,0.00000000,0.00000000,0
2026-05-15 12:00:00,0.0736,0.0736,0.0736,0.0736,0.00000000,1778860799999,0.00000000,0,0.00000000,0.00000000,0
2026-05-15 16:00:00,0.0736,0.0736,0.0736,0.0736,0.00000000,1778875199999,0.00000000,0,0.00000000,0.00000000,0
2026-05-15 20:00:00,0.0736,0.0736,0.0736,0.0736,0.00000000,1778889599999,0.00000000,0,0.00000000,0.00000000,0
2026-05-16 00:00:00,0.0736,0.0736,0.0736,0.0736,0.00000000,1778903999999,0.00000000,0,0.00000000,0.00000000,0
2026-05-16 04:00:00,0.0736,0.0736,0.0736,0.0736,0.00000000,1778918399999,0.00000000,0,0.00000000,0.00000000,0
2026-05-16 08:00:00,0.0736,0.0736,0.0736,0.0736,0.00000000,1778932799999,0.00000000,0,0.00000000,0.00000000,0
2026-05-16 12:00:00,0.0656,0.0656,0.0543,0.0543,1000.00000000,1778947199999,59.62950000,8,0.00000000,0.00000000,0
2026-05-16 16:00:00,0.0543,0.0543,0.0543,0.0543,0.00000000,1778961599999,0.00000000,0,0.00000000,0.00000000,0
2026-05-16 20:00:00,0.0543,0.0543,0.0543,0.0543,0.00000000,1778975999999,0.00000000,0,0.00000000,0.00000000,0
2026-05-17 00:00:00,0.0543,0.0543,0.0543,0.0543,0.00000000,1778990399999,0.00000000,0,0.00000000,0.00000000,0
2026-05-17 04:00:00,0.0543,0.0543,0.0543,0.0543,0.00000000,1779004799999,0.00000000,0,0.00000000,0.00000000,0
2026-05-17 08:00:00,0.0543,0.0543,0.0543,0.0543,0.00000000,1779019199999,0.00000000,0,0.00000000,0.00000000,0
2026-05-17 12:00:00,0.0543,0.0543,0.0543,0.0543,0.00000000,1779033599999,0.00000000,0,0.00000000,0.00000000,0
2026-05-17 16:00:00,0.07,0.07,0.07,0.07,1078.00000000,1779047999999,75.46000000,2,0.00000000,0.00000000,0
2026-05-17 20:00:00,0.07,0.07,0.07,0.07,350.00000000,1779062399999,24.50000000,1,0.00000000,0.00000000,0
2026-05-18 00:00:00,0.07,0.07,0.07,0.07,0.00000000,1779076799999,0.00000000,0,0.00000000,0.00000000,0
2026-05-18 04:00:00,0.07,0.07,0.07,0.07,0.00000000,1779091199999,0.00000000,0,0.00000000,0.00000000,0
2026-05-18 08:00:00,0.07,0.07,0.07,0.07,0.00000000,1779105599999,0.00000000,0,0.00000000,0.00000000,0
2026-05-18 12:00:00,0.07,0.07,0.07,0.07,0.00000000,1779119999999,0.00000000,0,0.00000000,0.00000000,0
2026-05-18 16:00:00,0.07,0.07,0.07,0.07,0.00000000,1779134399999,0.00000000,0,0.00000000,0.00000000,0
2026-05-18 20:00:00,0.07,0.07,0.07,0.07,0.00000000,1779148799999,0.00000000,0,0.00000000,0.00000000,0
2026-05-19 00:00:00,0.07,0.07,0.07,0.07,0.00000000,1779163199999,0.00000000,0,0.00000000,0.00000000,0
2026-05-19 04:00:00,0.07,0.07,0.07,0.07,0.00000000,1779177599999,0.00000000,0,0.00000000,0.00000000,0
2026-05-19 08:00:00,0.07,0.07,0.07,0.07,0.00000000,1779191999999,0.00000000,0,0.00000000,0.00000000,0
2026-05-19 12:00:00,0.07,0.07,0.07,0.07,0.00000000,1779206399999,0.00000000,0,0.00000000,0.00000000,0
2026-05-19 16:00:00,0.07,0.07,0.07,0.07,0.00000000,1779220799999,0.00000000,0,0.00000000,0.00000000,0
2026-05-19 20:00:00,0.07,0.07,0.07,0.07,0.00000000,1779235199999,0.00000000,0,0.00000000,0.00000000,0
2026-05-20 00:00:00,0.07,0.07,0.07,0.07,0.00000000,1779249599999,0.00000000,0,0.00000000,0.00000000,0
2026-05-20 04:00:00,0.07,0.07,0.07,0.07,0.00000000,1779263999999,0.00000000,0,0.00000000,0.00000000,0
2026-05-20 08:00:00,0.07,0.07,0.07,0.07,0.00000000,1779278399999,0.00000000,0,0.00000000,0.00000000,0
2026-05-20 12:00:00,0.07,0.07,0.07,0.07,0.00000000,1779292799999,0.00000000,0,0.00000000,0.00000000,0
2026-05-20 16:00:00,0.07,0.07,0.07,0.07,0.00000000,1779307199999,0.00000000,0,0.00000000,0.00000000,0
2026-05-20 20:00:00,0.07,0.07,0.07,0.07,0.00000000,1779321599999,0.00000000,0,0.00000000,0.00000000,0
2026-05-21 00:00:00,0.07,0.07,0.07,0.07,0.00000000,1779335999999,0.00000000,0,0.00000000,0.00000000,0
2026-05-21 04:00:00,0.07,0.07,0.07,0.07,0.00000000,1779350399999,0.00000000,0,0.00000000,0.00000000,0
2026-05-21 08:00:00,0.07,0.07,0.07,0.07,0.00000000,1779364799999,0.00000000,0,0.00000000,0.00000000,0
2026-05-21 12:00:00,0.07,0.07,0.07,0.07,0.00000000,1779379199999,0.00000000,0,0.00000000,0.00000000,0
2026-05-21 16:00:00,0.07,0.07,0.07,0.07,0.00000000,1779393599999,0.00000000,0,0.00000000,0.00000000,0
2026-05-21 20:00:00,0.07,0.07,0.07,0.07,0.00000000,1779407999999,0.00000000,0,0.00000000,0.00000000,0
2026-05-22 00:00:00,0.07,0.07,0.07,0.07,0.00000000,1779422399999,0.00000000,0,0.00000000,0.00000000,0
2026-05-22 04:00:00,0.07,0.07,0.07,0.07,0.00000000,1779436799999,0.00000000,0,0.00000000,0.00000000,0
2026-05-22 08:00:00,0.07,0.07,0.07,0.07,0.00000000,1779451199999,0.00000000,0,0.00000000,0.00000000,0
2026-05-22 12:00:00,0.07,0.07,0.07,0.07,0.00000000,1779465599999,0.00000000,0,0.00000000,0.00000000,0
2026-05-22 16:00:00,0.07,0.07,0.07,0.07,0.00000000,1779479999999,0.00000000,0,0.00000000,0.00000000,0
2026-05-22 20:00:00,0.07,0.07,0.07,0.07,0.00000000,1779494399999,0.00000000,0,0.00000000,0.00000000,0
2026-05-23 00:00:00,0.07,0.07,0.07,0.07,0.00000000,1779508799999,0.00000000,0,0.00000000,0.00000000,0
2026-05-23 04:00:00,0.07,0.07,0.07,0.07,0.00000000,1779523199999,0.00000000,0,0.00000000,0.00000000,0
2026-05-23 08:00:00,0.07,0.07,0.07,0.07,0.00000000,1779537599999,0.00000000,0,0.00000000,0.00000000,0
2026-05-23 12:00:00,0.07,0.07,0.07,0.07,0.00000000,1779551999999,0.00000000,0,0.00000000,0.00000000,0
2026-05-23 16:00:00,0.07,0.07,0.07,0.07,0.00000000,1779566399999,0.00000000,0,0.00000000,0.00000000,0
2026-05-23 20:00:00,0.07,0.07,0.07,0.07,0.00000000,1779580799999,0.00000000,0,0.00000000,0.00000000,0
2026-05-24 00:00:00,0.07,0.07,0.07,0.07,0.00000000,1779595199999,0.00000000,0,0.00000000,0.00000000,0
2026-05-24 04:00:00,0.07,0.07,0.07,0.07,0.00000000,1779609599999,0.00000000,0,0.00000000,0.00000000,0
2026-05-24 08:00:00,0.07,0.07,0.07,0.07,0.00000000,1779623999999,0.00000000,0,0.00000000,0.00000000,0
2026-05-24 12:00:00,0.07,0.07,0.07,0.07,0.00000000,1779638399999,0.00000000,0,0.00000000,0.00000000,0
2026-05-24 16:00:00,0.07,0.07,0.07,0.07,0.00000000,1779652799999,0.00000000,0,0.00000000,0.00000000,0
2026-05-24 20:00:00,0.07,0.07,0.07,0.07,0.00000000,1779667199999,0.00000000,0,0.00000000,0.00000000,0
2026-05-25 00:00:00,0.07,0.07,0.07,0.07,0.00000000,1779681599999,0.00000000,0,0.00000000,0.00000000,0
2026-05-25 04:00:00,0.07,0.07,0.07,0.07,0.00000000,1779695999999,0.00000000,0,0.00000000,0.00000000,0
2026-05-25 08:00:00,0.07,0.07,0.07,0.07,0.00000000,1779710399999,0.00000000,0,0.00000000,0.00000000,0
2026-05-25 12:00:00,0.07,0.07,0.07,0.07,0.00000000,1779724799999,0.00000000,0,0.00000000,0.00000000,0
2026-05-25 16:00:00,0.07,0.07,0.07,0.07,0.00000000,1779739199999,0.00000000,0,0.00000000,0.00000000,0
2026-05-25 20:00:00,0.07,0.07,0.07,0.07,0.00000000,1779753599999,0.00000000,0,0.00000000,0.00000000,0
2026-05-26 00:00:00,0.07,0.07,0.07,0.07,0.00000000,1779767999999,0.00000000,0,0.00000000,0.00000000,0
2026-05-26 04:00:00,0.07,0.07,0.07,0.07,0.00000000,1779782399999,0.00000000,0,0.00000000,0.00000000,0
2026-05-26 08:00:00,0.07,0.07,0.07,0.07,0.00000000,1779796799999,0.00000000,0,0.00000000,0.00000000,0
2026-05-26 12:00:00,0.07,0.07,0.07,0.07,0.00000000,1779811199999,0.00000000,0,0.00000000,0.00000000,0
2026-05-26 16:00:00,0.0914,0.0914,0.0768,0.0775,828.00000000,1779825599999,74.23390000,3,728.00000000,66.53920000,0
2026-05-26 20:00:00,0.0775,0.0775,0.0775,0.0775,0.00000000,1779839999999,0.00000000,0,0.00000000,0.00000000,0
2026-05-27 00:00:00,0.0775,0.0775,0.0775,0.0775,0.00000000,1779854399999,0.00000000,0,0.00000000,0.00000000,0
2026-05-27 04:00:00,0.1,0.1,0.0821,0.0821,3517.00000000,1779868799999,319.04210000,6,1408.00000000,140.80000000,0
2026-05-27 08:00:00,0.0821,0.0821,0.0821,0.0821,0.00000000,1779883199999,0.00000000,0,0.00000000,0.00000000,0
2026-05-27 12:00:00,0.0821,0.0821,0.0821,0.0821,0.00000000,1779897599999,0.00000000,0,0.00000000,0.00000000,0
2026-05-27 16:00:00,0.0821,0.0821,0.0821,0.0821,0.00000000,1779911999999,0.00000000,0,0.00000000,0.00000000,0
2026-05-27 20:00:00,0.0722,0.0722,0.0722,0.0722,476.00000000,1779926399999,34.36720000,3,0.00000000,0.00000000,0
2026-05-28 00:00:00,0.0722,0.079,0.0722,0.079,510.00000000,1779940799999,37.10760000,3,0.00000000,0.00000000,0
2026-05-28 04:00:00,0.079,0.079,0.079,0.079,0.00000000,1779955199999,0.00000000,0,0.00000000,0.00000000,0
2026-05-28 08:00:00,0.079,0.079,0.079,0.079,0.00000000,1779969599999,0.00000000,0,0.00000000,0.00000000,0
2026-05-28 12:00:00,0.079,0.079,0.079,0.079,0.00000000,1779983999999,0.00000000,0,0.00000000,0.00000000,0
2026-05-28 16:00:00,0.079,0.079,0.079,0.079,0.00000000,1779998399999,0.00000000,0,0.00000000,0.00000000,0
2026-05-28 20:00:00,0.079,0.079,0.079,0.079,0.00000000,1780012799999,0.00000000,0,0.00000000,0.00000000,0
2026-05-29 00:00:00,0.079,0.079,0.079,0.079,0.00000000,1780027199999,0.00000000,0,0.00000000,0.00000000,0
2026-05-29 04:00:00,0.079,0.079,0.079,0.079,0.00000000,1780041599999,0.00000000,0,0.00000000,0.00000000,0
2026-05-29 08:00:00,0.079,0.079,0.079,0.079,0.00000000,1780055999999,0.00000000,0,0.00000000,0.00000000,0
2026-05-29 12:00:00,0.079,0.079,0.079,0.079,0.00000000,1780070399999,0.00000000,0,0.00000000,0.00000000,0
2026-05-29 16:00:00,0.079,0.079,0.079,0.079,0.00000000,1780084799999,0.00000000,0,0.00000000,0.00000000,0
2026-05-29 20:00:00,0.079,0.079,0.079,0.079,0.00000000,1780099199999,0.00000000,0,0.00000000,0.00000000,0
2026-05-30 00:00:00,0.079,0.079,0.079,0.079,0.00000000,1780113599999,0.00000000,0,0.00000000,0.00000000,0
2026-05-30 04:00:00,0.079,0.079,0.079,0.079,0.00000000,1780127999999,0.00000000,0,0.00000000,0.00000000,0
2026-05-30 08:00:00,0.079,0.079,0.079,0.079,0.00000000,1780142399999,0.00000000,0,0.00000000,0.00000000,0
2026-05-30 12:00:00,0.079,0.079,0.079,0.079,0.00000000,1780156799999,0.00000000,0,0.00000000,0.00000000,0
2026-05-30 16:00:00,0.079,0.079,0.079,0.079,0.00000000,1780171199999,0.00000000,0,0.00000000,0.00000000,0
2026-05-30 20:00:00,0.079,0.079,0.079,0.079,0.00000000,1780185599999,0.00000000,0,0.00000000,0.00000000,0
2026-05-31 00:00:00,0.079,0.079,0.079,0.079,0.00000000,1780199999999,0.00000000,0,0.00000000,0.00000000,0
2026-05-31 04:00:00,0.079,0.079,0.079,0.079,0.00000000,1780214399999,0.00000000,0,0.00000000,0.00000000,0
2026-05-31 08:00:00,0.079,0.079,0.079,0.079,0.00000000,1780228799999,0.00000000,0,0.00000000,0.00000000,0
2026-05-31 12:00:00,0.079,0.079,0.079,0.079,0.00000000,1780243199999,0.00000000,0,0.00000000,0.00000000,0
2026-05-31 16:00:00,0.079,0.079,0.079,0.079,0.00000000,1780257599999,0.00000000,0,0.00000000,0.00000000,0
2026-05-31 20:00:00,0.079,0.079,0.079,0.079,0.00000000,1780271999999,0.00000000,0,0.00000000,0.00000000,0
2026-06-01 00:00:00,0.079,0.079,0.079,0.079,0.00000000,1780286399999,0.00000000,0,0.00000000,0.00000000,0
2026-06-01 04:00:00,0.079,0.079,0.079,0.079,0.00000000,1780300799999,0.00000000,0,0.00000000,0.00000000,0
2026-06-01 08:00:00,0.079,0.079,0.079,0.079,0.00000000,1780315199999,0.00000000,0,0.00000000,0.00000000,0
2026-06-01 12:00:00,0.079,0.079,0.079,0.079,0.00000000,1780329599999,0.00000000,0,0.00000000,0.00000000,0
2026-06-01 16:00:00,0.079,0.079,0.079,0.079,0.00000000,1780343999999,0.00000000,0,0.00000000,0.00000000,0
2026-06-01 20:00:00,0.079,0.079,0.079,0.079,0.00000000,1780358399999,0.00000000,0,0.00000000,0.00000000,0
2026-06-02 00:00:00,0.079,0.079,0.079,0.079,0.00000000,1780372799999,0.00000000,0,0.00000000,0.00000000,0
2026-06-02 04:00:00,0.079,0.079,0.079,0.079,0.00000000,1780387199999,0.00000000,0,0.00000000,0.00000000,0
2026-06-02 08:00:00,0.079,0.079,0.079,0.079,0.00000000,1780401599999,0.00000000,0,0.00000000,0.00000000,0
2026-06-02 12:00:00,0.079,0.079,0.079,0.079,0.00000000,1780415999999,0.00000000,0,0.00000000,0.00000000,0
2026-06-02 16:00:00,0.079,0.079,0.079,0.079,0.00000000,1780430399999,0.00000000,0,0.00000000,0.00000000,0
2026-06-02 20:00:00,0.079,0.079,0.079,0.079,0.00000000,1780444799999,0.00000000,0,0.00000000,0.00000000,0
2026-06-03 00:00:00,0.079,0.079,0.079,0.079,0.00000000,1780459199999,0.00000000,0,0.00000000,0.00000000,0
2026-06-03 04:00:00,0.079,0.079,0.079,0.079,0.00000000,1780473599999,0.00000000,0,0.00000000,0.00000000,0
2026-06-03 08:00:00,0.079,0.079,0.079,0.079,0.00000000,1780487999999,0.00000000,0,0.00000000,0.00000000,0
2026-06-03 12:00:00,0.079,0.079,0.079,0.079,0.00000000,1780502399999,0.00000000,0,0.00000000,0.00000000,0
2026-06-03 16:00:00,0.079,0.079,0.079,0.079,0.00000000,1780516799999,0.00000000,0,0.00000000,0.00000000,0
2026-06-03 20:00:00,0.079,0.079,0.079,0.079,0.00000000,1780531199999,0.00000000,0,0.00000000,0.00000000,0
2026-06-04 00:00:00,0.079,0.079,0.079,0.079,0.00000000,1780545599999,0.00000000,0,0.00000000,0.00000000,0
2026-06-04 04:00:00,0.079,0.079,0.079,0.079,0.00000000,1780559999999,0.00000000,0,0.00000000,0.00000000,0
2026-06-04 08:00:00,0.0745,0.0745,0.0745,0.0745,40.00000000,1780574399999,2.98000000,1,40.00000000,2.98000000,0
2026-06-04 12:00:00,0.0753,0.0753,0.0545,0.0564,57.00000000,1780588799999,3.71740000,3,28.00000000,2.10840000,0
2026-06-04 16:00:00,0.0564,0.0564,0.0564,0.0564,0.00000000,1780603199999,0.00000000,0,0.00000000,0.00000000,0
2026-06-04 20:00:00,0.0564,0.0564,0.0564,0.0564,0.00000000,1780617599999,0.00000000,0,0.00000000,0.00000000,0
2026-06-05 00:00:00,0.0564,0.0564,0.0564,0.0564,0.00000000,1780631999999,0.00000000,0,0.00000000,0.00000000,0
2026-06-05 04:00:00,0.0564,0.0564,0.0564,0.0564,0.00000000,1780646399999,0.00000000,0,0.00000000,0.00000000,0
2026-06-05 08:00:00,0.0564,0.0564,0.0564,0.0564,0.00000000,1780660799999,0.00000000,0,0.00000000,0.00000000,0
2026-06-05 12:00:00,0.0544,0.0544,0.0544,0.0544,1838.00000000,1780675199999,99.98720000,4,0.00000000,0.00000000,0
2026-06-05 16:00:00,0.0537,0.0537,0.0537,0.0537,30.00000000,1780689599999,1.61100000,1,0.00000000,0.00000000,0
2026-06-05 20:00:00,0.0537,0.0537,0.0537,0.0537,0.00000000,1780703999999,0.00000000,0,0.00000000,0.00000000,0
2026-06-06 00:00:00,0.0537,0.0537,0.0537,0.0537,0.00000000,1780718399999,0.00000000,0,0.00000000,0.00000000,0
2026-06-06 04:00:00,0.0537,0.0537,0.0537,0.0537,0.00000000,1780732799999,0.00000000,0,0.00000000,0.00000000,0
2026-06-06 08:00:00,0.0537,0.0537,0.0537,0.0537,0.00000000,1780747199999,0.00000000,0,0.00000000,0.00000000,0
2026-06-06 12:00:00,0.0537,0.0537,0.0537,0.0537,0.00000000,1780761599999,0.00000000,0,0.00000000,0.00000000,0
2026-06-06 16:00:00,0.0537,0.0537,0.0537,0.0537,0.00000000,1780775999999,0.00000000,0,0.00000000,0.00000000,0
2026-06-06 20:00:00,0.0537,0.0537,0.0537,0.0537,0.00000000,1780790399999,0.00000000,0,0.00000000,0.00000000,0
2026-06-07 00:00:00,0.0537,0.0537,0.0537,0.0537,0.00000000,1780804799999,0.00000000,0,0.00000000,0.00000000,0
2026-06-07 04:00:00,0.0537,0.0537,0.0537,0.0537,0.00000000,1780819199999,0.00000000,0,0.00000000,0.00000000,0
2026-06-07 08:00:00,0.0559,0.0559,0.0559,0.0559,30.00000000,1780833599999,1.67700000,1,30.00000000,1.67700000,0
2026-06-07 12:00:00,0.0559,0.0559,0.0559,0.0559,0.00000000,1780847999999,0.00000000,0,0.00000000,0.00000000,0
2026-06-07 16:00:00,0.0559,0.0559,0.0559,0.0559,0.00000000,1780862399999,0.00000000,0,0.00000000,0.00000000,0
2026-06-07 20:00:00,0.0559,0.0559,0.0559,0.0559,0.00000000,1780876799999,0.00000000,0,0.00000000,0.00000000,0
2026-06-08 00:00:00,0.0559,0.0559,0.0559,0.0559,0.00000000,1780891199999,0.00000000,0,0.00000000,0.00000000,0
2026-06-08 04:00:00,0.0559,0.0559,0.0559,0.0559,0.00000000,1780905599999,0.00000000,0,0.00000000,0.00000000,0
2026-06-08 08:00:00,0.0559,0.0559,0.0559,0.0559,0.00000000,1780919999999,0.00000000,0,0.00000000,0.00000000,0
2026-06-08 12:00:00,0.0711,0.0712,0.0711,0.0712,818.00000000,1780934399999,58.18080000,3,818.00000000,58.18080000,0
2026-06-08 16:00:00,0.0712,0.0712,0.0712,0.0712,0.00000000,1780948799999,0.00000000,0,0.00000000,0.00000000,0
2026-06-08 20:00:00,0.0712,0.0712,0.0712,0.0712,0.00000000,1780963199999,0.00000000,0,0.00000000,0.00000000,0
2026-06-09 00:00:00,0.0712,0.0712,0.0712,0.0712,0.00000000,1780977599999,0.00000000,0,0.00000000,0.00000000,0
2026-06-09 04:00:00,0.0712,0.0712,0.0712,0.0712,0.00000000,1780991999999,0.00000000,0,0.00000000,0.00000000,0
2026-06-09 08:00:00,0.0712,0.0712,0.0712,0.0712,0.00000000,1781006399999,0.00000000,0,0.00000000,0.00000000,0
2026-06-09 12:00:00,0.0712,0.0712,0.0712,0.0712,0.00000000,1781020799999,0.00000000,0,0.00000000,0.00000000,0
2026-06-09 16:00:00,0.0712,0.0712,0.0712,0.0712,0.00000000,1781035199999,0.00000000,0,0.00000000,0.00000000,0
2026-06-09 20:00:00,0.0712,0.0712,0.0712,0.0712,0.00000000,1781049599999,0.00000000,0,0.00000000,0.00000000,0
2026-06-10 00:00:00,0.0712,0.0712,0.0712,0.0712,0.00000000,1781063999999,0.00000000,0,0.00000000,0.00000000,0
2026-06-10 04:00:00,0.0709,0.0712,0.0582,0.0582,3267.00000000,1781078399999,232.02460000,8,1112.00000000,78.87640000,0
2026-06-10 08:00:00,0.0582,0.0582,0.0582,0.0582,0.00000000,1781092799999,0.00000000,0,0.00000000,0.00000000,0
2026-06-10 12:00:00,0.0557,0.0557,0.0557,0.0557,168.00000000,1781107199999,9.35760000,1,168.00000000,9.35760000,0
2026-06-10 16:00:00,0.0557,0.0557,0.0557,0.0557,0.00000000,1781121599999,0.00000000,0,0.00000000,0.00000000,0
2026-06-10 20:00:00,0.0557,0.0557,0.0557,0.0557,0.00000000,1781135999999,0.00000000,0,0.00000000,0.00000000,0
2026-06-11 00:00:00,0.0557,0.0557,0.0557,0.0557,0.00000000,1781150399999,0.00000000,0,0.00000000,0.00000000,0
2026-06-11 04:00:00,0.0557,0.0557,0.0557,0.0557,0.00000000,1781164799999,0.00000000,0,0.00000000,0.00000000,0
2026-06-11 08:00:00,0.0557,0.0557,0.0557,0.0557,0.00000000,1781179199999,0.00000000,0,0.00000000,0.00000000,0
2026-06-11 12:00:00,0.0557,0.0557,0.0557,0.0557,0.00000000,1781193599999,0.00000000,0,0.00000000,0.00000000,0
2026-06-11 16:00:00,0.0552,0.0552,0.0552,0.0552,3274.00000000,1781207999999,180.72480000,3,3247.00000000,179.23440000,0
2026-06-11 20:00:00,0.0552,0.0552,0.0552,0.0552,0.00000000,1781222399999,0.00000000,0,0.00000000,0.00000000,0
2026-06-12 00:00:00,0.0552,0.0552,0.0552,0.0552,0.00000000,1781236799999,0.00000000,0,0.00000000,0.00000000,0
2026-06-12 04:00:00,0.0552,0.0552,0.0552,0.0552,0.00000000,1781251199999,0.00000000,0,0.00000000,0.00000000,0
2026-06-12 08:00:00,0.0552,0.0552,0.0552,0.0552,0.00000000,1781265599999,0.00000000,0,0.00000000,0.00000000,0
2026-06-12 12:00:00,0.056,0.056,0.0519,0.0519,649.00000000,1781279999999,35.66770000,3,0.00000000,0.00000000,0
2026-06-12 16:00:00,0.0519,0.0519,0.0519,0.0519,0.00000000,1781294399999,0.00000000,0,0.00000000,0.00000000,0
2026-06-12 20:00:00,0.0519,0.0519,0.0519,0.0519,0.00000000,1781308799999,0.00000000,0,0.00000000,0.00000000,0
2026-06-13 00:00:00,0.0519,0.0519,0.0519,0.0519,0.00000000,1781323199999,0.00000000,0,0.00000000,0.00000000,0
2026-06-13 04:00:00,0.0519,0.0519,0.0519,0.0519,0.00000000,1781337599999,0.00000000,0,0.00000000,0.00000000,0
2026-06-13 08:00:00,0.0519,0.0519,0.0519,0.0519,0.00000000,1781351999999,0.00000000,0,0.00000000,0.00000000,0
2026-06-13 12:00:00,0.0519,0.0519,0.0519,0.0519,0.00000000,1781366399999,0.00000000,0,0.00000000,0.00000000,0
2026-06-13 16:00:00,0.0519,0.0519,0.0519,0.0519,0.00000000,1781380799999,0.00000000,0,0.00000000,0.00000000,0
2026-06-13 20:00:00,0.0519,0.0519,0.0519,0.0519,0.00000000,1781395199999,0.00000000,0,0.00000000,0.00000000,0
2026-06-14 00:00:00,0.0519,0.0519,0.0519,0.0519,0.00000000,1781409599999,0.00000000,0,0.00000000,0.00000000,0
2026-06-14 04:00:00,0.0519,0.0519,0.0519,0.0519,0.00000000,1781423999999,0.00000000,0,0.00000000,0.00000000,0
2026-06-14 08:00:00,0.0519,0.0519,0.0519,0.0519,0.00000000,1781438399999,0.00000000,0,0.00000000,0.00000000,0
2026-06-14 12:00:00,0.0581,0.0581,0.0577,0.0577,3821.00000000,1781452799999,220.52170000,5,125.00000000,7.26250000,0
2026-06-14 16:00:00,0.0577,0.0577,0.0577,0.0577,0.00000000,1781467199999,0.00000000,0,0.00000000,0.00000000,0
2026-06-14 20:00:00,0.0577,0.0577,0.0577,0.0577,0.00000000,1781481599999,0.00000000,0,0.00000000,0.00000000,0
2026-06-15 00:00:00,0.0577,0.0577,0.0577,0.0577,0.00000000,1781495999999,0.00000000,0,0.00000000,0.00000000,0
2026-06-15 04:00:00,0.0577,0.0577,0.0577,0.0577,0.00000000,1781510399999,0.00000000,0,0.00000000,0.00000000,0
2026-06-15 08:00:00,0.0577,0.0577,0.0577,0.0577,0.00000000,1781524799999,0.00000000,0,0.00000000,0.00000000,0
2026-06-15 12:00:00,0.0577,0.0577,0.0577,0.0577,0.00000000,1781539199999,0.00000000,0,0.00000000,0.00000000,0
2026-06-15 16:00:00,0.0577,0.0577,0.0577,0.0577,0.00000000,1781553599999,0.00000000,0,0.00000000,0.00000000,0
2026-06-15 20:00:00,0.0577,0.0577,0.0577,0.0577,0.00000000,1781567999999,0.00000000,0,0.00000000,0.00000000,0
2026-06-16 00:00:00,0.0577,0.0577,0.0577,0.0577,0.00000000,1781582399999,0.00000000,0,0.00000000,0.00000000,0
2026-06-16 04:00:00,0.0577,0.0577,0.0577,0.0577,0.00000000,1781596799999,0.00000000,0,0.00000000,0.00000000,0
2026-06-16 08:00:00,0.0577,0.0577,0.0577,0.0577,0.00000000,1781611199999,0.00000000,0,0.00000000,0.00000000,0
2026-06-16 12:00:00,0.0577,0.0577,0.0577,0.0577,0.00000000,1781625599999,0.00000000,0,0.00000000,0.00000000,0
2026-06-16 16:00:00,0.0577,0.0577,0.0577,0.0577,0.00000000,1781639999999,0.00000000,0,0.00000000,0.00000000,0
2026-06-16 20:00:00,0.0577,0.0577,0.0577,0.0577,0.00000000,1781654399999,0.00000000,0,0.00000000,0.00000000,0
2026-06-17 00:00:00,0.0577,0.0577,0.0577,0.0577,0.00000000,1781668799999,0.00000000,0,0.00000000,0.00000000,0
2026-06-17 04:00:00,0.0577,0.0577,0.0577,0.0577,0.00000000,1781683199999,0.00000000,0,0.00000000,0.00000000,0
2026-06-17 08:00:00,0.0577,0.0577,0.0577,0.0577,0.00000000,1781697599999,0.00000000,0,0.00000000,0.00000000,0
2026-06-17 12:00:00,0.0548,0.0548,0.0548,0.0548,522.00000000,1781711999999,28.60560000,2,0.00000000,0.00000000,0
2026-06-17 16:00:00,0.057,0.057,0.057,0.057,133.00000000,1781726399999,7.58100000,1,133.00000000,7.58100000,0
2026-06-17 20:00:00,0.057,0.057,0.057,0.057,0.00000000,1781740799999,0.00000000,0,0.00000000,0.00000000,0
2026-06-18 00:00:00,0.057,0.057,0.057,0.057,0.00000000,1781755199999,0.00000000,0,0.00000000,0.00000000,0
2026-06-18 04:00:00,0.057,0.057,0.057,0.057,0.00000000,1781769599999,0.00000000,0,0.00000000,0.00000000,0
2026-06-18 08:00:00,0.057,0.057,0.057,0.057,0.00000000,1781783999999,0.00000000,0,0.00000000,0.00000000,0
2026-06-18 12:00:00,0.0559,0.0559,0.0558,0.0558,332.00000000,1781798399999,18.55420000,2,0.00000000,0.00000000,0
2026-06-18 16:00:00,0.0558,0.0558,0.0558,0.0558,0.00000000,1781812799999,0.00000000,0,0.00000000,0.00000000,0
2026-06-18 20:00:00,0.0558,0.0558,0.0558,0.0558,0.00000000,1781827199999,0.00000000,0,0.00000000,0.00000000,0
2026-06-19 00:00:00,0.0558,0.0558,0.0558,0.0558,0.00000000,1781841599999,0.00000000,0,0.00000000,0.00000000,0
2026-06-19 04:00:00,0.0558,0.0558,0.0558,0.0558,0.00000000,1781855999999,0.00000000,0,0.00000000,0.00000000,0
2026-06-19 08:00:00,0.0558,0.0558,0.0558,0.0558,0.00000000,1781870399999,0.00000000,0,0.00000000,0.00000000,0
2026-06-19 12:00:00,0.0558,0.0558,0.0558,0.0558,0.00000000,1781884799999,0.00000000,0,0.00000000,0.00000000,0
2026-06-19 16:00:00,0.0558,0.0558,0.0558,0.0558,0.00000000,1781899199999,0.00000000,0,0.00000000,0.00000000,0
2026-06-19 20:00:00,0.0558,0.0558,0.0558,0.0558,0.00000000,1781913599999,0.00000000,0,0.00000000,0.00000000,0
2026-06-20 00:00:00,0.0558,0.0558,0.0558,0.0558,0.00000000,1781927999999,0.00000000,0,0.00000000,0.00000000,0
2026-06-20 04:00:00,0.0558,0.0558,0.0558,0.0558,0.00000000,1781942399999,0.00000000,0,0.00000000,0.00000000,0
2026-06-20 08:00:00,0.0558,0.0558,0.0558,0.0558,0.00000000,1781956799999,0.00000000,0,0.00000000,0.00000000,0
2026-06-20 12:00:00,0.0558,0.0558,0.0558,0.0558,0.00000000,1781971199999,0.00000000,0,0.00000000,0.00000000,0
2026-06-20 16:00:00,0.0558,0.0558,0.0558,0.0558,0.00000000,1781985599999,0.00000000,0,0.00000000,0.00000000,0
2026-06-20 20:00:00,0.0558,0.0558,0.0558,0.0558,0.00000000,1781999999999,0.00000000,0,0.00000000,0.00000000,0
2026-06-21 00:00:00,0.0558,0.0558,0.0558,0.0558,0.00000000,1782014399999,0.00000000,0,0.00000000,0.00000000,0
2026-06-21 04:00:00,0.0558,0.0558,0.0558,0.0558,0.00000000,1782028799999,0.00000000,0,0.00000000,0.00000000,0
2026-06-21 08:00:00,0.0558,0.0558,0.0558,0.0558,0.00000000,1782043199999,0.00000000,0,0.00000000,0.00000000,0
2026-06-21 12:00:00,0.0558,0.0558,0.0558,0.0558,0.00000000,1782057599999,0.00000000,0,0.00000000,0.00000000,0
2026-06-21 16:00:00,0.0558,0.0558,0.0558,0.0558,0.00000000,1782071999999,0.00000000,0,0.00000000,0.00000000,0
2026-06-21 20:00:00,0.0558,0.0558,0.0558,0.0558,0.00000000,1782086399999,0.00000000,0,0.00000000,0.00000000,0
2026-06-22 00:00:00,0.0558,0.0558,0.0558,0.0558,0.00000000,1782100799999,0.00000000,0,0.00000000,0.00000000,0
2026-06-22 04:00:00,0.0558,0.0558,0.0558,0.0558,0.00000000,1782115199999,0.00000000,0,0.00000000,0.00000000,0
2026-06-22 08:00:00,0.0558,0.0558,0.0558,0.0558,0.00000000,1782129599999,0.00000000,0,0.00000000,0.00000000,0
2026-06-22 12:00:00,0.064,0.064,0.064,0.064,20.00000000,1782143999999,1.28000000,1,20.00000000,1.28000000,0
2026-06-22 16:00:00,0.064,0.064,0.064,0.064,0.00000000,1782158399999,0.00000000,0,0.00000000,0.00000000,0
2026-06-22 20:00:00,0.0542,0.0542,0.0542,0.0542,21.00000000,1782172799999,1.13820000,1,0.00000000,0.00000000,0
2026-06-23 00:00:00,0.0542,0.0542,0.0542,0.0542,0.00000000,1782187199999,0.00000000,0,0.00000000,0.00000000,0
2026-06-23 04:00:00,0.0542,0.0542,0.0542,0.0542,0.00000000,1782201599999,0.00000000,0,0.00000000,0.00000000,0
2026-06-23 08:00:00,0.0542,0.0542,0.0542,0.0542,0.00000000,1782215999999,0.00000000,0,0.00000000,0.00000000,0
2026-06-23 12:00:00,0.0542,0.0542,0.0542,0.0542,0.00000000,1782230399999,0.00000000,0,0.00000000,0.00000000,0
2026-06-23 16:00:00,0.0542,0.0542,0.0542,0.0542,0.00000000,1782244799999,0.00000000,0,0.00000000,0.00000000,0
2026-06-23 20:00:00,0.0542,0.0542,0.0542,0.0542,0.00000000,1782259199999,0.00000000,0,0.00000000,0.00000000,0
2026-06-24 00:00:00,0.0542,0.0542,0.0542,0.0542,0.00000000,1782273599999,0.00000000,0,0.00000000,0.00000000,0
2026-06-24 04:00:00,0.0542,0.0542,0.0542,0.0542,0.00000000,1782287999999,0.00000000,0,0.00000000,0.00000000,0
2026-06-24 08:00:00,0.0542,0.0542,0.0542,0.0542,0.00000000,1782302399999,0.00000000,0,0.00000000,0.00000000,0
2026-06-24 12:00:00,0.0542,0.0542,0.0542,0.0542,0.00000000,1782316799999,0.00000000,0,0.00000000,0.00000000,0
2026-06-24 16:00:00,0.0542,0.0542,0.0542,0.0542,0.00000000,1782331199999,0.00000000,0,0.00000000,0.00000000,0
2026-06-24 20:00:00,0.0532,0.0532,0.0532,0.0532,187.00000000,1782345599999,9.94840000,1,187.00000000,9.94840000,0
2026-06-25 00:00:00,0.0532,0.0532,0.0532,0.0532,0.00000000,1782359999999,0.00000000,0,0.00000000,0.00000000,0
2026-06-25 04:00:00,0.0532,0.0532,0.0532,0.0532,0.00000000,1782374399999,0.00000000,0,0.00000000,0.00000000,0
2026-06-25 08:00:00,0.0532,0.0532,0.0532,0.0532,0.00000000,1782388799999,0.00000000,0,0.00000000,0.00000000,0
2026-06-25 12:00:00,0.0532,0.0532,0.0532,0.0532,0.00000000,1782403199999,0.00000000,0,0.00000000,0.00000000,0
2026-06-25 16:00:00,0.0532,0.0532,0.0532,0.0532,0.00000000,1782417599999,0.00000000,0,0.00000000,0.00000000,0
2026-06-25 20:00:00,0.0532,0.0532,0.0532,0.0532,0.00000000,1782431999999,0.00000000,0,0.00000000,0.00000000,0
2026-06-26 00:00:00,0.0532,0.0532,0.0532,0.0532,0.00000000,1782446399999,0.00000000,0,0.00000000,0.00000000,0
2026-06-26 04:00:00,0.0532,0.0532,0.0532,0.0532,0.00000000,1782460799999,0.00000000,0,0.00000000,0.00000000,0
2026-06-26 08:00:00,0.0532,0.0532,0.0532,0.0532,0.00000000,1782475199999,0.00000000,0,0.00000000,0.00000000,0
2026-06-26 12:00:00,0.0532,0.0532,0.0532,0.0532,0.00000000,1782489599999,0.00000000,0,0.00000000,0.00000000,0
2026-06-26 16:00:00,0.0532,0.0532,0.0532,0.0532,0.00000000,1782503999999,0.00000000,0,0.00000000,0.00000000,0
2026-06-26 20:00:00,0.0532,0.0532,0.0532,0.0532,0.00000000,1782518399999,0.00000000,0,0.00000000,0.00000000,0
2026-06-27 00:00:00,0.0532,0.0532,0.0532,0.0532,0.00000000,1782532799999,0.00000000,0,0.00000000,0.00000000,0
2026-06-27 04:00:00,0.0532,0.0532,0.0532,0.0532,0.00000000,1782547199999,0.00000000,0,0.00000000,0.00000000,0
2026-06-27 08:00:00,0.0532,0.0532,0.0532,0.0532,0.00000000,1782561599999,0.00000000,0,0.00000000,0.00000000,0
2026-06-27 12:00:00,0.0532,0.0532,0.0532,0.0532,0.00000000,1782575999999,0.00000000,0,0.00000000,0.00000000,0
2026-06-27 16:00:00,0.0532,0.0532,0.0532,0.0532,0.00000000,1782590399999,0.00000000,0,0.00000000,0.00000000,0
2026-06-27 20:00:00,0.0532,0.0532,0.0532,0.0532,0.00000000,1782604799999,0.00000000,0,0.00000000,0.00000000,0
2026-06-28 00:00:00,0.0532,0.0532,0.0532,0.0532,0.00000000,1782619199999,0.00000000,0,0.00000000,0.00000000,0
2026-06-28 04:00:00,0.0532,0.0532,0.0532,0.0532,0.00000000,1782633599999,0.00000000,0,0.00000000,0.00000000,0
2026-06-28 08:00:00,0.0532,0.0532,0.0532,0.0532,0.00000000,1782647999999,0.00000000,0,0.00000000,0.00000000,0
2026-06-28 12:00:00,0.0532,0.0532,0.0532,0.0532,0.00000000,1782662399999,0.00000000,0,0.00000000,0.00000000,0
2026-06-28 16:00:00,0.0532,0.0532,0.0532,0.0532,0.00000000,1782676799999,0.00000000,0,0.00000000,0.00000000,0
2026-06-28 20:00:00,0.0532,0.0532,0.0532,0.0532,0.00000000,1782691199999,0.00000000,0,0.00000000,0.00000000,0
2026-06-29 00:00:00,0.0532,0.0532,0.0532,0.0532,0.00000000,1782705599999,0.00000000,0,0.00000000,0.00000000,0
2026-06-29 04:00:00,0.0532,0.0532,0.0532,0.0532,0.00000000,1782719999999,0.00000000,0,0.00000000,0.00000000,0
2026-06-29 08:00:00,0.0532,0.0532,0.0532,0.0532,0.00000000,1782734399999,0.00000000,0,0.00000000,0.00000000,0
2026-06-29 12:00:00,0.0532,0.0532,0.0532,0.0532,0.00000000,1782748799999,0.00000000,0,0.00000000,0.00000000,0
2026-06-29 16:00:00,0.0532,0.0532,0.0532,0.0532,0.00000000,1782763199999,0.00000000,0,0.00000000,0.00000000,0
2026-06-29 20:00:00,0.0532,0.0532,0.0532,0.0532,0.00000000,1782777599999,0.00000000,0,0.00000000,0.00000000,0
2026-06-30 00:00:00,0.0519,0.0519,0.0517,0.0517,874.00000000,1782791999999,45.30620000,4,0.00000000,0.00000000,0
2026-06-30 04:00:00,0.0517,0.0517,0.0517,0.0517,0.00000000,1782806399999,0.00000000,0,0.00000000,0.00000000,0
2026-06-30 08:00:00,0.0517,0.0517,0.0517,0.0517,0.00000000,1782820799999,0.00000000,0,0.00000000,0.00000000,0
2026-06-30 12:00:00,0.0517,0.0517,0.0517,0.0517,0.00000000,1782835199999,0.00000000,0,0.00000000,0.00000000,0
2026-06-30 16:00:00,0.0517,0.0517,0.0517,0.0517,622.00000000,1782849599999,32.15740000,1,0.00000000,0.00000000,0
2026-06-30 20:00:00,0.0517,0.0517,0.0517,0.0517,0.00000000,1782863999999,0.00000000,0,0.00000000,0.00000000,0
2026-07-01 00:00:00,0.0517,0.0517,0.0517,0.0517,1040.00000000,1782878399999,53.76800000,1,0.00000000,0.00000000,0
2026-07-01 04:00:00,0.0517,0.0517,0.0517,0.0517,0.00000000,1782892799999,0.00000000,0,0.00000000,0.00000000,0
2026-07-01 08:00:00,0.0517,0.0517,0.0517,0.0517,0.00000000,1782907199999,0.00000000,0,0.00000000,0.00000000,0
2026-07-01 12:00:00,0.0517,0.0517,0.0517,0.0517,0.00000000,1782921599999,0.00000000,0,0.00000000,0.00000000,0
2026-07-01 16:00:00,0.0532,0.0537,0.0532,0.0537,374.00000000,1782935999999,19.96230000,3,374.00000000,19.96230000,0
2026-07-01 20:00:00,0.0537,0.0537,0.0537,0.0537,498.00000000,1782950399999,26.74260000,1,498.00000000,26.74260000,0
2026-07-02 00:00:00,0.0537,0.0537,0.0537,0.0537,0.00000000,1782964799999,0.00000000,0,0.00000000,0.00000000,0
2026-07-02 04:00:00,0.0537,0.0537,0.0537,0.0537,0.00000000,1782979199999,0.00000000,0,0.00000000,0.00000000,0
2026-07-02 08:00:00,0.0537,0.0537,0.0537,0.0537,0.00000000,1782993599999,0.00000000,0,0.00000000,0.00000000,0
2026-07-02 12:00:00,0.0537,0.0537,0.0537,0.0537,0.00000000,1783007999999,0.00000000,0,0.00000000,0.00000000,0
2026-07-02 16:00:00,0.0537,0.0537,0.0537,0.0537,0.00000000,1783022399999,0.00000000,0,0.00000000,0.00000000,0
2026-07-02 20:00:00,0.0537,0.0537,0.0537,0.0537,0.00000000,1783036799999,0.00000000,0,0.00000000,0.00000000,0
2026-07-03 00:00:00,0.0537,0.0537,0.0537,0.0537,0.00000000,1783051199999,0.00000000,0,0.00000000,0.00000000,0
2026-07-03 04:00:00,0.0537,0.0537,0.0537,0.0537,0.00000000,1783065599999,0.00000000,0,0.00000000,0.00000000,0
2026-07-03 08:00:00,0.0531,0.0531,0.0457,0.0457,2610.00000000,1783079999999,133.82940000,12,0.00000000,0.00000000,0
2026-07-03 12:00:00,0.0457,0.0457,0.0457,0.0457,0.00000000,1783094399999,0.00000000,0,0.00000000,0.00000000,0
2026-07-03 16:00:00,0.0536,0.0536,0.0536,0.0536,372.00000000,1783108799999,19.93920000,1,0.00000000,0.00000000,0
2026-07-03 20:00:00,0.0554,0.0554,0.0554,0.0554,21.00000000,1783123199999,1.16340000,1,21.00000000,1.16340000,0
2026-07-04 00:00:00,0.0554,0.0554,0.0554,0.0554,0.00000000,1783137599999,0.00000000,0,0.00000000,0.00000000,0
2026-07-04 04:00:00,0.0554,0.0554,0.0554,0.0554,0.00000000,1783151999999,0.00000000,0,0.00000000,0.00000000,0
2026-07-04 08:00:00,0.0568,0.0568,0.0568,0.0568,53.00000000,1783166399999,3.01040000,1,53.00000000,3.01040000,0
2026-07-04 12:00:00,0.0558,0.0558,0.0558,0.0558,30.00000000,1783180799999,1.67400000,1,0.00000000,0.00000000,0
2026-07-04 16:00:00,0.0558,0.0558,0.0558,0.0558,0.00000000,1783195199999,0.00000000,0,0.00000000,0.00000000,0
2026-07-04 20:00:00,0.0558,0.0558,0.0558,0.0558,0.00000000,1783209599999,0.00000000,0,0.00000000,0.00000000,0
2026-07-05 00:00:00,0.0558,0.0558,0.0558,0.0558,0.00000000,1783223999999,0.00000000,0,0.00000000,0.00000000,0
2026-07-05 04:00:00,0.0558,0.0558,0.0558,0.0558,0.00000000,1783238399999,0.00000000,0,0.00000000,0.00000000,0
2026-07-05 08:00:00,0.0558,0.0558,0.0558,0.0558,0.00000000,1783252799999,0.00000000,0,0.00000000,0.00000000,0
2026-07-05 12:00:00,0.0558,0.0558,0.0558,0.0558,0.00000000,1783267199999,0.00000000,0,0.00000000,0.00000000,0
2026-07-05 16:00:00,0.0558,0.0558,0.0558,0.0558,0.00000000,1783281599999,0.00000000,0,0.00000000,0.00000000,0
2026-07-05 20:00:00,0.0558,0.0558,0.0558,0.0558,0.00000000,1783295999999,0.00000000,0,0.00000000,0.00000000,0
2026-07-06 00:00:00,0.0558,0.0558,0.0558,0.0558,0.00000000,1783310399999,0.00000000,0,0.00000000,0.00000000,0
2026-07-06 04:00:00,0.0558,0.0558,0.0558,0.0558,0.00000000,1783324799999,0.00000000,0,0.00000000,0.00000000,0
2026-07-06 08:00:00,0.055,0.055,0.055,0.055,235.00000000,1783339199999,12.92500000,1,235.00000000,12.92500000,0
2026-07-06 12:00:00,0.055,0.055,0.055,0.055,0.00000000,1783353599999,0.00000000,0,0.00000000,0.00000000,0
2026-07-06 16:00:00,0.055,0.055,0.055,0.055,0.00000000,1783367999999,0.00000000,0,0.00000000,0.00000000,0
2026-07-06 20:00:00,0.055,0.055,0.055,0.055,0.00000000,1783382399999,0.00000000,0,0.00000000,0.00000000,0
2026-07-07 00:00:00,0.055,0.055,0.055,0.055,0.00000000,1783396799999,0.00000000,0,0.00000000,0.00000000,0
2026-07-07 04:00:00,0.055,0.055,0.055,0.055,0.00000000,1783411199999,0.00000000,0,0.00000000,0.00000000,0
2026-07-07 08:00:00,0.055,0.055,0.055,0.055,0.00000000,1783425599999,0.00000000,0,0.00000000,0.00000000,0
2026-07-07 12:00:00,0.055,0.055,0.055,0.055,0.00000000,1783439999999,0.00000000,0,0.00000000,0.00000000,0
2026-07-07 16:00:00,0.055,0.055,0.055,0.055,0.00000000,1783454399999,0.00000000,0,0.00000000,0.00000000,0
2026-07-07 20:00:00,0.055,0.055,0.055,0.055,0.00000000,1783468799999,0.00000000,0,0.00000000,0.00000000,0
2026-07-08 00:00:00,0.055,0.055,0.055,0.055,0.00000000,1783483199999,0.00000000,0,0.00000000,0.00000000,0
2026-07-08 04:00:00,0.055,0.055,0.055,0.055,0.00000000,1783497599999,0.00000000,0,0.00000000,0.00000000,0
2026-07-08 08:00:00,0.055,0.055,0.055,0.055,0.00000000,1783511999999,0.00000000,0,0.00000000,0.00000000,0
2026-07-08 12:00:00,0.055,0.055,0.055,0.055,0.00000000,1783526399999,0.00000000,0,0.00000000,0.00000000,0
2026-07-08 16:00:00,0.055,0.055,0.055,0.055,0.00000000,1783540799999,0.00000000,0,0.00000000,0.00000000,0
2026-07-08 20:00:00,0.055,0.055,0.055,0.055,0.00000000,1783555199999,0.00000000,0,0.00000000,0.00000000,0
2026-07-09 00:00:00,0.055,0.055,0.055,0.055,0.00000000,1783569599999,0.00000000,0,0.00000000,0.00000000,0
2026-07-09 04:00:00,0.055,0.055,0.055,0.055,0.00000000,1783583999999,0.00000000,0,0.00000000,0.00000000,0
2026-07-09 08:00:00,0.055,0.055,0.055,0.055,0.00000000,1783598399999,0.00000000,0,0.00000000,0.00000000,0
2026-07-09 12:00:00,0.055,0.055,0.055,0.055,0.00000000,1783612799999,0.00000000,0,0.00000000,0.00000000,0
2026-07-09 16:00:00,0.055,0.055,0.055,0.055,0.00000000,1783627199999,0.00000000,0,0.00000000,0.00000000,0
2026-07-09 20:00:00,0.055,0.055,0.055,0.055,0.00000000,1783641599999,0.00000000,0,0.00000000,0.00000000,0
2026-07-10 00:00:00,0.055,0.055,0.055,0.055,0.00000000,1783655999999,0.00000000,0,0.00000000,0.00000000,0
2026-07-10 04:00:00,0.055,0.055,0.055,0.055,0.00000000,1783670399999,0.00000000,0,0.00000000,0.00000000,0
2026-07-10 08:00:00,0.055,0.055,0.055,0.055,0.00000000,1783684799999,0.00000000,0,0.00000000,0.00000000,0
2026-07-10 12:00:00,0.055,0.055,0.055,0.055,0.00000000,1783699199999,0.00000000,0,0.00000000,0.00000000,0
2026-07-10 16:00:00,0.055,0.055,0.055,0.055,0.00000000,1783713599999,0.00000000,0,0.00000000,0.00000000,0
2026-07-10 20:00:00,0.055,0.055,0.055,0.055,0.00000000,1783727999999,0.00000000,0,0.00000000,0.00000000,0
2026-07-11 00:00:00,0.055,0.055,0.055,0.055,0.00000000,1783742399999,0.00000000,0,0.00000000,0.00000000,0
2026-07-11 04:00:00,0.055,0.055,0.055,0.055,0.00000000,1783756799999,0.00000000,0,0.00000000,0.00000000,0
2026-07-11 08:00:00,0.055,0.055,0.055,0.055,0.00000000,1783771199999,0.00000000,0,0.00000000,0.00000000,0
2026-07-11 12:00:00,0.055,0.055,0.055,0.055,0.00000000,1783785599999,0.00000000,0,0.00000000,0.00000000,0
2026-07-11 16:00:00,0.055,0.055,0.055,0.055,0.00000000,1783799999999,0.00000000,0,0.00000000,0.00000000,0
2026-07-11 20:00:00,0.055,0.055,0.055,0.055,0.00000000,1783814399999,0.00000000,0,0.00000000,0.00000000,0
2026-07-12 00:00:00,0.055,0.055,0.055,0.055,0.00000000,1783828799999,0.00000000,0,0.00000000,0.00000000,0
2026-07-12 04:00:00,0.055,0.055,0.055,0.055,0.00000000,1783843199999,0.00000000,0,0.00000000,0.00000000,0
2026-07-12 08:00:00,0.055,0.055,0.055,0.055,0.00000000,1783857599999,0.00000000,0,0.00000000,0.00000000,0
2026-07-12 12:00:00,0.055,0.055,0.055,0.055,0.00000000,1783871999999,0.00000000,0,0.00000000,0.00000000,0
2026-07-12 16:00:00,0.055,0.055,0.055,0.055,0.00000000,1783886399999,0.00000000,0,0.00000000,0.00000000,0
2026-07-12 20:00:00,0.055,0.055,0.055,0.055,0.00000000,1783900799999,0.00000000,0,0.00000000,0.00000000,0
2026-07-13 00:00:00,0.055,0.055,0.055,0.055,0.00000000,1783915199999,0.00000000,0,0.00000000,0.00000000,0
2026-07-13 04:00:00,0.055,0.055,0.055,0.055,0.00000000,1783929599999,0.00000000,0,0.00000000,0.00000000,0
2026-07-13 08:00:00,0.055,0.055,0.055,0.055,0.00000000,1783943999999,0.00000000,0,0.00000000,0.00000000,0
2026-07-13 12:00:00,0.055,0.055,0.055,0.055,0.00000000,1783958399999,0.00000000,0,0.00000000,0.00000000,0
2026-07-13 16:00:00,0.055,0.055,0.055,0.055,0.00000000,1783972799999,0.00000000,0,0.00000000,0.00000000,0
2026-07-13 20:00:00,0.055,0.055,0.055,0.055,0.00000000,1783987199999,0.00000000,0,0.00000000,0.00000000,0
2026-07-14 00:00:00,0.055,0.055,0.055,0.055,0.00000000,1784001599999,0.00000000,0,0.00000000,0.00000000,0
2026-07-14 04:00:00,0.055,0.055,0.055,0.055,0.00000000,1784015999999,0.00000000,0,0.00000000,0.00000000,0
2026-07-14 08:00:00,0.055,0.055,0.055,0.055,0.00000000,1784030399999,0.00000000,0,0.00000000,0.00000000,0
2026-07-14 12:00:00,0.055,0.055,0.055,0.055,73.00000000,1784044799999,4.01500000,1,73.00000000,4.01500000,0
2026-07-14 16:00:00,0.055,0.055,0.055,0.055,0.00000000,1784059199999,0.00000000,0,0.00000000,0.00000000,0
2026-07-14 20:00:00,0.055,0.055,0.055,0.055,0.00000000,1784073599999,0.00000000,0,0.00000000,0.00000000,0
2026-07-15 00:00:00,0.055,0.055,0.055,0.055,0.00000000,1784087999999,0.00000000,0,0.00000000,0.00000000,0
2026-07-15 04:00:00,0.055,0.055,0.055,0.055,0.00000000,1784102399999,0.00000000,0,0.00000000,0.00000000,0
2026-07-15 08:00:00,0.055,0.055,0.055,0.055,0.00000000,1784116799999,0.00000000,0,0.00000000,0.00000000,0
2026-07-15 12:00:00,0.055,0.055,0.055,0.055,0.00000000,1784131199999,0.00000000,0,0.00000000,0.00000000,0
2026-07-15 16:00:00,0.055,0.055,0.055,0.055,0.00000000,1784145599999,0.00000000,0,0.00000000,0.00000000,0
2026-07-15 20:00:00,0.055,0.055,0.055,0.055,0.00000000,1784159999999,0.00000000,0,0.00000000,0.00000000,0
2026-07-16 00:00:00,0.055,0.055,0.055,0.055,0.00000000,1784174399999,0.00000000,0,0.00000000,0.00000000,0
2026-07-16 04:00:00,0.055,0.055,0.055,0.055,0.00000000,1784188799999,0.00000000,0,0.00000000,0.00000000,0
2026-07-16 08:00:00,0.055,0.055,0.055,0.055,0.00000000,1784203199999,0.00000000,0,0.00000000,0.00000000,0
2026-07-16 12:00:00,0.055,0.055,0.055,0.055,0.00000000,1784217599999,0.00000000,0,0.00000000,0.00000000,0
2026-07-16 16:00:00,0.055,0.055,0.055,0.055,0.00000000,1784231999999,0.00000000,0,0.00000000,0.00000000,0
2026-07-16 20:00:00,0.055,0.055,0.055,0.055,0.00000000,1784246399999,0.00000000,0,0.00000000,0.00000000,0
2026-07-17 00:00:00,0.055,0.055,0.055,0.055,0.00000000,1784260799999,0.00000000,0,0.00000000,0.00000000,0
2026-07-17 04:00:00,0.055,0.055,0.055,0.055,0.00000000,1784275199999,0.00000000,0,0.00000000,0.00000000,0
2026-07-17 08:00:00,0.055,0.055,0.055,0.055,0.00000000,1784289599999,0.00000000,0,0.00000000,0.00000000,0
2026-07-17 12:00:00,0.055,0.055,0.055,0.055,0.00000000,1784303999999,0.00000000,0,0.00000000,0.00000000,0
2026-07-17 16:00:00,0.055,0.055,0.055,0.055,0.00000000,1784318399999,0.00000000,0,0.00000000,0.00000000,0
2026-07-17 20:00:00,0.055,0.055,0.055,0.055,0.00000000,1784332799999,0.00000000,0,0.00000000,0.00000000,0
2026-07-18 00:00:00,0.055,0.055,0.055,0.055,0.00000000,1784347199999,0.00000000,0,0.00000000,0.00000000,0
2026-07-18 04:00:00,0.055,0.055,0.055,0.055,0.00000000,1784361599999,0.00000000,0,0.00000000,0.00000000,0
2026-07-18 08:00:00,0.055,0.055,0.055,0.055,0.00000000,1784375999999,0.00000000,0,0.00000000,0.00000000,0
2026-07-18 12:00:00,0.055,0.055,0.055,0.055,0.00000000,1784390399999,0.00000000,0,0.00000000,0.00000000,0
2026-07-18 16:00:00,0.055,0.055,0.055,0.055,0.00000000,1784404799999,0.00000000,0,0.00000000,0.00000000,0
2026-07-18 20:00:00,0.055,0.055,0.055,0.055,0.00000000,1784419199999,0.00000000,0,0.00000000,0.00000000,0
2026-07-19 00:00:00,0.055,0.055,0.055,0.055,0.00000000,1784433599999,0.00000000,0,0.00000000,0.00000000,0
2026-07-19 04:00:00,0.055,0.055,0.055,0.055,0.00000000,1784447999999,0.00000000,0,0.00000000,0.00000000,0
2026-07-19 08:00:00,0.055,0.055,0.055,0.055,0.00000000,1784462399999,0.00000000,0,0.00000000,0.00000000,0
2026-07-19 12:00:00,0.055,0.055,0.055,0.055,0.00000000,1784476799999,0.00000000,0,0.00000000,0.00000000,0
2026-07-19 16:00:00,0.055,0.055,0.055,0.055,0.00000000,1784491199999,0.00000000,0,0.00000000,0.00000000,0
2026-07-19 20:00:00,0.0516,0.0519,0.0516,0.0519,176.00000000,1784505599999,9.10800000,2,176.00000000,9.10800000,0
2026-07-20 00:00:00,0.0519,0.0519,0.0519,0.0519,0.00000000,1784519999999,0.00000000,0,0.00000000,0.00000000,0
2026-07-20 04:00:00,0.0519,0.0519,0.0519,0.0519,0.00000000,1784534399999,0.00000000,0,0.00000000,0.00000000,0
2026-07-20 08:00:00,0.0519,0.0519,0.0519,0.0519,0.00000000,1784548799999,0.00000000,0,0.00000000,0.00000000,0
2026-07-20 12:00:00,0.0519,0.0519,0.0519,0.0519,0.00000000,1784563199999,0.00000000,0,0.00000000,0.00000000,0
2026-07-20 16:00:00,0.0519,0.0519,0.0519,0.0519,0.00000000,1784577599999,0.00000000,0,0.00000000,0.00000000,0
2026-07-20 20:00:00,0.0519,0.0519,0.0519,0.0519,0.00000000,1784591999999,0.00000000,0,0.00000000,0.00000000,0
2026-07-21 00:00:00,0.0519,0.0519,0.0519,0.0519,0.00000000,1784606399999,0.00000000,0,0.00000000,0.00000000,0
2026-07-21 04:00:00,0.0519,0.0519,0.0519,0.0519,0.00000000,1784620799999,0.00000000,0,0.00000000,0.00000000,0
2026-07-21 08:00:00,0.0519,0.0519,0.0519,0.0519,0.00000000,1784635199999,0.00000000,0,0.00000000,0.00000000,0
2026-07-21 12:00:00,0.0519,0.0519,0.0519,0.0519,0.00000000,1784649599999,0.00000000,0,0.00000000,0.00000000,0
2026-07-21 16:00:00,0.0519,0.0519,0.0519,0.0519,0.00000000,1784663999999,0.00000000,0,0.00000000,0.00000000,0
2026-07-21 20:00:00,0.0519,0.0519,0.0519,0.0519,0.00000000,1784678399999,0.00000000,0,0.00000000,0.00000000,0
2026-07-22 00:00:00,0.0519,0.0519,0.0519,0.0519,0.00000000,1784692799999,0.00000000,0,0.00000000,0.00000000,0
2026-07-22 04:00:00,0.0519,0.0519,0.0519,0.0519,0.00000000,1784707199999,0.00000000,0,0.00000000,0.00000000,0
2026-07-22 08:00:00,0.0519,0.0519,0.0519,0.0519,0.00000000,1784721599999,0.00000000,0,0.00000000,0.00000000,0
2026-07-22 12:00:00,0.0519,0.0519,0.0519,0.0519,0.00000000,1784735999999,0.00000000,0,0.00000000,0.00000000,0
2026-07-22 16:00:00,0.0519,0.0519,0.0519,0.0519,0.00000000,1784750399999,0.00000000,0,0.00000000,0.00000000,0
2026-07-22 20:00:00,0.0519,0.0519,0.0519,0.0519,0.00000000,1784764799999,0.00000000,0,0.00000000,0.00000000,0
2026-07-23 00:00:00,0.0519,0.0519,0.0519,0.0519,0.00000000,1784779199999,0.00000000,0,0.00000000,0.00000000,0
2026-07-23 04:00:00,0.0519,0.0519,0.0519,0.0519,0.00000000,1784793599999,0.00000000,0,0.00000000,0.00000000,0
2026-07-23 08:00:00,0.0519,0.0519,0.0519,0.0519,0.00000000,1784807999999,0.00000000,0,0.00000000,0.00000000,0
2026-07-23 12:00:00,0.0519,0.0519,0.0519,0.0519,0.00000000,1784822399999,0.00000000,0,0.00000000,0.00000000,0
2026-07-23 16:00:00,0.0519,0.0519,0.0519,0.0519,0.00000000,1784836799999,0.00000000,0,0.00000000,0.00000000,0
2026-07-23 20:00:00,0.0519,0.0519,0.0519,0.0519,0.00000000,1784851199999,0.00000000,0,0.00000000,0.00000000,0
2026-07-24 00:00:00,0.0519,0.0519,0.0519,0.0519,0.00000000,1784865599999,0.00000000,0,0.00000000,0.00000000,0
2026-07-24 04:00:00,0.0519,0.0519,0.0519,0.0519,0.00000000,1784879999999,0.00000000,0,0.00000000,0.00000000,0
2026-07-24 08:00:00,0.0519,0.0519,0.0519,0.0519,0.00000000,1784894399999,0.00000000,0,0.00000000,0.00000000,0
2026-07-24 12:00:00,0.0519,0.0519,0.0519,0.0519,0.00000000,1784908799999,0.00000000,0,0.00000000,0.00000000,0
2026-07-24 16:00:00,0.0519,0.0519,0.0519,0.0519,0.00000000,1784923199999,0.00000000,0,0.00000000,0.00000000,0
2026-07-24 20:00:00,0.0519,0.0519,0.0519,0.0519,0.00000000,1784937599999,0.00000000,0,0.00000000,0.00000000,0
2026-07-25 00:00:00,0.0519,0.0519,0.0519,0.0519,0.00000000,1784951999999,0.00000000,0,0.00000000,0.00000000,0
2026-07-25 04:00:00,0.0519,0.0519,0.0519,0.0519,0.00000000,1784966399999,0.00000000,0,0.00000000,0.00000000,0
2026-07-25 08:00:00,0.0519,0.0519,0.0519,0.0519,0.00000000,1784980799999,0.00000000,0,0.00000000,0.00000000,0
2026-07-25 12:00:00,0.061,0.0718,0.0593,0.0718,1500.00000000,1784995199999,98.92100000,10,984.00000000,65.73100000,0
2026-07-25 16:00:00,0.0652,0.0652,0.0637,0.0646,795.00000000,1785009599999,51.37740000,5,315.00000000,20.32290000,0
2026-07-25 20:00:00,0.0655,0.0655,0.0655,0.0655,245.00000000,1785023999999,16.04750000,1,245.00000000,16.04750000,0
2026-07-26 00:00:00,0.0702,0.0703,0.0702,0.0703,323.00000000,1785038399999,22.67860000,2,323.00000000,22.67860000,0
2026-07-26 04:00:00,0.0703,0.0703,0.0703,0.0703,0.00000000,1785052799999,0.00000000,0,0.00000000,0.00000000,0
2026-07-26 08:00:00,0.0567,0.0567,0.0567,0.0567,193.00000000,1785067199999,10.94310000,1,0.00000000,0.00000000,0
2026-07-26 12:00:00,0.0593,0.0594,0.0593,0.0594,859.00000000,1785081599999,50.95650000,3,859.00000000,50.95650000,0
2026-07-26 16:00:00,0.0549,0.0549,0.0539,0.0539,1138.00000000,1785095999999,61.52220000,2,0.00000000,0.00000000,0
2026-07-26 20:00:00,0.0539,0.0539,0.0539,0.0539,0.00000000,1785110399999,0.00000000,0,0.00000000,0.00000000,0
2026-07-27 00:00:00,0.0539,0.0539,0.0539,0.0539,0.00000000,1785124799999,0.00000000,0,0.00000000,0.00000000,0
2026-07-27 04:00:00,0.0539,0.0539,0.0539,0.0539,0.00000000,1785139199999,0.00000000,0,0.00000000,0.00000000,0
2026-07-27 08:00:00,0.0514,0.0514,0.0514,0.0514,77.00000000,1785153599999,3.95780000,1,0.00000000,0.00000000,0
2026-07-27 12:00:00,0.0514,0.0514,0.0514,0.0514,0.00000000,1785167999999,0.00000000,0,0.00000000,0.00000000,0
2026-07-27 16:00:00,0.0514,0.0514,0.0514,0.0514,0.00000000,1785182399999,0.00000000,0,0.00000000,0.00000000,0
2026-07-27 20:00:00,0.0514,0.0514,0.0514,0.0514,0.00000000,1785196799999,0.00000000,0,0.00000000,0.00000000,0
2026-07-28 00:00:00,0.0514,0.0514,0.0514,0.0514,0.00000000,1785211199999,0.00000000,0,0.00000000,0.00000000,0
2026-07-28 04:00:00,0.0514,0.0514,0.0514,0.0514,0.00000000,1785225599999,0.00000000,0,0.00000000,0.00000000,0
2026-07-28 08:00:00,0.0514,0.0514,0.0514,0.0514,0.00000000,1785239999999,0.00000000,0,0.00000000,0.00000000,0
2026-07-28 12:00:00,0.0496,0.0496,0.0494,0.0494,512.00000000,1785254399999,25.35740000,2,0.00000000,0.00000000,0
2026-07-28 16:00:00,0.055,0.055,0.055,0.055,454.00000000,1785268799999,24.97000000,2,0.00000000,0.00000000,0
2026-07-28 20:00:00,0.0559,0.0569,0.0559,0.0569,1376.00000000,1785283199999,77.90100000,6,1376.00000000,77.90100000,0
2026-07-29 00:00:00,0.0569,0.0569,0.0569,0.0569,0.00000000,1785297599999,0.00000000,0,0.00000000,0.00000000,0
2026-07-29 04:00:00,0.0534,0.0534,0.0534,0.0534,224.00000000,1785311999999,11.96160000,1,224.00000000,11.96160000,0
2026-07-29 08:00:00,0.0506,0.0506,0.0506,0.0506,339.00000000,1785326399999,17.15340000,1,0.00000000,0.00000000,0
2026-07-29 12:00:00,0.0506,0.0506,0.0506,0.0506,0.00000000,1785340799999,0.00000000,0,0.00000000,0.00000000,0
2026-07-29 16:00:00,0.0506,0.0506,0.0506,0.0506,0.00000000,1785355199999,0.00000000,0,0.00000000,0.00000000,0
2026-07-29 20:00:00,0.0506,0.0506,0.0506,0.0506,0.00000000,1785369599999,0.00000000,0,0.00000000,0.00000000,0
2026-07-30 00:00:00,0.0506,0.0506,0.0506,0.0506,0.00000000,1785383999999,0.00000000,0,0.00000000,0.00000000,0
2026-07-30 04:00:00,0.0506,0.0506,0.0506,0.0506,0.00000000,1785398399999,0.00000000,0,0.00000000,0.00000000,0
2026-07-30 08:00:00,0.0499,0.0499,0.0499,0.0499,32.00000000,1785412799999,1.59680000,1,0.00000000,0.00000000,0
2026-07-30 12:00:00,0.0499,0.0499,0.0499,0.0499,0.00000000,1785427199999,0.00000000,0,0.00000000,0.00000000,0
2026-07-30 16:00:00,0.0499,0.0499,0.0499,0.0499,0.00000000,1785441599999,0.00000000,0,0.00000000,0.00000000,0
2026-07-30 20:00:00,0.0491,0.0491,0.0489,0.0489,942.00000000,1785455999999,46.14700000,4,0.00000000,0.00000000,0
2026-07-31 00:00:00,0.0489,0.0489,0.0489,0.0489,0.00000000,1785470399999,0.00000000,0,0.00000000,0.00000000,0
2026-07-31 04:00:00,0.0489,0.0489,0.0489,0.0489,0.00000000,1785484799999,0.00000000,0,0.00000000,0.00000000,0
2026-07-31 08:00:00,0.0496,0.0496,0.0496,0.0496,41.00000000,1785499199999,2.03360000,1,0.00000000,0.00000000,0
2026-07-31 12:00:00,0.0496,0.0496,0.0496,0.0496,0.00000000,1785513599999,0.00000000,0,0.00000000,0.00000000,0
2026-07-31 16:00:00,0.0496,0.0496,0.0496,0.0496,0.00000000,1785527999999,0.00000000,0,0.00000000,0.00000000,0
2026-07-31 20:00:00,0.0496,0.0496,0.0496,0.0496,0.00000000,1785542399999,0.00000000,0,0.00000000,0.00000000,0
2026-08-01 00:00:00,0.0496,0.0496,0.0496,0.0496,0.00000000,1785556799999,0.00000000,0,0.00000000,0.00000000,0
2026-08-01 04:00:00,0.0496,0.0496,0.0496,0.0496,0.00000000,1785571199999,0.00000000,0,0.00000000,0.00000000,0
2026-08-01 08:00:00,0.0496,0.0496,0.0496,0.0496,0.00000000,1785585599999,0.00000000,0,0.00000000,0.00000000,0
2026-08-01 12:00:00,0.0496,0.0496,0.0496,0.0496,0.00000000,1785599999999,0.00000000,0,0.00000000,0.00000000,0
2026-08-01 16:00:00,0.0496,0.0496,0.0496,0.0496,0.00000000,1785614399999,0.00000000,0,0.00000000,0.00000000,0
2026-08-01 20:00:00,0.0496,0.0496,0.0496,0.0496,0.00000000,1785628799999,0.00000000,0,0.00000000,0.00000000,0
2026-08-02 00:00:00,0.0496,0.0496,0.0496,0.0496,0.00000000,1785643199999,0.00000000,0,0.00000000,0.00000000,0
2026-08-02 04:00:00,0.0496,0.0496,0.0496,0.0496,0.00000000,1785657599999,0.00000000,0,0.00000000,0.00000000,0
2026-08-02 08:00:00,0.0498,0.0498,0.0498,0.0498,29.00000000,1785671999999,1.44420000,1,0.00000000,0.00000000,0
2026-08-02 12:00:00,0.0498,0.0498,0.0498,0.0498,0.00000000,1785686399999,0.00000000,0,0.00000000,0.00000000,0
2026-08-02 16:00:00,0.0501,0.0501,0.0501,0.0501,318.00000000,1785700799999,15.93180000,3,0.00000000,0.00000000,0
2026-08-02 20:00:00,0.0501,0.0501,0.0501,0.0501,0.00000000,1785715199999,0.00000000,0,0.00000000,0.00000000,0
2026-08-03 00:00:00,0.0501,0.0501,0.0501,0.0501,0.00000000,1785729599999,0.00000000,0,0.00000000,0.00000000,0
2026-08-03 04:00:00,0.0501,0.0501,0.0501,0.0501,0.00000000,1785743999999,0.00000000,0,0.00000000,0.00000000,0
2026-08-03 08:00:00,0.0501,0.0501,0.0501,0.0501,0.00000000,1785758399999,0.00000000,0,0.00000000,0.00000000,0
2026-08-03 12:00:00,0.0501,0.0501,0.0501,0.0501,0.00000000,1785772799999,0.00000000,0,0.00000000,0.00000000,0
2026-08-03 16:00:00,0.0501,0.0501,0.0501,0.0501,0.00000000,1785787199999,0.00000000,0,0.00000000,0.00000000,0
2026-08-03 20:00:00,0.0501,0.0501,0.0501,0.0501,0.00000000,1785801599999,0.00000000,0,0.00000000,0.00000000,0
2026-08-04 00:00:00,0.0501,0.0501,0.0501,0.0501,0.00000000,1785815999999,0.00000000,0,0.00000000,0.00000000,0
2026-08-04 04:00:00,0.0501,0.0501,0.0501,0.0501,0.00000000,1785830399999,0.00000000,0,0.00000000,0.00000000,0
2026-08-04 08:00:00,0.0523,0.0523,0.0523,0.0523,57.00000000,1785844799999,2.98110000,1,57.00000000,2.98110000,0
2026-08-04 12:00:00,0.0523,0.0523,0.0523,0.0523,0.00000000,1785859199999,0.00000000,0,0.00000000,0.00000000,0
2026-08-04 16:00:00,0.0523,0.0523,0.0523,0.0523,0.00000000,1785873599999,0.00000000,0,0.00000000,0.00000000,0
2026-08-04 20:00:00,0.0523,0.0523,0.0523,0.0523,0.00000000,1785887999999,0.00000000,0,0.00000000,0.00000000,0
2026-08-05 00:00:00,0.0523,0.0523,0.0523,0.0523,0.00000000,1785902399999,0.00000000,0,0.00000000,0.00000000,0
2026-08-05 04:00:00,0.0523,0.0523,0.0523,0.0523,0.00000000,1785916799999,0.00000000,0,0.00000000,0.00000000,0
2026-08-05 08:00:00,0.0523,0.0523,0.0523,0.0523,0.00000000,1785931199999,0.00000000,0,0.00000000,0.00000000,0
2026-08-05 12:00:00,0.0523,0.0523,0.0523,0.0523,0.00000000,1785945599999,0.00000000,0,0.00000000,0.00000000,0
2026-08-05 16:00:00,0.0523,0.0523,0.0523,0.0523,0.00000000,1785959999999,0.00000000,0,0.00000000,0.00000000,0
2026-08-05 20:00:00,0.0523,0.0523,0.0523,0.0523,0.00000000,1785974399999,0.00000000,0,0.00000000,0.00000000,0
2026-08-06 00:00:00,0.0523,0.0523,0.0523,0.0523,0.00000000,1785988799999,0.00000000,0,0.00000000,0.00000000,0
2026-08-06 04:00:00,0.0523,0.0523,0.0523,0.0523,0.00000000,1786003199999,0.00000000,0,0.00000000,0.00000000,0
2026-08-06 08:00:00,0.0523,0.0523,0.0523,0.0523,0.00000000,1786017599999,0.00000000,0,0.00000000,0.00000000,0
2026-08-06 12:00:00,0.0523,0.0523,0.0523,0.0523,0.00000000,1786031999999,0.00000000,0,0.00000000,0.00000000,0
2026-08-06 16:00:00,0.0523,0.0523,0.0523,0.0523,0.00000000,1786046399999,0.00000000,0,0.00000000,0.00000000,0
2026-08-06 20:00:00,0.0523,0.0523,0.0523,0.0523,0.00000000,1786060799999,0.00000000,0,0.00000000,0.00000000,0
2026-08-07 00:00:00,0.0523,0.0523,0.0523,0.0523,0.00000000,1786075199999,0.00000000,0,0.00000000,0.00000000,0
2026-08-07 04:00:00,0.0523,0.0523,0.0523,0.0523,0.00000000,1786089599999,0.00000000,0,0.00000000,0.00000000,0
2026-08-07 08:00:00,0.0523,0.0523,0.0523,0.0523,0.00000000,1786103999999,0.00000000,0,0.00000000,0.00000000,0
2026-08-07 12:00:00,0.0523,0.0523,0.0523,0.0523,7929.00000000,1786118399999,414.68670000,7,7929.00000000,414.68670000,0
2026-08-07 16:00:00,0.0523,0.0523,0.0523,0.0523,0.00000000,1786132799999,0.00000000,0,0.00000000,0.00000000,0
2026-08-07 20:00:00,0.0523,0.0523,0.0523,0.0523,0.00000000,1786147199999,0.00000000,0,0.00000000,0.00000000,0
2026-08-08 00:00:00,0.0523,0.0523,0.0523,0.0523,0.00000000,1786161599999,0.00000000,0,0.00000000,0.00000000,0
2026-08-08 04:00:00,0.0523,0.0523,0.0523,0.0523,0.00000000,1786175999999,0.00000000,0,0.00000000,0.00000000,0
2026-08-08 08:00:00,0.0523,0.0523,0.0523,0.0523,0.00000000,1786190399999,0.00000000,0,0.00000000,0.00000000,0
2026-08-08 12:00:00,0.0523,0.0523,0.0523,0.0523,0.00000000,1786204799999,0.00000000,0,0.00000000,0.00000000,0
2026-08-08 16:00:00,0.0523,0.0523,0.0523,0.0523,0.00000000,1786219199999,0.00000000,0,0.00000000,0.00000000,0
2026-08-08 20:00:00,0.0523,0.0523,0.0523,0.0523,0.00000000,1786233599999,0.00000000,0,0.00000000,0.00000000,0
2026-08-09 00:00:00,0.0523,0.0523,0.0523,0.0523,0.00000000,1786247999999,0.00000000,0,0.00000000,0.00000000,0
2026-08-09 04:00:00,0.0523,0.0523,0.0523,0.0523,0.00000000,1786262399999,0.00000000,0,0.00000000,0.00000000,0
2026-08-09 08:00:00,0.0523,0.0523,0.0523,0.0523,0.00000000,1786276799999,0.00000000,0,0.00000000,0.00000000,0
2026-08-09 12:00:00,0.0523,0.0523,0.0523,0.0523,0.00000000,1786291199999,0.00000000,0,0.00000000,0.00000000,0
2026-08-09 16:00:00,0.0523,0.0523,0.0523,0.0523,28126.00000000,1786305599999,1470.98980000,24,28126.00000000,1470.98980000,0
2026-08-09 20:00:00,0.0523,0.0523,0.0523,0.0523,11707.00000000,1786319999999,612.27610000,7,11707.00000000,612.27610000,0
2026-08-10 00:00:00,0.0523,0.0523,0.0523,0.0523,0.00000000,1786334399999,0.00000000,0,0.00000000,0.00000000,0
2026-08-10 04:00:00,0.0523,0.0523,0.0523,0.0523,0.00000000,1786348799999,0.00000000,0,0.00000000,0.00000000,0
2026-08-10 08:00:00,0.0523,0.0523,0.0523,0.0523,0.00000000,1786363199999,0.00000000,0,0.00000000,0.00000000,0
2026-08-10 12:00:00,0.0523,0.0523,0.0523,0.0523,1.00000000,1786377599999,0.05230000,1,1.00000000,0.05230000,0
2026-08-10 16:00:00,0.0523,0.0523,0.0523,0.0523,0.00000000,1786391999999,0.00000000,0,0.00000000,0.00000000,0
2026-08-10 20:00:00,0.0523,0.0523,0.0523,0.0523,0.00000000,1786406399999,0.00000000,0,0.00000000,0.00000000,0
2026-08-11 00:00:00,0.0523,0.0523,0.0523,0.0523,0.00000000,1786420799999,0.00000000,0,0.00000000,0.00000000,0
2026-08-11 04:00:00,0.0523,0.0523,0.0523,0.0523,0.00000000,1786435199999,0.00000000,0,0.00000000,0.00000000,0
2026-08-11 08:00:00,0.0523,0.0523,0.0523,0.0523,0.00000000,1786449599999,0.00000000,0,0.00000000,0.00000000,0
2026-08-11 12:00:00,0.0523,0.0523,0.0523,0.0523,0.00000000,1786463999999,0.00000000,0,0.00000000,0.00000000,0
2026-08-11 16:00:00,0.0497,0.0497,0.0497,0.0497,57.00000000,1786478399999,2.83290000,1,0.00000000,0.00000000,0
2026-08-11 20:00:00,0.0513,0.0513,0.0513,0.0513,196.00000000,1786492799999,10.05480000,1,0.00000000,0.00000000,0
2026-08-12 00:00:00,0.0513,0.0513,0.0513,0.0513,0.00000000,1786507199999,0.00000000,0,0.00000000,0.00000000,0
2026-08-12 04:00:00,0.0513,0.0513,0.0513,0.0513,0.00000000,1786521599999,0.00000000,0,0.00000000,0.00000000,0
2026-08-12 08:00:00,0.0513,0.0513,0.0513,0.0513,0.00000000,1786535999999,0.00000000,0,0.00000000,0.00000000,0
2026-08-12 12:00:00,0.0513,0.0513,0.0513,0.0513,0.00000000,1786550399999,0.00000000,0,0.00000000,0.00000000,0
2026-08-12 16:00:00,0.0513,0.0513,0.0513,0.0513,0.00000000,1786564799999,0.00000000,0,0.00000000,0.00000000,0
2026-08-12 20:00:00,0.0513,0.0513,0.0513,0.0513,0.00000000,1786579199999,0.00000000,0,0.00000000,0.00000000,0
2026-08-13 00:00:00,0.0513,0.0513,0.0513,0.0513,0.00000000,1786593599999,0.00000000,0,0.00000000,0.00000000,0
2026-08-13 04:00:00,0.0513,0.0513,0.0513,0.0513,0.00000000,1786607999999,0.00000000,0,0.00000000,0.00000000,0
2026-08-13 08:00:00,0.0513,0.0513,0.0513,0.0513,0.00000000,1786622399999,0.00000000,0,0.00000000,0.00000000,0
2026-08-13 12:00:00,0.0513,0.0513,0.0513,0.0513,0.00000000,1786636799999,0.00000000,0,0.00000000,0.00000000,0
2026-08-13 16:00:00,0.0513,0.0513,0.0513,0.0513,0.00000000,1786651199999,0.00000000,0,0.00000000,0.00000000,0
2026-08-13 20:00:00,0.0513,0.0513,0.0513,0.0513,0.00000000,1786665599999,0.00000000,0,0.00000000,0.00000000,0
2026-08-14 00:00:00,0.0513,0.0513,0.0513,0.0513,0.00000000,1786679999999,0.00000000,0,0.00000000,0.00000000,0
2026-08-14 04:00:00,0.0513,0.0513,0.0513,0.0513,0.00000000,1786694399999,0.00000000,0,0.00000000,0.00000000,0
2026-08-14 08:00:00,0.0513,0.0513,0.0513,0.0513,0.00000000,1786708799999,0.00000000,0,0.00000000,0.00000000,0
2026-08-14 12:00:00,0.0513,0.0513,0.0513,0.0513,0.00000000,1786723199999,0.00000000,0,0.00000000,0.00000000,0
2026-08-14 16:00:00,0.0513,0.0513,0.0513,0.0513,0.00000000,1786737599999,0.00000000,0,0.00000000,0.00000000,0
2026-08-14 20:00:00,0.0513,0.0513,0.0513,0.0513,0.00000000,1786751999999,0.00000000,0,0.00000000,0.00000000,0
2026-08-15 00:00:00,0.0513,0.0513,0.0513,0.0513,0.00000000,1786766399999,0.00000000,0,0.00000000,0.00000000,0
2026-08-15 04:00:00,0.0513,0.0513,0.0513,0.0513,0.00000000,1786780799999,0.00000000,0,0.00000000,0.00000000,0
2026-08-15 08:00:00,0.0513,0.0513,0.0513,0.0513,0.00000000,1786795199999,0.00000000,0,0.00000000,0.00000000,0
2026-08-15 12:00:00,0.0513,0.0513,0.0513,0.0513,0.00000000,1786809599999,0.00000000,0,0.00000000,0.00000000,0
2026-08-15 16:00:00,0.0513,0.0513,0.0513,0.0513,0.00000000,1786823999999,0.00000000,0,0.00000000,0.00000000,0
2026-08-15 20:00:00,0.0513,0.0513,0.0513,0.0513,0.00000000,1786838399999,0.00000000,0,0.00000000,0.00000000,0
2026-08-16 00:00:00,0.0513,0.0513,0.0513,0.0513,0.00000000,1786852799999,0.00000000,0,0.00000000,0.00000000,0
2026-08-16 04:00:00,0.0513,0.0513,0.0513,0.0513,0.00000000,1786867199999,0.00000000,0,0.00000000,0.00000000,0
2026-08-16 08:00:00,0.0513,0.0513,0.0513,0.0513,0.00000000,1786881599999,0.00000000,0,0.00000000,0.00000000,0
2026-08-16 12:00:00,0.0513,0.0513,0.0513,0.0513,0.00000000,1786895999999,0.00000000,0,0.00000000,0.00000000,0
2026-08-16 16:00:00,0.0513,0.0513,0.0513,0.0513,0.00000000,1786910399999,0.00000000,0,0.00000000,0.00000000,0
2026-08-16 20:00:00,0.0513,0.0513,0.0513,0.0513,0.00000000,1786924799999,0.00000000,0,0.00000000,0.00000000,0
2026-08-17 00:00:00,0.0513,0.0513,0.0513,0.0513,0.00000000,1786939199999,0.00000000,0,0.00000000,0.00000000,0
2026-08-17 04:00:00,0.0513,0.0513,0.0513,0.0513,0.00000000,1786953599999,0.00000000,0,0.00000000,0.00000000,0
2026-08-17 08:00:00,0.0513,0.0513,0.0513,0.0513,0.00000000,1786967999999,0.00000000,0,0.00000000,0.00000000,0
2026-08-17 12:00:00,0.0513,0.0513,0.0513,0.0513,0.00000000,1786982399999,0.00000000,0,0.00000000,0.00000000,0
2026-08-17 16:00:00,0.0513,0.0513,0.0513,0.0513,0.00000000,1786996799999,0.00000000,0,0.00000000,0.00000000,0
2026-08-17 20:00:00,0.0513,0.0513,0.0513,0.0513,0.00000000,1787011199999,0.00000000,0,0.00000000,0.00000000,0
2026-08-18 00:00:00,0.0513,0.0513,0.0513,0.0513,0.00000000,1787025599999,0.00000000,0,0.00000000,0.00000000,0
2026-08-18 04:00:00,0.0513,0.0513,0.0513,0.0513,0.00000000,1787039999999,0.00000000,0,0.00000000,0.00000000,0
2026-08-18 08:00:00,0.0513,0.0513,0.0513,0.0513,0.00000000,1787054399999,0.00000000,0,0.00000000,0.00000000,0
2026-08-18 12:00:00,0.0513,0.0513,0.0513,0.0513,0.00000000,1787068799999,0.00000000,0,0.00000000,0.00000000,0
2026-08-18 16:00:00,0.0513,0.0513,0.0513,0.0513,0.00000000,1787083199999,0.00000000,0,0.00000000,0.00000000,0
2026-08-18 20:00:00,0.0504,0.0504,0.0504,0.0504,32.00000000,1787097599999,1.61280000,1,0.00000000,0.00000000,0
2026-08-19 00:00:00,0.0504,0.0504,0.0504,0.0504,0.00000000,1787111999999,0.00000000,0,0.00000000,0.00000000,0
2026-08-19 04:00:00,0.0504,0.0504,0.0504,0.0504,0.00000000,1787126399999,0.00000000,0,0.00000000,0.00000000,0
2026-08-19 08:00:00,0.0504,0.0504,0.0504,0.0504,0.00000000,1787140799999,0.00000000,0,0.00000000,0.00000000,0
2026-08-19 12:00:00,0.0504,0.0504,0.0504,0.0504,0.00000000,1787155199999,0.00000000,0,0.00000000,0.00000000,0
2026-08-19 16:00:00,0.0504,0.0504,0.0504,0.0504,0.00000000,1787169599999,0.00000000,0,0.00000000,0.00000000,0
2026-08-19 20:00:00,0.0504,0.0504,0.0504,0.0504,0.00000000,1787183999999,0.00000000,0,0.00000000,0.00000000,0
2026-08-20 00:00:00,0.0504,0.0504,0.0504,0.0504,0.00000000,1787198399999,0.00000000,0,0.00000000,0.00000000,0
2026-08-20 04:00:00,0.0504,0.0504,0.0504,0.0504,0.00000000,1787212799999,0.00000000,0,0.00000000,0.00000000,0
2026-08-20 08:00:00,0.0504,0.0504,0.0504,0.0504,0.00000000,1787227199999,0.00000000,0,0.00000000,0.00000000,0
2026-08-20 12:00:00,0.0504,0.0504,0.0504,0.0504,0.00000000,1787241599999,0.00000000,0,0.00000000,0.00000000,0
2026-08-20 16:00:00,0.0504,0.0504,0.0504,0.0504,0.00000000,1787255999999,0.00000000,0,0.00000000,0.00000000,0
2026-08-20 20:00:00,0.0504,0.0504,0.0504,0.0504,0.00000000,1787270399999,0.00000000,0,0.00000000,0.00000000,0
2026-08-21 00:00:00,0.0539,0.0539,0.0539,0.0539,355.00000000,1787284799999,19.13450000,1,355.00000000,19.13450000,0
2026-08-21 04:00:00,0.0539,0.0539,0.0539,0.0539,0.00000000,1787299199999,0.00000000,0,0.00000000,0.00000000,0
2026-08-21 08:00:00,0.0548,0.0548,0.0548,0.0548,105.00000000,1787313599999,5.75400000,1,105.00000000,5.75400000,0
2026-08-21 12:00:00,0.0548,0.0548,0.0548,0.0548,0.00000000,1787327999999,0.00000000,0,0.00000000,0.00000000,0
2026-08-21 16:00:00,0.0548,0.0548,0.0548,0.0548,0.00000000,1787342399999,0.00000000,0,0.00000000,0.00000000,0
2026-08-21 20:00:00,0.0568,0.0568,0.0568,0.0568,144.00000000,1787356799999,8.17920000,1,144.00000000,8.17920000,0
2026-08-22 00:00:00,0.0568,0.0568,0.0568,0.0568,0.00000000,1787371199999,0.00000000,0,0.00000000,0.00000000,0
2026-08-22 04:00:00,0.0568,0.0568,0.0568,0.0568,0.00000000,1787385599999,0.00000000,0,0.00000000,0.00000000,0
2026-08-22 08:00:00,0.0568,0.0568,0.0568,0.0568,0.00000000,1787399999999,0.00000000,0,0.00000000,0.00000000,0
2026-08-22 12:00:00,0.0568,0.0568,0.0568,0.0568,0.00000000,1787414399999,0.00000000,0,0.00000000,0.00000000,0
2026-08-22 16:00:00,0.0568,0.0568,0.0568,0.0568,0.00000000,1787428799999,0.00000000,0,0.00000000,0.00000000,0
2026-08-22 20:00:00,0.0568,0.0568,0.0568,0.0568,0.00000000,1787443199999,0.00000000,0,0.00000000,0.00000000,0
2026-08-23 00:00:00,0.0568,0.0568,0.0568,0.0568,0.00000000,1787457599999,0.00000000,0,0.00000000,0.00000000,0
2026-08-23 04:00:00,0.0571,0.0571,0.0571,0.0571,17.00000000,1787471999999,0.97070000,1,17.00000000,0.97070000,0
2026-08-23 08:00:00,0.0571,0.0571,0.0571,0.0571,0.00000000,1787486399999,0.00000000,0,0.00000000,0.00000000,0
2026-08-23 12:00:00,0.0571,0.0571,0.0571,0.0571,0.00000000,1787500799999,0.00000000,0,0.00000000,0.00000000,0
2026-08-23 16:00:00,0.0571,0.0571,0.0571,0.0571,0.00000000,1787515199999,0.00000000,0,0.00000000,0.00000000,0
2026-08-23 20:00:00,0.0571,0.0571,0.0571,0.0571,0.00000000,1787529599999,0.00000000,0,0.00000000,0.00000000,0
2026-08-24 00:00:00,0.0769,0.0769,0.0769,0.0769,13.00000000,1787543999999,0.99970000,1,13.00000000,0.99970000,0
2026-08-24 04:00:00,0.0769,0.0769,0.0769,0.0769,0.00000000,1787558399999,0.00000000,0,0.00000000,0.00000000,0
2026-08-24 08:00:00,0.0769,0.0769,0.0769,0.0769,0.00000000,1787572799999,0.00000000,0,0.00000000,0.00000000,0
2026-08-24 12:00:00,0.0769,0.0769,0.0769,0.0769,0.00000000,1787587199999,0.00000000,0,0.00000000,0.00000000,0
2026-08-24 16:00:00,0.0769,0.0769,0.0769,0.0769,0.00000000,1787601599999,0.00000000,0,0.00000000,0.00000000,0
2026-08-24 20:00:00,0.0769,0.0769,0.0769,0.0769,13.00000000,1787615999999,0.99970000,1,13.00000000,0.99970000,0
2026-08-25 00:00:00,0.0769,0.0769,0.0769,0.0769,0.00000000,1787630399999,0.00000000,0,0.00000000,0.00000000,0
2026-08-25 04:00:00,0.0769,0.0769,0.0769,0.0769,0.00000000,1787644799999,0.00000000,0,0.00000000,0.00000000,0
2026-08-25 08:00:00,0.0769,0.0769,0.0769,0.0769,0.00000000,1787659199999,0.00000000,0,0.00000000,0.00000000,0
2026-08-25 12:00:00,0.0769,0.0769,0.0769,0.0769,0.00000000,1787673599999,0.00000000,0,0.00000000,0.00000000,0
2026-08-25 16:00:00,0.0769,0.0769,0.0769,0.0769,0.00000000,1787687999999,0.00000000,0,0.00000000,0.00000000,0
2026-08-25 20:00:00,0.0769,0.0769,0.0769,0.0769,0.00000000,1787702399999,0.00000000,0,0.00000000,0.00000000,0
2026-08-26 00:00:00,0.0769,0.0769,0.0769,0.0769,0.00000000,1787716799999,0.00000000,0,0.00000000,0.00000000,0
2026-08-26 04:00:00,0.0769,0.0769,0.0769,0.0769,0.00000000,1787731199999,0.00000000,0,0.00000000,0.00000000,0
2026-08-26 08:00:00,0.0769,0.0769,0.0769,0.0769,0.00000000,1787745599999,0.00000000,0,0.00000000,0.00000000,0
2026-08-26 12:00:00,0.0769,0.0769,0.0769,0.0769,0.00000000,1787759999999,0.00000000,0,0.00000000,0.00000000,0
2026-08-26 16:00:00,0.0769,0.0769,0.0769,0.0769,0.00000000,1787774399999,0.00000000,0,0.00000000,0.00000000,0
2026-08-26 20:00:00,0.0769,0.0769,0.0769,0.0769,0.00000000,1787788799999,0.00000000,0,0.00000000,0.00000000,0
2026-08-27 00:00:00,0.0769,0.0769,0.0769,0.0769,0.00000000,1787803199999,0.00000000,0,0.00000000,0.00000000,0
2026-08-27 04:00:00,0.0769,0.0769,0.0769,0.0769,0.00000000,1787817599999,0.00000000,0,0.00000000,0.00000000,0
2026-08-27 08:00:00,0.0769,0.0769,0.0769,0.0769,0.00000000,1787831999999,0.00000000,0,0.00000000,0.00000000,0
2026-08-27 12:00:00,0.0769,0.0769,0.0769,0.0769,0.00000000,1787846399999,0.00000000,0,0.00000000,0.00000000,0
2026-08-27 16:00:00,0.0769,0.0769,0.0769,0.0769,0.00000000,1787860799999,0.00000000,0,0.00000000,0.00000000,0
2026-08-27 20:00:00,0.0769,0.0769,0.0769,0.0769,0.00000000,1787875199999,0.00000000,0,0.00000000,0.00000000,0
2026-08-28 00:00:00,0.0769,0.0769,0.0769,0.0769,0.00000000,1787889599999,0.00000000,0,0.00000000,0.00000000,0
2026-08-28 04:00:00,0.0769,0.0769,0.0769,0.0769,0.00000000,1787903999999,0.00000000,0,0.00000000,0.00000000,0
2026-08-28 08:00:00,0.0769,0.0769,0.0769,0.0769,0.00000000,1787918399999,0.00000000,0,0.00000000,0.00000000,0
2026-08-28 12:00:00,0.0769,0.0769,0.0769,0.0769,0.00000000,1787932799999,0.00000000,0,0.00000000,0.00000000,0
2026-08-28 16:00:00,0.0769,0.0769,0.0769,0.0769,0.00000000,1787947199999,0.00000000,0,0.00000000,0.00000000,0
2026-08-28 20:00:00,0.0769,0.0769,0.0769,0.0769,0.00000000,1787961599999,0.00000000,0,0.00000000,0.00000000,0
2026-08-29 00:00:00,0.0769,0.0769,0.0769,0.0769,0.00000000,1787975999999,0.00000000,0,0.00000000,0.00000000,0
2026-08-29 04:00:00,0.0769,0.0769,0.0769,0.0769,0.00000000,1787990399999,0.00000000,0,0.00000000,0.00000000,0
2026-08-29 08:00:00,0.0769,0.0769,0.0769,0.0769,0.00000000,1788004799999,0.00000000,0,0.00000000,0.00000000,0
2026-08-29 12:00:00,0.0769,0.0769,0.0769,0.0769,0.00000000,1788019199999,0.00000000,0,0.00000000,0.00000000,0
2026-08-29 16:00:00,0.0769,0.0769,0.0769,0.0769,0.00000000,1788033599999,0.00000000,0,0.00000000,0.00000000,0
2026-08-29 20:00:00,0.0769,0.0769,0.0769,0.0769,0.00000000,1788047999999,0.00000000,0,0.00000000,0.00000000,0
2026-08-30 00:00:00,0.0769,0.0769,0.0769,0.0769,0.00000000,1788062399999,0.00000000,0,0.00000000,0.00000000,0
2026-08-30 04:00:00,0.0769,0.0769,0.0769,0.0769,0.00000000,1788076799999,0.00000000,0,0.00000000,0.00000000,0
2026-08-30 08:00:00,0.0769,0.0769,0.0769,0.0769,0.00000000,1788091199999,0.00000000,0,0.00000000,0.00000000,0
2026-08-30 12:00:00,0.0769,0.0769,0.0769,0.0769,0.00000000,1788105599999,0.00000000,0,0.00000000,0.00000000,0
2026-08-30 16:00:00,0.0769,0.0769,0.0769,0.0769,0.00000000,1788119999999,0.00000000,0,0.00000000,0.00000000,0
2026-08-30 20:00:00,0.0769,0.0769,0.0769,0.0769,0.00000000,1788134399999,0.00000000,0,0.00000000,0.00000000,0
2026-08-31 00:00:00,0.0769,0.0769,0.0769,0.0769,0.00000000,1788148560000,0.00000000,0,0.00000000,0.00000000,0
2026-08-31 12:00:00,0.0562,0.0562,0.0562,0.0562,36.00000000,1788191999999,2.02320000,1,36.00000000,2.02320000,0
2026-08-31 16:00:00,0.0562,0.0562,0.0562,0.0562,0.00000000,1788206399999,0.00000000,0,0.00000000,0.00000000,0
2026-08-31 20:00:00,0.0562,0.0562,0.0562,0.0562,0.00000000,1788220799999,0.00000000,0,0.00000000,0.00000000,0
2026-09-01 00:00:00,0.0562,0.0562,0.0562,0.0562,0.00000000,1788235199999,0.00000000,0,0.00000000,0.00000000,0
2026-09-01 04:00:00,0.0562,0.0562,0.0562,0.0562,0.00000000,1788249599999,0.00000000,0,0.00000000,0.00000000,0
2026-09-01 08:00:00,0.0562,0.0562,0.0562,0.0562,0.00000000,1788263999999,0.00000000,0,0.00000000,0.00000000,0
2026-09-01 12:00:00,0.0562,0.0562,0.0562,0.0562,0.00000000,1788278399999,0.00000000,0,0.00000000,0.00000000,0
2026-09-01 16:00:00,0.0562,0.0562,0.0562,0.0562,0.00000000,1788292799999,0.00000000,0,0.00000000,0.00000000,0
2026-09-01 20:00:00,0.0562,0.0562,0.0562,0.0562,0.00000000,1788307199999,0.00000000,0,0.00000000,0.00000000,0
2026-09-02 00:00:00,0.0562,0.0562,0.0562,0.0562,0.00000000,1788321599999,0.00000000,0,0.00000000,0.00000000,0
2026-09-02 04:00:00,0.0562,0.0562,0.0562,0.0562,0.00000000,1788335999999,0.00000000,0,0.00000000,0.00000000,0
2026-09-02 08:00:00,0.0275,0.0275,0.0275,0.0275,42.00000000,1788350399999,1.15500000,1,42.00000000,1.15500000,0
2026-09-02 12:00:00,0.0275,0.0275,0.0275,0.0275,0.00000000,1788364799999,0.00000000,0,0.00000000,0.00000000,0
2026-09-02 16:00:00,0.0545,0.0545,0.0545,0.0545,762.00000000,1788379199999,41.52900000,1,762.00000000,41.52900000,0
2026-09-02 20:00:00,0.0547,0.0547,0.0547,0.0547,91.00000000,1788393599999,4.97770000,1,91.00000000,4.97770000,0
2026-09-03 00:00:00,0.0548,0.0551,0.0548,0.0549,7628.00000000,1788407999999,419.07190000,9,7628.00000000,419.07190000,0
2026-09-03 04:00:00,0.0551,0.0555,0.0543,0.0555,308.00000000,1788422399999,16.95970000,5,258.00000000,14.24470000,0
2026-09-03 08:00:00,0.0555,0.0555,0.0545,0.0551,236.00000000,1788436799999,13.04700000,6,167.00000000,9.26850000,0
2026-09-03 12:00:00,0.0553,0.0553,0.0553,0.0553,19.00000000,1788451199999,1.05070000,1,0.00000000,0.00000000,0
2026-09-03 16:00:00,0.056,0.0569,0.056,0.0569,207.00000000,1788465599999,11.73810000,3,175.00000000,9.94610000,0
2026-09-03 20:00:00,0.0567,0.0567,0.0567,0.0567,984.00000000,1788479999999,55.79280000,1,984.00000000,55.79280000,0
2026-09-04 00:00:00,0.0567,0.0567,0.0567,0.0567,0.00000000,1788494399999,0.00000000,0,0.00000000,0.00000000,0
2026-09-04 04:00:00,0.0567,0.0567,0.0567,0.0567,0.00000000,1788508799999,0.00000000,0,0.00000000,0.00000000,0
2026-09-04 08:00:00,0.0561,0.0561,0.0561,0.0561,53.00000000,1788523199999,2.97330000,1,53.00000000,2.97330000,0
2026-09-04 12:00:00,0.0561,0.0561,0.0561,0.0561,0.00000000,1788537599999,0.00000000,0,0.00000000,0.00000000,0
2026-09-04 16:00:00,0.0543,0.0543,0.0543,0.0543,21.00000000,1788551999999,1.14030000,1,0.00000000,0.00000000,0
2026-09-04 20:00:00,0.0543,0.0543,0.0543,0.0543,0.00000000,1788566399999,0.00000000,0,0.00000000,0.00000000,0
2026-09-05 00:00:00,0.0543,0.0543,0.0543,0.0543,0.00000000,1788580799999,0.00000000,0,0.00000000,0.00000000,0
2026-09-05 04:00:00,0.0557,0.0557,0.0557,0.0557,109.00000000,1788595199999,6.07130000,1,109.00000000,6.07130000,0
2026-09-05 08:00:00,0.0557,0.0557,0.0557,0.0557,0.00000000,1788609599999,0.00000000,0,0.00000000,0.00000000,0
2026-09-05 12:00:00,0.0557,0.0557,0.0557,0.0557,0.00000000,1788623999999,0.00000000,0,0.00000000,0.00000000,0
2026-09-05 16:00:00,0.0557,0.0557,0.0557,0.0557,0.00000000,1788638399999,0.00000000,0,0.00000000,0.00000000,0
2026-09-05 20:00:00,0.0557,0.0557,0.0557,0.0557,0.00000000,1788652799999,0.00000000,0,0.00000000,0.00000000,0
2026-09-06 00:00:00,0.0563,0.0563,0.0563,0.0563,200.00000000,1788667199999,11.26000000,1,0.00000000,0.00000000,0
2026-09-06 04:00:00,0.0563,0.0563,0.0563,0.0563,0.00000000,1788681599999,0.00000000,0,0.00000000,0.00000000,0
2026-09-06 08:00:00,0.0543,0.0543,0.0543,0.0543,29.00000000,1788695999999,1.57470000,1,0.00000000,0.00000000,0
2026-09-06 12:00:00,0.0543,0.0543,0.0543,0.0543,0.00000000,1788710399999,0.00000000,0,0.00000000,0.00000000,0
2026-09-06 16:00:00,0.0543,0.0543,0.0543,0.0543,0.00000000,1788724799999,0.00000000,0,0.00000000,0.00000000,0
2026-09-06 20:00:00,0.0543,0.0543,0.0543,0.0543,0.00000000,1788739199999,0.00000000,0,0.00000000,0.00000000,0
2026-09-07 00:00:00,0.0543,0.0543,0.0543,0.0543,0.00000000,1788753599999,0.00000000,0,0.00000000,0.00000000,0
2026-09-07 04:00:00,0.0543,0.0543,0.0543,0.0543,0.00000000,1788767999999,0.00000000,0,0.00000000,0.00000000,0
2026-09-07 08:00:00,0.0543,0.0543,0.0543,0.0543,0.00000000,1788782399999,0.00000000,0,0.00000000,0.00000000,0
2026-09-07 12:00:00,0.0543,0.0543,0.0543,0.0543,0.00000000,1788796799999,0.00000000,0,0.00000000,0.00000000,0
2026-09-07 16:00:00,0.0536,0.0536,0.0536,0.0536,114.00000000,1788811199999,6.11040000,1,114.00000000,6.11040000,0
2026-09-07 20:00:00,0.0536,0.0536,0.0536,0.0536,0.00000000,1788825599999,0.00000000,0,0.00000000,0.00000000,0
2026-09-08 00:00:00,0.0533,0.0533,0.0533,0.0533,203.00000000,1788839999999,10.81990000,1,0.00000000,0.00000000,0
2026-09-08 04:00:00,0.0533,0.0533,0.0533,0.0533,0.00000000,1788854399999,0.00000000,0,0.00000000,0.00000000,0
2026-09-08 08:00:00,0.0536,0.0536,0.0536,0.0536,944.00000000,1788868799999,50.59840000,1,944.00000000,50.59840000,0
2026-09-08 12:00:00,0.0536,0.0536,0.0536,0.0536,0.00000000,1788883199999,0.00000000,0,0.00000000,0.00000000,0
2026-09-08 16:00:00,0.0536,0.0536,0.0536,0.0536,169.00000000,1788897599999,9.05840000,1,0.00000000,0.00000000,0
2026-09-08 20:00:00,0.0536,0.0536,0.0536,0.0536,0.00000000,1788911999999,0.00000000,0,0.00000000,0.00000000,0
2026-09-09 00:00:00,0.0535,0.0535,0.0535,0.0535,208.00000000,1788926399999,11.12800000,1,0.00000000,0.00000000,0
2026-09-09 04:00:00,0.0535,0.0535,0.0535,0.0535,0.00000000,1788940799999,0.00000000,0,0.00000000,0.00000000,0
2026-09-09 08:00:00,0.0535,0.0535,0.0535,0.0535,0.00000000,1788955199999,0.00000000,0,0.00000000,0.00000000,0
2026-09-09 12:00:00,0.0545,0.0545,0.0544,0.0544,1256.00000000,1788969599999,68.43920000,2,0.00000000,0.00000000,0
2026-09-09 16:00:00,0.0544,0.0544,0.0544,0.0544,0.00000000,1788983999999,0.00000000,0,0.00000000,0.00000000,0
2026-09-09 20:00:00,0.0544,0.0544,0.0544,0.0544,0.00000000,1788998399999,0.00000000,0,0.00000000,0.00000000,0
2026-09-10 00:00:00,0.0544,0.0544,0.0544,0.0544,0.00000000,1789012799999,0.00000000,0,0.00000000,0.00000000,0
2026-09-10 04:00:00,0.0544,0.0544,0.0544,0.0544,0.00000000,1789027199999,0.00000000,0,0.00000000,0.00000000,0
2026-09-10 08:00:00,0.0544,0.0544,0.0544,0.0544,0.00000000,1789041599999,0.00000000,0,0.00000000,0.00000000,0
2026-09-10 12:00:00,0.0544,0.0544,0.0544,0.0544,0.00000000,1789055999999,0.00000000,0,0.00000000,0.00000000,0
2026-09-10 16:00:00,0.0513,0.0513,0.0513,0.0513,113.00000000,1789070399999,5.79690000,1,0.00000000,0.00000000,0
2026-09-10 20:00:00,0.0513,0.0513,0.0513,0.0513,0.00000000,1789084799999,0.00000000,0,0.00000000,0.00000000,0
