ts,open,high,low,close,volume,close_time,quote_asset_volume,num_trades,taker_buy_base,taker_buy_quote,ignore
2024-09-11 16:00:00,0.8856,0.9214,0.8856,0.9034,1648.00000000,1726084799999,1484.87071000,33,426.60000000,385.14334000,0
2024-09-11 20:00:00,0.9124,0.9345,0.9124,0.9337,926.10000000,1726099199999,858.24229000,27,729.10000000,677.43277000,0
2024-09-12 00:00:00,0.9341,1.015,0.9341,1.0081,22222.70000000,1726113599999,22094.06516000,152,18030.10000000,17896.98673000,0
2024-09-12 04:00:00,1.0103,1.0465,1.0083,1.0215,8101.00000000,1726127999999,8299.28797000,95,7377.40000000,7560.48419000,0
2024-09-12 08:00:00,1.0242,1.0432,1.0233,1.0432,1611.70000000,1726142399999,1666.26658000,35,863.60000000,896.25883000,0
2024-09-12 12:00:00,1.0439,1.0674,1.0201,1.0201,6948.80000000,1726156799999,7166.16467000,140,4134.60000000,4280.42887000,0
2024-09-12 16:00:00,1.0184,1.0367,1.0073,1.0367,3518.50000000,1726171199999,3573.91070000,69,571.10000000,586.45394000,0
2024-09-12 20:00:00,1.0387,1.0449,1.0243,1.038,5021.50000000,1726185599999,5160.85026000,42,2680.80000000,2757.51643000,0
2024-09-13 00:00:00,1.0354,1.0367,1.0181,1.0367,1140.40000000,1726199999999,1172.75346000,33,623.40000000,640.84039000,0
2024-09-13 04:00:00,1.037,1.037,1.0102,1.012,7753.90000000,1726214399999,7992.10841000,23,6782.80000000,7002.09756000,0
2024-09-13 08:00:00,1.0083,1.0083,0.9938,0.9938,710.60000000,1726228799999,713.37462000,23,172.70000000,173.63258000,0
2024-09-13 12:00:00,1.0032,1.0262,1.0032,1.0262,253.40000000,1726243199999,257.18630000,24,189.40000000,192.28103000,0
2024-09-13 16:00:00,1.0264,1.0449,1.0181,1.0234,6545.50000000,1726257599999,6764.75224000,52,2068.10000000,2128.34140000,0
2024-09-13 20:00:00,1.0204,1.0318,1.0201,1.0201,261.90000000,1726271999999,268.37964000,12,58.30000000,59.92910000,0
2024-09-14 00:00:00,1.0282,1.0522,1.0243,1.0368,668.90000000,1726286399999,691.96016000,24,613.50000000,634.53496000,0
2024-09-14 04:00:00,1.0473,1.0679,1.0336,1.0336,12387.20000000,1726300799999,13046.92364000,166,10057.70000000,10599.36911000,0
2024-09-14 08:00:00,1.0449,1.0449,1.0102,1.0143,902.00000000,1726315199999,926.82993000,31,50.90000000,52.27275000,0
2024-09-14 12:00:00,1.0137,1.0251,1.0059,1.0242,5085.90000000,1726329599999,5137.71992000,17,5020.70000000,5071.56083000,0
2024-09-14 16:00:00,1.0262,1.027,1.0059,1.019,2055.50000000,1726343999999,2093.71041000,27,1938.50000000,1975.47912000,0
2024-09-14 20:00:00,1.02,1.0449,1.0169,1.0404,2767.80000000,1726358399999,2828.82334000,26,1393.30000000,1428.79840000,0
2024-09-15 00:00:00,1.047,1.1085,1.047,1.0781,14666.60000000,1726372799999,15864.16686000,186,6890.20000000,7460.45578000,0
2024-09-15 04:00:00,1.08,1.08,1.0649,1.0649,405.40000000,1726387199999,436.44852000,19,10.80000000,11.55492000,0
2024-09-15 08:00:00,1.0621,1.1214,1.0621,1.0864,15446.80000000,1726401599999,16448.12130000,126,14895.50000000,15842.80627000,0
2024-09-15 12:00:00,1.0869,1.1687,1.0815,1.0916,16702.80000000,1726415999999,18565.17767000,108,15805.40000000,17586.82861000,0
2024-09-15 16:00:00,1.0916,1.1367,1.069,1.1222,6936.50000000,1726430399999,7511.78330000,115,1657.70000000,1841.57424000,0
2024-09-15 20:00:00,1.1139,1.1222,1.0781,1.0781,5439.90000000,1726444799999,5961.81066000,49,4833.80000000,5299.22119000,0
2024-09-16 00:00:00,1.0756,1.0901,1.0543,1.0901,17168.20000000,1726459199999,18421.26117000,70,1232.20000000,1328.24496000,0
2024-09-16 04:00:00,1.0842,1.1115,1.0673,1.1115,1004.10000000,1726473599999,1097.24384000,42,866.40000000,948.94173000,0
2024-09-16 08:00:00,1.1167,1.1253,1.0944,1.0973,799.70000000,1726487999999,890.46141000,32,302.30000000,338.90814000,0
2024-09-16 12:00:00,1.1,1.1,1.0649,1.0649,2792.50000000,1726502399999,3041.27472000,89,1308.70000000,1429.98383000,0
2024-09-16 16:00:00,1.0729,1.0729,1.0243,1.0521,14175.50000000,1726516799999,14692.96772000,75,10418.10000000,10777.34559000,0
2024-09-16 20:00:00,1.0368,1.0492,1.0285,1.0492,11927.60000000,1726531199999,12384.92724000,31,11747.30000000,12197.87465000,0
2024-09-17 00:00:00,1.0449,1.0757,1.0204,1.0755,4736.10000000,1726545599999,4970.00436000,68,1476.60000000,1563.27436000,0
2024-09-17 04:00:00,1.0715,1.1115,1.0715,1.1115,2463.80000000,1726559999999,2714.19588000,46,2307.50000000,2543.24985000,0
2024-09-17 08:00:00,1.1167,1.1886,1.1121,1.1856,6465.60000000,1726574399999,7500.77122000,102,4019.80000000,4660.44334000,0
2024-09-17 12:00:00,1.1709,1.1895,1.1456,1.1533,17836.50000000,1726588799999,20886.03645000,104,5583.10000000,6523.74059000,0
2024-09-17 16:00:00,1.1533,1.1569,1.1351,1.1351,213061.60000000,1726603199999,244970.30846000,212,538.90000000,623.20864000,0
2024-09-17 20:00:00,1.15,1.1793,1.1479,1.1671,11074.20000000,1726617599999,12949.03084000,45,10929.90000000,12780.68784000,0
2024-09-18 00:00:00,1.1629,1.2312,1.1441,1.209,21384.70000000,1726631999999,25710.48622000,183,14053.40000000,16927.04053000,0
2024-09-18 04:00:00,1.2026,1.208,1.18,1.197,3102.30000000,1726646399999,3719.65673000,48,1919.50000000,2300.95357000,0
2024-09-18 08:00:00,1.1915,1.1915,1.1586,1.1776,2244.00000000,1726660799999,2629.70671000,50,669.50000000,788.40064000,0
2024-09-18 12:00:00,1.1776,1.1973,1.1629,1.1763,11915.20000000,1726675199999,14158.29105000,56,11548.30000000,13726.61866000,0
2024-09-18 16:00:00,1.1621,1.2687,1.1621,1.2333,50591.30000000,1726689599999,61095.87115000,320,30114.00000000,36370.55856000,0
2024-09-18 20:00:00,1.2333,1.3143,1.2333,1.3143,24528.00000000,1726703999999,31356.50212000,161,13536.30000000,17362.81169000,0
2024-09-19 00:00:00,1.3147,1.3943,1.3136,1.3845,27108.80000000,1726718399999,37074.69634000,223,11728.30000000,15843.23770000,0
2024-09-19 04:00:00,1.3845,1.3881,1.3568,1.3601,2693.20000000,1726732799999,3717.15887000,61,2482.90000000,3429.56571000,0
2024-09-19 08:00:00,1.3568,1.3696,1.3256,1.3534,6052.30000000,1726747199999,8185.33394000,82,3341.70000000,4524.49037000,0
2024-09-19 12:00:00,1.369,1.3743,1.323,1.3298,12290.60000000,1726761599999,16447.01482000,97,7959.10000000,10682.17224000,0
2024-09-19 16:00:00,1.3298,1.3599,1.3,1.35,128752.50000000,1726775999999,173317.53128000,244,19672.60000000,26365.97021000,0
2024-09-19 20:00:00,1.3594,1.4119,1.3526,1.3903,97162.90000000,1726790399999,133113.37145000,240,29762.50000000,40820.56205000,0
2024-09-20 00:00:00,1.3704,1.4493,1.3525,1.4225,15072.00000000,1726804799999,21366.04330000,170,10332.50000000,14631.70276000,0
2024-09-20 04:00:00,1.4196,1.4887,1.411,1.4887,8697.10000000,1726819199999,12694.11859000,124,6505.50000000,9552.78276000,0
2024-09-20 08:00:00,1.49,1.5748,1.4587,1.562,19298.30000000,1726833599999,29659.22039000,220,9568.60000000,14700.52271000,0
2024-09-20 12:00:00,1.5728,1.5728,1.4643,1.4996,12693.10000000,1726847999999,19177.79818000,183,2396.80000000,3636.36637000,0
2024-09-20 16:00:00,1.5022,1.5185,1.4731,1.5017,17161.20000000,1726862399999,25498.30817000,138,2250.40000000,3386.02431000,0
2024-09-20 20:00:00,1.4998,1.5205,1.455,1.455,14808.10000000,1726876799999,22116.30998000,139,6526.00000000,9772.58069000,0
2024-09-21 00:00:00,1.4739,1.5684,1.4569,1.4569,40126.50000000,1726891199999,59976.33772000,475,24163.50000000,36154.67960000,0
2024-09-21 04:00:00,1.4747,1.4876,1.437,1.48,10745.10000000,1726905599999,15609.59413000,109,2781.80000000,4080.03898000,0
2024-09-21 08:00:00,1.4876,1.5055,1.4804,1.4947,1176.10000000,1726919999999,1751.37899000,25,680.60000000,1017.04262000,0
2024-09-21 12:00:00,1.4947,1.5056,1.4715,1.492,5127.90000000,1726934399999,7630.91851000,60,1122.60000000,1678.87347000,0
2024-09-21 16:00:00,1.4921,1.4981,1.4696,1.495,79268.10000000,1726948799999,118406.86630000,121,12880.00000000,19175.42147000,0
2024-09-21 20:00:00,1.495,1.5217,1.4754,1.4978,6112.70000000,1726963199999,9085.89736000,60,4712.50000000,7009.31290000,0
2024-09-22 00:00:00,1.479,1.4949,1.4424,1.4666,1930.90000000,1726977599999,2829.95880000,94,306.10000000,453.35826000,0
2024-09-22 04:00:00,1.466,1.4683,1.4201,1.4538,2350.00000000,1726991999999,3393.29598000,41,1649.80000000,2388.26101000,0
2024-09-22 08:00:00,1.4563,1.4931,1.4532,1.4931,14491.40000000,1727006399999,21552.33132000,53,13290.10000000,19794.23938000,0
2024-09-22 12:00:00,1.495,1.5769,1.473,1.5055,13090.30000000,1727020799999,20207.28364000,244,9132.10000000,14200.64180000,0
2024-09-22 16:00:00,1.5137,1.63,1.4964,1.6193,14793.60000000,1727035199999,23508.16644000,202,11518.30000000,18318.66373000,0
2024-09-22 20:00:00,1.6191,1.6191,1.527,1.5873,14612.10000000,1727049599999,23142.64492000,287,5285.50000000,8352.14614000,0
2024-09-23 00:00:00,1.5782,1.6473,1.56,1.6212,72161.50000000,1727063999999,115885.79284000,361,41758.10000000,67502.38844000,0
2024-09-23 04:00:00,1.6208,1.6378,1.56,1.569,12393.80000000,1727078399999,19826.03118000,168,4070.20000000,6588.48977000,0
2024-09-23 08:00:00,1.569,1.569,1.5163,1.5326,23474.30000000,1727092799999,36272.46816000,102,216.70000000,336.09479000,0
2024-09-23 12:00:00,1.5326,1.5568,1.5101,1.549,8738.90000000,1727107199999,13319.53150000,76,1822.80000000,2798.86207000,0
2024-09-23 16:00:00,1.5456,1.5679,1.52,1.54,7749.20000000,1727121599999,11922.92084000,86,3293.40000000,5131.43738000,0
2024-09-23 20:00:00,1.5499,1.5528,1.5239,1.5316,2502.50000000,1727135999999,3856.82019000,43,2302.60000000,3550.38996000,0
2024-09-24 00:00:00,1.5301,1.5762,1.52,1.5496,8413.70000000,1727150399999,12878.28051000,83,2224.00000000,3450.84411000,0
2024-09-24 04:00:00,1.5568,1.5568,1.5,1.53,6245.30000000,1727164799999,9454.47497000,59,3667.20000000,5577.50203000,0
2024-09-24 08:00:00,1.5437,1.5761,1.5294,1.5294,4074.10000000,1727179199999,6354.43731000,55,1109.60000000,1742.65954000,0
2024-09-24 12:00:00,1.5285,1.61,1.5108,1.5763,25000.70000000,1727193599999,39658.21417000,256,21387.30000000,33984.22754000,0
2024-09-24 16:00:00,1.5976,1.6908,1.5945,1.685,101966.10000000,1727207999999,170417.67480000,377,55704.00000000,92468.31467000,0
2024-09-24 20:00:00,1.6883,1.7912,1.6564,1.7574,93625.00000000,1727222399999,158617.41273000,366,30181.90000000,51335.85584000,0
2024-09-25 00:00:00,1.7574,1.8,1.7268,1.7761,52715.50000000,1727236799999,92768.21713000,508,15101.40000000,26696.81143000,0
2024-09-25 04:00:00,1.776,1.776,1.7082,1.745,10147.10000000,1727251199999,17687.86178000,132,1422.90000000,2497.38697000,0
2024-09-25 08:00:00,1.745,1.75,1.7238,1.7238,1828.10000000,1727265599999,3173.30607000,28,587.50000000,1025.16548000,0
2024-09-25 12:00:00,1.7391,1.75,1.693,1.7011,50101.10000000,1727279999999,86814.11095000,194,6659.00000000,11525.17377000,0
2024-09-25 16:00:00,1.6983,1.724,1.6692,1.6876,31070.20000000,1727294399999,52888.55297000,120,2765.10000000,4711.97092000,0
2024-09-25 20:00:00,1.6922,1.706,1.6726,1.706,25936.10000000,1727308799999,43918.86113000,57,22049.20000000,37352.95627000,0
2024-09-26 00:00:00,1.7063,1.7271,1.6585,1.7271,27717.20000000,1727323199999,46969.59537000,174,13551.10000000,23082.20533000,0
2024-09-26 04:00:00,1.727,1.727,1.68,1.694,19886.50000000,1727337599999,33695.92437000,87,7203.80000000,12337.91047000,0
2024-09-26 08:00:00,1.7032,1.7231,1.6726,1.7231,4837.40000000,1727351999999,8221.80292000,54,3678.80000000,6266.41554000,0
2024-09-26 12:00:00,1.707,1.7493,1.6828,1.7252,8063.70000000,1727366399999,13963.50852000,160,4410.20000000,7683.33222000,0
2024-09-26 16:00:00,1.7239,1.7583,1.6904,1.7377,15386.90000000,1727380799999,26470.63233000,145,7558.60000000,13060.65225000,0
2024-09-26 20:00:00,1.7152,1.7225,1.6032,1.6559,42956.30000000,1727395199999,71324.38245000,314,25619.30000000,42431.59677000,0
2024-09-27 00:00:00,1.6355,1.6829,1.6113,1.6654,25833.60000000,1727409599999,42733.78919000,164,10786.70000000,17875.46255000,0
2024-09-27 04:00:00,1.6687,1.7326,1.5996,1.7117,37548.90000000,1727423999999,61403.72295000,217,15659.80000000,25240.98125000,0
2024-09-27 08:00:00,1.7094,1.7153,1.6861,1.7092,2329.80000000,1727438399999,3951.87356000,27,906.00000000,1546.64075000,0
2024-09-27 12:00:00,1.6942,1.7229,1.6519,1.6785,30894.60000000,1727452799999,52560.34568000,141,12690.40000000,21573.47618000,0
2024-09-27 16:00:00,1.684,1.689,1.6181,1.6349,5401.70000000,1727467199999,8972.70483000,86,1690.30000000,2845.60859000,0
2024-09-27 20:00:00,1.6473,1.6839,1.6473,1.6649,4062.50000000,1727481599999,6776.74209000,57,3270.70000000,5465.90717000,0
2024-09-28 00:00:00,1.6535,1.6743,1.6315,1.6315,9357.80000000,1727495999999,15493.65887000,65,4246.20000000,7095.96513000,0
2024-09-28 04:00:00,1.64,1.6639,1.6101,1.6322,5136.30000000,1727510399999,8409.31411000,57,1779.40000000,2934.15237000,0
2024-09-28 08:00:00,1.6354,1.6424,1.6181,1.6424,559.50000000,1727524799999,912.46462000,12,243.70000000,399.44516000,0
2024-09-28 12:00:00,1.6197,1.6537,1.6101,1.6537,1475.10000000,1727539199999,2398.66219000,46,762.90000000,1248.39781000,0
2024-09-28 16:00:00,1.6537,1.6539,1.632,1.6427,1858.70000000,1727553599999,3055.83276000,23,620.70000000,1023.71729000,0
2024-09-28 20:00:00,1.6389,1.6933,1.6226,1.6933,24856.70000000,1727567999999,41453.28435000,104,14898.10000000,24761.47545000,0
2024-09-29 00:00:00,1.6919,1.7194,1.65,1.6764,19875.40000000,1727582399999,33630.46488000,101,12307.90000000,20991.42295000,0
2024-09-29 04:00:00,1.6825,1.6881,1.6318,1.6318,3559.80000000,1727596799999,5924.78908000,67,1321.50000000,2228.33817000,0
2024-09-29 08:00:00,1.63,1.6974,1.63,1.6974,3161.70000000,1727611199999,5322.11998000,40,1725.90000000,2911.10481000,0
2024-09-29 12:00:00,1.6934,1.8114,1.6814,1.791,65750.60000000,1727625599999,117531.03034000,273,57371.10000000,102556.53799000,0
2024-09-29 16:00:00,1.7996,1.8562,1.7996,1.8126,54811.40000000,1727639999999,100213.91810000,184,32241.30000000,59005.84858000,0
2024-09-29 20:00:00,1.83,1.8353,1.7441,1.7582,17377.80000000,1727654399999,30994.46852000,139,5597.00000000,10242.22474000,0
2024-09-30 00:00:00,1.7656,1.7765,1.7033,1.7377,18947.30000000,1727668799999,32614.74535000,120,5328.40000000,9220.32587000,0
2024-09-30 04:00:00,1.7375,1.7913,1.7363,1.7913,8727.00000000,1727683199999,15252.78112000,54,5153.50000000,8995.10204000,0
2024-09-30 08:00:00,1.7679,1.7679,1.7238,1.7546,1288.90000000,1727697599999,2250.07551000,51,132.40000000,232.59484000,0
2024-09-30 12:00:00,1.7548,1.7756,1.731,1.7498,13085.70000000,1727711999999,22900.90848000,65,12346.00000000,21611.84887000,0
2024-09-30 16:00:00,1.7666,1.8375,1.7542,1.8159,33163.50000000,1727726399999,59245.43014000,195,23282.00000000,41690.65123000,0
2024-09-30 20:00:00,1.8149,1.835,1.7029,1.7901,24378.30000000,1727740799999,44078.52608000,207,14595.10000000,26632.87343000,0
2024-10-01 00:00:00,1.7901,1.9,1.7585,1.8989,55628.40000000,1727755199999,101598.77240000,328,27295.70000000,49940.12451000,0
2024-10-01 04:00:00,1.8977,1.9309,1.8483,1.8662,12215.70000000,1727769599999,22961.14909000,239,5802.40000000,11032.88468000,0
2024-10-01 08:00:00,1.8702,1.9092,1.8702,1.8954,3987.20000000,1727783999999,7581.11553000,33,3307.30000000,6302.33934000,0
2024-10-01 12:00:00,1.8848,1.9,1.7182,1.7939,39794.80000000,1727798399999,71312.75149000,381,14892.20000000,26652.70938000,0
2024-10-01 16:00:00,1.79,1.8017,1.6674,1.73,53718.50000000,1727812799999,93612.00102000,414,13681.50000000,24307.29108000,0
2024-10-01 20:00:00,1.7303,1.7853,1.6898,1.78,88690.60000000,1727827199999,153479.89125000,285,1619.50000000,2840.93883000,0
2024-10-02 00:00:00,1.7559,1.8251,1.7441,1.7972,28884.10000000,1727841599999,51582.93110000,125,18814.20000000,33668.59256000,0
2024-10-02 04:00:00,1.8182,1.9308,1.8178,1.8886,31905.70000000,1727855999999,60064.68275000,211,30833.00000000,58057.47494000,0
2024-10-02 08:00:00,1.9139,1.9234,1.8235,1.8235,2176.30000000,1727870399999,4090.98972000,105,208.40000000,393.92514000,0
2024-10-02 12:00:00,1.823,1.9501,1.7978,1.9,122464.60000000,1727884799999,230447.55661000,392,28402.30000000,53285.47103000,0
2024-10-02 16:00:00,1.9,1.9051,1.7529,1.8279,114259.80000000,1727899199999,213615.29702000,416,15754.90000000,28587.98613000,0
2024-10-02 20:00:00,1.8029,1.86,1.78,1.8462,17492.60000000,1727913599999,31794.68677000,120,11678.40000000,21289.08192000,0
2024-10-03 00:00:00,1.862,2.0017,1.8547,1.935,70631.00000000,1727927999999,137285.18136000,376,35919.60000000,69800.69093000,0
2024-10-03 04:00:00,1.9333,1.9388,1.86,1.8602,5968.10000000,1727942399999,11370.14251000,144,1105.60000000,2124.26378000,0
2024-10-03 08:00:00,1.8575,1.9276,1.83,1.8795,19318.20000000,1727956799999,35732.82399000,216,4674.20000000,8814.97278000,0
2024-10-03 12:00:00,1.8796,1.892,1.63,1.7168,48406.20000000,1727971199999,83412.84694000,468,26845.00000000,46132.19077000,0
2024-10-03 16:00:00,1.693,1.7563,1.6076,1.7398,38241.10000000,1727985599999,63874.79444000,378,17515.30000000,29512.00598000,0
2024-10-03 20:00:00,1.738,1.8388,1.6591,1.7705,21155.80000000,1727999999999,36408.50357000,381,11931.40000000,20493.49543000,0
2024-10-04 00:00:00,1.7991,1.8251,1.695,1.701,15210.00000000,1728014399999,26707.47071000,150,2177.00000000,3779.59441000,0
2024-10-04 04:00:00,1.7011,1.738,1.671,1.6982,7870.40000000,1728028799999,13325.86842000,111,3205.60000000,5457.64735000,0
2024-10-04 08:00:00,1.695,1.7935,1.6898,1.7425,14920.60000000,1728043199999,26045.79076000,150,5080.10000000,8899.77704000,0
2024-10-04 12:00:00,1.7395,1.8205,1.7033,1.7579,32280.90000000,1728057599999,56592.80460000,300,18559.90000000,32733.38549000,0
2024-10-04 16:00:00,1.7523,1.7902,1.7321,1.7902,38091.20000000,1728071999999,67386.53941000,429,24201.50000000,42845.23823000,0
2024-10-04 20:00:00,1.7913,1.8,1.75,1.777,22347.40000000,1728086399999,39854.45617000,197,16992.10000000,30283.71636000,0
2024-10-05 00:00:00,1.7794,1.7914,1.7,1.7,24663.50000000,1728100799999,42786.05759000,187,1497.60000000,2616.23954000,0
2024-10-05 04:00:00,1.706,1.7318,1.7049,1.7212,12455.40000000,1728115199999,21465.59828000,70,11198.40000000,19307.04857000,0
2024-10-05 08:00:00,1.7205,1.7263,1.6932,1.7147,7817.50000000,1728129599999,13336.26928000,42,2234.70000000,3828.20045000,0
2024-10-05 12:00:00,1.7103,1.7379,1.7067,1.712,7991.20000000,1728143999999,13751.69489000,58,5288.40000000,9086.67322000,0
2024-10-05 16:00:00,1.7245,1.78,1.7171,1.7388,31999.30000000,1728158399999,55780.97814000,263,25350.30000000,44177.57253000,0
2024-10-05 20:00:00,1.7356,1.78,1.7067,1.7549,14520.30000000,1728172799999,25254.77313000,186,11978.40000000,20858.58885000,0
2024-10-06 00:00:00,1.7549,1.7773,1.7324,1.7436,6464.80000000,1728187199999,11296.71072000,73,4799.10000000,8397.29704000,0
2024-10-06 04:00:00,1.7415,1.7476,1.718,1.7362,12582.00000000,1728201599999,21653.75494000,70,474.00000000,824.34603000,0
2024-10-06 08:00:00,1.7397,1.749,1.7326,1.7369,2769.60000000,1728215999999,4825.85156000,27,1871.80000000,3265.64168000,0
2024-10-06 12:00:00,1.7241,1.7756,1.7238,1.7723,15647.80000000,1728230399999,27641.48796000,123,15070.70000000,26633.98660000,0
2024-10-06 16:00:00,1.772,1.8681,1.7549,1.835,27349.40000000,1728244799999,49623.31234000,343,18100.70000000,32929.86784000,0
2024-10-06 20:00:00,1.839,1.8533,1.8062,1.8515,6906.30000000,1728259199999,12663.48049000,75,4750.40000000,8705.58713000,0
2024-10-07 00:00:00,1.8515,1.9459,1.8487,1.8799,18574.70000000,1728273599999,35311.29753000,233,8607.10000000,16395.37258000,0
2024-10-07 04:00:00,1.9043,1.9355,1.9001,1.9287,11970.10000000,1728287999999,22981.44360000,124,4005.90000000,7733.05142000,0
2024-10-07 08:00:00,1.9336,1.9877,1.9139,1.9612,34251.40000000,1728302399999,66883.38316000,335,19415.70000000,37653.28760000,0
2024-10-07 12:00:00,1.9628,2.1299,1.9314,2.0772,47172.30000000,1728316799999,96506.50522000,504,32267.80000000,65461.42893000,0
2024-10-07 16:00:00,2.0869,2.1667,2.055,2.108,36510.60000000,1728331199999,77519.54214000,339,30619.30000000,65192.57262000,0
2024-10-07 20:00:00,2.1053,2.1053,2.0116,2.0227,31425.00000000,1728345599999,65063.93390000,316,24088.90000000,50021.38749000,0
2024-10-08 00:00:00,2.0195,2.1252,2.0195,2.1162,39822.70000000,1728359999999,83260.07309000,202,30300.40000000,63116.00014000,0
2024-10-08 04:00:00,2.116,2.1311,1.9664,1.9959,19532.00000000,1728374399999,40407.40696000,255,14563.50000000,30335.95980000,0
2024-10-08 08:00:00,1.9858,2.041,1.9858,2.0279,6413.30000000,1728388799999,12908.58273000,42,5561.50000000,11197.52439000,0
2024-10-08 12:00:00,2.0333,2.0478,1.9536,1.9721,63865.10000000,1728403199999,127646.69952000,307,24384.80000000,48934.05561000,0
2024-10-08 16:00:00,1.9725,1.9847,1.9318,1.9847,58809.90000000,1728417599999,115089.72599000,171,16489.70000000,32579.67001000,0
2024-10-08 20:00:00,1.9769,2.019,1.9717,1.9904,13656.90000000,1728431999999,27228.94659000,120,9910.80000000,19755.03580000,0
2024-10-09 00:00:00,1.995,1.9954,1.945,1.9494,15693.10000000,1728446399999,30835.90870000,128,8589.10000000,16917.23968000,0
2024-10-09 04:00:00,1.9523,1.9845,1.918,1.9271,48908.10000000,1728460799999,95222.19666000,165,4735.40000000,9276.76245000,0
2024-10-09 08:00:00,1.9184,1.9279,1.896,1.9056,12903.00000000,1728475199999,24598.08323000,64,852.90000000,1629.13303000,0
2024-10-09 12:00:00,1.9009,1.9924,1.8761,1.9924,34788.70000000,1728489599999,67298.55174000,145,30291.00000000,58734.60816000,0
2024-10-09 16:00:00,1.9916,1.994,1.8949,1.895,44416.10000000,1728503999999,85690.41525000,208,32727.10000000,63217.71768000,0
2024-10-09 20:00:00,1.8927,1.8927,1.8467,1.878,17441.90000000,1728518399999,32637.41596000,115,4369.70000000,8212.63619000,0
2024-10-10 00:00:00,1.8739,1.9004,1.8544,1.8744,19698.70000000,1728532799999,36887.84500000,114,7143.50000000,13408.57129000,0
2024-10-10 04:00:00,1.8737,1.892,1.8531,1.8531,18186.30000000,1728547199999,34251.82628000,49,6665.40000000,12547.66676000,0
2024-10-10 08:00:00,1.8563,1.8563,1.8,1.8537,34644.30000000,1728561599999,62724.67446000,192,731.10000000,1339.90293000,0
2024-10-10 12:00:00,1.8516,1.8578,1.7803,1.7967,17477.90000000,1728575999999,31581.55732000,186,11257.30000000,20365.99700000,0
2024-10-10 16:00:00,1.8115,1.8205,1.7498,1.8108,14999.10000000,1728590399999,26774.10796000,128,9291.80000000,16681.46453000,0
2024-10-10 20:00:00,1.8172,1.8466,1.7962,1.8342,9290.30000000,1728604799999,16926.45725000,56,6056.60000000,11093.18981000,0
2024-10-11 00:00:00,1.8342,1.8445,1.8153,1.8371,5094.80000000,1728619199999,9312.58365000,46,3259.40000000,5949.84764000,0
2024-10-11 04:00:00,1.8367,1.8578,1.7972,1.8578,6094.40000000,1728633599999,11116.64531000,88,2847.80000000,5218.59693000,0
2024-10-11 08:00:00,1.8577,1.9459,1.8577,1.945,21404.40000000,1728647999999,41379.29609000,153,7635.60000000,14641.52274000,0
2024-10-11 12:00:00,1.9387,2.0732,1.9271,2.0247,42396.30000000,1728662399999,85516.39977000,395,33268.00000000,67368.80868000,0
2024-10-11 16:00:00,2.0331,2.059,2.0037,2.04,38129.50000000,1728676799999,77726.13390000,235,23440.00000000,47881.36212000,0
2024-10-11 20:00:00,2.0385,2.0764,2.0259,2.0522,16803.40000000,1728691199999,34441.77833000,237,13484.10000000,27665.63860000,0
2024-10-12 00:00:00,2.0521,2.073,2.01,2.0212,53833.60000000,1728705599999,109737.77291000,207,26955.60000000,54931.02310000,0
2024-10-12 04:00:00,2.0211,2.0253,2.006,2.0253,13239.40000000,1728719999999,26780.17100000,31,10219.50000000,20672.38613000,0
2024-10-12 08:00:00,2.0175,2.1594,2.0175,2.1268,37541.60000000,1728734399999,79117.63352000,372,33912.90000000,71406.04444000,0
2024-10-12 12:00:00,2.1225,2.2704,2.1177,2.1968,61492.20000000,1728748799999,137066.51212000,419,37187.80000000,82803.61096000,0
2024-10-12 16:00:00,2.2068,2.2398,2.2001,2.22,12233.70000000,1728763199999,27221.38384000,211,9087.10000000,20247.14150000,0
2024-10-12 20:00:00,2.22,2.2934,2.22,2.239,53376.60000000,1728777599999,120582.26457000,282,27275.30000000,61631.11611000,0
2024-10-13 00:00:00,2.2705,2.2848,2.207,2.2228,16154.00000000,1728791999999,36208.67527000,213,14130.60000000,31679.98061000,0
2024-10-13 04:00:00,2.222,2.2501,2.21,2.2251,17348.60000000,1728806399999,38525.15592000,128,3945.00000000,8807.44870000,0
2024-10-13 08:00:00,2.2236,2.2403,2.1556,2.1652,4936.50000000,1728820799999,10917.78076000,170,2213.40000000,4925.74977000,0
2024-10-13 12:00:00,2.1788,2.1956,2.1231,2.1537,43285.90000000,1728835199999,93537.85105000,168,25334.00000000,54650.01888000,0
2024-10-13 16:00:00,2.1485,2.24,2.1485,2.24,21088.70000000,1728849599999,46699.85091000,244,14795.10000000,32790.07774000,0
2024-10-13 20:00:00,2.2367,2.3653,2.2135,2.3386,51331.80000000,1728863999999,116426.69767000,505,48527.90000000,110039.85077000,0
2024-10-14 00:00:00,2.3461,2.3461,2.212,2.2541,51359.40000000,1728878399999,116711.71102000,330,29520.20000000,66805.39637000,0
2024-10-14 04:00:00,2.2541,2.2622,2.2324,2.2622,14141.00000000,1728892799999,31713.86323000,80,2791.30000000,6259.97053000,0
2024-10-14 08:00:00,2.25,2.256,2.2221,2.2396,3637.80000000,1728907199999,8150.45323000,59,1582.50000000,3550.03922000,0
2024-10-14 12:00:00,2.2393,2.3019,2.21,2.2632,66060.30000000,1728921599999,150185.30837000,275,38879.30000000,88441.51321000,0
2024-10-14 16:00:00,2.2655,2.2655,2.2324,2.2412,21303.40000000,1728935999999,47991.72375000,101,4803.40000000,10791.09012000,0
2024-10-14 20:00:00,2.2397,2.2758,2.2271,2.2485,14633.30000000,1728950399999,32743.77823000,68,10088.90000000,22604.04780000,0
2024-10-15 00:00:00,2.249,2.2516,2.17,2.2196,35265.50000000,1728964799999,78018.92784000,287,24174.70000000,53564.65292000,0
2024-10-15 04:00:00,2.2196,2.2422,2.1801,2.2334,2712.10000000,1728979199999,5998.98569000,87,1721.20000000,3819.64743000,0
2024-10-15 08:00:00,2.2448,2.2727,2.096,2.1145,5192.60000000,1728993599999,11275.50304000,208,555.70000000,1216.14324000,0
2024-10-15 12:00:00,2.1215,2.2142,2.0545,2.0788,50282.00000000,1729007999999,107231.22125000,417,33670.50000000,72127.63944000,0
2024-10-15 16:00:00,2.0829,2.1164,2.0522,2.081,103189.50000000,1729022399999,216096.95134000,329,39246.30000000,82274.93781000,0
2024-10-15 20:00:00,2.0685,2.0685,1.9768,2.0581,70482.20000000,1729036799999,142363.75457000,266,33003.70000000,66658.62576000,0
2024-10-16 00:00:00,2.0582,2.0587,1.9946,1.9946,35535.00000000,1729051199999,71704.80443000,207,26879.70000000,54178.37978000,0
2024-10-16 04:00:00,1.9917,2.0572,1.982,2.0478,7223.80000000,1729065599999,14651.10432000,90,4032.00000000,8199.36348000,0
2024-10-16 08:00:00,2.0311,2.0898,2.0116,2.058,2822.10000000,1729079999999,5795.46567000,80,1925.70000000,3967.45958000,0
2024-10-16 12:00:00,2.056,2.0774,1.98,1.9961,23359.90000000,1729094399999,47010.71006000,229,6889.40000000,14012.78686000,0
2024-10-16 16:00:00,2.0049,2.0535,1.9905,2.0418,9604.70000000,1729108799999,19573.29291000,80,1911.50000000,3905.20583000,0
2024-10-16 20:00:00,2.0432,2.1549,2.0432,2.1054,15205.00000000,1729123199999,32141.28999000,275,11592.70000000,24531.29659000,0
2024-10-17 00:00:00,2.0898,2.1634,2.0898,2.1552,53767.10000000,1729137599999,114406.60202000,161,39769.30000000,84789.33686000,0
2024-10-17 04:00:00,2.1353,2.1399,2.0888,2.0966,4813.60000000,1729151999999,10246.97457000,62,4147.00000000,8836.82778000,0
2024-10-17 08:00:00,2.0888,2.0888,2.0189,2.0189,2786.90000000,1729166399999,5753.68652000,78,43.10000000,87.93475000,0
2024-10-17 12:00:00,2.0304,2.0875,2.0304,2.0617,39649.30000000,1729180799999,81583.21451000,97,13091.50000000,26726.75585000,0
2024-10-17 16:00:00,2.058,2.058,2.0067,2.04,8214.40000000,1729195199999,16641.17693000,101,551.00000000,1123.49289000,0
2024-10-17 20:00:00,2.0432,2.0743,2.03,2.03,11518.60000000,1729209599999,23612.39700000,81,1911.00000000,3913.12434000,0
2024-10-18 00:00:00,2.0272,2.071,2.011,2.0375,31921.90000000,1729223999999,64985.48874000,212,23550.60000000,47837.97041000,0
2024-10-18 04:00:00,2.0374,2.0643,2.0306,2.0433,7416.90000000,1729238399999,15190.71804000,59,4324.90000000,8867.31582000,0
2024-10-18 08:00:00,2.0539,2.0952,2.0504,2.0848,3166.30000000,1729252799999,6551.96769000,54,2679.80000000,5546.52422000,0
2024-10-18 12:00:00,2.0684,2.1046,2.0477,2.0909,26363.30000000,1729267199999,55235.80892000,106,7225.20000000,15028.62519000,0
2024-10-18 16:00:00,2.0812,2.15,2.075,2.1206,5431.90000000,1729281599999,11563.43748000,91,3088.10000000,6579.22284000,0
2024-10-18 20:00:00,2.1261,2.1285,2.0899,2.1276,31735.20000000,1729295999999,66732.54874000,128,28859.40000000,60693.05041000,0
2024-10-19 00:00:00,2.1219,2.1219,2.0766,2.0968,9983.50000000,1729310399999,20851.11405000,98,2911.00000000,6092.66400000,0
2024-10-19 04:00:00,2.0875,2.0875,2.055,2.0624,13768.50000000,1729324799999,28640.38581000,50,830.80000000,1713.72196000,0
2024-10-19 08:00:00,2.055,2.0783,2.0429,2.0429,2680.90000000,1729339199999,5563.25414000,19,2249.70000000,4675.11352000,0
2024-10-19 12:00:00,2.0438,2.0687,2.0438,2.06,4285.00000000,1729353599999,8822.98305000,34,1986.10000000,4099.81958000,0
2024-10-19 16:00:00,2.06,2.0751,2.0575,2.0575,6598.10000000,1729367999999,13656.10454000,53,4597.20000000,9525.42505000,0
2024-10-19 20:00:00,2.0575,2.075,2.055,2.06,7969.80000000,1729382399999,16424.58278000,48,3737.10000000,7711.04746000,0
2024-10-20 00:00:00,2.0604,2.075,2.0499,2.07,5138.30000000,1729396799999,10597.07673000,38,3721.40000000,7686.23086000,0
2024-10-20 04:00:00,2.0543,2.0693,2.0477,2.0542,2364.40000000,1729411199999,4865.00989000,39,1992.50000000,4102.83228000,0
2024-10-20 08:00:00,2.0643,2.1103,2.0643,2.1103,3478.70000000,1729425599999,7271.92847000,45,3224.40000000,6746.20770000,0
2024-10-20 12:00:00,2.1126,2.1392,2.0687,2.1392,7413.00000000,1729439999999,15671.43961000,152,3600.20000000,7648.71785000,0
2024-10-20 16:00:00,2.1328,2.135,2.1085,2.1137,16856.30000000,1729454399999,35862.72745000,53,13649.90000000,29040.84769000,0
2024-10-20 20:00:00,2.1162,2.15,2.1127,2.1321,7051.90000000,1729468799999,15063.06574000,94,6415.10000000,13710.35863000,0
2024-10-21 00:00:00,2.1253,2.17,2.1104,2.1489,27650.80000000,1729483199999,59293.64839000,386,18958.50000000,40697.63713000,0
2024-10-21 04:00:00,2.148,2.148,2.0893,2.1044,7678.40000000,1729497599999,16188.64359000,71,1035.00000000,2188.99522000,0
2024-10-21 08:00:00,2.0893,2.0907,2.06,2.0642,6665.90000000,1729511999999,13790.76420000,67,366.00000000,761.57408000,0
2024-10-21 12:00:00,2.0583,2.067,2.006,2.0308,20327.30000000,1729526399999,41367.63437000,168,4310.80000000,8726.01223000,0
2024-10-21 16:00:00,2.0227,2.0484,2.0067,2.0347,9655.50000000,1729540799999,19595.69431000,85,3113.30000000,6340.71907000,0
2024-10-21 20:00:00,2.036,2.0509,2.0081,2.0147,14558.50000000,1729555199999,29632.50176000,199,12043.40000000,24520.29437000,0
2024-10-22 00:00:00,2.0069,2.0276,1.9815,2.0076,11198.90000000,1729569599999,22494.61270000,96,6660.10000000,13403.28711000,0
2024-10-22 04:00:00,2.0213,2.029,2.014,2.029,3880.10000000,1729583999999,7840.65317000,35,3408.00000000,6888.10448000,0
2024-10-22 08:00:00,2.0019,2.0037,1.935,1.9473,5441.30000000,1729598399999,10720.15523000,106,1747.60000000,3445.36780000,0
2024-10-22 12:00:00,1.9486,1.9575,1.8857,1.9313,28087.50000000,1729612799999,54032.06500000,288,11057.10000000,21293.03398000,0
2024-10-22 16:00:00,1.9314,1.946,1.9051,1.946,5375.70000000,1729627199999,10398.95706000,42,1544.60000000,2998.82446000,0
2024-10-22 20:00:00,1.9451,1.9546,1.9319,1.9405,982.20000000,1729641599999,1910.63389000,30,607.50000000,1182.76579000,0
2024-10-23 00:00:00,1.9361,1.942,1.9139,1.9253,8371.10000000,1729655999999,16177.30116000,51,5969.80000000,11543.27038000,0
2024-10-23 04:00:00,1.9143,1.9387,1.8855,1.8855,3435.20000000,1729670399999,6524.39709000,76,130.60000000,251.30710000,0
2024-10-23 08:00:00,1.9008,1.9008,1.8641,1.8671,12319.00000000,1729684799999,23278.62473000,73,9895.90000000,18717.98530000,0
2024-10-23 12:00:00,1.873,1.9333,1.873,1.9198,9003.80000000,1729699199999,17210.94289000,66,5983.70000000,11453.84769000,0
2024-10-23 16:00:00,1.921,1.9604,1.8949,1.958,8419.70000000,1729713599999,16172.61764000,72,3993.00000000,7740.00272000,0
2024-10-23 20:00:00,1.9518,1.9964,1.9518,1.9856,96652.30000000,1729727999999,191905.91737000,169,18435.50000000,36591.53458000,0
2024-10-24 00:00:00,1.9852,2.0059,1.9533,1.9982,37229.20000000,1729742399999,74115.90017000,130,6640.30000000,13222.09277000,0
2024-10-24 04:00:00,1.9982,2.0499,1.998,2.0131,40854.90000000,1729756799999,82926.91416000,155,8006.50000000,16155.23410000,0
2024-10-24 08:00:00,2.0155,2.06,1.9663,1.9953,19218.30000000,1729771199999,38544.14867000,180,11708.70000000,23505.69552000,0
2024-10-24 12:00:00,2.0053,2.0259,1.9705,1.9774,7676.80000000,1729785599999,15307.25218000,83,716.10000000,1443.90221000,0
2024-10-24 16:00:00,1.9731,1.9788,1.9532,1.9618,30080.60000000,1729799999999,59212.26189000,80,20148.80000000,39647.36060000,0
2024-10-24 20:00:00,1.9618,1.9778,1.9277,1.9336,47186.00000000,1729814399999,92223.14516000,118,2405.20000000,4701.67424000,0
2024-10-25 00:00:00,1.9359,1.9428,1.918,1.9217,13686.80000000,1729828799999,26375.81564000,53,12660.20000000,24395.76793000,0
2024-10-25 04:00:00,1.9139,1.9234,1.8949,1.9137,14588.30000000,1729843199999,27701.08383000,59,2792.30000000,5329.49018000,0
2024-10-25 08:00:00,1.9198,1.94,1.9112,1.94,802.80000000,1729857599999,1541.58786000,17,375.10000000,723.83698000,0
2024-10-25 12:00:00,1.9198,1.9272,1.8658,1.8736,6093.80000000,1729871999999,11503.08648000,84,734.50000000,1408.54848000,0
2024-10-25 16:00:00,1.8633,1.8744,1.7972,1.8293,32612.30000000,1729886399999,59583.15050000,182,5926.60000000,10850.20832000,0
2024-10-25 20:00:00,1.8275,1.8521,1.7,1.7447,33741.50000000,1729900799999,59597.08013000,252,8014.10000000,14445.12236000,0
2024-10-26 00:00:00,1.7579,1.7646,1.7028,1.7646,27595.80000000,1729915199999,47817.38761000,213,3950.10000000,6846.10693000,0
2024-10-26 04:00:00,1.7505,1.7935,1.7505,1.7762,4666.50000000,1729929599999,8264.70147000,28,4586.20000000,8122.97207000,0
2024-10-26 08:00:00,1.7847,1.8443,1.7832,1.8322,12878.80000000,1729943999999,23620.78912000,52,1823.10000000,3287.94713000,0
2024-10-26 12:00:00,1.8441,1.8441,1.7696,1.7864,2287.70000000,1729958399999,4139.12249000,97,822.00000000,1498.18754000,0
2024-10-26 16:00:00,1.7798,1.7958,1.7771,1.7858,4544.60000000,1729972799999,8111.22026000,21,4012.60000000,7162.72687000,0
2024-10-26 20:00:00,1.7976,1.8054,1.7762,1.8014,7539.70000000,1729987199999,13468.39579000,39,2251.80000000,4049.64992000,0
2024-10-27 00:00:00,1.7916,1.8181,1.7762,1.8181,7329.50000000,1730001599999,13110.21884000,50,3254.10000000,5830.25554000,0
2024-10-27 04:00:00,1.81,1.8254,1.8088,1.8254,1256.50000000,1730015999999,2286.58471000,20,903.90000000,1648.40837000,0
2024-10-27 08:00:00,1.8296,1.8296,1.7954,1.7954,635.10000000,1730030399999,1147.14294000,18,65.10000000,118.85596000,0
2024-10-27 12:00:00,1.7914,1.8083,1.7794,1.7794,3038.10000000,1730044799999,5468.86993000,48,304.60000000,549.80643000,0
2024-10-27 16:00:00,1.7794,1.799,1.7446,1.7587,5627.30000000,1730059199999,9923.60069000,112,312.70000000,558.40766000,0
2024-10-27 20:00:00,1.7655,1.795,1.7587,1.7744,856.80000000,1730073599999,1526.99844000,34,782.50000000,1396.30183000,0
2024-10-28 00:00:00,1.7744,1.7744,1.6702,1.6808,22940.40000000,1730087999999,39363.58097000,104,398.00000000,686.75620000,0
2024-10-28 04:00:00,1.6742,1.7419,1.6545,1.7419,13189.60000000,1730102399999,22147.19192000,126,2449.20000000,4165.17599000,0
2024-10-28 08:00:00,1.7439,1.7446,1.6953,1.6987,9034.60000000,1730116799999,15477.34578000,58,4860.60000000,8328.46091000,0
2024-10-28 12:00:00,1.6988,1.7168,1.6335,1.6543,36322.40000000,1730131199999,60843.28852000,208,20165.00000000,33959.11890000,0
2024-10-28 16:00:00,1.6556,1.6756,1.602,1.6746,21204.30000000,1730145599999,34947.60335000,168,14882.90000000,24632.24786000,0
2024-10-28 20:00:00,1.674,1.7847,1.674,1.7806,5786.30000000,1730159999999,10026.79200000,186,3044.90000000,5254.42659000,0
2024-10-29 00:00:00,1.7656,1.9162,1.7622,1.8809,23536.10000000,1730174399999,44084.76733000,257,20358.90000000,38196.03390000,0
2024-10-29 04:00:00,1.8772,1.8832,1.8392,1.8411,3917.80000000,1730188799999,7330.13647000,79,1516.60000000,2837.72251000,0
2024-10-29 08:00:00,1.8521,1.9867,1.8503,1.9663,13034.60000000,1730203199999,24761.70943000,124,12145.20000000,23087.55970000,0
2024-10-29 12:00:00,1.984,2.0214,1.9683,2.0025,39499.60000000,1730217599999,78784.05162000,206,24794.80000000,49468.07661000,0
2024-10-29 16:00:00,2.0099,2.0934,1.9906,1.9965,49861.70000000,1730231999999,100792.30800000,506,26685.80000000,54060.31936000,0
2024-10-29 20:00:00,2.0044,2.0751,1.97,2.0751,42929.50000000,1730246399999,87408.78061000,348,28081.10000000,57118.08425000,0
2024-10-30 00:00:00,2.0724,2.127,2.0504,2.0873,37673.10000000,1730260799999,78905.93376000,383,26790.00000000,56212.87060000,0
2024-10-30 04:00:00,2.0751,2.0875,2.0477,2.0595,17314.40000000,1730275199999,35824.35697000,104,13504.30000000,27952.84954000,0
2024-10-30 08:00:00,2.0626,2.0812,2.02,2.02,9002.10000000,1730289599999,18261.16204000,89,1507.10000000,3094.17378000,0
2024-10-30 12:00:00,2.02,2.0533,1.9792,1.9945,33020.50000000,1730303999999,66329.06957000,230,23151.40000000,46523.77290000,0
2024-10-30 16:00:00,1.9917,2.0472,1.9899,2.037,8459.80000000,1730318399999,17048.88003000,102,6935.60000000,13972.79192000,0
2024-10-30 20:00:00,2.0382,2.1063,2.0189,2.0788,8871.60000000,1730332799999,18319.26461000,107,6149.80000000,12760.18691000,0
2024-10-31 00:00:00,2.0875,2.0952,2.0434,2.063,10109.20000000,1730347199999,20898.87592000,140,7422.50000000,15383.75707000,0
2024-10-31 04:00:00,2.0577,2.081,2.0362,2.0739,621.40000000,1730361599999,1277.53554000,50,317.60000000,656.25759000,0
2024-10-31 08:00:00,2.0738,2.0738,2.0226,2.0286,3381.20000000,1730375999999,6886.84864000,47,1275.50000000,2589.88472000,0
2024-10-31 12:00:00,2.0311,2.0382,1.9814,2.0125,28665.20000000,1730390399999,57527.83221000,158,13240.10000000,26662.14460000,0
2024-10-31 16:00:00,2.026,2.026,1.9387,1.9546,18746.30000000,1730404799999,37311.54493000,106,15162.20000000,30266.06405000,0
2024-10-31 20:00:00,1.9663,1.9878,1.9586,1.9792,4443.50000000,1730419199999,8781.32732000,36,3886.30000000,7682.15909000,0
2024-11-01 00:00:00,1.967,2.0156,1.9539,1.9794,7836.90000000,1730433599999,15610.14826000,115,3346.90000000,6709.36790000,0
2024-11-01 04:00:00,1.9784,1.9938,1.9224,1.9227,22218.20000000,1730447999999,43317.73798000,81,985.60000000,1922.49513000,0
2024-11-01 08:00:00,1.9359,1.9622,1.9179,1.95,7674.10000000,1730462399999,14770.65829000,33,5049.10000000,9717.26668000,0
2024-11-01 12:00:00,1.9622,2.1042,1.9518,1.9518,132843.50000000,1730476799999,273027.99889000,608,52752.70000000,107230.68567000,0
2024-11-01 16:00:00,1.9488,2.0177,1.946,1.9769,11029.60000000,1730491199999,21884.35291000,124,9045.40000000,17982.33114000,0
2024-11-01 20:00:00,1.9824,2.009,1.9658,1.9968,14161.70000000,1730505599999,28129.67186000,75,4502.80000000,8959.60025000,0
2024-11-02 00:00:00,1.9981,2.0235,1.9595,1.9595,3779.40000000,1730519999999,7473.73108000,67,2433.80000000,4828.36461000,0
2024-11-02 04:00:00,1.9586,1.9663,1.9429,1.9546,908.30000000,1730534399999,1774.41730000,29,258.90000000,505.10892000,0
2024-11-02 08:00:00,1.9429,1.9429,1.9249,1.93,8292.90000000,1730548799999,16073.69956000,42,544.60000000,1056.12709000,0
2024-11-02 12:00:00,1.9301,1.9301,1.8926,1.9031,12692.10000000,1730563199999,24213.82022000,127,1030.60000000,1973.21532000,0
2024-11-02 16:00:00,1.9152,1.9215,1.8709,1.8864,2965.70000000,1730577599999,5592.60343000,97,710.40000000,1349.35585000,0
2024-11-02 20:00:00,1.8962,1.9155,1.8962,1.9089,2179.90000000,1730591999999,4168.93500000,38,1957.00000000,3743.68982000,0
2024-11-03 00:00:00,1.9118,1.9124,1.8076,1.8502,16353.80000000,1730606399999,30272.81403000,262,5508.30000000,10174.91997000,0
2024-11-03 04:00:00,1.8501,1.9002,1.8466,1.8857,5072.10000000,1730620799999,9523.80462000,78,2356.60000000,4411.88185000,0
2024-11-03 08:00:00,1.8835,1.8835,1.8545,1.8545,469.90000000,1730635199999,877.62549000,27,53.10000000,99.42984000,0
2024-11-03 12:00:00,1.8613,1.8657,1.7762,1.8431,16862.50000000,1730649599999,30518.20640000,267,5721.30000000,10440.23862000,0
2024-11-03 16:00:00,1.8466,1.8715,1.8143,1.8429,6297.70000000,1730663999999,11645.17902000,121,4065.40000000,7537.82129000,0
2024-11-03 20:00:00,1.85,1.96,1.85,1.945,15478.80000000,1730678399999,29841.62320000,269,14529.30000000,28030.71267000,0
2024-11-04 00:00:00,1.9507,1.96,1.9001,1.9044,6793.60000000,1730692799999,13132.10668000,167,3873.30000000,7529.77976000,0
2024-11-04 04:00:00,1.9082,1.9198,1.8744,1.8744,4440.00000000,1730707199999,8406.39370000,84,1946.80000000,3679.95599000,0
2024-11-04 08:00:00,1.8824,1.9005,1.8603,1.88,5117.30000000,1730721599999,9640.38321000,87,1131.70000000,2134.99420000,0
2024-11-04 12:00:00,1.875,1.9155,1.8633,1.8897,5055.90000000,1730735999999,9561.53655000,118,2449.50000000,4664.09171000,0
2024-11-04 16:00:00,1.8857,1.8971,1.849,1.8521,12608.80000000,1730750399999,23610.83875000,129,9889.50000000,18548.15110000,0
2024-11-04 20:00:00,1.8434,1.8586,1.7954,1.8586,9502.20000000,1730764799999,17384.35006000,144,2555.10000000,4700.38250000,0
2024-11-05 00:00:00,1.8633,1.8879,1.8448,1.8862,4291.20000000,1730779199999,8036.67280000,93,2143.30000000,4024.80794000,0
2024-11-05 04:00:00,1.8894,1.9385,1.8894,1.9313,5880.50000000,1730793599999,11250.42637000,57,3380.20000000,6468.18734000,0
2024-11-05 08:00:00,1.9304,1.9546,1.9198,1.9546,6363.70000000,1730807999999,12340.31613000,84,6109.10000000,11849.33144000,0
2024-11-05 12:00:00,1.9429,2.0638,1.9353,2.0054,83261.80000000,1730822399999,165827.63807000,323,33797.90000000,68080.09803000,0
2024-11-05 16:00:00,2.0102,2.0437,1.9518,1.9518,13155.40000000,1730836799999,26304.97487000,170,7799.70000000,15633.41520000,0
2024-11-05 20:00:00,1.9663,2.0131,1.9459,2.0024,11867.30000000,1730851199999,23494.15720000,114,8551.30000000,16967.90752000,0
2024-11-06 00:00:00,1.9985,2.298,1.9978,2.2578,112863.10000000,1730865599999,243497.99982000,1353,99379.20000000,214115.19313000,0
2024-11-06 04:00:00,2.2695,2.34,2.2293,2.2293,66955.90000000,1730879999999,153772.64777000,760,41530.40000000,95587.99967000,0
2024-11-06 08:00:00,2.2426,2.3186,2.1691,2.3179,18630.00000000,1730894399999,41159.26412000,268,14742.60000000,32602.23818000,0
2024-11-06 12:00:00,2.3172,2.3172,2.2476,2.2517,56367.90000000,1730908799999,128006.06603000,277,48326.40000000,109644.66257000,0
2024-11-06 16:00:00,2.2517,2.28,2.2357,2.28,40464.70000000,1730923199999,91156.05227000,170,27177.40000000,61328.04836000,0
2024-11-06 20:00:00,2.28,2.322,2.2702,2.3122,27646.80000000,1730937599999,63432.41228000,157,26579.90000000,60993.11602000,0
2024-11-07 00:00:00,2.3059,2.3768,2.2692,2.2967,32476.20000000,1730951999999,75451.42166000,539,24643.50000000,57336.90752000,0
2024-11-07 04:00:00,2.297,2.3004,2.206,2.2495,25187.10000000,1730966399999,56500.30812000,268,8558.40000000,19250.26669000,0
2024-11-07 08:00:00,2.2511,2.2755,2.2268,2.256,4002.00000000,1730980799999,9036.97040000,86,2687.70000000,6080.99523000,0
2024-11-07 12:00:00,2.25,2.3521,2.2381,2.3521,15070.20000000,1730995199999,34467.85362000,294,13991.50000000,32021.42920000,0
2024-11-07 16:00:00,2.3521,2.3653,2.3005,2.3382,22019.90000000,1731009599999,51502.98442000,303,5489.50000000,12848.73403000,0
2024-11-07 20:00:00,2.3469,2.3476,2.2792,2.3166,14998.50000000,1731023999999,34511.50252000,148,2454.00000000,5665.97403000,0
2024-11-08 00:00:00,2.3166,2.3748,2.2649,2.3128,55972.70000000,1731038399999,130273.90985000,454,26581.40000000,62063.30897000,0
2024-11-08 04:00:00,2.3164,2.3318,2.2831,2.2964,1620.00000000,1731052799999,3740.69212000,75,1200.20000000,2775.18504000,0
2024-11-08 08:00:00,2.2878,2.3282,2.2754,2.3028,15016.00000000,1731067199999,34743.34008000,79,513.80000000,1187.80383000,0
2024-11-08 12:00:00,2.3073,2.3476,2.2685,2.3072,10428.90000000,1731081599999,24034.52713000,239,5015.40000000,11613.05934000,0
2024-11-08 16:00:00,2.3074,2.3089,2.2079,2.2746,10560.10000000,1731095999999,23712.67949000,198,4976.80000000,11185.52908000,0
2024-11-08 20:00:00,2.265,2.3028,2.2389,2.2889,2477.60000000,1731110399999,5646.88103000,72,1745.20000000,3993.79921000,0
2024-11-09 00:00:00,2.2844,2.3128,2.2333,2.2426,3484.70000000,1731124799999,7927.84057000,114,1575.80000000,3627.66502000,0
2024-11-09 04:00:00,2.251,2.2972,2.2453,2.27,16587.20000000,1731139199999,37560.75625000,78,6852.00000000,15497.47985000,0
2024-11-09 08:00:00,2.2754,2.3259,2.2747,2.3167,8182.40000000,1731153599999,18910.40796000,82,7642.50000000,17662.49513000,0
2024-11-09 12:00:00,2.3167,2.4,2.2932,2.3644,31744.90000000,1731167999999,75026.27530000,250,29105.50000000,68825.66250000,0
2024-11-09 16:00:00,2.3802,2.4868,2.3234,2.4868,24638.20000000,1731182399999,59783.01246000,420,21129.70000000,51371.71387000,0
2024-11-09 20:00:00,2.476,2.8473,2.4668,2.7474,160880.80000000,1731196799999,428332.17491000,1112,83184.60000000,219649.38426000,0
2024-11-10 00:00:00,2.7623,2.8762,2.6997,2.8286,35236.80000000,1731211199999,97785.57320000,574,19335.90000000,54101.23699000,0
2024-11-10 04:00:00,2.8317,2.9265,2.8041,2.9242,58605.40000000,1731225599999,167403.21585000,433,26585.10000000,76158.42196000,0
2024-11-10 08:00:00,2.9245,3.1552,2.8898,3.113,71608.00000000,1731239999999,217239.43813000,841,36070.90000000,109787.04119000,0
2024-11-10 12:00:00,3.1009,3.1875,2.9263,3.01,102824.70000000,1731254399999,312314.68460000,717,44290.90000000,134417.31122000,0
2024-11-10 16:00:00,3.0019,3.0987,2.9315,2.9396,48700.70000000,1731268799999,147467.88472000,552,20080.30000000,60649.62827000,0
2024-11-10 20:00:00,2.9474,3.0527,2.8068,3.0308,85636.30000000,1731283199999,244960.68648000,615,71004.80000000,202479.61042000,0
2024-11-11 00:00:00,3.0203,3.2794,3.0203,3.2647,84852.70000000,1731297599999,268614.91337000,744,58527.90000000,185294.08403000,0
2024-11-11 04:00:00,3.2649,3.2961,3.0011,3.1777,43612.30000000,1731311999999,138028.46498000,538,26034.30000000,82933.13739000,0
2024-11-11 08:00:00,3.1735,3.2867,3.1288,3.2591,13928.20000000,1731326399999,44935.80535000,220,11171.70000000,36115.55121000,0
2024-11-11 12:00:00,3.2591,3.3,3.1528,3.2215,39030.60000000,1731340799999,125855.44476000,435,25776.00000000,83146.42989000,0
2024-11-11 16:00:00,3.2313,3.2447,3.1341,3.1505,35827.10000000,1731355199999,113804.38580000,325,11914.00000000,37959.98495000,0
2024-11-11 20:00:00,3.1481,3.2841,3.1252,3.269,36351.00000000,1731369599999,116694.99157000,313,18447.70000000,59248.08831000,0
2024-11-12 00:00:00,3.2627,3.2627,3.091,3.1698,27866.90000000,1731383999999,87384.38214000,393,6526.80000000,20622.46967000,0
2024-11-12 04:00:00,3.1699,3.2171,3.0908,3.1057,40320.60000000,1731398399999,127151.46858000,351,27933.90000000,88348.03683000,0
2024-11-12 08:00:00,3.125,3.175,2.8286,3.0021,52839.30000000,1731412799999,157141.83600000,603,11296.30000000,33694.41020000,0
2024-11-12 12:00:00,2.9876,3.0743,2.8942,3.0432,25806.60000000,1731427199999,76594.04240000,379,22025.60000000,65399.14511000,0
2024-11-12 16:00:00,3.0432,3.153,2.9753,3.1071,17252.10000000,1731441599999,53442.56264000,248,13322.30000000,41284.46966000,0
2024-11-12 20:00:00,3.1065,3.3316,3.05,3.2073,58519.00000000,1731455999999,189420.98071000,506,43035.50000000,140085.46902000,0
2024-11-13 00:00:00,3.2046,3.2233,2.9292,2.9292,29528.40000000,1731470399999,90023.94034000,475,6434.30000000,19401.90778000,0
2024-11-13 04:00:00,2.9472,2.9963,2.858,2.9751,20951.90000000,1731484799999,61596.68223000,315,3170.70000000,9328.45173000,0
2024-11-13 08:00:00,2.9742,3.29,2.9573,3.1856,23702.10000000,1731499199999,74051.12351000,396,18341.50000000,57493.11536000,0
2024-11-13 12:00:00,3.1965,3.4227,3.15,3.4227,79726.80000000,1731513599999,262384.74037000,743,63926.50000000,211271.52284000,0
2024-11-13 16:00:00,3.4056,3.4417,3.15,3.2221,25103.40000000,1731527999999,82288.75771000,572,11220.90000000,36822.59633000,0
2024-11-13 20:00:00,3.2171,3.3078,3.163,3.3078,23832.20000000,1731542399999,77585.95968000,275,13207.40000000,43254.15021000,0
2024-11-14 00:00:00,3.2849,3.4171,3.2708,3.3652,35248.10000000,1731556799999,117305.07371000,444,20559.40000000,68528.33297000,0
2024-11-14 04:00:00,3.3604,3.5251,3.3247,3.4056,29166.10000000,1731571199999,100159.44687000,377,19642.80000000,67522.46885000,0
2024-11-14 08:00:00,3.4033,3.4056,3.27,3.3133,10888.90000000,1731585599999,36085.93157000,233,870.70000000,2903.55925000,0
2024-11-14 12:00:00,3.2987,3.3641,3.2317,3.321,48406.80000000,1731599999999,160372.64916000,439,3978.80000000,13234.31465000,0
2024-11-14 16:00:00,3.321,3.4367,3.298,3.4229,19192.80000000,1731614399999,65313.62972000,172,6980.20000000,23568.08609000,0
2024-11-14 20:00:00,3.4229,3.4576,3.2781,3.3381,23629.20000000,1731628799999,79460.99185000,361,10723.70000000,36520.04844000,0
2024-11-15 00:00:00,3.3602,3.4091,3.1796,3.2055,15753.80000000,1731643199999,50893.36727000,302,4401.10000000,14296.14892000,0
2024-11-15 04:00:00,3.2019,3.2917,3.1047,3.2622,11749.10000000,1731657599999,37139.14000000,248,3902.10000000,12413.55717000,0
2024-11-15 08:00:00,3.2516,3.4125,3.2331,3.3692,9974.60000000,1731671999999,33658.17207000,229,7614.90000000,25781.36917000,0
2024-11-15 12:00:00,3.366,3.4471,3.3082,3.3918,25581.30000000,1731686399999,86668.79534000,302,11738.40000000,40142.67308000,0
2024-11-15 16:00:00,3.3629,3.3927,3.2667,3.3604,19798.10000000,1731700799999,65820.55566000,212,12553.70000000,41742.34259000,0
2024-11-15 20:00:00,3.3604,3.68,3.3425,3.6082,46986.30000000,1731715199999,166174.05503000,488,38227.40000000,134797.02373000,0
2024-11-16 00:00:00,3.6081,3.89,3.5868,3.8637,17358.20000000,1731729599999,65224.59832000,466,14045.90000000,52905.55976000,0
2024-11-16 04:00:00,3.89,3.8945,3.7189,3.7549,24126.20000000,1731743999999,92492.19020000,250,7378.80000000,28316.04682000,0
2024-11-16 08:00:00,3.7411,3.9362,3.7226,3.7783,8621.40000000,1731758399999,33158.24873000,332,5096.20000000,19701.47567000,0
2024-11-16 12:00:00,3.7818,3.8201,3.6178,3.6385,30849.60000000,1731772799999,113428.80711000,291,17626.30000000,64524.44483000,0
2024-11-16 16:00:00,3.6154,3.8133,3.5992,3.7818,49909.30000000,1731787199999,183758.25285000,237,13534.80000000,50082.02844000,0
2024-11-16 20:00:00,3.7669,3.7838,3.7,3.7391,14015.20000000,1731801599999,52440.22582000,146,10306.70000000,38557.23861000,0
2024-11-17 00:00:00,3.7391,3.8025,3.5738,3.6866,12035.50000000,1731815999999,44474.04293000,303,5328.50000000,19880.86806000,0
2024-11-17 04:00:00,3.6728,3.7389,3.5868,3.7273,8129.90000000,1731830399999,29798.32758000,275,2901.00000000,10707.91271000,0
2024-11-17 08:00:00,3.7166,3.8328,3.7001,3.7001,25231.70000000,1731844799999,95402.44859000,180,17725.90000000,67175.94902000,0
2024-11-17 12:00:00,3.7277,3.8909,3.6525,3.8057,19304.00000000,1731859199999,72986.29790000,389,11000.80000000,41799.33656000,0
2024-11-17 16:00:00,3.8283,3.9389,3.7783,3.8314,59235.60000000,1731873599999,228296.04971000,387,38560.50000000,148017.61470000,0
2024-11-17 20:00:00,3.8584,3.8983,3.7,3.7832,13912.20000000,1731887999999,52035.13408000,222,3412.00000000,12905.85659000,0
2024-11-18 00:00:00,3.7714,3.8834,3.7452,3.8748,27087.10000000,1731902399999,103386.81365000,185,14371.60000000,54964.36484000,0
2024-11-18 04:00:00,3.8748,3.9064,3.7501,3.7832,34343.30000000,1731916799999,131012.06200000,256,19403.20000000,74328.97571000,0
2024-11-18 08:00:00,3.7783,3.7783,3.6622,3.6622,33392.30000000,1731931199999,124081.36160000,248,3078.00000000,11347.38390000,0
2024-11-18 12:00:00,3.6646,3.7963,3.6111,3.7517,14979.20000000,1731945599999,55097.26641000,303,3290.10000000,12206.94586000,0
2024-11-18 16:00:00,3.7517,3.7609,3.6121,3.6511,24782.60000000,1731959999999,91829.92712000,204,14897.50000000,55457.60215000,0
2024-11-18 20:00:00,3.6608,3.7714,3.6533,3.6846,5699.70000000,1731974399999,21285.96059000,119,2701.20000000,10138.47985000,0
2024-11-19 00:00:00,3.6846,3.7595,3.6728,3.7595,6138.90000000,1731988799999,22793.19330000,105,3026.60000000,11228.76307000,0
2024-11-19 04:00:00,3.7459,3.8141,3.7013,3.781,12162.20000000,1732003199999,45642.07205000,160,4686.90000000,17674.54043000,0
2024-11-19 08:00:00,3.7714,3.7844,3.6846,3.6943,39339.30000000,1732017599999,147842.34674000,160,520.80000000,1945.77453000,0
2024-11-19 12:00:00,3.6991,3.7521,3.6098,3.6661,38901.60000000,1732031999999,142015.74198000,218,24654.20000000,90111.75763000,0
2024-11-19 16:00:00,3.6698,3.8208,3.6575,3.81,14884.40000000,1732046399999,56315.19402000,217,11263.50000000,42638.95750000,0
2024-11-19 20:00:00,3.81,3.844,3.6461,3.7323,23151.00000000,1732060799999,86349.32032000,264,12446.50000000,46821.70544000,0
2024-11-20 00:00:00,3.7384,3.8062,3.6918,3.8012,9653.60000000,1732075199999,36293.12541000,199,5046.80000000,18969.51005000,0
2024-11-20 04:00:00,3.8015,3.8405,3.7679,3.8057,10639.10000000,1732089599999,40586.08417000,119,8989.60000000,34317.77058000,0
2024-11-20 08:00:00,3.7898,3.8028,3.6549,3.6549,11124.40000000,1732103999999,41302.31324000,179,1255.50000000,4703.21029000,0
2024-11-20 12:00:00,3.6577,3.7325,3.6265,3.7117,18293.10000000,1732118399999,67274.78402000,299,12236.80000000,45165.34225000,0
2024-11-20 16:00:00,3.7166,3.7408,3.4306,3.4676,27534.80000000,1732132799999,97792.69052000,631,8127.50000000,28937.54546000,0
2024-11-20 20:00:00,3.4676,3.6125,3.4469,3.5183,12113.60000000,1732147199999,43017.58382000,237,7677.20000000,27286.23524000,0
2024-11-21 00:00:00,3.5293,3.6295,3.4506,3.472,19299.10000000,1732161599999,68777.59363000,409,6026.00000000,21344.75724000,0
2024-11-21 04:00:00,3.4816,3.6081,3.4537,3.5245,8411.70000000,1732175999999,29789.85353000,281,5174.40000000,18345.35856000,0
2024-11-21 08:00:00,3.5244,3.5679,3.3154,3.4816,18755.80000000,1732190399999,64683.15353000,400,8712.20000000,30298.77957000,0
2024-11-21 12:00:00,3.4912,3.6934,3.4908,3.5595,17928.50000000,1732204799999,64368.41606000,574,10390.90000000,37230.90219000,0
2024-11-21 16:00:00,3.5649,3.65,3.5295,3.5956,13851.00000000,1732219199999,50075.80973000,259,9029.30000000,32794.64273000,0
2024-11-21 20:00:00,3.5966,3.675,3.5731,3.6276,13014.60000000,1732233599999,47032.42523000,209,11219.60000000,40549.47441000,0
2024-11-22 00:00:00,3.6413,3.6413,3.4923,3.6021,24352.80000000,1732247999999,86966.06483000,304,14875.60000000,53314.98219000,0
2024-11-22 04:00:00,3.6039,3.6526,3.54,3.552,17957.60000000,1732262399999,64795.50318000,193,15447.60000000,55737.16609000,0
2024-11-22 08:00:00,3.552,3.5822,3.5039,3.5822,2904.30000000,1732276799999,10315.74472000,61,1562.90000000,5558.60918000,0
2024-11-22 12:00:00,3.5665,3.6044,3.4656,3.5058,28032.80000000,1732291199999,98593.92437000,288,6913.40000000,24422.39508000,0
2024-11-22 16:00:00,3.5058,3.5058,3.3954,3.3987,44782.40000000,1732305599999,155393.25218000,264,22597.50000000,78645.62944000,0
2024-11-22 20:00:00,3.4207,3.5674,3.4207,3.5674,38329.50000000,1732319999999,133405.28991000,222,20696.40000000,72186.15464000,0
2024-11-23 00:00:00,3.5674,3.5785,3.4645,3.5332,29752.30000000,1732334399999,105554.86958000,193,20073.90000000,71362.76871000,0
2024-11-23 04:00:00,3.539,3.6375,3.5249,3.6147,25088.40000000,1732348799999,90211.29583000,188,21370.90000000,76929.03413000,0
2024-11-23 08:00:00,3.6288,3.6377,3.5376,3.5376,2912.30000000,1732363199999,10412.47356000,70,1266.80000000,4537.61506000,0
2024-11-23 12:00:00,3.5359,3.6565,3.5328,3.5707,40224.70000000,1732377599999,145709.86448000,218,9054.30000000,32671.18223000,0
2024-11-23 16:00:00,3.5904,3.6079,3.41,3.46,37562.60000000,1732391999999,130334.70580000,298,12104.00000000,42004.31903000,0
2024-11-23 20:00:00,3.4277,3.4948,3.3475,3.4604,15888.50000000,1732406399999,54505.79512000,216,11510.90000000,39658.01797000,0
2024-11-24 00:00:00,3.45,3.5639,3.4207,3.5262,24165.20000000,1732420799999,85078.50159000,599,15814.70000000,55815.34200000,0
2024-11-24 04:00:00,3.5252,3.5383,3.4333,3.4702,10469.60000000,1732435199999,36213.10352000,107,986.40000000,3426.38045000,0
2024-11-24 08:00:00,3.4797,3.4797,3.3207,3.3207,12707.70000000,1732449599999,43115.57702000,149,806.00000000,2775.17282000,0
2024-11-24 12:00:00,3.3216,3.3818,3.1611,3.3009,48209.40000000,1732463999999,157730.65193000,429,11096.30000000,36348.31906000,0
2024-11-24 16:00:00,3.2654,3.3749,3.2576,3.3553,3942.00000000,1732478399999,13078.51032000,98,2262.80000000,7540.66578000,0
2024-11-24 20:00:00,3.3553,3.4238,3.33,3.3989,9825.30000000,1732492799999,33035.57672000,123,7494.50000000,25244.72891000,0
2024-11-25 00:00:00,3.3832,3.4254,3.2781,3.3695,25609.20000000,1732507199999,85502.72725000,174,16462.50000000,54973.60393000,0
2024-11-25 04:00:00,3.3695,3.4601,3.3135,3.4121,20153.70000000,1732521599999,68380.02532000,251,10746.10000000,36599.71583000,0
2024-11-25 08:00:00,3.4313,3.4779,3.3894,3.4015,4144.70000000,1732535999999,14299.18263000,170,3037.30000000,10491.95399000,0
2024-11-25 12:00:00,3.3933,3.4021,3.1967,3.3325,26538.50000000,1732550399999,87834.32016000,249,9577.00000000,32201.92482000,0
2024-11-25 16:00:00,3.339,3.339,3.1451,3.1937,28144.30000000,1732564799999,89700.18493000,193,4561.10000000,14844.28153000,0
2024-11-25 20:00:00,3.1924,3.2445,3.072,3.1855,35466.40000000,1732579199999,111025.05041000,259,20279.40000000,63306.65758000,0
2024-11-26 00:00:00,3.1815,3.2584,3.1803,3.2278,9214.50000000,1732593599999,29646.02514000,95,4944.00000000,15928.33806000,0
2024-11-26 04:00:00,3.2318,3.2748,3.2046,3.2202,4365.40000000,1732607999999,14128.06331000,62,3100.30000000,10030.62214000,0
2024-11-26 08:00:00,3.2171,3.2176,2.98,3.0725,37869.50000000,1732622399999,115704.47413000,302,15239.00000000,46333.04177000,0
2024-11-26 12:00:00,3.0741,3.4511,3.0602,3.3585,19402.70000000,1732636799999,64830.89651000,373,8671.00000000,28825.59123000,0
2024-11-26 16:00:00,3.36,3.5179,3.3382,3.3803,26975.40000000,1732651199999,91382.51910000,390,22329.00000000,75613.32300000,0
2024-11-26 20:00:00,3.3804,3.49,3.3651,3.4741,9021.00000000,1732665599999,31078.58019000,139,7666.00000000,26460.55566000,0
2024-11-27 00:00:00,3.4954,3.4967,3.3149,3.3378,7184.20000000,1732679999999,24233.71443000,152,2634.70000000,8920.12638000,0
2024-11-27 04:00:00,3.3368,3.4088,3.2781,3.4088,4161.30000000,1732694399999,13834.57046000,125,2318.80000000,7724.18202000,0
2024-11-27 08:00:00,3.3804,3.4337,3.3662,3.3943,3310.40000000,1732708799999,11268.76863000,65,1457.40000000,4973.12849000,0
2024-11-27 12:00:00,3.4002,3.4582,3.3459,3.4391,11489.40000000,1732723199999,38859.99397000,106,6572.50000000,22247.01101000,0
2024-11-27 16:00:00,3.4327,3.4821,3.399,3.4581,27871.20000000,1732737599999,95726.33027000,157,15968.10000000,54805.25380000,0
2024-11-27 20:00:00,3.4576,3.5,3.4238,3.4516,18587.80000000,1732751999999,64297.85839000,106,10063.60000000,34899.53280000,0
2024-11-28 00:00:00,3.4232,3.5743,3.3986,3.4967,11839.20000000,1732766399999,41801.29718000,390,9349.10000000,33084.00644000,0
2024-11-28 04:00:00,3.4701,3.6498,3.47,3.6235,40737.30000000,1732780799999,144416.12095000,224,35347.70000000,125405.68752000,0
2024-11-28 08:00:00,3.6221,3.65,3.5115,3.5476,7145.50000000,1732795199999,25710.74668000,121,2987.10000000,10879.20120000,0
2024-11-28 12:00:00,3.5561,3.5563,3.4333,3.4613,24988.10000000,1732809599999,86806.96920000,178,1333.00000000,4691.79898000,0
2024-11-28 16:00:00,3.4612,3.4954,3.42,3.4697,12320.10000000,1732823999999,42353.83435000,73,7596.60000000,26055.71810000,0
2024-11-28 20:00:00,3.441,3.4977,3.428,3.4408,7485.90000000,1732838399999,25771.73343000,51,2772.00000000,9594.81717000,0
2024-11-29 00:00:00,3.4408,3.4681,3.4056,3.441,10838.80000000,1732852799999,37069.33618000,64,2521.40000000,8655.51662000,0
2024-11-29 04:00:00,3.425,3.4615,3.3651,3.3651,53354.30000000,1732867199999,183268.64549000,185,1361.10000000,4667.09778000,0
2024-11-29 08:00:00,3.3814,3.4264,3.379,3.4264,12958.80000000,1732881599999,43859.53283000,74,1024.40000000,3485.85384000,0
2024-11-29 12:00:00,3.434,3.5524,3.3894,3.5204,21872.00000000,1732895999999,75201.50842000,143,17161.80000000,58947.96184000,0
2024-11-29 16:00:00,3.5076,3.5382,3.4636,3.5026,21577.00000000,1732910399999,75567.49767000,99,15219.00000000,53311.63978000,0
2024-11-29 20:00:00,3.502,3.5098,3.4615,3.5001,2337.80000000,1732924799999,8150.61307000,38,2013.90000000,7027.30985000,0
2024-11-30 00:00:00,3.4938,3.5003,3.4112,3.4514,6949.10000000,1732939199999,23978.87244000,108,4693.50000000,16238.75804000,0
2024-11-30 04:00:00,3.4515,3.4779,3.4225,3.4407,10239.80000000,1732953599999,35345.63733000,129,2177.80000000,7535.09592000,0
2024-11-30 08:00:00,3.4601,3.5178,3.417,3.4274,6524.90000000,1732967999999,22502.82478000,136,2705.00000000,9392.07301000,0
2024-11-30 12:00:00,3.4386,3.4718,3.4161,3.4718,3725.50000000,1732982399999,12846.55084000,82,2615.50000000,9046.24884000,0
2024-11-30 16:00:00,3.4756,3.5283,3.4756,3.4958,5774.60000000,1732996799999,20303.15287000,102,1549.40000000,5447.60186000,0
2024-11-30 20:00:00,3.4986,3.5306,3.4707,3.5006,9515.90000000,1733011199999,33341.74217000,80,6221.30000000,21819.81270000,0
2024-12-01 00:00:00,3.4699,3.5028,3.3369,3.3569,47096.10000000,1733025599999,161385.77964000,306,26104.90000000,89410.81851000,0
2024-12-01 04:00:00,3.357,3.3999,3.3446,3.3999,7686.80000000,1733039999999,25904.60092000,64,2597.20000000,8753.02914000,0
2024-12-01 08:00:00,3.4005,3.4264,3.3834,3.4252,1208.70000000,1733054399999,4115.99283000,41,569.80000000,1944.82137000,0
2024-12-01 12:00:00,3.4335,3.5102,3.4252,3.5028,8692.30000000,1733068799999,30231.69335000,111,6063.20000000,21076.70771000,0
2024-12-01 16:00:00,3.506,3.5313,3.4467,3.4467,8238.80000000,1733083199999,28739.27320000,129,4321.30000000,15138.88412000,0
2024-12-01 20:00:00,3.445,3.489,3.4033,3.4652,17729.40000000,1733097599999,61036.07936000,147,13744.40000000,47296.88292000,0
2024-12-02 00:00:00,3.4822,3.4891,3.3026,3.34,12297.50000000,1733111999999,41576.49366000,242,2868.70000000,9811.52903000,0
2024-12-02 04:00:00,3.3077,3.3519,3.285,3.3175,18408.50000000,1733126399999,60797.27476000,143,7317.10000000,24177.85954000,0
2024-12-02 08:00:00,3.3094,3.3156,3.1776,3.2228,205020.20000000,1733140799999,658816.52880000,686,187314.00000000,602030.76339000,0
2024-12-02 12:00:00,3.2213,3.3154,3.2046,3.2936,11210.30000000,1733155199999,36654.05624000,92,8985.00000000,29384.16307000,0
2024-12-02 16:00:00,3.2915,3.3774,3.15,3.2294,20657.40000000,1733169599999,67233.20618000,293,7198.20000000,23691.61101000,0
2024-12-02 20:00:00,3.2494,3.4005,3.239,3.3806,19500.60000000,1733183999999,64612.81263000,164,11857.70000000,39477.20972000,0
2024-12-03 00:00:00,3.4,3.4008,3.3207,3.37,11106.40000000,1733198399999,37324.27641000,103,5523.10000000,18559.19355000,0
2024-12-03 04:00:00,3.3625,3.5497,3.3624,3.547,38206.90000000,1733212799999,130821.07171000,444,34778.20000000,119080.84153000,0
2024-12-03 08:00:00,3.5497,3.7522,3.5497,3.6689,403822.50000000,1733227199999,1465174.10013000,1479,76406.60000000,277068.78084000,0
2024-12-03 12:00:00,3.6542,3.8746,3.5573,3.7872,147702.30000000,1733241599999,552898.04076000,1267,74620.80000000,278202.04726000,0
2024-12-03 16:00:00,3.7609,3.818,3.6846,3.7832,30275.20000000,1733255999999,113186.73690000,205,18887.80000000,70838.85910000,0
2024-12-03 20:00:00,3.7912,3.8278,3.69,3.69,13449.10000000,1733270399999,50633.85294000,238,7183.60000000,27212.86706000,0
2024-12-04 00:00:00,3.69,3.7549,3.6007,3.6509,19104.30000000,1733284799999,69737.87046000,261,4097.50000000,15022.65400000,0
2024-12-04 04:00:00,3.6661,3.7166,3.6661,3.7048,31908.50000000,1733299199999,117668.74953000,190,13678.60000000,50530.91394000,0
2024-12-04 08:00:00,3.6922,3.789,3.692,3.7302,10741.70000000,1733313599999,40199.93729000,169,8111.60000000,30371.73978000,0
2024-12-04 12:00:00,3.7228,3.7228,3.6379,3.6705,36180.10000000,1733327999999,132718.07402000,211,18796.30000000,68983.01970000,0
2024-12-04 16:00:00,3.6864,3.6936,3.5255,3.6783,32073.40000000,1733342399999,115044.36507000,283,19618.80000000,70273.53643000,0
2024-12-04 20:00:00,3.6784,3.745,3.6175,3.6789,15295.80000000,1733356799999,56282.38079000,505,10630.00000000,39165.82841000,0
2024-12-05 00:00:00,3.658,4.0422,3.5321,3.7917,67341.90000000,1733371199999,257934.58943000,1393,39225.70000000,150135.86359000,0
2024-12-05 04:00:00,3.8,3.9583,3.7031,3.7917,39967.60000000,1733385599999,151595.04354000,571,18580.70000000,70557.26779000,0
2024-12-05 08:00:00,3.7918,3.8639,3.7917,3.8639,13707.00000000,1733399999999,52429.55103000,183,1854.90000000,7126.95346000,0
2024-12-05 12:00:00,3.8595,4.4421,3.8595,4.3398,130028.40000000,1733414399999,547719.12703000,1593,74931.20000000,313932.78745000,0
2024-12-05 16:00:00,4.3426,4.3605,4.1,4.1,50399.70000000,1733428799999,212681.02026000,531,34844.80000000,147082.00052000,0
2024-12-05 20:00:00,4.1118,4.3183,4.0218,4.212,27535.80000000,1733443199999,114505.36286000,616,12665.00000000,52571.16072000,0
2024-12-06 00:00:00,4.207,4.4,4.144,4.3431,66200.80000000,1733457599999,283187.75482000,551,47300.90000000,201501.88809000,0
2024-12-06 04:00:00,4.3458,4.4735,4.2691,4.4735,8586.30000000,1733471999999,37430.90380000,333,6425.40000000,28106.84995000,0
2024-12-06 08:00:00,4.4735,4.4798,4.1529,4.1802,7549.40000000,1733486399999,32324.00989000,278,2755.50000000,11794.91654000,0
2024-12-06 12:00:00,4.1827,4.2196,4.0827,4.1,21605.50000000,1733500799999,89161.50819000,244,6224.90000000,25667.23521000,0
2024-12-06 16:00:00,4.099,4.2507,4.099,4.213,12112.20000000,1733515199999,51048.86518000,221,8399.80000000,35370.23411000,0
2024-12-06 20:00:00,4.1979,4.2724,4.1979,4.2174,17090.40000000,1733529599999,72100.36596000,153,5622.70000000,23869.30518000,0
2024-12-07 00:00:00,4.2174,4.3365,4.2084,4.3365,6895.00000000,1733543999999,29436.05829000,201,4064.00000000,17460.40851000,0
2024-12-07 04:00:00,4.3365,4.468,4.3301,4.468,5053.00000000,1733558399999,22255.57620000,193,3801.00000000,16747.39223000,0
2024-12-07 08:00:00,4.4651,4.468,4.2981,4.3823,10584.10000000,1733572799999,46275.09575000,245,5824.30000000,25479.88006000,0
2024-12-07 12:00:00,4.3824,4.4431,4.2838,4.3254,7599.60000000,1733587199999,33046.23807000,232,3988.70000000,17396.43744000,0
2024-12-07 16:00:00,4.3152,4.3271,4.2245,4.2622,8290.20000000,1733601599999,35468.49197000,222,2679.60000000,11482.38683000,0
2024-12-07 20:00:00,4.2622,4.3399,4.2425,4.2456,16075.70000000,1733615999999,68643.40859000,219,6410.00000000,27370.13320000,0
2024-12-08 00:00:00,4.2451,4.3959,4.2451,4.338,8096.60000000,1733630399999,34928.98759000,197,3236.20000000,14035.72890000,0
2024-12-08 04:00:00,4.3543,4.385,4.2335,4.25,17836.70000000,1733644799999,76088.40752000,211,9530.30000000,40734.25902000,0
2024-12-08 08:00:00,4.237,4.237,4.1262,4.2104,8876.90000000,1733659199999,37074.98177000,166,1218.50000000,5105.26405000,0
2024-12-08 12:00:00,4.1837,4.2291,4.1572,4.1859,5389.10000000,1733673599999,22548.46395000,82,2286.30000000,9576.34000000,0
2024-12-08 16:00:00,4.1864,4.1978,4.1262,4.1941,7741.60000000,1733687999999,32201.77093000,127,3823.60000000,15915.92494000,0
2024-12-08 20:00:00,4.1978,4.2503,4.1783,4.2458,6198.20000000,1733702399999,26125.62064000,90,4684.60000000,19772.15374000,0
2024-12-09 00:00:00,4.2403,4.2695,4.1195,4.1708,23433.20000000,1733716799999,98019.66613000,304,13769.40000000,57611.09475000,0
2024-12-09 04:00:00,4.1771,4.2594,4.0563,4.1069,22215.50000000,1733731199999,92557.41423000,415,10701.90000000,44834.19107000,0
2024-12-09 08:00:00,4.1028,4.1028,3.9148,3.941,35070.70000000,1733745599999,139748.63318000,319,14234.40000000,56491.89231000,0
2024-12-09 12:00:00,3.92,4.0884,3.9025,3.9699,19262.10000000,1733759999999,76845.47848000,283,9627.90000000,38576.85756000,0
2024-12-09 16:00:00,3.9436,4.1171,3.9353,4.0449,5473.40000000,1733774399999,22234.16733000,166,4016.90000000,16317.41777000,0
2024-12-09 20:00:00,4.0244,4.0394,3.4075,3.85,65035.90000000,1733788799999,244634.08486000,1130,33179.90000000,124621.52931000,0
2024-12-10 00:00:00,3.8246,3.844,3.544,3.7,29595.40000000,1733803199999,108549.91084000,414,16252.10000000,59589.35397000,0
2024-12-10 04:00:00,3.7085,3.8057,3.6081,3.7939,5459.20000000,1733817599999,20450.83832000,186,2343.80000000,8781.89699000,0
2024-12-10 08:00:00,3.7609,3.8363,3.7398,3.7825,3187.90000000,1733831999999,12120.19162000,87,908.90000000,3466.46464000,0
2024-12-10 12:00:00,3.7809,3.8939,3.6491,3.6491,8197.60000000,1733846399999,31036.91957000,291,4567.30000000,17451.73424000,0
2024-12-10 16:00:00,3.6459,3.6898,3.5,3.6294,46144.20000000,1733860799999,165332.63426000,371,22245.00000000,79896.41171000,0
2024-12-10 20:00:00,3.6294,3.7468,3.6294,3.7338,9694.50000000,1733875199999,35854.55154000,132,4250.90000000,15699.21751000,0
2024-12-11 00:00:00,3.7338,3.7338,3.5787,3.7269,8097.60000000,1733889599999,29931.10172000,162,6682.50000000,24775.36139000,0
2024-12-11 04:00:00,3.7285,3.7396,3.6459,3.6676,4361.30000000,1733903999999,16214.40185000,89,3344.60000000,12473.19970000,0
2024-12-11 08:00:00,3.6675,3.7824,3.6275,3.7603,8539.00000000,1733918399999,31766.06139000,105,6543.90000000,24446.85674000,0
2024-12-11 12:00:00,3.7721,4.0305,3.7566,4.0305,26469.30000000,1733932799999,103353.23238000,318,21568.50000000,84290.85611000,0
2024-12-11 16:00:00,4.0339,4.3255,4.0339,4.3255,33674.70000000,1733947199999,141418.37367000,549,28697.30000000,120461.09900000,0
2024-12-11 20:00:00,4.3284,4.3986,4.2666,4.3627,11516.50000000,1733961599999,50092.35151000,176,8048.90000000,35044.16231000,0
2024-12-12 00:00:00,4.3769,4.8678,4.3612,4.815,132478.20000000,1733975999999,618334.79781000,1340,84950.60000000,396743.40370000,0
2024-12-12 04:00:00,4.8214,4.8446,4.7201,4.8446,18377.70000000,1733990399999,87891.88017000,203,14701.70000000,70422.71459000,0
2024-12-12 08:00:00,4.8468,4.8757,4.6654,4.7205,9020.40000000,1734004799999,43190.25622000,210,5363.50000000,25934.85967000,0
2024-12-12 12:00:00,4.7003,4.743,4.5489,4.5776,10968.60000000,1734019199999,51258.04338000,221,6036.00000000,28241.78542000,0
2024-12-12 16:00:00,4.589,4.6775,4.5504,4.5608,17572.30000000,1734033599999,81057.90024000,211,6755.20000000,31311.15071000,0
2024-12-12 20:00:00,4.5817,4.6594,4.5429,4.6023,10420.90000000,1734047999999,47830.24937000,159,5843.40000000,26879.75192000,0
2024-12-13 00:00:00,4.6073,4.7227,4.6073,4.67,7819.20000000,1734062399999,36566.81016000,198,3540.20000000,16575.78456000,0
2024-12-13 04:00:00,4.6454,4.6462,4.5448,4.6462,17410.20000000,1734076799999,80383.22217000,141,13174.80000000,60890.78156000,0
2024-12-13 08:00:00,4.6529,4.7941,4.6529,4.753,2273.40000000,1734091199999,10704.34108000,178,1347.10000000,6367.45875000,0
2024-12-13 12:00:00,4.7724,4.9242,4.7163,4.7414,12557.00000000,1734105599999,60648.74118000,384,7739.10000000,37568.78944000,0
2024-12-13 16:00:00,4.7714,4.8787,4.7088,4.7583,6839.90000000,1734119999999,32689.76215000,184,4911.60000000,23476.46189000,0
2024-12-13 20:00:00,4.7596,4.827,4.7285,4.7648,15485.90000000,1734134399999,74081.01400000,115,10924.50000000,52336.68926000,0
2024-12-14 00:00:00,4.756,4.8403,4.7248,4.7583,11066.10000000,1734148799999,53014.05017000,128,4115.90000000,19792.86623000,0
2024-12-14 04:00:00,4.749,4.7706,4.7088,4.7088,4093.60000000,1734163199999,19375.92324000,68,1849.30000000,8767.42420000,0
2024-12-14 08:00:00,4.7187,4.7303,4.6336,4.6582,8405.20000000,1734177599999,39590.86306000,89,5454.70000000,25756.98976000,0
2024-12-14 12:00:00,4.6465,4.6477,4.5148,4.5719,8544.20000000,1734191999999,39058.69233000,182,2549.20000000,11687.46164000,0
2024-12-14 16:00:00,4.56,4.5731,4.3405,4.4748,17323.80000000,1734206399999,77547.11490000,335,3152.50000000,14126.21767000,0
2024-12-14 20:00:00,4.4742,4.4949,4.4033,4.4781,3786.90000000,1734220799999,16822.08188000,75,1302.40000000,5804.06728000,0
2024-12-15 00:00:00,4.4544,4.5003,4.4033,4.4279,5202.00000000,1734235199999,23139.60095000,105,1429.80000000,6392.33139000,0
2024-12-15 04:00:00,4.4431,4.4836,4.3548,4.3984,14529.30000000,1734249599999,64143.45671000,106,4773.00000000,20958.22800000,0
2024-12-15 08:00:00,4.3965,4.45,4.3962,4.4464,98957.10000000,1734263999999,435060.32537000,1200,98299.80000000,432170.58143000,0
2024-12-15 12:00:00,4.4485,4.6349,4.4396,4.6106,14923.70000000,1734278399999,68581.79340000,361,13453.60000000,61829.01912000,0
2024-12-15 16:00:00,4.6009,4.8059,4.589,4.7958,57712.70000000,1734292799999,275437.31373000,308,9936.30000000,47003.43200000,0
2024-12-15 20:00:00,4.7958,4.9,4.6164,4.7911,116088.50000000,1734307199999,555258.56669000,832,61352.70000000,293232.04249000,0
2024-12-16 00:00:00,4.7923,4.9489,4.735,4.7466,85118.00000000,1734321599999,412932.09539000,661,27119.70000000,132022.57142000,0
2024-12-16 04:00:00,4.7619,4.8446,4.7535,4.79,13137.60000000,1734335999999,63123.19886000,249,9884.60000000,47460.03734000,0
2024-12-16 08:00:00,4.8122,4.8366,4.6347,4.6347,7918.10000000,1734350399999,37274.14145000,152,2866.40000000,13603.32359000,0
2024-12-16 12:00:00,4.6336,4.8152,4.6306,4.7707,9674.00000000,1734364799999,45815.78250000,167,3490.00000000,16659.85416000,0
2024-12-16 16:00:00,4.7865,4.8067,4.6811,4.7084,36256.50000000,1734379199999,170683.00514000,179,18986.10000000,89017.37812000,0
2024-12-16 20:00:00,4.7084,4.717,4.6048,4.6371,15354.00000000,1734393599999,71426.05185000,142,2228.20000000,10336.60198000,0
2024-12-17 00:00:00,4.6028,4.6759,4.5653,4.6662,11367.50000000,1734407999999,52589.78487000,127,6725.70000000,31112.30575000,0
2024-12-17 04:00:00,4.6652,4.7746,4.6454,4.7529,3456.80000000,1734422399999,16254.51100000,129,2472.40000000,11656.81147000,0
2024-12-17 08:00:00,4.7648,4.7864,4.7125,4.7648,17297.50000000,1734436799999,82282.03990000,53,14654.10000000,69721.73680000,0
2024-12-17 12:00:00,4.7524,4.8621,4.6941,4.7089,16812.60000000,1734451199999,80446.45610000,222,11467.50000000,54989.73805000,0
2024-12-17 16:00:00,4.7394,4.7394,4.6164,4.6454,15249.10000000,1734465599999,71368.01662000,135,7622.20000000,35794.62189000,0
2024-12-17 20:00:00,4.6454,4.6942,4.5823,4.6274,8886.90000000,1734479999999,41037.25729000,142,2027.60000000,9431.70386000,0
2024-12-18 00:00:00,4.6588,4.6659,4.4975,4.5216,14455.40000000,1734494399999,65463.84443000,162,1286.20000000,5867.34133000,0
2024-12-18 04:00:00,4.5089,4.5494,4.4568,4.5167,2532.40000000,1734508799999,11365.70489000,113,875.00000000,3948.22714000,0
2024-12-18 08:00:00,4.5167,4.5608,4.5089,4.5542,2867.60000000,1734523199999,13041.33068000,32,2457.00000000,11186.72513000,0
2024-12-18 12:00:00,4.547,4.6039,4.49,4.5608,5459.40000000,1734537599999,24773.70927000,109,1187.10000000,5411.41110000,0
2024-12-18 16:00:00,4.589,4.7522,4.5265,4.5265,11126.70000000,1734551999999,52150.81272000,331,7572.80000000,35567.07455000,0
2024-12-18 20:00:00,4.5251,4.5329,4.3069,4.3222,24455.90000000,1734566399999,107706.55444000,550,7742.70000000,34298.34735000,0
2024-12-19 00:00:00,4.3279,4.414,4.0815,4.414,41249.40000000,1734580799999,172949.79780000,460,31905.50000000,133828.17840000,0
2024-12-19 04:00:00,4.3978,4.4252,4.3593,4.3864,15800.40000000,1734595199999,69223.30204000,74,7231.50000000,31677.86126000,0
2024-12-19 08:00:00,4.3666,4.5864,4.32,4.5712,3560.60000000,1734609599999,15942.20514000,158,2946.40000000,13252.65354000,0
2024-12-19 12:00:00,4.5679,4.596,4.3348,4.4103,6387.70000000,1734623999999,28667.92573000,303,2136.50000000,9639.14658000,0
2024-12-19 16:00:00,4.3666,4.42,3.965,4.0436,7695.10000000,1734638399999,32230.74633000,554,1515.40000000,6385.57018000,0
2024-12-19 20:00:00,4.053,4.1804,3.9433,4.1236,9627.70000000,1734652799999,39286.41421000,216,4520.70000000,18481.58552000,0
2024-12-20 00:00:00,4.0711,4.1917,4.0277,4.0658,4314.10000000,1734667199999,17746.71591000,168,2650.30000000,10931.26440000,0
2024-12-20 04:00:00,4.0865,4.1169,3.94,3.9789,3371.20000000,1734681599999,13457.52678000,181,757.30000000,3069.31249000,0
2024-12-20 08:00:00,3.9742,3.9812,3.75,3.7609,4520.50000000,1734695999999,17332.94894000,172,2253.90000000,8573.66376000,0
2024-12-20 12:00:00,3.756,4.3449,3.7163,4.3021,68873.70000000,1734710399999,271429.76296000,589,58930.10000000,230188.40546000,0
2024-12-20 16:00:00,4.2585,4.5824,4.2417,4.5117,31629.40000000,1734724799999,141835.79208000,553,23949.70000000,107416.61587000,0
2024-12-20 20:00:00,4.5038,4.6098,4.4144,4.5715,11923.20000000,1734739199999,54261.97384000,201,10764.60000000,49043.51967000,0
2024-12-21 00:00:00,4.584,4.6098,4.4979,4.5928,2248.40000000,1734753599999,10242.66501000,120,1330.50000000,6080.26235000,0
2024-12-21 04:00:00,4.5988,5.0,4.5963,4.8352,68972.30000000,1734767999999,334763.05562000,744,31814.00000000,155107.76711000,0
2024-12-21 08:00:00,4.8352,4.98,4.8352,4.84,5659.80000000,1734782399999,27601.85819000,171,3522.10000000,17242.20710000,0
2024-12-21 12:00:00,4.8358,4.85,4.8352,4.85,8820.30000000,1734796799999,42657.60860000,26,765.90000000,3712.94922000,0
2024-12-21 16:00:00,4.8352,4.901,4.8352,4.901,17923.80000000,1734811199999,86701.06123000,77,1132.60000000,5511.60007000,0
2024-12-21 20:00:00,4.901,5.0,4.8352,4.9367,3275.20000000,1734825599999,16220.09890000,142,2722.90000000,13530.43571000,0
2024-12-22 00:00:00,4.9367,4.94,4.8352,4.8739,3656.40000000,1734839999999,17791.12863000,115,851.50000000,4201.29228000,0
2024-12-22 04:00:00,4.8711,4.93,4.75,4.811,10872.30000000,1734854399999,52395.00511000,112,341.30000000,1658.47880000,0
2024-12-22 08:00:00,4.811,4.83,4.4641,4.494,12343.80000000,1734868799999,57698.34277000,290,6257.80000000,29895.05427000,0
2024-12-22 12:00:00,4.4734,4.5096,4.2151,4.2151,18389.20000000,1734883199999,79537.51129000,227,1724.50000000,7738.83201000,0
2024-12-22 16:00:00,4.2151,4.4433,4.173,4.2678,62419.00000000,1734897599999,267658.63898000,316,44091.10000000,188405.61398000,0
2024-12-22 20:00:00,4.2622,4.3659,4.2089,4.312,146196.10000000,1734911999999,619255.39608000,368,136467.80000000,578117.76166000,0
2024-12-23 00:00:00,4.3258,4.4295,4.233,4.4295,12282.10000000,1734926399999,53392.29836000,222,11580.80000000,50361.98356000,0
2024-12-23 04:00:00,4.4125,4.4454,4.2159,4.2787,14554.60000000,1734940799999,63114.89208000,124,6384.10000000,28068.27927000,0
2024-12-23 08:00:00,4.2868,4.3802,4.2505,4.3195,794.20000000,1734955199999,3423.61059000,56,311.00000000,1349.19546000,0
2024-12-23 12:00:00,4.3278,4.3351,4.1127,4.1344,12245.00000000,1734969599999,51394.69955000,158,6129.70000000,25418.34892000,0
2024-12-23 16:00:00,4.1622,4.4336,4.1376,4.3738,1767.50000000,1734983999999,7635.02559000,164,1106.10000000,4765.17342000,0
2024-12-23 20:00:00,4.3814,4.7569,4.3654,4.7305,78869.20000000,1734998399999,362811.56542000,455,38835.40000000,178317.16026000,0
2024-12-24 00:00:00,4.7344,4.7573,4.5673,4.6509,9836.20000000,1735012799999,45937.16858000,197,3691.80000000,17359.00841000,0
2024-12-24 04:00:00,4.6236,4.7005,4.6053,4.6172,4143.20000000,1735027199999,19334.65478000,62,3186.50000000,14878.28233000,0
2024-12-24 08:00:00,4.6152,4.6286,4.4686,4.5608,2586.20000000,1735041599999,11671.89274000,122,324.00000000,1478.31670000,0
2024-12-24 12:00:00,4.5431,4.6787,4.5044,4.6337,9294.20000000,1735055999999,42719.68117000,145,4985.50000000,23193.96939000,0
2024-12-24 16:00:00,4.6386,4.742,4.571,4.6086,27200.30000000,1735070399999,126227.46065000,267,13729.70000000,64083.10358000,0
2024-12-24 20:00:00,4.6078,4.6588,4.5459,4.5991,5949.60000000,1735084799999,27178.17053000,91,1405.30000000,6427.97908000,0
2024-12-25 00:00:00,4.617,4.6378,4.5459,4.5788,831.40000000,1735099199999,3810.81413000,49,270.00000000,1244.79469000,0
2024-12-25 04:00:00,4.5608,4.6232,4.5309,4.5309,5431.90000000,1735113599999,24810.27328000,58,2161.50000000,9908.10000000,0
2024-12-25 08:00:00,4.5269,4.6016,4.4708,4.4708,9642.70000000,1735127999999,44021.28368000,114,487.50000000,2214.64327000,0
2024-12-25 12:00:00,4.4686,4.5268,4.4573,4.4762,14180.20000000,1735142399999,63692.56616000,46,5153.90000000,23153.53411000,0
2024-12-25 16:00:00,4.5044,4.5884,4.4814,4.5574,1333.70000000,1735156799999,6063.09036000,68,1018.80000000,4637.52426000,0
2024-12-25 20:00:00,4.589,4.59,4.49,4.5044,10028.80000000,1735171199999,45899.42181000,54,9723.30000000,44521.97147000,0
2024-12-26 00:00:00,4.5107,4.5173,4.4123,4.4123,1625.60000000,1735185599999,7225.63366000,78,557.80000000,2478.02552000,0
2024-12-26 04:00:00,4.4104,4.4124,4.3597,4.3597,4632.20000000,1735199999999,20363.87450000,60,3228.70000000,14216.22981000,0
2024-12-26 08:00:00,4.3573,4.3573,4.2019,4.2585,232314.80000000,1735214399999,991925.42468000,374,219761.50000000,938156.05804000,0
2024-12-26 12:00:00,4.2559,4.2884,4.2083,4.2334,1248.40000000,1735228799999,5298.87772000,66,584.90000000,2488.64599000,0
2024-12-26 16:00:00,4.2585,4.3052,4.1794,4.2068,10254.70000000,1735243199999,43194.16515000,94,3605.60000000,15230.08187000,0
2024-12-26 20:00:00,4.2059,4.2585,4.1535,4.203,94617.30000000,1735257599999,395596.01994000,151,76340.20000000,319202.64675000,0
2024-12-27 00:00:00,4.208,4.2622,4.1736,4.2304,2544.60000000,1735271999999,10728.52251000,44,2117.70000000,8937.67284000,0
2024-12-27 04:00:00,4.2505,4.2854,4.1623,4.2088,2750.80000000,1735286399999,11582.92838000,107,888.10000000,3757.39074000,0
2024-12-27 08:00:00,4.2196,4.4154,4.2196,4.3721,119013.60000000,1735300799999,522056.48776000,341,11011.00000000,48164.35038000,0
2024-12-27 12:00:00,4.3593,4.3661,4.0934,4.1016,143521.00000000,1735315199999,590357.63015000,416,139239.60000000,572628.05925000,0
2024-12-27 16:00:00,4.1016,4.2222,4.07,4.2049,20045.70000000,1735329599999,82571.76689000,106,17983.30000000,73993.67616000,0
2024-12-27 20:00:00,4.2003,4.2003,4.0575,4.0575,4167.70000000,1735343999999,17207.74747000,80,2431.30000000,10078.81684000,0
2024-12-28 00:00:00,4.0842,4.0994,4.0,4.0609,7059.40000000,1735358399999,28624.53743000,87,3786.50000000,15455.78488000,0
2024-12-28 04:00:00,4.0377,4.0642,3.9846,3.9846,8771.60000000,1735372799999,35325.18403000,53,3930.80000000,15959.81853000,0
2024-12-28 08:00:00,3.9842,4.1437,3.9842,4.1437,5378.40000000,1735387199999,21930.87236000,76,4743.60000000,19365.69839000,0
2024-12-28 12:00:00,4.1362,4.1658,4.0588,4.0869,7638.10000000,1735401599999,31380.79796000,93,2747.80000000,11253.76921000,0
2024-12-28 16:00:00,4.0938,4.2084,4.0873,4.1856,10190.00000000,1735415999999,42566.37535000,85,8951.10000000,37396.35573000,0
2024-12-28 20:00:00,4.1856,4.2622,4.165,4.222,4670.60000000,1735430399999,19607.94881000,57,4082.20000000,17153.14248000,0
2024-12-29 00:00:00,4.2208,4.2208,4.1682,4.1956,2061.30000000,1735444799999,8616.51052000,32,793.80000000,3324.10929000,0
2024-12-29 04:00:00,4.2084,4.2599,4.1836,4.2599,7011.00000000,1735459199999,29536.54021000,38,3763.40000000,15833.62383000,0
2024-12-29 08:00:00,4.2609,4.2678,4.1917,4.1942,1150.70000000,1735473599999,4889.82035000,25,973.50000000,4144.71258000,0
2024-12-29 12:00:00,4.1886,4.2558,4.1376,4.1525,39100.50000000,1735487999999,162610.80000000,77,29666.80000000,123401.52174000,0
2024-12-29 16:00:00,4.1376,4.1415,4.0911,4.1246,18557.10000000,1735502399999,76479.70152000,66,17276.90000000,71226.85188000,0
2024-12-29 20:00:00,4.1045,4.1356,4.0575,4.1112,11644.80000000,1735516799999,47470.84861000,63,7026.60000000,28625.81046000,0
2024-12-30 00:00:00,4.0976,4.1963,4.0976,4.1344,2417.90000000,1735531199999,10070.11362000,59,1099.50000000,4572.46388000,0
2024-12-30 04:00:00,4.1464,4.1589,4.0765,4.0858,693.50000000,1735545599999,2857.75001000,40,278.10000000,1152.71266000,0
2024-12-30 08:00:00,4.11,4.1356,4.0274,4.0858,3330.60000000,1735559999999,13531.97012000,50,748.60000000,3041.63841000,0
2024-12-30 12:00:00,4.1088,4.1437,3.9499,4.0374,9907.30000000,1735574399999,39824.56123000,117,2397.10000000,9674.98355000,0
2024-12-30 16:00:00,4.0377,4.34,4.0377,4.34,27380.70000000,1735588799999,114968.80187000,209,21972.80000000,92137.47546000,0
2024-12-30 20:00:00,4.3449,4.3695,4.1286,4.1836,4122.40000000,1735603199999,17537.79813000,181,1550.50000000,6630.36007000,0
2024-12-31 00:00:00,4.188,4.188,4.0534,4.101,4034.90000000,1735617599999,16567.61261000,70,1067.40000000,4389.55444000,0
2024-12-31 04:00:00,4.11,4.1753,4.0653,4.1753,5759.70000000,1735631999999,23856.02247000,36,5504.50000000,22817.76740000,0
2024-12-31 08:00:00,4.1764,4.3399,4.1764,4.2247,17128.60000000,1735646399999,73061.82312000,164,7196.80000000,30703.78865000,0
2024-12-31 12:00:00,4.2505,4.2875,4.1912,4.2585,10358.60000000,1735660799999,44048.86703000,67,935.90000000,3978.38694000,0
2024-12-31 16:00:00,4.2687,4.2936,4.1794,4.2093,2065.90000000,1735675199999,8687.64102000,56,1527.90000000,6418.68227000,0
2024-12-31 20:00:00,4.2222,4.247,4.11,4.11,6833.90000000,1735689599999,28774.52807000,74,4002.60000000,16971.02886000,0
2025-01-01 00:00:00,4.1322,4.2102,4.1092,4.2102,1703.00000000,1735703999999,7077.28274000,70,1541.20000000,6411.57137000,0
2025-01-01 04:00:00,4.2125,4.2166,4.1356,4.1356,2401.20000000,1735718399999,10020.70746000,52,689.90000000,2890.71769000,0
2025-01-01 08:00:00,4.1432,4.1535,4.05,4.1535,10320.00000000,1735732799999,42156.26325000,78,6621.90000000,27003.84949000,0
2025-01-01 12:00:00,4.1589,4.2011,4.1536,4.2011,837.60000000,1735747199999,3504.31233000,39,562.60000000,2358.66431000,0
2025-01-01 16:00:00,4.1958,4.2838,4.1535,4.2838,6504.70000000,1735761599999,27619.43736000,102,5224.40000000,22210.60709000,0
2025-01-01 20:00:00,4.2861,4.3128,4.2622,4.2799,1941.10000000,1735775999999,8325.79117000,35,1710.40000000,7338.96003000,0
2025-01-02 00:00:00,4.2926,4.3392,4.26,4.2686,15908.70000000,1735790399999,68150.81873000,78,9233.30000000,39667.58526000,0
2025-01-02 04:00:00,4.2661,4.3918,4.2661,4.3645,6179.00000000,1735804799999,26831.79436000,95,4889.80000000,21209.43372000,0
2025-01-02 08:00:00,4.3833,4.4694,4.3434,4.4389,12364.90000000,1735819199999,54425.30831000,124,2899.90000000,12871.29549000,0
2025-01-02 12:00:00,4.4458,4.4577,4.369,4.3896,21753.10000000,1735833599999,95569.71099000,137,493.80000000,2187.33919000,0
2025-01-02 16:00:00,4.3955,4.4041,4.3176,4.3633,4456.20000000,1735847999999,19419.81966000,83,1726.70000000,7563.91996000,0
2025-01-02 20:00:00,4.3564,4.3876,4.3348,4.3632,8092.50000000,1735862399999,35280.51722000,46,7064.90000000,30802.16332000,0
2025-01-03 00:00:00,4.3418,4.3721,4.3118,4.3621,3815.90000000,1735876799999,16555.81740000,36,2473.60000000,10754.18208000,0
2025-01-03 04:00:00,4.3798,4.3926,4.2838,4.2901,9465.70000000,1735891199999,41106.44740000,80,7000.40000000,30447.67646000,0
2025-01-03 08:00:00,4.3092,4.3654,4.2954,4.3654,1219.00000000,1735905599999,5276.59077000,32,668.80000000,2899.06261000,0
2025-01-03 12:00:00,4.3702,4.6927,4.3624,4.6927,43987.00000000,1735919999999,201025.64832000,343,30551.20000000,139042.46594000,0
2025-01-03 16:00:00,4.6928,4.855,4.6518,4.855,132171.40000000,1735934399999,628821.08563000,745,32013.20000000,152467.25030000,0
2025-01-03 20:00:00,4.8247,4.9884,4.8017,4.9794,38988.00000000,1735948799999,190116.08881000,388,25234.40000000,123322.48415000,0
2025-01-04 00:00:00,4.9838,4.9841,4.8444,4.9138,43615.60000000,1735963199999,213606.10373000,224,30131.20000000,147372.40288000,0
2025-01-04 04:00:00,4.8993,5.0784,4.8787,5.0268,6895.10000000,1735977599999,34356.38322000,220,3957.20000000,19843.00491000,0
2025-01-04 08:00:00,5.0509,5.2182,5.0222,5.1533,136794.20000000,1735991999999,697323.88495000,558,46394.70000000,236252.98190000,0
2025-01-04 12:00:00,5.1718,5.3105,4.95,5.1847,27059.60000000,1736006399999,139991.46880000,594,8928.60000000,46337.50912000,0
2025-01-04 16:00:00,5.1847,5.2595,5.1147,5.2138,40555.90000000,1736020799999,211641.61987000,208,35593.10000000,186042.06719000,0
2025-01-04 20:00:00,5.188,5.3532,5.188,5.2917,10967.40000000,1736035199999,58182.61281000,245,5616.00000000,29690.22128000,0
2025-01-05 00:00:00,5.2809,5.3274,5.1981,5.2061,5577.20000000,1736049599999,29254.41941000,152,1342.20000000,7086.59531000,0
2025-01-05 04:00:00,5.2219,5.2765,5.1648,5.1703,2211.90000000,1736063999999,11489.95177000,90,1200.60000000,6244.29828000,0
2025-01-05 08:00:00,5.1605,5.2064,5.1248,5.2022,4163.90000000,1736078399999,21494.12413000,117,962.70000000,5003.44457000,0
2025-01-05 12:00:00,5.2022,5.2478,5.1547,5.2333,6168.60000000,1736092799999,32054.38582000,144,5602.10000000,29111.01469000,0
2025-01-05 16:00:00,5.2333,5.2455,5.1755,5.209,32167.60000000,1736107199999,168211.83961000,72,31392.40000000,164175.18588000,0
2025-01-05 20:00:00,5.2016,5.2923,5.2016,5.2489,15288.30000000,1736121599999,80246.25805000,178,11313.60000000,59337.14210000,0
2025-01-06 00:00:00,5.2648,5.3215,5.1416,5.2532,7599.40000000,1736135999999,39656.64781000,218,4961.40000000,26027.92139000,0
2025-01-06 04:00:00,5.2331,5.2489,5.1581,5.1907,3254.90000000,1736150399999,16938.14123000,92,1222.80000000,6378.74508000,0
2025-01-06 08:00:00,5.1847,5.1952,5.1309,5.1935,4725.70000000,1736164799999,24375.13817000,70,952.10000000,4923.50561000,0
2025-01-06 12:00:00,5.1873,5.307,5.1704,5.2648,20992.50000000,1736179199999,110755.67408000,137,15349.10000000,80954.47728000,0
2025-01-06 16:00:00,5.2742,5.3436,5.185,5.2062,22836.20000000,1736193599999,120836.42780000,284,12411.90000000,65515.95796000,0
2025-01-06 20:00:00,5.2172,5.2319,5.0274,5.095,14445.50000000,1736207999999,73687.52105000,298,2554.40000000,13055.51090000,0
2025-01-07 00:00:00,5.0779,5.1074,5.0621,5.0744,10999.50000000,1736222399999,56007.78834000,142,8806.00000000,44867.99403000,0
2025-01-07 04:00:00,5.069,5.0867,5.0527,5.0803,1674.60000000,1736236799999,8496.01301000,51,946.50000000,4805.91369000,0
2025-01-07 08:00:00,5.0769,5.1938,5.0769,5.1055,10848.50000000,1736251199999,55929.55342000,143,4842.80000000,24957.88013000,0
2025-01-07 12:00:00,5.1547,5.1627,4.8086,4.9,30728.80000000,1736265599999,152328.62695000,431,6697.60000000,32946.46070000,0
2025-01-07 16:00:00,4.8711,4.9732,4.8067,4.8829,9080.20000000,1736279999999,44050.61113000,254,6147.60000000,29852.52888000,0
2025-01-07 20:00:00,4.891,4.9518,4.7523,4.8038,20568.10000000,1736294399999,100092.86617000,212,10643.20000000,52200.17657000,0
2025-01-08 00:00:00,4.8002,4.8821,4.6811,4.6814,17129.20000000,1736308799999,82294.55673000,279,4173.70000000,20213.26360000,0
2025-01-08 04:00:00,4.7085,4.7367,4.5428,4.5823,85969.30000000,1736323199999,393684.98181000,207,57995.00000000,265174.24602000,0
2025-01-08 08:00:00,4.589,4.6526,4.5206,4.541,30303.80000000,1736337599999,140033.07092000,101,651.10000000,2997.33663000,0
2025-01-08 12:00:00,4.5314,4.6781,4.52,4.624,71313.20000000,1736351999999,324923.14225000,262,63245.70000000,288079.17970000,0
2025-01-08 16:00:00,4.61,4.73,4.3931,4.6454,47216.70000000,1736366399999,216799.42231000,343,33461.50000000,153871.43911000,0
2025-01-08 20:00:00,4.6428,4.9076,4.588,4.9076,20696.60000000,1736380799999,97967.43336000,259,7993.50000000,38291.91124000,0
2025-01-09 00:00:00,4.9103,4.9103,4.7715,4.7801,6220.20000000,1736395199999,30134.11155000,144,3537.10000000,17176.80647000,0
2025-01-09 04:00:00,4.7736,4.8236,4.622,4.622,35792.50000000,1736409599999,166448.29903000,171,25456.60000000,118054.36341000,0
2025-01-09 08:00:00,4.622,4.666,4.5571,4.61,44585.10000000,1736423999999,206031.79662000,149,42964.90000000,198584.37450000,0
2025-01-09 12:00:00,4.5737,4.8017,4.5,4.7383,17853.10000000,1736438399999,82618.05701000,255,10867.90000000,50682.02748000,0
2025-01-09 16:00:00,4.7657,4.8648,4.6564,4.7042,8801.40000000,1736452799999,42219.59256000,207,4043.70000000,19483.13573000,0
2025-01-09 20:00:00,4.6583,4.7625,4.619,4.737,41885.00000000,1736467199999,194511.25457000,233,38458.20000000,178586.94693000,0
2025-01-10 00:00:00,4.7513,4.86,4.7371,4.8592,5835.10000000,1736481599999,27923.66409000,124,1798.40000000,8660.78738000,0
2025-01-10 04:00:00,4.8592,5.1372,4.8381,5.1356,31447.20000000,1736495999999,155824.17521000,384,19733.40000000,98099.33080000,0
2025-01-10 08:00:00,5.0931,5.14,5.0461,5.0928,28646.00000000,1736510399999,146904.59486000,136,20701.30000000,106092.80069000,0
2025-01-10 12:00:00,5.0925,5.0925,4.8429,4.9731,15916.50000000,1736524799999,79253.46105000,444,5506.00000000,27366.69550000,0
2025-01-10 16:00:00,4.9864,5.248,4.917,5.2476,49062.10000000,1736539199999,250822.30637000,472,33871.90000000,173545.10500000,0
2025-01-10 20:00:00,5.2171,5.2253,5.12,5.1717,7417.00000000,1736553599999,38512.51535000,112,4634.20000000,24146.75693000,0
2025-01-11 00:00:00,5.1693,5.1693,5.0544,5.0863,7005.80000000,1736567999999,35735.03057000,103,1429.40000000,7340.52765000,0
2025-01-11 04:00:00,5.0622,5.0622,4.9721,5.0013,6291.90000000,1736582399999,31686.71592000,100,4411.50000000,22256.06509000,0
2025-01-11 08:00:00,5.0014,5.0435,4.9681,5.0166,1652.60000000,1736596799999,8254.39356000,43,823.90000000,4123.57121000,0
2025-01-11 12:00:00,4.9963,5.037,4.9479,4.9479,2094.40000000,1736611199999,10446.05129000,55,686.00000000,3449.34243000,0
2025-01-11 16:00:00,4.9714,5.0082,4.9076,4.9264,2490.70000000,1736625599999,12330.55983000,90,1307.20000000,6489.72295000,0
2025-01-11 20:00:00,4.9266,5.0683,4.9266,4.9714,10594.80000000,1736639999999,53063.81711000,126,7177.70000000,35865.60300000,0
2025-01-12 00:00:00,4.967,4.9984,4.8839,4.9354,9015.60000000,1736654399999,44340.82894000,143,1561.00000000,7710.11185000,0
2025-01-12 04:00:00,4.8993,4.9328,4.8331,4.8381,8915.30000000,1736668799999,43316.83581000,137,196.00000000,956.53288000,0
2025-01-12 08:00:00,4.8528,4.8532,4.8067,4.8147,1873.60000000,1736683199999,9054.58070000,69,18.00000000,87.20042000,0
2025-01-12 12:00:00,4.8091,4.8674,4.805,4.8521,789.10000000,1736697599999,3816.89210000,39,222.70000000,1080.32180000,0
2025-01-12 16:00:00,4.824,4.8647,4.7731,4.8021,9075.20000000,1736711999999,43776.35350000,198,1098.50000000,5332.76588000,0
2025-01-12 20:00:00,4.8021,4.93,4.7123,4.7123,13449.50000000,1736726399999,64413.55689000,488,4739.90000000,22975.04055000,0
2025-01-13 00:00:00,4.7582,4.8829,4.6149,4.6149,14330.50000000,1736740799999,67927.73714000,540,1256.10000000,6034.52260000,0
2025-01-13 04:00:00,4.6454,4.69,4.4439,4.4975,200211.90000000,1736755199999,903346.69436000,1133,171271.70000000,772697.10593000,0
2025-01-13 08:00:00,4.4975,4.5126,4.3062,4.3062,42715.20000000,1736769599999,190686.87007000,531,33000.00000000,147807.06506000,0
2025-01-13 12:00:00,4.3272,4.5882,4.21,4.5326,44238.10000000,1736783999999,195876.29641000,528,28770.40000000,127449.42083000,0
2025-01-13 16:00:00,4.518,4.566,4.4315,4.5171,4010.90000000,1736798399999,18005.62169000,149,1995.10000000,8988.99566000,0
2025-01-13 20:00:00,4.5,4.7733,4.4734,4.7601,113041.00000000,1736812799999,535885.55197000,517,27490.10000000,128595.70324000,0
2025-01-14 00:00:00,4.7223,4.7625,4.6261,4.6573,44750.50000000,1736827199999,210043.03556000,282,1153.70000000,5427.34711000,0
2025-01-14 04:00:00,4.6574,4.7208,4.5622,4.5624,2248.30000000,1736841599999,10468.06342000,125,811.20000000,3806.07364000,0
2025-01-14 08:00:00,4.5823,4.7619,4.5735,4.5968,7207.00000000,1736855999999,33549.28800000,235,2107.00000000,9867.87319000,0
2025-01-14 12:00:00,4.5968,4.7619,4.5624,4.6292,10269.80000000,1736870399999,47851.00910000,325,2434.40000000,11386.67032000,0
2025-01-14 16:00:00,4.624,4.7155,4.5581,4.6094,47964.20000000,1736884799999,220105.37267000,377,35985.70000000,164886.36231000,0
2025-01-14 20:00:00,4.5717,4.6454,4.5633,4.5823,3189.80000000,1736899199999,14687.61643000,56,2761.40000000,12720.39123000,0
2025-01-15 00:00:00,4.5952,4.6172,4.4923,4.5471,7344.70000000,1736913599999,33223.67262000,215,1368.70000000,6198.82880000,0
2025-01-15 04:00:00,4.551,4.6062,4.5074,4.5824,3558.10000000,1736927999999,16181.29583000,96,2228.30000000,10117.69836000,0
2025-01-15 08:00:00,4.5961,4.5961,4.4338,4.473,4229.10000000,1736942399999,19029.18138000,104,922.60000000,4147.81139000,0
2025-01-15 12:00:00,4.4762,4.8516,4.4467,4.7349,37341.90000000,1736956799999,176372.43013000,461,26119.90000000,122986.99766000,0
2025-01-15 16:00:00,4.7746,4.7988,4.6606,4.7356,3282.40000000,1736971199999,15597.07483000,108,2507.30000000,11950.42286000,0
2025-01-15 20:00:00,4.7367,4.8909,4.7203,4.8267,26884.90000000,1736985599999,129804.65654000,204,21775.20000000,105272.08625000,0
2025-01-16 00:00:00,4.8381,4.8471,4.6736,4.6736,6117.70000000,1736999999999,28960.59280000,133,302.70000000,1437.97192000,0
2025-01-16 04:00:00,4.6663,4.6962,4.638,4.6897,7704.30000000,1737014399999,36039.86523000,102,2268.60000000,10642.12989000,0
2025-01-16 08:00:00,4.6898,4.6898,4.5837,4.666,30792.30000000,1737028799999,141671.57810000,111,29065.90000000,133724.17755000,0
2025-01-16 12:00:00,4.6723,4.7794,4.6013,4.7047,5210.80000000,1737043199999,24459.00027000,220,2966.30000000,13967.29403000,0
2025-01-16 16:00:00,4.7088,5.0024,4.6511,5.0,50895.80000000,1737057599999,248344.17738000,714,25504.60000000,124729.40780000,0
2025-01-16 20:00:00,5.0,5.0525,4.7274,4.7583,24161.50000000,1737071999999,116703.22524000,353,20222.60000000,97641.62844000,0
2025-01-17 00:00:00,4.7648,4.9364,4.7153,4.8284,7452.80000000,1737086399999,35999.62467000,200,5877.30000000,28417.69715000,0
2025-01-17 04:00:00,4.8265,4.8566,4.7714,4.7714,5050.30000000,1737100799999,24327.03062000,71,1335.60000000,6460.19206000,0
2025-01-17 08:00:00,4.7715,4.9652,4.7714,4.9076,5404.80000000,1737115199999,26433.64193000,120,4682.60000000,22958.75262000,0
2025-01-17 12:00:00,4.9059,4.9644,4.8332,4.8523,7192.70000000,1737129599999,35490.29217000,127,5118.00000000,25338.30433000,0
2025-01-17 16:00:00,4.8532,4.9743,4.7902,4.84,10765.50000000,1737143999999,52377.78592000,301,7063.10000000,34475.99100000,0
2025-01-17 20:00:00,4.8429,4.9531,4.81,4.8394,5309.10000000,1737158399999,25778.94677000,136,1520.60000000,7440.15974000,0
2025-01-18 00:00:00,4.8703,4.9427,4.77,4.8145,16611.50000000,1737172799999,80131.39157000,188,5824.20000000,27977.18952000,0
2025-01-18 04:00:00,4.8145,4.8178,4.6356,4.7167,10386.40000000,1737187199999,49040.55880000,228,4218.20000000,20016.21721000,0
2025-01-18 08:00:00,4.6775,4.7121,4.6172,4.7019,5111.40000000,1737201599999,23861.23531000,109,955.50000000,4486.01357000,0
2025-01-18 12:00:00,4.6801,4.85,4.666,4.8147,15577.40000000,1737215999999,74638.44623000,236,12401.00000000,59594.63231000,0
2025-01-18 16:00:00,4.8132,5.0689,4.7714,5.0662,40149.20000000,1737230399999,197612.49816000,436,21924.70000000,107461.66398000,0
2025-01-18 20:00:00,5.0689,5.1608,4.9955,5.019,72830.70000000,1737244799999,373109.57606000,1188,12509.70000000,63855.62761000,0
2025-01-19 00:00:00,5.0467,5.047,4.8446,4.8821,9907.50000000,1737259199999,48704.70868000,329,3455.50000000,17068.40085000,0
2025-01-19 04:00:00,4.8894,4.941,4.7805,4.932,46584.00000000,1737273599999,227367.74121000,304,25270.30000000,123338.39786000,0
2025-01-19 08:00:00,4.941,4.941,4.7,4.7301,74136.50000000,1737287999999,361631.11959000,709,9783.00000000,47536.05739000,0
2025-01-19 12:00:00,4.6979,4.9549,4.6979,4.8993,9329.20000000,1737302399999,45462.20451000,268,5844.90000000,28481.15051000,0
2025-01-19 16:00:00,4.9164,5.0247,4.8675,5.0082,13206.60000000,1737316799999,65157.28067000,295,8739.30000000,43175.90884000,0
2025-01-19 20:00:00,5.0015,5.0215,4.4084,4.5253,45274.40000000,1737331199999,213735.99442000,887,9408.40000000,45408.62315000,0
2025-01-20 00:00:00,4.4914,4.551,4.381,4.4965,10103.30000000,1737345599999,44979.15836000,427,4002.10000000,17912.35487000,0
2025-01-20 04:00:00,4.5509,4.8429,4.4649,4.7648,17837.40000000,1737359999999,82644.70469000,481,6258.00000000,28979.78645000,0
2025-01-20 08:00:00,4.7513,4.8367,4.7085,4.7227,4475.20000000,1737374399999,21386.87486000,164,2273.80000000,10870.28873000,0
2025-01-20 12:00:00,4.7513,4.7513,4.5594,4.6245,10029.70000000,1737388799999,46230.13442000,224,5531.20000000,25477.96351000,0
2025-01-20 16:00:00,4.5823,4.6401,4.3261,4.4075,12035.00000000,1737403199999,53572.06288000,440,1141.70000000,5169.96743000,0
2025-01-20 20:00:00,4.4067,4.4792,4.3487,4.3915,5504.00000000,1737417599999,24369.12151000,171,800.90000000,3562.07463000,0
2025-01-21 00:00:00,4.406,4.5603,4.25,4.3477,13726.40000000,1737431999999,59563.01294000,488,5534.30000000,24167.11721000,0
2025-01-21 04:00:00,4.34,4.4433,4.29,4.3535,11987.80000000,1737446399999,51722.81767000,238,365.90000000,1602.16119000,0
2025-01-21 08:00:00,4.3535,4.4817,4.2897,4.4386,2565.20000000,1737460799999,11305.06129000,122,407.80000000,1802.74099000,0
2025-01-21 12:00:00,4.446,4.5268,4.3942,4.4201,3985.50000000,1737475199999,17747.84153000,163,1439.10000000,6439.78916000,0
2025-01-21 16:00:00,4.446,4.7994,4.446,4.7374,20503.60000000,1737489599999,96176.12005000,378,18342.50000000,86255.96798000,0
2025-01-21 20:00:00,4.7657,4.7792,4.6356,4.6566,3214.70000000,1737503999999,15119.17920000,112,1191.00000000,5634.37917000,0
2025-01-22 00:00:00,4.6521,4.7019,4.5663,4.6537,3194.40000000,1737518399999,14744.79577000,145,552.60000000,2569.08995000,0
2025-01-22 04:00:00,4.6801,4.7011,4.5675,4.5675,4102.30000000,1737532799999,19208.78344000,68,2838.00000000,13305.92774000,0
2025-01-22 08:00:00,4.5823,4.5921,4.5349,4.585,598.00000000,1737547199999,2722.35979000,43,72.20000000,330.60504000,0
2025-01-22 12:00:00,4.585,4.6141,4.5242,4.589,2939.50000000,1737561599999,13399.03328000,86,1550.40000000,7090.10748000,0
2025-01-22 16:00:00,4.5928,4.6353,4.5349,4.5608,7487.60000000,1737575999999,34550.52771000,91,1429.30000000,6562.65483000,0
2025-01-22 20:00:00,4.5823,4.6047,4.47,4.4901,12365.70000000,1737590399999,56196.91522000,158,1754.30000000,8003.11206000,0
2025-01-23 00:00:00,4.47,4.4947,4.33,4.4196,33338.60000000,1737604799999,147860.90509000,279,2135.00000000,9426.76088000,0
2025-01-23 04:00:00,4.4193,4.45,4.3671,4.3927,76743.90000000,1737619199999,335986.08096000,158,75205.60000000,329246.84076000,0
2025-01-23 08:00:00,4.3925,4.3925,4.2855,4.3421,6657.70000000,1737633599999,28959.73919000,82,85.40000000,370.20266000,0
2025-01-23 12:00:00,4.3165,4.4727,4.2634,4.4057,17640.10000000,1737647999999,77970.66995000,206,15092.00000000,66825.55455000,0
2025-01-23 16:00:00,4.4061,4.4438,4.2505,4.2505,10953.00000000,1737662399999,47322.71659000,138,3458.20000000,15321.01848000,0
2025-01-23 20:00:00,4.2676,4.4131,4.1604,4.3049,44320.40000000,1737676799999,186140.92280000,327,29735.50000000,124999.62595000,0
2025-01-24 00:00:00,4.2982,4.3138,4.17,4.2567,4988.00000000,1737691199999,21125.25422000,149,3697.50000000,15656.40994000,0
2025-01-24 04:00:00,4.2334,4.4216,4.223,4.3794,43408.10000000,1737705599999,191599.15357000,201,2354.50000000,10189.27509000,0
2025-01-24 08:00:00,4.3864,4.4807,4.3864,4.4725,1211.20000000,1737719999999,5369.84086000,63,849.50000000,3779.85643000,0
2025-01-24 12:00:00,4.4595,4.481,4.3839,4.4124,15268.50000000,1737734399999,67499.81046000,124,588.60000000,2622.78179000,0
2025-01-24 16:00:00,4.4197,4.4548,4.3919,4.3926,5638.90000000,1737748799999,24936.15072000,80,1977.50000000,8771.73525000,0
2025-01-24 20:00:00,4.4324,4.4324,4.1667,4.1982,5216.00000000,1737763199999,22268.02993000,182,883.80000000,3744.12287000,0
2025-01-25 00:00:00,4.1856,4.2505,4.1229,4.2505,7774.90000000,1737777599999,32464.71081000,104,6077.00000000,25405.31817000,0
2025-01-25 04:00:00,4.2364,4.2502,4.1353,4.1353,70717.60000000,1737791999999,295312.96301000,138,68126.10000000,284475.69940000,0
2025-01-25 08:00:00,4.1344,4.1763,4.1127,4.1763,11222.60000000,1737806399999,46711.35276000,91,9869.70000000,41099.75801000,0
2025-01-25 12:00:00,4.1604,4.2001,4.1377,4.173,1461.70000000,1737820799999,6090.88693000,37,865.20000000,3617.58942000,0
2025-01-25 16:00:00,4.1856,4.1962,4.1376,4.1697,24738.10000000,1737835199999,102833.92081000,71,1515.80000000,6316.62765000,0
2025-01-25 20:00:00,4.1383,4.2069,4.1344,4.1513,11535.10000000,1737849599999,48043.07354000,111,4650.30000000,19486.25718000,0
2025-01-26 00:00:00,4.1478,4.208,4.1272,4.208,3554.90000000,1737863999999,14807.61135000,59,1897.50000000,7939.43060000,0
2025-01-26 04:00:00,4.1856,4.2179,4.173,4.173,1481.00000000,1737878399999,6215.60240000,36,934.40000000,3932.61393000,0
2025-01-26 08:00:00,4.173,4.1977,4.1377,4.1478,9466.70000000,1737892799999,39301.52450000,60,111.10000000,463.36436000,0
2025-01-26 12:00:00,4.1478,4.173,4.1377,4.1727,1354.20000000,1737907199999,5608.36423000,36,152.30000000,634.20842000,0
2025-01-26 16:00:00,4.1478,4.1587,4.1,4.1171,19303.00000000,1737921599999,79626.84877000,133,3815.70000000,15761.58778000,0
2025-01-26 20:00:00,4.1171,4.1171,3.8662,3.8662,23737.80000000,1737935999999,95794.22531000,384,2380.90000000,9502.35029000,0
2025-01-27 00:00:00,3.8663,3.92,3.6856,3.7927,143005.40000000,1737950399999,543166.82900000,497,111600.50000000,423488.82086000,0
2025-01-27 04:00:00,3.7978,3.7978,3.5039,3.602,30247.50000000,1737964799999,109641.68807000,217,14028.30000000,50341.29694000,0
2025-01-27 08:00:00,3.5573,3.6362,3.5,3.5892,4962.70000000,1737979199999,17566.31455000,107,2626.40000000,9325.07506000,0
2025-01-27 12:00:00,3.5892,3.8739,3.5819,3.8393,13067.80000000,1737993599999,48855.33542000,221,8048.20000000,30028.15455000,0
2025-01-27 16:00:00,3.8375,3.8375,3.6778,3.75,7089.90000000,1738007999999,26578.36152000,129,3034.40000000,11448.12394000,0
2025-01-27 20:00:00,3.7854,4.0134,3.7696,3.9554,9301.70000000,1738022399999,36844.82314000,255,7121.60000000,28233.63574000,0
2025-01-28 00:00:00,3.9762,4.0069,3.8659,3.9459,7742.70000000,1738036799999,30459.70299000,121,5299.50000000,20886.71012000,0
2025-01-28 04:00:00,3.9404,4.0045,3.9138,3.9166,8273.00000000,1738051199999,32869.67648000,100,7116.00000000,28293.82321000,0
2025-01-28 08:00:00,3.9073,3.9165,3.83,3.83,33246.10000000,1738065599999,128123.08303000,242,6197.20000000,23744.54177000,0
2025-01-28 12:00:00,3.8547,3.8694,3.7679,3.8164,4040.10000000,1738079999999,15440.43483000,131,2365.20000000,9051.57322000,0
2025-01-28 16:00:00,3.8129,3.8228,3.6969,3.7204,5513.90000000,1738094399999,20697.14571000,133,1735.80000000,6553.97583000,0
2025-01-28 20:00:00,3.7295,3.7313,3.6116,3.6581,31203.00000000,1738108799999,113710.80733000,129,27619.50000000,100594.21819000,0
2025-01-29 00:00:00,3.655,3.7603,3.6087,3.7104,34062.20000000,1738123199999,125288.94882000,221,22102.10000000,81442.22837000,0
2025-01-29 04:00:00,3.7295,3.7817,3.7022,3.7411,1892.90000000,1738137599999,7048.10691000,64,363.40000000,1366.59615000,0
2025-01-29 08:00:00,3.7817,3.7927,3.6935,3.7326,2184.70000000,1738151999999,8136.35776000,55,550.60000000,2054.41476000,0
2025-01-29 12:00:00,3.7031,3.7031,3.6038,3.6638,4083.80000000,1738166399999,14827.27573000,73,2116.10000000,7681.39359000,0
2025-01-29 16:00:00,3.6405,3.8266,3.6198,3.7663,13243.30000000,1738180799999,49828.33113000,245,11597.00000000,43719.78163000,0
2025-01-29 20:00:00,3.7989,3.8898,3.6946,3.6976,5707.80000000,1738195199999,21836.73083000,247,3193.70000000,12306.35814000,0
2025-01-30 00:00:00,3.7109,4.0124,3.6587,3.969,19461.60000000,1738209599999,76262.38097000,277,17146.50000000,67486.93201000,0
2025-01-30 04:00:00,4.0129,4.106,3.9438,4.106,33443.80000000,1738223999999,133815.11750000,234,22616.00000000,90890.51003000,0
2025-01-30 08:00:00,4.1088,4.1917,4.0412,4.1917,2551.70000000,1738238399999,10548.55874000,193,1428.20000000,5928.67975000,0
2025-01-30 12:00:00,4.1535,4.2068,4.1039,4.1319,16621.70000000,1738252799999,69233.23057000,170,6429.20000000,26752.21965000,0
2025-01-30 16:00:00,4.1602,4.2378,4.0884,4.1474,22227.20000000,1738267199999,91849.18793000,202,13790.70000000,57110.74725000,0
2025-01-30 20:00:00,4.1531,4.2105,4.1002,4.1229,15362.30000000,1738281599999,63460.89262000,134,7780.90000000,32233.82327000,0
2025-01-31 00:00:00,4.1251,4.205,4.0882,4.1004,12056.80000000,1738295999999,50119.75327000,129,9753.90000000,40636.83772000,0
2025-01-31 04:00:00,4.1004,4.2492,4.0659,4.1513,4598.30000000,1738310399999,19161.33029000,156,3070.90000000,12766.99751000,0
2025-01-31 08:00:00,4.1821,4.2389,4.1179,4.219,1191.20000000,1738324799999,4966.62618000,83,758.50000000,3178.85071000,0
2025-01-31 12:00:00,4.2082,4.2421,4.1536,4.2105,3619.80000000,1738339199999,15210.67314000,46,526.00000000,2212.23085000,0
2025-01-31 16:00:00,4.2192,4.2192,4.03,4.07,6021.00000000,1738353599999,24746.79907000,120,2402.80000000,10033.43302000,0
2025-01-31 20:00:00,4.0611,4.1401,4.0121,4.0761,9715.30000000,1738367999999,39514.35493000,134,3237.40000000,13216.01484000,0
2025-02-01 00:00:00,4.07,4.1158,4.0366,4.0484,1110.80000000,1738382399999,4529.83851000,43,747.60000000,3054.54028000,0
2025-02-01 04:00:00,4.0468,4.073,4.0257,4.0367,2178.50000000,1738396799999,8826.49805000,46,1799.50000000,7291.00765000,0
2025-02-01 08:00:00,4.0261,4.0601,3.9493,3.9642,3082.50000000,1738411199999,12298.48148000,92,1059.80000000,4219.32857000,0
2025-02-01 12:00:00,3.9586,3.9764,3.8811,3.9018,9734.50000000,1738425599999,38070.39023000,80,7533.00000000,29457.07782000,0
2025-02-01 16:00:00,3.9047,3.9579,3.8272,3.8511,3367.40000000,1738439999999,13109.56040000,95,1021.80000000,4021.14081000,0
2025-02-01 20:00:00,3.8346,3.8811,3.7312,3.7767,9903.00000000,1738454399999,37537.02949000,127,5936.80000000,22560.52029000,0
2025-02-02 00:00:00,3.7312,3.8549,3.6615,3.7031,12055.30000000,1738468799999,44618.26481000,155,706.60000000,2633.55641000,0
2025-02-02 04:00:00,3.7136,3.7597,3.675,3.7158,2603.60000000,1738483199999,9704.96465000,70,1367.00000000,5096.58719000,0
2025-02-02 08:00:00,3.7004,3.7819,3.6241,3.6241,1208.60000000,1738497599999,4474.54879000,78,343.50000000,1287.37433000,0
2025-02-02 12:00:00,3.6527,3.6821,3.5558,3.5995,20269.70000000,1738511999999,72602.66982000,154,7928.80000000,28391.56440000,0
2025-02-02 16:00:00,3.57,3.5982,3.2294,3.4067,26975.20000000,1738526399999,91970.39409000,334,9836.70000000,33672.06749000,0
2025-02-02 20:00:00,3.4385,3.4385,3.0898,3.3126,10512.60000000,1738540799999,34216.72595000,280,2089.70000000,6876.04823000,0
2025-02-03 00:00:00,3.3151,3.3151,2.6666,2.9371,49156.80000000,1738555199999,145182.44524000,1027,6041.10000000,17936.98432000,0
2025-02-03 04:00:00,2.9371,3.2145,2.7736,3.1677,9157.30000000,1738569599999,27318.67883000,290,2783.30000000,8194.48008000,0
2025-02-03 08:00:00,3.1611,3.2145,3.0668,3.1304,2307.60000000,1738583999999,7183.72332000,109,512.80000000,1625.06049000,0
2025-02-03 12:00:00,3.1846,3.6878,2.983,3.5813,54655.70000000,1738598399999,189338.52960000,587,29513.40000000,102642.75715000,0
2025-02-03 16:00:00,3.5788,3.6623,3.5039,3.5876,8451.60000000,1738612799999,30258.91269000,252,3693.40000000,13302.06177000,0
2025-02-03 20:00:00,3.5788,3.8266,3.5156,3.6555,25299.10000000,1738627199999,94056.97597000,388,5805.60000000,21419.81196000,0
2025-02-04 00:00:00,3.6555,3.6555,3.5318,3.5788,22348.60000000,1738641599999,80684.06379000,100,18650.40000000,67417.72671000,0
2025-02-04 04:00:00,3.5559,3.586,3.2813,3.2813,8303.90000000,1738655999999,28242.08615000,152,1337.50000000,4620.56359000,0
2025-02-04 08:00:00,3.3127,3.484,3.2781,3.42,1671.90000000,1738670399999,5602.65695000,81,1175.70000000,3940.15308000,0
2025-02-04 12:00:00,3.4534,3.7654,3.4515,3.6778,26834.90000000,1738684799999,97399.92379000,262,4362.50000000,16135.40366000,0
2025-02-04 16:00:00,3.6736,3.8969,3.6291,3.6291,31554.30000000,1738699199999,117786.09392000,286,27012.00000000,100665.61264000,0
2025-02-04 20:00:00,3.6283,3.6818,3.4662,3.583,32941.60000000,1738713599999,118176.45678000,159,11511.30000000,41291.11185000,0
2025-02-05 00:00:00,3.5788,3.7128,3.5406,3.6443,102582.10000000,1738727999999,375903.15591000,345,33855.40000000,123305.66938000,0
2025-02-05 04:00:00,3.642,3.6614,3.5545,3.593,1598.60000000,1738742399999,5767.72205000,61,226.60000000,818.18723000,0
2025-02-05 08:00:00,3.5932,3.642,3.536,3.6056,1012.10000000,1738756799999,3639.43782000,56,271.90000000,980.24142000,0
2025-02-05 12:00:00,3.623,3.6443,3.5156,3.5571,19757.60000000,1738771199999,71833.16299000,97,1284.70000000,4643.28184000,0
2025-02-05 16:00:00,3.5039,3.5347,3.3331,3.4167,6181.30000000,1738785599999,20936.98322000,179,3190.30000000,10814.47334000,0
2025-02-05 20:00:00,3.4136,3.4168,3.3026,3.3409,95378.00000000,1738799999999,321640.02816000,139,59961.30000000,201898.16736000,0
2025-02-06 00:00:00,3.3444,3.3875,3.2873,3.3618,2514.90000000,1738814399999,8344.77133000,81,729.30000000,2436.68571000,0
2025-02-06 04:00:00,3.3791,3.5045,3.3612,3.4208,88580.40000000,1738828799999,300664.22292000,130,64302.70000000,217696.74210000,0
2025-02-06 08:00:00,3.4338,3.5011,3.3934,3.4524,4663.30000000,1738843199999,16263.72420000,61,409.20000000,1420.21609000,0
2025-02-06 12:00:00,3.4315,3.4395,3.2101,3.23,5522.10000000,1738857599999,18054.21923000,124,3260.10000000,10661.55965000,0
2025-02-06 16:00:00,3.2389,3.2494,3.1051,3.1401,4572.50000000,1738871999999,14520.16880000,157,1383.50000000,4383.25038000,0
2025-02-06 20:00:00,3.1511,3.2101,3.112,3.1487,10137.20000000,1738886399999,32155.91664000,74,5121.80000000,16257.42183000,0
2025-02-07 00:00:00,3.1513,3.269,3.1364,3.203,1196.90000000,1738900799999,3848.43307000,90,831.80000000,2671.18248000,0
2025-02-07 04:00:00,3.2139,3.2168,3.0854,3.1527,1902.00000000,1738915199999,6055.36261000,95,1467.00000000,4683.41701000,0
2025-02-07 08:00:00,3.1513,3.2536,3.1398,3.2536,3009.60000000,1738929599999,9631.68690000,61,268.90000000,870.00589000,0
2025-02-07 12:00:00,3.2325,3.3828,3.199,3.2168,4459.20000000,1738943999999,14524.87487000,157,1466.50000000,4769.26111000,0
2025-02-07 16:00:00,3.2101,3.2312,3.0954,3.0954,1184.00000000,1738958399999,3740.78656000,87,512.00000000,1616.03517000,0
2025-02-07 20:00:00,3.0924,3.1023,2.9089,3.0112,18511.10000000,1738972799999,55440.15856000,172,10343.50000000,30982.34995000,0
2025-02-08 00:00:00,2.9916,3.0576,2.9468,2.9522,3194.50000000,1738987199999,9591.83613000,75,1896.50000000,5757.23873000,0
2025-02-08 04:00:00,2.9468,2.9988,2.8871,2.9855,1182.80000000,1739001599999,3457.15022000,69,211.00000000,623.28361000,0
2025-02-08 08:00:00,2.9719,2.9818,2.9384,2.9439,990.20000000,1739015999999,2928.16296000,24,387.90000000,1152.05444000,0
2025-02-08 12:00:00,2.9784,3.0171,2.9384,2.9512,1391.40000000,1739030399999,4149.17494000,52,1047.10000000,3129.51080000,0
2025-02-08 16:00:00,2.9384,3.0732,2.9314,3.0416,2068.60000000,1739044799999,6222.64858000,70,944.70000000,2845.67522000,0
2025-02-08 20:00:00,3.0299,3.0858,3.0047,3.0858,11904.10000000,1739059199999,36401.37301000,54,10178.80000000,31190.12218000,0
2025-02-09 00:00:00,3.0773,3.18,3.048,3.1794,2308.20000000,1739073599999,7165.36129000,105,2078.90000000,6457.73391000,0
2025-02-09 04:00:00,3.1581,3.1581,3.0668,3.0985,726.70000000,1739087999999,2274.68854000,44,593.90000000,1862.82568000,0
2025-02-09 08:00:00,3.1099,3.1525,3.0668,3.0668,882.00000000,1739102399999,2756.27340000,28,509.50000000,1593.84680000,0
2025-02-09 12:00:00,3.0975,3.0975,2.9981,3.059,1705.30000000,1739116799999,5207.20924000,50,872.20000000,2667.82977000,0
2025-02-09 16:00:00,3.059,3.1024,3.0037,3.009,5638.90000000,1739131199999,17246.38759000,79,920.60000000,2828.02460000,0
2025-02-09 20:00:00,3.0416,3.0917,2.8738,2.9988,5967.80000000,1739145599999,17716.16095000,146,1543.10000000,4617.89886000,0
2025-02-10 00:00:00,3.0082,3.13,2.9041,3.0732,12183.10000000,1739159999999,37374.32057000,186,10822.90000000,33233.51148000,0
2025-02-10 04:00:00,3.0686,3.1756,3.0668,3.1212,1757.40000000,1739174399999,5476.97743000,72,1638.80000000,5109.35134000,0
2025-02-10 08:00:00,3.1287,3.2694,3.1287,3.25,1849.10000000,1739188799999,5939.55974000,92,554.30000000,1793.80181000,0
2025-02-10 12:00:00,3.22,3.3,3.1727,3.2442,21067.20000000,1739203199999,68328.78375000,118,10176.00000000,32962.49731000,0
2025-02-10 16:00:00,3.2467,3.2866,3.212,3.2386,3066.60000000,1739217599999,9936.20169000,85,2591.00000000,8404.33371000,0
2025-02-10 20:00:00,3.2322,3.2597,3.1933,3.2111,8080.20000000,1739231999999,25985.08865000,34,7670.70000000,24674.02087000,0
2025-02-11 00:00:00,3.1991,3.4334,3.1991,3.333,31737.40000000,1739246399999,104608.66261000,284,20200.80000000,66459.51031000,0
2025-02-11 04:00:00,3.343,3.5471,3.343,3.5157,21267.50000000,1739260799999,73221.96592000,215,2842.10000000,9705.23017000,0
2025-02-11 08:00:00,3.5076,3.58,3.5076,3.53,834.50000000,1739275199999,2963.18021000,65,345.10000000,1229.86261000,0
2025-02-11 12:00:00,3.5264,3.549,3.374,3.4599,24956.20000000,1739289599999,86107.18451000,199,23652.40000000,81620.08088000,0
2025-02-11 16:00:00,3.4703,3.4703,3.2424,3.2822,6598.50000000,1739303999999,22139.66636000,166,2331.70000000,7904.31475000,0
2025-02-11 20:00:00,3.2899,3.3851,3.2723,3.3082,7600.60000000,1739318399999,25240.23956000,78,5738.30000000,19098.56518000,0
2025-02-12 00:00:00,3.343,3.3489,3.2477,3.2494,5061.60000000,1739332799999,16460.61416000,55,130.20000000,427.90977000,0
2025-02-12 04:00:00,3.2475,3.2944,3.2163,3.2628,188.50000000,1739347199999,612.04486000,47,25.20000000,82.53007000,0
2025-02-12 08:00:00,3.2723,3.3169,3.2494,3.296,823.50000000,1739361599999,2700.31991000,33,642.60000000,2110.75479000,0
2025-02-12 12:00:00,3.3214,3.3363,3.0902,3.2145,9420.50000000,1739375999999,29817.21408000,243,3377.20000000,10897.18191000,0
2025-02-12 16:00:00,3.21,3.4523,3.1775,3.444,30886.00000000,1739390399999,104272.18170000,304,12205.10000000,40852.76783000,0
2025-02-12 20:00:00,3.4446,3.6645,3.4446,3.6022,15762.10000000,1739404799999,55802.00855000,230,8854.60000000,31491.37688000,0
2025-02-13 00:00:00,3.59,3.6547,3.54,3.6375,6892.50000000,1739419199999,24709.10820000,140,2907.70000000,10403.22928000,0
2025-02-13 04:00:00,3.6393,3.6393,3.51,3.5453,16178.80000000,1739433599999,57574.88154000,108,14402.20000000,51299.16265000,0
2025-02-13 08:00:00,3.5264,3.5472,3.48,3.5076,480.40000000,1739447999999,1692.66723000,52,268.50000000,949.17795000,0
2025-02-13 12:00:00,3.5156,3.5316,3.4138,3.5316,3981.00000000,1739462399999,13827.53015000,102,1999.90000000,6962.08468000,0
2025-02-13 16:00:00,3.5076,3.5371,3.4617,3.492,17027.60000000,1739476799999,59550.95272000,103,523.10000000,1843.47395000,0
2025-02-13 20:00:00,3.4781,3.6,3.4781,3.4784,12307.70000000,1739491199999,43359.68754000,162,7227.30000000,25680.44145000,0
2025-02-14 00:00:00,3.4784,3.5453,3.4784,3.5453,3829.90000000,1739505599999,13442.59089000,75,1402.30000000,4959.76064000,0
2025-02-14 04:00:00,3.5472,3.553,3.4784,3.4921,17454.80000000,1739519999999,60770.57355000,25,10512.10000000,36588.25055000,0
2025-02-14 08:00:00,3.4898,3.6531,3.4739,3.5499,14394.30000000,1739534399999,50716.60726000,118,5878.00000000,20720.10605000,0
2025-02-14 12:00:00,3.5487,3.6912,3.5252,3.6576,6834.70000000,1739548799999,24795.08331000,184,4745.90000000,17233.98278000,0
2025-02-14 16:00:00,3.6412,3.7355,3.5833,3.6231,34285.30000000,1739563199999,125906.58055000,156,29800.90000000,109444.17885000,0
2025-02-14 20:00:00,3.6218,3.6218,3.514,3.5625,5249.70000000,1739577599999,18703.77798000,87,4683.80000000,16687.96890000,0
2025-02-15 00:00:00,3.5283,3.5964,3.52,3.5642,8418.10000000,1739591999999,29737.03343000,35,251.90000000,896.39683000,0
2025-02-15 04:00:00,3.5573,3.5613,3.4379,3.4578,9589.00000000,1739606399999,33373.44167000,87,783.70000000,2719.56275000,0
2025-02-15 08:00:00,3.4864,3.4891,3.4515,3.4518,245.30000000,1739620799999,852.34727000,14,160.10000000,557.47836000,0
2025-02-15 12:00:00,3.4702,3.4863,3.4,3.4479,13819.90000000,1739635199999,47045.45076000,55,149.20000000,516.56714000,0
2025-02-15 16:00:00,3.429,3.4499,3.4,3.4283,595.10000000,1739649599999,2034.82379000,20,224.50000000,774.36401000,0
2025-02-15 20:00:00,3.4283,3.4333,3.3934,3.4333,1710.10000000,1739663999999,5845.88769000,29,39.70000000,136.05669000,0
2025-02-16 00:00:00,3.4335,3.4677,3.3704,3.374,95.60000000,1739678399999,325.10003000,34,29.80000000,102.11966000,0
2025-02-16 04:00:00,3.397,3.4,3.3644,3.3669,127.30000000,1739692799999,431.36363000,12,5.60000000,18.94101000,0
2025-02-16 08:00:00,3.3939,3.397,3.3622,3.397,61.80000000,1739707199999,208.43773000,4,3.90000000,13.23931000,0
2025-02-16 12:00:00,3.3789,3.3789,3.323,3.361,1824.80000000,1739721599999,6120.36196000,54,569.40000000,1908.65187000,0
2025-02-16 16:00:00,3.3437,3.3606,3.2728,3.29,1203.70000000,1739735999999,4002.91125000,81,327.80000000,1092.75870000,0
2025-02-16 20:00:00,3.3075,3.3296,3.29,3.3075,665.20000000,1739750399999,2205.26072000,37,560.30000000,1859.91892000,0
2025-02-17 00:00:00,3.3322,3.3331,3.3216,3.3321,641.50000000,1739764799999,2137.33341000,12,617.30000000,2056.83099000,0
2025-02-17 04:00:00,3.3424,3.3424,3.3075,3.325,150.60000000,1739779199999,500.62559000,8,40.90000000,136.54435000,0
2025-02-17 08:00:00,3.3246,3.3252,3.2716,3.286,9416.00000000,1739793599999,30992.47542000,39,36.60000000,120.88451000,0
2025-02-17 12:00:00,3.3075,3.3489,3.2294,3.2294,5656.30000000,1739807999999,18441.00303000,107,757.10000000,2513.09098000,0
2025-02-17 16:00:00,3.2475,3.2625,3.1634,3.1861,4012.30000000,1739822399999,12857.14990000,113,570.50000000,1845.29656000,0
2025-02-17 20:00:00,3.1825,3.2808,3.1825,3.2376,7689.90000000,1739836799999,25105.47166000,76,346.30000000,1126.60833000,0
2025-02-18 00:00:00,3.2544,3.2544,3.1887,3.1898,8442.00000000,1739851199999,27035.37064000,89,968.30000000,3116.99632000,0
2025-02-18 04:00:00,3.2064,3.2064,3.0954,3.0954,3490.90000000,1739865599999,10928.39817000,111,240.10000000,749.41504000,0
2025-02-18 08:00:00,3.0954,3.1048,3.0284,3.0856,19394.40000000,1739879999999,60030.44453000,140,7826.20000000,24133.00578000,0
2025-02-18 12:00:00,3.0787,3.1756,3.0416,3.0416,6898.00000000,1739894399999,21524.03682000,117,5225.20000000,16365.29430000,0
2025-02-18 16:00:00,3.0626,3.0626,2.923,3.0204,15470.40000000,1739908799999,45897.08422000,165,11933.70000000,35377.15868000,0
2025-02-18 20:00:00,3.0043,3.0768,2.9667,3.0538,1427.80000000,1739923199999,4316.44649000,61,1091.10000000,3305.31721000,0
2025-02-19 00:00:00,3.0677,3.1019,3.0284,3.0855,44416.60000000,1739937599999,135808.67701000,127,1158.00000000,3562.39598000,0
2025-02-19 04:00:00,3.0529,3.1575,3.01,3.1575,1616.20000000,1739951999999,4984.91079000,86,812.40000000,2488.70301000,0
2025-02-19 08:00:00,3.1355,3.2102,3.1271,3.2102,363.50000000,1739966399999,1143.22050000,35,111.00000000,353.41042000,0
2025-02-19 12:00:00,3.2111,3.2312,3.1514,3.17,7619.50000000,1739980799999,24356.71658000,113,574.20000000,1842.59555000,0
2025-02-19 16:00:00,3.2032,3.2581,3.1553,3.1861,9602.20000000,1739995199999,30901.69581000,86,6000.60000000,19310.14762000,0
2025-02-19 20:00:00,3.1691,3.2382,3.1514,3.2203,19653.00000000,1740009599999,63449.42445000,55,14652.10000000,47337.52228000,0
2025-02-20 00:00:00,3.2203,3.2973,3.1917,3.2973,15362.60000000,1740023999999,49675.24856000,114,2776.30000000,9003.88125000,0
2025-02-20 04:00:00,3.2971,3.3487,3.2723,3.2899,11031.30000000,1740038399999,36674.78785000,97,1839.50000000,6085.38053000,0
2025-02-20 08:00:00,3.2723,3.326,3.2632,3.2991,1816.60000000,1740052799999,5996.42148000,28,330.40000000,1095.06295000,0
2025-02-20 12:00:00,3.3252,3.3642,3.2613,3.2729,3579.00000000,1740067199999,11786.86485000,89,1339.50000000,4450.81921000,0
2025-02-20 16:00:00,3.3064,3.4587,3.3064,3.4335,40540.10000000,1740081599999,137826.05423000,179,18411.30000000,62700.73834000,0
2025-02-20 20:00:00,3.4518,3.4757,3.3961,3.45,25407.60000000,1740095999999,87195.35779000,67,13958.50000000,47826.91680000,0
2025-02-21 00:00:00,3.4577,3.4923,3.4287,3.4593,4550.60000000,1740110399999,15759.71761000,57,1181.80000000,4102.40665000,0
2025-02-21 04:00:00,3.4889,3.5585,3.4777,3.507,8951.10000000,1740124799999,31728.23570000,161,4517.30000000,15991.10958000,0
2025-02-21 08:00:00,3.5155,3.545,3.4784,3.5076,476.20000000,1740139199999,1671.31155000,50,330.60000000,1159.75263000,0
2025-02-21 12:00:00,3.4889,3.5585,3.3622,3.4335,21222.40000000,1740153599999,72413.37916000,158,18783.50000000,63978.50623000,0
2025-02-21 16:00:00,3.4306,3.4742,3.224,3.2548,34202.40000000,1740167999999,116228.01980000,268,4550.30000000,15203.66309000,0
2025-02-21 20:00:00,3.2549,3.2911,3.2312,3.2889,1245.70000000,1740182399999,4084.24735000,85,526.60000000,1728.24060000,0
2025-02-22 00:00:00,3.2645,3.3646,3.2542,3.3252,4546.00000000,1740196799999,15087.66842000,91,2418.70000000,7978.88630000,0
2025-02-22 04:00:00,3.3408,3.3851,3.326,3.33,957.60000000,1740211199999,3214.05453000,48,775.70000000,2605.12941000,0
2025-02-22 08:00:00,3.3489,3.3635,3.3252,3.3609,197.00000000,1740225599999,660.64688000,15,60.90000000,204.43817000,0
2025-02-22 12:00:00,3.374,3.4395,3.374,3.43,990.80000000,1740239999999,3383.53185000,73,909.20000000,3105.61292000,0
2025-02-22 16:00:00,3.4334,3.4517,3.4008,3.4275,3803.00000000,1740254399999,13020.66635000,43,2066.30000000,7096.56302000,0
2025-02-22 20:00:00,3.4268,3.4276,3.397,3.4193,10968.60000000,1740268799999,37306.62028000,41,8860.60000000,30132.05383000,0
2025-02-23 00:00:00,3.4221,3.4815,3.3958,3.3958,1207.30000000,1740283199999,4131.69811000,60,305.30000000,1048.45943000,0
2025-02-23 04:00:00,3.3896,3.4742,3.3563,3.4474,7406.30000000,1740297599999,25120.68257000,77,7172.10000000,24329.22860000,0
2025-02-23 08:00:00,3.4217,3.4217,3.3327,3.3327,752.00000000,1740311999999,2531.46310000,61,118.00000000,400.10578000,0
2025-02-23 12:00:00,3.3265,3.374,3.289,3.3011,938.80000000,1740326399999,3122.44777000,56,271.60000000,906.94181000,0
2025-02-23 16:00:00,3.3075,3.3324,3.2997,3.3267,661.30000000,1740340799999,2201.22469000,14,532.50000000,1774.17067000,0
2025-02-23 20:00:00,3.32,3.379,3.3112,3.3786,3476.90000000,1740355199999,11600.33232000,39,3437.50000000,11468.19072000,0
2025-02-24 00:00:00,3.3789,3.4461,3.2723,3.3295,6981.70000000,1740369599999,23655.12146000,159,3416.10000000,11656.08335000,0
2025-02-24 04:00:00,3.2944,3.374,3.2382,3.326,4383.20000000,1740383999999,14362.49862000,109,848.50000000,2803.06859000,0
2025-02-24 08:00:00,3.3252,3.3408,3.1992,3.2311,2383.00000000,1740398399999,7702.98997000,119,149.20000000,487.63812000,0
2025-02-24 12:00:00,3.2032,3.2392,2.984,3.0424,11305.90000000,1740412799999,35257.88851000,223,1730.60000000,5307.29533000,0
2025-02-24 16:00:00,3.0284,3.0911,2.9753,2.9929,25107.50000000,1740427199999,76300.78483000,280,2288.60000000,6932.69712000,0
2025-02-24 20:00:00,2.9929,3.0354,2.823,2.823,11154.00000000,1740441599999,32215.36840000,259,855.70000000,2498.03128000,0
2025-02-25 00:00:00,2.8324,2.9314,2.7772,2.8266,11537.80000000,1740455999999,32893.49534000,249,1171.00000000,3376.19208000,0
2025-02-25 04:00:00,2.8266,2.8609,2.6705,2.7924,7310.70000000,1740470399999,20222.39894000,220,1379.90000000,3832.82036000,0
2025-02-25 08:00:00,2.7601,2.817,2.6386,2.7942,14644.40000000,1740484799999,39306.81695000,242,1542.90000000,4220.21488000,0
2025-02-25 12:00:00,2.7662,2.8583,2.7119,2.8456,5585.10000000,1740499199999,15501.94776000,118,3281.20000000,9191.10955000,0
2025-02-25 16:00:00,2.7864,2.8948,2.7562,2.8798,1830.10000000,1740513599999,5161.51172000,127,960.20000000,2724.64055000,0
2025-02-25 20:00:00,2.8896,3.0117,2.8518,2.9667,8919.60000000,1740527999999,26304.85499000,153,7804.60000000,23006.67962000,0
2025-02-26 00:00:00,2.9488,3.0697,2.8871,3.0647,8567.40000000,1740542399999,25521.27778000,153,5458.90000000,16502.14895000,0
2025-02-26 04:00:00,3.0484,3.0926,2.987,3.0051,8556.30000000,1740556799999,26148.62980000,118,4624.50000000,14089.25981000,0
2025-02-26 08:00:00,2.9782,3.0373,2.9542,2.9705,516.20000000,1740571199999,1546.52078000,62,144.50000000,437.69240000,0
2025-02-26 12:00:00,2.9483,3.0505,2.8781,3.0,4094.20000000,1740585599999,12196.26905000,130,2606.00000000,7861.65336000,0
2025-02-26 16:00:00,2.9994,3.0218,2.7523,2.8048,12852.70000000,1740599999999,37256.64498000,204,4159.80000000,12091.32253000,0
2025-02-26 20:00:00,2.7864,2.96,2.7475,2.8697,3428.90000000,1740614399999,9753.99742000,173,1331.20000000,3869.46191000,0
2025-02-27 00:00:00,2.8731,2.9191,2.8434,2.9118,344.00000000,1740628799999,992.42626000,68,171.70000000,496.25908000,0
2025-02-27 04:00:00,2.902,2.9774,2.8791,2.9425,1687.80000000,1740643199999,4927.27827000,61,738.90000000,2172.42651000,0
2025-02-27 08:00:00,2.9384,2.9425,2.8912,2.9089,346.70000000,1740657599999,1007.98243000,22,5.50000000,16.08982000,0
2025-02-27 12:00:00,2.8948,2.9304,2.8266,2.845,4850.00000000,1740671999999,13817.64965000,98,4138.60000000,11778.07312000,0
2025-02-27 16:00:00,2.8479,2.8479,2.7842,2.7842,768.80000000,1740686399999,2157.51685000,57,162.50000000,459.28411000,0
2025-02-27 20:00:00,2.7793,2.8166,2.7656,2.7793,2871.30000000,1740700799999,7979.95211000,53,315.90000000,880.01979000,0
2025-02-28 00:00:00,2.8017,2.8017,2.5503,2.5503,7531.80000000,1740715199999,19924.63124000,175,836.10000000,2215.68141000,0
2025-02-28 04:00:00,2.5704,2.5955,2.53,2.5587,1919.40000000,1740729599999,4909.82035000,52,680.70000000,1745.79937000,0
2025-02-28 08:00:00,2.5955,2.6619,2.5504,2.6369,1628.30000000,1740743999999,4277.15229000,51,461.90000000,1219.10440000,0
2025-02-28 12:00:00,2.6438,2.8381,2.6232,2.8381,5854.80000000,1740758399999,16379.32609000,162,1590.80000000,4342.20166000,0
2025-02-28 16:00:00,2.7942,2.8335,2.7626,2.8298,13176.20000000,1740772799999,37017.30887000,38,12974.40000000,36454.24320000,0
2025-02-28 20:00:00,2.8215,2.8544,2.7942,2.8343,4918.80000000,1740787199999,13940.84128000,30,4685.60000000,13284.75416000,0
2025-03-01 00:00:00,2.8359,2.8999,2.8041,2.8999,4694.60000000,1740801599999,13513.10037000,47,327.10000000,938.34915000,0
2025-03-01 04:00:00,2.8792,2.9259,2.8364,2.8456,32066.40000000,1740815999999,93045.06856000,115,18661.60000000,53837.78606000,0
2025-03-01 08:00:00,2.859,2.859,2.8129,2.8129,723.10000000,1740830399999,2049.21979000,19,8.70000000,24.79674000,0
2025-03-01 12:00:00,2.851,2.8684,2.7917,2.821,376.00000000,1740844799999,1055.60808000,28,60.90000000,172.63114000,0
2025-03-01 16:00:00,2.8194,2.838,2.7942,2.8358,17834.10000000,1740859199999,50071.17027000,25,14154.80000000,39632.33880000,0
2025-03-01 20:00:00,2.8224,2.8836,2.7917,2.817,2107.00000000,1740873599999,5981.01969000,39,1507.40000000,4296.02487000,0
2025-03-02 00:00:00,2.8224,2.8629,2.7942,2.8396,1493.00000000,1740887999999,4223.28441000,23,157.30000000,449.67027000,0
2025-03-02 04:00:00,2.8576,2.8928,2.851,2.8814,14310.60000000,1740902399999,41088.94133000,101,7245.00000000,20733.71390000,0
2025-03-02 08:00:00,2.8528,2.8933,2.8397,2.8795,680.40000000,1740916799999,1951.59589000,17,577.10000000,1657.75702000,0
2025-03-02 12:00:00,2.8663,3.0519,2.7991,2.9456,17861.00000000,1740931199999,52301.10302000,264,15633.80000000,45851.49438000,0
2025-03-02 16:00:00,2.9411,3.25,2.9411,3.1889,26225.00000000,1740945599999,82443.94626000,581,6760.50000000,21383.07357000,0
2025-03-02 20:00:00,3.1761,3.2554,3.1761,3.2327,9650.70000000,1740959999999,31091.70814000,143,3957.70000000,12778.82884000,0
2025-03-03 00:00:00,3.2323,3.2323,3.0853,3.09,10706.10000000,1740974399999,33751.59340000,173,2265.40000000,7138.20360000,0
2025-03-03 04:00:00,3.0894,3.1258,2.954,2.9698,2646.90000000,1740988799999,7975.96762000,155,292.40000000,891.96733000,0
2025-03-03 08:00:00,2.9945,2.9945,2.9127,2.945,1508.20000000,1741003199999,4442.09623000,62,93.60000000,275.70242000,0
2025-03-03 12:00:00,2.9328,3.0094,2.8781,2.8781,7411.20000000,1741017599999,21918.87388000,138,1603.00000000,4782.93182000,0
2025-03-03 16:00:00,2.8781,2.8798,2.6279,2.6279,20543.70000000,1741031999999,56682.46870000,261,6645.60000000,18320.31335000,0
2025-03-03 20:00:00,2.65,2.6866,2.5978,2.6334,5748.70000000,1741046399999,15192.37574000,122,1371.20000000,3635.05754000,0
2025-03-04 00:00:00,2.6334,2.6466,2.447,2.5233,10261.90000000,1741060799999,26032.95204000,362,1761.20000000,4436.13167000,0
2025-03-04 04:00:00,2.5024,2.5203,2.433,2.433,4367.60000000,1741075199999,10791.58919000,87,1614.20000000,4043.12272000,0
2025-03-04 08:00:00,2.452,2.4595,2.4073,2.4246,3246.90000000,1741089599999,7860.63865000,39,90.70000000,221.67391000,0
2025-03-04 12:00:00,2.4195,2.4701,2.2911,2.3944,26855.90000000,1741103999999,65260.94498000,202,22561.90000000,55115.64799000,0
2025-03-04 16:00:00,2.3947,2.5451,2.262,2.5282,11965.30000000,1741118399999,28975.12322000,148,8690.70000000,21018.14520000,0
2025-03-04 20:00:00,2.5587,2.5775,2.45,2.5415,41738.80000000,1741132799999,105806.09405000,114,3620.70000000,9190.33464000,0
2025-03-05 00:00:00,2.5196,2.5386,2.466,2.4666,1183.70000000,1741147199999,2955.47296000,60,218.50000000,549.57701000,0
2025-03-05 04:00:00,2.4664,2.4854,2.4484,2.4801,667.50000000,1741161599999,1649.76645000,15,464.50000000,1146.53079000,0
2025-03-05 08:00:00,2.5066,2.6461,2.5066,2.5425,1979.80000000,1741175999999,5065.27995000,89,1484.90000000,3806.66561000,0
2025-03-05 12:00:00,2.5111,2.551,2.4666,2.5059,3011.50000000,1741190399999,7537.08494000,51,1500.40000000,3755.93267000,0
2025-03-05 16:00:00,2.498,2.6322,2.4503,2.6322,3098.30000000,1741204799999,7984.34009000,62,1864.40000000,4805.10779000,0
2025-03-05 20:00:00,2.6368,2.6883,2.6196,2.6322,12537.70000000,1741219199999,33241.34061000,55,11746.70000000,31164.53892000,0
2025-03-06 00:00:00,2.6334,2.6975,2.5915,2.6521,1280.10000000,1741233599999,3395.88108000,51,973.70000000,2589.62002000,0
2025-03-06 04:00:00,2.6635,2.7243,2.6543,2.6606,4684.40000000,1741247999999,12691.22310000,62,3668.60000000,9950.51893000,0
2025-03-06 08:00:00,2.6669,2.7058,2.6669,2.7058,200.20000000,1741262399999,535.71093000,6,57.50000000,155.14430000,0
2025-03-06 12:00:00,2.7106,2.99,2.6308,2.9221,68180.80000000,1741276799999,197550.27915000,467,30443.10000000,88843.39443000,0
2025-03-06 16:00:00,2.9539,2.995,2.775,2.8324,10707.80000000,1741291199999,31041.51075000,198,4969.20000000,14635.33952000,0
2025-03-06 20:00:00,2.7961,2.851,2.7382,2.759,4578.80000000,1741305599999,12811.47853000,152,1089.90000000,3039.32275000,0
2025-03-07 00:00:00,2.7585,2.7903,2.5607,2.6985,9238.70000000,1741319999999,24693.91430000,201,3649.80000000,9955.26603000,0
2025-03-07 04:00:00,2.6732,2.8798,2.6732,2.7766,6850.90000000,1741334399999,19055.20543000,215,5490.50000000,15283.40828000,0
2025-03-07 08:00:00,2.8015,2.8668,2.8015,2.8215,3328.90000000,1741348799999,9436.01941000,70,1839.40000000,5223.46135000,0
2025-03-07 12:00:00,2.8101,2.8505,2.7242,2.7741,8805.70000000,1741363199999,24554.72063000,240,4159.20000000,11604.76911000,0
2025-03-07 16:00:00,2.7425,2.7656,2.6523,2.6998,3967.90000000,1741377599999,10640.43395000,109,501.00000000,1359.34945000,0
2025-03-07 20:00:00,2.6998,2.7415,2.5751,2.5751,11446.00000000,1741391999999,29945.40194000,110,9555.60000000,25006.45308000,0
2025-03-08 00:00:00,2.5751,2.629,2.5597,2.6017,867.80000000,1741406399999,2240.09830000,36,306.90000000,798.56337000,0
2025-03-08 04:00:00,2.6017,2.6225,2.5816,2.6004,1326.10000000,1741420799999,3434.92955000,34,365.60000000,954.06881000,0
2025-03-08 08:00:00,2.5813,2.5844,2.5373,2.5532,918.10000000,1741435199999,2346.43441000,32,12.20000000,31.36204000,0
2025-03-08 12:00:00,2.5552,2.5867,2.5168,2.521,936.30000000,1741449599999,2380.41905000,34,282.30000000,725.05938000,0
2025-03-08 16:00:00,2.521,2.5376,2.4922,2.53,2042.50000000,1741463999999,5156.72036000,37,1617.10000000,4090.97268000,0
2025-03-08 20:00:00,2.5418,2.5436,2.4771,2.48,11137.90000000,1741478399999,27789.76439000,46,3258.20000000,8097.59239000,0
2025-03-09 00:00:00,2.4775,2.516,2.4503,2.4828,19171.30000000,1741492799999,47617.36702000,51,11058.70000000,27426.75939000,0
2025-03-09 04:00:00,2.4723,2.5219,2.4718,2.509,485.70000000,1741507199999,1213.56228000,30,244.30000000,612.33778000,0
2025-03-09 08:00:00,2.5026,2.5026,2.4037,2.4264,7424.30000000,1741521599999,18032.70178000,68,37.20000000,91.22842000,0
2025-03-09 12:00:00,2.4136,2.4372,2.3444,2.3612,7722.30000000,1741535999999,18405.39275000,65,3457.20000000,8287.31164000,0
2025-03-09 16:00:00,2.3409,2.3594,2.2551,2.3394,8618.90000000,1741550399999,19669.95967000,122,4450.60000000,10101.10395000,0
2025-03-09 20:00:00,2.3454,2.3781,2.2782,2.2981,4519.80000000,1741564799999,10431.76817000,65,3427.10000000,7904.62956000,0
2025-03-10 00:00:00,2.3193,2.386,2.2669,2.3419,8305.40000000,1741579199999,19531.11992000,116,1875.80000000,4425.32041000,0
2025-03-10 04:00:00,2.3544,2.3812,2.3544,2.364,2768.90000000,1741593599999,6545.53200000,28,1885.50000000,4458.56317000,0
2025-03-10 08:00:00,2.3476,2.4381,2.3059,2.4116,3218.30000000,1741607999999,7702.11663000,113,1955.30000000,4721.52267000,0
2025-03-10 12:00:00,2.3996,2.4185,2.2163,2.2807,8669.70000000,1741622399999,19708.98139000,153,1923.50000000,4464.44546000,0
2025-03-10 16:00:00,2.2444,2.2444,2.0599,2.1397,27169.60000000,1741636799999,58239.10699000,248,3523.00000000,7500.14676000,0
2025-03-10 20:00:00,2.146,2.146,2.0884,2.0884,14913.80000000,1741651199999,31535.88579000,82,1706.00000000,3607.75869000,0
2025-03-11 00:00:00,2.0831,2.1333,1.9,2.1261,76051.40000000,1741665599999,155066.44606000,343,19082.20000000,39010.07075000,0
2025-03-11 04:00:00,2.1249,2.2111,2.1249,2.1658,6959.20000000,1741679999999,15095.63417000,59,6853.30000000,14866.31906000,0
2025-03-11 08:00:00,2.1964,2.2111,2.1929,2.2111,197.70000000,1741694399999,434.50434000,5,40.00000000,88.14046000,0
2025-03-11 12:00:00,2.1721,2.2073,2.0807,2.1949,3117.70000000,1741708799999,6695.17234000,198,984.70000000,2130.92691000,0
2025-03-11 16:00:00,2.1665,2.3043,2.1557,2.2868,11982.70000000,1741723199999,26833.74935000,117,11263.70000000,25232.52677000,0
2025-03-11 20:00:00,2.2801,2.291,2.2278,2.2295,609.00000000,1741737599999,1373.14742000,29,37.50000000,85.25200000,0
2025-03-12 00:00:00,2.2246,2.2877,2.202,2.202,14358.80000000,1741751999999,31998.46090000,104,1752.00000000,3911.72591000,0
2025-03-12 04:00:00,2.2005,2.2511,2.1725,2.2511,9076.10000000,1741766399999,20244.73226000,42,7803.20000000,17469.05556000,0
2025-03-12 08:00:00,2.2531,2.2877,2.2187,2.2807,928.40000000,1741780799999,2092.40170000,53,435.90000000,990.85077000,0
2025-03-12 12:00:00,2.2836,2.3837,2.1773,2.225,23124.70000000,1741795199999,53743.46206000,203,19519.00000000,45530.96501000,0
2025-03-12 16:00:00,2.2349,2.2646,2.2114,2.2308,22512.90000000,1741809599999,50324.96329000,42,10895.40000000,24352.19863000,0
2025-03-12 20:00:00,2.2482,2.2877,2.221,2.2877,19097.60000000,1741823999999,43147.64799000,51,18285.70000000,41338.10644000,0
2025-03-13 00:00:00,2.2919,2.3101,2.2558,2.2862,32945.30000000,1741838399999,74584.74848000,60,28733.00000000,65037.02934000,0
2025-03-13 04:00:00,2.2793,2.2793,2.2278,2.2398,17999.80000000,1741852799999,40865.41853000,60,134.00000000,301.86011000,0
2025-03-13 08:00:00,2.2246,2.3153,2.2187,2.3153,524.60000000,1741867199999,1192.98802000,33,302.30000000,690.31154000,0
2025-03-13 12:00:00,2.3179,2.3393,2.21,2.21,1872.10000000,1741881599999,4259.47364000,69,1303.60000000,2981.30776000,0
2025-03-13 16:00:00,2.2059,2.2059,2.1233,2.1511,11683.80000000,1741895999999,25310.92505000,85,2887.00000000,6274.23725000,0
2025-03-13 20:00:00,2.1511,2.2002,2.1194,2.1665,5552.90000000,1741910399999,11909.67302000,59,1773.60000000,3845.73501000,0
2025-03-14 00:00:00,2.1704,2.2021,2.1665,2.1728,1851.70000000,1741924799999,4047.17215000,22,583.30000000,1272.31593000,0
2025-03-14 04:00:00,2.1747,2.1946,2.1647,2.1946,4567.90000000,1741939199999,9913.30993000,27,543.50000000,1180.45214000,0
2025-03-14 08:00:00,2.1837,2.241,2.1837,2.2394,4991.10000000,1741953599999,11050.40738000,74,1496.60000000,3317.77626000,0
2025-03-14 12:00:00,2.2322,2.3835,2.2322,2.35,14816.80000000,1741967999999,34211.69494000,148,14469.80000000,33406.25170000,0
2025-03-14 16:00:00,2.3396,2.3752,2.3075,2.3607,19529.30000000,1741982399999,45982.31636000,61,19248.90000000,45327.98007000,0
2025-03-14 20:00:00,2.3439,2.3608,2.3176,2.3225,17683.70000000,1741996799999,41238.44790000,39,10095.20000000,23633.45043000,0
2025-03-15 00:00:00,2.3271,2.38,2.3271,2.38,2872.90000000,1742011199999,6789.96385000,34,2560.50000000,6057.32838000,0
2025-03-15 04:00:00,2.3812,2.4211,2.3452,2.3452,35732.40000000,1742025599999,85670.97695000,89,19658.80000000,47239.54524000,0
2025-03-15 08:00:00,2.3409,2.3523,2.3055,2.3175,607.60000000,1742039999999,1419.10036000,26,234.70000000,551.99590000,0
2025-03-15 12:00:00,2.3316,2.3672,2.3253,2.3658,9439.50000000,1742054399999,22082.52289000,65,3355.60000000,7896.98036000,0
2025-03-15 16:00:00,2.3673,2.3761,2.3381,2.3533,785.30000000,1742068799999,1847.88731000,26,514.90000000,1214.65949000,0
2025-03-15 20:00:00,2.3728,2.3792,2.3496,2.3553,1608.70000000,1742083199999,3795.41702000,22,1362.30000000,3212.76990000,0
2025-03-16 00:00:00,2.3457,2.3568,2.3197,2.3319,3371.00000000,1742097599999,7847.55187000,23,59.40000000,139.61667000,0
2025-03-16 04:00:00,2.3441,2.3526,2.3153,2.3343,3854.90000000,1742111999999,9021.46157000,15,50.80000000,119.22353000,0
2025-03-16 08:00:00,2.338,2.338,2.2278,2.2278,24772.10000000,1742126399999,55854.86467000,85,235.10000000,530.44332000,0
2025-03-16 12:00:00,2.2401,2.2483,2.2114,2.2274,2704.80000000,1742140799999,6021.18419000,38,515.00000000,1151.19876000,0
2025-03-16 16:00:00,2.2405,2.2952,2.2232,2.2337,2633.70000000,1742155199999,5919.58003000,52,1190.80000000,2685.40553000,0
2025-03-16 20:00:00,2.2439,2.2477,2.2093,2.2341,786.00000000,1742169599999,1751.75527000,21,678.00000000,1512.52312000,0
2025-03-17 00:00:00,2.2387,2.3055,2.2387,2.3026,1689.70000000,1742183999999,3872.30321000,41,1673.20000000,3834.61411000,0
2025-03-17 04:00:00,2.3056,2.3103,2.2431,2.2949,23056.10000000,1742198399999,52993.61824000,76,14741.70000000,34020.04210000,0
2025-03-17 08:00:00,2.299,2.3179,2.2768,2.291,435.00000000,1742212799999,1000.62128000,13,274.50000000,632.37904000,0
2025-03-17 12:00:00,2.3063,2.341,2.2543,2.3187,3787.90000000,1742227199999,8665.31746000,52,2937.80000000,6719.02479000,0
2025-03-17 16:00:00,2.3205,2.3761,2.2889,2.3673,9319.20000000,1742241599999,21869.01087000,104,6523.80000000,15305.59620000,0
2025-03-17 20:00:00,2.3605,2.3792,2.3341,2.3754,698.00000000,1742255999999,1651.23557000,17,591.80000000,1401.88873000,0
2025-03-18 00:00:00,2.372,2.386,2.3179,2.3446,2780.80000000,1742270399999,6528.31892000,46,1634.40000000,3842.38150000,0
2025-03-18 04:00:00,2.335,2.335,2.2768,2.2989,966.70000000,1742284799999,2227.53528000,32,41.10000000,94.88393000,0
2025-03-18 08:00:00,2.282,2.3333,2.2582,2.2582,524.70000000,1742299199999,1202.49044000,27,152.10000000,351.67038000,0
2025-03-18 12:00:00,2.2569,2.2646,2.2201,2.232,8063.00000000,1742313599999,17993.37080000,68,1492.30000000,3351.50105000,0
2025-03-18 16:00:00,2.2408,2.2743,2.232,2.2743,2055.00000000,1742327999999,4637.38264000,26,1999.30000000,4512.49942000,0
2025-03-18 20:00:00,2.2752,2.2922,2.2583,2.2842,499.40000000,1742342399999,1139.38957000,22,471.80000000,1076.73051000,0
2025-03-19 00:00:00,2.28,2.3307,2.2793,2.3307,7180.90000000,1742356799999,16598.70854000,39,6505.90000000,15054.87559000,0
2025-03-19 04:00:00,2.3166,2.3333,2.3141,2.3141,701.40000000,1742371199999,1629.21214000,8,21.40000000,49.84582000,0
2025-03-19 08:00:00,2.3128,2.3727,2.3128,2.37,11598.10000000,1742385599999,27428.07103000,42,5730.80000000,13526.95355000,0
2025-03-19 12:00:00,2.3566,2.4382,2.3546,2.423,3238.40000000,1742399999999,7771.93710000,74,1605.70000000,3827.90264000,0
2025-03-19 16:00:00,2.4229,2.4676,2.3476,2.419,8314.40000000,1742414399999,19912.64127000,97,7344.30000000,17602.36642000,0
2025-03-19 20:00:00,2.4291,2.48,2.3901,2.48,14209.00000000,1742428799999,34331.04391000,117,13421.90000000,32426.51988000,0
2025-03-20 00:00:00,2.48,2.4921,2.3995,2.4171,12968.80000000,1742443199999,31468.35713000,60,7401.00000000,17898.20481000,0
2025-03-20 04:00:00,2.3994,2.44,2.3993,2.4257,83.70000000,1742457599999,202.03745000,9,37.10000000,90.09844000,0
2025-03-20 08:00:00,2.4259,2.4854,2.4188,2.4623,6593.90000000,1742471999999,16273.74037000,50,6050.70000000,14955.06942000,0
2025-03-20 12:00:00,2.4332,2.4881,2.3969,2.3969,1087.10000000,1742486399999,2652.19917000,40,712.20000000,1743.46997000,0
2025-03-20 16:00:00,2.3931,2.4117,2.3525,2.3803,1606.60000000,1742500799999,3824.56218000,51,571.90000000,1369.40614000,0
2025-03-20 20:00:00,2.386,2.386,2.3476,2.3477,908.80000000,1742515199999,2143.49995000,24,485.20000000,1145.37532000,0
2025-03-21 00:00:00,2.3463,2.3648,2.313,2.313,1303.10000000,1742529599999,3040.04339000,37,443.70000000,1041.40095000,0
2025-03-21 04:00:00,2.3264,2.3319,2.2869,2.2869,3225.60000000,1742543999999,7418.61910000,27,303.90000000,708.35188000,0
2025-03-21 08:00:00,2.303,2.303,2.2492,2.2492,2769.20000000,1742558399999,6284.91286000,57,628.60000000,1439.99924000,0
2025-03-21 12:00:00,2.2629,2.2702,2.2461,2.2533,365.20000000,1742572799999,825.62720000,13,340.60000000,770.20266000,0
2025-03-21 16:00:00,2.2522,2.2887,2.2522,2.2626,1800.80000000,1742587199999,4076.13305000,16,797.90000000,1814.25741000,0
2025-03-21 20:00:00,2.2917,2.2979,2.2363,2.2412,1357.50000000,1742601599999,3067.24988000,32,484.50000000,1093.52286000,0
2025-03-22 00:00:00,2.2495,2.2705,2.236,2.2562,293.20000000,1742615999999,658.06173000,9,127.70000000,287.42094000,0
2025-03-22 04:00:00,2.2565,2.2698,2.2554,2.2698,21.60000000,1742630399999,48.79829000,13,7.60000000,17.16357000,0
2025-03-22 08:00:00,2.2669,2.3,2.2669,2.2845,267.20000000,1742644799999,610.77642000,15,231.00000000,528.62840000,0
2025-03-22 12:00:00,2.2849,2.2849,2.2691,2.2691,11.90000000,1742659199999,27.03705000,3,9.70000000,22.01027000,0
2025-03-22 16:00:00,2.2968,2.2968,2.2861,2.2924,894.10000000,1742673599999,2047.52175000,4,892.60000000,2044.09260000,0
2025-03-22 20:00:00,2.2788,2.2798,2.2585,2.2585,420.10000000,1742687999999,952.08834000,13,121.00000000,275.24746000,0
2025-03-23 00:00:00,2.2621,2.2678,2.2558,2.2678,176.40000000,1742702399999,398.65600000,10,44.20000000,100.10968000,0
2025-03-23 04:00:00,2.259,2.259,2.2505,2.255,492.10000000,1742716799999,1109.66317000,5,447.00000000,1008.15374000,0
2025-03-23 08:00:00,2.2582,2.2919,2.2582,2.2854,660.10000000,1742731199999,1508.28344000,7,650.90000000,1487.50800000,0
2025-03-23 12:00:00,2.279,2.279,2.27,2.2746,491.20000000,1742745599999,1115.30000000,3,491.20000000,1115.30000000,0
2025-03-23 16:00:00,2.266,2.273,2.244,2.2569,912.50000000,1742759999999,2066.85028000,20,126.40000000,285.41318000,0
2025-03-23 20:00:00,2.2478,2.2884,2.2395,2.2884,628.50000000,1742774399999,1422.65330000,12,63.00000000,143.14086000,0
2025-03-24 00:00:00,2.2887,2.3228,2.2616,2.3022,6492.10000000,1742788799999,14817.65616000,41,6094.50000000,13913.35475000,0
2025-03-24 04:00:00,2.33,2.3826,2.33,2.3734,1543.40000000,1742803199999,3640.58925000,57,1170.20000000,2759.00044000,0
2025-03-24 08:00:00,2.3823,2.4185,2.3817,2.4185,4773.00000000,1742817599999,11457.05161000,58,583.10000000,1401.54113000,0
2025-03-24 12:00:00,2.4,2.4464,2.3803,2.4101,26721.60000000,1742831999999,64728.61702000,82,17330.90000000,42181.70665000,0
2025-03-24 16:00:00,2.4328,2.4436,2.42,2.4356,22119.60000000,1742846399999,53623.51326000,22,20407.60000000,49479.41776000,0
2025-03-24 20:00:00,2.4403,2.4403,2.3678,2.3787,1387.60000000,1742860799999,3322.34159000,26,307.60000000,737.28128000,0
2025-03-25 00:00:00,2.3951,2.4331,2.3409,2.3418,11335.50000000,1742875199999,27370.20087000,64,10850.70000000,26220.90739000,0
2025-03-25 04:00:00,2.3369,2.3685,2.3369,2.3468,1508.60000000,1742889599999,3568.94424000,11,1236.10000000,2926.78182000,0
2025-03-25 08:00:00,2.3595,2.4257,2.3595,2.419,520.50000000,1742903999999,1247.80879000,28,255.40000000,613.35072000,0
2025-03-25 12:00:00,2.4182,2.4804,2.4086,2.4804,6666.80000000,1742918399999,16298.40408000,69,5624.40000000,13763.34536000,0
2025-03-25 16:00:00,2.4577,2.4721,2.4498,2.4538,4921.90000000,1742932799999,12087.76363000,28,3893.80000000,9564.03889000,0
2025-03-25 20:00:00,2.4787,2.4804,2.4322,2.4597,2198.80000000,1742947199999,5435.22601000,22,1793.80000000,4444.54647000,0
2025-03-26 00:00:00,2.4721,2.4945,2.4464,2.4464,1469.70000000,1742961599999,3637.32378000,43,1087.20000000,2696.47547000,0
2025-03-26 04:00:00,2.4804,2.5523,2.4755,2.5496,1271.00000000,1742975999999,3200.41713000,83,1206.20000000,3037.06911000,0
2025-03-26 08:00:00,2.5523,2.6324,2.5441,2.6188,3552.00000000,1742990399999,9173.87785000,122,1824.50000000,4741.97010000,0
2025-03-26 12:00:00,2.62,2.6479,2.55,2.5717,4350.50000000,1743004799999,11231.86304000,82,3444.20000000,8901.99397000,0
2025-03-26 16:00:00,2.5728,2.604,2.5194,2.5779,1412.60000000,1743019199999,3602.40013000,57,448.30000000,1149.51448000,0
2025-03-26 20:00:00,2.5707,2.6435,2.5707,2.6258,11487.30000000,1743033599999,30130.08943000,100,6896.90000000,18118.49917000,0
2025-03-27 00:00:00,2.6221,2.6935,2.611,2.6497,2407.70000000,1743047999999,6400.52270000,100,1996.20000000,5305.95098000,0
2025-03-27 04:00:00,2.6621,2.7607,2.6621,2.755,21296.50000000,1743062399999,58448.85420000,135,7237.20000000,19809.73599000,0
2025-03-27 08:00:00,2.755,2.8213,2.7151,2.718,30579.20000000,1743076799999,84326.10569000,198,23094.40000000,63435.19135000,0
2025-03-27 12:00:00,2.7163,2.7607,2.668,2.7443,2056.70000000,1743091199999,5581.47552000,83,1364.90000000,3718.27164000,0
2025-03-27 16:00:00,2.7363,2.8,2.7363,2.7704,5201.60000000,1743105599999,14338.98191000,99,4724.40000000,13019.93206000,0
2025-03-27 20:00:00,2.7629,2.8315,2.7629,2.7839,2825.00000000,1743119999999,7934.59096000,60,2756.00000000,7741.26520000,0
2025-03-28 00:00:00,2.783,2.7942,2.7385,2.7385,1903.90000000,1743134399999,5265.89631000,49,1671.60000000,4624.70370000,0
2025-03-28 04:00:00,2.7417,2.7418,2.5832,2.5832,6682.70000000,1743148799999,17724.72133000,100,3611.50000000,9572.26093000,0
2025-03-28 08:00:00,2.5779,2.604,2.521,2.5675,1755.30000000,1743163199999,4484.54651000,51,151.70000000,386.43042000,0
2025-03-28 12:00:00,2.5498,2.553,2.5217,2.5521,13038.60000000,1743177599999,33071.44532000,38,6969.30000000,17695.88567000,0
2025-03-28 16:00:00,2.5521,2.5675,2.4879,2.4899,6498.00000000,1743191999999,16273.74256000,56,953.30000000,2389.42897000,0
2025-03-28 20:00:00,2.5079,2.5219,2.4761,2.5036,543.20000000,1743206399999,1352.04216000,22,136.10000000,342.11454000,0
2025-03-29 00:00:00,2.5152,2.5269,2.4624,2.5269,6704.50000000,1743220799999,16911.37983000,39,165.20000000,415.65707000,0
2025-03-29 04:00:00,2.5301,2.539,2.4361,2.4371,2198.70000000,1743235199999,5517.52877000,35,84.40000000,213.58221000,0
2025-03-29 08:00:00,2.4336,2.4336,2.2811,2.2925,5206.30000000,1743249599999,12148.28749000,89,32.50000000,74.61612000,0
2025-03-29 12:00:00,2.3028,2.3333,2.2921,2.293,11294.40000000,1743263999999,25960.36647000,23,9494.30000000,21815.27828000,0
2025-03-29 16:00:00,2.3005,2.3319,2.2549,2.271,1884.40000000,1743278399999,4297.22697000,44,218.70000000,501.33898000,0
2025-03-29 20:00:00,2.2768,2.3153,2.2754,2.3153,1724.90000000,1743292799999,3931.98582000,11,1673.90000000,3815.36394000,0
2025-03-30 00:00:00,2.2936,2.4243,2.2825,2.389,3556.70000000,1743307199999,8499.42413000,74,1679.50000000,4016.82345000,0
2025-03-30 04:00:00,2.3901,2.45,2.389,2.389,656.40000000,1743321599999,1591.07196000,22,385.70000000,936.93319000,0
2025-03-30 08:00:00,2.4193,2.4331,2.3617,2.3617,10133.60000000,1743335999999,24320.20204000,37,27.70000000,67.10839000,0
2025-03-30 12:00:00,2.3769,2.3771,2.3169,2.3725,1621.30000000,1743350399999,3836.48352000,36,1321.70000000,3137.35578000,0
2025-03-30 16:00:00,2.3735,2.3812,2.3197,2.3812,1367.50000000,1743364799999,3215.05750000,25,291.90000000,688.53273000,0
2025-03-30 20:00:00,2.3548,2.3812,2.3174,2.3197,208.00000000,1743379199999,486.28213000,22,101.70000000,238.88904000,0
2025-03-31 00:00:00,2.3521,2.3521,2.2785,2.2785,2932.60000000,1743393599999,6789.04783000,42,267.10000000,622.25240000,0
2025-03-31 04:00:00,2.2713,2.3179,2.2432,2.2432,1283.40000000,1743407999999,2898.04593000,41,255.00000000,579.16572000,0
2025-03-31 08:00:00,2.25,2.2617,2.1982,2.2042,11486.80000000,1743422399999,25494.20497000,43,6621.20000000,14694.22452000,0
2025-03-31 12:00:00,2.2377,2.3101,2.1898,2.2902,8245.90000000,1743436799999,18614.59437000,64,6907.00000000,15576.93054000,0
2025-03-31 16:00:00,2.2926,2.3056,2.2649,2.2649,2793.10000000,1743451199999,6389.87430000,29,1377.50000000,3151.35248000,0
2025-03-31 20:00:00,2.2814,2.2814,2.2542,2.2667,1214.20000000,1743465599999,2749.75309000,22,792.50000000,1797.69465000,0
2025-04-01 00:00:00,2.2678,2.3689,2.2558,2.3441,1854.00000000,1743479999999,4287.58091000,47,1304.00000000,3025.54053000,0
2025-04-01 04:00:00,2.3413,2.3652,2.3002,2.3085,880.10000000,1743494399999,2057.77748000,32,391.60000000,917.99120000,0
2025-04-01 08:00:00,2.3293,2.4371,2.3293,2.3834,13388.20000000,1743508799999,32351.69210000,90,1504.00000000,3614.52748000,0
2025-04-01 12:00:00,2.3892,2.516,2.3652,2.5003,14060.40000000,1743523199999,34804.53774000,136,9990.60000000,24848.20955000,0
2025-04-01 16:00:00,2.4887,2.4887,2.4133,2.4133,738.70000000,1743537599999,1805.17855000,34,383.10000000,934.23014000,0
2025-04-01 20:00:00,2.4109,2.44,2.3969,2.4063,1332.10000000,1743551999999,3238.30723000,28,1174.60000000,2858.05788000,0
2025-04-02 00:00:00,2.3969,2.397,2.3542,2.3621,1332.10000000,1743566399999,3160.05300000,38,424.00000000,1011.43968000,0
2025-04-02 04:00:00,2.3566,2.359,2.2997,2.359,9722.60000000,1743580799999,22447.57332000,65,5857.40000000,13513.80867000,0
2025-04-02 08:00:00,2.3614,2.4976,2.3498,2.4416,6653.10000000,1743595199999,15921.21707000,82,6032.50000000,14406.27142000,0
2025-04-02 12:00:00,2.4391,2.5123,2.4179,2.4807,628.90000000,1743609599999,1557.14126000,54,483.60000000,1202.25542000,0
2025-04-02 16:00:00,2.4727,2.4873,2.4235,2.477,763.40000000,1743623999999,1878.69285000,34,119.20000000,291.91058000,0
2025-04-02 20:00:00,2.4513,2.5417,2.2569,2.3102,21246.50000000,1743638399999,49686.54478000,225,5466.40000000,12937.51049000,0
2025-04-03 00:00:00,2.3102,2.4374,2.3102,2.403,18107.10000000,1743652799999,42692.73733000,110,12409.30000000,29318.94572000,0
2025-04-03 04:00:00,2.407,2.407,2.2851,2.3214,2506.70000000,1743667199999,5821.69073000,61,59.50000000,138.00356000,0
2025-04-03 08:00:00,2.3294,2.3473,2.2363,2.2472,3760.70000000,1743681599999,8698.96068000,58,2493.20000000,5818.54371000,0
2025-04-03 12:00:00,2.2366,2.2782,2.1895,2.2496,23912.00000000,1743695999999,52987.65770000,82,21499.70000000,47624.71611000,0
2025-04-03 16:00:00,2.256,2.2616,2.2114,2.2219,5485.30000000,1743710399999,12238.64989000,22,1237.10000000,2771.48123000,0
2025-04-03 20:00:00,2.2164,2.255,2.21,2.2362,11712.10000000,1743724799999,26071.50985000,23,4180.80000000,9426.00377000,0
2025-04-04 00:00:00,2.2646,2.2669,2.1526,2.1832,13429.70000000,1743739199999,29549.13678000,61,1420.20000000,3148.70296000,0
2025-04-04 04:00:00,2.1735,2.2646,2.1593,2.2646,5661.10000000,1743753599999,12768.68436000,48,1261.70000000,2807.08778000,0
2025-04-04 08:00:00,2.2669,2.2919,2.1328,2.1859,7136.20000000,1743767999999,16066.99839000,87,1416.40000000,3206.30923000,0
2025-04-04 12:00:00,2.1785,2.2646,2.1668,2.235,34423.20000000,1743782399999,77410.54848000,84,29288.70000000,66042.73415000,0
2025-04-04 16:00:00,2.2448,2.3002,2.2362,2.2733,2761.60000000,1743796799999,6245.07579000,36,683.80000000,1556.05582000,0
2025-04-04 20:00:00,2.2807,2.2947,2.2514,2.2595,430.70000000,1743811199999,980.93932000,11,232.60000000,531.46973000,0
2025-04-05 00:00:00,2.2515,2.2713,2.2306,2.2392,2965.10000000,1743825599999,6688.39407000,22,2291.50000000,5173.19492000,0
2025-04-05 04:00:00,2.2438,2.2438,2.2232,2.2232,122.20000000,1743839999999,272.15157000,9,51.90000000,115.55222000,0
2025-04-05 08:00:00,2.244,2.252,2.2347,2.252,519.70000000,1743854399999,1166.04034000,5,102.50000000,230.03994000,0
2025-04-05 12:00:00,2.2347,2.2347,2.1851,2.193,10494.30000000,1743868799999,23145.55977000,45,1278.50000000,2817.15708000,0
2025-04-05 16:00:00,2.2039,2.2217,2.197,2.197,660.00000000,1743883199999,1460.66643000,12,342.10000000,759.13969000,0
2025-04-05 20:00:00,2.2065,2.2156,2.1991,2.2156,222.00000000,1743897599999,489.39532000,7,222.00000000,489.39532000,0
2025-04-06 00:00:00,2.2037,2.2172,2.1868,2.1915,65.30000000,1743911999999,143.58971000,5,53.20000000,117.12943000,0
2025-04-06 04:00:00,2.18,2.18,2.155,2.1637,779.00000000,1743926399999,1693.35950000,16,23.80000000,51.79147000,0
2025-04-06 08:00:00,2.155,2.1714,2.1435,2.1435,3584.90000000,1743940799999,7733.40454000,8,2220.10000000,4792.75188000,0
2025-04-06 12:00:00,2.1364,2.1364,2.0831,2.0877,1890.80000000,1743955199999,3997.61028000,44,1063.80000000,2255.24738000,0
2025-04-06 16:00:00,2.0825,2.0825,1.9289,1.9542,18942.00000000,1743969599999,37591.67664000,166,3235.00000000,6477.59340000,0
2025-04-06 20:00:00,1.9376,1.943,1.8889,1.9212,157740.30000000,1743983999999,302477.00592000,354,104559.20000000,201102.35123000,0
2025-04-07 00:00:00,1.9213,1.9611,1.8272,1.8493,42748.80000000,1743998399999,80976.75781000,171,10357.90000000,19835.41216000,0
2025-04-07 04:00:00,1.8597,1.8857,1.7237,1.7476,39196.10000000,1744012799999,70466.71855000,139,4915.30000000,8860.52281000,0
2025-04-07 08:00:00,1.7448,1.8681,1.7448,1.8191,3629.00000000,1744027199999,6632.97078000,58,1104.90000000,2030.22865000,0
2025-04-07 12:00:00,1.8164,2.0924,1.8164,1.9944,35629.80000000,1744041599999,67494.79095000,216,14995.90000000,28579.27144000,0
2025-04-07 16:00:00,1.9891,2.0483,1.97,2.0083,5018.30000000,1744055999999,10159.94241000,63,1533.70000000,3103.00477000,0
2025-04-07 20:00:00,2.0461,2.0838,2.0072,2.0118,2140.20000000,1744070399999,4362.20222000,62,683.60000000,1412.44475000,0
2025-04-08 00:00:00,2.011,2.096,2.0001,2.0639,11058.30000000,1744084799999,22498.67740000,64,3397.80000000,7055.42297000,0
2025-04-08 04:00:00,2.0529,2.0529,2.0092,2.0092,2876.30000000,1744099199999,5795.74109000,16,9.60000000,19.62720000,0
2025-04-08 08:00:00,2.0066,2.0879,2.0013,2.0879,8972.80000000,1744113599999,18377.41577000,40,8657.50000000,17739.17254000,0
2025-04-08 12:00:00,2.0534,2.0949,2.0024,2.0024,8398.10000000,1744127999999,17254.52780000,66,3354.00000000,6981.77875000,0
2025-04-08 16:00:00,2.0024,2.0024,1.9302,1.9918,6407.50000000,1744142399999,12623.34434000,66,3546.10000000,6979.38422000,0
2025-04-08 20:00:00,1.975,1.99,1.9262,1.9262,5566.10000000,1744156799999,10933.13856000,48,1614.30000000,3183.06924000,0
2025-04-09 00:00:00,1.935,1.9574,1.8718,1.8874,8512.50000000,1744171199999,16222.96981000,84,1594.40000000,3097.59568000,0
2025-04-09 04:00:00,1.9178,1.9946,1.9147,1.9738,1682.30000000,1744185599999,3269.70728000,41,1177.20000000,2288.15293000,0
2025-04-09 08:00:00,1.9671,2.0245,1.9002,1.9158,5225.10000000,1744199999999,10266.89289000,82,1446.10000000,2871.86412000,0
2025-04-09 12:00:00,1.917,1.9882,1.8893,1.9653,3120.40000000,1744214399999,6042.31967000,45,1575.30000000,3089.88533000,0
2025-04-09 16:00:00,1.9496,2.2669,1.9496,2.2589,40538.90000000,1744228799999,88338.61505000,284,34359.70000000,74861.19178000,0
2025-04-09 20:00:00,2.2669,2.2815,2.2212,2.2221,2352.20000000,1744243199999,5297.31091000,65,1693.00000000,3828.28042000,0
2025-04-10 00:00:00,2.2221,2.2314,2.1347,2.1347,3348.30000000,1744257599999,7318.82155000,66,674.30000000,1479.77195000,0
2025-04-10 04:00:00,2.1385,2.1718,2.1081,2.1458,1683.50000000,1744271999999,3619.43379000,37,251.50000000,541.07194000,0
2025-04-10 08:00:00,2.1464,2.149,2.1208,2.1464,215.60000000,1744286399999,460.44525000,13,81.40000000,173.86041000,0
2025-04-10 12:00:00,2.142,2.1855,2.0531,2.0597,13285.70000000,1744300799999,27819.48439000,107,2625.50000000,5662.86251000,0
2025-04-10 16:00:00,2.0658,2.0958,2.0583,2.0958,6568.70000000,1744315199999,13680.33421000,24,537.30000000,1113.45940000,0
2025-04-10 20:00:00,2.1033,2.1226,2.0875,2.1096,1735.60000000,1744329599999,3656.84983000,29,1068.80000000,2250.72640000,0
2025-04-11 00:00:00,2.1226,2.1718,2.1026,2.1718,585.10000000,1744343999999,1256.37943000,37,480.70000000,1034.34424000,0
2025-04-11 04:00:00,2.1739,2.2052,2.1549,2.1771,1960.90000000,1744358399999,4263.98212000,30,1435.50000000,3128.63009000,0
2025-04-11 08:00:00,2.1741,2.22,2.1692,2.1785,896.40000000,1744372799999,1982.51465000,24,773.90000000,1715.37512000,0
2025-04-11 12:00:00,2.1898,2.2323,2.1573,2.1909,2056.80000000,1744387199999,4512.72091000,41,1265.40000000,2783.45354000,0
2025-04-11 16:00:00,2.1917,2.2501,2.1888,2.2219,11119.20000000,1744401599999,24779.13791000,51,10983.60000000,24481.00073000,0
2025-04-11 20:00:00,2.228,2.2346,2.18,2.1898,336.80000000,1744415999999,741.24797000,20,80.60000000,178.20714000,0
2025-04-12 00:00:00,2.1889,2.1889,2.1597,2.1745,12585.00000000,1744430399999,27307.38588000,36,5751.80000000,12504.54675000,0
2025-04-12 04:00:00,2.1596,2.2049,2.1591,2.2049,1165.40000000,1744444799999,2543.36867000,9,1126.90000000,2459.90157000,0
2025-04-12 08:00:00,2.2111,2.233,2.2049,2.2049,194.00000000,1744459199999,430.12999000,17,81.40000000,180.88374000,0
2025-04-12 12:00:00,2.233,2.368,2.2213,2.3229,22283.30000000,1744473599999,51480.43376000,162,19195.30000000,44382.16536000,0
2025-04-12 16:00:00,2.3232,2.3554,2.2708,2.3416,5024.00000000,1744487999999,11569.89006000,41,388.50000000,906.39776000,0
2025-04-12 20:00:00,2.3553,2.3949,2.3409,2.3409,23030.50000000,1744502399999,54816.04585000,66,20818.90000000,49534.38714000,0
2025-04-13 00:00:00,2.3487,2.4141,2.3196,2.4082,3292.40000000,1744516799999,7793.19976000,69,2955.20000000,7005.15258000,0
2025-04-13 04:00:00,2.4076,2.4076,2.3196,2.3196,6271.60000000,1744531199999,14953.37528000,36,5507.90000000,13156.00550000,0
2025-04-13 08:00:00,2.3179,2.3614,2.3055,2.3235,236.90000000,1744545599999,552.59731000,18,72.50000000,169.88281000,0
2025-04-13 12:00:00,2.331,2.3341,2.2514,2.2654,11654.30000000,1744559999999,26816.91605000,63,5433.70000000,12474.41597000,0
2025-04-13 16:00:00,2.2794,2.3284,2.215,2.2298,2312.50000000,1744574399999,5252.86407000,62,605.10000000,1389.73937000,0
2025-04-13 20:00:00,2.2366,2.2521,2.2049,2.2361,331.80000000,1744588799999,740.22150000,23,152.70000000,341.36443000,0
2025-04-14 00:00:00,2.2314,2.3196,2.2314,2.2442,5709.50000000,1744603199999,12896.37042000,85,3507.00000000,7924.71903000,0
2025-04-14 04:00:00,2.2442,2.2442,2.233,2.233,50.90000000,1744617599999,113.91801000,7,0.00000000,0.00000000,0
2025-04-14 08:00:00,2.2615,2.3307,2.2615,2.3172,6093.70000000,1744631999999,14130.53695000,46,1681.20000000,3895.08450000,0
2025-04-14 12:00:00,2.3333,2.35,2.2081,2.2138,21102.00000000,1744646399999,49263.96012000,113,2129.50000000,4978.47338000,0
2025-04-14 16:00:00,2.205,2.2459,2.1982,2.21,21708.70000000,1744660799999,48251.41944000,78,5916.90000000,13137.10379000,0
2025-04-14 20:00:00,2.21,2.21,2.1771,2.193,9397.80000000,1744675199999,20737.80148000,34,75.40000000,165.19075000,0
2025-04-15 00:00:00,2.175,2.2005,2.1721,2.2002,444.00000000,1744689599999,969.16653000,14,211.70000000,463.54290000,0
2025-04-15 04:00:00,2.192,2.2111,2.1854,2.2022,580.30000000,1744703999999,1278.20514000,11,483.50000000,1065.65714000,0
2025-04-15 08:00:00,2.2157,2.2347,2.1851,2.1851,3820.40000000,1744718399999,8408.79222000,14,743.00000000,1648.01688000,0
2025-04-15 12:00:00,2.1851,2.2467,2.1364,2.1497,2108.60000000,1744732799999,4609.63419000,57,152.00000000,335.60840000,0
2025-04-15 16:00:00,2.1738,2.1738,2.1041,2.1242,2711.60000000,1744747199999,5742.09705000,34,278.20000000,593.99325000,0
2025-04-15 20:00:00,2.1242,2.1242,2.0884,2.0886,4597.80000000,1744761599999,9718.78173000,28,2433.30000000,5166.89690000,0
2025-04-16 00:00:00,2.0875,2.1065,2.071,2.0993,7273.10000000,1744775999999,15289.54856000,31,6956.90000000,14630.92550000,0
2025-04-16 04:00:00,2.085,2.1,2.08,2.085,633.30000000,1744790399999,1322.64944000,10,16.80000000,35.20944000,0
2025-04-16 08:00:00,2.08,2.0958,2.06,2.0958,1708.70000000,1744804799999,3557.92490000,21,189.60000000,392.32152000,0
2025-04-16 12:00:00,2.0938,2.1333,2.0673,2.1,884.90000000,1744819199999,1860.52200000,27,413.20000000,864.77467000,0
2025-04-16 16:00:00,2.0959,2.1226,2.03,2.1095,1872.00000000,1744833599999,3868.88167000,74,349.40000000,724.99953000,0
2025-04-16 20:00:00,2.114,2.12,2.0508,2.0585,43851.70000000,1744847999999,91962.26296000,76,21318.90000000,45195.88563000,0
2025-04-17 00:00:00,2.0606,2.0793,2.0494,2.0669,450.10000000,1744862399999,925.14922000,11,258.90000000,532.45782000,0
2025-04-17 04:00:00,2.0669,2.1154,2.0669,2.105,558.90000000,1744876799999,1173.32811000,21,293.60000000,614.76123000,0
2025-04-17 08:00:00,2.1,2.1012,2.09,2.1012,30250.80000000,1744891199999,63225.68601000,22,29490.80000000,61635.89650000,0
2025-04-17 12:00:00,2.1177,2.1177,2.0583,2.1095,1431.60000000,1744905599999,2990.35166000,27,457.40000000,955.80707000,0
2025-04-17 16:00:00,2.114,2.1662,2.1081,2.1177,3173.60000000,1744919999999,6838.47426000,57,2986.60000000,6441.17155000,0
2025-04-17 20:00:00,2.1362,2.1364,2.11,2.1183,7657.50000000,1744934399999,16223.32884000,17,202.50000000,432.52789000,0
2025-04-18 00:00:00,2.11,2.1283,2.1041,2.1283,117.60000000,1744948799999,249.64212000,6,104.60000000,222.25283000,0
2025-04-18 04:00:00,2.1182,2.1182,2.0993,2.0993,490.40000000,1744963199999,1034.06325000,10,48.10000000,101.88542000,0
2025-04-18 08:00:00,2.1283,2.1283,2.1185,2.1185,1074.90000000,1744977599999,2287.28141000,3,1031.20000000,2194.70296000,0
2025-04-18 12:00:00,2.1185,2.1185,2.099,2.099,348.90000000,1744991999999,732.44250000,2,0.00000000,0.00000000,0
2025-04-18 16:00:00,2.1131,2.1497,2.1131,2.1497,8485.60000000,1745006399999,17999.44546000,29,8425.50000000,17870.94937000,0
2025-04-18 20:00:00,2.1376,2.1376,2.1226,2.1226,59.50000000,1745020799999,126.76630000,4,21.90000000,46.54254000,0
2025-04-19 00:00:00,2.1257,2.1424,2.1257,2.1424,66.40000000,1745035199999,141.62698000,3,13.80000000,29.36806000,0
2025-04-19 04:00:00,2.144,2.1524,2.1415,2.142,572.30000000,1745049599999,1227.80327000,9,210.30000000,451.28517000,0
2025-04-19 08:00:00,2.1502,2.1502,2.1367,2.1401,281.10000000,1745063999999,602.38149000,4,0.00000000,0.00000000,0
2025-04-19 12:00:00,2.14,2.1473,2.1347,2.1372,312.80000000,1745078399999,669.97142000,8,93.60000000,200.97068000,0
2025-04-19 16:00:00,2.1343,2.174,2.1286,2.1626,615.80000000,1745092799999,1327.35447000,20,221.30000000,479.29986000,0
2025-04-19 20:00:00,2.1571,2.1648,2.1571,2.1582,173.40000000,1745107199999,374.36863000,6,173.40000000,374.36863000,0
2025-04-20 00:00:00,2.1552,2.1622,2.1478,2.1574,5349.10000000,1745121599999,11509.15286000,13,3311.60000000,7124.98172000,0
2025-04-20 04:00:00,2.1583,2.1583,2.1251,2.1251,1136.80000000,1745135999999,2451.12142000,7,46.40000000,100.14512000,0
2025-04-20 08:00:00,2.1226,2.1234,2.0886,2.0977,4168.00000000,1745150399999,8726.56974000,41,3474.70000000,7270.29075000,0
2025-04-20 12:00:00,2.1063,2.1103,2.09,2.09,6965.20000000,1745164799999,14635.71693000,22,2994.30000000,6307.15251000,0
2025-04-20 16:00:00,2.0983,2.1006,2.0902,2.0902,181.60000000,1745179199999,381.02521000,4,2.40000000,5.04144000,0
2025-04-20 20:00:00,2.1155,2.1333,2.0956,2.1128,2861.50000000,1745193599999,6025.49516000,18,2132.90000000,4493.40870000,0
2025-04-21 00:00:00,2.1226,2.2111,2.12,2.1995,21174.00000000,1745207999999,46298.88896000,95,21081.00000000,46095.56663000,0
2025-04-21 04:00:00,2.2078,2.2669,2.2047,2.2513,20800.40000000,1745222399999,46057.47778000,70,16889.60000000,37386.13011000,0
2025-04-21 08:00:00,2.2471,2.2822,2.2343,2.2516,2373.70000000,1745236799999,5373.57976000,52,1591.20000000,3602.10335000,0
2025-04-21 12:00:00,2.2616,2.2657,2.2232,2.2371,5645.80000000,1745251199999,12700.63350000,45,5374.30000000,12091.23215000,0
2025-04-21 16:00:00,2.2371,2.2371,2.1389,2.1992,15215.50000000,1745265599999,33525.11877000,95,5387.10000000,11733.78382000,0
2025-04-21 20:00:00,2.2,2.2111,2.1801,2.1891,2961.40000000,1745279999999,6498.93144000,21,823.00000000,1805.54403000,0
2025-04-22 00:00:00,2.1966,2.2669,2.1721,2.2246,2076.00000000,1745294399999,4612.11040000,49,1217.40000000,2712.27640000,0
2025-04-22 04:00:00,2.2406,2.2877,2.2321,2.2696,6990.30000000,1745308799999,15753.94608000,33,6566.50000000,14802.98653000,0
2025-04-22 08:00:00,2.2904,2.3325,2.2877,2.3325,3988.60000000,1745323199999,9232.64491000,53,3587.00000000,8308.07761000,0
2025-04-22 12:00:00,2.3333,2.4391,2.3333,2.415,41208.10000000,1745337599999,98717.08899000,212,10924.50000000,25948.89992000,0
2025-04-22 16:00:00,2.3907,2.4634,2.3907,2.4634,39970.60000000,1745351999999,97198.49791000,71,37636.70000000,91469.87230000,0
2025-04-22 20:00:00,2.4524,2.742,2.4523,2.6585,82429.10000000,1745366399999,218625.68411000,405,51753.30000000,136188.76903000,0
2025-04-23 00:00:00,2.6709,2.8242,2.6709,2.8098,61056.00000000,1745380799999,166388.08305000,278,29889.20000000,81372.28123000,0
2025-04-23 04:00:00,2.799,2.9636,2.7942,2.9446,35538.30000000,1745395199999,104039.89323000,371,16663.00000000,48732.20184000,0
2025-04-23 08:00:00,2.9399,2.9538,2.8559,2.8559,26977.00000000,1745409599999,77399.80390000,154,23695.90000000,67993.59541000,0
2025-04-23 12:00:00,2.8559,3.0664,2.8559,3.0028,46766.20000000,1745423999999,138107.35136000,708,13951.60000000,41633.27183000,0
2025-04-23 16:00:00,2.9891,3.0779,2.9043,2.9619,33740.20000000,1745438399999,102609.60200000,275,23742.20000000,72251.37094000,0
2025-04-23 20:00:00,2.9645,3.0592,2.9439,2.9619,38215.40000000,1745452799999,113922.16167000,176,23442.40000000,70120.84758000,0
2025-04-24 00:00:00,2.98,3.0583,2.8995,2.94,102726.90000000,1745467199999,306130.87552000,285,39336.00000000,116376.62112000,0
2025-04-24 04:00:00,2.9523,3.1274,2.9523,3.0349,49108.70000000,1745481599999,148202.59958000,301,39413.70000000,119069.45401000,0
2025-04-24 08:00:00,3.0441,3.0441,2.9518,2.9988,24290.10000000,1745495999999,72984.76941000,94,199.80000000,597.42968000,0
2025-04-24 12:00:00,2.98,3.3453,2.98,3.2547,41694.80000000,1745510399999,130497.62140000,522,34022.20000000,106228.78509000,0
2025-04-24 16:00:00,3.2547,3.3952,3.2328,3.3045,35356.20000000,1745524799999,116412.70361000,483,30755.60000000,101225.99873000,0
2025-04-24 20:00:00,3.2945,3.3551,3.231,3.3383,13536.30000000,1745539199999,44845.64365000,147,3336.20000000,11066.61135000,0
2025-04-25 00:00:00,3.3538,3.4176,3.2822,3.3408,27365.10000000,1745553599999,92730.57918000,282,3666.90000000,12394.60951000,0
2025-04-25 04:00:00,3.3487,3.6148,3.3487,3.5932,85988.50000000,1745567999999,302951.96935000,448,60314.30000000,211396.37484000,0
2025-04-25 08:00:00,3.5891,3.7373,3.5865,3.7194,54774.70000000,1745582399999,201638.52364000,405,31677.50000000,116043.20202000,0
2025-04-25 12:00:00,3.7188,3.8095,3.6139,3.6341,73452.00000000,1745596799999,271330.65461000,458,32036.20000000,118621.99558000,0
2025-04-25 16:00:00,3.6838,3.7179,3.5292,3.5947,12362.90000000,1745611199999,44763.15976000,254,6798.80000000,24484.87090000,0
2025-04-25 20:00:00,3.5681,3.6038,3.4827,3.5035,4451.10000000,1745625599999,15860.38902000,133,2627.50000000,9405.48690000,0
2025-04-26 00:00:00,3.5174,3.6432,3.5174,3.6261,2967.20000000,1745639999999,10722.52731000,73,2769.80000000,10014.03046000,0
2025-04-26 04:00:00,3.6456,3.6456,3.5529,3.5752,6565.40000000,1745654399999,23609.62684000,52,3745.60000000,13504.06428000,0
2025-04-26 08:00:00,3.5654,3.5654,3.42,3.4216,2899.00000000,1745668799999,10090.54071000,119,539.80000000,1897.32428000,0
2025-04-26 12:00:00,3.4415,3.4864,3.3627,3.4773,8058.20000000,1745683199999,27670.95169000,150,5861.10000000,20119.64343000,0
2025-04-26 16:00:00,3.4641,3.4971,3.4515,3.4971,718.40000000,1745697599999,2500.97597000,37,631.40000000,2199.56070000,0
2025-04-26 20:00:00,3.4971,3.5538,3.4826,3.5086,898.70000000,1745711999999,3160.00904000,48,878.10000000,3087.78003000,0
2025-04-27 00:00:00,3.5161,3.6346,3.0,3.5581,31955.30000000,1745726399999,111686.33198000,637,19468.90000000,68875.10311000,0
2025-04-27 04:00:00,3.5573,3.6377,3.5307,3.5932,5661.60000000,1745740799999,20338.71809000,74,3984.30000000,14305.70508000,0
2025-04-27 08:00:00,3.6295,3.6492,3.5865,3.6479,19588.80000000,1745755199999,71283.67973000,50,7627.90000000,27755.77534000,0
2025-04-27 12:00:00,3.6364,3.6367,3.5529,3.5842,3195.40000000,1745769599999,11518.12831000,69,1588.80000000,5746.29456000,0
2025-04-27 16:00:00,3.574,3.6295,3.5573,3.6271,1513.60000000,1745783999999,5447.65408000,28,1361.70000000,4903.90018000,0
2025-04-27 20:00:00,3.6213,3.64,3.5529,3.57,5722.00000000,1745798399999,20691.26180000,59,4580.80000000,16576.40130000,0
2025-04-28 00:00:00,3.5466,3.567,3.408,3.5462,18766.70000000,1745812799999,65776.93716000,177,15230.40000000,53534.04010000,0
2025-04-28 04:00:00,3.5653,3.7194,3.5467,3.7104,31137.20000000,1745827199999,113650.62205000,199,27562.60000000,100468.41788000,0
2025-04-28 08:00:00,3.6986,3.8738,3.6779,3.7961,18028.70000000,1745841599999,68047.33309000,273,14634.20000000,55350.77212000,0
2025-04-28 12:00:00,3.7955,3.8034,3.5412,3.5812,9468.90000000,1745855999999,34748.55874000,226,4034.10000000,14697.55368000,0
2025-04-28 16:00:00,3.5832,3.6377,3.525,3.6319,24977.10000000,1745870399999,89698.01266000,166,2186.70000000,7774.32762000,0
2025-04-28 20:00:00,3.633,3.633,3.4976,3.5168,22069.60000000,1745884799999,78433.17102000,115,1516.90000000,5429.01958000,0
2025-04-29 00:00:00,3.5272,3.5877,3.5081,3.5638,2183.40000000,1745899199999,7744.85141000,65,664.80000000,2362.59423000,0
2025-04-29 04:00:00,3.5596,3.6237,3.4642,3.6237,14810.60000000,1745913599999,51613.54297000,103,12637.90000000,44061.16084000,0
2025-04-29 08:00:00,3.6255,3.6315,3.5336,3.5653,675.60000000,1745927999999,2416.31072000,39,171.10000000,613.48663000,0
2025-04-29 12:00:00,3.5462,3.6034,3.4946,3.5653,3035.20000000,1745942399999,10693.70775000,66,263.90000000,941.53502000,0
2025-04-29 16:00:00,3.5903,3.6151,3.4381,3.5748,59420.30000000,1745956799999,212191.33452000,195,40853.70000000,146470.29836000,0
2025-04-29 20:00:00,3.5585,3.5585,3.454,3.5462,20969.30000000,1745971199999,73756.25938000,94,3042.70000000,10594.58477000,0
2025-04-30 00:00:00,3.5393,3.6,3.5081,3.5636,30540.50000000,1745985599999,108531.83174000,91,15817.80000000,56573.46285000,0
2025-04-30 04:00:00,3.5653,3.5994,3.5462,3.5529,3830.10000000,1745999999999,13707.07475000,31,319.40000000,1143.99698000,0
2025-04-30 08:00:00,3.5466,3.5466,3.5196,3.5291,157.00000000,1746014399999,554.04959000,23,13.10000000,46.37304000,0
2025-04-30 12:00:00,3.5284,3.5284,3.2781,3.4224,17226.10000000,1746028799999,58467.76668000,324,1742.50000000,5999.99408000,0
2025-04-30 16:00:00,3.4129,3.4653,3.3745,3.4319,2321.40000000,1746043199999,7912.83473000,86,1533.60000000,5235.57381000,0
2025-04-30 20:00:00,3.4381,3.5457,3.4381,3.5055,4878.90000000,1746057599999,17029.51423000,104,1178.30000000,4128.07932000,0
2025-05-01 00:00:00,3.523,3.5476,3.4589,3.4819,29313.20000000,1746071999999,103326.09309000,106,14730.70000000,51897.19690000,0
2025-05-01 04:00:00,3.4821,3.531,3.4652,3.5078,394.50000000,1746086399999,1382.02783000,35,340.30000000,1193.27175000,0
2025-05-01 08:00:00,3.5081,3.7031,3.5081,3.6796,20453.80000000,1746100799999,73721.90356000,236,19822.60000000,71424.18898000,0
2025-05-01 12:00:00,3.6838,3.7642,3.6537,3.7055,46466.50000000,1746115199999,172013.07949000,265,26749.40000000,98974.34978000,0
2025-05-01 16:00:00,3.7243,3.7252,3.6548,3.6684,3392.10000000,1746129599999,12460.29076000,71,2778.60000000,10205.30416000,0
2025-05-01 20:00:00,3.6605,3.6955,3.5239,3.565,7711.40000000,1746143999999,27637.08174000,165,792.90000000,2886.16950000,0
2025-05-02 00:00:00,3.5497,3.5653,3.4864,3.4864,6835.60000000,1746158399999,24121.66899000,89,1203.30000000,4265.03782000,0
2025-05-02 04:00:00,3.5188,3.5215,3.4249,3.4476,2871.70000000,1746172799999,9944.78312000,90,280.50000000,973.27090000,0
2025-05-02 08:00:00,3.4706,3.4838,3.4432,3.456,16526.20000000,1746187199999,57039.97024000,55,1507.20000000,5209.74393000,0
2025-05-02 12:00:00,3.442,3.493,3.4324,3.4602,17413.20000000,1746201599999,60139.37045000,87,1571.80000000,5429.59762000,0
2025-05-02 16:00:00,3.4799,3.4799,3.3994,3.4123,9448.60000000,1746215999999,32719.35565000,44,5114.70000000,17717.75851000,0
2025-05-02 20:00:00,3.402,3.4675,3.402,3.4155,4103.20000000,1746230399999,14116.94772000,44,3881.20000000,13355.84096000,0
2025-05-03 00:00:00,3.4155,3.4594,3.3577,3.4398,2239.20000000,1746244799999,7620.62439000,74,818.10000000,2782.86225000,0
2025-05-03 04:00:00,3.437,3.4596,3.3896,3.3896,1863.00000000,1746259199999,6426.38958000,32,1554.20000000,5373.16983000,0
2025-05-03 08:00:00,3.3883,3.4009,3.3369,3.3709,414.40000000,1746273599999,1394.16416000,40,24.50000000,82.66805000,0
2025-05-03 12:00:00,3.3477,3.3773,3.3199,3.3199,1904.70000000,1746287999999,6380.96808000,37,579.20000000,1947.81301000,0
2025-05-03 16:00:00,3.3195,3.3358,3.271,3.3019,5818.80000000,1746302399999,19160.59900000,58,2158.20000000,7091.72044000,0
2025-05-03 20:00:00,3.3169,3.3542,3.3019,3.3426,896.00000000,1746316799999,2971.20405000,34,85.00000000,283.46721000,0
2025-05-04 00:00:00,3.345,3.3494,3.2339,3.2606,12218.50000000,1746331199999,40297.36032000,124,2023.70000000,6642.07439000,0
2025-05-04 04:00:00,3.2588,3.2588,3.1605,3.2055,1102.30000000,1746345599999,3513.97171000,35,503.80000000,1607.30493000,0
2025-05-04 08:00:00,3.2168,3.2437,3.2,3.2423,1955.20000000,1746359999999,6328.14913000,29,1829.60000000,5924.99469000,0
2025-05-04 12:00:00,3.2445,3.3041,3.2168,3.2774,2581.40000000,1746374399999,8417.62938000,51,1818.00000000,5933.53708000,0
2025-05-04 16:00:00,3.277,3.2927,3.2527,3.277,750.20000000,1746388799999,2455.73791000,23,145.10000000,475.81683000,0
2025-05-04 20:00:00,3.2932,3.3283,3.2441,3.2904,917.20000000,1746403199999,3003.51245000,37,114.70000000,378.71762000,0
2025-05-05 00:00:00,3.2718,3.3443,3.2168,3.2822,5432.80000000,1746417599999,17847.64065000,78,3428.50000000,11245.23984000,0
2025-05-05 04:00:00,3.2781,3.4173,3.2747,3.4173,850.10000000,1746431999999,2859.49530000,65,689.70000000,2320.63800000,0
2025-05-05 08:00:00,3.4264,3.4921,3.3789,3.4439,4550.00000000,1746446399999,15662.56870000,96,2102.40000000,7233.46895000,0
2025-05-05 12:00:00,3.4298,3.4706,3.398,3.398,21470.30000000,1746460799999,73844.86875000,62,10977.80000000,37961.05654000,0
2025-05-05 16:00:00,3.3981,3.4706,3.3912,3.4706,14735.80000000,1746475199999,50947.00446000,36,14306.10000000,49472.58530000,0
2025-05-05 20:00:00,3.4334,3.468,3.3912,3.4217,25531.30000000,1746489599999,87749.22526000,99,13219.60000000,45743.14845000,0
2025-05-06 00:00:00,3.42,3.42,3.283,3.3425,12878.70000000,1746503999999,43776.52265000,120,293.50000000,989.77421000,0
2025-05-06 04:00:00,3.3385,3.3883,3.3316,3.3753,891.80000000,1746518399999,3005.84171000,33,735.30000000,2482.12719000,0
2025-05-06 08:00:00,3.3489,3.3489,3.1625,3.1788,7039.90000000,1746532799999,22562.07106000,92,604.10000000,1949.50836000,0
2025-05-06 12:00:00,3.1974,3.2764,3.1846,3.2368,2433.80000000,1746547199999,7837.42497000,37,905.50000000,2920.31943000,0
2025-05-06 16:00:00,3.2238,3.2699,3.1909,3.2339,619.70000000,1746561599999,2000.75904000,25,508.70000000,1644.19545000,0
2025-05-06 20:00:00,3.2238,3.369,3.1228,3.361,35590.00000000,1746575999999,115247.95020000,203,19738.60000000,64071.83496000,0
2025-05-07 00:00:00,3.3387,3.44,3.3384,3.373,5315.70000000,1746590399999,18020.08195000,88,2247.90000000,7692.05144000,0
2025-05-07 04:00:00,3.3953,3.4149,3.3382,3.4149,11708.60000000,1746604799999,39801.40787000,46,11527.50000000,39189.61272000,0
2025-05-07 08:00:00,3.4166,3.4204,3.3685,3.3997,569.20000000,1746619199999,1932.85395000,18,322.00000000,1095.82425000,0
2025-05-07 12:00:00,3.369,3.3707,3.31,3.3288,15213.00000000,1746633599999,50859.51454000,61,162.70000000,548.36321000,0
2025-05-07 16:00:00,3.3057,3.3135,3.2382,3.2494,11339.60000000,1746647999999,36881.61865000,93,9608.10000000,31234.28769000,0
2025-05-07 20:00:00,3.2668,3.3675,3.2584,3.33,15064.70000000,1746662399999,50317.93439000,53,8456.20000000,28092.12331000,0
2025-05-08 00:00:00,3.3268,3.6178,3.318,3.6005,60417.50000000,1746676799999,209801.60883000,326,56547.30000000,196368.86131000,0
2025-05-08 04:00:00,3.6146,3.6709,3.5753,3.6434,96660.70000000,1746691199999,352670.60869000,195,19899.40000000,72240.07982000,0
2025-05-08 08:00:00,3.6434,3.8016,3.6434,3.7635,14050.10000000,1746705599999,52430.01645000,168,13408.70000000,50031.62008000,0
2025-05-08 12:00:00,3.7664,3.9202,3.7425,3.8796,66125.60000000,1746719999999,252863.41668000,423,58613.30000000,224416.27904000,0
2025-05-08 16:00:00,3.9087,3.9659,3.8682,3.9123,33055.60000000,1746734399999,129710.45178000,186,12774.40000000,50177.98726000,0
2025-05-08 20:00:00,3.92,4.099,3.8862,4.0308,24829.20000000,1746748799999,99152.25586000,368,19957.40000000,79819.42225000,0
2025-05-09 00:00:00,4.0377,4.0436,3.8315,3.8315,33602.60000000,1746763199999,132843.43687000,258,9672.70000000,38366.16093000,0
2025-05-09 04:00:00,3.8298,4.0383,3.8187,3.9666,6284.60000000,1746777599999,24655.01196000,179,5763.20000000,22607.04989000,0
2025-05-09 08:00:00,3.9709,4.0777,3.8801,3.9762,63376.50000000,1746791999999,254942.62218000,321,10441.60000000,42069.77850000,0
2025-05-09 12:00:00,3.9731,4.036,3.8634,3.9308,30794.90000000,1746806399999,120631.34455000,207,12925.30000000,50581.02372000,0
2025-05-09 16:00:00,3.9108,3.9725,3.8558,3.9193,48023.20000000,1746820799999,187917.20852000,270,39823.90000000,156024.24680000,0
2025-05-09 20:00:00,3.9,3.953,3.8801,3.953,3935.50000000,1746835199999,15401.97103000,61,1357.70000000,5330.09689000,0
2025-05-10 00:00:00,3.9467,4.0239,3.8922,3.9794,7840.30000000,1746849599999,31103.75263000,207,5131.90000000,20375.67211000,0
2025-05-10 04:00:00,3.9781,4.0038,3.9169,3.9902,1818.20000000,1746863999999,7177.80230000,50,825.10000000,3266.68652000,0
2025-05-10 08:00:00,4.002,4.0149,3.8436,3.8655,4396.10000000,1746878399999,17049.68122000,106,1054.60000000,4106.02119000,0
2025-05-10 12:00:00,3.8739,3.9799,3.8739,3.9587,3290.60000000,1746892799999,13007.93550000,67,1562.10000000,6171.76332000,0
2025-05-10 16:00:00,3.9664,4.0818,3.9645,4.0107,10166.50000000,1746907199999,40937.17900000,195,6598.50000000,26582.15561000,0
2025-05-10 20:00:00,3.9925,4.1543,3.9925,4.1175,30508.80000000,1746921599999,125374.06120000,251,16530.50000000,67691.42738000,0
2025-05-11 00:00:00,4.1182,4.2713,3.9789,4.0139,44311.60000000,1746935999999,182521.71101000,521,6154.80000000,25674.45859000,0
2025-05-11 04:00:00,4.0377,4.0377,3.9392,3.9654,49697.50000000,1746950399999,199397.32244000,132,1325.90000000,5317.05067000,0
2025-05-11 08:00:00,3.9804,4.0234,3.9417,3.9902,3748.90000000,1746964799999,14915.70633000,38,2237.10000000,8916.34562000,0
2025-05-11 12:00:00,4.0139,4.0139,3.899,3.9335,8352.60000000,1746979199999,33175.19760000,93,6106.80000000,24298.04544000,0
2025-05-11 16:00:00,3.949,4.04,3.8981,4.0111,10343.10000000,1746993599999,41633.03684000,79,2970.50000000,11912.36566000,0
2025-05-11 20:00:00,4.0058,4.0488,3.9791,4.0105,18993.10000000,1747007999999,76211.96466000,93,13087.00000000,52515.30246000,0
2025-05-12 00:00:00,4.0234,4.1842,3.9666,4.0655,26459.60000000,1747022399999,107609.14272000,305,20860.30000000,84939.89922000,0
2025-05-12 04:00:00,4.0455,4.2974,4.039,4.2014,17819.00000000,1747036799999,74233.96853000,282,13362.40000000,55651.33735000,0
2025-05-12 08:00:00,4.1913,4.223,4.0499,4.0499,18021.20000000,1747051199999,75124.27135000,176,10081.30000000,42342.68817000,0
2025-05-12 12:00:00,4.0475,4.1206,3.899,3.9301,25947.00000000,1747065599999,103909.19930000,283,2890.30000000,11739.49387000,0
2025-05-12 16:00:00,3.9605,4.006,3.8138,3.9067,14122.90000000,1747079999999,55164.37695000,209,3198.00000000,12513.82017000,0
2025-05-12 20:00:00,3.9203,3.9911,3.9203,3.9667,4912.00000000,1747094399999,19524.51502000,99,4421.50000000,17581.84312000,0
2025-05-13 00:00:00,3.9804,3.9804,3.8082,3.8334,12183.70000000,1747108799999,46787.50835000,152,1612.30000000,6225.87029000,0
2025-05-13 04:00:00,3.8313,3.9799,3.8313,3.9553,1902.90000000,1747123199999,7421.58192000,84,1809.10000000,7051.74310000,0
2025-05-13 08:00:00,3.9627,4.0129,3.9333,3.949,2243.10000000,1747137599999,8922.35088000,72,1302.20000000,5192.43243000,0
2025-05-13 12:00:00,3.9433,4.0348,3.94,4.0107,1721.90000000,1747151999999,6888.40591000,77,1416.20000000,5676.11643000,0
2025-05-13 16:00:00,4.0061,4.1088,3.9947,4.0275,17542.50000000,1747166399999,70979.54386000,226,12205.10000000,49513.49028000,0
2025-05-13 20:00:00,4.0583,4.1,4.0085,4.0641,15389.70000000,1747180799999,62289.40904000,138,13705.50000000,55470.01204000,0
2025-05-14 00:00:00,4.0701,4.076,3.94,3.9519,12797.70000000,1747195199999,51198.06024000,141,7066.50000000,28359.53244000,0
2025-05-14 04:00:00,3.9856,4.0399,3.9719,3.9719,5687.10000000,1747209599999,22748.82627000,67,4968.80000000,19877.12142000,0
2025-05-14 08:00:00,4.0094,4.0139,3.8922,3.9383,19569.40000000,1747223999999,76701.02181000,120,1057.00000000,4170.00505000,0
2025-05-14 12:00:00,3.9383,3.9622,3.8557,3.8934,9551.90000000,1747238399999,37283.15790000,128,491.50000000,1915.27353000,0
2025-05-14 16:00:00,3.9048,3.9407,3.8716,3.9269,6294.90000000,1747252799999,24548.91344000,57,3281.00000000,12819.79527000,0
2025-05-14 20:00:00,3.9366,3.952,3.8934,3.9171,4384.40000000,1747267199999,17168.07414000,37,2234.30000000,8781.26165000,0
2025-05-15 00:00:00,3.9331,3.9521,3.84,3.8621,5144.00000000,1747281599999,19925.23932000,88,1815.10000000,7021.48866000,0
2025-05-15 04:00:00,3.851,3.8738,3.6856,3.7187,10122.50000000,1747295999999,38500.49469000,182,3757.50000000,14395.81988000,0
2025-05-15 08:00:00,3.7112,3.7854,3.68,3.7084,3028.50000000,1747310399999,11318.12513000,67,2236.80000000,8382.36552000,0
2025-05-15 12:00:00,3.716,3.7978,3.6497,3.7978,35802.50000000,1747324799999,132149.96742000,203,21119.40000000,78022.46116000,0
2025-05-15 16:00:00,3.7789,3.9433,3.7723,3.8895,7467.20000000,1747339199999,29027.97068000,201,5584.40000000,21756.89917000,0
2025-05-15 20:00:00,3.8909,3.9187,3.7836,3.8377,6462.70000000,1747353599999,24841.27049000,178,5502.60000000,21169.23979000,0
2025-05-16 00:00:00,3.8229,3.9433,3.8195,3.9058,4510.30000000,1747367999999,17623.77413000,137,3996.50000000,15623.56465000,0
2025-05-16 04:00:00,3.9024,3.9109,3.8679,3.8878,445.90000000,1747382399999,1731.40721000,25,89.70000000,349.31702000,0
2025-05-16 08:00:00,3.8739,3.9356,3.8272,3.917,1286.50000000,1747396799999,5000.40172000,63,462.60000000,1807.99655000,0
2025-05-16 12:00:00,3.9142,3.9277,3.8545,3.8682,6852.60000000,1747411199999,26678.04442000,64,2900.30000000,11299.97831000,0
2025-05-16 16:00:00,3.8764,3.8969,3.8164,3.866,6809.90000000,1747425599999,26240.57517000,88,6189.90000000,23866.24914000,0
2025-05-16 20:00:00,3.8727,3.8741,3.7451,3.785,3811.50000000,1747439999999,14454.72370000,85,814.60000000,3101.68363000,0
2025-05-17 00:00:00,3.7764,3.7961,3.6775,3.7961,2439.40000000,1747454399999,9056.13351000,117,732.90000000,2747.75613000,0
2025-05-17 04:00:00,3.7848,3.844,3.7783,3.7977,1883.20000000,1747468799999,7167.26313000,44,1836.40000000,6989.54136000,0
2025-05-17 08:00:00,3.7836,3.8161,3.7516,3.7516,430.60000000,1747483199999,1628.34840000,25,7.90000000,29.98599000,0
2025-05-17 12:00:00,3.7712,3.803,3.7362,3.7844,4486.50000000,1747497599999,16938.18671000,33,4229.80000000,15974.04705000,0
2025-05-17 16:00:00,3.7727,3.816,3.7121,3.7658,1158.80000000,1747511999999,4374.48509000,65,747.90000000,2830.52065000,0
2025-05-17 20:00:00,3.763,3.8549,3.763,3.8028,3370.80000000,1747526399999,12863.90527000,69,905.40000000,3459.85397000,0
2025-05-18 00:00:00,3.8013,3.8082,3.7405,3.7439,1171.60000000,1747540799999,4412.56338000,31,790.10000000,2979.46876000,0
2025-05-18 04:00:00,3.754,3.8549,3.7539,3.8545,1447.00000000,1747555199999,5526.74886000,43,978.40000000,3745.63756000,0
2025-05-18 08:00:00,3.8535,3.8674,3.827,3.8414,682.20000000,1747569599999,2624.46840000,16,390.00000000,1503.48563000,0
2025-05-18 12:00:00,3.8232,4.0017,3.8075,3.98,19442.60000000,1747583999999,76926.79418000,188,13246.20000000,52305.13013000,0
2025-05-18 16:00:00,3.9858,3.9858,3.7249,3.7276,16206.80000000,1747598399999,63265.05137000,223,1595.40000000,6071.54566000,0
2025-05-18 20:00:00,3.7245,3.9633,3.6942,3.9605,4309.10000000,1747612799999,16475.91606000,164,2596.40000000,9982.94829000,0
2025-05-19 00:00:00,3.9555,3.9659,3.7598,3.7672,13781.40000000,1747627199999,52889.31946000,158,6768.80000000,26158.73495000,0
2025-05-19 04:00:00,3.76,3.7811,3.6624,3.7188,8469.90000000,1747641599999,31592.74479000,100,836.60000000,3115.78320000,0
2025-05-19 08:00:00,3.6871,3.7121,3.651,3.685,763.30000000,1747655999999,2801.29350000,24,61.40000000,225.86326000,0
2025-05-19 12:00:00,3.656,3.7749,3.5905,3.7511,6215.90000000,1747670399999,22921.79643000,156,2976.80000000,11143.88490000,0
2025-05-19 16:00:00,3.7424,3.8392,3.7245,3.7897,3394.70000000,1747684799999,12834.89497000,93,2047.70000000,7771.42404000,0
2025-05-19 20:00:00,3.8016,3.8457,3.7968,3.833,7061.50000000,1747699199999,26895.51584000,59,4651.00000000,17712.12171000,0
2025-05-20 00:00:00,3.8416,3.9326,3.8272,3.8272,7390.20000000,1747713599999,28849.21193000,163,5768.70000000,22572.48953000,0
2025-05-20 04:00:00,3.8499,3.9,3.8299,3.8671,964.10000000,1747727999999,3719.57679000,44,895.80000000,3456.46796000,0
2025-05-20 08:00:00,3.851,3.8739,3.8272,3.8272,359.30000000,1747742399999,1382.95235000,15,41.70000000,161.22307000,0
2025-05-20 12:00:00,3.8195,3.8824,3.7836,3.8785,2403.30000000,1747756799999,9199.18054000,61,858.80000000,3297.72580000,0
2025-05-20 16:00:00,3.851,3.9013,3.8164,3.8986,16659.50000000,1747771199999,64410.16628000,87,16509.90000000,63835.21449000,0
2025-05-20 20:00:00,3.8739,3.9331,3.8335,3.8554,2822.80000000,1747785599999,10970.69566000,77,1166.90000000,4558.06253000,0
2025-05-21 00:00:00,3.8468,3.8739,3.8,3.8469,6559.20000000,1747799999999,25126.06007000,87,835.00000000,3202.92304000,0
2025-05-21 04:00:00,3.8674,3.911,3.8272,3.8391,6045.50000000,1747814399999,23461.52242000,85,4808.10000000,18666.84885000,0
2025-05-21 08:00:00,3.8351,3.8864,3.8073,3.8864,5639.50000000,1747828799999,21554.66104000,32,111.80000000,430.98395000,0
2025-05-21 12:00:00,3.8739,3.9896,3.8739,3.9513,7989.50000000,1747843199999,31415.45927000,132,4794.30000000,18807.72400000,0
2025-05-21 16:00:00,3.9676,4.0599,3.837,3.9145,38860.80000000,1747857599999,154666.70085000,379,16027.20000000,64492.76381000,0
2025-05-21 20:00:00,3.9036,3.9635,3.8636,3.9442,13278.30000000,1747871999999,52425.24769000,76,13158.50000000,51957.02486000,0
2025-05-22 00:00:00,3.9608,4.067,3.9242,4.05,16499.30000000,1747886399999,65780.45028000,172,9769.70000000,39122.70643000,0
2025-05-22 04:00:00,4.05,4.1724,4.0295,4.1519,11753.30000000,1747900799999,48272.40656000,173,10558.60000000,43428.66881000,0
2025-05-22 08:00:00,4.1724,4.1981,3.9073,4.0377,10484.30000000,1747915199999,42057.27267000,376,2424.50000000,9986.89161000,0
2025-05-22 12:00:00,4.0295,4.0295,3.7361,3.9242,71367.20000000,1747929599999,276549.11993000,697,19981.00000000,78516.93141000,0
2025-05-22 16:00:00,3.9262,3.9288,3.854,3.8694,5739.00000000,1747943999999,22358.95828000,100,2371.10000000,9246.36940000,0
2025-05-22 20:00:00,3.851,3.8864,3.8032,3.8864,5996.70000000,1747958399999,23003.00939000,93,994.00000000,3836.32820000,0
2025-05-23 00:00:00,3.8858,3.9545,3.8164,3.9545,13483.60000000,1747972799999,52562.12345000,141,6195.10000000,24167.16062000,0
2025-05-23 04:00:00,3.9513,3.9513,3.8126,3.8164,2823.50000000,1747987199999,10900.50529000,80,859.80000000,3321.69408000,0
2025-05-23 08:00:00,3.8276,3.9033,3.6471,3.6471,14339.20000000,1748001599999,53510.61090000,217,1361.50000000,5091.49320000,0
2025-05-23 12:00:00,3.6433,3.7202,3.5368,3.6661,40716.30000000,1748015999999,148848.85529000,388,14909.50000000,54678.66887000,0
2025-05-23 16:00:00,3.6685,3.7509,3.6432,3.7221,11553.80000000,1748030399999,42810.47983000,115,7932.30000000,29482.84008000,0
2025-05-23 20:00:00,3.7121,3.7121,3.544,3.5861,8851.00000000,1748044799999,31882.57850000,129,1503.30000000,5406.20272000,0
2025-05-24 00:00:00,3.577,3.6858,3.575,3.6713,2725.30000000,1748059199999,9947.10997000,87,658.10000000,2400.24107000,0
2025-05-24 04:00:00,3.6796,3.6945,3.6445,3.6629,2199.00000000,1748073599999,8075.53474000,46,1345.60000000,4949.03243000,0
2025-05-24 08:00:00,3.6433,3.6722,3.6258,3.6433,1560.20000000,1748087999999,5683.71329000,33,119.60000000,436.54008000,0
2025-05-24 12:00:00,3.6585,3.6705,3.6204,3.628,6616.00000000,1748102399999,24117.41791000,51,1479.90000000,5410.17921000,0
2025-05-24 16:00:00,3.6276,3.6528,3.6118,3.6232,1765.30000000,1748116799999,6412.75450000,32,1340.70000000,4872.25833000,0
2025-05-24 20:00:00,3.631,3.631,3.5977,3.5977,2526.30000000,1748131199999,9111.96985000,57,85.80000000,310.81612000,0
2025-05-25 00:00:00,3.6377,3.6612,3.5745,3.6377,12524.70000000,1748145599999,45296.71037000,83,5978.50000000,21789.73362000,0
2025-05-25 04:00:00,3.6402,3.6411,3.6101,3.6126,672.40000000,1748159999999,2429.18214000,8,672.40000000,2429.18214000,0
2025-05-25 08:00:00,3.5977,3.5977,3.4567,3.503,4581.90000000,1748174399999,16060.18598000,106,690.50000000,2410.96221000,0
2025-05-25 12:00:00,3.4999,3.5494,3.4282,3.5,8263.90000000,1748188799999,28522.73506000,96,2980.60000000,10330.37546000,0
2025-05-25 16:00:00,3.4697,3.5462,3.4697,3.5462,8169.30000000,1748203199999,28785.65360000,54,6811.90000000,24001.94070000,0
2025-05-25 20:00:00,3.5494,3.6161,3.5485,3.6007,11353.50000000,1748217599999,40527.36607000,92,8744.40000000,31158.66359000,0
2025-05-26 00:00:00,3.5982,3.6281,3.5931,3.6146,20161.90000000,1748231999999,72623.41716000,77,18980.10000000,68371.13100000,0
2025-05-26 04:00:00,3.615,3.6515,3.6064,3.6252,4857.00000000,1748246399999,17609.36932000,56,2900.70000000,10526.19901000,0
2025-05-26 08:00:00,3.6407,3.654,3.5641,3.5671,6587.10000000,1748260799999,23855.86052000,40,1398.60000000,5081.85683000,0
2025-05-26 12:00:00,3.572,3.593,3.5168,3.5606,6355.00000000,1748275199999,22655.22941000,52,5309.30000000,18955.40530000,0
2025-05-26 16:00:00,3.5516,3.5516,3.4567,3.465,2802.40000000,1748289599999,9784.85429000,58,454.80000000,1584.76054000,0
2025-05-26 20:00:00,3.4795,3.5,3.4599,3.4662,4137.00000000,1748303999999,14380.64705000,32,1522.90000000,5307.42321000,0
2025-05-27 00:00:00,3.5,3.5105,3.408,3.4809,5121.50000000,1748318399999,17693.54542000,79,2411.90000000,8356.30708000,0
2025-05-27 04:00:00,3.4754,3.4864,3.417,3.4864,407.20000000,1748332799999,1409.31775000,33,308.90000000,1071.18249000,0
2025-05-27 08:00:00,3.4891,3.5647,3.4891,3.5647,4175.30000000,1748347199999,14786.79374000,45,3740.10000000,13261.82236000,0
2025-05-27 12:00:00,3.5687,3.6838,3.5687,3.6838,14784.70000000,1748361599999,53864.01728000,128,8699.60000000,31650.58096000,0
2025-05-27 16:00:00,3.6838,3.7311,3.6432,3.7078,5280.20000000,1748375999999,19481.69515000,102,4397.50000000,16240.06816000,0
2025-05-27 20:00:00,3.7121,3.721,3.64,3.6718,18107.30000000,1748390399999,67094.64092000,80,8375.00000000,30995.35454000,0
2025-05-28 00:00:00,3.6718,3.72,3.6433,3.7157,6115.50000000,1748404799999,22566.07820000,75,5142.70000000,18993.33232000,0
2025-05-28 04:00:00,3.7012,3.7279,3.6779,3.7272,6226.90000000,1748419199999,23130.43531000,29,6118.60000000,22728.14909000,0
2025-05-28 08:00:00,3.7295,3.7424,3.6771,3.6958,374.70000000,1748433599999,1392.15389000,26,187.30000000,698.74519000,0
2025-05-28 12:00:00,3.689,3.7112,3.5412,3.553,11059.50000000,1748447999999,39986.15496000,134,1456.70000000,5315.95126000,0
2025-05-28 16:00:00,3.5576,3.6032,3.5217,3.5217,6533.60000000,1748462399999,23339.65862000,111,4248.60000000,15196.63875000,0
2025-05-28 20:00:00,3.516,3.6049,3.516,3.6044,3626.60000000,1748476799999,12919.84995000,38,522.30000000,1875.48069000,0
2025-05-29 00:00:00,3.6066,3.6758,3.5683,3.6606,6182.20000000,1748491199999,22366.11667000,68,4525.80000000,16409.34328000,0
2025-05-29 04:00:00,3.6482,3.6665,3.5681,3.6477,1669.20000000,1748505599999,6078.87391000,60,1317.00000000,4805.67223000,0
2025-05-29 08:00:00,3.6295,3.7258,3.6295,3.7106,6028.80000000,1748519999999,22250.40048000,55,5644.00000000,20834.83870000,0
2025-05-29 12:00:00,3.7103,3.7103,3.5306,3.5689,5216.30000000,1748534399999,18822.66461000,151,2773.60000000,10045.78971000,0
2025-05-29 16:00:00,3.5597,3.5964,3.518,3.5255,2512.80000000,1748548799999,8927.73741000,50,120.00000000,428.34594000,0
2025-05-29 20:00:00,3.5474,3.5972,3.5217,3.5238,1565.40000000,1748563199999,5585.97595000,55,811.40000000,2901.26539000,0
2025-05-30 00:00:00,3.5246,3.5506,3.341,3.5245,7258.40000000,1748577599999,25004.84481000,185,815.70000000,2836.16121000,0
2025-05-30 04:00:00,3.5042,3.5172,3.4087,3.4515,1520.60000000,1748591999999,5228.10350000,44,1254.80000000,4312.43639000,0
2025-05-30 08:00:00,3.42,3.5,3.3959,3.5,782.90000000,1748606399999,2696.52513000,43,293.20000000,1016.34064000,0
2025-05-30 12:00:00,3.4697,3.4864,3.4239,3.4629,2580.70000000,1748620799999,8942.65981000,27,1088.30000000,3766.90778000,0
2025-05-30 16:00:00,3.4298,3.4349,3.2506,3.3622,5116.20000000,1748635199999,17021.74464000,156,1557.70000000,5143.00179000,0
2025-05-30 20:00:00,3.3371,3.351,3.1755,3.1875,11874.70000000,1748649599999,38419.20036000,168,3215.20000000,10470.87660000,0
2025-05-31 00:00:00,3.19,3.19,3.05,3.1098,37745.50000000,1748663999999,118637.71785000,184,27608.20000000,86843.68187000,0
2025-05-31 04:00:00,3.1081,3.1861,3.1058,3.1861,2573.30000000,1748678399999,8086.25104000,56,1169.30000000,3669.13955000,0
2025-05-31 08:00:00,3.1541,3.155,3.1212,3.1212,162.10000000,1748692799999,508.82942000,13,0.00000000,0.00000000,0
2025-05-31 12:00:00,3.1527,3.3063,3.1514,3.2663,6841.00000000,1748707199999,21936.20265000,104,6530.10000000,20926.97477000,0
2025-05-31 16:00:00,3.2477,3.3063,3.232,3.2548,12574.80000000,1748721599999,40797.28370000,47,3013.20000000,9781.50223000,0
2025-05-31 20:00:00,3.2487,3.2864,3.245,3.2463,3129.50000000,1748735999999,10166.14510000,33,467.30000000,1526.07850000,0
2025-06-01 00:00:00,3.2386,3.2642,3.1948,3.2642,4360.60000000,1748750399999,14081.59154000,65,128.50000000,416.63346000,0
2025-06-01 04:00:00,3.2737,3.2903,3.2477,3.2477,199.40000000,1748764799999,653.49516000,25,179.80000000,589.83939000,0
2025-06-01 08:00:00,3.2386,3.2642,3.1899,3.2642,506.80000000,1748779199999,1631.46762000,37,99.20000000,322.10555000,0
2025-06-01 12:00:00,3.25,3.3126,3.2389,3.2903,417.10000000,1748793599999,1371.74368000,31,291.10000000,957.82315000,0
2025-06-01 16:00:00,3.2781,3.3226,3.2575,3.2825,875.20000000,1748807999999,2889.04441000,30,241.90000000,797.90731000,0
2025-06-01 20:00:00,3.2767,3.3608,3.2767,3.3608,2139.50000000,1748822399999,7095.81408000,51,2109.20000000,6995.51633000,0
2025-06-02 00:00:00,3.34,3.3511,3.2639,3.2738,8873.40000000,1748836799999,29587.37957000,83,2567.80000000,8584.22187000,0
2025-06-02 04:00:00,3.2928,3.3063,3.2705,3.3063,262.60000000,1748851199999,864.06451000,10,219.80000000,724.03162000,0
2025-06-02 08:00:00,3.2971,3.3241,3.2387,3.2399,1144.40000000,1748865599999,3758.54981000,51,253.20000000,827.14656000,0
2025-06-02 12:00:00,3.2386,3.2899,3.2285,3.2899,791.50000000,1748879999999,2564.99089000,29,150.70000000,491.97056000,0
2025-06-02 16:00:00,3.2868,3.3227,3.2583,3.2683,1340.60000000,1748894399999,4402.01166000,40,1230.00000000,4039.76524000,0
2025-06-02 20:00:00,3.2786,3.3675,3.2786,3.3432,1294.30000000,1748908799999,4324.42704000,44,1102.80000000,3687.83170000,0
2025-06-03 00:00:00,3.3266,3.3891,3.2964,3.2964,11288.90000000,1748923199999,38181.75807000,163,5704.90000000,19299.73511000,0
2025-06-03 04:00:00,3.2964,3.3265,3.2964,3.3182,241.10000000,1748937599999,798.85661000,7,142.20000000,470.42925000,0
2025-06-03 08:00:00,3.3215,3.33,3.3059,3.3187,415.60000000,1748951999999,1375.95966000,11,92.90000000,307.83081000,0
2025-06-03 12:00:00,3.3144,3.3383,3.2781,3.3282,1043.90000000,1748966399999,3449.06785000,48,256.40000000,853.07908000,0
2025-06-03 16:00:00,3.3195,3.328,3.2781,3.3178,2779.70000000,1748980799999,9159.26385000,65,2059.20000000,6787.40602000,0
2025-06-03 20:00:00,3.3179,3.3179,3.219,3.2486,6769.30000000,1748995199999,21907.83770000,85,5430.90000000,17556.18943000,0
2025-06-04 00:00:00,3.2568,3.2902,3.2381,3.2689,2877.30000000,1749009599999,9406.14054000,57,650.30000000,2132.13987000,0
2025-06-04 04:00:00,3.274,3.2823,3.2386,3.2386,2035.10000000,1749023999999,6657.68603000,29,1675.10000000,5484.42883000,0
2025-06-04 08:00:00,3.2507,3.2575,3.1945,3.1945,253.20000000,1749038399999,815.42533000,24,66.10000000,215.06757000,0
2025-06-04 12:00:00,3.1945,3.2273,3.1713,3.2226,3855.60000000,1749052799999,12338.10790000,43,670.50000000,2154.66442000,0
2025-06-04 16:00:00,3.2182,3.2481,3.2163,3.2188,377.20000000,1749067199999,1214.90670000,14,286.70000000,923.48014000,0
2025-06-04 20:00:00,3.2015,3.2065,3.1611,3.1611,2506.30000000,1749081599999,7996.14351000,41,689.90000000,2199.48523000,0
2025-06-05 00:00:00,3.1562,3.2147,3.142,3.1917,8460.40000000,1749095999999,26790.73766000,52,3063.60000000,9789.94020000,0
2025-06-05 04:00:00,3.1989,3.2023,3.1526,3.1526,430.30000000,1749110399999,1364.96414000,20,164.80000000,523.82317000,0
2025-06-05 08:00:00,3.143,3.1617,3.1314,3.1459,351.30000000,1749124799999,1105.95258000,15,85.60000000,269.77516000,0
2025-06-05 12:00:00,3.1667,3.2273,3.1074,3.1363,1285.00000000,1749139199999,4084.69111000,66,732.60000000,2340.43424000,0
2025-06-05 16:00:00,3.1401,3.1402,2.95,2.9974,35448.50000000,1749153599999,108677.99794000,172,24625.30000000,75338.47206000,0
2025-06-05 20:00:00,2.9974,2.9974,2.8838,2.9129,17112.20000000,1749167999999,50150.72051000,113,7514.60000000,21933.47425000,0
2025-06-06 00:00:00,2.9268,3.02,2.9268,3.0054,33650.80000000,1749182399999,100084.90431000,127,23746.20000000,70478.68021000,0
2025-06-06 04:00:00,2.9876,3.0269,2.9876,3.0269,2632.30000000,1749196799999,7896.02695000,32,658.40000000,1980.52245000,0
2025-06-06 08:00:00,3.0275,3.1099,3.0231,3.1053,2876.40000000,1749211199999,8857.81571000,65,2650.50000000,8164.47233000,0
2025-06-06 12:00:00,3.0824,3.197,3.0824,3.191,6234.40000000,1749225599999,19766.81057000,66,5290.90000000,16780.62227000,0
2025-06-06 16:00:00,3.185,3.197,3.1478,3.1846,1645.50000000,1749239999999,5198.00029000,23,941.20000000,2977.39871000,0
2025-06-06 20:00:00,3.1791,3.2188,3.1791,3.2003,649.80000000,1749254399999,2071.51045000,25,566.90000000,1806.76059000,0
2025-06-07 00:00:00,3.1909,3.2909,3.1774,3.2909,4990.90000000,1749268799999,16091.12311000,85,4833.50000000,15586.90718000,0
2025-06-07 04:00:00,3.2693,3.2851,3.2412,3.2778,583.20000000,1749283199999,1908.88129000,18,134.40000000,440.83432000,0
2025-06-07 08:00:00,3.2709,3.2811,3.26,3.26,300.20000000,1749297599999,981.96127000,6,114.80000000,376.66183000,0
2025-06-07 12:00:00,3.2816,3.3063,3.2406,3.2406,3318.30000000,1749311999999,10911.04516000,41,1184.80000000,3907.12874000,0
2025-06-07 16:00:00,3.2548,3.2561,3.2157,3.2374,2562.50000000,1749326399999,8267.71582000,40,358.00000000,1161.80211000,0
2025-06-07 20:00:00,3.2494,3.2575,3.2238,3.2381,1427.90000000,1749340799999,4628.03347000,19,839.60000000,2727.43462000,0
2025-06-08 00:00:00,3.2462,3.2576,3.2277,3.2308,3516.90000000,1749355199999,11453.70392000,13,3504.10000000,11412.28842000,0
2025-06-08 04:00:00,3.2273,3.2273,3.22,3.22,11.00000000,1749369599999,35.42584000,2,0.00000000,0.00000000,0
2025-06-08 08:00:00,3.22,3.2253,3.1823,3.2253,693.40000000,1749383999999,2218.69820000,38,167.30000000,534.80578000,0
2025-06-08 12:00:00,3.2206,3.2273,3.197,3.2234,1239.40000000,1749398399999,3990.17121000,14,1147.20000000,3693.71882000,0
2025-06-08 16:00:00,3.2273,3.2649,3.2273,3.2556,3189.80000000,1749412799999,10343.39246000,35,931.50000000,3024.04882000,0
2025-06-08 20:00:00,3.2737,3.2833,3.2273,3.2273,3512.90000000,1749427199999,11405.57286000,33,1011.90000000,3300.25151000,0
2025-06-09 00:00:00,3.2273,3.2416,3.197,3.197,839.80000000,1749441599999,2695.17861000,27,142.20000000,459.68471000,0
2025-06-09 04:00:00,3.2063,3.2063,3.1885,3.2059,157.80000000,1749455999999,505.16359000,8,135.80000000,434.99260000,0
2025-06-09 08:00:00,3.2273,3.3309,3.2273,3.318,2330.20000000,1749470399999,7696.81406000,75,1798.40000000,5936.94061000,0
2025-06-09 12:00:00,3.3093,3.3725,3.3093,3.3547,2793.00000000,1749484799999,9270.50182000,48,1963.90000000,6517.01632000,0
2025-06-09 16:00:00,3.3547,3.383,3.3234,3.375,11060.50000000,1749499199999,37130.08327000,96,5305.50000000,17863.71993000,0
2025-06-09 20:00:00,3.3747,3.455,3.3743,3.4429,9386.60000000,1749513599999,32028.94676000,94,6011.60000000,20429.41469000,0
2025-06-10 00:00:00,3.44,3.4516,3.3892,3.39,3133.00000000,1749527999999,10755.23872000,29,2138.00000000,7343.58023000,0
2025-06-10 04:00:00,3.4052,3.4052,3.3734,3.3805,616.90000000,1749542399999,2085.23992000,21,432.20000000,1461.45256000,0
2025-06-10 08:00:00,3.3696,3.5145,3.3635,3.4904,6249.30000000,1749556799999,21426.24231000,114,3299.60000000,11467.47190000,0
2025-06-10 12:00:00,3.4999,3.5541,3.4086,3.4516,7215.60000000,1749571199999,25177.95050000,132,3074.30000000,10730.24078000,0
2025-06-10 16:00:00,3.4448,3.4869,3.399,3.4394,2261.80000000,1749585599999,7749.85275000,75,707.60000000,2433.72187000,0
2025-06-10 20:00:00,3.432,3.4916,3.4298,3.4916,4527.80000000,1749599999999,15721.19353000,41,3451.20000000,11973.93951000,0
2025-06-11 00:00:00,3.4935,3.495,3.434,3.4903,10767.20000000,1749614399999,37371.94306000,47,4506.30000000,15585.67350000,0
2025-06-11 04:00:00,3.4915,3.5264,3.455,3.5144,1371.30000000,1749628799999,4790.28275000,40,899.90000000,3149.21862000,0
2025-06-11 08:00:00,3.498,3.5065,3.4497,3.4578,3022.10000000,1749643199999,10514.70848000,32,127.60000000,440.23329000,0
2025-06-11 12:00:00,3.4468,3.5226,3.4468,3.5125,4632.00000000,1749657599999,16226.56824000,44,2658.70000000,9324.66959000,0
2025-06-11 16:00:00,3.5105,3.5105,3.4129,3.4187,2090.40000000,1749671999999,7174.29754000,48,506.10000000,1736.93529000,0
2025-06-11 20:00:00,3.4128,3.4461,3.3422,3.3943,4814.90000000,1749686399999,16307.60971000,65,3373.20000000,11433.83098000,0
2025-06-12 00:00:00,3.3841,3.3841,3.3224,3.335,2236.20000000,1749700799999,7465.31710000,34,607.90000000,2038.76541000,0
2025-06-12 04:00:00,3.3372,3.3489,3.3154,3.3391,1197.40000000,1749715199999,3987.41940000,35,625.50000000,2087.59078000,0
2025-06-12 08:00:00,3.3353,3.3353,3.2576,3.2594,1788.80000000,1749729599999,5897.42096000,56,60.50000000,199.75154000,0
2025-06-12 12:00:00,3.2542,3.3601,3.2522,3.2864,4437.90000000,1749743999999,14833.16485000,55,2843.00000000,9484.50334000,0
2025-06-12 16:00:00,3.3182,3.3726,3.2437,3.25,3144.30000000,1749758399999,10501.94706000,101,2295.30000000,7711.63111000,0
2025-06-12 20:00:00,3.2714,3.2747,3.185,3.2273,9323.10000000,1749772799999,30111.42386000,103,823.50000000,2664.27394000,0
2025-06-13 00:00:00,3.197,3.197,2.9211,3.0308,36210.50000000,1749787199999,108996.48743000,302,10100.80000000,30164.73154000,0
2025-06-13 04:00:00,3.0089,3.0427,2.9536,3.0315,7413.00000000,1749801599999,22263.28389000,75,1767.30000000,5321.09000000,0
2025-06-13 08:00:00,3.0353,3.0652,2.9934,2.9981,600.80000000,1749815999999,1820.35768000,33,427.10000000,1298.25047000,0
2025-06-13 12:00:00,3.0284,3.0455,2.9743,3.04,63081.60000000,1749830399999,191263.36739000,105,61799.20000000,187397.17517000,0
2025-06-13 16:00:00,3.0257,3.0736,2.9934,3.0024,8489.80000000,1749844799999,25651.82299000,53,6431.10000000,19460.17812000,0
2025-06-13 20:00:00,3.0026,3.0736,3.0026,3.0596,1372.90000000,1749859199999,4185.40549000,55,330.20000000,1009.12870000,0
2025-06-14 00:00:00,3.0596,3.0644,3.0239,3.0244,2316.50000000,1749873599999,7025.77974000,29,1078.50000000,3271.03945000,0
2025-06-14 04:00:00,3.0514,3.0529,3.0095,3.0095,246.90000000,1749887999999,749.33720000,10,148.60000000,453.37467000,0
2025-06-14 08:00:00,3.0076,3.0236,3.0076,3.0202,469.80000000,1749902399999,1418.65837000,7,260.40000000,786.74033000,0
2025-06-14 12:00:00,3.005,3.0173,2.9082,2.9082,5665.60000000,1749916799999,16831.20384000,96,1438.30000000,4310.50826000,0
2025-06-14 16:00:00,2.9249,2.9249,2.8157,2.9025,16195.80000000,1749931199999,46370.40185000,149,4756.90000000,13460.84046000,0
2025-06-14 20:00:00,2.8605,2.95,2.859,2.9488,1760.00000000,1749945599999,5139.84229000,32,326.60000000,954.97033000,0
2025-06-15 00:00:00,2.9419,2.987,2.9419,2.987,3435.80000000,1749959999999,10201.45881000,23,2796.80000000,8305.40233000,0
2025-06-15 04:00:00,2.9887,3.0284,2.9849,2.9853,5133.10000000,1749974399999,15398.08882000,38,4682.20000000,14049.28082000,0
2025-06-15 08:00:00,2.9912,2.9912,2.947,2.9687,323.50000000,1749988799999,958.32355000,19,45.00000000,134.34485000,0
2025-06-15 12:00:00,2.9834,3.0241,2.965,3.0241,12534.10000000,1750003199999,37717.93931000,24,12201.90000000,36718.01731000,0
2025-06-15 16:00:00,3.0152,3.0371,2.9938,3.0222,4358.10000000,1750017599999,13190.52003000,28,3936.10000000,11925.03478000,0
2025-06-15 20:00:00,3.0018,3.0354,2.9644,3.0156,1569.80000000,1750031999999,4673.71113000,27,690.40000000,2054.33275000,0
2025-06-16 00:00:00,3.0237,3.0833,2.9753,3.074,22196.60000000,1750046399999,68199.32837000,106,1813.00000000,5544.81311000,0
2025-06-16 04:00:00,3.0728,3.1385,3.0561,3.1355,11551.70000000,1750060799999,35893.84513000,76,7379.00000000,22875.08668000,0
2025-06-16 08:00:00,3.1395,3.1395,3.0754,3.1153,2561.10000000,1750075199999,7960.55031000,28,377.60000000,1170.33736000,0
2025-06-16 12:00:00,3.107,3.1556,3.0959,3.11,3823.90000000,1750089599999,11961.53897000,53,1295.40000000,4055.49438000,0
2025-06-16 16:00:00,3.13,3.1492,3.1058,3.1293,1399.60000000,1750103999999,4367.75679000,29,569.30000000,1781.65358000,0
2025-06-16 20:00:00,3.106,3.1394,2.9934,2.9934,3877.00000000,1750118399999,12001.79150000,77,901.10000000,2822.23881000,0
2025-06-17 00:00:00,2.998,3.0514,2.9284,3.041,24357.50000000,1750132799999,72373.57548000,140,6519.90000000,19495.27368000,0
2025-06-17 04:00:00,3.0109,3.0172,2.9831,2.9848,4241.00000000,1750147199999,12663.72307000,26,403.20000000,1205.33750000,0
2025-06-17 08:00:00,2.9805,2.9805,2.8949,2.8951,6453.50000000,1750161599999,18893.66694000,80,628.80000000,1849.29696000,0
2025-06-17 12:00:00,2.9094,2.9233,2.8283,2.8591,83464.60000000,1750175999999,241527.01076000,265,47901.90000000,139009.31207000,0
2025-06-17 16:00:00,2.8586,2.895,2.8093,2.8881,4133.50000000,1750190399999,11735.20255000,57,1742.70000000,4991.36521000,0
2025-06-17 20:00:00,2.8827,2.8828,2.8244,2.8244,3037.00000000,1750204799999,8678.92359000,29,1866.60000000,5343.36434000,0
2025-06-18 00:00:00,2.8352,2.88,2.8224,2.88,4777.70000000,1750219199999,13659.34890000,29,3611.00000000,10322.75639000,0
2025-06-18 04:00:00,2.8933,2.9135,2.8553,2.8673,1278.60000000,1750233599999,3689.62705000,24,701.00000000,2033.83204000,0
2025-06-18 08:00:00,2.8531,2.8531,2.7083,2.7701,9281.50000000,1750247999999,25932.52639000,132,1616.30000000,4477.30410000,0
2025-06-18 12:00:00,2.7635,2.8088,2.7252,2.7957,12619.80000000,1750262399999,35106.19101000,45,12353.90000000,34369.91482000,0
2025-06-18 16:00:00,2.7662,2.8193,2.7662,2.791,304.90000000,1750276799999,854.34910000,17,303.70000000,851.02966000,0
2025-06-18 20:00:00,2.7831,2.846,2.7662,2.8273,835.80000000,1750291199999,2343.25064000,24,557.00000000,1568.41102000,0
2025-06-19 00:00:00,2.8465,2.86,2.8127,2.8359,759.70000000,1750305599999,2153.50231000,22,462.00000000,1313.64429000,0
2025-06-19 04:00:00,2.8436,2.86,2.7885,2.7885,939.40000000,1750319999999,2641.29915000,17,427.70000000,1207.22759000,0
2025-06-19 08:00:00,2.797,2.8168,2.7883,2.7985,474.80000000,1750334399999,1328.31001000,10,4.20000000,11.82216000,0
2025-06-19 12:00:00,2.7987,2.8224,2.7985,2.8139,4242.30000000,1750348799999,11904.93364000,33,3609.20000000,10131.50033000,0
2025-06-19 16:00:00,2.8341,2.8519,2.8095,2.8463,33069.70000000,1750363199999,93353.91706000,31,514.10000000,1463.06569000,0
2025-06-19 20:00:00,2.8294,2.8553,2.8109,2.8553,1326.00000000,1750377599999,3756.81212000,14,648.50000000,1840.30614000,0
2025-06-20 00:00:00,2.8297,2.8375,2.8026,2.8026,277.40000000,1750391999999,780.16923000,12,30.30000000,85.79213000,0
2025-06-20 04:00:00,2.7978,2.851,2.7767,2.851,4668.70000000,1750406399999,13128.96895000,73,3522.90000000,9935.90610000,0
2025-06-20 08:00:00,2.8519,2.8802,2.8248,2.8414,806.60000000,1750420799999,2295.81406000,31,457.70000000,1306.12009000,0
2025-06-20 12:00:00,2.8414,2.8414,2.7576,2.7833,15816.30000000,1750435199999,44690.58059000,90,259.80000000,727.61554000,0
2025-06-20 16:00:00,2.7611,2.7611,2.6487,2.7257,48806.60000000,1750449599999,131514.93791000,210,10096.90000000,27349.51558000,0
2025-06-20 20:00:00,2.7267,2.7767,2.7035,2.712,4823.60000000,1750463999999,13255.79880000,51,2458.00000000,6746.67373000,0
2025-06-21 00:00:00,2.7182,2.7396,2.703,2.7396,519.30000000,1750478399999,1416.49594000,21,438.90000000,1198.89775000,0
2025-06-21 04:00:00,2.727,2.7328,2.7214,2.7325,7356.50000000,1750492799999,20031.27311000,23,3784.90000000,10307.75926000,0
2025-06-21 08:00:00,2.725,2.725,2.7208,2.7208,203.70000000,1750507199999,554.37690000,2,0.00000000,0.00000000,0
2025-06-21 12:00:00,2.7262,2.7262,2.571,2.6304,40294.70000000,1750521599999,105961.77860000,130,17688.70000000,46769.56601000,0
2025-06-21 16:00:00,2.6402,2.6463,2.5742,2.5742,5053.50000000,1750535999999,13198.03425000,46,1367.60000000,3578.61951000,0
2025-06-21 20:00:00,2.5749,2.6071,2.4655,2.5651,51714.80000000,1750550399999,131356.14280000,415,34113.10000000,86867.67258000,0
2025-06-22 00:00:00,2.5668,2.6134,2.5266,2.5535,23043.60000000,1750564799999,59846.87590000,61,21113.70000000,54917.47434000,0
2025-06-22 04:00:00,2.5755,2.5956,2.557,2.5937,2318.40000000,1750579199999,5964.63233000,14,2318.40000000,5964.63233000,0
2025-06-22 08:00:00,2.5826,2.5827,2.5218,2.5219,892.60000000,1750593599999,2271.67412000,17,400.00000000,1019.03668000,0
2025-06-22 12:00:00,2.514,2.5385,2.3717,2.3938,14981.50000000,1750607999999,36614.16332000,99,6120.70000000,14986.09735000,0
2025-06-22 16:00:00,2.3945,2.4134,2.2914,2.3474,46333.10000000,1750622399999,108389.06104000,213,8778.00000000,20643.86988000,0
2025-06-22 20:00:00,2.3468,2.4504,2.2959,2.4482,3498.60000000,1750636799999,8372.98104000,89,3393.90000000,8124.99129000,0
2025-06-23 00:00:00,2.4513,2.4951,2.449,2.4712,2660.40000000,1750651199999,6562.10168000,27,990.00000000,2441.79020000,0
2025-06-23 04:00:00,2.5012,2.5326,2.5012,2.5196,5416.30000000,1750665599999,13647.02879000,18,5396.40000000,13597.17531000,0
2025-06-23 08:00:00,2.5162,2.5162,2.4844,2.4883,240.30000000,1750679999999,599.60207000,8,71.80000000,179.90227000,0
2025-06-23 12:00:00,2.5035,2.5728,2.47,2.4737,10355.50000000,1750694399999,26199.95095000,83,4800.80000000,12227.51157000,0
2025-06-23 16:00:00,2.4714,2.6338,2.3968,2.6338,10655.70000000,1750708799999,27343.67424000,148,8884.10000000,22853.04067000,0
2025-06-23 20:00:00,2.6354,2.85,2.6275,2.8386,38108.60000000,1750723199999,106881.38173000,228,10346.60000000,28471.52632000,0
2025-06-24 00:00:00,2.8387,2.8387,2.7662,2.7735,27336.20000000,1750737599999,76334.43933000,97,19677.40000000,54892.90071000,0
2025-06-24 04:00:00,2.7694,2.95,2.7694,2.8022,31769.40000000,1750751999999,90943.26876000,158,16807.00000000,48178.89212000,0
2025-06-24 08:00:00,2.8,2.8276,2.7748,2.7767,5981.20000000,1750766399999,16744.64047000,31,4525.80000000,12673.88194000,0
2025-06-24 12:00:00,2.7871,2.8063,2.7576,2.7722,14184.40000000,1750780799999,39531.24654000,71,11238.60000000,31349.15227000,0
2025-06-24 16:00:00,2.766,2.8248,2.7376,2.7376,8186.50000000,1750795199999,22656.26867000,62,6328.80000000,17524.10687000,0
2025-06-24 20:00:00,2.7659,2.7942,2.7659,2.7673,2515.50000000,1750809599999,6969.87479000,31,73.40000000,204.97640000,0
2025-06-25 00:00:00,2.7863,2.8299,2.7862,2.7971,9056.70000000,1750823999999,25403.53785000,70,5842.20000000,16397.02203000,0
2025-06-25 04:00:00,2.7942,2.8183,2.7615,2.8183,5053.50000000,1750838399999,14132.36286000,24,4615.80000000,12917.67341000,0
2025-06-25 08:00:00,2.7955,2.7992,2.7662,2.7763,1395.80000000,1750852799999,3897.32078000,10,189.10000000,527.58199000,0
2025-06-25 12:00:00,2.7806,2.8424,2.7063,2.7429,17286.30000000,1750867199999,47542.88684000,139,5689.20000000,15786.80386000,0
2025-06-25 16:00:00,2.7575,2.7767,2.718,2.7573,3515.40000000,1750881599999,9644.80449000,38,1312.60000000,3619.27832000,0
2025-06-25 20:00:00,2.7654,2.7978,2.72,2.7205,24883.30000000,1750895999999,67850.83876000,139,1483.20000000,4127.42304000,0
2025-06-26 00:00:00,2.7274,2.8,2.7061,2.7385,23177.50000000,1750910399999,63172.39050000,65,16981.10000000,46302.61060000,0
2025-06-26 04:00:00,2.7426,2.7426,2.6973,2.7385,27431.50000000,1750924799999,74137.41538000,85,23264.20000000,62824.75624000,0
2025-06-26 08:00:00,2.7126,2.7277,2.6571,2.6571,8761.70000000,1750939199999,23392.58589000,51,3961.60000000,10583.37095000,0
2025-06-26 12:00:00,2.657,2.6592,2.6041,2.6326,15711.60000000,1750953599999,41323.37147000,85,8461.60000000,22332.60907000,0
2025-06-26 16:00:00,2.6083,2.6239,2.5674,2.6135,6464.40000000,1750967999999,16710.09680000,61,1640.80000000,4265.76318000,0
2025-06-26 20:00:00,2.5915,2.6592,2.5779,2.6054,2979.50000000,1750982399999,7771.62687000,86,1275.90000000,3345.62922000,0
2025-06-27 00:00:00,2.6127,2.6505,2.5913,2.6469,2165.70000000,1750996799999,5701.94746000,36,1835.20000000,4841.81783000,0
2025-06-27 04:00:00,2.6455,2.6507,2.6078,2.6146,2574.60000000,1751011199999,6738.84448000,29,601.40000000,1581.06331000,0
2025-06-27 08:00:00,2.6205,2.6747,2.6205,2.6443,1063.60000000,1751025599999,2821.88591000,22,786.10000000,2088.63566000,0
2025-06-27 12:00:00,2.6563,2.7445,2.626,2.7445,4920.90000000,1751039999999,13223.36479000,56,4793.90000000,12887.43377000,0
2025-06-27 16:00:00,2.7415,2.7942,2.69,2.7031,5241.50000000,1751054399999,14500.32471000,66,1529.50000000,4221.96736000,0
2025-06-27 20:00:00,2.7118,2.7295,2.6959,2.704,170.90000000,1751068799999,464.67245000,8,149.90000000,407.53997000,0
2025-06-28 00:00:00,2.7033,2.7093,2.6834,2.695,1048.50000000,1751083199999,2824.35222000,30,285.10000000,769.78538000,0
2025-06-28 04:00:00,2.6924,2.7171,2.685,2.7033,3042.90000000,1751097599999,8230.43876000,29,187.00000000,506.13325000,0
2025-06-28 08:00:00,2.7146,2.7367,2.7102,2.7181,446.70000000,1751111999999,1217.69730000,11,408.60000000,1114.43428000,0
2025-06-28 12:00:00,2.7385,2.7572,2.7306,2.7572,3563.10000000,1751126399999,9771.88485000,23,3218.20000000,8828.67999000,0
2025-06-28 16:00:00,2.7534,2.7957,2.7495,2.7637,6347.50000000,1751140799999,17598.87182000,57,4361.00000000,12120.74254000,0
2025-06-28 20:00:00,2.7583,2.8424,2.7563,2.8019,6751.30000000,1751155199999,18891.73113000,93,6023.70000000,16855.96228000,0
2025-06-29 00:00:00,2.7997,2.8188,2.772,2.772,498.30000000,1751169599999,1391.59495000,22,229.60000000,642.97941000,0
2025-06-29 04:00:00,2.7759,2.7954,2.7704,2.7953,1511.70000000,1751183999999,4196.81050000,37,1511.70000000,4196.81050000,0
2025-06-29 08:00:00,2.808,2.836,2.808,2.8215,794.10000000,1751198399999,2240.62625000,15,756.90000000,2135.59577000,0
2025-06-29 12:00:00,2.8027,2.8218,2.7957,2.8,21270.60000000,1751212799999,59673.10827000,33,16457.80000000,46191.96389000,0
2025-06-29 16:00:00,2.8033,2.8245,2.7929,2.8245,1480.20000000,1751227199999,4156.75051000,19,762.90000000,2148.08812000,0
2025-06-29 20:00:00,2.7942,2.9234,2.7852,2.9024,7271.60000000,1751241599999,20972.08952000,100,5789.00000000,16740.98386000,0
2025-06-30 00:00:00,2.8975,2.8975,2.8304,2.839,2751.10000000,1751255999999,7854.84515000,42,401.10000000,1145.91674000,0
2025-06-30 04:00:00,2.839,2.8394,2.7883,2.8159,5468.70000000,1751270399999,15461.44450000,88,3926.90000000,11133.53247000,0
2025-06-30 08:00:00,2.7875,2.7953,2.7662,2.7812,743.60000000,1751284799999,2066.93770000,19,9.00000000,25.11115000,0
2025-06-30 12:00:00,2.7771,2.8161,2.7385,2.7957,2311.10000000,1751299199999,6412.53533000,49,1239.50000000,3452.24425000,0
2025-06-30 16:00:00,2.7961,2.8285,2.7942,2.818,5904.40000000,1751313599999,16603.03445000,28,5264.80000000,14807.15327000,0
2025-06-30 20:00:00,2.8169,2.8169,2.774,2.774,780.50000000,1751327999999,2171.04722000,15,86.00000000,239.53423000,0
2025-07-01 00:00:00,2.7721,2.8069,2.7662,2.8069,1594.40000000,1751342399999,4425.73546000,25,603.20000000,1678.09601000,0
2025-07-01 04:00:00,2.7917,2.8089,2.7663,2.8057,605.30000000,1751356799999,1683.23850000,12,145.30000000,407.66655000,0
2025-07-01 08:00:00,2.772,2.772,2.7088,2.7088,1379.40000000,1751371199999,3776.52788000,37,1.80000000,4.98960000,0
2025-07-01 12:00:00,2.7105,2.7257,2.6728,2.6928,3018.50000000,1751385599999,8125.82486000,37,452.00000000,1230.28043000,0
2025-07-01 16:00:00,2.7007,2.7026,2.6631,2.6789,1469.30000000,1751399999999,3941.93016000,28,492.00000000,1320.96532000,0
2025-07-01 20:00:00,2.6789,2.6925,2.671,2.6762,1085.90000000,1751414399999,2909.15259000,14,599.70000000,1605.91074000,0
2025-07-02 00:00:00,2.6767,2.7007,2.6541,2.688,3415.00000000,1751428799999,9135.67519000,36,384.70000000,1037.78408000,0
2025-07-02 04:00:00,2.6868,2.7296,2.6868,2.7161,1507.50000000,1751443199999,4103.48262000,19,1383.10000000,3769.08355000,0
2025-07-02 08:00:00,2.7322,2.7719,2.7192,2.75,6597.10000000,1751457599999,18136.38779000,39,880.60000000,2421.52770000,0
2025-07-02 12:00:00,2.7471,2.8296,2.727,2.8296,8951.30000000,1751471999999,24918.97129000,72,8159.40000000,22706.91166000,0
2025-07-02 16:00:00,2.83,2.94,2.83,2.9148,12192.50000000,1751486399999,35447.44589000,164,6884.40000000,19993.33786000,0
2025-07-02 20:00:00,2.9317,2.9553,2.8947,2.9029,3830.60000000,1751500799999,11234.57932000,48,1058.60000000,3113.63458000,0
2025-07-03 00:00:00,2.9061,2.9182,2.8798,2.8798,8454.20000000,1751515199999,24484.18628000,49,1693.50000000,4912.63586000,0
2025-07-03 04:00:00,2.8754,3.0497,2.8754,3.0332,11159.00000000,1751529599999,33035.98563000,144,11011.20000000,32596.74433000,0
2025-07-03 08:00:00,3.05,3.0859,3.0087,3.0168,3748.70000000,1751543999999,11385.62554000,53,1840.20000000,5622.59980000,0
2025-07-03 12:00:00,3.0521,3.0832,2.9683,2.9683,8806.40000000,1751558399999,26501.21027000,134,1338.00000000,4060.27682000,0
2025-07-03 16:00:00,2.9837,3.0168,2.9753,3.0,1729.60000000,1751572799999,5196.27458000,32,1584.90000000,4762.74945000,0
2025-07-03 20:00:00,3.0169,3.0455,3.0147,3.0351,8299.80000000,1751587199999,25200.24944000,49,8297.90000000,25194.48351000,0
2025-07-04 00:00:00,3.0276,3.0807,2.9945,3.018,6404.60000000,1751601599999,19574.02038000,80,5772.10000000,17672.81195000,0
2025-07-04 04:00:00,2.9945,2.9945,2.9244,2.9244,7365.00000000,1751615999999,21822.29932000,57,6.70000000,19.92178000,0
2025-07-04 08:00:00,2.918,2.9457,2.9024,2.93,4186.60000000,1751630399999,12260.71034000,47,355.90000000,1043.16968000,0
2025-07-04 12:00:00,2.925,2.9491,2.87,2.87,8315.40000000,1751644799999,24174.59741000,48,2082.60000000,6047.05999000,0
2025-07-04 16:00:00,2.8744,2.8744,2.8273,2.8382,15775.90000000,1751659199999,45012.11806000,71,3182.10000000,9037.78352000,0
2025-07-04 20:00:00,2.8303,2.92,2.8303,2.8855,4942.30000000,1751673599999,14288.77348000,40,1718.20000000,4944.48243000,0
2025-07-05 00:00:00,2.8839,2.9217,2.8839,2.8903,789.80000000,1751687999999,2289.42151000,11,701.20000000,2033.54733000,0
2025-07-05 04:00:00,2.9071,2.9291,2.8973,2.8973,108.40000000,1751702399999,316.01508000,7,86.20000000,251.69502000,0
2025-07-05 08:00:00,2.9139,2.934,2.8987,2.934,403.30000000,1751716799999,1179.32172000,15,238.00000000,697.85768000,0
2025-07-05 12:00:00,2.8985,2.8985,2.8863,2.8863,1744.90000000,1751731199999,5049.07551000,8,0.00000000,0.00000000,0
2025-07-05 16:00:00,2.8843,2.9043,2.8683,2.8936,144.80000000,1751745599999,416.30734000,8,2.00000000,5.80539000,0
2025-07-05 20:00:00,2.8745,2.8927,2.8743,2.8912,26.60000000,1751759999999,76.72563000,4,0.00000000,0.00000000,0
2025-07-06 00:00:00,2.8994,2.9089,2.8792,2.8924,532.10000000,1751774399999,1539.37788000,19,224.90000000,652.39942000,0
2025-07-06 04:00:00,2.8905,2.9037,2.8803,2.8855,1212.40000000,1751788799999,3512.59306000,17,859.50000000,2492.76599000,0
2025-07-06 08:00:00,2.8801,2.9013,2.8707,2.8924,73.00000000,1751803199999,211.04694000,13,41.60000000,120.62731000,0
2025-07-06 12:00:00,2.9089,2.9561,2.8922,2.8986,30127.50000000,1751817599999,88300.33600000,65,29832.20000000,87442.03299000,0
2025-07-06 16:00:00,2.9019,2.9223,2.8718,2.8837,2248.10000000,1751831999999,6482.69674000,24,953.80000000,2751.47122000,0
2025-07-06 20:00:00,2.9025,2.9656,2.8968,2.9008,4221.60000000,1751846399999,12278.90775000,51,2318.40000000,6743.08521000,0
2025-07-07 00:00:00,2.9107,2.945,2.8869,2.9291,3037.50000000,1751860799999,8810.24251000,49,384.50000000,1124.22091000,0
2025-07-07 04:00:00,2.9257,2.935,2.8987,2.8987,8892.20000000,1751875199999,25872.53983000,24,3458.00000000,10059.41029000,0
2025-07-07 08:00:00,2.9307,2.9307,2.9,2.9,3517.40000000,1751889599999,10205.14654000,23,114.00000000,333.26256000,0
2025-07-07 12:00:00,2.9,2.9217,2.8718,2.902,7960.50000000,1751903999999,22982.68064000,51,2155.30000000,6253.29100000,0
2025-07-07 16:00:00,2.872,2.8798,2.8287,2.8767,1774.80000000,1751918399999,5070.29821000,33,47.80000000,137.58080000,0
2025-07-07 20:00:00,2.851,2.8625,2.8345,2.8376,1263.10000000,1751932799999,3588.34717000,26,11.70000000,33.48589000,0
2025-07-08 00:00:00,2.8565,2.8876,2.8295,2.8494,2461.00000000,1751947199999,7030.52454000,42,2142.70000000,6125.54576000,0
2025-07-08 04:00:00,2.85,2.8798,2.85,2.8798,1013.40000000,1751961599999,2901.86701000,20,890.20000000,2550.74691000,0
2025-07-08 08:00:00,2.8894,2.8978,2.8671,2.8978,638.90000000,1751975999999,1845.49713000,14,516.00000000,1492.91693000,0
2025-07-08 12:00:00,2.8952,2.9118,2.8704,2.8704,459.80000000,1751990399999,1331.19161000,25,276.80000000,803.79701000,0
2025-07-08 16:00:00,2.87,2.9275,2.87,2.9275,6728.90000000,1752004799999,19639.98530000,49,5681.80000000,16590.94541000,0
2025-07-08 20:00:00,2.9142,2.9154,2.8836,2.9035,4513.30000000,1752019199999,13116.72014000,51,4335.90000000,12604.28654000,0
2025-07-09 00:00:00,2.8863,2.9035,2.88,2.9014,5253.90000000,1752033599999,15160.66739000,28,605.70000000,1756.78215000,0
2025-07-09 04:00:00,2.9008,2.9455,2.8993,2.9354,16650.30000000,1752047999999,48506.39712000,47,16642.80000000,48484.58425000,0
2025-07-09 08:00:00,2.9385,2.9527,2.9234,2.9527,4342.20000000,1752062399999,12764.72290000,16,4213.60000000,12388.77366000,0
2025-07-09 12:00:00,2.9427,2.9745,2.9276,2.9555,418.20000000,1752076799999,1233.66199000,22,300.20000000,886.85030000,0
2025-07-09 16:00:00,2.9656,3.0562,2.9442,3.056,19941.50000000,1752091199999,59819.95715000,127,17114.40000000,51426.62024000,0
2025-07-09 20:00:00,3.0306,3.0976,3.0057,3.0526,22425.20000000,1752105599999,68775.83792000,144,12392.60000000,38059.18647000,0
2025-07-10 00:00:00,3.0633,3.1347,3.0602,3.1226,2428.20000000,1752119999999,7526.51291000,55,2190.10000000,6794.55162000,0
2025-07-10 04:00:00,3.113,3.2402,3.1084,3.2127,18572.70000000,1752134399999,59209.11413000,130,11359.20000000,36418.41209000,0
2025-07-10 08:00:00,3.2123,3.2481,3.2032,3.238,8418.20000000,1752148799999,27245.72422000,46,297.20000000,964.22896000,0
2025-07-10 12:00:00,3.229,3.2752,3.2049,3.2375,2816.60000000,1752163199999,9139.88455000,71,1785.00000000,5813.35940000,0
2025-07-10 16:00:00,3.245,3.4387,3.245,3.4277,9056.00000000,1752177599999,30397.91044000,262,7841.70000000,26311.72144000,0
2025-07-10 20:00:00,3.4214,3.4995,3.41,3.4844,15727.50000000,1752191999999,54144.70819000,161,10504.90000000,36083.18414000,0
2025-07-11 00:00:00,3.4922,3.5104,3.3961,3.5063,5521.60000000,1752206399999,19107.00610000,139,2919.90000000,10118.83535000,0
2025-07-11 04:00:00,3.4877,3.546,3.4462,3.4936,17753.20000000,1752220799999,62537.67700000,112,4549.10000000,15990.61859000,0
2025-07-11 08:00:00,3.4936,3.5459,3.4936,3.5305,727.40000000,1752235199999,2565.13616000,33,597.80000000,2109.57195000,0
2025-07-11 12:00:00,3.5269,3.5687,3.439,3.439,14713.90000000,1752249599999,51743.58019000,151,12246.70000000,43200.22437000,0
2025-07-11 16:00:00,3.4864,3.511,3.4408,3.5055,13091.10000000,1752263999999,45584.26923000,67,12131.90000000,42264.21868000,0
2025-07-11 20:00:00,3.5055,3.5162,3.3066,3.3817,22890.10000000,1752278399999,78624.12497000,177,16392.20000000,56603.03289000,0
2025-07-12 00:00:00,3.3816,3.4641,3.3565,3.4407,5463.40000000,1752292799999,18599.87813000,70,5347.80000000,18203.83430000,0
2025-07-12 04:00:00,3.4429,3.4429,3.3789,3.4389,637.30000000,1752307199999,2177.82347000,37,392.50000000,1345.09312000,0
2025-07-12 08:00:00,3.4465,3.4646,3.417,3.417,1179.90000000,1752321599999,4060.89618000,22,944.20000000,3249.52362000,0
2025-07-12 12:00:00,3.4148,3.4148,3.3145,3.315,1599.30000000,1752335999999,5364.24476000,60,578.10000000,1940.68965000,0
2025-07-12 16:00:00,3.3181,3.4041,3.318,3.3956,4350.30000000,1752350399999,14669.18674000,51,2381.20000000,7991.64035000,0
2025-07-12 20:00:00,3.4057,3.4064,3.3476,3.3965,7994.60000000,1752364799999,27090.28063000,41,2059.50000000,6951.02255000,0
2025-07-13 00:00:00,3.4053,3.4195,3.3698,3.4079,2618.60000000,1752379199999,8916.92707000,36,503.80000000,1717.60734000,0
2025-07-13 04:00:00,3.4129,3.448,3.3996,3.448,759.50000000,1752393599999,2606.28642000,31,441.10000000,1513.30310000,0
2025-07-13 08:00:00,3.4392,3.4515,3.417,3.4198,479.70000000,1752407999999,1650.99951000,7,401.60000000,1383.05453000,0
2025-07-13 12:00:00,3.4463,3.5316,3.4439,3.4701,5983.00000000,1752422399999,20929.97609000,100,5807.60000000,20316.87959000,0
2025-07-13 16:00:00,3.4965,3.5227,3.4454,3.5102,11961.30000000,1752436799999,41782.40797000,69,8230.50000000,28845.34546000,0
2025-07-13 20:00:00,3.4864,3.5054,3.4317,3.4891,2445.90000000,1752451199999,8490.05899000,51,1586.90000000,5527.93980000,0
2025-07-14 00:00:00,3.4928,3.8719,3.4805,3.8252,30429.10000000,1752465599999,112794.20562000,523,22946.80000000,84981.66990000,0
2025-07-14 04:00:00,3.8004,3.9622,3.7899,3.939,17022.50000000,1752479999999,65843.23320000,218,4527.20000000,17624.84296000,0
2025-07-14 08:00:00,3.9514,3.9922,3.8923,3.934,3524.60000000,1752494399999,13913.24012000,80,3028.80000000,11970.41306000,0
2025-07-14 12:00:00,3.958,3.9984,3.84,3.84,8585.30000000,1752508799999,33886.93341000,129,4763.20000000,18887.89058000,0
2025-07-14 16:00:00,3.892,3.916,3.8186,3.8189,12547.70000000,1752523199999,48380.72117000,106,6256.60000000,24167.69943000,0
2025-07-14 20:00:00,3.8384,3.8909,3.8164,3.8593,7133.50000000,1752537599999,27679.79789000,43,5732.90000000,22251.07767000,0
2025-07-15 00:00:00,3.8798,3.9658,3.8164,3.9024,21735.90000000,1752551999999,84855.47159000,147,8055.10000000,31556.92308000,0
2025-07-15 04:00:00,3.8812,4.0,3.8549,3.9141,8267.60000000,1752566399999,32756.54345000,135,4516.70000000,17928.86494000,0
2025-07-15 08:00:00,3.867,3.9799,3.851,3.9383,4895.00000000,1752580799999,19271.86881000,45,2889.90000000,11370.76880000,0
2025-07-15 12:00:00,3.9447,4.0497,3.8933,3.9747,5987.50000000,1752595199999,23773.01710000,184,4764.20000000,18945.25661000,0
2025-07-15 16:00:00,3.9747,4.0971,3.9601,3.9635,22314.30000000,1752609599999,89581.81281000,212,17999.30000000,72315.91485000,0
2025-07-15 20:00:00,3.96,4.1087,3.9432,4.0922,9862.10000000,1752623999999,40184.57203000,132,7043.50000000,28747.88155000,0
2025-07-16 00:00:00,4.1057,4.1057,3.9669,4.034,6920.80000000,1752638399999,27873.89011000,100,4805.80000000,19363.41887000,0
2025-07-16 04:00:00,4.0339,4.034,3.9689,4.0084,16059.50000000,1752652799999,64743.78938000,36,5069.00000000,20432.94723000,0
2025-07-16 08:00:00,4.01,4.0693,4.0031,4.022,5277.10000000,1752667199999,21193.03137000,73,2635.50000000,10581.97354000,0
2025-07-16 12:00:00,4.0221,4.06,3.9728,4.0101,27473.60000000,1752681599999,110817.00315000,139,8536.40000000,34421.26587000,0
2025-07-16 16:00:00,4.0065,4.0599,3.9656,4.0,20011.70000000,1752695999999,80171.65713000,111,11385.70000000,45621.39759000,0
2025-07-16 20:00:00,4.0376,4.0684,3.9287,3.9448,15586.80000000,1752710399999,62290.63068000,128,4208.50000000,16942.01862000,0
2025-07-17 00:00:00,3.9422,3.9862,3.8741,3.9116,22908.50000000,1752724799999,89738.75051000,152,10385.90000000,40583.41734000,0
2025-07-17 04:00:00,3.8976,4.0088,3.8976,3.9943,5210.60000000,1752739199999,20541.63769000,98,3709.70000000,14629.51138000,0
2025-07-17 08:00:00,4.0102,4.0739,3.9849,4.0275,7819.60000000,1752753599999,31578.40872000,107,6689.50000000,27042.21256000,0
2025-07-17 12:00:00,4.0032,4.0428,3.9287,4.0428,3502.80000000,1752767999999,13992.92463000,80,1850.00000000,7415.73155000,0
2025-07-17 16:00:00,4.0428,4.0435,3.96,3.96,3997.00000000,1752782399999,15999.15681000,71,1817.80000000,7310.24654000,0
2025-07-17 20:00:00,3.955,4.0561,3.9132,4.0101,37760.00000000,1752796799999,150765.33761000,180,31414.90000000,125324.91576000,0
2025-07-18 00:00:00,4.0024,4.0523,3.9434,4.0277,62969.10000000,1752811199999,249773.82615000,187,48913.40000000,193893.60923000,0
2025-07-18 04:00:00,4.0161,4.2424,3.9912,4.0459,51945.20000000,1752825599999,215434.55841000,473,42200.20000000,175126.95369000,0
2025-07-18 08:00:00,4.0422,4.0617,3.96,4.0048,6853.70000000,1752839999999,27537.18841000,90,2069.70000000,8379.65630000,0
2025-07-18 12:00:00,3.9929,4.0303,3.8138,3.857,26048.10000000,1752854399999,101906.76016000,213,4396.20000000,17089.78954000,0
2025-07-18 16:00:00,3.857,3.9254,3.7595,3.8128,22823.80000000,1752868799999,88343.22919000,143,6669.90000000,25866.75851000,0
2025-07-18 20:00:00,3.8128,3.8128,3.6556,3.762,17153.60000000,1752883199999,64588.61847000,157,8275.80000000,31323.47953000,0
2025-07-19 00:00:00,3.7932,3.8055,3.6945,3.8055,7003.00000000,1752897599999,26335.92991000,97,4086.00000000,15458.54580000,0
2025-07-19 04:00:00,3.8062,3.822,3.7674,3.7853,27994.30000000,1752911999999,106158.52091000,50,24803.60000000,94041.45559000,0
2025-07-19 08:00:00,3.7698,3.8092,3.7405,3.8092,3367.40000000,1752926399999,12647.46306000,38,327.30000000,1238.16661000,0
2025-07-19 12:00:00,3.7753,3.8068,3.7497,3.7824,2334.10000000,1752940799999,8826.44604000,48,1322.70000000,5023.94453000,0
2025-07-19 16:00:00,3.7696,3.8037,3.7687,3.7785,2668.70000000,1752955199999,10086.65806000,15,1485.60000000,5614.44413000,0
2025-07-19 20:00:00,3.7747,3.8546,3.7746,3.8375,9412.40000000,1752969599999,36029.45185000,109,7043.30000000,26987.15346000,0
2025-07-20 00:00:00,3.8241,3.8908,3.8241,3.8612,4151.90000000,1752983999999,16011.19751000,61,3643.60000000,14055.84235000,0
2025-07-20 04:00:00,3.8599,3.9728,3.849,3.9652,7778.80000000,1752998399999,30318.07479000,102,4327.40000000,16955.32801000,0
2025-07-20 08:00:00,3.9556,3.9944,3.9449,3.9791,12548.80000000,1753012799999,49756.25059000,79,2611.20000000,10384.16530000,0
2025-07-20 12:00:00,3.9793,4.0364,3.9675,4.0125,5335.60000000,1753027199999,21398.82684000,91,4021.50000000,16134.48382000,0
2025-07-20 16:00:00,4.0138,4.017,3.8057,3.9505,28260.10000000,1753041599999,111212.19660000,276,9868.80000000,38898.50262000,0
2025-07-20 20:00:00,3.9318,3.9437,3.8137,3.8847,7083.60000000,1753055999999,27726.42614000,116,3612.00000000,14108.24587000,0
2025-07-21 00:00:00,3.8846,4.003,3.8436,3.9794,20516.20000000,1753070399999,81424.64681000,138,11364.30000000,44994.10858000,0
2025-07-21 04:00:00,3.9741,4.0237,3.9635,3.9858,3775.70000000,1753084799999,15111.52924000,71,3410.10000000,13653.01595000,0
2025-07-21 08:00:00,3.9951,4.0686,3.9681,4.0275,31438.50000000,1753099199999,126512.68652000,159,15249.20000000,61477.08143000,0
2025-07-21 12:00:00,4.0154,4.0903,3.9844,4.0034,12550.40000000,1753113599999,50735.88872000,134,10006.60000000,40469.27544000,0
2025-07-21 16:00:00,3.9914,4.01,3.9265,3.9437,16335.90000000,1753127999999,64863.14788000,121,1092.80000000,4361.24231000,0
2025-07-21 20:00:00,3.9555,3.9862,3.9342,3.9675,2802.50000000,1753142399999,11127.94935000,47,2672.30000000,10612.42696000,0
2025-07-22 00:00:00,3.9675,4.0307,3.8706,3.9437,12776.50000000,1753156799999,50527.96571000,216,6055.60000000,24144.13489000,0
2025-07-22 04:00:00,3.9485,3.9485,3.8223,3.8729,5295.30000000,1753171199999,20492.04138000,136,1283.20000000,4958.54673000,0
2025-07-22 08:00:00,3.8627,3.901,3.8096,3.901,2955.40000000,1753185599999,11403.36298000,86,505.70000000,1960.17679000,0
2025-07-22 12:00:00,3.888,3.9556,3.8436,3.8938,8231.70000000,1753199999999,32236.39900000,136,6782.90000000,26589.32329000,0
2025-07-22 16:00:00,3.9331,3.9911,3.8938,3.92,7343.70000000,1753214399999,28981.96308000,95,5792.10000000,22895.55437000,0
2025-07-22 20:00:00,3.9433,4.0227,3.9433,4.0128,13828.00000000,1753228799999,55179.91813000,106,12751.60000000,50894.79607000,0
2025-07-23 00:00:00,3.9942,4.0114,3.9384,3.9384,716.00000000,1753243199999,2839.73979000,42,223.40000000,891.13718000,0
2025-07-23 04:00:00,3.9387,4.0189,3.9283,3.9283,1220.90000000,1753257599999,4847.58842000,47,328.70000000,1315.21508000,0
2025-07-23 08:00:00,3.9277,3.9277,3.88,3.9044,4358.20000000,1753271999999,16964.83857000,44,246.00000000,959.76355000,0
2025-07-23 12:00:00,3.9027,3.9091,3.68,3.819,10990.70000000,1753286399999,41419.84276000,192,1983.40000000,7533.69217000,0
2025-07-23 16:00:00,3.8172,3.8172,3.64,3.6994,9960.50000000,1753300799999,36775.42400000,98,650.90000000,2421.97488000,0
2025-07-23 20:00:00,3.6901,3.7289,3.5874,3.726,8277.50000000,1753315199999,30243.67394000,170,2965.50000000,10856.91872000,0
2025-07-24 00:00:00,3.7127,3.7932,3.7127,3.77,1175.50000000,1753329599999,4429.60307000,64,989.80000000,3729.34438000,0
2025-07-24 04:00:00,3.7527,3.7662,3.5161,3.6517,12665.60000000,1753343999999,45704.26761000,206,7725.80000000,28118.58803000,0
2025-07-24 08:00:00,3.6339,3.7405,3.6339,3.7405,1771.50000000,1753358399999,6541.59686000,60,1672.60000000,6177.21755000,0
2025-07-24 12:00:00,3.726,3.8399,3.6778,3.8327,8210.00000000,1753372799999,30654.10079000,140,5442.20000000,20218.91444000,0
2025-07-24 16:00:00,3.8292,3.87,3.7497,3.8208,10604.50000000,1753387199999,40453.28130000,124,2573.70000000,9908.33354000,0
2025-07-24 20:00:00,3.8204,3.8443,3.6994,3.7117,1201.70000000,1753401599999,4528.43283000,72,381.70000000,1449.52224000,0
2025-07-25 00:00:00,3.6994,3.7079,3.5943,3.6203,7485.10000000,1753415999999,27214.81219000,124,2288.30000000,8322.87915000,0
2025-07-25 04:00:00,3.608,3.6845,3.5932,3.6469,987.00000000,1753430399999,3604.75485000,69,749.90000000,2740.04512000,0
2025-07-25 08:00:00,3.6599,3.781,3.6469,3.7639,1487.20000000,1753444799999,5564.52209000,76,999.20000000,3750.01173000,0
2025-07-25 12:00:00,3.7796,3.7796,3.6469,3.6731,2140.20000000,1753459199999,7922.24831000,83,859.50000000,3203.17890000,0
2025-07-25 16:00:00,3.6731,3.8478,3.6599,3.8341,3737.90000000,1753473599999,14039.14914000,128,2493.30000000,9461.02713000,0
2025-07-25 20:00:00,3.8358,4.0017,3.8358,3.9436,18727.20000000,1753487999999,73712.61276000,209,17709.20000000,69699.38845000,0
2025-07-26 00:00:00,3.9476,3.9927,3.9363,3.9805,2248.10000000,1753502399999,8893.87186000,50,1875.00000000,7416.54914000,0
2025-07-26 04:00:00,3.987,4.0158,3.972,3.9775,2535.60000000,1753516799999,10141.23824000,54,2345.60000000,9383.48088000,0
2025-07-26 08:00:00,3.9923,4.0712,3.9923,4.0539,3187.90000000,1753531199999,12862.09917000,81,2973.30000000,11996.32527000,0
2025-07-26 12:00:00,4.0491,4.2,4.0351,4.2,30610.60000000,1753545599999,126817.92982000,281,26320.80000000,109020.52361000,0
2025-07-26 16:00:00,4.2008,4.339,4.1716,4.2122,37019.30000000,1753559999999,158377.48363000,380,23966.90000000,102613.69698000,0
2025-07-26 20:00:00,4.1836,4.2084,4.1497,4.1503,4915.90000000,1753574399999,20550.22162000,76,1837.60000000,7706.46172000,0
2025-07-27 00:00:00,4.16,4.2165,4.1238,4.2102,2249.10000000,1753588799999,9374.59407000,77,1621.90000000,6757.39849000,0
2025-07-27 04:00:00,4.2098,4.2523,4.1908,4.2084,1595.70000000,1753603199999,6715.42082000,56,718.20000000,3030.48118000,0
2025-07-27 08:00:00,4.2308,4.2942,4.1709,4.2733,780.60000000,1753617599999,3307.20668000,74,504.30000000,2144.93157000,0
2025-07-27 12:00:00,4.2918,4.4221,4.2166,4.231,29211.90000000,1753631999999,126005.18889000,389,27013.30000000,116557.13009000,0
2025-07-27 16:00:00,4.2505,4.3654,4.2505,4.3348,2954.10000000,1753646399999,12777.06010000,100,2120.00000000,9185.79490000,0
2025-07-27 20:00:00,4.3294,4.3711,4.3049,4.3337,12521.70000000,1753660799999,54137.31439000,92,11620.20000000,50238.63513000,0
2025-07-28 00:00:00,4.336,4.4417,4.244,4.2838,10707.00000000,1753675199999,46288.65892000,245,4169.20000000,18178.15369000,0
2025-07-28 04:00:00,4.2764,4.3205,4.2302,4.25,4916.10000000,1753689599999,20984.63080000,83,907.30000000,3900.38278000,0
2025-07-28 08:00:00,4.2399,4.2558,4.2134,4.2452,1060.90000000,1753703999999,4490.40778000,47,298.70000000,1266.35730000,0
2025-07-28 12:00:00,4.2335,4.2495,4.0513,4.0675,15759.90000000,1753718399999,65145.21745000,280,5413.90000000,22439.84457000,0
2025-07-28 16:00:00,4.0513,4.0823,3.969,3.9832,10257.10000000,1753732799999,41171.44370000,197,2568.90000000,10353.89752000,0
2025-07-28 20:00:00,3.9986,3.9993,3.8925,3.8925,9896.70000000,1753747199999,38974.33470000,124,789.50000000,3130.44982000,0
2025-07-29 00:00:00,3.8972,3.9773,3.8825,3.9451,2878.70000000,1753761599999,11308.77882000,122,1657.90000000,6522.43313000,0
2025-07-29 04:00:00,3.9493,3.998,3.9343,3.998,7488.90000000,1753775999999,29717.10621000,57,5900.60000000,23450.43411000,0
2025-07-29 08:00:00,3.9999,4.0007,3.8752,3.9107,2210.80000000,1753790399999,8685.74486000,59,195.80000000,772.58141000,0
2025-07-29 12:00:00,3.8925,3.9214,3.7783,3.802,7597.20000000,1753804799999,29120.17473000,169,708.20000000,2717.50832000,0
2025-07-29 16:00:00,3.8101,3.8612,3.7545,3.8237,4285.40000000,1753819199999,16335.12535000,100,1304.00000000,4974.26645000,0
2025-07-29 20:00:00,3.8,3.8366,3.78,3.8057,1428.20000000,1753833599999,5422.46276000,39,405.30000000,1543.93570000,0
2025-07-30 00:00:00,3.8,3.8417,3.76,3.8386,1005.80000000,1753847999999,3822.44544000,43,475.90000000,1819.04120000,0
2025-07-30 04:00:00,3.8153,3.82,3.7697,3.7783,3501.30000000,1753862399999,13369.29263000,29,218.30000000,830.81977000,0
2025-07-30 08:00:00,3.7697,3.7848,3.6938,3.7024,19303.30000000,1753876799999,72331.65457000,85,101.50000000,382.24848000,0
2025-07-30 12:00:00,3.6973,3.8318,3.673,3.7814,3511.30000000,1753891199999,13204.36205000,211,1592.80000000,6020.07420000,0
2025-07-30 16:00:00,3.7961,3.8147,3.6295,3.7787,7192.50000000,1753905599999,26843.51653000,172,1671.00000000,6269.26181000,0
2025-07-30 20:00:00,3.7787,3.7899,3.7226,3.7546,1839.80000000,1753919999999,6906.31709000,39,774.80000000,2914.52189000,0
2025-07-31 00:00:00,3.7595,3.8766,3.7459,3.8766,2820.80000000,1753934399999,10807.13955000,71,2588.50000000,9923.66925000,0
2025-07-31 04:00:00,3.858,3.9255,3.8306,3.9238,5196.80000000,1753948799999,20082.44260000,48,5133.30000000,19837.51440000,0
2025-07-31 08:00:00,3.9284,3.9553,3.8777,3.8777,1550.40000000,1753963199999,6072.53178000,43,968.40000000,3808.78759000,0
2025-07-31 12:00:00,3.8776,3.8919,3.7263,3.7687,4130.60000000,1753977599999,15634.07822000,118,1283.00000000,4872.17017000,0
2025-07-31 16:00:00,3.7697,3.8306,3.688,3.6925,5399.00000000,1753991999999,20218.32904000,100,529.80000000,2011.00451000,0
2025-07-31 20:00:00,3.688,3.7095,3.591,3.6211,11788.40000000,1754006399999,42877.20500000,133,4424.40000000,16113.83403000,0
2025-08-01 00:00:00,3.5925,3.6359,3.501,3.6069,8200.10000000,1754020799999,29117.95716000,182,2939.80000000,10513.56737000,0
2025-08-01 04:00:00,3.5932,3.5973,3.5,3.5211,7773.40000000,1754035199999,27290.25753000,85,3385.40000000,11890.56190000,0
2025-08-01 08:00:00,3.507,3.5207,3.4424,3.5171,6647.40000000,1754049599999,23198.61299000,105,714.40000000,2502.06500000,0
2025-08-01 12:00:00,3.5084,3.5531,3.4236,3.5495,2745.40000000,1754063999999,9591.05754000,141,908.50000000,3201.44539000,0
2025-08-01 16:00:00,3.5531,3.5932,3.5176,3.5656,3679.00000000,1754078399999,13035.69083000,115,1437.80000000,5107.51250000,0
2025-08-01 20:00:00,3.5568,3.5729,3.36,3.468,18141.40000000,1754092799999,62198.74498000,182,11520.70000000,39581.02059000,0
2025-08-02 00:00:00,3.4512,3.5127,3.4512,3.493,8946.50000000,1754107199999,31301.13543000,63,7419.80000000,25975.62016000,0
2025-08-02 04:00:00,3.507,3.5316,3.4313,3.5103,714.30000000,1754121599999,2510.40648000,44,633.60000000,2231.51855000,0
2025-08-02 08:00:00,3.493,3.493,3.3963,3.4286,2839.10000000,1754135999999,9780.39325000,43,2448.60000000,8433.10559000,0
2025-08-02 12:00:00,3.4099,3.4374,3.3513,3.3513,4172.80000000,1754150399999,14121.69602000,54,2376.80000000,8045.21418000,0
2025-08-02 16:00:00,3.3691,3.3956,3.2715,3.3266,16387.10000000,1754164799999,54568.43242000,169,4893.50000000,16329.64242000,0
2025-08-02 20:00:00,3.3287,3.3699,3.3031,3.3544,4632.30000000,1754179199999,15492.46400000,60,2887.50000000,9660.62496000,0
2025-08-03 00:00:00,3.3292,3.4199,3.2888,3.4199,3738.30000000,1754193599999,12624.60659000,71,1838.60000000,6225.13144000,0
2025-08-03 04:00:00,3.4147,3.4236,3.3938,3.4132,4936.20000000,1754207999999,16802.07821000,56,220.90000000,754.23192000,0
2025-08-03 08:00:00,3.4258,3.479,3.4258,3.4528,1260.50000000,1754222399999,4346.89750000,26,1133.30000000,3910.17480000,0
2025-08-03 12:00:00,3.452,3.4656,3.4099,3.4236,2754.50000000,1754236799999,9474.95355000,44,718.30000000,2465.95139000,0
2025-08-03 16:00:00,3.4251,3.465,3.4088,3.4288,7645.20000000,1754251199999,26224.00828000,85,4760.20000000,16360.29791000,0
2025-08-03 20:00:00,3.4236,3.4714,3.4236,3.4419,3272.10000000,1754265599999,11295.21475000,32,2731.00000000,9427.91408000,0
2025-08-04 00:00:00,3.4374,3.524,3.4374,3.4927,3030.00000000,1754279999999,10571.39157000,76,2451.80000000,8563.48299000,0
2025-08-04 04:00:00,3.5006,3.5082,3.4577,3.493,1808.80000000,1754294399999,6331.50992000,39,1756.70000000,6150.84992000,0
2025-08-04 08:00:00,3.479,3.479,3.4146,3.4146,400.80000000,1754308799999,1383.13432000,28,8.00000000,27.47014000,0
2025-08-04 12:00:00,3.4374,3.5573,3.4374,3.5068,5674.50000000,1754323199999,20021.28686000,111,5305.30000000,18733.57223000,0
2025-08-04 16:00:00,3.507,3.63,3.5039,3.5154,6794.50000000,1754337599999,24427.05836000,106,6012.10000000,21647.93881000,0
2025-08-04 20:00:00,3.5211,3.6069,3.5211,3.5925,338.00000000,1754351999999,1208.89783000,27,324.60000000,1160.90311000,0
2025-08-05 00:00:00,3.5782,3.5925,3.493,3.493,1303.90000000,1754366399999,4655.10277000,36,1036.50000000,3708.10513000,0
2025-08-05 04:00:00,3.4895,3.5217,3.4262,3.4374,1303.60000000,1754380799999,4538.25941000,49,539.70000000,1891.66468000,0
2025-08-05 08:00:00,3.4512,3.5704,3.4512,3.5704,1147.90000000,1754395199999,4026.42105000,50,580.00000000,2048.78631000,0
2025-08-05 12:00:00,3.5559,3.5559,3.3757,3.3757,3249.50000000,1754409599999,11130.08200000,115,1396.90000000,4799.38147000,0
2025-08-05 16:00:00,3.3963,3.4236,3.3757,3.3757,933.90000000,1754423999999,3177.21285000,38,209.60000000,714.07956000,0
2025-08-05 20:00:00,3.3963,3.4195,3.3488,3.4195,840.70000000,1754438399999,2847.63810000,49,190.50000000,647.99940000,0
2025-08-06 00:00:00,3.3993,3.4108,3.3364,3.3447,9645.20000000,1754452799999,32633.82354000,64,1061.50000000,3578.67082000,0
2025-08-06 04:00:00,3.3423,3.4541,3.3422,3.4541,997.10000000,1754467199999,3350.46421000,50,378.00000000,1280.33078000,0
2025-08-06 08:00:00,3.4541,3.4649,3.3963,3.4099,219.40000000,1754481599999,753.44029000,31,104.80000000,362.03187000,0
2025-08-06 12:00:00,3.4156,3.493,3.3757,3.493,4852.90000000,1754495999999,16786.88140000,105,4585.70000000,15876.62347000,0
2025-08-06 16:00:00,3.4987,3.5241,3.4651,3.4971,865.20000000,1754510399999,3021.61943000,46,306.80000000,1074.68441000,0
2025-08-06 20:00:00,3.5021,3.5161,3.4839,3.5093,4162.00000000,1754524799999,14559.42954000,27,466.10000000,1632.30954000,0
2025-08-07 00:00:00,3.493,3.5135,3.454,3.4551,1760.10000000,1754539199999,6129.85177000,41,1270.60000000,4421.64004000,0
2025-08-07 04:00:00,3.4515,3.5267,3.4489,3.5267,5327.20000000,1754553599999,18471.49780000,47,891.00000000,3120.81596000,0
2025-08-07 08:00:00,3.5293,3.7234,3.4976,3.7177,10252.80000000,1754567999999,37587.70842000,156,4533.30000000,16367.73092000,0
2025-08-07 12:00:00,3.7226,3.7787,3.705,3.7356,8469.00000000,1754582399999,31632.10857000,139,4235.60000000,15865.17762000,0
2025-08-07 16:00:00,3.7392,3.75,3.6401,3.7395,13722.80000000,1754596799999,50759.41565000,173,9832.70000000,36518.11867000,0
2025-08-07 20:00:00,3.7291,3.7872,3.7255,3.7872,6768.20000000,1754611199999,25378.08952000,86,4268.40000000,16014.50469000,0
2025-08-08 00:00:00,3.7896,3.8079,3.7341,3.7704,2210.90000000,1754625599999,8339.95272000,147,1147.30000000,4339.78475000,0
2025-08-08 04:00:00,3.7713,3.8768,3.7546,3.8426,6803.60000000,1754639999999,26064.20642000,122,5737.50000000,22029.65535000,0
2025-08-08 08:00:00,3.8615,3.8819,3.7783,3.8389,984.40000000,1754654399999,3758.39550000,59,357.30000000,1373.26641000,0
2025-08-08 12:00:00,3.826,3.8674,3.72,3.7546,18411.30000000,1754668799999,69878.99531000,186,573.50000000,2198.37439000,0
2025-08-08 16:00:00,3.7581,3.8765,3.7581,3.8421,3404.40000000,1754683199999,13011.24103000,128,1152.30000000,4424.87804000,0
2025-08-08 20:00:00,3.8615,3.8841,3.8338,3.8338,1061.00000000,1754697599999,4091.61798000,47,516.60000000,1999.22383000,0
2025-08-09 00:00:00,3.8381,3.934,3.8306,3.8939,3141.80000000,1754711999999,12187.83394000,131,1942.30000000,7557.79644000,0
2025-08-09 04:00:00,3.8771,3.9782,3.8723,3.8932,5752.50000000,1754726399999,22540.66716000,185,2287.10000000,9022.79129000,0
2025-08-09 08:00:00,3.9121,3.9599,3.907,3.921,21330.70000000,1754740799999,83663.23031000,78,1111.10000000,4379.55639000,0
2025-08-09 12:00:00,3.921,3.9745,3.8813,3.924,8399.40000000,1754755199999,32951.59175000,101,980.20000000,3860.77828000,0
2025-08-09 16:00:00,3.9395,3.9728,3.921,3.9548,9311.10000000,1754769599999,36785.63451000,118,8404.50000000,33215.75856000,0
2025-08-09 20:00:00,3.9418,3.963,3.8885,3.9079,4877.50000000,1754783999999,19173.52227000,58,4542.70000000,17862.06603000,0
2025-08-10 00:00:00,3.908,3.9711,3.8837,3.971,6694.20000000,1754798399999,26391.86136000,89,1417.70000000,5560.79970000,0
2025-08-10 04:00:00,3.9471,3.9965,3.8088,3.8153,7309.70000000,1754812799999,28928.92486000,145,4547.70000000,18060.44344000,0
2025-08-10 08:00:00,3.8057,3.8559,3.7831,3.8255,691.30000000,1754827199999,2635.28817000,50,111.30000000,426.38967000,0
2025-08-10 12:00:00,3.8175,3.8641,3.8,3.8615,1923.10000000,1754841599999,7387.33045000,44,1183.00000000,4546.68299000,0
2025-08-10 16:00:00,3.8674,3.8941,3.8549,3.8941,1046.20000000,1754855999999,4055.64888000,48,430.30000000,1672.44591000,0
2025-08-10 20:00:00,3.8948,3.8948,3.8233,3.8807,3428.10000000,1754870399999,13248.92002000,54,357.40000000,1383.96292000,0
2025-08-11 00:00:00,3.8772,3.971,3.8534,3.9553,7047.50000000,1754884799999,27747.36976000,167,6342.40000000,24983.86453000,0
2025-08-11 04:00:00,3.9445,3.9606,3.837,3.837,3768.90000000,1754899199999,14734.47165000,85,1417.60000000,5603.70665000,0
2025-08-11 08:00:00,3.8343,3.8769,3.715,3.7395,4155.50000000,1754913599999,15745.78399000,111,488.20000000,1873.76604000,0
2025-08-11 12:00:00,3.7246,3.7783,3.6989,3.7121,7035.20000000,1754927999999,26369.91122000,129,1592.20000000,5967.61309000,0
2025-08-11 16:00:00,3.715,3.7783,3.6642,3.6948,5130.90000000,1754942399999,19109.12293000,128,817.40000000,3059.84837000,0
2025-08-11 20:00:00,3.6948,3.705,3.6218,3.6604,13338.00000000,1754956799999,48934.65174000,123,3563.10000000,13131.64049000,0
2025-08-12 00:00:00,3.6653,3.7097,3.6653,3.681,3596.10000000,1754971199999,13247.19820000,55,1455.30000000,5365.64388000,0
2025-08-12 04:00:00,3.681,3.699,3.6401,3.6874,488.00000000,1754985599999,1788.83700000,28,327.90000000,1200.92515000,0
2025-08-12 08:00:00,3.6774,3.6877,3.6069,3.636,1557.40000000,1754999999999,5661.14147000,54,128.70000000,472.16979000,0
2025-08-12 12:00:00,3.6313,3.8164,3.6313,3.815,3338.40000000,1755014399999,12483.64606000,155,2977.40000000,11127.74094000,0
2025-08-12 16:00:00,3.8111,3.9028,3.7904,3.889,6843.30000000,1755028799999,26174.08536000,127,5805.20000000,22181.22389000,0
2025-08-12 20:00:00,3.9054,3.933,3.8667,3.8924,3285.80000000,1755043199999,12842.43725000,68,2877.70000000,11252.67394000,0
2025-08-13 00:00:00,3.8925,3.921,3.82,3.921,9411.50000000,1755057599999,36347.19634000,89,5181.40000000,20098.15640000,0
2025-08-13 04:00:00,3.9238,3.9367,3.846,3.8973,2596.70000000,1755071999999,10065.27336000,49,571.00000000,2224.61697000,0
2025-08-13 08:00:00,3.9081,4.0617,3.9081,4.0402,10350.90000000,1755086399999,41242.61721000,281,8613.60000000,34282.32909000,0
2025-08-13 12:00:00,4.0481,4.0712,3.92,3.9395,13801.10000000,1755100799999,55056.08009000,225,8000.70000000,32019.35564000,0
2025-08-13 16:00:00,3.9626,4.003,3.9487,3.99,5505.00000000,1755115199999,21892.27505000,84,3657.30000000,14553.86342000,0
2025-08-13 20:00:00,3.9766,4.0346,3.9628,4.0269,4228.60000000,1755129599999,16893.61189000,82,2939.30000000,11757.60776000,0
2025-08-14 00:00:00,4.003,4.1736,3.9729,4.1569,19957.70000000,1755143999999,80969.82796000,334,15646.40000000,63549.03219000,0
2025-08-14 04:00:00,4.1633,4.1633,3.9902,4.0139,6441.50000000,1755158399999,26153.77679000,134,522.80000000,2143.19896000,0
2025-08-14 08:00:00,3.9902,4.001,3.91,3.9515,21204.20000000,1755172799999,84636.09448000,123,9413.30000000,37553.24792000,0
2025-08-14 12:00:00,3.9376,3.9854,3.6969,3.8305,19798.10000000,1755187199999,75484.39662000,373,1333.10000000,5100.68993000,0
2025-08-14 16:00:00,3.8261,3.8261,3.7153,3.7395,7717.80000000,1755201599999,29120.20956000,107,410.00000000,1554.24562000,0
2025-08-14 20:00:00,3.7255,3.7696,3.6527,3.7696,5211.00000000,1755215999999,19343.84911000,119,2099.20000000,7861.35895000,0
2025-08-15 00:00:00,3.7692,3.8355,3.7546,3.8355,2965.60000000,1755230399999,11229.15699000,99,2684.50000000,10164.58714000,0
2025-08-15 04:00:00,3.8355,3.8582,3.8,3.846,3748.40000000,1755244799999,14388.16462000,67,3352.00000000,12870.81825000,0
2025-08-15 08:00:00,3.8567,3.8803,3.8117,3.8306,1550.90000000,1755259199999,5972.96927000,48,1303.60000000,5021.40722000,0
2025-08-15 12:00:00,3.8352,3.8728,3.6335,3.6506,6032.50000000,1755273599999,22275.23852000,158,527.30000000,2005.02875000,0
2025-08-15 16:00:00,3.6635,3.708,3.6257,3.6653,4485.10000000,1755287999999,16494.92102000,97,1731.70000000,6402.76462000,0
2025-08-15 20:00:00,3.6506,3.7519,3.6473,3.7097,1766.20000000,1755302399999,6490.37323000,64,921.20000000,3396.79633000,0
2025-08-16 00:00:00,3.7097,3.7653,3.7097,3.7246,441.80000000,1755316799999,1650.42258000,36,205.20000000,768.93101000,0
2025-08-16 04:00:00,3.7395,3.7442,3.7001,3.7246,10846.50000000,1755331199999,40450.37834000,65,24.10000000,89.60024000,0
2025-08-16 08:00:00,3.7318,3.7405,3.687,3.6948,498.00000000,1755345599999,1843.92635000,30,43.80000000,162.60949000,0
2025-08-16 12:00:00,3.681,3.7707,3.6705,3.7613,3808.20000000,1755359999999,14167.60313000,45,3335.80000000,12416.43217000,0
2025-08-16 16:00:00,3.7697,3.7787,3.7461,3.7658,5965.60000000,1755374399999,22423.44093000,57,3250.50000000,12206.19853000,0
2025-08-16 20:00:00,3.7546,3.7796,3.7546,3.7737,949.10000000,1755388799999,3581.26161000,16,927.20000000,3498.94829000,0
2025-08-17 00:00:00,3.775,3.7932,3.7435,3.7705,318.70000000,1755403199999,1203.46900000,20,215.80000000,817.58864000,0
2025-08-17 04:00:00,3.794,3.8287,3.7901,3.7982,4261.30000000,1755417599999,16187.44593000,58,2980.40000000,11328.44799000,0
2025-08-17 08:00:00,3.7876,3.844,3.7876,3.844,813.70000000,1755431999999,3101.08532000,27,362.20000000,1386.20639000,0
2025-08-17 12:00:00,3.8416,3.877,3.8002,3.877,4663.30000000,1755446399999,17924.95458000,71,1872.00000000,7212.39645000,0
2025-08-17 16:00:00,3.8803,3.8907,3.7737,3.7848,1697.80000000,1755460799999,6470.50586000,46,191.00000000,734.58035000,0
2025-08-17 20:00:00,3.788,3.8171,3.76,3.76,1912.30000000,1755475199999,7212.74046000,32,469.80000000,1777.34588000,0
2025-08-18 00:00:00,3.76,3.7643,3.6006,3.6214,10060.80000000,1755489599999,37001.87927000,136,167.50000000,617.67610000,0
2025-08-18 04:00:00,3.6271,3.6436,3.55,3.55,10705.80000000,1755503999999,38593.92192000,124,3383.30000000,12252.45953000,0
2025-08-18 08:00:00,3.5515,3.5737,3.5218,3.545,4805.20000000,1755518399999,17015.80915000,48,673.30000000,2375.62721000,0
2025-08-18 12:00:00,3.5495,3.61,3.5466,3.61,15058.80000000,1755532799999,53527.77442000,105,9084.30000000,32313.24460000,0
2025-08-18 16:00:00,3.6178,3.6543,3.5898,3.6214,963.70000000,1755547199999,3488.23404000,56,663.60000000,2406.89021000,0
2025-08-18 20:00:00,3.6262,3.6661,3.5952,3.6066,819.10000000,1755561599999,2985.11464000,46,545.90000000,1994.09466000,0
2025-08-19 00:00:00,3.616,3.6458,3.5161,3.5292,5071.60000000,1755575999999,18146.83533000,112,2044.90000000,7337.65900000,0
2025-08-19 04:00:00,3.5162,3.5573,3.4896,3.5211,3702.40000000,1755590399999,12997.45560000,77,671.40000000,2373.21266000,0
2025-08-19 08:00:00,3.507,3.6718,3.507,3.6589,4254.70000000,1755604799999,15326.59938000,152,3752.20000000,13530.93570000,0
2025-08-19 12:00:00,3.6362,3.6362,3.4886,3.4986,3102.10000000,1755619199999,10983.89267000,112,1637.20000000,5799.29890000,0
2025-08-19 16:00:00,3.4864,3.4994,3.4286,3.4512,6699.60000000,1755633599999,23196.36143000,138,2337.40000000,8146.70420000,0
2025-08-19 20:00:00,3.4374,3.479,3.4198,3.4198,3815.50000000,1755647999999,13179.91112000,51,2812.90000000,9738.05080000,0
2025-08-20 00:00:00,3.4374,3.4891,3.4323,3.4736,13132.90000000,1755662399999,45362.84085000,74,836.80000000,2897.25826000,0
2025-08-20 04:00:00,3.4924,3.4974,3.4649,3.467,1091.50000000,1755676799999,3805.53007000,29,651.90000000,2277.55368000,0
2025-08-20 08:00:00,3.493,3.5171,3.4313,3.4512,684.10000000,1755691199999,2388.13615000,44,392.20000000,1375.07885000,0
2025-08-20 12:00:00,3.4649,3.5401,3.3854,3.4974,4016.40000000,1755705599999,13845.08318000,122,1285.50000000,4479.28097000,0
2025-08-20 16:00:00,3.5211,3.5822,3.5039,3.5822,2807.80000000,1755719999999,9942.61104000,69,1043.90000000,3712.38055000,0
2025-08-20 20:00:00,3.5822,3.5837,3.5495,3.5626,1836.10000000,1755734399999,6559.20201000,17,906.10000000,3232.34449000,0
2025-08-21 00:00:00,3.5626,3.5781,3.5162,3.5392,3664.20000000,1755748799999,12988.78760000,93,1272.80000000,4524.56435000,0
2025-08-21 04:00:00,3.5392,3.5475,3.485,3.507,5083.70000000,1755763199999,17948.88689000,47,359.70000000,1264.68323000,0
2025-08-21 08:00:00,3.493,3.493,3.45,3.4617,4005.30000000,1755777599999,13859.01234000,75,770.60000000,2672.84041000,0
2025-08-21 12:00:00,3.4644,3.476,3.4005,3.4099,5574.60000000,1755791999999,19156.29840000,96,4269.30000000,14688.70447000,0
2025-08-21 16:00:00,3.4077,3.4323,3.3618,3.4099,10692.70000000,1755806399999,36307.40047000,94,2092.40000000,7126.48965000,0
2025-08-21 20:00:00,3.4129,3.4433,3.4099,3.4099,1063.90000000,1755820799999,3644.93604000,29,412.00000000,1411.19196000,0
2025-08-22 00:00:00,3.4236,3.4574,3.3963,3.403,4726.00000000,1755835199999,16185.17293000,52,683.40000000,2346.97146000,0
2025-08-22 04:00:00,3.4236,3.4568,3.417,3.4568,290.30000000,1755849599999,1001.43715000,18,227.00000000,783.11241000,0
2025-08-22 08:00:00,3.4511,3.4511,3.3577,3.3577,4339.80000000,1755863999999,14869.36797000,47,3332.40000000,11427.98273000,0
2025-08-22 12:00:00,3.3556,3.6604,3.306,3.6214,12615.70000000,1755878399999,44638.67682000,384,9670.60000000,34649.76734000,0
2025-08-22 16:00:00,3.6079,3.7376,3.6079,3.7376,26539.50000000,1755892799999,97952.72897000,219,23182.10000000,85556.60366000,0
2025-08-22 20:00:00,3.7293,3.7749,3.7063,3.7469,16612.90000000,1755907199999,62099.87565000,142,6077.70000000,22755.06710000,0
2025-08-23 00:00:00,3.7503,3.7546,3.6116,3.6142,2776.70000000,1755921599999,10232.76707000,109,558.20000000,2082.67809000,0
2025-08-23 04:00:00,3.636,3.794,3.636,3.7642,18708.30000000,1755935999999,70531.31760000,134,10922.10000000,41211.83238000,0
2025-08-23 08:00:00,3.7611,3.7611,3.7207,3.7421,1508.70000000,1755950399999,5641.63328000,25,1217.70000000,4554.00189000,0
2025-08-23 12:00:00,3.7246,3.7581,3.7053,3.7053,1707.10000000,1755964799999,6372.34142000,44,987.30000000,3691.66465000,0
2025-08-23 16:00:00,3.711,3.7229,3.6783,3.7229,45058.60000000,1755979199999,166862.56385000,48,43874.00000000,162494.86957000,0
2025-08-23 20:00:00,3.7246,3.7405,3.7117,3.7393,1617.70000000,1755993599999,6027.83379000,14,1468.70000000,5474.77049000,0
2025-08-24 00:00:00,3.7468,3.7518,3.7004,3.7246,3305.80000000,1756007999999,12287.65346000,40,709.10000000,2646.64556000,0
2025-08-24 04:00:00,3.7148,3.7508,3.6778,3.6778,12197.10000000,1756022399999,45582.01684000,70,9809.20000000,36673.88752000,0
2025-08-24 08:00:00,3.6707,3.6948,3.6069,3.6214,958.20000000,1756036799999,3494.44192000,47,16.90000000,61.92489000,0
2025-08-24 12:00:00,3.6359,3.6727,3.6214,3.6403,1294.50000000,1756051199999,4714.20876000,28,1150.90000000,4192.32888000,0
2025-08-24 16:00:00,3.6453,3.846,3.6427,3.6948,8868.30000000,1756065599999,33400.59590000,287,6505.00000000,24603.66070000,0
2025-08-24 20:00:00,3.68,3.7236,3.6257,3.6766,36388.10000000,1756079999999,134082.17388000,918,7265.20000000,26828.65101000,0
2025-08-25 00:00:00,3.6851,3.735,3.5897,3.6916,13502.90000000,1756094399999,49585.84096000,130,2609.20000000,9590.42108000,0
2025-08-25 04:00:00,3.688,3.688,3.4895,3.4895,5603.40000000,1756108799999,20026.42234000,162,17.20000000,61.43536000,0
2025-08-25 08:00:00,3.4895,3.507,3.4457,3.47,5106.60000000,1756123199999,17681.00472000,62,468.70000000,1624.20746000,0
2025-08-25 12:00:00,3.4684,3.507,3.4512,3.458,12918.90000000,1756137599999,44821.04317000,64,9559.60000000,33175.33681000,0
2025-08-25 16:00:00,3.4545,3.4886,3.3778,3.3778,11377.40000000,1756151999999,39237.26161000,126,451.40000000,1563.37414000,0
2025-08-25 20:00:00,3.3712,3.3916,3.3154,3.3539,16067.90000000,1756166399999,53658.38374000,145,11495.60000000,38364.49631000,0
2025-08-26 00:00:00,3.3328,3.3937,3.3256,3.3709,2966.80000000,1756180799999,9987.51974000,56,2245.30000000,7557.49312000,0
2025-08-26 04:00:00,3.3709,3.4415,3.3709,3.4323,1114.40000000,1756195199999,3787.55380000,54,1050.00000000,3569.49757000,0
2025-08-26 08:00:00,3.4374,3.4374,3.3678,3.3678,1140.30000000,1756209599999,3876.83073000,31,474.60000000,1610.98595000,0
2025-08-26 12:00:00,3.3827,3.4471,3.3538,3.3963,1496.70000000,1756223999999,5084.78729000,92,715.00000000,2435.03301000,0
2025-08-26 16:00:00,3.4099,3.4864,3.3774,3.4864,12546.90000000,1756238399999,42809.25938000,122,3012.60000000,10327.96430000,0
2025-08-26 20:00:00,3.4704,3.499,3.4398,3.4598,14760.50000000,1756252799999,51131.04099000,143,4727.10000000,16416.53138000,0
2025-08-27 00:00:00,3.452,3.5029,3.4148,3.4712,8452.60000000,1756267199999,29210.65766000,87,1319.50000000,4589.06339000,0
2025-08-27 04:00:00,3.4802,3.5037,3.4192,3.4368,3014.50000000,1756281599999,10484.03580000,42,99.40000000,344.64184000,0
2025-08-27 08:00:00,3.4374,3.4472,3.417,3.4472,5707.40000000,1756295999999,19610.76290000,23,5552.80000000,19080.38486000,0
2025-08-27 12:00:00,3.4512,3.5109,3.4309,3.482,11755.20000000,1756310399999,40625.27946000,92,6324.20000000,21932.53554000,0
2025-08-27 16:00:00,3.4791,3.5103,3.4512,3.4651,650.20000000,1756324799999,2267.54672000,47,288.50000000,1008.40971000,0
2025-08-27 20:00:00,3.4579,3.4994,3.4304,3.4323,9978.00000000,1756339199999,34741.90116000,68,9581.80000000,33373.89540000,0
2025-08-28 00:00:00,3.4323,3.4829,3.4236,3.4829,5402.90000000,1756353599999,18621.31785000,53,4137.50000000,14259.27330000,0
2025-08-28 04:00:00,3.4864,3.5128,3.4754,3.492,2233.30000000,1756367999999,7816.72134000,27,1219.40000000,4271.43660000,0
2025-08-28 08:00:00,3.507,3.5236,3.479,3.4967,473.90000000,1756382399999,1658.17016000,23,193.70000000,681.62350000,0
2025-08-28 12:00:00,3.4889,3.5275,3.4545,3.4688,5033.60000000,1756396799999,17646.70491000,50,150.80000000,529.63352000,0
2025-08-28 16:00:00,3.4785,3.479,3.4176,3.4176,1874.60000000,1756411199999,6464.64928000,55,213.80000000,743.07128000,0
2025-08-28 20:00:00,3.417,3.4974,3.415,3.4956,284.60000000,1756425599999,979.36094000,25,122.20000000,424.75658000,0
2025-08-29 00:00:00,3.4968,3.4968,3.4236,3.46,10030.00000000,1756439999999,34694.11786000,61,8932.60000000,30906.22502000,0
2025-08-29 04:00:00,3.4512,3.4542,3.3471,3.3556,1606.00000000,1756454399999,5438.15834000,70,139.30000000,478.93107000,0
2025-08-29 08:00:00,3.3686,3.3686,3.289,3.3022,2608.90000000,1756468799999,8637.51605000,81,210.20000000,695.82078000,0
2025-08-29 12:00:00,3.3155,3.3963,3.2808,3.3022,3190.10000000,1756483199999,10582.51687000,107,961.70000000,3213.75582000,0
2025-08-29 16:00:00,3.289,3.3053,3.2153,3.2638,8039.20000000,1756497599999,26190.74359000,125,2059.20000000,6720.36622000,0
2025-08-29 20:00:00,3.2497,3.289,3.2213,3.289,9770.00000000,1756511999999,31622.16071000,62,5173.80000000,16730.49846000,0
2025-08-30 00:00:00,3.2758,3.3146,3.229,3.3116,2426.10000000,1756526399999,7875.30685000,68,1456.30000000,4733.29771000,0
2025-08-30 04:00:00,3.3059,3.3399,3.2948,3.3399,1146.10000000,1756540799999,3799.84130000,26,765.70000000,2544.48497000,0
2025-08-30 08:00:00,3.3398,3.3399,3.3138,3.3187,590.50000000,1756555199999,1963.64807000,22,58.70000000,195.96094000,0
2025-08-30 12:00:00,3.3143,3.3143,3.2494,3.2949,829.20000000,1756569599999,2723.11518000,55,307.10000000,1005.90533000,0
2025-08-30 16:00:00,3.3121,3.3121,3.28,3.2921,215.60000000,1756583999999,708.77159000,9,95.90000000,315.48919000,0
2025-08-30 20:00:00,3.2857,3.3022,3.2823,3.3013,885.80000000,1756598399999,2911.97674000,14,110.00000000,362.99016000,0
2025-08-31 00:00:00,3.3135,3.3443,3.301,3.3443,1375.80000000,1756612799999,4577.40362000,30,308.30000000,1024.94992000,0
2025-08-31 04:00:00,3.3302,3.3302,3.3099,3.3115,792.90000000,1756627199999,2632.43807000,17,33.50000000,111.19710000,0
2025-08-31 08:00:00,3.3288,3.3288,3.298,3.298,157.90000000,1756641599999,524.51073000,7,49.20000000,163.52726000,0
2025-08-31 12:00:00,3.306,3.306,3.2815,3.3022,517.80000000,1756655999999,1703.87787000,12,423.30000000,1393.24657000,0
2025-08-31 16:00:00,3.305,3.305,3.2839,3.2938,529.30000000,1756670399999,1742.96388000,13,283.20000000,933.65771000,0
2025-08-31 20:00:00,3.289,3.3022,3.2481,3.2481,433.40000000,1756684799999,1419.62477000,41,249.00000000,817.17480000,0
2025-09-01 00:00:00,3.2569,3.2569,3.1617,3.1693,7188.30000000,1756699199999,22945.77907000,113,554.50000000,1794.94816000,0
2025-09-01 04:00:00,3.1841,3.2841,3.15,3.272,10628.60000000,1756713599999,33673.29851000,92,7498.10000000,23723.78762000,0
2025-09-01 08:00:00,3.289,3.3345,3.2561,3.2561,8532.00000000,1756727999999,28271.61285000,63,699.20000000,2320.08767000,0
2025-09-01 12:00:00,3.2507,3.2763,3.2158,3.2228,324.30000000,1756742399999,1049.55776000,43,121.00000000,392.82723000,0
2025-09-01 16:00:00,3.2108,3.2288,3.197,3.2108,309.10000000,1756756799999,994.59103000,23,237.00000000,763.46155000,0
2025-09-01 20:00:00,3.2019,3.2019,3.116,3.2007,7028.10000000,1756771199999,22137.79743000,88,442.60000000,1399.13853000,0
2025-09-02 00:00:00,3.2042,3.2952,3.1918,3.2758,14932.60000000,1756785599999,48369.19426000,89,4073.90000000,13268.78398000,0
2025-09-02 04:00:00,3.2758,3.3,3.2656,3.2758,342.90000000,1756799999999,1128.25152000,23,189.70000000,625.44501000,0
2025-09-02 08:00:00,3.289,3.2965,3.2627,3.2627,58.00000000,1756814399999,190.76368000,5,16.00000000,52.71475000,0
2025-09-02 12:00:00,3.2497,3.3041,3.1928,3.2193,792.30000000,1756828799999,2566.91678000,97,453.30000000,1474.18318000,0
2025-09-02 16:00:00,3.2306,3.2701,3.2237,3.2656,3871.20000000,1756843199999,12529.38605000,32,2073.20000000,6723.82651000,0
2025-09-02 20:00:00,3.2736,3.3212,3.2736,3.3161,2588.30000000,1756857599999,8555.10407000,44,2131.40000000,7046.57565000,0
2025-09-03 00:00:00,3.3198,3.3529,3.3155,3.325,5588.50000000,1756871999999,18588.26468000,67,4033.50000000,13417.81632000,0
2025-09-03 04:00:00,3.3156,3.3156,3.2758,3.289,2103.90000000,1756886399999,6962.67668000,22,29.10000000,95.98737000,0
2025-09-03 08:00:00,3.2889,3.3556,3.2889,3.35,2436.60000000,1756900799999,8156.43078000,26,125.60000000,419.45186000,0
2025-09-03 12:00:00,3.3556,3.3967,3.34,3.3832,8119.10000000,1756915199999,27298.06536000,67,6134.90000000,20617.73729000,0
2025-09-03 16:00:00,3.3916,3.3963,3.355,3.3963,2929.20000000,1756929599999,9911.32295000,31,1596.20000000,5409.47530000,0
2025-09-03 20:00:00,3.3997,3.4033,3.3827,3.3827,3170.80000000,1756943999999,10787.19774000,14,3108.00000000,10574.25203000,0
2025-09-04 00:00:00,3.3931,3.3957,3.3345,3.3345,4187.50000000,1756958399999,14084.73624000,37,3055.00000000,10290.92822000,0
2025-09-04 04:00:00,3.3344,3.3456,3.2959,3.2959,3868.50000000,1756972799999,12874.11436000,52,211.80000000,704.12785000,0
2025-09-04 08:00:00,3.3155,3.3318,3.3118,3.3155,57.40000000,1756987199999,190.33526000,10,16.90000000,56.17924000,0
2025-09-04 12:00:00,3.3245,3.3285,3.2583,3.2629,911.60000000,1757001599999,3006.39805000,45,405.30000000,1342.56087000,0
2025-09-04 16:00:00,3.2728,3.2728,3.2366,3.2481,1198.60000000,1757015999999,3900.87049000,23,81.20000000,264.79332000,0
2025-09-04 20:00:00,3.2627,3.3155,3.2627,3.289,806.70000000,1757030399999,2653.71351000,35,342.80000000,1127.88492000,0
2025-09-05 00:00:00,3.2822,3.3345,3.2822,3.3345,565.60000000,1757044799999,1877.69816000,16,565.10000000,1876.05706000,0
2025-09-05 04:00:00,3.3375,3.4072,3.3375,3.4071,10981.70000000,1757059199999,37227.23952000,122,7950.50000000,27007.65019000,0
2025-09-05 08:00:00,3.3841,3.3861,3.3671,3.3827,1468.80000000,1757073599999,4962.66371000,30,588.60000000,1991.86632000,0
2025-09-05 12:00:00,3.3962,3.4515,3.3345,3.391,2192.60000000,1757087999999,7479.69563000,113,1610.60000000,5518.76325000,0
2025-09-05 16:00:00,3.3691,3.4142,3.3658,3.4142,473.80000000,1757102399999,1604.68191000,22,221.10000000,750.34802000,0
2025-09-05 20:00:00,3.417,3.4257,3.3811,3.3837,250.70000000,1757116799999,855.12321000,21,198.20000000,676.66589000,0
2025-09-06 00:00:00,3.3693,3.4007,3.3693,3.4007,283.10000000,1757131199999,957.91004000,9,58.40000000,198.17047000,0
2025-09-06 04:00:00,3.4,3.4001,3.3651,3.3652,697.10000000,1757145599999,2366.09187000,14,589.90000000,2005.25220000,0
2025-09-06 08:00:00,3.3585,3.3585,3.3422,3.3422,91.60000000,1757159999999,306.79223000,8,0.00000000,0.00000000,0
2025-09-06 12:00:00,3.3556,3.3691,3.3422,3.3422,235.00000000,1757174399999,787.81306000,8,62.90000000,211.17215000,0
2025-09-06 16:00:00,3.3382,3.3546,3.3154,3.3154,4854.50000000,1757188799999,16198.84021000,49,347.80000000,1165.24742000,0
2025-09-06 20:00:00,3.3288,3.3288,3.3272,3.3272,2226.00000000,1757203199999,7406.99066000,12,509.70000000,1695.87992000,0
2025-09-07 00:00:00,3.3196,3.3794,3.3196,3.3787,15443.50000000,1757217599999,52118.74560000,35,15150.80000000,51132.33517000,0
2025-09-07 04:00:00,3.3754,3.3793,3.3594,3.3594,36.00000000,1757231999999,121.47259000,3,28.00000000,94.59739000,0
2025-09-07 08:00:00,3.3827,3.417,3.3827,3.417,193.60000000,1757246399999,657.67404000,20,140.50000000,477.91327000,0
2025-09-07 12:00:00,3.3963,3.4199,3.3963,3.4125,123.30000000,1757260799999,420.18037000,15,117.70000000,401.15881000,0
2025-09-07 16:00:00,3.4111,3.4111,3.3585,3.3827,6891.50000000,1757275199999,23263.25366000,34,6698.10000000,22611.52464000,0
2025-09-07 20:00:00,3.3796,3.417,3.3796,3.4141,1811.80000000,1757289599999,6149.04462000,25,298.30000000,1015.96171000,0
2025-09-08 00:00:00,3.3963,3.435,3.3647,3.4099,972.00000000,1757303999999,3304.23237000,55,690.80000000,2349.33398000,0
2025-09-08 04:00:00,3.3989,3.4235,3.3854,3.4068,801.40000000,1757318399999,2729.71976000,24,166.80000000,569.98132000,0
2025-09-08 08:00:00,3.4236,3.4819,3.4236,3.479,2412.20000000,1757332799999,8342.50988000,63,2064.40000000,7140.81360000,0
2025-09-08 12:00:00,3.4746,3.581,3.4651,3.493,11150.70000000,1757347199999,39091.23605000,171,8227.70000000,28873.82817000,0
2025-09-08 16:00:00,3.5069,3.5069,3.4515,3.4546,2895.60000000,1757361599999,10080.85108000,53,2559.00000000,8914.81568000,0
2025-09-08 20:00:00,3.4512,3.4994,3.4457,3.4994,326.40000000,1757375999999,1134.17769000,24,195.00000000,679.64125000,0
2025-09-09 00:00:00,3.507,3.5171,3.4313,3.457,1028.60000000,1757390399999,3557.26573000,47,262.80000000,913.19637000,0
2025-09-09 04:00:00,3.4651,3.61,3.465,3.61,12197.40000000,1757404799999,43298.21250000,184,10531.00000000,37422.86366000,0
2025-09-09 08:00:00,3.6004,3.6069,3.5641,3.5644,7608.60000000,1757419199999,27277.77019000,30,2166.00000000,7798.17536000,0
2025-09-09 12:00:00,3.5666,3.5843,3.4313,3.4546,6687.30000000,1757433599999,23510.05564000,140,2639.00000000,9350.85597000,0
2025-09-09 16:00:00,3.4643,3.4719,3.4335,3.4719,461.70000000,1757447999999,1594.78914000,18,396.70000000,1371.29114000,0
2025-09-09 20:00:00,3.475,3.4864,3.4651,3.4687,2941.80000000,1757462399999,10227.11128000,26,1073.80000000,3736.56934000,0
2025-09-10 00:00:00,3.4847,3.5637,3.4651,3.5353,1548.00000000,1757476799999,5466.96542000,65,1361.50000000,4808.07159000,0
2025-09-10 04:00:00,3.5217,3.5825,3.507,3.5364,17899.90000000,1757491199999,63523.37109000,138,5417.20000000,19278.94781000,0
2025-09-10 08:00:00,3.5353,3.5452,3.5211,3.5347,495.30000000,1757505599999,1746.15392000,14,100.50000000,355.34379000,0
2025-09-10 12:00:00,3.5321,3.6254,3.5321,3.6137,4730.70000000,1757519999999,17010.36623000,96,4258.60000000,15317.78822000,0
2025-09-10 16:00:00,3.61,3.61,3.5466,3.5621,58923.30000000,1757534399999,211456.96373000,93,12631.60000000,45111.94995000,0
2025-09-10 20:00:00,3.5638,3.6253,3.5638,3.6253,571.10000000,1757548799999,2048.35281000,28,526.40000000,1887.89345000,0
2025-09-11 00:00:00,3.6254,3.6391,3.6006,3.636,1817.20000000,1757563199999,6586.75714000,45,1570.30000000,5693.63344000,0
2025-09-11 04:00:00,3.6362,3.6377,3.6069,3.6305,1217.10000000,1757577599999,4414.36847000,32,486.70000000,1763.49709000,0
2025-09-11 08:00:00,3.6205,3.6456,3.6069,3.6181,1780.50000000,1757591999999,6455.97839000,36,718.20000000,2606.74588000,0
2025-09-11 12:00:00,3.6162,3.6599,3.5609,3.5946,2058.30000000,1757606399999,7431.99087000,86,451.60000000,1644.38468000,0
2025-09-11 16:00:00,3.6065,3.6151,3.5925,3.6151,965.20000000,1757620799999,3483.23599000,15,445.80000000,1607.73939000,0
2025-09-11 20:00:00,3.6187,3.6734,3.612,3.6636,22647.00000000,1757635199999,82956.05652000,62,1063.90000000,3895.11404000,0
2025-09-12 00:00:00,3.667,3.6957,3.6506,3.6506,9790.40000000,1757649599999,36019.22074000,69,2539.50000000,9328.66548000,0
2025-09-12 04:00:00,3.6639,3.6946,3.64,3.6651,6968.60000000,1757663999999,25452.88776000,70,2164.40000000,7905.06063000,0
2025-09-12 08:00:00,3.659,3.6886,3.6031,3.6031,30219.00000000,1757678399999,109490.97503000,274,6326.00000000,22966.49479000,0
2025-09-12 12:00:00,3.6027,3.6471,3.5866,3.6221,49460.70000000,1757692799999,179520.80155000,370,42000.00000000,152489.11422000,0
2025-09-12 16:00:00,3.622,3.7369,3.6215,3.7096,47677.10000000,1757707199999,175430.67668000,327,35838.90000000,131885.54328000,0
2025-09-12 20:00:00,3.7,3.7294,3.6696,3.7246,1604.90000000,1757721599999,5942.17012000,33,494.40000000,1836.51366000,0
2025-09-13 00:00:00,3.7295,3.7584,3.7102,3.7278,3134.20000000,1757735999999,11695.51049000,75,1826.80000000,6820.17117000,0
2025-09-13 04:00:00,3.7392,3.7395,3.7129,3.7161,594.80000000,1757750399999,2218.76774000,27,271.00000000,1010.70038000,0
2025-09-13 08:00:00,3.7395,3.8318,3.7395,3.8318,3913.80000000,1757764799999,14849.72007000,151,2552.80000000,9684.99171000,0
2025-09-13 12:00:00,3.8326,3.8768,3.7546,3.7783,7322.40000000,1757779199999,27998.13042000,195,6341.30000000,24256.92854000,0
2025-09-13 16:00:00,3.8,3.8007,3.7395,3.794,2292.00000000,1757793599999,8667.50703000,51,1037.50000000,3930.96299000,0
2025-09-13 20:00:00,3.794,3.846,3.794,3.827,938.00000000,1757807999999,3579.50195000,43,193.00000000,739.23781000,0
2025-09-14 00:00:00,3.822,3.822,3.748,3.7656,1134.30000000,1757822399999,4294.31698000,67,551.30000000,2087.47482000,0
2025-09-14 04:00:00,3.7546,3.7938,3.7405,3.7546,4001.50000000,1757836799999,15040.69753000,55,3588.80000000,13488.24304000,0
2025-09-14 08:00:00,3.7651,3.8051,3.7176,3.7176,1023.00000000,1757851199999,3836.13274000,43,188.10000000,713.25962000,0
2025-09-14 12:00:00,3.7192,3.7374,3.6509,3.6727,4325.00000000,1757865599999,15958.43814000,95,554.60000000,2050.87584000,0
2025-09-14 16:00:00,3.67,3.7254,3.67,3.7224,2102.70000000,1757879999999,7780.58432000,39,964.80000000,3553.66332000,0
2025-09-14 20:00:00,3.7077,3.7317,3.6914,3.6914,1532.90000000,1757894399999,5708.50912000,27,1512.20000000,5631.81627000,0
2025-09-15 00:00:00,3.6904,3.709,3.6507,3.7069,725.70000000,1757908799999,2666.62106000,24,97.20000000,358.62188000,0
2025-09-15 04:00:00,3.7097,3.7235,3.597,3.597,6575.00000000,1757923199999,24225.95745000,116,282.80000000,1046.24156000,0
2025-09-15 08:00:00,3.5959,3.5959,3.5252,3.544,3220.30000000,1757937599999,11468.10785000,96,684.80000000,2440.84319000,0
2025-09-15 12:00:00,3.5327,3.5397,3.482,3.482,4644.00000000,1757951999999,16305.49504000,106,1476.60000000,5215.47740000,0
2025-09-15 16:00:00,3.4862,3.507,3.4651,3.5001,3422.90000000,1757966399999,11950.42648000,64,2063.50000000,7211.25571000,0
2025-09-15 20:00:00,3.5058,3.5247,3.4971,3.5182,3039.40000000,1757980799999,10672.67672000,35,1982.80000000,6971.10762000,0
2025-09-16 00:00:00,3.5251,3.5382,3.5,3.5,2817.90000000,1757995199999,9908.06001000,41,2066.50000000,7265.16494000,0
2025-09-16 04:00:00,3.5,3.5344,3.4719,3.5344,350.70000000,1758009599999,1228.18877000,30,265.40000000,931.01313000,0
2025-09-16 08:00:00,3.5349,3.578,3.5349,3.578,646.90000000,1758023999999,2304.06099000,26,553.60000000,1972.37092000,0
2025-09-16 12:00:00,3.5781,3.6456,3.5539,3.6004,5094.20000000,1758038399999,18324.15787000,109,4187.10000000,15072.64648000,0
2025-09-16 16:00:00,3.6163,3.6472,3.5975,3.621,3253.60000000,1758052799999,11814.40636000,63,1291.00000000,4686.37387000,0
2025-09-16 20:00:00,3.636,3.6395,3.6069,3.6069,587.70000000,1758067199999,2129.37305000,16,170.80000000,619.25500000,0
2025-09-17 00:00:00,3.6142,3.6295,3.5802,3.6069,5217.10000000,1758081599999,18733.64862000,39,4682.60000000,16812.30135000,0
2025-09-17 04:00:00,3.5948,3.6254,3.578,3.6168,18093.60000000,1758095999999,64838.49280000,64,16380.20000000,58678.08053000,0
2025-09-17 08:00:00,3.6069,3.6069,3.5625,3.5925,1881.80000000,1758110399999,6741.33992000,31,881.70000000,3162.09361000,0
2025-09-17 12:00:00,3.5938,3.5964,3.5539,3.5573,361.00000000,1758124799999,1290.91509000,17,242.40000000,868.62988000,0
2025-09-17 16:00:00,3.5588,3.6879,3.5288,3.6767,5047.70000000,1758139199999,18389.56974000,157,4198.10000000,15316.36451000,0
2025-09-17 20:00:00,3.6915,3.7976,3.6257,3.7656,18700.90000000,1758153599999,69874.16445000,290,12670.20000000,47297.07072000,0
2025-09-18 00:00:00,3.7814,3.827,3.7621,3.8115,8219.30000000,1758167999999,31185.31785000,112,5597.80000000,21280.03197000,0
2025-09-18 04:00:00,3.8202,3.8202,3.6705,3.8038,95043.40000000,1758182399999,357382.09498000,266,75709.20000000,284604.94234000,0
2025-09-18 08:00:00,3.7848,3.9026,3.7842,3.8743,37207.60000000,1758196799999,144339.31261000,220,29993.90000000,116311.51099000,0
2025-09-18 12:00:00,3.8648,3.9699,3.855,3.9594,26791.90000000,1758211199999,104294.14239000,244,13553.30000000,52884.24582000,0
2025-09-18 16:00:00,3.9644,3.9728,3.9281,3.9553,4058.50000000,1758225599999,16039.51151000,81,1055.10000000,4180.54232000,0
2025-09-18 20:00:00,3.9553,3.9553,3.8644,3.8837,16566.20000000,1758239999999,64314.76983000,111,12978.20000000,50335.27117000,0
2025-09-19 00:00:00,3.8837,3.9081,3.8329,3.8329,3120.60000000,1758254399999,12083.42051000,73,947.10000000,3689.44674000,0
2025-09-19 04:00:00,3.835,3.8615,3.7835,3.8285,7521.00000000,1758268799999,28751.36872000,86,187.30000000,718.62318000,0
2025-09-19 08:00:00,3.8,3.8132,3.7083,3.724,2505.00000000,1758283199999,9393.21479000,78,105.90000000,398.30010000,0
2025-09-19 12:00:00,3.7109,3.7527,3.6472,3.6691,35695.40000000,1758297599999,131361.21402000,307,658.10000000,2456.92012000,0
2025-09-19 16:00:00,3.6691,3.7181,3.6397,3.6506,93052.70000000,1758311999999,343177.53507000,365,38441.40000000,141907.91169000,0
2025-09-19 20:00:00,3.6485,3.6819,3.6159,3.6438,7915.10000000,1758326399999,28890.07674000,64,2347.50000000,8613.82020000,0
2025-09-20 00:00:00,3.6308,3.6849,3.6241,3.6849,2465.90000000,1758340799999,9033.53976000,48,747.10000000,2737.88674000,0
2025-09-20 04:00:00,3.6909,3.6993,3.6657,3.6657,872.10000000,1758355199999,3217.51853000,20,820.90000000,3028.76843000,0
2025-09-20 08:00:00,3.6747,3.6747,3.6214,3.6363,389.00000000,1758369599999,1419.23993000,22,88.60000000,323.32186000,0
2025-09-20 12:00:00,3.6393,3.7,3.6364,3.6999,3751.30000000,1758383999999,13714.61658000,36,3738.70000000,13668.76577000,0
2025-09-20 16:00:00,3.7,3.7031,3.6506,3.6653,1423.10000000,1758398399999,5225.38575000,24,317.70000000,1175.20183000,0
2025-09-20 20:00:00,3.6681,3.6879,3.6594,3.661,670.20000000,1758412799999,2459.24319000,17,529.70000000,1943.49179000,0
2025-09-21 00:00:00,3.6511,3.6784,3.645,3.6605,9807.70000000,1758427199999,35791.21527000,20,45.90000000,168.49069000,0
2025-09-21 04:00:00,3.6507,3.6863,3.6507,3.6722,97.70000000,1758441599999,358.30361000,6,81.30000000,298.37811000,0
2025-09-21 08:00:00,3.6506,3.6573,3.5932,3.6167,1555.50000000,1758455999999,5625.49930000,49,58.20000000,211.93406000,0
2025-09-21 12:00:00,3.636,3.6695,3.636,3.6364,314.50000000,1758470399999,1150.12471000,23,154.50000000,564.83739000,0
2025-09-21 16:00:00,3.6295,3.6366,3.6003,3.636,128.10000000,1758484799999,462.63580000,18,41.90000000,151.66263000,0
2025-09-21 20:00:00,3.6224,3.6432,3.6,3.619,17435.00000000,1758499199999,63026.44234000,104,12571.10000000,45448.03572000,0
2025-09-22 00:00:00,3.6069,3.6249,3.479,3.5209,11751.20000000,1758513599999,41660.24786000,176,2435.30000000,8601.73132000,0
2025-09-22 04:00:00,3.5093,3.5217,3.2627,3.3691,9804.30000000,1758527999999,33169.27160000,238,2042.80000000,6910.63357000,0
2025-09-22 08:00:00,3.3556,3.3936,3.3413,3.3691,16544.60000000,1758542399999,55724.79536000,70,353.80000000,1192.45951000,0
2025-09-22 12:00:00,3.3822,3.4057,3.3556,3.3556,3846.10000000,1758556799999,13020.60483000,70,2474.10000000,8398.38868000,0
2025-09-22 16:00:00,3.3691,3.3693,3.3154,3.3285,5059.10000000,1758571199999,16988.77774000,53,3950.90000000,13277.71320000,0
2025-09-22 20:00:00,3.3143,3.369,3.3143,3.3559,26067.10000000,1758585599999,87527.81829000,105,13133.10000000,44074.49023000,0
2025-09-23 00:00:00,3.3555,3.3828,3.2808,3.3726,16249.00000000,1758599999999,54310.65083000,100,4747.70000000,15955.13146000,0
2025-09-23 04:00:00,3.3705,3.398,3.3456,3.3812,4163.20000000,1758614399999,14117.15551000,43,3413.90000000,11585.19813000,0
2025-09-23 08:00:00,3.3844,3.3963,3.3636,3.3691,1359.70000000,1758628799999,4591.54333000,25,1020.50000000,3447.04472000,0
2025-09-23 12:00:00,3.3692,3.3961,3.3461,3.383,5248.90000000,1758643199999,17694.86116000,50,1144.30000000,3869.61386000,0
2025-09-23 16:00:00,3.3691,3.4257,3.3212,3.3288,3494.90000000,1758657599999,11771.29981000,74,1767.60000000,6000.49335000,0
2025-09-23 20:00:00,3.3422,3.3556,3.3137,3.3345,5469.00000000,1758671999999,18251.46977000,38,3892.20000000,12992.87977000,0
2025-09-24 00:00:00,3.3172,3.3646,3.2707,3.2888,92052.90000000,1758686399999,304150.22890000,332,85016.40000000,280806.94708000,0
2025-09-24 04:00:00,3.2702,3.3699,3.2366,3.3587,5767.70000000,1758700799999,19149.32748000,106,782.20000000,2596.90889000,0
2025-09-24 08:00:00,3.3691,3.3999,3.3666,3.3999,1346.90000000,1758715199999,4549.74754000,25,937.70000000,3171.61556000,0
2025-09-24 12:00:00,3.39,3.4374,3.3724,3.3963,4018.00000000,1758729599999,13636.71688000,53,1594.60000000,5424.47011000,0
2025-09-24 16:00:00,3.396,3.4016,3.3713,3.3777,15824.70000000,1758743999999,53758.19423000,55,428.60000000,1456.38528000,0
2025-09-24 20:00:00,3.3963,3.3976,3.3506,3.3556,2771.30000000,1758758399999,9340.03288000,27,1528.10000000,5150.68461000,0
2025-09-25 00:00:00,3.3691,3.37,3.294,3.294,2789.90000000,1758772799999,9256.25795000,69,233.70000000,780.27102000,0
2025-09-25 04:00:00,3.3155,3.3155,3.245,3.2497,1628.90000000,1758787199999,5311.99251000,58,463.20000000,1515.20766000,0
2025-09-25 08:00:00,3.2386,3.2497,3.1539,3.1539,6668.60000000,1758801599999,21388.01712000,81,1040.50000000,3362.20198000,0
2025-09-25 12:00:00,3.1934,3.2458,3.1277,3.1884,9138.80000000,1758815999999,29014.62131000,63,4185.20000000,13405.16816000,0
2025-09-25 16:00:00,3.2108,3.2197,3.0695,3.2024,30602.80000000,1758830399999,96188.13608000,182,10351.10000000,32691.97311000,0
2025-09-25 20:00:00,3.1606,3.1754,3.099,3.1278,7470.90000000,1758844799999,23405.55141000,59,1584.10000000,4995.74694000,0
2025-09-26 00:00:00,3.1382,3.1669,3.1125,3.1545,3070.10000000,1758859199999,9659.92280000,41,931.30000000,2932.53326000,0
2025-09-26 04:00:00,3.1463,3.1527,3.1042,3.1527,4782.80000000,1758873599999,15008.96183000,37,3985.50000000,12530.37574000,0
2025-09-26 08:00:00,3.1668,3.1861,3.0854,3.1174,826.00000000,1758887999999,2581.50205000,30,117.20000000,367.31658000,0
2025-09-26 12:00:00,3.1056,3.1649,3.0754,3.1405,2217.30000000,1758902399999,6945.88831000,34,403.80000000,1264.59589000,0
2025-09-26 16:00:00,3.1669,3.2537,3.1669,3.1979,3588.20000000,1758916799999,11543.71621000,68,2001.10000000,6419.70233000,0
2025-09-26 20:00:00,3.2108,3.2292,3.201,3.2211,3363.30000000,1758931199999,10796.05331000,29,2774.30000000,8906.55992000,0
2025-09-27 00:00:00,3.2181,3.2218,3.1949,3.2122,2126.70000000,1758945599999,6825.38099000,41,1457.30000000,4685.50013000,0
2025-09-27 04:00:00,3.2106,3.2198,3.1979,3.2038,10468.00000000,1758959999999,33511.89265000,14,10463.10000000,33496.22294000,0
2025-09-27 08:00:00,3.1979,3.225,3.1686,3.2152,760.20000000,1758974399999,2420.58473000,20,492.20000000,1566.74949000,0
2025-09-27 12:00:00,3.2123,3.2237,3.1953,3.196,386.00000000,1758988799999,1236.93771000,13,83.40000000,267.97331000,0
2025-09-27 16:00:00,3.1846,3.1846,3.1611,3.184,1669.10000000,1759003199999,5304.82962000,25,263.30000000,837.29393000,0
2025-09-27 20:00:00,3.1776,3.2053,3.1771,3.1827,296.80000000,1759017599999,945.65656000,12,180.40000000,574.10771000,0
2025-09-28 00:00:00,3.1722,3.1722,3.1378,3.1378,731.20000000,1759031999999,2301.81621000,22,353.10000000,1111.50488000,0
2025-09-28 04:00:00,3.149,3.1516,3.1205,3.1205,717.90000000,1759046399999,2256.46095000,23,590.50000000,1857.02998000,0
2025-09-28 08:00:00,3.1417,3.1417,3.116,3.116,2606.60000000,1759060799999,8128.01159000,20,85.00000000,266.59528000,0
2025-09-28 12:00:00,3.1127,3.178,3.1,3.17,2164.90000000,1759075199999,6788.40212000,33,858.90000000,2677.92135000,0
2025-09-28 16:00:00,3.1846,3.2167,3.1825,3.2101,36421.00000000,1759089599999,116927.08142000,261,19432.10000000,62389.58090000,0
2025-09-28 20:00:00,3.2144,3.2864,3.2144,3.271,58278.30000000,1759103999999,188399.60992000,287,42529.30000000,137451.46880000,0
2025-09-29 00:00:00,3.2627,3.2915,3.2567,3.2751,790.60000000,1759118399999,2584.90438000,29,186.50000000,612.36141000,0
2025-09-29 04:00:00,3.2627,3.3041,3.2627,3.3041,648.40000000,1759132799999,2137.05970000,27,498.00000000,1642.27068000,0
2025-09-29 08:00:00,3.3074,3.3195,3.2212,3.2366,616.80000000,1759147199999,2013.14179000,41,336.80000000,1096.32129000,0
2025-09-29 12:00:00,3.2414,3.3253,3.2108,3.2781,2067.90000000,1759161599999,6740.94518000,70,908.40000000,2982.19100000,0
2025-09-29 16:00:00,3.2904,3.2904,3.2583,3.289,336.30000000,1759175999999,1102.08454000,33,277.50000000,909.76063000,0
2025-09-29 20:00:00,3.3022,3.32,3.2822,3.2833,1708.40000000,1759190399999,5626.03468000,25,674.80000000,2226.38022000,0
2025-09-30 00:00:00,3.2758,3.2778,3.2481,3.2576,1424.90000000,1759204799999,4657.10563000,33,1358.40000000,4440.41479000,0
2025-09-30 04:00:00,3.2655,3.2758,3.2314,3.2314,317.50000000,1759219199999,1032.52539000,15,48.30000000,157.77144000,0
2025-09-30 08:00:00,3.2237,3.2237,3.2019,3.2237,259.70000000,1759233599999,834.80885000,17,94.90000000,305.26165000,0
2025-09-30 12:00:00,3.2366,3.2386,3.1629,3.1629,6991.80000000,1759247999999,22307.55362000,63,3573.00000000,11431.62574000,0
2025-09-30 16:00:00,3.1629,3.2642,3.1569,3.2642,4872.60000000,1759262399999,15509.11914000,43,3768.50000000,12021.08936000,0
2025-09-30 20:00:00,3.2642,3.3047,3.2494,3.2494,23362.70000000,1759276799999,76887.41267000,52,22625.80000000,74479.83978000,0
2025-10-01 00:00:00,3.2627,3.2757,3.2212,3.2245,6339.40000000,1759291199999,20667.84487000,37,5900.00000000,19241.12810000,0
2025-10-01 04:00:00,3.2326,3.2583,3.232,3.2583,2732.00000000,1759305599999,8862.46330000,43,2214.90000000,7184.96747000,0
2025-10-01 08:00:00,3.2625,3.4171,3.2625,3.4171,5234.40000000,1759319999999,17662.68852000,108,3764.80000000,12668.45973000,0
2025-10-01 12:00:00,3.4196,3.4864,3.3919,3.4864,44290.50000000,1759334399999,152425.69220000,163,30881.40000000,106281.08599000,0
2025-10-01 16:00:00,3.4891,3.525,3.4426,3.525,3194.70000000,1759348799999,11144.49450000,100,1981.70000000,6943.20054000,0
2025-10-01 20:00:00,3.5256,3.5256,3.4905,3.5159,4477.10000000,1759363199999,15645.76144000,42,3097.80000000,10823.00077000,0
2025-10-02 00:00:00,3.5293,3.5779,3.508,3.5684,8677.40000000,1759377599999,30820.38603000,137,1757.40000000,6242.91332000,0
2025-10-02 04:00:00,3.5742,3.5872,3.5382,3.5495,1494.40000000,1759391999999,5316.38701000,56,558.00000000,1990.94630000,0
2025-10-02 08:00:00,3.5638,3.5774,3.5446,3.5723,1020.70000000,1759406399999,3630.05343000,30,417.50000000,1489.30756000,0
2025-10-02 12:00:00,3.5654,3.5915,3.4836,3.5528,8452.50000000,1759420799999,30200.84876000,119,6975.40000000,24965.90467000,0
2025-10-02 16:00:00,3.5528,3.6402,3.5222,3.628,6446.40000000,1759435199999,23149.40042000,198,4287.20000000,15452.66723000,0
2025-10-02 20:00:00,3.6122,3.6161,3.5681,3.5919,4567.40000000,1759449599999,16363.88992000,98,3159.90000000,11317.90008000,0
2025-10-03 00:00:00,3.5737,3.5788,3.5268,3.5638,1479.30000000,1759463999999,5267.73102000,79,732.40000000,2609.69066000,0
2025-10-03 04:00:00,3.5641,3.6079,3.564,3.5925,5681.60000000,1759478399999,20422.67666000,54,5313.50000000,19105.17267000,0
2025-10-03 08:00:00,3.5788,3.6254,3.5585,3.5775,7454.20000000,1759492799999,26849.35873000,76,4133.00000000,14880.58590000,0
2025-10-03 12:00:00,3.5742,3.6399,3.5466,3.6399,5707.20000000,1759507199999,20447.02132000,138,4307.40000000,15447.67129000,0
2025-10-03 16:00:00,3.6399,3.6628,3.5522,3.5807,5988.70000000,1759521599999,21765.03256000,212,2906.90000000,10598.96297000,0
2025-10-03 20:00:00,3.5788,3.5932,3.5715,3.5781,269.50000000,1759535999999,966.06672000,16,224.20000000,804.06070000,0
2025-10-04 00:00:00,3.5715,3.5846,3.5223,3.5491,2207.10000000,1759550399999,7855.49007000,66,1143.20000000,4076.81926000,0
2025-10-04 04:00:00,3.5495,3.5614,3.544,3.544,466.70000000,1759564799999,1660.55337000,33,352.70000000,1255.28325000,0
2025-10-04 08:00:00,3.5362,3.5376,3.4902,3.5069,3740.60000000,1759579199999,13093.31580000,61,699.20000000,2444.40990000,0
2025-10-04 12:00:00,3.507,3.5747,3.5067,3.5101,5773.20000000,1759593599999,20484.27362000,77,5008.50000000,17774.97172000,0
2025-10-04 16:00:00,3.5101,3.5509,3.508,3.5363,2098.50000000,1759607999999,7430.73694000,37,1683.80000000,5968.10284000,0
2025-10-04 20:00:00,3.5449,3.6268,3.5389,3.6196,2781.80000000,1759622399999,9978.09635000,70,2320.80000000,8316.63033000,0
2025-10-05 00:00:00,3.6195,3.6836,3.5783,3.6491,5536.00000000,1759636799999,20208.58999000,225,4485.40000000,16407.49212000,0
2025-10-05 04:00:00,3.6467,3.6867,3.6311,3.6783,4837.00000000,1759651199999,17674.59245000,91,1336.40000000,4899.79617000,0
2025-10-05 08:00:00,3.6867,3.6874,3.5897,3.6184,1591.30000000,1759665599999,5743.89937000,70,858.60000000,3091.72397000,0
2025-10-05 12:00:00,3.5977,3.6214,3.5886,3.5886,1344.20000000,1759679999999,4832.97691000,22,1039.00000000,3736.89484000,0
2025-10-05 16:00:00,3.5975,3.6056,3.5254,3.538,1424.30000000,1759694399999,5071.52422000,83,500.40000000,1786.11700000,0
2025-10-05 20:00:00,3.5309,3.5638,3.5309,3.55,1142.80000000,1759708799999,4056.45356000,17,1095.20000000,3887.83658000,0
2025-10-06 00:00:00,3.5495,3.5886,3.5446,3.5765,25288.60000000,1759723199999,90385.85500000,76,24846.80000000,88810.63110000,0
2025-10-06 04:00:00,3.5638,3.6622,3.5579,3.6069,1255.90000000,1759737599999,4530.28879000,118,903.50000000,3265.40334000,0
2025-10-06 08:00:00,3.6214,3.6618,3.6121,3.6121,3899.10000000,1759751999999,14213.64517000,57,2525.60000000,9220.11027000,0
2025-10-06 12:00:00,3.6109,3.6799,3.6069,3.6776,1828.00000000,1759766399999,6679.52911000,72,1241.70000000,4546.87734000,0
2025-10-06 16:00:00,3.6644,3.6965,3.6441,3.6627,5056.10000000,1759780799999,18547.81430000,111,2937.70000000,10785.11228000,0
2025-10-06 20:00:00,3.6749,3.6798,3.6237,3.624,3652.50000000,1759795199999,13320.45318000,110,1525.20000000,5581.51375000,0
2025-10-07 00:00:00,3.6236,3.6282,3.6038,3.6181,12352.00000000,1759809599999,44749.92621000,69,10450.90000000,37872.21521000,0
2025-10-07 04:00:00,3.6151,3.6653,3.5925,3.5925,663.80000000,1759823999999,2410.71191000,85,357.00000000,1302.76868000,0
2025-10-07 08:00:00,3.5916,3.6061,3.5681,3.604,413.50000000,1759838399999,1482.59542000,37,139.00000000,500.16607000,0
2025-10-07 12:00:00,3.5827,3.6137,3.4781,3.4781,8086.90000000,1759852799999,28538.19151000,181,3971.50000000,14001.87899000,0
2025-10-07 16:00:00,3.4772,3.5115,3.4501,3.4598,5046.80000000,1759867199999,17498.28815000,100,1096.10000000,3808.88997000,0
2025-10-07 20:00:00,3.4559,3.4864,3.4428,3.4428,3754.80000000,1759881599999,12973.58683000,62,238.80000000,829.60440000,0
2025-10-08 00:00:00,3.4428,3.4889,3.4328,3.4467,1579.30000000,1759895999999,5474.96327000,72,743.00000000,2582.43234000,0
2025-10-08 04:00:00,3.4512,3.479,3.4307,3.4651,1665.90000000,1759910399999,5766.34224000,52,1399.00000000,4843.26665000,0
2025-10-08 08:00:00,3.479,3.4954,3.4651,3.4656,474.70000000,1759924799999,1650.14678000,27,307.00000000,1068.09825000,0
2025-10-08 12:00:00,3.4574,3.4872,3.4334,3.4537,9017.60000000,1759939199999,31160.75824000,80,7195.40000000,24860.56058000,0
2025-10-08 16:00:00,3.464,3.563,3.464,3.5447,1058.90000000,1759953599999,3736.29418000,67,792.90000000,2799.14980000,0
2025-10-08 20:00:00,3.5292,3.5399,3.5165,3.5353,2703.10000000,1759967999999,9550.80289000,26,2563.70000000,9059.62752000,0
2025-10-09 00:00:00,3.538,3.5414,3.4374,3.4864,2474.40000000,1759982399999,8581.99329000,69,542.10000000,1903.43959000,0
2025-10-09 04:00:00,3.4887,3.4954,3.4408,3.4408,713.00000000,1759996799999,2473.38251000,25,518.70000000,1801.81923000,0
2025-10-09 08:00:00,3.4408,3.4408,3.3825,3.4057,1524.30000000,1760011199999,5201.60470000,77,318.20000000,1086.25501000,0
2025-10-09 12:00:00,3.4099,3.4374,3.3488,3.3691,5813.50000000,1760025599999,19630.30048000,87,2587.80000000,8794.73467000,0
2025-10-09 16:00:00,3.3666,3.3963,3.3318,3.3901,17953.30000000,1760039999999,60601.41485000,92,12291.30000000,41554.31088000,0
2025-10-09 20:00:00,3.4047,3.4148,3.3827,3.4069,1758.20000000,1760054399999,5975.09121000,28,848.90000000,2892.06091000,0
2025-10-10 00:00:00,3.415,3.4651,3.4099,3.4512,1208.80000000,1760068799999,4148.84734000,44,384.20000000,1320.26053000,0
2025-10-10 04:00:00,3.4541,3.4771,3.4178,3.4178,1263.20000000,1760083199999,4355.03862000,40,811.90000000,2803.00639000,0
2025-10-10 08:00:00,3.4171,3.4681,3.415,3.4681,344.70000000,1760097599999,1187.19464000,20,196.60000000,679.13710000,0
2025-10-10 12:00:00,3.4716,3.4768,3.2887,3.3022,10934.20000000,1760111999999,36375.63920000,143,297.30000000,1007.09243000,0
2025-10-10 16:00:00,3.3,3.3396,3.2071,3.2386,4875.40000000,1760126399999,15968.58045000,130,1832.40000000,6056.29000000,0
2025-10-10 20:00:00,3.2386,3.2627,2.2728,2.6637,88036.20000000,1760140799999,240931.40298000,2289,19071.00000000,52364.40018000,0
2025-10-11 00:00:00,2.6637,2.8561,2.5523,2.7194,17088.30000000,1760155199999,45632.99798000,682,6775.20000000,18331.57520000,0
2025-10-11 04:00:00,2.7054,2.7738,2.68,2.7133,11736.20000000,1760169599999,31977.63725000,170,7781.80000000,21194.45572000,0
2025-10-11 08:00:00,2.6921,2.8109,2.6861,2.717,3913.40000000,1760183999999,10733.64009000,140,1800.40000000,4936.29400000,0
2025-10-11 12:00:00,2.7019,2.717,2.6266,2.6654,11477.60000000,1760198399999,30614.54144000,157,4261.10000000,11402.92243000,0
2025-10-11 16:00:00,2.6716,2.6869,2.565,2.5745,69502.30000000,1760212799999,182017.44663000,248,27919.00000000,72150.31369000,0
2025-10-11 20:00:00,2.5783,2.5792,2.485,2.544,20647.10000000,1760227199999,52550.10091000,148,11187.50000000,28566.04324000,0
2025-10-12 00:00:00,2.5432,2.5432,2.4398,2.4944,29008.60000000,1760241599999,72213.20965000,118,2306.80000000,5752.48816000,0
2025-10-12 04:00:00,2.4958,2.5611,2.4958,2.5487,3458.30000000,1760255999999,8799.76986000,47,3246.70000000,8264.39521000,0
2025-10-12 08:00:00,2.5382,2.5382,2.4736,2.5265,4460.60000000,1760270399999,11163.24680000,65,2544.30000000,6380.58635000,0
2025-10-12 12:00:00,2.5324,2.7492,2.4901,2.7492,76810.50000000,1760284799999,200203.34527000,390,57951.00000000,150843.61298000,0
2025-10-12 16:00:00,2.7456,2.846,2.694,2.846,31404.90000000,1760299199999,86638.59290000,312,22539.50000000,62310.00040000,0
2025-10-12 20:00:00,2.851,2.8708,2.743,2.8137,8634.00000000,1760313599999,24108.28033000,120,6379.80000000,17813.37009000,0
2025-10-13 00:00:00,2.7938,2.8355,2.7578,2.7673,11023.90000000,1760327999999,30770.04850000,109,6422.80000000,17945.83666000,0
2025-10-13 04:00:00,2.7628,2.8681,2.7475,2.841,14995.80000000,1760342399999,42173.65734000,95,14102.40000000,39668.97007000,0
2025-10-13 08:00:00,2.855,2.9014,2.7783,2.8094,3292.00000000,1760356799999,9370.44260000,114,1526.00000000,4373.03371000,0
2025-10-13 12:00:00,2.8018,2.9183,2.7938,2.8671,4958.00000000,1760371199999,14199.84220000,202,2789.70000000,8023.21716000,0
2025-10-13 16:00:00,2.87,2.9702,2.845,2.9616,8092.10000000,1760385599999,23497.35062000,119,2220.20000000,6453.01010000,0
2025-10-13 20:00:00,2.9699,3.0071,2.9559,2.9837,2641.30000000,1760399999999,7864.74243000,85,1642.40000000,4892.90040000,0
2025-10-14 00:00:00,2.9708,2.9734,2.854,2.8728,1912.20000000,1760414399999,5565.83203000,98,922.10000000,2685.03508000,0
2025-10-14 04:00:00,2.8682,2.8682,2.6742,2.7031,42842.10000000,1760428799999,119036.25857000,305,35183.30000000,97809.02868000,0
2025-10-14 08:00:00,2.7019,2.7541,2.6652,2.7288,2298.60000000,1760443199999,6250.79858000,77,511.00000000,1389.26028000,0
2025-10-14 12:00:00,2.717,2.8188,2.657,2.8168,6568.40000000,1760457599999,17895.68213000,122,2521.30000000,6994.99011000,0
2025-10-14 16:00:00,2.8199,2.8666,2.7643,2.8094,5359.10000000,1760471999999,15186.03099000,152,3564.90000000,10139.54405000,0
2025-10-14 20:00:00,2.8141,2.841,2.7938,2.8311,1172.60000000,1760486399999,3307.59466000,33,618.60000000,1744.55553000,0
2025-10-15 00:00:00,2.8141,2.8561,2.7938,2.7938,1515.60000000,1760500799999,4287.59337000,46,832.10000000,2365.21621000,0
2025-10-15 04:00:00,2.8036,2.841,2.7938,2.841,649.10000000,1760515199999,1830.44365000,35,404.60000000,1142.98760000,0
2025-10-15 08:00:00,2.8432,2.8887,2.7938,2.8141,2554.40000000,1760529599999,7282.84293000,67,1994.30000000,5700.58950000,0
2025-10-15 12:00:00,2.7972,2.8051,2.697,2.697,2917.90000000,1760543999999,8005.46042000,97,978.30000000,2700.20488000,0
2025-10-15 16:00:00,2.717,2.7205,2.6801,2.7,52101.30000000,1760558399999,140040.23246000,206,9745.40000000,26213.63441000,0
2025-10-15 20:00:00,2.7023,2.7121,2.6487,2.6839,23726.20000000,1760572799999,63397.51300000,79,22243.70000000,59429.68381000,0
2025-10-16 00:00:00,2.6706,2.7144,2.67,2.6839,831.40000000,1760587199999,2236.95716000,34,465.50000000,1258.38532000,0
2025-10-16 04:00:00,2.684,2.7031,2.6664,2.6774,3071.60000000,1760601599999,8260.16110000,35,2478.90000000,6672.18141000,0
2025-10-16 08:00:00,2.6765,2.7199,2.5756,2.7118,5840.50000000,1760615999999,15253.28598000,86,942.60000000,2496.95996000,0
2025-10-16 12:00:00,2.717,2.7322,2.58,2.5832,4423.70000000,1760630399999,11773.86609000,94,1576.80000000,4210.60940000,0
2025-10-16 16:00:00,2.5833,2.6504,2.5279,2.533,5315.00000000,1760644799999,13683.59194000,98,1560.70000000,4072.18163000,0
2025-10-16 20:00:00,2.533,2.5501,2.4991,2.5183,14897.50000000,1760659199999,37473.36441000,92,505.10000000,1277.65915000,0
2025-10-17 00:00:00,2.5155,2.543,2.4834,2.5265,4176.70000000,1760673599999,10471.43473000,56,1125.70000000,2831.41257000,0
2025-10-17 04:00:00,2.5247,2.5352,2.363,2.363,8369.70000000,1760687999999,20303.99917000,90,363.80000000,902.78665000,0
2025-10-17 08:00:00,2.3682,2.4024,2.285,2.3905,10096.50000000,1760702399999,23538.00320000,144,4364.90000000,10194.76649000,0
2025-10-17 12:00:00,2.4024,2.4267,2.3545,2.4267,20504.80000000,1760716799999,48805.91066000,119,3349.40000000,8041.39491000,0
2025-10-17 16:00:00,2.4473,2.4694,2.3939,2.4129,3626.10000000,1760731199999,8782.85931000,67,1271.50000000,3110.76216000,0
2025-10-17 20:00:00,2.4338,2.4661,2.4338,2.4429,580.20000000,1760745599999,1418.81216000,28,500.50000000,1224.02757000,0
2025-10-18 00:00:00,2.4421,2.4825,2.4421,2.445,1122.20000000,1760759999999,2772.00601000,20,1026.10000000,2536.51750000,0
2025-10-18 04:00:00,2.4414,2.4872,2.4224,2.4584,917.90000000,1760774399999,2246.17599000,47,453.10000000,1115.10077000,0
2025-10-18 08:00:00,2.4494,2.4832,2.4477,2.4802,6544.30000000,1760788799999,16219.38738000,36,1367.70000000,3383.29411000,0
2025-10-18 12:00:00,2.4871,2.5012,2.4481,2.4764,6659.20000000,1760803199999,16590.69460000,55,5814.10000000,14499.01517000,0
2025-10-18 16:00:00,2.4771,2.5155,2.4591,2.4919,32276.00000000,1760817599999,80005.18463000,210,26795.60000000,66445.70503000,0
2025-10-18 20:00:00,2.5021,2.5108,2.4958,2.5006,418.20000000,1760831999999,1046.21202000,13,377.70000000,944.96497000,0
2025-10-19 00:00:00,2.4975,2.5155,2.4737,2.5155,4087.50000000,1760846399999,10157.55516000,65,1543.60000000,3849.59552000,0
2025-10-19 04:00:00,2.4963,2.4984,2.4715,2.4882,1896.50000000,1760860799999,4716.44965000,49,1389.90000000,3461.52577000,0
2025-10-19 08:00:00,2.4864,2.6518,2.4399,2.6147,11570.70000000,1760875199999,29595.93152000,210,7436.00000000,19182.56649000,0
2025-10-19 12:00:00,2.6145,2.6521,2.5818,2.6244,3411.80000000,1760889599999,8922.24135000,65,1557.30000000,4087.92050000,0
2025-10-19 16:00:00,2.6296,2.6384,2.5983,2.5993,6701.90000000,1760903999999,17550.18619000,96,3746.00000000,9859.70778000,0
2025-10-19 20:00:00,2.6029,2.6232,2.5756,2.5783,35612.70000000,1760918399999,92993.57838000,323,17269.90000000,45226.82245000,0
2025-10-20 00:00:00,2.5712,2.6307,2.5246,2.6271,12378.80000000,1760932799999,31637.34458000,222,2331.40000000,6006.76348000,0
2025-10-20 04:00:00,2.6344,2.6735,2.6218,2.6428,10599.40000000,1760947199999,28161.44523000,67,8748.10000000,23269.26952000,0
2025-10-20 08:00:00,2.6416,2.6493,2.6103,2.625,2691.20000000,1760961599999,7095.54102000,29,2136.80000000,5639.97509000,0
2025-10-20 12:00:00,2.6172,2.6359,2.6,2.6069,3956.70000000,1760975999999,10402.08643000,27,3762.10000000,9895.65204000,0
2025-10-20 16:00:00,2.5961,2.6011,2.5494,2.5963,4604.30000000,1760990399999,11887.44737000,54,2983.90000000,7729.04971000,0
2025-10-20 20:00:00,2.5897,2.5937,2.5673,2.5753,23647.80000000,1761004799999,61117.94317000,25,21992.30000000,56837.47985000,0
2025-10-21 00:00:00,2.5772,2.5772,2.5265,2.5265,393.50000000,1761019199999,1005.66045000,20,188.00000000,482.45120000,0
2025-10-21 04:00:00,2.5246,2.5269,2.4736,2.5019,1676.80000000,1761033599999,4177.48618000,33,66.90000000,167.31730000,0
2025-10-21 08:00:00,2.4886,2.4991,2.4736,2.4899,49197.50000000,1761047999999,122172.25750000,184,31433.90000000,78115.72931000,0
2025-10-21 12:00:00,2.5003,2.6719,2.4897,2.6571,6709.40000000,1761062399999,17253.59141000,102,5841.40000000,15040.62951000,0
2025-10-21 16:00:00,2.67,2.6799,2.5912,2.603,5302.10000000,1761076799999,14073.17536000,79,1186.40000000,3128.87028000,0
2025-10-21 20:00:00,2.5878,2.5878,2.3378,2.4879,33849.70000000,1761091199999,83530.15547000,201,4179.60000000,10379.99649000,0
2025-10-22 00:00:00,2.4834,2.4991,2.4703,2.4703,5989.60000000,1761105599999,14880.78523000,36,1731.80000000,4303.80244000,0
2025-10-22 04:00:00,2.4853,2.4866,2.3462,2.4121,3574.30000000,1761119999999,8593.24099000,51,988.30000000,2363.54264000,0
2025-10-22 08:00:00,2.3971,2.4338,2.3783,2.4316,641.40000000,1761134399999,1544.74913000,21,376.80000000,912.64583000,0
2025-10-22 12:00:00,2.4304,2.458,2.4024,2.4481,2977.30000000,1761148799999,7256.20309000,38,1547.90000000,3776.02900000,0
2025-10-22 16:00:00,2.4508,2.4513,2.405,2.405,1068.60000000,1761163199999,2596.80586000,23,374.30000000,912.72710000,0
2025-10-22 20:00:00,2.4312,2.4312,2.3445,2.3861,8489.10000000,1761177599999,20234.32872000,48,1528.20000000,3640.75460000,0
2025-10-23 00:00:00,2.3798,2.4024,2.3785,2.3998,1042.80000000,1761191999999,2492.83735000,20,787.90000000,1885.42257000,0
2025-10-23 04:00:00,2.4132,2.4734,2.4132,2.4734,1378.00000000,1761206399999,3337.94383000,28,1095.60000000,2655.59650000,0
2025-10-23 08:00:00,2.4529,2.4736,2.4464,2.4464,286.90000000,1761220799999,704.15665000,8,100.10000000,246.65648000,0
2025-10-23 12:00:00,2.4267,2.4763,2.4267,2.4667,973.90000000,1761235199999,2393.45081000,29,488.10000000,1202.22672000,0
2025-10-23 16:00:00,2.4589,2.5012,2.4504,2.4522,222818.10000000,1761249599999,550813.26134000,271,220491.10000000,545060.66213000,0
2025-10-23 20:00:00,2.4592,2.4592,2.4062,2.42,1964.50000000,1761263999999,4780.66795000,29,785.90000000,1907.13334000,0
2025-10-24 00:00:00,2.4264,2.4337,2.4024,2.412,796.90000000,1761278399999,1926.46041000,23,495.90000000,1199.52685000,0
2025-10-24 04:00:00,2.4085,2.489,2.4085,2.4621,21651.80000000,1761292799999,53778.68587000,59,21111.10000000,52441.67130000,0
2025-10-24 08:00:00,2.4513,2.4803,2.4481,2.4761,506.90000000,1761307199999,1245.61412000,22,70.50000000,174.41558000,0
2025-10-24 12:00:00,2.4761,2.5265,2.4481,2.4761,3226.70000000,1761321599999,8020.02563000,75,1950.50000000,4856.81817000,0
2025-10-24 16:00:00,2.4513,2.5295,2.4462,2.5163,1002.10000000,1761335999999,2489.26599000,33,469.00000000,1175.73157000,0
2025-10-24 20:00:00,2.5106,2.5199,2.5106,2.5159,16433.70000000,1761350399999,41335.74654000,51,4141.60000000,10424.24554000,0
2025-10-25 00:00:00,2.5178,2.5358,2.5136,2.5279,851.30000000,1761364799999,2151.18370000,24,712.80000000,1801.79337000,0
2025-10-25 04:00:00,2.5295,2.5378,2.4921,2.4921,1127.40000000,1761379199999,2832.72757000,24,392.40000000,991.78634000,0
2025-10-25 08:00:00,2.4898,2.4898,2.4736,2.4837,256.40000000,1761393599999,636.56190000,12,13.10000000,32.54887000,0
2025-10-25 12:00:00,2.4858,2.5246,2.4857,2.5204,7857.80000000,1761407999999,19609.24230000,102,5258.70000000,13129.65806000,0
2025-10-25 16:00:00,2.5162,2.5657,2.514,2.55,9793.10000000,1761422399999,24919.56952000,62,1208.40000000,3079.86582000,0
2025-10-25 20:00:00,2.5443,2.5476,2.5346,2.5346,9287.00000000,1761436799999,23627.52601000,24,328.80000000,837.25713000,0
2025-10-26 00:00:00,2.5286,2.5395,2.4991,2.5045,4278.20000000,1761451199999,10716.74916000,24,138.50000000,347.54563000,0
2025-10-26 04:00:00,2.505,2.5316,2.505,2.5316,4462.00000000,1761465599999,11185.03178000,12,327.30000000,827.36127000,0
2025-10-26 08:00:00,2.5396,2.61,2.5394,2.6023,18596.80000000,1761479999999,48006.22568000,51,11637.40000000,29919.49007000,0
2025-10-26 12:00:00,2.611,2.6577,2.6023,2.6309,13258.10000000,1761494399999,34803.54705000,89,6731.00000000,17795.25666000,0
2025-10-26 16:00:00,2.6415,2.6415,2.6192,2.6315,1930.10000000,1761508799999,5084.78700000,28,1440.00000000,3792.21480000,0
2025-10-26 20:00:00,2.6259,2.6799,2.6055,2.6775,8637.90000000,1761523199999,22676.79541000,79,6839.50000000,17948.30685000,0
2025-10-27 00:00:00,2.6679,2.7108,2.6631,2.672,26805.20000000,1761537599999,72130.54143000,92,14334.20000000,38576.99736000,0
2025-10-27 04:00:00,2.6813,2.7198,2.6426,2.6538,3214.70000000,1761551999999,8675.68232000,49,2885.90000000,7798.65983000,0
2025-10-27 08:00:00,2.6307,2.6358,2.6174,2.6342,1567.60000000,1761566399999,4126.32960000,20,22.70000000,59.72721000,0
2025-10-27 12:00:00,2.6199,2.623,2.5779,2.6217,1655.30000000,1761580799999,4322.46745000,38,1052.50000000,2754.43325000,0
2025-10-27 16:00:00,2.6266,2.6839,2.6266,2.64,14724.50000000,1761595199999,38913.78316000,46,13887.00000000,36680.05016000,0
2025-10-27 20:00:00,2.6321,2.6531,2.5912,2.6301,27918.70000000,1761609599999,73312.82757000,158,4911.40000000,12898.19415000,0
2025-10-28 00:00:00,2.6101,2.6313,2.6009,2.6156,1877.20000000,1761623999999,4904.32796000,33,472.80000000,1237.70429000,0
2025-10-28 04:00:00,2.6029,2.6372,2.5521,2.6372,6862.10000000,1761638399999,17733.57254000,48,6432.50000000,16630.06935000,0
2025-10-28 08:00:00,2.622,2.6413,2.6209,2.6413,2469.40000000,1761652799999,6494.72129000,16,1675.50000000,4406.81624000,0
2025-10-28 12:00:00,2.6156,2.6532,2.566,2.5933,5808.20000000,1761667199999,15332.09905000,47,4677.50000000,12367.04621000,0
2025-10-28 16:00:00,2.6012,2.6125,2.5295,2.5295,5334.90000000,1761681599999,13656.76923000,41,378.10000000,979.02042000,0
2025-10-28 20:00:00,2.5286,2.5286,2.4695,2.5065,4562.10000000,1761695999999,11383.08206000,59,277.60000000,693.30166000,0
2025-10-29 00:00:00,2.5031,2.5126,2.4918,2.4988,2428.50000000,1761710399999,6065.97997000,29,1757.20000000,4389.06080000,0
2025-10-29 04:00:00,2.4989,2.5054,2.49,2.504,589.40000000,1761724799999,1473.95958000,18,29.40000000,73.57056000,0
2025-10-29 08:00:00,2.4953,2.5333,2.4779,2.5333,20901.00000000,1761739199999,51859.18520000,51,8309.80000000,20628.36478000,0
2025-10-29 12:00:00,2.5369,2.5542,2.4916,2.4916,1324.60000000,1761753599999,3362.44535000,48,836.90000000,2132.30085000,0
2025-10-29 16:00:00,2.4997,2.5779,2.4376,2.5463,9874.80000000,1761767999999,24978.79905000,170,6177.40000000,15728.42492000,0
2025-10-29 20:00:00,2.5521,2.5862,2.4991,2.5165,6522.80000000,1761782399999,16802.46312000,80,1920.30000000,4952.99130000,0
2025-10-30 00:00:00,2.495,2.5344,2.4902,2.5064,1135.50000000,1761796799999,2850.51661000,48,572.30000000,1438.80904000,0
2025-10-30 04:00:00,2.5012,2.5161,2.4069,2.5161,14416.20000000,1761811199999,35537.12187000,159,2226.00000000,5511.22938000,0
2025-10-30 08:00:00,2.496,2.4996,2.4332,2.4423,1566.50000000,1761825599999,3842.82186000,35,1229.60000000,3013.55668000,0
2025-10-30 12:00:00,2.429,2.429,2.284,2.2936,29818.50000000,1761839999999,70404.26462000,194,21494.90000000,50803.84303000,0
2025-10-30 16:00:00,2.2841,2.3016,2.208,2.2197,41390.90000000,1761854399999,94189.20801000,257,4663.90000000,10472.78992000,0
2025-10-30 20:00:00,2.2217,2.285,2.2164,2.285,25369.30000000,1761868799999,57454.59719000,168,11132.30000000,25119.68936000,0
2025-10-31 00:00:00,2.2936,2.3435,2.2936,2.3279,21054.10000000,1761883199999,48754.09062000,74,18240.60000000,42264.10547000,0
2025-10-31 04:00:00,2.3366,2.3545,2.3366,2.3468,912.80000000,1761897599999,2142.29988000,39,603.00000000,1415.29166000,0
2025-10-31 08:00:00,2.3309,2.3716,2.3309,2.3695,2001.70000000,1761911999999,4708.79027000,22,1812.90000000,4265.36740000,0
2025-10-31 12:00:00,2.3783,2.3971,2.3545,2.3687,1233.90000000,1761926399999,2934.72713000,38,885.10000000,2107.00316000,0
2025-10-31 16:00:00,2.3545,2.3911,2.3032,2.3911,4708.20000000,1761940799999,11093.38586000,65,3057.40000000,7218.21692000,0
2025-10-31 20:00:00,2.3853,2.3853,2.3545,2.3683,432.40000000,1761955199999,1022.60145000,13,342.20000000,808.93082000,0
2025-11-01 00:00:00,2.347,2.3783,2.339,2.3728,2566.20000000,1761969599999,6014.75432000,27,576.90000000,1355.59774000,0
2025-11-01 04:00:00,2.3817,2.384,2.3524,2.384,2967.30000000,1761983999999,7040.38345000,32,706.90000000,1678.41218000,0
2025-11-01 08:00:00,2.3789,2.3912,2.3743,2.3743,462.00000000,1761998399999,1102.33568000,21,188.90000000,451.11356000,0
2025-11-01 12:00:00,2.3799,2.3817,2.3461,2.3745,1041.10000000,1762012799999,2463.05699000,22,303.90000000,721.75995000,0
2025-11-01 16:00:00,2.3817,2.392,2.3753,2.3753,567.70000000,1762027199999,1352.90167000,24,314.30000000,749.47552000,0
2025-11-01 20:00:00,2.3803,2.3984,2.3659,2.38,479.30000000,1762041599999,1140.41897000,19,332.30000000,790.09806000,0
2025-11-02 00:00:00,2.3667,2.3714,2.3465,2.3534,721.70000000,1762055999999,1702.39849000,23,300.70000000,710.21689000,0
2025-11-02 04:00:00,2.3534,2.3922,2.3534,2.3922,804.20000000,1762070399999,1910.26619000,30,295.40000000,701.28681000,0
2025-11-02 08:00:00,2.389,2.389,2.3412,2.3716,900.60000000,1762084799999,2127.15598000,29,175.50000000,416.48507000,0
2025-11-02 12:00:00,2.3541,2.3541,2.305,2.3188,3922.60000000,1762099199999,9073.75648000,40,1407.70000000,3266.37332000,0
2025-11-02 16:00:00,2.3103,2.3231,2.2844,2.2981,2380.70000000,1762113599999,5514.68397000,27,276.80000000,641.51299000,0
2025-11-02 20:00:00,2.3029,2.3561,2.3022,2.3561,7109.90000000,1762127999999,16438.52044000,55,560.10000000,1308.92554000,0
2025-11-03 00:00:00,2.3602,2.3602,2.2052,2.2061,6842.70000000,1762142399999,15422.69859000,62,692.70000000,1597.07871000,0
2025-11-03 04:00:00,2.2033,2.2274,2.1612,2.2004,5533.90000000,1762156799999,12156.76234000,91,2839.50000000,6260.13647000,0
2025-11-03 08:00:00,2.2013,2.2232,2.1612,2.1836,1648.50000000,1762171199999,3608.27119000,41,344.90000000,760.83717000,0
2025-11-03 12:00:00,2.1821,2.1869,2.0041,2.0475,13746.10000000,1762185599999,28757.39517000,146,3841.20000000,8183.71410000,0
2025-11-03 16:00:00,2.0415,2.1362,2.0311,2.0908,20939.40000000,1762199999999,43954.28965000,286,5262.00000000,11122.28813000,0
2025-11-03 20:00:00,2.09,2.0901,2.0343,2.0702,6064.20000000,1762214399999,12473.96352000,83,1133.00000000,2347.37531000,0
2025-11-04 00:00:00,2.0447,2.105,2.0447,2.0928,2823.40000000,1762228799999,5901.04690000,33,1886.70000000,3945.17800000,0
2025-11-04 04:00:00,2.0856,2.0929,1.9789,1.9891,21188.90000000,1762243199999,42820.11225000,150,4211.10000000,8627.39828000,0
2025-11-04 08:00:00,2.0041,2.0743,2.0016,2.0707,8358.00000000,1762257599999,17180.55825000,75,4712.50000000,9715.11389000,0
2025-11-04 12:00:00,2.0731,2.0838,2.0097,2.0201,14084.60000000,1762271999999,28792.06294000,158,7311.30000000,14956.23873000,0
2025-11-04 16:00:00,2.0335,2.0481,1.8871,1.9395,48196.00000000,1762286399999,94358.90531000,289,19994.10000000,39005.79742000,0
2025-11-04 20:00:00,1.9149,2.0014,1.8297,1.974,21396.90000000,1762300799999,40572.68449000,157,3589.10000000,6933.30925000,0
2025-11-05 00:00:00,1.974,2.0274,1.8843,2.0274,8996.00000000,1762315199999,17547.65681000,95,2666.30000000,5205.48167000,0
2025-11-05 04:00:00,2.0338,2.0349,2.0053,2.028,1365.20000000,1762329599999,2761.66960000,23,692.90000000,1404.55957000,0
2025-11-05 08:00:00,2.0156,2.0501,1.9853,2.0498,22613.50000000,1762343999999,45551.34486000,80,12808.80000000,25908.40663000,0
2025-11-05 12:00:00,2.0548,2.0663,2.0215,2.0382,6517.20000000,1762358399999,13284.86735000,79,5598.30000000,11411.14798000,0
2025-11-05 16:00:00,2.0393,2.0524,2.0146,2.0239,4521.30000000,1762372799999,9198.79680000,42,478.00000000,971.52855000,0
2025-11-05 20:00:00,2.0146,2.0405,2.0146,2.0329,455.30000000,1762387199999,922.98960000,12,348.80000000,707.72970000,0
2025-11-06 00:00:00,2.0269,2.0517,1.9974,2.0454,4096.80000000,1762401599999,8219.14510000,31,327.90000000,669.34909000,0
2025-11-06 04:00:00,2.0477,2.0477,1.9891,1.9958,12520.70000000,1762415999999,25070.25685000,60,11824.80000000,23678.70750000,0
2025-11-06 08:00:00,1.9971,2.0039,1.977,1.9922,23185.10000000,1762430399999,45888.73092000,43,22228.20000000,43985.87090000,0
2025-11-06 12:00:00,1.9916,2.0075,1.9352,1.9374,3094.80000000,1762444799999,6100.09382000,76,1148.10000000,2272.00603000,0
2025-11-06 16:00:00,1.9304,1.9751,1.9122,1.9585,4051.80000000,1762459199999,7864.37945000,47,2937.30000000,5724.79709000,0
2025-11-06 20:00:00,1.9747,1.9859,1.9541,1.9637,9136.10000000,1762473599999,18000.40899000,46,4173.80000000,8252.30167000,0
2025-11-07 00:00:00,1.9637,2.0108,1.9636,2.001,5100.80000000,1762487999999,10121.23832000,46,3047.20000000,6067.92551000,0
2025-11-07 04:00:00,2.0071,2.0292,1.9918,2.0039,3186.60000000,1762502399999,6406.12586000,115,2143.40000000,4311.21104000,0
2025-11-07 08:00:00,2.0242,2.0242,1.9402,1.9734,12810.70000000,1762516799999,25566.89953000,37,64.50000000,128.89584000,0
2025-11-07 12:00:00,1.978,2.0656,1.9381,2.0656,30113.50000000,1762531199999,58844.17588000,94,25614.10000000,49798.25632000,0
2025-11-07 16:00:00,2.0447,2.1905,2.0401,2.1654,6940.40000000,1762545599999,14836.27812000,91,6538.40000000,13978.20424000,0
2025-11-07 20:00:00,2.1787,2.1931,2.1299,2.1462,46290.00000000,1762559999999,100800.48606000,200,11779.00000000,25636.89566000,0
2025-11-08 00:00:00,2.1676,2.1959,2.1406,2.1504,4288.70000000,1762574399999,9249.07849000,45,1042.60000000,2268.10946000,0
2025-11-08 04:00:00,2.1722,2.1722,2.117,2.1583,9438.60000000,1762588799999,20255.81348000,49,5489.00000000,11771.94697000,0
2025-11-08 08:00:00,2.1608,2.1645,2.1288,2.1288,6459.20000000,1762603199999,13871.17179000,20,3192.10000000,6896.21115000,0
2025-11-08 12:00:00,2.1334,2.1334,2.0653,2.0653,3487.80000000,1762617599999,7303.14499000,28,289.30000000,611.03257000,0
2025-11-08 16:00:00,2.076,2.1074,2.076,2.0829,766.00000000,1762631999999,1597.46878000,21,449.80000000,935.60426000,0
2025-11-08 20:00:00,2.0968,2.1219,2.0949,2.121,423.60000000,1762646399999,893.52672000,13,182.10000000,384.52912000,0
2025-11-09 00:00:00,2.125,2.125,2.0538,2.0623,1172.30000000,1762660799999,2424.47297000,50,524.80000000,1088.28890000,0
2025-11-09 04:00:00,2.072,2.1117,2.0572,2.1023,766.40000000,1762675199999,1595.87358000,102,528.80000000,1102.68166000,0
2025-11-09 08:00:00,2.0976,2.1096,2.0582,2.0891,1573.10000000,1762689599999,3281.74069000,95,522.80000000,1092.98922000,0
2025-11-09 12:00:00,2.1014,2.1383,2.0893,2.1135,8097.80000000,1762703999999,17066.75801000,82,7774.90000000,16385.00553000,0
2025-11-09 16:00:00,2.1256,2.1643,2.1128,2.154,3104.50000000,1762718399999,6627.39712000,55,2917.90000000,6229.23946000,0
2025-11-09 20:00:00,2.1651,2.1678,2.14,2.14,4236.30000000,1762732799999,9147.11679000,45,1570.50000000,3387.23919000,0
2025-11-10 00:00:00,2.1387,2.2112,2.1387,2.1722,7035.70000000,1762747199999,15364.77669000,126,5386.80000000,11777.19289000,0
2025-11-10 04:00:00,2.1796,2.2105,2.1684,2.1748,39845.20000000,1762761599999,87437.48661000,173,3623.00000000,7926.79549000,0
2025-11-10 08:00:00,2.1612,2.2281,2.1504,2.2027,3381.10000000,1762775999999,7426.31507000,92,2277.80000000,5010.89690000,0
2025-11-10 12:00:00,2.1912,2.221,2.1334,2.146,2127.10000000,1762790399999,4592.71325000,49,820.50000000,1778.74002000,0
2025-11-10 16:00:00,2.148,2.1625,2.1241,2.155,1447.10000000,1762804799999,3107.48780000,39,1174.50000000,2524.28805000,0
2025-11-10 20:00:00,2.1597,2.1777,2.1195,2.1625,5298.70000000,1762819199999,11279.23903000,37,476.20000000,1027.82365000,0
2025-11-11 00:00:00,2.1625,2.1999,2.1195,2.1931,5546.90000000,1762833599999,12119.83855000,44,938.60000000,2037.38540000,0
2025-11-11 04:00:00,2.1939,2.1939,2.0863,2.0863,5901.30000000,1762847999999,12529.02076000,99,576.00000000,1253.89003000,0
2025-11-11 08:00:00,2.0794,2.1017,2.0794,2.1017,98.10000000,1762862399999,205.31808000,7,28.60000000,59.91927000,0
2025-11-11 12:00:00,2.0868,2.1074,2.0788,2.0789,516.20000000,1762876799999,1075.83294000,19,306.90000000,640.60583000,0
2025-11-11 16:00:00,2.09,2.0906,2.0403,2.0403,1343.80000000,1762891199999,2769.99043000,40,242.40000000,503.58092000,0
2025-11-11 20:00:00,2.0377,2.0397,2.0039,2.0162,18314.00000000,1762905599999,37151.08157000,66,1166.20000000,2371.18438000,0
2025-11-12 00:00:00,2.0061,2.0268,1.9979,2.0268,2233.00000000,1762919999999,4500.73642000,18,1817.80000000,3665.11163000,0
2025-11-12 04:00:00,2.0192,2.044,2.0189,2.0371,1673.90000000,1762934399999,3404.52059000,24,1265.20000000,2577.65101000,0
2025-11-12 08:00:00,2.0447,2.081,2.0447,2.081,348.00000000,1762948799999,717.61484000,12,256.20000000,529.29927000,0
2025-11-12 12:00:00,2.07,2.1001,1.9961,1.9961,12074.40000000,1762963199999,25147.25859000,60,4348.00000000,9046.83240000,0
2025-11-12 16:00:00,1.9923,1.9932,1.9571,1.9578,18145.40000000,1762977599999,35823.32085000,96,7226.00000000,14256.61480000,0
2025-11-12 20:00:00,1.9713,1.9863,1.9558,1.9639,10381.60000000,1762991999999,20497.84138000,20,488.60000000,964.37321000,0
2025-11-13 00:00:00,1.976,2.0206,1.9519,2.0096,1964.70000000,1763006399999,3926.22295000,47,1312.80000000,2632.32369000,0
2025-11-13 04:00:00,2.0004,2.0375,1.9979,2.0253,834.90000000,1763020799999,1687.20415000,31,565.70000000,1142.77834000,0
2025-11-13 08:00:00,2.0185,2.0252,2.0127,2.0238,725.10000000,1763035199999,1464.42216000,21,380.00000000,768.55255000,0
2025-11-13 12:00:00,2.0362,2.0514,1.9882,1.9985,1861.10000000,1763049599999,3761.22654000,63,420.10000000,856.21585000,0
2025-11-13 16:00:00,1.9882,1.9882,1.8361,1.8361,91304.40000000,1763063999999,169369.47654000,243,10325.00000000,19325.01126000,0
2025-11-13 20:00:00,1.8357,1.8869,1.8231,1.87,8663.70000000,1763078399999,16006.23937000,62,5181.40000000,9595.23048000,0
2025-11-14 00:00:00,1.879,1.879,1.8397,1.8414,3366.60000000,1763092799999,6245.33965000,23,3110.40000000,5770.66221000,0
2025-11-14 04:00:00,1.8405,1.8451,1.7642,1.8346,10037.00000000,1763107199999,18136.09630000,118,1155.60000000,2082.52259000,0
2025-11-14 08:00:00,1.8221,1.8232,1.7753,1.7832,989.10000000,1763121599999,1784.96056000,31,556.70000000,1006.26447000,0
2025-11-14 12:00:00,1.7845,1.8172,1.745,1.8172,37683.80000000,1763135999999,66282.85771000,97,9814.90000000,17228.88346000,0
2025-11-14 16:00:00,1.8028,1.8186,1.7733,1.8013,3695.70000000,1763150399999,6612.16887000,38,2282.60000000,4091.09780000,0
2025-11-14 20:00:00,1.7878,1.794,1.7072,1.7421,6881.30000000,1763164799999,12001.26020000,81,2350.90000000,4106.80144000,0
2025-11-15 00:00:00,1.7596,1.7955,1.7449,1.7934,3205.70000000,1763179199999,5682.97291000,61,2960.30000000,5246.19597000,0
2025-11-15 04:00:00,1.7962,1.8055,1.7801,1.7803,6275.20000000,1763193599999,11245.17266000,66,5262.10000000,9431.61949000,0
2025-11-15 08:00:00,1.774,1.774,1.7477,1.7518,1584.20000000,1763207999999,2787.75428000,70,499.50000000,879.44176000,0
2025-11-15 12:00:00,1.7605,1.7927,1.7605,1.7875,942.20000000,1763222399999,1680.25933000,37,903.40000000,1611.12402000,0
2025-11-15 16:00:00,1.781,1.7939,1.7724,1.7844,995.00000000,1763236799999,1773.05983000,23,438.30000000,785.22394000,0
2025-11-15 20:00:00,1.7864,1.7864,1.7635,1.7758,3049.90000000,1763251199999,5408.75508000,26,2329.60000000,4137.12402000,0
2025-11-16 00:00:00,1.77,1.77,1.7223,1.76,937.20000000,1763265599999,1636.52643000,29,445.20000000,774.54758000,0
2025-11-16 04:00:00,1.7668,1.7752,1.7523,1.7612,1245.20000000,1763279999999,2194.52263000,24,1063.00000000,1873.29315000,0
2025-11-16 08:00:00,1.7638,1.7817,1.7139,1.7139,1011.10000000,1763294399999,1777.88070000,33,478.00000000,843.49506000,0
2025-11-16 12:00:00,1.725,1.7254,1.6701,1.6701,13736.60000000,1763308799999,23221.17569000,80,2578.30000000,4376.05058000,0
2025-11-16 16:00:00,1.6814,1.7009,1.6423,1.6738,5817.20000000,1763323199999,9664.32773000,61,1429.00000000,2381.83299000,0
2025-11-16 20:00:00,1.6689,1.6931,1.6458,1.6931,4555.00000000,1763337599999,7562.08619000,39,880.00000000,1470.80651000,0
2025-11-17 00:00:00,1.6822,1.7,1.68,1.7,1241.30000000,1763351999999,2099.96383000,29,911.60000000,1543.97016000,0
2025-11-17 04:00:00,1.7081,1.7268,1.7031,1.7268,640.30000000,1763366399999,1095.82016000,20,468.40000000,802.37364000,0
2025-11-17 08:00:00,1.7186,1.73,1.7118,1.7274,374.10000000,1763380799999,644.66970000,12,184.80000000,318.82493000,0
2025-11-17 12:00:00,1.7133,1.7268,1.6261,1.65,5997.80000000,1763395199999,9983.95102000,85,3964.90000000,6638.83112000,0
2025-11-17 16:00:00,1.6458,1.6884,1.5919,1.5984,32605.00000000,1763409599999,54090.98622000,137,21816.10000000,36682.27670000,0
2025-11-17 20:00:00,1.5968,1.6319,1.5839,1.6108,5273.70000000,1763423999999,8434.43673000,48,4192.60000000,6697.50559000,0
2025-11-18 00:00:00,1.6188,1.6542,1.5839,1.6335,4608.30000000,1763438399999,7450.30662000,49,2601.20000000,4227.89084000,0
2025-11-18 04:00:00,1.6433,1.6583,1.6288,1.6448,844.00000000,1763452799999,1384.27677000,22,657.70000000,1079.06657000,0
2025-11-18 08:00:00,1.6415,1.6614,1.6415,1.6526,750.90000000,1763467199999,1240.19273000,14,445.80000000,737.92081000,0
2025-11-18 12:00:00,1.6377,1.6716,1.62,1.6637,14291.30000000,1763481599999,23298.55906000,84,7421.20000000,12117.22255000,0
2025-11-18 16:00:00,1.6736,1.6981,1.6734,1.6902,6242.40000000,1763495999999,10553.30730000,52,1301.60000000,2203.83758000,0
2025-11-18 20:00:00,1.6912,1.6942,1.6653,1.6653,738.90000000,1763510399999,1240.99310000,19,390.80000000,658.36417000,0
2025-11-19 00:00:00,1.6627,1.6701,1.6508,1.6608,386.30000000,1763524799999,641.47690000,7,3.40000000,5.64678000,0
2025-11-19 04:00:00,1.6523,1.6583,1.6186,1.6582,34394.20000000,1763539199999,55746.66720000,68,3040.10000000,4927.41603000,0
2025-11-19 08:00:00,1.6542,1.6603,1.6443,1.6485,208.00000000,1763553599999,343.30967000,10,84.80000000,140.48257000,0
2025-11-19 12:00:00,1.6512,1.6512,1.5835,1.5835,2734.20000000,1763567999999,4395.39456000,26,791.80000000,1265.09247000,0
2025-11-19 16:00:00,1.5773,1.5824,1.51,1.5218,24015.00000000,1763582399999,37317.70405000,103,12828.50000000,19973.22584000,0
2025-11-19 20:00:00,1.516,1.6089,1.5136,1.6052,6090.60000000,1763596799999,9589.81371000,59,3396.30000000,5375.73507000,0
2025-11-20 00:00:00,1.6036,1.6426,1.6036,1.6304,543.20000000,1763611199999,880.99278000,13,465.80000000,755.40030000,0
2025-11-20 04:00:00,1.6249,1.6429,1.6247,1.6323,4293.50000000,1763625599999,7012.30182000,24,1898.70000000,3094.68479000,0
2025-11-20 08:00:00,1.6407,1.6424,1.6184,1.6239,558.70000000,1763639999999,909.17159000,12,10.80000000,17.73571000,0
2025-11-20 12:00:00,1.637,1.6559,1.5862,1.5918,3735.50000000,1763654399999,5993.80725000,69,926.40000000,1503.78864000,0
2025-11-20 16:00:00,1.5817,1.5817,1.4835,1.4962,8447.20000000,1763668799999,12784.81901000,157,3270.00000000,4930.78334000,0
2025-11-20 20:00:00,1.4975,1.5458,1.4887,1.4962,4245.20000000,1763683199999,6380.14307000,65,1202.80000000,1820.45538000,0
2025-11-21 00:00:00,1.4995,1.5142,1.4714,1.4938,4354.30000000,1763697599999,6495.76908000,85,1057.70000000,1578.28682000,0
2025-11-21 04:00:00,1.4842,1.4934,1.3279,1.3843,19944.70000000,1763711999999,28392.51300000,190,4845.70000000,6926.56743000,0
2025-11-21 08:00:00,1.3926,1.4094,1.3279,1.3361,12976.70000000,1763726399999,17816.78481000,69,8602.80000000,11879.48284000,0
2025-11-21 12:00:00,1.3346,1.4094,1.3196,1.3663,11110.30000000,1763740799999,15035.77217000,103,8424.60000000,11356.99444000,0
2025-11-21 16:00:00,1.3519,1.4178,1.3435,1.3863,2654.50000000,1763755199999,3687.19762000,70,1899.10000000,2657.27105000,0
2025-11-21 20:00:00,1.3812,1.398,1.3481,1.3929,11883.10000000,1763769599999,16191.73284000,62,9039.70000000,12309.03014000,0
2025-11-22 00:00:00,1.3924,1.4003,1.3801,1.3805,2183.80000000,1763783999999,3028.65946000,38,2048.00000000,2839.91408000,0
2025-11-22 04:00:00,1.379,1.379,1.3481,1.366,5873.00000000,1763798399999,8011.39096000,35,3970.60000000,5420.26009000,0
2025-11-22 08:00:00,1.3645,1.3645,1.3316,1.3551,415.30000000,1763812799999,556.31512000,26,213.10000000,286.00983000,0
2025-11-22 12:00:00,1.3481,1.3481,1.3146,1.3246,2075.30000000,1763827199999,2747.13987000,42,262.00000000,351.17824000,0
2025-11-22 16:00:00,1.3223,1.3459,1.3223,1.3361,3831.90000000,1763841599999,5115.45249000,43,2188.00000000,2922.34656000,0
2025-11-22 20:00:00,1.3413,1.3666,1.3246,1.3468,4131.60000000,1763855999999,5587.08860000,31,462.20000000,621.84933000,0
2025-11-23 00:00:00,1.3485,1.4012,1.3449,1.3925,129235.50000000,1763870399999,175480.70757000,261,11907.50000000,16170.52257000,0
2025-11-23 04:00:00,1.4011,1.404,1.373,1.373,2662.10000000,1763884799999,3673.16617000,35,192.50000000,269.02750000,0
2025-11-23 08:00:00,1.3726,1.3748,1.3721,1.3743,34218.50000000,1763899199999,46995.25746000,61,1597.30000000,2195.31107000,0
2025-11-23 12:00:00,1.3832,1.3933,1.3581,1.3746,93543.50000000,1763913599999,128314.15116000,125,3535.90000000,4859.82040000,0
2025-11-23 16:00:00,1.3838,1.3884,1.3605,1.3869,7165.10000000,1763927999999,9849.13653000,31,3769.70000000,5172.39051000,0
2025-11-23 20:00:00,1.381,1.3995,1.3666,1.3676,96758.10000000,1763942399999,135032.97855000,140,33307.10000000,46545.03255000,0
2025-11-24 00:00:00,1.3652,1.4012,1.342,1.3924,6810.90000000,1763956799999,9358.21607000,135,3352.00000000,4619.30780000,0
2025-11-24 04:00:00,1.3952,1.4176,1.3725,1.394,1363.30000000,1763971199999,1911.24259000,48,847.70000000,1189.25702000,0
2025-11-24 08:00:00,1.3944,1.3944,1.3477,1.384,266914.60000000,1763985599999,361163.88066000,556,109992.60000000,148953.66088000,0
2025-11-24 12:00:00,1.3816,1.4011,1.3555,1.3992,8650.20000000,1763999999999,11869.41869000,93,510.20000000,704.86620000,0
2025-11-24 16:00:00,1.404,1.5631,1.403,1.5273,51127.90000000,1764014399999,75873.28494000,200,20767.90000000,31212.54771000,0
2025-11-24 20:00:00,1.5306,1.5609,1.5252,1.529,26463.90000000,1764028799999,40603.01065000,63,15718.90000000,24183.98663000,0
2025-11-25 00:00:00,1.5342,1.5524,1.519,1.5482,5658.50000000,1764043199999,8650.10528000,41,2210.40000000,3391.20589000,0
2025-11-25 04:00:00,1.5419,1.5683,1.5259,1.5259,5579.90000000,1764057599999,8698.91195000,49,5435.90000000,8475.33656000,0
2025-11-25 08:00:00,1.5221,1.5435,1.4971,1.5435,13112.00000000,1764071999999,20120.02284000,42,2655.30000000,4078.18861000,0
2025-11-25 12:00:00,1.5336,1.5373,1.4717,1.4806,2792.60000000,1764086399999,4177.19440000,33,2036.90000000,3027.29358000,0
2025-11-25 16:00:00,1.4875,1.5045,1.4648,1.476,4134.70000000,1764100799999,6143.46977000,28,1894.90000000,2832.73064000,0
2025-11-25 20:00:00,1.4964,1.611,1.4964,1.564,3263.30000000,1764115199999,5064.79692000,57,2165.20000000,3378.52542000,0
2025-11-26 00:00:00,1.5514,1.5561,1.52,1.52,17224.00000000,1764129599999,26513.09682000,165,16188.40000000,24911.53571000,0
2025-11-26 04:00:00,1.5162,1.5401,1.515,1.5401,10650.70000000,1764143999999,16276.59523000,50,10517.20000000,16072.94985000,0
2025-11-26 08:00:00,1.5373,1.5373,1.4997,1.5067,1856.90000000,1764158399999,2813.38380000,18,77.60000000,117.58728000,0
2025-11-26 12:00:00,1.4998,1.4998,1.4718,1.4815,3439.50000000,1764172799999,5102.26413000,40,2924.30000000,4338.36750000,0
2025-11-26 16:00:00,1.4915,1.5541,1.4904,1.544,23651.10000000,1764187199999,36421.44692000,86,13384.20000000,20636.12366000,0
2025-11-26 20:00:00,1.5434,1.5631,1.5397,1.5416,3028.10000000,1764201599999,4693.89624000,26,2310.50000000,3586.63681000,0
2025-11-27 00:00:00,1.5483,1.5763,1.5422,1.5481,2998.20000000,1764215999999,4675.96684000,37,1652.00000000,2587.54996000,0
2025-11-27 04:00:00,1.5581,1.5581,1.5365,1.5398,2248.20000000,1764230399999,3474.92892000,19,758.70000000,1177.13883000,0
2025-11-27 08:00:00,1.5393,1.549,1.5242,1.5307,432.10000000,1764244799999,663.57855000,13,160.50000000,247.27867000,0
2025-11-27 12:00:00,1.5318,1.55,1.5174,1.5467,12447.90000000,1764259199999,19278.98492000,47,246.40000000,377.87677000,0
2025-11-27 16:00:00,1.547,1.578,1.5465,1.578,6236.10000000,1764273599999,9804.65462000,32,3704.10000000,5820.42399000,0
2025-11-27 20:00:00,1.569,1.5833,1.5403,1.5428,890.40000000,1764287999999,1393.32739000,25,183.50000000,287.25230000,0
2025-11-28 00:00:00,1.5488,1.5488,1.5132,1.539,4864.90000000,1764302399999,7469.49039000,46,259.70000000,400.04934000,0
2025-11-28 04:00:00,1.5371,1.539,1.5107,1.5208,7426.10000000,1764316799999,11345.67401000,44,1636.30000000,2490.43974000,0
2025-11-28 08:00:00,1.5248,1.5761,1.5248,1.5413,4435.00000000,1764331199999,6864.80975000,50,3542.90000000,5483.39939000,0
2025-11-28 12:00:00,1.5525,1.5987,1.5443,1.5796,45371.90000000,1764345599999,70389.60696000,70,5758.50000000,8988.32057000,0
2025-11-28 16:00:00,1.5715,1.5717,1.5064,1.5345,189206.50000000,1764359999999,295722.22626000,233,491.50000000,755.80873000,0
2025-11-28 20:00:00,1.5259,1.5349,1.5174,1.527,780.90000000,1764374399999,1192.35509000,21,658.60000000,1005.99388000,0
2025-11-29 00:00:00,1.5225,1.5298,1.5119,1.5181,1499.70000000,1764388799999,2281.91700000,39,1249.40000000,1900.84280000,0
2025-11-29 04:00:00,1.5157,1.5241,1.5006,1.5046,521.20000000,1764403199999,788.98621000,18,358.00000000,543.13043000,0
2025-11-29 08:00:00,1.5,1.5141,1.4947,1.5141,580.30000000,1764417599999,870.35048000,13,73.60000000,110.91642000,0
2025-11-29 12:00:00,1.5156,1.5156,1.4989,1.5122,44485.40000000,1764431999999,67088.38018000,58,43575.40000000,65718.55235000,0
2025-11-29 16:00:00,1.5086,1.5086,1.4872,1.4951,1139.10000000,1764446399999,1709.70389000,26,184.20000000,276.01815000,0
2025-11-29 20:00:00,1.491,1.5006,1.491,1.4991,313.90000000,1764460799999,470.61845000,9,287.90000000,431.73714000,0
2025-11-30 00:00:00,1.5003,1.515,1.4978,1.515,4104.60000000,1764475199999,6165.69669000,30,3752.50000000,5634.29667000,0
2025-11-30 04:00:00,1.5135,1.5227,1.4998,1.5227,209.20000000,1764489599999,316.50211000,10,142.20000000,215.40652000,0
2025-11-30 08:00:00,1.529,1.5469,1.5245,1.5245,937.70000000,1764503999999,1438.46781000,39,496.90000000,763.62804000,0
2025-11-30 12:00:00,1.5314,1.5682,1.5301,1.5405,1625.00000000,1764518399999,2519.46143000,48,991.40000000,1539.53076000,0
2025-11-30 16:00:00,1.5525,1.5525,1.537,1.5411,1574.30000000,1764532799999,2421.56813000,12,100.30000000,155.35309000,0
2025-11-30 20:00:00,1.5326,1.5456,1.5022,1.5022,778.40000000,1764547199999,1182.83445000,28,190.00000000,289.96721000,0
2025-12-01 00:00:00,1.4994,1.4994,1.3725,1.3751,199206.40000000,1764561599999,286416.85245000,240,9097.10000000,12868.05714000,0
2025-12-01 04:00:00,1.3753,1.3773,1.3621,1.3677,30901.50000000,1764575999999,42401.18647000,43,921.80000000,1264.90493000,0
2025-12-01 08:00:00,1.3733,1.3838,1.3484,1.3484,1033.50000000,1764590399999,1409.16890000,27,251.50000000,343.86825000,0
2025-12-01 12:00:00,1.3483,1.3629,1.3074,1.3317,10878.50000000,1764604799999,14506.39089000,85,4266.80000000,5727.35625000,0
2025-12-01 16:00:00,1.3304,1.3307,1.3093,1.3219,3201.00000000,1764619199999,4220.16384000,51,2662.70000000,3513.44206000,0
2025-12-01 20:00:00,1.3288,1.3535,1.3253,1.3473,3282.30000000,1764633599999,4397.62384000,67,1686.60000000,2257.70370000,0
2025-12-02 00:00:00,1.3473,1.3649,1.3373,1.352,2206.30000000,1764647999999,2983.32038000,47,1978.20000000,2676.18194000,0
2025-12-02 04:00:00,1.3565,1.3633,1.3463,1.3463,621.30000000,1764662399999,842.28644000,21,605.70000000,821.28416000,0
2025-12-02 08:00:00,1.3463,1.3837,1.3423,1.3837,915.50000000,1764676799999,1248.56343000,26,654.80000000,898.32902000,0
2025-12-02 12:00:00,1.3875,1.6258,1.3762,1.6144,14583.80000000,1764691199999,22110.05831000,197,9137.30000000,13963.60028000,0
2025-12-02 16:00:00,1.6111,1.6215,1.5794,1.6051,29316.00000000,1764705599999,47085.65891000,169,9220.10000000,14757.71545000,0
2025-12-02 20:00:00,1.6051,1.6487,1.5841,1.6276,32649.50000000,1764719999999,53316.65437000,99,19550.10000000,31942.91954000,0
2025-12-03 00:00:00,1.6353,1.6821,1.6195,1.6418,34400.60000000,1764734399999,57214.32924000,179,16358.80000000,27391.57003000,0
2025-12-03 04:00:00,1.6454,1.7783,1.6454,1.7509,97603.80000000,1764748799999,166927.71011000,250,34116.20000000,58152.29226000,0
2025-12-03 08:00:00,1.7435,1.7887,1.6964,1.6964,4569.40000000,1764763199999,7983.38187000,77,1561.30000000,2757.62575000,0
2025-12-03 12:00:00,1.699,1.7266,1.6689,1.6799,29102.10000000,1764777599999,49554.97982000,66,27589.20000000,47000.05375000,0
2025-12-03 16:00:00,1.6927,1.7028,1.6606,1.6631,5292.30000000,1764791999999,8821.30205000,33,2804.40000000,4671.57293000,0
2025-12-03 20:00:00,1.674,1.7191,1.6663,1.6942,4712.00000000,1764806399999,7993.13108000,60,3386.70000000,5772.21120000,0
2025-12-04 00:00:00,1.6977,1.7163,1.6689,1.6689,4081.30000000,1764820799999,6902.29354000,40,1478.60000000,2499.40732000,0
2025-12-04 04:00:00,1.6775,1.6797,1.6606,1.6643,828.70000000,1764835199999,1380.42637000,16,219.00000000,366.53216000,0
2025-12-04 08:00:00,1.6712,1.6836,1.6678,1.6678,238.00000000,1764849599999,398.48444000,8,70.00000000,117.75640000,0
2025-12-04 12:00:00,1.6606,1.7098,1.644,1.6883,7029.80000000,1764863999999,11625.57986000,74,3987.20000000,6598.54911000,0
2025-12-04 16:00:00,1.6857,1.6857,1.6153,1.6441,1372.20000000,1764878399999,2264.10355000,37,657.00000000,1080.54850000,0
2025-12-04 20:00:00,1.6479,1.6653,1.6479,1.6653,3311.50000000,1764892799999,5470.37975000,15,166.80000000,276.43311000,0
2025-12-05 00:00:00,1.6639,1.6737,1.644,1.644,3642.20000000,1764907199999,6036.13878000,25,1924.40000000,3204.13640000,0
2025-12-05 04:00:00,1.651,1.651,1.6292,1.6432,1368.20000000,1764921599999,2238.35637000,11,76.20000000,125.66370000,0
2025-12-05 08:00:00,1.6276,1.6372,1.6097,1.6227,2093.30000000,1764935999999,3406.66086000,24,1421.20000000,2318.40144000,0
2025-12-05 12:00:00,1.6245,1.6697,1.6033,1.6358,5468.40000000,1764950399999,8838.45150000,92,4222.40000000,6826.21342000,0
2025-12-05 16:00:00,1.6312,1.6312,1.5358,1.566,84822.30000000,1764964799999,130728.88037000,215,41211.40000000,63519.78021000,0
2025-12-05 20:00:00,1.566,1.566,1.5381,1.5569,9521.70000000,1764979199999,14752.14496000,29,1232.50000000,1916.99990000,0
2025-12-06 00:00:00,1.5522,1.5617,1.5473,1.5538,2152.90000000,1764993599999,3345.84753000,15,933.90000000,1447.43450000,0
2025-12-06 04:00:00,1.5547,1.5547,1.5231,1.5231,3455.80000000,1765007999999,5311.61747000,21,306.50000000,471.95201000,0
2025-12-06 08:00:00,1.5201,1.5264,1.5132,1.5183,377.90000000,1765022399999,574.60816000,10,10.10000000,15.37670000,0
2025-12-06 12:00:00,1.5207,1.5371,1.5143,1.5257,3326.80000000,1765036799999,5081.30354000,21,3171.70000000,4845.42728000,0
2025-12-06 16:00:00,1.5306,1.5609,1.5306,1.5403,5230.60000000,1765051199999,8071.65472000,31,4888.80000000,7543.99702000,0
2025-12-06 20:00:00,1.5456,1.5635,1.543,1.5635,1817.40000000,1765065599999,2821.77769000,28,1491.30000000,2314.73707000,0
2025-12-07 00:00:00,1.5655,1.5964,1.5635,1.5919,2565.90000000,1765079999999,4036.20097000,35,520.90000000,823.35383000,0
2025-12-07 04:00:00,1.5839,1.5869,1.5715,1.5715,428.10000000,1765094399999,675.83148000,11,197.60000000,312.33105000,0
2025-12-07 08:00:00,1.5704,1.5735,1.5612,1.5735,665.50000000,1765108799999,1044.72548000,10,65.60000000,103.10806000,0
2025-12-07 12:00:00,1.5735,1.598,1.5132,1.5919,15006.20000000,1765123199999,23697.10399000,94,8936.90000000,14242.04928000,0
2025-12-07 16:00:00,1.5715,1.6583,1.5533,1.6487,3610.50000000,1765137599999,5882.68826000,75,2691.90000000,4388.44100000,0
2025-12-07 20:00:00,1.6511,1.6511,1.5481,1.584,2093.00000000,1765151999999,3317.21155000,54,833.20000000,1331.66163000,0
2025-12-08 00:00:00,1.5776,1.6362,1.5776,1.6241,3787.90000000,1765166399999,6127.49170000,32,3526.40000000,5706.26592000,0
2025-12-08 04:00:00,1.6162,1.6333,1.6159,1.6238,1165.50000000,1765180799999,1893.27612000,15,710.60000000,1155.95181000,0
2025-12-08 08:00:00,1.6405,1.657,1.6251,1.6363,4179.50000000,1765195199999,6852.64544000,29,3719.90000000,6101.32639000,0
2025-12-08 12:00:00,1.6195,1.6405,1.5918,1.616,1532.40000000,1765209599999,2477.74541000,39,880.40000000,1428.97653000,0
2025-12-08 16:00:00,1.6028,1.6281,1.5953,1.6062,507.30000000,1765223999999,817.00871000,20,220.30000000,355.98580000,0
2025-12-08 20:00:00,1.616,1.6335,1.6114,1.616,643.20000000,1765238399999,1044.09187000,16,226.10000000,367.51835000,0
2025-12-09 00:00:00,1.6122,1.6122,1.5783,1.5921,1481.90000000,1765252799999,2358.35436000,29,164.40000000,263.70821000,0
2025-12-09 04:00:00,1.5978,1.6122,1.575,1.6122,469.50000000,1765267199999,744.55454000,17,323.30000000,513.01831000,0
2025-12-09 08:00:00,1.616,1.6241,1.5953,1.5953,228.50000000,1765281599999,367.05192000,6,45.30000000,73.38786000,0
2025-12-09 12:00:00,1.6014,1.6599,1.5989,1.6599,4888.70000000,1765295999999,8033.85855000,49,1471.90000000,2415.83647000,0
2025-12-09 16:00:00,1.6603,1.7269,1.6603,1.6857,9782.30000000,1765310399999,16622.29080000,121,7915.00000000,13429.92321000,0
2025-12-09 20:00:00,1.6851,1.6851,1.6358,1.6574,1157.00000000,1765324799999,1920.66455000,37,337.60000000,561.83660000,0
2025-12-10 00:00:00,1.6587,1.6587,1.6337,1.6337,3013.70000000,1765339199999,4953.17444000,10,2908.50000000,4780.90788000,0
2025-12-10 04:00:00,1.6312,1.6395,1.6195,1.6201,288.40000000,1765353599999,469.74846000,15,39.00000000,63.48193000,0
2025-12-10 08:00:00,1.6271,1.6487,1.6033,1.6033,1154.40000000,1765367999999,1862.62948000,23,525.10000000,847.66671000,0
2025-12-10 12:00:00,1.61,1.6186,1.6028,1.6028,1165.90000000,1765382399999,1883.43673000,12,563.20000000,909.83807000,0
2025-12-10 16:00:00,1.6241,1.6844,1.6199,1.6637,47607.70000000,1765396799999,77588.03653000,188,12849.50000000,21214.06639000,0
2025-12-10 20:00:00,1.6578,1.7159,1.6041,1.6303,7147.30000000,1765411199999,12095.42216000,100,5736.40000000,9756.23400000,0
2025-12-11 00:00:00,1.6114,1.6114,1.5359,1.5413,42983.70000000,1765425599999,68550.88060000,155,27909.50000000,44549.46946000,0
2025-12-11 04:00:00,1.5351,1.5636,1.5326,1.5452,2042.80000000,1765439999999,3167.78690000,36,1397.30000000,2171.21465000,0
2025-12-11 08:00:00,1.5483,1.5503,1.5448,1.5496,590.50000000,1765454399999,914.24393000,11,549.60000000,851.02899000,0
2025-12-11 12:00:00,1.5499,1.5603,1.5228,1.5403,5643.60000000,1765468799999,8735.86524000,68,3037.30000000,4719.55247000,0
2025-12-11 16:00:00,1.5326,1.5806,1.5326,1.5746,10583.90000000,1765483199999,16640.89276000,59,6552.80000000,10334.10837000,0
2025-12-11 20:00:00,1.5636,1.6335,1.5636,1.6201,6077.30000000,1765497599999,9857.69301000,60,4687.30000000,7607.84002000,0
2025-12-12 00:00:00,1.6106,1.6441,1.5968,1.6302,1939.00000000,1765511999999,3153.47568000,42,998.90000000,1623.45372000,0
2025-12-12 04:00:00,1.6282,1.6635,1.6272,1.6445,6947.10000000,1765526399999,11516.20904000,32,2041.10000000,3362.19504000,0
2025-12-12 08:00:00,1.6601,1.6601,1.6276,1.6413,884.40000000,1765540799999,1449.37788000,13,29.00000000,47.92170000,0
2025-12-12 12:00:00,1.6487,1.6616,1.5637,1.5637,9537.70000000,1765555199999,15256.96396000,70,1132.20000000,1832.15471000,0
2025-12-12 16:00:00,1.5804,1.5804,1.5403,1.5614,2651.10000000,1765569599999,4130.25436000,51,610.70000000,954.79413000,0
2025-12-12 20:00:00,1.565,1.5684,1.5633,1.5684,108.10000000,1765583999999,169.21220000,3,14.40000000,22.57170000,0
2025-12-13 00:00:00,1.5708,1.5867,1.5701,1.5755,602.50000000,1765598399999,949.21908000,17,526.20000000,829.35349000,0
2025-12-13 04:00:00,1.5843,1.5882,1.574,1.5882,120.50000000,1765612799999,190.84376000,10,118.90000000,188.32536000,0
2025-12-13 08:00:00,1.5919,1.616,1.5919,1.616,373.20000000,1765627199999,598.93056000,17,269.90000000,433.32184000,0
2025-12-13 12:00:00,1.6166,1.6166,1.5969,1.5988,74292.70000000,1765641599999,119651.24689000,27,386.50000000,621.58336000,0
2025-12-13 16:00:00,1.6052,1.6067,1.5969,1.6067,390.80000000,1765655999999,627.25193000,5,0.00000000,0.00000000,0
2025-12-13 20:00:00,1.6114,1.6114,1.5874,1.5999,578.40000000,1765670399999,925.75374000,15,451.40000000,722.79768000,0
2025-12-14 00:00:00,1.6046,1.6281,1.6046,1.6091,5414.90000000,1765684799999,8729.67366000,25,5000.70000000,8063.10154000,0
2025-12-14 04:00:00,1.6033,1.6033,1.5934,1.5994,6427.40000000,1765699199999,10286.56135000,22,1614.20000000,2583.27987000,0
2025-12-14 08:00:00,1.5956,1.6023,1.5709,1.5919,949.00000000,1765713599999,1499.54767000,19,734.30000000,1159.06917000,0
2025-12-14 12:00:00,1.5999,1.6424,1.5796,1.5822,3664.00000000,1765727999999,5821.80745000,54,498.70000000,810.55481000,0
2025-12-14 16:00:00,1.5794,1.5794,1.5636,1.5636,2508.10000000,1765742399999,3925.48025000,18,160.70000000,252.60199000,0
2025-12-14 20:00:00,1.5559,1.567,1.528,1.5525,4467.70000000,1765756799999,6879.55266000,49,898.60000000,1384.73787000,0
2025-12-15 00:00:00,1.5574,1.6025,1.5574,1.5604,3186.70000000,1765771199999,4991.51009000,35,1121.20000000,1759.89032000,0
2025-12-15 04:00:00,1.5817,1.5851,1.5606,1.5606,2343.80000000,1765785599999,3689.95412000,11,114.90000000,181.74881000,0
2025-12-15 08:00:00,1.5703,1.5734,1.5703,1.5734,139.30000000,1765799999999,218.78205000,3,13.80000000,21.70940000,0
2025-12-15 12:00:00,1.5673,1.5761,1.4672,1.482,6830.90000000,1765814399999,10281.47246000,92,1467.60000000,2198.72190000,0
2025-12-15 16:00:00,1.4933,1.4933,1.4342,1.4575,10348.40000000,1765828799999,15015.67668000,115,4859.60000000,7055.00057000,0
2025-12-15 20:00:00,1.4504,1.4706,1.4432,1.4654,1533.70000000,1765843199999,2238.41087000,21,1322.00000000,1931.28464000,0
2025-12-16 00:00:00,1.4714,1.4766,1.4432,1.4497,835.80000000,1765857599999,1216.65292000,25,384.00000000,560.69991000,0
2025-12-16 04:00:00,1.4547,1.479,1.44,1.4556,1918.80000000,1765871999999,2803.29600000,30,1780.30000000,2601.74540000,0
2025-12-16 08:00:00,1.4692,1.5144,1.4692,1.5144,765.40000000,1765886399999,1149.84415000,23,745.30000000,1120.14075000,0
2025-12-16 12:00:00,1.5115,1.5294,1.4798,1.5294,2053.00000000,1765900799999,3102.24669000,41,1708.20000000,2584.27844000,0
2025-12-16 16:00:00,1.5173,1.5217,1.4988,1.5083,2139.10000000,1765915199999,3221.18956000,15,1952.80000000,2941.16340000,0
2025-12-16 20:00:00,1.5103,1.5217,1.5045,1.5045,2102.40000000,1765929599999,3182.23192000,21,2051.60000000,3105.77653000,0
2025-12-17 00:00:00,1.5022,1.5141,1.4872,1.4916,331.30000000,1765943999999,495.05334000,13,117.20000000,175.51033000,0
2025-12-17 04:00:00,1.4891,1.4891,1.4724,1.4789,113.70000000,1765958399999,168.12453000,11,18.10000000,26.88497000,0
2025-12-17 08:00:00,1.4667,1.4781,1.4636,1.4781,831.70000000,1765972799999,1224.55666000,12,557.80000000,822.70882000,0
2025-12-17 12:00:00,1.484,1.5445,1.4636,1.4706,1883.70000000,1765987199999,2851.02788000,68,1249.70000000,1904.72905000,0
2025-12-17 16:00:00,1.4723,1.4725,1.4042,1.4257,8354.60000000,1766001599999,11994.36077000,79,523.40000000,747.04353000,0
2025-12-17 20:00:00,1.4242,1.44,1.4145,1.416,1872.80000000,1766015999999,2671.95588000,24,1553.70000000,2219.69209000,0
2025-12-18 00:00:00,1.4125,1.4192,1.398,1.4052,1611.70000000,1766030399999,2270.58826000,30,405.20000000,573.17364000,0
2025-12-18 04:00:00,1.4104,1.4127,1.3934,1.3934,3592.20000000,1766044799999,5029.57144000,22,373.20000000,521.63480000,0
2025-12-18 08:00:00,1.4064,1.4064,1.3958,1.3998,38.20000000,1766059199999,53.48192000,4,19.30000000,27.02604000,0
2025-12-18 12:00:00,1.4115,1.4693,1.4115,1.4593,2872.60000000,1766073599999,4153.56713000,61,632.00000000,915.13345000,0
2025-12-18 16:00:00,1.436,1.436,1.331,1.3314,14033.00000000,1766087999999,19490.35587000,113,3792.70000000,5356.61288000,0
2025-12-18 20:00:00,1.3453,1.3598,1.3345,1.3486,1527.00000000,1766102399999,2059.00055000,26,676.00000000,912.42977000,0
2025-12-19 00:00:00,1.3417,1.3937,1.3324,1.3825,4117.60000000,1766116799999,5538.74928000,46,3820.20000000,5140.00190000,0
2025-12-19 04:00:00,1.3838,1.4546,1.3786,1.4288,1616.50000000,1766131199999,2267.45932000,51,1271.20000000,1787.60106000,0
2025-12-19 08:00:00,1.4367,1.4367,1.4216,1.4293,280.50000000,1766145599999,400.47948000,11,69.70000000,99.76433000,0
2025-12-19 12:00:00,1.4358,1.4766,1.43,1.43,1856.60000000,1766159999999,2683.20450000,41,902.60000000,1310.24918000,0
2025-12-19 16:00:00,1.4546,1.4872,1.4348,1.4872,1165.60000000,1766174399999,1703.53497000,36,829.10000000,1216.72509000,0
2025-12-19 20:00:00,1.4907,1.4987,1.48,1.481,3822.80000000,1766188799999,5672.49594000,25,941.60000000,1399.22514000,0
2025-12-20 00:00:00,1.4806,1.4806,1.4636,1.4675,776.00000000,1766203199999,1139.43664000,15,692.30000000,1016.67516000,0
2025-12-20 04:00:00,1.4582,1.4704,1.4582,1.4664,822.70000000,1766217599999,1207.66981000,13,165.00000000,242.21046000,0
2025-12-20 08:00:00,1.4835,1.4849,1.465,1.465,118.00000000,1766231999999,174.23426000,5,46.00000000,68.26707000,0
2025-12-20 12:00:00,1.4687,1.4688,1.456,1.4616,1297.00000000,1766246399999,1896.46880000,10,1050.20000000,1535.17047000,0
2025-12-20 16:00:00,1.4587,1.4587,1.4556,1.4556,439.20000000,1766260799999,639.69951000,10,139.20000000,202.92951000,0
2025-12-20 20:00:00,1.458,1.4593,1.4512,1.4512,197.70000000,1766275199999,287.41364000,6,69.90000000,101.95028000,0
2025-12-21 00:00:00,1.458,1.458,1.4357,1.4357,2952.00000000,1766289599999,4255.59939000,18,93.80000000,135.41590000,0
2025-12-21 04:00:00,1.4445,1.4445,1.4391,1.4405,902.70000000,1766303999999,1300.83224000,15,560.80000000,808.34270000,0
2025-12-21 08:00:00,1.4402,1.4766,1.4401,1.4577,312.50000000,1766318399999,455.43933000,14,164.80000000,241.79911000,0
2025-12-21 12:00:00,1.4504,1.4504,1.4147,1.4245,451.40000000,1766332799999,646.23891000,26,57.20000000,81.82671000,0
2025-12-21 16:00:00,1.4268,1.4474,1.4268,1.4474,286.70000000,1766347199999,412.46186000,14,149.10000000,215.00218000,0
2025-12-21 20:00:00,1.4371,1.4574,1.4371,1.4554,104.40000000,1766361599999,151.07399000,5,44.80000000,65.21136000,0
2025-12-22 00:00:00,1.4502,1.4766,1.4348,1.4568,586.30000000,1766375999999,854.21058000,27,269.50000000,394.07748000,0
2025-12-22 04:00:00,1.4636,1.4636,1.4489,1.4556,698.10000000,1766390399999,1015.87191000,15,141.60000000,206.38533000,0
2025-12-22 08:00:00,1.4692,1.4743,1.4585,1.4698,966.50000000,1766404799999,1419.71076000,13,236.20000000,347.46223000,0
2025-12-22 12:00:00,1.4735,1.4915,1.4735,1.4752,5970.90000000,1766419199999,8818.96405000,41,1275.20000000,1884.32757000,0
2025-12-22 16:00:00,1.4771,1.4973,1.4397,1.4397,5561.40000000,1766433599999,8212.46998000,59,4700.90000000,6939.10869000,0
2025-12-22 20:00:00,1.4363,1.4636,1.4343,1.4594,1527.50000000,1766447999999,2202.11703000,28,1328.50000000,1914.88069000,0
2025-12-23 00:00:00,1.4631,1.4693,1.4407,1.4407,169.80000000,1766462399999,247.38978000,9,109.70000000,160.43956000,0
2025-12-23 04:00:00,1.451,1.4563,1.4257,1.4257,3803.40000000,1766476799999,5513.97310000,31,3489.70000000,5063.09808000,0
2025-12-23 08:00:00,1.4323,1.4426,1.4262,1.4383,1201.20000000,1766491199999,1726.58298000,10,178.40000000,256.56309000,0
2025-12-23 12:00:00,1.4383,1.44,1.4095,1.437,830.70000000,1766505599999,1189.76343000,31,304.20000000,435.77359000,0
2025-12-23 16:00:00,1.4406,1.4456,1.4231,1.439,991.50000000,1766519999999,1427.84431000,18,249.00000000,358.94028000,0
2025-12-23 20:00:00,1.4416,1.4546,1.4288,1.4303,270.20000000,1766534399999,390.44695000,15,203.50000000,294.90989000,0
2025-12-24 00:00:00,1.431,1.431,1.3977,1.4154,3340.80000000,1766548799999,4750.31219000,31,73.30000000,104.79798000,0
2025-12-24 04:00:00,1.4127,1.4127,1.3973,1.4091,1632.70000000,1766563199999,2289.70186000,26,1060.70000000,1486.10091000,0
2025-12-24 08:00:00,1.3998,1.4124,1.3977,1.4124,546.60000000,1766577599999,764.58584000,8,99.00000000,138.65055000,0
2025-12-24 12:00:00,1.4184,1.4186,1.3934,1.4186,2762.00000000,1766591999999,3873.38292000,29,2337.70000000,3275.73649000,0
2025-12-24 16:00:00,1.4254,1.4261,1.4118,1.416,1282.50000000,1766606399999,1815.39468000,13,1122.50000000,1589.42889000,0
2025-12-24 20:00:00,1.4188,1.4257,1.4158,1.4158,733.80000000,1766620799999,1044.45316000,9,170.90000000,243.27796000,0
2025-12-25 00:00:00,1.4121,1.4209,1.4121,1.4173,220.00000000,1766635199999,311.97238000,6,147.90000000,209.83455000,0
2025-12-25 04:00:00,1.4203,1.4203,1.4119,1.4142,519.90000000,1766649599999,736.67655000,11,260.80000000,370.07212000,0
2025-12-25 08:00:00,1.4075,1.4083,1.3934,1.402,260.70000000,1766663999999,364.91630000,8,0.00000000,0.00000000,0
2025-12-25 12:00:00,1.4043,1.4254,1.3966,1.4234,1822.00000000,1766678399999,2547.04680000,13,128.90000000,182.28274000,0
2025-12-25 16:00:00,1.4141,1.4179,1.4005,1.4105,1713.30000000,1766692799999,2420.68340000,17,126.10000000,178.35646000,0
2025-12-25 20:00:00,1.4105,1.4105,1.359,1.3601,4666.50000000,1766707199999,6442.24380000,55,3560.50000000,4916.68956000,0
2025-12-26 00:00:00,1.3693,1.4186,1.3596,1.4038,1640.30000000,1766721599999,2264.97466000,41,1202.60000000,1665.59732000,0
2025-12-26 04:00:00,1.4004,1.4115,1.3975,1.4107,253.30000000,1766735999999,355.91085000,7,85.10000000,119.11011000,0
2025-12-26 08:00:00,1.4037,1.4051,1.4037,1.4051,41.00000000,1766750399999,57.58922000,2,14.20000000,19.93254000,0
2025-12-26 12:00:00,1.4076,1.4128,1.3692,1.3859,16247.90000000,1766764799999,22766.80091000,56,7047.70000000,9870.84146000,0
2025-12-26 16:00:00,1.3859,1.3859,1.3801,1.3801,40.00000000,1766779199999,55.22198000,2,36.90000000,50.92569000,0
2025-12-26 20:00:00,1.3945,1.3974,1.3936,1.3974,44.20000000,1766793599999,61.70426000,3,34.30000000,47.90762000,0
2025-12-27 00:00:00,1.3975,1.4091,1.3973,1.4082,2523.30000000,1766807999999,3536.68753000,17,1027.90000000,1447.13265000,0
2025-12-27 04:00:00,1.4085,1.4098,1.4012,1.4023,3393.80000000,1766822399999,4770.73005000,30,3028.30000000,4258.16853000,0
2025-12-27 08:00:00,1.4032,1.414,1.4018,1.41,365.90000000,1766836799999,514.19385000,8,78.00000000,109.87861000,0
2025-12-27 12:00:00,1.4157,1.4283,1.4093,1.4283,536.40000000,1766851199999,761.05516000,24,247.00000000,350.43326000,0
2025-12-27 16:00:00,1.4242,1.4293,1.42,1.4214,668.60000000,1766865599999,952.52462000,16,392.90000000,560.86052000,0
2025-12-27 20:00:00,1.4245,1.4581,1.42,1.4581,2271.90000000,1766879999999,3251.29770000,62,2085.10000000,2985.11887000,0
2025-12-28 00:00:00,1.4555,1.4555,1.4442,1.4543,350.70000000,1766894399999,510.19521000,8,107.70000000,156.56860000,0
2025-12-28 04:00:00,1.4496,1.4545,1.4496,1.4545,442.20000000,1766908799999,641.62434000,13,74.50000000,108.19620000,0
2025-12-28 08:00:00,1.4513,1.4513,1.4513,1.4513,37.00000000,1766923199999,53.69810000,1,0.00000000,0.00000000,0
2025-12-28 12:00:00,1.4589,1.4673,1.4583,1.4586,274.20000000,1766937599999,400.52450000,15,261.70000000,382.23686000,0
2025-12-28 16:00:00,1.457,1.4693,1.4432,1.4432,609.20000000,1766951999999,883.09154000,27,41.20000000,60.46343000,0
2025-12-28 20:00:00,1.4432,1.4618,1.436,1.4618,522.70000000,1766966399999,758.02247000,20,289.50000000,421.31997000,0
2025-12-29 00:00:00,1.4619,1.5051,1.4473,1.5012,4879.60000000,1766980799999,7208.38169000,54,1189.20000000,1764.87926000,0
2025-12-29 04:00:00,1.5017,1.528,1.4947,1.5205,8366.80000000,1766995199999,12641.09480000,111,4201.70000000,6358.60500000,0
2025-12-29 08:00:00,1.499,1.5137,1.4577,1.4837,1941.40000000,1767009599999,2902.90287000,28,115.10000000,170.77284000,0
2025-12-29 12:00:00,1.4577,1.4639,1.4424,1.4521,1340.40000000,1767023999999,1944.90348000,31,467.30000000,678.94070000,0
2025-12-29 16:00:00,1.4397,1.4482,1.4383,1.4383,66089.70000000,1767038399999,95170.61973000,59,32092.20000000,46213.96603000,0
2025-12-29 20:00:00,1.4429,1.4467,1.436,1.4467,115.20000000,1767052799999,166.10861000,8,44.50000000,64.28427000,0
2025-12-30 00:00:00,1.4407,1.4407,1.4216,1.4216,627.30000000,1767067199999,896.11702000,11,101.20000000,144.77743000,0
2025-12-30 04:00:00,1.4364,1.4365,1.4212,1.431,6667.80000000,1767081599999,9533.79990000,29,2776.80000000,3966.86690000,0
2025-12-30 08:00:00,1.44,1.4431,1.4344,1.4431,194.10000000,1767095999999,278.97952000,7,25.50000000,36.72000000,0
2025-12-30 12:00:00,1.4406,1.4473,1.432,1.432,2327.60000000,1767110399999,3335.49319000,25,263.00000000,378.67166000,0
2025-12-30 16:00:00,1.4436,1.4438,1.4275,1.4299,1819.30000000,1767124799999,2616.97631000,11,170.20000000,245.27354000,0
2025-12-30 20:00:00,1.4269,1.4341,1.4264,1.4326,764.10000000,1767139199999,1091.53252000,13,18.70000000,26.78463000,0
2025-12-31 00:00:00,1.4395,1.45,1.4395,1.4396,1961.10000000,1767153599999,2830.40256000,18,600.10000000,868.54507000,0
2025-12-31 04:00:00,1.442,1.4458,1.4356,1.4458,364.30000000,1767167999999,525.07153000,12,242.80000000,350.56197000,0
2025-12-31 08:00:00,1.4397,1.4419,1.4396,1.4419,233.30000000,1767182399999,335.89575000,3,0.00000000,0.00000000,0
2025-12-31 12:00:00,1.4441,1.4573,1.4288,1.4288,586.80000000,1767196799999,848.83602000,14,136.50000000,198.22768000,0
2025-12-31 16:00:00,1.4281,1.4281,1.396,1.396,5263.40000000,1767211199999,7403.71509000,32,767.10000000,1076.62050000,0
2025-12-31 20:00:00,1.396,1.4051,1.3889,1.405,226609.20000000,1767225599999,317164.62337000,187,221551.70000000,310084.27577000,0
2026-01-01 00:00:00,1.4039,1.4132,1.403,1.403,39722.20000000,1767239999999,55921.82376000,27,37157.60000000,52312.84024000,0
2026-01-01 04:00:00,1.3993,1.4437,1.3959,1.4021,42358.20000000,1767254399999,59499.07611000,71,21262.50000000,29930.26903000,0
2026-01-01 08:00:00,1.41,1.4132,1.4087,1.4132,979.80000000,1767268799999,1380.66196000,3,959.20000000,1351.55004000,0
2026-01-01 12:00:00,1.4106,1.4348,1.4106,1.4337,1439.40000000,1767283199999,2040.12549000,12,1429.80000000,2026.46277000,0
2026-01-01 16:00:00,1.4299,1.448,1.4299,1.447,7994.80000000,1767297599999,11550.07188000,16,4924.90000000,7116.25870000,0
2026-01-01 20:00:00,1.4505,1.4744,1.4503,1.4733,3080.60000000,1767311999999,4492.84351000,24,3022.10000000,4407.48458000,0
2026-01-02 00:00:00,1.4681,1.5065,1.4603,1.5047,31104.90000000,1767326399999,46672.77140000,122,18403.30000000,27569.66300000,0
2026-01-02 04:00:00,1.5045,1.5046,1.4849,1.4855,3934.40000000,1767340799999,5856.87454000,36,900.70000000,1345.58355000,0
2026-01-02 08:00:00,1.4934,1.528,1.4934,1.5148,2844.20000000,1767355199999,4327.23255000,32,2280.00000000,3472.19643000,0
2026-01-02 12:00:00,1.5214,1.5424,1.5093,1.5374,4113.20000000,1767369599999,6322.58729000,34,3907.70000000,6008.45656000,0
2026-01-02 16:00:00,1.5448,1.5894,1.5448,1.5894,227754.00000000,1767383999999,358425.75203000,214,182743.70000000,287172.06907000,0
2026-01-02 20:00:00,1.5917,1.6404,1.5917,1.6051,5054.20000000,1767398399999,8173.38821000,67,4819.80000000,7794.67783000,0
2026-01-03 00:00:00,1.6088,1.6737,1.6075,1.67,19374.30000000,1767412799999,31954.62718000,89,10766.20000000,17803.83219000,0
2026-01-03 04:00:00,1.6772,1.693,1.6164,1.6255,4542.30000000,1767427199999,7592.67346000,53,2925.20000000,4907.75179000,0
2026-01-03 08:00:00,1.6321,1.6508,1.6294,1.6371,502.40000000,1767441599999,821.12534000,8,439.40000000,718.47314000,0
2026-01-03 12:00:00,1.6383,1.669,1.6312,1.6569,1879.40000000,1767455999999,3108.00681000,21,1879.40000000,3108.00681000,0
2026-01-03 16:00:00,1.6621,1.6664,1.65,1.6571,3057.80000000,1767470399999,5077.33619000,15,1542.60000000,2569.39723000,0
2026-01-03 20:00:00,1.65,1.6653,1.644,1.6653,292.90000000,1767484799999,485.28606000,17,239.30000000,396.97557000,0
2026-01-04 00:00:00,1.6735,1.7133,1.6713,1.7026,3882.70000000,1767499199999,6567.91124000,53,1535.40000000,2595.00543000,0
2026-01-04 04:00:00,1.7072,1.7096,1.6826,1.695,1953.30000000,1767513599999,3317.10887000,25,1676.40000000,2849.62949000,0
2026-01-04 08:00:00,1.686,1.7158,1.686,1.7009,4018.70000000,1767527999999,6839.18832000,37,2215.50000000,3770.77387000,0
2026-01-04 12:00:00,1.6861,1.6962,1.6861,1.6891,143.40000000,1767542399999,242.46993000,4,69.70000000,118.02736000,0
2026-01-04 16:00:00,1.704,1.7492,1.6891,1.7069,3719.40000000,1767556799999,6383.09489000,75,2073.30000000,3589.51068000,0
2026-01-04 20:00:00,1.7162,1.7282,1.6847,1.6932,745.70000000,1767571199999,1263.24582000,24,105.80000000,182.09086000,0
2026-01-05 00:00:00,1.6945,1.7434,1.6945,1.7051,1069.80000000,1767585599999,1841.33543000,33,733.10000000,1266.30802000,0
2026-01-05 04:00:00,1.7026,1.7027,1.6623,1.6905,3758.20000000,1767599999999,6297.31138000,43,450.80000000,758.89240000,0
2026-01-05 08:00:00,1.6959,1.6959,1.68,1.6864,95.70000000,1767614399999,161.12214000,5,78.50000000,132.22614000,0
2026-01-05 12:00:00,1.6795,1.7103,1.6689,1.7103,3241.40000000,1767628799999,5501.17781000,21,2066.60000000,3498.35013000,0
2026-01-05 16:00:00,1.7103,1.8361,1.7098,1.8361,18049.60000000,1767643199999,32390.99443000,126,16825.00000000,30219.08722000,0
2026-01-05 20:00:00,1.8333,1.9489,1.8333,1.9045,16447.70000000,1767657599999,30959.21428000,154,13385.00000000,25175.82538000,0
2026-01-06 00:00:00,1.9214,1.989,1.9143,1.9374,19729.40000000,1767671999999,38552.47417000,115,17640.50000000,34497.14044000,0
2026-01-06 04:00:00,1.9464,1.9854,1.9444,1.9502,3287.20000000,1767686399999,6428.31369000,45,2545.80000000,4984.36731000,0
2026-01-06 08:00:00,1.9755,1.9886,1.9487,1.9842,704.70000000,1767700799999,1390.36397000,20,356.40000000,706.38065000,0
2026-01-06 12:00:00,1.983,2.0189,1.9458,1.9458,10825.40000000,1767715199999,21541.48943000,113,7348.50000000,14663.62277000,0
2026-01-06 16:00:00,1.9441,1.9441,1.8122,1.8628,9874.40000000,1767729599999,18422.50415000,121,4713.90000000,8853.81580000,0
2026-01-06 20:00:00,1.8646,1.9078,1.8573,1.9078,3245.70000000,1767743999999,6119.63003000,45,2478.50000000,4675.21325000,0
2026-01-07 00:00:00,1.8891,1.8927,1.8543,1.8765,7295.80000000,1767758399999,13749.76374000,42,6722.40000000,12678.15645000,0
2026-01-07 04:00:00,1.8767,1.9264,1.87,1.9264,1319.20000000,1767772799999,2504.55937000,22,1233.40000000,2343.90335000,0
2026-01-07 08:00:00,1.9294,1.983,1.9087,1.9113,3895.80000000,1767787199999,7578.18780000,74,2358.90000000,4593.04905000,0
2026-01-07 12:00:00,1.9017,1.9017,1.8469,1.8501,1990.70000000,1767801599999,3707.44456000,40,244.90000000,460.75284000,0
2026-01-07 16:00:00,1.8664,1.8664,1.829,1.829,885.00000000,1767815999999,1628.04246000,28,181.00000000,334.74767000,0
2026-01-07 20:00:00,1.8277,1.8277,1.8072,1.8211,2760.20000000,1767830399999,5004.37427000,29,1536.00000000,2784.55414000,0
2026-01-08 00:00:00,1.8208,1.8311,1.7933,1.7933,1972.50000000,1767844799999,3556.97258000,28,362.10000000,651.13608000,0
2026-01-08 04:00:00,1.798,1.8134,1.7706,1.8134,1185.50000000,1767859199999,2123.31056000,28,397.00000000,714.71395000,0
2026-01-08 08:00:00,1.8161,1.8303,1.7679,1.7813,630.50000000,1767873599999,1129.82775000,29,232.90000000,420.97070000,0
2026-01-08 12:00:00,1.7724,1.8326,1.7459,1.8322,2274.10000000,1767887999999,4032.38082000,63,761.20000000,1371.17383000,0
2026-01-08 16:00:00,1.8409,1.8507,1.8173,1.8341,1065.70000000,1767902399999,1956.22988000,41,644.60000000,1182.68465000,0
2026-01-08 20:00:00,1.8173,1.8494,1.8131,1.8173,1049.50000000,1767916799999,1916.99939000,18,944.40000000,1725.92790000,0
2026-01-09 00:00:00,1.8259,1.83,1.7992,1.8109,1749.30000000,1767931199999,3196.70561000,20,372.20000000,678.77237000,0
2026-01-09 04:00:00,1.8196,1.8196,1.8082,1.8096,380.40000000,1767945599999,688.99184000,12,131.50000000,238.79811000,0
2026-01-09 08:00:00,1.8007,1.8012,1.7724,1.7972,417.10000000,1767959999999,748.53549000,22,57.40000000,103.12956000,0
2026-01-09 12:00:00,1.7919,1.845,1.776,1.8173,1707.30000000,1767974399999,3098.21239000,52,1060.20000000,1934.53913000,0
2026-01-09 16:00:00,1.8226,1.8479,1.7973,1.8003,1041.00000000,1767988799999,1898.18067000,29,457.70000000,834.52394000,0
2026-01-09 20:00:00,1.7999,1.8251,1.7946,1.8251,221.40000000,1768003199999,399.00172000,10,79.50000000,144.01007000,0
2026-01-10 00:00:00,1.8085,1.81,1.7863,1.7899,468.00000000,1768017599999,843.68289000,14,188.00000000,340.09754000,0
2026-01-10 04:00:00,1.7924,1.8011,1.7874,1.8011,149.10000000,1768031999999,267.69670000,7,68.30000000,122.92150000,0
2026-01-10 08:00:00,1.8064,1.8438,1.8064,1.8259,484.80000000,1768046399999,886.33745000,24,457.10000000,835.90683000,0
2026-01-10 12:00:00,1.8292,1.8295,1.8035,1.8155,240.80000000,1768060799999,438.09254000,23,207.40000000,377.55756000,0
2026-01-10 16:00:00,1.8024,1.8097,1.7976,1.8097,412.80000000,1768075199999,744.08440000,16,226.00000000,407.67408000,0
2026-01-10 20:00:00,1.8106,1.8106,1.7798,1.7961,872.60000000,1768089599999,1566.98023000,19,56.30000000,101.18161000,0
2026-01-11 00:00:00,1.7999,1.806,1.7999,1.806,234.10000000,1768103999999,422.66487000,6,234.10000000,422.66487000,0
2026-01-11 04:00:00,1.8033,1.8192,1.8033,1.8173,514.40000000,1768118399999,930.21128000,11,375.90000000,680.15040000,0
2026-01-11 08:00:00,1.8165,1.8165,1.8162,1.8162,336.70000000,1768132799999,611.61360000,4,55.00000000,99.90750000,0
2026-01-11 12:00:00,1.8208,1.8326,1.7992,1.7992,2295.80000000,1768147199999,4187.07957000,20,2099.60000000,3832.01310000,0
2026-01-11 16:00:00,1.7975,1.96,1.7963,1.8408,16399.30000000,1768161599999,30084.79441000,210,11977.30000000,22043.98357000,0
2026-01-11 20:00:00,1.8024,1.8048,1.7722,1.7888,877.10000000,1768175999999,1570.93290000,29,329.20000000,592.34342000,0
2026-01-12 00:00:00,1.7921,1.8544,1.768,1.8192,6341.10000000,1768190399999,11498.63085000,63,2504.90000000,4590.73783000,0
2026-01-12 04:00:00,1.83,1.835,1.7889,1.7909,3350.10000000,1768204799999,6021.71796000,44,173.70000000,314.99489000,0
2026-01-12 08:00:00,1.7895,1.7895,1.772,1.772,1535.30000000,1768219199999,2732.43868000,22,549.30000000,976.59119000,0
2026-01-12 12:00:00,1.7866,1.8089,1.752,1.8089,5843.20000000,1768233599999,10406.00904000,36,4614.80000000,8243.14842000,0
2026-01-12 16:00:00,1.8051,1.8225,1.7813,1.7833,403.80000000,1768247999999,725.93460000,21,128.60000000,233.50158000,0
2026-01-12 20:00:00,1.8044,1.8044,1.7547,1.7662,268.00000000,1768262399999,475.60300000,19,38.30000000,68.71040000,0
2026-01-13 00:00:00,1.7654,1.7734,1.7544,1.7544,655.60000000,1768276799999,1158.77783000,12,366.90000000,649.83777000,0
2026-01-13 04:00:00,1.7658,1.8115,1.7655,1.7906,1744.30000000,1768291199999,3104.43947000,23,693.30000000,1243.46111000,0
2026-01-13 08:00:00,1.8024,1.8024,1.79,1.7934,1081.00000000,1768305599999,1940.11330000,12,894.20000000,1604.38476000,0
2026-01-13 12:00:00,1.7947,1.8387,1.7946,1.8387,12837.30000000,1768319999999,23379.04761000,136,1778.70000000,3248.06940000,0
2026-01-13 16:00:00,1.8388,1.8501,1.8173,1.8409,1671.00000000,1768334399999,3079.82534000,21,1420.50000000,2619.40510000,0
2026-01-13 20:00:00,1.8494,1.9436,1.8379,1.8731,39922.30000000,1768348799999,76477.06706000,319,11033.80000000,21053.03957000,0
2026-01-14 00:00:00,1.8974,1.8979,1.8603,1.8649,2983.80000000,1768363199999,5609.83395000,48,1978.00000000,3716.09589000,0
2026-01-14 04:00:00,1.8709,1.8709,1.8299,1.8431,2886.40000000,1768377599999,5328.16407000,45,1532.50000000,2829.02138000,0
2026-01-14 08:00:00,1.8515,1.8529,1.8173,1.8228,3428.30000000,1768391999999,6256.65283000,25,2186.10000000,3986.37134000,0
2026-01-14 12:00:00,1.8348,1.8571,1.8239,1.8541,549.60000000,1768406399999,1010.14068000,24,494.90000000,909.34714000,0
2026-01-14 16:00:00,1.8421,1.9346,1.8174,1.8453,9956.60000000,1768420799999,18785.52710000,128,7147.20000000,13558.19196000,0
2026-01-14 20:00:00,1.8533,1.8689,1.8362,1.8579,2246.90000000,1768435199999,4128.18633000,13,123.60000000,229.01993000,0
2026-01-15 00:00:00,1.845,1.8548,1.7779,1.7809,6837.00000000,1768449599999,12425.94197000,72,2098.00000000,3837.06985000,0
2026-01-15 04:00:00,1.789,1.8173,1.789,1.8173,1664.80000000,1768463999999,2989.60561000,21,1612.10000000,2894.86016000,0
2026-01-15 08:00:00,1.8124,1.8502,1.8031,1.8373,565.00000000,1768478399999,1029.62238000,20,268.50000000,493.45364000,0
2026-01-15 12:00:00,1.8265,1.8368,1.7724,1.7954,768.10000000,1768492799999,1374.38831000,21,36.30000000,65.76120000,0
2026-01-15 16:00:00,1.7932,1.8068,1.7585,1.7585,5266.80000000,1768507199999,9374.27019000,35,3054.70000000,5451.32267000,0
2026-01-15 20:00:00,1.7761,1.7941,1.7761,1.7864,578.40000000,1768521599999,1031.85602000,9,528.30000000,942.32261000,0
2026-01-16 00:00:00,1.7853,1.7983,1.7814,1.7913,673.60000000,1768535999999,1205.98247000,15,383.40000000,686.02923000,0
2026-01-16 04:00:00,1.7781,1.7917,1.7655,1.7917,364.20000000,1768550399999,645.45802000,9,88.80000000,158.25599000,0
2026-01-16 08:00:00,1.7919,1.7919,1.7823,1.7823,593.30000000,1768564799999,1057.66305000,10,19.50000000,34.92120000,0
2026-01-16 12:00:00,1.7821,1.7942,1.7107,1.7213,17361.70000000,1768579199999,30050.37509000,86,14338.30000000,24799.20076000,0
2026-01-16 16:00:00,1.7335,1.7705,1.7335,1.7681,3762.80000000,1768593599999,6629.62534000,33,2695.60000000,4756.33651000,0
2026-01-16 20:00:00,1.766,1.7922,1.7641,1.7922,2094.70000000,1768607999999,3728.54512000,28,681.00000000,1212.78347000,0
2026-01-17 00:00:00,1.7921,1.8043,1.7803,1.7803,15181.50000000,1768622399999,27203.60432000,73,7527.70000000,13531.75379000,0
2026-01-17 04:00:00,1.7937,1.7999,1.7931,1.7931,899.70000000,1768636799999,1614.28190000,11,722.80000000,1296.87136000,0
2026-01-17 08:00:00,1.8044,1.8068,1.7886,1.7886,146.10000000,1768651199999,263.03930000,7,67.70000000,122.25116000,0
2026-01-17 12:00:00,1.8068,1.8161,1.8025,1.8102,555.40000000,1768665599999,1006.54571000,23,531.90000000,964.09221000,0
2026-01-17 16:00:00,1.808,1.8091,1.797,1.7971,3930.40000000,1768679999999,7084.87612000,41,779.00000000,1399.97726000,0
2026-01-17 20:00:00,1.8086,1.8086,1.7813,1.7813,88.40000000,1768694399999,158.13065000,6,21.10000000,37.87374000,0
2026-01-18 00:00:00,1.7886,1.7886,1.7705,1.7792,268.50000000,1768708799999,476.18905000,11,19.00000000,33.85334000,0
2026-01-18 04:00:00,1.7849,1.788,1.7794,1.7794,53.10000000,1768723199999,94.85598000,5,53.10000000,94.85598000,0
2026-01-18 08:00:00,1.7776,1.7776,1.7706,1.7762,217.20000000,1768737599999,385.45414000,5,4.00000000,7.10360000,0
2026-01-18 12:00:00,1.7752,1.7842,1.7635,1.7761,94.60000000,1768751999999,167.85049000,11,86.70000000,153.80292000,0
2026-01-18 16:00:00,1.7762,1.7954,1.7685,1.7871,372.70000000,1768766399999,666.74747000,9,367.70000000,657.90497000,0
2026-01-18 20:00:00,1.7724,1.788,1.6964,1.6964,4991.40000000,1768780799999,8624.55907000,64,469.60000000,799.00570000,0
2026-01-19 00:00:00,1.6942,1.6942,1.5643,1.5849,29724.90000000,1768795199999,47332.82101000,213,17127.20000000,27088.61005000,0
2026-01-19 04:00:00,1.5948,1.5948,1.5513,1.5586,15292.40000000,1768809599999,23951.61672000,64,3928.00000000,6186.01638000,0
2026-01-19 08:00:00,1.5726,1.5761,1.5658,1.5665,1581.10000000,1768823999999,2482.80187000,16,379.50000000,595.29763000,0
2026-01-19 12:00:00,1.5559,1.5574,1.5409,1.552,8084.50000000,1768838399999,12542.70866000,49,1608.60000000,2492.27830000,0
2026-01-19 16:00:00,1.5603,1.5833,1.5603,1.5787,511.10000000,1768852799999,805.55559000,14,163.80000000,257.31240000,0
2026-01-19 20:00:00,1.5747,1.5767,1.5609,1.5609,69.00000000,1768867199999,108.32418000,5,22.50000000,35.45295000,0
2026-01-20 00:00:00,1.5623,1.5744,1.55,1.5619,2045.30000000,1768881599999,3197.18826000,25,1627.80000000,2545.77006000,0
2026-01-20 04:00:00,1.5593,1.5593,1.526,1.5341,28956.70000000,1768895999999,44315.23924000,187,2617.60000000,4026.06482000,0
2026-01-20 08:00:00,1.5354,1.536,1.5132,1.5138,1376.70000000,1768910399999,2099.40419000,18,243.40000000,373.49547000,0
2026-01-20 12:00:00,1.5174,1.5348,1.5019,1.5098,10637.50000000,1768924799999,16115.76125000,41,6825.90000000,10348.12336000,0
2026-01-20 16:00:00,1.5247,1.5247,1.4807,1.498,82771.30000000,1768939199999,123026.64903000,213,16818.50000000,24997.56188000,0
2026-01-20 20:00:00,1.4977,1.5056,1.446,1.4685,13216.80000000,1768953599999,19345.12330000,66,1226.70000000,1829.64127000,0
2026-01-21 00:00:00,1.4695,1.514,1.4695,1.508,10521.90000000,1768967999999,15797.19018000,48,2720.40000000,4094.46995000,0
2026-01-21 04:00:00,1.5019,1.5229,1.5019,1.5091,1333.50000000,1768982399999,2021.17978000,15,1096.30000000,1661.08790000,0
2026-01-21 08:00:00,1.5019,1.5019,1.4804,1.4804,382.40000000,1768996799999,572.99031000,9,0.00000000,0.00000000,0
2026-01-21 12:00:00,1.4636,1.5306,1.4582,1.5182,983.80000000,1769011199999,1473.07629000,31,718.30000000,1082.34824000,0
2026-01-21 16:00:00,1.515,1.5375,1.4424,1.5296,9619.30000000,1769025599999,14363.75744000,57,2668.20000000,3910.93036000,0
2026-01-21 20:00:00,1.533,1.5455,1.5073,1.5073,1444.20000000,1769039999999,2210.59671000,27,1168.60000000,1790.99843000,0
2026-01-22 00:00:00,1.5142,1.5331,1.5142,1.5205,713.30000000,1769054399999,1084.00850000,9,472.10000000,718.78346000,0
2026-01-22 04:00:00,1.5204,1.5258,1.5204,1.5258,17.50000000,1769068799999,26.64210000,2,17.50000000,26.64210000,0
2026-01-22 08:00:00,1.5283,1.5283,1.5171,1.5171,34.10000000,1769083199999,51.74767000,2,1.30000000,1.98679000,0
2026-01-22 12:00:00,1.5244,1.5244,1.4836,1.4957,1486.10000000,1769097599999,2223.17910000,24,661.80000000,991.65317000,0
2026-01-22 16:00:00,1.5066,1.5127,1.5062,1.5062,248.60000000,1769111999999,374.64805000,5,165.20000000,249.02337000,0
2026-01-22 20:00:00,1.5062,1.5062,1.4916,1.4916,2842.90000000,1769126399999,4246.48644000,13,83.10000000,124.74141000,0
2026-01-23 00:00:00,1.4916,1.5062,1.4916,1.506,2038.00000000,1769140799999,3055.37908000,7,333.60000000,499.96632000,0
2026-01-23 04:00:00,1.5059,1.5059,1.4973,1.5014,473.00000000,1769155199999,709.68834000,12,106.80000000,160.72352000,0
2026-01-23 08:00:00,1.4919,1.4919,1.4919,1.4919,148.70000000,1769169599999,221.84553000,1,0.00000000,0.00000000,0
2026-01-23 12:00:00,1.4911,1.5002,1.4636,1.4948,2069.60000000,1769183999999,3062.93221000,25,587.80000000,872.12015000,0
2026-01-23 16:00:00,1.4975,1.5367,1.4929,1.4942,1322.90000000,1769198399999,2002.18434000,22,864.40000000,1315.58360000,0
2026-01-23 20:00:00,1.4958,1.4958,1.476,1.4904,1150.50000000,1769212799999,1707.89137000,20,422.30000000,628.27144000,0
2026-01-24 00:00:00,1.4797,1.4908,1.4797,1.4904,630.90000000,1769227199999,937.77272000,7,335.00000000,499.29302000,0
2026-01-24 04:00:00,1.4872,1.4902,1.4861,1.4861,67.30000000,1769241599999,100.08644000,3,26.90000000,40.00356000,0
2026-01-24 08:00:00,1.4847,1.493,1.4847,1.493,1240.80000000,1769255999999,1850.32535000,3,1228.70000000,1832.36048000,0
2026-01-24 12:00:00,1.4879,1.4912,1.4879,1.4912,6.80000000,1769270399999,10.13455000,2,1.70000000,2.52943000,0
2026-01-24 16:00:00,1.4839,1.4867,1.4737,1.4796,1142.10000000,1769284799999,1696.11347000,14,943.80000000,1402.59641000,0
2026-01-24 20:00:00,1.4833,1.4867,1.4809,1.4867,51.80000000,1769299199999,76.78583000,6,49.80000000,73.81683000,0
2026-01-25 00:00:00,1.49,1.49,1.4729,1.4729,140.60000000,1769313599999,207.87476000,4,44.20000000,65.85800000,0
2026-01-25 04:00:00,1.4762,1.4785,1.4665,1.4665,290.00000000,1769327999999,426.65773000,7,102.20000000,150.93949000,0
2026-01-25 08:00:00,1.4636,1.4669,1.4605,1.4666,320.70000000,1769342399999,469.84676000,7,68.10000000,99.89589000,0
2026-01-25 12:00:00,1.4688,1.4688,1.4531,1.4531,2640.50000000,1769356799999,3854.83511000,11,29.00000000,42.46958000,0
2026-01-25 16:00:00,1.4511,1.4512,1.3725,1.3725,6523.10000000,1769371199999,9245.24411000,92,1219.80000000,1707.80102000,0
2026-01-25 20:00:00,1.3871,1.4038,1.3702,1.4008,27219.60000000,1769385599999,37719.95379000,91,9175.70000000,12765.20119000,0
2026-01-26 00:00:00,1.404,1.4399,1.404,1.4368,655.90000000,1769399999999,940.79798000,11,87.70000000,124.43554000,0
2026-01-26 04:00:00,1.4317,1.4489,1.4317,1.4461,260.00000000,1769414399999,374.87268000,8,105.60000000,152.19317000,0
2026-01-26 08:00:00,1.46,1.46,1.4312,1.4384,3987.40000000,1769428799999,5800.12334000,23,1728.60000000,2516.21087000,0
2026-01-26 12:00:00,1.4392,1.4691,1.4348,1.4348,790.90000000,1769443199999,1147.72367000,11,633.40000000,921.08585000,0
2026-01-26 16:00:00,1.4439,1.456,1.4351,1.4504,22462.50000000,1769457599999,32531.12444000,47,10858.50000000,15741.21631000,0
2026-01-26 20:00:00,1.4428,1.4472,1.4428,1.4472,21.60000000,1769471999999,31.18340000,2,21.60000000,31.18340000,0
2026-01-27 00:00:00,1.4472,1.4524,1.4472,1.4509,75.30000000,1769486399999,109.22298000,4,75.30000000,109.22298000,0
2026-01-27 04:00:00,1.4386,1.4386,1.4384,1.4384,16.90000000,1769500799999,24.31034000,2,16.90000000,24.31034000,0
2026-01-27 08:00:00,1.4423,1.4425,1.4372,1.4394,177.80000000,1769515199999,256.07662000,7,90.70000000,130.79618000,0
2026-01-27 12:00:00,1.4357,1.4357,1.421,1.4309,289.00000000,1769529599999,413.10641000,7,195.40000000,279.75830000,0
2026-01-27 16:00:00,1.4603,1.4603,1.4264,1.4363,3184.20000000,1769543999999,4550.89793000,13,137.10000000,196.41894000,0
2026-01-27 20:00:00,1.4499,1.4516,1.4394,1.4435,365.50000000,1769558399999,527.15223000,8,183.30000000,264.65903000,0
2026-01-28 00:00:00,1.438,1.4402,1.4223,1.4347,1393.60000000,1769572799999,2000.17277000,10,17.40000000,24.96378000,0
2026-01-28 04:00:00,1.4292,1.4346,1.4291,1.4298,1026.90000000,1769587199999,1470.62241000,58,1011.70000000,1448.88337000,0
2026-01-28 08:00:00,1.4217,1.4432,1.419,1.4432,272.40000000,1769601599999,391.28391000,8,205.50000000,296.30232000,0
2026-01-28 12:00:00,1.4385,1.4385,1.4048,1.4048,821.30000000,1769615999999,1173.69218000,18,1.70000000,2.43236000,0
2026-01-28 16:00:00,1.4081,1.4153,1.3961,1.4101,654.50000000,1769630399999,920.99347000,15,114.60000000,161.79180000,0
2026-01-28 20:00:00,1.4215,1.4215,1.3942,1.4194,345.40000000,1769644799999,486.74494000,9,270.10000000,381.72758000,0
2026-01-29 00:00:00,1.397,1.397,1.3518,1.3714,16253.00000000,1769659199999,22337.53031000,67,96.70000000,133.41649000,0
2026-01-29 04:00:00,1.3631,1.3708,1.3631,1.3704,186.70000000,1769673599999,254.67962000,5,18.70000000,25.59852000,0
2026-01-29 08:00:00,1.373,1.373,1.35,1.35,3109.70000000,1769687999999,4200.16783000,9,87.40000000,119.95321000,0
2026-01-29 12:00:00,1.35,1.367,1.279,1.2982,17809.20000000,1769702399999,23661.59219000,131,151.80000000,200.20328000,0
2026-01-29 16:00:00,1.2943,1.3383,1.2856,1.3076,29082.30000000,1769716799999,37707.71124000,117,2843.70000000,3743.83472000,0
2026-01-29 20:00:00,1.2983,1.323,1.2983,1.3188,1990.20000000,1769731199999,2615.58046000,19,1947.60000000,2559.49288000,0
2026-01-30 00:00:00,1.3253,1.3333,1.266,1.2859,7381.30000000,1769745599999,9501.18680000,78,4837.70000000,6240.94373000,0
2026-01-30 04:00:00,1.2836,1.3017,1.2689,1.2909,3510.20000000,1769759999999,4547.85094000,36,2652.10000000,3438.93145000,0
2026-01-30 08:00:00,1.2959,1.3017,1.2766,1.3017,668.50000000,1769774399999,859.77914000,15,223.70000000,289.08527000,0
2026-01-30 12:00:00,1.2858,1.2934,1.2588,1.2834,3725.40000000,1769788799999,4753.26934000,36,1971.30000000,2533.80859000,0
2026-01-30 16:00:00,1.2785,1.3073,1.2389,1.3073,2314.10000000,1769803199999,2897.94914000,51,374.10000000,479.95456000,0
2026-01-30 20:00:00,1.2842,1.2842,1.2672,1.2762,604.50000000,1769817599999,769.19241000,18,88.20000000,112.58854000,0
2026-01-31 00:00:00,1.2638,1.2651,1.2539,1.2539,958.40000000,1769831999999,1207.56706000,17,0.00000000,0.00000000,0
2026-01-31 04:00:00,1.2595,1.2645,1.2343,1.2343,3598.70000000,1769846399999,4509.84556000,36,153.10000000,193.17426000,0
2026-01-31 08:00:00,1.2316,1.2359,1.2111,1.225,5095.80000000,1769860799999,6210.09882000,39,3535.90000000,4305.53138000,0
2026-01-31 12:00:00,1.2161,1.2161,1.1443,1.1754,8123.00000000,1769875199999,9571.07315000,113,1822.00000000,2129.95155000,0
2026-01-31 16:00:00,1.1714,1.1887,1.0634,1.1058,33141.80000000,1769889599999,36666.99849000,237,13088.20000000,14364.10187000,0
2026-01-31 20:00:00,1.1074,1.1532,1.0998,1.1532,2761.70000000,1769903999999,3062.90526000,26,870.70000000,979.73852000,0
2026-02-01 00:00:00,1.1598,1.1599,1.1464,1.1566,1351.70000000,1769918399999,1561.82654000,10,1100.30000000,1270.59872000,0
2026-02-01 04:00:00,1.1431,1.1467,1.1379,1.141,1066.70000000,1769932799999,1217.50678000,15,1047.70000000,1195.85818000,0
2026-02-01 08:00:00,1.156,1.1599,1.1433,1.1433,622.50000000,1769947199999,715.91058000,6,370.20000000,427.37055000,0
2026-02-01 12:00:00,1.1336,1.1411,1.0849,1.1082,1086.80000000,1769961599999,1213.66270000,43,455.30000000,513.80482000,0
2026-02-01 16:00:00,1.1061,1.1325,1.1059,1.1079,371.80000000,1769975999999,413.77659000,11,161.10000000,180.24153000,0
2026-02-01 20:00:00,1.1058,1.1257,1.0745,1.1068,6527.30000000,1769990399999,7180.14514000,57,2074.40000000,2318.08348000,0
2026-02-02 00:00:00,1.0943,1.1305,1.0635,1.1115,5797.60000000,1770004799999,6362.56986000,103,2803.20000000,3113.57583000,0
2026-02-02 04:00:00,1.0906,1.1238,1.0685,1.11,3971.70000000,1770019199999,4357.14981000,61,1986.50000000,2210.11636000,0
2026-02-02 08:00:00,1.1054,1.1293,1.1052,1.1242,2257.70000000,1770033599999,2519.90105000,15,903.70000000,1013.64839000,0
2026-02-02 12:00:00,1.1305,1.1629,1.1305,1.1589,2621.00000000,1770047999999,3005.11643000,37,2364.10000000,2713.06352000,0
2026-02-02 16:00:00,1.1551,1.1551,1.1459,1.146,7978.00000000,1770062399999,9172.75369000,26,2410.80000000,2773.77848000,0
2026-02-02 20:00:00,1.1416,1.154,1.1374,1.154,2880.50000000,1770076799999,3302.01054000,20,1478.20000000,1694.93966000,0
2026-02-03 00:00:00,1.1444,1.1525,1.1179,1.1392,1063.00000000,1770091199999,1200.22379000,22,125.70000000,143.84315000,0
2026-02-03 04:00:00,1.1442,1.1511,1.1353,1.1467,3060.20000000,1770105599999,3492.61232000,23,1789.60000000,2044.52587000,0
2026-02-03 08:00:00,1.1467,1.1529,1.1235,1.1354,3661.90000000,1770119999999,4136.33744000,16,56.10000000,64.03019000,0
2026-02-03 12:00:00,1.1461,1.1532,1.121,1.1532,376.40000000,1770134399999,426.29161000,11,202.00000000,230.69464000,0
2026-02-03 16:00:00,1.1414,1.1434,1.0733,1.1172,5730.70000000,1770148799999,6317.18000000,115,905.10000000,982.54091000,0
2026-02-03 20:00:00,1.1359,1.1627,1.1058,1.1087,5550.70000000,1770163199999,6264.89707000,68,2531.60000000,2891.29632000,0
2026-02-04 00:00:00,1.106,1.1359,1.1059,1.1326,954.60000000,1770177599999,1067.14395000,16,369.30000000,416.27921000,0
2026-02-04 04:00:00,1.1305,1.1306,1.1253,1.1285,662.20000000,1770191999999,746.30013000,4,662.20000000,746.30013000,0
2026-02-04 08:00:00,1.1337,1.1392,1.1082,1.1098,439.40000000,1770206399999,491.08729000,18,92.80000000,105.11149000,0
2026-02-04 12:00:00,1.1199,1.1265,1.0611,1.0691,4410.60000000,1770220799999,4800.99953000,97,362.50000000,402.98206000,0
2026-02-04 16:00:00,1.0756,1.1082,1.0552,1.1082,3417.00000000,1770235199999,3663.83705000,55,1459.30000000,1573.94224000,0
2026-02-04 20:00:00,1.108,1.108,1.0611,1.0926,714.60000000,1770249599999,774.98663000,28,272.90000000,299.66104000,0
2026-02-05 00:00:00,1.0847,1.0926,1.065,1.0734,2240.50000000,1770263999999,2407.38653000,21,222.10000000,239.88438000,0
2026-02-05 04:00:00,1.0611,1.0751,1.0381,1.053,2386.40000000,1770278399999,2502.86659000,63,76.00000000,80.51552000,0
2026-02-05 08:00:00,1.0473,1.0483,0.9958,1.0116,8217.90000000,1770292799999,8379.09854000,75,1897.60000000,1966.91651000,0
2026-02-05 12:00:00,0.9958,1.0199,0.9388,0.9762,14046.50000000,1770307199999,13743.51337000,113,3671.50000000,3638.31582000,0
2026-02-05 16:00:00,0.9543,0.9752,0.9235,0.9235,13048.20000000,1770321599999,12328.68348000,77,8575.90000000,8160.79323000,0
2026-02-05 20:00:00,0.9282,0.9282,0.8778,0.8778,37044.30000000,1770335999999,33327.07127000,183,22900.70000000,20701.82073000,0
2026-02-06 00:00:00,0.8765,0.9141,0.8,0.8905,49736.90000000,1770350399999,43748.88780000,211,33585.80000000,29980.68668000,0
2026-02-06 04:00:00,0.8939,0.9367,0.8832,0.9246,10243.10000000,1770364799999,9124.48206000,42,10163.40000000,9050.40570000,0
2026-02-06 08:00:00,0.91,0.9506,0.91,0.9506,667.90000000,1770379199999,618.85553000,12,379.20000000,355.99531000,0
2026-02-06 12:00:00,0.9477,0.9864,0.9477,0.9857,7165.60000000,1770393599999,6968.14673000,42,5429.20000000,5288.59422000,0
2026-02-06 16:00:00,0.9887,1.029,0.9887,0.9907,9169.40000000,1770407999999,9173.22711000,47,4716.00000000,4747.99173000,0
2026-02-06 20:00:00,1.002,1.0245,1.002,1.0245,7912.80000000,1770422399999,8042.33473000,17,5480.60000000,5553.54031000,0
2026-02-07 00:00:00,1.0062,1.0142,0.9987,1.0111,4283.80000000,1770436799999,4304.57437000,18,1984.30000000,2005.24166000,0
2026-02-07 04:00:00,1.0058,1.0101,0.964,0.971,529.70000000,1770451199999,526.13525000,30,76.40000000,76.32308000,0
2026-02-07 08:00:00,0.9834,0.9834,0.9806,0.9806,278.90000000,1770465599999,273.60554000,3,41.50000000,40.81110000,0
2026-02-07 12:00:00,0.9911,1.0075,0.9834,0.9969,153.70000000,1770479999999,153.03269000,9,102.90000000,103.07294000,0
2026-02-07 16:00:00,1.0032,1.0176,0.9976,1.0047,27964.10000000,1770494399999,28028.14246000,45,13122.70000000,13213.54193000,0
2026-02-07 20:00:00,1.0082,1.0211,1.0082,1.0136,1160.60000000,1770508799999,1177.66380000,4,1160.60000000,1177.66380000,0
2026-02-08 00:00:00,0.9982,0.9988,0.9923,0.9923,3863.10000000,1770523199999,3854.88026000,8,406.00000000,404.08094000,0
2026-02-08 04:00:00,0.9837,0.9939,0.9834,0.9866,970.30000000,1770537599999,957.09509000,9,149.50000000,148.17730000,0
2026-02-08 08:00:00,0.9902,1.0063,0.9834,1.0032,566.70000000,1770551999999,564.82392000,8,202.50000000,201.65221000,0
2026-02-08 12:00:00,1.0037,1.0073,0.9894,0.9894,2386.70000000,1770566399999,2396.77207000,11,2077.10000000,2086.88843000,0
2026-02-08 16:00:00,0.9837,0.9911,0.965,0.9903,1502.50000000,1770580799999,1459.20119000,18,321.80000000,312.94336000,0
2026-02-08 20:00:00,0.99,0.9903,0.9689,0.9728,542.10000000,1770595199999,534.28688000,6,402.20000000,398.23155000,0
2026-02-09 00:00:00,0.9708,0.9868,0.9708,0.9865,1865.10000000,1770609599999,1825.70936000,11,806.30000000,791.97602000,0
2026-02-09 04:00:00,0.9797,0.9797,0.9726,0.9774,1723.90000000,1770623999999,1685.85553000,10,1714.50000000,1676.64635000,0
2026-02-09 08:00:00,0.9662,0.9662,0.9263,0.9263,2245.70000000,1770638399999,2115.12374000,45,333.60000000,318.08465000,0
2026-02-09 12:00:00,0.9418,0.959,0.9304,0.956,8192.10000000,1770652799999,7722.47003000,19,1415.10000000,1348.42830000,0
2026-02-09 16:00:00,0.9615,0.9762,0.9534,0.9762,68.40000000,1770667199999,66.02219000,5,66.80000000,64.49675000,0
2026-02-09 20:00:00,0.9613,0.9684,0.9613,0.9684,162.80000000,1770681599999,157.62073000,2,157.90000000,152.91036000,0
2026-02-10 00:00:00,0.9668,0.9668,0.945,0.945,1918.10000000,1770695999999,1817.25786000,12,164.60000000,158.85889000,0
2026-02-10 04:00:00,0.9572,0.9572,0.9344,0.94,194.30000000,1770710399999,182.89077000,11,121.30000000,114.28990000,0
2026-02-10 08:00:00,0.9465,0.9465,0.9375,0.9375,267.20000000,1770724799999,251.12820000,2,0.00000000,0.00000000,0
2026-02-10 12:00:00,0.9327,0.9397,0.924,0.9343,2163.30000000,1770739199999,2016.48212000,17,1861.90000000,1736.84608000,0
2026-02-10 16:00:00,0.9311,0.9418,0.9166,0.9183,45291.40000000,1770753599999,41964.32728000,88,38214.00000000,35444.99092000,0
2026-02-10 20:00:00,0.918,0.9263,0.918,0.9243,320.30000000,1770767999999,294.17850000,4,304.70000000,279.75942000,0
2026-02-11 00:00:00,0.9336,0.9336,0.9265,0.9322,1333.50000000,1770782399999,1243.98652000,5,1009.70000000,941.99190000,0
2026-02-11 04:00:00,0.915,0.915,0.896,0.896,2442.10000000,1770796799999,2201.13288000,25,1821.10000000,1640.42371000,0
2026-02-11 08:00:00,0.8969,0.8981,0.8847,0.8886,329.80000000,1770811199999,294.07112000,9,84.90000000,76.05461000,0
2026-02-11 12:00:00,0.905,0.9264,0.8767,0.8767,501.70000000,1770825599999,447.89234000,17,130.40000000,119.48668000,0
2026-02-11 16:00:00,0.8878,0.8995,0.8782,0.8986,978.10000000,1770839999999,866.13598000,14,889.90000000,788.41129000,0
2026-02-11 20:00:00,0.8889,0.9135,0.8889,0.8902,386.20000000,1770854399999,347.36289000,10,324.20000000,292.19259000,0
2026-02-12 00:00:00,0.9081,0.9122,0.9061,0.9122,95.40000000,1770868799999,86.73477000,5,95.40000000,86.73477000,0
2026-02-12 04:00:00,0.914,0.9328,0.914,0.9328,510.40000000,1770883199999,472.26120000,11,342.00000000,317.99576000,0
2026-02-12 08:00:00,0.9352,0.9549,0.9302,0.9477,2654.10000000,1770897599999,2509.22868000,15,2329.80000000,2203.40857000,0
2026-02-12 12:00:00,0.9311,0.9311,0.9181,0.9181,1213.80000000,1770911999999,1125.13948000,10,933.00000000,866.19684000,0
2026-02-12 16:00:00,0.9119,0.9188,0.8919,0.9188,1927.70000000,1770926399999,1738.98528000,14,128.90000000,117.00520000,0
2026-02-12 20:00:00,0.9075,0.9264,0.9075,0.926,343.10000000,1770940799999,312.39579000,5,340.10000000,309.66909000,0
2026-02-13 00:00:00,0.9198,0.9234,0.9191,0.9211,321.10000000,1770955199999,295.82518000,5,238.60000000,219.86959000,0
2026-02-13 04:00:00,0.9132,0.9139,0.9081,0.9082,456.30000000,1770969599999,415.00660000,6,332.20000000,302.28739000,0
2026-02-13 08:00:00,0.9264,0.9328,0.9255,0.9305,163.90000000,1770983999999,151.93541000,4,80.80000000,75.02636000,0
2026-02-13 12:00:00,0.9217,0.9615,0.9217,0.9444,999.60000000,1770998399999,939.31787000,17,924.30000000,869.12295000,0
2026-02-13 16:00:00,0.9637,0.9834,0.9637,0.975,2692.70000000,1771012799999,2610.60849000,18,2400.40000000,2325.61839000,0
2026-02-13 20:00:00,0.9759,0.9759,0.9584,0.9584,365.00000000,1771027199999,352.30480000,4,154.00000000,149.85000000,0
2026-02-14 00:00:00,0.9704,0.9704,0.9639,0.9698,713.30000000,1771041599999,688.92875000,7,445.00000000,430.20811000,0
2026-02-14 04:00:00,0.9605,0.9632,0.9601,0.9601,107.90000000,1771055999999,103.88570000,3,97.50000000,93.90066000,0
2026-02-14 08:00:00,0.975,1.0063,0.975,1.006,1045.70000000,1771070399999,1038.08262000,13,950.70000000,944.82112000,0
2026-02-14 12:00:00,1.0081,1.0081,0.9834,0.9975,1683.40000000,1771084799999,1682.97401000,12,1547.10000000,1547.72801000,0
2026-02-14 16:00:00,0.9944,1.0401,0.9944,1.0401,6529.60000000,1771099199999,6647.83918000,38,4851.90000000,4944.94496000,0
2026-02-14 20:00:00,1.0336,1.0336,1.0202,1.028,402.40000000,1771113599999,412.70578000,8,175.10000000,180.27626000,0
2026-02-15 00:00:00,1.0234,1.024,1.0055,1.0055,334.80000000,1771127999999,341.01466000,9,108.00000000,110.53338000,0
2026-02-15 04:00:00,1.0372,1.0441,1.0302,1.0441,2044.90000000,1771142399999,2117.45792000,12,2044.90000000,2117.45792000,0
2026-02-15 08:00:00,1.0234,1.0289,1.0139,1.0155,160.70000000,1771156799999,163.96926000,5,60.90000000,62.00073000,0
2026-02-15 12:00:00,1.0055,1.0055,0.975,0.9869,1354.30000000,1771171199999,1331.72250000,27,498.20000000,488.81165000,0
2026-02-15 16:00:00,0.9844,0.9874,0.9613,0.9652,961.80000000,1771185599999,931.91320000,8,145.10000000,140.87262000,0
2026-02-15 20:00:00,0.974,0.9756,0.9703,0.9703,1908.30000000,1771199999999,1858.24425000,4,1722.80000000,1678.25360000,0
2026-02-16 00:00:00,0.9698,0.9698,0.9653,0.9659,77.20000000,1771214399999,74.74415000,3,5.20000000,5.01956000,0
2026-02-16 04:00:00,0.9691,0.9708,0.9691,0.9708,218.30000000,1771228799999,211.74680000,2,218.30000000,211.74680000,0
2026-02-16 08:00:00,0.9644,0.9692,0.9543,0.9543,518.00000000,1771243199999,498.38102000,10,120.80000000,116.93480000,0
2026-02-16 12:00:00,0.9762,0.9911,0.9568,0.9612,1428.60000000,1771257599999,1386.80665000,20,1212.10000000,1176.19029000,0
2026-02-16 16:00:00,0.9599,0.9691,0.9599,0.9688,1805.00000000,1771271999999,1737.29802000,19,310.20000000,298.41240000,0
2026-02-16 20:00:00,0.9834,1.0032,0.9796,0.9895,3104.50000000,1771286399999,3072.60479000,14,96.60000000,95.90373000,0
2026-02-17 00:00:00,0.9834,0.9988,0.9814,0.9892,230.20000000,1771300799999,227.91655000,5,188.10000000,186.51821000,0
2026-02-17 04:00:00,0.97,0.9804,0.9689,0.9749,301.90000000,1771315199999,294.14384000,6,191.80000000,187.35795000,0
2026-02-17 08:00:00,0.9769,0.9769,0.964,0.966,232.40000000,1771329599999,224.43855000,6,1.10000000,1.07459000,0
2026-02-17 12:00:00,0.9707,0.9775,0.9502,0.9502,229.20000000,1771343999999,219.02995000,11,30.00000000,29.16119000,0
2026-02-17 16:00:00,0.9762,0.989,0.9543,0.973,146.90000000,1771358399999,142.86854000,11,65.80000000,64.59036000,0
2026-02-17 20:00:00,0.9616,0.9664,0.9616,0.9664,54.80000000,1771372799999,52.76912000,2,15.30000000,14.78592000,0
2026-02-18 00:00:00,0.969,0.969,0.9613,0.9634,151.20000000,1771387199999,146.16580000,4,151.20000000,146.16580000,0
2026-02-18 04:00:00,0.9639,0.9639,0.9639,0.9639,15.20000000,1771401599999,14.65128000,1,0.00000000,0.00000000,0
2026-02-18 08:00:00,0.9834,0.9834,0.964,0.964,122.40000000,1771415999999,119.25556000,4,51.50000000,50.55810000,0
2026-02-18 12:00:00,0.9543,0.964,0.945,0.964,204.10000000,1771430399999,194.31159000,9,49.60000000,47.70516000,0
2026-02-18 16:00:00,0.951,0.9527,0.9258,0.9286,1382.10000000,1771444799999,1291.96657000,25,123.60000000,117.46766000,0
2026-02-18 20:00:00,0.9289,0.9296,0.925,0.9296,641.40000000,1771459199999,595.44629000,9,263.20000000,244.32450000,0
2026-02-19 00:00:00,0.9306,0.9306,0.9303,0.9303,32.10000000,1771473599999,29.86584000,2,32.10000000,29.86584000,0
2026-02-19 04:00:00,0.9364,0.9391,0.9322,0.9325,2457.20000000,1771487999999,2301.91670000,11,2347.80000000,2199.90156000,0
2026-02-19 08:00:00,0.925,0.925,0.9068,0.9141,2146.70000000,1771502399999,1964.02406000,17,0.00000000,0.00000000,0
2026-02-19 12:00:00,0.9027,0.9082,0.8982,0.8982,716.40000000,1771516799999,644.52475000,9,2.80000000,2.54296000,0
2026-02-19 16:00:00,0.9061,0.9061,0.9061,0.9061,116.10000000,1771531199999,105.19821000,1,0.00000000,0.00000000,0
2026-02-19 20:00:00,0.9188,0.9264,0.9181,0.9264,524.10000000,1771545599999,482.15816000,8,524.10000000,482.15816000,0
2026-02-20 00:00:00,0.9328,0.9418,0.9328,0.9418,29.90000000,1771559999999,27.97997000,4,25.30000000,23.68173000,0
2026-02-20 04:00:00,0.9375,0.9384,0.9375,0.9384,119.30000000,1771574399999,111.85527000,2,106.50000000,99.84375000,0
2026-02-20 08:00:00,0.945,0.9555,0.945,0.9555,263.00000000,1771588799999,250.43793000,5,226.30000000,215.61330000,0
2026-02-20 12:00:00,0.9461,0.9652,0.9258,0.9652,3486.20000000,1771603199999,3312.38456000,24,1637.70000000,1561.79666000,0
2026-02-20 16:00:00,0.9688,0.9762,0.945,0.964,438.60000000,1771617599999,424.33891000,11,386.10000000,374.63248000,0
2026-02-20 20:00:00,0.9508,0.9561,0.9503,0.9503,149.10000000,1771631999999,141.97781000,5,94.30000000,89.82539000,0
2026-02-21 00:00:00,0.9507,0.9507,0.9507,0.9507,94.10000000,1771646399999,89.46087000,1,94.10000000,89.46087000,0
2026-02-21 04:00:00,0.9485,0.9486,0.9483,0.9486,375.50000000,1771660799999,356.14068000,4,375.50000000,356.14068000,0
2026-02-21 08:00:00,0.9566,0.9599,0.955,0.955,301.70000000,1771675199999,289.54698000,4,287.60000000,276.06724000,0
2026-02-21 12:00:00,0.9563,0.9687,0.9539,0.9596,773.60000000,1771689599999,744.54230000,20,683.90000000,658.97747000,0
2026-02-21 16:00:00,0.945,0.9587,0.945,0.9536,306.60000000,1771703999999,293.24433000,5,0.00000000,0.00000000,0
2026-02-21 20:00:00,0.9563,0.9563,0.9505,0.9507,52.20000000,1771718399999,49.70338000,4,52.20000000,49.70338000,0
2026-02-22 00:00:00,0.9496,0.9496,0.9344,0.9344,318.30000000,1771732799999,298.44088000,9,21.10000000,20.00512000,0
2026-02-22 04:00:00,0.9389,0.9404,0.935,0.935,365.90000000,1771747199999,343.03570000,6,365.90000000,343.03570000,0
2026-02-22 08:00:00,0.9315,0.9317,0.9315,0.9317,189.30000000,1771761599999,176.33825000,2,0.00000000,0.00000000,0
2026-02-22 12:00:00,0.9274,0.9274,0.9193,0.9256,2457.10000000,1771775999999,2274.19577000,14,28.80000000,26.62947000,0
2026-02-22 16:00:00,0.9222,0.9225,0.9209,0.9209,48.80000000,1771790399999,44.99084000,4,48.80000000,44.99084000,0
2026-02-22 20:00:00,0.9192,0.9219,0.9153,0.9219,578.30000000,1771804799999,530.84125000,6,119.10000000,109.78085000,0
2026-02-23 00:00:00,0.9216,0.9216,0.8644,0.8742,6235.60000000,1771819199999,5480.68065000,64,1517.30000000,1322.05743000,0
2026-02-23 04:00:00,0.8765,0.8969,0.8742,0.8969,3300.70000000,1771833599999,2891.97130000,14,1019.40000000,892.41239000,0
2026-02-23 08:00:00,0.8878,0.9081,0.8878,0.9059,599.00000000,1771847999999,534.09889000,8,566.80000000,505.18587000,0
2026-02-23 12:00:00,0.9039,0.9039,0.8902,0.8902,147.50000000,1771862399999,132.33986000,3,2.80000000,2.53092000,0
2026-02-23 16:00:00,0.8847,0.8986,0.8683,0.8683,1299.60000000,1771876799999,1150.11317000,13,1210.10000000,1071.68040000,0
2026-02-23 20:00:00,0.8684,0.8847,0.8666,0.8847,598.90000000,1771891199999,522.42620000,6,16.90000000,14.95143000,0
2026-02-24 00:00:00,0.884,0.884,0.8554,0.8554,5104.40000000,1771905599999,4449.76850000,30,11.30000000,9.98920000,0
2026-02-24 04:00:00,0.8571,0.8609,0.8524,0.8524,687.40000000,1771919999999,588.30543000,12,158.30000000,135.98416000,0
2026-02-24 08:00:00,0.8555,0.8595,0.8555,0.8572,1387.00000000,1771934399999,1188.88975000,3,9.80000000,8.42310000,0
2026-02-24 12:00:00,0.8536,0.8681,0.8419,0.8681,4346.70000000,1771948799999,3751.04567000,21,3829.70000000,3312.50836000,0
2026-02-24 16:00:00,0.8726,0.8726,0.8726,0.8726,46.80000000,1771963199999,40.83768000,1,46.80000000,40.83768000,0
2026-02-24 20:00:00,0.8612,0.8612,0.8612,0.8612,25.40000000,1771977599999,21.87448000,3,12.60000000,10.85112000,0
2026-02-25 00:00:00,0.862,0.9002,0.862,0.8845,7512.70000000,1771991999999,6620.47345000,21,4987.80000000,4373.99469000,0
2026-02-25 04:00:00,0.8767,0.8832,0.8683,0.8683,708.20000000,1772006399999,622.39564000,7,647.30000000,569.28749000,0
2026-02-25 08:00:00,0.8902,0.8969,0.8902,0.8929,510.60000000,1772020799999,455.91100000,10,232.40000000,207.74370000,0
2026-02-25 12:00:00,0.905,0.9496,0.905,0.9495,14943.70000000,1772035199999,14164.20884000,51,14943.70000000,14164.20884000,0
2026-02-25 16:00:00,0.9495,0.9999,0.9495,0.9999,5759.50000000,1772049599999,5634.14162000,45,3597.80000000,3504.84136000,0
2026-02-25 20:00:00,1.0013,1.0234,0.96,0.9614,10649.30000000,1772063999999,10686.38386000,51,3163.20000000,3180.86205000,0
2026-02-26 00:00:00,0.9739,0.9756,0.9524,0.9668,819.60000000,1772078399999,794.12813000,19,714.60000000,693.95304000,0
2026-02-26 04:00:00,0.9652,0.9652,0.9551,0.9551,1988.00000000,1772092799999,1918.26178000,6,10.00000000,9.63900000,0
2026-02-26 08:00:00,0.9562,0.9595,0.945,0.945,299.20000000,1772107199999,285.51258000,10,9.40000000,8.97706000,0
2026-02-26 12:00:00,0.9399,0.951,0.9317,0.9317,563.20000000,1772121599999,529.12456000,13,204.10000000,193.69221000,0
2026-02-26 16:00:00,0.9313,0.9366,0.9091,0.9325,2781.70000000,1772135999999,2566.43998000,60,653.80000000,607.41449000,0
2026-02-26 20:00:00,0.9277,0.9399,0.9267,0.9399,745.80000000,1772150399999,694.85693000,13,680.00000000,633.82427000,0
2026-02-27 00:00:00,0.9354,0.947,0.9306,0.947,859.70000000,1772164799999,804.96950000,23,474.30000000,445.44587000,0
2026-02-27 04:00:00,0.9512,0.9556,0.945,0.95,1144.00000000,1772179199999,1089.99453000,20,803.90000000,767.11703000,0
2026-02-27 08:00:00,0.9537,0.9537,0.9147,0.9147,1259.70000000,1772193599999,1165.29377000,29,0.00000000,0.00000000,0
2026-02-27 12:00:00,0.9172,0.9172,0.9023,0.9113,13028.30000000,1772207999999,11872.86516000,56,2024.70000000,1843.04866000,0
2026-02-27 16:00:00,0.9,0.9017,0.8932,0.8964,6846.40000000,1772222399999,6125.49625000,22,5638.30000000,5043.89137000,0
2026-02-27 20:00:00,0.8996,0.9036,0.8839,0.9036,3410.90000000,1772236799999,3065.32958000,26,2526.90000000,2278.78219000,0
2026-02-28 00:00:00,0.8963,0.9052,0.8922,0.8931,1460.80000000,1772251199999,1316.17368000,25,1189.20000000,1073.10036000,0
2026-02-28 04:00:00,0.8964,0.8964,0.8385,0.845,10566.30000000,1772265599999,9317.24089000,81,338.90000000,303.14614000,0
2026-02-28 08:00:00,0.844,0.844,0.8268,0.8408,716.70000000,1772279999999,597.97266000,19,185.70000000,155.87887000,0
2026-02-28 12:00:00,0.8326,0.8726,0.8326,0.8455,2866.70000000,1772294399999,2420.05814000,30,560.50000000,473.18074000,0
2026-02-28 16:00:00,0.8583,0.894,0.8583,0.8836,377.70000000,1772308799999,328.76706000,18,351.40000000,306.06799000,0
2026-02-28 20:00:00,0.8969,0.9116,0.8969,0.9052,2310.70000000,1772323199999,2094.81961000,15,968.60000000,882.06690000,0
2026-03-01 00:00:00,0.8902,0.947,0.8902,0.9355,2952.20000000,1772337599999,2767.17119000,24,1995.50000000,1873.56146000,0
2026-03-01 04:00:00,0.9264,0.934,0.9258,0.9336,264.90000000,1772351999999,246.88914000,5,200.80000000,187.51512000,0
2026-03-01 08:00:00,0.9119,0.9131,0.9073,0.9131,158.50000000,1772366399999,144.39678000,6,0.00000000,0.00000000,0
2026-03-01 12:00:00,0.8982,0.9216,0.8898,0.9119,2891.60000000,1772380799999,2633.97143000,21,208.00000000,189.82935000,0
2026-03-01 16:00:00,0.9159,0.9159,0.8759,0.8759,562.40000000,1772395199999,497.90602000,14,56.70000000,51.07053000,0
2026-03-01 20:00:00,0.8792,0.8969,0.8649,0.8875,5122.30000000,1772409599999,4479.95426000,40,1713.40000000,1510.41446000,0
2026-03-02 00:00:00,0.8915,0.9131,0.8915,0.9077,128.40000000,1772423999999,116.16723000,17,94.50000000,85.57843000,0
2026-03-02 04:00:00,0.9022,0.9022,0.8816,0.8816,756.60000000,1772438399999,668.82174000,13,19.20000000,17.11854000,0
2026-03-02 08:00:00,0.8809,0.8969,0.8809,0.8969,535.20000000,1772452799999,475.08747000,14,100.10000000,89.05459000,0
2026-03-02 12:00:00,0.8915,0.9546,0.8862,0.9463,8101.60000000,1772467199999,7454.96309000,75,1957.90000000,1817.03409000,0
2026-03-02 16:00:00,0.9503,0.9652,0.9296,0.9405,4389.40000000,1772481599999,4180.50460000,63,795.30000000,761.83898000,0
2026-03-02 20:00:00,0.9407,0.9407,0.9214,0.9214,900.10000000,1772495999999,839.12579000,28,681.60000000,637.22759000,0
2026-03-03 00:00:00,0.923,0.923,0.9175,0.9198,6909.60000000,1772510399999,6355.21644000,9,6791.60000000,6246.94440000,0
2026-03-03 04:00:00,0.9136,0.9241,0.9098,0.9186,391.50000000,1772524799999,357.20129000,15,27.00000000,24.78070000,0
2026-03-03 08:00:00,0.9131,0.9131,0.8969,0.9006,1215.50000000,1772539199999,1095.76211000,18,743.40000000,669.39644000,0
2026-03-03 12:00:00,0.9022,0.9131,0.8862,0.8989,2501.10000000,1772553599999,2243.04315000,35,101.60000000,91.28259000,0
2026-03-03 16:00:00,0.9046,0.9241,0.9022,0.9147,520.40000000,1772567999999,474.03505000,30,468.80000000,427.09579000,0
2026-03-03 20:00:00,0.9077,0.9131,0.8969,0.9092,1546.20000000,1772582399999,1404.34406000,16,1196.10000000,1088.56026000,0
2026-03-04 00:00:00,0.9077,0.9131,0.8969,0.9022,142.90000000,1772596799999,129.11119000,16,51.20000000,46.53326000,0
2026-03-04 04:00:00,0.8992,0.9131,0.8969,0.9131,825.50000000,1772611199999,751.10526000,10,812.50000000,739.41111000,0
2026-03-04 08:00:00,0.9186,0.9576,0.9186,0.9296,1185.90000000,1772625599999,1123.63995000,37,1024.70000000,972.07734000,0
2026-03-04 12:00:00,0.9351,0.9762,0.9241,0.9762,1710.70000000,1772639999999,1639.07830000,43,1305.30000000,1258.81384000,0
2026-03-04 16:00:00,0.9783,0.9911,0.9576,0.9864,4293.60000000,1772654399999,4199.11256000,50,3790.30000000,3709.13161000,0
2026-03-04 20:00:00,0.9806,0.982,0.9543,0.9585,5123.50000000,1772668799999,5020.68346000,50,4757.50000000,4668.57898000,0
2026-03-05 00:00:00,0.9519,0.9599,0.945,0.9536,499.20000000,1772683199999,476.51954000,17,273.00000000,261.65920000,0
2026-03-05 04:00:00,0.9506,0.9588,0.9433,0.9433,5477.40000000,1772697599999,5222.87625000,73,921.30000000,877.68768000,0
2026-03-05 08:00:00,0.9519,0.9748,0.9519,0.9633,932.20000000,1772711999999,897.39218000,17,756.70000000,727.71200000,0
2026-03-05 12:00:00,0.969,0.9856,0.945,0.9519,10055.20000000,1772726399999,9690.61435000,55,5893.30000000,5604.66793000,0
2026-03-05 16:00:00,0.9463,0.9652,0.9258,0.9588,1075.00000000,1772740799999,1013.46887000,48,525.20000000,500.42051000,0
2026-03-05 20:00:00,0.9633,0.9633,0.9576,0.96,503.40000000,1772755199999,484.09581000,5,497.30000000,478.25445000,0
2026-03-06 00:00:00,0.9519,0.961,0.9515,0.961,403.80000000,1772769599999,385.44411000,11,391.40000000,373.64055000,0
2026-03-06 04:00:00,0.9633,0.9748,0.9519,0.9748,932.60000000,1772783999999,902.26175000,20,914.10000000,884.61683000,0
2026-03-06 08:00:00,0.969,0.969,0.9399,0.9399,289.90000000,1772798399999,273.90618000,25,33.90000000,32.18760000,0
2026-03-06 12:00:00,0.9371,0.9409,0.8969,0.8969,3462.00000000,1772812799999,3194.78025000,67,20.80000000,19.30587000,0
2026-03-06 16:00:00,0.9022,0.9076,0.8954,0.9022,2888.60000000,1772827199999,2589.62633000,20,113.30000000,102.52579000,0
2026-03-06 20:00:00,0.9055,0.9075,0.8985,0.9055,4452.50000000,1772841599999,4002.35737000,10,4055.00000000,3645.20362000,0
2026-03-07 00:00:00,0.9041,0.9077,0.9002,0.902,2071.20000000,1772855999999,1866.11039000,14,736.20000000,664.28215000,0
2026-03-07 04:00:00,0.8969,0.9022,0.8967,0.8969,293.20000000,1772870399999,263.45694000,7,6.50000000,5.86430000,0
2026-03-07 08:00:00,0.9022,0.9131,0.9022,0.9077,162.80000000,1772884799999,147.38564000,12,26.00000000,23.59955000,0
2026-03-07 12:00:00,0.9068,0.9068,0.8969,0.8969,1445.60000000,1772899199999,1301.14509000,21,312.00000000,281.28282000,0
2026-03-07 16:00:00,0.9022,0.9022,0.8898,0.8898,743.70000000,1772913599999,666.31207000,12,6.50000000,5.86430000,0
2026-03-07 20:00:00,0.8961,0.9009,0.8915,0.8915,141.00000000,1772927999999,126.80335000,5,134.40000000,120.91945000,0
2026-03-08 00:00:00,0.887,0.8915,0.8795,0.8795,814.10000000,1772942399999,719.37361000,19,108.60000000,96.74346000,0
2026-03-08 04:00:00,0.8761,0.8915,0.8757,0.8915,400.90000000,1772956799999,353.10048000,15,211.80000000,187.43265000,0
2026-03-08 08:00:00,0.8969,0.9081,0.8969,0.9022,123.60000000,1772971199999,111.64418000,10,81.00000000,73.37219000,0
2026-03-08 12:00:00,0.8969,0.9022,0.8847,0.8849,233.30000000,1772985599999,207.47902000,19,145.40000000,129.20813000,0
2026-03-08 16:00:00,0.8809,0.8915,0.8809,0.8915,593.90000000,1772999999999,524.12436000,8,587.20000000,518.22233000,0
2026-03-08 20:00:00,0.8906,0.9699,0.8694,0.8796,9645.80000000,1773014399999,8664.64403000,128,7049.30000000,6391.35328000,0
2026-03-09 00:00:00,0.8802,0.905,0.8802,0.8969,3785.20000000,1773028799999,3345.27167000,38,202.70000000,180.28933000,0
2026-03-09 04:00:00,0.8985,0.917,0.8951,0.9022,1204.50000000,1773043199999,1083.72566000,28,543.30000000,489.22135000,0
2026-03-09 08:00:00,0.9077,0.9131,0.9022,0.9022,91.40000000,1773057599999,82.78990000,10,27.10000000,24.67101000,0
2026-03-09 12:00:00,0.9077,0.9328,0.9077,0.9328,4988.50000000,1773071999999,4635.31508000,24,226.30000000,208.51061000,0
2026-03-09 16:00:00,0.9351,0.9864,0.9296,0.969,4058.90000000,1773086399999,3927.07675000,61,3005.00000000,2902.58510000,0
2026-03-09 20:00:00,0.969,0.969,0.9361,0.9361,1740.40000000,1773100799999,1679.99270000,35,1519.60000000,1470.91323000,0
2026-03-10 00:00:00,0.9463,0.9576,0.9383,0.9433,1241.70000000,1773115199999,1171.45547000,21,243.50000000,229.30980000,0
2026-03-10 04:00:00,0.9433,0.9557,0.9407,0.9519,1170.40000000,1773129599999,1110.30823000,21,1136.90000000,1078.67370000,0
2026-03-10 08:00:00,0.9573,0.9798,0.9573,0.9767,2591.30000000,1773143999999,2497.56870000,22,2550.90000000,2458.59102000,0
2026-03-10 12:00:00,0.972,1.0088,0.9584,0.9982,2710.70000000,1773158399999,2686.57031000,77,2092.60000000,2084.72115000,0
2026-03-10 16:00:00,0.9952,1.0041,0.9605,0.9605,2276.40000000,1773172799999,2230.82442000,40,11.80000000,11.81357000,0
2026-03-10 20:00:00,0.9625,0.9651,0.9509,0.9598,127.20000000,1773187199999,122.11639000,16,40.10000000,38.56456000,0
2026-03-11 00:00:00,0.9581,0.9581,0.945,0.9525,901.80000000,1773201599999,860.01260000,16,37.00000000,35.36840000,0
2026-03-11 04:00:00,0.9576,0.9576,0.9463,0.9536,35.30000000,1773215999999,33.62054000,7,22.90000000,21.85170000,0
2026-03-11 08:00:00,0.9498,0.9519,0.9463,0.9519,146.30000000,1773230399999,138.75692000,8,50.80000000,48.25132000,0
2026-03-11 12:00:00,0.9576,0.9864,0.9576,0.9703,1643.70000000,1773244799999,1596.22429000,48,361.10000000,352.16940000,0
2026-03-11 16:00:00,0.9748,0.9961,0.9748,0.9961,6424.70000000,1773259199999,6366.01070000,28,6192.40000000,6136.67090000,0
2026-03-11 20:00:00,0.9927,0.9927,0.9806,0.9806,87.30000000,1773273599999,86.45146000,10,59.00000000,58.56694000,0
2026-03-12 00:00:00,0.985,0.985,0.9633,0.9633,694.50000000,1773287999999,674.78646000,23,496.70000000,482.43507000,0
2026-03-12 04:00:00,0.9667,0.9748,0.9667,0.9748,33.30000000,1773302399999,32.26767000,4,33.30000000,32.26767000,0
2026-03-12 08:00:00,0.9803,0.9834,0.9691,0.9806,939.50000000,1773316799999,919.05521000,12,77.60000000,76.23404000,0
2026-03-12 12:00:00,0.9814,0.9911,0.962,0.969,201.00000000,1773331199999,195.60672000,31,71.80000000,70.28757000,0
2026-03-12 16:00:00,0.9702,0.9806,0.9633,0.9806,42.60000000,1773345599999,41.48417000,6,33.10000000,32.28444000,0
2026-03-12 20:00:00,0.9748,0.995,0.9748,0.995,3379.30000000,1773359999999,3335.49046000,18,2059.60000000,2040.89256000,0
2026-03-13 00:00:00,0.9982,1.0291,0.9934,1.0282,8540.50000000,1773374399999,8702.43229000,90,5289.10000000,5377.85280000,0
2026-03-13 04:00:00,1.0255,1.044,1.0255,1.0282,5317.60000000,1773388799999,5522.61268000,31,759.60000000,787.13992000,0
2026-03-13 08:00:00,1.0307,1.0513,1.03,1.0404,2401.50000000,1773403199999,2493.29248000,28,2238.50000000,2323.78593000,0
2026-03-13 12:00:00,1.0421,1.053,1.0068,1.0147,6778.90000000,1773417599999,7038.04370000,78,2817.80000000,2958.44600000,0
2026-03-13 16:00:00,1.0161,1.0219,0.9924,1.0038,217.80000000,1773431999999,218.60141000,30,60.40000000,61.14730000,0
2026-03-13 20:00:00,1.004,1.0041,0.9868,0.9945,3337.30000000,1773446399999,3322.29193000,40,632.30000000,630.45754000,0
2026-03-14 00:00:00,0.9976,0.9982,0.9912,0.9982,3260.10000000,1773460799999,3241.51026000,9,2473.10000000,2456.39906000,0
2026-03-14 04:00:00,0.9991,0.9991,0.9834,0.9891,792.50000000,1773475199999,784.00517000,16,719.90000000,712.38109000,0
2026-03-14 08:00:00,0.9868,0.9886,0.9768,0.9886,308.30000000,1773489599999,303.29624000,12,171.80000000,169.25576000,0
2026-03-14 12:00:00,0.9901,0.998,0.9811,0.9839,1599.20000000,1773503999999,1575.72253000,16,31.20000000,30.87183000,0
2026-03-14 16:00:00,0.9878,0.9923,0.9875,0.9895,632.30000000,1773518399999,624.73129000,8,121.30000000,119.83148000,0
2026-03-14 20:00:00,0.9873,1.0014,0.9864,1.0014,235.80000000,1773532799999,234.29841000,10,164.90000000,163.72182000,0
2026-03-15 00:00:00,1.0017,1.0161,0.9993,1.0122,373.90000000,1773547199999,376.27108000,21,325.70000000,327.72383000,0
2026-03-15 04:00:00,1.0161,1.0161,1.0006,1.0007,289.50000000,1773561599999,291.16234000,15,124.70000000,125.45862000,0
2026-03-15 08:00:00,1.0037,1.0037,1.0037,1.0037,22.80000000,1773575999999,22.88436000,1,0.00000000,0.00000000,0
2026-03-15 12:00:00,1.0001,1.0054,0.9982,0.9982,1323.10000000,1773590399999,1323.34306000,22,33.20000000,33.36394000,0
2026-03-15 16:00:00,1.0041,1.0101,1.0041,1.0041,81.00000000,1773604799999,81.51110000,6,75.20000000,75.68732000,0
2026-03-15 20:00:00,1.0101,1.0333,1.0041,1.0221,9089.70000000,1773619199999,9375.76416000,54,2383.40000000,2459.28566000,0
2026-03-16 00:00:00,1.0281,1.0492,1.0161,1.0438,505.50000000,1773633599999,519.85482000,47,211.40000000,218.55220000,0
2026-03-16 04:00:00,1.0384,1.0709,1.0384,1.0708,5425.30000000,1773647999999,5754.06539000,76,4695.80000000,4987.36979000,0
2026-03-16 08:00:00,1.0731,1.0801,1.0528,1.0528,676.30000000,1773662399999,720.06281000,32,524.00000000,558.98809000,0
2026-03-16 12:00:00,1.0503,1.0575,1.0361,1.0466,2025.30000000,1773676799999,2124.29519000,40,620.50000000,651.92905000,0
2026-03-16 16:00:00,1.0506,1.0649,1.0502,1.0611,14538.70000000,1773691199999,15434.99864000,29,11237.60000000,11934.67807000,0
2026-03-16 20:00:00,1.0647,1.0853,1.0607,1.0716,4151.40000000,1773705599999,4461.96220000,45,2751.30000000,2963.60102000,0
2026-03-17 00:00:00,1.0753,1.078,1.0404,1.0404,5312.80000000,1773719999999,5565.70480000,39,614.10000000,654.43348000,0
2026-03-17 04:00:00,1.0425,1.0447,1.0226,1.0358,5830.10000000,1773734399999,6050.45626000,64,4710.30000000,4895.23219000,0
2026-03-17 08:00:00,1.0358,1.0358,1.0208,1.0331,745.80000000,1773748799999,765.08327000,14,380.30000000,391.18230000,0
2026-03-17 12:00:00,1.0306,1.0307,1.0139,1.0207,272.30000000,1773763199999,278.12564000,25,213.70000000,218.57934000,0
2026-03-17 16:00:00,1.0221,1.0372,1.0206,1.0372,142.60000000,1773777599999,145.90244000,9,39.20000000,40.36385000,0
2026-03-17 20:00:00,1.0399,1.0527,1.0282,1.0359,4618.60000000,1773791999999,4819.87072000,41,3262.50000000,3412.09066000,0
2026-03-18 00:00:00,1.0284,1.0466,1.0221,1.0466,4680.60000000,1773806399999,4809.06575000,25,4665.80000000,4793.88248000,0
2026-03-18 04:00:00,1.0461,1.0479,1.0258,1.0258,180.30000000,1773820799999,187.77581000,19,146.30000000,152.57606000,0
2026-03-18 08:00:00,1.0249,1.0249,0.9963,1.0065,1253.90000000,1773835199999,1258.67369000,34,653.00000000,653.63251000,0
2026-03-18 12:00:00,0.9982,1.0092,0.9708,0.9806,1280.50000000,1773849599999,1254.83330000,49,87.10000000,86.15268000,0
2026-03-18 16:00:00,0.9794,0.9909,0.9711,0.983,1860.30000000,1773863999999,1817.09605000,35,1708.10000000,1668.91875000,0
2026-03-18 20:00:00,0.9748,0.9877,0.9689,0.9877,133.90000000,1773878399999,130.91979000,14,56.10000000,54.85528000,0
2026-03-19 00:00:00,0.9847,0.9932,0.9765,0.9912,7117.80000000,1773892799999,7042.00097000,25,3655.60000000,3624.33124000,0
2026-03-19 04:00:00,0.9864,0.9864,0.9543,0.9685,3010.50000000,1773907199999,2909.07288000,36,141.50000000,137.23783000,0
2026-03-19 08:00:00,0.9576,0.9633,0.9576,0.9627,158.90000000,1773921599999,152.87236000,6,6.10000000,5.87613000,0
2026-03-19 12:00:00,0.9576,0.9576,0.9399,0.9463,2403.00000000,1773935999999,2282.82098000,42,993.90000000,949.77222000,0
2026-03-19 16:00:00,0.9407,0.9622,0.9407,0.9622,217.40000000,1773950399999,206.34756000,10,113.60000000,108.12706000,0
2026-03-19 20:00:00,0.9586,0.9587,0.9584,0.9585,406.60000000,1773964799999,389.79242000,6,406.60000000,389.79242000,0
2026-03-20 00:00:00,0.9609,0.969,0.9609,0.969,190.20000000,1773979199999,183.41908000,9,190.20000000,183.41908000,0
2026-03-20 04:00:00,0.9684,0.9786,0.9633,0.9748,230.50000000,1773993599999,223.47430000,13,162.70000000,157.93343000,0
2026-03-20 08:00:00,0.9806,0.9822,0.9644,0.9748,90.10000000,1774007999999,87.55105000,10,42.30000000,41.36227000,0
2026-03-20 12:00:00,0.9744,0.9744,0.9565,0.9565,1831.10000000,1774022399999,1757.51889000,30,35.30000000,34.31588000,0
2026-03-20 16:00:00,0.9618,0.9633,0.9519,0.9576,276.60000000,1774036799999,265.08328000,17,153.30000000,147.43417000,0
2026-03-20 20:00:00,0.9549,0.969,0.9538,0.9628,1335.30000000,1774051199999,1281.56475000,15,688.70000000,662.44434000,0
2026-03-21 00:00:00,0.9687,0.9739,0.9649,0.9649,516.20000000,1774065599999,501.50299000,4,516.20000000,501.50299000,0
2026-03-21 04:00:00,0.9649,0.9649,0.9633,0.9633,17.50000000,1774079999999,16.87599000,3,0.00000000,0.00000000,0
2026-03-21 08:00:00,0.9616,0.9625,0.9616,0.9625,69.20000000,1774094399999,66.58475000,2,46.70000000,44.94875000,0
2026-03-21 12:00:00,0.9601,0.963,0.9601,0.963,210.60000000,1774108799999,202.20460000,6,2.60000000,2.50380000,0
2026-03-21 16:00:00,0.962,0.962,0.962,0.962,41.60000000,1774123199999,40.01920000,1,41.60000000,40.01920000,0
2026-03-21 20:00:00,0.9615,0.9654,0.9258,0.9258,13066.50000000,1774137599999,12248.45018000,46,11077.90000000,10371.73010000,0
2026-03-22 00:00:00,0.9258,0.9407,0.919,0.94,604.00000000,1774151999999,559.44315000,27,44.70000000,41.81592000,0
2026-03-22 04:00:00,0.9431,0.9435,0.9302,0.9302,524.90000000,1774166399999,490.71558000,10,318.50000000,298.69143000,0
2026-03-22 08:00:00,0.9296,0.9296,0.9221,0.9264,982.50000000,1774180799999,909.16773000,12,538.30000000,498.65540000,0
2026-03-22 12:00:00,0.9285,0.9286,0.92,0.9258,1236.60000000,1774195199999,1142.87381000,10,679.70000000,630.30305000,0
2026-03-22 16:00:00,0.9257,0.9257,0.9101,0.9101,3102.90000000,1774209599999,2851.85565000,28,729.30000000,672.89888000,0
2026-03-22 20:00:00,0.9132,0.9132,0.8943,0.9077,2522.60000000,1774223999999,2269.43881000,36,556.30000000,503.35486000,0
2026-03-23 00:00:00,0.9097,0.9181,0.9022,0.9082,104730.40000000,1774238399999,95237.10260000,128,92878.60000000,84470.90520000,0
2026-03-23 04:00:00,0.9084,0.9135,0.8915,0.8969,28784.60000000,1774252799999,26155.38099000,71,21832.50000000,19857.10048000,0
2026-03-23 08:00:00,0.9022,0.9652,0.8946,0.95,15209.10000000,1774267199999,14240.71401000,62,2026.80000000,1917.79415000,0
2026-03-23 12:00:00,0.9407,0.969,0.9344,0.9519,2129.00000000,1774281599999,2014.79531000,34,222.30000000,211.96914000,0
2026-03-23 16:00:00,0.9571,0.9687,0.9463,0.9576,812.90000000,1774295999999,778.97733000,14,425.10000000,407.71943000,0
2026-03-23 20:00:00,0.9621,0.9628,0.9519,0.9519,5439.20000000,1774310399999,5236.18281000,10,2238.50000000,2154.84533000,0
2026-03-24 00:00:00,0.957,0.957,0.938,0.938,10690.80000000,1774324799999,10046.23376000,17,7068.00000000,6641.75020000,0
2026-03-24 04:00:00,0.9428,0.9576,0.9376,0.9576,1400.50000000,1774339199999,1315.17115000,13,395.20000000,372.58358000,0
2026-03-24 08:00:00,0.9582,0.9582,0.9505,0.9506,421.30000000,1774353599999,401.77869000,5,397.80000000,379.40558000,0
2026-03-24 12:00:00,0.9463,0.9463,0.9303,0.9407,291.00000000,1774367999999,272.80353000,11,10.90000000,10.24929000,0
2026-03-24 16:00:00,0.9351,0.9376,0.9275,0.9376,391.50000000,1774382399999,365.16474000,7,209.90000000,196.66963000,0
2026-03-24 20:00:00,0.9407,0.9519,0.9407,0.9509,324.00000000,1774396799999,306.55602000,5,94.00000000,89.29802000,0
2026-03-25 00:00:00,0.9548,0.9576,0.9463,0.9519,264.70000000,1774411199999,252.33619000,8,43.10000000,41.06239000,0
2026-03-25 04:00:00,0.9576,0.9633,0.952,0.9633,353.20000000,1774425599999,338.54620000,5,253.20000000,243.34620000,0
2026-03-25 08:00:00,0.9648,0.9748,0.9593,0.969,764.90000000,1774439999999,737.24925000,11,50.50000000,48.85342000,0
2026-03-25 12:00:00,0.9656,0.9718,0.9519,0.96,148.30000000,1774454399999,142.81179000,16,48.90000000,47.10240000,0
2026-03-25 16:00:00,0.9633,0.9667,0.9624,0.9626,453.20000000,1774468799999,437.50122000,7,442.30000000,427.00888000,0
2026-03-25 20:00:00,0.9677,0.9732,0.9615,0.9635,133.90000000,1774483199999,129.19870000,17,68.00000000,65.81121000,0
2026-03-26 00:00:00,0.9661,0.9684,0.9516,0.9554,983.40000000,1774497599999,945.22971000,18,690.30000000,662.43942000,0
2026-03-26 04:00:00,0.9526,0.9526,0.9353,0.9381,7094.50000000,1774511999999,6663.69632000,27,4648.10000000,4361.01535000,0
2026-03-26 08:00:00,0.9366,0.9366,0.9217,0.9217,743.40000000,1774526399999,690.79434000,21,29.40000000,27.25958000,0
2026-03-26 12:00:00,0.9217,0.9377,0.9118,0.9166,2606.90000000,1774540799999,2401.35927000,33,1799.40000000,1659.33629000,0
2026-03-26 16:00:00,0.918,0.918,0.9082,0.9082,1067.10000000,1774555199999,970.23969000,9,85.20000000,78.14358000,0
2026-03-26 20:00:00,0.9186,0.9328,0.9186,0.9241,102.10000000,1774569599999,94.85024000,8,35.30000000,32.74096000,0
2026-03-27 00:00:00,0.9234,0.9297,0.9234,0.927,4344.60000000,1774583999999,4031.44866000,17,565.10000000,524.79946000,0
2026-03-27 04:00:00,0.9241,0.925,0.9203,0.925,549.30000000,1774598399999,506.92422000,8,434.30000000,400.55489000,0
2026-03-27 08:00:00,0.9186,0.9186,0.8868,0.896,1932.60000000,1774612799999,1740.96547000,41,363.40000000,325.89741000,0
2026-03-27 12:00:00,0.8862,0.8969,0.8847,0.8915,430.70000000,1774627199999,383.88482000,20,189.80000000,169.31494000,0
2026-03-27 16:00:00,0.8946,0.8946,0.8716,0.8789,1660.70000000,1774641599999,1461.15807000,33,346.60000000,308.07338000,0
2026-03-27 20:00:00,0.8763,0.8805,0.8714,0.8757,903.40000000,1774655999999,792.40520000,11,756.40000000,663.66357000,0
2026-03-28 00:00:00,0.8808,0.8812,0.8706,0.8706,1705.30000000,1774670399999,1491.13154000,11,620.70000000,545.82907000,0
2026-03-28 04:00:00,0.8775,0.8809,0.8775,0.8809,29.40000000,1774684799999,25.82128000,2,29.40000000,25.82128000,0
2026-03-28 08:00:00,0.8862,0.8862,0.8812,0.8862,51.70000000,1774699199999,45.69004000,3,6.70000000,5.93754000,0
2026-03-28 12:00:00,0.8914,0.8969,0.8847,0.8862,719.50000000,1774713599999,638.10784000,17,696.00000000,617.24568000,0
2026-03-28 16:00:00,0.8862,0.8862,0.8862,0.8862,0.00000000,1774727999999,0.00000000,0,0.00000000,0.00000000,0
2026-03-28 20:00:00,0.887,0.887,0.841,0.855,13088.60000000,1774742399999,11308.10633000,91,328.30000000,282.25534000,0
2026-03-29 00:00:00,0.8599,0.8704,0.855,0.8704,3507.10000000,1774756799999,3030.86098000,28,875.00000000,754.22223000,0
2026-03-29 04:00:00,0.8683,0.8691,0.8634,0.8634,468.80000000,1774771199999,405.46615000,10,145.10000000,125.93941000,0
2026-03-29 08:00:00,0.8603,0.8603,0.86,0.86,1105.00000000,1774785599999,950.33014000,10,0.00000000,0.00000000,0
2026-03-29 12:00:00,0.855,0.855,0.844,0.8469,2590.10000000,1774799999999,2198.72700000,32,143.90000000,121.93065000,0
2026-03-29 16:00:00,0.8464,0.8498,0.8387,0.8391,5764.90000000,1774814399999,4869.02961000,36,984.30000000,834.50308000,0
2026-03-29 20:00:00,0.8437,0.8477,0.8235,0.8433,2013.10000000,1774828799999,1681.24762000,44,783.50000000,658.48773000,0
2026-03-30 00:00:00,0.8497,0.8757,0.8497,0.8691,394.30000000,1774843199999,340.81265000,19,268.10000000,231.24985000,0
2026-03-30 04:00:00,0.8757,0.8809,0.8757,0.8809,23.30000000,1774857599999,20.46142000,3,23.30000000,20.46142000,0
2026-03-30 08:00:00,0.8844,0.8915,0.8758,0.8816,424.20000000,1774871999999,373.02923000,11,305.70000000,269.07511000,0
2026-03-30 12:00:00,0.8863,0.8891,0.8809,0.8862,166.40000000,1774886399999,147.49303000,11,93.30000000,82.91249000,0
2026-03-30 16:00:00,0.8862,0.8889,0.8583,0.8583,638.40000000,1774900799999,564.84162000,17,20.30000000,18.04467000,0
2026-03-30 20:00:00,0.8588,0.8704,0.8588,0.8651,700.20000000,1774915199999,603.53167000,10,19.40000000,16.81966000,0
2026-03-31 00:00:00,0.8652,0.8862,0.8652,0.8757,267.20000000,1774929599999,234.12413000,13,178.30000000,156.88886000,0
2026-03-31 04:00:00,0.8764,0.8765,0.8702,0.8702,3524.90000000,1774943999999,3070.26392000,11,1579.50000000,1377.32462000,0
2026-03-31 08:00:00,0.8674,0.8674,0.853,0.8601,1084.80000000,1774958399999,932.40816000,24,47.50000000,40.86137000,0
2026-03-31 12:00:00,0.8649,0.8757,0.8601,0.8601,102.70000000,1774972799999,88.99981000,17,68.70000000,59.65203000,0
2026-03-31 16:00:00,0.8652,0.8875,0.8652,0.8737,252.10000000,1774987199999,220.82964000,16,94.10000000,82.74551000,0
2026-03-31 20:00:00,0.8809,0.882,0.8727,0.8727,1598.60000000,1775001599999,1398.29634000,9,99.90000000,88.05193000,0
2026-04-01 00:00:00,0.8809,0.8846,0.8757,0.8809,149.50000000,1775015999999,131.80099000,6,118.30000000,104.44240000,0
2026-04-01 04:00:00,0.8846,0.9022,0.8846,0.9022,2956.50000000,1775030399999,2615.72993000,8,2956.50000000,2615.72993000,0
2026-04-01 08:00:00,0.8969,0.9022,0.8915,0.8915,170.00000000,1775044799999,151.72353000,8,6.50000000,5.86430000,0
2026-04-01 12:00:00,0.8969,0.9002,0.8862,0.8975,666.50000000,1775059199999,597.34433000,17,115.20000000,103.27476000,0
2026-04-01 16:00:00,0.9015,0.9131,0.8969,0.8982,1691.50000000,1775073599999,1519.57450000,21,1672.00000000,1501.98030000,0
2026-04-01 20:00:00,0.8915,0.8962,0.8774,0.8774,223.70000000,1775087999999,198.60989000,15,158.40000000,141.00927000,0
2026-04-02 00:00:00,0.8787,0.8965,0.856,0.856,2235.20000000,1775102399999,1940.97161000,54,227.90000000,200.79332000,0
2026-04-02 04:00:00,0.855,0.8652,0.855,0.8652,437.00000000,1775116799999,376.78303000,6,430.10000000,370.88353000,0
2026-04-02 08:00:00,0.8601,0.8601,0.8471,0.8532,2329.90000000,1775131199999,1989.88850000,28,1528.20000000,1307.12873000,0
2026-04-02 12:00:00,0.8532,0.8648,0.8442,0.8601,3382.70000000,1775145599999,2882.08683000,24,2545.00000000,2170.47523000,0
2026-04-02 16:00:00,0.8552,0.8652,0.855,0.8622,1660.30000000,1775159999999,1426.58207000,14,135.70000000,116.75081000,0
2026-04-02 20:00:00,0.8652,0.8655,0.8601,0.8601,1400.90000000,1775174399999,1212.02574000,6,12.60000000,10.90326000,0
2026-04-03 00:00:00,0.8649,0.8652,0.8649,0.8652,110.70000000,1775188799999,95.74647000,2,110.70000000,95.74647000,0
2026-04-03 04:00:00,0.8689,0.8757,0.8689,0.8757,214.50000000,1775203199999,186.89730000,6,214.50000000,186.89730000,0
2026-04-03 08:00:00,0.878,0.8807,0.8715,0.8786,167.40000000,1775217599999,146.61976000,5,92.20000000,81.04886000,0
2026-04-03 12:00:00,0.8809,0.8824,0.8698,0.8698,3827.20000000,1775231999999,3340.64311000,15,3658.20000000,3193.55768000,0
2026-04-03 16:00:00,0.8757,0.8807,0.8704,0.8754,1172.50000000,1775246399999,1025.35547000,8,1165.80000000,1019.52379000,0
2026-04-03 20:00:00,0.8757,0.8757,0.8708,0.8708,136.90000000,1775260799999,119.58931000,5,80.80000000,70.66593000,0
2026-04-04 00:00:00,0.8706,0.8719,0.8652,0.8652,697.70000000,1775275199999,607.63382000,9,196.20000000,171.01242000,0
2026-04-04 04:00:00,0.8704,0.8751,0.8704,0.8751,121.10000000,1775289599999,105.94265000,2,121.10000000,105.94265000,0
2026-04-04 08:00:00,0.8728,0.8728,0.8728,0.8728,11.40000000,1775303999999,9.94992000,1,11.40000000,9.94992000,0
2026-04-04 12:00:00,0.8691,0.8704,0.8634,0.8704,225.90000000,1775318399999,196.08116000,7,9.70000000,8.43911000,0
2026-04-04 16:00:00,0.87,0.8729,0.8652,0.8712,163.50000000,1775332799999,142.26701000,7,154.80000000,134.73065000,0
2026-04-04 20:00:00,0.8714,0.8757,0.8669,0.8716,290.80000000,1775347199999,252.91961000,7,132.40000000,115.57920000,0
2026-04-05 00:00:00,0.8656,0.8656,0.8643,0.8643,34.40000000,1775361599999,29.74480000,3,0.00000000,0.00000000,0
2026-04-05 04:00:00,0.8651,0.8659,0.8499,0.855,377.70000000,1775375999999,324.68403000,12,249.60000000,215.30709000,0
2026-04-05 08:00:00,0.8518,0.8518,0.8499,0.8499,30.40000000,1775390399999,25.88161000,2,0.00000000,0.00000000,0
2026-04-05 12:00:00,0.8505,0.8561,0.8428,0.8506,331.40000000,1775404799999,281.13193000,16,190.50000000,161.97286000,0
2026-04-05 16:00:00,0.8499,0.8538,0.8487,0.8538,176.10000000,1775419199999,149.88283000,4,146.40000000,124.66816000,0
2026-04-05 20:00:00,0.8486,0.8704,0.8397,0.8704,280.30000000,1775433599999,238.01490000,16,108.20000000,93.21422000,0
2026-04-06 00:00:00,0.8752,0.8915,0.8752,0.8862,964.40000000,1775447999999,855.23729000,21,378.10000000,335.12719000,0
2026-04-06 04:00:00,0.8862,0.8969,0.8809,0.8862,268.00000000,1775462399999,238.03506000,9,97.10000000,86.58401000,0
2026-04-06 08:00:00,0.8889,0.9191,0.8889,0.9023,954.20000000,1775476799999,865.78772000,30,872.50000000,792.08084000,0
2026-04-06 12:00:00,0.9026,0.9072,0.8951,0.9055,173.90000000,1775491199999,156.98341000,13,103.90000000,94.05125000,0
2026-04-06 16:00:00,0.9022,0.9022,0.8871,0.8915,509.10000000,1775505599999,457.10761000,13,413.80000000,372.21652000,0
2026-04-06 20:00:00,0.8915,0.8915,0.8686,0.8756,982.50000000,1775519999999,861.85581000,36,6.60000000,5.77896000,0
2026-04-07 00:00:00,0.8686,0.8755,0.8652,0.8755,295.60000000,1775534399999,256.29143000,9,8.00000000,6.96932000,0
2026-04-07 04:00:00,0.8745,0.8757,0.8666,0.867,1919.20000000,1775548799999,1670.23824000,17,120.90000000,105.63213000,0
2026-04-07 08:00:00,0.8757,0.8852,0.8704,0.875,313.50000000,1775563199999,276.45851000,16,260.70000000,230.06396000,0
2026-04-07 12:00:00,0.8652,0.8746,0.8599,0.8655,4252.90000000,1775577599999,3664.30823000,31,163.50000000,141.59472000,0
2026-04-07 16:00:00,0.8652,0.8889,0.8652,0.8889,489.40000000,1775591999999,433.18891000,12,480.40000000,425.37857000,0
2026-04-07 20:00:00,0.8914,0.9748,0.8881,0.9597,11746.70000000,1775606399999,10958.08670000,94,10943.80000000,10196.19622000,0
2026-04-08 00:00:00,0.9589,0.9765,0.9576,0.9649,1488.00000000,1775620799999,1436.67494000,26,1422.00000000,1373.30065000,0
2026-04-08 04:00:00,0.9644,0.965,0.9519,0.9519,369.00000000,1775635199999,354.03382000,13,252.70000000,242.95323000,0
2026-04-08 08:00:00,0.954,0.954,0.9399,0.9473,325.10000000,1775649599999,307.67095000,12,159.30000000,150.94001000,0
2026-04-08 12:00:00,0.9481,0.9534,0.919,0.9296,1316.50000000,1775663999999,1245.98045000,49,876.90000000,835.01376000,0
2026-04-08 16:00:00,0.9334,0.9373,0.9186,0.92,174.90000000,1775678399999,162.57646000,16,121.30000000,113.15076000,0
2026-04-08 20:00:00,0.9218,0.9241,0.9118,0.9175,1515.20000000,1775692799999,1398.60156000,24,99.90000000,92.03394000,0
2026-04-09 00:00:00,0.9091,0.9091,0.9006,0.9077,761.60000000,1775707199999,692.05488000,21,39.60000000,35.82907000,0
2026-04-09 04:00:00,0.9116,0.9131,0.9079,0.9123,88.10000000,1775721599999,80.33572000,5,82.00000000,74.79753000,0
2026-04-09 08:00:00,0.9077,0.9179,0.9077,0.9115,1747.50000000,1775735999999,1586.56453000,18,48.50000000,44.34083000,0
2026-04-09 12:00:00,0.9109,0.9385,0.9109,0.9372,19252.00000000,1775750399999,18026.41251000,45,503.90000000,461.26920000,0
2026-04-09 16:00:00,0.9375,0.9432,0.9278,0.941,772.70000000,1775764799999,724.92002000,16,647.20000000,607.41272000,0
2026-04-09 20:00:00,0.9463,0.969,0.9296,0.9338,7398.90000000,1775779199999,6943.35171000,70,619.50000000,591.22918000,0
2026-04-10 00:00:00,0.9272,0.9362,0.9225,0.9296,12620.40000000,1775793599999,11695.05132000,59,2490.50000000,2321.02866000,0
2026-04-10 04:00:00,0.9318,0.9443,0.926,0.9346,1527.60000000,1775807999999,1429.05036000,23,722.40000000,675.84779000,0
2026-04-10 08:00:00,0.9351,0.9397,0.9296,0.9365,20092.50000000,1775822399999,18796.91841000,40,25.30000000,23.69277000,0
2026-04-10 12:00:00,0.9357,0.9519,0.9338,0.9463,83017.20000000,1775836799999,78170.12621000,123,6196.00000000,5858.89186000,0
2026-04-10 16:00:00,0.9424,0.9615,0.9424,0.9547,6738.80000000,1775851199999,6391.68080000,36,975.00000000,927.58131000,0
2026-04-10 20:00:00,0.9557,0.9579,0.9424,0.9501,167.00000000,1775865599999,158.98211000,12,68.10000000,64.82331000,0
2026-04-11 00:00:00,0.9407,0.9434,0.9358,0.9376,685.90000000,1775879999999,644.58999000,17,269.40000000,253.87590000,0
2026-04-11 04:00:00,0.9386,0.939,0.9328,0.9335,2824.00000000,1775894399999,2644.99440000,46,1649.60000000,1547.00627000,0
2026-04-11 08:00:00,0.9343,0.9364,0.9299,0.9299,387.30000000,1775908799999,361.60609000,4,0.00000000,0.00000000,0
2026-04-11 12:00:00,0.9296,0.9363,0.9288,0.9363,280.30000000,1775923199999,261.65359000,11,235.70000000,220.15522000,0
2026-04-11 16:00:00,0.9407,0.9709,0.9407,0.9655,7048.70000000,1775937599999,6787.66055000,61,4118.70000000,3971.15028000,0
2026-04-11 20:00:00,0.9655,0.9667,0.9399,0.9412,2009.90000000,1775951999999,1920.15684000,51,1651.10000000,1578.42403000,0
2026-04-12 00:00:00,0.9358,0.9358,0.9024,0.9152,728.00000000,1775966399999,667.23349000,35,357.20000000,327.28364000,0
2026-04-12 04:00:00,0.9146,0.9168,0.91,0.9128,18596.90000000,1775980799999,16945.24531000,50,18008.60000000,16409.48433000,0
2026-04-12 08:00:00,0.9122,0.9122,0.9077,0.9077,119.30000000,1775995199999,108.78637000,3,0.00000000,0.00000000,0
2026-04-12 12:00:00,0.9131,0.9131,0.8982,0.9007,324.70000000,1776009599999,292.69429000,13,72.10000000,65.20015000,0
2026-04-12 16:00:00,0.9077,0.9077,0.9077,0.9077,6.50000000,1776023999999,5.90005000,1,6.50000000,5.90005000,0
2026-04-12 20:00:00,0.906,0.9185,0.9006,0.9015,4726.80000000,1776038399999,4282.96479000,53,3230.30000000,2930.04650000,0
2026-04-13 00:00:00,0.9059,0.9089,0.9056,0.9056,554.50000000,1776052799999,502.79211000,13,389.40000000,353.24455000,0
2026-04-13 04:00:00,0.9022,0.9109,0.902,0.9022,1260.30000000,1776067199999,1142.65088000,14,32.90000000,29.86668000,0
2026-04-13 08:00:00,0.9001,0.9053,0.8988,0.9026,190.10000000,1776081599999,171.12775000,7,12.70000000,11.48381000,0
2026-04-13 12:00:00,0.9077,0.9293,0.9073,0.9142,10369.10000000,1776095999999,9531.80806000,41,1616.80000000,1477.48797000,0
2026-04-13 16:00:00,0.9164,0.9351,0.9129,0.9351,1044.50000000,1776110399999,965.25551000,30,964.30000000,892.00445000,0
2026-04-13 20:00:00,0.9296,0.961,0.9296,0.9604,14903.10000000,1776124799999,14278.13168000,69,10631.30000000,10206.94062000,0
2026-04-14 00:00:00,0.9611,0.9611,0.9437,0.9562,5186.50000000,1776139199999,4953.21929000,17,4996.30000000,4772.99179000,0
2026-04-14 04:00:00,0.9463,0.9466,0.9382,0.9466,2631.20000000,1776153599999,2473.28539000,15,66.60000000,63.04170000,0
2026-04-14 08:00:00,0.9517,0.9519,0.9473,0.9519,1014.30000000,1776167999999,963.32044000,9,511.70000000,487.02813000,0
2026-04-14 12:00:00,0.9463,0.9615,0.9407,0.9483,770.10000000,1776182399999,733.78132000,28,572.00000000,546.51522000,0
2026-04-14 16:00:00,0.9433,0.944,0.9251,0.9301,1228.80000000,1776196799999,1141.93619000,22,369.90000000,343.34758000,0
2026-04-14 20:00:00,0.9317,0.9342,0.9286,0.9339,1433.70000000,1776211199999,1338.53491000,8,1227.30000000,1146.52746000,0
2026-04-15 00:00:00,0.9351,0.946,0.9351,0.9398,1725.10000000,1776225599999,1622.33090000,13,1725.10000000,1622.33090000,0
2026-04-15 04:00:00,0.9405,0.9411,0.9286,0.9286,1236.00000000,1776239999999,1158.01243000,21,633.50000000,593.67470000,0
2026-04-15 08:00:00,0.9305,0.947,0.9305,0.947,137.20000000,1776254399999,128.74034000,11,98.90000000,92.85707000,0
2026-04-15 12:00:00,0.9412,0.9533,0.9412,0.9463,709.70000000,1776268799999,673.47606000,21,567.80000000,539.57898000,0
2026-04-15 16:00:00,0.9481,0.973,0.948,0.9706,3824.50000000,1776283199999,3677.44850000,52,3689.10000000,3548.31752000,0
2026-04-15 20:00:00,0.9633,0.969,0.9576,0.9581,1968.80000000,1776297599999,1889.04208000,23,1179.80000000,1131.33868000,0
2026-04-16 00:00:00,0.9621,0.9762,0.9582,0.9762,767.50000000,1776311999999,743.45472000,14,736.10000000,713.36724000,0
2026-04-16 04:00:00,0.9766,0.9888,0.969,0.969,3776.20000000,1776326399999,3712.80381000,45,3722.50000000,3660.61139000,0
2026-04-16 08:00:00,0.9748,0.9844,0.969,0.969,312.20000000,1776340799999,305.04240000,12,252.70000000,247.08666000,0
2026-04-16 12:00:00,0.9748,0.9927,0.9519,0.9864,775.50000000,1776355199999,761.07573000,49,637.70000000,628.14905000,0
2026-04-16 16:00:00,0.9824,1.0006,0.9748,1.0006,1825.90000000,1776369599999,1806.24730000,42,1530.50000000,1517.80191000,0
2026-04-16 20:00:00,1.0041,1.0101,0.9864,1.0046,10286.60000000,1776383999999,10272.90451000,69,2555.90000000,2573.22130000,0
2026-04-17 00:00:00,1.0046,1.0046,0.9817,0.9908,1065.50000000,1776398399999,1058.63910000,35,712.30000000,707.45237000,0
2026-04-17 04:00:00,0.9905,0.9928,0.9748,0.99,414.10000000,1776412799999,409.12548000,13,344.80000000,341.10622000,0
2026-04-17 08:00:00,0.9929,1.0041,0.986,1.0002,1360.40000000,1776427199999,1354.80844000,30,1293.40000000,1288.27504000,0
2026-04-17 12:00:00,1.0041,1.0421,0.9982,1.0221,8383.10000000,1776441599999,8621.80192000,92,7409.10000000,7617.16820000,0
2026-04-17 16:00:00,1.0279,1.0338,1.0101,1.0126,3902.00000000,1776455999999,3986.54589000,35,871.50000000,897.35483000,0
2026-04-17 20:00:00,1.0101,1.0106,0.996,0.9966,1045.30000000,1776470399999,1049.58764000,26,137.30000000,138.52295000,0
2026-04-18 00:00:00,1.0032,1.0032,0.9911,0.9951,1494.50000000,1776484799999,1487.83437000,23,203.90000000,203.59222000,0
2026-04-18 04:00:00,0.9954,1.0071,0.9954,1.0068,256.60000000,1776499199999,256.34787000,9,104.30000000,104.74845000,0
2026-04-18 08:00:00,1.0066,1.0066,0.9627,0.9658,3125.30000000,1776513599999,3064.15909000,73,174.70000000,171.85640000,0
2026-04-18 12:00:00,0.9674,0.9691,0.9634,0.9691,2613.10000000,1776527999999,2532.05154000,12,1386.30000000,1343.20828000,0
2026-04-18 16:00:00,0.9662,0.9662,0.9517,0.9581,3031.50000000,1776542399999,2903.98780000,34,170.90000000,164.44791000,0
2026-04-18 20:00:00,0.9558,0.9612,0.9531,0.9612,696.30000000,1776556799999,667.61374000,8,534.70000000,513.22239000,0
2026-04-19 00:00:00,0.9592,0.9614,0.9441,0.9441,482.30000000,1776571199999,457.23840000,15,17.70000000,16.99390000,0
2026-04-19 04:00:00,0.9441,0.9496,0.9389,0.9413,3742.20000000,1776585599999,3533.22204000,28,246.60000000,233.09515000,0
2026-04-19 08:00:00,0.9449,0.9552,0.9365,0.9552,1067.80000000,1776599999999,1007.39688000,8,817.40000000,772.49080000,0
2026-04-19 12:00:00,0.9526,0.97,0.9519,0.9519,540.70000000,1776614399999,516.49248000,16,102.30000000,98.79472000,0
2026-04-19 16:00:00,0.9576,0.9576,0.9358,0.9393,403.00000000,1776628799999,378.84756000,17,112.60000000,105.87864000,0
2026-04-19 20:00:00,0.9399,0.9448,0.9179,0.9241,8823.30000000,1776643199999,8246.20199000,87,114.30000000,107.17241000,0
2026-04-20 00:00:00,0.9294,0.9366,0.9258,0.9351,839.50000000,1776657599999,783.89895000,21,643.20000000,601.51317000,0
2026-04-20 04:00:00,0.9296,0.9519,0.9281,0.9463,370.30000000,1776671999999,346.17028000,21,140.20000000,132.04346000,0
2026-04-20 08:00:00,0.9431,0.9459,0.9351,0.9401,184.70000000,1776686399999,174.02959000,20,104.10000000,98.18633000,0
2026-04-20 12:00:00,0.9429,0.9465,0.9351,0.9411,294.20000000,1776700799999,277.50460000,31,204.60000000,193.30311000,0
2026-04-20 16:00:00,0.9457,0.9519,0.9437,0.9519,537.10000000,1776715199999,509.34181000,19,525.00000000,497.92304000,0
2026-04-20 20:00:00,0.948,0.9535,0.9463,0.9472,622.60000000,1776729599999,592.08533000,20,562.80000000,535.41545000,0
2026-04-21 00:00:00,0.9458,0.9498,0.9393,0.9393,1013.70000000,1776743999999,958.96674000,31,718.90000000,681.36303000,0
2026-04-21 04:00:00,0.9463,0.9501,0.9463,0.9484,32.00000000,1776758399999,30.36179000,3,32.00000000,30.36179000,0
2026-04-21 08:00:00,0.9519,0.9591,0.9519,0.955,1815.10000000,1776772799999,1736.13159000,25,934.50000000,895.04796000,0
2026-04-21 12:00:00,0.955,0.955,0.9458,0.947,93.80000000,1776787199999,88.95622000,15,20.60000000,19.63256000,0
2026-04-21 16:00:00,0.9507,0.9508,0.9258,0.9258,1732.00000000,1776801599999,1630.08748000,65,806.00000000,765.30408000,0
2026-04-21 20:00:00,0.9351,0.9518,0.9332,0.9511,1220.70000000,1776815999999,1151.80464000,23,1105.80000000,1044.09243000,0
2026-04-22 00:00:00,0.9501,0.9644,0.9447,0.9582,1678.40000000,1776830399999,1606.26945000,43,1000.20000000,956.63662000,0
2026-04-22 04:00:00,0.9637,0.9764,0.9624,0.9679,2077.20000000,1776844799999,2006.87736000,40,1401.00000000,1354.49221000,0
2026-04-22 08:00:00,0.9635,0.9691,0.9635,0.9691,146.30000000,1776859199999,141.32902000,8,67.20000000,65.11617000,0
2026-04-22 12:00:00,0.969,0.9748,0.965,0.9691,316.90000000,1776873599999,306.70634000,5,7.70000000,7.49276000,0
2026-04-22 16:00:00,0.9635,0.974,0.9543,0.9589,276.30000000,1776887999999,267.59010000,20,188.40000000,182.92738000,0
2026-04-22 20:00:00,0.9588,0.9588,0.9441,0.9441,386.90000000,1776902399999,367.47755000,15,122.20000000,116.94306000,0
2026-04-23 00:00:00,0.9472,0.9472,0.9296,0.9296,1615.60000000,1776916799999,1516.17944000,70,117.40000000,110.70319000,0
2026-04-23 04:00:00,0.935,0.9427,0.934,0.942,8716.00000000,1776931199999,8152.01202000,25,7722.30000000,7215.39159000,0
2026-04-23 08:00:00,0.9351,0.9407,0.9321,0.9351,34.50000000,1776945599999,32.27509000,8,12.70000000,11.93281000,0
2026-04-23 12:00:00,0.9449,0.953,0.9384,0.953,374.80000000,1776959999999,353.80705000,15,147.80000000,140.11873000,0
2026-04-23 16:00:00,0.9469,0.9509,0.9244,0.9334,1693.00000000,1776974399999,1591.21272000,43,987.70000000,937.48416000,0
2026-04-23 20:00:00,0.937,0.947,0.932,0.9434,1393.10000000,1776988799999,1313.22462000,24,1207.90000000,1138.96600000,0
2026-04-24 00:00:00,0.947,0.9519,0.9407,0.941,1197.30000000,1777003199999,1137.21653000,36,1034.70000000,982.77951000,0
2026-04-24 04:00:00,0.9374,0.9466,0.9374,0.9466,89.30000000,1777017599999,83.95614000,7,16.80000000,15.90102000,0
2026-04-24 08:00:00,0.9407,0.9511,0.9379,0.9511,227.40000000,1777031999999,214.78491000,9,147.80000000,140.11071000,0
2026-04-24 12:00:00,0.9517,0.953,0.9488,0.9529,169.00000000,1777046399999,160.90415000,10,163.90000000,156.06527000,0
2026-04-24 16:00:00,0.9491,0.9532,0.9463,0.9478,704.50000000,1777060799999,669.48563000,31,522.10000000,496.77982000,0
2026-04-24 20:00:00,0.9516,0.9562,0.943,0.9436,2016.10000000,1777075199999,1918.56624000,32,1706.70000000,1626.04990000,0
2026-04-25 00:00:00,0.9462,0.953,0.9429,0.953,638.00000000,1777089599999,605.96939000,18,528.50000000,502.32534000,0
2026-04-25 04:00:00,0.953,0.953,0.943,0.9474,458.20000000,1777103999999,434.21772000,19,152.80000000,145.29977000,0
2026-04-25 08:00:00,0.9531,0.9541,0.9463,0.9463,262.90000000,1777118399999,250.11631000,12,181.60000000,173.06556000,0
2026-04-25 12:00:00,0.9486,0.949,0.9401,0.9401,241.20000000,1777132799999,227.59262000,9,84.20000000,79.84697000,0
2026-04-25 16:00:00,0.94,0.94,0.9319,0.9319,754.30000000,1777147199999,704.88971000,18,0.00000000,0.00000000,0
2026-04-25 20:00:00,0.9381,0.9385,0.9381,0.9385,168.00000000,1777161599999,157.66588000,2,168.00000000,157.66588000,0
2026-04-26 00:00:00,0.9339,0.9378,0.9338,0.935,607.20000000,1777175999999,567.32497000,8,53.30000000,49.98474000,0
2026-04-26 04:00:00,0.9407,0.9463,0.9407,0.9463,651.90000000,1777190399999,614.21555000,11,651.90000000,614.21555000,0
2026-04-26 08:00:00,0.945,0.945,0.9422,0.9422,270.90000000,1777204799999,255.82350000,7,11.80000000,11.12268000,0
2026-04-26 12:00:00,0.9422,0.9463,0.94,0.9463,973.30000000,1777219199999,916.51676000,15,8.80000000,8.31834000,0
2026-04-26 16:00:00,0.9407,0.9469,0.9407,0.9469,634.70000000,1777233599999,599.89471000,9,309.50000000,292.30553000,0
2026-04-26 20:00:00,0.9462,0.9495,0.9388,0.9439,807.80000000,1777247999999,762.90941000,18,583.30000000,551.59916000,0
2026-04-27 00:00:00,0.948,0.9607,0.948,0.9568,828.50000000,1777262399999,791.38560000,24,779.10000000,744.12591000,0
2026-04-27 04:00:00,0.957,0.9626,0.925,0.93,1517.70000000,1777276799999,1426.94835000,62,375.00000000,358.50890000,0
2026-04-27 08:00:00,0.925,0.9317,0.9233,0.9309,218.50000000,1777291199999,202.42926000,17,71.60000000,66.61095000,0
2026-04-27 12:00:00,0.9282,0.9379,0.9137,0.9173,1457.50000000,1777305599999,1346.84320000,45,88.00000000,81.95652000,0
2026-04-27 16:00:00,0.9238,0.9271,0.9214,0.9214,252.70000000,1777319999999,233.18242000,8,73.80000000,68.30112000,0
2026-04-27 20:00:00,0.9242,0.9351,0.9232,0.9351,742.00000000,1777334399999,688.29437000,13,621.00000000,576.57885000,0
2026-04-28 00:00:00,0.9359,0.9385,0.9251,0.9251,1719.80000000,1777348799999,1610.13761000,8,1618.10000000,1515.98339000,0
2026-04-28 04:00:00,0.9304,0.9351,0.9241,0.9241,72.70000000,1777363199999,67.67605000,9,60.10000000,55.99774000,0
2026-04-28 08:00:00,0.9269,0.9297,0.9186,0.9219,1318.90000000,1777377599999,1220.78789000,27,882.00000000,817.70429000,0
2026-04-28 12:00:00,0.9178,0.9241,0.9145,0.9208,274.30000000,1777391999999,251.52356000,19,74.40000000,68.37703000,0
2026-04-28 16:00:00,0.9157,0.9256,0.9156,0.9256,1169.20000000,1777406399999,1074.15011000,7,369.20000000,341.63161000,0
2026-04-28 20:00:00,0.9283,0.9286,0.9242,0.9244,238.70000000,1777420799999,221.20092000,6,150.60000000,139.66648000,0
2026-04-29 00:00:00,0.9244,0.9342,0.9226,0.929,1171.90000000,1777435199999,1086.40496000,8,1014.60000000,940.30782000,0
2026-04-29 04:00:00,0.9351,0.9351,0.9296,0.9296,12.60000000,1777449599999,11.74761000,3,6.30000000,5.89113000,0
2026-04-29 08:00:00,0.9269,0.9351,0.9269,0.9296,1180.00000000,1777463999999,1102.83767000,20,67.00000000,62.35530000,0
2026-04-29 12:00:00,0.9241,0.9241,0.8993,0.902,8070.70000000,1777478399999,7319.25743000,65,320.50000000,290.84320000,0
2026-04-29 16:00:00,0.9054,0.9087,0.8832,0.9021,3742.90000000,1777492799999,3360.39610000,65,2475.20000000,2230.36234000,0
2026-04-29 20:00:00,0.9021,0.9077,0.9021,0.9044,884.80000000,1777507199999,800.76361000,17,817.30000000,739.71709000,0
2026-04-30 00:00:00,0.9048,0.9185,0.9048,0.9095,152.80000000,1777521599999,139.41412000,15,80.90000000,74.04645000,0
2026-04-30 04:00:00,0.9129,0.9129,0.9022,0.9077,108.60000000,1777535999999,98.80325000,15,67.50000000,61.58695000,0
2026-04-30 08:00:00,0.908,0.9112,0.9055,0.9078,120.40000000,1777550399999,109.34453000,12,92.00000000,83.59458000,0
2026-04-30 12:00:00,0.9076,0.9077,0.9022,0.9077,417.00000000,1777564799999,378.27140000,9,39.00000000,35.39111000,0
2026-04-30 16:00:00,0.9102,0.9102,0.9101,0.9101,104.00000000,1777579199999,94.65562000,4,104.00000000,94.65562000,0
2026-04-30 20:00:00,0.9054,0.9088,0.905,0.9088,149.20000000,1777593599999,135.24620000,4,55.00000000,49.98400000,0
2026-05-01 00:00:00,0.9128,0.9197,0.9128,0.9197,1022.30000000,1777607999999,935.11859000,9,1022.30000000,935.11859000,0
2026-05-01 04:00:00,0.92,0.92,0.914,0.9171,274.50000000,1777622399999,251.94535000,6,233.90000000,214.83695000,0
2026-05-01 08:00:00,0.9134,0.916,0.9125,0.916,158.30000000,1777636799999,144.57654000,7,27.30000000,25.00680000,0
2026-05-01 12:00:00,0.9155,0.928,0.9155,0.9273,17203.30000000,1777651199999,15845.48540000,41,14013.90000000,12900.53824000,0
2026-05-01 16:00:00,0.9265,0.927,0.9215,0.9215,201.00000000,1777665599999,185.88690000,5,173.50000000,160.54565000,0
2026-05-01 20:00:00,0.9256,0.9256,0.9186,0.9219,2901.30000000,1777679999999,2678.92517000,11,2880.00000000,2659.32621000,0
2026-05-02 00:00:00,0.919,0.919,0.919,0.919,33.70000000,1777694399999,30.97030000,1,33.70000000,30.97030000,0
2026-05-02 04:00:00,0.9193,0.9211,0.9193,0.9193,4267.20000000,1777708799999,3922.94460000,13,320.30000000,294.55943000,0
2026-05-02 08:00:00,0.9169,0.9169,0.9169,0.9169,59.60000000,1777723199999,54.64724000,1,0.00000000,0.00000000,0
2026-05-02 12:00:00,0.9237,0.9256,0.9208,0.9256,708.90000000,1777737599999,653.98662000,7,389.90000000,360.25142000,0
2026-05-02 16:00:00,0.9255,0.9289,0.9227,0.9227,142.60000000,1777751999999,132.17602000,4,131.80000000,122.20654000,0
2026-05-02 20:00:00,0.9271,0.9328,0.9243,0.9292,1567.00000000,1777766399999,1452.92879000,18,563.00000000,522.86627000,0
2026-05-03 00:00:00,0.9241,0.9241,0.9151,0.9167,2326.30000000,1777780799999,2133.30293000,21,89.90000000,82.56225000,0
2026-05-03 04:00:00,0.9186,0.9188,0.9131,0.9146,66.10000000,1777795199999,60.59922000,4,59.70000000,54.75538000,0
2026-05-03 08:00:00,0.9186,0.9241,0.9186,0.9241,198.90000000,1777809599999,182.89744000,7,34.40000000,31.68904000,0
2026-05-03 12:00:00,0.9207,0.9302,0.9207,0.9264,6091.20000000,1777823999999,5620.13057000,25,2674.30000000,2464.85125000,0
2026-05-03 16:00:00,0.9231,0.9231,0.9219,0.9219,108.20000000,1777838399999,99.76254000,2,0.00000000,0.00000000,0
2026-05-03 20:00:00,0.9253,0.9272,0.9225,0.9231,5241.80000000,1777852799999,4847.75152000,9,5220.20000000,4827.81256000,0
2026-05-04 00:00:00,0.9191,0.9413,0.9151,0.9413,1264.30000000,1777867199999,1176.97976000,34,1102.00000000,1026.69870000,0
2026-05-04 04:00:00,0.9418,0.9577,0.9393,0.9401,2353.90000000,1777881599999,2231.73324000,44,1069.70000000,1016.29123000,0
2026-05-04 08:00:00,0.9434,0.9501,0.9214,0.9272,622.20000000,1777895999999,579.99700000,56,163.60000000,154.52709000,0
2026-05-04 12:00:00,0.9241,0.9421,0.9241,0.9272,1288.40000000,1777910399999,1192.18821000,29,83.90000000,78.45728000,0
2026-05-04 16:00:00,0.9312,0.9407,0.9289,0.9351,1516.80000000,1777924799999,1420.68748000,11,1121.00000000,1052.05696000,0
2026-05-04 20:00:00,0.9334,0.9384,0.9285,0.9285,4380.20000000,1777939199999,4103.68665000,50,965.40000000,902.62754000,0
2026-05-05 00:00:00,0.9301,0.9432,0.9301,0.943,2179.80000000,1777953599999,2044.92837000,15,2165.70000000,2031.72516000,0
2026-05-05 04:00:00,0.9434,0.9505,0.9434,0.9476,204.80000000,1777967999999,194.11902000,12,185.50000000,175.83034000,0
2026-05-05 08:00:00,0.945,0.9551,0.945,0.9544,156.20000000,1777982399999,148.56992000,6,105.10000000,100.28042000,0
2026-05-05 12:00:00,0.9558,0.9822,0.9558,0.9633,11768.70000000,1777996799999,11374.85961000,80,7094.50000000,6824.14483000,0
2026-05-05 16:00:00,0.9669,0.9669,0.9548,0.9629,3334.40000000,1778011199999,3222.19583000,18,107.10000000,103.27414000,0
2026-05-05 20:00:00,0.9633,0.9804,0.9633,0.9652,4240.20000000,1778025599999,4133.73933000,35,3982.70000000,3883.28792000,0
2026-05-06 00:00:00,0.9656,0.9904,0.9652,0.9855,6906.40000000,1778039999999,6767.86245000,43,1667.50000000,1645.13814000,0
2026-05-06 04:00:00,0.9906,0.9979,0.9789,0.9952,2578.00000000,1778054399999,2547.28535000,38,2425.20000000,2395.92722000,0
2026-05-06 08:00:00,0.9975,1.0319,0.9975,1.0292,5748.40000000,1778068799999,5831.33922000,84,2640.80000000,2679.66627000,0
2026-05-06 12:00:00,1.0236,1.0242,0.9782,0.9916,6358.30000000,1778083199999,6353.85088000,106,2831.40000000,2806.73952000,0
2026-05-06 16:00:00,0.9923,0.9945,0.9864,0.9942,2524.00000000,1778097599999,2499.73447000,16,612.70000000,607.02190000,0
2026-05-06 20:00:00,0.9945,1.0017,0.9864,0.9923,579.70000000,1778111999999,577.80936000,20,513.50000000,512.18352000,0
2026-05-07 00:00:00,0.9864,0.9864,0.9674,0.974,3913.40000000,1778126399999,3815.17358000,33,3323.30000000,3239.95013000,0
2026-05-07 04:00:00,0.9748,1.011,0.9748,1.0077,921.30000000,1778140799999,917.25659000,32,773.50000000,769.76905000,0
2026-05-07 08:00:00,0.9982,0.9982,0.9864,0.997,175.80000000,1778155199999,174.66197000,22,74.20000000,73.79733000,0
2026-05-07 12:00:00,0.9979,1.0019,0.9689,0.9725,8584.80000000,1778169599999,8470.07416000,72,6217.10000000,6140.69850000,0
2026-05-07 16:00:00,0.9704,0.9856,0.9603,0.969,2054.70000000,1778183999999,1998.04648000,49,936.70000000,915.08034000,0
2026-05-07 20:00:00,0.9748,0.9766,0.9585,0.969,3463.70000000,1778198399999,3339.69052000,18,122.20000000,118.48992000,0
2026-05-08 00:00:00,0.9697,0.9735,0.9613,0.9648,479.60000000,1778212799999,464.53432000,14,276.50000000,268.64319000,0
2026-05-08 04:00:00,0.9667,0.9689,0.9654,0.9679,400.90000000,1778227199999,387.91291000,7,400.90000000,387.91291000,0
2026-05-08 08:00:00,0.969,0.9843,0.969,0.983,599.50000000,1778241599999,586.65940000,24,262.60000000,255.82916000,0
2026-05-08 12:00:00,0.983,1.0135,0.9742,1.011,16991.40000000,1778255999999,16650.32278000,78,7813.80000000,7660.35717000,0
2026-05-08 16:00:00,1.0041,1.0349,1.0041,1.027,3874.90000000,1778270399999,3974.13592000,58,2769.10000000,2840.45473000,0
2026-05-08 20:00:00,1.0208,1.0283,1.0161,1.0218,3219.20000000,1778284799999,3292.99105000,36,615.00000000,629.00142000,0
2026-05-09 00:00:00,1.0282,1.1052,1.0282,1.1003,48517.60000000,1778299199999,52690.05998000,178,16122.10000000,17396.19172000,0
2026-05-09 04:00:00,1.0908,1.1003,1.0653,1.0716,176344.50000000,1778313599999,192006.71425000,137,2624.20000000,2857.48016000,0
2026-05-09 08:00:00,1.078,1.078,1.0404,1.0542,2041.60000000,1778327999999,2145.98388000,55,542.80000000,571.69749000,0
2026-05-09 12:00:00,1.0566,1.0641,1.0495,1.0504,7565.40000000,1778342399999,7982.28741000,42,4546.50000000,4807.08647000,0
2026-05-09 16:00:00,1.0466,1.0691,1.0466,1.0691,764.50000000,1778356799999,811.19835000,17,217.40000000,230.44332000,0
2026-05-09 20:00:00,1.0711,1.0926,1.064,1.0746,9890.80000000,1778371199999,10686.65546000,60,3072.80000000,3295.92427000,0
2026-05-10 00:00:00,1.078,1.1134,1.0688,1.0927,10632.20000000,1778385599999,11555.38996000,114,7440.30000000,8089.89294000,0
2026-05-10 04:00:00,1.0844,1.0931,1.0733,1.0931,240.60000000,1778399999999,260.41828000,17,150.40000000,163.21980000,0
2026-05-10 08:00:00,1.0973,1.15,1.0973,1.15,26385.80000000,1778414399999,29750.62985000,148,7199.60000000,8152.77813000,0
2026-05-10 12:00:00,1.1436,1.2252,1.1252,1.225,28078.40000000,1778428799999,32352.83035000,142,7607.90000000,8933.35043000,0
2026-05-10 16:00:00,1.2202,1.4131,1.2202,1.3802,59860.00000000,1778443199999,80304.37586000,463,36099.00000000,48298.26082000,0
2026-05-10 20:00:00,1.3883,1.3961,1.3142,1.3325,29217.30000000,1778457599999,39536.10851000,241,25807.40000000,34960.14105000,0
2026-05-11 00:00:00,1.3403,1.3549,1.2864,1.31,39396.50000000,1778471999999,51799.85838000,282,28454.60000000,37217.77704000,0
2026-05-11 04:00:00,1.306,1.317,1.2541,1.2789,8335.10000000,1778486399999,10667.95642000,117,1151.10000000,1462.62756000,0
2026-05-11 08:00:00,1.2714,1.2802,1.2492,1.2714,12760.80000000,1778500799999,16090.96585000,77,2712.20000000,3442.68402000,0
2026-05-11 12:00:00,1.2771,1.2994,1.2566,1.2852,20062.50000000,1778515199999,25655.39655000,91,10700.10000000,13644.52412000,0
2026-05-11 16:00:00,1.2775,1.3284,1.2771,1.306,8476.50000000,1778529599999,11008.38450000,89,2609.60000000,3383.61265000,0
2026-05-11 20:00:00,1.3169,1.3169,1.2863,1.2898,696.30000000,1778543999999,904.86631000,33,280.70000000,366.72575000,0
2026-05-12 00:00:00,1.2864,1.315,1.2689,1.2864,1800.10000000,1778558399999,2322.62993000,60,587.50000000,761.99345000,0
2026-05-12 04:00:00,1.2842,1.3073,1.2722,1.2766,8375.60000000,1778572799999,10732.17538000,49,2812.60000000,3627.85914000,0
2026-05-12 08:00:00,1.2714,1.281,1.2316,1.2459,10727.60000000,1778587199999,13515.41024000,70,6850.60000000,8653.20035000,0
2026-05-12 12:00:00,1.2349,1.2771,1.2157,1.2277,28224.30000000,1778601599999,35047.24254000,142,16104.00000000,20058.14159000,0
2026-05-12 16:00:00,1.224,1.2719,1.224,1.2568,18237.00000000,1778615999999,22869.43297000,75,16362.90000000,20494.79655000,0
2026-05-12 20:00:00,1.2568,1.2568,1.2375,1.2375,5276.00000000,1778630399999,6562.14470000,33,2147.70000000,2688.56528000,0
2026-05-13 00:00:00,1.2346,1.2566,1.2346,1.2522,4320.50000000,1778644799999,5378.44942000,31,1430.10000000,1783.89242000,0
2026-05-13 04:00:00,1.2522,1.2649,1.2246,1.2502,7173.60000000,1778659199999,8948.55005000,56,4375.10000000,5471.07790000,0
2026-05-13 08:00:00,1.2419,1.2522,1.227,1.2274,5614.60000000,1778673599999,6924.15813000,37,3932.80000000,4846.68814000,0
2026-05-13 12:00:00,1.229,1.2312,1.1797,1.1918,5390.00000000,1778687999999,6505.59408000,91,825.60000000,1006.45198000,0
2026-05-13 16:00:00,1.1941,1.2277,1.1927,1.2059,7501.90000000,1778702399999,9147.93648000,39,7315.30000000,8922.54708000,0
2026-05-13 20:00:00,1.2037,1.2103,1.1953,1.2103,1549.50000000,1778716799999,1863.74303000,18,1188.40000000,1428.40080000,0
2026-05-14 00:00:00,1.213,1.2174,1.1953,1.1953,9904.70000000,1778731199999,11883.17747000,44,6264.90000000,7509.23440000,0
2026-05-14 04:00:00,1.2059,1.2256,1.19,1.19,8988.60000000,1778745599999,10820.17870000,54,1668.50000000,2002.89491000,0
2026-05-14 08:00:00,1.19,1.2073,1.1881,1.1918,2369.10000000,1778759999999,2828.13207000,20,1386.00000000,1657.63927000,0
2026-05-14 12:00:00,1.1918,1.2277,1.1918,1.2174,4690.80000000,1778774399999,5699.59561000,50,4554.20000000,5533.85415000,0
2026-05-14 16:00:00,1.2149,1.224,1.1977,1.2065,17356.10000000,1778788799999,21000.46160000,67,13226.40000000,15993.96749000,0
2026-05-14 20:00:00,1.2024,1.2029,1.1881,1.1922,15633.50000000,1778803199999,18641.18756000,53,10605.50000000,12653.36674000,0
2026-05-15 00:00:00,1.194,1.1979,1.1734,1.1781,3258.30000000,1778817599999,3867.27290000,50,2178.60000000,2588.22676000,0
2026-05-15 04:00:00,1.1799,1.1799,1.1485,1.1539,8274.20000000,1778831999999,9627.67528000,71,4821.10000000,5633.62494000,0
2026-05-15 08:00:00,1.1504,1.1504,1.1302,1.1302,4857.50000000,1778846399999,5532.73366000,65,323.10000000,366.41945000,0
2026-05-15 12:00:00,1.1318,1.1318,1.082,1.0884,148542.10000000,1778860799999,163027.10042000,543,64712.90000000,70469.22260000,0
2026-05-15 16:00:00,1.0844,1.1077,1.0844,1.1025,18366.30000000,1778875199999,20196.95362000,85,12600.50000000,13836.23585000,0
2026-05-15 20:00:00,1.1004,1.1004,1.0952,1.1003,6675.20000000,1778889599999,7317.95625000,23,2582.40000000,2831.97989000,0
2026-05-16 00:00:00,1.1003,1.1059,1.0862,1.0933,14847.40000000,1778903999999,16270.61634000,52,8882.10000000,9692.46844000,0
2026-05-16 04:00:00,1.0891,1.0891,1.0538,1.0722,27719.30000000,1778918399999,29569.61501000,167,15482.20000000,16498.03609000,0
2026-05-16 08:00:00,1.0696,1.0696,1.0376,1.0456,13300.40000000,1778932799999,13978.10294000,120,2908.30000000,3052.33189000,0
2026-05-16 12:00:00,1.0486,1.0706,1.0458,1.0706,1476.90000000,1778947199999,1572.23437000,17,1476.90000000,1572.23437000,0
2026-05-16 16:00:00,1.0635,1.0659,1.0635,1.0659,4178.20000000,1778961599999,4444.73105000,16,904.90000000,962.60730000,0
2026-05-16 20:00:00,1.065,1.0706,1.065,1.0689,1454.90000000,1778975999999,1554.92311000,9,522.60000000,558.15504000,0
2026-05-17 00:00:00,1.0602,1.0602,1.0481,1.059,5050.30000000,1778990399999,5326.21640000,21,203.30000000,213.58007000,0
2026-05-17 04:00:00,1.059,1.0813,1.0589,1.0716,13657.70000000,1779004799999,14591.86514000,79,824.20000000,879.61496000,0
2026-05-17 08:00:00,1.071,1.0881,1.0693,1.0706,6883.90000000,1779019199999,7458.62719000,34,5729.00000000,6209.10226000,0
2026-05-17 12:00:00,1.0725,1.0742,1.0589,1.065,216.90000000,1779033599999,231.50483000,22,140.50000000,150.27424000,0
2026-05-17 16:00:00,1.0664,1.0716,1.0572,1.0716,757.40000000,1779047999999,805.14457000,30,296.20000000,315.46662000,0
2026-05-17 20:00:00,1.0754,1.0754,1.0147,1.0447,12861.90000000,1779062399999,13177.28817000,148,228.30000000,241.98652000,0
2026-05-18 00:00:00,1.0343,1.0543,1.0343,1.044,1672.40000000,1779076799999,1743.92531000,37,1003.10000000,1046.63314000,0
2026-05-18 04:00:00,1.0467,1.0472,1.0268,1.0282,5577.90000000,1779091199999,5803.88034000,27,2988.80000000,3128.07830000,0
2026-05-18 08:00:00,1.0382,1.0501,1.028,1.0445,3453.10000000,1779105599999,3565.15218000,38,1656.30000000,1711.44471000,0
2026-05-18 12:00:00,1.0514,1.0602,1.0244,1.0343,1387.40000000,1779119999999,1456.59568000,61,1127.90000000,1187.75800000,0
2026-05-18 16:00:00,1.0322,1.0521,1.028,1.0521,9757.20000000,1779134399999,10121.39131000,47,2313.40000000,2421.27093000,0
2026-05-18 20:00:00,1.0528,1.0653,1.0528,1.0628,511.00000000,1779148799999,541.50384000,18,450.20000000,477.21013000,0
2026-05-19 00:00:00,1.0691,1.0716,1.0511,1.063,1623.30000000,1779163199999,1711.41751000,32,447.80000000,475.55299000,0
2026-05-19 04:00:00,1.0653,1.1003,1.0575,1.0908,3037.20000000,1779177599999,3275.19059000,67,2142.70000000,2315.71073000,0
2026-05-19 08:00:00,1.0844,1.0844,1.0559,1.0559,830.90000000,1779191999999,886.93731000,43,212.60000000,228.04402000,0
2026-05-19 12:00:00,1.0626,1.0816,1.0479,1.059,2231.30000000,1779206399999,2385.29934000,65,391.00000000,418.96741000,0
2026-05-19 16:00:00,1.0653,1.0664,1.0558,1.0589,502.90000000,1779220799999,534.46742000,18,318.80000000,339.55115000,0
2026-05-19 20:00:00,1.0642,1.0653,1.0491,1.0539,446.30000000,1779235199999,471.20872000,14,271.40000000,287.25267000,0
2026-05-20 00:00:00,1.0491,1.0491,1.0294,1.0404,9699.40000000,1779249599999,10051.23305000,79,5236.40000000,5430.24556000,0
2026-05-20 04:00:00,1.0385,1.062,1.0343,1.062,4463.80000000,1779263999999,4649.55269000,35,4267.40000000,4442.79422000,0
2026-05-20 08:00:00,1.0528,1.0644,1.0488,1.0488,167.30000000,1779278399999,176.57182000,14,47.90000000,50.82773000,0
2026-05-20 12:00:00,1.059,1.0794,1.0383,1.0745,7802.00000000,1779292799999,8333.93321000,65,2612.30000000,2795.52950000,0
2026-05-20 16:00:00,1.0745,1.0816,1.0653,1.077,12086.50000000,1779307199999,12988.47046000,51,10340.60000000,11115.27338000,0
2026-05-20 20:00:00,1.069,1.078,1.0653,1.078,399.50000000,1779321599999,427.73042000,22,236.50000000,253.49724000,0
2026-05-21 00:00:00,1.08,1.1436,1.08,1.1436,64797.50000000,1779335999999,72790.92966000,228,32204.00000000,36251.15984000,0
2026-05-21 04:00:00,1.1449,1.1483,1.1009,1.1124,11988.90000000,1779350399999,13462.56090000,97,1961.40000000,2212.18823000,0
2026-05-21 08:00:00,1.1169,1.1325,1.088,1.0885,10166.60000000,1779364799999,11098.17226000,71,4360.30000000,4752.74248000,0
2026-05-21 12:00:00,1.0886,1.1262,1.0797,1.1092,23248.00000000,1779379199999,25619.17288000,123,10508.40000000,11568.39029000,0
2026-05-21 16:00:00,1.1138,1.164,1.1087,1.1436,12915.30000000,1779393599999,14571.94549000,74,11474.80000000,12929.90076000,0
2026-05-21 20:00:00,1.1504,1.1504,1.1103,1.125,6875.60000000,1779407999999,7732.45748000,62,277.50000000,313.56506000,0
2026-05-22 00:00:00,1.1261,1.1261,1.0888,1.1112,17144.70000000,1779422399999,18946.01676000,114,9638.50000000,10659.00534000,0
2026-05-22 04:00:00,1.1135,1.1235,1.0952,1.1026,9982.30000000,1779436799999,11070.33966000,79,6842.80000000,7591.74285000,0
2026-05-22 08:00:00,1.1094,1.1262,1.0971,1.1103,6733.70000000,1779451199999,7471.83685000,63,3160.20000000,3507.43578000,0
2026-05-22 12:00:00,1.1095,1.1306,1.0874,1.0958,20183.10000000,1779465599999,22603.63924000,112,14325.70000000,16100.44803000,0
2026-05-22 16:00:00,1.1026,1.1026,1.0528,1.0576,24967.40000000,1779479999999,26810.04883000,188,14472.60000000,15457.27433000,0
2026-05-22 20:00:00,1.059,1.0653,1.0423,1.0492,8000.10000000,1779494399999,8453.62836000,77,6578.60000000,6953.98888000,0
2026-05-23 00:00:00,1.0464,1.0492,1.0362,1.0446,10807.60000000,1779508799999,11246.26939000,50,71.70000000,75.01575000,0
2026-05-23 04:00:00,1.0413,1.0413,0.9851,0.9915,7162.60000000,1779523199999,7302.40146000,150,190.10000000,190.73573000,0
2026-05-23 08:00:00,0.998,1.0067,0.998,1.0067,2342.30000000,1779537599999,2349.68256000,25,1093.70000000,1094.30064000,0
2026-05-23 12:00:00,1.0035,1.0465,1.0035,1.0397,20533.20000000,1779551999999,21116.85331000,77,18215.10000000,18733.09485000,0
2026-05-23 16:00:00,1.0369,1.0589,1.0362,1.0569,8489.90000000,1779566399999,8943.22360000,67,3540.70000000,3721.73002000,0
2026-05-23 20:00:00,1.0556,1.1012,1.0511,1.0654,20997.80000000,1779580799999,22775.26349000,123,9487.80000000,10304.83623000,0
2026-05-24 00:00:00,1.0665,1.0704,1.0588,1.0588,636.20000000,1779595199999,679.81721000,7,468.30000000,501.25885000,0
2026-05-24 04:00:00,1.0673,1.0674,1.0557,1.0651,3955.70000000,1779609599999,4195.36329000,22,2848.70000000,3016.62779000,0
2026-05-24 08:00:00,1.0598,1.0689,1.0598,1.0663,4464.40000000,1779623999999,4754.13310000,15,3877.00000000,4128.75984000,0
2026-05-24 12:00:00,1.0557,1.0586,1.033,1.0458,4026.50000000,1779638399999,4221.44860000,68,1959.40000000,2054.99080000,0
2026-05-24 16:00:00,1.046,1.0492,1.0376,1.0388,9241.30000000,1779652799999,9628.92278000,37,2653.50000000,2764.19942000,0
2026-05-24 20:00:00,1.0362,1.0362,1.0049,1.0362,14024.50000000,1779667199999,14340.74778000,144,2052.30000000,2116.61340000,0
2026-05-25 00:00:00,1.0345,1.0372,1.0211,1.0211,61.10000000,1779681599999,62.94412000,11,32.10000000,33.20822000,0
2026-05-25 04:00:00,1.0273,1.0492,1.0273,1.0362,2712.70000000,1779695999999,2826.96093000,40,2387.20000000,2487.85697000,0
2026-05-25 08:00:00,1.0376,1.0492,1.0375,1.046,1247.30000000,1779710399999,1300.07769000,14,1173.50000000,1223.47020000,0
2026-05-25 12:00:00,1.0492,1.0589,1.0458,1.0523,9385.70000000,1779724799999,9837.40912000,56,3833.10000000,4014.13352000,0
2026-05-25 16:00:00,1.0505,1.062,1.0488,1.0488,889.30000000,1779739199999,940.69185000,30,861.10000000,911.09994000,0
2026-05-25 20:00:00,1.0586,1.0586,1.0353,1.0441,1563.60000000,1779753599999,1630.61089000,27,981.20000000,1023.96969000,0
2026-05-26 00:00:00,1.0435,1.0435,1.0179,1.0227,11072.40000000,1779767999999,11339.83482000,74,6268.20000000,6412.47472000,0
2026-05-26 04:00:00,1.0273,1.046,1.0273,1.0335,1225.20000000,1779782399999,1267.69712000,32,809.50000000,837.04751000,0
2026-05-26 08:00:00,1.0362,1.0523,1.0298,1.0467,5668.10000000,1779796799999,5894.25246000,21,5430.70000000,5646.62387000,0
2026-05-26 12:00:00,1.0427,1.053,1.0211,1.0273,3396.70000000,1779811199999,3489.77856000,45,2055.90000000,2108.31600000,0
2026-05-26 16:00:00,1.0211,1.0234,1.004,1.0084,5449.30000000,1779825599999,5497.40680000,61,51.00000000,51.77033000,0
2026-05-26 20:00:00,1.0086,1.0086,0.9998,1.0061,5263.60000000,1779839999999,5288.32936000,39,4022.50000000,4039.12446000,0
2026-05-27 00:00:00,1.0057,1.0131,0.9968,1.003,7459.10000000,1779854399999,7486.95697000,28,754.70000000,756.86539000,0
2026-05-27 04:00:00,1.0006,1.0074,0.9865,1.0074,1388.00000000,1779868799999,1372.37151000,22,148.60000000,149.05202000,0
2026-05-27 08:00:00,0.9984,0.9985,0.9934,0.9953,55.70000000,1779883199999,55.47936000,7,30.00000000,29.90700000,0
2026-05-27 12:00:00,1.0028,1.0147,0.9868,1.0028,1582.10000000,1779897599999,1584.15722000,60,266.30000000,266.65961000,0
2026-05-27 16:00:00,1.0062,1.0062,0.972,0.9837,9969.60000000,1779911999999,9738.50755000,70,2723.50000000,2661.20789000,0
2026-05-27 20:00:00,0.9809,0.9874,0.9575,0.9616,4947.60000000,1779926399999,4762.67064000,53,1393.00000000,1341.73890000,0
2026-05-28 00:00:00,0.9574,0.9574,0.922,0.922,3841.30000000,1779940799999,3609.78838000,73,1776.20000000,1667.36163000,0
2026-05-28 04:00:00,0.92,0.9241,0.9099,0.9156,7198.20000000,1779955199999,6634.11480000,49,2656.90000000,2443.49034000,0
2026-05-28 08:00:00,0.9193,0.9193,0.9169,0.9175,666.90000000,1779969599999,611.96277000,5,109.00000000,99.94210000,0
2026-05-28 12:00:00,0.9124,0.9217,0.9075,0.9217,3931.60000000,1779983999999,3581.17112000,24,1419.20000000,1295.47152000,0
2026-05-28 16:00:00,0.9293,0.9432,0.9293,0.9369,9492.70000000,1779998399999,8891.44806000,42,6189.20000000,5793.47003000,0
2026-05-28 20:00:00,0.9248,0.9369,0.9248,0.9313,2225.50000000,1780012799999,2071.75333000,17,2187.00000000,2035.98841000,0
2026-05-29 00:00:00,0.9321,0.9324,0.9215,0.9215,10532.50000000,1780027199999,9797.49929000,33,9551.30000000,8891.89652000,0
2026-05-29 04:00:00,0.9213,0.9315,0.9213,0.9252,118.00000000,1780041599999,108.76472000,6,113.90000000,104.97190000,0
2026-05-29 08:00:00,0.9239,0.9262,0.8996,0.9073,5271.10000000,1780055999999,4792.10014000,45,519.60000000,478.50207000,0
2026-05-29 12:00:00,0.9062,0.9374,0.8941,0.9208,9219.70000000,1780070399999,8405.58817000,67,6968.30000000,6376.74437000,0
2026-05-29 16:00:00,0.9195,0.9271,0.8963,0.9053,7275.00000000,1780084799999,6699.91343000,54,1196.20000000,1104.27673000,0
2026-05-29 20:00:00,0.9063,0.9064,0.896,0.9043,1470.30000000,1780099199999,1326.45661000,29,260.90000000,236.21623000,0
2026-05-30 00:00:00,0.9097,0.9188,0.9053,0.9078,11420.30000000,1780113599999,10416.95901000,46,9221.80000000,8411.33599000,0
2026-05-30 04:00:00,0.9049,0.906,0.8952,0.9014,18246.80000000,1780127999999,16421.85139000,58,423.60000000,381.18579000,0
2026-05-30 08:00:00,0.8999,0.9007,0.8963,0.8963,90.90000000,1780142399999,81.71845000,8,24.90000000,22.41579000,0
2026-05-30 12:00:00,0.9002,0.9143,0.8988,0.91,348.20000000,1780156799999,315.45745000,70,313.50000000,283.98039000,0
2026-05-30 16:00:00,0.9143,0.9143,0.9053,0.9097,195.60000000,1780171199999,177.90847000,24,43.30000000,39.51085000,0
2026-05-30 20:00:00,0.9125,0.9157,0.9036,0.9052,1843.10000000,1780185599999,1676.68325000,30,481.60000000,438.03415000,0
2026-05-31 00:00:00,0.9097,0.9233,0.909,0.9143,11598.00000000,1780199999999,10645.40319000,59,5610.50000000,5152.91006000,0
2026-05-31 04:00:00,0.9188,0.9211,0.9053,0.9053,110.30000000,1780214399999,100.88326000,13,60.90000000,55.96314000,0
2026-05-31 08:00:00,0.9043,0.9053,0.9008,0.9053,126.00000000,1780228799999,113.91327000,12,92.90000000,84.03663000,0
2026-05-31 12:00:00,0.9008,0.9053,0.851,0.8788,11285.20000000,1780243199999,9865.25633000,128,7678.10000000,6704.99614000,0
2026-05-31 16:00:00,0.8788,0.8801,0.87,0.8742,4484.40000000,1780257599999,3908.85799000,37,2488.40000000,2168.89630000,0
2026-05-31 20:00:00,0.8788,0.9023,0.8788,0.8917,3613.50000000,1780271999999,3186.74010000,46,2124.70000000,1876.96996000,0
2026-06-01 00:00:00,0.8963,0.9018,0.8821,0.8999,5394.50000000,1780286399999,4853.75263000,48,4675.70000000,4213.21338000,0
2026-06-01 04:00:00,0.9023,0.9023,0.8738,0.8755,3498.50000000,1780300799999,3093.30928000,101,1920.90000000,1699.97513000,0
2026-06-01 08:00:00,0.8746,0.8842,0.8723,0.8745,1669.00000000,1780315199999,1466.35872000,133,734.00000000,645.41360000,0
2026-06-01 12:00:00,0.8788,0.8819,0.8582,0.8637,25723.00000000,1780329599999,22330.97736000,278,17584.60000000,15299.93044000,0
2026-06-01 16:00:00,0.8637,0.8867,0.8593,0.8796,5386.80000000,1780343999999,4730.67349000,205,2123.10000000,1863.59157000,0
2026-06-01 20:00:00,0.8789,0.8832,0.8659,0.8768,10679.60000000,1780358399999,9367.83965000,194,6099.60000000,5347.63344000,0
2026-06-02 00:00:00,0.8804,0.8804,0.8531,0.8758,3441.80000000,1780372799999,2986.92913000,183,1179.20000000,1027.03591000,0
2026-06-02 04:00:00,0.876,0.8779,0.8473,0.8536,7151.70000000,1780387199999,6121.75172000,277,1481.20000000,1272.68583000,0
2026-06-02 08:00:00,0.852,0.8537,0.8372,0.8476,4110.60000000,1780401599999,3467.55584000,213,1082.20000000,915.45953000,0
2026-06-02 12:00:00,0.8459,0.8541,0.812,0.8234,8790.20000000,1780415999999,7318.73882000,356,4531.20000000,3790.63344000,0
2026-06-02 16:00:00,0.8208,0.8405,0.8099,0.8276,23631.00000000,1780430399999,19574.50390000,288,5763.30000000,4780.25061000,0
2026-06-02 20:00:00,0.8247,0.8363,0.7945,0.8087,15844.00000000,1780444799999,12764.01671000,327,3309.50000000,2694.03965000,0
2026-06-03 00:00:00,0.8098,0.8208,0.7931,0.7969,10369.30000000,1780459199999,8384.93980000,213,2886.30000000,2349.47350000,0
2026-06-03 04:00:00,0.7979,0.8418,0.7979,0.8364,4440.30000000,1780473599999,3650.84809000,220,3453.60000000,2836.11874000,0
2026-06-03 08:00:00,0.837,0.8405,0.8278,0.8299,2634.80000000,1780487999999,2194.82822000,159,1553.10000000,1294.19666000,0
2026-06-03 12:00:00,0.8284,0.8374,0.82,0.8266,9393.10000000,1780502399999,7831.36131000,186,5323.90000000,4436.06080000,0
2026-06-03 16:00:00,0.8241,0.8322,0.8091,0.8144,9118.10000000,1780516799999,7506.02611000,231,3836.70000000,3168.21627000,0
2026-06-03 20:00:00,0.812,0.8442,0.8018,0.8249,8032.80000000,1780531199999,6564.66409000,271,5975.60000000,4880.52792000,0
2026-06-04 00:00:00,0.83,0.8306,0.7521,0.8143,21789.70000000,1780545599999,17303.40244000,395,8450.60000000,6750.64177000,0
2026-06-04 04:00:00,0.8142,0.82,0.785,0.785,8387.20000000,1780559999999,6741.09778000,196,3615.30000000,2910.28358000,0
2026-06-04 08:00:00,0.7861,0.7897,0.7597,0.7661,14234.30000000,1780574399999,10943.15270000,120,7353.30000000,5644.20867000,0
2026-06-04 12:00:00,0.7695,0.8049,0.7626,0.7924,11738.60000000,1780588799999,9127.07537000,113,3288.10000000,2533.47264000,0
2026-06-04 16:00:00,0.7906,0.7922,0.774,0.78,25484.60000000,1780603199999,19950.02041000,125,7579.10000000,5923.30842000,0
2026-06-04 20:00:00,0.7788,0.7827,0.7586,0.7681,13103.60000000,1780617599999,10035.88651000,109,1188.80000000,915.85265000,0
2026-06-05 00:00:00,0.7634,0.7686,0.7317,0.7345,22873.70000000,1780631999999,17094.05144000,157,4706.10000000,3517.30386000,0
2026-06-05 04:00:00,0.729,0.7477,0.6878,0.7128,231699.00000000,1780646399999,162380.13780000,249,2640.20000000,1930.64635000,0
2026-06-05 08:00:00,0.7088,0.7219,0.6975,0.7107,5603.70000000,1780660799999,3959.28437000,42,4694.90000000,3321.29772000,0
2026-06-05 12:00:00,0.7071,0.7253,0.6916,0.6964,16127.00000000,1780675199999,11278.95364000,96,9015.70000000,6291.55414000,0
2026-06-05 16:00:00,0.6894,0.721,0.6722,0.6978,12121.60000000,1780689599999,8377.33364000,96,7841.40000000,5391.09867000,0
2026-06-05 20:00:00,0.6965,0.7189,0.6942,0.7023,7580.00000000,1780703999999,5369.77135000,77,5541.20000000,3923.73249000,0
2026-06-06 00:00:00,0.7036,0.7299,0.6942,0.6942,16702.00000000,1780718399999,12038.36656000,72,9410.00000000,6794.59310000,0
2026-06-06 04:00:00,0.6887,0.7074,0.6633,0.7036,8428.40000000,1780732799999,5836.83510000,67,4926.80000000,3410.27910000,0
2026-06-06 08:00:00,0.7,0.718,0.6884,0.7036,4248.40000000,1780747199999,2994.78976000,48,2367.70000000,1686.08020000,0
2026-06-06 12:00:00,0.7037,0.7268,0.7,0.718,4075.50000000,1780761599999,2909.47605000,50,2434.40000000,1726.18280000,0
2026-06-06 16:00:00,0.7144,0.718,0.7036,0.7071,1733.70000000,1780775999999,1236.01980000,39,860.30000000,613.97807000,0
2026-06-06 20:00:00,0.7036,0.718,0.7036,0.718,5378.30000000,1780790399999,3806.31269000,23,4021.00000000,2847.63931000,0
2026-06-07 00:00:00,0.721,0.7558,0.7194,0.7515,17491.90000000,1780804799999,13064.04827000,118,17309.10000000,12927.76215000,0
2026-06-07 04:00:00,0.7538,0.7576,0.7439,0.7508,5852.10000000,1780819199999,4401.96018000,44,5433.60000000,4088.76194000,0
2026-06-07 08:00:00,0.75,0.7634,0.7474,0.7515,4206.90000000,1780833599999,3181.88603000,70,1974.20000000,1487.86622000,0
2026-06-07 12:00:00,0.75,0.7558,0.7317,0.7439,2244.30000000,1780847999999,1676.64990000,87,1959.10000000,1464.73973000,0
2026-06-07 16:00:00,0.7436,0.7515,0.729,0.7327,2360.70000000,1780862399999,1752.37851000,26,2074.80000000,1542.11465000,0
2026-06-07 20:00:00,0.729,0.7787,0.729,0.7576,3274.50000000,1780876799999,2484.87593000,136,2734.20000000,2074.82736000,0
2026-06-08 00:00:00,0.7581,0.7662,0.7484,0.7502,4416.90000000,1780891199999,3340.45882000,57,3092.50000000,2343.26914000,0
2026-06-08 04:00:00,0.7477,0.7592,0.729,0.7592,2547.10000000,1780905599999,1914.15489000,58,2277.80000000,1715.47323000,0
2026-06-08 08:00:00,0.7553,0.7634,0.7477,0.7584,847.20000000,1780919999999,638.59233000,57,255.50000000,193.33311000,0
2026-06-08 12:00:00,0.7611,0.773,0.7515,0.7614,1981.60000000,1780934399999,1513.86465000,71,1518.70000000,1162.21291000,0
2026-06-08 16:00:00,0.7653,0.7692,0.7576,0.7586,9113.30000000,1780948799999,6995.14447000,46,8078.20000000,6205.62665000,0
2026-06-08 20:00:00,0.7586,0.7681,0.7532,0.7541,54356.50000000,1780963199999,41087.40316000,78,254.70000000,194.03764000,0
2026-06-09 00:00:00,0.7571,0.7571,0.7299,0.7439,58203.90000000,1780977599999,43333.29874000,123,27078.20000000,20134.57039000,0
2026-06-09 04:00:00,0.7477,0.7614,0.7477,0.7564,6459.10000000,1780991999999,4875.92642000,46,2893.00000000,2181.21430000,0
2026-06-09 08:00:00,0.7515,0.7543,0.7422,0.7543,4924.50000000,1781006399999,3691.91912000,30,4735.90000000,3550.87818000,0
2026-06-09 12:00:00,0.7553,0.7592,0.7354,0.7354,6740.70000000,1781020799999,5088.13447000,65,4052.90000000,3057.59728000,0
2026-06-09 16:00:00,0.7327,0.7558,0.7317,0.7539,4263.10000000,1781035199999,3166.00715000,56,2146.70000000,1609.29853000,0
2026-06-09 20:00:00,0.7553,0.7592,0.7477,0.7477,932.00000000,1781049599999,703.68482000,30,202.90000000,153.45641000,0
2026-06-10 00:00:00,0.7515,0.7553,0.74,0.7446,967.50000000,1781063999999,718.84138000,25,787.60000000,584.64894000,0
2026-06-10 04:00:00,0.745,0.7515,0.7364,0.7515,175.70000000,1781078399999,130.51003000,16,103.80000000,77.42601000,0
2026-06-10 08:00:00,0.7477,0.7477,0.7327,0.7364,10045.20000000,1781092799999,7453.84485000,48,3988.10000000,2960.53014000,0
2026-06-10 12:00:00,0.7391,0.7603,0.7364,0.7553,5481.80000000,1781107199999,4090.73131000,85,3180.30000000,2370.43458000,0
2026-06-10 16:00:00,0.7539,0.7576,0.7317,0.7341,622.80000000,1781121599999,462.30808000,41,125.90000000,93.97561000,0
2026-06-10 20:00:00,0.7314,0.7364,0.7156,0.7253,3581.90000000,1781135999999,2587.69949000,41,130.50000000,94.90868000,0
2026-06-11 00:00:00,0.729,0.7592,0.729,0.7592,2627.40000000,1781150399999,1956.79668000,49,2518.60000000,1876.94006000,0
2026-06-11 04:00:00,0.7553,0.7576,0.7477,0.7484,2945.20000000,1781164799999,2210.55696000,26,1455.30000000,1095.29400000,0
2026-06-11 08:00:00,0.7515,0.7553,0.747,0.7545,1372.60000000,1781179199999,1033.23921000,15,605.40000000,454.56086000,0
2026-06-11 12:00:00,0.7538,0.7538,0.7439,0.7515,1845.40000000,1781193599999,1376.84786000,18,1752.50000000,1307.50512000,0
2026-06-11 16:00:00,0.7477,0.7692,0.7446,0.7638,815.10000000,1781207999999,619.01761000,44,390.10000000,296.20861000,0
2026-06-11 20:00:00,0.7637,0.7653,0.7553,0.7553,54797.90000000,1781222399999,41834.84728000,34,52936.50000000,40427.06464000,0
2026-06-12 00:00:00,0.7539,0.7597,0.7484,0.7587,2931.50000000,1781236799999,2220.20303000,26,1644.30000000,1247.59424000,0
2026-06-12 04:00:00,0.7567,0.7576,0.7461,0.751,929.20000000,1781251199999,700.65571000,24,203.00000000,153.24943000,0
2026-06-12 08:00:00,0.7538,0.7618,0.7538,0.7576,289.40000000,1781265599999,219.33733000,26,223.90000000,169.76822000,0
2026-06-12 12:00:00,0.7576,0.7695,0.7477,0.7477,4354.40000000,1781279999999,3305.91833000,72,3831.90000000,2911.65446000,0
2026-06-12 16:00:00,0.7461,0.7586,0.7461,0.7493,2013.60000000,1781294399999,1511.48113000,31,145.20000000,109.60419000,0
2026-06-12 20:00:00,0.7484,0.7511,0.7477,0.7511,833.00000000,1781308799999,625.28445000,8,730.60000000,548.65391000,0
2026-06-13 00:00:00,0.7511,0.7579,0.749,0.7513,2525.80000000,1781323199999,1905.77467000,19,2016.60000000,1523.05620000,0
2026-06-13 04:00:00,0.7516,0.7642,0.7482,0.7642,245.60000000,1781337599999,185.60816000,16,237.70000000,179.69738000,0
2026-06-13 08:00:00,0.7653,0.7695,0.7653,0.7653,1405.00000000,1781351999999,1079.44019000,18,1273.80000000,978.78439000,0
2026-06-13 12:00:00,0.7692,0.7748,0.7669,0.7746,755.70000000,1781366399999,583.38912000,28,534.30000000,413.19572000,0
2026-06-13 16:00:00,0.7708,0.7708,0.7642,0.7669,1478.70000000,1781380799999,1134.10224000,25,1365.20000000,1046.91687000,0
2026-06-13 20:00:00,0.7653,0.7734,0.7631,0.7669,3269.70000000,1781395199999,2515.24479000,26,2862.00000000,2203.91492000,0
2026-06-14 00:00:00,0.7653,0.7695,0.7642,0.7686,384.30000000,1781409599999,295.29093000,10,200.90000000,154.37351000,0
2026-06-14 04:00:00,0.7653,0.7653,0.7576,0.7576,550.20000000,1781423999999,418.59134000,19,83.20000000,63.60808000,0
2026-06-14 08:00:00,0.759,0.7617,0.7559,0.7581,719.80000000,1781438399999,546.63853000,15,245.40000000,186.60637000,0
2026-06-14 12:00:00,0.7576,0.7576,0.7461,0.7487,1042.90000000,1781452799999,781.67377000,33,109.90000000,82.78420000,0
2026-06-14 16:00:00,0.7506,0.7515,0.7477,0.7515,99.10000000,1781467199999,74.42659000,5,90.20000000,67.77206000,0
2026-06-14 20:00:00,0.7538,0.8028,0.7538,0.8024,6796.80000000,1781481599999,5267.47443000,146,5492.30000000,4248.05209000,0
2026-06-15 00:00:00,0.7987,0.7987,0.7857,0.7987,545.50000000,1781495999999,432.65577000,42,246.70000000,196.30704000,0
2026-06-15 04:00:00,0.7947,0.8044,0.7947,0.7947,2488.10000000,1781510399999,1992.12212000,27,79.10000000,63.38679000,0
2026-06-15 08:00:00,0.7952,0.8151,0.7906,0.8079,3844.70000000,1781524799999,3092.40539000,84,3729.20000000,3000.11622000,0
2026-06-15 12:00:00,0.8109,0.8277,0.8109,0.8251,6687.30000000,1781539199999,5480.83081000,83,1779.90000000,1453.08617000,0
2026-06-15 16:00:00,0.8213,0.8264,0.7967,0.8028,2136.30000000,1781553599999,1729.11610000,63,708.30000000,579.99318000,0
2026-06-15 20:00:00,0.8038,0.8051,0.7888,0.7888,4423.90000000,1781567999999,3535.09253000,49,746.40000000,596.29556000,0
2026-06-16 00:00:00,0.7947,0.7951,0.7778,0.7875,1068.60000000,1781582399999,838.02082000,44,456.60000000,358.83294000,0
2026-06-16 04:00:00,0.7888,0.792,0.7809,0.792,977.70000000,1781596799999,766.00539000,28,243.20000000,191.75510000,0
2026-06-16 08:00:00,0.7924,0.809,0.7924,0.7924,1539.20000000,1781611199999,1236.56673000,59,1077.60000000,867.77802000,0
2026-06-16 12:00:00,0.7968,0.8028,0.7729,0.7838,1246.00000000,1781625599999,981.52072000,97,434.40000000,344.06183000,0
2026-06-16 16:00:00,0.7831,0.7981,0.7831,0.7931,659.20000000,1781639999999,522.36531000,36,513.40000000,407.33019000,0
2026-06-16 20:00:00,0.7947,0.8062,0.7947,0.7967,4940.30000000,1781654399999,3950.74609000,43,4652.10000000,3721.05777000,0
2026-06-17 00:00:00,0.7977,0.8174,0.7977,0.8065,2691.30000000,1781668799999,2166.58481000,55,2525.30000000,2032.20979000,0
2026-06-17 04:00:00,0.8062,0.8124,0.7974,0.7974,602.50000000,1781683199999,484.78857000,32,305.90000000,246.92613000,0
2026-06-17 08:00:00,0.7971,0.7971,0.7848,0.7848,21097.60000000,1781697599999,16696.98309000,63,5908.00000000,4684.70716000,0
2026-06-17 12:00:00,0.7888,0.8049,0.7826,0.8049,3160.20000000,1781711999999,2512.25293000,68,2969.40000000,2362.62783000,0
2026-06-17 16:00:00,0.8062,0.809,0.7719,0.773,2625.80000000,1781726399999,2080.87240000,172,1324.70000000,1055.62422000,0
2026-06-17 20:00:00,0.773,0.7796,0.7586,0.7681,6866.10000000,1781740799999,5287.37891000,87,3086.40000000,2377.41669000,0
2026-06-18 00:00:00,0.7687,0.7716,0.7592,0.7614,2398.80000000,1781755199999,1844.25255000,45,1944.20000000,1495.60114000,0
2026-06-18 04:00:00,0.76,0.76,0.74,0.753,2115.80000000,1781769599999,1584.91946000,85,596.70000000,445.06801000,0
2026-06-18 08:00:00,0.7551,0.7553,0.7461,0.7461,2363.70000000,1781783999999,1772.80481000,21,2246.40000000,1684.88922000,0
2026-06-18 12:00:00,0.7473,0.7522,0.7107,0.7107,3193.40000000,1781798399999,2344.96699000,116,269.70000000,200.19591000,0
2026-06-18 16:00:00,0.7095,0.7216,0.7095,0.7216,5637.20000000,1781812799999,4033.80652000,60,4292.40000000,3067.97492000,0
2026-06-18 20:00:00,0.7234,0.729,0.7198,0.729,3000.90000000,1781827199999,2172.96260000,21,2331.90000000,1689.04184000,0
2026-06-19 00:00:00,0.7301,0.732,0.7128,0.7189,1677.70000000,1781841599999,1210.23339000,54,580.70000000,422.48636000,0
2026-06-19 04:00:00,0.7184,0.7198,0.7079,0.7107,580.50000000,1781855999999,415.40267000,33,121.50000000,86.90544000,0
2026-06-19 08:00:00,0.7117,0.7162,0.7088,0.7104,566.30000000,1781870399999,403.17194000,30,193.90000000,138.27768000,0
2026-06-19 12:00:00,0.711,0.7198,0.7028,0.7131,2601.50000000,1781884799999,1852.71667000,65,296.90000000,212.03722000,0
2026-06-19 16:00:00,0.7148,0.7165,0.7071,0.7107,4887.00000000,1781899199999,3469.08271000,83,877.90000000,623.98774000,0
2026-06-19 20:00:00,0.7087,0.718,0.7087,0.718,5388.80000000,1781913599999,3822.64460000,26,2345.10000000,1665.15797000,0
2026-06-20 00:00:00,0.7165,0.7185,0.7088,0.7099,734.30000000,1781927999999,522.43451000,26,501.40000000,356.96290000,0
2026-06-20 04:00:00,0.7123,0.7211,0.7118,0.7172,1358.40000000,1781942399999,972.92739000,51,891.20000000,637.87859000,0
2026-06-20 08:00:00,0.7171,0.7218,0.7147,0.7182,2234.00000000,1781956799999,1606.49852000,47,1115.00000000,802.73867000,0
2026-06-20 12:00:00,0.719,0.719,0.7,0.7079,3271.00000000,1781971199999,2309.84048000,62,1781.70000000,1258.88104000,0
2026-06-20 16:00:00,0.7088,0.7093,0.7,0.7034,921.50000000,1781985599999,648.04975000,32,625.10000000,439.36916000,0
2026-06-20 20:00:00,0.7067,0.7155,0.7041,0.7137,722.00000000,1781999999999,513.95479000,36,442.60000000,315.10916000,0
2026-06-21 00:00:00,0.7137,0.7137,0.7089,0.7095,255.20000000,1782014399999,181.55261000,24,156.10000000,111.09699000,0
2026-06-21 04:00:00,0.7111,0.7113,0.7048,0.7113,274.00000000,1782028799999,194.43480000,14,54.60000000,38.68099000,0
2026-06-21 08:00:00,0.7071,0.7134,0.7036,0.706,2741.40000000,1782043199999,1939.66529000,25,1361.30000000,964.62817000,0
2026-06-21 12:00:00,0.7053,0.7149,0.7053,0.7149,962.20000000,1782057599999,683.92018000,34,865.30000000,615.06446000,0
2026-06-21 16:00:00,0.7107,0.7133,0.7058,0.7131,667.90000000,1782071999999,474.54760000,35,375.80000000,267.26342000,0
2026-06-21 20:00:00,0.7071,0.7071,0.6927,0.6946,2941.80000000,1782086399999,2051.31797000,53,679.10000000,473.33221000,0
2026-06-22 00:00:00,0.6964,0.7134,0.6964,0.7,2788.90000000,1782100799999,1979.61937000,70,1280.80000000,909.26813000,0
2026-06-22 04:00:00,0.6986,0.7123,0.6986,0.7123,388.80000000,1782115199999,274.56629000,18,353.70000000,249.98846000,0
2026-06-22 08:00:00,0.7128,0.7375,0.7087,0.7375,2037.70000000,1782129599999,1470.61928000,81,1199.70000000,869.49729000,0
2026-06-22 12:00:00,0.7392,0.7446,0.7216,0.7233,6117.60000000,1782143999999,4474.54395000,105,3330.50000000,2438.17637000,0
2026-06-22 16:00:00,0.7198,0.7247,0.7123,0.7195,1432.60000000,1782158399999,1031.13339000,69,521.60000000,376.12661000,0
2026-06-22 20:00:00,0.7216,0.729,0.7144,0.7198,1491.10000000,1782172799999,1075.31142000,53,947.70000000,683.84203000,0
2026-06-23 00:00:00,0.7201,0.728,0.7144,0.728,5783.50000000,1782187199999,4158.72735000,65,2447.70000000,1759.40183000,0
2026-06-23 04:00:00,0.7285,0.7288,0.6797,0.6866,7977.60000000,1782201599999,5497.15671000,101,3806.60000000,2619.21000000,0
2026-06-23 08:00:00,0.6862,0.7113,0.6734,0.7113,3943.60000000,1782215999999,2760.19592000,73,1549.20000000,1082.21946000,0
2026-06-23 12:00:00,0.7091,0.7116,0.6986,0.7028,6054.70000000,1782230399999,4275.51936000,64,1239.10000000,870.70900000,0
2026-06-23 16:00:00,0.7036,0.7106,0.6942,0.6986,3004.50000000,1782244799999,2105.36037000,67,2066.80000000,1449.81866000,0
2026-06-23 20:00:00,0.7003,0.7068,0.6977,0.7068,2042.50000000,1782259199999,1434.06077000,39,1367.20000000,960.75933000,0
2026-06-24 00:00:00,0.7038,0.7103,0.6968,0.699,4039.50000000,1782273599999,2833.25741000,45,2449.90000000,1719.60310000,0
2026-06-24 04:00:00,0.6981,0.7087,0.6936,0.7007,10678.20000000,1782287999999,7524.81018000,119,5788.10000000,4079.73914000,0
2026-06-24 08:00:00,0.7025,0.7101,0.6966,0.7028,1311.00000000,1782302399999,920.22735000,34,838.20000000,589.68950000,0
2026-06-24 12:00:00,0.7007,0.7012,0.6734,0.6754,12765.30000000,1782316799999,8748.47846000,132,8886.90000000,6091.85532000,0
2026-06-24 16:00:00,0.6756,0.681,0.6533,0.6735,11217.00000000,1782331199999,7459.35467000,97,6333.30000000,4203.89098000,0
2026-06-24 20:00:00,0.678,0.6903,0.678,0.685,6450.90000000,1782345599999,4403.22923000,28,607.10000000,416.57243000,0
2026-06-25 00:00:00,0.6864,0.6864,0.6779,0.6786,4464.40000000,1782359999999,3035.52698000,26,741.10000000,503.67779000,0
2026-06-25 04:00:00,0.6802,0.7015,0.6802,0.7015,6326.90000000,1782374399999,4387.07877000,51,5530.00000000,3833.45265000,0
2026-06-25 08:00:00,0.6983,0.6983,0.688,0.6894,3212.90000000,1782388799999,2232.11344000,21,2102.80000000,1464.11045000,0
2026-06-25 12:00:00,0.6889,0.699,0.6533,0.678,14648.00000000,1782403199999,9870.75526000,165,6841.00000000,4634.74903000,0
2026-06-25 16:00:00,0.6785,0.6919,0.67,0.6714,628.50000000,1782417599999,428.48374000,33,226.60000000,155.48425000,0
2026-06-25 20:00:00,0.674,0.6828,0.674,0.6828,2075.00000000,1782431999999,1411.47305000,13,1436.50000000,976.53307000,0
2026-06-26 00:00:00,0.6861,0.6882,0.662,0.6795,8242.60000000,1782446399999,5541.74703000,56,6347.80000000,4272.92695000,0
2026-06-26 04:00:00,0.6802,0.6994,0.678,0.6945,415.20000000,1782460799999,286.06204000,23,373.50000000,257.41514000,0
2026-06-26 08:00:00,0.6905,0.6905,0.6734,0.6781,1731.20000000,1782475199999,1192.41108000,27,71.40000000,48.38684000,0
2026-06-26 12:00:00,0.6774,0.6955,0.6683,0.6898,18322.10000000,1782489599999,12611.02250000,148,15040.20000000,10382.21026000,0
2026-06-26 16:00:00,0.6929,0.7035,0.6894,0.6984,7738.30000000,1782503999999,5402.85874000,99,5992.30000000,4186.10910000,0
2026-06-26 20:00:00,0.6975,0.7036,0.6936,0.6979,1733.30000000,1782518399999,1209.89573000,38,995.40000000,695.09261000,0
2026-06-27 00:00:00,0.7012,0.7099,0.6981,0.708,1716.70000000,1782532799999,1210.29578000,35,1321.80000000,932.15284000,0
2026-06-27 04:00:00,0.7087,0.7175,0.7071,0.7094,4489.20000000,1782547199999,3191.23307000,70,1717.50000000,1221.92705000,0
2026-06-27 08:00:00,0.7079,0.7079,0.6959,0.7,5564.10000000,1782561599999,3908.07608000,55,485.70000000,339.60186000,0
2026-06-27 12:00:00,0.701,0.7144,0.701,0.7109,1934.70000000,1782575999999,1368.46122000,44,1389.00000000,982.71087000,0
2026-06-27 16:00:00,0.7096,0.7116,0.6852,0.6881,6773.00000000,1782590399999,4704.06926000,78,3789.30000000,2619.71656000,0
2026-06-27 20:00:00,0.6851,0.6887,0.6793,0.6854,7622.10000000,1782604799999,5222.90393000,62,5270.40000000,3610.25872000,0
2026-06-28 00:00:00,0.6867,0.6869,0.6821,0.6823,774.60000000,1782619199999,531.43117000,8,666.30000000,457.11475000,0
2026-06-28 04:00:00,0.6844,0.6852,0.678,0.6845,11389.60000000,1782633599999,7765.86897000,40,5444.50000000,3709.44927000,0
2026-06-28 08:00:00,0.6862,0.6884,0.6823,0.6871,734.60000000,1782647999999,503.25555000,12,483.30000000,331.14159000,0
2026-06-28 12:00:00,0.6875,0.6905,0.6839,0.6852,4900.20000000,1782662399999,3373.30490000,34,543.90000000,374.19868000,0
2026-06-28 16:00:00,0.6842,0.6842,0.6777,0.6777,793.90000000,1782676799999,540.92010000,15,220.70000000,150.32123000,0
2026-06-28 20:00:00,0.6821,0.6869,0.6712,0.6819,18172.90000000,1782691199999,12326.89150000,76,8855.40000000,5983.13848000,0
2026-06-29 00:00:00,0.6812,0.6919,0.6728,0.6901,12136.80000000,1782705599999,8355.62730000,64,1366.00000000,934.59014000,0
2026-06-29 04:00:00,0.691,0.6955,0.6812,0.6955,1209.10000000,1782719999999,833.02462000,31,845.70000000,582.85860000,0
2026-06-29 08:00:00,0.6903,0.6952,0.6873,0.6893,3777.10000000,1782734399999,2610.05556000,46,3160.60000000,2184.39867000,0
2026-06-29 12:00:00,0.6911,0.7007,0.6834,0.6948,12312.40000000,1782748799999,8496.04645000,161,6680.60000000,4606.73525000,0
2026-06-29 16:00:00,0.6931,0.7077,0.6903,0.7047,15335.80000000,1782763199999,10760.66634000,184,8213.10000000,5767.93968000,0
2026-06-29 20:00:00,0.7054,0.7073,0.6986,0.7027,14000.20000000,1782777599999,9858.82314000,77,8345.20000000,5878.33349000,0
2026-06-30 00:00:00,0.7029,0.7029,0.6903,0.6942,1663.60000000,1782791999999,1156.31626000,22,1241.50000000,863.65769000,0
2026-06-30 04:00:00,0.6941,0.6983,0.6913,0.6969,6697.00000000,1782806399999,4646.42931000,77,2515.20000000,1745.27351000,0
2026-06-30 08:00:00,0.6967,0.6967,0.6887,0.6887,2842.30000000,1782820799999,1968.20802000,25,1621.80000000,1123.94138000,0
2026-06-30 12:00:00,0.6878,0.695,0.678,0.6903,19196.00000000,1782835199999,13216.32324000,127,11860.50000000,8156.95816000,0
2026-06-30 16:00:00,0.6906,0.6985,0.6862,0.6961,3076.70000000,1782849599999,2134.24161000,56,1679.20000000,1164.89879000,0
2026-06-30 20:00:00,0.6925,0.6945,0.6893,0.6893,1428.60000000,1782863999999,987.40145000,16,1028.10000000,710.49766000,0
2026-07-01 00:00:00,0.6907,0.7073,0.6787,0.7073,13732.10000000,1782878399999,9461.71853000,77,8327.40000000,5744.13994000,0
2026-07-01 04:00:00,0.7061,0.7075,0.6936,0.6951,5252.10000000,1782892799999,3677.39310000,43,1968.80000000,1387.45585000,0
2026-07-01 08:00:00,0.6926,0.706,0.6926,0.6954,3768.70000000,1782907199999,2635.49932000,30,869.70000000,609.98358000,0
2026-07-01 12:00:00,0.698,0.7218,0.6945,0.7155,4133.60000000,1782921599999,2915.49524000,76,1209.00000000,858.08825000,0
2026-07-01 16:00:00,0.7155,0.7198,0.7079,0.7118,3521.60000000,1782935999999,2511.64626000,36,2968.50000000,2117.09179000,0
2026-07-01 20:00:00,0.7113,0.7291,0.7107,0.7169,3836.00000000,1782950399999,2762.86965000,60,901.80000000,653.03887000,0
2026-07-02 00:00:00,0.7151,0.7317,0.7107,0.7317,3737.30000000,1782964799999,2672.46477000,46,3061.30000000,2187.43023000,0
2026-07-02 04:00:00,0.732,0.7375,0.7242,0.7265,7027.80000000,1782979199999,5158.50443000,48,4080.30000000,2989.14001000,0
2026-07-02 08:00:00,0.7285,0.7461,0.7285,0.74,1662.80000000,1782993599999,1230.07622000,51,893.40000000,661.04472000,0
2026-07-02 12:00:00,0.7408,0.7522,0.7362,0.7415,3465.10000000,1783007999999,2580.21624000,80,1960.60000000,1461.30220000,0
2026-07-02 16:00:00,0.7398,0.7398,0.7353,0.7376,7665.30000000,1783022399999,5647.36054000,26,3358.00000000,2478.09819000,0
2026-07-02 20:00:00,0.735,0.7367,0.7302,0.7353,105754.40000000,1783036799999,77725.18779000,113,103982.90000000,76424.70194000,0
2026-07-03 00:00:00,0.7337,0.7446,0.7292,0.7446,20456.70000000,1783051199999,15076.45679000,80,3233.00000000,2369.37483000,0
2026-07-03 04:00:00,0.7445,0.7445,0.7392,0.7415,3292.70000000,1783065599999,2439.45764000,23,2766.10000000,2049.03319000,0
2026-07-03 08:00:00,0.7399,0.7515,0.7398,0.7515,2851.30000000,1783079999999,2118.00003000,39,2093.10000000,1556.63382000,0
2026-07-03 12:00:00,0.7512,0.7596,0.748,0.7525,18962.20000000,1783094399999,14284.53809000,82,7224.10000000,5448.20902000,0
2026-07-03 16:00:00,0.754,0.7734,0.7504,0.7681,12768.70000000,1783108799999,9709.69313000,113,4896.40000000,3730.46970000,0
2026-07-03 20:00:00,0.7689,0.7791,0.7669,0.7701,12144.60000000,1783123199999,9398.47850000,95,4364.80000000,3377.16571000,0
2026-07-04 00:00:00,0.7698,0.773,0.7573,0.7593,4561.90000000,1783137599999,3507.43771000,39,3943.40000000,3033.80011000,0
2026-07-04 04:00:00,0.7604,0.7653,0.7551,0.7572,13543.70000000,1783151999999,10327.53051000,35,10185.90000000,7771.28306000,0
2026-07-04 08:00:00,0.7592,0.7596,0.7515,0.7576,371.60000000,1783166399999,281.10845000,15,109.00000000,82.57836000,0
2026-07-04 12:00:00,0.7586,0.7748,0.7576,0.772,1213.20000000,1783180799999,931.70936000,56,979.40000000,752.05628000,0
2026-07-04 16:00:00,0.7712,0.7819,0.7653,0.7711,7336.40000000,1783195199999,5684.91556000,73,2588.10000000,2014.58983000,0
2026-07-04 20:00:00,0.7708,0.7758,0.7614,0.7614,11921.20000000,1783209599999,9188.67332000,59,11111.30000000,8566.28556000,0
2026-07-05 00:00:00,0.7608,0.7608,0.7376,0.7426,9323.40000000,1783223999999,6974.26020000,87,3603.60000000,2681.50306000,0
2026-07-05 04:00:00,0.7421,0.7453,0.7418,0.7428,1045.90000000,1783238399999,777.46506000,24,529.20000000,393.42051000,0
2026-07-05 08:00:00,0.7461,0.7461,0.7398,0.7436,3519.90000000,1783252799999,2616.89124000,12,3416.90000000,2540.52685000,0
2026-07-05 12:00:00,0.7421,0.7587,0.7421,0.7544,1161.80000000,1783267199999,873.91625000,54,819.40000000,615.72150000,0
2026-07-05 16:00:00,0.7543,0.7576,0.7525,0.7573,4168.70000000,1783281599999,3140.90561000,25,631.40000000,476.15418000,0
2026-07-05 20:00:00,0.757,0.7657,0.7554,0.7576,5226.00000000,1783295999999,3960.19170000,64,4703.10000000,3562.20584000,0
2026-07-06 00:00:00,0.7559,0.7614,0.7477,0.7477,1261.20000000,1783310399999,950.10384000,42,429.30000000,324.33411000,0
2026-07-06 04:00:00,0.7489,0.7489,0.7339,0.7417,14006.80000000,1783324799999,10432.95988000,65,12658.00000000,9432.80375000,0
2026-07-06 08:00:00,0.7429,0.7448,0.7373,0.739,4563.20000000,1783339199999,3385.50009000,28,3288.20000000,2440.51026000,0
2026-07-06 12:00:00,0.7373,0.7439,0.7216,0.7439,22399.60000000,1783353599999,16355.18909000,117,11485.40000000,8400.45339000,0
2026-07-06 16:00:00,0.7434,0.7493,0.7417,0.7492,3063.00000000,1783367999999,2287.96704000,32,2205.10000000,1647.83181000,0
2026-07-06 20:00:00,0.7467,0.7669,0.7467,0.7489,6337.20000000,1783382399999,4798.14356000,103,4519.10000000,3429.89206000,0
2026-07-07 00:00:00,0.7491,0.7538,0.7345,0.7348,8959.60000000,1783396799999,6686.77940000,46,1821.20000000,1343.40518000,0
2026-07-07 04:00:00,0.7353,0.7425,0.7298,0.7418,7256.50000000,1783411199999,5335.16821000,31,3921.70000000,2893.34758000,0
2026-07-07 08:00:00,0.7386,0.7446,0.7373,0.7387,3644.10000000,1783425599999,2700.02869000,18,1062.50000000,788.98852000,0
2026-07-07 12:00:00,0.7417,0.7455,0.7285,0.7427,5408.80000000,1783439999999,4002.43233000,42,5103.40000000,3778.70494000,0
2026-07-07 16:00:00,0.743,0.7506,0.7308,0.737,1707.30000000,1783454399999,1267.16398000,64,495.80000000,369.98326000,0
2026-07-07 20:00:00,0.7356,0.7371,0.72,0.7317,3742.30000000,1783468799999,2713.59196000,45,337.90000000,245.72353000,0
2026-07-08 00:00:00,0.7275,0.7336,0.7098,0.7144,4245.90000000,1783483199999,3057.98539000,75,408.60000000,294.91759000,0
2026-07-08 04:00:00,0.7144,0.718,0.712,0.718,254.60000000,1783497599999,181.91762000,24,137.30000000,98.17298000,0
2026-07-08 08:00:00,0.717,0.717,0.6999,0.7107,973.60000000,1783511999999,688.34837000,70,413.10000000,291.87267000,0
2026-07-08 12:00:00,0.7071,0.7088,0.6969,0.6983,1161.10000000,1783526399999,817.67788000,37,479.90000000,338.36651000,0
2026-07-08 16:00:00,0.7028,0.7123,0.7002,0.7123,1226.70000000,1783540799999,868.44836000,33,724.20000000,512.09681000,0
2026-07-08 20:00:00,0.7124,0.7124,0.707,0.71,1676.90000000,1783555199999,1190.73637000,11,1499.60000000,1064.82153000,0
2026-07-09 00:00:00,0.7106,0.7218,0.7103,0.718,2969.70000000,1783569599999,2119.94401000,47,2385.80000000,1702.27292000,0
2026-07-09 04:00:00,0.7195,0.7317,0.719,0.7283,5282.80000000,1783583999999,3814.60070000,38,2189.60000000,1588.38461000,0
2026-07-09 08:00:00,0.7246,0.7246,0.7198,0.7213,298.80000000,1783598399999,215.99713000,13,0.00000000,0.00000000,0
2026-07-09 12:00:00,0.7221,0.7221,0.7151,0.7162,6876.20000000,1783612799999,4941.89923000,37,3382.90000000,2434.81057000,0
2026-07-09 16:00:00,0.7169,0.722,0.7154,0.7196,417.10000000,1783627199999,299.96086000,13,227.00000000,163.42083000,0
2026-07-09 20:00:00,0.7197,0.7207,0.7155,0.7179,343.10000000,1783641599999,246.57646000,9,237.80000000,170.90537000,0
2026-07-10 00:00:00,0.7144,0.728,0.7131,0.7249,3019.00000000,1783655999999,2179.21992000,22,2833.80000000,2045.96751000,0
2026-07-10 04:00:00,0.7264,0.7265,0.723,0.723,287.70000000,1783670399999,208.54512000,5,253.40000000,183.73250000,0
2026-07-10 08:00:00,0.7255,0.7493,0.7255,0.7378,2884.30000000,1783684799999,2129.90915000,78,1671.30000000,1233.13056000,0
2026-07-10 12:00:00,0.7376,0.7461,0.7298,0.7346,5915.20000000,1783699199999,4363.47579000,59,1242.40000000,916.59293000,0
2026-07-10 16:00:00,0.7373,0.7392,0.7327,0.7387,496.40000000,1783713599999,365.27449000,14,395.00000000,290.74857000,0
2026-07-10 20:00:00,0.7348,0.7417,0.7348,0.7393,229.10000000,1783727999999,169.21024000,8,152.10000000,112.27994000,0
2026-07-11 00:00:00,0.7387,0.7446,0.732,0.7446,695.00000000,1783742399999,512.39911000,27,296.70000000,218.73661000,0
2026-07-11 04:00:00,0.7429,0.7543,0.7398,0.7443,2155.40000000,1783756799999,1609.03870000,55,1110.70000000,829.52988000,0
2026-07-11 08:00:00,0.7444,0.7456,0.7389,0.7436,988.80000000,1783771199999,734.48820000,19,490.30000000,364.22882000,0
2026-07-11 12:00:00,0.7422,0.7502,0.7422,0.7436,1016.70000000,1783785599999,759.09862000,20,631.00000000,470.87449000,0
2026-07-11 16:00:00,0.7417,0.7493,0.7411,0.746,1261.40000000,1783799999999,942.72090000,21,874.60000000,653.50675000,0
2026-07-11 20:00:00,0.7474,0.7505,0.729,0.729,1788.10000000,1783814399999,1330.31908000,47,702.60000000,524.64119000,0
2026-07-12 00:00:00,0.7285,0.7314,0.7215,0.731,1227.60000000,1783828799999,892.98608000,36,551.10000000,401.40279000,0
2026-07-12 04:00:00,0.7317,0.7381,0.7282,0.7381,1857.80000000,1783843199999,1366.71666000,25,1495.70000000,1101.79550000,0
2026-07-12 08:00:00,0.7392,0.7461,0.7388,0.7393,886.70000000,1783857599999,657.92662000,29,749.50000000,556.34918000,0
2026-07-12 12:00:00,0.7436,0.7477,0.7417,0.7439,1388.90000000,1783871999999,1034.02790000,22,1156.70000000,861.31131000,0
2026-07-12 16:00:00,0.7417,0.742,0.7372,0.7417,505.10000000,1783886399999,373.58294000,12,156.00000000,115.39404000,0
2026-07-12 20:00:00,0.7421,0.7432,0.7335,0.7356,401.50000000,1783900799999,296.66041000,10,176.70000000,130.78784000,0
2026-07-13 00:00:00,0.7351,0.7461,0.7236,0.7249,2236.20000000,1783915199999,1636.53714000,47,1379.00000000,1010.34050000,0
2026-07-13 04:00:00,0.7285,0.7329,0.7266,0.7329,334.80000000,1783929599999,244.37254000,12,172.80000000,126.46094000,0
2026-07-13 08:00:00,0.7324,0.7355,0.7324,0.7325,218.90000000,1783943999999,160.42079000,5,101.20000000,74.20320000,0
2026-07-13 12:00:00,0.729,0.7329,0.724,0.7278,2970.00000000,1783958399999,2163.18007000,32,466.30000000,339.50894000,0
2026-07-13 16:00:00,0.7253,0.7256,0.7148,0.7215,3006.10000000,1783972799999,2162.13663000,38,857.60000000,617.73006000,0
2026-07-13 20:00:00,0.7216,0.7216,0.7075,0.7216,2577.00000000,1783987199999,1843.26444000,41,733.10000000,525.17754000,0
2026-07-14 00:00:00,0.7234,0.728,0.7198,0.7198,2035.70000000,1784001599999,1474.54463000,16,1802.40000000,1305.36407000,0
2026-07-14 04:00:00,0.7242,0.7346,0.7242,0.7331,742.80000000,1784015999999,543.03460000,21,651.00000000,475.99296000,0
2026-07-14 08:00:00,0.7303,0.734,0.729,0.734,739.30000000,1784030399999,541.48261000,11,494.70000000,362.63593000,0
2026-07-14 12:00:00,0.7329,0.7669,0.7329,0.7591,14116.50000000,1784044799999,10656.19434000,137,7269.60000000,5459.65657000,0
2026-07-14 16:00:00,0.7594,0.7634,0.7515,0.7634,3754.30000000,1784059199999,2844.62649000,54,2497.90000000,1894.15646000,0
2026-07-14 20:00:00,0.7626,0.7634,0.7576,0.7609,951.20000000,1784073599999,723.80645000,24,470.90000000,358.37337000,0
2026-07-15 00:00:00,0.7635,0.7635,0.75,0.7545,503.10000000,1784087999999,379.71259000,21,118.90000000,90.36175000,0
2026-07-15 04:00:00,0.7515,0.7596,0.7506,0.7515,901.10000000,1784102399999,682.37169000,20,619.60000000,469.69980000,0
2026-07-15 08:00:00,0.7553,0.7563,0.7527,0.7531,860.10000000,1784116799999,648.10868000,8,742.60000000,559.25857000,0
2026-07-15 12:00:00,0.755,0.7671,0.7538,0.7596,4043.70000000,1784131199999,3081.94902000,57,3107.30000000,2368.08014000,0
2026-07-15 16:00:00,0.7582,0.7582,0.7447,0.7497,4300.40000000,1784145599999,3223.43533000,60,1005.70000000,753.89699000,0
2026-07-15 20:00:00,0.7508,0.7598,0.7499,0.7555,1298.60000000,1784159999999,979.05525000,32,669.80000000,505.99647000,0
2026-07-16 00:00:00,0.7554,0.7653,0.7477,0.759,2022.20000000,1784174399999,1531.61218000,43,1067.90000000,807.28738000,0
2026-07-16 04:00:00,0.7586,0.7586,0.7402,0.7413,2699.40000000,1784188799999,2036.13883000,43,2141.00000000,1618.87649000,0
2026-07-16 08:00:00,0.74,0.743,0.7346,0.7423,1225.90000000,1784203199999,905.85166000,37,209.70000000,154.97243000,0
2026-07-16 12:00:00,0.7411,0.7545,0.7388,0.7523,1536.90000000,1784217599999,1151.66819000,37,1213.50000000,910.37579000,0
2026-07-16 16:00:00,0.7477,0.7515,0.7461,0.7477,633.80000000,1784231999999,473.91864000,15,90.80000000,67.94673000,0
2026-07-16 20:00:00,0.7491,0.7516,0.7367,0.7389,1511.00000000,1784246399999,1126.74730000,28,217.00000000,160.56969000,0
2026-07-17 00:00:00,0.7364,0.7477,0.7362,0.7439,624.80000000,1784260799999,463.55658000,26,295.10000000,219.65471000,0
2026-07-17 04:00:00,0.7417,0.7417,0.7317,0.7327,4083.70000000,1784275199999,3009.90487000,30,3635.40000000,2679.51106000,0
2026-07-17 08:00:00,0.7298,0.7392,0.7242,0.7392,2124.10000000,1784289599999,1545.48924000,31,1800.50000000,1309.98671000,0
2026-07-17 12:00:00,0.7329,0.7364,0.7221,0.7315,1441.40000000,1784303999999,1051.30561000,45,547.00000000,399.07053000,0
2026-07-17 16:00:00,0.734,0.7439,0.734,0.7364,487.70000000,1784318399999,360.74834000,17,313.20000000,232.02646000,0
2026-07-17 20:00:00,0.7402,0.7407,0.7388,0.7405,709.40000000,1784332799999,524.73159000,7,96.50000000,71.46900000,0
2026-07-18 00:00:00,0.7405,0.742,0.7396,0.742,4086.70000000,1784347199999,3026.21881000,4,4072.80000000,3015.90501000,0
2026-07-18 04:00:00,0.7373,0.7373,0.7361,0.7364,864.70000000,1784361599999,637.02694000,9,848.10000000,624.79586000,0
2026-07-18 08:00:00,0.7389,0.7389,0.7389,0.7389,9.00000000,1784375999999,6.65010000,1,9.00000000,6.65010000,0
2026-07-18 12:00:00,0.7335,0.7364,0.7327,0.7346,102.30000000,1784390399999,75.16239000,7,9.10000000,6.70124000,0
2026-07-18 16:00:00,0.7354,0.743,0.7354,0.743,215.00000000,1784404799999,158.91789000,10,215.00000000,158.91789000,0
2026-07-18 20:00:00,0.7439,0.7461,0.7402,0.7441,430.90000000,1784419199999,320.37399000,17,254.70000000,189.37314000,0
2026-07-19 00:00:00,0.7425,0.7471,0.7417,0.7417,4293.50000000,1784433599999,3190.61402000,19,317.20000000,236.23504000,0
2026-07-19 04:00:00,0.741,0.7463,0.741,0.7453,701.60000000,1784447999999,523.07239000,14,361.80000000,269.58273000,0
2026-07-19 08:00:00,0.7466,0.7558,0.7445,0.7504,765.50000000,1784462399999,574.26199000,32,550.20000000,412.89328000,0
2026-07-19 12:00:00,0.7506,0.7523,0.7506,0.7523,850.30000000,1784476799999,639.57438000,8,94.70000000,71.23223000,0
2026-07-19 16:00:00,0.7517,0.7517,0.7417,0.7479,382.60000000,1784491199999,285.10294000,21,60.40000000,45.25092000,0
2026-07-19 20:00:00,0.7504,0.7517,0.7457,0.748,256.10000000,1784505599999,191.84621000,18,208.70000000,156.42067000,0
2026-07-20 00:00:00,0.7515,0.7581,0.748,0.7508,568.60000000,1784519999999,426.86942000,34,189.20000000,142.65530000,0
2026-07-20 04:00:00,0.7479,0.7494,0.7402,0.7468,540.50000000,1784534399999,402.00889000,27,121.20000000,90.06512000,0
2026-07-20 08:00:00,0.7477,0.7553,0.7402,0.7553,925.00000000,1784548799999,691.08399000,33,400.60000000,300.20889000,0
2026-07-20 12:00:00,0.7521,0.7666,0.7479,0.7659,2372.50000000,1784563199999,1793.69336000,70,1539.50000000,1163.93992000,0
2026-07-20 16:00:00,0.7658,0.7734,0.7594,0.7662,1517.60000000,1784577599999,1162.98924000,47,753.70000000,576.79773000,0
2026-07-20 20:00:00,0.7688,0.7701,0.7611,0.7611,570.90000000,1784591999999,435.92653000,14,117.10000000,89.63931000,0
2026-07-21 00:00:00,0.7642,0.7698,0.7631,0.7672,296.20000000,1784606399999,227.11296000,15,191.20000000,146.77442000,0
2026-07-21 04:00:00,0.7688,0.7777,0.7688,0.7777,1186.60000000,1784620799999,918.67419000,37,713.20000000,552.17124000,0
2026-07-21 08:00:00,0.7752,0.7752,0.7669,0.769,2041.40000000,1784635199999,1577.44988000,18,1787.80000000,1382.09684000,0
2026-07-21 12:00:00,0.7684,0.7708,0.7635,0.7639,3139.80000000,1784649599999,2408.61225000,27,608.30000000,467.64389000,0
2026-07-21 16:00:00,0.7678,0.7696,0.762,0.7651,1268.20000000,1784663999999,972.45512000,25,484.80000000,371.49146000,0
2026-07-21 20:00:00,0.7669,0.7717,0.7669,0.7717,152.60000000,1784678399999,117.44463000,8,152.60000000,117.44463000,0
2026-07-22 00:00:00,0.7733,0.775,0.7642,0.7642,756.50000000,1784692799999,583.04698000,27,601.00000000,463.65160000,0
2026-07-22 04:00:00,0.7661,0.7661,0.754,0.754,1143.50000000,1784707199999,865.27987000,30,705.50000000,533.05172000,0
2026-07-22 08:00:00,0.7563,0.7603,0.7563,0.7602,1866.40000000,1784721599999,1414.01103000,21,1456.00000000,1102.21501000,0
2026-07-22 12:00:00,0.7584,0.7745,0.757,0.7696,1227.10000000,1784735999999,940.10353000,36,899.90000000,689.36123000,0
2026-07-22 16:00:00,0.7703,0.779,0.7642,0.7655,1738.50000000,1784750399999,1346.13598000,39,1135.30000000,880.34031000,0
2026-07-22 20:00:00,0.7662,0.768,0.7608,0.7617,2060.80000000,1784764799999,1576.53072000,23,1605.10000000,1228.19117000,0
2026-07-23 00:00:00,0.7659,0.7672,0.7594,0.7617,711.70000000,1784779199999,542.51131000,19,276.50000000,211.00848000,0
2026-07-23 04:00:00,0.7642,0.7711,0.7642,0.7696,667.50000000,1784793599999,511.14200000,29,511.20000000,391.46978000,0
2026-07-23 08:00:00,0.7708,0.775,0.7669,0.7677,752.10000000,1784807999999,579.68276000,23,376.10000000,289.64947000,0
2026-07-23 12:00:00,0.7678,0.7678,0.7417,0.7479,3198.80000000,1784822399999,2425.76916000,79,785.20000000,594.74893000,0
2026-07-23 16:00:00,0.745,0.747,0.741,0.7434,2204.40000000,1784836799999,1642.08501000,23,194.40000000,145.11157000,0
2026-07-23 20:00:00,0.7477,0.7494,0.745,0.745,2581.90000000,1784851199999,1932.21105000,17,133.50000000,99.77941000,0
2026-07-24 00:00:00,0.7444,0.7461,0.7382,0.7461,452.50000000,1784865599999,335.48385000,26,64.20000000,47.66563000,0
2026-07-24 04:00:00,0.7434,0.7479,0.7417,0.7417,899.00000000,1784879999999,668.23713000,10,30.00000000,22.36438000,0
2026-07-24 08:00:00,0.741,0.741,0.7302,0.7302,605.90000000,1784894399999,445.18578000,25,292.00000000,214.76800000,0
2026-07-24 12:00:00,0.7301,0.7318,0.7134,0.7198,714.40000000,1784908799999,516.04035000,45,52.60000000,37.89447000,0
2026-07-24 16:00:00,0.7155,0.7158,0.7079,0.7101,29444.40000000,1784923199999,20905.08261000,34,3864.30000000,2740.35021000,0
2026-07-24 20:00:00,0.7116,0.715,0.7089,0.7122,78824.50000000,1784937599999,56286.13677000,96,34548.80000000,24643.24157000,0
2026-07-25 00:00:00,0.71,0.7144,0.71,0.7138,1432.20000000,1784951999999,1021.85177000,20,1247.80000000,890.75267000,0
2026-07-25 04:00:00,0.7135,0.7147,0.7028,0.7028,1017.50000000,1784966399999,722.06547000,33,154.40000000,110.12750000,0
2026-07-25 08:00:00,0.7037,0.7057,0.7037,0.7057,197.40000000,1784980799999,139.10340000,5,99.20000000,69.98886000,0
2026-07-25 12:00:00,0.707,0.7109,0.707,0.7106,256.40000000,1784995199999,181.72324000,25,152.20000000,107.91586000,0
2026-07-25 16:00:00,0.7113,0.7171,0.7113,0.7147,513.50000000,1785009599999,366.79315000,23,290.40000000,207.43174000,0
2026-07-25 20:00:00,0.7125,0.7144,0.7125,0.7143,2164.40000000,1785023999999,1542.23643000,11,72.30000000,51.52439000,0
2026-07-26 00:00:00,0.7114,0.7179,0.7113,0.7172,103.60000000,1785038399999,74.04491000,10,48.40000000,34.64576000,0
2026-07-26 04:00:00,0.7178,0.7254,0.716,0.721,1999.70000000,1785052799999,1439.75913000,47,335.60000000,242.49519000,0
2026-07-26 08:00:00,0.7198,0.7198,0.7179,0.7183,33.10000000,1785067199999,23.78139000,7,0.00000000,0.00000000,0
2026-07-26 12:00:00,0.7193,0.7203,0.7151,0.7177,665.50000000,1785081599999,478.00937000,24,289.50000000,208.00819000,0
2026-07-26 16:00:00,0.7187,0.7217,0.7115,0.7115,757.50000000,1785095999999,544.29109000,23,611.90000000,439.98601000,0
2026-07-26 20:00:00,0.7143,0.7254,0.7143,0.7241,645.40000000,1785110399999,465.26146000,33,464.80000000,335.14237000,0
2026-07-27 00:00:00,0.7236,0.7241,0.7144,0.7198,328.30000000,1785124799999,235.78746000,21,166.50000000,119.63955000,0
2026-07-27 04:00:00,0.7181,0.7253,0.7179,0.7191,355.20000000,1785139199999,256.62257000,30,196.10000000,141.72449000,0
2026-07-27 08:00:00,0.7155,0.7187,0.7142,0.7187,244.30000000,1785153599999,174.78632000,21,79.60000000,57.03947000,0
2026-07-27 12:00:00,0.7144,0.72,0.695,0.6986,34175.90000000,1785167999999,24391.16680000,133,3656.60000000,2597.74735000,0
2026-07-27 16:00:00,0.6986,0.7061,0.6986,0.7044,989.30000000,1785182399999,695.16750000,20,747.70000000,525.40804000,0
2026-07-27 20:00:00,0.7026,0.7026,0.6755,0.6812,7932.70000000,1785196799999,5414.91190000,66,4563.80000000,3110.49652000,0
2026-07-28 00:00:00,0.6812,0.684,0.6744,0.684,1166.10000000,1785211199999,792.31415000,15,254.70000000,173.36435000,0
2026-07-28 04:00:00,0.6835,0.6847,0.6795,0.6814,3107.20000000,1785225599999,2115.35866000,23,295.30000000,201.61904000,0
2026-07-28 08:00:00,0.6809,0.6833,0.6807,0.6825,943.60000000,1785239999999,643.73572000,11,100.90000000,68.80943000,0
2026-07-28 12:00:00,0.6841,0.692,0.6742,0.692,3136.30000000,1785254399999,2147.16077000,33,1661.20000000,1138.51094000,0
2026-07-28 16:00:00,0.6901,0.6915,0.6867,0.6915,306.00000000,1785268799999,210.63810000,11,208.00000000,143.23056000,0
2026-07-28 20:00:00,0.6945,0.6962,0.6897,0.6909,574.20000000,1785283199999,398.11200000,18,378.70000000,262.86607000,0
2026-07-29 00:00:00,0.694,0.6958,0.6821,0.6821,204.10000000,1785297599999,140.99625000,10,100.50000000,69.88985000,0
2026-07-29 04:00:00,0.68,0.6884,0.6796,0.6879,484.00000000,1785311999999,331.12346000,5,255.00000000,175.41506000,0
2026-07-29 08:00:00,0.6877,0.6914,0.6864,0.6914,1297.00000000,1785326399999,895.32892000,13,139.70000000,96.29256000,0
2026-07-29 12:00:00,0.6862,0.691,0.6811,0.6811,1406.80000000,1785340799999,963.98300000,31,157.80000000,108.62164000,0
2026-07-29 16:00:00,0.6824,0.6967,0.681,0.6835,3696.90000000,1785355199999,2560.59311000,47,2818.20000000,1956.01577000,0
2026-07-29 20:00:00,0.6828,0.6862,0.6776,0.6849,1183.70000000,1785369599999,805.87092000,30,253.50000000,173.05537000,0
2026-07-30 00:00:00,0.6873,0.6904,0.6821,0.6886,1711.50000000,1785383999999,1176.91223000,24,192.60000000,132.37219000,0
2026-07-30 04:00:00,0.6878,0.6898,0.6855,0.6886,782.90000000,1785398399999,539.34552000,14,411.40000000,283.65074000,0
2026-07-30 08:00:00,0.6897,0.6949,0.6886,0.6945,883.80000000,1785412799999,611.32313000,16,742.10000000,513.30729000,0
2026-07-30 12:00:00,0.6955,0.7003,0.6924,0.7003,2274.70000000,1785427199999,1583.84493000,33,1709.90000000,1190.37531000,0
2026-07-30 16:00:00,0.7023,0.7071,0.6997,0.6997,54101.50000000,1785441599999,37882.98914000,95,40777.70000000,28549.25431000,0
2026-07-30 20:00:00,0.6994,0.6994,0.6925,0.6925,5681.50000000,1785455999999,3954.56258000,23,308.30000000,215.04897000,0
2026-07-31 00:00:00,0.6926,0.6963,0.6861,0.6896,1924.90000000,1785470399999,1324.09246000,25,1530.20000000,1052.10218000,0
2026-07-31 04:00:00,0.69,0.6908,0.6844,0.6903,352.90000000,1785484799999,242.32755000,18,77.20000000,53.11806000,0
2026-07-31 08:00:00,0.6903,0.6903,0.6837,0.6903,294.70000000,1785499199999,202.90112000,12,175.00000000,120.64768000,0
2026-07-31 12:00:00,0.6867,0.6901,0.679,0.683,1374.50000000,1785513599999,941.46985000,41,555.30000000,381.19638000,0
2026-07-31 16:00:00,0.6848,0.6853,0.678,0.6794,48999.90000000,1785527999999,33516.58184000,39,45220.10000000,30930.47296000,0
2026-07-31 20:00:00,0.6809,0.6821,0.679,0.679,221.50000000,1785542399999,150.83347000,8,89.60000000,61.05560000,0
2026-08-01 00:00:00,0.683,0.6867,0.683,0.6849,258.70000000,1785556799999,177.28706000,9,241.30000000,165.35414000,0
2026-08-01 04:00:00,0.6884,0.6884,0.6842,0.6849,268.60000000,1785571199999,184.10046000,6,204.00000000,139.76278000,0
2026-08-01 08:00:00,0.6843,0.6845,0.6828,0.6836,1787.80000000,1785585599999,1222.96392000,7,258.10000000,176.28470000,0
2026-08-01 12:00:00,0.6853,0.6858,0.683,0.683,405.00000000,1785599999999,277.31185000,11,354.70000000,242.89971000,0
2026-08-01 16:00:00,0.6829,0.6832,0.6643,0.67,9430.10000000,1785614399999,6327.20853000,52,1783.00000000,1208.15903000,0
2026-08-01 20:00:00,0.6727,0.678,0.6714,0.678,3661.60000000,1785628799999,2472.17002000,28,1053.80000000,711.50030000,0
2026-08-02 00:00:00,0.6766,0.6903,0.6761,0.6903,3650.00000000,1785643199999,2495.83786000,46,2795.20000000,1909.54945000,0
2026-08-02 04:00:00,0.6919,0.6919,0.6909,0.6915,171.00000000,1785657599999,118.27510000,5,93.90000000,64.96219000,0
2026-08-02 08:00:00,0.6909,0.6912,0.6862,0.6862,288.30000000,1785671999999,198.77879000,13,137.80000000,95.08136000,0
2026-08-02 12:00:00,0.689,0.6917,0.6873,0.6916,7021.70000000,1785686399999,4845.34410000,37,7004.40000000,4833.38807000,0
2026-08-02 16:00:00,0.6888,0.6945,0.6888,0.6925,1579.60000000,1785700799999,1089.87611000,40,162.40000000,112.40260000,0
2026-08-02 20:00:00,0.6925,0.6952,0.6901,0.6901,1025.60000000,1785715199999,711.40283000,5,945.30000000,655.81290000,0
2026-08-03 00:00:00,0.6904,0.6904,0.6862,0.687,160.30000000,1785729599999,110.18859000,7,21.70000000,14.95558000,0
2026-08-03 04:00:00,0.6875,0.6875,0.6858,0.6858,103.00000000,1785743999999,70.76303000,2,29.10000000,19.95678000,0
2026-08-03 08:00:00,0.6831,0.6862,0.6796,0.6862,141.00000000,1785758399999,96.24136000,7,59.30000000,40.49967000,0
2026-08-03 12:00:00,0.6872,0.6978,0.6872,0.6942,3424.90000000,1785772799999,2382.31363000,65,1620.20000000,1126.71249000,0
2026-08-03 16:00:00,0.6942,0.696,0.6942,0.695,504.20000000,1785787199999,350.10686000,4,45.90000000,31.94124000,0
2026-08-03 20:00:00,0.6947,0.6949,0.6895,0.6895,279.50000000,1785801599999,193.91159000,10,58.30000000,40.36415000,0
2026-08-04 00:00:00,0.6909,0.6952,0.6904,0.6952,2485.20000000,1785815999999,1727.58498000,14,2396.50000000,1665.97993000,0
2026-08-04 04:00:00,0.6955,0.6955,0.6903,0.6903,237.60000000,1785830399999,165.03204000,8,119.10000000,82.66953000,0
2026-08-04 08:00:00,0.6913,0.6945,0.6906,0.6945,141.30000000,1785844799999,97.69782000,7,76.10000000,52.64861000,0
2026-08-04 12:00:00,0.6945,0.6945,0.6876,0.6898,1712.80000000,1785859199999,1186.58794000,27,1333.80000000,925.26158000,0
2026-08-04 16:00:00,0.6945,0.6994,0.6945,0.6971,301.50000000,1785873599999,210.48886000,11,214.10000000,149.44281000,0
2026-08-04 20:00:00,0.6949,0.6963,0.6939,0.6939,4516.50000000,1785887999999,3141.07881000,32,1577.50000000,1097.26771000,0
2026-08-05 00:00:00,0.6933,0.6949,0.6885,0.6892,2497.70000000,1785902399999,1721.89168000,17,206.30000000,143.07788000,0
2026-08-05 04:00:00,0.6932,0.6932,0.6915,0.6915,154.90000000,1785916799999,107.16231000,2,154.90000000,107.16231000,0
2026-08-05 08:00:00,0.6924,0.6924,0.69,0.69,136.90000000,1785931199999,94.62167000,4,0.00000000,0.00000000,0
2026-08-05 12:00:00,0.6938,0.6945,0.6837,0.6892,1346.60000000,1785945599999,930.62906000,28,594.20000000,411.09404000,0
2026-08-05 16:00:00,0.6937,0.6955,0.6909,0.6919,886.60000000,1785959999999,613.77701000,11,51.20000000,35.57558000,0
2026-08-05 20:00:00,0.6917,0.6922,0.6903,0.691,195.80000000,1785974399999,135.32344000,5,63.40000000,43.83532000,0
2026-08-06 00:00:00,0.6904,0.6904,0.6821,0.6821,2217.50000000,1785988799999,1522.91217000,23,1532.60000000,1053.90457000,0
2026-08-06 04:00:00,0.6837,0.6888,0.6824,0.6868,583.00000000,1786003199999,400.08714000,14,448.20000000,307.90773000,0
2026-08-06 08:00:00,0.6857,0.6877,0.669,0.6769,8725.60000000,1786017599999,5908.68677000,86,1436.70000000,974.17902000,0
2026-08-06 12:00:00,0.676,0.676,0.6724,0.676,480.00000000,1786031999999,323.85597000,10,281.50000000,190.16453000,0
2026-08-06 16:00:00,0.678,0.6802,0.674,0.674,149.10000000,1786046399999,101.19012000,8,23.10000000,15.63664000,0
2026-08-06 20:00:00,0.6752,0.6753,0.6712,0.6718,594.80000000,1786060799999,400.44307000,7,216.30000000,145.92989000,0
2026-08-07 00:00:00,0.6724,0.678,0.6723,0.674,264.90000000,1786075199999,178.99691000,9,239.00000000,161.57023000,0
2026-08-07 04:00:00,0.67,0.6747,0.67,0.6747,103.70000000,1786089599999,69.79062000,6,38.10000000,25.62297000,0
2026-08-07 08:00:00,0.6762,0.6762,0.6737,0.6759,891.40000000,1786103999999,601.17098000,8,550.90000000,371.19464000,0
2026-08-07 12:00:00,0.6764,0.6791,0.666,0.6727,4296.20000000,1786118399999,2876.16467000,36,523.70000000,352.54535000,0
2026-08-07 16:00:00,0.674,0.6749,0.6694,0.674,2931.10000000,1786132799999,1973.67683000,15,1227.80000000,825.97401000,0
2026-08-07 20:00:00,0.6729,0.6729,0.6727,0.6727,416.30000000,1786147199999,280.09849000,4,398.90000000,268.39003000,0
2026-08-08 00:00:00,0.6722,0.6782,0.6718,0.6759,570.80000000,1786161599999,385.93362000,11,103.60000000,69.88390000,0
2026-08-08 04:00:00,0.6821,0.6837,0.6808,0.6826,363.60000000,1786175999999,248.44967000,10,186.00000000,127.12864000,0
2026-08-08 08:00:00,0.6862,0.6955,0.6862,0.6903,16682.90000000,1786190399999,11491.53843000,28,16258.10000000,11198.11076000,0
2026-08-08 12:00:00,0.6895,0.7064,0.6895,0.703,1661.10000000,1786204799999,1159.82715000,37,1214.20000000,846.82446000,0
2026-08-08 16:00:00,0.7002,0.7002,0.6936,0.6948,756.50000000,1786219199999,526.87186000,15,437.00000000,303.84782000,0
2026-08-08 20:00:00,0.6986,0.6988,0.688,0.6903,1266.80000000,1786233599999,879.93194000,18,875.30000000,607.43739000,0
2026-08-09 00:00:00,0.6926,0.6928,0.6884,0.6904,901.60000000,1786247999999,622.14416000,14,418.80000000,289.40041000,0
2026-08-09 04:00:00,0.691,0.6945,0.691,0.6945,47.50000000,1786262399999,32.92834000,3,47.50000000,32.92834000,0
2026-08-09 08:00:00,0.6918,0.6918,0.6918,0.6918,149.00000000,1786276799999,103.07820000,1,149.00000000,103.07820000,0
2026-08-09 12:00:00,0.6927,0.7015,0.6927,0.7002,1809.40000000,1786291199999,1264.99003000,20,1471.10000000,1028.12734000,0
2026-08-09 16:00:00,0.7026,0.7047,0.6982,0.6986,1505.90000000,1786305599999,1056.94241000,31,1207.00000000,847.86219000,0
2026-08-09 20:00:00,0.6994,0.7044,0.6846,0.6865,2893.80000000,1786319999999,2018.64865000,49,1934.40000000,1354.46645000,0
2026-08-10 00:00:00,0.6854,0.6955,0.6854,0.6908,372.40000000,1786334399999,257.40610000,16,302.50000000,209.17231000,0
2026-08-10 04:00:00,0.6904,0.6967,0.6901,0.6961,1415.70000000,1786348799999,979.89588000,15,1088.70000000,752.86289000,0
2026-08-10 08:00:00,0.695,0.696,0.6915,0.696,367.80000000,1786363199999,255.08486000,23,258.50000000,179.26825000,0
2026-08-10 12:00:00,0.6964,0.6964,0.6882,0.6896,270.20000000,1786377599999,187.08456000,19,105.40000000,73.21808000,0
2026-08-10 16:00:00,0.6917,0.6968,0.6862,0.6946,586.90000000,1786391999999,406.28070000,25,451.60000000,313.15559000,0
2026-08-10 20:00:00,0.6931,0.6931,0.683,0.6845,4658.40000000,1786406399999,3182.48627000,23,1665.70000000,1137.88037000,0
2026-08-11 00:00:00,0.6841,0.6902,0.6841,0.6887,1222.70000000,1786420799999,841.72201000,11,912.80000000,628.33486000,0
2026-08-11 04:00:00,0.6895,0.6904,0.6862,0.6866,4215.00000000,1786435199999,2903.36992000,31,2488.70000000,1712.23222000,0
2026-08-11 08:00:00,0.688,0.6926,0.688,0.6923,541.50000000,1786449599999,374.59210000,12,398.00000000,275.31026000,0
2026-08-11 12:00:00,0.6887,0.6888,0.6734,0.6769,5797.20000000,1786463999999,3938.33327000,55,613.30000000,418.54856000,0
2026-08-11 16:00:00,0.6759,0.6821,0.6759,0.6821,8828.60000000,1786478399999,5993.67486000,65,3877.90000000,2633.31481000,0
2026-08-11 20:00:00,0.6862,0.6945,0.6862,0.6917,1617.30000000,1786492799999,1113.74808000,33,853.30000000,587.88872000,0
2026-08-12 00:00:00,0.6929,0.699,0.6921,0.6923,5593.10000000,1786507199999,3879.18509000,40,3727.90000000,2584.79665000,0
2026-08-12 04:00:00,0.6931,0.6931,0.6894,0.6894,2974.80000000,1786521599999,2061.57707000,6,2946.20000000,2041.84021000,0
2026-08-12 08:00:00,0.6866,0.6866,0.6866,0.6866,28.70000000,1786535999999,19.70542000,1,0.00000000,0.00000000,0
2026-08-12 12:00:00,0.6934,0.696,0.6845,0.6859,4166.20000000,1786550399999,2877.92820000,34,2599.20000000,1798.60043000,0
2026-08-12 16:00:00,0.6843,0.6865,0.6831,0.6865,387.30000000,1786564799999,265.64833000,5,340.90000000,233.93149000,0
2026-08-12 20:00:00,0.6882,0.6882,0.676,0.6807,8503.90000000,1786579199999,5775.98782000,45,442.40000000,301.05050000,0
2026-08-13 00:00:00,0.6821,0.6908,0.6813,0.6895,1487.50000000,1786593599999,1024.44994000,25,1226.40000000,845.24368000,0
2026-08-13 04:00:00,0.6904,0.6919,0.6887,0.6907,696.80000000,1786607999999,481.15368000,13,679.50000000,469.22014000,0
2026-08-13 08:00:00,0.6901,0.6901,0.6901,0.6901,7.20000000,1786622399999,4.96872000,1,7.20000000,4.96872000,0
2026-08-13 12:00:00,0.6882,0.6945,0.6882,0.6883,2130.40000000,1786636799999,1467.00889000,21,190.10000000,131.42618000,0
2026-08-13 16:00:00,0.6842,0.6872,0.683,0.6872,177.70000000,1786651199999,121.75940000,10,62.50000000,42.76987000,0
2026-08-13 20:00:00,0.6872,0.6872,0.6872,0.6872,0.00000000,1786665599999,0.00000000,0,0.00000000,0.00000000,0
2026-08-14 00:00:00,0.6893,0.6902,0.6852,0.6861,1045.80000000,1786679999999,717.84462000,11,883.10000000,606.04023000,0
2026-08-14 04:00:00,0.6847,0.6847,0.6789,0.6789,251.60000000,1786694399999,171.49070000,5,206.80000000,140.96404000,0
2026-08-14 08:00:00,0.6795,0.6805,0.6769,0.6769,2130.70000000,1786708799999,1448.87011000,19,563.30000000,382.94598000,0
2026-08-14 12:00:00,0.6744,0.6774,0.6734,0.6739,142.40000000,1786723199999,96.16568000,14,26.60000000,17.99379000,0
2026-08-14 16:00:00,0.6767,0.6797,0.6767,0.679,470.50000000,1786737599999,319.04566000,8,456.10000000,309.26038000,0
2026-08-14 20:00:00,0.6791,0.6824,0.6787,0.6824,181.60000000,1786751999999,123.36221000,4,176.90000000,120.17044000,0
2026-08-15 00:00:00,0.683,0.6884,0.6824,0.6857,380.40000000,1786766399999,261.00215000,12,152.10000000,104.37568000,0
2026-08-15 04:00:00,0.6862,0.6868,0.6842,0.6858,481.10000000,1786780799999,329.86638000,4,344.90000000,236.46042000,0
2026-08-15 08:00:00,0.6828,0.6846,0.6825,0.6829,2855.20000000,1786795199999,1953.60875000,14,2809.60000000,1922.47763000,0
2026-08-15 12:00:00,0.6842,0.6842,0.6824,0.6824,386.90000000,1786809599999,264.38501000,9,217.90000000,148.90875000,0
2026-08-15 16:00:00,0.6799,0.6816,0.679,0.6816,33.70000000,1786823999999,22.90504000,5,0.00000000,0.00000000,0
2026-08-15 20:00:00,0.6786,0.6786,0.6776,0.6776,183.40000000,1786838399999,124.43223000,3,17.70000000,12.00591000,0
2026-08-16 00:00:00,0.677,0.6779,0.677,0.6774,881.90000000,1786852799999,597.32083000,11,785.10000000,531.78543000,0
2026-08-16 04:00:00,0.6763,0.6767,0.6743,0.6761,1508.30000000,1786867199999,1019.69928000,14,178.00000000,120.37820000,0
2026-08-16 08:00:00,0.6759,0.6783,0.6758,0.6758,569.10000000,1786881599999,385.46172000,10,167.70000000,113.70843000,0
2026-08-16 12:00:00,0.6787,0.679,0.6783,0.679,57.80000000,1786895999999,39.21927000,4,22.80000000,15.47877000,0
2026-08-16 16:00:00,0.6788,0.6788,0.676,0.6782,1495.00000000,1786910399999,1012.74695000,11,589.10000000,399.37997000,0
2026-08-16 20:00:00,0.6778,0.6778,0.6689,0.6711,329.90000000,1786924799999,221.08234000,16,54.90000000,36.91410000,0
2026-08-17 00:00:00,0.6715,0.6796,0.6687,0.6774,1536.60000000,1786939199999,1036.56832000,30,1146.50000000,773.43706000,0
2026-08-17 04:00:00,0.6781,0.6796,0.6756,0.6795,428.50000000,1786953599999,290.09702000,17,57.40000000,38.89399000,0
2026-08-17 08:00:00,0.6783,0.6792,0.6741,0.6792,1733.60000000,1786967999999,1170.76805000,9,1563.10000000,1055.27209000,0
2026-08-17 12:00:00,0.6766,0.6773,0.6757,0.6773,201.30000000,1786982399999,136.27447000,7,39.30000000,26.56184000,0
2026-08-17 16:00:00,0.6776,0.6782,0.6756,0.6756,211.50000000,1786996799999,143.32172000,6,120.50000000,81.69827000,0
2026-08-17 20:00:00,0.6751,0.6793,0.6719,0.6766,1285.50000000,1787011199999,870.61806000,24,870.00000000,588.70178000,0
2026-08-18 00:00:00,0.6749,0.6761,0.6342,0.6472,13450.60000000,1787025599999,8796.50044000,136,2291.00000000,1505.23586000,0
2026-08-18 04:00:00,0.644,0.6503,0.6394,0.6456,15331.00000000,1787039999999,9886.33559000,67,9350.50000000,6033.04933000,0
2026-08-18 08:00:00,0.6462,0.6531,0.6434,0.6531,1888.40000000,1787054399999,1221.53669000,18,1813.10000000,1172.62058000,0
2026-08-18 12:00:00,0.6521,0.6598,0.6512,0.6562,2408.60000000,1787068799999,1580.09893000,33,1596.80000000,1049.68599000,0
2026-08-18 16:00:00,0.6557,0.6586,0.6535,0.6559,490.80000000,1787083199999,321.71005000,9,284.30000000,186.50266000,0
2026-08-18 20:00:00,0.6556,0.6556,0.6475,0.652,1384.10000000,1787097599999,901.51369000,30,366.30000000,238.26499000,0
2026-08-19 00:00:00,0.6522,0.6559,0.6503,0.6559,1988.10000000,1787111999999,1301.09150000,25,1614.30000000,1056.61474000,0
2026-08-19 04:00:00,0.6566,0.6583,0.6534,0.6576,2722.90000000,1787126399999,1788.56761000,25,710.40000000,465.86823000,0
2026-08-19 08:00:00,0.6574,0.6604,0.6571,0.6571,1122.20000000,1787140799999,739.10621000,19,872.20000000,574.23559000,0
2026-08-19 12:00:00,0.6575,0.7014,0.6549,0.6825,116846.20000000,1787155199999,79767.98069000,206,9040.40000000,6150.24075000,0
2026-08-19 16:00:00,0.683,0.6955,0.6776,0.6955,112899.90000000,1787169599999,78037.81488000,109,104279.10000000,72115.74295000,0
2026-08-19 20:00:00,0.6973,0.7243,0.6941,0.704,27465.50000000,1787183999999,19693.30194000,264,20327.60000000,14578.54776000,0
2026-08-20 00:00:00,0.7069,0.7115,0.6945,0.6998,4641.20000000,1787198399999,3252.79275000,64,1862.70000000,1313.82147000,0
2026-08-20 04:00:00,0.6995,0.7061,0.6987,0.7019,3624.30000000,1787212799999,2543.62210000,29,3153.70000000,2212.73918000,0
2026-08-20 08:00:00,0.7036,0.7343,0.7036,0.729,16698.30000000,1787227199999,12060.43553000,164,7711.50000000,5568.75113000,0
2026-08-20 12:00:00,0.7271,0.741,0.7163,0.7403,11994.40000000,1787241599999,8700.69309000,149,8821.10000000,6392.31081000,0
2026-08-20 16:00:00,0.7396,0.7517,0.7223,0.7223,101961.70000000,1787255999999,76116.86955000,279,6750.90000000,4976.70953000,0
2026-08-20 20:00:00,0.7252,0.7375,0.725,0.7317,4263.60000000,1787270399999,3105.35388000,60,1185.10000000,865.77383000,0
2026-08-21 00:00:00,0.7348,0.7494,0.7348,0.7479,15990.40000000,1787284799999,11883.84583000,136,12358.70000000,9178.87949000,0
2026-08-21 04:00:00,0.7504,0.7814,0.7457,0.7765,18028.50000000,1787299199999,13839.69738000,237,11160.80000000,8567.16420000,0
2026-08-21 08:00:00,0.7786,0.8136,0.7772,0.7844,70676.80000000,1787313599999,56280.28659000,432,60516.90000000,48226.33914000,0
2026-08-21 12:00:00,0.783,0.8213,0.7818,0.8142,31936.30000000,1787327999999,25584.84259000,368,7854.40000000,6294.80975000,0
2026-08-21 16:00:00,0.8155,0.8221,0.7906,0.8015,22943.20000000,1787342399999,18564.11378000,470,11986.50000000,9695.33739000,0
2026-08-21 20:00:00,0.802,0.8624,0.7988,0.8451,48345.00000000,1787356799999,40766.58439000,598,36558.60000000,30807.74408000,0
2026-08-22 00:00:00,0.8454,0.9244,0.8352,0.9133,83949.50000000,1787371199999,73883.30445000,1330,38659.20000000,34198.83760000,0
2026-08-22 04:00:00,0.9133,0.954,0.7748,0.8629,192673.20000000,1787385599999,162966.51604000,2403,92114.70000000,76873.92295000,0
2026-08-22 08:00:00,0.8633,0.8733,0.8095,0.8279,25924.50000000,1787399999999,21763.17688000,493,13390.20000000,11249.08777000,0
2026-08-22 12:00:00,0.8279,0.8418,0.8096,0.8165,7932.20000000,1787414399999,6544.67679000,221,4448.80000000,3672.96940000,0
2026-08-22 16:00:00,0.8147,0.8408,0.8124,0.8329,44496.50000000,1787428799999,37022.48778000,208,36879.80000000,30683.05104000,0
2026-08-22 20:00:00,0.8339,0.838,0.8046,0.8154,12525.70000000,1787443199999,10218.48900000,188,5797.80000000,4725.82008000,0
2026-08-23 00:00:00,0.8158,0.8327,0.7889,0.7934,27401.00000000,1787457599999,22088.68147000,402,10756.90000000,8704.20276000,0
2026-08-23 04:00:00,0.7932,0.7987,0.7787,0.7908,63057.70000000,1787471999999,49843.87863000,632,32959.10000000,26051.52804000,0
2026-08-23 08:00:00,0.7929,0.8198,0.792,0.8193,19148.80000000,1787486399999,15433.26746000,201,12621.40000000,10178.61888000,0
2026-08-23 12:00:00,0.8185,0.8381,0.7987,0.8234,21503.50000000,1787500799999,17662.75749000,333,10552.40000000,8698.41846000,0
2026-08-23 16:00:00,0.8252,0.8463,0.8172,0.8351,62239.30000000,1787515199999,51722.18175000,337,31975.20000000,26608.14493000,0
2026-08-23 20:00:00,0.8323,0.8569,0.8281,0.8532,42142.60000000,1787529599999,35628.73382000,368,29584.20000000,25039.27523000,0
2026-08-24 00:00:00,0.8503,0.8503,0.8161,0.8197,45088.70000000,1787543999999,37430.57818000,515,16963.80000000,14048.60904000,0
2026-08-24 04:00:00,0.8212,0.8354,0.8109,0.8166,13673.80000000,1787558399999,11264.16809000,256,7313.20000000,6022.55840000,0
2026-08-24 08:00:00,0.816,0.836,0.8057,0.8293,14476.20000000,1787572799999,11933.24248000,278,8233.10000000,6783.37677000,0
2026-08-24 12:00:00,0.8306,0.8408,0.8114,0.8207,21234.50000000,1787587199999,17563.51230000,340,9552.70000000,7902.54098000,0
2026-08-24 16:00:00,0.8239,0.8334,0.7985,0.804,31302.10000000,1787601599999,25304.61891000,421,14565.40000000,11763.30841000,0
2026-08-24 20:00:00,0.8045,0.8095,0.7906,0.799,3576.00000000,1787615999999,2854.70215000,64,1783.90000000,1425.28052000,0
2026-08-25 00:00:00,0.7992,0.8335,0.7935,0.8182,31716.40000000,1787630399999,25849.38588000,329,14718.80000000,12049.88816000,0
2026-08-25 04:00:00,0.8219,0.8301,0.7961,0.8044,14517.70000000,1787644799999,11835.81378000,137,4720.10000000,3876.97899000,0
2026-08-25 08:00:00,0.8023,0.8088,0.7964,0.7997,2882.70000000,1787659199999,2318.49391000,52,814.10000000,652.20695000,0
2026-08-25 12:00:00,0.7994,0.8028,0.7775,0.7897,16991.40000000,1787673599999,13467.16169000,244,7785.20000000,6174.82267000,0
2026-08-25 16:00:00,0.7933,0.7933,0.7743,0.7765,4946.70000000,1787687999999,3875.88796000,63,3354.60000000,2631.88344000,0
2026-08-25 20:00:00,0.7723,0.7723,0.7447,0.7552,15170.00000000,1787702399999,11503.60063000,195,7614.30000000,5770.70834000,0
2026-08-26 00:00:00,0.7554,0.7657,0.755,0.7618,4966.40000000,1787716799999,3777.60745000,68,2457.00000000,1868.55036000,0
2026-08-26 04:00:00,0.7603,0.7679,0.7587,0.7612,4159.00000000,1787731199999,3175.18702000,81,1982.20000000,1512.21640000,0
2026-08-26 08:00:00,0.76,0.7633,0.7504,0.7543,2084.70000000,1787745599999,1583.71667000,47,964.80000000,733.20126000,0
2026-08-26 12:00:00,0.7586,0.7606,0.7265,0.7392,25835.50000000,1787759999999,19323.99891000,293,10671.20000000,8012.83067000,0
2026-08-26 16:00:00,0.7375,0.7441,0.729,0.741,3180.50000000,1787774399999,2344.46183000,61,1774.20000000,1308.16221000,0
2026-08-26 20:00:00,0.7377,0.7675,0.7335,0.7675,10578.50000000,1787788799999,7947.91673000,79,8994.30000000,6755.63551000,0
2026-08-27 00:00:00,0.7667,0.7667,0.7477,0.7513,94692.40000000,1787803199999,71299.23506000,211,64140.40000000,48275.39602000,0
2026-08-27 04:00:00,0.7506,0.7572,0.7439,0.7572,5921.90000000,1787817599999,4450.65767000,45,4712.20000000,3541.28445000,0
2026-08-27 08:00:00,0.7581,0.7811,0.7546,0.7614,12586.40000000,1787831999999,9662.65788000,134,4067.70000000,3128.34127000,0
2026-08-27 12:00:00,0.7648,0.7932,0.7631,0.7876,42075.20000000,1787846399999,32886.12394000,334,21585.40000000,16892.18012000,0
2026-08-27 16:00:00,0.786,0.7928,0.7696,0.7795,22016.30000000,1787860799999,17215.08899000,212,11602.00000000,9075.87803000,0
2026-08-27 20:00:00,0.7771,0.7844,0.7728,0.7807,7449.30000000,1787875199999,5786.26253000,58,4936.70000000,3831.67047000,0
2026-08-28 00:00:00,0.7792,0.7994,0.7582,0.7639,22319.10000000,1787889599999,17317.58061000,202,8543.70000000,6636.32792000,0
2026-08-28 04:00:00,0.7635,0.7672,0.757,0.7594,1846.30000000,1787903999999,1401.97887000,38,897.80000000,682.02207000,0
2026-08-28 08:00:00,0.7613,0.7648,0.7494,0.7648,1900.50000000,1787918399999,1437.30315000,40,1205.90000000,912.38072000,0
2026-08-28 12:00:00,0.76,0.7711,0.7504,0.7552,3993.90000000,1787932799999,3037.47654000,99,1510.00000000,1148.70307000,0
2026-08-28 16:00:00,0.7521,0.7553,0.7317,0.737,12642.90000000,1787947199999,9398.73828000,171,2367.90000000,1765.20134000,0
2026-08-28 20:00:00,0.7363,0.743,0.7337,0.7415,5785.70000000,1787961599999,4264.02557000,38,1176.80000000,869.81319000,0
2026-08-29 00:00:00,0.7439,0.746,0.7366,0.7397,1344.70000000,1787975999999,996.62277000,22,727.40000000,539.17674000,0
2026-08-29 04:00:00,0.7381,0.7443,0.7363,0.7363,1785.50000000,1787990399999,1321.74080000,23,881.20000000,652.72709000,0
2026-08-29 08:00:00,0.7335,0.7396,0.7327,0.7342,1556.30000000,1788004799999,1143.89941000,24,782.70000000,574.67038000,0
2026-08-29 12:00:00,0.7383,0.748,0.7353,0.7459,4978.90000000,1788019199999,3716.83616000,29,912.20000000,679.26148000,0
2026-08-29 16:00:00,0.7462,0.7482,0.7402,0.748,5569.20000000,1788033599999,4151.72781000,40,4847.10000000,3613.30027000,0
2026-08-29 20:00:00,0.747,0.747,0.7402,0.7447,3762.90000000,1788047999999,2800.30530000,24,1117.60000000,830.79955000,0
2026-08-30 00:00:00,0.7452,0.7457,0.7392,0.7409,3419.50000000,1788062399999,2536.30541000,31,1424.30000000,1055.29937000,0
2026-08-30 04:00:00,0.7417,0.7452,0.7372,0.7403,1880.40000000,1788076799999,1395.18008000,20,890.60000000,660.89775000,0
2026-08-30 08:00:00,0.7403,0.742,0.7362,0.7402,2057.20000000,1788091199999,1520.27331000,16,1249.40000000,922.83826000,0
2026-08-30 12:00:00,0.7418,0.7517,0.7418,0.7486,3583.90000000,1788105599999,2679.82262000,31,2261.10000000,1691.01402000,0
2026-08-30 16:00:00,0.7543,0.7635,0.7517,0.7544,10322.30000000,1788119999999,7813.73208000,56,9219.80000000,6979.46983000,0
2026-08-30 20:00:00,0.7538,0.756,0.7007,0.7115,8774.30000000,1788134399999,6319.72743000,91,2564.00000000,1860.34380000,0
2026-08-31 00:00:00,0.7116,0.721,0.7071,0.714,12089.50000000,1788148560000,8632.04221000,82,7136.20000000,5098.67607000,0
2026-08-31 12:00:00,0.7234,0.7261,0.7167,0.7208,6426.00000000,1788191999999,4639.90776000,37,4517.90000000,3260.82235000,0
2026-08-31 16:00:00,0.7214,0.7333,0.7189,0.726,16432.20000000,1788206399999,11920.40711000,55,7453.30000000,5409.11680000,0
2026-08-31 20:00:00,0.7272,0.7301,0.7224,0.7258,8719.80000000,1788220799999,6337.35854000,49,5354.40000000,3893.78444000,0
2026-09-01 00:00:00,0.7269,0.7358,0.7269,0.7358,3225.60000000,1788235199999,2355.84824000,22,1608.50000000,1178.18493000,0
2026-09-01 04:00:00,0.731,0.736,0.7291,0.7291,5713.60000000,1788249599999,4184.83745000,29,2014.30000000,1471.42050000,0
2026-09-01 08:00:00,0.7291,0.7334,0.7197,0.7331,8978.60000000,1788263999999,6544.98442000,32,3221.50000000,2340.52465000,0
2026-09-01 12:00:00,0.7298,0.7347,0.7201,0.7292,11155.70000000,1788278399999,8110.41248000,32,7287.90000000,5306.35438000,0
2026-09-01 16:00:00,0.725,0.7332,0.7139,0.7139,9651.00000000,1788292799999,7009.01860000,54,926.30000000,675.02703000,0
2026-09-01 20:00:00,0.7232,0.7259,0.7133,0.7226,18276.90000000,1788307199999,13136.51986000,97,4030.60000000,2899.23166000,0
2026-09-02 00:00:00,0.7218,0.7281,0.7087,0.7217,97174.70000000,1788321599999,70084.37688000,108,79339.00000000,57250.26718000,0
2026-09-02 04:00:00,0.7236,0.7278,0.7192,0.7259,11149.80000000,1788335999999,8075.88767000,53,3049.60000000,2205.23740000,0
2026-09-02 08:00:00,0.7242,0.7242,0.7044,0.7096,12408.50000000,1788350399999,8832.39868000,65,1474.00000000,1052.27476000,0
2026-09-02 12:00:00,0.7145,0.7237,0.7102,0.7217,10122.60000000,1788364799999,7280.69452000,83,3835.40000000,2755.29644000,0
2026-09-02 16:00:00,0.7223,0.7332,0.7174,0.727,21424.00000000,1788379199999,15462.27962000,95,3629.90000000,2626.56012000,0
2026-09-02 20:00:00,0.7299,0.75,0.7299,0.7457,25293.40000000,1788393599999,18785.63350000,108,16206.40000000,12037.96600000,0
2026-09-03 00:00:00,0.746,0.7784,0.7398,0.767,55933.20000000,1788407999999,42757.22792000,200,34419.80000000,26270.50277000,0
2026-09-03 04:00:00,0.7687,0.7761,0.7578,0.7672,21190.10000000,1788422399999,16282.07643000,94,12942.60000000,9939.15019000,0
2026-09-03 08:00:00,0.7709,0.7782,0.759,0.7669,19172.10000000,1788436799999,14740.85062000,99,10680.20000000,8198.41417000,0
2026-09-03 12:00:00,0.7685,0.7889,0.7644,0.7889,13206.60000000,1788451199999,10253.36422000,95,7529.10000000,5841.77844000,0
2026-09-03 16:00:00,0.7762,0.7964,0.7762,0.7864,13944.90000000,1788465599999,10999.16198000,121,7913.00000000,6235.17493000,0
2026-09-03 20:00:00,0.7882,0.7953,0.7758,0.7827,10229.80000000,1788479999999,8031.17920000,81,4187.70000000,3286.62565000,0
2026-09-04 00:00:00,0.7833,0.7866,0.7703,0.7763,7983.80000000,1788494399999,6236.68643000,59,5062.60000000,3955.04504000,0
2026-09-04 04:00:00,0.7713,0.7765,0.7669,0.7706,4460.00000000,1788508799999,3436.66734000,59,2258.10000000,1741.04400000,0
2026-09-04 08:00:00,0.7686,0.7825,0.7685,0.7755,8175.00000000,1788523199999,6333.03021000,67,6113.20000000,4733.39901000,0
2026-09-04 12:00:00,0.7768,0.7782,0.7402,0.75,13724.10000000,1788537599999,10342.13221000,168,8368.90000000,6300.95148000,0
2026-09-04 16:00:00,0.7517,0.7604,0.7486,0.7604,4572.30000000,1788551999999,3446.90270000,58,1292.70000000,975.66798000,0
2026-09-04 20:00:00,0.7579,0.7597,0.7527,0.7556,1616.70000000,1788566399999,1222.91317000,22,911.90000000,689.72166000,0
2026-09-05 00:00:00,0.7551,0.7684,0.7551,0.7658,16658.10000000,1788580799999,12727.66523000,103,7425.10000000,5664.29661000,0
2026-09-05 04:00:00,0.764,0.793,0.761,0.7896,14029.20000000,1788595199999,10831.37136000,112,7728.30000000,5963.01614000,0
2026-09-05 08:00:00,0.7928,0.7928,0.783,0.785,18078.80000000,1788609599999,14240.22761000,101,6856.70000000,5394.76780000,0
2026-09-05 12:00:00,0.7894,0.806,0.7893,0.7966,33457.10000000,1788623999999,26752.61303000,194,21961.40000000,17559.85545000,0
2026-09-05 16:00:00,0.7964,0.8131,0.7917,0.8036,55626.90000000,1788638399999,44729.89361000,230,34765.50000000,28014.52475000,0
2026-09-05 20:00:00,0.8026,0.8066,0.7941,0.7959,37835.70000000,1788652799999,30277.36757000,149,18215.00000000,14552.30046000,0
2026-09-06 00:00:00,0.7954,0.8115,0.7951,0.8042,42494.60000000,1788667199999,34063.36413000,139,21996.80000000,17603.54976000,0
2026-09-06 04:00:00,0.8001,0.8042,0.785,0.7948,29572.90000000,1788681599999,23590.08335000,104,11476.80000000,9163.30874000,0
2026-09-06 08:00:00,0.7949,0.8031,0.7919,0.8031,13485.10000000,1788695999999,10758.71354000,99,8830.80000000,7037.84449000,0
2026-09-06 12:00:00,0.806,0.806,0.7855,0.7918,16926.00000000,1788710399999,13488.39327000,124,7310.40000000,5824.91840000,0
2026-09-06 16:00:00,0.79,0.8022,0.79,0.7975,9775.00000000,1788724799999,7778.95711000,67,3689.60000000,2934.77692000,0
2026-09-06 20:00:00,0.7954,0.8174,0.7954,0.8102,30188.20000000,1788739199999,24381.90148000,174,19130.10000000,15443.98851000,0
2026-09-07 00:00:00,0.8111,0.8216,0.793,0.7963,30305.40000000,1788753599999,24472.77695000,232,12544.40000000,10159.53448000,0
2026-09-07 04:00:00,0.7956,0.8108,0.7871,0.7966,17616.60000000,1788767999999,14091.39523000,163,9882.10000000,7909.66261000,0
2026-09-07 08:00:00,0.7962,0.8164,0.7962,0.8075,13323.10000000,1788782399999,10805.06369000,150,6021.60000000,4878.90246000,0
2026-09-07 12:00:00,0.8109,0.8441,0.801,0.801,60928.90000000,1788796799999,50349.56865000,310,30184.60000000,24945.45454000,0
2026-09-07 16:00:00,0.8041,0.8334,0.8041,0.8285,20296.20000000,1788811199999,16587.33072000,132,6950.80000000,5695.72656000,0
2026-09-07 20:00:00,0.8297,0.8342,0.8056,0.8197,21879.50000000,1788825599999,17976.00763000,152,11077.80000000,9114.74524000,0
2026-09-08 00:00:00,0.819,0.836,0.817,0.8267,34142.00000000,1788839999999,28195.76249000,152,27208.30000000,22466.02261000,0
2026-09-08 04:00:00,0.821,0.8256,0.81,0.816,13442.30000000,1788854399999,10985.22214000,120,7740.20000000,6324.49299000,0
2026-09-08 08:00:00,0.8185,0.8317,0.8072,0.8108,9342.20000000,1788868799999,7667.25327000,90,4768.30000000,3908.88123000,0
2026-09-08 12:00:00,0.81,0.8294,0.797,0.8294,10372.40000000,1788883199999,8486.54802000,96,5493.30000000,4492.57935000,0
2026-09-08 16:00:00,0.8208,0.8334,0.8087,0.8123,28304.00000000,1788897599999,23255.89089000,113,15071.30000000,12392.35122000,0
2026-09-08 20:00:00,0.8177,0.8208,0.8088,0.8099,10292.20000000,1788911999999,8372.27710000,74,5462.20000000,4437.52197000,0
2026-09-09 00:00:00,0.8122,0.8233,0.8062,0.8063,11797.50000000,1788926399999,9630.48399000,93,4690.20000000,3817.70390000,0
2026-09-09 04:00:00,0.813,0.8263,0.8097,0.8222,19282.60000000,1788940799999,15813.34045000,88,4075.50000000,3338.50980000,0
2026-09-09 08:00:00,0.8231,0.8278,0.8033,0.8115,13943.00000000,1788955199999,11320.85178000,84,4855.10000000,3948.11359000,0
2026-09-09 12:00:00,0.8134,0.8201,0.7855,0.7967,16661.80000000,1788969599999,13535.86301000,101,10881.10000000,8838.76545000,0
2026-09-09 16:00:00,0.7971,0.8031,0.7837,0.7837,32747.60000000,1788983999999,26080.28264000,141,15614.20000000,12457.21733000,0
2026-09-09 20:00:00,0.7848,0.788,0.7643,0.7721,21922.30000000,1788998399999,17053.55171000,69,18516.50000000,14400.46615000,0
2026-09-10 00:00:00,0.7715,0.7726,0.7578,0.7692,19205.20000000,1789012799999,14726.16172000,84,12314.00000000,9443.31181000,0
2026-09-10 04:00:00,0.7704,0.7729,0.7619,0.7643,5090.80000000,1789027199999,3917.06963000,26,1464.30000000,1125.44280000,0
2026-09-10 08:00:00,0.7628,0.7656,0.7565,0.7632,7024.40000000,1789041599999,5348.28483000,38,3973.90000000,3028.54364000,0
2026-09-10 12:00:00,0.7633,0.7646,0.7399,0.7425,11546.70000000,1789055999999,8627.17743000,82,4452.80000000,3326.13223000,0
2026-09-10 16:00:00,0.7442,0.747,0.7338,0.7364,4536.50000000,1789070399999,3356.47004000,46,1898.10000000,1404.47503000,0
2026-09-10 20:00:00,0.7411,0.7412,0.7246,0.7267,4898.40000000,1789084799999,3591.50380000,41,1802.60000000,1327.87664000,0
2026-09-11 00:00:00,0.7289,0.7382,0.7289,0.7365,11769.10000000,1789099199999,8636.90489000,62,7190.80000000,5282.48937000,0
2026-09-11 04:00:00,0.7383,0.7424,0.7372,0.7379,17871.20000000,1789113599999,13222.30321000,68,15292.00000000,11314.44229000,0
2026-09-11 08:00:00,0.7381,0.7397,0.7103,0.7191,46696.30000000,1789127999999,33857.11059000,99,26388.10000000,19231.32737000,0
2026-09-11 12:00:00,0.7188,0.7204,0.717,0.717,3230.40000000,1789142399999,2320.76946000,16,2286.70000000,1642.95790000,0
