ts,open,high,low,close,volume,close_time,quote_asset_volume,num_trades,taker_buy_base,taker_buy_quote,ignore
2025-07-30 08:00:00,0.1,0.1,0.096038,0.09611,310379.00,1753876799999,30311.95130200,110,196748.00,19198.06090000,0
2025-07-30 12:00:00,0.095633,0.09991,0.095513,0.09948,204252.00,1753891199999,20104.62818800,124,110511.00,10812.17091100,0
2025-07-30 16:00:00,0.099631,0.09975,0.095575,0.095575,160454.00,1753905599999,15691.61602100,103,108501.00,10626.38683600,0
2025-07-30 20:00:00,0.09671,0.097141,0.095877,0.096302,73480.00,1753919999999,7073.06543600,59,49321.00,4746.29241500,0
2025-07-31 00:00:00,0.096302,0.099479,0.095021,0.09884,131574.00,1753934399999,12681.35886700,86,64606.00,6284.35159000,0
2025-07-31 04:00:00,0.098655,0.099553,0.097715,0.099341,47063.00,1753948799999,4644.57876800,92,39259.00,3872.83124900,0
2025-07-31 08:00:00,0.099252,0.099744,0.098361,0.098666,50977.00,1753963199999,5056.39485900,85,30650.00,3043.99893900,0
2025-07-31 12:00:00,0.098423,0.099058,0.097735,0.097971,116659.00,1753977599999,11452.18408000,87,67421.00,6621.53406100,0
2025-07-31 16:00:00,0.098017,0.098587,0.097702,0.098364,72621.00,1753991999999,7127.75004900,111,57713.00,5669.17781800,0
2025-07-31 20:00:00,0.098206,0.099467,0.097776,0.098164,206556.00,1754006399999,20422.52695600,136,202733.00,20044.14456800,0
2025-08-01 00:00:00,0.097974,0.098513,0.09685,0.098186,91013.00,1754020799999,8882.54609000,121,49288.00,4833.42924300,0
2025-08-01 04:00:00,0.097665,0.098261,0.097485,0.098261,7210.00,1754035199999,705.18732500,29,7108.00,695.21407100,0
2025-08-01 08:00:00,0.098205,0.098351,0.097351,0.098196,14471.00,1754049599999,1416.48347000,37,12632.00,1237.25110000,0
2025-08-01 12:00:00,0.098297,0.098522,0.097711,0.098306,65275.00,1754063999999,6403.23902700,90,55329.00,5424.50392300,0
2025-08-01 16:00:00,0.098387,0.0985,0.096403,0.09696,71485.00,1754078399999,6977.62607900,136,45880.00,4477.82849600,0
2025-08-01 20:00:00,0.096963,0.097748,0.095298,0.095453,78024.00,1754092799999,7518.48479400,125,58357.00,5623.50315300,0
2025-08-02 00:00:00,0.095254,0.096452,0.094723,0.09544,103314.00,1754107199999,9886.80355000,131,91746.00,8779.47319300,0
2025-08-02 04:00:00,0.09542,0.095742,0.093621,0.093852,25807.00,1754121599999,2447.78398000,48,19960.00,1891.85841600,0
2025-08-02 08:00:00,0.094,0.094527,0.093208,0.094437,29415.00,1754135999999,2760.98446700,47,13639.00,1286.58069300,0
2025-08-02 12:00:00,0.094333,0.094567,0.092314,0.093049,76528.00,1754150399999,7121.90725300,81,26955.00,2529.77176000,0
2025-08-02 16:00:00,0.091773,0.091773,0.090331,0.090556,32407.00,1754164799999,2950.36948700,56,18701.00,1702.57263600,0
2025-08-02 20:00:00,0.090151,0.090979,0.089595,0.089782,114450.00,1754179199999,10341.50501000,206,110071.00,9946.76010800,0
2025-08-03 00:00:00,0.08978,0.0985,0.088639,0.091417,295770.00,1754193599999,26674.62021000,111,239583.00,21609.65036100,0
2025-08-03 04:00:00,0.0913,0.093684,0.0913,0.09215,281582.00,1754207999999,25851.78408000,28,280501.00,25752.16993000,0
2025-08-03 08:00:00,0.095289,0.095289,0.093436,0.09512,3333.00,1754222399999,312.61080500,6,2819.00,264.50657300,0
2025-08-03 12:00:00,0.095191,0.095453,0.091798,0.094447,66549.00,1754236799999,6161.10372600,43,14509.00,1374.99357300,0
2025-08-03 16:00:00,0.094791,0.0985,0.092251,0.093381,60181.00,1754251199999,5654.82629500,156,60010.00,5638.97129800,0
2025-08-03 20:00:00,0.093319,0.093723,0.092665,0.093402,76970.00,1754265599999,7184.14316500,108,44306.00,4139.54846300,0
2025-08-04 00:00:00,0.093302,0.094149,0.093268,0.09381,92616.00,1754279999999,8683.15857400,168,90480.00,8483.86638300,0
2025-08-04 04:00:00,0.093845,0.094573,0.093675,0.094573,22252.00,1754294399999,2092.29983000,62,9170.00,861.91448600,0
2025-08-04 08:00:00,0.094576,0.09507,0.094125,0.094704,20140.00,1754308799999,1901.69576200,28,8041.00,761.98344100,0
2025-08-04 12:00:00,0.094844,0.096511,0.094382,0.096459,28284.00,1754323199999,2701.03520400,66,25213.00,2406.72158500,0
2025-08-04 16:00:00,0.09632,0.096813,0.095547,0.095714,98182.00,1754337599999,9450.31414000,180,55600.00,5355.90775500,0
2025-08-04 20:00:00,0.095517,0.096097,0.095069,0.095824,50355.00,1754351999999,4817.95541400,122,39890.00,3815.41509800,0
2025-08-05 00:00:00,0.095696,0.095935,0.094188,0.094188,134073.00,1754366399999,12780.46134000,241,24685.00,2355.40688700,0
2025-08-05 04:00:00,0.094181,0.094532,0.092352,0.092352,28802.00,1754380799999,2697.21742300,65,21673.00,2038.30218700,0
2025-08-05 08:00:00,0.092744,0.094002,0.09236,0.093919,23338.00,1754395199999,2175.49682000,37,13300.00,1245.44473200,0
2025-08-05 12:00:00,0.093967,0.094247,0.092074,0.092339,51739.00,1754409599999,4798.16792700,57,39093.00,3626.61830300,0
2025-08-05 16:00:00,0.092109,0.093501,0.091905,0.092936,44398.00,1754423999999,4129.99379600,79,43005.00,4001.39166000,0
2025-08-05 20:00:00,0.092941,0.094044,0.092901,0.093616,48695.00,1754438399999,4551.20867700,120,47261.00,4416.55053300,0
2025-08-06 00:00:00,0.093546,0.093899,0.0929,0.0929,105621.00,1754452799999,9867.21136700,155,59918.00,5598.35874000,0
2025-08-06 04:00:00,0.09275,0.093235,0.092575,0.092992,7162.00,1754467199999,665.12014200,23,7162.00,665.12014200,0
2025-08-06 08:00:00,0.093126,0.096,0.092695,0.094484,13198.00,1754481599999,1238.86749500,18,10956.00,1030.46109900,0
2025-08-06 12:00:00,0.093858,0.094049,0.093038,0.094049,56140.00,1754495999999,5267.06417200,25,50246.00,4717.57918700,0
2025-08-06 16:00:00,0.09378,0.094969,0.093723,0.094827,82237.00,1754510399999,7767.06575600,72,79647.00,7521.09604600,0
2025-08-06 20:00:00,0.094827,0.094827,0.093131,0.093509,70548.00,1754524799999,6663.13479400,56,52930.00,5002.28539300,0
2025-08-07 00:00:00,0.093509,0.093753,0.0925,0.0925,51107.00,1754539199999,4766.01669800,57,43922.00,4099.07907500,0
2025-08-07 04:00:00,0.09252,0.093673,0.0925,0.093673,10188.00,1754553599999,950.42977000,15,9180.00,857.01587000,0
2025-08-07 08:00:00,0.093582,0.094459,0.09241,0.093612,70766.00,1754567999999,6580.48443700,71,67478.00,6275.03460200,0
2025-08-07 12:00:00,0.094368,0.094368,0.092822,0.093342,79433.00,1754582399999,7388.92035900,32,14230.00,1331.20762600,0
2025-08-07 16:00:00,0.09327,0.09327,0.09177,0.092042,106246.00,1754596799999,9819.26265000,40,88050.00,8125.86778200,0
2025-08-07 20:00:00,0.092181,0.092463,0.090736,0.092457,608897.00,1754611199999,55917.53742400,123,579556.00,53227.49431300,0
2025-08-08 00:00:00,0.092422,0.093139,0.09124,0.091885,58907.00,1754625599999,5436.14082200,35,32070.00,2972.04793600,0
2025-08-08 04:00:00,0.091869,0.092679,0.091869,0.092679,24652.00,1754639999999,2281.76500300,25,24060.00,2227.36062800,0
2025-08-08 08:00:00,0.093957,0.094825,0.093957,0.09471,5365.00,1754654399999,506.17202400,10,5106.00,481.77152100,0
2025-08-08 12:00:00,0.094434,0.094759,0.092859,0.093679,46099.00,1754668799999,4323.18346000,76,30054.00,2821.20930800,0
2025-08-08 16:00:00,0.093679,0.093679,0.091732,0.092621,65273.00,1754683199999,6035.31845900,75,24390.00,2264.13433500,0
2025-08-08 20:00:00,0.092671,0.092982,0.09201,0.09247,48305.00,1754697599999,4465.75649200,38,21776.00,2013.09311100,0
2025-08-09 00:00:00,0.092128,0.092488,0.091709,0.092453,25035.00,1754711999999,2304.43711600,29,13446.00,1239.23842000,0
2025-08-09 04:00:00,0.092453,0.094053,0.092412,0.093646,68094.00,1754726399999,6367.38426300,66,64694.00,6053.17915800,0
2025-08-09 08:00:00,0.093778,0.094616,0.093715,0.094038,42876.00,1754740799999,4038.00324700,61,37998.00,3579.50764700,0
2025-08-09 12:00:00,0.093733,0.093939,0.091896,0.091896,19907.00,1754755199999,1845.95899100,35,16907.00,1564.97106200,0
2025-08-09 16:00:00,0.091951,0.092852,0.09175,0.092077,130157.00,1754769599999,12045.45141900,40,123786.00,11459.97688300,0
2025-08-09 20:00:00,0.09209,0.092246,0.09115,0.09115,105580.00,1754783999999,9694.61615600,51,14852.00,1366.17270300,0
2025-08-10 00:00:00,0.090943,0.091057,0.0905,0.090554,35499.00,1754798399999,3223.54340400,40,25260.00,2293.46677600,0
2025-08-10 04:00:00,0.090576,0.091267,0.088871,0.089285,51752.00,1754812799999,4673.80731800,62,29903.00,2703.55262300,0
2025-08-10 08:00:00,0.088,0.089297,0.087428,0.089083,181404.00,1754827199999,16051.69043600,35,23029.00,2054.48065800,0
2025-08-10 12:00:00,0.088842,0.090409,0.088842,0.090126,9937.00,1754841599999,890.54853200,21,8082.00,724.18370200,0
2025-08-10 16:00:00,0.090301,0.090394,0.088306,0.089107,129570.00,1754855999999,11561.48999100,74,38272.00,3408.80221900,0
2025-08-10 20:00:00,0.089027,0.089752,0.087833,0.089693,106299.00,1754870399999,9448.21032800,52,81771.00,7280.67303700,0
2025-08-11 00:00:00,0.091677,0.091677,0.089237,0.090738,76057.00,1754884799999,6842.38027500,59,58022.00,5226.43760500,0
2025-08-11 04:00:00,0.090885,0.091152,0.090885,0.09095,6887.00,1754899199999,626.73552100,8,6887.00,626.73552100,0
2025-08-11 08:00:00,0.091026,0.091026,0.087955,0.088086,11807.00,1754913599999,1062.56491000,20,2942.00,264.87932700,0
2025-08-11 12:00:00,0.088111,0.089332,0.086899,0.088404,151768.00,1754927999999,13292.99540400,68,28003.00,2476.13806500,0
2025-08-11 16:00:00,0.088493,0.088717,0.087665,0.087665,47553.00,1754942399999,4194.37994200,35,21316.00,1879.62061700,0
2025-08-11 20:00:00,0.086899,0.087465,0.085578,0.087075,113086.00,1754956799999,9824.16043600,85,47601.00,4134.49700400,0
2025-08-12 00:00:00,0.086685,0.088469,0.086685,0.088452,24925.00,1754971199999,2190.18154600,26,24895.00,2187.58099600,0
2025-08-12 04:00:00,0.088646,0.08892,0.088233,0.088374,23231.00,1754985599999,2060.27023800,26,23118.00,2050.29990900,0
2025-08-12 08:00:00,0.088947,0.088947,0.087134,0.087134,16111.00,1754999999999,1425.01931600,19,16111.00,1425.01931600,0
2025-08-12 12:00:00,0.08785,0.089964,0.08785,0.089963,75006.00,1755014399999,6651.28966100,36,21588.00,1921.55930500,0
2025-08-12 16:00:00,0.089829,0.090355,0.089815,0.090355,36509.00,1755028799999,3291.73548800,21,36443.00,3285.79548800,0
2025-08-12 20:00:00,0.090202,0.090955,0.0901,0.090802,121226.00,1755043199999,10988.55090600,49,120226.00,10898.45090600,0
2025-08-13 00:00:00,0.09089,0.090922,0.088288,0.089962,51841.00,1755057599999,4651.13813500,55,27380.00,2464.39351300,0
2025-08-13 04:00:00,0.089748,0.090977,0.089748,0.090977,5756.00,1755071999999,521.41159700,9,5756.00,521.41159700,0
2025-08-13 08:00:00,0.090891,0.091443,0.090516,0.09125,11331.00,1755086399999,1031.60442000,20,10070.00,917.38457300,0
2025-08-13 12:00:00,0.091225,0.091225,0.088573,0.08903,36789.00,1755100799999,3309.97985500,43,15084.00,1362.67267800,0
2025-08-13 16:00:00,0.089572,0.089991,0.088675,0.089571,131276.00,1755115199999,11745.20860900,125,130945.00,11715.85259700,0
2025-08-13 20:00:00,0.089571,0.090078,0.088728,0.089617,196935.00,1755129599999,17567.91922700,114,104283.00,9339.62429900,0
2025-08-14 00:00:00,0.089383,0.090233,0.088883,0.090233,95989.00,1755143999999,8607.38966300,146,74023.00,6639.21735500,0
2025-08-14 04:00:00,0.090128,0.090542,0.088588,0.088588,78704.00,1755158399999,7106.35637600,92,76226.00,6884.94964500,0
2025-08-14 08:00:00,0.088821,0.091614,0.088265,0.089711,14517.00,1755172799999,1297.10308800,23,5955.00,534.54703400,0
2025-08-14 12:00:00,0.089937,0.090422,0.086626,0.087131,116167.00,1755187199999,10172.08436200,108,43870.00,3852.51089000,0
2025-08-14 16:00:00,0.087136,0.087617,0.086189,0.087617,109765.00,1755201599999,9518.25886900,90,104857.00,9091.70121200,0
2025-08-14 20:00:00,0.087287,0.087287,0.085598,0.086395,87796.00,1755215999999,7575.17205100,76,63862.00,5511.83152900,0
2025-08-15 00:00:00,0.086141,0.088254,0.085983,0.087914,74389.00,1755230399999,6497.34798300,54,71326.00,6229.95768800,0
2025-08-15 04:00:00,0.087914,0.088089,0.086819,0.087649,26498.00,1755244799999,2325.07537200,43,21157.00,1860.04568200,0
2025-08-15 08:00:00,0.087019,0.087537,0.086577,0.087452,49330.00,1755259199999,4307.81048100,20,39577.00,3462.88745700,0
2025-08-15 12:00:00,0.08731,0.087643,0.084399,0.0844,64342.00,1755273599999,5462.50247500,49,15789.00,1346.05035800,0
2025-08-15 16:00:00,0.0844,0.085404,0.084399,0.084891,67371.00,1755287999999,5700.69960700,83,67335.00,5697.66124300,0
2025-08-15 20:00:00,0.084891,0.096171,0.084399,0.094,99558.00,1755302399999,8621.72816800,132,88008.00,7591.08891000,0
2025-08-16 00:00:00,0.089736,0.094,0.08567,0.087696,44646.00,1755316799999,3962.46689200,98,20798.00,1834.72252800,0
2025-08-16 04:00:00,0.087207,0.094,0.087046,0.088393,15119.00,1755331199999,1378.37455900,40,13451.00,1224.73341100,0
2025-08-16 08:00:00,0.087899,0.088241,0.087492,0.088241,18353.00,1755345599999,1613.13379500,23,5173.00,456.28474700,0
2025-08-16 12:00:00,0.088241,0.094,0.08555,0.086563,93503.00,1755359999999,8214.46550600,105,22657.00,2022.57760600,0
2025-08-16 16:00:00,0.086554,0.086608,0.085062,0.086056,23032.00,1755374399999,1983.17818000,39,23032.00,1983.17818000,0
2025-08-16 20:00:00,0.085731,0.094,0.0855,0.094,27658.00,1755388799999,2504.02091300,64,21977.00,2015.18623700,0
2025-08-17 00:00:00,0.093,0.094,0.0855,0.094,82173.00,1755403199999,7601.92466500,41,25341.00,2363.62429500,0
2025-08-17 04:00:00,0.094,0.094,0.085501,0.094,23194.00,1755417599999,2067.34701300,87,15999.00,1451.05834600,0
2025-08-17 08:00:00,0.094,0.094,0.09375,0.09375,2673.00,1755431999999,251.25700000,7,2673.00,251.25700000,0
2025-08-17 12:00:00,0.09301,0.09374,0.085,0.085,61419.00,1755446399999,5269.48956200,84,5910.00,547.67151100,0
2025-08-17 16:00:00,0.085017,0.093706,0.085,0.093706,21540.00,1755460799999,1935.35445600,43,13478.00,1245.47390000,0
2025-08-17 20:00:00,0.093706,0.093706,0.0867,0.0937,16952.00,1755475199999,1533.98364200,17,6379.00,597.02411100,0
2025-08-18 00:00:00,0.0937,0.09373,0.0867,0.09373,22221.00,1755489599999,2079.76016500,33,19706.00,1846.77653200,0
2025-08-18 04:00:00,0.09373,0.093737,0.0867,0.0867,5740.00,1755503999999,505.23731700,14,1761.00,160.15798600,0
2025-08-18 08:00:00,0.087133,0.093999,0.083371,0.08408,51789.00,1755518399999,4420.66072900,48,15747.00,1373.58715900,0
2025-08-18 12:00:00,0.083736,0.084322,0.08275,0.083907,25536.00,1755532799999,2131.92723600,47,21821.00,1821.46743700,0
2025-08-18 16:00:00,0.083803,0.083815,0.082612,0.083253,63189.00,1755547199999,5264.02787300,60,36317.00,3027.97903900,0
2025-08-18 20:00:00,0.083202,0.08388,0.0825,0.082566,166401.00,1755561599999,13894.93801300,66,48127.00,4019.63101300,0
2025-08-19 00:00:00,0.082826,0.08353,0.082069,0.082069,178001.00,1755575999999,14792.34846500,76,37244.00,3071.50024600,0
2025-08-19 04:00:00,0.081717,0.083221,0.081497,0.082988,11042.00,1755590399999,912.97941600,15,9148.00,757.92049700,0
2025-08-19 08:00:00,0.083273,0.084838,0.082902,0.084779,22878.00,1755604799999,1911.01404500,19,14592.00,1223.38626800,0
2025-08-19 12:00:00,0.085174,0.085683,0.083574,0.083574,47176.00,1755619199999,3998.23813800,37,25232.00,2142.81464400,0
2025-08-19 16:00:00,0.083429,0.084061,0.08272,0.082781,49025.00,1755633599999,4103.50262300,29,47780.00,3999.58772600,0
2025-08-19 20:00:00,0.08246,0.082925,0.081299,0.081366,31765.00,1755647999999,2625.72085400,42,31765.00,2625.72085400,0
2025-08-20 00:00:00,0.081379,0.081912,0.080801,0.081417,107029.00,1755662399999,8714.12393600,179,70522.00,5751.70028400,0
2025-08-20 04:00:00,0.081417,0.083075,0.081417,0.083031,25981.00,1755676799999,2125.31517300,30,25981.00,2125.31517300,0
2025-08-20 08:00:00,0.082554,0.082672,0.081429,0.081449,44363.00,1755691199999,3641.05676000,21,8133.00,670.83599800,0
2025-08-20 12:00:00,0.082066,0.082338,0.081417,0.081868,44634.00,1755705599999,3645.04170700,47,17945.00,1469.66035900,0
2025-08-20 16:00:00,0.082,0.082935,0.081417,0.081723,50795.00,1755719999999,4178.04051600,59,43729.00,3598.08210700,0
2025-08-20 20:00:00,0.082122,0.082916,0.081704,0.082047,27633.00,1755734399999,2272.23617000,32,26426.00,2172.97551000,0
2025-08-21 00:00:00,0.08203,0.082711,0.081429,0.082113,71568.00,1755748799999,5864.23764400,66,71194.00,5833.67780600,0
2025-08-21 04:00:00,0.08176,0.084359,0.081684,0.084359,33093.00,1755763199999,2722.55317600,40,11423.00,949.67889900,0
2025-08-21 08:00:00,0.082784,0.083376,0.0823,0.082325,7771.00,1755777599999,641.12375100,15,1907.00,157.37592300,0
2025-08-21 12:00:00,0.08242,0.083089,0.08228,0.082374,14878.00,1755791999999,1230.38787200,29,11156.00,923.73441900,0
2025-08-21 16:00:00,0.082284,0.082512,0.081471,0.082078,216889.00,1755806399999,17797.45554400,42,136126.00,11200.11679900,0
2025-08-21 20:00:00,0.082097,0.082375,0.081479,0.081604,46748.00,1755820799999,3825.93725100,44,46082.00,3771.42722500,0
2025-08-22 00:00:00,0.081716,0.083486,0.081716,0.082905,19513.00,1755835199999,1613.91324500,27,18855.00,1559.65674900,0
2025-08-22 04:00:00,0.082925,0.084192,0.082894,0.083605,11475.00,1755849599999,958.26600400,21,9622.00,803.73193200,0
2025-08-22 08:00:00,0.084178,0.084259,0.0824,0.0824,5779.00,1755863999999,481.11246400,15,4181.00,349.04362200,0
2025-08-22 12:00:00,0.082401,0.085362,0.081438,0.085362,70917.00,1755878399999,5965.84926700,72,64538.00,5445.15306600,0
2025-08-22 16:00:00,0.085302,0.085914,0.084419,0.084802,108383.00,1755892799999,9281.65778900,25,108383.00,9281.65778900,0
2025-08-22 20:00:00,0.084117,0.08473,0.083618,0.083878,35279.00,1755907199999,2955.72422800,26,33101.00,2773.19640900,0
2025-08-23 00:00:00,0.083869,0.084229,0.083326,0.083797,26917.00,1755921599999,2255.16945000,33,20888.00,1750.73759500,0
2025-08-23 04:00:00,0.083933,0.085205,0.083933,0.085205,97573.00,1755935999999,8308.12089800,12,96870.00,8248.67235600,0
2025-08-23 08:00:00,0.08468,0.08468,0.08292,0.083496,19216.00,1755950399999,1615.60864400,25,18447.00,1551.62801100,0
2025-08-23 12:00:00,0.083482,0.083511,0.081669,0.082423,41054.00,1755964799999,3392.57298400,39,34787.00,2874.07608400,0
2025-08-23 16:00:00,0.082242,0.082774,0.081952,0.082671,23983.00,1755979199999,1972.91278900,23,16754.00,1380.08598800,0
2025-08-23 20:00:00,0.082399,0.082945,0.082053,0.082935,24898.00,1755993599999,2055.30097400,35,22791.00,1882.07117600,0
2025-08-24 00:00:00,0.083033,0.083115,0.082768,0.082834,117924.00,1756007999999,9787.35479000,9,117924.00,9787.35479000,0
2025-08-24 04:00:00,0.083045,0.083045,0.081699,0.08212,19515.00,1756022399999,1603.07268600,21,19515.00,1603.07268600,0
2025-08-24 08:00:00,0.082111,0.082111,0.081724,0.082072,4988.00,1756036799999,408.46478100,5,728.00,59.76971000,0
2025-08-24 12:00:00,0.082178,0.083256,0.081914,0.081947,7390.00,1756051199999,611.54737100,13,6183.00,512.15920200,0
2025-08-24 16:00:00,0.082104,0.083465,0.081732,0.081757,176975.00,1756065599999,14602.13037800,36,63401.00,5265.61458200,0
2025-08-24 20:00:00,0.081999,0.082384,0.081512,0.082323,13218.00,1756079999999,1085.69356400,29,8971.00,737.59186100,0
2025-08-25 00:00:00,0.089,0.089,0.082163,0.082817,13715.00,1756094399999,1134.08737400,21,13473.00,1114.19675200,0
2025-08-25 04:00:00,0.082405,0.082699,0.082405,0.082658,3685.00,1756108799999,303.85370300,7,3629.00,299.22255900,0
2025-08-25 08:00:00,0.082474,0.082544,0.082404,0.082405,13211.00,1756123199999,1088.92760200,12,9079.00,748.17122100,0
2025-08-25 12:00:00,0.082405,0.082405,0.081343,0.081989,23709.00,1756137599999,1941.25337700,41,18709.00,1533.41393100,0
2025-08-25 16:00:00,0.081988,0.081989,0.081988,0.081989,12684.00,1756151999999,1039.94250200,19,6710.00,550.14619000,0
2025-08-25 20:00:00,0.081989,0.081989,0.081988,0.081989,20188.00,1756166399999,1655.19348400,16,19740.00,1618.46286000,0
2025-08-26 00:00:00,0.081989,0.081989,0.079742,0.080227,176647.00,1756180799999,14205.00537300,67,163987.00,13181.42955100,0
2025-08-26 04:00:00,0.080783,0.081882,0.080223,0.080293,15187.00,1756195199999,1229.56858300,13,15187.00,1229.56858300,0
2025-08-26 08:00:00,0.080294,0.080518,0.079709,0.080037,38602.00,1756209599999,3095.71866300,57,15002.00,1204.76196300,0
2025-08-26 12:00:00,0.080037,0.08141,0.080037,0.081204,529439.00,1756223999999,42752.65031600,100,364117.00,29387.32283400,0
2025-08-26 16:00:00,0.08139,0.08139,0.080486,0.081014,28432.00,1756238399999,2303.01628100,46,26567.00,2152.47566800,0
2025-08-26 20:00:00,0.081116,0.081176,0.077518,0.078911,57103.00,1756252799999,4478.79363900,77,50482.00,3958.75689600,0
2025-08-27 00:00:00,0.079382,0.079517,0.07901,0.079158,36342.00,1756267199999,2877.55163700,38,33502.00,2652.81640800,0
2025-08-27 04:00:00,0.079453,0.079651,0.078105,0.078139,49460.00,1756281599999,3927.34311700,28,8564.00,680.34749000,0
2025-08-27 08:00:00,0.07816,0.079234,0.077978,0.079006,33782.00,1756295999999,2649.99549000,47,31646.00,2483.07929300,0
2025-08-27 12:00:00,0.079006,0.079584,0.078563,0.07932,15696.00,1756310399999,1242.76904200,23,15367.00,1216.74741700,0
2025-08-27 16:00:00,0.079499,0.080038,0.079134,0.079134,49114.00,1756324799999,3921.56904100,23,49114.00,3921.56904100,0
2025-08-27 20:00:00,0.079715,0.079992,0.077179,0.078863,77394.00,1756339199999,6102.53799700,59,77252.00,6091.27782300,0
2025-08-28 00:00:00,0.079069,0.079069,0.077659,0.077912,122990.00,1756353599999,9573.80333700,47,32241.00,2517.75354200,0
2025-08-28 04:00:00,0.078221,0.080482,0.078221,0.080187,64619.00,1756367999999,5084.78191400,57,60911.00,4793.55930200,0
2025-08-28 08:00:00,0.080074,0.080502,0.079581,0.080443,8209.00,1756382399999,657.94552100,18,5754.00,462.15122100,0
2025-08-28 12:00:00,0.080443,0.080443,0.079071,0.079294,28775.00,1756396799999,2296.72252600,34,11925.00,952.64418000,0
2025-08-28 16:00:00,0.079765,0.080136,0.078971,0.078971,31166.00,1756411199999,2479.58757300,50,23214.00,1849.49210300,0
2025-08-28 20:00:00,0.079129,0.079194,0.077932,0.079194,15462.00,1756425599999,1216.71956500,23,12831.00,1009.64159200,0
2025-08-29 00:00:00,0.079233,0.079669,0.075949,0.076914,225757.00,1756439999999,17860.38812900,105,100547.00,7942.27305500,0
2025-08-29 04:00:00,0.076804,0.077378,0.076354,0.077378,13036.00,1756454399999,1002.02544200,23,13036.00,1002.02544200,0
2025-08-29 08:00:00,0.077,0.077118,0.075635,0.077118,34930.00,1756468799999,2668.99300000,29,8494.00,650.66025700,0
2025-08-29 12:00:00,0.077388,0.078491,0.075438,0.075819,126469.00,1756483199999,9628.86877900,52,33464.00,2590.45800000,0
2025-08-29 16:00:00,0.075699,0.075916,0.07531,0.075669,47531.00,1756497599999,3597.87444000,58,46823.00,3544.49648400,0
2025-08-29 20:00:00,0.07584,0.076038,0.075317,0.076038,14822.00,1756511999999,1122.76702200,18,11456.00,867.90327200,0
2025-08-30 00:00:00,0.07609,0.076987,0.07609,0.076987,36423.00,1756526399999,2778.16979300,32,29513.00,2251.83099300,0
2025-08-30 04:00:00,0.07652,0.080909,0.07652,0.080412,51927.00,1756540799999,4049.66388500,42,44483.00,3460.92745700,0
2025-08-30 08:00:00,0.080564,0.080969,0.08002,0.080762,6081.00,1756555199999,488.75479900,16,2867.00,231.07712800,0
2025-08-30 12:00:00,0.080695,0.080695,0.078583,0.080066,12112.00,1756569599999,963.24375400,26,10698.00,851.44443200,0
2025-08-30 16:00:00,0.080083,0.080794,0.079973,0.080417,18764.00,1756583999999,1510.17249300,31,17146.00,1380.65529100,0
2025-08-30 20:00:00,0.080276,0.080638,0.079488,0.080538,13868.00,1756598399999,1112.15841100,18,11246.00,902.97517100,0
2025-08-31 00:00:00,0.080231,0.081384,0.080231,0.081384,36268.00,1756612799999,2947.54137300,20,36268.00,2947.54137300,0
2025-08-31 04:00:00,0.081374,0.081374,0.079857,0.080973,44381.00,1756627199999,3586.20772400,71,12463.00,1006.83535600,0
2025-08-31 08:00:00,0.080773,0.080843,0.080174,0.080655,6126.00,1756641599999,492.69007200,7,1373.00,110.93600200,0
2025-08-31 12:00:00,0.080433,0.080601,0.080207,0.080302,7464.00,1756655999999,600.26397800,20,7154.00,575.37488300,0
2025-08-31 16:00:00,0.080953,0.080953,0.079593,0.079614,11737.00,1756670399999,939.39924900,22,11737.00,939.39924900,0
2025-08-31 20:00:00,0.079432,0.079765,0.07855,0.078632,53661.00,1756684799999,4237.50826800,24,29358.00,2320.79585700,0
2025-09-01 00:00:00,0.078531,0.078762,0.078058,0.078762,39818.00,1756699199999,3124.37927800,54,38130.00,2992.34946100,0
2025-09-01 04:00:00,0.07803,0.079504,0.077895,0.079504,31410.00,1756713599999,2456.42705900,17,31410.00,2456.42705900,0
2025-09-01 08:00:00,0.079996,0.080722,0.079926,0.080441,12924.00,1756727999999,1036.18611800,12,5848.00,469.63527300,0
2025-09-01 12:00:00,0.079927,0.079927,0.079926,0.079927,9277.00,1756742399999,741.48246500,17,8963.00,716.38570100,0
2025-09-01 16:00:00,0.079927,0.079927,0.078107,0.078108,54294.00,1756756799999,4246.01476800,29,46291.00,3620.39329900,0
2025-09-01 20:00:00,0.078108,0.078239,0.076571,0.077002,98867.00,1756771199999,7698.31878800,50,94860.00,7385.50003800,0
2025-09-02 00:00:00,0.077245,0.077702,0.077035,0.077558,79854.00,1756785599999,6179.89519800,34,79854.00,6179.89519800,0
2025-09-02 04:00:00,0.07789,0.079117,0.0777,0.0777,50229.00,1756799999999,3926.06551900,35,49988.00,3907.33354100,0
2025-09-02 08:00:00,0.07782,0.07782,0.076571,0.076571,15517.00,1756814399999,1202.37708200,11,13264.00,1028.02743700,0
2025-09-02 12:00:00,0.076571,0.078542,0.076571,0.078424,47987.00,1756828799999,3721.50546200,28,46270.00,3588.19221800,0
2025-09-02 16:00:00,0.078543,0.079444,0.078542,0.079444,64029.00,1756843199999,5047.35320800,48,58858.00,4640.68652600,0
2025-09-02 20:00:00,0.079068,0.079667,0.078332,0.079395,74792.00,1756857599999,5907.92596700,119,26977.00,2135.35492000,0
2025-09-03 00:00:00,0.079395,0.080568,0.079263,0.079532,75908.00,1756871999999,6047.88029700,61,73094.00,5824.16553700,0
2025-09-03 04:00:00,0.078956,0.079631,0.078282,0.078703,6606.00,1756886399999,520.86053700,14,3595.00,284.25606600,0
2025-09-03 08:00:00,0.078721,0.079033,0.078,0.078454,16291.00,1756900799999,1272.96605500,17,4431.00,347.84369400,0
2025-09-03 12:00:00,0.078205,0.079208,0.078,0.079208,27599.00,1756915199999,2169.66542400,26,25001.00,1966.97980900,0
2025-09-03 16:00:00,0.079224,0.079224,0.078,0.078281,55979.00,1756929599999,4402.18327400,44,53054.00,4173.34137900,0
2025-09-03 20:00:00,0.078394,0.079244,0.078348,0.078566,19210.00,1756943999999,1511.68620100,25,16938.00,1333.49476000,0
2025-09-04 00:00:00,0.078358,0.079107,0.078155,0.078249,30338.00,1756958399999,2382.58614000,49,22161.00,1742.77322200,0
2025-09-04 04:00:00,0.079086,0.079134,0.078466,0.078483,30776.00,1756972799999,2422.65121400,21,30599.00,2408.72447600,0
2025-09-04 08:00:00,0.078418,0.078532,0.078155,0.078532,9149.00,1756987199999,716.71142500,9,1721.00,134.70853100,0
2025-09-04 12:00:00,0.078873,0.08139,0.07752,0.077709,45332.00,1757001599999,3547.96808900,28,27681.00,2171.19008900,0
2025-09-04 16:00:00,0.077579,0.078254,0.077494,0.078001,21115.00,1757015999999,1647.93849800,22,20039.00,1564.50962500,0
2025-09-04 20:00:00,0.078001,0.07848,0.076804,0.076804,52449.00,1757030399999,4093.95627500,46,48489.00,3789.23440100,0
2025-09-05 00:00:00,0.077059,0.078102,0.076834,0.07739,39809.00,1757044799999,3084.96040800,55,25059.00,1946.62659500,0
2025-09-05 04:00:00,0.077535,0.08139,0.07752,0.08139,91214.00,1757059199999,7401.98386600,28,91214.00,7401.98386600,0
2025-09-05 08:00:00,0.081894,0.082895,0.081488,0.082895,20583.00,1757073599999,1689.97820500,15,11215.00,925.19442400,0
2025-09-05 12:00:00,0.083105,0.083236,0.080312,0.081224,15525.00,1757087999999,1267.83804100,24,15048.00,1228.55710600,0
2025-09-05 16:00:00,0.081213,0.08143,0.080332,0.08123,21728.00,1757102399999,1761.08195800,23,17728.00,1438.79135900,0
2025-09-05 20:00:00,0.080711,0.081019,0.079877,0.080673,35869.00,1757116799999,2899.86034300,21,35813.00,2895.34052700,0
2025-09-06 00:00:00,0.080879,0.081125,0.079982,0.080913,72492.00,1757131199999,5853.97411200,59,68114.00,5501.76459000,0
2025-09-06 04:00:00,0.080568,0.08136,0.08015,0.08136,7757.00,1757145599999,624.76850900,13,2829.00,228.24510200,0
2025-09-06 08:00:00,0.081149,0.081149,0.079802,0.080287,10090.00,1757159999999,809.62446900,17,5121.00,411.75263100,0
2025-09-06 12:00:00,0.080528,0.080538,0.079791,0.080257,6464.00,1757174399999,517.60200900,13,4464.00,358.01000900,0
2025-09-06 16:00:00,0.079872,0.079872,0.078486,0.079144,11053.00,1757188799999,872.12452700,22,10818.00,853.48876000,0
2025-09-06 20:00:00,0.079264,0.079495,0.078868,0.079454,21542.00,1757203199999,1707.19609300,20,14284.00,1134.03910500,0
2025-09-07 00:00:00,0.082,0.082,0.0781,0.078843,3601.00,1757217599999,283.20087300,12,2601.00,205.06828800,0
2025-09-07 04:00:00,0.079034,0.079288,0.078736,0.079073,8706.00,1757231999999,687.46671800,12,8611.00,679.97530300,0
2025-09-07 08:00:00,0.079184,0.079585,0.078541,0.079565,4939.00,1757246399999,390.21937700,12,1255.00,99.79469100,0
2025-09-07 12:00:00,0.079036,0.080153,0.0784,0.079367,24731.00,1757260799999,1954.17113300,31,17329.00,1370.30743300,0
2025-09-07 16:00:00,0.079367,0.079367,0.078756,0.079046,8647.00,1757275199999,686.11206800,7,8647.00,686.11206800,0
2025-09-07 20:00:00,0.078946,0.07972,0.078533,0.079056,171979.00,1757289599999,13680.56740400,52,169806.00,13509.34813600,0
2025-09-08 00:00:00,0.079138,0.079304,0.078971,0.079051,45260.00,1757303999999,3584.47427700,33,45260.00,3584.47427700,0
2025-09-08 04:00:00,0.0781,0.079637,0.07657,0.079512,31201.00,1757318399999,2455.49795700,18,27137.00,2139.19809300,0
2025-09-08 08:00:00,0.079522,0.08032,0.079178,0.079567,9839.00,1757332799999,785.02649600,14,4253.00,341.29495600,0
2025-09-08 12:00:00,0.080254,0.081131,0.079736,0.081131,72168.00,1757347199999,5848.46221700,37,32174.00,2606.01160500,0
2025-09-08 16:00:00,0.08123,0.08123,0.080347,0.080768,12153.00,1757361599999,983.38205100,23,11066.00,896.01250400,0
2025-09-08 20:00:00,0.078901,0.079279,0.078224,0.078716,38835.00,1757375999999,3048.53460400,23,4623.00,365.31387200,0
2025-09-09 00:00:00,0.078921,0.07919,0.07807,0.078576,82531.00,1757390399999,6490.63114300,112,31850.00,2500.94456000,0
2025-09-09 04:00:00,0.079146,0.081086,0.079016,0.080355,5455.00,1757404799999,437.36234100,11,5292.00,424.47394100,0
2025-09-09 08:00:00,0.080448,0.080863,0.079915,0.080863,9515.00,1757419199999,763.41468200,16,3626.00,292.09807100,0
2025-09-09 12:00:00,0.080731,0.081146,0.079,0.079,28337.00,1757433599999,2263.11429800,24,19276.00,1537.25420400,0
2025-09-09 16:00:00,0.079327,0.079441,0.078901,0.079392,41582.00,1757447999999,3287.80047100,45,8071.00,638.56721700,0
2025-09-09 20:00:00,0.079176,0.079447,0.078688,0.078854,15084.00,1757462399999,1194.83371100,42,8051.00,638.59470700,0
2025-09-10 00:00:00,0.079181,0.079509,0.079076,0.079362,5857.00,1757476799999,464.66246500,16,5724.00,454.10731900,0
2025-09-10 04:00:00,0.079362,0.079946,0.07927,0.079907,38670.00,1757491199999,3078.45289300,50,23670.00,1888.38307600,0
2025-09-10 08:00:00,0.079492,0.079574,0.078992,0.079146,7849.00,1757505599999,622.53253200,21,6691.00,530.88016500,0
2025-09-10 12:00:00,0.079337,0.079812,0.079152,0.079527,29064.00,1757519999999,2315.72905200,28,23787.00,1897.14759300,0
2025-09-10 16:00:00,0.079152,0.079152,0.078,0.078,99668.00,1757534399999,7784.84403300,33,7405.00,580.18523000,0
2025-09-10 20:00:00,0.077745,0.078769,0.07755,0.078769,12459.00,1757548799999,970.33490000,26,12314.00,959.04781000,0
2025-09-11 00:00:00,0.078711,0.079215,0.078381,0.079215,112831.00,1757563199999,8854.86879900,36,85902.00,6742.62923600,0
2025-09-11 04:00:00,0.078803,0.079253,0.077842,0.077842,30785.00,1757577599999,2426.15184700,24,20899.00,1648.85309500,0
2025-09-11 08:00:00,0.07682,0.079907,0.073694,0.073721,41516.00,1757591999999,3152.39233400,40,9546.00,724.97115800,0
2025-09-11 12:00:00,0.074276,0.074559,0.073343,0.074544,41249.00,1757606399999,3046.22258700,47,32619.00,2411.16787500,0
2025-09-11 16:00:00,0.074753,0.07478,0.073591,0.074183,61172.00,1757620799999,4533.24190100,48,46840.00,3471.60354900,0
2025-09-11 20:00:00,0.074488,0.075082,0.074183,0.074951,82165.00,1757635199999,6130.37048700,56,56699.00,4228.68108200,0
2025-09-12 00:00:00,0.074951,0.075601,0.074901,0.075601,27231.00,1757649599999,2047.43869300,22,25766.00,1937.57085500,0
2025-09-12 04:00:00,0.075734,0.076827,0.074936,0.076827,37059.00,1757663999999,2805.42323700,24,32089.00,2431.28668100,0
2025-09-12 08:00:00,0.077432,0.079907,0.07632,0.07632,14143.00,1757678399999,1090.51732200,22,8797.00,681.46533800,0
2025-09-12 12:00:00,0.076784,0.07783,0.076748,0.077621,36794.00,1757692799999,2839.83118300,28,31490.00,2431.29137000,0
2025-09-12 16:00:00,0.077269,0.077797,0.077134,0.077625,11071.00,1757707199999,856.82057700,23,8531.00,660.64016400,0
2025-09-12 20:00:00,0.077656,0.07797,0.07653,0.07653,40537.00,1757721599999,3126.48242700,19,20064.00,1558.92037300,0
2025-09-13 00:00:00,0.076494,0.077116,0.076195,0.077116,28580.00,1757735999999,2187.92401200,37,26134.00,2001.05536200,0
2025-09-13 04:00:00,0.077138,0.078462,0.077138,0.078462,7542.00,1757750399999,586.17683200,15,2117.00,164.30315000,0
2025-09-13 08:00:00,0.078543,0.079635,0.078143,0.079292,11939.00,1757764799999,941.14638500,15,7250.00,573.82643900,0
2025-09-13 12:00:00,0.078754,0.079144,0.078388,0.078712,10679.00,1757779199999,841.84280300,15,9572.00,754.78693700,0
2025-09-13 16:00:00,0.078213,0.07832,0.0775,0.077632,23336.00,1757793599999,1823.15012800,35,21386.00,1671.11274000,0
2025-09-13 20:00:00,0.077329,0.078363,0.077286,0.078195,6193.00,1757807999999,483.59741500,12,5891.00,460.24904500,0
2025-09-14 00:00:00,0.078195,0.078419,0.077286,0.078276,8176.00,1757822399999,636.75611300,12,7400.00,576.58901700,0
2025-09-14 04:00:00,0.078276,0.078276,0.077494,0.078122,3845.00,1757836799999,300.44368700,7,3792.00,296.33650500,0
2025-09-14 08:00:00,0.078114,0.078114,0.076759,0.076759,2398.00,1757851199999,185.43128000,7,512.00,39.93395200,0
2025-09-14 12:00:00,0.077144,0.077465,0.075971,0.076474,28198.00,1757865599999,2160.60628200,44,15024.00,1151.90889100,0
2025-09-14 16:00:00,0.076516,0.077071,0.076371,0.077014,11847.00,1757879999999,911.11567800,17,10626.00,817.79919700,0
2025-09-14 20:00:00,0.07704,0.077509,0.076936,0.077509,19678.00,1757894399999,1516.08547400,13,19678.00,1516.08547400,0
2025-09-15 00:00:00,0.077037,0.077238,0.076191,0.077238,4768.00,1757908799999,366.18416700,10,2215.00,170.79990000,0
2025-09-15 04:00:00,0.077398,0.078361,0.077388,0.078343,3165.00,1757923199999,246.70844800,5,3165.00,246.70844800,0
2025-09-15 08:00:00,0.075965,0.076143,0.075748,0.076043,4931.00,1757937599999,374.35923300,14,2085.00,158.49949000,0
2025-09-15 12:00:00,0.076118,0.077007,0.0748,0.075207,22556.00,1757951999999,1712.48963800,29,14909.00,1138.71516100,0
2025-09-15 16:00:00,0.075207,0.076295,0.075062,0.075654,24104.00,1757966399999,1821.73110300,26,13489.00,1023.27882500,0
2025-09-15 20:00:00,0.075791,0.076353,0.075425,0.075803,27023.00,1757980799999,2052.73011500,31,21986.00,1672.07040800,0
2025-09-16 00:00:00,0.07578,0.076703,0.07578,0.076703,4113.00,1757995199999,314.43464300,9,3784.00,289.35881400,0
2025-09-16 04:00:00,0.076552,0.076951,0.07625,0.076947,10330.00,1758009599999,792.48405800,14,9143.00,701.86328400,0
2025-09-16 08:00:00,0.076827,0.076827,0.075107,0.075713,20232.00,1758023999999,1536.63837200,18,20202.00,1534.38264200,0
2025-09-16 12:00:00,0.075516,0.076355,0.074961,0.076255,12516.00,1758038399999,944.35030200,30,7551.00,570.65210000,0
2025-09-16 16:00:00,0.076272,0.076453,0.076235,0.076404,12339.00,1758052799999,942.30089700,10,12339.00,942.30089700,0
2025-09-16 20:00:00,0.076404,0.076777,0.07609,0.076546,11742.00,1758067199999,899.02103800,13,11611.00,889.01211400,0
2025-09-17 00:00:00,0.076334,0.082,0.0755,0.082,26361.00,1758081599999,2090.44424500,26,13346.00,1060.29654500,0
2025-09-17 04:00:00,0.082,0.082,0.076486,0.076596,4790.00,1758095999999,385.16929000,10,4567.00,367.99317000,0
2025-09-17 08:00:00,0.07603,0.076887,0.075987,0.076668,1603.00,1758110399999,122.46762500,7,520.00,39.92430000,0
2025-09-17 12:00:00,0.077017,0.077238,0.076497,0.076737,14119.00,1758124799999,1088.27123400,20,12328.00,951.04990800,0
2025-09-17 16:00:00,0.076829,0.077632,0.076737,0.077539,26966.00,1758139199999,2081.71847700,29,24807.00,1915.95589100,0
2025-09-17 20:00:00,0.07831,0.078522,0.077017,0.078515,42287.00,1758153599999,3300.22173200,45,35596.00,2782.47131300,0
2025-09-18 00:00:00,0.078627,0.079164,0.078183,0.078513,6933.00,1758167999999,544.75147500,10,6576.00,516.60470400,0
2025-09-18 04:00:00,0.079016,0.079472,0.078497,0.079184,7774.00,1758182399999,615.63804800,13,6685.00,530.09895500,0
2025-09-18 08:00:00,0.079184,0.081,0.078685,0.079911,6764.00,1758196799999,537.85982500,22,2360.00,188.02992100,0
2025-09-18 12:00:00,0.079816,0.081365,0.078992,0.079312,31760.00,1758211199999,2531.42375200,65,24522.00,1955.10411100,0
2025-09-18 16:00:00,0.079141,0.079953,0.078466,0.078466,12115.00,1758225599999,962.51841400,19,11310.00,899.33570000,0
2025-09-18 20:00:00,0.079422,0.079422,0.078223,0.078739,19549.00,1758239999999,1534.39689300,18,8228.00,648.38965500,0
2025-09-19 00:00:00,0.079082,0.07941,0.078223,0.078481,22993.00,1758254399999,1814.48862400,37,15098.00,1195.24055000,0
2025-09-19 04:00:00,0.078401,0.078613,0.077715,0.07816,7544.00,1758268799999,590.18289500,14,7544.00,590.18289500,0
2025-09-19 08:00:00,0.077873,0.078318,0.077565,0.077975,17710.00,1758283199999,1380.99764000,26,15667.00,1222.00166100,0
2025-09-19 12:00:00,0.078419,0.078421,0.07695,0.07695,19871.00,1758297599999,1541.06898300,18,10184.00,793.13204800,0
2025-09-19 16:00:00,0.077004,0.077688,0.0767,0.0767,81205.00,1758311999999,6280.17153600,26,29990.00,2327.72328700,0
2025-09-19 20:00:00,0.076701,0.076701,0.0755,0.075501,164441.00,1758326399999,12589.06505000,20,21654.00,1656.35225400,0
2025-09-20 00:00:00,0.0755,0.076506,0.07539,0.076506,20114.00,1758340799999,1529.04560700,28,19078.00,1450.81881500,0
2025-09-20 04:00:00,0.076395,0.077351,0.076395,0.076675,49211.00,1758355199999,3793.33730700,15,48955.00,3773.76232300,0
2025-09-20 08:00:00,0.076765,0.07802,0.076331,0.07722,4586.00,1758369599999,354.07185200,10,4080.00,315.43851000,0
2025-09-20 12:00:00,0.077606,0.077606,0.076314,0.077288,13691.00,1758383999999,1052.94649200,30,5320.00,411.22711200,0
2025-09-20 16:00:00,0.077458,0.077458,0.076233,0.076887,5165.00,1758398399999,396.88926600,15,4886.00,375.44074200,0
2025-09-20 20:00:00,0.076887,0.076887,0.076171,0.076171,30185.00,1758412799999,2315.30922100,18,28185.00,2162.90555400,0
2025-09-21 00:00:00,0.07615,0.076374,0.074141,0.076338,11156.00,1758427199999,849.66041500,17,9156.00,698.73843900,0
2025-09-21 04:00:00,0.076155,0.076155,0.076154,0.076155,18146.00,1758441599999,1381.90855500,16,18071.00,1376.19700500,0
2025-09-21 08:00:00,0.076154,0.076305,0.07572,0.07572,3555.00,1758455999999,270.85579700,10,3019.00,230.10799500,0
2025-09-21 12:00:00,0.07575,0.076305,0.075355,0.076246,21514.00,1758470399999,1635.52075100,21,18773.00,1428.13641000,0
2025-09-21 16:00:00,0.076244,0.076244,0.076243,0.076244,2991.00,1758484799999,228.04501800,8,2205.00,168.11802000,0
2025-09-21 20:00:00,0.0775,0.08,0.0775,0.077849,24324.00,1758499199999,1919.61674900,21,19118.00,1513.41049800,0
2025-09-22 00:00:00,0.077681,0.07798,0.075913,0.07635,28979.00,1758513599999,2214.91863800,16,16499.00,1262.69071000,0
2025-09-22 04:00:00,0.07635,0.07635,0.07635,0.07635,8607.00,1758527999999,657.14445000,12,8607.00,657.14445000,0
2025-09-22 08:00:00,0.07635,0.082,0.07635,0.07657,11813.00,1758542399999,909.90433500,10,11452.00,882.24331500,0
2025-09-22 12:00:00,0.076349,0.077032,0.07571,0.076749,80684.00,1758556799999,6146.31713500,22,24338.00,1870.09575200,0
2025-09-22 16:00:00,0.076163,0.07649,0.075633,0.075666,7521.00,1758571199999,572.73527500,17,6529.00,497.04067100,0
2025-09-22 20:00:00,0.075651,0.076092,0.075223,0.075899,51658.00,1758585599999,3905.01736900,34,14668.00,1112.20284100,0
2025-09-23 00:00:00,0.075988,0.076095,0.07591,0.075911,8507.00,1758599999999,646.16393100,17,7698.00,584.75274100,0
2025-09-23 04:00:00,0.076688,0.077169,0.076217,0.077169,3164.00,1758614399999,242.21517000,5,3127.00,239.35991700,0
2025-09-23 08:00:00,0.077843,0.078132,0.077475,0.077735,5156.00,1758628799999,401.11965900,8,895.00,69.87809200,0
2025-09-23 12:00:00,0.077717,0.077953,0.077005,0.0779,29146.00,1758643199999,2262.80458600,30,24855.00,1930.68703600,0
2025-09-23 16:00:00,0.077365,0.077373,0.076714,0.076714,3648.00,1758657599999,281.64929900,9,3098.00,239.44609400,0
2025-09-23 20:00:00,0.076669,0.076909,0.075768,0.07641,43775.00,1758671999999,3339.40523200,16,20512.00,1572.69218600,0
2025-09-24 00:00:00,0.076464,0.076798,0.075593,0.075666,146661.00,1758686399999,11145.86023000,41,66182.00,5030.95744800,0
2025-09-24 04:00:00,0.075438,0.076255,0.075438,0.075953,5393.00,1758700799999,408.75629600,6,5393.00,408.75629600,0
2025-09-24 08:00:00,0.076424,0.076465,0.076,0.076347,2556.00,1758715199999,194.93540200,9,1251.00,95.59081200,0
2025-09-24 12:00:00,0.07645,0.07645,0.075999,0.076281,8910.00,1758729599999,678.20817200,13,7429.00,565.63440000,0
2025-09-24 16:00:00,0.076047,0.076665,0.076036,0.076625,16229.00,1758743999999,1239.68450300,16,16167.00,1234.95669300,0
2025-09-24 20:00:00,0.076678,0.076921,0.076645,0.0768,6122.00,1758758399999,469.90320100,8,5992.00,459.93935100,0
2025-09-25 00:00:00,0.076837,0.076854,0.076,0.076,16383.00,1758772799999,1248.59346800,17,16383.00,1248.59346800,0
2025-09-25 04:00:00,0.076,0.076,0.074956,0.075292,8559.00,1758787199999,646.06187900,21,2367.00,179.89200000,0
2025-09-25 08:00:00,0.075513,0.075566,0.075356,0.075356,4244.00,1758801599999,320.51843300,11,2938.00,221.90427300,0
2025-09-25 12:00:00,0.075122,0.075288,0.074449,0.07445,31441.00,1758815999999,2352.90128000,27,10254.00,766.51097300,0
2025-09-25 16:00:00,0.07445,0.07445,0.073,0.073676,68913.00,1758830399999,5055.52846800,47,39562.00,2909.49849700,0
2025-09-25 20:00:00,0.07334,0.073466,0.07289,0.073447,11161.00,1758844799999,817.82545800,18,9792.00,717.88708900,0
2025-09-26 00:00:00,0.073527,0.07445,0.073527,0.07445,16804.00,1758859199999,1242.79875700,12,16804.00,1242.79875700,0
2025-09-26 04:00:00,0.07445,0.074972,0.074398,0.074578,81881.00,1758873599999,6097.89941600,28,79062.00,5887.34489400,0
2025-09-26 08:00:00,0.074027,0.074029,0.072795,0.073404,5790.00,1758887999999,426.32135400,13,5722.00,421.32702600,0
2025-09-26 12:00:00,0.073183,0.073698,0.072665,0.072976,19648.00,1758902399999,1436.79169600,28,17662.00,1291.40364800,0
2025-09-26 16:00:00,0.072765,0.073282,0.072765,0.072815,41368.00,1758916799999,3014.06414500,19,7723.00,564.03524500,0
2025-09-26 20:00:00,0.072959,0.073807,0.072959,0.073666,11103.00,1758931199999,816.14158100,12,9899.00,727.53677300,0
2025-09-27 00:00:00,0.073085,0.073085,0.072875,0.073,13904.00,1758945599999,1015.71707600,9,4556.00,332.52640000,0
2025-09-27 04:00:00,0.073,0.073157,0.072783,0.072783,9123.00,1758959999999,665.24942000,13,9080.00,662.11975100,0
2025-09-27 08:00:00,0.073033,0.073033,0.072575,0.072739,9074.00,1758974399999,662.14880600,14,3259.00,237.78680700,0
2025-09-27 12:00:00,0.072875,0.073158,0.072685,0.072785,6488.00,1758988799999,472.93746100,20,5385.00,392.60199300,0
2025-09-27 16:00:00,0.072835,0.072934,0.072725,0.0729,3235.00,1759003199999,235.70478400,9,2221.00,161.85009400,0
2025-09-27 20:00:00,0.072853,0.074517,0.072254,0.072992,11053.00,1759017599999,810.17822100,14,11025.00,808.15510900,0
2025-09-28 00:00:00,0.072886,0.072886,0.072,0.072301,5661.00,1759031999999,409.47322200,7,3707.00,268.41206600,0
2025-09-28 04:00:00,0.072199,0.072351,0.072124,0.072179,8507.00,1759046399999,614.18250600,12,8507.00,614.18250600,0
2025-09-28 08:00:00,0.071944,0.072327,0.071908,0.072199,2430.00,1759060799999,175.31870900,9,894.00,64.55786700,0
2025-09-28 12:00:00,0.072113,0.07245,0.071793,0.071954,30984.00,1759075199999,2233.85018600,72,3834.00,277.36359900,0
2025-09-28 16:00:00,0.072344,0.07279,0.072244,0.07279,44131.00,1759089599999,3197.15383600,33,41767.00,3025.62056800,0
2025-09-28 20:00:00,0.07288,0.074517,0.072805,0.073049,5076.00,1759103999999,371.26855900,14,4527.00,331.25743900,0
2025-09-29 00:00:00,0.073294,0.073294,0.07165,0.072235,17770.00,1759118399999,1280.49078600,30,8035.00,581.00190300,0
2025-09-29 04:00:00,0.072269,0.072574,0.072269,0.072532,15912.00,1759132799999,1151.00247900,14,14527.00,1050.53751100,0
2025-09-29 08:00:00,0.072604,0.072604,0.072229,0.072262,4387.00,1759147199999,317.91471100,9,2272.00,164.50609200,0
2025-09-29 12:00:00,0.072317,0.072806,0.07208,0.072476,9542.00,1759161599999,692.37630800,17,8099.00,587.87993900,0
2025-09-29 16:00:00,0.072595,0.072968,0.072414,0.072414,3760.00,1759175999999,273.21530400,9,3760.00,273.21530400,0
2025-09-29 20:00:00,0.072289,0.072794,0.072219,0.072576,28764.00,1759190399999,2086.47767800,29,26453.00,1919.08061900,0
2025-09-30 00:00:00,0.072149,0.072884,0.072149,0.072819,13761.00,1759204799999,1000.29366800,9,13761.00,1000.29366800,0
2025-09-30 04:00:00,0.072837,0.073913,0.072837,0.073913,30747.00,1759219199999,2250.53946700,50,13547.00,992.05367300,0
2025-09-30 08:00:00,0.073937,0.074132,0.073894,0.074132,4952.00,1759233599999,366.55492800,18,740.00,54.83572600,0
2025-09-30 12:00:00,0.073962,0.074127,0.073496,0.073529,8523.00,1759247999999,631.05763100,15,7403.00,548.24653100,0
2025-09-30 16:00:00,0.073005,0.073005,0.0729,0.072956,5118.00,1759262399999,373.50031000,5,2190.00,159.74167000,0
2025-09-30 20:00:00,0.073325,0.073507,0.07313,0.073338,4006.00,1759276799999,293.41396800,10,3006.00,220.20451600,0
2025-10-01 00:00:00,0.073185,0.073396,0.073145,0.073306,4076.00,1759291199999,298.93157600,6,4076.00,298.93157600,0
2025-10-01 04:00:00,0.073547,0.073786,0.073453,0.073764,8188.00,1759305599999,602.67182500,10,8134.00,598.70536300,0
2025-10-01 08:00:00,0.07404,0.075282,0.07404,0.075119,75993.00,1759319999999,5663.90664100,31,74841.00,5578.21333300,0
2025-10-01 12:00:00,0.075166,0.075522,0.074859,0.075307,8595.00,1759334399999,647.18044300,14,6048.00,455.79797800,0
2025-10-01 16:00:00,0.07518,0.075315,0.075011,0.075221,33051.00,1759348799999,2483.40988400,16,33051.00,2483.40988400,0
2025-10-01 20:00:00,0.075216,0.075221,0.074951,0.074951,13698.00,1759363199999,1029.96953800,14,13559.00,1019.55134900,0
2025-10-02 00:00:00,0.075221,0.0753,0.075211,0.0753,343145.00,1759377599999,25834.96228500,70,342078.00,25754.65833200,0
2025-10-02 04:00:00,0.0753,0.076,0.075293,0.07591,369828.00,1759391999999,27849.35434500,63,367762.00,27693.36188000,0
2025-10-02 08:00:00,0.076285,0.076466,0.076055,0.076313,3529.00,1759406399999,269.55760400,6,3490.00,266.59145900,0
2025-10-02 12:00:00,0.076443,0.076472,0.076081,0.076472,5624.00,1759420799999,429.22603000,11,5127.00,391.40176800,0
2025-10-02 16:00:00,0.076472,0.076566,0.07575,0.076539,12354.00,1759435199999,940.60366400,26,6477.00,494.44780000,0
2025-10-02 20:00:00,0.076945,0.076945,0.076212,0.076365,8186.00,1759449599999,627.06972800,16,7734.00,592.61446400,0
2025-10-03 00:00:00,0.075943,0.076039,0.075798,0.075904,4397.00,1759463999999,333.86525700,8,4397.00,333.86525700,0
2025-10-03 04:00:00,0.076004,0.076225,0.07587,0.076225,7133.00,1759478399999,542.19019200,9,7133.00,542.19019200,0
2025-10-03 08:00:00,0.075533,0.076078,0.074962,0.075232,6105.00,1759492799999,459.47491100,14,5434.00,409.11568000,0
2025-10-03 12:00:00,0.075232,0.07581,0.074728,0.07581,17671.00,1759507199999,1328.75002800,25,16718.00,1257.37377800,0
2025-10-03 16:00:00,0.075906,0.076706,0.075906,0.076415,29576.00,1759521599999,2262.53357100,25,26054.00,1994.82215000,0
2025-10-03 20:00:00,0.075541,0.075989,0.075188,0.075759,20563.00,1759535999999,1552.06623300,15,7941.00,602.34932300,0
2025-10-04 00:00:00,0.07575,0.0761,0.074802,0.075233,26038.00,1759550399999,1973.76296800,26,19456.00,1472.98466200,0
2025-10-04 04:00:00,0.075202,0.075613,0.075045,0.075593,4699.00,1759564799999,354.47155100,8,4699.00,354.47155100,0
2025-10-04 08:00:00,0.07517,0.07517,0.074247,0.07471,2736.00,1759579199999,204.29400300,10,1363.00,102.17000700,0
2025-10-04 12:00:00,0.075513,0.075872,0.074746,0.075032,8481.00,1759593599999,637.07658800,12,8348.00,627.13537000,0
2025-10-04 16:00:00,0.075132,0.075192,0.075041,0.075041,33370.00,1759607999999,2506.51893200,26,33220.00,2495.24913200,0
2025-10-04 20:00:00,0.075065,0.075065,0.07491,0.075024,1265.00,1759622399999,94.93883600,3,1265.00,94.93883600,0
2025-10-05 00:00:00,0.074341,0.075185,0.074341,0.075061,6777.00,1759636799999,506.58434000,11,6777.00,506.58434000,0
2025-10-05 04:00:00,0.07502,0.07502,0.07502,0.07502,758.00,1759651199999,56.86516000,1,758.00,56.86516000,0
2025-10-05 08:00:00,0.075382,0.075382,0.074798,0.075341,6692.00,1759665599999,503.22539700,12,4461.00,335.76137500,0
2025-10-05 12:00:00,0.075272,0.075272,0.075272,0.075272,730.00,1759679999999,54.94856000,2,730.00,54.94856000,0
2025-10-05 16:00:00,0.074572,0.07463,0.073866,0.073998,36947.00,1759694399999,2752.84443300,29,19486.00,1451.82128300,0
2025-10-05 20:00:00,0.073849,0.074062,0.0734,0.0734,45615.00,1759708799999,3369.94593200,40,6758.00,500.03144900,0
2025-10-06 00:00:00,0.073573,0.073813,0.073525,0.073711,18798.00,1759723199999,1386.59896800,23,4973.00,366.71799900,0
2025-10-06 04:00:00,0.073856,0.073868,0.073846,0.073846,1485.00,1759737599999,109.68803200,3,1485.00,109.68803200,0
2025-10-06 08:00:00,0.075086,0.075455,0.074733,0.075283,10132.00,1759751999999,761.27280200,9,4912.00,369.97963600,0
2025-10-06 12:00:00,0.075236,0.07632,0.075231,0.076292,19888.00,1759766399999,1511.88560600,52,327.00,24.94167000,0
2025-10-06 16:00:00,0.076205,0.076205,0.075185,0.075774,17412.00,1759780799999,1316.75184100,40,5339.00,405.22582000,0
2025-10-06 20:00:00,0.075893,0.076205,0.075534,0.075852,63208.00,1759795199999,4814.19573300,26,59251.00,4514.29650400,0
2025-10-07 00:00:00,0.075753,0.075924,0.073951,0.073951,56871.00,1759809599999,4277.79437400,81,25578.00,1925.86828800,0
2025-10-07 04:00:00,0.074642,0.075161,0.074642,0.075152,10143.00,1759823999999,761.62691800,8,10143.00,761.62691800,0
2025-10-07 08:00:00,0.075161,0.075373,0.074807,0.074912,13924.00,1759838399999,1045.59815500,27,332.00,24.97158300,0
2025-10-07 12:00:00,0.075037,0.075037,0.073574,0.074069,39430.00,1759852799999,2911.45968800,26,9076.00,673.18333100,0
2025-10-07 16:00:00,0.073701,0.073865,0.073308,0.073427,27788.00,1759867199999,2044.90394800,30,27733.00,2040.87200800,0
2025-10-07 20:00:00,0.07353,0.073557,0.072919,0.073215,11709.00,1759881599999,857.10421600,29,11186.00,818.70507600,0
2025-10-08 00:00:00,0.0732,0.073282,0.072771,0.073216,76047.00,1759895999999,5558.52676300,38,58154.00,4249.91007000,0
2025-10-08 04:00:00,0.07301,0.073427,0.07301,0.073376,4591.00,1759910399999,336.69795900,6,4591.00,336.69795900,0
2025-10-08 08:00:00,0.073268,0.073858,0.073225,0.073858,4544.00,1759924799999,334.11822200,11,3598.00,264.76136900,0
2025-10-08 12:00:00,0.073912,0.074473,0.073074,0.073661,212305.00,1759939199999,15755.25403000,23,208043.00,15442.13236500,0
2025-10-08 16:00:00,0.073993,0.074115,0.073621,0.074115,12250.00,1759953599999,906.62693600,14,12250.00,906.62693600,0
2025-10-08 20:00:00,0.073868,0.074086,0.073594,0.074053,11443.00,1759967999999,846.41767600,15,10443.00,772.81377000,0
2025-10-09 00:00:00,0.074057,0.074299,0.073446,0.073693,8105.00,1759982399999,599.18913600,8,8105.00,599.18913600,0
2025-10-09 04:00:00,0.073617,0.073627,0.072855,0.072884,8177.00,1759996799999,598.34098600,8,8177.00,598.34098600,0
2025-10-09 08:00:00,0.073073,0.073146,0.072556,0.073146,7404.00,1760011199999,540.25352100,12,6564.00,479.25772200,0
2025-10-09 12:00:00,0.073,0.073116,0.07249,0.072837,70944.00,1760025599999,5158.94011400,31,13883.00,1012.25497000,0
2025-10-09 16:00:00,0.072624,0.072661,0.07178,0.072575,21889.00,1760039999999,1576.60294400,19,6968.00,504.58692600,0
2025-10-09 20:00:00,0.072475,0.07249,0.072039,0.072436,15551.00,1760054399999,1123.36766300,20,4138.00,299.43154800,0
2025-10-10 00:00:00,0.072405,0.073046,0.072314,0.072984,18487.00,1760068799999,1348.45608100,19,12175.00,888.29865700,0
2025-10-10 04:00:00,0.073108,0.073159,0.072244,0.072411,10922.00,1760083199999,793.12151400,24,10538.00,765.18877200,0
2025-10-10 08:00:00,0.072399,0.07336,0.072077,0.07336,7986.00,1760097599999,580.99340900,8,2932.00,214.55020400,0
2025-10-10 12:00:00,0.076524,0.076524,0.071347,0.071437,34541.00,1760111999999,2516.87806300,30,4666.00,341.14833600,0
2025-10-10 16:00:00,0.071454,0.071554,0.071033,0.071273,18132.00,1760126399999,1293.26682900,41,8739.00,623.45151400,0
2025-10-10 20:00:00,0.070896,0.070933,0.054261,0.068484,117797.00,1760140799999,7569.83731800,96,69657.00,4413.49855800,0
2025-10-11 00:00:00,0.075522,0.076524,0.068483,0.068483,25323.00,1760155199999,1889.37273200,16,19337.00,1479.31535800,0
2025-10-11 04:00:00,0.0652,0.0652,0.06399,0.06399,97.00,1760169599999,6.30262000,2,0.00,0.00000000,0
2025-10-11 08:00:00,0.064002,0.07575,0.064002,0.07575,9783.00,1760183999999,712.24440600,11,7330.00,555.24750000,0
2025-10-11 12:00:00,0.068175,0.068175,0.064011,0.064011,876.00,1760198399999,56.76762300,5,0.00,0.00000000,0
2025-10-11 16:00:00,0.064014,0.064014,0.064011,0.064011,16622.00,1760212799999,1064.03658600,4,0.00,0.00000000,0
2025-10-11 20:00:00,0.064011,0.064011,0.064011,0.064011,3000.00,1760227199999,192.03300000,3,0.00,0.00000000,0
2025-10-12 00:00:00,0.06402,0.06402,0.06399,0.06399,28316.00,1760241599999,1812.45768600,13,0.00,0.00000000,0
2025-10-12 04:00:00,0.06399,0.07499,0.061,0.0749,17063.00,1760255999999,1200.89758700,17,7485.00,560.71981700,0
2025-10-12 08:00:00,0.0749,0.0749,0.061,0.061,3469.00,1760270399999,223.58784400,4,850.00,63.66284400,0
2025-10-12 12:00:00,0.061008,0.061904,0.060517,0.061745,57930.00,1760284799999,3542.24840900,60,37848.00,2310.47481600,0
2025-10-12 16:00:00,0.061494,0.062601,0.061338,0.062591,33722.00,1760299199999,2095.20187200,55,23242.00,1447.40817700,0
2025-10-12 20:00:00,0.062432,0.062638,0.0622,0.062367,43504.00,1760313599999,2718.00844200,20,15308.00,956.30547800,0
2025-10-13 00:00:00,0.062452,0.062452,0.061709,0.06222,13073.00,1760327999999,809.90844900,12,3940.00,244.76393200,0
2025-10-13 04:00:00,0.063102,0.064319,0.062925,0.064319,23217.00,1760342399999,1476.25849800,19,23147.00,1471.79095800,0
2025-10-13 08:00:00,0.063842,0.064542,0.059777,0.059916,21244.00,1760356799999,1333.96303400,16,14492.00,913.77440000,0
2025-10-13 12:00:00,0.060377,0.06117,0.060032,0.06117,45151.00,1760371199999,2731.50277300,31,44300.00,2679.86065900,0
2025-10-13 16:00:00,0.061205,0.061865,0.06099,0.061318,6597.00,1760385599999,405.34172500,10,6597.00,405.34172500,0
2025-10-13 20:00:00,0.061259,0.061635,0.061182,0.061635,31767.00,1760399999999,1954.20524800,25,31767.00,1954.20524800,0
2025-10-14 00:00:00,0.061005,0.06121,0.060728,0.060963,26887.00,1760414399999,1642.08801000,46,16172.00,988.98050600,0
2025-10-14 04:00:00,0.061018,0.061584,0.060778,0.061584,6949.00,1760428799999,424.28973900,7,6949.00,424.28973900,0
2025-10-14 08:00:00,0.0603,0.0603,0.059,0.059495,25506.00,1760443199999,1511.52157000,25,10898.00,648.09781500,0
2025-10-14 12:00:00,0.059403,0.06091,0.05936,0.06091,25931.00,1760457599999,1545.31470600,17,5584.00,333.01663300,0
2025-10-14 16:00:00,0.060879,0.061305,0.060195,0.060234,9871.00,1760471999999,601.26131000,11,8544.00,521.35161400,0
2025-10-14 20:00:00,0.06061,0.061348,0.060597,0.061348,21967.00,1760486399999,1338.96350900,7,21967.00,1338.96350900,0
2025-10-15 00:00:00,0.061045,0.062303,0.061015,0.06227,42272.00,1760500799999,2619.49829500,64,33215.00,2061.83664500,0
2025-10-15 04:00:00,0.062086,0.062247,0.061616,0.062098,25752.00,1760515199999,1598.42145400,15,12043.00,747.49923500,0
2025-10-15 08:00:00,0.063125,0.063273,0.062369,0.063102,108821.00,1760529599999,6843.97559700,96,104286.00,6561.07726200,0
2025-10-15 12:00:00,0.063037,0.063162,0.061378,0.061378,106750.00,1760543999999,6672.51416500,91,106750.00,6672.51416500,0
2025-10-15 16:00:00,0.061003,0.061297,0.060512,0.060884,31595.00,1760558399999,1925.51384300,30,26836.00,1636.76269500,0
2025-10-15 20:00:00,0.060823,0.060823,0.059892,0.06043,38904.00,1760572799999,2350.09573600,22,37904.00,2290.19850400,0
2025-10-16 00:00:00,0.060885,0.061296,0.06066,0.061232,6663.00,1760587199999,405.93315600,8,1988.00,121.57171600,0
2025-10-16 04:00:00,0.061232,0.061267,0.060851,0.060851,1729.00,1760601599999,105.76145800,3,814.00,49.87133800,0
2025-10-16 08:00:00,0.060851,0.061285,0.060594,0.061162,40096.00,1760615999999,2445.87987100,13,5447.00,333.18643700,0
2025-10-16 12:00:00,0.061262,0.061285,0.060591,0.060975,10078.00,1760630399999,615.49694800,11,8439.00,516.18221900,0
2025-10-16 16:00:00,0.060197,0.060386,0.058941,0.059222,103691.00,1760644799999,6196.76326700,56,38399.00,2282.77507400,0
2025-10-16 20:00:00,0.059008,0.059212,0.057972,0.058599,140925.00,1760659199999,8208.06808000,56,24987.00,1470.83759200,0
2025-10-17 00:00:00,0.058525,0.059071,0.058447,0.059013,23836.00,1760673599999,1402.87352300,20,22836.00,1344.41644300,0
2025-10-17 04:00:00,0.058975,0.058975,0.0579,0.0579,14794.00,1760687999999,858.82671300,5,2544.00,149.55171300,0
2025-10-17 08:00:00,0.056333,0.057222,0.055903,0.056474,52948.00,1760702399999,2988.92341700,33,14688.00,828.56801700,0
2025-10-17 12:00:00,0.056409,0.05698,0.055698,0.055967,25340.00,1760716799999,1428.21029400,33,15337.00,865.82436700,0
2025-10-17 16:00:00,0.055995,0.063897,0.055995,0.057236,43994.00,1760731199999,2500.38042800,37,39638.00,2254.68285200,0
2025-10-17 20:00:00,0.057399,0.058257,0.057394,0.058142,32353.00,1760745599999,1876.37812100,16,31353.00,1818.68954600,0
2025-10-18 00:00:00,0.058243,0.059031,0.058196,0.059031,4864.00,1760759999999,283.79092000,13,961.00,56.57149700,0
2025-10-18 04:00:00,0.058657,0.060299,0.058637,0.060299,4158.00,1760774399999,247.61448100,8,3284.00,196.10568400,0
2025-10-18 08:00:00,0.059881,0.060022,0.059332,0.059332,1365.00,1760788799999,81.47494100,6,716.00,42.86020900,0
2025-10-18 12:00:00,0.059681,0.060299,0.05965,0.060036,4583.00,1760803199999,274.17482800,7,2523.00,151.26759200,0
2025-10-18 16:00:00,0.060432,0.060664,0.059045,0.060664,36355.00,1760817599999,2183.39319000,20,22652.00,1372.64045700,0
2025-10-18 20:00:00,0.06069,0.061142,0.060385,0.060629,10740.00,1760831999999,653.33655400,8,8099.00,493.11038400,0
2025-10-19 00:00:00,0.060398,0.061102,0.060138,0.061062,17113.00,1760846399999,1037.52693200,20,16747.00,1015.35298200,0
2025-10-19 04:00:00,0.060306,0.060623,0.060306,0.060623,764.00,1760860799999,46.13368700,4,349.00,21.10669700,0
2025-10-19 08:00:00,0.059196,0.060609,0.058849,0.060186,7466.00,1760875199999,447.06435700,12,3794.00,227.56496900,0
2025-10-19 12:00:00,0.06047,0.061607,0.060435,0.061555,11517.00,1760889599999,704.20626800,25,8555.00,523.12327300,0
2025-10-19 16:00:00,0.06123,0.061868,0.061183,0.061729,13834.00,1760903999999,852.28300400,22,11700.00,721.59217000,0
2025-10-19 20:00:00,0.061729,0.061729,0.060943,0.061157,12813.00,1760918399999,787.08921100,24,7958.00,489.22236000,0
2025-10-20 00:00:00,0.061108,0.061916,0.060472,0.061916,23403.00,1760932799999,1434.05448700,34,17888.00,1095.85843300,0
2025-10-20 04:00:00,0.062213,0.064835,0.062198,0.064806,37572.00,1760947199999,2421.54918800,48,28816.00,1859.82139300,0
2025-10-20 08:00:00,0.064828,0.07,0.064828,0.07,16301.00,1760961599999,1080.20314600,17,15261.00,1012.78202600,0
2025-10-20 12:00:00,0.066061,0.066279,0.064513,0.064513,10234.00,1760975999999,673.47915800,11,9034.00,596.04455800,0
2025-10-20 16:00:00,0.064096,0.066234,0.063611,0.065814,26248.00,1760990399999,1697.54221700,33,26248.00,1697.54221700,0
2025-10-20 20:00:00,0.064776,0.07,0.062568,0.062718,23771.00,1761004799999,1539.03579700,33,19170.00,1250.63450900,0
2025-10-21 00:00:00,0.062678,0.069,0.0625,0.068998,25333.00,1761019199999,1639.90329300,33,23530.00,1526.95951500,0
2025-10-21 04:00:00,0.068998,0.068998,0.062849,0.062849,8858.00,1761033599999,609.13005500,6,5200.00,358.78208400,0
2025-10-21 08:00:00,0.06258,0.068996,0.061746,0.063225,47214.00,1761047999999,2984.29451200,75,21633.00,1378.54309900,0
2025-10-21 12:00:00,0.067999,0.068309,0.063842,0.063842,16708.00,1761062399999,1125.30828800,23,12010.00,819.76506500,0
2025-10-21 16:00:00,0.068305,0.068305,0.062329,0.062329,5800.00,1761076799999,376.91296000,14,2429.00,165.91284500,0
2025-10-21 20:00:00,0.062489,0.068305,0.062349,0.068305,15425.00,1761091199999,985.55459400,28,11180.00,720.33716900,0
2025-10-22 00:00:00,0.062388,0.06416,0.062299,0.06416,4837.00,1761105599999,302.98253900,10,2537.00,159.42301800,0
2025-10-22 04:00:00,0.064151,0.064151,0.064113,0.064113,435.00,1761119999999,27.90097300,2,435.00,27.90097300,0
2025-10-22 08:00:00,0.062379,0.0683,0.062134,0.062134,3437.00,1761134399999,233.18695200,8,3393.00,230.45305600,0
2025-10-22 12:00:00,0.062569,0.064367,0.061276,0.061986,24525.00,1761148799999,1523.89982300,27,18359.00,1139.13330200,0
2025-10-22 16:00:00,0.062037,0.068309,0.061659,0.061659,19308.00,1761163199999,1268.43160200,19,18283.00,1204.85312700,0
2025-10-22 20:00:00,0.061659,0.061659,0.06123,0.061619,19664.00,1761177599999,1210.99432500,15,0.00,0.00000000,0
2025-10-23 00:00:00,0.06162,0.069299,0.06162,0.069299,15293.00,1761191999999,986.83583900,6,5340.00,366.18635900,0
2025-10-23 04:00:00,0.069299,0.069299,0.069299,0.069299,2985.00,1761206399999,206.85751500,4,2985.00,206.85751500,0
2025-10-23 08:00:00,0.069299,0.069299,0.069299,0.069299,7418.00,1761220799999,514.05998200,8,7418.00,514.05998200,0
2025-10-23 12:00:00,0.069,0.07,0.06167,0.07,33047.00,1761235199999,2257.03306200,31,18398.00,1275.65315100,0
2025-10-23 16:00:00,0.07,0.07,0.062014,0.062082,35637.00,1761249599999,2370.07624200,42,29995.00,2019.55443900,0
2025-10-23 20:00:00,0.061959,0.063524,0.061909,0.062267,12712.00,1761263999999,792.93533500,22,7680.00,479.65282400,0
2025-10-24 00:00:00,0.063519,0.067,0.062083,0.067,9066.00,1761278399999,586.56983700,12,7823.00,507.97562200,0
2025-10-24 04:00:00,0.065,0.065,0.065,0.065,476.00,1761292799999,30.94000000,1,476.00,30.94000000,0
2025-10-24 08:00:00,0.065,0.065,0.062292,0.065,6161.00,1761307199999,399.57566200,7,5828.00,378.82000000,0
2025-10-24 12:00:00,0.065,0.067999,0.065,0.067999,9373.00,1761321599999,611.80614600,13,9373.00,611.80614600,0
2025-10-24 16:00:00,0.067999,0.067999,0.061184,0.062262,74107.00,1761335999999,4592.74908900,116,7617.00,490.38965000,0
2025-10-24 20:00:00,0.062199,0.06249,0.062154,0.062204,56847.00,1761350399999,3537.49582500,54,25663.00,1597.60078300,0
2025-10-25 00:00:00,0.062204,0.0627,0.062204,0.062612,52138.00,1761364799999,3257.30777200,20,16836.00,1053.46945000,0
2025-10-25 04:00:00,0.063736,0.063975,0.062763,0.062783,3633.00,1761379199999,231.49981500,20,3201.00,204.38187900,0
2025-10-25 08:00:00,0.06396,0.063981,0.06281,0.063954,100960.00,1761393599999,6343.68834100,24,2076.00,132.73833300,0
2025-10-25 12:00:00,0.063942,0.067999,0.062124,0.062634,49352.00,1761407999999,3118.05786800,82,11091.00,727.07772400,0
2025-10-25 16:00:00,0.06267,0.063183,0.06267,0.062963,24465.00,1761422399999,1538.97255400,34,16318.00,1026.49324200,0
2025-10-25 20:00:00,0.06289,0.063147,0.062299,0.063147,101174.00,1761436799999,6342.65449300,224,5146.00,324.03599400,0
2025-10-26 00:00:00,0.063095,0.063385,0.062,0.062,29387.00,1761451199999,1846.86903900,23,15806.00,999.58631100,0
2025-10-26 04:00:00,0.062,0.062,0.060351,0.061406,22522.00,1761465599999,1386.75557100,15,3064.00,188.14296600,0
2025-10-26 08:00:00,0.061448,0.062585,0.061448,0.062407,37852.00,1761479999999,2354.70908400,56,29389.00,1831.25562700,0
2025-10-26 12:00:00,0.062364,0.062578,0.061924,0.062454,33907.00,1761494399999,2113.92699200,65,25743.00,1605.69724300,0
2025-10-26 16:00:00,0.062444,0.062549,0.061749,0.061849,41519.00,1761508799999,2583.31970200,23,32033.00,1993.81483200,0
2025-10-26 20:00:00,0.061744,0.062341,0.06153,0.062341,11462.00,1761523199999,709.44462800,27,10997.00,680.81589400,0
2025-10-27 00:00:00,0.062199,0.063005,0.061899,0.062822,23876.00,1761537599999,1494.74556400,21,23876.00,1494.74556400,0
2025-10-27 04:00:00,0.061949,0.06359,0.061885,0.063555,3105.00,1761551999999,195.50286200,8,2331.00,147.58544000,0
2025-10-27 08:00:00,0.062244,0.062423,0.062152,0.062174,17809.00,1761566399999,1108.81282400,16,3102.00,193.38136700,0
2025-10-27 12:00:00,0.062164,0.062745,0.062152,0.062351,23909.00,1761580799999,1488.90242700,42,16603.00,1034.62627100,0
2025-10-27 16:00:00,0.062374,0.063292,0.062152,0.062152,11936.00,1761595199999,748.61797500,22,10936.00,686.46597500,0
2025-10-27 20:00:00,0.062152,0.063176,0.062152,0.062152,11713.00,1761609599999,730.12927700,13,3438.00,215.82147700,0
2025-10-28 00:00:00,0.061774,0.06794,0.061335,0.061365,44510.00,1761623999999,2841.24845100,64,31308.00,2023.20996700,0
2025-10-28 04:00:00,0.066984,0.066984,0.061494,0.062785,26165.00,1761638399999,1639.41922600,21,13457.00,850.22166900,0
2025-10-28 08:00:00,0.062908,0.063269,0.061832,0.063269,6099.00,1761652799999,380.24627800,7,2057.00,129.57214800,0
2025-10-28 12:00:00,0.063206,0.063207,0.061913,0.062365,287463.00,1761667199999,17932.15550300,231,50390.00,3165.19067700,0
2025-10-28 16:00:00,0.061583,0.061748,0.061049,0.061125,7728.00,1761681599999,476.21138200,15,7565.00,466.25077800,0
2025-10-28 20:00:00,0.061005,0.06122,0.06098,0.060991,8915.00,1761695999999,544.65396300,15,4667.00,285.24847600,0
2025-10-29 00:00:00,0.06099,0.061392,0.059816,0.0612,375181.00,1761710399999,22574.59364700,81,36973.00,2252.19134900,0
2025-10-29 04:00:00,0.0612,0.06136,0.06115,0.061323,1842.00,1761724799999,112.98437500,5,1673.00,102.64502500,0
2025-10-29 08:00:00,0.06115,0.061548,0.06115,0.061541,3321.00,1761739199999,203.80871600,4,1867.00,114.89661600,0
2025-10-29 12:00:00,0.061394,0.061681,0.06053,0.060557,36294.00,1761753599999,2217.38728400,69,25880.00,1582.22672700,0
2025-10-29 16:00:00,0.060597,0.061694,0.05893,0.059244,112339.00,1761767999999,6812.58736000,47,23848.00,1453.41894400,0
2025-10-29 20:00:00,0.059642,0.060382,0.058787,0.059476,69032.00,1761782399999,4153.14959000,35,56646.00,3412.56902100,0
2025-10-30 00:00:00,0.059571,0.060161,0.059457,0.060161,7187.00,1761796799999,429.98327000,16,5065.00,303.75053000,0
2025-10-30 04:00:00,0.059,0.060631,0.058655,0.060579,8598.00,1761811199999,512.55644300,11,6903.00,412.55144300,0
2025-10-30 08:00:00,0.060918,0.06095,0.0605,0.060791,6155.00,1761825599999,373.67790700,12,4434.00,269.15162200,0
2025-10-30 12:00:00,0.060793,0.060846,0.058511,0.058511,20390.00,1761839999999,1208.33157600,35,15701.00,930.89970800,0
2025-10-30 16:00:00,0.05843,0.058725,0.057607,0.058467,166125.00,1761854399999,9662.35085300,33,7818.00,456.99920400,0
2025-10-30 20:00:00,0.05815,0.058496,0.05812,0.058255,27890.00,1761868799999,1629.42971900,45,27890.00,1629.42971900,0
2025-10-31 00:00:00,0.0584,0.05879,0.05833,0.058482,47996.00,1761883199999,2809.12315600,66,47996.00,2809.12315600,0
2025-10-31 04:00:00,0.058621,0.060139,0.058621,0.059671,6986.00,1761897599999,417.43023300,11,5986.00,358.37302100,0
2025-10-31 08:00:00,0.059448,0.05954,0.059124,0.059498,6794.00,1761911999999,403.83504700,8,3897.00,231.96916000,0
2025-10-31 12:00:00,0.059752,0.059752,0.059418,0.05962,16948.00,1761926399999,1008.84397300,25,9563.00,570.00702200,0
2025-10-31 16:00:00,0.059637,0.059921,0.059466,0.059854,16148.00,1761940799999,962.40888100,14,6090.00,363.65978900,0
2025-10-31 20:00:00,0.059746,0.060384,0.059568,0.060046,21042.00,1761955199999,1262.49528000,19,15675.00,942.29529700,0
2025-11-01 00:00:00,0.06022,0.06022,0.059666,0.059692,3015.00,1761969599999,180.52823200,7,2450.00,146.68662500,0
2025-11-01 04:00:00,0.059925,0.059962,0.0596,0.0596,5310.00,1761983999999,317.66655500,4,3328.00,199.49193100,0
2025-11-01 08:00:00,0.059561,0.059818,0.059418,0.059818,4727.00,1761998399999,281.29126100,7,667.00,39.86104300,0
2025-11-01 12:00:00,0.059641,0.059768,0.059641,0.059768,2092.00,1762012799999,124.88746700,4,2092.00,124.88746700,0
2025-11-01 16:00:00,0.059947,0.060034,0.059947,0.059994,4494.00,1762027199999,269.47461800,5,4494.00,269.47461800,0
2025-11-01 20:00:00,0.059965,0.060006,0.059825,0.060006,4162.00,1762041599999,249.44342900,5,4162.00,249.44342900,0
2025-11-02 00:00:00,0.059888,0.059955,0.059538,0.059568,5443.00,1762055999999,325.65559700,9,5443.00,325.65559700,0
2025-11-02 04:00:00,0.059775,0.059775,0.059775,0.059775,1675.00,1762070399999,100.12312500,1,1675.00,100.12312500,0
2025-11-02 08:00:00,0.059536,0.059536,0.059092,0.059308,9908.00,1762084799999,587.60980900,17,5177.00,306.81433400,0
2025-11-02 12:00:00,0.059187,0.059265,0.059051,0.059166,7808.00,1762099199999,461.52728000,9,7598.00,449.09801000,0
2025-11-02 16:00:00,0.058771,0.058779,0.058226,0.058291,11784.00,1762113599999,690.53821800,15,6784.00,397.03821800,0
2025-11-02 20:00:00,0.058201,0.058346,0.057776,0.058316,33584.00,1762127999999,1949.97433000,21,12138.00,706.89673100,0
2025-11-03 00:00:00,0.058316,0.058316,0.056543,0.056594,39076.00,1762142399999,2233.12704200,38,7670.00,436.11124600,0
2025-11-03 04:00:00,0.056578,0.056654,0.055372,0.055372,25907.00,1762156799999,1456.84490200,18,9614.00,543.71254700,0
2025-11-03 08:00:00,0.055835,0.055835,0.055008,0.055043,6035.00,1762171199999,333.52198300,25,2010.00,110.94006000,0
2025-11-03 12:00:00,0.055507,0.055723,0.054321,0.054511,23726.00,1762185599999,1305.59896100,31,6776.00,374.61738300,0
2025-11-03 16:00:00,0.053831,0.054461,0.05382,0.053847,31107.00,1762199999999,1683.01339600,43,24701.00,1337.69962100,0
2025-11-03 20:00:00,0.053645,0.053808,0.053185,0.05375,214676.00,1762214399999,11445.26906700,76,42179.00,2261.73880500,0
2025-11-04 00:00:00,0.053816,0.054559,0.053563,0.054079,60717.00,1762228799999,3272.74168300,36,25171.00,1365.41662500,0
2025-11-04 04:00:00,0.054078,0.054351,0.053665,0.054001,33827.00,1762243199999,1827.92430700,29,13210.00,710.70717400,0
2025-11-04 08:00:00,0.05351,0.054231,0.05351,0.054231,3467.00,1762257599999,186.30312200,8,951.00,51.41451000,0
2025-11-04 12:00:00,0.054006,0.054098,0.05325,0.05325,53883.00,1762271999999,2879.20913900,25,4338.00,233.27905800,0
2025-11-04 16:00:00,0.05325,0.05325,0.05,0.05,43336.00,1762286399999,2245.16243000,50,15769.00,827.39627200,0
2025-11-04 20:00:00,0.049706,0.0511,0.049635,0.051,101896.00,1762300799999,5154.55542600,87,40836.00,2062.62016200,0
2025-11-05 00:00:00,0.050999,0.051,0.050267,0.050857,37430.00,1762315199999,1892.52312000,24,17626.00,893.53487200,0
2025-11-05 04:00:00,0.050736,0.051686,0.050736,0.051623,35084.00,1762329599999,1790.01807300,10,35084.00,1790.01807300,0
2025-11-05 08:00:00,0.051617,0.051617,0.050562,0.050756,20460.00,1762343999999,1050.56747000,11,7241.00,370.61428300,0
2025-11-05 12:00:00,0.051181,0.051814,0.050861,0.051814,235614.00,1762358399999,12051.14426200,33,6230.00,319.95037200,0
2025-11-05 16:00:00,0.051868,0.052178,0.051434,0.052178,15210.00,1762372799999,789.90656800,11,15020.00,780.13410800,0
2025-11-05 20:00:00,0.052565,0.053027,0.052565,0.052926,22614.00,1762387199999,1195.29952900,18,21614.00,1142.54552900,0
2025-11-06 00:00:00,0.052938,0.052938,0.052318,0.05247,5025.00,1762401599999,263.80839200,6,5025.00,263.80839200,0
2025-11-06 04:00:00,0.052278,0.05368,0.052278,0.05368,5642.00,1762415999999,298.93450900,4,5642.00,298.93450900,0
2025-11-06 08:00:00,0.054182,0.059408,0.054142,0.054301,7283.00,1762430399999,403.42643400,7,3784.00,213.96933600,0
2025-11-06 12:00:00,0.054541,0.055472,0.054541,0.054892,20378.00,1762444799999,1127.48530200,17,20378.00,1127.48530200,0
2025-11-06 16:00:00,0.054072,0.054072,0.053717,0.053717,2028.00,1762459199999,109.59234100,2,2028.00,109.59234100,0
2025-11-06 20:00:00,0.053036,0.053267,0.053036,0.053118,8101.00,1762473599999,430.22526500,11,6110.00,324.56488600,0
2025-11-07 00:00:00,0.053511,0.053704,0.05328,0.053563,16975.00,1762487999999,908.42962600,11,9726.00,520.15143900,0
2025-11-07 04:00:00,0.053417,0.054812,0.052851,0.054812,9438.00,1762502399999,508.49322200,9,9438.00,508.49322200,0
2025-11-07 08:00:00,0.055271,0.055272,0.05417,0.05417,7895.00,1762516799999,434.90312200,10,5219.00,288.05748000,0
2025-11-07 12:00:00,0.054182,0.055222,0.054124,0.055222,108080.00,1762531199999,5861.42453400,30,91304.00,4953.24313800,0
2025-11-07 16:00:00,0.055469,0.057411,0.055469,0.057411,42249.00,1762545599999,2382.00267900,34,40926.00,2308.18625800,0
2025-11-07 20:00:00,0.05727,0.058059,0.05727,0.05782,19700.00,1762559999999,1139.35375700,22,18700.00,1081.84132200,0
2025-11-08 00:00:00,0.057582,0.057744,0.057206,0.057744,5295.00,1762574399999,305.26117100,6,5209.00,300.34145500,0
2025-11-08 04:00:00,0.057629,0.057629,0.05679,0.05679,20070.00,1762588799999,1148.69418600,9,2699.00,154.96876000,0
2025-11-08 08:00:00,0.057272,0.057605,0.056832,0.057301,13786.00,1762603199999,787.53433300,15,11305.00,646.30347500,0
2025-11-08 12:00:00,0.057416,0.057448,0.056754,0.056881,11696.00,1762617599999,666.61326800,13,10570.00,602.44647400,0
2025-11-08 16:00:00,0.0568,0.05701,0.056371,0.05701,34302.00,1762631999999,1939.77700600,8,2274.00,129.53028000,0
2025-11-08 20:00:00,0.057333,0.05753,0.057054,0.057384,12672.00,1762646399999,726.23408900,22,6819.00,390.47356700,0
2025-11-09 00:00:00,0.057585,0.057596,0.056234,0.056234,15641.00,1762660799999,894.41623500,16,9015.00,512.79176500,0
2025-11-09 04:00:00,0.05573,0.05573,0.055152,0.055346,6794.00,1762675199999,376.57288100,8,4996.00,277.39160300,0
2025-11-09 08:00:00,0.055021,0.055561,0.055021,0.055561,929.00,1762689599999,51.35787600,5,629.00,34.83026100,0
2025-11-09 12:00:00,0.057674,0.058475,0.057674,0.057738,2050.00,1762703999999,119.44804100,6,1645.00,96.04405100,0
2025-11-09 16:00:00,0.057643,0.058336,0.057582,0.058336,10588.00,1762718399999,616.59115200,8,3418.00,199.29108600,0
2025-11-09 20:00:00,0.058148,0.058505,0.058148,0.058505,9184.00,1762732799999,536.08726200,13,9150.00,534.11023000,0
2025-11-10 00:00:00,0.058505,0.059262,0.058505,0.059224,27245.00,1762747199999,1601.24055000,22,26758.00,1572.56621700,0
2025-11-10 04:00:00,0.059262,0.06,0.059262,0.06,117631.00,1762761599999,7054.73514500,36,117631.00,7054.73514500,0
2025-11-10 08:00:00,0.060437,0.061117,0.060379,0.061117,5451.00,1762775999999,330.19947900,6,1487.00,90.71624100,0
2025-11-10 12:00:00,0.060916,0.061066,0.06075,0.06075,91406.00,1762790399999,5555.63937800,23,10639.00,648.76879800,0
2025-11-10 16:00:00,0.06094,0.061408,0.06089,0.06139,7764.00,1762804799999,475.59353400,11,7481.00,458.33864400,0
2025-11-10 20:00:00,0.061903,0.061903,0.060508,0.060775,5850.00,1762819199999,355.96212100,7,5850.00,355.96212100,0
2025-11-11 00:00:00,0.060978,0.061541,0.060834,0.061315,10722.00,1762833599999,654.67559400,22,3430.00,209.96864600,0
2025-11-11 04:00:00,0.061571,0.061631,0.061075,0.061075,12384.00,1762847999999,759.72630900,8,9410.00,577.03348900,0
2025-11-11 08:00:00,0.061125,0.062728,0.061089,0.062728,41806.00,1762862399999,2620.22455900,9,2872.00,179.58850600,0
2025-11-11 12:00:00,0.061027,0.06132,0.061027,0.06106,13000.00,1762876799999,794.00085200,9,1518.00,92.89961200,0
2025-11-11 16:00:00,0.060729,0.060838,0.060572,0.060572,11091.00,1762891199999,672.05576600,10,1198.00,72.78476800,0
2025-11-11 20:00:00,0.059983,0.059995,0.059228,0.059228,3986.00,1762905599999,237.09626400,8,3986.00,237.09626400,0
2025-11-12 00:00:00,0.059331,0.059428,0.059308,0.059428,7939.00,1762919999999,471.09808800,6,7939.00,471.09808800,0
2025-11-12 04:00:00,0.059516,0.060635,0.059346,0.060575,14710.00,1762934399999,880.59390100,11,3393.00,202.32872600,0
2025-11-12 08:00:00,0.060745,0.061243,0.060448,0.060947,2880.00,1762948799999,174.93103400,4,1345.00,82.04623500,0
2025-11-12 12:00:00,0.06086,0.06096,0.060334,0.060334,4695.00,1762963199999,284.94506000,5,4695.00,284.94506000,0
2025-11-12 16:00:00,0.059335,0.059335,0.057865,0.0579,12652.00,1762977599999,746.66530200,10,11830.00,697.89193200,0
2025-11-12 20:00:00,0.057861,0.058006,0.057014,0.057774,20788.00,1762991999999,1199.15081700,42,13873.00,801.65682300,0
2025-11-13 00:00:00,0.057324,0.057578,0.05685,0.057578,15226.00,1763006399999,869.07225300,34,4225.00,242.07084000,0
2025-11-13 04:00:00,0.058039,0.058641,0.057975,0.058615,11310.00,1763020799999,659.97454100,15,11196.00,653.33711900,0
2025-11-13 08:00:00,0.058243,0.058243,0.058109,0.058209,2151.00,1763035199999,125.06223300,4,514.00,29.92816400,0
2025-11-13 12:00:00,0.05794,0.058015,0.056376,0.056376,20062.00,1763049599999,1144.05824200,21,11162.00,641.72616400,0
2025-11-13 16:00:00,0.056904,0.057025,0.055752,0.05588,37668.00,1763063999999,2118.39784500,43,37252.00,2094.93975500,0
2025-11-13 20:00:00,0.055807,0.05583,0.055381,0.055381,9477.00,1763078399999,527.30617100,17,6436.00,358.33437600,0
2025-11-14 00:00:00,0.055502,0.05577,0.055109,0.055297,23105.00,1763092799999,1278.85629100,28,8436.00,468.30423700,0
2025-11-14 04:00:00,0.055327,0.055353,0.054546,0.054585,12565.00,1763107199999,688.39771000,16,10833.00,593.49400800,0
2025-11-14 08:00:00,0.054216,0.054326,0.053252,0.053252,12275.00,1763121599999,664.00262900,28,10682.00,578.27687600,0
2025-11-14 12:00:00,0.05298,0.053472,0.051993,0.053465,39929.00,1763135999999,2100.64545700,34,33238.00,1751.73476200,0
2025-11-14 16:00:00,0.053247,0.053247,0.052759,0.052986,13878.00,1763150399999,734.80542800,11,13878.00,734.80542800,0
2025-11-14 20:00:00,0.052815,0.052852,0.051468,0.051502,12785.00,1763164799999,665.60877700,15,12785.00,665.60877700,0
2025-11-15 00:00:00,0.052116,0.056287,0.051663,0.052652,23101.00,1763179199999,1205.06664100,27,21448.00,1119.61924900,0
2025-11-15 04:00:00,0.053343,0.054297,0.053335,0.054204,26759.00,1763193599999,1437.99970700,18,26759.00,1437.99970700,0
2025-11-15 08:00:00,0.054757,0.056049,0.054757,0.055698,4701.00,1763207999999,259.66743500,6,1912.00,106.95016200,0
2025-11-15 12:00:00,0.055811,0.0644,0.054736,0.057046,54980.00,1763222399999,3091.48107200,57,52142.00,2934.95553800,0
2025-11-15 16:00:00,0.055886,0.060032,0.054875,0.054875,8462.00,1763236799999,477.48108500,13,6088.00,345.61726500,0
2025-11-15 20:00:00,0.055436,0.056741,0.054029,0.054882,22829.00,1763251199999,1262.31929100,23,12592.00,694.30830500,0
2025-11-16 00:00:00,0.055095,0.05908,0.053892,0.054706,12003.00,1763265599999,662.22127400,9,6602.00,364.38268400,0
2025-11-16 04:00:00,0.054768,0.054906,0.054768,0.054906,5206.00,1763279999999,285.19723600,4,3329.00,182.39770000,0
2025-11-16 08:00:00,0.055081,0.056007,0.055072,0.056007,2623.00,1763294399999,144.70648900,3,267.00,14.95386900,0
2025-11-16 12:00:00,0.055575,0.055575,0.053979,0.053979,3079.00,1763308799999,170.21285900,5,2607.00,144.73477100,0
2025-11-16 16:00:00,0.054203,0.058145,0.05294,0.057744,12938.00,1763323199999,715.94294400,19,11710.00,650.88888800,0
2025-11-16 20:00:00,0.057733,0.057734,0.052981,0.053186,22019.00,1763337599999,1195.83094100,25,11086.00,605.90569400,0
2025-11-17 00:00:00,0.054831,0.054831,0.054831,0.054831,4638.00,1763351999999,254.30617800,4,4638.00,254.30617800,0
2025-11-17 04:00:00,0.05483,0.05483,0.0541,0.05483,11879.00,1763366399999,644.02420400,6,1879.00,103.02420400,0
2025-11-17 08:00:00,0.054828,0.054828,0.053737,0.05383,5929.00,1763380799999,319.45475600,7,420.00,22.95789000,0
2025-11-17 12:00:00,0.05327,0.05327,0.051258,0.051258,35453.00,1763395199999,1862.62849900,27,8557.00,447.42360600,0
2025-11-17 16:00:00,0.051068,0.051378,0.050206,0.050439,40894.00,1763409599999,2079.89556900,49,20252.00,1032.60124800,0
2025-11-17 20:00:00,0.050402,0.050439,0.049876,0.050356,63209.00,1763423999999,3168.33486700,31,21214.00,1068.48326000,0
2025-11-18 00:00:00,0.050439,0.050439,0.049701,0.049986,21731.00,1763438399999,1087.82767100,26,21028.00,1052.88336800,0
2025-11-18 04:00:00,0.050047,0.050105,0.0491,0.049191,17574.00,1763452799999,873.79894200,30,6325.00,314.65830600,0
2025-11-18 08:00:00,0.049584,0.049856,0.049584,0.049801,6825.00,1763467199999,340.00332600,13,6825.00,340.00332600,0
2025-11-18 12:00:00,0.049741,0.049765,0.048477,0.049166,19081.00,1763481599999,936.76872700,22,6063.00,298.59023900,0
2025-11-18 16:00:00,0.049051,0.051481,0.049051,0.051481,14859.00,1763495999999,751.55463800,19,13859.00,701.73845200,0
2025-11-18 20:00:00,0.050434,0.052476,0.049971,0.052476,19366.00,1763510399999,1000.67790500,14,9898.00,507.49189300,0
2025-11-19 00:00:00,0.052591,0.05289,0.051442,0.051827,17797.00,1763524799999,927.13558700,19,6034.00,317.51755000,0
2025-11-19 04:00:00,0.05217,0.05217,0.050782,0.051327,4580.00,1763539199999,233.86559200,8,4580.00,233.86559200,0
2025-11-19 08:00:00,0.05066,0.051327,0.050629,0.051327,105151.00,1763553599999,5396.75014500,24,104659.00,5371.83249300,0
2025-11-19 12:00:00,0.051327,0.051327,0.050398,0.051291,6101.00,1763567999999,312.22598000,12,5107.00,262.11910500,0
2025-11-19 16:00:00,0.050447,0.050466,0.049166,0.049561,44354.00,1763582399999,2205.29104200,52,39467.00,1960.84660100,0
2025-11-19 20:00:00,0.04956,0.04972,0.049119,0.04953,43610.00,1763596799999,2159.45940900,24,14951.00,740.45505900,0
2025-11-20 00:00:00,0.049316,0.05088,0.049125,0.050757,22503.00,1763611199999,1126.45317000,24,17525.00,880.96240300,0
2025-11-20 04:00:00,0.051327,0.052698,0.051113,0.052698,9279.00,1763625599999,478.81147600,16,5948.00,308.37386400,0
2025-11-20 08:00:00,0.0513,0.052899,0.0513,0.052899,4752.00,1763639999999,249.93666000,9,3864.00,204.38226000,0
2025-11-20 12:00:00,0.052897,0.0529,0.051191,0.05124,5096.00,1763654399999,266.05237500,11,2827.00,149.54105700,0
2025-11-20 16:00:00,0.051381,0.052898,0.048695,0.049316,60293.00,1763668799999,2995.64176500,52,18043.00,911.45677600,0
2025-11-20 20:00:00,0.049691,0.051576,0.049584,0.050873,23625.00,1763683199999,1196.60178400,28,17981.00,912.06759500,0
2025-11-21 00:00:00,0.050656,0.050656,0.050321,0.050321,10721.00,1763697599999,541.38084100,9,10721.00,541.38084100,0
2025-11-21 04:00:00,0.050135,0.051576,0.050105,0.050577,6881.00,1763711999999,347.52122100,9,466.00,24.03441600,0
2025-11-21 08:00:00,0.049861,0.051576,0.0485,0.0485,18701.00,1763726399999,918.88986400,12,7110.00,356.60593300,0
2025-11-21 12:00:00,0.047903,0.04936,0.047729,0.048753,30203.00,1763740799999,1477.14313000,42,27885.00,1365.29732900,0
2025-11-21 16:00:00,0.048745,0.048923,0.048745,0.048923,58679.00,1763755199999,2870.43591600,37,54642.00,2672.94140200,0
2025-11-21 20:00:00,0.04889,0.048923,0.04889,0.048923,21278.00,1763769599999,1040.86528700,18,20015.00,979.08683200,0
2025-11-22 00:00:00,0.048923,0.050554,0.048922,0.050252,85107.00,1763783999999,4172.29558600,53,78868.00,3861.33767300,0
2025-11-22 04:00:00,0.050251,0.052693,0.050251,0.051163,20015.00,1763798399999,1010.89886000,18,17810.00,898.51301300,0
2025-11-22 08:00:00,0.051891,0.052882,0.051113,0.052882,3154.00,1763812799999,163.46161700,4,2202.00,114.80204100,0
2025-11-22 12:00:00,0.052871,0.0529,0.050653,0.052687,16274.00,1763827199999,846.81567300,33,13256.00,693.69899100,0
2025-11-22 16:00:00,0.05079,0.052896,0.050789,0.052698,21604.00,1763841599999,1117.77983100,26,13989.00,730.55559400,0
2025-11-22 20:00:00,0.052694,0.052899,0.051273,0.051388,29262.00,1763855999999,1508.04657900,23,11884.00,614.96610700,0
2025-11-23 00:00:00,0.051387,0.052,0.051291,0.052,26014.00,1763870399999,1350.93497000,24,22872.00,1189.13708000,0
2025-11-23 04:00:00,0.052,0.05239,0.051846,0.05239,5848.00,1763884799999,304.20056700,7,3378.00,176.13273000,0
2025-11-23 08:00:00,0.052316,0.052651,0.051482,0.052651,3744.00,1763899199999,195.40584000,5,2369.00,124.61493400,0
2025-11-23 12:00:00,0.052717,0.0529,0.051977,0.052898,8261.00,1763913599999,436.47516300,10,7824.00,413.75670900,0
2025-11-23 16:00:00,0.052074,0.05341,0.052074,0.05252,24381.00,1763927999999,1292.11513700,29,20528.00,1089.83018000,0
2025-11-23 20:00:00,0.053462,0.060998,0.052364,0.053379,24593.00,1763942399999,1334.45786000,41,16732.00,915.00983500,0
2025-11-24 00:00:00,0.053009,0.054776,0.051502,0.054776,56553.00,1763956799999,2965.12650500,21,13315.00,711.64140900,0
2025-11-24 04:00:00,0.053068,0.055117,0.052391,0.0542,11864.00,1763971199999,632.10863500,12,7606.00,404.71014500,0
2025-11-24 08:00:00,0.053701,0.058712,0.052671,0.053043,6190.00,1763985599999,335.53276000,11,3246.00,175.86323000,0
2025-11-24 12:00:00,0.054189,0.055803,0.054045,0.054558,25180.00,1763999999999,1376.11062100,23,15846.00,863.08767300,0
2025-11-24 16:00:00,0.054518,0.060995,0.053644,0.05515,26356.00,1764014399999,1471.47149400,47,17292.00,966.71840300,0
2025-11-24 20:00:00,0.054356,0.055597,0.054354,0.055495,9354.00,1764028799999,512.99993500,17,3564.00,197.81599700,0
2025-11-25 00:00:00,0.054492,0.055714,0.054315,0.055697,57787.00,1764043199999,3176.47349800,18,4490.00,247.56622000,0
2025-11-25 04:00:00,0.056388,0.056389,0.054962,0.055902,3554.00,1764057599999,198.81059100,6,3147.00,176.44105700,0
2025-11-25 08:00:00,0.056091,0.05612,0.056091,0.05612,2544.00,1764071999999,142.75264400,3,2544.00,142.75264400,0
2025-11-25 12:00:00,0.055136,0.056428,0.053888,0.053888,13359.00,1764086399999,740.98294100,14,2942.00,164.71428200,0
2025-11-25 16:00:00,0.054424,0.061475,0.054424,0.057362,36572.00,1764100799999,2052.78167900,42,26000.00,1473.04501800,0
2025-11-25 20:00:00,0.05526,0.060097,0.054392,0.055316,23670.00,1764115199999,1311.26105700,23,8998.00,500.09094800,0
2025-11-26 00:00:00,0.055316,0.059494,0.054583,0.059494,37399.00,1764129599999,2091.65374000,29,26063.00,1466.42772000,0
2025-11-26 04:00:00,0.054261,0.055999,0.054261,0.055445,36197.00,1764143999999,2002.13760900,21,17345.00,960.00491300,0
2025-11-26 08:00:00,0.055601,0.055601,0.054447,0.05543,9091.00,1764158399999,496.89644600,15,1731.00,96.02657900,0
2025-11-26 12:00:00,0.054059,0.056636,0.053911,0.054583,27038.00,1764172799999,1493.35518300,25,18295.00,1003.57141200,0
2025-11-26 16:00:00,0.053579,0.055298,0.053579,0.055291,22109.00,1764187199999,1198.76332300,17,11217.00,613.29380800,0
2025-11-26 20:00:00,0.055304,0.055628,0.054326,0.055354,4252.00,1764201599999,234.43424000,9,3246.00,179.78228400,0
2025-11-27 00:00:00,0.055216,0.056277,0.054141,0.055449,8543.00,1764215999999,475.16640000,12,4461.00,246.56623000,0
2025-11-27 04:00:00,0.055291,0.056178,0.055149,0.055149,12331.00,1764230399999,684.67062900,8,7846.00,433.77825600,0
2025-11-27 08:00:00,0.0548,0.055083,0.0548,0.05483,2597.00,1764244799999,142.40787600,3,782.00,42.94587600,0
2025-11-27 12:00:00,0.053725,0.054867,0.05354,0.053605,3648.00,1764259199999,196.42329200,12,1277.00,68.86973400,0
2025-11-27 16:00:00,0.053831,0.054949,0.053831,0.054766,4857.00,1764273599999,262.75476800,7,4857.00,262.75476800,0
2025-11-27 20:00:00,0.054753,0.054859,0.053516,0.053644,25776.00,1764287999999,1390.10715500,24,5253.00,287.72261000,0
2025-11-28 00:00:00,0.053462,0.053888,0.052999,0.053204,69584.00,1764302399999,3706.43670200,93,8298.00,443.67313800,0
2025-11-28 04:00:00,0.053335,0.05357,0.053335,0.053566,5611.00,1764316799999,300.01970600,15,5611.00,300.01970600,0
2025-11-28 08:00:00,0.053475,0.053475,0.05334,0.053387,1494.00,1764331199999,79.75685100,6,1494.00,79.75685100,0
2025-11-28 12:00:00,0.053715,0.054121,0.053525,0.054121,7582.00,1764345599999,408.58213200,15,4996.00,269.23984900,0
2025-11-28 16:00:00,0.05365,0.053718,0.0529,0.05317,19612.00,1764359999999,1043.46448800,32,15801.00,841.55633000,0
2025-11-28 20:00:00,0.05319,0.053432,0.052915,0.053429,9457.00,1764374399999,502.72005300,18,6402.00,340.99840800,0
2025-11-29 00:00:00,0.0534,0.05356,0.053313,0.05356,4642.00,1764388799999,247.98545200,7,2267.00,121.35806800,0
2025-11-29 04:00:00,0.05368,0.05368,0.05352,0.05352,1521.00,1764403199999,81.56392000,2,1521.00,81.56392000,0
2025-11-29 08:00:00,0.053313,0.053362,0.053313,0.053362,1927.00,1764417599999,102.77551400,3,1027.00,54.79381400,0
2025-11-29 12:00:00,0.053402,0.05341,0.05334,0.05341,387.00,1764431999999,20.66311600,3,387.00,20.66311600,0
2025-11-29 16:00:00,0.053227,0.053525,0.053081,0.053525,1246.00,1764446399999,66.27712200,6,262.00,13.96842500,0
2025-11-29 20:00:00,0.05348,0.0535,0.05309,0.053213,4354.00,1764460799999,231.79541200,11,4354.00,231.79541200,0
2025-11-30 00:00:00,0.053028,0.05315,0.053001,0.053051,7551.00,1764475199999,400.58112100,9,6990.00,370.84124200,0
2025-11-30 04:00:00,0.053048,0.053587,0.053006,0.05355,8942.00,1764489599999,478.25683900,15,4468.00,239.13947200,0
2025-11-30 08:00:00,0.053507,0.053507,0.053302,0.053302,2382.00,1764503999999,127.17747400,8,279.00,14.90565000,0
2025-11-30 12:00:00,0.053535,0.05357,0.053277,0.053277,2769.00,1764518399999,148.13763800,10,2108.00,112.83738100,0
2025-11-30 16:00:00,0.053475,0.053578,0.053156,0.05332,13521.00,1764532799999,721.78830100,23,12441.00,664.18103700,0
2025-11-30 20:00:00,0.053337,0.054401,0.052922,0.052935,49813.00,1764547199999,2663.37357300,100,22699.00,1221.92613200,0
2025-12-01 00:00:00,0.052983,0.052983,0.051459,0.051459,16739.00,1764561599999,871.56539600,31,14519.00,756.14832000,0
2025-12-01 04:00:00,0.051543,0.051844,0.051383,0.051499,16012.00,1764575999999,825.12299900,29,13525.00,697.07727000,0
2025-12-01 08:00:00,0.051528,0.051598,0.051374,0.051374,3754.00,1764590399999,193.29133200,8,2055.00,105.94677200,0
2025-12-01 12:00:00,0.051013,0.051013,0.050552,0.050755,1940.00,1764604799999,98.30655800,7,1727.00,87.53088800,0
2025-12-01 16:00:00,0.050165,0.050296,0.050125,0.050252,5647.00,1764619199999,283.70166200,12,4860.00,244.22212700,0
2025-12-01 20:00:00,0.050487,0.050733,0.050261,0.050733,106654.00,1764633599999,5386.64935900,128,6943.00,351.34780000,0
2025-12-02 00:00:00,0.050635,0.051034,0.050618,0.050827,5220.00,1764647999999,265.55048000,16,2761.00,140.59832900,0
2025-12-02 04:00:00,0.050705,0.050705,0.050431,0.050581,3153.00,1764662399999,159.42963900,6,1166.00,58.96792600,0
2025-12-02 08:00:00,0.05095,0.051528,0.050933,0.051528,1290.00,1764676799999,65.88033600,3,290.00,14.94312000,0
2025-12-02 12:00:00,0.051738,0.052875,0.051738,0.052875,342.00,1764691199999,17.97968400,3,342.00,17.97968400,0
2025-12-02 16:00:00,0.052719,0.052719,0.052514,0.052519,3666.00,1764705599999,192.78083200,12,3666.00,192.78083200,0
2025-12-02 20:00:00,0.051874,0.052328,0.051791,0.051842,66839.00,1764719999999,3482.98720600,36,64390.00,3356.05615100,0
2025-12-03 00:00:00,0.051669,0.052144,0.051501,0.051933,16763.00,1764734399999,869.65982700,26,13519.00,702.05180300,0
2025-12-03 04:00:00,0.051859,0.05261,0.051828,0.052509,15645.00,1764748799999,814.62669600,31,4429.00,232.79966600,0
2025-12-03 08:00:00,0.051768,0.052015,0.051768,0.052015,289.00,1764763199999,14.96490400,2,289.00,14.96490400,0
2025-12-03 12:00:00,0.051748,0.051848,0.051409,0.051409,2500.00,1764777599999,128.96837500,9,1099.00,56.77157800,0
2025-12-03 16:00:00,0.051259,0.051453,0.05123,0.051293,2422.00,1764791999999,124.32256600,9,776.00,39.89584800,0
2025-12-03 20:00:00,0.051359,0.051485,0.050832,0.051348,25109.00,1764806399999,1279.76931600,26,2612.00,134.09280100,0
2025-12-04 00:00:00,0.051199,0.051593,0.051166,0.051179,7783.00,1764820799999,399.86190000,13,7192.00,369.61245400,0
2025-12-04 04:00:00,0.05106,0.051618,0.05101,0.051618,16825.00,1764835199999,863.58868800,31,15418.00,791.67946800,0
2025-12-04 08:00:00,0.051333,0.051347,0.051,0.051,6095.00,1764849599999,311.51452000,5,2230.00,114.39952000,0
2025-12-04 12:00:00,0.050837,0.050878,0.050372,0.050557,13053.00,1764863999999,660.66833000,40,10366.00,524.91700700,0
2025-12-04 16:00:00,0.050492,0.050546,0.050007,0.050056,20063.00,1764878399999,1008.15263400,15,8143.00,408.58088400,0
2025-12-04 20:00:00,0.049987,0.050237,0.049917,0.049949,35603.00,1764892799999,1778.88093500,19,7762.00,388.25082600,0
2025-12-05 00:00:00,0.049949,0.050266,0.049897,0.050042,11351.00,1764907199999,567.88085000,16,9321.00,466.27693000,0
2025-12-05 04:00:00,0.050027,0.050027,0.049898,0.049898,4505.00,1764921599999,224.84876600,10,4505.00,224.84876600,0
2025-12-05 08:00:00,0.050022,0.050071,0.049982,0.050071,5787.00,1764935999999,289.63226000,8,5787.00,289.63226000,0
2025-12-05 12:00:00,0.050022,0.050085,0.049818,0.049818,14313.00,1764950399999,715.21149300,23,11756.00,587.67899200,0
2025-12-05 16:00:00,0.049391,0.049645,0.049272,0.049645,17709.00,1764964799999,876.89964500,18,17709.00,876.89964500,0
2025-12-05 20:00:00,0.049495,0.049754,0.049336,0.049544,35583.00,1764979199999,1761.14248800,20,5843.00,289.18964900,0
2025-12-06 00:00:00,0.049401,0.049644,0.049316,0.049345,12073.00,1764993599999,597.58139100,14,8281.00,410.08421000,0
2025-12-06 04:00:00,0.049316,0.049559,0.049,0.049431,60329.00,1765007999999,2959.09606300,17,2657.00,131.33038300,0
2025-12-06 08:00:00,0.049546,0.049606,0.049425,0.04946,5275.00,1765022399999,261.16503800,15,1536.00,76.13839900,0
2025-12-06 12:00:00,0.049501,0.049635,0.049501,0.049635,554.00,1765036799999,27.47703200,3,554.00,27.47703200,0
2025-12-06 16:00:00,0.049666,0.049824,0.049421,0.049731,26093.00,1765051199999,1295.18139800,36,6941.00,345.32291000,0
2025-12-06 20:00:00,0.049766,0.049899,0.049576,0.049665,21777.00,1765065599999,1084.41552400,40,20144.00,1003.23574300,0
2025-12-07 00:00:00,0.049656,0.049656,0.049486,0.049486,5466.00,1765079999999,271.13155400,11,4714.00,233.89247200,0
2025-12-07 04:00:00,0.04961,0.04961,0.049512,0.049512,1704.00,1765094399999,84.39778400,4,1704.00,84.39778400,0
2025-12-07 08:00:00,0.049121,0.049215,0.048866,0.049021,11411.00,1765108799999,559.57584900,14,10242.00,502.33614400,0
2025-12-07 12:00:00,0.049241,0.049241,0.048709,0.049225,5923.00,1765123199999,289.67572900,11,5146.00,251.62285000,0
2025-12-07 16:00:00,0.049435,0.049809,0.049385,0.049809,7272.00,1765137599999,360.60115200,12,5906.00,293.02759300,0
2025-12-07 20:00:00,0.049779,0.049779,0.048991,0.049024,5851.00,1765151999999,288.69528600,8,5851.00,288.69528600,0
2025-12-08 00:00:00,0.049007,0.04953,0.048994,0.049365,15958.00,1765166399999,787.57001100,19,14874.00,734.32133600,0
2025-12-08 04:00:00,0.049406,0.049987,0.049402,0.049987,21271.00,1765180799999,1056.46367400,21,21271.00,1056.46367400,0
2025-12-08 08:00:00,0.049806,0.049971,0.049806,0.049961,2461.00,1765195199999,122.95769600,4,2356.00,117.72806600,0
2025-12-08 12:00:00,0.049786,0.049857,0.049625,0.049715,5323.00,1765209599999,264.78855900,12,2902.00,144.55797100,0
2025-12-08 16:00:00,0.0489,0.048974,0.048704,0.048837,7889.00,1765223999999,385.91867000,11,4486.00,219.63879400,0
2025-12-08 20:00:00,0.049096,0.049155,0.048906,0.049065,9172.00,1765238399999,449.97833000,17,6172.00,303.21995700,0
2025-12-09 00:00:00,0.048967,0.048967,0.048,0.048308,7784.00,1765252799999,377.15277800,12,5315.00,257.60601300,0
2025-12-09 04:00:00,0.048275,0.048426,0.048254,0.048424,8402.00,1765267199999,406.20445200,9,8402.00,406.20445200,0
2025-12-09 08:00:00,0.04839,0.048417,0.048177,0.048276,16299.00,1765281599999,786.92362600,24,13576.00,655.63980000,0
2025-12-09 12:00:00,0.047821,0.048666,0.047249,0.048664,34109.00,1765295999999,1644.77991600,24,22378.00,1078.61146200,0
2025-12-09 16:00:00,0.049076,0.049348,0.048884,0.049242,29596.00,1765310399999,1453.69801700,11,8707.00,428.61895700,0
2025-12-09 20:00:00,0.04863,0.04863,0.048122,0.048469,10657.00,1765324799999,517.34616600,6,9657.00,469.22416600,0
2025-12-10 00:00:00,0.048467,0.048467,0.048205,0.048205,6586.00,1765339199999,317.93506600,5,6206.00,299.51936600,0
2025-12-10 04:00:00,0.048185,0.049604,0.048185,0.049573,4884.00,1765353599999,236.69738600,7,4759.00,230.53176100,0
2025-12-10 08:00:00,0.049715,0.049839,0.049344,0.049344,8987.00,1765367999999,445.63330300,8,1127.00,55.94173300,0
2025-12-10 12:00:00,0.050205,0.050205,0.049909,0.049909,113792.00,1765382399999,5695.19665300,64,113792.00,5695.19665300,0
2025-12-10 16:00:00,0.049804,0.050219,0.049534,0.050219,6786.00,1765396799999,339.98880600,12,6624.00,331.93077300,0
2025-12-10 20:00:00,0.050407,0.050458,0.04994,0.050193,7092.00,1765411199999,356.04991400,10,4888.00,245.68854300,0
2025-12-11 00:00:00,0.049715,0.049876,0.048869,0.048869,6202.00,1765425599999,306.44932200,9,2218.00,109.71625700,0
2025-12-11 04:00:00,0.048923,0.049309,0.048923,0.049148,7394.00,1765439999999,363.68851500,7,4353.00,214.46044900,0
2025-12-11 08:00:00,0.049923,0.049923,0.049668,0.049668,1401.00,1765454399999,69.77241300,4,1401.00,69.77241300,0
2025-12-11 12:00:00,0.05024,0.05024,0.049319,0.049319,2400.00,1765468799999,119.62512200,4,2400.00,119.62512200,0
2025-12-11 16:00:00,0.04868,0.048742,0.048351,0.048398,10571.00,1765483199999,513.62657800,12,5200.00,253.01383200,0
2025-12-11 20:00:00,0.048395,0.04859,0.048,0.04859,5367.00,1765497599999,258.83709200,9,3742.00,180.77009200,0
2025-12-12 00:00:00,0.048775,0.049075,0.048617,0.049075,12642.00,1765511999999,618.76469800,8,10606.00,519.44711800,0
2025-12-12 04:00:00,0.049328,0.050283,0.049328,0.050079,9109.00,1765526399999,454.67874900,5,5109.00,254.36274900,0
2025-12-12 08:00:00,0.050459,0.050955,0.050223,0.050955,6615.00,1765540799999,332.62744900,8,1124.00,56.85295600,0
2025-12-12 12:00:00,0.05162,0.05162,0.051307,0.051353,4799.00,1765555199999,247.04417600,9,4768.00,245.45365900,0
2025-12-12 16:00:00,0.049647,0.049739,0.049601,0.049739,6923.00,1765569599999,343.90398300,5,6923.00,343.90398300,0
2025-12-12 20:00:00,0.049771,0.049776,0.049701,0.049701,4690.00,1765583999999,233.39793500,4,4690.00,233.39793500,0
2025-12-13 00:00:00,0.049296,0.049644,0.04923,0.049345,11552.00,1765598399999,570.90410200,11,8587.00,424.09857700,0
2025-12-13 04:00:00,0.049345,0.049372,0.049012,0.049012,2893.00,1765612799999,142.33897400,5,2893.00,142.33897400,0
2025-12-13 08:00:00,0.048863,0.04896,0.048853,0.048853,881.00,1765627199999,43.06503100,3,510.00,24.93685800,0
2025-12-13 12:00:00,0.048907,0.048907,0.048673,0.048907,2440.00,1765641599999,119.03667000,6,1808.00,88.27418400,0
2025-12-13 16:00:00,0.04841,0.048499,0.048,0.048,13963.00,1765655999999,672.70556100,17,12191.00,587.58626500,0
2025-12-13 20:00:00,0.048,0.048,0.047977,0.048,9108.00,1765670399999,437.13620600,9,9108.00,437.13620600,0
2025-12-14 00:00:00,0.048,0.048,0.047979,0.047979,17539.00,1765684799999,841.81786200,14,17539.00,841.81786200,0
2025-12-14 04:00:00,0.047979,0.047979,0.047635,0.047888,7256.00,1765699199999,347.56496400,6,6866.00,328.98731400,0
2025-12-14 08:00:00,0.047707,0.047929,0.047671,0.047671,5268.00,1765713599999,251.95853100,8,3351.00,160.44626100,0
2025-12-14 12:00:00,0.047671,0.047673,0.047277,0.04733,30792.00,1765727999999,1459.22851700,11,5117.00,242.96195300,0
2025-12-14 16:00:00,0.04733,0.04733,0.047093,0.047093,11453.00,1765742399999,541.17382300,10,11373.00,537.40094300,0
2025-12-14 20:00:00,0.047093,0.047093,0.046817,0.047009,6841.00,1765756799999,321.81745600,7,6166.00,290.17374100,0
2025-12-15 00:00:00,0.046877,0.04742,0.046877,0.047157,14036.00,1765771199999,661.78691900,12,13964.00,658.40457500,0
2025-12-15 04:00:00,0.047189,0.047254,0.047134,0.047134,3271.00,1765785599999,154.43416900,3,3271.00,154.43416900,0
2025-12-15 08:00:00,0.046655,0.047325,0.046633,0.047325,1598.00,1765799999999,74.78364600,5,592.00,27.86567800,0
2025-12-15 12:00:00,0.047018,0.047018,0.04608,0.046156,16399.00,1765814399999,757.50497500,13,3559.00,164.62759500,0
2025-12-15 16:00:00,0.046171,0.046856,0.046072,0.046856,3938.00,1765828799999,182.19130800,6,3938.00,182.19130800,0
2025-12-15 20:00:00,0.048258,0.050886,0.048258,0.05032,16806.00,1765843199999,839.97593300,15,11676.00,582.51463900,0
2025-12-16 00:00:00,0.050454,0.050484,0.048694,0.048758,27261.00,1765857599999,1346.43469700,14,15681.00,773.32654100,0
2025-12-16 04:00:00,0.048715,0.049849,0.048577,0.049849,33355.00,1765871999999,1635.72588600,28,11789.00,573.01706400,0
2025-12-16 08:00:00,0.050026,0.050026,0.049757,0.049757,908.00,1765886399999,45.33548600,3,497.00,24.77480000,0
2025-12-16 12:00:00,0.048492,0.048529,0.04827,0.048518,1934.00,1765900799999,93.77280700,5,1782.00,86.43576700,0
2025-12-16 16:00:00,0.048775,0.048868,0.048308,0.048308,4700.00,1765915199999,229.19881300,5,4700.00,229.19881300,0
2025-12-16 20:00:00,0.048303,0.048348,0.048167,0.048167,23150.00,1765929599999,1117.91510100,8,6761.00,326.31980200,0
2025-12-17 00:00:00,0.048131,0.048131,0.047637,0.047717,70179.00,1765943999999,3366.84254900,14,68692.00,3295.82093000,0
2025-12-17 04:00:00,0.047717,0.047717,0.047373,0.047423,3539.00,1765958399999,168.14483100,5,3539.00,168.14483100,0
2025-12-17 08:00:00,0.046974,0.046974,0.046792,0.046825,3732.00,1765972799999,174.86572000,4,1594.00,74.82442400,0
2025-12-17 12:00:00,0.046951,0.047358,0.046951,0.047358,14500.00,1765987199999,683.72796200,11,14500.00,683.72796200,0
2025-12-17 16:00:00,0.046418,0.046646,0.0452,0.0464,261160.00,1766001599999,12002.07911000,61,210053.00,9660.07940100,0
2025-12-17 20:00:00,0.04645,0.04701,0.046054,0.046428,88286.00,1766015999999,4101.25340000,59,19147.00,894.77404200,0
2025-12-18 00:00:00,0.04682,0.04682,0.04668,0.04672,44029.00,1766030399999,2055.64926000,4,44029.00,2055.64926000,0
2025-12-18 04:00:00,0.04672,0.046724,0.046428,0.046724,43206.00,1766044799999,2016.27303700,8,42206.00,1969.74027700,0
2025-12-18 08:00:00,0.046428,0.046997,0.046428,0.046997,1511.00,1766059199999,70.80473400,7,1232.00,57.80450600,0
2025-12-18 12:00:00,0.047163,0.050344,0.047163,0.048002,5910.00,1766073599999,286.91893400,25,3798.00,186.31295700,0
2025-12-18 16:00:00,0.048545,0.06699,0.048545,0.050484,18004.00,1766087999999,964.29131800,39,17949.00,961.59318300,0
2025-12-18 20:00:00,0.050482,0.050483,0.048659,0.048788,4961.00,1766102399999,246.31149700,11,4961.00,246.31149700,0
2025-12-19 00:00:00,0.04643,0.047335,0.04598,0.047335,24270.00,1766116799999,1125.87065200,41,11311.00,526.26927800,0
2025-12-19 04:00:00,0.04664,0.047335,0.046457,0.047212,61046.00,1766131199999,2886.43546600,56,7661.00,359.65788600,0
2025-12-19 08:00:00,0.046693,0.048177,0.046676,0.048089,2577.00,1766145599999,122.53259300,22,1561.00,74.76806900,0
2025-12-19 12:00:00,0.047203,0.050744,0.046039,0.046892,14955.00,1766159999999,706.59157700,37,6332.00,304.91310300,0
2025-12-19 16:00:00,0.046703,0.049056,0.046703,0.048256,6504.00,1766174399999,308.47651900,42,5020.00,238.94766500,0
2025-12-19 20:00:00,0.047891,0.050342,0.047628,0.04829,4645.00,1766188799999,225.57134900,13,4645.00,225.57134900,0
2025-12-20 00:00:00,0.050336,0.050598,0.047403,0.05007,10857.00,1766203199999,542.54972500,28,9854.00,494.97109300,0
2025-12-20 04:00:00,0.050571,0.050807,0.050571,0.050802,540.00,1766217599999,27.41167200,3,540.00,27.41167200,0
2025-12-20 08:00:00,0.049635,0.049635,0.048209,0.049534,40550.00,1766231999999,1981.00396900,37,9072.00,445.21069000,0
2025-12-20 12:00:00,0.049534,0.050741,0.049534,0.050129,16493.00,1766246399999,825.83633800,31,9010.00,448.68049800,0
2025-12-20 16:00:00,0.050086,0.050296,0.049935,0.050296,5752.00,1766260799999,288.09046700,12,5251.00,263.06689200,0
2025-12-20 20:00:00,0.050396,0.051508,0.050366,0.051473,6534.00,1766275199999,333.96012400,16,2078.00,104.91770500,0
2025-12-21 00:00:00,0.049845,0.0515,0.04689,0.047962,7696.00,1766289599999,376.60916200,25,3098.00,148.97650700,0
2025-12-21 04:00:00,0.046848,0.0508,0.045491,0.045491,61086.00,1766303999999,2927.81490700,98,19271.00,925.44539900,0
2025-12-21 08:00:00,0.045196,0.046386,0.045196,0.046386,7314.00,1766318399999,335.02141500,28,4454.00,204.79119300,0
2025-12-21 12:00:00,0.04655,0.049377,0.046422,0.049377,752.00,1766332799999,35.87489000,8,752.00,35.87489000,0
2025-12-21 16:00:00,0.049376,0.049376,0.049328,0.049329,4891.00,1766347199999,241.37096800,9,4891.00,241.37096800,0
2025-12-21 20:00:00,0.049325,0.049326,0.046401,0.047074,4958.00,1766361599999,238.95090700,13,4678.00,225.95666700,0
2025-12-22 00:00:00,0.045968,0.049309,0.045968,0.049309,3064.00,1766375999999,148.71521900,5,3064.00,148.71521900,0
2025-12-22 04:00:00,0.049301,0.049301,0.047,0.048995,5695.00,1766390399999,276.20999600,7,5695.00,276.20999600,0
2025-12-22 08:00:00,0.048969,0.048969,0.048963,0.048963,509.00,1766404799999,24.92339100,2,509.00,24.92339100,0
2025-12-22 12:00:00,0.049317,0.049319,0.047048,0.047132,5437.00,1766419199999,264.87544300,22,4493.00,219.91066800,0
2025-12-22 16:00:00,0.047065,0.049319,0.047065,0.049317,4149.00,1766433599999,204.54149400,4,4149.00,204.54149400,0
2025-12-22 20:00:00,0.049317,0.049319,0.049316,0.049316,4352.00,1766447999999,214.62728100,5,4352.00,214.62728100,0
2025-12-23 00:00:00,0.049317,0.049317,0.047502,0.047527,446.00,1766462399999,21.56911100,4,245.00,12.01743400,0
2025-12-23 04:00:00,0.047603,0.048999,0.047502,0.048999,7111.00,1766476799999,346.74087900,16,6961.00,339.61557900,0
2025-12-23 08:00:00,0.048996,0.048997,0.048996,0.048997,540.00,1766491199999,26.45814500,3,540.00,26.45814500,0
2025-12-23 12:00:00,0.048997,0.049319,0.048996,0.049316,1552.00,1766505599999,76.41115700,4,1552.00,76.41115700,0
2025-12-23 16:00:00,0.048298,0.049004,0.048298,0.048985,2801.00,1766519999999,135.99550000,10,507.00,24.83215600,0
2025-12-23 20:00:00,0.04892,0.049179,0.04892,0.049179,102.00,1766534399999,5.00169800,3,102.00,5.00169800,0
2025-12-24 00:00:00,0.048224,0.04932,0.048224,0.049318,5529.00,1766548799999,271.35400200,19,5529.00,271.35400200,0
2025-12-24 04:00:00,0.04868,0.04932,0.04868,0.049316,13367.00,1766563199999,658.38070400,16,13367.00,658.38070400,0
2025-12-24 08:00:00,0.04932,0.04932,0.04932,0.04932,807.00,1766577599999,39.80124000,4,807.00,39.80124000,0
2025-12-24 12:00:00,0.04932,0.04932,0.049073,0.04932,6914.00,1766591999999,340.59953700,13,5385.00,265.55956100,0
2025-12-24 16:00:00,0.049272,0.05193,0.049272,0.051924,23028.00,1766606399999,1155.95439200,73,18023.00,908.22349400,0
2025-12-24 20:00:00,0.04955,0.051998,0.049478,0.051277,13330.00,1766620799999,673.31211200,49,10729.00,544.44129800,0
2025-12-25 00:00:00,0.04936,0.049683,0.049177,0.049335,9912.00,1766635199999,489.01849800,31,462.00,22.87906000,0
2025-12-25 04:00:00,0.049435,0.049435,0.049049,0.049302,2736.00,1766649599999,134.55443000,6,2129.00,104.76875900,0
2025-12-25 08:00:00,0.048781,0.049061,0.048599,0.048634,2894.00,1766663999999,141.34506300,11,1887.00,92.27382800,0
2025-12-25 12:00:00,0.048559,0.049081,0.048509,0.048944,2559.00,1766678399999,125.03171200,14,2510.00,122.65477100,0
2025-12-25 16:00:00,0.048815,0.049138,0.048624,0.048699,3634.00,1766692799999,177.74054500,16,2192.00,107.11138500,0
2025-12-25 20:00:00,0.048664,0.051261,0.048509,0.048509,17597.00,1766707199999,857.83328700,30,3565.00,177.14597100,0
2025-12-26 00:00:00,0.048509,0.048509,0.048509,0.048509,79.00,1766721599999,3.83221100,1,0.00,0.00000000,0
2025-12-26 04:00:00,0.048509,0.048509,0.048509,0.048509,0.00,1766735999999,0.00000000,0,0.00,0.00000000,0
2025-12-26 08:00:00,0.049865,0.05666,0.049823,0.05666,11244.00,1766750399999,627.28933500,18,10439.00,587.16527200,0
2025-12-26 12:00:00,0.05666,0.05666,0.05666,0.05666,528.00,1766764799999,29.91648000,2,528.00,29.91648000,0
2025-12-26 16:00:00,0.05666,0.05666,0.05666,0.05666,0.00,1766779199999,0.00000000,0,0.00,0.00000000,0
2025-12-26 20:00:00,0.05666,0.05666,0.05666,0.05666,0.00,1766793599999,0.00000000,0,0.00,0.00000000,0
2025-12-27 00:00:00,0.05666,0.05666,0.05666,0.05666,0.00,1766807999999,0.00000000,0,0.00,0.00000000,0
2025-12-27 04:00:00,0.050175,0.050817,0.050145,0.050797,1417.00,1766822399999,71.37697800,11,535.00,27.14089800,0
2025-12-27 08:00:00,0.050732,0.051517,0.05012,0.050912,1921.00,1766836799999,96.97633700,23,840.00,42.63435100,0
2025-12-27 12:00:00,0.049811,0.051161,0.049465,0.050636,3800.00,1766851199999,191.22611300,18,811.00,40.81348200,0
2025-12-27 16:00:00,0.050571,0.053103,0.050571,0.050959,19154.00,1766865599999,977.76628300,46,8556.00,438.71393400,0
2025-12-27 20:00:00,0.051232,0.075759,0.050451,0.075759,18033.00,1766879999999,1159.75973200,44,17744.00,1139.83251700,0
2025-12-28 00:00:00,0.075759,0.075759,0.04979,0.075759,3220.00,1766894399999,235.63377200,14,2940.00,221.64805200,0
2025-12-28 04:00:00,0.056,0.056,0.05,0.050129,3003.00,1766908799999,151.17036300,15,1000.00,50.29765900,0
2025-12-28 08:00:00,0.050129,0.051712,0.050129,0.051709,1164.00,1766923199999,59.51893300,4,739.00,38.21410800,0
2025-12-28 12:00:00,0.051707,0.051707,0.050129,0.050129,13335.00,1766937599999,668.62170300,14,96.00,4.96387200,0
2025-12-28 16:00:00,0.05,0.05,0.05,0.05,22796.00,1766951999999,1139.80000000,14,22796.00,1139.80000000,0
2025-12-28 20:00:00,0.05,0.05,0.05,0.05,5463.00,1766966399999,273.15000000,5,5463.00,273.15000000,0
2025-12-29 00:00:00,0.05269,0.05269,0.050483,0.050611,5669.00,1766980799999,288.67377600,11,3669.00,187.69180400,0
2025-12-29 04:00:00,0.050596,0.05278,0.050546,0.05278,2931.00,1766995199999,151.20923400,21,1931.00,99.45063100,0
2025-12-29 08:00:00,0.052168,0.054354,0.052069,0.052238,5739.00,1767009599999,300.42540900,25,2502.00,131.41218100,0
2025-12-29 12:00:00,0.052418,0.052449,0.051359,0.051417,4136.00,1767023999999,213.21530000,15,1080.00,55.80848200,0
2025-12-29 16:00:00,0.051438,0.0518,0.049,0.0518,364069.00,1767038399999,18371.17575900,185,170027.00,8545.58510700,0
2025-12-29 20:00:00,0.0518,0.0518,0.050988,0.051197,28325.00,1767052799999,1464.78155200,25,1075.00,55.02558300,0
2025-12-30 00:00:00,0.05117,0.051574,0.050324,0.050747,18183.00,1767067199999,921.32742700,49,7828.00,398.11557100,0
2025-12-30 04:00:00,0.05071,0.051801,0.050564,0.051603,17344.00,1767081599999,885.63266900,52,13331.00,682.51547200,0
2025-12-30 08:00:00,0.051603,0.051603,0.050089,0.050106,11509.00,1767095999999,585.57056200,18,5465.00,278.37111300,0
2025-12-30 12:00:00,0.050225,0.05167,0.048606,0.049964,80241.00,1767110399999,3972.87169900,42,2878.00,145.58835600,0
2025-12-30 16:00:00,0.050028,0.050028,0.050028,0.050028,21.00,1767124799999,1.05058800,1,21.00,1.05058800,0
2025-12-30 20:00:00,0.050794,0.05081,0.050745,0.05081,1377.00,1767139199999,69.93672300,3,1377.00,69.93672300,0
2025-12-31 00:00:00,0.050473,0.050695,0.050269,0.050296,16876.00,1767153599999,851.02828600,18,16395.00,826.73345700,0
2025-12-31 04:00:00,0.050284,0.051466,0.050189,0.051466,4558.00,1767167999999,233.79739400,10,4536.00,232.69323600,0
2025-12-31 08:00:00,0.051238,0.051974,0.051213,0.051917,18034.00,1767182399999,934.67011900,63,578.00,29.92145700,0
2025-12-31 12:00:00,0.051909,0.051948,0.051157,0.051182,20415.00,1767196799999,1053.34032900,42,11868.00,611.61769000,0
2025-12-31 16:00:00,0.051087,0.051187,0.050898,0.051177,11165.00,1767211199999,570.42535700,25,7243.00,370.47106400,0
2025-12-31 20:00:00,0.051102,0.051179,0.051042,0.051179,4169.00,1767225599999,213.16330800,7,4169.00,213.16330800,0
2026-01-01 00:00:00,0.051178,0.051284,0.050911,0.051113,15100.00,1767239999999,771.96559200,41,4066.00,208.27252300,0
2026-01-01 04:00:00,0.051218,0.051218,0.051173,0.051173,481.00,1767254399999,24.62279300,3,481.00,24.62279300,0
2026-01-01 08:00:00,0.051038,0.051148,0.050988,0.051148,1253.00,1767268799999,63.98244200,5,979.00,50.01173000,0
2026-01-01 12:00:00,0.050848,0.051103,0.050848,0.050883,5095.00,1767283199999,259.86228500,16,3317.00,169.36275100,0
2026-01-01 16:00:00,0.051168,0.051774,0.051135,0.051774,6176.00,1767297599999,317.75012800,22,3669.00,189.06857500,0
2026-01-01 20:00:00,0.051614,0.051923,0.051209,0.051923,30245.00,1767311999999,1558.92376700,57,30245.00,1558.92376700,0
2026-01-02 00:00:00,0.051323,0.051495,0.051275,0.051495,2406.00,1767326399999,123.53874700,9,1406.00,72.25112300,0
2026-01-02 04:00:00,0.051625,0.051665,0.051195,0.051217,15684.00,1767340799999,805.70285600,39,6455.00,331.94137000,0
2026-01-02 08:00:00,0.051115,0.051758,0.051115,0.051745,18098.00,1767355199999,935.31594900,53,4599.00,237.51618500,0
2026-01-02 12:00:00,0.051806,0.052047,0.051745,0.051745,6289.00,1767369599999,325.48901100,34,674.00,34.94083600,0
2026-01-02 16:00:00,0.051851,0.07399,0.051573,0.07399,29184.00,1767383999999,1570.95839700,63,25108.00,1360.25501100,0
2026-01-02 20:00:00,0.07399,0.07399,0.07399,0.07399,0.00,1767398399999,0.00000000,0,0.00,0.00000000,0
2026-01-03 00:00:00,0.054579,0.069899,0.051667,0.052298,25689.00,1767412799999,1406.81110400,41,15074.00,857.78357800,0
2026-01-03 04:00:00,0.052185,0.069899,0.052185,0.055998,77712.00,1767427199999,4408.91552900,136,27306.00,1623.60617500,0
2026-01-03 08:00:00,0.055998,0.055998,0.052594,0.053512,33574.00,1767441599999,1793.01488000,50,8943.00,480.41723700,0
2026-01-03 12:00:00,0.053423,0.059237,0.051814,0.055036,55304.00,1767455999999,3057.69387800,128,36014.00,2019.78447500,0
2026-01-03 16:00:00,0.056059,0.056059,0.051359,0.052241,95854.00,1767470399999,5051.69619500,59,26113.00,1429.66460600,0
2026-01-03 20:00:00,0.052196,0.052804,0.051377,0.052182,12137.00,1767484799999,634.99800000,27,8959.00,468.87184900,0
2026-01-04 00:00:00,0.052126,0.05216,0.051896,0.051939,3439.00,1767499199999,179.09701700,11,3439.00,179.09701700,0
2026-01-04 04:00:00,0.051866,0.052425,0.051866,0.052272,4303.00,1767513599999,224.91582900,12,3030.00,158.54876300,0
2026-01-04 08:00:00,0.052207,0.052501,0.052072,0.052469,20901.00,1767527999999,1095.79720200,11,20001.00,1048.91860200,0
2026-01-04 12:00:00,0.052637,0.053028,0.052446,0.052856,15738.00,1767542399999,828.62274700,28,11474.00,604.92402600,0
2026-01-04 16:00:00,0.052137,0.052244,0.051378,0.05192,5782.00,1767556799999,299.98806500,14,5782.00,299.98806500,0
2026-01-04 20:00:00,0.051927,0.052491,0.051609,0.051669,10790.00,1767571199999,562.70696100,29,10250.00,534.81717000,0
2026-01-05 00:00:00,0.052052,0.056061,0.051775,0.052228,146928.00,1767585599999,7980.60677600,119,14685.00,787.75990900,0
2026-01-05 04:00:00,0.052208,0.053651,0.052163,0.053651,11466.00,1767599999999,602.19828300,23,10624.00,557.99834400,0
2026-01-05 08:00:00,0.053291,0.05416,0.053266,0.05414,5811.00,1767614399999,313.06774300,24,466.00,24.99094900,0
2026-01-05 12:00:00,0.054194,0.054412,0.051377,0.054388,24622.00,1767628799999,1305.79854400,27,3666.00,198.93584800,0
2026-01-05 16:00:00,0.054322,0.054942,0.05409,0.054942,7222.00,1767643199999,392.96477600,18,3972.00,217.15669600,0
2026-01-05 20:00:00,0.054777,0.054869,0.054356,0.054727,2375.00,1767657599999,129.98064300,5,2375.00,129.98064300,0
2026-01-06 00:00:00,0.054211,0.054915,0.053685,0.054489,16112.00,1767671999999,877.92498000,23,13901.00,759.19863500,0
2026-01-06 04:00:00,0.054172,0.054613,0.053852,0.054059,10775.00,1767686399999,582.40695800,16,4329.00,233.89095200,0
2026-01-06 08:00:00,0.053825,0.053825,0.052744,0.0534,6172.00,1767700799999,329.29720900,12,2338.00,124.91475000,0
2026-01-06 12:00:00,0.053326,0.053911,0.05331,0.053797,7818.00,1767715199999,420.36591000,16,5937.00,319.71963500,0
2026-01-06 16:00:00,0.052581,0.052581,0.051996,0.051996,6833.00,1767729599999,356.49069300,21,4599.00,240.33162900,0
2026-01-06 20:00:00,0.051906,0.052317,0.051871,0.052058,9939.00,1767743999999,516.87987800,20,9939.00,516.87987800,0
2026-01-07 00:00:00,0.051927,0.054058,0.051406,0.051569,24223.00,1767758399999,1264.55040300,75,22401.00,1168.91023500,0
2026-01-07 04:00:00,0.051556,0.054058,0.051556,0.051947,4996.00,1767772799999,262.88530000,23,2498.00,132.87816600,0
2026-01-07 08:00:00,0.051972,0.051972,0.051436,0.051447,8329.00,1767787199999,432.32285900,25,1007.00,51.95191100,0
2026-01-07 12:00:00,0.051378,0.051387,0.051377,0.051377,260.00,1767801599999,13.35844800,5,194.00,9.96756600,0
2026-01-07 16:00:00,0.050655,0.05216,0.050234,0.050861,39917.00,1767815999999,2041.34586700,100,27968.00,1436.80719100,0
2026-01-07 20:00:00,0.0504,0.051747,0.050077,0.050077,1393.00,1767830399999,70.04085500,10,393.00,19.95185500,0
2026-01-08 00:00:00,0.050195,0.054057,0.050195,0.054056,19066.00,1767844799999,998.70319000,38,17092.00,898.64705200,0
2026-01-08 04:00:00,0.054054,0.054366,0.054054,0.054324,1147.00,1767859199999,62.30704500,5,1147.00,62.30704500,0
2026-01-08 08:00:00,0.05,0.052692,0.05,0.052687,3197.00,1767873599999,167.11089900,5,2698.00,142.16089900,0
2026-01-08 12:00:00,0.052677,0.052678,0.052667,0.052667,2654.00,1767887999999,139.80572200,6,2654.00,139.80572200,0
2026-01-08 16:00:00,0.052649,0.052649,0.049106,0.049411,21579.00,1767902399999,1070.73766200,42,3068.00,154.04045300,0
2026-01-08 20:00:00,0.049412,0.053321,0.049046,0.05329,25440.00,1767916799999,1275.65368800,47,14412.00,730.83094000,0
2026-01-09 00:00:00,0.04899,0.053274,0.048967,0.053271,12032.00,1767931199999,621.78835900,19,11032.00,572.81241200,0
2026-01-09 04:00:00,0.053268,0.053268,0.048906,0.053249,4105.00,1767945599999,210.36530100,13,3105.00,161.45249900,0
2026-01-09 08:00:00,0.053236,0.053236,0.053209,0.053209,1463.00,1767959999999,77.85135500,4,1463.00,77.85135500,0
2026-01-09 12:00:00,0.053192,0.053192,0.049031,0.049268,13275.00,1767974399999,672.90251000,13,13275.00,672.90251000,0
2026-01-09 16:00:00,0.048741,0.051028,0.048659,0.048659,10212.00,1767988799999,501.74351400,24,8009.00,394.41254100,0
2026-01-09 20:00:00,0.04894,0.049172,0.048651,0.048651,4953.00,1768003199999,242.32476400,11,4748.00,232.35130900,0
2026-01-10 00:00:00,0.048325,0.053164,0.048325,0.052997,15551.00,1768017599999,798.36625800,30,13555.00,698.09919400,0
2026-01-10 04:00:00,0.052988,0.052988,0.052985,0.052985,188.00,1768031999999,9.96146200,2,188.00,9.96146200,0
2026-01-10 08:00:00,0.052866,0.052866,0.052866,0.052866,283.00,1768046399999,14.96107800,1,283.00,14.96107800,0
2026-01-10 12:00:00,0.052845,0.052845,0.048815,0.049185,11545.00,1768060799999,569.99893500,38,5426.00,270.70626600,0
2026-01-10 16:00:00,0.049084,0.052979,0.048729,0.048954,22275.00,1768075199999,1106.70828700,55,10786.00,539.18586200,0
2026-01-10 20:00:00,0.048616,0.05001,0.048519,0.048954,4301.00,1768089599999,210.90527300,16,2753.00,135.68607500,0
2026-01-11 00:00:00,0.048776,0.050452,0.048454,0.048954,6002.00,1768103999999,297.40626200,13,6002.00,297.40626200,0
2026-01-11 04:00:00,0.05045,0.050451,0.048956,0.050008,5799.00,1768118399999,290.59464100,9,5799.00,290.59464100,0
2026-01-11 08:00:00,0.050445,0.050445,0.050433,0.050433,1485.00,1768132799999,74.90726100,2,1485.00,74.90726100,0
2026-01-11 12:00:00,0.052498,0.052498,0.048675,0.04923,41869.00,1768147199999,2081.06133200,37,2012.00,102.34118600,0
2026-01-11 16:00:00,0.048675,0.049521,0.048125,0.048125,18625.00,1768161599999,916.51217300,18,17242.00,849.40859800,0
2026-01-11 20:00:00,0.04801,0.04801,0.047377,0.047377,1631.00,1768175999999,77.72779100,5,104.00,4.99304000,0
2026-01-12 00:00:00,0.047468,0.047676,0.04742,0.047676,23552.00,1768190399999,1117.86595900,30,16079.00,763.44105000,0
2026-01-12 04:00:00,0.047433,0.048703,0.047424,0.047764,6071.00,1768204799999,291.69598900,11,6071.00,291.69598900,0
2026-01-12 08:00:00,0.047674,0.047808,0.047218,0.047348,3498.00,1768219199999,166.60311700,8,1316.00,62.67421100,0
2026-01-12 12:00:00,0.0472,0.049215,0.046973,0.049215,15967.00,1768233599999,754.11943400,55,5110.00,241.67534800,0
2026-01-12 16:00:00,0.047406,0.04769,0.046962,0.04769,6352.00,1768247999999,300.21232200,20,1581.00,74.65036200,0
2026-01-12 20:00:00,0.046851,0.048797,0.046512,0.046762,36380.00,1768262399999,1726.71260000,66,24966.00,1188.75773000,0
2026-01-13 00:00:00,0.046582,0.047956,0.046282,0.046759,23200.00,1768276799999,1085.84991200,44,14129.00,663.13168200,0
2026-01-13 04:00:00,0.046312,0.047517,0.046142,0.047517,18345.00,1768291199999,854.85344800,39,5134.00,241.10684100,0
2026-01-13 08:00:00,0.046568,0.047223,0.046451,0.046771,4757.00,1768305599999,221.62275500,25,838.00,39.11268100,0
2026-01-13 12:00:00,0.046672,0.046754,0.046323,0.046372,7027.00,1768319999999,326.48962900,14,6771.00,314.63094100,0
2026-01-13 16:00:00,0.046442,0.046519,0.046,0.04651,29864.00,1768334399999,1385.25121300,12,9936.00,461.01591700,0
2026-01-13 20:00:00,0.046502,0.047788,0.046272,0.047788,12825.00,1768348799999,601.16201600,9,12825.00,601.16201600,0
2026-01-14 00:00:00,0.047747,0.047812,0.046109,0.04633,33340.00,1768363199999,1565.84290600,15,16044.00,762.65580400,0
2026-01-14 04:00:00,0.046575,0.046618,0.046442,0.046442,644.00,1768377599999,29.97714300,4,644.00,29.97714300,0
2026-01-14 08:00:00,0.046269,0.046417,0.046,0.046202,2611.00,1768391999999,120.77544400,4,1323.00,61.19469100,0
2026-01-14 12:00:00,0.046362,0.046508,0.045511,0.045611,30355.00,1768406399999,1393.89578700,20,6538.00,299.12233800,0
2026-01-14 16:00:00,0.045451,0.045866,0.045013,0.045614,219457.00,1768420799999,9930.20446400,31,39061.00,1778.73832500,0
2026-01-14 20:00:00,0.045669,0.045868,0.044922,0.045134,58299.00,1768435199999,2638.52419500,23,33508.00,1524.08042900,0
2026-01-15 00:00:00,0.044891,0.044891,0.0445,0.044675,19408.00,1768449599999,865.18685800,11,6358.00,284.22614900,0
2026-01-15 04:00:00,0.04456,0.04509,0.044459,0.04509,10219.00,1768463999999,457.02012700,10,10219.00,457.02012700,0
2026-01-15 08:00:00,0.045065,0.045391,0.044828,0.045361,13886.00,1768478399999,625.46172200,9,9849.00,444.11946400,0
2026-01-15 12:00:00,0.045382,0.045718,0.044333,0.044333,11679.00,1768492799999,523.40386300,11,10580.00,473.39386800,0
2026-01-15 16:00:00,0.044448,0.0448,0.043324,0.043788,81250.00,1768507199999,3544.95133800,20,16941.00,751.42666600,0
2026-01-15 20:00:00,0.04389,0.044179,0.04389,0.044009,23696.00,1768521599999,1044.02008300,15,23696.00,1044.02008300,0
2026-01-16 00:00:00,0.044254,0.04434,0.044181,0.044181,9851.00,1768535999999,436.42142400,7,8851.00,392.24042400,0
2026-01-16 04:00:00,0.04433,0.04482,0.04432,0.04467,24203.00,1768550399999,1076.91091200,18,24203.00,1076.91091200,0
2026-01-16 08:00:00,0.04467,0.044885,0.044531,0.044885,10544.00,1768564799999,471.40711200,6,3996.00,179.21250100,0
2026-01-16 12:00:00,0.04499,0.04499,0.043909,0.043909,34414.00,1768579199999,1521.03380000,16,14059.00,624.86626700,0
2026-01-16 16:00:00,0.044009,0.044009,0.044009,0.044009,2272.00,1768593599999,99.98844800,1,2272.00,99.98844800,0
2026-01-16 20:00:00,0.044069,0.044445,0.044069,0.044445,22096.00,1768607999999,976.89644800,6,9031.00,399.58816000,0
2026-01-17 00:00:00,0.044339,0.044339,0.04394,0.04394,12246.00,1768622399999,542.10885000,8,12128.00,536.92393000,0
2026-01-17 04:00:00,0.044016,0.044016,0.044016,0.044016,113.00,1768636799999,4.97380800,1,113.00,4.97380800,0
2026-01-17 08:00:00,0.043906,0.043998,0.043906,0.043998,4250.00,1768651199999,186.74303000,4,1590.00,69.95307000,0
2026-01-17 12:00:00,0.044009,0.044126,0.043973,0.043973,6860.00,1768665599999,302.21168600,7,6460.00,284.62248600,0
2026-01-17 16:00:00,0.044079,0.044401,0.044079,0.044229,118715.00,1768679999999,5259.89652300,19,118715.00,5259.89652300,0
2026-01-17 20:00:00,0.044101,0.044355,0.044101,0.044355,7010.00,1768694399999,310.81347400,4,6752.00,299.43541600,0
2026-01-18 00:00:00,0.044299,0.044441,0.044232,0.044242,18870.00,1768708799999,835.55805700,12,18870.00,835.55805700,0
2026-01-18 04:00:00,0.043959,0.043984,0.042864,0.043152,18093.00,1768723199999,783.21738900,15,3921.00,170.88898800,0
2026-01-18 08:00:00,0.043221,0.043415,0.043221,0.043328,3330.00,1768737599999,144.02844100,4,644.00,27.93683500,0
2026-01-18 12:00:00,0.043288,0.043436,0.043038,0.043081,9201.00,1768751999999,397.63242700,11,8505.00,367.61673100,0
2026-01-18 16:00:00,0.043264,0.044045,0.043,0.043889,127683.00,1768766399999,5549.47164600,66,127683.00,5549.47164600,0
2026-01-18 20:00:00,0.043834,0.043834,0.041854,0.041854,11889.00,1768780799999,513.74312000,11,7560.00,329.14133600,0
2026-01-19 00:00:00,0.041141,0.041811,0.041141,0.041715,25765.00,1768795199999,1071.35657400,13,25692.00,1068.33619900,0
2026-01-19 04:00:00,0.041546,0.041926,0.041495,0.041926,5063.00,1768809599999,210.79780400,8,5063.00,210.79780400,0
2026-01-19 08:00:00,0.042169,0.042997,0.042169,0.042344,5224.00,1768823999999,221.25683600,5,3422.00,144.95802300,0
2026-01-19 12:00:00,0.042999,0.043165,0.042999,0.043165,231.00,1768838399999,9.95185900,2,231.00,9.95185900,0
2026-01-19 16:00:00,0.042305,0.043075,0.041654,0.042416,77324.00,1768852799999,3263.95338500,49,75066.00,3168.33615300,0
2026-01-19 20:00:00,0.042416,0.043474,0.041601,0.042097,102677.00,1768867199999,4370.57006600,87,102620.00,4368.19880900,0
2026-01-20 00:00:00,0.042072,0.042072,0.041148,0.041148,1379.00,1768881599999,57.92581200,5,1280.00,53.85216000,0
2026-01-20 04:00:00,0.04118,0.042688,0.04118,0.041786,14069.00,1768895999999,593.59720200,11,10207.00,430.78121700,0
2026-01-20 08:00:00,0.041607,0.047512,0.041586,0.042386,63603.00,1768910399999,2748.93153800,70,62064.00,2684.89836500,0
2026-01-20 12:00:00,0.042231,0.042231,0.041002,0.041009,6156.00,1768924799999,254.61309600,9,2656.00,109.81616100,0
2026-01-20 16:00:00,0.041009,0.041009,0.040148,0.040341,16831.00,1768939199999,679.17196900,16,15519.00,625.51175900,0
2026-01-20 20:00:00,0.040148,0.040216,0.040063,0.040063,13708.00,1768953599999,550.26514800,10,11834.00,475.09664700,0
2026-01-21 00:00:00,0.040102,0.040194,0.040071,0.040184,18768.00,1768967999999,753.40718500,11,18768.00,753.40718500,0
2026-01-21 04:00:00,0.040267,0.041292,0.040267,0.041218,2246.00,1768982399999,92.34429100,5,2043.00,84.12705400,0
2026-01-21 08:00:00,0.041288,0.041288,0.040284,0.040284,8903.00,1768996799999,360.50576200,5,1209.00,49.91719200,0
2026-01-21 12:00:00,0.04,0.041052,0.039888,0.040966,16398.00,1769011199999,667.03089500,16,16310.00,663.51179100,0
2026-01-21 16:00:00,0.040155,0.040877,0.039258,0.03963,32797.00,1769025599999,1300.16177300,18,6769.00,268.68628600,0
2026-01-21 20:00:00,0.03992,0.040694,0.03992,0.040694,21136.00,1769039999999,848.66212600,12,21136.00,848.66212600,0
2026-01-22 00:00:00,0.040679,0.04104,0.040679,0.04104,2575.00,1769054399999,104.79210600,3,2575.00,104.79210600,0
2026-01-22 04:00:00,0.04104,0.041093,0.04074,0.041093,10572.00,1769068799999,433.60034200,9,10572.00,433.60034200,0
2026-01-22 08:00:00,0.040302,0.040302,0.040302,0.040302,899.00,1769083199999,36.23149800,1,0.00,0.00000000,0
2026-01-22 12:00:00,0.041206,0.041206,0.039483,0.039483,9710.00,1769097599999,391.95370300,10,9237.00,372.99491700,0
2026-01-22 16:00:00,0.040536,0.043805,0.040536,0.043805,14278.00,1769111999999,612.26420900,8,14278.00,612.26420900,0
2026-01-22 20:00:00,0.0435,0.0435,0.04176,0.042971,12518.00,1769126399999,535.13430300,12,9692.00,415.81263700,0
2026-01-23 00:00:00,0.043498,0.044553,0.04184,0.042386,13951.00,1769140799999,597.07286900,13,6864.00,298.79586200,0
2026-01-23 04:00:00,0.042844,0.042959,0.041368,0.041368,9010.00,1769155199999,379.92228700,8,9010.00,379.92228700,0
2026-01-23 08:00:00,0.041,0.041832,0.040893,0.041832,2322.00,1769169599999,95.18492200,3,239.00,9.99784800,0
2026-01-23 12:00:00,0.041815,0.042,0.0413,0.041864,51280.00,1769183999999,2146.13483600,15,29013.00,1215.13273600,0
2026-01-23 16:00:00,0.042329,0.042329,0.041096,0.042177,577.00,1769198399999,24.29001500,3,511.00,21.57767900,0
2026-01-23 20:00:00,0.042111,0.042111,0.041844,0.041844,1983.00,1769212799999,83.29191900,5,1983.00,83.29191900,0
2026-01-24 00:00:00,0.041873,0.041928,0.041165,0.041891,15485.00,1769227199999,647.72154600,13,14778.00,618.61789100,0
2026-01-24 04:00:00,0.041891,0.041891,0.041141,0.041891,6630.00,1769241599999,277.53783000,6,6364.00,266.59432400,0
2026-01-24 08:00:00,0.04176,0.04176,0.040681,0.040871,17006.00,1769255999999,694.02323000,11,369.00,15.40944000,0
2026-01-24 12:00:00,0.041315,0.041315,0.040871,0.041315,675.00,1769270399999,27.85654500,4,605.00,24.99557500,0
2026-01-24 16:00:00,0.041277,0.041277,0.041277,0.041277,5519.00,1769284799999,227.80776300,6,5519.00,227.80776300,0
2026-01-24 20:00:00,0.041119,0.041192,0.041119,0.041163,18925.00,1769299199999,778.95915900,9,18925.00,778.95915900,0
2026-01-25 00:00:00,0.040652,0.04122,0.040396,0.041039,7500.00,1769313599999,307.04834300,7,5033.00,206.78494700,0
2026-01-25 04:00:00,0.041093,0.041093,0.041093,0.041093,1336.00,1769327999999,54.90024800,2,1336.00,54.90024800,0
2026-01-25 08:00:00,0.040087,0.040087,0.040034,0.040034,898.00,1769342399999,35.97979500,5,0.00,0.00000000,0
2026-01-25 12:00:00,0.040754,0.040754,0.039806,0.039963,47771.00,1769356799999,1905.41016300,6,2825.00,114.83817500,0
2026-01-25 16:00:00,0.039443,0.039643,0.039341,0.039381,26807.00,1769371199999,1060.19796500,8,26607.00,1052.32616900,0
2026-01-25 20:00:00,0.039172,0.039365,0.039172,0.039283,9527.00,1769385599999,374.24341800,5,9527.00,374.24341800,0
2026-01-26 00:00:00,0.039563,0.039837,0.039563,0.039582,17068.00,1769399999999,676.16181700,10,17068.00,676.16181700,0
2026-01-26 04:00:00,0.039555,0.039615,0.03951,0.03951,12727.00,1769414399999,503.09803700,11,5727.00,226.48103700,0
2026-01-26 08:00:00,0.039448,0.039448,0.039448,0.039448,228.00,1769428799999,8.99414400,1,0.00,0.00000000,0
2026-01-26 12:00:00,0.039182,0.039182,0.038478,0.038478,9340.00,1769443199999,363.24440800,17,3925.00,152.71130600,0
2026-01-26 16:00:00,0.038682,0.039092,0.038682,0.039092,12607.00,1769457599999,490.79544500,6,12607.00,490.79544500,0
2026-01-26 20:00:00,0.039031,0.039092,0.038552,0.038778,93715.00,1769471999999,3632.26035600,99,7321.00,285.28750100,0
2026-01-27 00:00:00,0.03891,0.039155,0.038887,0.03914,16509.00,1769486399999,643.88859600,10,16509.00,643.88859600,0
2026-01-27 04:00:00,0.038869,0.039345,0.038711,0.039151,10794.00,1769500799999,421.67775100,8,8376.00,327.32055300,0
2026-01-27 08:00:00,0.039102,0.039102,0.038958,0.039052,7319.00,1769515199999,285.88809800,5,7028.00,274.55132000,0
2026-01-27 12:00:00,0.038858,0.038858,0.038272,0.038469,27903.00,1769529599999,1070.18397300,10,4545.00,174.80387500,0
2026-01-27 16:00:00,0.038471,0.038471,0.038471,0.038471,529.00,1769543999999,20.35115900,1,529.00,20.35115900,0
2026-01-27 20:00:00,0.038632,0.039061,0.038632,0.038978,4790.00,1769558399999,186.63613500,5,4015.00,156.41743300,0
2026-01-28 00:00:00,0.039182,0.039182,0.039141,0.039141,1861.00,1769572799999,72.89363500,2,1861.00,72.89363500,0
2026-01-28 04:00:00,0.038992,0.03905,0.038992,0.039019,44526.00,1769587199999,1737.38409800,11,8525.00,332.59509800,0
2026-01-28 08:00:00,0.039018,0.039018,0.038809,0.038886,33703.00,1769601599999,1312.00782400,7,10224.00,398.56780200,0
2026-01-28 12:00:00,0.039216,0.039216,0.038798,0.038946,10478.00,1769615999999,408.76531400,10,9863.00,384.84510000,0
2026-01-28 16:00:00,0.038813,0.038813,0.038632,0.038684,13957.00,1769630399999,540.18904800,9,11498.00,445.19296000,0
2026-01-28 20:00:00,0.038684,0.038684,0.038684,0.038684,0.00,1769644799999,0.00000000,0,0.00,0.00000000,0
2026-01-29 00:00:00,0.038633,0.038633,0.037925,0.037983,4284.00,1769659199999,163.66522000,6,4001.00,152.85962400,0
2026-01-29 04:00:00,0.037914,0.038141,0.03779,0.038141,8586.00,1769673599999,326.63138800,9,8536.00,324.74188800,0
2026-01-29 08:00:00,0.038131,0.038131,0.037891,0.037891,1591.00,1769687999999,60.54901700,4,1443.00,54.94114900,0
2026-01-29 12:00:00,0.037954,0.037954,0.037,0.037,29018.00,1769702399999,1091.81703500,16,17696.00,664.44327900,0
2026-01-29 16:00:00,0.037108,0.037108,0.036701,0.036701,24682.00,1769716799999,911.29041900,12,23725.00,876.16756200,0
2026-01-29 20:00:00,0.03678,0.0372,0.03678,0.0372,8313.00,1769731199999,308.28227700,7,7313.00,271.43127700,0
2026-01-30 00:00:00,0.037229,0.037229,0.036799,0.036915,6141.00,1769745599999,227.16106300,6,6141.00,227.16106300,0
2026-01-30 04:00:00,0.03694,0.037731,0.03694,0.03711,41629.00,1769759999999,1554.52340200,39,41629.00,1554.52340200,0
2026-01-30 08:00:00,0.03702,0.037863,0.036563,0.037863,19390.00,1769774399999,720.50978700,14,10615.00,399.66946200,0
2026-01-30 12:00:00,0.038282,0.038283,0.036028,0.038107,7715.00,1769788799999,292.45501400,12,6872.00,260.88879000,0
2026-01-30 16:00:00,0.036275,0.037783,0.036,0.036769,190688.00,1769803199999,7006.69779900,91,12464.00,457.96300400,0
2026-01-30 20:00:00,0.036769,0.040078,0.036148,0.03873,97041.00,1769817599999,3590.15245000,42,13062.00,502.32859900,0
2026-01-31 00:00:00,0.038722,0.038736,0.036341,0.036351,108066.00,1769831999999,4112.49915400,39,59603.00,2292.19734100,0
2026-01-31 04:00:00,0.036802,0.036891,0.036802,0.036891,9881.00,1769846399999,364.48383700,8,9881.00,364.48383700,0
2026-01-31 08:00:00,0.036891,0.036891,0.036891,0.036891,0.00,1769860799999,0.00000000,0,0.00,0.00000000,0
2026-01-31 12:00:00,0.036887,0.03689,0.035495,0.036053,206720.00,1769875199999,7465.92829500,72,8342.00,303.86891600,0
2026-01-31 16:00:00,0.035638,0.037215,0.034091,0.034187,202203.00,1769889599999,7150.74678600,101,51262.00,1850.89363600,0
2026-01-31 20:00:00,0.034055,0.035087,0.034016,0.035087,72819.00,1769903999999,2510.89212400,76,39607.00,1362.96892400,0
2026-02-01 00:00:00,0.034867,0.035531,0.034867,0.035531,9287.00,1769918399999,328.54678500,20,7905.00,279.56041300,0
2026-02-01 04:00:00,0.035531,0.035729,0.034811,0.035165,65503.00,1769932799999,2317.61797900,49,32614.00,1147.49880900,0
2026-02-01 08:00:00,0.034811,0.035165,0.03475,0.03475,88556.00,1769947199999,3083.43118300,31,2842.00,99.81662600,0
2026-02-01 12:00:00,0.0348,0.035165,0.03369,0.03369,14693.00,1769961599999,499.93857700,27,1275.00,43.48913800,0
2026-02-01 16:00:00,0.033645,0.036183,0.033542,0.035687,26594.00,1769975999999,939.67053200,34,17480.00,615.27149000,0
2026-02-01 20:00:00,0.036789,0.036871,0.035802,0.036871,55477.00,1769990399999,2017.90982600,66,5011.00,182.08337600,0
2026-02-02 00:00:00,0.035912,0.037886,0.035,0.035,103708.00,1770004799999,3687.20498100,54,86873.00,3078.02110100,0
2026-02-02 04:00:00,0.035738,0.035868,0.035297,0.035428,3601.00,1770019199999,127.99301600,8,3460.00,122.99766800,0
2026-02-02 08:00:00,0.036409,0.036409,0.036232,0.036232,3227.00,1770033599999,117.40599800,2,2742.00,99.83347800,0
2026-02-02 12:00:00,0.036959,0.039478,0.036959,0.039469,17076.00,1770047999999,653.93884600,13,14172.00,540.37937800,0
2026-02-02 16:00:00,0.039623,0.039627,0.038654,0.038654,42003.00,1770062399999,1648.56123600,14,9002.00,351.42337500,0
2026-02-02 20:00:00,0.037634,0.037752,0.036299,0.036845,7643.00,1770076799999,282.82922300,8,7120.00,263.70690900,0
2026-02-03 00:00:00,0.037329,0.039216,0.036306,0.036306,109701.00,1770091199999,4110.61958000,89,51130.00,1941.52073300,0
2026-02-03 04:00:00,0.036707,0.037682,0.036648,0.037563,9011.00,1770105599999,337.84066400,10,9011.00,337.84066400,0
2026-02-03 08:00:00,0.036963,0.038116,0.036963,0.038116,7574.00,1770119999999,283.67133200,4,2618.00,99.78768800,0
2026-02-03 12:00:00,0.037456,0.038679,0.036593,0.037217,31989.00,1770134399999,1180.43119800,20,20742.00,763.54368500,0
2026-02-03 16:00:00,0.038004,0.038004,0.036777,0.037067,25011.00,1770148799999,925.17132100,18,10341.00,383.81698700,0
2026-02-03 20:00:00,0.038164,0.038164,0.036591,0.036591,3255.00,1770163199999,123.21867300,2,2616.00,99.83702400,0
2026-02-04 00:00:00,0.036469,0.036839,0.036469,0.036839,2961.00,1770177599999,108.99422000,3,2711.00,99.87052900,0
2026-02-04 04:00:00,0.036871,0.036871,0.036684,0.036684,2163.00,1770191999999,79.69155700,4,217.00,7.98567300,0
2026-02-04 08:00:00,0.03628,0.03628,0.03628,0.03628,534.00,1770206399999,19.37352000,1,0.00,0.00000000,0
2026-02-04 12:00:00,0.035637,0.035719,0.035135,0.035135,8408.00,1770220799999,297.67424100,9,4195.00,147.84731300,0
2026-02-04 16:00:00,0.035179,0.035235,0.034807,0.034941,15316.00,1770235199999,536.05490600,15,14102.00,493.61346500,0
2026-02-04 20:00:00,0.034799,0.034799,0.034401,0.034401,6264.00,1770249599999,217.13494800,10,4729.00,163.71848300,0
2026-02-05 00:00:00,0.034558,0.038677,0.034099,0.034358,71236.00,1770263999999,2493.30121700,67,37078.00,1315.55619400,0
2026-02-05 04:00:00,0.034461,0.034606,0.033904,0.033904,11632.00,1770278399999,396.65213600,15,1632.00,56.15413600,0
2026-02-05 08:00:00,0.034046,0.034046,0.032692,0.032692,18209.00,1770292799999,603.18509400,14,2995.00,101.30541300,0
2026-02-05 12:00:00,0.032981,0.032981,0.032346,0.032403,10040.00,1770307199999,327.63536300,13,5163.00,169.54352200,0
2026-02-05 16:00:00,0.032594,0.032904,0.030779,0.032296,70645.00,1770321599999,2255.88225700,106,35907.00,1146.83318000,0
2026-02-05 20:00:00,0.031112,0.032818,0.03,0.03,194659.00,1770335999999,5954.23261300,206,45277.00,1396.19325200,0
2026-02-06 00:00:00,0.03,0.032687,0.03,0.030907,83610.00,1770350399999,2633.09477400,129,52434.00,1662.98356200,0
2026-02-06 04:00:00,0.030961,0.033153,0.030841,0.032853,25779.00,1770364799999,817.58478200,45,16348.00,519.13808700,0
2026-02-06 08:00:00,0.032984,0.034116,0.032984,0.034116,9941.00,1770379199999,335.47456700,11,4047.00,136.53326600,0
2026-02-06 12:00:00,0.034881,0.039964,0.034868,0.038,177958.00,1770393599999,6559.34856000,57,177430.00,6540.93825600,0
2026-02-06 16:00:00,0.039961,0.039963,0.036218,0.038857,42133.00,1770407999999,1570.21442100,30,14524.00,555.43369100,0
2026-02-06 20:00:00,0.038857,0.038861,0.035833,0.03886,27601.00,1770422399999,1023.32173300,41,6813.00,264.67466400,0
2026-02-07 00:00:00,0.03638,0.038859,0.03638,0.038859,15271.00,1770436799999,592.86792800,11,7838.00,304.57188200,0
2026-02-07 04:00:00,0.036729,0.038859,0.036729,0.036866,5125.00,1770451199999,196.67751700,11,3933.00,152.80291200,0
2026-02-07 08:00:00,0.037133,0.038856,0.037133,0.038856,3824.00,1770465599999,142.43940300,2,257.00,9.98599200,0
2026-02-07 12:00:00,0.038815,0.038815,0.037135,0.038692,1799.00,1770479999999,67.53013200,5,439.00,17.02552000,0
2026-02-07 16:00:00,0.038686,0.038837,0.037113,0.03871,7059.00,1770494399999,265.23759100,5,2000.00,77.48292400,0
2026-02-07 20:00:00,0.038624,0.038707,0.038603,0.038677,10759.00,1770508799999,415.83903300,11,10759.00,415.83903300,0
2026-02-08 00:00:00,0.038664,0.038694,0.037105,0.038669,12438.00,1770523199999,480.31866400,10,12037.00,465.43955900,0
2026-02-08 04:00:00,0.038619,0.038619,0.038578,0.038581,6811.00,1770537599999,262.81954800,7,6811.00,262.81954800,0
2026-02-08 08:00:00,0.038464,0.038464,0.038464,0.038464,2599.00,1770551999999,99.96793600,1,2599.00,99.96793600,0
2026-02-08 12:00:00,0.038224,0.038224,0.038139,0.038139,2724.00,1770566399999,104.00761600,5,2724.00,104.00761600,0
2026-02-08 16:00:00,0.038072,0.038072,0.038029,0.038029,3335.00,1770580799999,126.91449500,4,3335.00,126.91449500,0
2026-02-08 20:00:00,0.037961,0.037961,0.035313,0.036563,14482.00,1770595199999,518.75011700,8,929.00,34.96459300,0
2026-02-09 00:00:00,0.037484,0.03749,0.035415,0.035567,2747.00,1770609599999,100.28177900,8,1547.00,57.75337900,0
2026-02-09 04:00:00,0.037489,0.038531,0.037489,0.038531,54990.00,1770623999999,2064.19240500,11,54183.00,2033.92667700,0
2026-02-09 08:00:00,0.036004,0.036004,0.035568,0.035572,4311.00,1770638399999,154.31182600,4,0.00,0.00000000,0
2026-02-09 12:00:00,0.036155,0.037598,0.034771,0.034771,19870.00,1770652799999,702.98830000,12,2775.00,103.96026000,0
2026-02-09 16:00:00,0.037438,0.037438,0.034783,0.034794,10769.00,1770667199999,380.57082800,21,2275.00,85.05874000,0
2026-02-09 20:00:00,0.03613,0.036917,0.03613,0.036915,13178.00,1770681599999,482.49476200,7,13178.00,482.49476200,0
2026-02-10 00:00:00,0.034837,0.036863,0.034836,0.036731,15382.00,1770695999999,547.24555100,6,5982.00,219.78636900,0
2026-02-10 04:00:00,0.036704,0.036704,0.035301,0.03537,8981.00,1770710399999,319.14836900,12,1416.00,51.92027700,0
2026-02-10 08:00:00,0.035297,0.035297,0.035297,0.035297,895.00,1770724799999,31.59081500,1,0.00,0.00000000,0
2026-02-10 12:00:00,0.034824,0.036735,0.03478,0.036689,2323.00,1770739199999,82.83472600,6,1034.00,37.94268200,0
2026-02-10 16:00:00,0.036658,0.036658,0.036481,0.036481,6213.00,1770753599999,227.39735200,9,6213.00,227.39735200,0
2026-02-10 20:00:00,0.036391,0.036391,0.034425,0.034425,1791.00,1770767999999,63.00385100,2,686.00,24.96422600,0
2026-02-11 00:00:00,0.036983,0.036983,0.034601,0.03672,24970.00,1770782399999,892.47756400,9,12695.00,467.75028900,0
2026-02-11 04:00:00,0.03666,0.03666,0.034482,0.036434,5780.00,1770796799999,199.80453800,10,218.00,7.97334800,0
2026-02-11 08:00:00,0.034519,0.034519,0.034519,0.034519,50.00,1770811199999,1.72595000,1,0.00,0.00000000,0
2026-02-11 12:00:00,0.034536,0.036971,0.034536,0.036661,23740.00,1770825599999,873.98623000,7,15324.00,565.33308400,0
2026-02-11 16:00:00,0.036863,0.036863,0.03518,0.03518,16316.00,1770839999999,578.53366300,12,2955.00,108.49119500,0
2026-02-11 20:00:00,0.035451,0.035465,0.03477,0.035465,4066.00,1770854399999,143.29078900,7,2769.00,98.19409900,0
2026-02-12 00:00:00,0.033742,0.035864,0.033742,0.035858,6067.00,1770868799999,214.36533400,9,4715.00,167.92095800,0
2026-02-12 04:00:00,0.035865,0.038736,0.035865,0.038736,37572.00,1770883199999,1399.77421300,11,37572.00,1399.77421300,0
2026-02-12 08:00:00,0.038614,0.038614,0.038558,0.038558,907.00,1770897599999,34.98661000,2,907.00,34.98661000,0
2026-02-12 12:00:00,0.038602,0.038602,0.038454,0.038454,2721.00,1770911999999,104.89097600,5,2721.00,104.89097600,0
2026-02-12 16:00:00,0.03839,0.03839,0.036969,0.036969,5485.00,1770926399999,207.87380800,9,5485.00,207.87380800,0
2026-02-12 20:00:00,0.036933,0.036933,0.035206,0.035206,10266.00,1770940799999,376.40731700,10,9148.00,336.91480000,0
2026-02-13 00:00:00,0.035237,0.036692,0.035236,0.036688,4389.00,1770955199999,158.73683800,4,2806.00,102.95742400,0
2026-02-13 04:00:00,0.036675,0.037137,0.036675,0.037137,8144.00,1770969599999,299.62115200,6,8144.00,299.62115200,0
2026-02-13 08:00:00,0.037018,0.037018,0.037018,0.037018,2699.00,1770983999999,99.91158200,1,2699.00,99.91158200,0
2026-02-13 12:00:00,0.036825,0.037817,0.036825,0.037817,14366.00,1770998399999,539.14718700,15,14366.00,539.14718700,0
2026-02-13 16:00:00,0.037793,0.038184,0.037793,0.037869,15080.00,1771012799999,573.16876900,16,15080.00,573.16876900,0
2026-02-13 20:00:00,0.038027,0.038027,0.035518,0.037973,8003.00,1771027199999,301.08388700,13,6758.00,256.85101600,0
2026-02-14 00:00:00,0.038737,0.038858,0.035609,0.038617,16995.00,1771041599999,655.69108600,16,16471.00,637.03197000,0
2026-02-14 04:00:00,0.037578,0.037578,0.037539,0.037539,1137.00,1771055999999,42.68744200,4,1137.00,42.68744200,0
2026-02-14 08:00:00,0.037539,0.037539,0.037539,0.037539,0.00,1771070399999,0.00000000,0,0.00,0.00000000,0
2026-02-14 12:00:00,0.037522,0.038858,0.03541,0.03843,40821.00,1771084799999,1549.36406200,29,35627.00,1365.37560900,0
2026-02-14 16:00:00,0.038407,0.038407,0.037001,0.037001,20679.00,1771099199999,775.24641300,8,7873.00,301.40990500,0
2026-02-14 20:00:00,0.037871,0.038725,0.037871,0.038641,8707.00,1771113599999,335.38232100,5,7389.00,285.33917900,0
2026-02-15 00:00:00,0.038669,0.038822,0.03561,0.038819,7693.00,1771127999999,293.65369500,10,6317.00,244.63403100,0
2026-02-15 04:00:00,0.038793,0.038828,0.038681,0.038681,13493.00,1771142399999,523.65939800,10,13493.00,523.65939800,0
2026-02-15 08:00:00,0.038664,0.038857,0.038664,0.038822,11130.00,1771156799999,432.20037400,6,11130.00,432.20037400,0
2026-02-15 12:00:00,0.038755,0.038826,0.038652,0.038783,21282.00,1771171199999,823.91017000,18,21282.00,823.91017000,0
2026-02-15 16:00:00,0.038754,0.03883,0.038645,0.038734,1042.00,1771185599999,40.36426200,5,1042.00,40.36426200,0
2026-02-15 20:00:00,0.038852,0.038855,0.035457,0.038835,25148.00,1771199999999,973.34639000,12,24079.00,935.23687800,0
2026-02-16 00:00:00,0.038688,0.03882,0.035587,0.035587,6420.00,1771214399999,247.78623500,7,6196.00,239.81474700,0
2026-02-16 04:00:00,0.038695,0.038695,0.036653,0.036653,6018.00,1771228799999,228.97187200,6,4172.00,161.30949800,0
2026-02-16 08:00:00,0.038663,0.038663,0.038602,0.038602,724.00,1771243199999,27.98725400,2,724.00,27.98725400,0
2026-02-16 12:00:00,0.038658,0.038691,0.035526,0.038691,2440.00,1771257599999,88.14237700,7,464.00,17.94230400,0
2026-02-16 16:00:00,0.035486,0.038727,0.035451,0.035466,21258.00,1771271999999,761.79852400,20,2089.00,80.90070300,0
2026-02-16 20:00:00,0.03667,0.03873,0.035694,0.038596,13199.00,1771286399999,500.70790200,11,10781.00,414.39822500,0
2026-02-17 00:00:00,0.038493,0.038538,0.035669,0.038446,2363.00,1771300799999,90.74013400,5,2328.00,89.49171900,0
2026-02-17 04:00:00,0.038673,0.038673,0.038673,0.038673,129.00,1771315199999,4.98881700,1,129.00,4.98881700,0
2026-02-17 08:00:00,0.038673,0.038673,0.038673,0.038673,0.00,1771329599999,0.00000000,0,0.00,0.00000000,0
2026-02-17 12:00:00,0.035849,0.037715,0.035848,0.037696,16611.00,1771343999999,597.71230100,7,1086.00,40.92540000,0
2026-02-17 16:00:00,0.037679,0.038834,0.037677,0.038695,33255.00,1771358399999,1276.63607400,24,33255.00,1276.63607400,0
2026-02-17 20:00:00,0.036076,0.038469,0.036075,0.038469,2631.00,1771372799999,99.55118900,3,1937.00,74.51445300,0
2026-02-18 00:00:00,0.038392,0.038392,0.037604,0.037605,9030.00,1771387199999,344.39636300,7,9030.00,344.39636300,0
2026-02-18 04:00:00,0.037517,0.037517,0.033559,0.03685,143289.00,1771401599999,5048.76772000,32,61980.00,2183.58106400,0
2026-02-18 08:00:00,0.03692,0.037018,0.03692,0.037018,4059.00,1771415999999,149.87497400,4,4059.00,149.87497400,0
2026-02-18 12:00:00,0.036936,0.036936,0.033663,0.03666,2498.00,1771430399999,86.83167100,7,896.00,32.88548000,0
2026-02-18 16:00:00,0.036934,0.036936,0.03686,0.03686,3925.00,1771444799999,144.76691000,3,3925.00,144.76691000,0
2026-02-18 20:00:00,0.036501,0.036501,0.033823,0.03642,11779.00,1771459199999,420.88775600,8,8817.00,320.70403000,0
2026-02-19 00:00:00,0.033928,0.03642,0.033928,0.036319,6164.00,1771473599999,223.68590000,6,5866.00,213.57535600,0
2026-02-19 04:00:00,0.036319,0.036319,0.036318,0.036318,3159.00,1771487999999,114.72869900,3,3159.00,114.72869900,0
2026-02-19 08:00:00,0.036318,0.036376,0.0358,0.036323,5477.00,1771502399999,197.70987500,5,5477.00,197.70987500,0
2026-02-19 12:00:00,0.036182,0.036182,0.034193,0.035983,6694.00,1771516799999,239.51801300,7,6255.00,224.50728600,0
2026-02-19 16:00:00,0.035856,0.035986,0.035299,0.035986,9715.00,1771531199999,344.25614100,5,9715.00,344.25614100,0
2026-02-19 20:00:00,0.035863,0.03594,0.03426,0.03594,2123.00,1771545599999,75.24265400,5,2026.00,71.91943400,0
2026-02-20 00:00:00,0.03583,0.03583,0.034804,0.035225,4485.00,1771559999999,158.79632600,7,4485.00,158.79632600,0
2026-02-20 04:00:00,0.035283,0.035339,0.035283,0.035335,3247.00,1771574399999,114.73670900,3,3247.00,114.73670900,0
2026-02-20 08:00:00,0.03532,0.03532,0.03532,0.03532,141.00,1771588799999,4.98012000,1,141.00,4.98012000,0
2026-02-20 12:00:00,0.035329,0.035329,0.03057,0.03057,5237.00,1771603199999,166.65322500,8,1367.00,48.28365600,0
2026-02-20 16:00:00,0.03057,0.03057,0.03057,0.03057,0.00,1771617599999,0.00000000,0,0.00,0.00000000,0
2026-02-20 20:00:00,0.03057,0.03057,0.03057,0.03057,0.00,1771631999999,0.00000000,0,0.00,0.00000000,0
2026-02-21 00:00:00,0.030602,0.035834,0.030571,0.030571,17401.00,1771646399999,565.88053200,9,6654.00,237.30317800,0
2026-02-21 04:00:00,0.030571,0.030571,0.030571,0.030571,6564.00,1771660799999,200.66804400,2,0.00,0.00000000,0
2026-02-21 08:00:00,0.030572,0.030573,0.030572,0.030572,3325.00,1771675199999,101.65271800,3,0.00,0.00000000,0
2026-02-21 12:00:00,0.030572,0.030572,0.030572,0.030572,0.00,1771689599999,0.00000000,0,0.00,0.00000000,0
2026-02-21 16:00:00,0.030572,0.030572,0.030572,0.030572,0.00,1771703999999,0.00000000,0,0.00,0.00000000,0
2026-02-21 20:00:00,0.030572,0.030572,0.030572,0.030572,0.00,1771718399999,0.00000000,0,0.00,0.00000000,0
2026-02-22 00:00:00,0.030572,0.030572,0.030572,0.030572,0.00,1771732799999,0.00000000,0,0.00,0.00000000,0
2026-02-22 04:00:00,0.030572,0.030572,0.030572,0.030572,0.00,1771747199999,0.00000000,0,0.00,0.00000000,0
2026-02-22 08:00:00,0.030849,0.030849,0.030849,0.030849,1167.00,1771761599999,36.00078300,1,0.00,0.00000000,0
2026-02-22 12:00:00,0.030849,0.030849,0.030849,0.030849,3877.00,1771775999999,119.60157300,4,0.00,0.00000000,0
2026-02-22 16:00:00,0.031179,0.031179,0.031179,0.031179,811.00,1771790399999,25.28616900,1,811.00,25.28616900,0
2026-02-22 20:00:00,0.031179,0.031179,0.031179,0.031179,0.00,1771804799999,0.00000000,0,0.00,0.00000000,0
2026-02-23 00:00:00,0.031449,0.031449,0.031449,0.031449,13950.00,1771819199999,438.71355000,2,0.00,0.00000000,0
2026-02-23 04:00:00,0.034577,0.034577,0.033824,0.033903,12964.00,1771833599999,439.57333900,7,12964.00,439.57333900,0
2026-02-23 08:00:00,0.033248,0.033881,0.033248,0.033881,2116.00,1771847999999,71.28969200,3,1516.00,51.34089200,0
2026-02-23 12:00:00,0.03399,0.033991,0.03392,0.033935,5468.00,1771862399999,185.68964700,8,5468.00,185.68964700,0
2026-02-23 16:00:00,0.033932,0.033996,0.033932,0.033996,16205.00,1771876799999,550.53267600,6,16205.00,550.53267600,0
2026-02-23 20:00:00,0.031647,0.03415,0.031643,0.034102,20342.00,1771891199999,662.73030600,14,7794.00,265.64292700,0
2026-02-24 00:00:00,0.034143,0.034153,0.032442,0.034134,23509.00,1771905599999,784.64297400,21,12043.00,410.87813700,0
2026-02-24 04:00:00,0.03409,0.03409,0.031565,0.031568,2403.00,1771919999999,78.97094200,5,1256.00,42.76544600,0
2026-02-24 08:00:00,0.031568,0.031568,0.031568,0.031568,0.00,1771934399999,0.00000000,0,0.00,0.00000000,0
2026-02-24 12:00:00,0.031568,0.031568,0.031568,0.031568,0.00,1771948799999,0.00000000,0,0.00,0.00000000,0
2026-02-24 16:00:00,0.031568,0.031568,0.031568,0.031568,0.00,1771963199999,0.00000000,0,0.00,0.00000000,0
2026-02-24 20:00:00,0.03412,0.03412,0.033966,0.034044,81063.00,1771977599999,2757.96309300,12,25604.00,869.91689700,0
2026-02-25 00:00:00,0.032635,0.034119,0.032136,0.032175,225835.00,1771991999999,7645.51949800,89,16970.00,575.87682900,0
2026-02-25 04:00:00,0.033655,0.033657,0.032475,0.033576,18074.00,1772006399999,601.65177700,11,12889.00,433.26820200,0
2026-02-25 08:00:00,0.032395,0.032504,0.032395,0.032504,1760.00,1772020799999,57.09847600,2,0.00,0.00000000,0
2026-02-25 12:00:00,0.034139,0.03444,0.032774,0.03444,10148.00,1772035199999,341.81803800,11,6474.00,221.30536200,0
2026-02-25 16:00:00,0.034629,0.03496,0.033313,0.034791,1702.00,1772049599999,59.01086900,4,1578.00,54.88005700,0
2026-02-25 20:00:00,0.03496,0.035114,0.033607,0.035114,3442.00,1772063999999,117.70562000,6,1442.00,50.48962000,0
2026-02-26 00:00:00,0.034994,0.035051,0.033588,0.034839,14775.00,1772078399999,515.58656400,17,14625.00,510.54836400,0
2026-02-26 04:00:00,0.035261,0.035857,0.035257,0.035857,14077.00,1772092799999,497.64122200,13,14077.00,497.64122200,0
2026-02-26 08:00:00,0.035855,0.035865,0.035855,0.035865,8633.00,1772107199999,309.54891200,8,8633.00,309.54891200,0
2026-02-26 12:00:00,0.035864,0.036287,0.035864,0.036286,3442.00,1772121599999,124.73191900,7,3442.00,124.73191900,0
2026-02-26 16:00:00,0.036286,0.036286,0.036286,0.036286,0.00,1772135999999,0.00000000,0,0.00,0.00000000,0
2026-02-26 20:00:00,0.035863,0.036242,0.035863,0.036211,19703.00,1772150399999,708.62315800,16,19703.00,708.62315800,0
2026-02-27 00:00:00,0.036162,0.036162,0.036128,0.036128,4501.00,1772164799999,162.62285100,5,4501.00,162.62285100,0
2026-02-27 04:00:00,0.036123,0.036123,0.03414,0.036093,12338.00,1772179199999,440.80229300,16,9263.00,334.51126000,0
2026-02-27 08:00:00,0.03606,0.036061,0.036048,0.036048,7264.00,1772193599999,261.92316000,6,7264.00,261.92316000,0
2026-02-27 12:00:00,0.036012,0.036012,0.033568,0.034067,55162.00,1772207999999,1863.38911000,28,21763.00,740.36317700,0
2026-02-27 16:00:00,0.033984,0.03404,0.033984,0.034012,11062.00,1772222399999,376.18120700,7,11062.00,376.18120700,0
2026-02-27 20:00:00,0.034007,0.035058,0.033999,0.035058,73409.00,1772236799999,2498.89301300,41,2846.00,99.77371400,0
2026-02-28 00:00:00,0.03496,0.035051,0.034801,0.035051,4957.00,1772251199999,172.78118700,7,4957.00,172.78118700,0
2026-02-28 04:00:00,0.035001,0.035001,0.03,0.03,71750.00,1772265599999,2255.59807000,26,713.00,24.94429300,0
2026-02-28 08:00:00,0.030383,0.033256,0.030383,0.033256,4916.00,1772279999999,158.84660100,3,3301.00,109.77805600,0
2026-02-28 12:00:00,0.033253,0.033256,0.033223,0.033233,5542.00,1772294399999,184.26199200,7,5542.00,184.26199200,0
2026-02-28 16:00:00,0.033249,0.034231,0.033139,0.033595,25766.00,1772308799999,857.77730000,17,25766.00,857.77730000,0
2026-02-28 20:00:00,0.030668,0.030668,0.030668,0.030668,184.00,1772323199999,5.64291200,1,0.00,0.00000000,0
2026-03-01 00:00:00,0.033804,0.034918,0.033804,0.034541,7852.00,1772337599999,268.90299900,12,7852.00,268.90299900,0
2026-03-01 04:00:00,0.03454,0.03454,0.033163,0.033181,7024.00,1772351999999,235.15081100,9,1588.00,54.84807600,0
2026-03-01 08:00:00,0.033181,0.033181,0.033181,0.033181,0.00,1772366399999,0.00000000,0,0.00,0.00000000,0
2026-03-01 12:00:00,0.034222,0.034222,0.032263,0.033913,3893.00,1772380799999,131.26111800,12,3131.00,106.67671200,0
2026-03-01 16:00:00,0.033808,0.033808,0.032117,0.032268,6750.00,1772395199999,223.20249100,18,3429.00,115.66197600,0
2026-03-01 20:00:00,0.032268,0.033601,0.032115,0.033587,46195.00,1772409599999,1547.91368600,28,44336.00,1488.16951300,0
2026-03-02 00:00:00,0.033206,0.033909,0.032455,0.033909,9386.00,1772423999999,311.83825500,9,9306.00,309.23660500,0
2026-03-02 04:00:00,0.033906,0.035016,0.033299,0.035016,14006.00,1772438399999,478.11089700,12,14006.00,478.11089700,0
2026-03-02 08:00:00,0.035016,0.035016,0.035016,0.035016,0.00,1772452799999,0.00000000,0,0.00,0.00000000,0
2026-03-02 12:00:00,0.035226,0.035226,0.035218,0.035218,3115.00,1772467199999,109.71086400,3,3115.00,109.71086400,0
2026-03-02 16:00:00,0.035167,0.035167,0.035166,0.035166,528.00,1772481599999,18.56789200,2,528.00,18.56789200,0
2026-03-02 20:00:00,0.035134,0.035134,0.032026,0.032026,11741.00,1772495999999,405.21245100,7,9332.00,327.50081700,0
2026-03-03 00:00:00,0.034929,0.034929,0.032553,0.034772,5930.00,1772510399999,206.28452200,14,5890.00,204.98240200,0
2026-03-03 04:00:00,0.034765,0.034765,0.034765,0.034765,143.00,1772524799999,4.97139500,1,143.00,4.97139500,0
2026-03-03 08:00:00,0.034649,0.036292,0.033394,0.035776,41506.00,1772539199999,1440.67440800,25,22689.00,799.04479800,0
2026-03-03 12:00:00,0.03578,0.03578,0.035645,0.035647,5814.00,1772553599999,207.34711100,8,5814.00,207.34711100,0
2026-03-03 16:00:00,0.035603,0.037172,0.035292,0.037172,84027.00,1772567999999,2996.00178800,19,75983.00,2711.57374500,0
2026-03-03 20:00:00,0.037027,0.037027,0.036795,0.036795,6223.00,1772582399999,229.68991800,4,6223.00,229.68991800,0
2026-03-04 00:00:00,0.037142,0.038677,0.03713,0.038677,2230.00,1772596799999,83.00266700,3,2230.00,83.00266700,0
2026-03-04 04:00:00,0.038586,0.038586,0.034002,0.034844,35371.00,1772611199999,1229.61069300,20,3220.00,122.12730500,0
2026-03-04 08:00:00,0.035191,0.035865,0.034191,0.035865,9514.00,1772625599999,327.92552400,3,9514.00,327.92552400,0
2026-03-04 12:00:00,0.03349,0.035864,0.03349,0.035821,8142.00,1772639999999,289.61391100,11,7055.00,252.95140100,0
2026-03-04 16:00:00,0.035864,0.0359,0.0358,0.0359,76440.00,1772654399999,2736.89846700,40,4182.00,149.98046700,0
2026-03-04 20:00:00,0.036276,0.036395,0.034612,0.036207,26466.00,1772668799999,951.73637600,25,13859.00,501.29978200,0
2026-03-05 00:00:00,0.036143,0.036206,0.033828,0.033828,3713.00,1772683199999,133.18524000,5,3260.00,117.86115600,0
2026-03-05 04:00:00,0.036075,0.036182,0.033811,0.036099,10242.00,1772697599999,367.29283600,17,9097.00,328.42726800,0
2026-03-05 08:00:00,0.034149,0.035841,0.034149,0.035841,61860.00,1772711999999,2113.74312300,9,60568.00,2069.62261500,0
2026-03-05 12:00:00,0.035865,0.035865,0.03582,0.03582,1179.00,1772726399999,42.25843600,5,1179.00,42.25843600,0
2026-03-05 16:00:00,0.03582,0.03582,0.03582,0.03582,0.00,1772740799999,0.00000000,0,0.00,0.00000000,0
2026-03-05 20:00:00,0.035763,0.035763,0.033885,0.033889,20771.00,1772755199999,732.17969800,8,15279.00,546.06580600,0
2026-03-06 00:00:00,0.035719,0.035858,0.035714,0.035758,7529.00,1772769599999,269.32496500,5,7529.00,269.32496500,0
2026-03-06 04:00:00,0.03572,0.035754,0.035573,0.035574,6012.00,1772783999999,214.67172100,5,6012.00,214.67172100,0
2026-03-06 08:00:00,0.035574,0.035574,0.035574,0.035574,0.00,1772798399999,0.00000000,0,0.00,0.00000000,0
2026-03-06 12:00:00,0.034917,0.034917,0.034839,0.034839,6012.00,1772812799999,209.47152200,4,6012.00,209.47152200,0
2026-03-06 16:00:00,0.035665,0.035665,0.035351,0.035351,12621.00,1772827199999,447.67185800,11,12621.00,447.67185800,0
2026-03-06 20:00:00,0.03512,0.03529,0.034988,0.03529,3238.00,1772841599999,113.70154000,4,3238.00,113.70154000,0
2026-03-07 00:00:00,0.035132,0.035132,0.035132,0.035132,7000.00,1772855999999,245.92400000,1,7000.00,245.92400000,0
2026-03-07 04:00:00,0.03473,0.03473,0.03442,0.03442,7747.00,1772870399999,266.92622400,6,7747.00,266.92622400,0
2026-03-07 08:00:00,0.03442,0.03442,0.03442,0.03442,0.00,1772884799999,0.00000000,0,0.00,0.00000000,0
2026-03-07 12:00:00,0.03418,0.03418,0.034158,0.034159,3212.00,1772899199999,109.72235600,4,3212.00,109.72235600,0
2026-03-07 16:00:00,0.03405,0.03405,0.03405,0.03405,293.00,1772913599999,9.97665000,1,293.00,9.97665000,0
2026-03-07 20:00:00,0.035578,0.035578,0.035415,0.035415,844.00,1772927999999,29.91308000,2,844.00,29.91308000,0
2026-03-08 00:00:00,0.035269,0.035269,0.032453,0.032453,7191.00,1772942399999,241.72324400,5,3037.00,106.69462000,0
2026-03-08 04:00:00,0.034509,0.034509,0.032336,0.033714,26710.00,1772956799999,899.49066000,20,24825.00,838.32896100,0
2026-03-08 08:00:00,0.03363,0.033631,0.033629,0.033629,18086.00,1772971199999,608.24318000,10,18086.00,608.24318000,0
2026-03-08 12:00:00,0.032439,0.033347,0.0323,0.033238,15342.00,1772985599999,499.37878200,13,2696.00,89.73311200,0
2026-03-08 16:00:00,0.032951,0.032951,0.032645,0.032696,4949.00,1772999999999,162.53235200,4,4949.00,162.53235200,0
2026-03-08 20:00:00,0.032781,0.0328,0.032177,0.032177,68145.00,1773014399999,2227.95573700,46,7320.00,237.69073700,0
2026-03-09 00:00:00,0.032306,0.032306,0.031928,0.032269,14132.00,1773028799999,455.76701400,10,14132.00,455.76701400,0
2026-03-09 04:00:00,0.032269,0.032269,0.031308,0.032144,16536.00,1773043199999,518.80979000,7,989.00,31.89466600,0
2026-03-09 08:00:00,0.032144,0.032144,0.032144,0.032144,0.00,1773057599999,0.00000000,0,0.00,0.00000000,0
2026-03-09 12:00:00,0.032021,0.033213,0.032021,0.033058,1038.00,1773071999999,33.89111700,4,1038.00,33.89111700,0
2026-03-09 16:00:00,0.03192,0.032902,0.03192,0.032462,7303.00,1773086399999,237.19775300,7,7027.00,228.38783300,0
2026-03-09 20:00:00,0.032462,0.032462,0.032462,0.032462,0.00,1773100799999,0.00000000,0,0.00,0.00000000,0
2026-03-10 00:00:00,0.032661,0.032661,0.03264,0.03264,737.00,1773115199999,24.06544000,3,737.00,24.06544000,0
2026-03-10 04:00:00,0.032682,0.032682,0.032682,0.032682,152.00,1773129599999,4.96766400,1,152.00,4.96766400,0
2026-03-10 08:00:00,0.033212,0.033212,0.033105,0.033105,993.00,1773143999999,32.91670700,2,993.00,32.91670700,0
2026-03-10 12:00:00,0.033082,0.033082,0.032002,0.032002,2322.00,1773158399999,76.14987700,7,1822.00,60.14887700,0
2026-03-10 16:00:00,0.032873,0.033141,0.032873,0.033,31474.00,1773172799999,1038.67094300,18,1359.00,44.87594300,0
2026-03-10 20:00:00,0.031421,0.032796,0.030713,0.031974,12819.00,1773187199999,404.67722000,21,4665.00,151.16221500,0
2026-03-11 00:00:00,0.032311,0.03235,0.03134,0.032343,8642.00,1773201599999,278.40324400,9,7624.00,246.48690800,0
2026-03-11 04:00:00,0.032348,0.032442,0.032348,0.03244,6881.00,1773215999999,222.79673600,11,6881.00,222.79673600,0
2026-03-11 08:00:00,0.032441,0.032442,0.032441,0.032442,154.00,1773230399999,4.99598800,2,154.00,4.99598800,0
2026-03-11 12:00:00,0.032441,0.032461,0.03134,0.032461,15202.00,1773244799999,490.52494700,24,12561.00,407.66517300,0
2026-03-11 16:00:00,0.032461,0.032641,0.031361,0.032073,24766.00,1773259199999,799.70208700,21,12753.00,414.33811500,0
2026-03-11 20:00:00,0.03186,0.032843,0.031345,0.032842,19493.00,1773273599999,634.12914900,22,17868.00,583.07989400,0
2026-03-12 00:00:00,0.032842,0.032842,0.032842,0.032842,3038.00,1773287999999,99.77399600,2,3038.00,99.77399600,0
2026-03-12 04:00:00,0.033201,0.034263,0.033198,0.03426,15536.00,1773302399999,523.80669600,13,15536.00,523.80669600,0
2026-03-12 08:00:00,0.034252,0.034253,0.033369,0.033369,18980.00,1773316799999,649.57169600,16,18980.00,649.57169600,0
2026-03-12 12:00:00,0.033738,0.033738,0.032265,0.0335,2294.00,1773331199999,76.89832100,7,2163.00,72.67160600,0
2026-03-12 16:00:00,0.032726,0.0335,0.032264,0.0335,7780.00,1773345599999,259.08836700,10,6433.00,215.50545100,0
2026-03-12 20:00:00,0.0335,0.034269,0.032264,0.03424,5126.00,1773359999999,169.95476400,7,3423.00,115.00770200,0
2026-03-13 00:00:00,0.034216,0.034217,0.034168,0.034168,13754.00,1773374399999,470.58025700,9,12264.00,419.59841700,0
2026-03-13 04:00:00,0.034162,0.034162,0.034162,0.034162,146.00,1773388799999,4.98765200,1,146.00,4.98765200,0
2026-03-13 08:00:00,0.03411,0.03411,0.03411,0.03411,56.00,1773403199999,1.91016000,1,56.00,1.91016000,0
2026-03-13 12:00:00,0.034106,0.034106,0.0341,0.034101,6049.00,1773417599999,206.28678700,7,5052.00,172.28908700,0
2026-03-13 16:00:00,0.034101,0.034101,0.033534,0.033534,3136.00,1773431999999,106.90841700,3,57.00,1.91143800,0
2026-03-13 20:00:00,0.033534,0.034271,0.031966,0.03422,9787.00,1773446399999,327.25660500,16,6692.00,227.82410800,0
2026-03-14 00:00:00,0.032106,0.034151,0.03195,0.033989,3546.00,1773460799999,117.79881800,13,1824.00,62.11911800,0
2026-03-14 04:00:00,0.033926,0.033926,0.03388,0.03388,4363.00,1773475199999,147.90636500,11,4363.00,147.90636500,0
2026-03-14 08:00:00,0.033821,0.033821,0.033813,0.033813,250.00,1773489599999,8.45442600,2,250.00,8.45442600,0
2026-03-14 12:00:00,0.033784,0.033784,0.033784,0.033784,147.00,1773503999999,4.96624800,1,147.00,4.96624800,0
2026-03-14 16:00:00,0.033734,0.033734,0.030928,0.031405,5510.00,1773518399999,176.58360100,14,2013.00,67.36221800,0
2026-03-14 20:00:00,0.031406,0.032904,0.031075,0.032307,10476.00,1773532799999,337.15554300,17,9158.00,295.89615900,0
2026-03-15 00:00:00,0.032307,0.033207,0.031307,0.033167,7646.00,1773547199999,248.40579300,21,4612.00,152.74153300,0
2026-03-15 04:00:00,0.033149,0.03315,0.033101,0.033101,2338.00,1773561599999,77.39838200,5,2338.00,77.39838200,0
2026-03-15 08:00:00,0.033014,0.033014,0.033014,0.033014,604.00,1773575999999,19.94045600,1,604.00,19.94045600,0
2026-03-15 12:00:00,0.032965,0.032965,0.032939,0.032939,3594.00,1773590399999,118.42937200,4,514.00,16.93457200,0
2026-03-15 16:00:00,0.032938,0.032938,0.031321,0.032876,4887.00,1773604799999,156.24084300,11,1456.00,47.89769900,0
2026-03-15 20:00:00,0.032824,0.032829,0.031224,0.032124,23575.00,1773619199999,767.08770800,20,21376.00,697.34614400,0
2026-03-16 00:00:00,0.032502,0.032503,0.031267,0.032111,6919.00,1773633599999,221.48558700,13,4400.00,142.54779300,0
2026-03-16 04:00:00,0.032482,0.032503,0.031405,0.032503,2035.00,1773647999999,65.30889400,7,1294.00,42.03708000,0
2026-03-16 08:00:00,0.032507,0.033,0.032507,0.033,1573.00,1773662399999,51.28634100,2,1263.00,41.05634100,0
2026-03-16 12:00:00,0.033011,0.034062,0.033,0.033,42893.00,1773676799999,1435.28297700,30,3348.00,112.54010600,0
2026-03-16 16:00:00,0.032374,0.0355,0.032374,0.0355,76590.00,1773691199999,2660.55170400,37,43171.00,1477.52811700,0
2026-03-16 20:00:00,0.035845,0.035845,0.032742,0.035761,5114.00,1773705599999,177.47020100,8,3114.00,111.38681600,0
2026-03-17 00:00:00,0.035673,0.035675,0.032698,0.035559,11320.00,1773719999999,392.05720800,23,6999.00,249.43833800,0
2026-03-17 04:00:00,0.034861,0.034861,0.031841,0.031853,1548.00,1773734399999,49.72758300,4,143.00,4.98512300,0
2026-03-17 08:00:00,0.035269,0.035269,0.033648,0.033654,2998.00,1773748799999,101.76839700,4,945.00,32.67997500,0
2026-03-17 12:00:00,0.034742,0.034742,0.034645,0.034645,1294.00,1773763199999,44.84450100,2,1294.00,44.84450100,0
2026-03-17 16:00:00,0.034645,0.034932,0.034645,0.034802,6474.00,1773777599999,224.85908200,11,6474.00,224.85908200,0
2026-03-17 20:00:00,0.033636,0.034697,0.033267,0.034683,24451.00,1773791999999,842.88607100,39,20557.00,712.75805100,0
2026-03-18 00:00:00,0.03465,0.03465,0.03465,0.03465,170.00,1773806399999,5.89050000,1,170.00,5.89050000,0
2026-03-18 04:00:00,0.034641,0.034642,0.034631,0.034631,230.00,1773820799999,7.96666700,3,230.00,7.96666700,0
2026-03-18 08:00:00,0.034622,0.034623,0.033014,0.034621,1430.00,1773835199999,48.97760500,7,1084.00,37.53051700,0
2026-03-18 12:00:00,0.033082,0.034614,0.033013,0.034593,6982.00,1773849599999,237.35580800,15,4257.00,147.32862700,0
2026-03-18 16:00:00,0.034296,0.034296,0.031546,0.031546,5056.00,1773863999999,164.25644400,15,1727.00,59.22846500,0
2026-03-18 20:00:00,0.033602,0.033602,0.033194,0.033194,8693.00,1773878399999,290.38040700,9,8693.00,290.38040700,0
2026-03-19 00:00:00,0.033174,0.033174,0.032001,0.032001,5075.00,1773892799999,167.63747300,6,4458.00,147.88969200,0
2026-03-19 04:00:00,0.033169,0.03317,0.032,0.032,528.00,1773907199999,17.07137300,6,150.00,4.97537300,0
2026-03-19 08:00:00,0.033159,0.033177,0.033156,0.033177,2689.00,1773921599999,89.16725800,4,2689.00,89.16725800,0
2026-03-19 12:00:00,0.033175,0.033175,0.032,0.032,16014.00,1773935999999,514.90253600,18,3506.00,114.62979700,0
2026-03-19 16:00:00,0.032449,0.03245,0.032449,0.03245,3074.00,1773950399999,99.74968200,2,3074.00,99.74968200,0
2026-03-19 20:00:00,0.033154,0.033154,0.031111,0.031111,4533.00,1773964799999,146.84795600,12,3581.00,117.22975600,0
2026-03-20 00:00:00,0.032193,0.032515,0.030396,0.032513,18960.00,1773979199999,606.84356700,20,17228.00,553.28353800,0
2026-03-20 04:00:00,0.03198,0.032673,0.031242,0.032673,8790.00,1773993599999,281.20093600,21,6575.00,211.22621700,0
2026-03-20 08:00:00,0.032673,0.032673,0.032673,0.032673,0.00,1774007999999,0.00000000,0,0.00,0.00000000,0
2026-03-20 12:00:00,0.032736,0.032737,0.031096,0.031933,6635.00,1774022399999,211.49319100,24,3618.00,117.33972100,0
2026-03-20 16:00:00,0.031096,0.032133,0.030338,0.031406,27660.00,1774036799999,871.24452400,59,15527.00,495.61909500,0
2026-03-20 20:00:00,0.03141,0.031755,0.03043,0.030709,8432.00,1774051199999,262.35812200,17,3674.00,116.26649600,0
2026-03-21 00:00:00,0.031745,0.032058,0.031745,0.032058,2063.00,1774065599999,65.59534400,5,2063.00,65.59534400,0
2026-03-21 04:00:00,0.032015,0.032745,0.031942,0.032745,5012.00,1774079999999,162.53311400,4,5012.00,162.53311400,0
2026-03-21 08:00:00,0.033067,0.033067,0.033051,0.033051,1056.00,1774094399999,34.91150400,3,1056.00,34.91150400,0
2026-03-21 12:00:00,0.033268,0.033903,0.033268,0.03358,14045.00,1774108799999,467.68491500,9,14045.00,467.68491500,0
2026-03-21 16:00:00,0.03358,0.03358,0.03358,0.03358,0.00,1774123199999,0.00000000,0,0.00,0.00000000,0
2026-03-21 20:00:00,0.033409,0.033409,0.031521,0.031561,10939.00,1774137599999,356.55598300,14,6380.00,212.72386400,0
2026-03-22 00:00:00,0.031449,0.033027,0.030839,0.033027,8402.00,1774151999999,263.80765200,7,211.00,6.96869700,0
2026-03-22 04:00:00,0.031606,0.032134,0.03098,0.03098,16735.00,1774166399999,534.25754200,14,15710.00,502.50304200,0
2026-03-22 08:00:00,0.030794,0.03092,0.030335,0.030335,1542.00,1774180799999,47.22405100,7,0.00,0.00000000,0
2026-03-22 12:00:00,0.031114,0.032086,0.031114,0.032086,1447.00,1774195199999,45.53489900,4,1447.00,45.53489900,0
2026-03-22 16:00:00,0.031621,0.031622,0.030333,0.030333,2829.00,1774209599999,89.09228400,6,2578.00,81.47870100,0
2026-03-22 20:00:00,0.031585,0.031586,0.031579,0.031579,11263.00,1774223999999,355.72061900,9,11263.00,355.72061900,0
2026-03-23 00:00:00,0.0311,0.031566,0.0311,0.031566,21956.00,1774238399999,683.32785600,10,1956.00,61.32785600,0
2026-03-23 04:00:00,0.03156,0.031615,0.031557,0.031615,3455.00,1774252799999,109.12227500,5,3455.00,109.12227500,0
2026-03-23 08:00:00,0.031615,0.031615,0.031615,0.031615,0.00,1774267199999,0.00000000,0,0.00,0.00000000,0
2026-03-23 12:00:00,0.033208,0.033208,0.033082,0.033083,1571.00,1774281599999,52.01418000,4,1571.00,52.01418000,0
2026-03-23 16:00:00,0.033015,0.033015,0.033015,0.033015,302.00,1774295999999,9.97053000,1,302.00,9.97053000,0
2026-03-23 20:00:00,0.030904,0.032871,0.030341,0.030685,5220.00,1774310399999,163.43950000,10,1650.00,54.14342600,0
2026-03-24 00:00:00,0.032708,0.032709,0.031586,0.032198,4759.00,1774324799999,153.93354400,4,4759.00,153.93354400,0
2026-03-24 04:00:00,0.032075,0.032189,0.030796,0.032128,2903.00,1774339199999,92.14032100,9,2070.00,66.44162600,0
2026-03-24 08:00:00,0.030896,0.032403,0.030829,0.030935,8115.00,1774353599999,257.95962600,19,5390.00,173.41529700,0
2026-03-24 12:00:00,0.032352,0.032353,0.030363,0.030612,18431.00,1774367999999,570.90397900,17,3957.00,127.78889200,0
2026-03-24 16:00:00,0.031431,0.032152,0.030465,0.032145,3826.00,1774382399999,120.62965900,7,2351.00,75.57536200,0
2026-03-24 20:00:00,0.032138,0.032278,0.032138,0.032183,4233.00,1774396799999,136.32076600,4,4233.00,136.32076600,0
2026-03-25 00:00:00,0.032183,0.032183,0.032183,0.032183,0.00,1774411199999,0.00000000,0,0.00,0.00000000,0
2026-03-25 04:00:00,0.032128,0.032162,0.030877,0.032162,2478.00,1774425599999,77.84679700,7,1023.00,32.87938400,0
2026-03-25 08:00:00,0.032324,0.032324,0.032324,0.032324,2285.00,1774439999999,73.86034000,1,2285.00,73.86034000,0
2026-03-25 12:00:00,0.032931,0.033129,0.032926,0.032926,1360.00,1774454399999,44.90479900,3,1360.00,44.90479900,0
2026-03-25 16:00:00,0.032328,0.033171,0.032328,0.033171,3783.00,1774468799999,124.83469100,4,3783.00,124.83469100,0
2026-03-25 20:00:00,0.032952,0.032953,0.032952,0.032953,3032.00,1774483199999,99.91131000,3,3032.00,99.91131000,0
2026-03-26 00:00:00,0.033131,0.033131,0.031052,0.032719,10548.00,1774497599999,344.15055600,11,8548.00,281.55055600,0
2026-03-26 04:00:00,0.031171,0.033107,0.031171,0.033107,1266.00,1774511999999,40.33574600,3,452.00,14.96255200,0
2026-03-26 08:00:00,0.033179,0.033179,0.032,0.032448,7212.00,1774526399999,231.63174200,6,910.00,29.96774200,0
2026-03-26 12:00:00,0.032366,0.033008,0.031516,0.03218,52904.00,1774540799999,1696.29490300,31,10370.00,336.06503500,0
2026-03-26 16:00:00,0.032179,0.03218,0.032179,0.03218,4808.00,1774555199999,154.72135700,5,4808.00,154.72135700,0
2026-03-26 20:00:00,0.032052,0.032199,0.032052,0.032199,1621.00,1774569599999,52.14886200,3,1621.00,52.14886200,0
2026-03-27 00:00:00,0.032201,0.032201,0.032201,0.032201,465.00,1774583999999,14.97346500,1,465.00,14.97346500,0
2026-03-27 04:00:00,0.032199,0.032199,0.032182,0.032182,647.00,1774598399999,20.82476100,3,647.00,20.82476100,0
2026-03-27 08:00:00,0.032182,0.032182,0.032182,0.032182,0.00,1774612799999,0.00000000,0,0.00,0.00000000,0
2026-03-27 12:00:00,0.032144,0.032144,0.03211,0.03211,1712.00,1774627199999,54.97759000,2,155.00,4.98232000,0
2026-03-27 16:00:00,0.031275,0.031275,0.031275,0.031275,1500.00,1774641599999,46.91250000,1,1500.00,46.91250000,0
2026-03-27 20:00:00,0.031275,0.032749,0.031275,0.032749,3700.00,1774655999999,117.49966600,6,3700.00,117.49966600,0
2026-03-28 00:00:00,0.031601,0.031826,0.03084,0.03084,13072.00,1774670399999,411.03654400,7,9449.00,299.30322400,0
2026-03-28 04:00:00,0.031123,0.031123,0.030333,0.030945,13152.00,1774684799999,405.20669200,24,9888.00,306.19705600,0
2026-03-28 08:00:00,0.030335,0.031018,0.030335,0.030335,8291.00,1774699199999,254.20097400,23,4447.00,137.59323400,0
2026-03-28 12:00:00,0.031015,0.031278,0.030355,0.031278,1767.00,1774713599999,54.55561000,5,1341.00,41.62438000,0
2026-03-28 16:00:00,0.03038,0.031564,0.03038,0.030586,6736.00,1774727999999,208.27899600,24,3333.00,104.42896700,0
2026-03-28 20:00:00,0.031409,0.031611,0.030593,0.031611,7991.00,1774742399999,249.83378500,9,7213.00,226.02426200,0
2026-03-29 00:00:00,0.0304,0.031493,0.030334,0.031484,1391.00,1774756799999,42.68585500,9,391.00,12.31199100,0
2026-03-29 04:00:00,0.031455,0.031456,0.03045,0.03045,3294.00,1774771199999,102.74442200,11,2412.00,75.85438800,0
2026-03-29 08:00:00,0.030533,0.030533,0.030333,0.030333,33311.00,1774785599999,1010.63616300,9,0.00,0.00000000,0
2026-03-29 12:00:00,0.031158,0.031159,0.030333,0.030797,8332.00,1774799999999,257.20520400,16,6010.00,186.77122000,0
2026-03-29 16:00:00,0.030786,0.030787,0.0301,0.0301,80506.00,1774814399999,2441.73799500,30,1523.00,46.87865600,0
2026-03-29 20:00:00,0.030835,0.030836,0.03,0.030752,58520.00,1774828799999,1763.24559400,35,5568.00,171.53059400,0
2026-03-30 00:00:00,0.029705,0.030834,0.029388,0.030834,18293.00,1774843199999,550.89358600,28,17102.00,515.85977600,0
2026-03-30 04:00:00,0.03092,0.03092,0.03092,0.03092,1564.00,1774857599999,48.35888000,1,1564.00,48.35888000,0
2026-03-30 08:00:00,0.031768,0.031772,0.031768,0.031772,1414.00,1774871999999,44.92498000,3,1414.00,44.92498000,0
2026-03-30 12:00:00,0.031443,0.031443,0.030521,0.030713,3699.00,1774886399999,115.28270900,3,2321.00,72.97920300,0
2026-03-30 16:00:00,0.033164,0.033164,0.029002,0.031499,1905.00,1774900799999,59.12920700,3,1436.00,45.52726900,0
2026-03-30 20:00:00,0.031479,0.031499,0.030173,0.030173,26922.00,1774915199999,845.95604300,21,3684.00,115.97219200,0
2026-03-31 00:00:00,0.031044,0.031047,0.030159,0.031047,2974.00,1774929599999,91.44988200,11,2054.00,63.70152600,0
2026-03-31 04:00:00,0.031045,0.031046,0.031034,0.031046,4082.00,1774943999999,126.69402800,7,4082.00,126.69402800,0
2026-03-31 08:00:00,0.030184,0.031046,0.030182,0.031046,1639.00,1774958399999,49.80380200,3,386.00,11.98375600,0
2026-03-31 12:00:00,0.031046,0.031046,0.030226,0.030226,130.00,1774972799999,3.98186000,2,64.00,1.98694400,0
2026-03-31 16:00:00,0.030186,0.031134,0.030147,0.030868,9945.00,1774987199999,306.32860700,12,7479.00,231.90710500,0
2026-03-31 20:00:00,0.030869,0.03087,0.030147,0.030867,12402.00,1775001599999,382.50676700,10,12001.00,370.41782000,0
2026-04-01 00:00:00,0.030867,0.03105,0.030157,0.03105,4140.00,1775015999999,125.51044800,8,881.00,27.20702800,0
2026-04-01 04:00:00,0.031419,0.031419,0.031419,0.031419,95.00,1775030399999,2.98480500,1,95.00,2.98480500,0
2026-04-01 08:00:00,0.031351,0.031352,0.03096,0.030961,7367.00,1775044799999,230.47919000,9,7367.00,230.47919000,0
2026-04-01 12:00:00,0.03094,0.030963,0.03094,0.030963,3648.00,1775059199999,112.87812300,5,3648.00,112.87812300,0
2026-04-01 16:00:00,0.030962,0.030964,0.030111,0.030111,327906.00,1775073599999,10131.33078400,90,4028.00,124.71970700,0
2026-04-01 20:00:00,0.030551,0.030553,0.030539,0.030553,7349.00,1775087999999,224.46443200,8,7349.00,224.46443200,0
2026-04-02 00:00:00,0.030641,0.030696,0.029395,0.029395,12613.00,1775102399999,384.24637100,25,9394.00,288.04304700,0
2026-04-02 04:00:00,0.030624,0.030709,0.030571,0.030709,1192.00,1775116799999,36.51676400,9,1192.00,36.51676400,0
2026-04-02 08:00:00,0.030713,0.031881,0.030213,0.031881,17302.00,1775131199999,538.09556700,12,16505.00,514.00287000,0
2026-04-02 12:00:00,0.030457,0.031829,0.029943,0.031364,14974.00,1775145599999,469.50098700,17,12811.00,404.01930400,0
2026-04-02 16:00:00,0.029686,0.031691,0.029686,0.031661,6868.00,1775159999999,213.89587600,10,5041.00,159.65955400,0
2026-04-02 20:00:00,0.031661,0.031661,0.02999,0.030001,9874.00,1775174399999,301.30156700,17,5568.00,171.88614500,0
2026-04-03 00:00:00,0.030784,0.030784,0.03,0.030779,4739.00,1775188799999,143.30081800,8,1446.00,44.51002500,0
2026-04-03 04:00:00,0.030767,0.030767,0.030767,0.030767,810.00,1775203199999,24.92127000,1,810.00,24.92127000,0
2026-04-03 08:00:00,0.030767,0.030778,0.030767,0.030778,5501.00,1775217599999,169.28489600,5,3239.00,99.68994200,0
2026-04-03 12:00:00,0.030778,0.030778,0.030778,0.030778,0.00,1775231999999,0.00000000,0,0.00,0.00000000,0
2026-04-03 16:00:00,0.031118,0.031118,0.03005,0.031117,3477.00,1775246399999,107.67489900,5,3094.00,96.16574900,0
2026-04-03 20:00:00,0.031106,0.031151,0.030105,0.031151,21687.00,1775260799999,657.30751000,26,4161.00,129.46430600,0
2026-04-04 00:00:00,0.031174,0.031174,0.031174,0.031174,3199.00,1775275199999,99.72562600,1,3199.00,99.72562600,0
2026-04-04 04:00:00,0.031174,0.031174,0.031174,0.031174,0.00,1775289599999,0.00000000,0,0.00,0.00000000,0
2026-04-04 08:00:00,0.031336,0.031336,0.031336,0.031336,477.00,1775303999999,14.94727200,1,477.00,14.94727200,0
2026-04-04 12:00:00,0.031414,0.031485,0.031414,0.031485,3955.00,1775318399999,124.46465200,3,3955.00,124.46465200,0
2026-04-04 16:00:00,0.031498,0.031498,0.030975,0.030975,9030.00,1775332799999,282.75128400,5,9030.00,282.75128400,0
2026-04-04 20:00:00,0.031752,0.031752,0.029815,0.030011,6182.00,1775347199999,188.46219400,11,2169.00,68.07405000,0
2026-04-05 00:00:00,0.03136,0.03136,0.03001,0.031176,23366.00,1775361599999,711.00891700,19,6598.00,205.98626400,0
2026-04-05 04:00:00,0.031376,0.031376,0.031376,0.031376,636.00,1775375999999,19.95513600,1,636.00,19.95513600,0
2026-04-05 08:00:00,0.031334,0.031334,0.031334,0.031334,3183.00,1775390399999,99.73612200,1,3183.00,99.73612200,0
2026-04-05 12:00:00,0.031123,0.031123,0.031123,0.031123,224.00,1775404799999,6.97155200,1,224.00,6.97155200,0
2026-04-05 16:00:00,0.031376,0.031376,0.031306,0.031306,10010.00,1775419199999,313.83480000,3,10010.00,313.83480000,0
2026-04-05 20:00:00,0.031306,0.031501,0.029854,0.031501,10631.00,1775433599999,331.35678800,10,950.00,29.92595000,0
2026-04-06 00:00:00,0.031446,0.031772,0.029976,0.029976,14540.00,1775447999999,456.52243700,12,14121.00,443.96249300,0
2026-04-06 04:00:00,0.031497,0.031497,0.031466,0.031467,780.00,1775462399999,24.55597900,3,780.00,24.55597900,0
2026-04-06 08:00:00,0.031175,0.032023,0.031175,0.031968,4268.00,1775476799999,135.42640600,7,2646.00,84.72570600,0
2026-04-06 12:00:00,0.031206,0.031886,0.031174,0.031194,3454.00,1775491199999,107.97604000,6,375.00,11.95725000,0
2026-04-06 16:00:00,0.031889,0.032273,0.031889,0.032195,4674.00,1775505599999,149.64105300,4,4674.00,149.64105300,0
2026-04-06 20:00:00,0.031713,0.032277,0.030615,0.030615,2244.00,1775519999999,71.04556000,9,1995.00,63.42242500,0
2026-04-07 00:00:00,0.031662,0.031662,0.0305,0.031512,1395.00,1775534399999,43.11868400,9,473.00,14.95242600,0
2026-04-07 04:00:00,0.030735,0.030763,0.030735,0.030761,3000.00,1775548799999,92.24964600,4,0.00,0.00000000,0
2026-04-07 08:00:00,0.030655,0.03075,0.030655,0.03075,4128.00,1775563199999,126.76043500,5,0.00,0.00000000,0
2026-04-07 12:00:00,0.031688,0.031688,0.031688,0.031688,94.00,1775577599999,2.97867200,1,94.00,2.97867200,0
2026-04-07 16:00:00,0.030702,0.030702,0.030306,0.030306,5090.00,1775591999999,155.87718000,2,0.00,0.00000000,0
2026-04-07 20:00:00,0.031652,0.032264,0.030812,0.030825,92134.00,1775606399999,2944.83214800,127,89233.00,2855.42571100,0
2026-04-08 00:00:00,0.032061,0.032389,0.032061,0.03233,65380.00,1775620799999,2115.44102200,8,65380.00,2115.44102200,0
2026-04-08 04:00:00,0.03233,0.032924,0.03233,0.032924,81183.00,1775635199999,2627.66046500,20,81183.00,2627.66046500,0
2026-04-08 08:00:00,0.032979,0.032979,0.032956,0.032956,6052.00,1775649599999,199.51928700,2,6052.00,199.51928700,0
2026-04-08 12:00:00,0.03239,0.03239,0.03239,0.03239,2360.00,1775663999999,76.44040000,1,2360.00,76.44040000,0
2026-04-08 16:00:00,0.032225,0.032225,0.0309,0.031411,32568.00,1775678399999,1007.44592000,5,908.00,29.15122400,0
2026-04-08 20:00:00,0.0309,0.031746,0.0309,0.0309,61099.00,1775692799999,1891.84956600,31,6471.00,203.84436600,0
2026-04-09 00:00:00,0.03124,0.03124,0.031009,0.031009,3973.00,1775707199999,123.54765000,5,3973.00,123.54765000,0
2026-04-09 04:00:00,0.031009,0.031009,0.031009,0.031009,0.00,1775721599999,0.00000000,0,0.00,0.00000000,0
2026-04-09 08:00:00,0.031379,0.032825,0.031379,0.032825,87381.00,1775735999999,2752.77510600,29,87381.00,2752.77510600,0
2026-04-09 12:00:00,0.031931,0.032126,0.0318,0.032126,8093.00,1775750399999,258.60141300,5,8093.00,258.60141300,0
2026-04-09 16:00:00,0.030721,0.032188,0.030721,0.032188,5257.00,1775764799999,168.06649000,3,4494.00,144.62636700,0
2026-04-09 20:00:00,0.031843,0.031843,0.031276,0.031276,2225.00,1775779199999,69.80504900,3,2225.00,69.80504900,0
2026-04-10 00:00:00,0.030652,0.03071,0.030599,0.030599,17194.00,1775793599999,527.04786500,4,0.00,0.00000000,0
2026-04-10 04:00:00,0.030599,0.030599,0.030599,0.030599,8000.00,1775807999999,244.79200000,1,0.00,0.00000000,0
2026-04-10 08:00:00,0.03058,0.03058,0.030245,0.030245,216.00,1775822399999,6.56340500,2,0.00,0.00000000,0
2026-04-10 12:00:00,0.031604,0.031604,0.031485,0.031603,16040.00,1775836799999,505.45163800,5,16040.00,505.45163800,0
2026-04-10 16:00:00,0.031604,0.031604,0.031604,0.031604,631.00,1775851199999,19.94212400,1,631.00,19.94212400,0
2026-04-10 20:00:00,0.031705,0.031705,0.031611,0.031611,4082.00,1775865599999,129.36717000,3,4082.00,129.36717000,0
2026-04-11 00:00:00,0.030739,0.030739,0.030739,0.030739,539.00,1775879999999,16.56832100,2,0.00,0.00000000,0
2026-04-11 04:00:00,0.031412,0.031412,0.031398,0.031398,15874.00,1775894399999,498.51343800,5,15874.00,498.51343800,0
2026-04-11 08:00:00,0.031398,0.031398,0.031398,0.031398,0.00,1775908799999,0.00000000,0,0.00,0.00000000,0
2026-04-11 12:00:00,0.031106,0.031106,0.031074,0.031074,4018.00,1775923199999,124.88096400,2,4018.00,124.88096400,0
2026-04-11 16:00:00,0.030216,0.030997,0.025,0.030997,65016.00,1775937599999,1913.54843300,25,16752.00,515.32874400,0
2026-04-11 20:00:00,0.030997,0.031048,0.030997,0.031048,11284.00,1775951999999,349.79717800,2,530.00,16.45544000,0
2026-04-12 00:00:00,0.030997,0.030997,0.030997,0.030997,225.00,1775966399999,6.97432500,1,225.00,6.97432500,0
2026-04-12 04:00:00,0.03,0.03,0.03,0.03,3915.00,1775980799999,117.45000000,1,3915.00,117.45000000,0
2026-04-12 08:00:00,0.030617,0.030617,0.030617,0.030617,391.00,1775995199999,11.97124700,1,391.00,11.97124700,0
2026-04-12 12:00:00,0.029015,0.030147,0.029015,0.029985,4205.00,1776009599999,125.03168300,5,1565.00,46.96751100,0
2026-04-12 16:00:00,0.029935,0.030339,0.029935,0.030339,1387.00,1776023999999,41.78527300,2,1387.00,41.78527300,0
2026-04-12 20:00:00,0.030356,0.030356,0.029322,0.029325,6705.00,1776038399999,199.17536000,10,2912.00,87.73772800,0
2026-04-13 00:00:00,0.029969,0.03025,0.02996,0.02996,4968.00,1776052799999,149.79296200,4,4968.00,149.79296200,0
2026-04-13 04:00:00,0.03014,0.030754,0.03014,0.030754,818.00,1776067199999,24.69816000,3,818.00,24.69816000,0
2026-04-13 08:00:00,0.030828,0.031188,0.030828,0.031188,3420.00,1776081599999,106.06824000,4,3420.00,106.06824000,0
2026-04-13 12:00:00,0.032697,0.032697,0.032697,0.032697,62.00,1776095999999,2.02721400,1,62.00,2.02721400,0
2026-04-13 16:00:00,0.032519,0.032519,0.030094,0.030995,13964.00,1776110399999,426.54410900,7,6647.00,205.97232000,0
2026-04-13 20:00:00,0.031069,0.031069,0.030822,0.030988,32733.00,1776124799999,1013.72676400,12,20613.00,637.18260400,0
2026-04-14 00:00:00,0.030813,0.031026,0.030792,0.031,8178.00,1776139199999,253.18033600,8,8178.00,253.18033600,0
2026-04-14 04:00:00,0.031,0.031,0.031,0.031,0.00,1776153599999,0.00000000,0,0.00,0.00000000,0
2026-04-14 08:00:00,0.031565,0.031565,0.031565,0.031565,1803.00,1776167999999,56.91169500,1,1803.00,56.91169500,0
2026-04-14 12:00:00,0.031795,0.031888,0.031795,0.031888,4068.00,1776182399999,129.63287100,2,4068.00,129.63287100,0
2026-04-14 16:00:00,0.03038,0.03096,0.030307,0.03096,16777.00,1776196799999,518.19852800,4,0.00,0.00000000,0
2026-04-14 20:00:00,0.031349,0.031349,0.031349,0.031349,3180.00,1776211199999,99.68982000,1,3180.00,99.68982000,0
2026-04-15 00:00:00,0.030074,0.031013,0.030074,0.031013,1308.00,1776225599999,39.65709600,3,347.00,10.75598200,0
2026-04-15 04:00:00,0.030781,0.031117,0.030071,0.030071,7077.00,1776239999999,217.69811700,10,5077.00,157.54111700,0
2026-04-15 08:00:00,0.03006,0.03006,0.03006,0.03006,536.00,1776254399999,16.11216000,1,0.00,0.00000000,0
2026-04-15 12:00:00,0.031012,0.03113,0.031012,0.031107,3766.00,1776268799999,117.02708700,4,3766.00,117.02708700,0
2026-04-15 16:00:00,0.031122,0.031131,0.031122,0.031131,6056.00,1776283199999,188.52126300,5,6056.00,188.52126300,0
2026-04-15 20:00:00,0.031131,0.031983,0.030647,0.030647,4756.00,1776297599999,148.08125200,4,4691.00,146.08919700,0
2026-04-16 00:00:00,0.031985,0.031985,0.031766,0.031766,745.00,1776311999999,23.76816200,2,745.00,23.76816200,0
2026-04-16 04:00:00,0.031755,0.031755,0.031193,0.031193,893.00,1776326399999,27.94358300,2,893.00,27.94358300,0
2026-04-16 08:00:00,0.031799,0.031799,0.031766,0.031766,3741.00,1776340799999,118.93933500,2,3741.00,118.93933500,0
2026-04-16 12:00:00,0.031877,0.031919,0.030634,0.030634,11224.00,1776355199999,357.71068000,10,10874.00,346.98878000,0
2026-04-16 16:00:00,0.030745,0.031995,0.030713,0.031995,6453.00,1776369599999,202.75099700,4,3652.00,116.69166000,0
2026-04-16 20:00:00,0.032355,0.032355,0.031823,0.031823,6195.00,1776383999999,197.65336900,5,6195.00,197.65336900,0
2026-04-17 00:00:00,0.031697,0.031697,0.030615,0.030753,10492.00,1776398399999,322.88830800,11,753.00,23.86784100,0
2026-04-17 04:00:00,0.031899,0.031997,0.031899,0.031997,5328.00,1776412799999,170.45118800,5,5328.00,170.45118800,0
2026-04-17 08:00:00,0.032372,0.032373,0.03235,0.032351,6163.00,1776427199999,199.44675100,7,6163.00,199.44675100,0
2026-04-17 12:00:00,0.032263,0.032803,0.030948,0.032583,19635.00,1776441599999,637.81175700,12,19364.00,629.42484900,0
2026-04-17 16:00:00,0.032769,0.032769,0.03065,0.032657,12053.00,1776455999999,392.32617700,10,11790.00,384.26522700,0
2026-04-17 20:00:00,0.032611,0.032612,0.032165,0.032165,7685.00,1776470399999,249.24793400,8,7313.00,237.11627000,0
2026-04-18 00:00:00,0.031712,0.032102,0.031712,0.032077,6562.00,1776484799999,209.33599300,7,6562.00,209.33599300,0
2026-04-18 04:00:00,0.031837,0.032794,0.030443,0.031148,21424.00,1776499199999,663.93970100,25,2201.00,71.06756700,0
2026-04-18 08:00:00,0.032393,0.032393,0.032333,0.032333,3170.00,1776513599999,102.68029000,2,3170.00,102.68029000,0
2026-04-18 12:00:00,0.032098,0.032098,0.031353,0.031353,504.00,1776527999999,16.05893700,2,504.00,16.05893700,0
2026-04-18 16:00:00,0.029509,0.032626,0.029509,0.032626,5216.00,1776542399999,164.66862100,4,4031.00,129.69840600,0
2026-04-18 20:00:00,0.032025,0.032025,0.032025,0.032025,1000.00,1776556799999,32.02500000,1,1000.00,32.02500000,0
2026-04-19 00:00:00,0.03134,0.031572,0.029515,0.031572,3506.00,1776571199999,110.37918700,6,3381.00,106.68981200,0
2026-04-19 04:00:00,0.03109,0.03109,0.029604,0.029604,1104.00,1776585599999,32.92057600,2,160.00,4.97440000,0
2026-04-19 08:00:00,0.029517,0.031964,0.029517,0.031964,4655.00,1776599999999,145.03132600,3,3119.00,99.69321400,0
2026-04-19 12:00:00,0.031249,0.031249,0.030917,0.030917,2085.00,1776614399999,64.74170100,4,2085.00,64.74170100,0
2026-04-19 16:00:00,0.030662,0.030662,0.030662,0.030662,3252.00,1776628799999,99.71282400,1,3252.00,99.71282400,0
2026-04-19 20:00:00,0.030346,0.031978,0.0295,0.031978,4449.00,1776643199999,134.79998600,4,3597.00,109.66598600,0
2026-04-20 00:00:00,0.027613,0.031271,0.027613,0.030653,16237.00,1776657599999,481.09397400,23,8768.00,269.85558300,0
2026-04-20 04:00:00,0.030653,0.030653,0.030653,0.030653,0.00,1776671999999,0.00000000,0,0.00,0.00000000,0
2026-04-20 08:00:00,0.031915,0.031915,0.03177,0.03177,518.00,1776686399999,16.51498000,3,518.00,16.51498000,0
2026-04-20 12:00:00,0.030845,0.032012,0.029325,0.031863,18825.00,1776700799999,597.74382300,19,17504.00,558.42789800,0
2026-04-20 16:00:00,0.031862,0.031863,0.029354,0.03184,4386.00,1776715199999,134.21447600,4,2185.00,69.60632200,0
2026-04-20 20:00:00,0.031378,0.031378,0.030753,0.030753,12282.00,1776729599999,383.79893100,13,12282.00,383.79893100,0
2026-04-21 00:00:00,0.03075,0.030998,0.030736,0.030998,3782.00,1776743999999,116.42842900,6,3782.00,116.42842900,0
2026-04-21 04:00:00,0.03099,0.030991,0.03099,0.030991,1608.00,1776758399999,49.83279300,2,1608.00,49.83279300,0
2026-04-21 08:00:00,0.030754,0.03099,0.030754,0.03099,1939.00,1776772799999,59.78375400,4,1939.00,59.78375400,0
2026-04-21 12:00:00,0.031208,0.031691,0.030001,0.030301,16889.00,1776787199999,530.40160800,43,14873.00,468.94153700,0
2026-04-21 16:00:00,0.030997,0.031384,0.029712,0.029712,3681.00,1776801599999,111.44856600,13,1403.00,43.62634800,0
2026-04-21 20:00:00,0.030517,0.031368,0.030301,0.031345,17388.00,1776815999999,539.26962900,27,16780.00,520.84662100,0
2026-04-22 00:00:00,0.030301,0.03129,0.030301,0.03129,472.00,1776830399999,14.57401600,3,320.00,9.96826400,0
2026-04-22 04:00:00,0.031465,0.03192,0.031465,0.03192,473.00,1776844799999,14.95319500,3,473.00,14.95319500,0
2026-04-22 08:00:00,0.031904,0.031915,0.031904,0.031915,15626.00,1776859199999,498.65824600,8,15626.00,498.65824600,0
2026-04-22 12:00:00,0.031912,0.032024,0.030758,0.031855,28677.00,1776873599999,915.58044200,27,28379.00,906.34588600,0
2026-04-22 16:00:00,0.031845,0.031845,0.029854,0.029854,5021.00,1776887999999,154.98212000,13,783.00,24.93463500,0
2026-04-22 20:00:00,0.029863,0.031992,0.029852,0.030758,27547.00,1776902399999,850.68127500,56,22974.00,713.00171400,0
2026-04-23 00:00:00,0.030997,0.031614,0.029525,0.030754,12449.00,1776916799999,379.29853700,31,7200.00,223.12483700,0
2026-04-23 04:00:00,0.030996,0.030996,0.030996,0.030996,419.00,1776931199999,12.98732400,2,419.00,12.98732400,0
2026-04-23 08:00:00,0.030963,0.030964,0.030963,0.030964,2512.00,1776945599999,77.78092400,2,2512.00,77.78092400,0
2026-04-23 12:00:00,0.030957,0.030957,0.02941,0.030658,20479.00,1776959999999,614.48386600,7,8237.00,254.44664600,0
2026-04-23 16:00:00,0.029472,0.030696,0.029408,0.030625,19160.00,1776974399999,575.87169600,18,10160.00,311.05869600,0
2026-04-23 20:00:00,0.030722,0.030946,0.030001,0.030916,20425.00,1776988799999,628.29054200,14,17159.00,530.30727600,0
2026-04-24 00:00:00,0.030738,0.030739,0.030001,0.030001,17984.00,1777003199999,544.68348300,14,6976.00,214.43247500,0
2026-04-24 04:00:00,0.029938,0.030995,0.029938,0.030994,12964.00,1777017599999,401.74473700,9,12964.00,401.74473700,0
2026-04-24 08:00:00,0.030993,0.030994,0.030993,0.030994,3218.00,1777031999999,99.73554100,2,3218.00,99.73554100,0
2026-04-24 12:00:00,0.030993,0.030997,0.029819,0.0309,88961.00,1777046399999,2751.29095700,33,39019.00,1209.33927900,0
2026-04-24 16:00:00,0.0309,0.0309,0.0309,0.0309,3228.00,1777060799999,99.74520000,1,3228.00,99.74520000,0
2026-04-24 20:00:00,0.0309,0.031356,0.030301,0.030994,27980.00,1777075199999,866.15329700,13,27722.00,858.33563900,0
2026-04-25 00:00:00,0.030992,0.030996,0.030754,0.030993,24659.00,1777089599999,764.05053600,17,24659.00,764.05053600,0
2026-04-25 04:00:00,0.030979,0.03098,0.030962,0.030963,10727.00,1777103999999,332.16267400,9,10727.00,332.16267400,0
2026-04-25 08:00:00,0.030949,0.030949,0.030949,0.030949,12888.00,1777118399999,398.87071200,7,12888.00,398.87071200,0
2026-04-25 12:00:00,0.030939,0.030948,0.029411,0.030887,53614.00,1777132799999,1628.13683000,26,44892.00,1371.29188100,0
2026-04-25 16:00:00,0.030894,0.030894,0.030852,0.030852,4846.00,1777147199999,149.57658000,2,4846.00,149.57658000,0
2026-04-25 20:00:00,0.030914,0.030914,0.029468,0.029468,29848.00,1777161599999,880.18461800,7,18848.00,555.87413800,0
2026-04-26 00:00:00,0.030888,0.030945,0.030741,0.030742,26586.00,1777175999999,820.51589000,20,26586.00,820.51589000,0
2026-04-26 04:00:00,0.030742,0.030742,0.030742,0.030742,0.00,1777190399999,0.00000000,0,0.00,0.00000000,0
2026-04-26 08:00:00,0.030875,0.030876,0.030857,0.03086,10332.00,1777204799999,318.84656200,9,10332.00,318.84656200,0
2026-04-26 12:00:00,0.030948,0.030949,0.029858,0.029858,50903.00,1777219199999,1565.81659600,22,41195.00,1265.83939600,0
2026-04-26 16:00:00,0.030942,0.030946,0.030936,0.030946,7722.00,1777233599999,238.94640500,6,7722.00,238.94640500,0
2026-04-26 20:00:00,0.030931,0.030931,0.030931,0.030931,319.00,1777247999999,9.86698900,1,319.00,9.86698900,0
2026-04-27 00:00:00,0.03092,0.030939,0.030313,0.030313,75209.00,1777262399999,2326.29885300,33,13671.00,422.55928500,0
2026-04-27 04:00:00,0.030939,0.030939,0.029633,0.029633,21068.00,1777276799999,628.91177600,11,322.00,9.96235800,0
2026-04-27 08:00:00,0.030935,0.030935,0.030308,0.030308,195.00,1777291199999,5.97087900,2,195.00,5.97087900,0
2026-04-27 12:00:00,0.029632,0.030877,0.029418,0.029418,5509.00,1777305599999,167.96669300,9,4022.00,124.11710100,0
2026-04-27 16:00:00,0.030942,0.03095,0.029418,0.030905,91102.00,1777319999999,2818.69521900,46,90902.00,2812.81161900,0
2026-04-27 20:00:00,0.030866,0.030866,0.030864,0.030864,8400.00,1777334399999,259.27052400,5,8400.00,259.27052400,0
2026-04-28 00:00:00,0.030844,0.030844,0.030821,0.030821,3558.00,1777348799999,109.66854700,2,3558.00,109.66854700,0
2026-04-28 04:00:00,0.030821,0.030821,0.030821,0.030821,0.00,1777363199999,0.00000000,0,0.00,0.00000000,0
2026-04-28 08:00:00,0.03095,0.03095,0.03095,0.03095,3545.00,1777377599999,109.71775000,2,3545.00,109.71775000,0
2026-04-28 12:00:00,0.030949,0.030949,0.030939,0.030939,5622.00,1777391999999,173.95154700,5,5622.00,173.95154700,0
2026-04-28 16:00:00,0.030939,0.030949,0.029574,0.030853,30603.00,1777406399999,945.21980300,20,29445.00,910.94123900,0
2026-04-28 20:00:00,0.030841,0.030946,0.030235,0.030946,7885.00,1777420799999,240.55042200,15,4592.00,140.51566800,0
2026-04-29 00:00:00,0.030273,0.030947,0.030273,0.030924,15300.00,1777435199999,473.39239200,15,15300.00,473.39239200,0
2026-04-29 04:00:00,0.030891,0.030891,0.030891,0.030891,97.00,1777449599999,2.99642700,1,97.00,2.99642700,0
2026-04-29 08:00:00,0.030878,0.030878,0.030868,0.030868,1239.00,1777463999999,38.25115200,4,1239.00,38.25115200,0
2026-04-29 12:00:00,0.030868,0.030937,0.029464,0.030813,19780.00,1777478399999,600.67301600,18,12872.00,397.11992000,0
2026-04-29 16:00:00,0.030886,0.030887,0.029188,0.030032,28747.00,1777492799999,870.41196000,24,19479.00,599.14538400,0
2026-04-29 20:00:00,0.030048,0.030417,0.0293,0.030082,21741.00,1777507199999,653.45170300,23,21279.00,639.88664100,0
2026-04-30 00:00:00,0.030081,0.030948,0.030081,0.030948,18509.00,1777521599999,563.55228300,11,18509.00,563.55228300,0
2026-04-30 04:00:00,0.030947,0.030947,0.030943,0.030944,7079.00,1777535999999,219.06017700,4,7079.00,219.06017700,0
2026-04-30 08:00:00,0.030937,0.030937,0.030934,0.030934,3225.00,1777550399999,99.76408500,2,3225.00,99.76408500,0
2026-04-30 12:00:00,0.030945,0.030945,0.029466,0.030843,10662.00,1777564799999,327.89520300,14,9662.00,298.42920300,0
2026-04-30 16:00:00,0.030843,0.030843,0.029421,0.030731,17658.00,1777579199999,542.54876600,14,17016.00,523.66048400,0
2026-04-30 20:00:00,0.030632,0.03095,0.030629,0.03095,3548.00,1777593599999,109.29465000,11,3548.00,109.29465000,0
2026-05-01 00:00:00,0.029408,0.030905,0.029408,0.030891,14182.00,1777607999999,431.63612500,13,9783.00,302.24865000,0
2026-05-01 04:00:00,0.030891,0.030891,0.030891,0.030891,0.00,1777622399999,0.00000000,0,0.00,0.00000000,0
2026-05-01 08:00:00,0.030706,0.030946,0.029199,0.029199,20056.00,1777636799999,602.93705900,20,9056.00,279.31513200,0
2026-05-01 12:00:00,0.030081,0.030949,0.02942,0.02942,35750.00,1777651199999,1061.57843900,17,12594.00,380.32891900,0
2026-05-01 16:00:00,0.030703,0.030935,0.029408,0.029907,28381.00,1777665599999,870.19469200,17,27479.00,843.43340000,0
2026-05-01 20:00:00,0.029507,0.030922,0.029409,0.029742,7754.00,1777679999999,230.76684400,25,5609.00,167.59075300,0
2026-05-02 00:00:00,0.029407,0.030072,0.02897,0.028981,43767.00,1777694399999,1282.98357200,50,20721.00,613.92619900,0
2026-05-02 04:00:00,0.029964,0.029964,0.029964,0.029964,3329.00,1777708799999,99.75015600,2,3329.00,99.75015600,0
2026-05-02 08:00:00,0.029873,0.030059,0.029873,0.030059,3962.00,1777723199999,118.97355900,4,3962.00,118.97355900,0
2026-05-02 12:00:00,0.029533,0.029695,0.029533,0.029692,5213.00,1777737599999,154.62697700,7,5213.00,154.62697700,0
2026-05-02 16:00:00,0.029711,0.030082,0.029711,0.030082,24899.00,1777751999999,746.52337200,14,24899.00,746.52337200,0
2026-05-02 20:00:00,0.030078,0.030078,0.030078,0.030078,331.00,1777766399999,9.95581800,1,331.00,9.95581800,0
2026-05-03 00:00:00,0.030078,0.030078,0.030078,0.030078,531.00,1777780799999,15.97141800,2,531.00,15.97141800,0
2026-05-03 04:00:00,0.030072,0.030073,0.029003,0.029003,4319.00,1777795199999,129.80425000,3,4246.00,127.68703100,0
2026-05-03 08:00:00,0.028989,0.030053,0.028984,0.030034,12188.00,1777809599999,360.30764100,7,6640.00,199.48514400,0
2026-05-03 12:00:00,0.029732,0.029732,0.029732,0.029732,167.00,1777823999999,4.96524400,1,167.00,4.96524400,0
2026-05-03 16:00:00,0.029967,0.029968,0.02991,0.02991,3729.00,1777838399999,111.72687900,3,3729.00,111.72687900,0
2026-05-03 20:00:00,0.030042,0.030753,0.028981,0.029999,40255.00,1777852799999,1207.47936000,46,36475.00,1097.08350100,0
2026-05-04 00:00:00,0.029998,0.029998,0.029998,0.029998,3658.00,1777867199999,109.73268400,2,3658.00,109.73268400,0
2026-05-04 04:00:00,0.029999,0.030996,0.029446,0.029446,14798.00,1777881599999,444.90089000,6,11170.00,338.07080200,0
2026-05-04 08:00:00,0.030996,0.030996,0.030996,0.030996,96.00,1777895999999,2.97561600,1,96.00,2.97561600,0
2026-05-04 12:00:00,0.029407,0.030018,0.029001,0.029936,9940.00,1777910399999,293.32118000,7,4912.00,147.29830800,0
2026-05-04 16:00:00,0.03008,0.03008,0.030018,0.030034,7801.00,1777924799999,234.42808500,5,7801.00,234.42808500,0
2026-05-04 20:00:00,0.029845,0.030082,0.029004,0.029769,41919.00,1777939199999,1245.84052400,24,32076.00,960.35415200,0
2026-05-05 00:00:00,0.029003,0.030027,0.029,0.029839,6287.00,1777953599999,184.23078300,15,2115.00,63.23193200,0
2026-05-05 04:00:00,0.029718,0.029719,0.029718,0.029719,402.00,1777967999999,11.94693600,3,402.00,11.94693600,0
2026-05-05 08:00:00,0.030029,0.03003,0.029913,0.029914,802.00,1777982399999,24.03762700,5,802.00,24.03762700,0
2026-05-05 12:00:00,0.029073,0.030011,0.029073,0.029999,25510.00,1777996799999,763.16401700,22,24510.00,734.09101700,0
2026-05-05 16:00:00,0.030081,0.030081,0.030081,0.030081,1161.00,1778011199999,34.92404100,1,1161.00,34.92404100,0
2026-05-05 20:00:00,0.030078,0.030081,0.029,0.03008,37201.00,1778025599999,1096.08533800,20,15983.00,480.76333800,0
2026-05-06 00:00:00,0.02897,0.02963,0.028827,0.029624,11075.00,1778039999999,325.03228400,21,7296.00,215.80399300,0
2026-05-06 04:00:00,0.029636,0.030997,0.029408,0.030837,10549.00,1778054399999,318.65226500,11,7015.00,214.49399900,0
2026-05-06 08:00:00,0.030974,0.031,0.030955,0.031,14967.00,1778068799999,463.69593600,20,14967.00,463.69593600,0
2026-05-06 12:00:00,0.030999,0.031,0.02941,0.030958,10347.00,1778083199999,320.07602800,14,9844.00,305.05292000,0
2026-05-06 16:00:00,0.030951,0.030996,0.030938,0.030991,28981.00,1778097599999,898.05838700,9,28981.00,898.05838700,0
2026-05-06 20:00:00,0.030987,0.030987,0.028973,0.030883,32397.00,1778111999999,982.84471100,44,26286.00,803.15004700,0
2026-05-07 00:00:00,0.030883,0.030883,0.029407,0.030082,32642.00,1778126399999,976.84121500,16,19408.00,583.66814500,0
2026-05-07 04:00:00,0.030083,0.030997,0.030083,0.030301,6792.00,1778140799999,207.32123200,5,6534.00,199.50357400,0
2026-05-07 08:00:00,0.030982,0.030982,0.030599,0.030599,260.00,1778155199999,7.99289100,2,260.00,7.99289100,0
2026-05-07 12:00:00,0.030993,0.030994,0.030981,0.030981,8308.00,1778169599999,257.48032800,6,8308.00,257.48032800,0
2026-05-07 16:00:00,0.029407,0.030082,0.029001,0.030082,24070.00,1778183999999,721.03912000,27,20974.00,630.73682300,0
2026-05-07 20:00:00,0.030081,0.030081,0.029059,0.029957,7132.00,1778198399999,212.07105100,12,5154.00,154.57204600,0
2026-05-08 00:00:00,0.029003,0.030066,0.029001,0.030055,24854.00,1778212799999,744.57514300,26,23779.00,713.39891800,0
2026-05-08 04:00:00,0.030055,0.030083,0.029202,0.030083,2380.00,1778227199999,71.07112700,5,1825.00,54.86401700,0
2026-05-08 08:00:00,0.030076,0.030079,0.030076,0.030079,4132.00,1778241599999,124.27807800,7,4132.00,124.27807800,0
2026-05-08 12:00:00,0.030079,0.03099,0.029585,0.030793,41707.00,1778255999999,1257.05825800,16,31237.00,945.05572400,0
2026-05-08 16:00:00,0.030997,0.031,0.030301,0.030301,11280.00,1778270399999,349.42968300,4,10923.00,338.61222600,0
2026-05-08 20:00:00,0.030973,0.031939,0.030759,0.030759,28657.00,1778284799999,901.13250100,24,27074.00,852.44100400,0
2026-05-09 00:00:00,0.030759,0.030759,0.030759,0.030759,0.00,1778299199999,0.00000000,0,0.00,0.00000000,0
2026-05-09 04:00:00,0.03194,0.03194,0.03194,0.03194,50.00,1778313599999,1.59700000,1,50.00,1.59700000,0
2026-05-09 08:00:00,0.031747,0.031747,0.030308,0.030308,4301.00,1778327999999,131.87059400,3,974.00,30.92157800,0
2026-05-09 12:00:00,0.031185,0.031185,0.029454,0.029454,3314.00,1778342399999,101.36599500,5,2082.00,64.80014100,0
2026-05-09 16:00:00,0.030996,0.031999,0.030758,0.03143,39540.00,1778356799999,1222.94391500,25,12219.00,382.48813300,0
2026-05-09 20:00:00,0.03143,0.03143,0.030301,0.03055,5467.00,1778371199999,170.77125200,6,5209.00,162.95359400,0
2026-05-10 00:00:00,0.030848,0.030988,0.029651,0.030856,36817.00,1778385599999,1112.06702900,31,18883.00,578.88454400,0
2026-05-10 04:00:00,0.030538,0.030632,0.030538,0.030632,4694.00,1778399999999,143.58841700,3,4694.00,143.58841700,0
2026-05-10 08:00:00,0.030612,0.030612,0.02965,0.02965,5016.00,1778414399999,151.85773500,3,3257.00,99.70328400,0
2026-05-10 12:00:00,0.030615,0.030915,0.029651,0.029652,5173.00,1778428799999,157.13823800,5,3741.00,114.67707400,0
2026-05-10 16:00:00,0.03064,0.031,0.029661,0.031,24094.00,1778443199999,738.23481800,24,17290.00,535.54947800,0
2026-05-10 20:00:00,0.031,0.031,0.030028,0.030028,6809.00,1778457599999,209.29808800,15,5551.00,171.45226000,0
2026-05-11 00:00:00,0.030974,0.03391,0.030974,0.032656,208542.00,1778471999999,6615.42237900,30,207818.00,6591.89292500,0
2026-05-11 04:00:00,0.032171,0.032355,0.031693,0.031693,12196.00,1778486399999,387.53276600,7,506.00,16.35184200,0
2026-05-11 08:00:00,0.032421,0.033406,0.032421,0.033406,579.00,1778500799999,18.97825100,3,579.00,18.97825100,0
2026-05-11 12:00:00,0.033391,0.033391,0.031772,0.032858,6558.00,1778515199999,213.04394400,5,3838.00,126.52714700,0
2026-05-11 16:00:00,0.03234,0.032365,0.031693,0.032365,1801.00,1778529599999,58.11920600,3,1387.00,44.89025500,0
2026-05-11 20:00:00,0.032397,0.032419,0.031291,0.032419,2479.00,1778543999999,79.09456500,4,1400.00,45.33157600,0
2026-05-12 00:00:00,0.03242,0.033407,0.031272,0.032656,24450.00,1778558399999,801.39680800,14,20318.00,669.10217700,0
2026-05-12 04:00:00,0.033369,0.033369,0.033369,0.033369,2994.00,1778572799999,99.90678600,1,2994.00,99.90678600,0
2026-05-12 08:00:00,0.032656,0.032656,0.03224,0.03224,5416.00,1778587199999,176.72595200,2,0.00,0.00000000,0
2026-05-12 12:00:00,0.033406,0.033616,0.031224,0.031259,15621.00,1778601599999,502.19882500,13,7633.00,251.64996500,0
2026-05-12 16:00:00,0.032049,0.03227,0.031864,0.031864,5601.00,1778615999999,179.63712000,3,5601.00,179.63712000,0
2026-05-12 20:00:00,0.031952,0.032155,0.031222,0.031737,1877.00,1778630399999,59.65047600,5,1626.00,51.81375400,0
2026-05-13 00:00:00,0.031908,0.03194,0.031894,0.03194,4132.00,1778644799999,131.86827300,4,4132.00,131.86827300,0
2026-05-13 04:00:00,0.03242,0.03291,0.032171,0.032171,6887.00,1778659199999,223.33535000,5,6644.00,215.51779700,0
2026-05-13 08:00:00,0.031744,0.032908,0.031744,0.031922,4427.00,1778673599999,144.35310900,4,3386.00,111.25349300,0
2026-05-13 12:00:00,0.031904,0.032349,0.031222,0.031222,2216.00,1778687999999,70.62682000,4,339.00,10.96631100,0
2026-05-13 16:00:00,0.031859,0.031897,0.031859,0.031897,3294.00,1778702399999,104.95547800,3,1097.00,34.96125500,0
2026-05-13 20:00:00,0.03174,0.031802,0.030311,0.030318,6871.00,1778716799999,216.30779800,8,5826.00,184.46255300,0
2026-05-14 00:00:00,0.031169,0.031465,0.031169,0.031465,8840.00,1778731199999,276.40414400,4,8840.00,276.40414400,0
2026-05-14 04:00:00,0.03194,0.03291,0.031335,0.03291,806.00,1778745599999,26.05883200,4,741.00,24.02205700,0
2026-05-14 08:00:00,0.032349,0.034421,0.032349,0.034417,37849.00,1778759999999,1280.89401200,15,36552.00,1238.53179800,0
2026-05-14 12:00:00,0.034403,0.034422,0.033999,0.034422,86925.00,1778774399999,2960.68950200,17,86925.00,2960.68950200,0
2026-05-14 16:00:00,0.034699,0.034699,0.034683,0.034699,144605.00,1778788799999,5016.89699100,13,47503.00,1647.55469300,0
2026-05-14 20:00:00,0.034698,0.034698,0.033651,0.034667,20392.00,1778803199999,692.15926300,13,4634.00,160.37392700,0
2026-05-15 00:00:00,0.03465,0.036546,0.033741,0.0365,36918.00,1778817599999,1308.06359300,22,34276.00,1216.28241900,0
2026-05-15 04:00:00,0.036501,0.036547,0.036443,0.036547,3499.00,1778831999999,127.69528900,3,3499.00,127.69528900,0
2026-05-15 08:00:00,0.035726,0.036367,0.0352,0.036367,3854.00,1778846399999,138.97474100,3,2741.00,99.68194700,0
2026-05-15 12:00:00,0.0358,0.0358,0.033649,0.03494,6702.00,1778860799999,233.42109100,14,1987.00,68.41768200,0
2026-05-15 16:00:00,0.033649,0.034888,0.033649,0.034388,10785.00,1778875199999,370.87847900,9,10321.00,355.26534300,0
2026-05-15 20:00:00,0.034385,0.0344,0.033149,0.03387,5255.00,1778889599999,178.17043800,8,5019.00,170.34727400,0
2026-05-16 00:00:00,0.03387,0.03387,0.032656,0.033406,9153.00,1778903999999,305.51318000,5,3846.00,128.47947600,0
2026-05-16 04:00:00,0.033407,0.033911,0.032657,0.032657,2101.00,1778918399999,69.98866700,5,475.00,15.98726900,0
2026-05-16 08:00:00,0.033911,0.03419,0.033149,0.033841,4249.00,1778932799999,144.85581300,6,3449.00,117.74948900,0
2026-05-16 12:00:00,0.032657,0.032657,0.032499,0.0325,18854.00,1778947199999,613.15238700,8,15550.00,505.37463100,0
2026-05-16 16:00:00,0.032499,0.0325,0.032498,0.0325,3625.00,1778961599999,117.80887500,6,3625.00,117.80887500,0
2026-05-16 20:00:00,0.032171,0.032171,0.032171,0.032171,243.00,1778975999999,7.81755300,1,0.00,0.00000000,0
2026-05-17 00:00:00,0.03217,0.03217,0.03,0.031465,20291.00,1778990399999,634.72761800,19,9424.00,298.69719600,0
2026-05-17 04:00:00,0.031916,0.031917,0.031916,0.031917,6955.00,1779004799999,221.97898800,2,6955.00,221.97898800,0
2026-05-17 08:00:00,0.031789,0.031938,0.031789,0.031938,484.00,1779019199999,15.43236400,2,484.00,15.43236400,0
2026-05-17 12:00:00,0.03194,0.03194,0.031224,0.031829,1131.00,1779033599999,35.93224700,4,948.00,30.21825500,0
2026-05-17 16:00:00,0.031829,0.031829,0.031829,0.031829,0.00,1779047999999,0.00000000,0,0.00,0.00000000,0
2026-05-17 20:00:00,0.032081,0.032409,0.030301,0.030301,22555.00,1779062399999,710.01245700,21,10302.00,329.51136100,0
2026-05-18 00:00:00,0.030301,0.030997,0.030301,0.030997,44786.00,1779076799999,1376.22262300,19,41486.00,1276.22932300,0
2026-05-18 04:00:00,0.031465,0.03194,0.030763,0.030959,11996.00,1779091199999,370.60318000,15,505.00,16.00905000,0
2026-05-18 08:00:00,0.030889,0.03169,0.03085,0.03151,16260.00,1779105599999,501.77478900,4,189.00,5.97231000,0
2026-05-18 12:00:00,0.03194,0.032413,0.03085,0.031903,172144.00,1779119999999,5329.68061900,84,17642.00,563.20054700,0
2026-05-18 16:00:00,0.03085,0.031353,0.03031,0.03031,29324.00,1779134399999,905.15194900,15,2387.00,74.81254700,0
2026-05-18 20:00:00,0.031451,0.031453,0.031266,0.031453,4596.00,1779148799999,144.34593000,3,4596.00,144.34593000,0
2026-05-19 00:00:00,0.031457,0.031457,0.031329,0.031329,700.00,1779163199999,21.97120400,3,700.00,21.97120400,0
2026-05-19 04:00:00,0.031465,0.03194,0.031465,0.03194,505.00,1779177599999,16.00905000,2,505.00,16.00905000,0
2026-05-19 08:00:00,0.032416,0.032416,0.032404,0.032404,202.00,1779191999999,6.54618400,2,202.00,6.54618400,0
2026-05-19 12:00:00,0.032421,0.033406,0.031695,0.03308,40291.00,1779206399999,1331.50284000,23,39772.00,1314.87966900,0
2026-05-19 16:00:00,0.032171,0.032171,0.032171,0.032171,243.00,1779220799999,7.81755300,1,0.00,0.00000000,0
2026-05-19 20:00:00,0.032838,0.032838,0.032,0.032002,1630.00,1779235199999,52.85003800,5,364.00,11.95303200,0
2026-05-20 00:00:00,0.032762,0.03441,0.031693,0.03441,56582.00,1779249599999,1908.14361500,20,55555.00,1875.31389100,0
2026-05-20 04:00:00,0.03442,0.036547,0.03442,0.036547,155491.00,1779263999999,5404.42685700,21,155491.00,5404.42685700,0
2026-05-20 08:00:00,0.035726,0.03637,0.03,0.034159,78050.00,1779278399999,2540.98190800,129,11447.00,380.32733800,0
2026-05-20 12:00:00,0.035467,0.036,0.034678,0.03468,7536.00,1779292799999,269.08525300,8,6547.00,234.78773700,0
2026-05-20 16:00:00,0.035605,0.035605,0.034156,0.034296,5067.00,1779307199999,175.12094900,6,3612.00,124.79476100,0
2026-05-20 20:00:00,0.034298,0.034555,0.033815,0.034555,2455.00,1779321599999,84.35027400,4,2309.00,79.41328400,0
2026-05-21 00:00:00,0.034342,0.03442,0.032174,0.032627,8813.00,1779335999999,294.15918900,11,3869.00,132.87500300,0
2026-05-21 04:00:00,0.034175,0.034982,0.033148,0.034982,16569.00,1779350399999,558.18043600,13,6338.00,218.61691400,0
2026-05-21 08:00:00,0.035428,0.036004,0.034723,0.036004,3478.00,1779364799999,122.51888700,4,2291.00,81.30268600,0
2026-05-21 12:00:00,0.036542,0.036542,0.035094,0.035274,185718.00,1779379199999,6543.28958400,26,96775.00,3412.91157900,0
2026-05-21 16:00:00,0.03574,0.035991,0.034672,0.034672,2805.00,1779393599999,100.28513700,6,2579.00,92.44926500,0
2026-05-21 20:00:00,0.035276,0.035437,0.035192,0.035347,5185.00,1779407999999,183.18425500,6,5185.00,183.18425500,0
2026-05-22 00:00:00,0.035176,0.035176,0.033875,0.034941,9269.00,1779422399999,320.78003400,13,6736.00,234.59379900,0
2026-05-22 04:00:00,0.035304,0.035304,0.035057,0.035236,14322.00,1779436799999,502.88924600,8,14322.00,502.88924600,0
2026-05-22 08:00:00,0.035139,0.035139,0.035139,0.035139,142.00,1779451199999,4.98973800,1,142.00,4.98973800,0
2026-05-22 12:00:00,0.034857,0.034857,0.033321,0.033656,18729.00,1779465599999,632.79403900,23,7014.00,239.61185400,0
2026-05-22 16:00:00,0.03315,0.03315,0.03315,0.03315,3016.00,1779479999999,99.98040000,1,0.00,0.00000000,0
2026-05-22 20:00:00,0.033472,0.033472,0.032171,0.032179,9779.00,1779494399999,317.83125200,9,4236.00,138.24033900,0
2026-05-23 00:00:00,0.032177,0.032462,0.032101,0.032138,16876.00,1779508799999,542.45500100,8,10647.00,342.49787200,0
2026-05-23 04:00:00,0.032413,0.032413,0.03149,0.03149,18548.00,1779523199999,592.34839800,6,9254.00,299.60359800,0
2026-05-23 08:00:00,0.03108,0.032153,0.03108,0.032027,11083.00,1779537599999,354.48432900,5,10922.00,349.48044900,0
2026-05-23 12:00:00,0.031796,0.032075,0.031796,0.031923,7177.00,1779551999999,229.74752000,5,7177.00,229.74752000,0
2026-05-23 16:00:00,0.030516,0.032225,0.030002,0.031651,24055.00,1779566399999,761.44882400,10,19016.00,609.06839600,0
2026-05-23 20:00:00,0.031244,0.032217,0.03002,0.032098,7875.00,1779580799999,252.70255000,8,7677.00,246.66255000,0
2026-05-24 00:00:00,0.032087,0.032087,0.030394,0.031299,8329.00,1779595199999,263.15114700,7,8267.00,261.26671900,0
2026-05-24 04:00:00,0.03206,0.03206,0.03206,0.03206,1059.00,1779609599999,33.95154000,1,1059.00,33.95154000,0
2026-05-24 08:00:00,0.03095,0.03095,0.030762,0.030794,35571.00,1779623999999,1100.13113800,9,0.00,0.00000000,0
2026-05-24 12:00:00,0.030762,0.030954,0.030586,0.03087,20460.00,1779638399999,629.89107400,9,3226.00,99.85760400,0
2026-05-24 16:00:00,0.030999,0.030999,0.030999,0.030999,28480.00,1779652799999,882.85152000,3,28480.00,882.85152000,0
2026-05-24 20:00:00,0.03026,0.031162,0.03026,0.031162,2418.00,1779667199999,73.61954800,4,482.00,15.00424400,0
2026-05-25 00:00:00,0.031262,0.032172,0.031262,0.032172,2508.00,1779681599999,79.71679600,3,948.00,29.91847600,0
2026-05-25 04:00:00,0.032454,0.034562,0.032454,0.03283,50736.00,1779695999999,1690.19903800,12,49868.00,1661.70259800,0
2026-05-25 08:00:00,0.034856,0.034858,0.034562,0.034562,3052.00,1779710399999,106.33429800,3,2893.00,100.83894000,0
2026-05-25 12:00:00,0.03393,0.03393,0.031781,0.031781,14119.00,1779724799999,454.05967100,14,883.00,29.94193100,0
2026-05-25 16:00:00,0.031788,0.032907,0.031788,0.032907,2344.00,1779739199999,74.83376100,3,334.00,10.93988100,0
2026-05-25 20:00:00,0.032425,0.032879,0.03103,0.032762,16044.00,1779753599999,521.38757700,11,13098.00,429.93401500,0
2026-05-26 00:00:00,0.032629,0.033208,0.031843,0.031843,3984.00,1779767999999,127.81286900,4,3984.00,127.81286900,0
2026-05-26 04:00:00,0.032672,0.032996,0.031316,0.032996,29649.00,1779782399999,969.05218800,14,26433.00,868.29837200,0
2026-05-26 08:00:00,0.032996,0.032996,0.032996,0.032996,0.00,1779796799999,0.00000000,0,0.00,0.00000000,0
2026-05-26 12:00:00,0.031388,0.033192,0.031167,0.032402,3019.00,1779811199999,95.33482400,6,527.00,17.19988400,0
2026-05-26 16:00:00,0.032401,0.032473,0.031255,0.031255,31073.00,1779825599999,996.69694600,7,2767.00,89.85279100,0
2026-05-26 20:00:00,0.033043,0.033043,0.033043,0.033043,604.00,1779839999999,19.95797200,1,604.00,19.95797200,0
2026-05-27 00:00:00,0.033208,0.033213,0.032051,0.032051,28830.00,1779854399999,926.09516000,14,753.00,24.82346000,0
2026-05-27 04:00:00,0.032127,0.03277,0.032127,0.03277,3180.00,1779868799999,103.59389200,2,3180.00,103.59389200,0
2026-05-27 08:00:00,0.032634,0.032634,0.031251,0.032065,7770.00,1779883199999,247.72132400,7,5245.00,168.78446400,0
2026-05-27 12:00:00,0.03125,0.031532,0.03125,0.031532,10208.00,1779897599999,319.89337600,2,3168.00,99.89337600,0
2026-05-27 16:00:00,0.031805,0.032223,0.031805,0.032223,2489.00,1779911999999,79.87491700,2,2489.00,79.87491700,0
2026-05-27 20:00:00,0.031708,0.031708,0.031157,0.031695,37440.00,1779926399999,1182.41758100,12,8462.00,268.29260800,0
2026-05-28 00:00:00,0.031848,0.03222,0.031172,0.031835,8191.00,1779940799999,259.28090200,8,8042.00,254.63627400,0
2026-05-28 04:00:00,0.031552,0.031553,0.031529,0.031529,9950.00,1779955199999,313.93753800,4,9950.00,313.93753800,0
2026-05-28 08:00:00,0.031001,0.031487,0.031,0.031,2819.00,1779969599999,87.87817200,5,1112.00,34.96027100,0
2026-05-28 12:00:00,0.031194,0.031561,0.031194,0.031508,6819.00,1779983999999,213.75959900,8,6819.00,213.75959900,0
2026-05-28 16:00:00,0.030593,0.031653,0.03026,0.031653,8732.00,1779998399999,274.36232400,9,7478.00,236.36264200,0
2026-05-28 20:00:00,0.032158,0.032236,0.031746,0.031746,2632.00,1780012799999,84.57562200,4,2632.00,84.57562200,0
2026-05-29 00:00:00,0.032371,0.032371,0.032025,0.032195,2786.00,1780027199999,89.83423200,3,2786.00,89.83423200,0
2026-05-29 04:00:00,0.032258,0.032258,0.032173,0.032203,5273.00,1780041599999,169.74734400,3,5273.00,169.74734400,0
2026-05-29 08:00:00,0.030388,0.032498,0.030388,0.032038,13684.00,1780055999999,441.55452500,9,2036.00,65.98627300,0
2026-05-29 12:00:00,0.030371,0.032037,0.030371,0.032012,5780.00,1780070399999,177.24926000,7,780.00,24.97326000,0
2026-05-29 16:00:00,0.032036,0.032036,0.032032,0.032032,2742.00,1780084799999,87.83635200,2,2742.00,87.83635200,0
2026-05-29 20:00:00,0.032032,0.032501,0.032027,0.032408,3713.00,1780099199999,119.66106900,5,3401.00,109.66708500,0
2026-05-30 00:00:00,0.032193,0.033839,0.03217,0.033838,16035.00,1780113599999,533.69168900,16,15465.00,514.40402900,0
2026-05-30 04:00:00,0.03393,0.03393,0.031517,0.031551,3202.00,1780127999999,105.15793100,3,1751.00,59.41143000,0
2026-05-30 08:00:00,0.031606,0.031606,0.031606,0.031606,786.00,1780142399999,24.84231600,1,0.00,0.00000000,0
2026-05-30 12:00:00,0.031606,0.031606,0.031606,0.031606,0.00,1780156799999,0.00000000,0,0.00,0.00000000,0
2026-05-30 16:00:00,0.031606,0.031606,0.031606,0.031606,0.00,1780171199999,0.00000000,0,0.00,0.00000000,0
2026-05-30 20:00:00,0.031606,0.031606,0.031606,0.031606,0.00,1780185599999,0.00000000,0,0.00,0.00000000,0
2026-05-31 00:00:00,0.03353,0.034633,0.03353,0.03354,6050.00,1780199999999,205.96983100,5,5906.00,201.14007100,0
2026-05-31 04:00:00,0.034282,0.034614,0.033873,0.033873,4927.00,1780214399999,169.38752200,5,4927.00,169.38752200,0
2026-05-31 08:00:00,0.033586,0.03382,0.033586,0.03382,918.00,1780228799999,30.90097800,2,918.00,30.90097800,0
2026-05-31 12:00:00,0.033819,0.033819,0.032689,0.032689,16577.00,1780243199999,553.26957200,8,16446.00,548.98731300,0
2026-05-31 16:00:00,0.033644,0.033937,0.032697,0.032697,36493.00,1780257599999,1231.00040200,18,35659.00,1202.97580400,0
2026-05-31 20:00:00,0.034342,0.034342,0.034191,0.034191,7879.00,1780271999999,270.15480800,4,7879.00,270.15480800,0
2026-06-01 00:00:00,0.032792,0.034345,0.03267,0.034339,36129.00,1780286399999,1191.99592800,43,5080.00,174.03595500,0
2026-06-01 04:00:00,0.033697,0.033697,0.033349,0.033682,727.00,1780300799999,24.39532000,4,0.00,0.00000000,0
2026-06-01 08:00:00,0.033682,0.033964,0.033336,0.033935,14238.00,1780315199999,481.84519300,6,10315.00,350.04113700,0
2026-06-01 12:00:00,0.03336,0.033882,0.033333,0.033601,15758.00,1780329599999,526.96871300,10,3455.00,116.64863300,0
2026-06-01 16:00:00,0.033623,0.033623,0.033371,0.033371,2541.00,1780343999999,84.87055500,2,2541.00,84.87055500,0
2026-06-01 20:00:00,0.033521,0.033547,0.032663,0.033422,3457.00,1780358399999,115.60700500,8,3372.00,112.83065000,0
2026-06-02 00:00:00,0.0332,0.033682,0.033166,0.033239,6703.00,1780372799999,222.70891300,11,5167.00,171.71371300,0
2026-06-02 04:00:00,0.033239,0.033239,0.033239,0.033239,0.00,1780387199999,0.00000000,0,0.00,0.00000000,0
2026-06-02 08:00:00,0.033232,0.03354,0.032662,0.03354,3973.00,1780401599999,132.00067600,4,3907.00,129.84498400,0
2026-06-02 12:00:00,0.033493,0.033493,0.032662,0.032662,7826.00,1780415999999,255.81142100,2,239.00,8.00482700,0
2026-06-02 16:00:00,0.032549,0.032731,0.032199,0.032199,19710.00,1780430399999,641.67906100,6,19710.00,641.67906100,0
2026-06-02 20:00:00,0.0315,0.03244,0.0315,0.03244,7802.00,1780444799999,247.47176500,8,3035.00,97.31126500,0
2026-06-03 00:00:00,0.032492,0.032668,0.030947,0.031667,8215.00,1780459199999,263.41785900,11,6963.00,224.67221500,0
2026-06-03 04:00:00,0.031497,0.032164,0.031497,0.032164,3542.00,1780473599999,111.81357900,3,3542.00,111.81357900,0
2026-06-03 08:00:00,0.032283,0.032345,0.032283,0.032345,1855.00,1780487999999,59.90407000,3,1855.00,59.90407000,0
2026-06-03 12:00:00,0.032267,0.033538,0.031162,0.031162,41269.00,1780502399999,1316.03980300,20,21390.00,693.84952500,0
2026-06-03 16:00:00,0.032614,0.032614,0.032221,0.032221,6361.00,1780516799999,206.66649800,5,6361.00,206.66649800,0
2026-06-03 20:00:00,0.031557,0.032153,0.031373,0.031374,29780.00,1780531199999,940.22697100,23,21330.00,673.03797100,0
2026-06-04 00:00:00,0.031481,0.031482,0.03,0.031243,20489.00,1780545599999,621.88204100,19,2395.00,74.84926100,0
2026-06-04 04:00:00,0.031243,0.031243,0.031243,0.031243,0.00,1780559999999,0.00000000,0,0.00,0.00000000,0
2026-06-04 08:00:00,0.030002,0.03098,0.03,0.03098,27585.00,1780574399999,829.44440300,19,1933.00,59.88412300,0
2026-06-04 12:00:00,0.030979,0.030981,0.030978,0.030981,7023.00,1780588799999,217.56319600,5,7023.00,217.56319600,0
2026-06-04 16:00:00,0.03098,0.030982,0.03098,0.030982,7479.00,1780603199999,231.70554400,5,7479.00,231.70554400,0
2026-06-04 20:00:00,0.029829,0.030754,0.029829,0.02985,16165.00,1780617599999,484.42219800,12,2077.00,63.87605800,0
2026-06-05 00:00:00,0.0309,0.030968,0.0309,0.030964,5696.00,1780631999999,176.35416500,8,5196.00,160.90416500,0
2026-06-05 04:00:00,0.030965,0.031119,0.030965,0.031119,1932.00,1780646399999,59.87381400,2,1932.00,59.87381400,0
2026-06-05 08:00:00,0.031107,0.031119,0.030754,0.031117,17294.00,1780660799999,538.04378500,10,17294.00,538.04378500,0
2026-06-05 12:00:00,0.031451,0.031451,0.02975,0.030979,35560.00,1780675199999,1080.54019000,35,22204.00,682.60779000,0
2026-06-05 16:00:00,0.029749,0.030411,0.02856,0.02856,97622.00,1780689599999,2895.19311600,59,21244.00,638.61244600,0
2026-06-05 20:00:00,0.030233,0.03074,0.029656,0.03048,6092.00,1780703999999,184.27362500,10,6092.00,184.27362500,0
2026-06-06 00:00:00,0.029747,0.030428,0.029,0.029827,6901.00,1780718399999,204.37798400,21,6777.00,200.73486400,0
2026-06-06 04:00:00,0.029095,0.029516,0.029,0.029516,21858.00,1780732799999,635.17553800,25,2434.00,71.84153800,0
2026-06-06 08:00:00,0.029516,0.030057,0.029002,0.030057,8885.00,1780747199999,263.68614500,11,7263.00,216.64490100,0
2026-06-06 12:00:00,0.030046,0.030048,0.029626,0.029774,7744.00,1780761599999,231.42643200,10,7412.00,221.45049600,0
2026-06-06 16:00:00,0.029774,0.029774,0.029027,0.029027,1808.00,1780775999999,53.08439200,2,808.00,24.05739200,0
2026-06-06 20:00:00,0.029774,0.029906,0.029773,0.029906,10035.00,1780790399999,299.21896000,6,10035.00,299.21896000,0
2026-06-07 00:00:00,0.030097,0.030311,0.030097,0.030311,1340.00,1780804799999,40.54628400,4,1340.00,40.54628400,0
2026-06-07 04:00:00,0.030752,0.030753,0.030699,0.030699,55733.00,1780819199999,1711.33963800,20,7299.00,224.46427200,0
2026-06-07 08:00:00,0.030754,0.030754,0.030754,0.030754,973.00,1780833599999,29.92364200,2,973.00,29.92364200,0
2026-06-07 12:00:00,0.030753,0.030835,0.029427,0.03082,9007.00,1780847999999,276.08364900,12,8007.00,246.57036100,0
2026-06-07 16:00:00,0.030821,0.030821,0.029426,0.029426,32799.00,1780862399999,991.19595100,20,7183.00,221.37053500,0
2026-06-07 20:00:00,0.0291,0.030297,0.0291,0.030297,4812.00,1780876799999,142.88419400,12,3662.00,109.41919400,0
2026-06-08 00:00:00,0.029846,0.030107,0.029846,0.030107,7246.00,1780891199999,218.12321900,6,7246.00,218.12321900,0
2026-06-08 04:00:00,0.030754,0.031729,0.030754,0.031729,2436.00,1780905599999,75.82490500,4,2436.00,75.82490500,0
2026-06-08 08:00:00,0.03157,0.032111,0.03016,0.03016,11465.00,1780919999999,356.97688100,8,6268.00,199.56480600,0
2026-06-08 12:00:00,0.032248,0.032339,0.032155,0.032223,15918.00,1780934399999,513.01710900,22,15918.00,513.01710900,0
2026-06-08 16:00:00,0.032217,0.032218,0.031272,0.032014,16235.00,1780948799999,518.82539800,15,12467.00,399.00299800,0
2026-06-08 20:00:00,0.032011,0.032013,0.032011,0.032013,560.00,1780963199999,17.92634600,2,560.00,17.92634600,0
2026-06-09 00:00:00,0.032012,0.032012,0.032003,0.032003,2670.00,1780977599999,85.46717900,5,2670.00,85.46717900,0
2026-06-09 04:00:00,0.032002,0.032002,0.032001,0.032001,403.00,1780991999999,12.89647600,2,403.00,12.89647600,0
2026-06-09 08:00:00,0.03201,0.03201,0.03201,0.03201,3272.00,1781006399999,104.73672000,2,3272.00,104.73672000,0
2026-06-09 12:00:00,0.03201,0.03201,0.03201,0.03201,4457.00,1781020799999,142.66857000,3,4457.00,142.66857000,0
2026-06-09 16:00:00,0.032008,0.032008,0.031053,0.031997,6494.00,1781035199999,204.22594400,6,2653.00,84.89478700,0
2026-06-09 20:00:00,0.03118,0.031996,0.03118,0.031996,15673.00,1781049599999,498.45764600,12,12487.00,399.11816600,0
2026-06-10 00:00:00,0.031996,0.031997,0.031953,0.031954,519.00,1781063999999,16.59261300,6,519.00,16.59261300,0
2026-06-10 04:00:00,0.031868,0.031868,0.030752,0.030752,5386.00,1781078399999,168.34460000,5,4600.00,144.08180000,0
2026-06-10 08:00:00,0.030815,0.030815,0.030815,0.030815,1242.00,1781092799999,38.27223000,1,0.00,0.00000000,0
2026-06-10 12:00:00,0.031909,0.031909,0.031893,0.031893,808.00,1781107199999,25.77447200,2,808.00,25.77447200,0
2026-06-10 16:00:00,0.031799,0.032011,0.031799,0.032011,22873.00,1781121599999,728.95547800,11,17171.00,547.14150600,0
2026-06-10 20:00:00,0.029783,0.032481,0.029602,0.031677,38754.00,1781135999999,1205.15905100,63,25754.00,818.59602100,0
2026-06-11 00:00:00,0.030613,0.032196,0.030613,0.032175,37042.00,1781150399999,1169.77485800,24,29728.00,939.28120400,0
2026-06-11 04:00:00,0.030993,0.032569,0.030911,0.030911,3869.00,1781164799999,124.31912200,12,3562.00,114.82944500,0
2026-06-11 08:00:00,0.03089,0.032549,0.03089,0.032549,3133.00,1781179199999,101.86461500,4,3067.00,99.82587500,0
2026-06-11 12:00:00,0.031833,0.031833,0.031833,0.031833,3135.00,1781193599999,99.79645500,2,3135.00,99.79645500,0
2026-06-11 16:00:00,0.033209,0.033209,0.033209,0.033209,1022.00,1781207999999,33.93959800,1,1022.00,33.93959800,0
2026-06-11 20:00:00,0.03313,0.03313,0.033122,0.033122,2207.00,1781222399999,73.11552200,3,2207.00,73.11552200,0
2026-06-12 00:00:00,0.029648,0.029648,0.029648,0.029648,583.00,1781236799999,17.28478400,4,0.00,0.00000000,0
2026-06-12 04:00:00,0.033057,0.033057,0.033037,0.033038,5208.00,1781251199999,172.05964200,4,5208.00,172.05964200,0
2026-06-12 08:00:00,0.032037,0.032089,0.032037,0.032089,6229.00,1781265599999,199.71959700,4,6229.00,199.71959700,0
2026-06-12 12:00:00,0.032066,0.032066,0.029801,0.030661,47390.00,1781279999999,1429.95125500,24,8086.00,255.23203000,0
2026-06-12 16:00:00,0.030629,0.030637,0.029857,0.029857,6369.00,1781294399999,191.70912100,5,3044.00,92.43459600,0
2026-06-12 20:00:00,0.02984,0.030253,0.02984,0.030248,5336.00,1781308799999,160.62593400,4,3364.00,101.77076200,0
2026-06-13 00:00:00,0.030248,0.030248,0.030248,0.030248,0.00,1781323199999,0.00000000,0,0.00,0.00000000,0
2026-06-13 04:00:00,0.030728,0.030728,0.030728,0.030728,649.00,1781337599999,19.94247200,1,649.00,19.94247200,0
2026-06-13 08:00:00,0.03025,0.031084,0.030248,0.031046,15460.00,1781351999999,474.52134100,6,9666.00,299.26283500,0
2026-06-13 12:00:00,0.030938,0.030966,0.030937,0.030937,2913.00,1781366399999,90.14611600,4,2913.00,90.14611600,0
2026-06-13 16:00:00,0.030937,0.030937,0.030937,0.030937,0.00,1781380799999,0.00000000,0,0.00,0.00000000,0
2026-06-13 20:00:00,0.030629,0.030629,0.030027,0.030027,1745.00,1781395199999,52.45731500,2,0.00,0.00000000,0
2026-06-14 00:00:00,0.030031,0.030968,0.030031,0.030968,542.00,1781409599999,16.57851600,2,322.00,9.97169600,0
2026-06-14 04:00:00,0.030968,0.030968,0.030968,0.030968,0.00,1781423999999,0.00000000,0,0.00,0.00000000,0
2026-06-14 08:00:00,0.030521,0.030521,0.02993,0.03043,13589.00,1781438399999,411.32287100,8,11057.00,335.40683100,0
2026-06-14 12:00:00,0.02996,0.030378,0.02996,0.030152,8843.00,1781452799999,267.60193800,5,8237.00,249.44617800,0
2026-06-14 16:00:00,0.030153,0.030153,0.030153,0.030153,4977.00,1781467199999,150.07148100,5,0.00,0.00000000,0
2026-06-14 20:00:00,0.030153,0.03112,0.030153,0.03112,14546.00,1781481599999,441.33704500,13,4874.00,149.69722900,0
2026-06-15 00:00:00,0.031049,0.031429,0.0298,0.029802,18212.00,1781495999999,561.21133200,22,13466.00,419.53850900,0
2026-06-15 04:00:00,0.030896,0.030896,0.030896,0.030896,161.00,1781510399999,4.97425600,1,161.00,4.97425600,0
2026-06-15 08:00:00,0.031295,0.031295,0.031295,0.031295,3188.00,1781524799999,99.76846000,3,3188.00,99.76846000,0
2026-06-15 12:00:00,0.031295,0.031295,0.031295,0.031295,0.00,1781539199999,0.00000000,0,0.00,0.00000000,0
2026-06-15 16:00:00,0.031295,0.031295,0.031295,0.031295,0.00,1781553599999,0.00000000,0,0.00,0.00000000,0
2026-06-15 20:00:00,0.031371,0.031372,0.031371,0.031372,2186.00,1781567999999,68.57907800,3,2186.00,68.57907800,0
2026-06-16 00:00:00,0.030411,0.03137,0.030043,0.03137,3265.00,1781582399999,100.34217000,4,1665.00,52.23105000,0
2026-06-16 04:00:00,0.03137,0.03137,0.029836,0.031295,83384.00,1781596799999,2607.84167100,46,797.00,25.00189000,0
2026-06-16 08:00:00,0.03105,0.031052,0.03105,0.031052,3220.00,1781611199999,99.98526600,3,3220.00,99.98526600,0
2026-06-16 12:00:00,0.030247,0.031032,0.030126,0.030622,155620.00,1781625599999,4692.98754800,27,116327.00,3508.65136000,0
2026-06-16 16:00:00,0.030632,0.031062,0.030149,0.031062,18553.00,1781639999999,570.32813100,13,17576.00,540.87255800,0
2026-06-16 20:00:00,0.030126,0.031215,0.029827,0.030125,261790.00,1781654399999,8092.68658600,86,88657.00,2729.79496300,0
2026-06-17 00:00:00,0.031718,0.031719,0.030435,0.031404,18008.00,1781668799999,558.94427000,12,17236.00,535.44845000,0
2026-06-17 04:00:00,0.030964,0.030964,0.030964,0.030964,37077.00,1781683199999,1148.05222800,14,3551.00,109.95316400,0
2026-06-17 08:00:00,0.031322,0.031322,0.029801,0.03007,4837.00,1781697599999,146.33624300,13,1637.00,50.32984700,0
2026-06-17 12:00:00,0.029802,0.030964,0.029728,0.03025,33274.00,1781711999999,1021.97321200,27,7366.00,224.07938400,0
2026-06-17 16:00:00,0.030669,0.030671,0.02977,0.02977,5130.00,1781726399999,154.33528600,4,1794.00,55.02256600,0
2026-06-17 20:00:00,0.030228,0.030964,0.029764,0.02999,52492.00,1781740799999,1612.05137800,34,18496.00,564.85666200,0
2026-06-18 00:00:00,0.02999,0.02999,0.02999,0.02999,0.00,1781755199999,0.00000000,0,0.00,0.00000000,0
2026-06-18 04:00:00,0.03033,0.03033,0.03033,0.03033,1645.00,1781769599999,49.89285000,2,1645.00,49.89285000,0
2026-06-18 08:00:00,0.030908,0.032497,0.030908,0.032496,151571.00,1781783999999,4868.83220200,52,44868.00,1413.70072400,0
2026-06-18 12:00:00,0.032157,0.032157,0.03,0.03,12226.00,1781798399999,370.91241000,10,150.00,4.82355000,0
2026-06-18 16:00:00,0.03131,0.031314,0.03,0.031314,26065.00,1781812799999,792.04182600,7,7695.00,240.94182600,0
2026-06-18 20:00:00,0.031267,0.031268,0.031267,0.031268,3192.00,1781827199999,99.80546400,2,3192.00,99.80546400,0
2026-06-19 00:00:00,0.031203,0.031204,0.03,0.031107,43928.00,1781841599999,1323.49933200,24,4806.00,149.83933200,0
2026-06-19 04:00:00,0.031107,0.031107,0.031107,0.031107,0.00,1781855999999,0.00000000,0,0.00,0.00000000,0
2026-06-19 08:00:00,0.029751,0.031088,0.02975,0.031088,1578.00,1781870399999,47.07422300,3,96.00,2.98444800,0
2026-06-19 12:00:00,0.02975,0.030752,0.02975,0.0306,11993.00,1781884799999,363.74489600,8,6968.00,214.25114600,0
2026-06-19 16:00:00,0.03,0.031119,0.029522,0.029522,22402.00,1781899199999,680.33715000,17,17386.00,527.05127000,0
2026-06-19 20:00:00,0.0297,0.030731,0.0297,0.030731,31257.00,1781913599999,929.46700000,18,1100.00,33.80410000,0
2026-06-20 00:00:00,0.03072,0.030724,0.0296,0.030711,15435.00,1781927999999,473.28064200,15,14642.00,449.80708400,0
2026-06-20 04:00:00,0.02967,0.029802,0.02967,0.029802,67315.00,1781942399999,1997.45701800,36,1674.00,49.88854800,0
2026-06-20 08:00:00,0.029501,0.030037,0.0295,0.030037,2250.00,1781956799999,67.25322500,5,1741.00,52.23741700,0
2026-06-20 12:00:00,0.030038,0.030038,0.030038,0.030038,3323.00,1781971199999,99.81627400,2,3323.00,99.81627400,0
2026-06-20 16:00:00,0.030085,0.030085,0.030085,0.030085,49873.00,1781985599999,1500.42920500,29,5447.00,163.87299500,0
2026-06-20 20:00:00,0.030085,0.030085,0.030085,0.030085,52301.00,1781999999999,1573.47558500,28,0.00,0.00000000,0
2026-06-21 00:00:00,0.030085,0.030085,0.030085,0.030085,0.00,1782014399999,0.00000000,0,0.00,0.00000000,0
2026-06-21 04:00:00,0.030729,0.030729,0.030729,0.030729,500.00,1782028799999,15.36450000,1,500.00,15.36450000,0
2026-06-21 08:00:00,0.030696,0.030696,0.030696,0.030696,390.00,1782043199999,11.97144000,1,390.00,11.97144000,0
2026-06-21 12:00:00,0.030696,0.030696,0.030696,0.030696,0.00,1782057599999,0.00000000,0,0.00,0.00000000,0
2026-06-21 16:00:00,0.030696,0.030696,0.030696,0.030696,0.00,1782071999999,0.00000000,0,0.00,0.00000000,0
2026-06-21 20:00:00,0.030752,0.030753,0.028982,0.02933,75919.00,1782086399999,2290.20383200,24,36076.00,1067.50417300,0
2026-06-22 00:00:00,0.02933,0.029333,0.02933,0.029333,74641.00,1782100799999,2189.25033200,6,64707.00,1897.85631000,0
2026-06-22 04:00:00,0.02933,0.02933,0.02933,0.02933,13018.00,1782115199999,381.81794000,1,0.00,0.00000000,0
2026-06-22 08:00:00,0.029334,0.029334,0.02933,0.02933,92418.00,1782129599999,2710.88163600,58,0.00,0.00000000,0
2026-06-22 12:00:00,0.02933,0.02933,0.029318,0.029318,15745.00,1782143999999,461.79267800,9,681.00,19.96555800,0
2026-06-22 16:00:00,0.029317,0.029496,0.029057,0.029496,3137.00,1782158399999,92.03294500,4,2800.00,82.24073600,0
2026-06-22 20:00:00,0.029333,0.029608,0.029333,0.029608,40087.00,1782172799999,1175.96464600,21,337.00,9.97789600,0
2026-06-23 00:00:00,0.029599,0.029599,0.029588,0.029599,741.00,1782187199999,21.92915200,3,741.00,21.92915200,0
2026-06-23 04:00:00,0.02962,0.02962,0.029602,0.029602,4315.00,1782201599999,127.75991800,2,4315.00,127.75991800,0
2026-06-23 08:00:00,0.028859,0.028863,0.028859,0.028863,2489.00,1782215999999,71.83395500,2,0.00,0.00000000,0
2026-06-23 12:00:00,0.028052,0.029367,0.028052,0.029367,5909.00,1782230399999,170.42935700,5,3909.00,114.31735700,0
2026-06-23 16:00:00,0.029272,0.029272,0.029272,0.029272,1227.00,1782244799999,35.91674400,2,1227.00,35.91674400,0
2026-06-23 20:00:00,0.029398,0.029514,0.029398,0.029514,1050.00,1782259199999,30.93452700,3,1050.00,30.93452700,0
2026-06-24 00:00:00,0.029833,0.029833,0.029833,0.029833,3345.00,1782273599999,99.79138500,1,3345.00,99.79138500,0
2026-06-24 04:00:00,0.030089,0.030092,0.030065,0.030065,3490.00,1782287999999,104.95185500,3,3490.00,104.95185500,0
2026-06-24 08:00:00,0.030065,0.030065,0.030065,0.030065,0.00,1782302399999,0.00000000,0,0.00,0.00000000,0
2026-06-24 12:00:00,0.02879,0.029379,0.028663,0.028663,25717.00,1782316799999,752.92591100,9,24570.00,719.96884500,0
2026-06-24 16:00:00,0.028586,0.028786,0.028586,0.028759,8903.00,1782331199999,255.56139400,7,8903.00,255.56139400,0
2026-06-24 20:00:00,0.028082,0.02817,0.028082,0.02817,1729.00,1782345599999,48.57217800,3,0.00,0.00000000,0
2026-06-25 00:00:00,0.028878,0.029,0.028878,0.028991,12230.00,1782359999999,354.54355200,7,12230.00,354.54355200,0
2026-06-25 04:00:00,0.028991,0.028991,0.028991,0.028991,0.00,1782374399999,0.00000000,0,0.00,0.00000000,0
2026-06-25 08:00:00,0.028991,0.028991,0.028991,0.028991,0.00,1782388799999,0.00000000,0,0.00,0.00000000,0
2026-06-25 12:00:00,0.028999,0.028999,0.02824,0.02886,5981.00,1782403199999,172.80898200,5,5307.00,153.77522200,0
2026-06-25 16:00:00,0.028754,0.028956,0.028754,0.028956,3674.00,1782417599999,106.33869200,2,3674.00,106.33869200,0
2026-06-25 20:00:00,0.028858,0.028858,0.028598,0.028598,1560.00,1782431999999,44.92774000,2,1560.00,44.92774000,0
2026-06-26 00:00:00,0.02815,0.02815,0.02815,0.02815,2648.00,1782446399999,74.54120000,3,0.00,0.00000000,0
2026-06-26 04:00:00,0.02845,0.028505,0.02845,0.028505,2786.00,1782460799999,79.35800500,3,2786.00,79.35800500,0
2026-06-26 08:00:00,0.028424,0.028479,0.028424,0.028478,1048.00,1782475199999,29.83531700,3,1048.00,29.83531700,0
2026-06-26 12:00:00,0.02854,0.028547,0.028005,0.028469,4271.00,1782489599999,121.27757900,6,3303.00,94.16873900,0
2026-06-26 16:00:00,0.028,0.028501,0.028,0.028501,4217.00,1782503999999,118.95325100,5,1751.00,49.90525100,0
2026-06-26 20:00:00,0.028114,0.028546,0.028,0.028546,3477.00,1782518399999,97.90483600,11,3199.00,90.12061700,0
2026-06-27 00:00:00,0.028509,0.02851,0.028461,0.028461,10561.00,1782532799999,301.01264100,7,10561.00,301.01264100,0
2026-06-27 04:00:00,0.028389,0.028389,0.028001,0.028001,10857.00,1782547199999,304.07475700,5,175.00,4.96807500,0
2026-06-27 08:00:00,0.028001,0.028538,0.028001,0.02853,4492.00,1782561599999,127.70388300,7,3824.00,108.99921500,0
2026-06-27 12:00:00,0.028563,0.028589,0.028552,0.028575,15592.00,1782575999999,445.44675500,6,12591.00,359.69318000,0
2026-06-27 16:00:00,0.028503,0.028503,0.028388,0.028393,3868.00,1782590399999,109.85666400,3,3868.00,109.85666400,0
2026-06-27 20:00:00,0.028001,0.028001,0.028001,0.028001,553.00,1782604799999,15.48455300,3,0.00,0.00000000,0
2026-06-28 00:00:00,0.02841,0.028999,0.02841,0.028801,3853.00,1782619199999,110.25405000,7,3853.00,110.25405000,0
2026-06-28 04:00:00,0.028983,0.028983,0.028982,0.028982,717.00,1782633599999,20.78061100,2,717.00,20.78061100,0
2026-06-28 08:00:00,0.028978,0.028997,0.028977,0.028997,1871.00,1782647999999,54.23092300,3,1871.00,54.23092300,0
2026-06-28 12:00:00,0.028001,0.028998,0.028,0.028998,2721.00,1782662399999,77.90570000,4,1721.00,49.90555800,0
2026-06-28 16:00:00,0.0286,0.028999,0.028,0.028,2422.00,1782676799999,68.60909300,6,967.00,27.86909300,0
2026-06-28 20:00:00,0.028,0.028,0.028,0.028,0.00,1782691199999,0.00000000,0,0.00,0.00000000,0
2026-06-29 00:00:00,0.028701,0.028998,0.0281,0.0281,12951.00,1782705599999,374.51985600,9,12062.00,349.53895600,0
2026-06-29 04:00:00,0.0281,0.028997,0.0281,0.0281,6843.00,1782719999999,192.90633300,9,689.00,19.97893300,0
2026-06-29 08:00:00,0.0281,0.028996,0.028,0.028995,2155.00,1782734399999,61.24282500,5,775.00,22.47162500,0
2026-06-29 12:00:00,0.028989,0.028989,0.028988,0.028989,4297.00,1782748799999,124.56250800,3,4297.00,124.56250800,0
2026-06-29 16:00:00,0.028989,0.028989,0.028989,0.028989,0.00,1782763199999,0.00000000,0,0.00,0.00000000,0
2026-06-29 20:00:00,0.028001,0.028001,0.028001,0.028001,1783.00,1782777599999,49.92578300,2,0.00,0.00000000,0
2026-06-30 00:00:00,0.028001,0.02865,0.028001,0.02865,1419.00,1782791999999,40.29762200,4,1017.00,29.04122000,0
2026-06-30 04:00:00,0.028556,0.028556,0.027503,0.027505,2965.00,1782806399999,82.86248900,11,772.00,22.02039300,0
2026-06-30 08:00:00,0.027506,0.028357,0.027506,0.028322,2229.00,1782820799999,62.64801400,7,1585.00,44.93415000,0
2026-06-30 12:00:00,0.02831,0.028311,0.027648,0.027648,4071.00,1782835199999,114.89462400,4,3530.00,99.93705600,0
2026-06-30 16:00:00,0.028422,0.028423,0.028422,0.028423,175.00,1782849599999,4.97393600,2,175.00,4.97393600,0
2026-06-30 20:00:00,0.028595,0.028647,0.028543,0.028647,1155.00,1782863999999,33.03762500,3,1155.00,33.03762500,0
2026-07-01 00:00:00,0.028996,0.028999,0.02842,0.028999,11124.00,1782878399999,321.55847000,8,11124.00,321.55847000,0
2026-07-01 04:00:00,0.028996,0.028996,0.028995,0.028995,1240.00,1782892799999,35.95466100,2,1240.00,35.95466100,0
2026-07-01 08:00:00,0.028986,0.028988,0.028986,0.028986,2009.00,1782907199999,58.23342600,3,2009.00,58.23342600,0
2026-07-01 12:00:00,0.028981,0.028981,0.028969,0.028969,5806.00,1782921599999,168.20744800,7,5806.00,168.20744800,0
2026-07-01 16:00:00,0.028968,0.028968,0.027,0.027157,199600.00,1782935999999,5425.43622900,24,138472.00,3739.48599200,0
2026-07-01 20:00:00,0.028313,0.028344,0.028309,0.028344,1507.00,1782950399999,42.68068400,4,1507.00,42.68068400,0
2026-07-02 00:00:00,0.028342,0.028342,0.028342,0.028342,3522.00,1782964799999,99.82052400,1,3522.00,99.82052400,0
2026-07-02 04:00:00,0.028356,0.028356,0.028356,0.028356,10982.00,1782979199999,311.40559200,4,10982.00,311.40559200,0
2026-07-02 08:00:00,0.028465,0.028546,0.028465,0.028546,1751.00,1782993599999,49.92434900,2,1751.00,49.92434900,0
2026-07-02 12:00:00,0.028948,0.028961,0.027332,0.028928,7134.00,1783007999999,202.53828100,8,4447.00,128.76777100,0
2026-07-02 16:00:00,0.028978,0.028978,0.02749,0.02749,406539.00,1783022399999,11176.26898200,11,406539.00,11176.26898200,0
2026-07-02 20:00:00,0.028858,0.028874,0.028806,0.028872,4234.00,1783036799999,122.22624800,4,4234.00,122.22624800,0
2026-07-03 00:00:00,0.028919,0.028919,0.028873,0.028882,18105.00,1783051199999,523.06532000,6,18105.00,523.06532000,0
2026-07-03 04:00:00,0.028882,0.028882,0.028882,0.028882,0.00,1783065599999,0.00000000,0,0.00,0.00000000,0
2026-07-03 08:00:00,0.028814,0.028814,0.028814,0.028814,3465.00,1783079999999,99.84051000,1,3465.00,99.84051000,0
2026-07-03 12:00:00,0.028821,0.028821,0.028255,0.028255,11266.00,1783094399999,324.50894200,6,11088.00,319.47955200,0
2026-07-03 16:00:00,0.028614,0.028614,0.027725,0.027725,4352.00,1783108799999,122.46489400,5,872.00,24.95140800,0
2026-07-03 20:00:00,0.028677,0.028773,0.027727,0.027727,644.00,1783123199999,18.30626600,4,470.00,13.48176800,0
2026-07-04 00:00:00,0.028689,0.028689,0.028346,0.028381,5059.00,1783137599999,143.87799700,8,1183.00,33.93908700,0
2026-07-04 04:00:00,0.028689,0.028955,0.028689,0.028955,34134.00,1783151999999,980.48719600,10,20571.00,590.66461500,0
2026-07-04 08:00:00,0.028971,0.028971,0.027676,0.027676,320.00,1783166399999,8.99100000,2,104.00,3.01298400,0
2026-07-04 12:00:00,0.027813,0.028999,0.027813,0.028999,8167.00,1783180799999,235.30975300,3,6884.00,199.62567400,0
2026-07-04 16:00:00,0.029,0.029,0.029,0.029,3855.00,1783195199999,111.79500000,2,3855.00,111.79500000,0
2026-07-04 20:00:00,0.029,0.029,0.029,0.029,1517.00,1783209599999,43.99300000,4,1517.00,43.99300000,0
2026-07-05 00:00:00,0.028972,0.028988,0.028918,0.028918,3624.00,1783223999999,105.00213800,4,3624.00,105.00213800,0
2026-07-05 04:00:00,0.028975,0.028975,0.028975,0.028975,3444.00,1783238399999,99.78990000,1,3444.00,99.78990000,0
2026-07-05 08:00:00,0.028975,0.028975,0.028975,0.028975,0.00,1783252799999,0.00000000,0,0.00,0.00000000,0
2026-07-05 12:00:00,0.028899,0.028969,0.028899,0.028969,2033.00,1783267199999,58.82397700,2,2033.00,58.82397700,0
2026-07-05 16:00:00,0.0289,0.02895,0.0289,0.02895,35595.00,1783281599999,1028.74550000,13,1000.00,28.95000000,0
2026-07-05 20:00:00,0.028966,0.028966,0.028962,0.028962,689.00,1783295999999,19.95619400,2,689.00,19.95619400,0
2026-07-06 00:00:00,0.028927,0.028953,0.02812,0.02812,12088.00,1783310399999,348.39425800,5,10702.00,309.41993800,0
2026-07-06 04:00:00,0.0287,0.0287,0.027974,0.027974,18439.00,1783324799999,528.16455200,8,0.00,0.00000000,0
2026-07-06 08:00:00,0.027973,0.027973,0.027754,0.027773,6504.00,1783339199999,180.71970700,7,0.00,0.00000000,0
2026-07-06 12:00:00,0.027773,0.027773,0.027773,0.027773,0.00,1783353599999,0.00000000,0,0.00,0.00000000,0
2026-07-06 16:00:00,0.028445,0.028445,0.028299,0.0283,17623.00,1783367999999,499.23617800,6,14090.00,399.25227800,0
2026-07-06 20:00:00,0.0283,0.0283,0.027755,0.027755,1065.00,1783382399999,29.75091500,3,352.00,9.96160000,0
2026-07-07 00:00:00,0.028294,0.028294,0.0275,0.0275,4077.00,1783396799999,112.82302200,5,600.00,16.96934000,0
2026-07-07 04:00:00,0.0275,0.0275,0.0275,0.0275,0.00,1783411199999,0.00000000,0,0.00,0.00000000,0
2026-07-07 08:00:00,0.025188,0.028281,0.025188,0.028281,2175.00,1783425599999,57.05992800,3,654.00,18.49577400,0
2026-07-07 12:00:00,0.026088,0.0283,0.026088,0.0283,5458.00,1783439999999,152.21412400,5,4458.00,126.12612400,0
2026-07-07 16:00:00,0.028259,0.028259,0.025205,0.025296,5691.00,1783454399999,145.67422400,9,176.00,4.97358400,0
2026-07-07 20:00:00,0.0278,0.028241,0.025572,0.026059,16043.00,1783468799999,442.36831100,14,3612.00,101.77605900,0
2026-07-08 00:00:00,0.028218,0.028265,0.028207,0.028207,5448.00,1783483199999,153.74084900,6,5448.00,153.74084900,0
2026-07-08 04:00:00,0.027658,0.027658,0.027175,0.027175,19829.00,1783497599999,538.92359300,3,16331.00,443.79492500,0
2026-07-08 08:00:00,0.027,0.027032,0.025737,0.027032,3905.00,1783511999999,102.47799600,5,184.00,4.97388800,0
2026-07-08 12:00:00,0.027032,0.027032,0.027032,0.027032,0.00,1783526399999,0.00000000,0,0.00,0.00000000,0
2026-07-08 16:00:00,0.027032,0.028239,0.027032,0.027563,1764.00,1783540799999,47.99207400,3,354.00,9.87695400,0
2026-07-08 20:00:00,0.028179,0.028179,0.027032,0.027441,4569.00,1783555199999,124.26714100,3,895.00,24.95157300,0
2026-07-09 00:00:00,0.027441,0.02832,0.027032,0.027032,101591.00,1783569599999,2787.65903900,44,352.00,9.96864000,0
2026-07-09 04:00:00,0.027355,0.027531,0.027355,0.027531,3125.00,1783583999999,85.88834100,4,3125.00,85.88834100,0
2026-07-09 08:00:00,0.028039,0.028039,0.028039,0.028039,1068.00,1783598399999,29.94565200,1,1068.00,29.94565200,0
2026-07-09 12:00:00,0.027893,0.027893,0.027033,0.027638,10614.00,1783612799999,288.37992700,5,2324.00,64.27635700,0
2026-07-09 16:00:00,0.027842,0.027842,0.027033,0.027546,12987.00,1783627199999,358.16458900,7,7343.00,203.08056100,0
2026-07-09 20:00:00,0.027032,0.028,0.026761,0.028,21356.00,1783641599999,586.61324000,13,8344.00,231.53640600,0
2026-07-10 00:00:00,0.02836,0.02836,0.028069,0.028069,4477.00,1783655999999,126.80887600,3,4477.00,126.80887600,0
2026-07-10 04:00:00,0.028069,0.028069,0.028069,0.028069,0.00,1783670399999,0.00000000,0,0.00,0.00000000,0
2026-07-10 08:00:00,0.027195,0.027195,0.027195,0.027195,746.00,1783684799999,20.28747000,1,0.00,0.00000000,0
2026-07-10 12:00:00,0.028066,0.028066,0.027199,0.027199,4875.00,1783699199999,135.13656600,4,2939.00,82.47930200,0
2026-07-10 16:00:00,0.027966,0.028061,0.027966,0.028061,2070.00,1783713599999,57.98462000,2,2070.00,57.98462000,0
2026-07-10 20:00:00,0.027929,0.028051,0.027929,0.028037,8096.00,1783727999999,226.63897400,5,8096.00,226.63897400,0
2026-07-11 00:00:00,0.028051,0.028051,0.026806,0.028009,3048.00,1783742399999,83.65994600,5,1603.00,44.92216100,0
2026-07-11 04:00:00,0.028009,0.028009,0.028009,0.028009,0.00,1783756799999,0.00000000,0,0.00,0.00000000,0
2026-07-11 08:00:00,0.027991,0.027991,0.027991,0.027991,428.00,1783771199999,11.98014800,1,428.00,11.98014800,0
2026-07-11 12:00:00,0.028025,0.028025,0.027989,0.027989,2671.00,1783785599999,74.82269900,2,2671.00,74.82269900,0
2026-07-11 16:00:00,0.027964,0.027964,0.027964,0.027964,894.00,1783799999999,24.99981600,1,894.00,24.99981600,0
2026-07-11 20:00:00,0.028068,0.028068,0.028059,0.028059,4268.00,1783814399999,119.76221100,2,4268.00,119.76221100,0
2026-07-12 00:00:00,0.02793,0.027945,0.02793,0.027945,3788.00,1783828799999,105.80630500,3,3788.00,105.80630500,0
2026-07-12 04:00:00,0.027926,0.027926,0.027926,0.027926,715.00,1783843199999,19.96709000,1,715.00,19.96709000,0
2026-07-12 08:00:00,0.028044,0.028044,0.028042,0.028044,2000.00,1783857599999,56.08644800,3,2000.00,56.08644800,0
2026-07-12 12:00:00,0.027899,0.028038,0.027899,0.028038,6635.00,1783871999999,185.59772000,3,6635.00,185.59772000,0
2026-07-12 16:00:00,0.027993,0.027993,0.027993,0.027993,58.00,1783886399999,1.62359400,1,58.00,1.62359400,0
2026-07-12 20:00:00,0.027985,0.027993,0.027964,0.027964,7135.00,1783900799999,199.60883400,3,7135.00,199.60883400,0
2026-07-13 00:00:00,0.027977,0.027977,0.027646,0.027905,25256.00,1783915199999,704.17751100,11,25256.00,704.17751100,0
2026-07-13 04:00:00,0.027905,0.027905,0.027905,0.027905,0.00,1783929599999,0.00000000,0,0.00,0.00000000,0
2026-07-13 08:00:00,0.027983,0.027983,0.026891,0.026891,1140.00,1783943999999,30.80862000,2,140.00,3.91762000,0
2026-07-13 12:00:00,0.027973,0.027973,0.026755,0.027876,19299.00,1783958399999,534.34063600,8,16112.00,449.07245100,0
2026-07-13 16:00:00,0.027876,0.027876,0.027876,0.027876,0.00,1783972799999,0.00000000,0,0.00,0.00000000,0
2026-07-13 20:00:00,0.027938,0.02796,0.026729,0.026729,5468.00,1783987199999,151.57691800,4,4468.00,124.84791800,0
2026-07-14 00:00:00,0.02787,0.027991,0.02784,0.027868,26604.00,1784001599999,741.30791000,19,26604.00,741.30791000,0
2026-07-14 04:00:00,0.027867,0.02799,0.027866,0.02799,8591.00,1784015999999,239.62267200,7,8591.00,239.62267200,0
2026-07-14 08:00:00,0.02799,0.02799,0.02799,0.02799,0.00,1784030399999,0.00000000,0,0.00,0.00000000,0
2026-07-14 12:00:00,0.0274,0.027991,0.0274,0.0274,39480.00,1784044799999,1085.07460200,18,5622.00,157.36540200,0
2026-07-14 16:00:00,0.0274,0.02799,0.026922,0.027914,27859.00,1784059199999,763.87526800,19,1069.00,29.90766000,0
2026-07-14 20:00:00,0.0274,0.0274,0.027061,0.027061,1182.00,1784073599999,32.04780000,2,182.00,4.98680000,0
2026-07-15 00:00:00,0.0274,0.0274,0.027164,0.0274,16844.00,1784087999999,461.29968100,10,15845.00,434.15300000,0
2026-07-15 04:00:00,0.0274,0.0274,0.0274,0.0274,0.00,1784102399999,0.00000000,0,0.00,0.00000000,0
2026-07-15 08:00:00,0.027165,0.027993,0.027165,0.027993,45679.00,1784116799999,1251.52443000,7,44707.00,1225.12005000,0
2026-07-15 12:00:00,0.027969,0.027969,0.027076,0.027076,109040.00,1784131199999,2957.00875200,19,90140.00,2444.44821900,0
2026-07-15 16:00:00,0.027076,0.027572,0.027076,0.02741,299516.00,1784145599999,8110.00445600,31,299516.00,8110.00445600,0
2026-07-15 20:00:00,0.02743,0.027586,0.02743,0.02744,5544.00,1784159999999,152.35508400,4,5544.00,152.35508400,0
2026-07-16 00:00:00,0.027251,0.0274,0.027251,0.0274,2434.00,1784174399999,66.57076100,2,0.00,0.00000000,0
2026-07-16 04:00:00,0.02744,0.02746,0.0274,0.0274,11314.00,1784188799999,310.10500000,5,1990.00,54.62740000,0
2026-07-16 08:00:00,0.0274,0.0274,0.0274,0.0274,0.00,1784203199999,0.00000000,0,0.00,0.00000000,0
2026-07-16 12:00:00,0.027994,0.027994,0.027691,0.027857,5180.00,1784217599999,144.77767000,4,5180.00,144.77767000,0
2026-07-16 16:00:00,0.027832,0.027983,0.027832,0.027983,894.00,1784231999999,24.93556400,2,894.00,24.93556400,0
2026-07-16 20:00:00,0.027983,0.027983,0.027983,0.027983,0.00,1784246399999,0.00000000,0,0.00,0.00000000,0
2026-07-17 00:00:00,0.026806,0.027973,0.026806,0.02797,7414.00,1784260799999,201.68127700,5,2435.00,68.11391900,0
2026-07-17 04:00:00,0.02756,0.027987,0.02756,0.027987,1271.00,1784275199999,35.52365300,2,1159.00,32.43693300,0
2026-07-17 08:00:00,0.028,0.028363,0.028,0.028363,24451.00,1784289599999,684.97764900,17,24451.00,684.97764900,0
2026-07-17 12:00:00,0.027349,0.028555,0.027005,0.028555,3492.00,1784303999999,95.16105600,9,352.00,9.97786000,0
2026-07-17 16:00:00,0.027513,0.028994,0.027512,0.028814,31611.00,1784318399999,902.22612900,11,28204.00,806.16866000,0
2026-07-17 20:00:00,0.028905,0.029,0.028585,0.028998,45442.00,1784332799999,1312.17184500,35,45442.00,1312.17184500,0
2026-07-18 00:00:00,0.028957,0.028994,0.028957,0.028994,3959.00,1784347199999,114.76578600,4,3959.00,114.76578600,0
2026-07-18 04:00:00,0.028986,0.028988,0.028986,0.028988,2771.00,1784361599999,80.32195900,3,2771.00,80.32195900,0
2026-07-18 08:00:00,0.028996,0.028996,0.028993,0.028993,552.00,1784375999999,16.00548300,2,552.00,16.00548300,0
2026-07-18 12:00:00,0.028988,0.028989,0.028985,0.028985,6886.00,1784390399999,199.60230500,4,6886.00,199.60230500,0
2026-07-18 16:00:00,0.028992,0.028995,0.028992,0.028995,7228.00,1784404799999,209.56497300,5,7228.00,209.56497300,0
2026-07-18 20:00:00,0.028994,0.028995,0.028994,0.028995,5950.00,1784419199999,172.51847000,5,5950.00,172.51847000,0
2026-07-19 00:00:00,0.028985,0.028985,0.028984,0.028984,503.00,1784433599999,14.57911100,2,503.00,14.57911100,0
2026-07-19 04:00:00,0.028983,0.028983,0.028983,0.028983,4305.00,1784447999999,124.77181500,4,4305.00,124.77181500,0
2026-07-19 08:00:00,0.028983,0.028999,0.028983,0.028998,17381.00,1784462399999,503.93155900,9,17381.00,503.93155900,0
2026-07-19 12:00:00,0.028997,0.028998,0.028997,0.028998,2328.00,1784476799999,67.50599500,2,2328.00,67.50599500,0
2026-07-19 16:00:00,0.028998,0.029,0.028998,0.028999,20010.00,1784491199999,580.26598800,9,20010.00,580.26598800,0
2026-07-19 20:00:00,0.028999,0.029,0.028999,0.029,23015.00,1784505599999,667.42234200,12,23015.00,667.42234200,0
2026-07-20 00:00:00,0.029,0.029,0.029,0.029,0.00,1784519999999,0.00000000,0,0.00,0.00000000,0
2026-07-20 04:00:00,0.028402,0.029,0.027347,0.029,5760.00,1784534399999,162.41493900,11,2566.00,74.41400000,0
2026-07-20 08:00:00,0.029,0.029,0.029,0.029,10326.00,1784548799999,299.45400000,3,10326.00,299.45400000,0
2026-07-20 12:00:00,0.029,0.029,0.029,0.029,3786.00,1784563199999,109.79400000,2,3786.00,109.79400000,0
2026-07-20 16:00:00,0.029,0.029,0.028998,0.028999,9829.00,1784577599999,285.03175800,8,9829.00,285.03175800,0
2026-07-20 20:00:00,0.028998,0.029,0.028998,0.029,4474.00,1784591999999,129.74152600,6,4474.00,129.74152600,0
2026-07-21 00:00:00,0.029,0.029,0.029,0.029,1120.00,1784606399999,32.48000000,4,1120.00,32.48000000,0
2026-07-21 04:00:00,0.028998,0.028999,0.028186,0.028999,3492.00,1784620799999,100.32826800,5,2340.00,67.85714400,0
2026-07-21 08:00:00,0.029,0.030282,0.029,0.030262,14059.00,1784635199999,413.19106000,9,11641.00,343.06906000,0
2026-07-21 12:00:00,0.030251,0.030274,0.030249,0.030274,18021.00,1784649599999,545.33820000,12,18021.00,545.33820000,0
2026-07-21 16:00:00,0.030138,0.030299,0.030138,0.030299,24171.00,1784663999999,731.72525800,14,24171.00,731.72525800,0
2026-07-21 20:00:00,0.030294,0.030295,0.027876,0.027876,19837.00,1784678399999,573.06962300,23,5105.00,154.64644100,0
2026-07-22 00:00:00,0.027878,0.030289,0.025,0.02987,63382.00,1784692799999,1711.70598200,55,10587.00,316.99548700,0
2026-07-22 04:00:00,0.030118,0.030119,0.030118,0.030119,149.00,1784707199999,4.48768700,2,149.00,4.48768700,0
2026-07-22 08:00:00,0.029755,0.0303,0.029225,0.029928,14753.00,1784721599999,439.29729200,38,14584.00,434.32886700,0
2026-07-22 12:00:00,0.028878,0.029927,0.028395,0.029423,21504.00,1784735999999,633.10942300,31,18742.00,553.88896700,0
2026-07-22 16:00:00,0.029927,0.030298,0.027149,0.029263,100730.00,1784750399999,2922.33002300,86,75084.00,2207.37016200,0
2026-07-22 20:00:00,0.029259,0.030276,0.02756,0.029719,29451.00,1784764799999,868.83501900,29,28177.00,833.72083900,0
2026-07-23 00:00:00,0.029712,0.029712,0.02833,0.02833,949.00,1784779199999,27.81353800,3,672.00,19.96612800,0
2026-07-23 04:00:00,0.030207,0.030207,0.028112,0.028112,5427.00,1784793599999,156.30433900,15,1553.00,46.91147100,0
2026-07-23 08:00:00,0.029763,0.029763,0.029763,0.029763,335.00,1784807999999,9.97060500,1,335.00,9.97060500,0
2026-07-23 12:00:00,0.028825,0.028828,0.028724,0.028724,5096.00,1784822399999,146.82405600,9,5096.00,146.82405600,0
2026-07-23 16:00:00,0.028724,0.028724,0.028723,0.028724,3953.00,1784836799999,113.54423400,5,3953.00,113.54423400,0
2026-07-23 20:00:00,0.02872,0.029,0.027546,0.027661,73621.00,1784851199999,2107.39278000,67,55901.00,1617.00442100,0
2026-07-24 00:00:00,0.027842,0.02899,0.027842,0.028848,543.00,1784865599999,15.37702600,4,390.00,11.11720000,0
2026-07-24 04:00:00,0.028882,0.028882,0.028882,0.028882,1000.00,1784879999999,28.88200000,1,1000.00,28.88200000,0
2026-07-24 08:00:00,0.028864,0.028884,0.028836,0.028884,8266.00,1784894399999,238.47118100,10,8266.00,238.47118100,0
2026-07-24 12:00:00,0.028965,0.028992,0.028965,0.028992,417.00,1784908799999,12.08770000,3,417.00,12.08770000,0
2026-07-24 16:00:00,0.028965,0.028965,0.028938,0.028938,1627.00,1784923199999,47.10278100,2,1627.00,47.10278100,0
2026-07-24 20:00:00,0.02899,0.028999,0.028558,0.028998,17121.00,1784937599999,496.21979500,11,17121.00,496.21979500,0
2026-07-25 00:00:00,0.028998,0.028998,0.028997,0.028997,5509.00,1784951999999,159.74653900,2,5509.00,159.74653900,0
2026-07-25 04:00:00,0.028998,0.028999,0.028997,0.028999,20658.00,1784966399999,599.04302200,10,20658.00,599.04302200,0
2026-07-25 08:00:00,0.027559,0.028994,0.027339,0.028994,13382.00,1784980799999,366.80432100,9,311.00,9.01713400,0
2026-07-25 12:00:00,0.028371,0.028684,0.028371,0.028468,15188.00,1784995199999,434.29806000,8,15188.00,434.29806000,0
2026-07-25 16:00:00,0.027684,0.027684,0.027684,0.027684,199.00,1785009599999,5.50911600,1,0.00,0.00000000,0
2026-07-25 20:00:00,0.027389,0.027389,0.027389,0.027389,8004.00,1785023999999,219.22155600,1,0.00,0.00000000,0
2026-07-26 00:00:00,0.028933,0.02895,0.028797,0.028797,11743.00,1785038399999,339.52553700,9,11743.00,339.52553700,0
2026-07-26 04:00:00,0.028797,0.028797,0.028797,0.028797,0.00,1785052799999,0.00000000,0,0.00,0.00000000,0
2026-07-26 08:00:00,0.028797,0.028797,0.028797,0.028797,0.00,1785067199999,0.00000000,0,0.00,0.00000000,0
2026-07-26 12:00:00,0.028445,0.028445,0.027765,0.027765,1513.00,1785081599999,42.68844500,2,1000.00,28.44500000,0
2026-07-26 16:00:00,0.02831,0.028973,0.02831,0.028953,21975.00,1785095999999,627.39659700,18,21975.00,627.39659700,0
2026-07-26 20:00:00,0.028846,0.028852,0.028846,0.028852,6921.00,1785110399999,199.66667100,3,6921.00,199.66667100,0
2026-07-27 00:00:00,0.028852,0.028852,0.028852,0.028852,0.00,1785124799999,0.00000000,0,0.00,0.00000000,0
2026-07-27 04:00:00,0.028895,0.028895,0.028855,0.028856,4496.00,1785139199999,129.77499200,3,4496.00,129.77499200,0
2026-07-27 08:00:00,0.028856,0.028856,0.028856,0.028856,0.00,1785153599999,0.00000000,0,0.00,0.00000000,0
2026-07-27 12:00:00,0.028885,0.028886,0.028885,0.028886,1728.00,1785167999999,49.91492300,2,1728.00,49.91492300,0
2026-07-27 16:00:00,0.028471,0.028471,0.028464,0.028465,6525.00,1785182399999,185.73752900,6,4417.00,125.73330900,0
2026-07-27 20:00:00,0.02748,0.028452,0.02748,0.028452,19797.00,1785196799999,561.92625700,19,16177.00,460.07119700,0
2026-07-28 00:00:00,0.028453,0.028463,0.027207,0.028354,35389.00,1785211199999,993.85744400,40,26162.00,742.51035700,0
2026-07-28 04:00:00,0.028354,0.028354,0.028354,0.028354,0.00,1785225599999,0.00000000,0,0.00,0.00000000,0
2026-07-28 08:00:00,0.028333,0.028333,0.028332,0.028332,3970.00,1785239999999,112.48156400,2,3970.00,112.48156400,0
2026-07-28 12:00:00,0.028333,0.028333,0.027206,0.027206,7301.00,1785254399999,206.68433300,5,7227.00,204.67108900,0
2026-07-28 16:00:00,0.028448,0.028448,0.028368,0.028368,3908.00,1785268799999,110.88440000,3,3908.00,110.88440000,0
2026-07-28 20:00:00,0.028368,0.028368,0.028368,0.028368,0.00,1785283199999,0.00000000,0,0.00,0.00000000,0
2026-07-29 00:00:00,0.028368,0.028368,0.028368,0.028368,0.00,1785297599999,0.00000000,0,0.00,0.00000000,0
2026-07-29 04:00:00,0.028368,0.028368,0.028368,0.028368,0.00,1785311999999,0.00000000,0,0.00,0.00000000,0
2026-07-29 08:00:00,0.028414,0.028414,0.028407,0.028407,3863.00,1785326399999,109.74098000,3,3863.00,109.74098000,0
2026-07-29 12:00:00,0.028399,0.028399,0.028399,0.028399,500.00,1785340799999,14.19950000,1,500.00,14.19950000,0
2026-07-29 16:00:00,0.027206,0.028128,0.026949,0.027254,4570.00,1785355199999,125.43317700,12,2077.00,58.19403800,0
2026-07-29 20:00:00,0.027426,0.028459,0.026884,0.027404,19244.00,1785369599999,529.06236400,16,19152.00,526.58903600,0
2026-07-30 00:00:00,0.02834,0.02834,0.02834,0.02834,1058.00,1785383999999,29.98372000,1,1058.00,29.98372000,0
2026-07-30 04:00:00,0.028317,0.028317,0.028317,0.028317,740.00,1785398399999,20.95458000,1,740.00,20.95458000,0
2026-07-30 08:00:00,0.028324,0.028324,0.028319,0.028319,3809.00,1785412799999,107.86760100,4,3809.00,107.86760100,0
2026-07-30 12:00:00,0.028294,0.028295,0.02829,0.02829,13556.00,1785427199999,383.53832700,9,13556.00,383.53832700,0
2026-07-30 16:00:00,0.0268,0.0268,0.025632,0.025632,57757.00,1785441599999,1492.94342600,46,5348.00,141.15454800,0
2026-07-30 20:00:00,0.026798,0.026798,0.025665,0.026558,26986.00,1785455999999,707.84111600,16,10327.00,269.73789900,0
2026-07-31 00:00:00,0.02633,0.026801,0.02633,0.026801,12328.00,1785470399999,327.61364200,10,12328.00,327.61364200,0
2026-07-31 04:00:00,0.026761,0.026761,0.026761,0.026761,500.00,1785484799999,13.38050000,1,500.00,13.38050000,0
2026-07-31 08:00:00,0.026513,0.026513,0.026513,0.026513,188.00,1785499199999,4.98444400,1,188.00,4.98444400,0
2026-07-31 12:00:00,0.0266,0.026643,0.026567,0.026567,8787.00,1785513599999,233.64067800,4,8787.00,233.64067800,0
2026-07-31 16:00:00,0.026539,0.026539,0.025708,0.025801,4231.00,1785527999999,109.14801100,3,376.00,9.97866400,0
2026-07-31 20:00:00,0.02657,0.026587,0.026462,0.026462,2633.00,1785542399999,69.87478800,4,2633.00,69.87478800,0
2026-08-01 00:00:00,0.026607,0.026616,0.026309,0.026309,6451.00,1785556799999,170.70254300,5,6451.00,170.70254300,0
2026-08-01 04:00:00,0.026571,0.026571,0.026571,0.026571,188.00,1785571199999,4.99534800,1,188.00,4.99534800,0
2026-08-01 08:00:00,0.02662,0.02662,0.02662,0.02662,187.00,1785585599999,4.97794000,1,187.00,4.97794000,0
2026-08-01 12:00:00,0.026621,0.02702,0.026621,0.026982,22409.00,1785599999999,602.58001300,17,22409.00,602.58001300,0
2026-08-01 16:00:00,0.0263,0.028286,0.025825,0.025825,28603.00,1785614399999,764.93442700,19,26138.00,700.37154300,0
2026-08-01 20:00:00,0.026792,0.026857,0.026338,0.026857,6341.00,1785628799999,167.65970000,8,6341.00,167.65970000,0
2026-08-02 00:00:00,0.026803,0.026803,0.026803,0.026803,1044.00,1785643199999,27.98233200,2,1044.00,27.98233200,0
2026-08-02 04:00:00,0.026802,0.026802,0.026802,0.026802,372.00,1785657599999,9.97034400,1,372.00,9.97034400,0
2026-08-02 08:00:00,0.026802,0.026802,0.026802,0.026802,186.00,1785671999999,4.98517200,1,186.00,4.98517200,0
2026-08-02 12:00:00,0.02625,0.026785,0.025823,0.026782,7333.00,1785686399999,193.99656500,7,3920.00,104.98599800,0
2026-08-02 16:00:00,0.026786,0.028003,0.026786,0.026949,17882.00,1785700799999,491.85855200,16,17882.00,491.85855200,0
2026-08-02 20:00:00,0.026949,0.026949,0.026949,0.026949,853.00,1785715199999,22.98749700,2,853.00,22.98749700,0
2026-08-03 00:00:00,0.026148,0.02695,0.025188,0.026694,8404.00,1785729599999,221.24521800,5,4086.00,110.01911400,0
2026-08-03 04:00:00,0.027031,0.027031,0.027031,0.027031,369.00,1785743999999,9.97443900,1,369.00,9.97443900,0
2026-08-03 08:00:00,0.026969,0.026969,0.026866,0.026867,2226.00,1785758399999,59.82727300,4,2226.00,59.82727300,0
2026-08-03 12:00:00,0.02686,0.028284,0.025002,0.028284,16626.00,1785772799999,431.39385400,14,13987.00,365.41357600,0
2026-08-03 16:00:00,0.026776,0.026776,0.02674,0.026752,1939.00,1785787199999,51.85527900,5,1939.00,51.85527900,0
2026-08-03 20:00:00,0.026752,0.026752,0.026752,0.026752,280.00,1785801599999,7.49056000,1,280.00,7.49056000,0
2026-08-04 00:00:00,0.026752,0.026752,0.025989,0.025989,728.00,1785815999999,19.20459100,2,373.00,9.97849600,0
2026-08-04 04:00:00,0.025847,0.026692,0.025847,0.026674,9389.00,1785830399999,250.06235000,11,8881.00,236.93207400,0
2026-08-04 08:00:00,0.026674,0.026674,0.026674,0.026674,0.00,1785844799999,0.00000000,0,0.00,0.00000000,0
2026-08-04 12:00:00,0.026674,0.026778,0.026095,0.026228,2508.00,1785859199999,66.41866600,6,1597.00,42.61699400,0
2026-08-04 16:00:00,0.026854,0.026933,0.026854,0.026933,1353.00,1785873599999,36.34926400,4,1353.00,36.34926400,0
2026-08-04 20:00:00,0.027409,0.028283,0.027409,0.028283,7619.00,1785887999999,214.58029000,9,7619.00,214.58029000,0
2026-08-05 00:00:00,0.028272,0.028272,0.026083,0.026177,13634.00,1785902399999,365.87367000,19,4244.00,119.79043500,0
2026-08-05 04:00:00,0.027642,0.027642,0.027642,0.027642,3649.00,1785916799999,100.86565800,2,2061.00,56.97016200,0
2026-08-05 08:00:00,0.027661,0.027832,0.027661,0.027832,1744.00,1785931199999,48.41657500,4,1744.00,48.41657500,0
2026-08-05 12:00:00,0.027832,0.027832,0.027832,0.027832,0.00,1785945599999,0.00000000,0,0.00,0.00000000,0
2026-08-05 16:00:00,0.027871,0.028287,0.027867,0.028287,46672.00,1785959999999,1314.30875400,34,46672.00,1314.30875400,0
2026-08-05 20:00:00,0.028287,0.028287,0.028287,0.028287,0.00,1785974399999,0.00000000,0,0.00,0.00000000,0
2026-08-06 00:00:00,0.028199,0.028199,0.02813,0.02813,7941.00,1785988799999,223.67083200,8,7941.00,223.67083200,0
2026-08-06 04:00:00,0.02813,0.02813,0.02813,0.02813,39.00,1786003199999,1.09707000,1,0.00,0.00000000,0
2026-08-06 08:00:00,0.02813,0.02813,0.02813,0.02813,0.00,1786017599999,0.00000000,0,0.00,0.00000000,0
2026-08-06 12:00:00,0.027768,0.027769,0.02677,0.02775,2404.00,1786031999999,65.75423300,8,1404.00,38.98380500,0
2026-08-06 16:00:00,0.02673,0.027579,0.026589,0.027579,2703.00,1786046399999,73.75097600,7,1810.00,49.91779600,0
2026-08-06 20:00:00,0.02767,0.02767,0.027524,0.027659,37592.00,1786060799999,1039.09885900,12,7876.00,216.85713900,0
2026-08-07 00:00:00,0.027659,0.027659,0.027659,0.027659,0.00,1786075199999,0.00000000,0,0.00,0.00000000,0
2026-08-07 04:00:00,0.027676,0.027676,0.027676,0.027676,541.00,1786089599999,14.97271600,1,541.00,14.97271600,0
2026-08-07 08:00:00,0.027429,0.027665,0.027429,0.027665,1182.00,1786103999999,32.46403000,2,1182.00,32.46403000,0
2026-08-07 12:00:00,0.027429,0.027429,0.026226,0.02719,3110.00,1786118399999,83.35019400,8,1191.00,32.58004800,0
2026-08-07 16:00:00,0.027189,0.027341,0.02613,0.02719,13716.00,1786132799999,365.47680800,11,4535.00,123.78128300,0
2026-08-07 20:00:00,0.027189,0.02719,0.027189,0.02719,7356.00,1786147199999,200.00909300,7,7172.00,195.00613300,0
2026-08-08 00:00:00,0.02719,0.02719,0.02719,0.02719,0.00,1786161599999,0.00000000,0,0.00,0.00000000,0
2026-08-08 04:00:00,0.027202,0.027202,0.027202,0.027202,5909.00,1786175999999,160.73661800,4,5909.00,160.73661800,0
2026-08-08 08:00:00,0.027202,0.02737,0.027202,0.02737,1006.00,1786190399999,27.38554000,3,1006.00,27.38554000,0
2026-08-08 12:00:00,0.02737,0.02737,0.02736,0.02736,7629.00,1786204799999,208.76925000,6,7629.00,208.76925000,0
2026-08-08 16:00:00,0.02736,0.027429,0.02736,0.027429,1822.00,1786219199999,49.88799100,3,1822.00,49.88799100,0
2026-08-08 20:00:00,0.027463,0.027463,0.027463,0.027463,1853.00,1786233599999,50.88893900,4,1853.00,50.88893900,0
2026-08-09 00:00:00,0.02817,0.02817,0.028169,0.028169,7087.00,1786247999999,199.63724600,6,7087.00,199.63724600,0
2026-08-09 04:00:00,0.028169,0.028169,0.028169,0.028169,0.00,1786262399999,0.00000000,0,0.00,0.00000000,0
2026-08-09 08:00:00,0.02807,0.02807,0.02807,0.02807,355.00,1786276799999,9.96485000,1,355.00,9.96485000,0
2026-08-09 12:00:00,0.028262,0.028281,0.028262,0.028281,4568.00,1786291199999,129.12137100,4,4568.00,129.12137100,0
2026-08-09 16:00:00,0.028232,0.028233,0.026127,0.026127,5273.00,1786305599999,148.19880900,7,4955.00,139.89042300,0
2026-08-09 20:00:00,0.028073,0.028257,0.02802,0.028257,7084.00,1786319999999,199.10337800,5,7084.00,199.10337800,0
2026-08-10 00:00:00,0.027769,0.027769,0.027732,0.027734,12598.00,1786334399999,349.67484700,7,10950.00,303.91153500,0
2026-08-10 04:00:00,0.027734,0.027734,0.027734,0.027734,0.00,1786348799999,0.00000000,0,0.00,0.00000000,0
2026-08-10 08:00:00,0.027682,0.027683,0.027682,0.027683,360.00,1786363199999,9.96579700,2,360.00,9.96579700,0
2026-08-10 12:00:00,0.027024,0.027026,0.027024,0.027026,5474.00,1786377599999,147.93661200,3,0.00,0.00000000,0
2026-08-10 16:00:00,0.028113,0.028114,0.028113,0.028114,3551.00,1786391999999,99.82945600,2,3551.00,99.82945600,0
2026-08-10 20:00:00,0.028172,0.028173,0.026494,0.0267,7656.00,1786406399999,206.51690200,6,1650.00,46.48442900,0
2026-08-11 00:00:00,0.028032,0.028095,0.027992,0.028095,4354.00,1786420799999,122.25503200,4,4354.00,122.25503200,0
2026-08-11 04:00:00,0.028095,0.028095,0.028095,0.028095,0.00,1786435199999,0.00000000,0,0.00,0.00000000,0
2026-08-11 08:00:00,0.027543,0.028237,0.027543,0.028206,4109.00,1786449599999,114.12522000,8,4109.00,114.12522000,0
2026-08-11 12:00:00,0.028134,0.028134,0.02684,0.02684,650.00,1786463999999,18.13440800,2,532.00,14.96728800,0
2026-08-11 16:00:00,0.028117,0.028117,0.026999,0.027,362.00,1786478399999,9.97165600,3,362.00,9.97165600,0
2026-08-11 20:00:00,0.026999,0.028285,0.026999,0.028236,14746.00,1786492799999,413.22533900,15,14746.00,413.22533900,0
2026-08-12 00:00:00,0.028211,0.028211,0.028211,0.028211,1061.00,1786507199999,29.93187100,1,1061.00,29.93187100,0
2026-08-12 04:00:00,0.02825,0.028252,0.02825,0.028252,7067.00,1786521599999,199.64946000,5,7067.00,199.64946000,0
2026-08-12 08:00:00,0.02821,0.02821,0.02821,0.02821,354.00,1786535999999,9.98634000,1,354.00,9.98634000,0
2026-08-12 12:00:00,0.026368,0.026368,0.026368,0.026368,325.00,1786550399999,8.56960000,1,0.00,0.00000000,0
2026-08-12 16:00:00,0.027779,0.028193,0.026396,0.028193,6703.00,1786564799999,185.21604900,8,5927.00,164.73275300,0
2026-08-12 20:00:00,0.02823,0.028231,0.026404,0.026947,8496.00,1786579199999,232.77644300,14,7434.00,204.68461100,0
2026-08-13 00:00:00,0.026947,0.026947,0.026174,0.026174,3903.00,1786593599999,104.87730900,5,3519.00,94.82649300,0
2026-08-13 04:00:00,0.026947,0.026947,0.026947,0.026947,556.00,1786607999999,14.98253200,1,556.00,14.98253200,0
2026-08-13 08:00:00,0.028259,0.028259,0.028239,0.028239,2121.00,1786622399999,59.90197900,2,2121.00,59.90197900,0
2026-08-13 12:00:00,0.028229,0.028229,0.028199,0.028199,1376.00,1786636799999,38.82893800,4,1376.00,38.82893800,0
2026-08-13 16:00:00,0.028174,0.028234,0.028174,0.028234,531.00,1786651199999,14.97101400,2,531.00,14.97101400,0
2026-08-13 20:00:00,0.028265,0.028265,0.028252,0.028253,8642.00,1786665599999,244.18175600,5,8642.00,244.18175600,0
2026-08-14 00:00:00,0.028247,0.028249,0.028247,0.028249,8099.00,1786679999999,228.78218700,7,8099.00,228.78218700,0
2026-08-14 04:00:00,0.028249,0.028249,0.028249,0.028249,0.00,1786694399999,0.00000000,0,0.00,0.00000000,0
2026-08-14 08:00:00,0.025874,0.025874,0.02557,0.02557,2707.00,1786708799999,69.77444400,6,0.00,0.00000000,0
2026-08-14 12:00:00,0.02557,0.02557,0.02557,0.02557,0.00,1786723199999,0.00000000,0,0.00,0.00000000,0
2026-08-14 16:00:00,0.027,0.028255,0.027,0.028255,7236.00,1786737599999,199.80591500,7,3533.00,99.82491500,0
2026-08-14 20:00:00,0.028268,0.028275,0.028244,0.028245,5070.00,1786751999999,143.25784500,5,5070.00,143.25784500,0
2026-08-15 00:00:00,0.028235,0.028235,0.0268,0.0268,707.00,1786766399999,19.46855500,3,353.00,9.96695500,0
2026-08-15 04:00:00,0.0268,0.0268,0.0268,0.0268,351.00,1786780799999,9.40680000,1,0.00,0.00000000,0
2026-08-15 08:00:00,0.028144,0.028273,0.028144,0.02827,14075.00,1786795199999,397.86157500,8,14075.00,397.86157500,0
2026-08-15 12:00:00,0.028269,0.028284,0.028261,0.028278,3589.00,1786809599999,101.47261400,6,3589.00,101.47261400,0
2026-08-15 16:00:00,0.028258,0.028258,0.028207,0.028207,6512.00,1786823999999,183.78136400,9,6512.00,183.78136400,0
2026-08-15 20:00:00,0.028284,0.028284,0.0268,0.0268,6710.00,1786838399999,186.84931200,11,4863.00,137.33395200,0
2026-08-16 00:00:00,0.028285,0.028285,0.028275,0.028275,1876.00,1786852799999,53.04765200,3,1876.00,53.04765200,0
2026-08-16 04:00:00,0.028275,0.028275,0.028275,0.028275,0.00,1786867199999,0.00000000,0,0.00,0.00000000,0
2026-08-16 08:00:00,0.028209,0.028209,0.0268,0.027964,12443.00,1786881599999,343.43041600,17,9863.00,274.27331200,0
2026-08-16 12:00:00,0.028269,0.028269,0.027929,0.027929,469.00,1786895999999,13.13678100,2,469.00,13.13678100,0
2026-08-16 16:00:00,0.02818,0.028267,0.028174,0.028174,4177.00,1786910399999,118.00065500,6,4177.00,118.00065500,0
2026-08-16 20:00:00,0.028207,0.028215,0.027984,0.027985,6393.00,1786924799999,179.89348400,6,6393.00,179.89348400,0
2026-08-17 00:00:00,0.028159,0.028171,0.028159,0.028171,3554.00,1786939199999,100.07972400,4,3554.00,100.07972400,0
2026-08-17 04:00:00,0.028171,0.028171,0.028171,0.028171,0.00,1786953599999,0.00000000,0,0.00,0.00000000,0
2026-08-17 08:00:00,0.027885,0.027885,0.027872,0.027872,472.00,1786967999999,13.15706600,2,472.00,13.15706600,0
2026-08-17 12:00:00,0.027867,0.027868,0.027796,0.027796,3359.00,1786982399999,93.52076400,4,3359.00,93.52076400,0
2026-08-17 16:00:00,0.028236,0.028236,0.028236,0.028236,1768.00,1786996799999,49.92124800,2,1768.00,49.92124800,0
2026-08-17 20:00:00,0.02821,0.02821,0.02821,0.02821,112.00,1787011199999,3.15952000,1,112.00,3.15952000,0
2026-08-18 00:00:00,0.028207,0.028284,0.028207,0.028253,4420.00,1787025599999,124.78403700,4,4420.00,124.78403700,0
2026-08-18 04:00:00,0.0282,0.0282,0.0282,0.0282,187.00,1787039999999,5.27340000,1,187.00,5.27340000,0
2026-08-18 08:00:00,0.028145,0.028145,0.028131,0.028131,2824.00,1787054399999,79.46994600,6,2824.00,79.46994600,0
2026-08-18 12:00:00,0.028114,0.028284,0.0268,0.028269,6810.00,1787068799999,188.94995900,19,4576.00,129.00447900,0
2026-08-18 16:00:00,0.028232,0.028232,0.028206,0.028206,12091.00,1787083199999,341.07025000,6,12091.00,341.07025000,0
2026-08-18 20:00:00,0.028191,0.028191,0.0268,0.0268,707.00,1787097599999,19.38298300,3,313.00,8.82378300,0
2026-08-19 00:00:00,0.028244,0.028244,0.028219,0.028219,3104.00,1787111999999,87.62345800,8,3104.00,87.62345800,0
2026-08-19 04:00:00,0.02668,0.027415,0.025604,0.026464,8738.00,1787126399999,233.95483500,15,3719.00,101.92444500,0
2026-08-19 08:00:00,0.028058,0.028271,0.028058,0.028269,1509.00,1787140799999,42.61457000,5,1509.00,42.61457000,0
2026-08-19 12:00:00,0.028199,0.028287,0.028199,0.028287,1589.00,1787155199999,44.91689100,3,1589.00,44.91689100,0
2026-08-19 16:00:00,0.028287,0.028287,0.028138,0.028139,2343.00,1787169599999,66.05439600,3,2343.00,66.05439600,0
2026-08-19 20:00:00,0.028249,0.028287,0.028243,0.028284,13507.00,1787183999999,381.87676900,11,13507.00,381.87676900,0
2026-08-20 00:00:00,0.028286,0.028286,0.028286,0.028286,71.00,1787198399999,2.00830600,1,71.00,2.00830600,0
2026-08-20 04:00:00,0.028286,0.028286,0.028286,0.028286,0.00,1787212799999,0.00000000,0,0.00,0.00000000,0
2026-08-20 08:00:00,0.028283,0.028283,0.028269,0.02827,5979.00,1787227199999,169.03020100,7,5979.00,169.03020100,0
2026-08-20 12:00:00,0.02827,0.028999,0.027351,0.028943,19923.00,1787241599999,568.92390400,16,18055.00,517.83089800,0
2026-08-20 16:00:00,0.028324,0.029,0.028324,0.029,84829.00,1787255999999,2444.71966100,16,84829.00,2444.71966100,0
2026-08-20 20:00:00,0.029534,0.029868,0.028955,0.029287,21537.00,1787270399999,632.01399500,9,21537.00,632.01399500,0
2026-08-21 00:00:00,0.029285,0.029285,0.029261,0.029261,6824.00,1787284799999,199.75902400,2,6824.00,199.75902400,0
2026-08-21 04:00:00,0.029277,0.030013,0.029277,0.029969,2803.00,1787299199999,83.02192700,3,2803.00,83.02192700,0
2026-08-21 08:00:00,0.02994,0.030004,0.028538,0.029966,8049.00,1787313599999,238.86868800,6,6502.00,194.72040200,0
2026-08-21 12:00:00,0.030067,0.030095,0.03002,0.03002,7892.00,1787327999999,237.01321900,7,4729.00,142.05995900,0
2026-08-21 16:00:00,0.029552,0.030433,0.029552,0.030433,5159.00,1787342399999,155.94719200,5,4077.00,123.97108200,0
2026-08-21 20:00:00,0.030082,0.03016,0.030016,0.03016,3729.00,1787356799999,112.38137400,6,1002.00,30.13505400,0
2026-08-22 00:00:00,0.029194,0.03116,0.029194,0.03116,28436.00,1787371199999,875.14743600,15,9354.00,286.41799200,0
2026-08-22 04:00:00,0.029885,0.031388,0.029885,0.030697,1718.00,1787385599999,52.21335600,5,740.00,22.98246600,0
2026-08-22 08:00:00,0.030522,0.030588,0.029713,0.030528,941.00,1787399999999,28.50517600,4,655.00,20.00725800,0
2026-08-22 12:00:00,0.03008,0.031011,0.028459,0.029922,17484.00,1787414399999,530.71510500,14,13733.00,419.07605000,0
2026-08-22 16:00:00,0.030371,0.030454,0.030369,0.030454,7222.00,1787428799999,219.39067800,5,7222.00,219.39067800,0
2026-08-22 20:00:00,0.02848,0.030585,0.027997,0.028023,89315.00,1787443199999,2514.37925000,45,111.00,3.39493500,0
2026-08-23 00:00:00,0.029026,0.030564,0.029026,0.030564,51702.00,1787457599999,1506.65367200,13,21549.00,631.43269400,0
2026-08-23 04:00:00,0.029598,0.029598,0.028301,0.028301,3919.00,1787471999999,113.09765200,4,1685.00,49.87263000,0
2026-08-23 08:00:00,0.028995,0.029495,0.028995,0.029495,427.00,1787486399999,12.54986500,2,427.00,12.54986500,0
2026-08-23 12:00:00,0.029503,0.029616,0.028305,0.029616,5091.00,1787500799999,150.00852300,8,4942.00,145.79107800,0
2026-08-23 16:00:00,0.029252,0.03016,0.028534,0.028616,14757.00,1787515199999,438.20236000,12,14262.00,424.05310200,0
2026-08-23 20:00:00,0.029714,0.029714,0.029618,0.029618,7941.00,1787529599999,235.43386700,4,7941.00,235.43386700,0
2026-08-24 00:00:00,0.029774,0.029936,0.029774,0.029936,11042.00,1787543999999,330.06845000,4,11042.00,330.06845000,0
2026-08-24 04:00:00,0.02984,0.02984,0.02984,0.02984,566.00,1787558399999,16.88944000,1,566.00,16.88944000,0
2026-08-24 08:00:00,0.030591,0.031448,0.030591,0.031448,9228.00,1787572799999,283.42481600,6,9228.00,283.42481600,0
2026-08-24 12:00:00,0.030993,0.03158,0.030993,0.03158,1484.00,1787587199999,46.42758300,3,1484.00,46.42758300,0
2026-08-24 16:00:00,0.031172,0.031308,0.02901,0.02901,9718.00,1787601599999,302.84127200,4,9594.00,299.24403200,0
2026-08-24 20:00:00,0.029714,0.030619,0.028946,0.030603,59611.00,1787615999999,1778.50002200,14,22816.00,698.28360800,0
2026-08-25 00:00:00,0.030601,0.030623,0.030601,0.030623,978.00,1787630399999,29.94212200,2,978.00,29.94212200,0
2026-08-25 04:00:00,0.030631,0.030632,0.030631,0.030632,4103.00,1787644799999,125.68022800,3,4103.00,125.68022800,0
2026-08-25 08:00:00,0.03123,0.03123,0.029714,0.029714,1749.00,1787659199999,52.45339000,3,319.00,9.96237000,0
2026-08-25 12:00:00,0.029713,0.029714,0.02967,0.029693,14152.00,1787673599999,420.30499700,6,14152.00,420.30499700,0
2026-08-25 16:00:00,0.029675,0.029714,0.029675,0.029714,8235.00,1787687999999,244.43255400,5,8235.00,244.43255400,0
2026-08-25 20:00:00,0.02908,0.029698,0.02908,0.029673,7519.00,1787702399999,222.66659000,5,6945.00,205.97467000,0
2026-08-26 00:00:00,0.029641,0.029641,0.029641,0.029641,3365.00,1787716799999,99.74196500,1,3365.00,99.74196500,0
2026-08-26 04:00:00,0.029543,0.029543,0.0283,0.028394,25725.00,1787731199999,730.39983800,16,2206.00,64.81213800,0
2026-08-26 08:00:00,0.027996,0.028861,0.027996,0.028497,4632.00,1787745599999,130.32380000,4,1162.00,33.17768000,0
2026-08-26 12:00:00,0.0279,0.028376,0.027569,0.027569,9882.00,1787759999999,274.96390100,4,696.00,19.74969600,0
2026-08-26 16:00:00,0.0275,0.028306,0.0275,0.0282,5189.00,1787774399999,146.12565800,5,3755.00,106.19295800,0
2026-08-26 20:00:00,0.028455,0.028455,0.0275,0.028307,11184.00,1787788799999,314.45848900,6,8271.00,234.35098900,0
2026-08-27 00:00:00,0.028068,0.028315,0.026748,0.026879,7623.00,1787803199999,212.64628300,5,5300.00,149.63058100,0
2026-08-27 04:00:00,0.028348,0.028348,0.028348,0.028348,1400.00,1787817599999,39.68720000,1,1400.00,39.68720000,0
2026-08-27 08:00:00,0.028318,0.028333,0.028309,0.028309,3990.00,1787831999999,112.98737700,3,3990.00,112.98737700,0
2026-08-27 12:00:00,0.02786,0.028338,0.02786,0.028269,349.00,1787846399999,9.85430300,3,291.00,8.23842300,0
2026-08-27 16:00:00,0.02836,0.02836,0.028316,0.028316,523.00,1787860799999,14.82475600,2,523.00,14.82475600,0
2026-08-27 20:00:00,0.028186,0.028354,0.028186,0.028353,16010.00,1787875199999,453.71009900,6,16010.00,453.71009900,0
2026-08-28 00:00:00,0.027962,0.028364,0.027962,0.028364,4980.00,1787889599999,140.66419200,2,3516.00,99.72782400,0
2026-08-28 04:00:00,0.028366,0.028366,0.028366,0.028366,3341.00,1787903999999,94.77080600,3,3341.00,94.77080600,0
2026-08-28 08:00:00,0.027962,0.028494,0.027962,0.028494,1096.00,1787918399999,30.88096700,3,465.00,13.23694500,0
2026-08-28 12:00:00,0.028479,0.028733,0.028479,0.028733,7221.00,1787932799999,206.45445500,8,7221.00,206.45445500,0
2026-08-28 16:00:00,0.02875,0.028751,0.026863,0.0282,21096.00,1787947199999,577.35677100,26,4378.00,125.45603400,0
2026-08-28 20:00:00,0.027908,0.02802,0.027908,0.02802,1605.00,1787961599999,44.89202000,2,1605.00,44.89202000,0
2026-08-29 00:00:00,0.028292,0.02832,0.028292,0.02832,2994.00,1787975999999,84.76541200,2,2994.00,84.76541200,0
2026-08-29 04:00:00,0.026887,0.028006,0.026886,0.026886,5495.00,1787990399999,151.72789000,3,3561.00,99.72936600,0
2026-08-29 08:00:00,0.026892,0.028197,0.026892,0.028197,1943.00,1788004799999,52.71312600,2,354.00,9.98173800,0
2026-08-29 12:00:00,0.028029,0.028309,0.028029,0.028214,824.00,1788019199999,23.22642600,3,824.00,23.22642600,0
2026-08-29 16:00:00,0.028242,0.028356,0.027974,0.027974,990.00,1788033599999,27.93194000,3,990.00,27.93194000,0
2026-08-29 20:00:00,0.028256,0.028355,0.028242,0.028295,11470.00,1788047999999,324.44916400,6,11470.00,324.44916400,0
2026-08-30 00:00:00,0.028149,0.028252,0.028149,0.028252,4240.00,1788062399999,119.67760100,3,4240.00,119.67760100,0
2026-08-30 04:00:00,0.028183,0.028251,0.026754,0.026872,9684.00,1788076799999,261.61053200,14,1466.00,41.35743600,0
2026-08-30 08:00:00,0.026842,0.028346,0.026842,0.028321,4086.00,1788091199999,115.41485800,3,3874.00,109.72435400,0
2026-08-30 12:00:00,0.028231,0.028231,0.028231,0.028231,117.00,1788105599999,3.30302700,1,117.00,3.30302700,0
2026-08-30 16:00:00,0.027998,0.028348,0.027998,0.028281,3257.00,1788119999999,91.98084100,5,3257.00,91.98084100,0
2026-08-30 20:00:00,0.028281,0.028281,0.028281,0.028281,0.00,1788134399999,0.00000000,0,0.00,0.00000000,0
2026-08-31 00:00:00,0.028281,0.028281,0.027715,0.027715,122497.00,1788148560000,3462.34411900,43,16675.00,469.59213700,0
2026-08-31 12:00:00,0.02779,0.02779,0.02779,0.02779,72.00,1788191999999,2.00088000,1,72.00,2.00088000,0
2026-08-31 16:00:00,0.027715,0.028334,0.026939,0.028248,4187.00,1788206399999,116.78285800,8,2581.00,72.97907800,0
2026-08-31 20:00:00,0.027533,0.028196,0.026723,0.028196,16199.00,1788220799999,434.87187500,21,117.00,3.29893200,0
2026-09-01 00:00:00,0.027931,0.028091,0.027931,0.028079,7301.00,1788235199999,204.48120800,7,6414.00,179.57513500,0
2026-09-01 04:00:00,0.028079,0.028079,0.028079,0.028079,0.00,1788249599999,0.00000000,0,0.00,0.00000000,0
2026-09-01 08:00:00,0.028079,0.028079,0.028079,0.028079,0.00,1788263999999,0.00000000,0,0.00,0.00000000,0
2026-09-01 12:00:00,0.028565,0.028566,0.028198,0.02834,3309.00,1788278399999,94.16140600,7,3309.00,94.16140600,0
2026-09-01 16:00:00,0.02814,0.028292,0.02814,0.028292,2505.00,1788292799999,70.82365000,4,2505.00,70.82365000,0
2026-09-01 20:00:00,0.028623,0.029965,0.027314,0.028638,27838.00,1788307199999,801.27831500,19,23410.00,678.73702300,0
2026-09-02 00:00:00,0.028636,0.028636,0.028636,0.028636,500.00,1788321599999,14.31800000,1,500.00,14.31800000,0
2026-09-02 04:00:00,0.027278,0.027278,0.027278,0.027278,201.00,1788335999999,5.48287800,1,0.00,0.00000000,0
2026-09-02 08:00:00,0.027101,0.027101,0.027101,0.027101,1952.00,1788350399999,52.90115200,1,0.00,0.00000000,0
2026-09-02 12:00:00,0.029087,0.02934,0.027315,0.02934,2660.00,1788364799999,73.91377600,4,684.00,19.93851800,0
2026-09-02 16:00:00,0.02733,0.02964,0.02733,0.0296,1180.00,1788379199999,33.78374000,3,670.00,19.84544000,0
2026-09-02 20:00:00,0.029891,0.030215,0.029055,0.029055,4779.00,1788393599999,140.97706300,8,4779.00,140.97706300,0
2026-09-03 00:00:00,0.029,0.029001,0.029,0.029001,1204.00,1788407999999,34.91708200,2,1204.00,34.91708200,0
2026-09-03 04:00:00,0.029001,0.029001,0.029001,0.029001,0.00,1788422399999,0.00000000,0,0.00,0.00000000,0
2026-09-03 08:00:00,0.029041,0.029042,0.029041,0.029042,104.00,1788436799999,3.02031900,2,104.00,3.02031900,0
2026-09-03 12:00:00,0.029041,0.029041,0.027293,0.02775,79791.00,1788451199999,2208.65119600,28,50845.00,1408.17953500,0
2026-09-03 16:00:00,0.02775,0.028965,0.027098,0.02779,126146.00,1788465599999,3479.46794200,43,105671.00,2924.63639200,0
2026-09-03 20:00:00,0.028945,0.028945,0.02887,0.02887,7606.00,1788479999999,219.88891500,4,7606.00,219.88891500,0
2026-09-04 00:00:00,0.028732,0.028939,0.027169,0.02874,12455.00,1788494399999,358.50918900,10,12208.00,351.79844600,0
2026-09-04 04:00:00,0.028977,0.028977,0.027435,0.027435,101483.00,1788508799999,2811.03820200,38,101483.00,2811.03820200,0
2026-09-04 08:00:00,0.027153,0.028189,0.027153,0.028189,155.00,1788523199999,4.31956700,2,107.00,3.01622300,0
2026-09-04 12:00:00,0.028189,0.028999,0.027123,0.028886,9517.00,1788537599999,272.58800500,8,8643.00,248.88250300,0
2026-09-04 16:00:00,0.028886,0.028886,0.028886,0.028886,0.00,1788551999999,0.00000000,0,0.00,0.00000000,0
2026-09-04 20:00:00,0.028742,0.028852,0.028742,0.028841,7018.00,1788566399999,202.43375900,3,7018.00,202.43375900,0
2026-09-05 00:00:00,0.028751,0.028857,0.02762,0.028857,6218.00,1788580799999,178.94794700,4,6111.00,175.99260700,0
2026-09-05 04:00:00,0.028627,0.028627,0.028621,0.028621,1988.00,1788595199999,56.90378600,2,1988.00,56.90378600,0
2026-09-05 08:00:00,0.028884,0.028884,0.028884,0.028884,105.00,1788609599999,3.03282000,1,105.00,3.03282000,0
2026-09-05 12:00:00,0.028871,0.028871,0.028871,0.028871,518.00,1788623999999,14.95517800,1,518.00,14.95517800,0
2026-09-05 16:00:00,0.028855,0.028855,0.028721,0.028721,5247.00,1788638399999,151.26344600,4,5247.00,151.26344600,0
2026-09-05 20:00:00,0.028721,0.028721,0.028721,0.028721,0.00,1788652799999,0.00000000,0,0.00,0.00000000,0
2026-09-06 00:00:00,0.028735,0.028773,0.028641,0.028773,5348.00,1788667199999,153.30076800,4,1979.00,56.80923900,0
2026-09-06 04:00:00,0.028753,0.028753,0.028753,0.028753,104.00,1788681599999,2.99031200,1,104.00,2.99031200,0
2026-09-06 08:00:00,0.02882,0.02882,0.028724,0.028724,904.00,1788695999999,25.98665600,2,904.00,25.98665600,0
2026-09-06 12:00:00,0.028724,0.028724,0.028724,0.028724,0.00,1788710399999,0.00000000,0,0.00,0.00000000,0
2026-09-06 16:00:00,0.028819,0.028839,0.027141,0.027141,13821.00,1788724799999,387.22994600,6,7059.00,203.49068600,0
2026-09-06 20:00:00,0.028871,0.028871,0.028811,0.028811,3633.00,1788739199999,104.68068300,2,3633.00,104.68068300,0
2026-09-07 00:00:00,0.028872,0.028872,0.028633,0.028633,1319.00,1788753599999,37.97963700,2,1319.00,37.97963700,0
2026-09-07 04:00:00,0.0289,0.0289,0.0289,0.0289,5768.00,1788767999999,166.69520000,1,5768.00,166.69520000,0
2026-09-07 08:00:00,0.029996,0.029996,0.028419,0.029833,1049.00,1788782399999,31.11381800,4,908.00,27.10673900,0
2026-09-07 12:00:00,0.029808,0.030359,0.029808,0.030359,4036.00,1788796799999,120.68527800,2,4036.00,120.68527800,0
2026-09-07 16:00:00,0.030376,0.030645,0.028623,0.02983,12640.00,1788811199999,381.74759000,9,12440.00,376.02299000,0
2026-09-07 20:00:00,0.029804,0.03053,0.029708,0.030407,20816.00,1788825599999,630.76376200,9,20816.00,630.76376200,0
2026-09-08 00:00:00,0.030592,0.030996,0.030592,0.030966,28966.00,1788839999999,889.01887400,15,12539.00,386.30339300,0
2026-09-08 04:00:00,0.029778,0.029779,0.029778,0.029779,3351.00,1788854399999,99.78937300,3,3351.00,99.78937300,0
2026-09-08 08:00:00,0.028666,0.029686,0.02857,0.02857,66592.00,1788868799999,1902.96918000,23,103.00,3.05765800,0
2026-09-08 12:00:00,0.029829,0.032,0.0285,0.0285,92150.00,1788883199999,2656.80425800,40,24460.00,722.90095800,0
2026-09-08 16:00:00,0.0285,0.030038,0.0285,0.029818,24125.00,1788897599999,705.72812500,13,23746.00,694.90484700,0
2026-09-08 20:00:00,0.029591,0.02971,0.029217,0.029704,32860.00,1788911999999,965.22648400,20,32860.00,965.22648400,0
2026-09-09 00:00:00,0.02886,0.031999,0.02886,0.031406,75341.00,1788926399999,2294.50871300,42,75267.00,2292.37307300,0
2026-09-09 04:00:00,0.027145,0.027145,0.027145,0.027145,1108.00,1788940799999,30.07666000,1,0.00,0.00000000,0
2026-09-09 08:00:00,0.027217,0.027217,0.027217,0.027217,415.00,1788955199999,11.29505500,1,0.00,0.00000000,0
2026-09-09 12:00:00,0.029875,0.029876,0.029702,0.029742,4631.00,1788969599999,138.20737800,7,4631.00,138.20737800,0
2026-09-09 16:00:00,0.027191,0.029735,0.027166,0.029731,16346.00,1788983999999,459.48255000,16,5948.00,176.63205200,0
2026-09-09 20:00:00,0.029698,0.029744,0.029686,0.029744,13995.00,1788998399999,415.79415200,12,13995.00,415.79415200,0
2026-09-10 00:00:00,0.029739,0.029739,0.029739,0.029739,1677.00,1789012799999,49.87230300,1,1677.00,49.87230300,0
2026-09-10 04:00:00,0.029723,0.029723,0.029723,0.029723,336.00,1789027199999,9.98692800,1,336.00,9.98692800,0
2026-09-10 08:00:00,0.029654,0.029721,0.029654,0.029721,609.00,1789041599999,18.06671000,3,609.00,18.06671000,0
2026-09-10 12:00:00,0.029741,0.029742,0.027158,0.0282,4382.00,1789055999999,127.99364200,7,3674.00,108.76475200,0
2026-09-10 16:00:00,0.02822,0.031404,0.02822,0.031404,4625.00,1789070399999,135.29209300,13,4625.00,135.29209300,0
2026-09-10 20:00:00,0.028251,0.030496,0.028251,0.030496,10094.00,1789084799999,307.39781200,8,10094.00,307.39781200,0
2026-09-11 00:00:00,0.030488,0.030488,0.03044,0.03044,426.00,1789099199999,12.98558400,2,426.00,12.98558400,0
2026-09-11 04:00:00,0.030405,0.030405,0.030405,0.030405,394.00,1789113599999,11.97957000,1,394.00,11.97957000,0
2026-09-11 08:00:00,0.03034,0.03034,0.03034,0.03034,102.00,1789127999999,3.09468000,1,102.00,3.09468000,0
2026-09-11 12:00:00,0.03029,0.03029,0.030286,0.030286,658.00,1789142399999,19.92884400,2,658.00,19.92884400,0
